x-axis,1,2,3
second,Volt,Volt,Volt
-2.470000E-03,,,
-2.467500E-03,+573.387755E-03,+573.115570E-03,+583.438028E-03
-2.465000E-03,+571.293953E-03,+589.761299E-03,+577.889452E-03
-2.462500E-03,+580.297303E-03,+593.216073E-03,+597.989954E-03
-2.460000E-03,+586.578710E-03,+573.115570E-03,+595.268011E-03
-2.457500E-03,+587.939681E-03,+583.479892E-03,+567.525130E-03
-2.455000E-03,+606.574522E-03,+591.750411E-03,+577.889452E-03
-2.452500E-03,+579.669162E-03,+581.386090E-03,+589.719435E-03
-2.450000E-03,+582.286415E-03,+575.942204E-03,+560.615583E-03
-2.447500E-03,+581.762965E-03,+587.039356E-03,+577.889452E-03
-2.445000E-03,+562.918744E-03,+557.935504E-03,+582.809887E-03
-2.442500E-03,+571.922094E-03,+577.198485E-03,+573.806537E-03
-2.440000E-03,+574.853417E-03,+606.302337E-03,+577.889452E-03
-2.437500E-03,+587.939681E-03,+593.216073E-03,+561.767174E-03
-2.435000E-03,+576.947219E-03,+573.115570E-03,+557.788949E-03
-2.432500E-03,+587.939681E-03,+593.216073E-03,+557.893640E-03
-2.430000E-03,+587.939681E-03,+582.014230E-03,+597.989954E-03
-2.427500E-03,+585.741189E-03,+573.115570E-03,+577.889452E-03
-2.425000E-03,+587.939681E-03,+579.920428E-03,+571.084594E-03
-2.422500E-03,+587.939681E-03,+581.700160E-03,+582.181747E-03
-2.420000E-03,+572.550234E-03,+583.793962E-03,+573.178397E-03
-2.417500E-03,+574.225276E-03,+565.787262E-03,+585.217760E-03
-2.415000E-03,+585.322429E-03,+590.598820E-03,+592.755448E-03
-2.412500E-03,+616.520083E-03,+564.635671E-03,+594.849251E-03
-2.410000E-03,+567.839179E-03,+592.692622E-03,+596.943053E-03
-2.407500E-03,+577.365980E-03,+582.642371E-03,+577.889452E-03
-2.405000E-03,+587.939681E-03,+574.685922E-03,+577.889452E-03
-2.402500E-03,+620.707688E-03,+560.448066E-03,+570.456454E-03
-2.400000E-03,+584.275527E-03,+589.551919E-03,+574.225298E-03
-2.397500E-03,+573.178375E-03,+578.454766E-03,+577.889452E-03
-2.395000E-03,+602.282227E-03,+607.558619E-03,+572.131495E-03
-2.392500E-03,+604.794790E-03,+610.071181E-03,+581.134845E-03
-2.390000E-03,+603.643199E-03,+573.115570E-03,+585.741210E-03
-2.387500E-03,+586.788090E-03,+593.216073E-03,+577.889452E-03
-2.385000E-03,+577.994120E-03,+583.270512E-03,+587.835013E-03
-2.382500E-03,+568.781390E-03,+573.115570E-03,+577.889452E-03
-2.380000E-03,+579.878543E-03,+585.154934E-03,+577.889452E-03
-2.377500E-03,+587.939681E-03,+573.115570E-03,+594.953941E-03
-2.375000E-03,+573.806516E-03,+595.414565E-03,+592.022617E-03
-2.372500E-03,+582.809866E-03,+578.245386E-03,+577.889452E-03
-2.370000E-03,+587.939681E-03,+573.115570E-03,+597.989954E-03
-2.367500E-03,+587.939681E-03,+567.462304E-03,+577.889452E-03
-2.365000E-03,+604.480720E-03,+574.895302E-03,+561.348413E-03
-2.362500E-03,+566.373518E-03,+582.432991E-03,+587.206872E-03
-2.360000E-03,+567.839179E-03,+592.902002E-03,+577.889452E-03
-2.357500E-03,+576.528459E-03,+584.526793E-03,+577.889452E-03
-2.355000E-03,+590.347554E-03,+557.830814E-03,+580.297324E-03
-2.352500E-03,+554.334154E-03,+600.125620E-03,+577.889452E-03
-2.350000E-03,+603.538509E-03,+588.714398E-03,+562.290624E-03
-2.347500E-03,+587.939681E-03,+588.714398E-03,+577.889452E-03
-2.345000E-03,+587.939681E-03,+566.520093E-03,+557.788949E-03
-2.342500E-03,+603.224438E-03,+610.908702E-03,+595.582081E-03
-2.340000E-03,+587.939681E-03,+581.804850E-03,+569.200172E-03
-2.337500E-03,+567.839179E-03,+592.587932E-03,+577.889452E-03
-2.335000E-03,+587.939681E-03,+563.798150E-03,+588.672534E-03
-2.332500E-03,+569.618911E-03,+591.436341E-03,+561.348413E-03
-2.330000E-03,+593.592948E-03,+573.115570E-03,+583.542718E-03
-2.327500E-03,+575.586248E-03,+573.115570E-03,+565.536018E-03
-2.325000E-03,+572.968995E-03,+558.144884E-03,+577.889452E-03
-2.322500E-03,+587.939681E-03,+567.148234E-03,+571.922115E-03
-2.320000E-03,+564.803166E-03,+576.151584E-03,+560.824963E-03
-2.317500E-03,+579.878543E-03,+581.176709E-03,+577.889452E-03
-2.315000E-03,+568.781390E-03,+593.216073E-03,+577.889452E-03
-2.312500E-03,+577.784740E-03,+593.216073E-03,+577.889452E-03
-2.310000E-03,+606.888593E-03,+592.064481E-03,+595.686772E-03
-2.307500E-03,+572.236164E-03,+593.216073E-03,+577.889452E-03
-2.305000E-03,+587.939681E-03,+573.115570E-03,+561.034343E-03
-2.302500E-03,+582.181725E-03,+573.115570E-03,+577.889452E-03
-2.300000E-03,+602.700988E-03,+573.115570E-03,+597.989954E-03
-2.297500E-03,+587.939681E-03,+593.216073E-03,+565.117258E-03
-2.295000E-03,+587.939681E-03,+573.115570E-03,+590.556956E-03
-2.292500E-03,+586.369330E-03,+573.115570E-03,+577.889452E-03
-2.290000E-03,+587.939681E-03,+592.169172E-03,+577.889452E-03
-2.287500E-03,+567.839179E-03,+573.115570E-03,+597.989954E-03
-2.285000E-03,+564.698476E-03,+573.115570E-03,+566.268849E-03
-2.282500E-03,+590.556934E-03,+555.632321E-03,+575.272199E-03
-2.280000E-03,+587.939681E-03,+586.829976E-03,+577.889452E-03
-2.277500E-03,+572.550234E-03,+573.115570E-03,+573.178397E-03
-2.275000E-03,+556.323266E-03,+584.631483E-03,+553.496655E-03
-2.272500E-03,+587.939681E-03,+586.411215E-03,+597.989954E-03
-2.270000E-03,+605.841691E-03,+573.115570E-03,+577.889452E-03
-2.267500E-03,+558.940519E-03,+593.216073E-03,+577.889452E-03
-2.265000E-03,+568.153250E-03,+573.220261E-03,+597.989954E-03
-2.262500E-03,+576.947219E-03,+564.007530E-03,+588.881914E-03
-2.260000E-03,+585.950569E-03,+573.115570E-03,+577.889452E-03
-2.257500E-03,+574.853417E-03,+580.129808E-03,+577.889452E-03
-2.255000E-03,+587.939681E-03,+577.198485E-03,+593.907040E-03
-2.252500E-03,+572.759615E-03,+573.115570E-03,+593.069519E-03
-2.250000E-03,+574.015896E-03,+593.216073E-03,+577.889452E-03
-2.247500E-03,+553.391943E-03,+593.216073E-03,+560.615583E-03
-2.245000E-03,+587.939681E-03,+564.845051E-03,+566.059469E-03
-2.242500E-03,+567.839179E-03,+573.115570E-03,+578.622283E-03
-2.240000E-03,+597.675862E-03,+573.743711E-03,+568.153271E-03
-2.237500E-03,+603.957269E-03,+591.855101E-03,+559.149921E-03
-2.235000E-03,+600.397805E-03,+585.573694E-03,+585.531830E-03
-2.232500E-03,+574.748727E-03,+573.115570E-03,+561.243723E-03
-2.230000E-03,+573.387755E-03,+573.115570E-03,+572.340876E-03
-2.227500E-03,+587.939681E-03,+607.767999E-03,+572.340876E-03
-2.225000E-03,+567.839179E-03,+589.761299E-03,+561.243723E-03
-2.222500E-03,+575.481558E-03,+580.757949E-03,+570.247073E-03
-2.220000E-03,+569.200151E-03,+593.216073E-03,+579.250423E-03
-2.217500E-03,+567.839179E-03,+582.851751E-03,+588.253773E-03
-2.215000E-03,+606.574522E-03,+593.216073E-03,+577.889452E-03
-2.212500E-03,+587.939681E-03,+564.845051E-03,+589.719435E-03
-2.210000E-03,+585.113048E-03,+590.389440E-03,+577.889452E-03
-2.207500E-03,+601.863467E-03,+593.216073E-03,+591.813237E-03
-2.205000E-03,+587.939681E-03,+573.115570E-03,+588.149083E-03
-2.202500E-03,+576.005008E-03,+593.216073E-03,+593.907040E-03
-2.200000E-03,+594.953919E-03,+573.115570E-03,+571.817425E-03
-2.197500E-03,+585.950569E-03,+575.104683E-03,+579.878564E-03
-2.195000E-03,+587.939681E-03,+591.331651E-03,+576.005030E-03
-2.192500E-03,+567.839179E-03,+553.119758E-03,+577.994142E-03
-2.190000E-03,+587.939681E-03,+582.014230E-03,+586.788112E-03
-2.187500E-03,+572.236164E-03,+570.917078E-03,+559.987442E-03
-2.185000E-03,+587.939681E-03,+566.310713E-03,+584.380239E-03
-2.182500E-03,+599.455594E-03,+577.407865E-03,+597.989954E-03
-2.180000E-03,+567.839179E-03,+573.115570E-03,+567.211060E-03
-2.177500E-03,+581.553584E-03,+573.115570E-03,+557.788949E-03
-2.175000E-03,+585.322429E-03,+553.015068E-03,+557.788949E-03
-2.172500E-03,+599.560284E-03,+573.115570E-03,+569.409552E-03
-2.170000E-03,+587.939681E-03,+592.692622E-03,+597.989954E-03
-2.167500E-03,+577.365980E-03,+583.689272E-03,+568.362651E-03
-2.165000E-03,+567.839179E-03,+591.645721E-03,+577.889452E-03
-2.162500E-03,+587.939681E-03,+585.783075E-03,+570.456454E-03
-2.160000E-03,+584.275527E-03,+573.115570E-03,+581.553606E-03
-2.157500E-03,+597.361792E-03,+593.216073E-03,+557.788949E-03
-2.155000E-03,+573.597136E-03,+593.216073E-03,+572.131495E-03
-2.152500E-03,+587.939681E-03,+576.360964E-03,+564.279737E-03
-2.150000E-03,+567.839179E-03,+580.967329E-03,+590.138195E-03
-2.147500E-03,+568.990770E-03,+573.115570E-03,+579.041043E-03
-2.145000E-03,+557.893618E-03,+583.270512E-03,+577.889452E-03
-2.142500E-03,+568.781390E-03,+594.158284E-03,+598.932165E-03
-2.140000E-03,+579.878543E-03,+569.137346E-03,+577.889452E-03
-2.137500E-03,+587.939681E-03,+573.115570E-03,+591.917927E-03
-2.135000E-03,+602.072847E-03,+573.115570E-03,+577.889452E-03
-2.132500E-03,+582.809866E-03,+578.245386E-03,+587.730323E-03
-2.130000E-03,+571.712713E-03,+593.216073E-03,+561.662484E-03
-2.127500E-03,+587.939681E-03,+580.339188E-03,+577.889452E-03
-2.125000E-03,+532.977371E-03,+571.335838E-03,+559.568681E-03
-2.122500E-03,+586.474020E-03,+582.432991E-03,+597.989954E-03
-2.120000E-03,+567.839179E-03,+553.329139E-03,+558.103020E-03
-2.117500E-03,+547.738677E-03,+584.526793E-03,+575.167509E-03
-2.115000E-03,+585.531809E-03,+573.115570E-03,+562.604695E-03
-2.112500E-03,+587.939681E-03,+586.620595E-03,+604.585431E-03
-2.110000E-03,+567.839179E-03,+568.613895E-03,+566.792299E-03
-2.107500E-03,+587.939681E-03,+577.617245E-03,+577.889452E-03
-2.105000E-03,+587.939681E-03,+573.115570E-03,+584.484929E-03
-2.102500E-03,+567.839179E-03,+557.830814E-03,+577.889452E-03
-2.100000E-03,+576.528459E-03,+573.115570E-03,+597.989954E-03
-2.097500E-03,+588.253752E-03,+572.801500E-03,+577.889452E-03
-2.095000E-03,+587.939681E-03,+563.798150E-03,+557.788949E-03
-2.092500E-03,+586.159950E-03,+573.115570E-03,+559.568681E-03
-2.090000E-03,+567.839179E-03,+580.339188E-03,+557.788949E-03
-2.087500E-03,+575.586248E-03,+573.115570E-03,+561.662484E-03
-2.085000E-03,+552.868493E-03,+573.115570E-03,+592.860138E-03
-2.082500E-03,+590.138174E-03,+558.982405E-03,+586.055281E-03
-2.080000E-03,+587.939681E-03,+576.151584E-03,+574.853438E-03
-2.077500E-03,+579.878543E-03,+577.093795E-03,+589.928815E-03
-2.075000E-03,+587.939681E-03,+573.115570E-03,+559.673372E-03
-2.072500E-03,+577.784740E-03,+583.061132E-03,+587.835013E-03
-2.070000E-03,+568.990770E-03,+593.216073E-03,+597.989954E-03
-2.067500E-03,+587.939681E-03,+580.967329E-03,+565.640708E-03
-2.065000E-03,+587.939681E-03,+569.870177E-03,+574.644058E-03
-2.062500E-03,+593.697638E-03,+593.216073E-03,+577.889452E-03
-2.060000E-03,+613.379380E-03,+593.216073E-03,+573.806537E-03
-2.057500E-03,+567.839179E-03,+576.779725E-03,+565.117258E-03
-2.055000E-03,+575.272177E-03,+560.448066E-03,+585.322450E-03
-2.052500E-03,+587.939681E-03,+573.115570E-03,+614.949753E-03
-2.050000E-03,+587.939681E-03,+573.115570E-03,+588.463153E-03
-2.047500E-03,+587.939681E-03,+592.692622E-03,+577.889452E-03
-2.045000E-03,+579.459782E-03,+593.216073E-03,+577.889452E-03
-2.042500E-03,+573.073685E-03,+575.732823E-03,+575.272199E-03
-2.040000E-03,+587.939681E-03,+573.115570E-03,+584.275549E-03
-2.037500E-03,+583.228626E-03,+547.047732E-03,+562.500005E-03
-2.035000E-03,+567.839179E-03,+593.216073E-03,+562.081244E-03
-2.032500E-03,+594.430469E-03,+586.411215E-03,+557.788949E-03
-2.030000E-03,+585.741189E-03,+591.017580E-03,+582.286437E-03
-2.027500E-03,+599.141524E-03,+584.317413E-03,+560.092132E-03
-2.025000E-03,+587.939681E-03,+573.115570E-03,+597.885264E-03
-2.022500E-03,+608.040184E-03,+571.231148E-03,+576.005030E-03
-2.020000E-03,+585.950569E-03,+591.226961E-03,+594.011730E-03
-2.017500E-03,+554.752915E-03,+566.101333E-03,+590.975716E-03
-2.015000E-03,+587.939681E-03,+577.198485E-03,+561.871864E-03
-2.012500E-03,+587.939681E-03,+568.195135E-03,+593.069519E-03
-2.010000E-03,+567.839179E-03,+599.392790E-03,+577.889452E-03
-2.007500E-03,+573.492445E-03,+573.115570E-03,+563.442216E-03
-2.005000E-03,+587.939681E-03,+573.115570E-03,+577.889452E-03
-2.002500E-03,+587.939681E-03,+592.483242E-03,+578.622283E-03
-2.000000E-03,+578.203501E-03,+583.479892E-03,+557.788949E-03
-1.997500E-03,+567.839179E-03,+574.476542E-03,+560.510892E-03
-1.995000E-03,+567.839179E-03,+585.573694E-03,+565.431328E-03
-1.992500E-03,+584.484908E-03,+589.761299E-03,+594.535180E-03
-1.990000E-03,+582.391105E-03,+558.563644E-03,+577.889452E-03
-1.987500E-03,+567.839179E-03,+587.667497E-03,+583.438028E-03
-1.985000E-03,+587.939681E-03,+573.115570E-03,+561.243723E-03
-1.982500E-03,+567.839179E-03,+585.573694E-03,+573.073706E-03
-1.980000E-03,+587.939681E-03,+611.955604E-03,+595.268011E-03
-1.977500E-03,+588.567822E-03,+563.379390E-03,+577.889452E-03
-1.975000E-03,+586.474020E-03,+573.115570E-03,+539.154109E-03
-1.972500E-03,+556.009196E-03,+561.285587E-03,+557.788949E-03
-1.970000E-03,+587.939681E-03,+575.942204E-03,+577.889452E-03
-1.967500E-03,+581.762965E-03,+585.469004E-03,+577.889452E-03
-1.965000E-03,+587.939681E-03,+557.935504E-03,+572.969016E-03
-1.962500E-03,+567.839179E-03,+581.281400E-03,+573.806537E-03
-1.960000E-03,+580.925444E-03,+560.029306E-03,+583.961479E-03
-1.957500E-03,+585.950569E-03,+591.226961E-03,+559.778062E-03
-1.955000E-03,+587.939681E-03,+580.339188E-03,+588.881914E-03
-1.952500E-03,+547.843367E-03,+573.115570E-03,+597.885264E-03
-1.950000E-03,+587.939681E-03,+582.014230E-03,+575.586269E-03
-1.947500E-03,+603.643199E-03,+557.412053E-03,+597.989954E-03
-1.945000E-03,+554.543534E-03,+573.115570E-03,+577.889452E-03
-1.942500E-03,+567.839179E-03,+593.216073E-03,+557.788949E-03
-1.940000E-03,+567.839179E-03,+573.115570E-03,+582.600507E-03
-1.937500E-03,+581.553584E-03,+600.544381E-03,+571.503355E-03
-1.935000E-03,+602.805678E-03,+590.598820E-03,+595.372701E-03
-1.932500E-03,+587.939681E-03,+573.115570E-03,+592.650758E-03
-1.930000E-03,+627.093785E-03,+554.061969E-03,+558.312400E-03
-1.927500E-03,+586.892780E-03,+572.068669E-03,+556.742048E-03
-1.925000E-03,+587.939681E-03,+574.685922E-03,+577.889452E-03
-1.922500E-03,+595.372680E-03,+573.115570E-03,+583.123958E-03
-1.920000E-03,+571.503333E-03,+573.115570E-03,+581.553606E-03
-1.917500E-03,+567.839179E-03,+553.015068E-03,+577.889452E-03
-1.915000E-03,+562.081223E-03,+567.357614E-03,+577.889452E-03
-1.912500E-03,+584.694288E-03,+586.725286E-03,+561.034343E-03
-1.910000E-03,+567.839179E-03,+573.115570E-03,+553.391965E-03
-1.907500E-03,+568.990770E-03,+573.115570E-03,+556.637358E-03
-1.905000E-03,+587.939681E-03,+573.324951E-03,+587.835013E-03
-1.902500E-03,+567.839179E-03,+593.216073E-03,+558.731160E-03
-1.900000E-03,+575.900318E-03,+569.137346E-03,+577.889452E-03
-1.897500E-03,+570.875193E-03,+593.216073E-03,+577.889452E-03
-1.895000E-03,+587.939681E-03,+553.015068E-03,+583.856788E-03
-1.892500E-03,+572.968995E-03,+593.216073E-03,+592.860138E-03
-1.890000E-03,+567.839179E-03,+576.989105E-03,+565.536018E-03
-1.887500E-03,+587.939681E-03,+580.339188E-03,+552.135683E-03
-1.885000E-03,+587.939681E-03,+554.794800E-03,+559.568681E-03
-1.882500E-03,+578.622261E-03,+582.432991E-03,+568.572031E-03
-1.880000E-03,+587.625611E-03,+593.216073E-03,+597.675884E-03
-1.877500E-03,+579.250402E-03,+593.216073E-03,+589.300674E-03
-1.875000E-03,+570.247052E-03,+588.400327E-03,+597.989954E-03
-1.872500E-03,+561.243702E-03,+566.206023E-03,+577.889452E-03
-1.870000E-03,+572.340854E-03,+584.212723E-03,+557.788949E-03
-1.867500E-03,+592.441356E-03,+573.115570E-03,+573.387777E-03
-1.865000E-03,+587.939681E-03,+586.620595E-03,+577.889452E-03
-1.862500E-03,+570.247052E-03,+573.115570E-03,+595.582081E-03
-1.860000E-03,+579.250402E-03,+593.216073E-03,+577.889452E-03
-1.857500E-03,+587.939681E-03,+592.587932E-03,+558.103020E-03
-1.855000E-03,+578.622261E-03,+583.898652E-03,+588.672534E-03
-1.852500E-03,+569.618911E-03,+589.656609E-03,+596.210222E-03
-1.850000E-03,+573.492445E-03,+593.216073E-03,+590.766336E-03
-1.847500E-03,+604.166649E-03,+573.115570E-03,+594.116420E-03
-1.845000E-03,+582.809866E-03,+567.985755E-03,+572.759636E-03
-1.842500E-03,+587.939681E-03,+558.982405E-03,+577.889452E-03
-1.840000E-03,+587.939681E-03,+593.216073E-03,+574.853438E-03
-1.837500E-03,+587.939681E-03,+585.154934E-03,+557.788949E-03
-1.835000E-03,+568.781390E-03,+573.115570E-03,+596.105532E-03
-1.832500E-03,+567.839179E-03,+563.170009E-03,+578.098832E-03
-1.830000E-03,+587.939681E-03,+571.963979E-03,+577.889452E-03
-1.827500E-03,+587.939681E-03,+577.512555E-03,+570.037693E-03
-1.825000E-03,+587.939681E-03,+576.360964E-03,+591.499167E-03
-1.822500E-03,+567.839179E-03,+587.458116E-03,+577.889452E-03
-1.820000E-03,+582.600486E-03,+573.115570E-03,+567.211060E-03
-1.817500E-03,+571.503333E-03,+573.115570E-03,+581.553606E-03
-1.815000E-03,+580.506683E-03,+593.216073E-03,+590.556956E-03
-1.812500E-03,+604.899480E-03,+573.115570E-03,+577.889452E-03
-1.810000E-03,+567.839179E-03,+582.642371E-03,+587.416252E-03
-1.807500E-03,+587.939681E-03,+573.639021E-03,+577.366001E-03
-1.805000E-03,+576.319079E-03,+584.736173E-03,+589.510055E-03
-1.802500E-03,+582.705176E-03,+587.981567E-03,+557.788949E-03
-1.800000E-03,+581.553584E-03,+566.729473E-03,+570.561144E-03
-1.797500E-03,+552.449732E-03,+567.148234E-03,+557.788949E-03
-1.795000E-03,+592.231976E-03,+573.115570E-03,+573.597157E-03
-1.792500E-03,+587.939681E-03,+579.920428E-03,+571.398665E-03
-1.790000E-03,+552.135662E-03,+573.115570E-03,+597.989954E-03
-1.787500E-03,+590.242864E-03,+575.418753E-03,+566.687609E-03
-1.785000E-03,+587.834991E-03,+573.115570E-03,+557.893640E-03
-1.782500E-03,+576.947219E-03,+593.216073E-03,+557.788949E-03
-1.780000E-03,+587.939681E-03,+573.115570E-03,+579.878564E-03
-1.777500E-03,+581.867655E-03,+573.115570E-03,+564.803187E-03
-1.775000E-03,+567.839179E-03,+561.180897E-03,+597.989954E-03
-1.772500E-03,+572.759615E-03,+588.295637E-03,+562.709385E-03
-1.770000E-03,+574.015896E-03,+559.191785E-03,+571.712735E-03
-1.767500E-03,+587.939681E-03,+587.562806E-03,+577.889452E-03
-1.765000E-03,+576.109698E-03,+593.216073E-03,+577.889452E-03
-1.762500E-03,+568.572010E-03,+593.216073E-03,+558.521780E-03
-1.760000E-03,+598.304003E-03,+572.487430E-03,+577.889452E-03
-1.757500E-03,+587.939681E-03,+557.097983E-03,+576.528480E-03
-1.755000E-03,+575.481558E-03,+573.115570E-03,+577.889452E-03
-1.752500E-03,+571.293953E-03,+569.660797E-03,+564.698497E-03
-1.750000E-03,+567.839179E-03,+573.115570E-03,+548.785599E-03
-1.747500E-03,+573.387755E-03,+573.115570E-03,+588.986604E-03
-1.745000E-03,+571.293953E-03,+573.115570E-03,+597.989954E-03
-1.742500E-03,+587.939681E-03,+573.115570E-03,+585.531830E-03
-1.740000E-03,+587.939681E-03,+573.115570E-03,+577.889452E-03
-1.737500E-03,+607.412043E-03,+572.487430E-03,+577.889452E-03
-1.735000E-03,+567.839179E-03,+554.480730E-03,+558.521780E-03
-1.732500E-03,+579.669162E-03,+581.386090E-03,+577.889452E-03
-1.730000E-03,+585.113048E-03,+573.115570E-03,+575.062819E-03
-1.727500E-03,+574.015896E-03,+573.115570E-03,+584.066169E-03
-1.725000E-03,+583.019246E-03,+573.115570E-03,+577.889452E-03
-1.722500E-03,+563.756265E-03,+561.180897E-03,+581.972366E-03
-1.720000E-03,+560.824941E-03,+580.129808E-03,+577.889452E-03
-1.717500E-03,+587.939681E-03,+591.226961E-03,+575.900340E-03
-1.715000E-03,+567.839179E-03,+584.108033E-03,+566.896990E-03
-1.712500E-03,+588.044372E-03,+573.115570E-03,+577.994142E-03
-1.710000E-03,+599.141524E-03,+584.317413E-03,+557.788949E-03
-1.707500E-03,+572.236164E-03,+573.115570E-03,+559.987442E-03
-1.705000E-03,+567.839179E-03,+559.819926E-03,+577.889452E-03
-1.702500E-03,+603.747889E-03,+557.307363E-03,+577.889452E-03
-1.700000E-03,+587.939681E-03,+573.115570E-03,+577.889452E-03
-1.697500E-03,+581.553584E-03,+586.829976E-03,+585.217760E-03
-1.695000E-03,+573.073685E-03,+573.115570E-03,+595.372701E-03
-1.692500E-03,+579.459782E-03,+584.736173E-03,+563.128145E-03
-1.690000E-03,+586.892780E-03,+573.639021E-03,+578.412902E-03
-1.687500E-03,+577.365980E-03,+583.689272E-03,+587.416252E-03
-1.685000E-03,+587.939681E-03,+591.645721E-03,+596.419602E-03
-1.682500E-03,+580.506683E-03,+585.783075E-03,+570.456454E-03
-1.680000E-03,+571.503333E-03,+589.551919E-03,+581.553606E-03
-1.677500E-03,+593.278877E-03,+563.693460E-03,+563.128145E-03
-1.675000E-03,+573.597136E-03,+587.458116E-03,+583.647408E-03
-1.672500E-03,+587.939681E-03,+596.461466E-03,+574.644058E-03
-1.670000E-03,+587.939681E-03,+560.866827E-03,+549.937191E-03
-1.667500E-03,+567.839179E-03,+573.115570E-03,+576.737860E-03
-1.665000E-03,+598.094623E-03,+583.270512E-03,+577.889452E-03
-1.662500E-03,+607.097973E-03,+592.273862E-03,+558.731160E-03
-1.660000E-03,+592.022596E-03,+585.154934E-03,+569.828313E-03
-1.657500E-03,+570.875193E-03,+590.180059E-03,+546.796487E-03
-1.655000E-03,+567.839179E-03,+581.281400E-03,+543.655784E-03
-1.652500E-03,+578.098811E-03,+567.985755E-03,+572.759636E-03
-1.650000E-03,+555.485746E-03,+585.469004E-03,+594.116420E-03
-1.647500E-03,+567.839179E-03,+585.992455E-03,+590.766336E-03
-1.645000E-03,+586.159950E-03,+573.115570E-03,+541.247911E-03
-1.642500E-03,+578.622261E-03,+573.115570E-03,+567.106370E-03
-1.640000E-03,+567.839179E-03,+573.115570E-03,+557.474879E-03
-1.637500E-03,+587.939681E-03,+593.216073E-03,+577.889452E-03
-1.635000E-03,+570.247052E-03,+575.523443E-03,+577.889452E-03
-1.632500E-03,+574.434657E-03,+566.520093E-03,+577.889452E-03
-1.630000E-03,+587.939681E-03,+604.313225E-03,+604.585431E-03
-1.627500E-03,+592.441356E-03,+593.216073E-03,+597.989954E-03
-1.625000E-03,+567.839179E-03,+586.306525E-03,+577.889452E-03
-1.622500E-03,+587.939681E-03,+560.238686E-03,+615.682584E-03
-1.620000E-03,+567.839179E-03,+593.216073E-03,+580.611395E-03
-1.617500E-03,+587.939681E-03,+573.115570E-03,+558.103020E-03
-1.615000E-03,+578.622261E-03,+574.581232E-03,+577.889452E-03
-1.612500E-03,+586.159950E-03,+574.895302E-03,+561.348413E-03
-1.610000E-03,+595.163300E-03,+580.339188E-03,+583.542718E-03
-1.607500E-03,+563.965645E-03,+573.115570E-03,+581.762986E-03
-1.605000E-03,+578.098811E-03,+588.086257E-03,+592.860138E-03
-1.602500E-03,+581.972345E-03,+573.115570E-03,+569.723623E-03
-1.600000E-03,+567.839179E-03,+607.244548E-03,+571.817425E-03
-1.597500E-03,+575.900318E-03,+573.115570E-03,+585.950591E-03
-1.595000E-03,+586.997470E-03,+593.216073E-03,+596.105532E-03
-1.592500E-03,+587.939681E-03,+573.324951E-03,+577.889452E-03
-1.590000E-03,+568.990770E-03,+593.216073E-03,+579.041043E-03
-1.587500E-03,+580.087923E-03,+548.618083E-03,+585.741210E-03
-1.585000E-03,+567.839179E-03,+573.115570E-03,+574.644058E-03
-1.582500E-03,+582.181725E-03,+564.530981E-03,+592.231998E-03
-1.580000E-03,+567.839179E-03,+553.015068E-03,+577.889452E-03
-1.577500E-03,+555.066985E-03,+569.451416E-03,+574.225298E-03
-1.575000E-03,+575.272177E-03,+567.881065E-03,+565.221948E-03
-1.572500E-03,+587.939681E-03,+571.545219E-03,+577.889452E-03
-1.570000E-03,+587.939681E-03,+582.642371E-03,+587.416252E-03
-1.567500E-03,+607.516733E-03,+573.115570E-03,+597.466503E-03
-1.565000E-03,+576.319079E-03,+581.595470E-03,+577.889452E-03
-1.562500E-03,+585.322429E-03,+575.732823E-03,+597.989954E-03
-1.560000E-03,+574.225276E-03,+593.216073E-03,+597.989954E-03
-1.557500E-03,+587.939681E-03,+583.793962E-03,+568.467341E-03
-1.555000E-03,+583.647387E-03,+593.216073E-03,+562.081244E-03
-1.552500E-03,+587.939681E-03,+579.606358E-03,+571.398665E-03
-1.550000E-03,+605.841691E-03,+555.213561E-03,+595.791462E-03
-1.547500E-03,+576.737839E-03,+593.216073E-03,+577.889452E-03
-1.545000E-03,+587.939681E-03,+553.119758E-03,+577.994142E-03
-1.542500E-03,+587.939681E-03,+574.999993E-03,+586.997492E-03
-1.540000E-03,+569.828291E-03,+591.226961E-03,+581.867676E-03
-1.537500E-03,+587.939681E-03,+573.115570E-03,+590.975716E-03
-1.535000E-03,+587.939681E-03,+573.115570E-03,+614.007542E-03
-1.532500E-03,+583.019246E-03,+568.195135E-03,+593.069519E-03
-1.530000E-03,+581.762965E-03,+600.963141E-03,+571.712735E-03
-1.527500E-03,+567.839179E-03,+575.942204E-03,+595.163321E-03
-1.525000E-03,+576.109698E-03,+596.775537E-03,+566.059469E-03
-1.522500E-03,+587.939681E-03,+573.115570E-03,+557.788949E-03
-1.520000E-03,+587.939681E-03,+573.115570E-03,+577.889452E-03
-1.517500E-03,+605.318241E-03,+574.476542E-03,+596.628983E-03
-1.515000E-03,+600.397805E-03,+585.573694E-03,+585.531830E-03
-1.512500E-03,+571.293953E-03,+573.115570E-03,+594.535180E-03
-1.510000E-03,+573.387755E-03,+573.115570E-03,+557.788949E-03
-1.507500E-03,+582.391105E-03,+558.563644E-03,+572.340876E-03
-1.505000E-03,+587.939681E-03,+602.952254E-03,+587.625633E-03
-1.502500E-03,+567.839179E-03,+605.674197E-03,+550.146571E-03
-1.500000E-03,+587.939681E-03,+574.476542E-03,+560.510892E-03
-1.497500E-03,+558.102998E-03,+582.851751E-03,+568.153271E-03
-1.495000E-03,+568.572010E-03,+591.750411E-03,+557.788949E-03
-1.492500E-03,+576.109698E-03,+573.115570E-03,+577.889452E-03
-1.490000E-03,+587.939681E-03,+573.115570E-03,+580.716085E-03
-1.487500E-03,+601.863467E-03,+559.191785E-03,+577.889452E-03
-1.485000E-03,+572.759615E-03,+568.195135E-03,+588.149083E-03
-1.482500E-03,+571.922094E-03,+577.198485E-03,+570.037693E-03
-1.480000E-03,+567.839179E-03,+579.187597E-03,+577.889452E-03
-1.477500E-03,+585.950569E-03,+575.104683E-03,+577.889452E-03
-1.475000E-03,+608.040184E-03,+584.108033E-03,+586.997492E-03
-1.472500E-03,+587.939681E-03,+573.115570E-03,+577.994142E-03
-1.470000E-03,+579.041022E-03,+584.317413E-03,+589.091294E-03
-1.467500E-03,+567.839179E-03,+575.314063E-03,+593.592969E-03
-1.465000E-03,+587.939681E-03,+586.411215E-03,+577.889452E-03
-1.462500E-03,+572.131474E-03,+588.923778E-03,+562.081244E-03
-1.460000E-03,+583.228626E-03,+593.216073E-03,+588.567844E-03
-1.457500E-03,+567.839179E-03,+573.115570E-03,+585.217760E-03
-1.455000E-03,+585.322429E-03,+590.598820E-03,+560.406202E-03
-1.452500E-03,+567.839179E-03,+573.115570E-03,+569.409552E-03
-1.450000E-03,+567.839179E-03,+573.639021E-03,+577.889452E-03
-1.447500E-03,+597.466482E-03,+582.642371E-03,+568.362651E-03
-1.445000E-03,+604.899480E-03,+591.645721E-03,+596.419602E-03
-1.442500E-03,+575.272177E-03,+560.448066E-03,+597.989954E-03
-1.440000E-03,+555.066985E-03,+589.551919E-03,+581.553606E-03
-1.437500E-03,+563.756265E-03,+573.115570E-03,+592.650758E-03
-1.435000E-03,+579.355092E-03,+578.873527E-03,+572.131495E-03
-1.432500E-03,+571.084573E-03,+553.015068E-03,+557.788949E-03
-1.430000E-03,+575.690938E-03,+593.216073E-03,+585.741210E-03
-1.427500E-03,+586.788090E-03,+554.166659E-03,+596.838363E-03
-1.425000E-03,+577.994120E-03,+583.061131E-03,+567.943891E-03
-1.422500E-03,+568.781390E-03,+554.899490E-03,+558.731160E-03
-1.420000E-03,+599.979045E-03,+581.176709E-03,+557.788949E-03
-1.417500E-03,+587.939681E-03,+576.151584E-03,+574.853438E-03
-1.415000E-03,+573.806516E-03,+579.082907E-03,+571.922115E-03
-1.412500E-03,+567.839179E-03,+588.086257E-03,+577.889452E-03
-1.410000E-03,+567.839179E-03,+556.888602E-03,+565.536018E-03
-1.407500E-03,+575.062797E-03,+585.992455E-03,+572.236185E-03
-1.405000E-03,+569.618911E-03,+591.436341E-03,+579.669184E-03
-1.402500E-03,+566.373518E-03,+574.581232E-03,+568.572031E-03
-1.400000E-03,+567.839179E-03,+573.115570E-03,+558.417090E-03
-1.397500E-03,+579.250402E-03,+573.115570E-03,+597.989954E-03
-1.395000E-03,+570.247052E-03,+590.808200E-03,+555.381077E-03
-1.392500E-03,+587.939681E-03,+580.025118E-03,+564.384427E-03
-1.390000E-03,+567.839179E-03,+588.714398E-03,+577.889452E-03
-1.387500E-03,+583.438006E-03,+573.115570E-03,+582.391127E-03
-1.385000E-03,+581.344204E-03,+586.620595E-03,+591.394477E-03
-1.382500E-03,+567.839179E-03,+575.523443E-03,+577.889452E-03
-1.380000E-03,+587.939681E-03,+593.216073E-03,+566.478229E-03
-1.377500E-03,+587.625611E-03,+592.587932E-03,+597.675884E-03
-1.375000E-03,+567.839179E-03,+583.898652E-03,+567.106370E-03
-1.372500E-03,+587.939681E-03,+574.895302E-03,+579.669184E-03
-1.370000E-03,+582.286415E-03,+573.115570E-03,+590.766336E-03
-1.367500E-03,+587.939681E-03,+573.115570E-03,+574.015917E-03
-1.365000E-03,+567.839179E-03,+582.956441E-03,+572.759636E-03
-1.362500E-03,+567.839179E-03,+587.248736E-03,+563.756286E-03
-1.360000E-03,+584.903668E-03,+587.144046E-03,+580.925465E-03
-1.357500E-03,+579.878543E-03,+565.054432E-03,+585.950591E-03
-1.355000E-03,+606.155762E-03,+573.115570E-03,+578.831663E-03
-1.352500E-03,+577.994120E-03,+593.216073E-03,+598.199334E-03
-1.350000E-03,+568.990770E-03,+573.115570E-03,+558.940541E-03
-1.347500E-03,+587.939681E-03,+560.866827E-03,+553.391965E-03
-1.345000E-03,+584.694288E-03,+589.970679E-03,+581.134845E-03
-1.342500E-03,+567.839179E-03,+573.115570E-03,+572.131495E-03
-1.340000E-03,+587.939681E-03,+607.977379E-03,+583.228648E-03
-1.337500E-03,+604.376030E-03,+593.216073E-03,+577.889452E-03
-1.335000E-03,+580.506683E-03,+580.548569E-03,+570.456454E-03
-1.332500E-03,+586.369330E-03,+554.585420E-03,+594.849251E-03
-1.330000E-03,+578.412881E-03,+583.689272E-03,+588.463153E-03
-1.327500E-03,+587.939681E-03,+573.639021E-03,+578.412902E-03
-1.325000E-03,+579.459782E-03,+573.115570E-03,+589.510055E-03
-1.322500E-03,+567.839179E-03,+573.115570E-03,+577.889452E-03
-1.320000E-03,+574.225276E-03,+579.501668E-03,+577.889452E-03
-1.317500E-03,+577.261290E-03,+568.404515E-03,+582.600507E-03
-1.315000E-03,+603.747889E-03,+573.115570E-03,+593.697659E-03
-1.312500E-03,+574.644037E-03,+586.411215E-03,+584.694309E-03
-1.310000E-03,+567.839179E-03,+575.314063E-03,+575.690959E-03
-1.307500E-03,+576.737839E-03,+561.913728E-03,+577.889452E-03
-1.305000E-03,+567.734489E-03,+573.115570E-03,+597.989954E-03
-1.302500E-03,+578.831641E-03,+573.115570E-03,+577.889452E-03
-1.300000E-03,+587.939681E-03,+571.126458E-03,+577.889452E-03
-1.297500E-03,+587.939681E-03,+599.288099E-03,+570.875214E-03
-1.295000E-03,+576.005008E-03,+577.198485E-03,+577.889452E-03
-1.292500E-03,+583.019246E-03,+573.115570E-03,+577.889452E-03
-1.290000E-03,+560.092111E-03,+566.938854E-03,+563.965666E-03
-1.287500E-03,+565.012546E-03,+570.288937E-03,+595.163321E-03
-1.285000E-03,+571.398643E-03,+573.115570E-03,+566.059469E-03
-1.282500E-03,+588.672512E-03,+553.747899E-03,+577.889452E-03
-1.280000E-03,+557.474858E-03,+583.479892E-03,+577.889452E-03
-1.277500E-03,+586.578710E-03,+591.855101E-03,+557.788949E-03
-1.275000E-03,+575.481558E-03,+596.042706E-03,+573.073706E-03
-1.272500E-03,+551.193451E-03,+593.216073E-03,+577.889452E-03
-1.270000E-03,+587.939681E-03,+587.667497E-03,+557.788949E-03
-1.267500E-03,+576.842529E-03,+602.219423E-03,+577.889452E-03
-1.265000E-03,+591.394455E-03,+593.216073E-03,+574.434678E-03
-1.262500E-03,+575.481558E-03,+585.573694E-03,+570.247073E-03
-1.260000E-03,+570.561122E-03,+591.855101E-03,+596.628983E-03
-1.257500E-03,+598.304003E-03,+583.479892E-03,+597.989954E-03
-1.255000E-03,+568.572010E-03,+592.483242E-03,+557.788949E-03
-1.252500E-03,+587.939681E-03,+573.115570E-03,+581.448916E-03
-1.250000E-03,+587.939681E-03,+593.216073E-03,+577.889452E-03
-1.247500E-03,+581.762965E-03,+573.115570E-03,+563.965666E-03
-1.245000E-03,+583.019246E-03,+593.216073E-03,+593.069519E-03
-1.242500E-03,+567.839179E-03,+573.115570E-03,+573.806537E-03
-1.240000E-03,+580.925444E-03,+593.216073E-03,+577.889452E-03
-1.237500E-03,+589.928794E-03,+573.115570E-03,+577.889452E-03
-1.235000E-03,+589.824104E-03,+562.123108E-03,+577.889452E-03
-1.232500E-03,+567.839179E-03,+573.115570E-03,+597.989954E-03
-1.230000E-03,+576.737839E-03,+573.115570E-03,+566.687609E-03
-1.227500E-03,+587.939681E-03,+573.115570E-03,+595.791462E-03
-1.225000E-03,+574.644037E-03,+593.216073E-03,+591.185096E-03
-1.222500E-03,+579.355092E-03,+573.115570E-03,+582.181747E-03
-1.220000E-03,+572.550234E-03,+573.115570E-03,+562.500005E-03
-1.217500E-03,+567.839179E-03,+573.115570E-03,+577.889452E-03
-1.215000E-03,+585.322429E-03,+590.598820E-03,+577.889452E-03
-1.212500E-03,+570.979883E-03,+573.115570E-03,+554.648246E-03
-1.210000E-03,+549.309029E-03,+592.692622E-03,+578.412902E-03
-1.207500E-03,+587.939681E-03,+582.642371E-03,+568.362651E-03
-1.205000E-03,+567.839179E-03,+593.216073E-03,+559.359301E-03
-1.202500E-03,+575.272177E-03,+560.448066E-03,+575.690959E-03
-1.200000E-03,+558.731139E-03,+576.779725E-03,+594.325800E-03
-1.197500E-03,+587.939681E-03,+567.776375E-03,+577.889452E-03
-1.195000E-03,+582.181725E-03,+573.115570E-03,+572.131495E-03
-1.192500E-03,+567.839179E-03,+556.260462E-03,+581.134845E-03
-1.190000E-03,+567.839179E-03,+593.216073E-03,+573.492467E-03
-1.187500E-03,+567.839179E-03,+592.064481E-03,+558.940541E-03
-1.185000E-03,+567.839179E-03,+593.006693E-03,+567.943891E-03
-1.182500E-03,+607.097973E-03,+553.015068E-03,+578.831663E-03
-1.180000E-03,+579.878543E-03,+573.115570E-03,+577.889452E-03
-1.177500E-03,+587.939681E-03,+576.151584E-03,+577.889452E-03
-1.175000E-03,+581.972345E-03,+593.216073E-03,+571.922115E-03
-1.172500E-03,+572.968995E-03,+578.245386E-03,+592.860138E-03
-1.170000E-03,+571.712713E-03,+565.368502E-03,+581.762986E-03
-1.167500E-03,+567.839179E-03,+573.115570E-03,+590.766336E-03
-1.165000E-03,+586.159949E-03,+591.436341E-03,+579.669184E-03
-1.162500E-03,+557.056097E-03,+573.115570E-03,+576.423790E-03
-1.160000E-03,+568.153250E-03,+573.115570E-03,+578.203522E-03
-1.157500E-03,+567.839179E-03,+581.804850E-03,+577.889452E-03
-1.155000E-03,+587.939681E-03,+575.523443E-03,+575.481579E-03
-1.152500E-03,+581.030134E-03,+593.216073E-03,+577.889452E-03
-1.150000E-03,+592.441356E-03,+573.115570E-03,+573.387777E-03
-1.147500E-03,+587.939681E-03,+588.714398E-03,+588.986604E-03
-1.145000E-03,+574.434656E-03,+566.206023E-03,+570.979904E-03
-1.142500E-03,+585.531809E-03,+590.808200E-03,+577.889452E-03
-1.140000E-03,+579.250402E-03,+573.115570E-03,+580.611395E-03
-1.137500E-03,+568.153250E-03,+572.801500E-03,+577.889452E-03
-1.135000E-03,+587.939681E-03,+582.432991E-03,+577.889452E-03
-1.132500E-03,+551.298141E-03,+573.115570E-03,+577.889452E-03
-1.130000E-03,+587.939681E-03,+585.992455E-03,+583.542718E-03
-1.127500E-03,+587.939681E-03,+573.115570E-03,+577.889452E-03
-1.125000E-03,+582.809866E-03,+582.956441E-03,+583.019267E-03
-1.122500E-03,+573.806516E-03,+581.281400E-03,+563.756286E-03
-1.120000E-03,+570.875193E-03,+553.015068E-03,+560.824963E-03
-1.117500E-03,+587.939681E-03,+597.194297E-03,+589.928815E-03
-1.115000E-03,+607.097973E-03,+553.957279E-03,+557.788949E-03
-1.112500E-03,+577.784740E-03,+563.170009E-03,+577.889452E-03
-1.110000E-03,+589.091273E-03,+573.115570E-03,+597.989954E-03
-1.107500E-03,+580.087923E-03,+585.364314E-03,+557.788949E-03
-1.105000E-03,+571.084573E-03,+573.115570E-03,+577.889452E-03
-1.102500E-03,+582.181725E-03,+601.800662E-03,+557.788949E-03
-1.100000E-03,+578.517571E-03,+578.454766E-03,+577.889452E-03
-1.097500E-03,+580.611373E-03,+573.115570E-03,+557.788949E-03
-1.095000E-03,+575.272177E-03,+578.350076E-03,+585.322450E-03
-1.092500E-03,+567.839179E-03,+573.115570E-03,+577.889452E-03
-1.090000E-03,+586.892780E-03,+561.494968E-03,+577.889452E-03
-1.087500E-03,+607.516733E-03,+554.061969E-03,+577.366001E-03
-1.085000E-03,+596.419581E-03,+573.115570E-03,+577.889452E-03
-1.082500E-03,+570.456432E-03,+587.981567E-03,+577.889452E-03
-1.080000E-03,+580.611373E-03,+593.216073E-03,+591.603857E-03
-1.077500E-03,+598.618073E-03,+593.216073E-03,+593.278899E-03
-1.075000E-03,+587.939681E-03,+568.823276E-03,+577.889452E-03
-1.072500E-03,+567.839179E-03,+566.310713E-03,+564.279737E-03
-1.070000E-03,+549.937169E-03,+555.213561E-03,+595.791462E-03
-1.067500E-03,+585.636499E-03,+564.216911E-03,+575.586269E-03
-1.065000E-03,+587.939681E-03,+553.329139E-03,+577.889452E-03
-1.062500E-03,+597.047722E-03,+564.007530E-03,+568.781412E-03
-1.060000E-03,+587.939681E-03,+573.115570E-03,+596.000842E-03
-1.057500E-03,+581.867655E-03,+573.115570E-03,+597.989954E-03
-1.055000E-03,+587.939681E-03,+593.216073E-03,+577.889452E-03
-1.052500E-03,+587.939681E-03,+557.935504E-03,+582.809887E-03
-1.050000E-03,+595.686750E-03,+573.115570E-03,+577.889452E-03
-1.047500E-03,+585.113048E-03,+573.115570E-03,+595.163321E-03
-1.045000E-03,+591.499145E-03,+564.845051E-03,+557.788949E-03
-1.042500E-03,+587.939681E-03,+554.480730E-03,+557.788949E-03
-1.040000E-03,+577.575360E-03,+553.015068E-03,+588.253773E-03
-1.037500E-03,+586.578710E-03,+574.476542E-03,+577.889452E-03
-1.035000E-03,+587.939681E-03,+593.216073E-03,+590.347576E-03
-1.032500E-03,+567.839179E-03,+596.670847E-03,+577.889452E-03
-1.030000E-03,+587.939681E-03,+567.566994E-03,+592.441378E-03
-1.027500E-03,+582.391105E-03,+573.115570E-03,+577.889452E-03
-1.025000E-03,+571.293953E-03,+589.761299E-03,+561.243723E-03
-1.022500E-03,+567.839179E-03,+573.115570E-03,+570.247073E-03
-1.020000E-03,+587.939681E-03,+571.754599E-03,+579.250423E-03
-1.017500E-03,+598.304003E-03,+583.479892E-03,+577.261311E-03
-1.015000E-03,+588.672512E-03,+573.115570E-03,+557.788949E-03
-1.012500E-03,+587.939681E-03,+573.115570E-03,+574.329988E-03
-1.010000E-03,+587.939681E-03,+575.942204E-03,+595.163321E-03
-1.007500E-03,+574.015896E-03,+580.862639E-03,+584.066169E-03
-1.005000E-03,+583.019246E-03,+588.295637E-03,+577.889452E-03
-1.002500E-03,+555.904506E-03,+605.150746E-03,+565.954779E-03
-1.000000E-03,+601.025946E-03,+573.115570E-03,+577.889452E-03
-997.500E-06,+585.950569E-03,+593.216073E-03,+596.000842E-03
-995.000E-06,+587.939681E-03,+584.108033E-03,+568.781412E-03
-992.500E-06,+587.834991E-03,+593.111383E-03,+577.994142E-03
-990.000E-06,+579.041022E-03,+573.115570E-03,+566.687609E-03
-987.500E-06,+587.939681E-03,+575.314063E-03,+595.791462E-03
-985.000E-06,+581.134824E-03,+553.015068E-03,+571.398665E-03
-982.500E-06,+576.423769E-03,+573.115570E-03,+546.273037E-03
-980.000E-06,+567.839179E-03,+562.437179E-03,+573.178397E-03
-977.500E-06,+595.267990E-03,+586.829976E-03,+571.503355E-03
-975.000E-06,+582.705176E-03,+573.115570E-03,+557.788949E-03
-972.500E-06,+579.459782E-03,+573.115570E-03,+566.268849E-03
-970.000E-06,+587.939681E-03,+573.639021E-03,+558.835851E-03
-967.500E-06,+578.412881E-03,+593.216073E-03,+588.463153E-03
-965.000E-06,+569.409531E-03,+571.545219E-03,+577.889452E-03
-962.500E-06,+580.506683E-03,+573.115570E-03,+597.989954E-03
-960.000E-06,+564.175025E-03,+580.443879E-03,+574.225298E-03
-957.500E-06,+582.600486E-03,+558.354264E-03,+537.688447E-03
-955.000E-06,+567.839179E-03,+573.115570E-03,+563.546906E-03
-952.500E-06,+604.794790E-03,+576.360964E-03,+564.279737E-03
-950.000E-06,+575.690938E-03,+593.216073E-03,+565.640708E-03
-947.500E-06,+587.939681E-03,+573.115570E-03,+560.092132E-03
-945.000E-06,+567.839179E-03,+583.270512E-03,+597.989954E-03
-942.500E-06,+568.781390E-03,+572.173359E-03,+577.889452E-03
-940.000E-06,+583.856767E-03,+585.154934E-03,+569.828313E-03
-937.500E-06,+573.911206E-03,+576.151584E-03,+612.018430E-03
-935.000E-06,+559.673350E-03,+573.115570E-03,+592.022617E-03
-932.500E-06,+587.939681E-03,+558.144884E-03,+562.918765E-03
-930.000E-06,+551.612211E-03,+560.762137E-03,+597.989954E-03
-927.500E-06,+575.062797E-03,+573.115570E-03,+585.113070E-03
-925.000E-06,+567.839179E-03,+574.895302E-03,+576.109720E-03
-922.500E-06,+589.405343E-03,+582.432991E-03,+579.355113E-03
-920.000E-06,+568.153250E-03,+553.643209E-03,+577.575381E-03
-917.500E-06,+570.561122E-03,+553.015068E-03,+577.889452E-03
-915.000E-06,+603.224438E-03,+573.115570E-03,+595.582081E-03
-912.500E-06,+560.929632E-03,+573.115570E-03,+604.899502E-03
-910.000E-06,+567.839179E-03,+562.018418E-03,+577.889452E-03
-907.500E-06,+592.441356E-03,+588.714398E-03,+577.889452E-03
-905.000E-06,+608.040184E-03,+593.216073E-03,+577.889452E-03
-902.500E-06,+567.839179E-03,+575.523443E-03,+577.889452E-03
-900.000E-06,+576.528459E-03,+564.426291E-03,+546.377727E-03
-897.500E-06,+587.939681E-03,+573.115570E-03,+577.889452E-03
-895.000E-06,+589.405343E-03,+573.115570E-03,+587.206872E-03
-892.500E-06,+586.159950E-03,+573.115570E-03,+561.348413E-03
-890.000E-06,+595.163300E-03,+573.115570E-03,+597.989954E-03
-887.500E-06,+567.839179E-03,+560.762137E-03,+577.889452E-03
-885.000E-06,+582.809866E-03,+567.985755E-03,+568.048581E-03
-882.500E-06,+573.806516E-03,+579.082907E-03,+577.889452E-03
-880.000E-06,+584.903668E-03,+553.015068E-03,+574.853438E-03
-877.500E-06,+583.961457E-03,+577.093795E-03,+585.950591E-03
-875.000E-06,+606.155762E-03,+574.999993E-03,+577.889452E-03
-872.500E-06,+598.094623E-03,+583.061132E-03,+608.144895E-03
-870.000E-06,+605.737001E-03,+573.115570E-03,+560.092132E-03
-867.500E-06,+580.087923E-03,+593.216073E-03,+570.037693E-03
-865.000E-06,+587.939681E-03,+576.360964E-03,+577.889452E-03
-862.500E-06,+582.181725E-03,+567.357614E-03,+577.889452E-03
-860.000E-06,+587.939681E-03,+593.216073E-03,+583.228648E-03
-857.500E-06,+571.503333E-03,+585.887765E-03,+577.889452E-03
-855.000E-06,+567.839179E-03,+567.881065E-03,+557.788949E-03
-852.500E-06,+586.369330E-03,+573.115570E-03,+576.319100E-03
-850.000E-06,+577.365980E-03,+573.115570E-03,+567.315750E-03
-847.500E-06,+588.463132E-03,+592.692622E-03,+597.989954E-03
-845.000E-06,+579.459782E-03,+564.635671E-03,+557.788949E-03
-842.500E-06,+602.805678E-03,+570.498318E-03,+577.889452E-03
-840.000E-06,+595.267990E-03,+586.829976E-03,+571.503355E-03
-837.500E-06,+583.228626E-03,+573.115570E-03,+593.278899E-03
-835.000E-06,+572.131474E-03,+573.115570E-03,+566.373539E-03
-832.500E-06,+567.839179E-03,+559.819926E-03,+597.989954E-03
-830.000E-06,+585.741189E-03,+588.819088E-03,+577.889452E-03
-827.500E-06,+579.041022E-03,+575.418753E-03,+589.091294E-03
-825.000E-06,+567.943869E-03,+593.111383E-03,+577.994142E-03
-822.500E-06,+576.947219E-03,+595.100495E-03,+588.881914E-03
-820.000E-06,+587.939681E-03,+573.115570E-03,+577.889452E-03
-817.500E-06,+601.025946E-03,+579.187597E-03,+577.889452E-03
-815.000E-06,+587.939681E-03,+573.115570E-03,+565.954778E-03
-812.500E-06,+592.860117E-03,+573.115570E-03,+577.889452E-03
-810.000E-06,+581.762965E-03,+565.368502E-03,+584.066169E-03
-807.500E-06,+587.939681E-03,+573.115570E-03,+560.615583E-03
-805.000E-06,+567.839179E-03,+564.845051E-03,+577.889452E-03
-802.500E-06,+587.206851E-03,+573.115570E-03,+577.889452E-03
-800.000E-06,+557.474858E-03,+562.751249E-03,+557.788949E-03
-797.500E-06,+587.939681E-03,+573.115570E-03,+614.007542E-03
-795.000E-06,+583.123936E-03,+573.115570E-03,+570.247073E-03
-792.500E-06,+571.293953E-03,+559.924616E-03,+577.889452E-03
-790.000E-06,+587.939681E-03,+573.115570E-03,+583.438028E-03
-787.500E-06,+567.839179E-03,+578.664147E-03,+572.340876E-03
-785.000E-06,+584.484908E-03,+573.115570E-03,+594.535180E-03
-782.500E-06,+567.839179E-03,+565.473192E-03,+573.073706E-03
-780.000E-06,+569.200151E-03,+573.115570E-03,+577.889452E-03
-777.500E-06,+567.839179E-03,+573.115570E-03,+577.889452E-03
-775.000E-06,+607.307353E-03,+592.483242E-03,+557.788949E-03
-772.500E-06,+567.839179E-03,+593.216073E-03,+557.788949E-03
-770.000E-06,+585.113048E-03,+573.115570E-03,+577.889452E-03
-767.500E-06,+574.015896E-03,+565.368502E-03,+577.889452E-03
-765.000E-06,+567.839179E-03,+578.036006E-03,+562.709385E-03
-762.500E-06,+599.874355E-03,+593.216073E-03,+573.806537E-03
-760.000E-06,+580.925444E-03,+574.057781E-03,+590.975716E-03
-757.500E-06,+567.839179E-03,+571.126458E-03,+575.900340E-03
-755.000E-06,+567.839179E-03,+573.115570E-03,+577.889452E-03
-752.500E-06,+567.943869E-03,+593.111383E-03,+577.889452E-03
-750.000E-06,+576.737839E-03,+573.115570E-03,+564.384427E-03
-747.500E-06,+570.037672E-03,+555.213561E-03,+597.989954E-03
-745.000E-06,+587.939681E-03,+579.920428E-03,+564.593807E-03
-742.500E-06,+603.747889E-03,+593.216073E-03,+589.405365E-03
-740.000E-06,+598.618073E-03,+568.404515E-03,+562.500005E-03
-737.500E-06,+587.939681E-03,+579.501668E-03,+585.217760E-03
-735.000E-06,+587.939681E-03,+573.115570E-03,+563.023455E-03
-732.500E-06,+587.939681E-03,+584.736173E-03,+574.748748E-03
-730.000E-06,+588.463132E-03,+592.692622E-03,+577.889452E-03
-727.500E-06,+587.939681E-03,+583.689272E-03,+588.463153E-03
-725.000E-06,+570.979883E-03,+591.645721E-03,+559.359301E-03
-722.500E-06,+587.939681E-03,+565.682572E-03,+577.889452E-03
-720.000E-06,+584.275527E-03,+589.551919E-03,+577.889452E-03
-717.500E-06,+582.600486E-03,+567.776375E-03,+563.128145E-03
-715.000E-06,+573.597136E-03,+573.115570E-03,+563.546906E-03
-712.500E-06,+571.084573E-03,+573.115570E-03,+581.134845E-03
-710.000E-06,+575.690938E-03,+580.967329E-03,+590.138195E-03
-707.500E-06,+568.990770E-03,+612.164984E-03,+576.737860E-03
-705.000E-06,+567.839179E-03,+573.115570E-03,+557.788949E-03
-702.500E-06,+587.939681E-03,+553.957279E-03,+577.889452E-03
-700.000E-06,+575.900318E-03,+561.076207E-03,+577.889452E-03
-697.500E-06,+553.810704E-03,+579.187597E-03,+594.953941E-03
-695.000E-06,+587.939681E-03,+579.082907E-03,+549.623120E-03
-692.500E-06,+602.910368E-03,+573.115570E-03,+562.918765E-03
-690.000E-06,+584.066147E-03,+556.888602E-03,+574.015917E-03
-687.500E-06,+549.309029E-03,+573.115570E-03,+565.012567E-03
-685.000E-06,+567.839179E-03,+574.895302E-03,+537.688447E-03
-682.500E-06,+566.373518E-03,+573.115570E-03,+568.572031E-03
-680.000E-06,+587.939681E-03,+592.902002E-03,+577.889452E-03
-677.500E-06,+576.528459E-03,+573.115570E-03,+580.611395E-03
-675.000E-06,+605.632311E-03,+575.523443E-03,+577.889452E-03
-672.500E-06,+560.929632E-03,+573.115570E-03,+584.484929E-03
-670.000E-06,+583.438007E-03,+604.313225E-03,+562.290624E-03
-667.500E-06,+572.340854E-03,+593.216073E-03,+582.391127E-03
-665.000E-06,+587.939681E-03,+600.125620E-03,+577.889452E-03
-662.500E-06,+587.939681E-03,+573.115570E-03,+595.582081E-03
-660.000E-06,+576.528459E-03,+575.837514E-03,+577.889452E-03
-657.500E-06,+607.412043E-03,+592.587932E-03,+557.788949E-03
-655.000E-06,+578.622261E-03,+582.432991E-03,+577.889452E-03
-652.500E-06,+589.719413E-03,+574.895302E-03,+596.210222E-03
-650.000E-06,+573.492445E-03,+573.115570E-03,+585.113070E-03
-647.500E-06,+608.040184E-03,+573.115570E-03,+590.242885E-03
-645.000E-06,+587.939681E-03,+588.086257E-03,+568.048581E-03
-642.500E-06,+581.972345E-03,+587.248736E-03,+577.889452E-03
-640.000E-06,+567.839179E-03,+573.115570E-03,+557.788949E-03
-637.500E-06,+599.979045E-03,+573.115570E-03,+581.867676E-03
-635.000E-06,+586.997470E-03,+573.115570E-03,+595.163321E-03
-632.500E-06,+597.885243E-03,+572.906190E-03,+567.734511E-03
-630.000E-06,+567.839179E-03,+593.216073E-03,+577.889452E-03
-627.500E-06,+587.939681E-03,+585.364314E-03,+585.741210E-03
-625.000E-06,+537.374355E-03,+559.505855E-03,+597.989954E-03
-622.500E-06,+596.524271E-03,+573.115570E-03,+572.131495E-03
-620.000E-06,+582.600486E-03,+587.876877E-03,+577.889452E-03
-617.500E-06,+580.611373E-03,+573.115570E-03,+561.453104E-03
-615.000E-06,+580.506683E-03,+580.548569E-03,+570.456454E-03
-612.500E-06,+586.369330E-03,+573.115570E-03,+557.788949E-03
-610.000E-06,+577.365980E-03,+593.216073E-03,+597.989954E-03
-607.500E-06,+587.416231E-03,+573.115570E-03,+597.989954E-03
-605.000E-06,+567.839179E-03,+561.494968E-03,+581.030155E-03
-602.500E-06,+570.456432E-03,+553.015068E-03,+597.989954E-03
-600.000E-06,+574.225276E-03,+593.216073E-03,+564.175047E-03
-597.500E-06,+583.228626E-03,+557.726123E-03,+577.889452E-03
-595.000E-06,+567.839179E-03,+584.631483E-03,+589.405365E-03
-592.500E-06,+567.839179E-03,+579.606358E-03,+611.285599E-03
-590.000E-06,+552.135662E-03,+608.919590E-03,+575.690959E-03
-587.500E-06,+587.939681E-03,+573.115570E-03,+577.889452E-03
-585.000E-06,+587.939681E-03,+593.111383E-03,+557.788949E-03
-582.500E-06,+558.731139E-03,+584.108033E-03,+577.889452E-03
-580.000E-06,+587.939681E-03,+571.126458E-03,+577.889452E-03
-577.500E-06,+594.011708E-03,+567.043544E-03,+583.961478E-03
-575.000E-06,+567.839179E-03,+573.115570E-03,+561.871864E-03
-572.500E-06,+587.939681E-03,+573.115570E-03,+568.048581E-03
-570.000E-06,+594.116398E-03,+593.216073E-03,+577.889452E-03
-567.500E-06,+570.665812E-03,+573.115570E-03,+580.716085E-03
-565.000E-06,+567.839179E-03,+581.386090E-03,+557.788949E-03
-562.500E-06,+587.939681E-03,+593.216073E-03,+577.156621E-03
-560.000E-06,+577.575360E-03,+582.851751E-03,+587.625633E-03
-557.500E-06,+606.679212E-03,+590.494130E-03,+556.427978E-03
-555.000E-06,+600.397805E-03,+593.216073E-03,+582.705197E-03
-552.500E-06,+584.484908E-03,+589.761299E-03,+577.889452E-03
-550.000E-06,+587.939681E-03,+587.667497E-03,+583.438028E-03
-547.500E-06,+587.939681E-03,+578.664147E-03,+583.438028E-03
-545.000E-06,+551.193451E-03,+593.216073E-03,+577.889452E-03
-542.500E-06,+595.582060E-03,+568.299825E-03,+570.247073E-03
-540.000E-06,+587.939681E-03,+591.855101E-03,+560.510893E-03
-537.500E-06,+577.575360E-03,+593.216073E-03,+567.525130E-03
-535.000E-06,+568.572010E-03,+554.480730E-03,+558.521780E-03
-532.500E-06,+587.939681E-03,+584.945554E-03,+586.159971E-03
-530.000E-06,+587.939681E-03,+575.942204E-03,+580.716085E-03
-527.500E-06,+608.040184E-03,+593.216073E-03,+576.319100E-03
-525.000E-06,+578.098811E-03,+573.115570E-03,+567.629820E-03
-522.500E-06,+567.839179E-03,+557.097983E-03,+581.972366E-03
-520.000E-06,+567.839179E-03,+606.302337E-03,+570.875214E-03
-517.500E-06,+569.828291E-03,+571.126458E-03,+561.767174E-03
-515.000E-06,+598.932144E-03,+593.216073E-03,+568.781412E-03
-512.500E-06,+567.839179E-03,+573.115570E-03,+557.998330E-03
-510.000E-06,+590.242864E-03,+573.115570E-03,+606.888614E-03
-507.500E-06,+590.138174E-03,+570.917078E-03,+575.690959E-03
-505.000E-06,+574.644037E-03,+559.819926E-03,+571.398665E-03
-502.500E-06,+587.939681E-03,+573.115570E-03,+566.373539E-03
-500.000E-06,+592.650737E-03,+557.726123E-03,+577.889452E-03
-497.500E-06,+580.611373E-03,+553.015068E-03,+564.175047E-03
-495.000E-06,+587.939681E-03,+570.498318E-03,+575.272199E-03
-492.500E-06,+567.839179E-03,+573.115570E-03,+574.748748E-03
-490.000E-06,+587.416231E-03,+573.115570E-03,+577.366001E-03
-487.500E-06,+587.939681E-03,+563.588770E-03,+557.788949E-03
-485.000E-06,+586.369330E-03,+571.545219E-03,+577.889452E-03
-482.500E-06,+587.939681E-03,+573.115570E-03,+585.322450E-03
-480.000E-06,+567.839179E-03,+573.115570E-03,+577.889452E-03
-477.500E-06,+578.517571E-03,+593.216073E-03,+557.788949E-03
-475.000E-06,+596.524271E-03,+573.115570E-03,+577.889452E-03
-472.500E-06,+567.839179E-03,+576.360964E-03,+561.034343E-03
-470.000E-06,+567.839179E-03,+580.967329E-03,+573.492467E-03
-467.500E-06,+586.788090E-03,+574.267162E-03,+577.889452E-03
-465.000E-06,+587.939681E-03,+573.115570E-03,+577.889452E-03
-462.500E-06,+568.781390E-03,+592.273862E-03,+559.673372E-03
-460.000E-06,+575.900318E-03,+565.054432E-03,+585.950591E-03
-457.500E-06,+567.839179E-03,+573.115570E-03,+591.917927E-03
-455.000E-06,+573.806516E-03,+573.115570E-03,+569.723623E-03
-452.500E-06,+572.968995E-03,+573.115570E-03,+597.989954E-03
-450.000E-06,+571.712714E-03,+589.342538E-03,+561.662484E-03
-447.500E-06,+595.163299E-03,+585.992455E-03,+585.113070E-03
-445.000E-06,+569.618911E-03,+574.895302E-03,+576.109720E-03
-442.500E-06,+587.939681E-03,+583.898652E-03,+568.572031E-03
-440.000E-06,+607.726113E-03,+573.115570E-03,+558.103020E-03
-437.500E-06,+567.839179E-03,+584.526793E-03,+586.578731E-03
-435.000E-06,+585.531809E-03,+573.115570E-03,+595.582081E-03
-432.500E-06,+581.030134E-03,+586.620595E-03,+584.484929E-03
-430.000E-06,+587.939681E-03,+588.714398E-03,+577.889452E-03
-427.500E-06,+587.939681E-03,+577.617245E-03,+593.488279E-03
-425.000E-06,+574.748727E-03,+573.115570E-03,+591.394477E-03
-422.500E-06,+605.632311E-03,+590.808200E-03,+577.889452E-03
-420.000E-06,+596.628961E-03,+570.393627E-03,+589.300674E-03
-417.500E-06,+607.412043E-03,+573.429641E-03,+578.203522E-03
-415.000E-06,+578.622261E-03,+582.432991E-03,+597.989954E-03
-412.500E-06,+586.159950E-03,+573.115570E-03,+559.568681E-03
-410.000E-06,+580.716063E-03,+578.768837E-03,+577.889452E-03
-407.500E-06,+587.939681E-03,+589.342538E-03,+590.242885E-03
-405.000E-06,+578.098811E-03,+603.056944E-03,+553.077894E-03
-402.500E-06,+587.939681E-03,+579.082907E-03,+583.856788E-03
-400.000E-06,+556.846717E-03,+576.151584E-03,+574.853438E-03
-397.500E-06,+575.900318E-03,+573.115570E-03,+545.749586E-03
-395.000E-06,+587.939681E-03,+573.115570E-03,+616.206034E-03
-392.500E-06,+577.994120E-03,+573.115570E-03,+567.943891E-03
-390.000E-06,+605.737001E-03,+592.064482E-03,+577.889452E-03
-387.500E-06,+587.939681E-03,+565.263812E-03,+561.243723E-03
-385.000E-06,+571.084573E-03,+573.115570E-03,+591.499167E-03
-382.500E-06,+567.839179E-03,+573.115570E-03,+572.131495E-03
-380.000E-06,+582.600486E-03,+573.115570E-03,+577.889452E-03
-377.500E-06,+584.275527E-03,+573.115570E-03,+577.889452E-03
-375.000E-06,+587.939681E-03,+580.548569E-03,+572.654946E-03
-372.500E-06,+567.839179E-03,+573.115570E-03,+559.359301E-03
-370.000E-06,+567.839179E-03,+582.642371E-03,+577.889452E-03
-367.500E-06,+587.416231E-03,+593.216073E-03,+558.312400E-03
-365.000E-06,+579.459782E-03,+581.595470E-03,+577.889452E-03
-362.500E-06,+567.839179E-03,+587.981567E-03,+597.989954E-03
-360.000E-06,+574.225276E-03,+586.829976E-03,+577.889452E-03
-357.500E-06,+572.550234E-03,+557.726123E-03,+582.600507E-03
-355.000E-06,+587.939681E-03,+577.407865E-03,+593.697659E-03
-352.500E-06,+581.134824E-03,+579.920428E-03,+577.889452E-03
-350.000E-06,+587.939681E-03,+575.314063E-03,+580.087944E-03
-347.500E-06,+567.839179E-03,+575.418753E-03,+575.586269E-03
-345.000E-06,+587.939681E-03,+573.115570E-03,+577.889452E-03
-342.500E-06,+598.932144E-03,+574.999993E-03,+568.781412E-03
-340.000E-06,+587.939681E-03,+589.237848E-03,+579.878564E-03
-337.500E-06,+573.911206E-03,+573.115570E-03,+597.989954E-03
-335.000E-06,+563.756265E-03,+573.115570E-03,+593.907040E-03
-332.500E-06,+583.019246E-03,+568.195135E-03,+597.989954E-03
-330.000E-06,+574.015896E-03,+573.115570E-03,+550.041881E-03
-327.500E-06,+605.213551E-03,+590.389440E-03,+560.615583E-03
-325.000E-06,+579.669162E-03,+564.845051E-03,+557.788949E-03
-322.500E-06,+568.572010E-03,+593.216073E-03,+578.622283E-03
-320.000E-06,+578.203501E-03,+593.216073E-03,+587.625633E-03
-317.500E-06,+569.200151E-03,+554.376040E-03,+577.889452E-03
-315.000E-06,+575.481558E-03,+580.757949E-03,+570.247073E-03
-312.500E-06,+547.738677E-03,+573.115570E-03,+581.344226E-03
-310.000E-06,+587.939681E-03,+558.563644E-03,+586.892802E-03
-307.500E-06,+602.491608E-03,+564.112220E-03,+557.788949E-03
-305.000E-06,+584.484908E-03,+576.570344E-03,+597.989954E-03
-302.500E-06,+567.839179E-03,+585.573694E-03,+585.531830E-03
-300.000E-06,+567.839179E-03,+574.476542E-03,+597.989954E-03
-297.500E-06,+587.939681E-03,+562.751249E-03,+577.889452E-03
-295.000E-06,+587.206851E-03,+591.017580E-03,+577.156621E-03
-292.500E-06,+576.109698E-03,+564.845051E-03,+597.989954E-03
-290.000E-06,+585.113048E-03,+573.115570E-03,+595.163321E-03
-287.500E-06,+580.192613E-03,+579.292287E-03,+563.965666E-03
-285.000E-06,+598.199313E-03,+593.216073E-03,+562.709385E-03
-282.500E-06,+567.839179E-03,+593.216073E-03,+561.871864E-03
-280.000E-06,+594.011708E-03,+593.216073E-03,+570.875214E-03
-277.500E-06,+589.928794E-03,+573.115570E-03,+594.011730E-03
-275.000E-06,+586.055259E-03,+573.115570E-03,+579.773874E-03
-272.500E-06,+588.044372E-03,+573.115570E-03,+577.784762E-03
-270.000E-06,+590.242864E-03,+584.317413E-03,+557.788949E-03
-267.500E-06,+565.640687E-03,+591.017580E-03,+595.791462E-03
-265.000E-06,+567.839179E-03,+566.624783E-03,+577.889452E-03
-262.500E-06,+563.546884E-03,+573.115570E-03,+562.081244E-03
-260.000E-06,+567.839179E-03,+593.216073E-03,+582.600507E-03
-257.500E-06,+567.839179E-03,+559.401165E-03,+590.661646E-03
-255.000E-06,+570.456432E-03,+575.732823E-03,+577.889452E-03
-252.500E-06,+570.979883E-03,+573.115570E-03,+586.369351E-03
-250.000E-06,+587.939681E-03,+573.115570E-03,+597.466503E-03
-247.500E-06,+577.365980E-03,+563.588770E-03,+567.315750E-03
-245.000E-06,+586.369330E-03,+573.115570E-03,+596.419602E-03
-242.500E-06,+567.839179E-03,+573.115570E-03,+575.690959E-03
-240.000E-06,+555.066985E-03,+573.115570E-03,+561.453104E-03
-237.500E-06,+597.361792E-03,+578.454766E-03,+577.889452E-03
-235.000E-06,+587.939681E-03,+578.873527E-03,+563.546906E-03
-232.500E-06,+567.839179E-03,+576.360964E-03,+577.889452E-03
-230.000E-06,+587.939681E-03,+565.263812E-03,+585.741210E-03
-227.500E-06,+586.788090E-03,+574.267162E-03,+597.989954E-03
-225.000E-06,+567.839179E-03,+583.270512E-03,+577.680071E-03
-222.500E-06,+548.680888E-03,+593.216073E-03,+597.047743E-03
-220.000E-06,+567.839179E-03,+573.115570E-03,+557.788949E-03
-217.500E-06,+584.903668E-03,+573.115570E-03,+563.860976E-03
-215.000E-06,+567.839179E-03,+558.982405E-03,+594.221110E-03
-212.500E-06,+578.098811E-03,+578.245386E-03,+577.889452E-03
-210.000E-06,+587.939681E-03,+593.216073E-03,+574.015917E-03
-207.500E-06,+567.839179E-03,+580.339188E-03,+585.113070E-03
-205.000E-06,+569.618911E-03,+591.436341E-03,+596.210222E-03
-202.500E-06,+577.156600E-03,+593.216073E-03,+577.889452E-03
-200.000E-06,+548.366818E-03,+553.643209E-03,+558.103020E-03
-197.500E-06,+576.528459E-03,+584.526793E-03,+566.478229E-03
-195.000E-06,+587.939681E-03,+557.830813E-03,+542.504192E-03
-192.500E-06,+581.030134E-03,+573.115570E-03,+570.979904E-03
-190.000E-06,+556.742027E-03,+584.212723E-03,+573.387777E-03
-187.500E-06,+572.340854E-03,+593.216073E-03,+588.986604E-03
-185.000E-06,+601.444706E-03,+586.620595E-03,+584.798999E-03
-182.500E-06,+570.247052E-03,+593.216073E-03,+560.196822E-03
-180.000E-06,+567.839179E-03,+573.115570E-03,+580.611395E-03
-177.500E-06,+587.939681E-03,+573.429641E-03,+597.989954E-03
-175.000E-06,+586.474020E-03,+583.898652E-03,+567.106370E-03
-172.500E-06,+569.618911E-03,+593.216073E-03,+577.889452E-03
-170.000E-06,+554.962295E-03,+560.238686E-03,+577.889452E-03
-167.500E-06,+587.939681E-03,+589.342538E-03,+581.762986E-03
-165.000E-06,+567.839179E-03,+563.274700E-03,+587.730323E-03
-162.500E-06,+581.972345E-03,+581.281400E-03,+583.856788E-03
-160.000E-06,+601.968157E-03,+593.216073E-03,+594.953941E-03
-157.500E-06,+591.917906E-03,+585.154934E-03,+565.850088E-03
-155.000E-06,+568.781390E-03,+574.057782E-03,+557.788949E-03
-152.500E-06,+577.784740E-03,+573.115570E-03,+588.044393E-03
-150.000E-06,+550.041859E-03,+593.216073E-03,+576.737860E-03
-147.500E-06,+580.087923E-03,+593.216073E-03,+577.889452E-03
-145.000E-06,+564.593786E-03,+573.115570E-03,+577.889452E-03
-142.500E-06,+582.181725E-03,+564.530981E-03,+563.546906E-03
-140.000E-06,+582.600486E-03,+573.115570E-03,+568.467341E-03
-137.500E-06,+551.402831E-03,+593.216073E-03,+561.453104E-03
-135.000E-06,+595.372680E-03,+560.448066E-03,+572.654946E-03
-132.500E-06,+606.469832E-03,+593.216073E-03,+596.419602E-03
-130.000E-06,+587.939681E-03,+572.068669E-03,+556.742048E-03
-127.500E-06,+568.362630E-03,+573.115570E-03,+557.788949E-03
-125.000E-06,+584.798978E-03,+573.115570E-03,+577.889452E-03
-122.500E-06,+552.973183E-03,+593.216073E-03,+560.406202E-03
-120.000E-06,+581.553584E-03,+573.115570E-03,+570.561144E-03
-117.500E-06,+583.228626E-03,+593.216073E-03,+582.600507E-03
-115.000E-06,+583.647387E-03,+577.407865E-03,+593.697659E-03
-112.500E-06,+574.644037E-03,+573.115570E-03,+584.694309E-03
-110.000E-06,+585.741189E-03,+591.017580E-03,+559.987442E-03
-107.500E-06,+581.344204E-03,+575.418753E-03,+566.687609E-03
-105.000E-06,+607.726113E-03,+573.010880E-03,+557.788949E-03
-102.500E-06,+578.831641E-03,+574.999993E-03,+579.773874E-03
-100.000E-06,+549.727789E-03,+573.115570E-03,+523.555281E-03
-97.500E-06,+574.853417E-03,+573.115570E-03,+584.903690E-03
-95.000E-06,+571.922094E-03,+589.133158E-03,+577.889452E-03
-92.500E-06,+578.098811E-03,+573.115570E-03,+577.889452E-03
-90.000E-06,+566.268827E-03,+579.292287E-03,+571.712735E-03
-87.500E-06,+585.113048E-03,+590.389440E-03,+560.615583E-03
-85.000E-06,+567.839179E-03,+573.115570E-03,+574.329988E-03
-82.500E-06,+567.839179E-03,+572.382740E-03,+557.788949E-03
-80.000E-06,+587.939681E-03,+583.479892E-03,+588.253773E-03
-77.500E-06,+567.839179E-03,+574.476542E-03,+559.149921E-03
-75.000E-06,+567.839179E-03,+573.115570E-03,+585.531830E-03
-72.500E-06,+587.939681E-03,+589.761299E-03,+577.889452E-03
-70.000E-06,+587.939681E-03,+578.664147E-03,+543.237023E-03
-67.500E-06,+567.839179E-03,+587.667497E-03,+583.438028E-03
-65.000E-06,+571.293953E-03,+589.761299E-03,+597.989954E-03
-62.500E-06,+580.297303E-03,+577.931316E-03,+590.347576E-03
-60.000E-06,+586.578710E-03,+571.754599E-03,+559.149921E-03
-57.500E-06,+577.575360E-03,+573.115570E-03,+548.052769E-03
-55.000E-06,+587.206851E-03,+572.382740E-03,+577.889452E-03
-52.500E-06,+579.669162E-03,+573.115570E-03,+577.889452E-03
-50.000E-06,+585.113048E-03,+593.216073E-03,+560.615583E-03
-47.500E-06,+574.015896E-03,+587.039356E-03,+577.889452E-03
-45.000E-06,+567.839179E-03,+557.935504E-03,+597.989954E-03
-42.500E-06,+571.922094E-03,+577.198485E-03,+577.889452E-03
-40.000E-06,+567.839179E-03,+580.129808E-03,+564.803187E-03
-37.500E-06,+565.850067E-03,+593.216073E-03,+577.889452E-03
-35.000E-06,+565.954757E-03,+573.115570E-03,+557.788949E-03
-32.500E-06,+567.839179E-03,+573.324951E-03,+597.989954E-03
-30.000E-06,+558.940519E-03,+604.417915E-03,+580.192634E-03
-27.500E-06,+587.939681E-03,+573.115570E-03,+595.791462E-03
-25.000E-06,+574.644037E-03,+573.115570E-03,+584.694309E-03
-22.500E-06,+587.939681E-03,+588.923778E-03,+582.181747E-03
-20.000E-06,+587.939681E-03,+588.505018E-03,+593.278899E-03
-17.500E-06,+581.553584E-03,+586.829976E-03,+577.889452E-03
-15.000E-06,+605.422931E-03,+573.115570E-03,+595.372701E-03
-12.500E-06,+596.419581E-03,+573.115570E-03,+601.130658E-03
-10.000E-06,+548.785578E-03,+554.585420E-03,+577.889452E-03
-7.500E-06,+567.839179E-03,+583.689272E-03,+576.842551E-03
-5.000E-06,+569.409531E-03,+571.545219E-03,+574.748748E-03
-2.500E-06,+580.506683E-03,+573.115570E-03,+590.556956E-03
-0.0E+00,+609.924606E-03,+629.752923E-03,+612.646570E-03
+2.500E-06,+642.901992E-03,+602.638183E-03,+572.550256E-03
+5.000E-06,+516.122262E-03,+538.672522E-03,+465.871028E-03
+7.500E-06,+493.927957E-03,+569.870177E-03,+437.185936E-03
+10.000E-06,+652.638173E-03,+633.417077E-03,+613.693471E-03
+12.500E-06,+648.241188E-03,+611.013392E-03,+569.304862E-03
+15.000E-06,+536.955595E-03,+572.906190E-03,+486.704360E-03
+17.500E-06,+661.746213E-03,+631.532655E-03,+764.761309E-03
+20.000E-06,+547.633987E-03,+573.115570E-03,+493.404528E-03
+22.500E-06,+651.277202E-03,+579.187597E-03,+744.765497E-03
+25.000E-06,+632.537671E-03,+601.381902E-03,+630.653270E-03
+27.500E-06,+622.592110E-03,+627.868501E-03,+573.178396E-03
+30.000E-06,+532.977370E-03,+569.974867E-03,+530.674209E-03
+32.500E-06,+535.489933E-03,+557.726123E-03,+582.600507E-03
+35.000E-06,+415.933821E-03,+514.593796E-03,+413.002519E-03
+37.500E-06,+565.431306E-03,+578.036006E-03,+544.597995E-03
+40.000E-06,+427.763804E-03,+533.228636E-03,+397.613072E-03
+42.500E-06,+630.339178E-03,+601.381902E-03,+620.812399E-03
+45.000E-06,+726.235325E-03,+610.908702E-03,+753.978227E-03
+47.500E-06,+649.811540E-03,+607.349238E-03,+686.243722E-03
+50.000E-06,+545.644875E-03,+532.914566E-03,+622.592131E-03
+52.500E-06,+728.329127E-03,+644.514230E-03,+684.673370E-03
+55.000E-06,+576.005008E-03,+580.653259E-03,+538.630658E-03
+57.500E-06,+394.158277E-03,+497.529307E-03,+399.392804E-03
+60.000E-06,+407.035161E-03,+495.435504E-03,+405.674211E-03
+62.500E-06,+664.886917E-03,+592.587932E-03,+693.467340E-03
+65.000E-06,+731.574521E-03,+624.099657E-03,+760.259634E-03
+67.500E-06,+503.454758E-03,+525.272187E-03,+574.329988E-03
+70.000E-06,+522.927119E-03,+536.997480E-03,+619.032667E-03
+72.500E-06,+729.376028E-03,+682.097981E-03,+703.831662E-03
+75.000E-06,+589.195963E-03,+578.664147E-03,+554.334176E-03
+77.500E-06,+546.168325E-03,+547.047732E-03,+580.716085E-03
+80.000E-06,+466.603837E-03,+545.058619E-03,+428.496656E-03
+82.500E-06,+451.214390E-03,+536.892790E-03,+441.268850E-03
+85.000E-06,+750.942192E-03,+645.979891E-03,+721.733671E-03
+87.500E-06,+436.871844E-03,+532.705186E-03,+406.930492E-03
+90.000E-06,+598.304003E-03,+616.771349E-03,+513.609720E-03
+92.500E-06,+611.494958E-03,+580.967329E-03,+653.894476E-03
+95.000E-06,+449.853418E-03,+539.405353E-03,+413.211899E-03
+97.500E-06,+561.976533E-03,+578.768837E-03,+546.273037E-03
+100.000E-06,+459.170839E-03,+548.932154E-03,+407.663323E-03
+102.500E-06,+644.472344E-03,+638.860963E-03,+581.448916E-03
+105.000E-06,+581.867655E-03,+577.512555E-03,+618.090456E-03
+107.500E-06,+436.871844E-03,+523.806526E-03,+425.251263E-03
+110.000E-06,+653.580384E-03,+591.122270E-03,+736.599668E-03
+112.500E-06,+626.570334E-03,+611.746223E-03,+540.305700E-03
+115.000E-06,+504.396969E-03,+521.293963E-03,+485.866840E-03
+117.500E-06,+504.920419E-03,+570.498318E-03,+419.702686E-03
+120.000E-06,+561.453082E-03,+553.015068E-03,+463.672535E-03
+122.500E-06,+506.281391E-03,+557.726123E-03,+435.929654E-03
+125.000E-06,+511.829967E-03,+568.823276E-03,+468.802351E-03
+127.500E-06,+594.744539E-03,+539.405353E-03,+618.090456E-03
+130.000E-06,+565.640687E-03,+535.113058E-03,+627.198496E-03
+132.500E-06,+456.134825E-03,+524.015906E-03,+457.286438E-03
+135.000E-06,+667.399479E-03,+552.910378E-03,+637.248747E-03
+137.500E-06,+581.030134E-03,+556.783912E-03,+602.072868E-03
+140.000E-06,+690.431305E-03,+649.539355E-03,+702.470690E-03
+142.500E-06,+507.537672E-03,+532.914566E-03,+477.386940E-03
+145.000E-06,+519.472346E-03,+536.997480E-03,+505.339201E-03
+147.500E-06,+633.898642E-03,+568.195135E-03,+629.187609E-03
+150.000E-06,+420.958946E-03,+532.914566E-03,+444.933004E-03
+152.500E-06,+677.135660E-03,+659.484916E-03,+621.231160E-03
+155.000E-06,+602.072847E-03,+582.537681E-03,+616.834175E-03
+157.500E-06,+544.807354E-03,+551.549407E-03,+516.122283E-03
+160.000E-06,+611.180887E-03,+554.271350E-03,+680.276385E-03
+162.500E-06,+613.484070E-03,+577.198485E-03,+714.510053E-03
+165.000E-06,+668.341691E-03,+645.875201E-03,+590.347576E-03
+167.500E-06,+680.904505E-03,+636.243711E-03,+673.680908E-03
+170.000E-06,+598.304003E-03,+527.365990E-03,+634.003354E-03
+172.500E-06,+647.508358E-03,+620.226123E-03,+628.454778E-03
+175.000E-06,+647.613048E-03,+602.952254E-03,+575.062819E-03
+177.500E-06,+467.336668E-03,+553.015068E-03,+464.928816E-03
+180.000E-06,+530.360118E-03,+515.536007E-03,+661.013404E-03
+182.500E-06,+568.467320E-03,+573.115570E-03,+508.479905E-03
+185.000E-06,+602.910368E-03,+571.649909E-03,+610.762148E-03
+187.500E-06,+708.542695E-03,+625.146558E-03,+723.304023E-03
+190.000E-06,+591.080385E-03,+553.015068E-03,+705.087943E-03
+192.500E-06,+654.417905E-03,+627.240360E-03,+696.922114E-03
+195.000E-06,+588.777203E-03,+593.634833E-03,+609.505867E-03
+197.500E-06,+524.183401E-03,+569.346726E-03,+490.577895E-03
+200.000E-06,+636.097135E-03,+600.230311E-03,+733.563654E-03
+202.500E-06,+573.806516E-03,+555.004180E-03,+523.555282E-03
+205.000E-06,+635.678375E-03,+617.085419E-03,+632.851763E-03
+207.500E-06,+487.646550E-03,+512.918754E-03,+417.294814E-03
+210.000E-06,+601.130636E-03,+597.508368E-03,+557.474879E-03
+212.500E-06,+670.540183E-03,+635.615570E-03,+754.396988E-03
+215.000E-06,+534.128962E-03,+499.518419E-03,+450.481580E-03
+217.500E-06,+496.021759E-03,+512.814064E-03,+421.377728E-03
+220.000E-06,+611.494958E-03,+556.469842E-03,+524.497493E-03
+222.500E-06,+460.950571E-03,+539.300663E-03,+417.085433E-03
+225.000E-06,+648.241188E-03,+630.799824E-03,+653.894476E-03
+227.500E-06,+532.035159E-03,+546.733661E-03,+561.243723E-03
+230.000E-06,+628.664137E-03,+574.162472E-03,+602.701009E-03
+232.500E-06,+669.388592E-03,+621.796475E-03,+739.740371E-03
+235.000E-06,+484.610537E-03,+537.625621E-03,+442.211061E-03
+237.500E-06,+525.439682E-03,+538.149072E-03,+449.853440E-03
+240.000E-06,+467.441358E-03,+514.698486E-03,+444.618934E-03
+242.500E-06,+672.424605E-03,+622.738685E-03,+711.997490E-03
+245.000E-06,+648.241188E-03,+610.489942E-03,+664.049417E-03
+247.500E-06,+483.563636E-03,+532.914566E-03,+430.067008E-03
+250.000E-06,+630.025108E-03,+581.909540E-03,+641.017592E-03
+252.500E-06,+686.139010E-03,+672.466491E-03,+756.490790E-03
+255.000E-06,+487.227790E-03,+532.914566E-03,+436.976555E-03
+257.500E-06,+453.831643E-03,+516.582908E-03,+440.954780E-03
+260.000E-06,+595.686750E-03,+593.111383E-03,+629.711059E-03
+262.500E-06,+594.744539E-03,+598.136508E-03,+587.730323E-03
+265.000E-06,+623.743701E-03,+582.851751E-03,+581.030155E-03
+267.500E-06,+718.383566E-03,+638.546893E-03,+753.664157E-03
+270.000E-06,+513.819079E-03,+568.509205E-03,+519.262987E-03
+272.500E-06,+645.100485E-03,+610.175872E-03,+684.987441E-03
+275.000E-06,+708.542695E-03,+613.316575E-03,+723.932164E-03
+277.500E-06,+427.135663E-03,+532.914566E-03,+427.868515E-03
+280.000E-06,+606.783902E-03,+612.060294E-03,+655.778898E-03
+282.500E-06,+548.785578E-03,+573.639021E-03,+553.391965E-03
+285.000E-06,+579.878542E-03,+553.015068E-03,+516.750424E-03
+287.500E-06,+472.989934E-03,+565.891953E-03,+503.140709E-03
+290.000E-06,+704.041020E-03,+658.019255E-03,+758.793972E-03
+292.500E-06,+438.546886E-03,+537.416241E-03,+414.991631E-03
+295.000E-06,+566.896968E-03,+552.700998E-03,+556.218597E-03
+297.500E-06,+501.884406E-03,+520.037682E-03,+474.141547E-03
+300.000E-06,+504.292279E-03,+558.458954E-03,+456.762987E-03
+302.500E-06,+486.494959E-03,+552.386927E-03,+396.984931E-03
+305.000E-06,+668.341691E-03,+594.681734E-03,+722.047742E-03
+307.500E-06,+439.593787E-03,+521.712723E-03,+413.002519E-03
+310.000E-06,+501.884406E-03,+567.462304E-03,+438.756287E-03
+312.500E-06,+493.718577E-03,+548.408703E-03,+482.202685E-03
+315.000E-06,+513.505009E-03,+543.174197E-03,+479.480743E-03
+317.500E-06,+634.736164E-03,+611.746223E-03,+665.515079E-03
+320.000E-06,+474.560286E-03,+521.922104E-03,+428.496656E-03
+322.500E-06,+660.385242E-03,+601.277212E-03,+730.841711E-03
+325.000E-06,+623.429631E-03,+572.173359E-03,+513.819101E-03
+327.500E-06,+657.767989E-03,+592.797312E-03,+666.771361E-03
+330.000E-06,+449.539348E-03,+496.168335E-03,+396.984931E-03
+332.500E-06,+635.992445E-03,+584.422103E-03,+687.185933E-03
+335.000E-06,+493.927957E-03,+532.914566E-03,+417.085433E-03
+337.500E-06,+630.967319E-03,+630.485754E-03,+620.812399E-03
+340.000E-06,+535.489933E-03,+539.510043E-03,+435.615584E-03
+342.500E-06,+491.206014E-03,+534.798988E-03,+479.376053E-03
+345.000E-06,+681.009195E-03,+611.118083E-03,+897.298996E-03
+347.500E-06,+643.530133E-03,+645.665821E-03,+645.728647E-03
+350.000E-06,+676.821590E-03,+611.222773E-03,+795.854273E-03
+352.500E-06,+432.370169E-03,+495.330814E-03,+361.494982E-03
+355.000E-06,+691.582896E-03,+607.977379E-03,+888.819097E-03
+357.500E-06,+505.757940E-03,+558.249574E-03,+504.396990E-03
+360.000E-06,+467.336668E-03,+532.914566E-03,+376.884429E-03
+362.500E-06,+657.977369E-03,+640.640695E-03,+726.130657E-03
+365.000E-06,+557.893618E-03,+564.530981E-03,+566.582919E-03
+367.500E-06,+433.626450E-03,+526.109708E-03,+349.979069E-03
+370.000E-06,+495.917070E-03,+523.806526E-03,+431.846740E-03
+372.500E-06,+545.749565E-03,+557.621433E-03,+466.499168E-03
+375.000E-06,+426.821593E-03,+532.809876E-03,+356.469856E-03
+377.500E-06,+587.625611E-03,+598.555269E-03,+566.582919E-03
+380.000E-06,+509.526784E-03,+555.004180E-03,+453.098833E-03
+382.500E-06,+558.521759E-03,+548.827464E-03,+476.025969E-03
+385.000E-06,+499.057773E-03,+556.783912E-03,+480.841714E-03
+387.500E-06,+723.722762E-03,+678.957278E-03,+874.476551E-03
+390.000E-06,+564.698476E-03,+557.621433E-03,+549.937191E-03
+392.500E-06,+648.241188E-03,+590.389440E-03,+689.698496E-03
+395.000E-06,+692.001657E-03,+628.706022E-03,+758.793972E-03
+397.500E-06,+631.804840E-03,+576.046894E-03,+606.783924E-03
+400.000E-06,+543.969833E-03,+531.658285E-03,+539.258799E-03
+402.500E-06,+737.855928E-03,+666.813224E-03,+810.929650E-03
+405.000E-06,+521.670838E-03,+551.025956E-03,+545.854277E-03
+407.500E-06,+617.148224E-03,+582.851751E-03,+750.000003E-03
+410.000E-06,+641.959781E-03,+614.677546E-03,+689.384425E-03
+412.500E-06,+578.203501E-03,+556.469842E-03,+627.721947E-03
+415.000E-06,+494.346718E-03,+536.369340E-03,+454.459805E-03
+417.500E-06,+591.917906E-03,+562.646559E-03,+607.935515E-03
+420.000E-06,+728.643198E-03,+672.257110E-03,+820.456451E-03
+422.500E-06,+458.228628E-03,+522.550244E-03,+336.683424E-03
+425.000E-06,+632.537671E-03,+596.147396E-03,+800.460639E-03
+427.500E-06,+512.248728E-03,+553.015068E-03,+555.381077E-03
+430.000E-06,+748.743700E-03,+653.517580E-03,+902.638192E-03
+432.500E-06,+639.028458E-03,+610.280562E-03,+619.765498E-03
+435.000E-06,+536.222764E-03,+562.437179E-03,+545.435515E-03
+437.500E-06,+475.502497E-03,+516.896978E-03,+369.032670E-03
+440.000E-06,+715.556933E-03,+654.459791E-03,+884.526802E-03
+442.500E-06,+728.643198E-03,+655.506692E-03,+893.530152E-03
+445.000E-06,+523.555260E-03,+558.354264E-03,+540.515080E-03
+447.500E-06,+487.855930E-03,+533.123946E-03,+318.048583E-03
+450.000E-06,+603.119749E-03,+592.902003E-03,+574.644059E-03
+452.500E-06,+715.452243E-03,+664.824112E-03,+732.097993E-03
+455.000E-06,+653.161624E-03,+599.078719E-03,+701.842549E-03
+457.500E-06,+699.958106E-03,+609.024280E-03,+857.935512E-03
+460.000E-06,+733.354253E-03,+658.228635E-03,+766.959802E-03
+462.500E-06,+735.029295E-03,+673.618082E-03,+847.466501E-03
+465.000E-06,+693.676699E-03,+638.651583E-03,+889.028477E-03
+467.500E-06,+508.479883E-03,+544.535169E-03,+426.507544E-03
+470.000E-06,+465.242865E-03,+551.444716E-03,+432.474880E-03
+472.500E-06,+687.395292E-03,+621.796475E-03,+897.403686E-03
+475.000E-06,+560.301491E-03,+560.866827E-03,+450.062820E-03
+477.500E-06,+644.681724E-03,+629.020092E-03,+645.100506E-03
+480.000E-06,+692.106347E-03,+640.745385E-03,+709.484928E-03
+482.500E-06,+588.253752E-03,+566.520093E-03,+704.459802E-03
+485.000E-06,+441.687589E-03,+521.503343E-03,+423.262150E-03
+487.500E-06,+661.850903E-03,+610.071181E-03,+660.908714E-03
+490.000E-06,+532.663300E-03,+563.379390E-03,+484.924628E-03
+492.500E-06,+576.423769E-03,+549.560294E-03,+468.174210E-03
+495.000E-06,+718.697637E-03,+663.881901E-03,+858.668343E-03
+497.500E-06,+402.952246E-03,+501.193461E-03,+281.721113E-03
+500.000E-06,+712.625610E-03,+681.679221E-03,+750.942214E-03
+502.500E-06,+606.155762E-03,+559.087095E-03,+697.759635E-03
+505.000E-06,+597.675862E-03,+562.751249E-03,+510.992468E-03
+507.500E-06,+563.965645E-03,+578.664147E-03,+570.142383E-03
+510.000E-06,+526.172513E-03,+528.308201E-03,+390.912905E-03
+512.500E-06,+670.854254E-03,+617.399490E-03,+713.881913E-03
+515.000E-06,+675.460619E-03,+600.335001E-03,+624.685934E-03
+517.500E-06,+548.262127E-03,+559.401165E-03,+555.904527E-03
+520.000E-06,+609.924606E-03,+594.158284E-03,+540.515080E-03
+522.500E-06,+662.897805E-03,+587.772187E-03,+671.273036E-03
+525.000E-06,+484.191776E-03,+517.629809E-03,+433.103021E-03
+527.500E-06,+559.987421E-03,+572.487430E-03,+534.547744E-03
+530.000E-06,+525.858442E-03,+535.322438E-03,+451.633171E-03
+532.500E-06,+558.521759E-03,+544.011718E-03,+463.567845E-03
+535.000E-06,+676.507520E-03,+600.753761E-03,+694.723622E-03
+537.500E-06,+620.079547E-03,+560.238686E-03,+757.956452E-03
+540.000E-06,+534.128962E-03,+536.159959E-03,+510.469017E-03
+542.500E-06,+567.525109E-03,+572.801500E-03,+498.115583E-03
+545.000E-06,+557.056097E-03,+562.332489E-03,+592.127308E-03
+547.500E-06,+587.939681E-03,+551.235336E-03,+576.109720E-03
+550.000E-06,+580.716063E-03,+606.092957E-03,+583.542718E-03
+552.500E-06,+584.066147E-03,+569.242036E-03,+561.662484E-03
+555.000E-06,+577.680050E-03,+588.086257E-03,+572.759636E-03
+557.500E-06,+567.839179E-03,+573.115570E-03,+577.889452E-03
+560.000E-06,+590.975695E-03,+593.216073E-03,+577.889452E-03
+562.500E-06,+575.900318E-03,+581.176709E-03,+565.850088E-03
+565.000E-06,+567.839179E-03,+573.115570E-03,+577.889452E-03
+567.500E-06,+587.939681E-03,+583.270512E-03,+567.734511E-03
+570.000E-06,+587.939681E-03,+574.267162E-03,+579.041043E-03
+572.500E-06,+587.939681E-03,+573.115570E-03,+570.037693E-03
+575.000E-06,+571.084573E-03,+573.115570E-03,+554.543556E-03
+577.500E-06,+573.597136E-03,+573.115570E-03,+563.546906E-03
+580.000E-06,+582.600486E-03,+593.216073E-03,+572.550256E-03
+582.500E-06,+571.503333E-03,+573.115570E-03,+577.889452E-03
+585.000E-06,+575.272177E-03,+573.115570E-03,+577.889452E-03
+587.500E-06,+567.839179E-03,+573.115570E-03,+596.419602E-03
+590.000E-06,+578.412881E-03,+574.162472E-03,+588.463154E-03
+592.500E-06,+568.886080E-03,+573.115570E-03,+597.466503E-03
+595.000E-06,+576.319079E-03,+584.736173E-03,+557.788949E-03
+597.500E-06,+567.839179E-03,+587.981567E-03,+595.372701E-03
+600.000E-06,+567.839179E-03,+593.216073E-03,+571.503355E-03
+602.500E-06,+563.128124E-03,+588.505018E-03,+624.057793E-03
+605.000E-06,+567.839179E-03,+573.115570E-03,+577.889452E-03
+607.500E-06,+594.744539E-03,+559.819926E-03,+571.084594E-03
+610.000E-06,+570.037672E-03,+559.610546E-03,+615.891964E-03
+612.500E-06,+567.839179E-03,+561.913728E-03,+577.889452E-03
+615.000E-06,+587.939681E-03,+573.115570E-03,+597.885264E-03
+617.500E-06,+576.947219E-03,+582.223611E-03,+597.989954E-03
+620.000E-06,+587.939681E-03,+571.126458E-03,+597.989954E-03
+622.500E-06,+594.953919E-03,+567.043544E-03,+564.803187E-03
+625.000E-06,+555.904506E-03,+573.115570E-03,+565.954778E-03
+627.500E-06,+587.939681E-03,+562.855939E-03,+562.709385E-03
+630.000E-06,+574.015896E-03,+579.292287E-03,+577.889452E-03
+632.500E-06,+585.113048E-03,+570.288937E-03,+592.336688E-03
+635.000E-06,+567.839179E-03,+593.216073E-03,+557.788949E-03
+637.500E-06,+587.206851E-03,+573.115570E-03,+577.889452E-03
+640.000E-06,+578.203501E-03,+562.751249E-03,+608.982416E-03
+642.500E-06,+587.939681E-03,+573.115570E-03,+596.628983E-03
+645.000E-06,+567.839179E-03,+565.473192E-03,+570.247073E-03
+647.500E-06,+587.939681E-03,+589.761299E-03,+581.344226E-03
+650.000E-06,+562.290603E-03,+587.667497E-03,+563.337526E-03
+652.500E-06,+587.939681E-03,+573.115570E-03,+568.886102E-03
+655.000E-06,+584.484908E-03,+559.924616E-03,+557.788949E-03
+657.500E-06,+580.297303E-03,+580.757949E-03,+570.247073E-03
+660.000E-06,+587.939681E-03,+574.476542E-03,+577.889452E-03
+662.500E-06,+578.203501E-03,+573.115570E-03,+568.153271E-03
+665.000E-06,+568.572010E-03,+573.115570E-03,+576.423790E-03
+667.500E-06,+579.669162E-03,+573.115570E-03,+586.159971E-03
+670.000E-06,+570.665812E-03,+575.942204E-03,+577.889452E-03
+672.500E-06,+595.686750E-03,+593.216073E-03,+577.889452E-03
+675.000E-06,+583.019246E-03,+547.675872E-03,+572.969016E-03
+677.500E-06,+576.005008E-03,+577.198485E-03,+593.907040E-03
+680.000E-06,+567.839179E-03,+580.129808E-03,+577.889452E-03
+682.500E-06,+587.939681E-03,+573.115570E-03,+559.778062E-03
+685.000E-06,+578.831641E-03,+584.108033E-03,+588.881914E-03
+687.500E-06,+567.943869E-03,+533.123946E-03,+577.784762E-03
+690.000E-06,+567.839179E-03,+561.913728E-03,+580.192634E-03
+692.500E-06,+567.839179E-03,+570.917078E-03,+577.889452E-03
+695.000E-06,+574.644037E-03,+586.411215E-03,+571.398665E-03
+697.500E-06,+572.131474E-03,+573.115570E-03,+562.081244E-03
+700.000E-06,+567.839179E-03,+557.726123E-03,+557.788949E-03
+702.500E-06,+567.839179E-03,+573.115570E-03,+591.603857E-03
+705.000E-06,+567.839179E-03,+590.598820E-03,+577.889452E-03
+707.500E-06,+567.839179E-03,+593.216073E-03,+566.268849E-03
+710.000E-06,+587.416231E-03,+593.216073E-03,+558.312400E-03
+712.500E-06,+567.839179E-03,+582.642371E-03,+576.842551E-03
+715.000E-06,+606.469832E-03,+571.545219E-03,+616.520105E-03
+717.500E-06,+575.272177E-03,+560.448066E-03,+570.456453E-03
+720.000E-06,+555.066985E-03,+573.115570E-03,+577.889452E-03
+722.500E-06,+582.600486E-03,+538.253762E-03,+572.550256E-03
+725.000E-06,+567.839179E-03,+573.115570E-03,+563.546906E-03
+727.500E-06,+587.939681E-03,+586.725286E-03,+577.889452E-03
+730.000E-06,+587.939681E-03,+585.364314E-03,+573.492467E-03
+732.500E-06,+568.990770E-03,+593.216073E-03,+576.737860E-03
+735.000E-06,+578.203501E-03,+563.170009E-03,+577.889452E-03
+737.500E-06,+550.565310E-03,+573.115570E-03,+556.846738E-03
+740.000E-06,+575.900318E-03,+565.054432E-03,+585.950591E-03
+742.500E-06,+584.903668E-03,+576.151584E-03,+580.925465E-03
+745.000E-06,+581.972345E-03,+573.115570E-03,+557.788949E-03
+747.500E-06,+557.998308E-03,+588.086257E-03,+572.759636E-03
+750.000E-06,+555.485746E-03,+589.342538E-03,+577.889452E-03
+752.500E-06,+580.716063E-03,+585.992455E-03,+590.766336E-03
+755.000E-06,+587.939681E-03,+573.115570E-03,+576.109720E-03
+757.500E-06,+578.622261E-03,+571.649909E-03,+557.788949E-03
+760.000E-06,+587.625611E-03,+533.542707E-03,+577.889452E-03
+762.500E-06,+587.939681E-03,+593.216073E-03,+569.200172E-03
+765.000E-06,+567.839179E-03,+590.808200E-03,+577.889452E-03
+767.500E-06,+574.434657E-03,+586.306525E-03,+578.203522E-03
+770.000E-06,+567.839179E-03,+568.613895E-03,+593.488279E-03
+772.500E-06,+578.936331E-03,+573.115570E-03,+588.986604E-03
+775.000E-06,+601.444706E-03,+579.711048E-03,+591.394477E-03
+777.500E-06,+585.531809E-03,+555.422941E-03,+595.582081E-03
+780.000E-06,+587.939681E-03,+581.804850E-03,+589.300674E-03
+782.500E-06,+587.625611E-03,+573.429641E-03,+577.575381E-03
+785.000E-06,+578.622261E-03,+571.649909E-03,+588.672534E-03
+787.500E-06,+569.618911E-03,+554.794800E-03,+541.247911E-03
+790.000E-06,+587.939681E-03,+580.339188E-03,+565.012567E-03
+792.500E-06,+587.939681E-03,+569.242036E-03,+594.116420E-03
+795.000E-06,+587.939681E-03,+573.115570E-03,+562.918765E-03
+797.500E-06,+587.939681E-03,+593.216073E-03,+563.756286E-03
+800.000E-06,+564.803166E-03,+590.180059E-03,+560.824963E-03
+802.500E-06,+599.979045E-03,+577.093795E-03,+549.727811E-03
+805.000E-06,+587.939681E-03,+553.015068E-03,+577.889452E-03
+807.500E-06,+587.939681E-03,+583.270512E-03,+578.098832E-03
+810.000E-06,+587.939681E-03,+554.166659E-03,+558.940541E-03
+812.500E-06,+563.442194E-03,+580.967329E-03,+577.889452E-03
+815.000E-06,+554.229464E-03,+576.360964E-03,+577.889452E-03
+817.500E-06,+567.839179E-03,+578.873527E-03,+577.889452E-03
+820.000E-06,+593.278877E-03,+573.115570E-03,+572.550256E-03
+822.500E-06,+571.503333E-03,+573.115570E-03,+574.225298E-03
+825.000E-06,+580.506683E-03,+573.115570E-03,+572.654946E-03
+827.500E-06,+550.879380E-03,+571.545219E-03,+557.788949E-03
+830.000E-06,+567.839179E-03,+594.262974E-03,+577.889452E-03
+832.500E-06,+606.993283E-03,+593.216073E-03,+597.989954E-03
+835.000E-06,+576.319079E-03,+604.836676E-03,+569.409552E-03
+837.500E-06,+567.839179E-03,+593.216073E-03,+560.406202E-03
+840.000E-06,+575.167487E-03,+593.216073E-03,+570.561144E-03
+842.500E-06,+583.228626E-03,+583.793962E-03,+562.500005E-03
+845.000E-06,+583.647387E-03,+588.923778E-03,+577.889452E-03
+847.500E-06,+587.939681E-03,+539.719423E-03,+571.084594E-03
+850.000E-06,+570.037672E-03,+573.115570E-03,+577.889452E-03
+852.500E-06,+599.141524E-03,+564.216911E-03,+566.687609E-03
+855.000E-06,+587.939681E-03,+573.115570E-03,+577.784762E-03
+857.500E-06,+576.947219E-03,+584.108033E-03,+566.896990E-03
+860.000E-06,+569.828291E-03,+575.104683E-03,+557.788949E-03
+862.500E-06,+567.839179E-03,+566.101333E-03,+577.889452E-03
+865.000E-06,+608.040184E-03,+573.115570E-03,+589.824125E-03
+867.500E-06,+578.098811E-03,+573.115570E-03,+582.809887E-03
+870.000E-06,+553.915394E-03,+579.292287E-03,+565.536018E-03
+872.500E-06,+587.939681E-03,+570.288937E-03,+540.515080E-03
+875.000E-06,+579.669162E-03,+573.115570E-03,+566.059469E-03
+877.500E-06,+567.839179E-03,+573.115570E-03,+578.622283E-03
+880.000E-06,+578.203501E-03,+573.115570E-03,+588.253773E-03
+882.500E-06,+567.839179E-03,+591.855101E-03,+579.250423E-03
+885.000E-06,+600.397805E-03,+593.216073E-03,+570.247073E-03
+887.500E-06,+554.648225E-03,+589.761299E-03,+577.889452E-03
+890.000E-06,+587.939681E-03,+587.667497E-03,+597.989954E-03
+892.500E-06,+582.391105E-03,+547.466492E-03,+577.889452E-03
+895.000E-06,+591.394455E-03,+569.660797E-03,+581.344226E-03
+897.500E-06,+567.839179E-03,+577.931316E-03,+577.889452E-03
+900.000E-06,+586.578710E-03,+574.476542E-03,+559.149921E-03
+902.500E-06,+578.203501E-03,+563.379390E-03,+577.889452E-03
+905.000E-06,+567.839179E-03,+552.282237E-03,+559.254611E-03
+907.500E-06,+576.109698E-03,+573.115570E-03,+589.719435E-03
+910.000E-06,+550.565310E-03,+573.115570E-03,+575.062819E-03
+912.500E-06,+567.839179E-03,+545.268000E-03,+563.965666E-03
+915.000E-06,+587.939681E-03,+573.115570E-03,+577.889452E-03
+917.500E-06,+567.839179E-03,+577.198485E-03,+577.889452E-03
+920.000E-06,+594.953919E-03,+573.115570E-03,+557.788949E-03
+922.500E-06,+567.839179E-03,+575.104683E-03,+543.655784E-03
+925.000E-06,+576.947219E-03,+593.216073E-03,+579.773874E-03
+927.500E-06,+587.939681E-03,+573.115570E-03,+577.680072E-03
+930.000E-06,+599.141524E-03,+573.115570E-03,+577.889452E-03
+932.500E-06,+587.939681E-03,+570.917078E-03,+562.185934E-03
+935.000E-06,+574.644037E-03,+566.310713E-03,+538.002518E-03
+937.500E-06,+583.647387E-03,+588.923778E-03,+577.889452E-03
+940.000E-06,+583.228626E-03,+588.505018E-03,+577.889452E-03
+942.500E-06,+588.881893E-03,+586.829976E-03,+571.503355E-03
+945.000E-06,+570.456432E-03,+573.115570E-03,+575.272199E-03
+947.500E-06,+567.839179E-03,+573.115570E-03,+586.369351E-03
+950.000E-06,+586.892780E-03,+573.115570E-03,+577.889452E-03
+952.500E-06,+567.839179E-03,+573.115570E-03,+568.362651E-03
+955.000E-06,+325.062800E-03,+455.653260E-03,+319.723625E-03
+957.500E-06,+604.480720E-03,+535.950579E-03,+692.734509E-03
+960.000E-06,+368.613888E-03,+505.485755E-03,+373.220275E-03
+962.500E-06,+645.414555E-03,+613.316575E-03,+588.253774E-03
+965.000E-06,+518.844205E-03,+527.156610E-03,+551.821613E-03
+967.500E-06,+373.953084E-03,+506.323276E-03,+370.393642E-03
+970.000E-06,+554.962295E-03,+602.952254E-03,+491.520106E-03
+972.500E-06,+736.076196E-03,+592.064481E-03,+818.467338E-03
+975.000E-06,+456.344205E-03,+522.340864E-03,+416.876053E-03
+977.500E-06,+405.778879E-03,+483.919591E-03,+489.635684E-03
+980.000E-06,+511.829967E-03,+516.896978E-03,+521.984930E-03
+982.500E-06,+469.221090E-03,+543.907028E-03,+387.876891E-03
+985.000E-06,+685.929630E-03,+599.811550E-03,+718.278897E-03
+987.500E-06,+734.610534E-03,+663.777211E-03,+619.765498E-03
+990.000E-06,+758.689261E-03,+686.704346E-03,+716.917926E-03
+992.500E-06,+671.482394E-03,+655.087931E-03,+568.153271E-03
+995.000E-06,+522.298979E-03,+512.814064E-03,+552.449753E-03
+997.500E-06,+675.669999E-03,+583.898652E-03,+672.948078E-03
+1.000000E-03,+346.105513E-03,+472.613059E-03,+395.728650E-03
+1.002500E-03,+427.659114E-03,+484.547732E-03,+394.262988E-03
+1.005000E-03,+696.503332E-03,+668.802337E-03,+568.257961E-03
+1.007500E-03,+333.542699E-03,+499.623109E-03,+322.864329E-03
+1.010000E-03,+766.122259E-03,+635.510880E-03,+822.969014E-03
+1.012500E-03,+646.461457E-03,+564.426291E-03,+665.515079E-03
+1.015000E-03,+749.999981E-03,+661.369339E-03,+766.331661E-03
+1.017500E-03,+784.128959E-03,+631.009205E-03,+885.050252E-03
+1.020000E-03,+317.943872E-03,+492.713561E-03,+316.582922E-03
+1.022500E-03,+722.989931E-03,+571.545219E-03,+771.670856E-03
+1.025000E-03,+606.051071E-03,+606.930478E-03,+512.667509E-03
+1.027500E-03,+380.548561E-03,+485.071183E-03,+416.038532E-03
+1.030000E-03,+534.233652E-03,+582.851751E-03,+465.452267E-03
+1.032500E-03,+589.405343E-03,+626.402840E-03,+469.639872E-03
+1.035000E-03,+689.698475E-03,+609.024280E-03,+719.430489E-03
+1.037500E-03,+328.831644E-03,+466.645722E-03,+358.982419E-03
+1.040000E-03,+869.346714E-03,+690.682571E-03,+879.396986E-03
+1.042500E-03,+350.711878E-03,+476.591283E-03,+340.661649E-03
+1.045000E-03,+846.419578E-03,+694.660795E-03,+778.894475E-03
+1.047500E-03,+550.041859E-03,+584.108033E-03,+519.053606E-03
+1.050000E-03,+299.727791E-03,+482.977380E-03,+367.776388E-03
+1.052500E-03,+649.497469E-03,+607.349238E-03,+663.944727E-03
+1.055000E-03,+318.886083E-03,+488.840027E-03,+332.809890E-03
+1.057500E-03,+777.428792E-03,+665.033492E-03,+827.575379E-03
+1.060000E-03,+460.741190E-03,+522.236174E-03,+407.663323E-03
+1.062500E-03,+799.832476E-03,+655.297312E-03,+853.747908E-03
+1.065000E-03,+785.908691E-03,+688.484078E-03,+722.989953E-03
+1.067500E-03,+435.301492E-03,+508.417079E-03,+383.479906E-03
+1.070000E-03,+607.097972E-03,+568.927966E-03,+688.023454E-03
+1.072500E-03,+782.139847E-03,+689.007529E-03,+773.659969E-03
+1.075000E-03,+558.102998E-03,+585.678384E-03,+503.768849E-03
+1.077500E-03,+389.447221E-03,+504.020094E-03,+426.612234E-03
+1.080000E-03,+592.650736E-03,+553.957279E-03,+644.786436E-03
+1.082500E-03,+753.454755E-03,+674.874363E-03,+700.690958E-03
+1.085000E-03,+399.602163E-03,+511.243712E-03,+435.615584E-03
+1.087500E-03,+501.675026E-03,+486.222774E-03,+558.731160E-03
+1.090000E-03,+359.924609E-03,+477.010044E-03,+430.276388E-03
+1.092500E-03,+525.334992E-03,+528.308201E-03,+515.598833E-03
+1.095000E-03,+727.596296E-03,+652.889439E-03,+597.152433E-03
+1.097500E-03,+579.459782E-03,+549.560294E-03,+629.711059E-03
+1.100000E-03,+412.793117E-03,+516.792288E-03,+376.465668E-03
+1.102500E-03,+596.838341E-03,+586.201835E-03,+577.470692E-03
+1.105000E-03,+499.685914E-03,+544.849239E-03,+437.814076E-03
+1.107500E-03,+380.339181E-03,+477.114734E-03,+435.510894E-03
+1.110000E-03,+386.829968E-03,+509.673360E-03,+387.667511E-03
+1.112500E-03,+461.997472E-03,+495.540194E-03,+529.522618E-03
+1.115000E-03,+580.716063E-03,+558.877715E-03,+651.067843E-03
+1.117500E-03,+822.550232E-03,+710.887763E-03,+788.002515E-03
+1.120000E-03,+522.927119E-03,+586.620595E-03,+470.791463E-03
+1.122500E-03,+679.229463E-03,+690.996641E-03,+559.463991E-03
+1.125000E-03,+722.152410E-03,+624.937178E-03,+722.571192E-03
+1.127500E-03,+543.027622E-03,+589.133158E-03,+470.477393E-03
+1.130000E-03,+781.302326E-03,+693.718584E-03,+767.064491E-03
+1.132500E-03,+494.451407E-03,+539.195973E-03,+489.949754E-03
+1.135000E-03,+442.839181E-03,+517.525119E-03,+468.907041E-03
+1.137500E-03,+771.670835E-03,+643.048568E-03,+725.083755E-03
+1.140000E-03,+666.666649E-03,+680.108869E-03,+548.262149E-03
+1.142500E-03,+512.562798E-03,+575.628133E-03,+459.799001E-03
+1.145000E-03,+694.618910E-03,+685.657445E-03,+589.928815E-03
+1.147500E-03,+424.832480E-03,+540.033494E-03,+396.984931E-03
+1.150000E-03,+429.962296E-03,+538.567832E-03,+379.711062E-03
+1.152500E-03,+762.667485E-03,+659.694297E-03,+761.934676E-03
+1.155000E-03,+501.779716E-03,+517.734499E-03,+430.590458E-03
+1.157500E-03,+459.484909E-03,+532.914566E-03,+401.695986E-03
+1.160000E-03,+453.308192E-03,+546.000830E-03,+289.468182E-03
+1.162500E-03,+527.428795E-03,+579.082907E-03,+442.734512E-03
+1.165000E-03,+529.208526E-03,+551.130646E-03,+398.555283E-03
+1.167500E-03,+568.362630E-03,+593.320763E-03,+639.342550E-03
+1.170000E-03,+603.747889E-03,+584.317413E-03,+629.292299E-03
+1.172500E-03,+560.929631E-03,+557.412053E-03,+546.482417E-03
+1.175000E-03,+608.982395E-03,+566.938854E-03,+560.301513E-03
+1.177500E-03,+658.396130E-03,+604.731986E-03,+790.619768E-03
+1.180000E-03,+540.515059E-03,+582.537681E-03,+542.085432E-03
+1.182500E-03,+590.766315E-03,+553.957279E-03,+501.256287E-03
+1.185000E-03,+675.355928E-03,+608.082069E-03,+818.257958E-03
+1.187500E-03,+528.580386E-03,+544.535169E-03,+519.472367E-03
+1.190000E-03,+528.685076E-03,+553.015068E-03,+516.541044E-03
+1.192500E-03,+541.457270E-03,+550.921266E-03,+467.964830E-03
+1.195000E-03,+628.140686E-03,+537.625621E-03,+573.492467E-03
+1.197500E-03,+668.341691E-03,+595.414565E-03,+703.726971E-03
+1.200000E-03,+639.028458E-03,+598.659959E-03,+614.321612E-03
+1.202500E-03,+629.711038E-03,+591.959791E-03,+579.459803E-03
+1.205000E-03,+613.902830E-03,+561.704348E-03,+552.345063E-03
+1.207500E-03,+624.267152E-03,+616.561969E-03,+734.819936E-03
+1.210000E-03,+651.695962E-03,+588.819088E-03,+782.349249E-03
+1.212500E-03,+478.852581E-03,+499.623109E-03,+336.159974E-03
+1.215000E-03,+698.597134E-03,+633.417077E-03,+808.521778E-03
+1.217500E-03,+450.062798E-03,+513.756275E-03,+360.552771E-03
+1.220000E-03,+668.341691E-03,+605.255436E-03,+823.073704E-03
+1.222500E-03,+693.362629E-03,+644.409540E-03,+833.856786E-03
+1.225000E-03,+682.474856E-03,+621.482404E-03,+712.625631E-03
+1.227500E-03,+678.182562E-03,+613.316575E-03,+747.696820E-03
+1.230000E-03,+560.824941E-03,+565.368502E-03,+450.272200E-03
+1.232500E-03,+649.811540E-03,+600.439691E-03,+813.442213E-03
+1.235000E-03,+671.901155E-03,+616.876039E-03,+655.988279E-03
+1.237500E-03,+585.950569E-03,+597.613058E-03,+603.329150E-03
+1.240000E-03,+490.263803E-03,+534.484918E-03,+384.108046E-03
+1.242500E-03,+583.019246E-03,+556.260462E-03,+568.048581E-03
+1.245000E-03,+657.139848E-03,+616.561969E-03,+814.384425E-03
+1.247500E-03,+581.972345E-03,+593.530143E-03,+504.711060E-03
+1.250000E-03,+683.940518E-03,+628.915402E-03,+803.182582E-03
+1.252500E-03,+551.926281E-03,+539.510043E-03,+441.373540E-03
+1.255000E-03,+587.311541E-03,+552.386927E-03,+495.917091E-03
+1.257500E-03,+688.442193E-03,+653.517580E-03,+822.340873E-03
+1.260000E-03,+677.030970E-03,+624.727798E-03,+770.728646E-03
+1.262500E-03,+569.409531E-03,+593.844214E-03,+582.286437E-03
+1.265000E-03,+666.876029E-03,+642.734498E-03,+765.180070E-03
+1.267500E-03,+547.738677E-03,+532.914566E-03,+477.386940E-03
+1.270000E-03,+555.904506E-03,+564.321601E-03,+557.160809E-03
+1.272500E-03,+638.086247E-03,+610.175872E-03,+608.668346E-03
+1.275000E-03,+621.754589E-03,+607.767999E-03,+731.051091E-03
+1.277500E-03,+587.939681E-03,+558.982405E-03,+503.454779E-03
+1.280000E-03,+534.861793E-03,+551.130646E-03,+443.676723E-03
+1.282500E-03,+551.612211E-03,+565.054432E-03,+581.553606E-03
+1.285000E-03,+475.816567E-03,+519.409541E-03,+356.469857E-03
+1.287500E-03,+477.072849E-03,+522.969005E-03,+396.984931E-03
+1.290000E-03,+488.588761E-03,+551.863477E-03,+417.085433E-03
+1.292500E-03,+491.834155E-03,+525.062807E-03,+404.836690E-03
+1.295000E-03,+534.757103E-03,+529.669172E-03,+441.059470E-03
+1.297500E-03,+473.094624E-03,+504.229474E-03,+405.674211E-03
+1.300000E-03,+574.748727E-03,+577.198485E-03,+633.165833E-03
+1.302500E-03,+496.545210E-03,+512.814064E-03,+429.857628E-03
+1.305000E-03,+584.903668E-03,+602.847563E-03,+521.984930E-03
+1.307500E-03,+574.120586E-03,+576.256274E-03,+614.949753E-03
+1.310000E-03,+616.520083E-03,+571.021768E-03,+545.121445E-03
+1.312500E-03,+511.725277E-03,+534.484918E-03,+447.131496E-03
+1.315000E-03,+613.379380E-03,+601.695972E-03,+635.050255E-03
+1.317500E-03,+635.154924E-03,+605.464816E-03,+739.635681E-03
+1.320000E-03,+558.626449E-03,+551.130646E-03,+551.193473E-03
+1.322500E-03,+669.597972E-03,+650.062806E-03,+730.527641E-03
+1.325000E-03,+641.226950E-03,+591.855101E-03,+713.149081E-03
+1.327500E-03,+593.174188E-03,+579.292287E-03,+662.583756E-03
+1.330000E-03,+699.748725E-03,+644.723610E-03,+770.100505E-03
+1.332500E-03,+558.940519E-03,+541.813226E-03,+479.690123E-03
+1.335000E-03,+688.023432E-03,+633.312387E-03,+817.839198E-03
+1.337500E-03,+565.954757E-03,+551.130646E-03,+444.409554E-03
+1.340000E-03,+642.273852E-03,+625.460629E-03,+815.326635E-03
+1.342500E-03,+681.427955E-03,+626.402840E-03,+716.708546E-03
+1.345000E-03,+647.613048E-03,+624.937178E-03,+741.206033E-03
+1.347500E-03,+516.541022E-03,+542.336676E-03,+515.494143E-03
+1.350000E-03,+651.381892E-03,+614.886927E-03,+721.838362E-03
+1.352500E-03,+596.419581E-03,+581.595470E-03,+537.374377E-03
+1.355000E-03,+639.970669E-03,+628.706022E-03,+620.498329E-03
+1.357500E-03,+661.013382E-03,+609.652421E-03,+745.603017E-03
+1.360000E-03,+555.590436E-03,+571.859289E-03,+494.974880E-03
+1.362500E-03,+685.720250E-03,+650.795637E-03,+793.551091E-03
+1.365000E-03,+618.509195E-03,+555.841701E-03,+632.223622E-03
+1.367500E-03,+654.522595E-03,+626.507530E-03,+743.718596E-03
+1.370000E-03,+498.534322E-03,+532.914566E-03,+468.383590E-03
+1.372500E-03,+477.072848E-03,+544.011718E-03,+412.269688E-03
+1.375000E-03,+661.432143E-03,+596.670847E-03,+801.193469E-03
+1.377500E-03,+625.314053E-03,+590.389440E-03,+669.912064E-03
+1.380000E-03,+662.897805E-03,+610.594632E-03,+825.586266E-03
+1.382500E-03,+658.605510E-03,+624.309037E-03,+779.522615E-03
+1.385000E-03,+647.508358E-03,+633.417077E-03,+796.063654E-03
+1.387500E-03,+475.607187E-03,+541.185085E-03,+406.407042E-03
+1.390000E-03,+495.917069E-03,+532.914566E-03,+428.391966E-03
+1.392500E-03,+501.256266E-03,+563.798150E-03,+526.695985E-03
+1.395000E-03,+618.718576E-03,+568.195135E-03,+624.267173E-03
+1.397500E-03,+619.660787E-03,+617.085419E-03,+729.585430E-03
+1.400000E-03,+601.025946E-03,+586.201835E-03,+510.573707E-03
+1.402500E-03,+539.782228E-03,+532.914566E-03,+469.430491E-03
+1.405000E-03,+688.442193E-03,+653.517580E-03,+747.801510E-03
+1.407500E-03,+447.236165E-03,+512.814064E-03,+336.788114E-03
+1.410000E-03,+480.841693E-03,+535.217748E-03,+421.691798E-03
+1.412500E-03,+579.145712E-03,+604.522605E-03,+562.500005E-03
+1.415000E-03,+527.638175E-03,+532.914566E-03,+443.676723E-03
+1.417500E-03,+517.483233E-03,+565.891952E-03,+449.853439E-03
+1.420000E-03,+540.515059E-03,+531.658285E-03,+503.140709E-03
+1.422500E-03,+661.013383E-03,+613.316575E-03,+736.809048E-03
+1.425000E-03,+482.202664E-03,+518.048569E-03,+431.951430E-03
+1.427500E-03,+498.115562E-03,+521.293963E-03,+399.183423E-03
+1.430000E-03,+609.610536E-03,+594.262974E-03,+543.969854E-03
+1.432500E-03,+554.124774E-03,+550.921266E-03,+472.152435E-03
+1.435000E-03,+574.120586E-03,+576.256274E-03,+502.512568E-03
+1.437500E-03,+491.834155E-03,+532.914566E-03,+428.915417E-03
+1.440000E-03,+516.750402E-03,+567.671684E-03,+473.827476E-03
+1.442500E-03,+609.296465E-03,+574.371852E-03,+580.402015E-03
+1.445000E-03,+590.871005E-03,+576.046894E-03,+540.619770E-03
+1.447500E-03,+665.096297E-03,+630.171684E-03,+660.908714E-03
+1.450000E-03,+551.193451E-03,+573.115570E-03,+512.248749E-03
+1.452500E-03,+593.697638E-03,+575.418753E-03,+514.761312E-03
+1.455000E-03,+678.077871E-03,+633.207697E-03,+748.220271E-03
+1.457500E-03,+543.027622E-03,+531.972355E-03,+433.417092E-03
+1.460000E-03,+672.319915E-03,+617.294799E-03,+794.912062E-03
+1.462500E-03,+581.867655E-03,+553.015068E-03,+590.766336E-03
+1.465000E-03,+640.703500E-03,+609.547731E-03,+693.781410E-03
+1.467500E-03,+673.052746E-03,+618.446391E-03,+778.056954E-03
+1.470000E-03,+644.367654E-03,+613.316575E-03,+597.989954E-03
+1.472500E-03,+582.286415E-03,+567.462304E-03,+524.811563E-03
+1.475000E-03,+580.820754E-03,+586.097145E-03,+525.230323E-03
+1.477500E-03,+610.971507E-03,+574.581232E-03,+594.535180E-03
+1.480000E-03,+509.736165E-03,+534.798988E-03,+440.954780E-03
+1.482500E-03,+599.874355E-03,+576.360964E-03,+593.592970E-03
+1.485000E-03,+686.034320E-03,+613.316575E-03,+781.302347E-03
+1.487500E-03,+493.718577E-03,+519.409541E-03,+417.085433E-03
+1.490000E-03,+674.937168E-03,+640.012555E-03,+671.482416E-03
+1.492500E-03,+668.341691E-03,+637.918752E-03,+814.593804E-03
+1.495000E-03,+447.236165E-03,+512.814064E-03,+396.984931E-03
+1.497500E-03,+588.777202E-03,+550.607195E-03,+604.480741E-03
+1.500000E-03,+650.963131E-03,+616.038518E-03,+669.702684E-03
+1.502500E-03,+628.454756E-03,+613.316575E-03,+619.032667E-03
+1.505000E-03,+668.341691E-03,+622.633995E-03,+798.994977E-03
+1.507500E-03,+596.838341E-03,+543.592958E-03,+592.127307E-03
+1.510000E-03,+524.497471E-03,+531.344214E-03,+448.492468E-03
+1.512500E-03,+676.821590E-03,+609.443041E-03,+775.753771E-03
+1.515000E-03,+617.881055E-03,+612.897815E-03,+632.223622E-03
+1.517500E-03,+620.602998E-03,+583.479892E-03,+705.716084E-03
+1.520000E-03,+510.573686E-03,+515.850077E-03,+437.185936E-03
+1.522500E-03,+571.608024E-03,+564.949742E-03,+629.711060E-03
+1.525000E-03,+650.125611E-03,+631.532655E-03,+819.095479E-03
+1.527500E-03,+536.955595E-03,+572.696810E-03,+466.394478E-03
+1.530000E-03,+601.130636E-03,+589.761299E-03,+586.474041E-03
+1.532500E-03,+591.394455E-03,+552.072857E-03,+575.062819E-03
+1.535000E-03,+681.951406E-03,+633.417077E-03,+681.637357E-03
+1.537500E-03,+610.866817E-03,+581.700160E-03,+606.469853E-03
+1.540000E-03,+668.341691E-03,+618.655771E-03,+739.949751E-03
+1.542500E-03,+556.846717E-03,+529.250412E-03,+433.521782E-03
+1.545000E-03,+558.207689E-03,+550.816576E-03,+498.324964E-03
+1.547500E-03,+541.457270E-03,+529.773862E-03,+472.675885E-03
+1.550000E-03,+601.654087E-03,+576.256274E-03,+584.170859E-03
+1.552500E-03,+687.918742E-03,+593.739523E-03,+797.424625E-03
+1.555000E-03,+544.597973E-03,+541.394465E-03,+511.306538E-03
+1.557500E-03,+670.958944E-03,+615.933828E-03,+798.994977E-03
+1.560000E-03,+480.108862E-03,+512.814064E-03,+396.042720E-03
+1.562500E-03,+621.231139E-03,+589.761299E-03,+678.706034E-03
+1.565000E-03,+648.241188E-03,+617.608870E-03,+606.574544E-03
+1.567500E-03,+586.997471E-03,+599.078719E-03,+663.211897E-03
+1.570000E-03,+648.241188E-03,+649.120595E-03,+754.396988E-03
+1.572500E-03,+668.341691E-03,+642.315737E-03,+790.096317E-03
+1.575000E-03,+627.721926E-03,+593.006692E-03,+597.466503E-03
+1.577500E-03,+549.309029E-03,+576.570344E-03,+515.389453E-03
+1.580000E-03,+598.094623E-03,+530.925454E-03,+491.520106E-03
+1.582500E-03,+494.451408E-03,+525.900328E-03,+443.257962E-03
+1.585000E-03,+435.301492E-03,+532.914566E-03,+401.067846E-03
+1.587500E-03,+516.541022E-03,+572.696810E-03,+476.130659E-03
+1.590000E-03,+485.866818E-03,+532.914566E-03,+403.161648E-03
+1.592500E-03,+685.615560E-03,+616.143208E-03,+761.620606E-03
+1.595000E-03,+600.921256E-03,+589.656609E-03,+570.770524E-03
+1.597500E-03,+447.968996E-03,+532.914566E-03,+396.252100E-03
+1.600000E-03,+489.321592E-03,+523.178385E-03,+396.984931E-03
+1.602500E-03,+479.585411E-03,+539.719423E-03,+395.938030E-03
+1.605000E-03,+660.699312E-03,+613.316575E-03,+686.034342E-03
+1.607500E-03,+648.241188E-03,+607.035168E-03,+602.072868E-03
+1.610000E-03,+626.046884E-03,+611.222773E-03,+652.010054E-03
+1.612500E-03,+449.329968E-03,+538.463142E-03,+413.630659E-03
+1.615000E-03,+654.522595E-03,+609.861801E-03,+587.625632E-03
+1.617500E-03,+653.056934E-03,+610.489942E-03,+690.012566E-03
+1.620000E-03,+637.353416E-03,+645.351750E-03,+660.699333E-03
+1.622500E-03,+544.597973E-03,+560.866827E-03,+561.871864E-03
+1.625000E-03,+435.929633E-03,+517.211048E-03,+411.641547E-03
+1.627500E-03,+496.859281E-03,+525.795638E-03,+430.067008E-03
+1.630000E-03,+625.628123E-03,+602.010043E-03,+589.824125E-03
+1.632500E-03,+522.927120E-03,+549.874365E-03,+471.105534E-03
+1.635000E-03,+592.860117E-03,+588.295637E-03,+573.387777E-03
+1.637500E-03,+668.341691E-03,+613.316575E-03,+718.907038E-03
+1.640000E-03,+556.637337E-03,+581.072019E-03,+549.413740E-03
+1.642500E-03,+652.219413E-03,+649.539355E-03,+793.027640E-03
+1.645000E-03,+575.376868E-03,+578.768837E-03,+614.949753E-03
+1.647500E-03,+568.257940E-03,+573.324951E-03,+518.948916E-03
+1.650000E-03,+666.038508E-03,+588.609708E-03,+720.582080E-03
+1.652500E-03,+632.537671E-03,+564.007530E-03,+631.281411E-03
+1.655000E-03,+473.827455E-03,+499.518419E-03,+396.670861E-03
+1.657500E-03,+675.565309E-03,+613.316575E-03,+756.072030E-03
+1.660000E-03,+635.364304E-03,+600.439691E-03,+703.517591E-03
+1.662500E-03,+568.781390E-03,+526.528469E-03,+539.572869E-03
+1.665000E-03,+604.585410E-03,+582.747061E-03,+589.300674E-03
+1.667500E-03,+574.120586E-03,+532.914566E-03,+512.248749E-03
+1.670000E-03,+666.771339E-03,+651.423777E-03,+794.807372E-03
+1.672500E-03,+611.180887E-03,+564.635671E-03,+637.039367E-03
+1.675000E-03,+645.100485E-03,+647.236173E-03,+767.902013E-03
+1.677500E-03,+610.238676E-03,+570.079557E-03,+588.881914E-03
+1.680000E-03,+622.592110E-03,+562.123108E-03,+572.340876E-03
+1.682500E-03,+648.241188E-03,+638.756273E-03,+650.125632E-03
+1.685000E-03,+499.057773E-03,+561.704348E-03,+474.664997E-03
+1.687500E-03,+464.091274E-03,+529.669172E-03,+373.639035E-03
+1.690000E-03,+671.796464E-03,+641.268836E-03,+737.751259E-03
+1.692500E-03,+572.445544E-03,+555.318251E-03,+487.751262E-03
+1.695000E-03,+638.505008E-03,+593.425453E-03,+669.493304E-03
+1.697500E-03,+628.140686E-03,+595.100495E-03,+641.017592E-03
+1.700000E-03,+644.262964E-03,+625.355938E-03,+710.531829E-03
+1.702500E-03,+600.816566E-03,+635.301500E-03,+670.016754E-03
+1.705000E-03,+617.776365E-03,+562.751249E-03,+611.494979E-03
+1.707500E-03,+643.111373E-03,+608.186759E-03,+672.843387E-03
+1.710000E-03,+526.172513E-03,+548.408703E-03,+470.582083E-03
+1.712500E-03,+485.866818E-03,+520.037682E-03,+409.861815E-03
+1.715000E-03,+637.562796E-03,+586.097145E-03,+642.273873E-03
+1.717500E-03,+539.886918E-03,+554.480730E-03,+489.635684E-03
+1.720000E-03,+509.422094E-03,+494.283913E-03,+459.170860E-03
+1.722500E-03,+479.271341E-03,+532.914566E-03,+411.641547E-03
+1.725000E-03,+443.990772E-03,+520.037682E-03,+411.432167E-03
+1.727500E-03,+493.090436E-03,+572.801500E-03,+456.030157E-03
+1.730000E-03,+695.037670E-03,+622.319925E-03,+771.984927E-03
+1.732500E-03,+647.927118E-03,+626.507530E-03,+697.864324E-03
+1.735000E-03,+620.917068E-03,+599.497480E-03,+636.934677E-03
+1.737500E-03,+602.386918E-03,+560.238686E-03,+493.404528E-03
+1.740000E-03,+591.185075E-03,+544.849239E-03,+619.137357E-03
+1.742500E-03,+565.640687E-03,+552.386927E-03,+456.658297E-03
+1.745000E-03,+527.638175E-03,+522.131484E-03,+488.170022E-03
+1.747500E-03,+503.978208E-03,+516.373527E-03,+435.406204E-03
+1.750000E-03,+588.881892E-03,+584.422103E-03,+614.321612E-03
+1.752500E-03,+506.072010E-03,+524.434666E-03,+475.188447E-03
+1.755000E-03,+673.052746E-03,+618.446391E-03,+768.634843E-03
+1.757500E-03,+466.708527E-03,+536.683410E-03,+430.590458E-03
+1.760000E-03,+468.488259E-03,+518.886090E-03,+409.128985E-03
+1.762500E-03,+495.707689E-03,+545.058619E-03,+457.495818E-03
+1.765000E-03,+451.947221E-03,+531.972355E-03,+420.854278E-03
+1.767500E-03,+569.095460E-03,+573.743711E-03,+589.928815E-03
+1.770000E-03,+663.735326E-03,+632.265486E-03,+765.075380E-03
+1.772500E-03,+633.479882E-03,+581.909540E-03,+616.520104E-03
+1.775000E-03,+469.325780E-03,+529.041031E-03,+458.647409E-03
+1.777500E-03,+527.533484E-03,+561.599658E-03,+457.181748E-03
+1.780000E-03,+546.168325E-03,+559.610545E-03,+533.291462E-03
+1.782500E-03,+591.499145E-03,+591.331651E-03,+606.993304E-03
+1.785000E-03,+628.140686E-03,+640.850076E-03,+723.827474E-03
+1.787500E-03,+556.846717E-03,+588.505017E-03,+506.595483E-03
+1.790000E-03,+657.767989E-03,+653.517580E-03,+768.320773E-03
+1.792500E-03,+570.979883E-03,+554.585420E-03,+522.299000E-03
+1.795000E-03,+582.600485E-03,+567.776374E-03,+512.248749E-03
+1.797500E-03,+566.059447E-03,+578.350076E-03,+491.310725E-03
+1.800000E-03,+619.137336E-03,+595.100495E-03,+657.558630E-03
+1.802500E-03,+494.346717E-03,+551.758787E-03,+458.228649E-03
+1.805000E-03,+632.432981E-03,+617.608870E-03,+663.944727E-03
+1.807500E-03,+681.637335E-03,+606.511718E-03,+691.373538E-03
+1.810000E-03,+677.763801E-03,+622.424615E-03,+752.826635E-03
+1.812500E-03,+561.557773E-03,+600.125621E-03,+600.921278E-03
+1.815000E-03,+627.093785E-03,+632.788937E-03,+676.821611E-03
+1.817500E-03,+631.595460E-03,+609.547731E-03,+623.115582E-03
+1.820000E-03,+618.195125E-03,+601.381902E-03,+604.166671E-03
+1.822500E-03,+521.566148E-03,+525.900328E-03,+458.228649E-03
+1.825000E-03,+652.010033E-03,+613.002505E-03,+749.685933E-03
+1.827500E-03,+567.420419E-03,+532.495806E-03,+496.649922E-03
+1.830000E-03,+688.442193E-03,+619.493292E-03,+723.199333E-03
+1.832500E-03,+657.035158E-03,+613.316575E-03,+649.811561E-03
+1.835000E-03,+684.882729E-03,+625.146558E-03,+778.894475E-03
+1.837500E-03,+528.371005E-03,+532.914566E-03,+440.117259E-03
+1.840000E-03,+609.296465E-03,+584.736173E-03,+651.695983E-03
+1.842500E-03,+475.502497E-03,+514.175035E-03,+460.008381E-03
+1.845000E-03,+608.040184E-03,+580.757949E-03,+562.604695E-03
+1.847500E-03,+651.067822E-03,+619.597982E-03,+720.791461E-03
+1.850000E-03,+522.822429E-03,+549.560294E-03,+491.310726E-03
+1.852500E-03,+533.919581E-03,+546.105520E-03,+557.160808E-03
+1.855000E-03,+691.896967E-03,+613.316575E-03,+692.211059E-03
+1.857500E-03,+503.559448E-03,+535.741199E-03,+483.877727E-03
+1.860000E-03,+653.371004E-03,+607.872689E-03,+659.338362E-03
+1.862500E-03,+608.040184E-03,+613.944716E-03,+649.811562E-03
+1.865000E-03,+568.572010E-03,+552.282237E-03,+479.585433E-03
+1.867500E-03,+661.222763E-03,+606.197647E-03,+692.525129E-03
+1.870000E-03,+496.231140E-03,+530.087933E-03,+466.080408E-03
+1.872500E-03,+595.686750E-03,+588.609708E-03,+582.600507E-03
+1.875000E-03,+427.135663E-03,+543.174197E-03,+381.804864E-03
+1.877500E-03,+679.962293E-03,+617.085419E-03,+694.095481E-03
+1.880000E-03,+504.292278E-03,+553.957279E-03,+469.011731E-03
+1.882500E-03,+588.149061E-03,+585.259624E-03,+578.098832E-03
+1.885000E-03,+661.118073E-03,+595.100495E-03,+663.944727E-03
+1.887500E-03,+607.830804E-03,+573.115570E-03,+597.885264E-03
+1.890000E-03,+579.041022E-03,+602.114733E-03,+568.990792E-03
+1.892500E-03,+570.037672E-03,+575.314063E-03,+577.889452E-03
+1.895000E-03,+567.839179E-03,+573.115570E-03,+558.103020E-03
+1.897500E-03,+572.131474E-03,+573.115570E-03,+553.496655E-03
+1.900000E-03,+583.228626E-03,+557.726123E-03,+573.178397E-03
+1.902500E-03,+574.225276E-03,+559.401165E-03,+550.460641E-03
+1.905000E-03,+585.322429E-03,+573.115570E-03,+557.788949E-03
+1.907500E-03,+576.319079E-03,+564.635671E-03,+589.510055E-03
+1.910000E-03,+568.362630E-03,+572.592120E-03,+597.989954E-03
+1.912500E-03,+567.839179E-03,+573.115570E-03,+547.215248E-03
+1.915000E-03,+587.939681E-03,+573.115570E-03,+576.319100E-03
+1.917500E-03,+580.506683E-03,+593.216073E-03,+565.221948E-03
+1.920000E-03,+571.503333E-03,+593.216073E-03,+561.453103E-03
+1.922500E-03,+587.939681E-03,+578.454766E-03,+592.650758E-03
+1.925000E-03,+567.839179E-03,+558.773025E-03,+572.131495E-03
+1.927500E-03,+571.084573E-03,+573.115570E-03,+591.499167E-03
+1.930000E-03,+580.087923E-03,+553.015068E-03,+565.640708E-03
+1.932500E-03,+587.939681E-03,+574.267162E-03,+576.737860E-03
+1.935000E-03,+577.994120E-03,+593.425453E-03,+588.044393E-03
+1.937500E-03,+586.055259E-03,+574.057781E-03,+597.989954E-03
+1.940000E-03,+579.878543E-03,+597.194297E-03,+561.871864E-03
+1.942500E-03,+590.975695E-03,+573.115570E-03,+577.889452E-03
+1.945000E-03,+587.939681E-03,+587.248736E-03,+586.055281E-03
+1.947500E-03,+587.939681E-03,+578.245386E-03,+562.918765E-03
+1.950000E-03,+587.939681E-03,+589.342538E-03,+574.015917E-03
+1.952500E-03,+567.839179E-03,+567.462304E-03,+590.766336E-03
+1.955000E-03,+587.939681E-03,+573.115570E-03,+576.109720E-03
+1.957500E-03,+586.474020E-03,+574.581232E-03,+568.572031E-03
+1.960000E-03,+587.939681E-03,+573.115570E-03,+577.889452E-03
+1.962500E-03,+579.250402E-03,+561.704348E-03,+566.478229E-03
+1.965000E-03,+587.939681E-03,+555.422941E-03,+575.481579E-03
+1.967500E-03,+574.434657E-03,+593.216073E-03,+571.293974E-03
+1.970000E-03,+567.839179E-03,+604.313225E-03,+577.889452E-03
+1.972500E-03,+567.839179E-03,+593.216073E-03,+573.387777E-03
+1.975000E-03,+574.434656E-03,+580.025118E-03,+564.384427E-03
+1.977500E-03,+572.654925E-03,+573.115570E-03,+577.889452E-03
+1.980000E-03,+587.939681E-03,+561.704348E-03,+569.200172E-03
+1.982500E-03,+568.153250E-03,+553.329139E-03,+597.675884E-03
+1.985000E-03,+578.622261E-03,+583.898652E-03,+568.572031E-03
+1.987500E-03,+602.700988E-03,+573.115570E-03,+577.889452E-03
+1.990000E-03,+587.939681E-03,+578.768837E-03,+585.113070E-03
+1.992500E-03,+600.293115E-03,+589.342538E-03,+574.015917E-03
+1.995000E-03,+572.968995E-03,+578.245386E-03,+577.889452E-03
+1.997500E-03,+602.072847E-03,+601.381902E-03,+586.055281E-03
+2.000000E-03,+601.968157E-03,+593.216073E-03,+580.925465E-03
+2.002500E-03,+575.900318E-03,+585.154934E-03,+557.788949E-03
+2.005000E-03,+587.939681E-03,+573.115570E-03,+558.731161E-03
+2.007500E-03,+598.094623E-03,+563.170009E-03,+577.889452E-03
+2.010000E-03,+587.939681E-03,+573.115570E-03,+560.092132E-03
+2.012500E-03,+567.839179E-03,+573.115570E-03,+577.889452E-03
+2.015000E-03,+587.939681E-03,+576.360964E-03,+577.889452E-03
+2.017500E-03,+567.839179E-03,+558.773025E-03,+563.546906E-03
+2.020000E-03,+553.077873E-03,+558.354264E-03,+587.311562E-03
+2.022500E-03,+584.275527E-03,+576.779725E-03,+594.325800E-03
+2.025000E-03,+555.171675E-03,+593.216073E-03,+577.889452E-03
+2.027500E-03,+567.839179E-03,+591.645721E-03,+579.459804E-03
+2.030000E-03,+577.365980E-03,+562.541869E-03,+567.315750E-03
+2.032500E-03,+567.839179E-03,+573.115570E-03,+558.835851E-03
+2.035000E-03,+599.560284E-03,+561.494968E-03,+581.030155E-03
+2.037500E-03,+570.456432E-03,+555.632321E-03,+563.023455E-03
+2.040000E-03,+587.939681E-03,+586.829976E-03,+571.503355E-03
+2.042500E-03,+567.839179E-03,+577.826626E-03,+573.178397E-03
+2.045000E-03,+583.647387E-03,+577.407865E-03,+557.788949E-03
+2.047500E-03,+567.839179E-03,+573.115570E-03,+577.889452E-03
+2.050000E-03,+585.741189E-03,+575.314063E-03,+577.889452E-03
+2.052500E-03,+585.636499E-03,+582.014230E-03,+568.990792E-03
+2.055000E-03,+567.839179E-03,+573.010880E-03,+597.780574E-03
+2.057500E-03,+578.831641E-03,+582.223611E-03,+566.896990E-03
+2.060000E-03,+553.706013E-03,+573.115570E-03,+559.778062E-03
+2.062500E-03,+574.853417E-03,+593.216073E-03,+590.975716E-03
+2.065000E-03,+587.939681E-03,+593.216073E-03,+593.907040E-03
+2.067500E-03,+603.119748E-03,+573.115570E-03,+572.969016E-03
+2.070000E-03,+566.268827E-03,+559.191785E-03,+585.636520E-03
+2.072500E-03,+587.939681E-03,+575.942204E-03,+592.336688E-03
+2.075000E-03,+567.839179E-03,+573.115570E-03,+557.788949E-03
+2.077500E-03,+568.572010E-03,+553.015068E-03,+597.257123E-03
+2.080000E-03,+587.939681E-03,+593.844213E-03,+567.525130E-03
+2.082500E-03,+585.217739E-03,+553.015068E-03,+559.149921E-03
+2.085000E-03,+592.755427E-03,+560.657447E-03,+582.705197E-03
+2.087500E-03,+584.484908E-03,+573.115570E-03,+574.434678E-03
+2.090000E-03,+582.391105E-03,+587.667497E-03,+577.889452E-03
+2.092500E-03,+553.287253E-03,+573.115570E-03,+577.889452E-03
+2.095000E-03,+601.130636E-03,+593.216073E-03,+597.989954E-03
+2.097500E-03,+575.481558E-03,+573.115570E-03,+585.531830E-03
+2.100000E-03,+570.561122E-03,+591.855101E-03,+596.628983E-03
+2.102500E-03,+578.203501E-03,+563.379390E-03,+567.525130E-03
+2.105000E-03,+567.839179E-03,+573.115570E-03,+558.521780E-03
+2.107500E-03,+579.669162E-03,+573.115570E-03,+569.618933E-03
+2.110000E-03,+567.839179E-03,+573.115570E-03,+563.442216E-03
+2.112500E-03,+567.839179E-03,+587.039356E-03,+577.889452E-03
+2.115000E-03,+567.839179E-03,+578.036006E-03,+572.969016E-03
+2.117500E-03,+583.856767E-03,+565.263812E-03,+581.972366E-03
+2.120000E-03,+594.011708E-03,+593.216073E-03,+557.788949E-03
+2.122500E-03,+587.939681E-03,+556.993293E-03,+557.788949E-03
+2.125000E-03,+587.939681E-03,+573.115570E-03,+576.005030E-03
+2.127500E-03,+547.843367E-03,+593.216073E-03,+577.889452E-03
+2.130000E-03,+579.041022E-03,+573.115570E-03,+597.989954E-03
+2.132500E-03,+570.037672E-03,+593.216073E-03,+577.889452E-03
+2.135000E-03,+581.134824E-03,+600.020930E-03,+571.084594E-03
+2.137500E-03,+583.647387E-03,+573.115570E-03,+577.889452E-03
+2.140000E-03,+598.618073E-03,+593.216073E-03,+562.500005E-03
+2.142500E-03,+587.939681E-03,+573.115570E-03,+564.175047E-03
+2.145000E-03,+585.322429E-03,+575.732823E-03,+557.788949E-03
+2.147500E-03,+576.319079E-03,+573.115570E-03,+577.889452E-03
+2.150000E-03,+568.362630E-03,+592.692622E-03,+617.567006E-03
+2.152500E-03,+567.839179E-03,+553.015068E-03,+556.742048E-03
+2.155000E-03,+587.939681E-03,+574.685922E-03,+596.419602E-03
+2.157500E-03,+595.372680E-03,+567.881065E-03,+565.221948E-03
+2.160000E-03,+571.503333E-03,+589.551919E-03,+581.553606E-03
+2.162500E-03,+573.178375E-03,+602.638183E-03,+572.550256E-03
+2.165000E-03,+573.597136E-03,+573.115570E-03,+569.304862E-03
+2.167500E-03,+584.694288E-03,+589.970679E-03,+577.889452E-03
+2.170000E-03,+595.791440E-03,+560.866827E-03,+585.741210E-03
+2.172500E-03,+567.839179E-03,+574.267162E-03,+577.889452E-03
+2.175000E-03,+567.839179E-03,+553.015068E-03,+567.734510E-03
+2.177500E-03,+588.881893E-03,+553.957279E-03,+578.831663E-03
+2.180000E-03,+587.939681E-03,+573.115570E-03,+589.928815E-03
+2.182500E-03,+587.939681E-03,+573.115570E-03,+560.824963E-03
+2.185000E-03,+581.972345E-03,+573.115570E-03,+592.022617E-03
+2.187500E-03,+572.968995E-03,+573.115570E-03,+568.048581E-03
+2.190000E-03,+571.712714E-03,+593.216073E-03,+594.116420E-03
+2.192500E-03,+562.185913E-03,+573.115570E-03,+583.542718E-03
+2.195000E-03,+567.839179E-03,+554.794800E-03,+559.568681E-03
+2.197500E-03,+567.839179E-03,+565.263812E-03,+565.640708E-03
+2.200000E-03,+587.311541E-03,+553.643209E-03,+577.575381E-03
+2.202500E-03,+587.939681E-03,+561.704348E-03,+569.200172E-03
+2.205000E-03,+572.654924E-03,+575.523443E-03,+577.889452E-03
+2.207500E-03,+567.839179E-03,+573.115570E-03,+571.293974E-03
+2.210000E-03,+608.040184E-03,+573.115570E-03,+577.889452E-03
+2.212500E-03,+572.340854E-03,+577.617245E-03,+577.889452E-03
+2.215000E-03,+574.434656E-03,+573.115570E-03,+597.989954E-03
+2.217500E-03,+585.531809E-03,+593.216073E-03,+595.582081E-03
+2.220000E-03,+587.939681E-03,+573.115570E-03,+577.889452E-03
+2.222500E-03,+567.839179E-03,+573.429641E-03,+558.417090E-03
+2.225000E-03,+567.839179E-03,+582.432991E-03,+568.572031E-03
+2.227500E-03,+567.839179E-03,+589.656609E-03,+579.669184E-03
+2.230000E-03,+580.716063E-03,+567.462304E-03,+577.889452E-03
+2.232500E-03,+571.712713E-03,+576.989105E-03,+561.662484E-03
+2.235000E-03,+582.809866E-03,+573.115570E-03,+557.788949E-03
+2.237500E-03,+567.839179E-03,+573.115570E-03,+571.922115E-03
+2.240000E-03,+587.939681E-03,+562.123108E-03,+563.860976E-03
+2.242500E-03,+587.939681E-03,+573.115570E-03,+569.828313E-03
+2.245000E-03,+567.839179E-03,+574.057782E-03,+596.105532E-03
+2.247500E-03,+598.094623E-03,+583.270512E-03,+567.734511E-03
+2.250000E-03,+605.737001E-03,+573.115570E-03,+577.889452E-03
+2.252500E-03,+587.939681E-03,+585.364314E-03,+590.138195E-03
+2.255000E-03,+604.794790E-03,+593.216073E-03,+594.744560E-03
+2.257500E-03,+573.597136E-03,+553.015068E-03,+563.546906E-03
+2.260000E-03,+567.839179E-03,+582.537681E-03,+568.467341E-03
+2.262500E-03,+600.711876E-03,+556.679222E-03,+577.889452E-03
+2.265000E-03,+587.939681E-03,+585.783075E-03,+552.554444E-03
+2.267500E-03,+550.879380E-03,+573.115570E-03,+596.419602E-03
+2.270000E-03,+598.513383E-03,+574.162472E-03,+567.315750E-03
+2.272500E-03,+549.309029E-03,+553.538519E-03,+558.312400E-03
+2.275000E-03,+576.319079E-03,+584.736173E-03,+577.889452E-03
+2.277500E-03,+570.456432E-03,+555.632321E-03,+560.406202E-03
+2.280000E-03,+574.225276E-03,+586.829976E-03,+570.561144E-03
+2.282500E-03,+572.550234E-03,+577.826626E-03,+573.178397E-03
+2.285000E-03,+567.839179E-03,+588.923778E-03,+593.697659E-03
+2.287500E-03,+601.235326E-03,+586.411215E-03,+571.084594E-03
+2.290000E-03,+585.741189E-03,+591.017580E-03,+595.791462E-03
+2.292500E-03,+570.142362E-03,+582.014230E-03,+589.091294E-03
+2.295000E-03,+567.943869E-03,+593.111383E-03,+577.784762E-03
+2.297500E-03,+578.831641E-03,+582.223611E-03,+577.889452E-03
+2.300000E-03,+606.051072E-03,+591.226961E-03,+597.989954E-03
+2.302500E-03,+587.939681E-03,+586.201835E-03,+570.875214E-03
+2.305000E-03,+571.922094E-03,+569.032656E-03,+581.972366E-03
+2.307500E-03,+567.839179E-03,+583.375202E-03,+588.149083E-03
+2.310000E-03,+587.939681E-03,+587.039356E-03,+563.965666E-03
+2.312500E-03,+567.839179E-03,+555.841701E-03,+595.163321E-03
+2.315000E-03,+599.769665E-03,+573.115570E-03,+586.159971E-03
+2.317500E-03,+568.572010E-03,+553.747899E-03,+539.886940E-03
+2.320000E-03,+587.939681E-03,+593.216073E-03,+567.525130E-03
+2.322500E-03,+587.939681E-03,+591.855101E-03,+576.528480E-03
+2.325000E-03,+585.113048E-03,+585.573694E-03,+577.889452E-03
+2.327500E-03,+567.839179E-03,+573.115570E-03,+574.434678E-03
+2.330000E-03,+567.839179E-03,+578.664147E-03,+577.889452E-03
+2.332500E-03,+553.287253E-03,+582.118921E-03,+563.337526E-03
+2.335000E-03,+587.939681E-03,+569.660797E-03,+581.344226E-03
+2.337500E-03,+587.939681E-03,+560.657447E-03,+585.531830E-03
+2.340000E-03,+587.939681E-03,+573.115570E-03,+577.889452E-03
+2.342500E-03,+568.467320E-03,+582.851751E-03,+557.160809E-03
+2.345000E-03,+567.839179E-03,+573.115570E-03,+558.521780E-03
+2.347500E-03,+576.109698E-03,+593.216073E-03,+569.618933E-03
+2.350000E-03,+585.113048E-03,+593.216073E-03,+577.889452E-03
+2.352500E-03,+581.762965E-03,+566.938854E-03,+565.536018E-03
+2.355000E-03,+557.579548E-03,+593.216073E-03,+572.969016E-03
+2.357500E-03,+603.957269E-03,+577.198485E-03,+589.824125E-03
+2.360000E-03,+567.839179E-03,+566.101333E-03,+584.903690E-03
+2.362500E-03,+569.828291E-03,+555.004180E-03,+577.889452E-03
+2.365000E-03,+586.055259E-03,+582.223611E-03,+588.881914E-03
+2.367500E-03,+567.839179E-03,+553.224448E-03,+577.889452E-03
+2.370000E-03,+596.838341E-03,+575.418753E-03,+586.788112E-03
+2.372500E-03,+587.939681E-03,+573.115570E-03,+577.889452E-03
+2.375000E-03,+567.839179E-03,+566.624783E-03,+597.989954E-03
+2.377500E-03,+552.030972E-03,+573.115570E-03,+573.597157E-03
+2.380000E-03,+572.550234E-03,+588.505018E-03,+588.567844E-03
+2.382500E-03,+575.167487E-03,+566.729473E-03,+557.788949E-03
+2.385000E-03,+570.456432E-03,+553.015068E-03,+595.372701E-03
+2.387500E-03,+567.839179E-03,+573.115570E-03,+557.788949E-03
+2.390000E-03,+587.939681E-03,+572.592120E-03,+578.412902E-03
+2.392500E-03,+578.412881E-03,+582.642371E-03,+587.416252E-03
+2.395000E-03,+584.798978E-03,+556.155772E-03,+576.319100E-03
+2.397500E-03,+580.506683E-03,+580.548569E-03,+597.989954E-03
+2.400000E-03,+591.603836E-03,+576.779725E-03,+565.117258E-03
+2.402500E-03,+582.600486E-03,+593.216073E-03,+587.311562E-03
+2.405000E-03,+587.939681E-03,+573.115570E-03,+563.546906E-03
+2.407500E-03,+571.084573E-03,+586.725286E-03,+577.889452E-03
+2.410000E-03,+580.087923E-03,+580.967329E-03,+582.286437E-03
+2.412500E-03,+587.939681E-03,+574.267162E-03,+557.788949E-03
+2.415000E-03,+567.839179E-03,+563.170009E-03,+588.044393E-03
+2.417500E-03,+568.781390E-03,+592.273862E-03,+596.105532E-03
+2.420000E-03,+596.000820E-03,+593.216073E-03,+565.850088E-03
+2.422500E-03,+605.004170E-03,+570.079557E-03,+577.889452E-03
+2.425000E-03,+596.105510E-03,+558.982405E-03,+577.889452E-03
+2.427500E-03,+567.839179E-03,+558.144884E-03,+568.048581E-03
+2.430000E-03,+587.939681E-03,+589.342538E-03,+577.889452E-03
+2.432500E-03,+580.716064E-03,+560.238686E-03,+550.565331E-03
+2.435000E-03,+589.719413E-03,+591.436341E-03,+577.889452E-03
+2.437500E-03,+578.622261E-03,+583.898652E-03,+567.106370E-03
+2.440000E-03,+567.839179E-03,+553.015068E-03,+577.261311E-03
+2.442500E-03,+565.117236E-03,+573.115570E-03,+549.099670E-03
+2.445000E-03,+552.554422E-03,+555.422941E-03,+577.889452E-03
+2.447500E-03,+581.344204E-03,+586.620595E-03,+570.979904E-03
+2.450000E-03,+576.842529E-03,+588.714398E-03,+573.387777E-03
+2.452500E-03,+576.842529E-03,+588.714398E-03,+577.889452E-03
+2.455000E-03,+561.243702E-03,+580.025118E-03,+551.193472E-03
+2.457500E-03,+587.939681E-03,+570.707698E-03,+562.604695E-03
+2.460000E-03,+567.839179E-03,+575.837514E-03,+557.788949E-03
+2.462500E-03,+567.839179E-03,+573.115570E-03,+538.316588E-03
+2.465000E-03,+587.939681E-03,+573.115570E-03,+567.106370E-03
+2.467500E-03,+567.839179E-03,+574.895302E-03,+577.889452E-03
+2.470000E-03,+575.062797E-03,+567.462304E-03,+585.113070E-03
+2.472500E-03,+584.066147E-03,+573.115570E-03,+574.015917E-03
+2.475000E-03,+608.040184E-03,+573.115570E-03,+587.730323E-03
+2.477500E-03,+587.939681E-03,+581.281400E-03,+577.889452E-03
+2.480000E-03,+570.875193E-03,+576.151584E-03,+577.889452E-03
+2.482500E-03,+587.939681E-03,+577.093795E-03,+577.889452E-03
+2.485000E-03,+606.155762E-03,+573.115570E-03,+597.047743E-03
+2.487500E-03,+597.885243E-03,+562.960629E-03,+577.889452E-03
+2.490000E-03,+587.939681E-03,+571.963979E-03,+576.737861E-03
+2.492500E-03,+592.336666E-03,+565.263812E-03,+585.741210E-03
+2.495000E-03,+564.593786E-03,+573.115570E-03,+554.543556E-03
+2.497500E-03,+567.839179E-03,+587.458116E-03,+572.131495E-03
+2.500000E-03,+582.600486E-03,+569.032656E-03,+563.128145E-03
+2.502500E-03,+571.503333E-03,+593.216073E-03,+561.453104E-03
+2.505000E-03,+575.272177E-03,+573.115570E-03,+597.989954E-03
+2.507500E-03,+566.268827E-03,+553.015068E-03,+539.258799E-03
+2.510000E-03,+577.365980E-03,+572.068669E-03,+557.788949E-03
+2.512500E-03,+567.839179E-03,+554.061969E-03,+558.312400E-03
+2.515000E-03,+576.319079E-03,+581.595470E-03,+566.268849E-03
+2.517500E-03,+587.939681E-03,+553.015068E-03,+577.889452E-03
+2.520000E-03,+574.225276E-03,+599.602170E-03,+564.175047E-03
+2.522500E-03,+587.939681E-03,+588.505018E-03,+557.788949E-03
+2.525000E-03,+583.647387E-03,+568.823276E-03,+562.081244E-03
+2.527500E-03,+574.644037E-03,+573.115570E-03,+550.984092E-03
