x-axis,1,2,3,4
second,Volt,Volt,Volt,Volt
-20.00000E-06,+519.03262548E-03,+541.36306047E-03,+539.03893754E-03,+488.56782913E-03
-19.95000E-06,+554.20850450E-03,+541.36306047E-03,+534.01381196E-03,+508.66833143E-03
-19.90000E-06,+539.13312778E-03,+531.31280933E-03,+508.88818409E-03,+478.51757798E-03
-19.85000E-06,+524.05775106E-03,+506.18718145E-03,+528.98868639E-03,+503.64320586E-03
-19.80000E-06,+539.13312778E-03,+501.16205588E-03,+498.83793294E-03,+508.66833143E-03
-19.75000E-06,+539.13312778E-03,+536.33793490E-03,+539.03893754E-03,+488.56782913E-03
-19.70000E-06,+529.08287663E-03,+521.26255818E-03,+518.93843524E-03,+508.66833143E-03
-19.65000E-06,+514.00749991E-03,+511.21230703E-03,+508.88818409E-03,+498.61808028E-03
-19.60000E-06,+519.03262548E-03,+541.36306047E-03,+498.83793294E-03,+528.76883373E-03
-19.55000E-06,+539.13312778E-03,+521.26255818E-03,+518.93843524E-03,+478.51757798E-03
-19.50000E-06,+529.08287663E-03,+531.31280933E-03,+518.93843524E-03,+508.66833143E-03
-19.45000E-06,+534.10800220E-03,+491.11180473E-03,+539.03893754E-03,+503.64320586E-03
-19.40000E-06,+579.33413237E-03,+501.16205588E-03,+518.93843524E-03,+528.76883373E-03
-19.35000E-06,+549.18337893E-03,+536.33793490E-03,+483.76255622E-03,+508.66833143E-03
-19.30000E-06,+539.13312778E-03,+531.31280933E-03,+528.98868639E-03,+498.61808028E-03
-19.25000E-06,+514.00749991E-03,+506.18718145E-03,+518.93843524E-03,+488.56782913E-03
-19.20000E-06,+519.03262548E-03,+521.26255818E-03,+539.03893754E-03,+508.66833143E-03
-19.15000E-06,+524.05775106E-03,+541.36306047E-03,+539.03893754E-03,+503.64320585E-03
-19.10000E-06,+549.18337893E-03,+511.21230703E-03,+508.88818409E-03,+508.66833143E-03
-19.05000E-06,+529.08287663E-03,+536.33793490E-03,+539.03893754E-03,+523.74370815E-03
-19.00000E-06,+539.13312778E-03,+521.26255818E-03,+539.03893754E-03,+528.76883373E-03
-18.95000E-06,+544.15825335E-03,+506.18718145E-03,+523.96356082E-03,+503.64320585E-03
-18.90000E-06,+539.13312778E-03,+531.31280933E-03,+518.93843524E-03,+518.71858258E-03
-18.85000E-06,+544.15825335E-03,+541.36306047E-03,+518.93843524E-03,+523.74370815E-03
-18.80000E-06,+498.93212318E-03,+521.26255818E-03,+539.03893754E-03,+508.66833143E-03
-18.75000E-06,+534.10800220E-03,+516.23743260E-03,+518.93843524E-03,+503.64320585E-03
-18.70000E-06,+529.08287663E-03,+511.21230703E-03,+518.93843524E-03,+488.56782913E-03
-18.65000E-06,+508.98237433E-03,+521.26255818E-03,+513.91330967E-03,+503.64320586E-03
-18.60000E-06,+539.13312778E-03,+521.26255818E-03,+518.93843524E-03,+508.66833143E-03
-18.55000E-06,+529.08287663E-03,+526.28768375E-03,+518.93843524E-03,+488.56782913E-03
-18.50000E-06,+529.08287663E-03,+541.36306047E-03,+518.93843524E-03,+498.61808028E-03
-18.45000E-06,+539.13312778E-03,+536.33793490E-03,+503.86305852E-03,+488.56782913E-03
-18.40000E-06,+519.03262548E-03,+521.26255818E-03,+518.93843524E-03,+488.56782913E-03
-18.35000E-06,+539.13312778E-03,+526.28768375E-03,+508.88818409E-03,+508.66833143E-03
-18.30000E-06,+549.18337893E-03,+511.21230703E-03,+518.93843524E-03,+508.66833143E-03
-18.25000E-06,+519.03262548E-03,+521.26255818E-03,+518.93843524E-03,+508.66833143E-03
-18.20000E-06,+539.13312778E-03,+541.36306047E-03,+518.93843524E-03,+508.66833143E-03
-18.15000E-06,+534.10800220E-03,+516.23743260E-03,+513.91330967E-03,+508.66833143E-03
-18.10000E-06,+539.13312778E-03,+531.31280933E-03,+518.93843524E-03,+508.66833143E-03
-18.05000E-06,+524.05775106E-03,+526.28768375E-03,+518.93843524E-03,+523.74370815E-03
-18.00000E-06,+559.23363008E-03,+521.26255818E-03,+539.03893754E-03,+528.76883373E-03
-17.95000E-06,+549.18337893E-03,+511.21230703E-03,+534.01381196E-03,+488.56782913E-03
-17.90000E-06,+519.03262548E-03,+541.36306047E-03,+528.98868639E-03,+498.61808028E-03
-17.85000E-06,+534.10800221E-03,+506.18718145E-03,+518.93843524E-03,+513.69345700E-03
-17.80000E-06,+539.13312778E-03,+521.26255818E-03,+518.93843524E-03,+508.66833143E-03
-17.75000E-06,+524.05775106E-03,+546.38818605E-03,+518.93843524E-03,+508.66833143E-03
-17.70000E-06,+508.98237433E-03,+521.26255818E-03,+518.93843524E-03,+498.61808028E-03
-17.65000E-06,+539.13312778E-03,+536.33793490E-03,+534.01381197E-03,+508.66833143E-03
-17.60000E-06,+559.23363008E-03,+541.36306047E-03,+518.93843524E-03,+508.66833143E-03
-17.55000E-06,+554.20850450E-03,+511.21230703E-03,+503.86305852E-03,+503.64320585E-03
-17.50000E-06,+519.03262548E-03,+531.31280933E-03,+518.93843524E-03,+508.66833143E-03
-17.45000E-06,+508.98237433E-03,+506.18718145E-03,+534.01381197E-03,+508.66833143E-03
-17.40000E-06,+539.13312778E-03,+501.16205588E-03,+518.93843524E-03,+528.76883373E-03
-17.35000E-06,+524.05775106E-03,+521.26255818E-03,+539.03893754E-03,+498.61808028E-03
-17.30000E-06,+529.08287663E-03,+541.36306047E-03,+518.93843524E-03,+508.66833143E-03
-17.25000E-06,+534.10800221E-03,+526.28768375E-03,+513.91330967E-03,+493.59295471E-03
-17.20000E-06,+539.13312778E-03,+521.26255818E-03,+539.03893754E-03,+528.76883372E-03
-17.15000E-06,+534.10800220E-03,+521.26255818E-03,+518.93843524E-03,+498.61808028E-03
-17.10000E-06,+508.98237433E-03,+521.26255818E-03,+528.98868639E-03,+498.61808028E-03
-17.05000E-06,+524.05775105E-03,+521.26255818E-03,+518.93843524E-03,+513.69345700E-03
-17.00000E-06,+539.13312778E-03,+521.26255818E-03,+539.03893754E-03,+528.76883372E-03
-16.95000E-06,+529.08287663E-03,+536.33793490E-03,+518.93843524E-03,+508.66833143E-03
-16.90000E-06,+529.08287663E-03,+531.31280933E-03,+508.88818409E-03,+508.66833143E-03
-16.85000E-06,+529.08287663E-03,+516.23743260E-03,+539.03893754E-03,+508.66833143E-03
-16.80000E-06,+539.13312778E-03,+521.26255818E-03,+518.93843524E-03,+508.66833143E-03
-16.75000E-06,+549.18337893E-03,+506.18718146E-03,+513.91330967E-03,+488.56782913E-03
-16.70000E-06,+529.08287663E-03,+531.31280933E-03,+528.98868639E-03,+518.71858258E-03
-16.65000E-06,+508.98237433E-03,+526.28768375E-03,+508.88818409E-03,+508.66833143E-03
-16.60000E-06,+519.03262548E-03,+501.16205588E-03,+518.93843524E-03,+488.56782913E-03
-16.55000E-06,+544.15825335E-03,+526.28768375E-03,+523.96356082E-03,+508.66833143E-03
-16.50000E-06,+519.03262548E-03,+521.26255818E-03,+518.93843524E-03,+508.66833143E-03
-16.45000E-06,+534.10800221E-03,+511.21230703E-03,+508.88818410E-03,+503.64320586E-03
-16.40000E-06,+519.03262548E-03,+521.26255818E-03,+478.73743065E-03,+508.66833143E-03
-16.35000E-06,+524.05775106E-03,+496.13693030E-03,+523.96356082E-03,+493.59295471E-03
-16.30000E-06,+539.13312778E-03,+531.31280932E-03,+518.93843524E-03,+488.56782913E-03
-16.25000E-06,+539.13312778E-03,+506.18718145E-03,+523.96356081E-03,+493.59295471E-03
-16.20000E-06,+539.13312778E-03,+521.26255818E-03,+518.93843524E-03,+508.66833143E-03
-16.15000E-06,+503.95724876E-03,+506.18718146E-03,+518.93843524E-03,+508.66833143E-03
-16.10000E-06,+508.98237433E-03,+521.26255818E-03,+549.08918869E-03,+488.56782913E-03
-16.05000E-06,+534.10800221E-03,+526.28768375E-03,+518.93843524E-03,+493.59295471E-03
-16.00000E-06,+539.13312778E-03,+521.26255818E-03,+518.93843524E-03,+468.46732684E-03
-15.95000E-06,+519.03262548E-03,+526.28768375E-03,+518.93843524E-03,+523.74370815E-03
-15.90000E-06,+539.13312778E-03,+521.26255817E-03,+518.93843524E-03,+508.66833143E-03
-15.85000E-06,+519.03262548E-03,+516.23743260E-03,+518.93843524E-03,+503.64320586E-03
-15.80000E-06,+539.13312778E-03,+541.36306047E-03,+539.03893754E-03,+488.56782913E-03
-15.75000E-06,+549.18337892E-03,+526.28768375E-03,+523.96356082E-03,+493.59295471E-03
-15.70000E-06,+529.08287663E-03,+531.31280933E-03,+508.88818409E-03,+498.61808028E-03
-15.65000E-06,+529.08287663E-03,+536.33793490E-03,+528.98868639E-03,+508.66833143E-03
-15.60000E-06,+498.93212319E-03,+501.16205588E-03,+498.83793295E-03,+508.66833143E-03
-15.55000E-06,+549.18337892E-03,+506.18718146E-03,+498.83793294E-03,+508.66833143E-03
-15.50000E-06,+529.08287663E-03,+531.31280932E-03,+498.83793294E-03,+518.71858258E-03
-15.45000E-06,+529.08287663E-03,+526.28768375E-03,+523.96356081E-03,+508.66833143E-03
-15.40000E-06,+519.03262548E-03,+521.26255818E-03,+518.93843524E-03,+508.66833143E-03
-15.35000E-06,+519.03262548E-03,+541.36306047E-03,+508.88818410E-03,+513.69345701E-03
-15.30000E-06,+529.08287663E-03,+511.21230703E-03,+518.93843524E-03,+518.71858258E-03
-15.25000E-06,+519.03262548E-03,+506.18718145E-03,+523.96356081E-03,+478.51757798E-03
-15.20000E-06,+519.03262548E-03,+521.26255818E-03,+518.93843524E-03,+488.56782913E-03
-15.15000E-06,+524.05775106E-03,+511.21230703E-03,+518.93843524E-03,+508.66833143E-03
-15.10000E-06,+529.08287663E-03,+521.26255818E-03,+518.93843524E-03,+518.71858258E-03
-15.05000E-06,+554.20850450E-03,+526.28768375E-03,+523.96356082E-03,+503.64320586E-03
-15.00000E-06,+539.13312778E-03,+521.26255818E-03,+539.03893754E-03,+488.56782913E-03
-14.95000E-06,+524.05775106E-03,+526.28768375E-03,+523.96356082E-03,+508.66833143E-03
-14.90000E-06,+539.13312778E-03,+531.31280933E-03,+518.93843524E-03,+498.61808028E-03
-14.85000E-06,+534.10800221E-03,+521.26255818E-03,+528.98868639E-03,+493.59295471E-03
-14.80000E-06,+519.03262548E-03,+541.36306047E-03,+518.93843524E-03,+508.66833143E-03
-14.75000E-06,+514.00749991E-03,+506.18718146E-03,+518.93843524E-03,+508.66833143E-03
-14.70000E-06,+539.13312778E-03,+511.21230703E-03,+508.88818409E-03,+508.66833143E-03
-14.65000E-06,+514.00749990E-03,+516.23743260E-03,+518.93843524E-03,+493.59295471E-03
-14.60000E-06,+519.03262548E-03,+541.36306047E-03,+518.93843524E-03,+488.56782913E-03
-14.55000E-06,+508.98237434E-03,+521.26255818E-03,+513.91330967E-03,+508.66833143E-03
-14.50000E-06,+539.13312778E-03,+511.21230703E-03,+518.93843524E-03,+508.66833143E-03
-14.45000E-06,+519.03262548E-03,+521.26255818E-03,+518.93843524E-03,+488.56782913E-03
-14.40000E-06,+539.13312778E-03,+521.26255818E-03,+559.13943983E-03,+508.66833143E-03
-14.35000E-06,+519.03262548E-03,+521.26255818E-03,+518.93843524E-03,+533.79395930E-03
-14.30000E-06,+549.18337893E-03,+541.36306047E-03,+518.93843524E-03,+508.66833143E-03
-14.25000E-06,+508.98237433E-03,+521.26255818E-03,+488.78768179E-03,+508.66833143E-03
-14.20000E-06,+539.13312778E-03,+541.36306047E-03,+518.93843524E-03,+508.66833143E-03
-14.15000E-06,+519.03262548E-03,+526.28768375E-03,+539.03893754E-03,+488.56782913E-03
-14.10000E-06,+529.08287663E-03,+521.26255818E-03,+518.93843524E-03,+488.56782913E-03
-14.05000E-06,+514.00749991E-03,+521.26255818E-03,+508.88818409E-03,+478.51757798E-03
-14.00000E-06,+559.23363007E-03,+521.26255818E-03,+518.93843524E-03,+508.66833143E-03
-13.95000E-06,+539.13312778E-03,+521.26255818E-03,+518.93843524E-03,+508.66833143E-03
-13.90000E-06,+529.08287663E-03,+521.26255818E-03,+528.98868639E-03,+498.61808028E-03
-13.85000E-06,+539.13312778E-03,+531.31280933E-03,+528.98868639E-03,+523.74370815E-03
-13.80000E-06,+539.13312778E-03,+501.16205588E-03,+498.83793295E-03,+528.76883372E-03
-13.75000E-06,+534.10800220E-03,+521.26255818E-03,+498.83793294E-03,+513.69345700E-03
-13.70000E-06,+549.18337893E-03,+511.21230703E-03,+539.03893754E-03,+508.66833143E-03
-13.65000E-06,+539.13312778E-03,+531.31280933E-03,+498.83793294E-03,+513.69345700E-03
-13.60000E-06,+498.93212319E-03,+501.16205588E-03,+539.03893754E-03,+488.56782913E-03
-13.55000E-06,+524.05775106E-03,+516.23743260E-03,+523.96356082E-03,+488.56782913E-03
-13.50000E-06,+539.13312778E-03,+511.21230703E-03,+518.93843524E-03,+528.76883373E-03
-13.45000E-06,+534.10800221E-03,+536.33793490E-03,+518.93843524E-03,+503.64320586E-03
-13.40000E-06,+559.23363007E-03,+521.26255818E-03,+518.93843524E-03,+508.66833143E-03
-13.35000E-06,+539.13312778E-03,+541.36306047E-03,+508.88818410E-03,+503.64320585E-03
-13.30000E-06,+519.03262548E-03,+541.36306047E-03,+518.93843524E-03,+508.66833143E-03
-13.25000E-06,+534.10800221E-03,+506.18718145E-03,+518.93843524E-03,+503.64320586E-03
-13.20000E-06,+519.03262548E-03,+561.46356277E-03,+498.83793295E-03,+508.66833143E-03
-13.15000E-06,+539.13312778E-03,+516.23743260E-03,+539.03893754E-03,+508.66833143E-03
-13.10000E-06,+539.13312778E-03,+531.31280933E-03,+539.03893754E-03,+508.66833143E-03
-13.05000E-06,+539.13312778E-03,+511.21230703E-03,+518.93843524E-03,+518.71858258E-03
-13.00000E-06,+559.23363007E-03,+541.36306047E-03,+539.03893754E-03,+528.76883373E-03
-12.95000E-06,+539.13312778E-03,+521.26255818E-03,+513.91330967E-03,+508.66833143E-03
-12.90000E-06,+539.13312778E-03,+511.21230703E-03,+528.98868639E-03,+518.71858258E-03
-12.85000E-06,+514.00749991E-03,+506.18718145E-03,+518.93843524E-03,+488.56782913E-03
-12.80000E-06,+539.13312778E-03,+541.36306047E-03,+539.03893754E-03,+508.66833143E-03
-12.75000E-06,+539.13312778E-03,+536.33793490E-03,+518.93843524E-03,+488.56782913E-03
-12.70000E-06,+529.08287663E-03,+521.26255818E-03,+518.93843524E-03,+488.56782913E-03
-12.65000E-06,+549.18337893E-03,+541.36306047E-03,+518.93843524E-03,+503.64320586E-03
-12.60000E-06,+559.23363007E-03,+521.26255818E-03,+539.03893754E-03,+488.56782913E-03
-12.55000E-06,+539.13312778E-03,+506.18718146E-03,+508.88818410E-03,+523.74370815E-03
-12.50000E-06,+529.08287663E-03,+521.26255818E-03,+528.98868639E-03,+518.71858258E-03
-12.45000E-06,+549.18337893E-03,+546.38818605E-03,+528.98868639E-03,+478.51757798E-03
-12.40000E-06,+539.13312778E-03,+501.16205588E-03,+539.03893754E-03,+528.76883373E-03
-12.35000E-06,+529.08287663E-03,+521.26255818E-03,+508.88818409E-03,+493.59295471E-03
-12.30000E-06,+529.08287663E-03,+511.21230703E-03,+528.98868639E-03,+518.71858258E-03
-12.25000E-06,+539.13312778E-03,+536.33793490E-03,+518.93843524E-03,+498.61808028E-03
-12.20000E-06,+559.23363007E-03,+521.26255818E-03,+518.93843524E-03,+508.66833143E-03
-12.15000E-06,+529.08287663E-03,+536.33793490E-03,+508.88818409E-03,+488.56782913E-03
-12.10000E-06,+529.08287663E-03,+521.26255818E-03,+539.03893754E-03,+498.61808028E-03
-12.05000E-06,+539.13312778E-03,+521.26255818E-03,+518.93843524E-03,+488.56782913E-03
-12.00000E-06,+519.03262548E-03,+521.26255818E-03,+518.93843524E-03,+488.56782913E-03
-11.95000E-06,+539.13312778E-03,+521.26255818E-03,+518.93843524E-03,+493.59295471E-03
-11.90000E-06,+529.08287663E-03,+511.21230703E-03,+508.88818409E-03,+518.71858258E-03
-11.85000E-06,+519.03262548E-03,+526.28768375E-03,+513.91330967E-03,+503.64320586E-03
-11.80000E-06,+539.13312778E-03,+521.26255818E-03,+518.93843524E-03,+488.56782913E-03
-11.75000E-06,+549.18337893E-03,+536.33793490E-03,+518.93843524E-03,+518.71858258E-03
-11.70000E-06,+549.18337893E-03,+521.26255818E-03,+528.98868639E-03,+508.66833143E-03
-11.65000E-06,+554.20850450E-03,+511.21230703E-03,+539.03893754E-03,+523.74370815E-03
-11.60000E-06,+519.03262548E-03,+541.36306047E-03,+498.83793295E-03,+528.76883373E-03
-11.55000E-06,+534.10800220E-03,+521.26255818E-03,+534.01381196E-03,+503.64320585E-03
-11.50000E-06,+529.08287663E-03,+531.31280933E-03,+508.88818409E-03,+508.66833143E-03
-11.45000E-06,+539.13312778E-03,+486.08667916E-03,+518.93843524E-03,+513.69345700E-03
-11.40000E-06,+519.03262548E-03,+501.16205588E-03,+498.83793295E-03,+488.56782913E-03
-11.35000E-06,+529.08287663E-03,+501.16205588E-03,+518.93843524E-03,+488.56782913E-03
-11.30000E-06,+529.08287663E-03,+531.31280932E-03,+518.93843524E-03,+508.66833143E-03
-11.25000E-06,+519.03262548E-03,+536.33793490E-03,+523.96356081E-03,+523.74370815E-03
-11.20000E-06,+559.23363008E-03,+501.16205588E-03,+518.93843524E-03,+488.56782913E-03
-11.15000E-06,+524.05775106E-03,+516.23743260E-03,+518.93843524E-03,+508.66833143E-03
-11.10000E-06,+539.13312778E-03,+521.26255818E-03,+518.93843524E-03,+508.66833143E-03
-11.05000E-06,+554.20850450E-03,+526.28768375E-03,+534.01381197E-03,+508.66833143E-03
-11.00000E-06,+539.13312778E-03,+501.16205588E-03,+518.93843524E-03,+488.56782913E-03
-10.95000E-06,+534.10800220E-03,+521.26255818E-03,+518.93843524E-03,+523.74370815E-03
-10.90000E-06,+539.13312778E-03,+531.31280932E-03,+518.93843524E-03,+498.61808028E-03
-10.85000E-06,+524.05775105E-03,+526.28768375E-03,+513.91330967E-03,+508.66833143E-03
-10.80000E-06,+519.03262548E-03,+521.26255818E-03,+518.93843524E-03,+508.66833143E-03
-10.75000E-06,+529.08287663E-03,+506.18718146E-03,+518.93843524E-03,+488.56782913E-03
-10.70000E-06,+529.08287663E-03,+541.36306047E-03,+518.93843524E-03,+488.56782913E-03
-10.65000E-06,+508.98237433E-03,+521.26255818E-03,+523.96356082E-03,+493.59295471E-03
-10.60000E-06,+559.23363008E-03,+501.16205588E-03,+518.93843524E-03,+528.76883373E-03
-10.55000E-06,+529.08287663E-03,+536.33793490E-03,+498.83793294E-03,+523.74370815E-03
-10.50000E-06,+519.03262548E-03,+511.21230703E-03,+508.88818409E-03,+518.71858258E-03
-10.45000E-06,+539.13312778E-03,+511.21230703E-03,+503.86305852E-03,+518.71858258E-03
-10.40000E-06,+519.03262548E-03,+501.16205588E-03,+539.03893754E-03,+488.56782913E-03
-10.35000E-06,+534.10800220E-03,+526.28768375E-03,+488.78768180E-03,+513.69345700E-03
-10.30000E-06,+549.18337893E-03,+511.21230703E-03,+518.93843524E-03,+508.66833143E-03
-10.25000E-06,+554.20850450E-03,+521.26255818E-03,+518.93843524E-03,+523.74370815E-03
-10.20000E-06,+519.03262548E-03,+521.26255818E-03,+498.83793295E-03,+488.56782913E-03
-10.15000E-06,+539.13312778E-03,+521.26255818E-03,+503.86305852E-03,+493.59295471E-03
-10.10000E-06,+529.08287663E-03,+531.31280932E-03,+528.98868639E-03,+508.66833143E-03
-10.05000E-06,+534.10800221E-03,+521.26255818E-03,+508.88818409E-03,+493.59295471E-03
-10.00000E-06,+539.13312778E-03,+521.26255818E-03,+518.93843524E-03,+488.56782913E-03
-9.95000E-06,+524.05775106E-03,+536.33793490E-03,+528.98868639E-03,+488.56782913E-03
-9.90000E-06,+539.13312778E-03,+541.36306047E-03,+528.98868639E-03,+498.61808028E-03
-9.85000E-06,+519.03262548E-03,+521.26255818E-03,+518.93843524E-03,+508.66833143E-03
-9.80000E-06,+539.13312778E-03,+541.36306047E-03,+518.93843524E-03,+508.66833143E-03
-9.75000E-06,+503.95724876E-03,+521.26255818E-03,+503.86305852E-03,+503.64320585E-03
-9.70000E-06,+529.08287663E-03,+511.21230703E-03,+518.93843524E-03,+488.56782913E-03
-9.65000E-06,+539.13312778E-03,+501.16205588E-03,+508.88818409E-03,+508.66833143E-03
-9.60000E-06,+539.13312778E-03,+561.46356277E-03,+518.93843524E-03,+508.66833143E-03
-9.55000E-06,+539.13312778E-03,+521.26255818E-03,+518.93843524E-03,+508.66833143E-03
-9.50000E-06,+539.13312778E-03,+511.21230703E-03,+518.93843524E-03,+518.71858258E-03
-9.45000E-06,+539.13312778E-03,+541.36306047E-03,+518.93843524E-03,+508.66833143E-03
-9.40000E-06,+498.93212319E-03,+541.36306047E-03,+518.93843524E-03,+488.56782913E-03
-9.35000E-06,+539.13312778E-03,+536.33793490E-03,+518.93843524E-03,+488.56782913E-03
-9.30000E-06,+539.13312778E-03,+531.31280933E-03,+518.93843524E-03,+498.61808028E-03
-9.25000E-06,+534.10800221E-03,+536.33793490E-03,+513.91330967E-03,+513.69345700E-03
-9.20000E-06,+498.93212318E-03,+501.16205588E-03,+498.83793295E-03,+548.86933602E-03
-9.15000E-06,+524.05775106E-03,+531.31280932E-03,+518.93843524E-03,+493.59295471E-03
-9.10000E-06,+549.18337893E-03,+521.26255818E-03,+508.88818409E-03,+488.56782913E-03
-9.05000E-06,+524.05775106E-03,+516.23743260E-03,+534.01381197E-03,+533.79395930E-03
-9.00000E-06,+539.13312778E-03,+521.26255818E-03,+518.93843524E-03,+508.66833143E-03
-8.95000E-06,+524.05775106E-03,+521.26255818E-03,+493.81280737E-03,+523.74370815E-03
-8.90000E-06,+539.13312778E-03,+521.26255818E-03,+508.88818409E-03,+508.66833143E-03
-8.85000E-06,+539.13312778E-03,+526.28768375E-03,+518.93843524E-03,+488.56782913E-03
-8.80000E-06,+539.13312778E-03,+561.46356277E-03,+539.03893754E-03,+508.66833143E-03
-8.75000E-06,+549.18337893E-03,+526.28768375E-03,+523.96356082E-03,+518.71858258E-03
-8.70000E-06,+529.08287663E-03,+501.16205588E-03,+508.88818409E-03,+508.66833143E-03
-8.65000E-06,+544.15825335E-03,+521.26255818E-03,+523.96356082E-03,+498.61808028E-03
-8.60000E-06,+519.03262548E-03,+541.36306047E-03,+518.93843524E-03,+508.66833143E-03
-8.55000E-06,+519.03262548E-03,+506.18718145E-03,+534.01381196E-03,+488.56782913E-03
-8.50000E-06,+539.13312778E-03,+521.26255818E-03,+539.03893754E-03,+518.71858258E-03
-8.45000E-06,+534.10800221E-03,+521.26255818E-03,+539.03893754E-03,+493.59295471E-03
-8.40000E-06,+539.13312778E-03,+501.16205588E-03,+518.93843524E-03,+508.66833143E-03
-8.35000E-06,+539.13312778E-03,+516.23743260E-03,+513.91330967E-03,+503.64320585E-03
-8.30000E-06,+529.08287663E-03,+541.36306047E-03,+508.88818409E-03,+508.66833143E-03
-8.25000E-06,+519.03262548E-03,+536.33793490E-03,+518.93843524E-03,+508.66833143E-03
-8.20000E-06,+539.13312778E-03,+521.26255818E-03,+539.03893754E-03,+508.66833143E-03
-8.15000E-06,+524.05775106E-03,+501.16205588E-03,+513.91330967E-03,+493.59295471E-03
-8.10000E-06,+539.13312778E-03,+501.16205588E-03,+528.98868639E-03,+508.66833143E-03
-8.05000E-06,+519.03262548E-03,+521.26255818E-03,+534.01381197E-03,+473.49245241E-03
-8.00000E-06,+539.13312778E-03,+541.36306047E-03,+518.93843524E-03,+508.66833143E-03
-7.95000E-06,+554.20850450E-03,+521.26255818E-03,+523.96356082E-03,+488.56782913E-03
-7.90000E-06,+539.13312778E-03,+521.26255818E-03,+518.93843524E-03,+498.61808028E-03
-7.85000E-06,+539.13312778E-03,+536.33793490E-03,+518.93843524E-03,+513.69345700E-03
-7.80000E-06,+519.03262548E-03,+521.26255818E-03,+498.83793294E-03,+488.56782913E-03
-7.75000E-06,+524.05775106E-03,+541.36306047E-03,+508.88818409E-03,+508.66833143E-03
-7.70000E-06,+539.13312778E-03,+541.36306047E-03,+518.93843524E-03,+508.66833143E-03
-7.65000E-06,+539.13312778E-03,+521.26255818E-03,+539.03893754E-03,+508.66833143E-03
-7.60000E-06,+519.03262548E-03,+521.26255818E-03,+498.83793295E-03,+528.76883373E-03
-7.55000E-06,+503.95724876E-03,+501.16205588E-03,+528.98868639E-03,+498.61808028E-03
-7.50000E-06,+529.08287663E-03,+531.31280933E-03,+518.93843524E-03,+498.61808028E-03
-7.45000E-06,+508.98237433E-03,+536.33793490E-03,+534.01381197E-03,+483.54270356E-03
-7.40000E-06,+539.13312778E-03,+541.36306047E-03,+518.93843524E-03,+488.56782913E-03
-7.35000E-06,+544.15825335E-03,+541.36306047E-03,+518.93843524E-03,+523.74370815E-03
-7.30000E-06,+539.13312778E-03,+521.26255818E-03,+518.93843524E-03,+498.61808028E-03
-7.25000E-06,+519.03262548E-03,+536.33793490E-03,+528.98868639E-03,+508.66833143E-03
-7.20000E-06,+519.03262548E-03,+521.26255818E-03,+518.93843524E-03,+508.66833143E-03
-7.15000E-06,+554.20850450E-03,+516.23743260E-03,+523.96356082E-03,+503.64320585E-03
-7.10000E-06,+539.13312778E-03,+531.31280933E-03,+508.88818409E-03,+508.66833143E-03
-7.05000E-06,+534.10800221E-03,+526.28768375E-03,+518.93843524E-03,+508.66833143E-03
-7.00000E-06,+539.13312778E-03,+501.16205588E-03,+518.93843524E-03,+488.56782913E-03
-6.95000E-06,+539.13312778E-03,+516.23743260E-03,+508.88818409E-03,+503.64320585E-03
-6.90000E-06,+529.08287663E-03,+511.21230703E-03,+508.88818409E-03,+498.61808028E-03
-6.85000E-06,+534.10800221E-03,+536.33793490E-03,+528.98868639E-03,+508.66833143E-03
-6.80000E-06,+539.13312778E-03,+501.16205588E-03,+539.03893754E-03,+508.66833143E-03
-6.75000E-06,+529.08287663E-03,+536.33793490E-03,+503.86305852E-03,+508.66833143E-03
-6.70000E-06,+519.03262548E-03,+541.36306047E-03,+518.93843524E-03,+488.56782913E-03
-6.65000E-06,+529.08287663E-03,+521.26255818E-03,+539.03893754E-03,+493.59295471E-03
-6.60000E-06,+539.13312778E-03,+501.16205588E-03,+539.03893754E-03,+508.66833143E-03
-6.55000E-06,+508.98237433E-03,+521.26255818E-03,+518.93843524E-03,+508.66833143E-03
-6.50000E-06,+529.08287663E-03,+531.31280933E-03,+518.93843524E-03,+498.61808028E-03
-6.45000E-06,+508.98237433E-03,+541.36306047E-03,+539.03893754E-03,+488.56782913E-03
-6.40000E-06,+519.03262548E-03,+521.26255818E-03,+498.83793294E-03,+508.66833143E-03
-6.35000E-06,+539.13312778E-03,+536.33793490E-03,+518.93843524E-03,+488.56782913E-03
-6.30000E-06,+529.08287663E-03,+531.31280933E-03,+518.93843524E-03,+498.61808028E-03
-6.25000E-06,+534.10800221E-03,+516.23743260E-03,+534.01381197E-03,+513.69345701E-03
-6.20000E-06,+519.03262548E-03,+521.26255818E-03,+498.83793294E-03,+488.56782913E-03
-6.15000E-06,+524.05775106E-03,+521.26255818E-03,+539.03893754E-03,+503.64320585E-03
-6.10000E-06,+549.18337893E-03,+511.21230703E-03,+518.93843524E-03,+508.66833143E-03
-6.05000E-06,+554.20850450E-03,+531.31280933E-03,+518.93843524E-03,+508.66833143E-03
-6.00000E-06,+519.03262548E-03,+521.26255818E-03,+498.83793295E-03,+528.76883373E-03
-5.95000E-06,+524.05775106E-03,+521.26255818E-03,+513.91330967E-03,+508.66833143E-03
-5.90000E-06,+519.03262548E-03,+541.36306047E-03,+528.98868639E-03,+498.61808028E-03
-5.85000E-06,+524.05775106E-03,+501.16205588E-03,+534.01381197E-03,+508.66833143E-03
-5.80000E-06,+559.23363008E-03,+521.26255818E-03,+518.93843524E-03,+488.56782913E-03
-5.75000E-06,+524.05775106E-03,+521.26255818E-03,+523.96356082E-03,+503.64320585E-03
-5.70000E-06,+539.13312778E-03,+511.21230703E-03,+528.98868639E-03,+498.61808028E-03
-5.65000E-06,+539.13312778E-03,+526.28768375E-03,+534.01381197E-03,+493.59295471E-03
-5.60000E-06,+519.03262548E-03,+521.26255818E-03,+539.03893754E-03,+508.66833143E-03
-5.55000E-06,+529.08287663E-03,+516.23743260E-03,+518.93843524E-03,+523.74370815E-03
-5.50000E-06,+529.08287663E-03,+511.21230703E-03,+528.98868639E-03,+508.66833143E-03
-5.45000E-06,+524.05775106E-03,+531.31280933E-03,+534.01381197E-03,+503.64320586E-03
-5.40000E-06,+559.23363007E-03,+521.26255818E-03,+518.93843524E-03,+488.56782913E-03
-5.35000E-06,+524.05775106E-03,+511.21230703E-03,+534.01381196E-03,+508.66833143E-03
-5.30000E-06,+539.13312778E-03,+521.26255818E-03,+528.98868639E-03,+518.71858258E-03
-5.25000E-06,+534.10800221E-03,+506.18718145E-03,+513.91330967E-03,+503.64320586E-03
-5.20000E-06,+539.13312778E-03,+521.26255818E-03,+518.93843524E-03,+488.56782913E-03
-5.15000E-06,+539.13312778E-03,+541.36306047E-03,+523.96356082E-03,+508.66833143E-03
-5.10000E-06,+529.08287663E-03,+521.26255818E-03,+528.98868639E-03,+508.66833143E-03
-5.05000E-06,+539.13312778E-03,+536.33793490E-03,+539.03893754E-03,+503.64320586E-03
-5.00000E-06,+539.13312778E-03,+501.16205588E-03,+539.03893754E-03,+508.66833143E-03
-4.95000E-06,+529.08287663E-03,+521.26255818E-03,+518.93843524E-03,+523.74370815E-03
-4.90000E-06,+519.03262548E-03,+501.16205588E-03,+498.83793294E-03,+518.71858258E-03
-4.85000E-06,+539.13312778E-03,+526.28768375E-03,+508.88818409E-03,+508.66833143E-03
-4.80000E-06,+519.03262548E-03,+521.26255818E-03,+539.03893754E-03,+508.66833143E-03
-4.75000E-06,+569.28388122E-03,+526.28768375E-03,+513.91330967E-03,+498.61808028E-03
-4.70000E-06,+519.03262548E-03,+531.31280933E-03,+508.88818409E-03,+498.61808028E-03
-4.65000E-06,+539.13312778E-03,+521.26255818E-03,+523.96356082E-03,+473.49245241E-03
-4.60000E-06,+519.03262548E-03,+521.26255818E-03,+498.83793294E-03,+508.66833143E-03
-4.55000E-06,+539.13312778E-03,+516.23743260E-03,+534.01381196E-03,+503.64320585E-03
-4.50000E-06,+529.08287663E-03,+531.31280932E-03,+498.83793294E-03,+518.71858258E-03
-4.45000E-06,+534.10800221E-03,+506.18718145E-03,+503.86305852E-03,+503.64320586E-03
-4.40000E-06,+519.03262548E-03,+561.46356277E-03,+498.83793294E-03,+508.66833143E-03
-4.35000E-06,+519.03262548E-03,+521.26255818E-03,+503.86305852E-03,+493.59295471E-03
-4.30000E-06,+539.13312778E-03,+511.21230703E-03,+528.98868639E-03,+488.56782913E-03
-4.25000E-06,+524.05775106E-03,+541.36306047E-03,+534.01381197E-03,+508.66833143E-03
-4.20000E-06,+539.13312778E-03,+521.26255818E-03,+498.83793295E-03,+528.76883373E-03
-4.15000E-06,+524.05775106E-03,+521.26255818E-03,+503.86305852E-03,+488.56782913E-03
-4.10000E-06,+529.08287663E-03,+521.26255818E-03,+518.93843524E-03,+508.66833143E-03
-4.05000E-06,+544.15825335E-03,+526.28768375E-03,+528.98868639E-03,+508.66833143E-03
-4.00000E-06,+539.13312778E-03,+521.26255818E-03,+518.93843524E-03,+508.66833143E-03
-3.95000E-06,+524.05775106E-03,+511.21230703E-03,+503.86305852E-03,+488.56782913E-03
-3.90000E-06,+519.03262548E-03,+511.21230703E-03,+528.98868639E-03,+518.71858258E-03
-3.85000E-06,+524.05775105E-03,+521.26255818E-03,+503.86305852E-03,+488.56782913E-03
-3.80000E-06,+519.03262548E-03,+501.16205588E-03,+518.93843524E-03,+468.46732684E-03
-3.75000E-06,+534.10800220E-03,+541.36306047E-03,+503.86305852E-03,+513.69345700E-03
-3.70000E-06,+529.08287663E-03,+521.26255818E-03,+518.93843524E-03,+508.66833143E-03
-3.65000E-06,+534.10800221E-03,+521.26255818E-03,+513.91330967E-03,+523.74370815E-03
-3.60000E-06,+519.03262548E-03,+501.16205588E-03,+518.93843524E-03,+508.66833143E-03
-3.55000E-06,+534.10800220E-03,+506.18718146E-03,+544.06406311E-03,+498.61808028E-03
-3.50000E-06,+529.08287663E-03,+511.21230703E-03,+508.88818409E-03,+498.61808028E-03
-3.45000E-06,+539.13312778E-03,+521.26255818E-03,+518.93843524E-03,+513.69345700E-03
-3.40000E-06,+519.03262548E-03,+561.46356277E-03,+518.93843524E-03,+488.56782913E-03
-3.35000E-06,+529.08287663E-03,+516.23743260E-03,+513.91330967E-03,+498.61808028E-03
-3.30000E-06,+529.08287663E-03,+501.16205588E-03,+528.98868639E-03,+498.61808028E-03
-3.25000E-06,+524.05775105E-03,+521.26255818E-03,+513.91330967E-03,+508.66833143E-03
-3.20000E-06,+519.03262548E-03,+521.26255818E-03,+539.03893754E-03,+488.56782913E-03
-3.15000E-06,+549.18337893E-03,+536.33793490E-03,+518.93843524E-03,+508.66833143E-03
-3.10000E-06,+519.03262548E-03,+511.21230703E-03,+508.88818409E-03,+498.61808028E-03
-3.05000E-06,+519.03262548E-03,+506.18718145E-03,+518.93843524E-03,+513.69345700E-03
-3.00000E-06,+539.13312778E-03,+541.36306047E-03,+539.03893754E-03,+488.56782913E-03
-2.95000E-06,+539.13312778E-03,+536.33793490E-03,+534.01381196E-03,+503.64320585E-03
-2.90000E-06,+539.13312778E-03,+521.26255818E-03,+518.93843524E-03,+528.76883373E-03
-2.85000E-06,+539.13312778E-03,+526.28768375E-03,+518.93843524E-03,+508.66833143E-03
-2.80000E-06,+539.13312778E-03,+541.36306047E-03,+539.03893754E-03,+508.66833143E-03
-2.75000E-06,+534.10800220E-03,+536.33793490E-03,+518.93843524E-03,+488.56782913E-03
-2.70000E-06,+539.13312778E-03,+501.16205588E-03,+518.93843524E-03,+498.61808028E-03
-2.65000E-06,+524.05775105E-03,+521.26255818E-03,+518.93843524E-03,+508.66833143E-03
-2.60000E-06,+519.03262548E-03,+501.16205588E-03,+539.03893754E-03,+508.66833143E-03
-2.55000E-06,+534.10800220E-03,+526.28768375E-03,+518.93843524E-03,+513.69345700E-03
-2.50000E-06,+539.13312778E-03,+531.31280932E-03,+518.93843524E-03,+498.61808028E-03
-2.45000E-06,+544.15825335E-03,+536.33793490E-03,+518.93843524E-03,+493.59295471E-03
-2.40000E-06,+519.03262548E-03,+521.26255818E-03,+518.93843524E-03,+488.56782913E-03
-2.35000E-06,+549.18337893E-03,+526.28768375E-03,+518.93843524E-03,+508.66833143E-03
-2.30000E-06,+519.03262548E-03,+521.26255818E-03,+508.88818409E-03,+498.61808028E-03
-2.25000E-06,+539.13312778E-03,+536.33793490E-03,+518.93843524E-03,+508.66833143E-03
-2.20000E-06,+539.13312778E-03,+501.16205588E-03,+518.93843524E-03,+508.66833143E-03
-2.15000E-06,+524.05775106E-03,+521.26255818E-03,+518.93843524E-03,+493.59295471E-03
-2.10000E-06,+539.13312778E-03,+541.36306047E-03,+528.98868639E-03,+528.76883373E-03
-2.05000E-06,+534.10800221E-03,+516.23743260E-03,+523.96356082E-03,+508.66833143E-03
-2.00000E-06,+539.13312778E-03,+501.16205588E-03,+518.93843524E-03,+508.66833143E-03
-1.95000E-06,+529.08287663E-03,+521.26255818E-03,+498.83793294E-03,+493.59295471E-03
-1.90000E-06,+539.13312778E-03,+511.21230703E-03,+508.88818409E-03,+498.61808028E-03
-1.85000E-06,+539.13312778E-03,+536.33793490E-03,+513.91330967E-03,+503.64320586E-03
-1.80000E-06,+539.13312778E-03,+521.26255818E-03,+518.93843524E-03,+488.56782913E-03
-1.75000E-06,+529.08287663E-03,+506.18718145E-03,+534.01381196E-03,+513.69345700E-03
-1.70000E-06,+539.13312778E-03,+521.26255818E-03,+518.93843524E-03,+488.56782913E-03
-1.65000E-06,+524.05775105E-03,+506.18718145E-03,+534.01381197E-03,+493.59295471E-03
-1.60000E-06,+519.03262548E-03,+521.26255818E-03,+518.93843524E-03,+508.66833143E-03
-1.55000E-06,+534.10800220E-03,+521.26255818E-03,+523.96356082E-03,+508.66833143E-03
-1.50000E-06,+529.08287663E-03,+531.31280933E-03,+498.83793294E-03,+498.61808028E-03
-1.45000E-06,+524.05775106E-03,+521.26255818E-03,+523.96356082E-03,+503.64320586E-03
-1.40000E-06,+539.13312778E-03,+501.16205588E-03,+518.93843524E-03,+488.56782913E-03
-1.35000E-06,+508.98237433E-03,+536.33793490E-03,+518.93843524E-03,+508.66833143E-03
-1.30000E-06,+529.08287663E-03,+521.26255818E-03,+528.98868639E-03,+508.66833143E-03
-1.25000E-06,+539.13312778E-03,+506.18718145E-03,+518.93843524E-03,+518.71858258E-03
-1.20000E-06,+539.13312778E-03,+541.36306047E-03,+518.93843524E-03,+508.66833143E-03
-1.15000E-06,+539.13312778E-03,+526.28768375E-03,+523.96356082E-03,+488.56782913E-03
-1.10000E-06,+539.13312778E-03,+541.36306047E-03,+528.98868639E-03,+498.61808028E-03
-1.05000E-06,+549.18337893E-03,+521.26255818E-03,+518.93843524E-03,+503.64320586E-03
-1.00000E-06,+519.03262548E-03,+521.26255818E-03,+518.93843524E-03,+488.56782913E-03
-950.00E-09,+508.98237433E-03,+501.16205588E-03,+503.86305852E-03,+483.54270356E-03
-900.00E-09,+519.03262548E-03,+541.36306047E-03,+539.03893754E-03,+508.66833143E-03
-850.00E-09,+544.15825336E-03,+511.21230703E-03,+518.93843524E-03,+493.59295471E-03
-800.00E-09,+498.93212319E-03,+521.26255818E-03,+518.93843524E-03,+508.66833143E-03
-750.00E-09,+539.13312778E-03,+516.23743260E-03,+523.96356082E-03,+493.59295471E-03
-700.00E-09,+529.08287663E-03,+531.31280932E-03,+508.88818409E-03,+508.66833143E-03
-650.00E-09,+554.20850450E-03,+531.31280933E-03,+518.93843524E-03,+508.66833143E-03
-600.00E-09,+539.13312778E-03,+521.26255818E-03,+539.03893754E-03,+508.66833143E-03
-550.00E-09,+519.03262548E-03,+536.33793490E-03,+534.01381196E-03,+508.66833143E-03
-500.00E-09,+529.08287663E-03,+511.21230703E-03,+528.98868639E-03,+518.71858258E-03
-450.00E-09,+524.05775106E-03,+536.33793490E-03,+503.86305852E-03,+503.64320586E-03
-400.00E-09,+519.03262548E-03,+541.36306047E-03,+518.93843524E-03,+488.56782913E-03
-350.00E-09,+539.13312778E-03,+511.21230703E-03,+534.01381196E-03,+493.59295471E-03
-300.00E-09,+508.98237433E-03,+531.31280932E-03,+518.93843524E-03,+488.56782913E-03
-250.00E-09,+544.15825335E-03,+541.36306047E-03,+518.93843524E-03,+498.61808028E-03
-200.00E-09,+539.13312778E-03,+521.26255818E-03,+498.83793295E-03,+508.66833143E-03
-150.00E-09,+524.05775106E-03,+521.26255818E-03,+518.93843524E-03,+508.66833143E-03
-100.00E-09,+539.13312778E-03,+521.26255818E-03,+508.88818409E-03,+488.56782913E-03
-50.00E-09,+554.20850450E-03,+521.26255818E-03,+523.96356082E-03,+498.61808028E-03
+0.0E+00,+519.03262548E-03,+541.36306047E-03,+518.93843524E-03,+488.56782913E-03
+50.00E-09,+549.18337893E-03,+516.23743260E-03,+534.01381196E-03,+488.56782913E-03
+100.00E-09,+529.08287663E-03,+521.26255818E-03,+518.93843524E-03,+508.66833143E-03
+150.00E-09,+503.95724876E-03,+521.26255818E-03,+498.83793294E-03,+488.56782913E-03
+200.00E-09,+539.13312778E-03,+521.26255818E-03,+518.93843524E-03,+508.66833143E-03
+250.00E-09,+503.95724876E-03,+536.33793490E-03,+539.03893754E-03,+513.69345700E-03
+300.00E-09,+519.03262548E-03,+521.26255818E-03,+508.88818409E-03,+518.71858258E-03
+350.00E-09,+549.18337893E-03,+511.21230703E-03,+554.11431426E-03,+508.66833143E-03
+400.00E-09,+519.03262548E-03,+521.26255818E-03,+518.93843524E-03,+488.56782913E-03
+450.00E-09,+514.00749991E-03,+536.33793490E-03,+503.86305852E-03,+503.64320585E-03
+500.00E-09,+519.03262548E-03,+491.11180473E-03,+528.98868639E-03,+508.66833143E-03
+550.00E-09,+503.95724876E-03,+521.26255818E-03,+528.98868639E-03,+488.56782913E-03
+600.00E-09,+559.23363008E-03,+501.16205588E-03,+498.83793295E-03,+508.66833143E-03
+650.00E-09,+519.03262548E-03,+541.36306047E-03,+513.91330967E-03,+513.69345700E-03
+700.00E-09,+529.08287663E-03,+531.31280933E-03,+528.98868639E-03,+498.61808028E-03
+750.00E-09,+554.20850450E-03,+526.28768375E-03,+534.01381197E-03,+493.59295471E-03
+800.00E-09,+498.93212319E-03,+541.36306047E-03,+518.93843524E-03,+508.66833143E-03
+850.00E-09,+534.10800220E-03,+511.21230703E-03,+518.93843524E-03,+528.76883373E-03
+900.00E-09,+519.03262548E-03,+541.36306047E-03,+518.93843524E-03,+518.71858258E-03
+950.00E-09,+539.13312778E-03,+531.31280933E-03,+518.93843524E-03,+493.59295471E-03
+1.00000E-06,+559.23363008E-03,+501.16205588E-03,+518.93843524E-03,+488.56782913E-03
+1.05000E-06,+544.15825335E-03,+531.31280932E-03,+518.93843524E-03,+508.66833143E-03
+1.10000E-06,+519.03262548E-03,+531.31280933E-03,+528.98868639E-03,+508.66833143E-03
+1.15000E-06,+529.08287663E-03,+516.23743260E-03,+518.93843524E-03,+493.59295471E-03
+1.20000E-06,+539.13312778E-03,+501.16205588E-03,+498.83793294E-03,+528.76883373E-03
+1.25000E-06,+549.18337893E-03,+511.21230703E-03,+508.88818409E-03,+508.66833143E-03
+1.30000E-06,+529.08287663E-03,+541.36306047E-03,+539.03893754E-03,+508.66833143E-03
+1.35000E-06,+529.08287663E-03,+526.28768375E-03,+518.93843524E-03,+493.59295471E-03
+1.40000E-06,+559.23363008E-03,+501.16205588E-03,+518.93843524E-03,+468.46732684E-03
+1.45000E-06,+529.08287663E-03,+536.33793490E-03,+534.01381196E-03,+503.64320585E-03
+1.50000E-06,+539.13312778E-03,+521.26255818E-03,+518.93843524E-03,+508.66833143E-03
+1.55000E-06,+539.13312778E-03,+526.28768375E-03,+508.88818409E-03,+493.59295471E-03
+1.60000E-06,+539.13312778E-03,+521.26255818E-03,+518.93843524E-03,+488.56782913E-03
+1.65000E-06,+554.20850450E-03,+526.28768375E-03,+518.93843524E-03,+513.69345700E-03
+1.70000E-06,+539.13312778E-03,+511.21230703E-03,+528.98868639E-03,+518.71858258E-03
+1.75000E-06,+554.20850450E-03,+506.18718145E-03,+518.93843524E-03,+513.69345700E-03
+1.80000E-06,+539.13312778E-03,+541.36306047E-03,+518.93843524E-03,+468.46732684E-03
+1.85000E-06,+519.03262548E-03,+526.28768375E-03,+523.96356082E-03,+493.59295471E-03
+1.90000E-06,+549.18337893E-03,+531.31280933E-03,+518.93843524E-03,+518.71858258E-03
+1.95000E-06,+539.13312778E-03,+541.36306047E-03,+518.93843524E-03,+508.66833143E-03
+2.00000E-06,+539.13312778E-03,+541.36306047E-03,+518.93843524E-03,+508.66833143E-03
+2.05000E-06,+534.10800220E-03,+516.23743260E-03,+513.91330967E-03,+493.59295471E-03
+2.10000E-06,+529.08287663E-03,+531.31280932E-03,+549.08918869E-03,+508.66833143E-03
+2.15000E-06,+539.13312778E-03,+536.33793490E-03,+539.03893754E-03,+498.61808028E-03
+2.20000E-06,+498.93212319E-03,+501.16205588E-03,+539.03893754E-03,+528.76883372E-03
+2.25000E-06,+539.13312778E-03,+521.26255818E-03,+513.91330967E-03,+513.69345700E-03
+2.30000E-06,+539.13312778E-03,+541.36306047E-03,+528.98868639E-03,+498.61808028E-03
+2.35000E-06,+559.23363008E-03,+516.23743260E-03,+534.01381197E-03,+508.66833143E-03
+2.40000E-06,+519.03262548E-03,+521.26255818E-03,+539.03893754E-03,+488.56782913E-03
+2.45000E-06,+534.10800220E-03,+526.28768375E-03,+523.96356082E-03,+508.66833143E-03
+2.50000E-06,+508.98237433E-03,+511.21230703E-03,+518.93843524E-03,+508.66833143E-03
+2.55000E-06,+524.05775106E-03,+541.36306047E-03,+518.93843524E-03,+503.64320586E-03
+2.60000E-06,+539.13312778E-03,+521.26255818E-03,+518.93843524E-03,+508.66833143E-03
+2.65000E-06,+524.05775106E-03,+526.28768375E-03,+523.96356082E-03,+508.66833143E-03
+2.70000E-06,+539.13312778E-03,+521.26255818E-03,+508.88818409E-03,+488.56782913E-03
+2.75000E-06,+519.03262548E-03,+541.36306047E-03,+523.96356082E-03,+513.69345700E-03
+2.80000E-06,+498.93212319E-03,+501.16205588E-03,+498.83793295E-03,+508.66833143E-03
+2.85000E-06,+514.00749991E-03,+506.18718145E-03,+518.93843524E-03,+508.66833143E-03
+2.90000E-06,+529.08287663E-03,+521.26255818E-03,+528.98868639E-03,+478.51757798E-03
+2.95000E-06,+514.00749990E-03,+526.28768375E-03,+523.96356082E-03,+503.64320586E-03
+3.00000E-06,+539.13312778E-03,+501.16205588E-03,+498.83793295E-03,+508.66833143E-03
+3.05000E-06,+524.05775106E-03,+521.26255818E-03,+523.96356082E-03,+498.61808028E-03
+3.10000E-06,+529.08287663E-03,+521.26255818E-03,+508.88818409E-03,+498.61808028E-03
+3.15000E-06,+524.05775106E-03,+501.16205588E-03,+503.86305852E-03,+508.66833143E-03
+3.20000E-06,+539.13312778E-03,+541.36306047E-03,+559.13943983E-03,+488.56782913E-03
+3.25000E-06,+539.13312778E-03,+516.23743260E-03,+523.96356082E-03,+513.69345700E-03
+3.30000E-06,+508.98237433E-03,+531.31280932E-03,+508.88818409E-03,+508.66833143E-03
+3.35000E-06,+534.10800221E-03,+526.28768375E-03,+518.93843524E-03,+493.59295471E-03
+3.40000E-06,+539.13312778E-03,+521.26255818E-03,+518.93843524E-03,+508.66833143E-03
+3.45000E-06,+539.13312778E-03,+541.36306047E-03,+534.01381196E-03,+493.59295471E-03
+3.50000E-06,+529.08287663E-03,+511.21230703E-03,+518.93843524E-03,+518.71858258E-03
+3.55000E-06,+534.10800221E-03,+516.23743260E-03,+534.01381197E-03,+503.64320586E-03
+3.60000E-06,+519.03262548E-03,+521.26255818E-03,+498.83793295E-03,+488.56782913E-03
+3.65000E-06,+534.10800220E-03,+521.26255818E-03,+539.03893754E-03,+488.56782913E-03
+3.70000E-06,+549.18337893E-03,+511.21230703E-03,+518.93843524E-03,+508.66833143E-03
+3.75000E-06,+534.10800221E-03,+536.33793490E-03,+503.86305852E-03,+508.66833143E-03
+3.80000E-06,+519.03262548E-03,+521.26255818E-03,+539.03893754E-03,+528.76883373E-03
+3.85000E-06,+549.18337893E-03,+521.26255818E-03,+518.93843524E-03,+508.66833143E-03
+3.90000E-06,+508.98237433E-03,+521.26255818E-03,+508.88818409E-03,+498.61808028E-03
+3.95000E-06,+554.20850450E-03,+506.18718145E-03,+523.96356082E-03,+478.51757798E-03
+4.00000E-06,+519.03262548E-03,+541.36306047E-03,+539.03893754E-03,+488.56782913E-03
+4.05000E-06,+544.15825335E-03,+521.26255818E-03,+528.98868639E-03,+508.66833143E-03
+4.10000E-06,+549.18337893E-03,+531.31280932E-03,+528.98868639E-03,+508.66833143E-03
+4.15000E-06,+544.15825335E-03,+516.23743260E-03,+518.93843524E-03,+488.56782913E-03
+4.20000E-06,+539.13312778E-03,+521.26255818E-03,+539.03893754E-03,+488.56782913E-03
+4.25000E-06,+519.03262548E-03,+516.23743260E-03,+513.91330967E-03,+503.64320585E-03
+4.30000E-06,+539.13312778E-03,+501.16205588E-03,+528.98868639E-03,+518.71858258E-03
+4.35000E-06,+534.10800221E-03,+526.28768375E-03,+528.98868639E-03,+523.74370815E-03
+4.40000E-06,+519.03262548E-03,+521.26255818E-03,+498.83793295E-03,+488.56782913E-03
+4.45000E-06,+524.05775106E-03,+521.26255818E-03,+539.03893754E-03,+488.56782913E-03
+4.50000E-06,+539.13312778E-03,+531.31280932E-03,+518.93843524E-03,+498.61808028E-03
+4.55000E-06,+524.05775105E-03,+531.31280933E-03,+518.93843524E-03,+513.69345700E-03
+4.60000E-06,+539.13312778E-03,+541.36306047E-03,+518.93843524E-03,+488.56782913E-03
+4.65000E-06,+524.05775106E-03,+521.26255818E-03,+513.91330967E-03,+508.66833143E-03
+4.70000E-06,+529.08287663E-03,+531.31280932E-03,+508.88818409E-03,+498.61808028E-03
+4.75000E-06,+539.13312778E-03,+506.18718145E-03,+513.91330967E-03,+503.64320586E-03
+4.80000E-06,+539.13312778E-03,+521.26255818E-03,+539.03893754E-03,+488.56782913E-03
+4.85000E-06,+544.15825335E-03,+536.33793490E-03,+508.88818409E-03,+508.66833143E-03
+4.90000E-06,+539.13312778E-03,+531.31280933E-03,+518.93843524E-03,+498.61808028E-03
+4.95000E-06,+554.20850450E-03,+536.33793490E-03,+539.03893754E-03,+493.59295471E-03
+5.00000E-06,+539.13312778E-03,+501.16205588E-03,+559.13943983E-03,+508.66833143E-03
+5.05000E-06,+539.13312778E-03,+541.36306047E-03,+503.86305852E-03,+523.74370815E-03
+5.10000E-06,+508.98237433E-03,+531.31280933E-03,+518.93843524E-03,+508.66833143E-03
+5.15000E-06,+534.10800221E-03,+511.21230703E-03,+523.96356081E-03,+508.66833143E-03
+5.20000E-06,+559.23363008E-03,+541.36306047E-03,+518.93843524E-03,+508.66833143E-03
+5.25000E-06,+539.13312778E-03,+526.28768375E-03,+513.91330967E-03,+493.59295471E-03
+5.30000E-06,+529.08287663E-03,+521.26255818E-03,+518.93843524E-03,+488.56782913E-03
+5.35000E-06,+508.98237433E-03,+536.33793490E-03,+523.96356081E-03,+508.66833143E-03
+5.40000E-06,+559.23363007E-03,+501.16205588E-03,+539.03893754E-03,+508.66833143E-03
+5.45000E-06,+529.08287663E-03,+521.26255818E-03,+503.86305852E-03,+503.64320585E-03
+5.50000E-06,+529.08287663E-03,+521.26255818E-03,+518.93843524E-03,+508.66833143E-03
+5.55000E-06,+539.13312778E-03,+521.26255818E-03,+539.03893754E-03,+478.51757798E-03
+5.60000E-06,+539.13312778E-03,+541.36306047E-03,+539.03893754E-03,+528.76883372E-03
+5.65000E-06,+529.08287663E-03,+501.16205588E-03,+518.93843524E-03,+498.61808028E-03
+5.70000E-06,+519.03262548E-03,+521.26255818E-03,+508.88818409E-03,+518.71858258E-03
+5.75000E-06,+539.13312778E-03,+536.33793490E-03,+539.03893754E-03,+508.66833143E-03
+5.80000E-06,+539.13312778E-03,+541.36306047E-03,+498.83793295E-03,+488.56782913E-03
+5.85000E-06,+534.10800220E-03,+516.23743260E-03,+534.01381196E-03,+518.71858258E-03
+5.90000E-06,+539.13312778E-03,+521.26255818E-03,+518.93843524E-03,+488.56782913E-03
+5.95000E-06,+534.10800221E-03,+541.36306047E-03,+513.91330967E-03,+508.66833143E-03
+6.00000E-06,+539.13312778E-03,+541.36306047E-03,+498.83793294E-03,+508.66833143E-03
+6.05000E-06,+529.08287663E-03,+521.26255818E-03,+498.83793294E-03,+508.66833143E-03
+6.10000E-06,+539.13312778E-03,+511.21230703E-03,+518.93843524E-03,+488.56782913E-03
+6.15000E-06,+524.05775105E-03,+521.26255818E-03,+534.01381197E-03,+513.69345700E-03
+6.20000E-06,+539.13312778E-03,+541.36306047E-03,+518.93843524E-03,+488.56782913E-03
+6.25000E-06,+524.05775106E-03,+521.26255818E-03,+518.93843524E-03,+508.66833143E-03
+6.30000E-06,+539.13312778E-03,+511.21230703E-03,+528.98868639E-03,+498.61808028E-03
+6.35000E-06,+529.08287663E-03,+536.33793490E-03,+534.01381197E-03,+483.54270356E-03
+6.40000E-06,+519.03262548E-03,+521.26255818E-03,+539.03893754E-03,+488.56782913E-03
+6.45000E-06,+539.13312778E-03,+526.28768375E-03,+523.96356082E-03,+493.59295471E-03
+6.50000E-06,+539.13312778E-03,+521.26255818E-03,+528.98868639E-03,+518.71858258E-03
+6.55000E-06,+519.03262548E-03,+536.33793490E-03,+493.81280737E-03,+508.66833143E-03
+6.60000E-06,+519.03262548E-03,+521.26255818E-03,+518.93843524E-03,+468.46732684E-03
+6.65000E-06,+503.95724876E-03,+516.23743260E-03,+513.91330967E-03,+503.64320585E-03
+6.70000E-06,+539.13312778E-03,+521.26255818E-03,+528.98868639E-03,+518.71858258E-03
+6.75000E-06,+529.08287663E-03,+516.23743260E-03,+523.96356081E-03,+478.51757798E-03
+6.80000E-06,+539.13312778E-03,+501.16205588E-03,+539.03893754E-03,+488.56782913E-03
+6.85000E-06,+549.18337893E-03,+536.33793490E-03,+549.08918869E-03,+493.59295471E-03
+6.90000E-06,+539.13312778E-03,+521.26255818E-03,+528.98868639E-03,+498.61808028E-03
+6.95000E-06,+534.10800221E-03,+506.18718145E-03,+523.96356081E-03,+493.59295471E-03
+7.00000E-06,+539.13312778E-03,+541.36306047E-03,+539.03893754E-03,+488.56782913E-03
+7.05000E-06,+519.03262548E-03,+521.26255818E-03,+534.01381196E-03,+503.64320585E-03
+7.10000E-06,+529.08287663E-03,+521.26255818E-03,+488.78768179E-03,+498.61808028E-03
+7.15000E-06,+539.13312778E-03,+541.36306047E-03,+534.01381197E-03,+513.69345700E-03
+7.20000E-06,+498.93212319E-03,+541.36306047E-03,+518.93843524E-03,+508.66833143E-03
+7.25000E-06,+569.28388122E-03,+521.26255818E-03,+503.86305852E-03,+523.74370815E-03
+7.30000E-06,+539.13312778E-03,+531.31280932E-03,+518.93843524E-03,+508.66833143E-03
+7.35000E-06,+534.10800221E-03,+506.18718145E-03,+518.93843524E-03,+523.74370815E-03
+7.40000E-06,+519.03262548E-03,+521.26255818E-03,+498.83793294E-03,+488.56782913E-03
+7.45000E-06,+508.98237434E-03,+546.38818605E-03,+518.93843524E-03,+483.54270356E-03
+7.50000E-06,+529.08287663E-03,+521.26255818E-03,+528.98868639E-03,+488.56782913E-03
+7.55000E-06,+534.10800221E-03,+516.23743260E-03,+518.93843524E-03,+503.64320586E-03
+7.60000E-06,+539.13312778E-03,+541.36306047E-03,+539.03893754E-03,+508.66833143E-03
+7.65000E-06,+519.03262548E-03,+516.23743260E-03,+483.76255622E-03,+493.59295471E-03
+7.70000E-06,+519.03262548E-03,+531.31280932E-03,+528.98868639E-03,+488.56782913E-03
+7.75000E-06,+524.05775105E-03,+526.28768375E-03,+518.93843524E-03,+513.69345700E-03
+7.80000E-06,+559.23363007E-03,+541.36306047E-03,+539.03893754E-03,+528.76883373E-03
+7.85000E-06,+559.23363008E-03,+541.36306047E-03,+534.01381196E-03,+493.59295471E-03
+7.90000E-06,+539.13312778E-03,+511.21230703E-03,+508.88818409E-03,+488.56782913E-03
+7.95000E-06,+514.00749991E-03,+506.18718145E-03,+518.93843524E-03,+493.59295471E-03
+8.00000E-06,+519.03262548E-03,+521.26255818E-03,+498.83793294E-03,+488.56782913E-03
+8.05000E-06,+539.13312778E-03,+506.18718146E-03,+523.96356082E-03,+508.66833143E-03
+8.10000E-06,+529.08287663E-03,+531.31280933E-03,+518.93843524E-03,+508.66833143E-03
+8.15000E-06,+539.13312778E-03,+501.16205588E-03,+513.91330967E-03,+493.59295471E-03
+8.20000E-06,+498.93212318E-03,+541.36306047E-03,+539.03893754E-03,+488.56782913E-03
+8.25000E-06,+539.13312778E-03,+531.31280932E-03,+518.93843524E-03,+493.59295471E-03
+8.30000E-06,+529.08287663E-03,+511.21230703E-03,+539.03893754E-03,+498.61808028E-03
+8.35000E-06,+544.15825335E-03,+526.28768375E-03,+508.88818409E-03,+508.66833143E-03
+8.40000E-06,+539.13312778E-03,+521.26255818E-03,+518.93843524E-03,+508.66833143E-03
+8.45000E-06,+524.05775106E-03,+521.26255818E-03,+523.96356082E-03,+493.59295471E-03
+8.50000E-06,+519.03262548E-03,+531.31280932E-03,+539.03893754E-03,+508.66833143E-03
+8.55000E-06,+539.13312778E-03,+521.26255818E-03,+518.93843524E-03,+493.59295471E-03
+8.60000E-06,+519.03262548E-03,+521.26255818E-03,+498.83793295E-03,+508.66833143E-03
+8.65000E-06,+524.05775106E-03,+526.28768375E-03,+503.86305852E-03,+513.69345700E-03
+8.70000E-06,+539.13312778E-03,+531.31280932E-03,+528.98868639E-03,+498.61808028E-03
+8.75000E-06,+539.13312778E-03,+546.38818605E-03,+523.96356081E-03,+523.74370815E-03
+8.80000E-06,+519.03262548E-03,+521.26255818E-03,+518.93843524E-03,+508.66833143E-03
+8.85000E-06,+554.20850450E-03,+521.26255818E-03,+523.96356082E-03,+508.66833143E-03
+8.90000E-06,+529.08287663E-03,+521.26255818E-03,+508.88818409E-03,+488.56782913E-03
+8.95000E-06,+534.10800221E-03,+556.43843720E-03,+518.93843524E-03,+503.64320586E-03
+9.00000E-06,+519.03262548E-03,+521.26255818E-03,+518.93843524E-03,+508.66833143E-03
+9.05000E-06,+539.13312778E-03,+526.28768375E-03,+523.96356082E-03,+503.64320585E-03
+9.10000E-06,+508.98237433E-03,+521.26255818E-03,+518.93843524E-03,+508.66833143E-03
+9.15000E-06,+539.13312778E-03,+536.33793490E-03,+518.93843524E-03,+523.74370815E-03
+9.20000E-06,+539.13312778E-03,+521.26255818E-03,+478.73743065E-03,+508.66833143E-03
+9.25000E-06,+519.03262548E-03,+526.28768375E-03,+503.86305852E-03,+503.64320585E-03
+9.30000E-06,+529.08287663E-03,+521.26255818E-03,+518.93843524E-03,+508.66833143E-03
+9.35000E-06,+524.05775105E-03,+516.23743260E-03,+518.93843524E-03,+488.56782913E-03
+9.40000E-06,+519.03262548E-03,+521.26255818E-03,+518.93843524E-03,+488.56782913E-03
+9.45000E-06,+508.98237433E-03,+526.28768375E-03,+534.01381196E-03,+493.59295471E-03
+9.50000E-06,+529.08287663E-03,+531.31280933E-03,+518.93843524E-03,+508.66833143E-03
+9.55000E-06,+539.13312778E-03,+541.36306047E-03,+534.01381197E-03,+468.46732683E-03
+9.60000E-06,+519.03262548E-03,+541.36306047E-03,+539.03893754E-03,+488.56782913E-03
+9.65000E-06,+539.13312778E-03,+516.23743261E-03,+534.01381196E-03,+508.66833143E-03
+9.70000E-06,+519.03262548E-03,+521.26255818E-03,+508.88818409E-03,+498.61808028E-03
+9.75000E-06,+534.10800221E-03,+521.26255818E-03,+539.03893754E-03,+488.56782913E-03
+9.80000E-06,+539.13312778E-03,+521.26255818E-03,+498.83793294E-03,+488.56782913E-03
+9.85000E-06,+534.10800220E-03,+551.41331162E-03,+523.96356082E-03,+523.74370815E-03
+9.90000E-06,+529.08287663E-03,+511.21230703E-03,+518.93843524E-03,+508.66833143E-03
+9.95000E-06,+539.13312778E-03,+536.33793490E-03,+518.93843524E-03,+498.61808028E-03
+10.00000E-06,+559.23363008E-03,+521.26255818E-03,+478.73743065E-03,+508.66833143E-03
+10.05000E-06,+529.08287663E-03,+506.18718146E-03,+503.86305852E-03,+488.56782913E-03
+10.10000E-06,+508.98237433E-03,+521.26255818E-03,+518.93843524E-03,+498.61808028E-03
+10.15000E-06,+539.13312778E-03,+531.31280933E-03,+523.96356082E-03,+513.69345700E-03
+10.20000E-06,+539.13312778E-03,+561.46356277E-03,+539.03893754E-03,+508.66833143E-03
+10.25000E-06,+544.15825335E-03,+521.26255818E-03,+518.93843524E-03,+508.66833143E-03
+10.30000E-06,+539.13312778E-03,+521.26255818E-03,+528.98868639E-03,+498.61808028E-03
+10.35000E-06,+544.15825335E-03,+516.23743260E-03,+534.01381197E-03,+503.64320586E-03
+10.40000E-06,+519.03262548E-03,+521.26255818E-03,+539.03893754E-03,+488.56782913E-03
+10.45000E-06,+534.10800220E-03,+506.18718145E-03,+518.93843524E-03,+513.69345700E-03
+10.50000E-06,+529.08287663E-03,+521.26255818E-03,+528.98868639E-03,+508.66833143E-03
+10.55000E-06,+498.93212318E-03,+521.26255818E-03,+503.86305852E-03,+528.76883373E-03
+10.60000E-06,+559.23363008E-03,+521.26255818E-03,+539.03893754E-03,+488.56782913E-03
+10.65000E-06,+529.08287663E-03,+536.33793490E-03,+518.93843524E-03,+503.64320585E-03
+10.70000E-06,+529.08287663E-03,+511.21230703E-03,+528.98868639E-03,+508.66833143E-03
+10.75000E-06,+539.13312778E-03,+516.23743260E-03,+503.86305852E-03,+508.66833143E-03
+10.80000E-06,+519.03262548E-03,+541.36306047E-03,+518.93843524E-03,+488.56782913E-03
+10.85000E-06,+524.05775106E-03,+511.21230703E-03,+493.81280737E-03,+478.51757798E-03
+10.90000E-06,+549.18337893E-03,+521.26255818E-03,+508.88818409E-03,+488.56782913E-03
+10.95000E-06,+534.10800221E-03,+536.33793490E-03,+539.03893754E-03,+498.61808028E-03
+11.00000E-06,+539.13312778E-03,+521.26255818E-03,+498.83793295E-03,+528.76883373E-03
+11.05000E-06,+524.05775106E-03,+521.26255818E-03,+518.93843524E-03,+513.69345700E-03
+11.10000E-06,+529.08287663E-03,+521.26255818E-03,+508.88818409E-03,+498.61808028E-03
+11.15000E-06,+534.10800221E-03,+511.21230703E-03,+523.96356082E-03,+503.64320586E-03
+11.20000E-06,+539.13312778E-03,+541.36306047E-03,+518.93843524E-03,+508.66833143E-03
+11.25000E-06,+544.15825335E-03,+521.26255818E-03,+534.01381196E-03,+488.56782913E-03
+11.30000E-06,+529.08287663E-03,+511.21230703E-03,+508.88818409E-03,+488.56782913E-03
+11.35000E-06,+539.13312778E-03,+521.26255818E-03,+523.96356082E-03,+518.71858258E-03
+11.40000E-06,+519.03262548E-03,+541.36306047E-03,+518.93843524E-03,+488.56782913E-03
+11.45000E-06,+519.03262548E-03,+536.33793490E-03,+513.91330967E-03,+508.66833143E-03
+11.50000E-06,+529.08287663E-03,+541.36306047E-03,+518.93843524E-03,+508.66833143E-03
+11.55000E-06,+534.10800221E-03,+516.23743260E-03,+534.01381197E-03,+493.59295471E-03
+11.60000E-06,+539.13312778E-03,+521.26255818E-03,+498.83793294E-03,+508.66833143E-03
+11.65000E-06,+539.13312778E-03,+531.31280933E-03,+523.96356082E-03,+508.66833143E-03
+11.70000E-06,+539.13312778E-03,+541.36306047E-03,+518.93843524E-03,+498.61808028E-03
+11.75000E-06,+554.20850450E-03,+521.26255818E-03,+534.01381197E-03,+508.66833143E-03
+11.80000E-06,+559.23363008E-03,+521.26255818E-03,+518.93843524E-03,+528.76883373E-03
+11.85000E-06,+524.05775106E-03,+501.16205588E-03,+518.93843524E-03,+508.66833143E-03
+11.90000E-06,+539.13312778E-03,+531.31280933E-03,+528.98868639E-03,+508.66833143E-03
+11.95000E-06,+539.13312778E-03,+521.26255818E-03,+518.93843524E-03,+493.59295471E-03
+12.00000E-06,+519.03262548E-03,+521.26255818E-03,+539.03893754E-03,+508.66833143E-03
+12.05000E-06,+534.10800220E-03,+521.26255818E-03,+503.86305852E-03,+503.64320585E-03
+12.10000E-06,+519.03262548E-03,+531.31280933E-03,+528.98868639E-03,+528.76883373E-03
+12.15000E-06,+524.05775106E-03,+511.21230703E-03,+518.93843524E-03,+508.66833143E-03
+12.20000E-06,+519.03262548E-03,+521.26255818E-03,+518.93843524E-03,+488.56782913E-03
+12.25000E-06,+539.13312778E-03,+516.23743260E-03,+518.93843524E-03,+513.69345700E-03
+12.30000E-06,+539.13312778E-03,+521.26255818E-03,+528.98868639E-03,+508.66833143E-03
+12.35000E-06,+534.10800221E-03,+506.18718145E-03,+534.01381197E-03,+508.66833143E-03
+12.40000E-06,+519.03262548E-03,+561.46356277E-03,+498.83793294E-03,+508.66833143E-03
+12.45000E-06,+554.20850450E-03,+541.36306047E-03,+528.98868639E-03,+493.59295471E-03
+12.50000E-06,+539.13312778E-03,+521.26255818E-03,+508.88818409E-03,+498.61808028E-03
+12.55000E-06,+554.20850450E-03,+541.36306047E-03,+518.93843524E-03,+508.66833143E-03
+12.60000E-06,+539.13312778E-03,+541.36306047E-03,+518.93843524E-03,+488.56782913E-03
+12.65000E-06,+539.13312778E-03,+541.36306047E-03,+498.83793294E-03,+518.71858258E-03
+12.70000E-06,+529.08287663E-03,+531.31280933E-03,+518.93843524E-03,+508.66833143E-03
+12.75000E-06,+539.13312778E-03,+541.36306047E-03,+534.01381197E-03,+488.56782913E-03
+12.80000E-06,+519.03262548E-03,+541.36306047E-03,+539.03893754E-03,+488.56782913E-03
+12.85000E-06,+503.95724876E-03,+521.26255818E-03,+518.93843524E-03,+488.56782913E-03
+12.90000E-06,+529.08287663E-03,+511.21230703E-03,+518.93843524E-03,+508.66833143E-03
+12.95000E-06,+519.03262548E-03,+521.26255818E-03,+523.96356082E-03,+493.59295471E-03
+13.00000E-06,+539.13312778E-03,+501.16205588E-03,+498.83793294E-03,+488.56782913E-03
+13.05000E-06,+554.20850450E-03,+541.36306047E-03,+518.93843524E-03,+508.66833143E-03
+13.10000E-06,+529.08287663E-03,+531.31280933E-03,+518.93843524E-03,+488.56782913E-03
+13.15000E-06,+524.05775106E-03,+521.26255818E-03,+513.91330967E-03,+523.74370815E-03
+13.20000E-06,+519.03262548E-03,+541.36306047E-03,+518.93843524E-03,+508.66833143E-03
+13.25000E-06,+539.13312778E-03,+516.23743260E-03,+534.01381196E-03,+508.66833143E-03
+13.30000E-06,+529.08287663E-03,+521.26255818E-03,+518.93843524E-03,+498.61808028E-03
+13.35000E-06,+539.13312778E-03,+521.26255818E-03,+534.01381196E-03,+518.71858258E-03
+13.40000E-06,+539.13312778E-03,+521.26255818E-03,+539.03893754E-03,+508.66833143E-03
+13.45000E-06,+524.05775106E-03,+526.28768375E-03,+488.78768180E-03,+508.66833143E-03
+13.50000E-06,+539.13312778E-03,+521.26255818E-03,+518.93843524E-03,+488.56782913E-03
+13.55000E-06,+534.10800220E-03,+521.26255818E-03,+503.86305852E-03,+503.64320586E-03
+13.60000E-06,+539.13312778E-03,+541.36306047E-03,+518.93843524E-03,+488.56782913E-03
+13.65000E-06,+539.13312778E-03,+541.36306047E-03,+518.93843524E-03,+513.69345700E-03
+13.70000E-06,+519.03262548E-03,+521.26255818E-03,+518.93843524E-03,+508.66833143E-03
+13.75000E-06,+524.05775106E-03,+521.26255818E-03,+508.88818409E-03,+513.69345700E-03
+13.80000E-06,+539.13312778E-03,+541.36306047E-03,+498.83793294E-03,+508.66833143E-03
+13.85000E-06,+539.13312778E-03,+541.36306047E-03,+503.86305852E-03,+503.64320585E-03
+13.90000E-06,+529.08287663E-03,+511.21230703E-03,+528.98868639E-03,+508.66833143E-03
+13.95000E-06,+544.15825335E-03,+541.36306047E-03,+528.98868639E-03,+513.69345700E-03
+14.00000E-06,+539.13312778E-03,+521.26255818E-03,+518.93843524E-03,+508.66833143E-03
+14.05000E-06,+529.08287663E-03,+521.26255818E-03,+523.96356082E-03,+508.66833143E-03
+14.10000E-06,+549.18337893E-03,+531.31280933E-03,+498.83793294E-03,+488.56782913E-03
+14.15000E-06,+539.13312778E-03,+551.41331162E-03,+503.86305852E-03,+528.76883373E-03
+14.20000E-06,+539.13312778E-03,+541.36306047E-03,+518.93843524E-03,+488.56782913E-03
+14.25000E-06,+519.03262548E-03,+501.16205588E-03,+503.86305852E-03,+488.56782913E-03
+14.30000E-06,+529.08287663E-03,+501.16205588E-03,+518.93843524E-03,+478.51757798E-03
+14.35000E-06,+534.10800220E-03,+516.23743260E-03,+539.03893754E-03,+488.56782913E-03
+14.40000E-06,+539.13312778E-03,+521.26255818E-03,+518.93843524E-03,+488.56782913E-03
+14.45000E-06,+534.10800220E-03,+521.26255818E-03,+503.86305852E-03,+523.74370815E-03
+14.50000E-06,+539.13312778E-03,+521.26255818E-03,+539.03893754E-03,+508.66833143E-03
+14.55000E-06,+539.13312778E-03,+521.26255818E-03,+518.93843524E-03,+503.64320586E-03
+14.60000E-06,+559.23363008E-03,+501.16205588E-03,+518.93843524E-03,+508.66833143E-03
+14.65000E-06,+519.03262548E-03,+551.41331162E-03,+518.93843524E-03,+513.69345700E-03
+14.70000E-06,+549.18337893E-03,+511.21230703E-03,+518.93843524E-03,+488.56782913E-03
+14.75000E-06,+519.03262548E-03,+541.36306047E-03,+534.01381196E-03,+508.66833143E-03
+14.80000E-06,+539.13312778E-03,+521.26255818E-03,+498.83793294E-03,+488.56782913E-03
+14.85000E-06,+514.00749991E-03,+521.26255818E-03,+513.91330967E-03,+508.66833143E-03
+14.90000E-06,+539.13312778E-03,+531.31280933E-03,+498.83793294E-03,+508.66833143E-03
+14.95000E-06,+514.00749991E-03,+541.36306047E-03,+534.01381196E-03,+488.56782913E-03
+15.00000E-06,+539.13312778E-03,+521.26255818E-03,+539.03893754E-03,+508.66833143E-03
+15.05000E-06,+534.10800220E-03,+531.31280933E-03,+534.01381196E-03,+488.56782913E-03
+15.10000E-06,+529.08287663E-03,+511.21230703E-03,+528.98868639E-03,+508.66833143E-03
+15.15000E-06,+539.13312778E-03,+521.26255818E-03,+503.86305852E-03,+508.66833143E-03
+15.20000E-06,+539.13312778E-03,+501.16205588E-03,+539.03893754E-03,+488.56782913E-03
+15.25000E-06,+519.03262548E-03,+521.26255818E-03,+518.93843524E-03,+503.64320585E-03
+15.30000E-06,+529.08287663E-03,+521.26255818E-03,+528.98868639E-03,+518.71858258E-03
+15.35000E-06,+534.10800220E-03,+521.26255818E-03,+513.91330967E-03,+498.61808028E-03
+15.40000E-06,+519.03262548E-03,+521.26255818E-03,+518.93843524E-03,+488.56782913E-03
+15.45000E-06,+539.13312778E-03,+526.28768375E-03,+518.93843524E-03,+508.66833143E-03
+15.50000E-06,+539.13312778E-03,+531.31280933E-03,+528.98868639E-03,+528.76883373E-03
+15.55000E-06,+544.15825335E-03,+526.28768375E-03,+523.96356082E-03,+493.59295471E-03
+15.60000E-06,+498.93212319E-03,+541.36306047E-03,+498.83793294E-03,+468.46732684E-03
+15.65000E-06,+519.03262548E-03,+526.28768375E-03,+513.91330967E-03,+493.59295471E-03
+15.70000E-06,+529.08287663E-03,+521.26255818E-03,+508.88818409E-03,+488.56782913E-03
+15.75000E-06,+539.13312778E-03,+526.28768375E-03,+523.96356082E-03,+493.59295471E-03
+15.80000E-06,+519.03262548E-03,+541.36306047E-03,+518.93843524E-03,+508.66833143E-03
+15.85000E-06,+539.13312778E-03,+526.28768375E-03,+539.03893754E-03,+488.56782913E-03
+15.90000E-06,+539.13312778E-03,+501.16205588E-03,+508.88818409E-03,+498.61808028E-03
+15.95000E-06,+519.03262548E-03,+531.31280933E-03,+518.93843524E-03,+488.56782913E-03
+16.00000E-06,+539.13312778E-03,+521.26255818E-03,+518.93843524E-03,+488.56782913E-03
+16.05000E-06,+539.13312778E-03,+521.26255818E-03,+518.93843524E-03,+493.59295471E-03
+16.10000E-06,+529.08287663E-03,+531.31280933E-03,+518.93843524E-03,+498.61808028E-03
+16.15000E-06,+539.13312778E-03,+521.26255818E-03,+503.86305852E-03,+508.66833143E-03
+16.20000E-06,+519.03262548E-03,+541.36306047E-03,+518.93843524E-03,+508.66833143E-03
+16.25000E-06,+534.10800220E-03,+526.28768375E-03,+518.93843524E-03,+493.59295471E-03
+16.30000E-06,+529.08287663E-03,+511.21230703E-03,+518.93843524E-03,+498.61808028E-03
+16.35000E-06,+539.13312778E-03,+521.26255818E-03,+518.93843524E-03,+523.74370815E-03
+16.40000E-06,+519.03262548E-03,+521.26255818E-03,+498.83793295E-03,+528.76883373E-03
+16.45000E-06,+539.13312778E-03,+506.18718145E-03,+503.86305852E-03,+493.59295471E-03
+16.50000E-06,+539.13312778E-03,+531.31280933E-03,+498.83793295E-03,+498.61808028E-03
+16.55000E-06,+539.13312778E-03,+521.26255818E-03,+518.93843524E-03,+508.66833143E-03
+16.60000E-06,+519.03262548E-03,+521.26255818E-03,+518.93843524E-03,+508.66833143E-03
+16.65000E-06,+524.05775106E-03,+501.16205588E-03,+518.93843524E-03,+503.64320585E-03
+16.70000E-06,+539.13312778E-03,+541.36306047E-03,+508.88818409E-03,+498.61808028E-03
+16.75000E-06,+539.13312778E-03,+521.26255818E-03,+518.93843524E-03,+503.64320586E-03
+16.80000E-06,+539.13312778E-03,+521.26255818E-03,+518.93843524E-03,+508.66833143E-03
+16.85000E-06,+554.20850450E-03,+541.36306047E-03,+503.86305852E-03,+503.64320585E-03
+16.90000E-06,+549.18337893E-03,+531.31280933E-03,+508.88818409E-03,+508.66833143E-03
+16.95000E-06,+519.03262548E-03,+556.43843720E-03,+503.86305852E-03,+513.69345700E-03
+17.00000E-06,+519.03262548E-03,+541.36306047E-03,+539.03893754E-03,+468.46732684E-03
+17.05000E-06,+534.10800220E-03,+506.18718145E-03,+523.96356082E-03,+488.56782913E-03
+17.10000E-06,+519.03262548E-03,+511.21230703E-03,+518.93843524E-03,+508.66833143E-03
+17.15000E-06,+544.15825336E-03,+521.26255818E-03,+534.01381197E-03,+508.66833143E-03
+17.20000E-06,+559.23363008E-03,+541.36306047E-03,+518.93843524E-03,+508.66833143E-03
+17.25000E-06,+524.05775106E-03,+536.33793490E-03,+508.88818409E-03,+493.59295471E-03
+17.30000E-06,+529.08287663E-03,+521.26255818E-03,+518.93843524E-03,+498.61808028E-03
+17.35000E-06,+539.13312778E-03,+536.33793490E-03,+518.93843524E-03,+473.49245241E-03
+17.40000E-06,+519.03262548E-03,+541.36306047E-03,+518.93843524E-03,+508.66833143E-03
+17.45000E-06,+519.03262548E-03,+531.31280932E-03,+503.86305852E-03,+513.69345700E-03
+17.50000E-06,+508.98237433E-03,+541.36306048E-03,+498.83793294E-03,+508.66833143E-03
+17.55000E-06,+539.13312778E-03,+536.33793490E-03,+513.91330967E-03,+528.76883373E-03
+17.60000E-06,+559.23363008E-03,+541.36306047E-03,+518.93843524E-03,+528.76883372E-03
+17.65000E-06,+549.18337893E-03,+521.26255818E-03,+498.83793294E-03,+493.59295471E-03
+17.70000E-06,+539.13312778E-03,+521.26255818E-03,+508.88818409E-03,+498.61808028E-03
+17.75000E-06,+529.08287663E-03,+526.28768375E-03,+513.91330967E-03,+503.64320586E-03
+17.80000E-06,+539.13312778E-03,+521.26255818E-03,+518.93843524E-03,+508.66833143E-03
+17.85000E-06,+534.10800220E-03,+526.28768375E-03,+523.96356082E-03,+488.56782913E-03
+17.90000E-06,+529.08287663E-03,+521.26255818E-03,+518.93843524E-03,+518.71858258E-03
+17.95000E-06,+554.20850450E-03,+546.38818605E-03,+518.93843524E-03,+508.66833143E-03
+18.00000E-06,+498.93212319E-03,+501.16205588E-03,+518.93843524E-03,+508.66833143E-03
+18.05000E-06,+549.18337893E-03,+506.18718146E-03,+503.86305852E-03,+493.59295471E-03
+18.10000E-06,+529.08287663E-03,+521.26255817E-03,+508.88818409E-03,+508.66833143E-03
+18.15000E-06,+524.05775105E-03,+541.36306047E-03,+518.93843524E-03,+523.74370815E-03
+18.20000E-06,+539.13312778E-03,+501.16205588E-03,+498.83793295E-03,+508.66833143E-03
+18.25000E-06,+514.00749991E-03,+536.33793490E-03,+518.93843524E-03,+493.59295471E-03
+18.30000E-06,+539.13312778E-03,+531.31280933E-03,+508.88818409E-03,+508.66833143E-03
+18.35000E-06,+554.20850450E-03,+506.18718145E-03,+523.96356081E-03,+508.66833143E-03
+18.40000E-06,+539.13312778E-03,+541.36306047E-03,+518.93843524E-03,+488.56782913E-03
+18.45000E-06,+534.10800220E-03,+516.23743260E-03,+518.93843524E-03,+483.54270356E-03
+18.50000E-06,+549.18337893E-03,+521.26255818E-03,+508.88818409E-03,+498.61808028E-03
+18.55000E-06,+524.05775105E-03,+541.36306047E-03,+508.88818409E-03,+493.59295471E-03
+18.60000E-06,+539.13312778E-03,+541.36306047E-03,+539.03893754E-03,+488.56782913E-03
+18.65000E-06,+554.20850450E-03,+506.18718146E-03,+518.93843524E-03,+508.66833143E-03
+18.70000E-06,+529.08287663E-03,+511.21230703E-03,+528.98868639E-03,+498.61808028E-03
+18.75000E-06,+534.10800221E-03,+501.16205588E-03,+503.86305852E-03,+528.76883373E-03
+18.80000E-06,+498.93212319E-03,+521.26255818E-03,+498.83793295E-03,+508.66833143E-03
+18.85000E-06,+524.05775106E-03,+531.31280932E-03,+508.88818409E-03,+493.59295471E-03
+18.90000E-06,+549.18337893E-03,+511.21230703E-03,+518.93843524E-03,+488.56782913E-03
+18.95000E-06,+519.03262548E-03,+536.33793490E-03,+518.93843524E-03,+508.66833143E-03
+19.00000E-06,+539.13312778E-03,+521.26255818E-03,+539.03893754E-03,+528.76883373E-03
+19.05000E-06,+519.03262548E-03,+516.23743260E-03,+508.88818410E-03,+523.74370815E-03
+19.10000E-06,+529.08287663E-03,+521.26255818E-03,+498.83793295E-03,+498.61808028E-03
+19.15000E-06,+549.18337893E-03,+521.26255818E-03,+518.93843524E-03,+488.56782913E-03
+19.20000E-06,+519.03262548E-03,+541.36306047E-03,+539.03893754E-03,+508.66833143E-03
+19.25000E-06,+524.05775106E-03,+521.26255818E-03,+518.93843524E-03,+528.76883373E-03
+19.30000E-06,+529.08287663E-03,+521.26255817E-03,+518.93843524E-03,+498.61808028E-03
+19.35000E-06,+549.18337893E-03,+521.26255818E-03,+539.03893754E-03,+493.59295470E-03
+19.40000E-06,+539.13312778E-03,+501.16205588E-03,+539.03893754E-03,+468.46732684E-03
+19.45000E-06,+524.05775106E-03,+521.26255818E-03,+528.98868639E-03,+503.64320585E-03
+19.50000E-06,+529.08287663E-03,+541.36306047E-03,+528.98868639E-03,+498.61808028E-03
+19.55000E-06,+539.13312778E-03,+516.23743260E-03,+518.93843524E-03,+493.59295470E-03
+19.60000E-06,+498.93212319E-03,+521.26255818E-03,+498.83793295E-03,+488.56782913E-03
+19.65000E-06,+524.05775106E-03,+511.21230703E-03,+523.96356082E-03,+493.59295471E-03
+19.70000E-06,+539.13312778E-03,+511.21230703E-03,+518.93843524E-03,+498.61808028E-03
+19.75000E-06,+519.03262548E-03,+536.33793490E-03,+523.96356081E-03,+518.71858258E-03
+19.80000E-06,+539.13312778E-03,+521.26255818E-03,+498.83793295E-03,+488.56782913E-03
+19.85000E-06,+559.23363008E-03,+521.26255818E-03,+518.93843524E-03,+493.59295471E-03
+19.90000E-06,+539.13312778E-03,+531.31280933E-03,+498.83793294E-03,+498.61808028E-03
+19.95000E-06,+539.13312778E-03,+521.26255818E-03,+503.86305852E-03,+508.66833143E-03
+20.00000E-06,+539.13312778E-03,+521.26255818E-03,+498.83793295E-03,+508.66833143E-03
+20.05000E-06,+524.05775106E-03,+506.18718146E-03,+503.86305852E-03,+508.66833143E-03
+20.10000E-06,+519.03262548E-03,+531.31280932E-03,+508.88818409E-03,+508.66833143E-03
+20.15000E-06,+529.08287663E-03,+506.18718145E-03,+518.93843524E-03,+498.61808028E-03
+20.20000E-06,+519.03262548E-03,+501.16205588E-03,+498.83793295E-03,+508.66833143E-03
+20.25000E-06,+524.05775106E-03,+521.26255818E-03,+518.93843524E-03,+488.56782913E-03
+20.30000E-06,+539.13312778E-03,+501.16205588E-03,+508.88818409E-03,+528.76883373E-03
+20.35000E-06,+514.00749991E-03,+521.26255818E-03,+508.88818410E-03,+528.76883373E-03
+20.40000E-06,+539.13312778E-03,+521.26255818E-03,+518.93843524E-03,+488.56782913E-03
+20.45000E-06,+554.20850450E-03,+521.26255818E-03,+503.86305852E-03,+508.66833143E-03
+20.50000E-06,+519.03262548E-03,+501.16205588E-03,+518.93843524E-03,+498.61808028E-03
+20.55000E-06,+498.93212318E-03,+526.28768375E-03,+518.93843524E-03,+513.69345700E-03
+20.60000E-06,+539.13312778E-03,+501.16205588E-03,+539.03893754E-03,+488.56782913E-03
+20.65000E-06,+539.13312778E-03,+536.33793490E-03,+498.83793294E-03,+508.66833143E-03
+20.70000E-06,+529.08287663E-03,+531.31280933E-03,+518.93843524E-03,+508.66833143E-03
+20.75000E-06,+539.13312778E-03,+506.18718145E-03,+539.03893754E-03,+493.59295470E-03
+20.80000E-06,+539.13312778E-03,+521.26255818E-03,+518.93843524E-03,+488.56782914E-03
+20.85000E-06,+534.10800220E-03,+506.18718146E-03,+534.01381196E-03,+483.54270356E-03
+20.90000E-06,+529.08287663E-03,+521.26255818E-03,+518.93843524E-03,+498.61808028E-03
+20.95000E-06,+514.00749991E-03,+536.33793490E-03,+523.96356081E-03,+503.64320586E-03
+21.00000E-06,+539.13312777E-03,+521.26255818E-03,+539.03893753E-03,+508.66833143E-03
+21.05000E-06,+544.15825336E-03,+531.31280932E-03,+518.93843524E-03,+488.56782913E-03
+21.10000E-06,+508.98237433E-03,+531.31280933E-03,+508.88818409E-03,+498.61808028E-03
+21.15000E-06,+539.13312778E-03,+511.21230702E-03,+518.93843524E-03,+503.64320586E-03
+21.20000E-06,+498.93212319E-03,+521.26255818E-03,+518.93843524E-03,+528.76883372E-03
+21.25000E-06,+519.03262548E-03,+541.36306047E-03,+508.88818410E-03,+508.66833143E-03
+21.30000E-06,+539.13312778E-03,+521.26255818E-03,+508.88818410E-03,+498.61808028E-03
+21.35000E-06,+503.95724876E-03,+536.33793490E-03,+513.91330967E-03,+493.59295470E-03
+21.40000E-06,+559.23363007E-03,+521.26255818E-03,+518.93843524E-03,+508.66833143E-03
+21.45000E-06,+524.05775106E-03,+521.26255818E-03,+518.93843524E-03,+508.66833143E-03
+21.50000E-06,+519.03262548E-03,+521.26255818E-03,+508.88818410E-03,+518.71858258E-03
+21.55000E-06,+529.08287663E-03,+521.26255818E-03,+523.96356081E-03,+518.71858258E-03
+21.60000E-06,+519.03262548E-03,+501.16205588E-03,+518.93843524E-03,+488.56782913E-03
+21.65000E-06,+529.08287663E-03,+536.33793490E-03,+534.01381196E-03,+508.66833143E-03
+21.70000E-06,+539.13312778E-03,+521.26255818E-03,+518.93843524E-03,+508.66833143E-03
+21.75000E-06,+524.05775105E-03,+526.28768375E-03,+518.93843524E-03,+518.71858258E-03
+21.80000E-06,+539.13312778E-03,+501.16205588E-03,+518.93843524E-03,+508.66833143E-03
+21.85000E-06,+524.05775106E-03,+506.18718146E-03,+539.03893754E-03,+503.64320585E-03
+21.90000E-06,+549.18337893E-03,+541.36306047E-03,+518.93843524E-03,+518.71858258E-03
+21.95000E-06,+539.13312778E-03,+516.23743260E-03,+518.93843524E-03,+493.59295470E-03
+22.00000E-06,+498.93212319E-03,+501.16205588E-03,+539.03893754E-03,+488.56782913E-03
+22.05000E-06,+514.00749990E-03,+521.26255818E-03,+498.83793294E-03,+493.59295471E-03
+22.10000E-06,+539.13312777E-03,+521.26255818E-03,+518.93843524E-03,+528.76883373E-03
+22.15000E-06,+544.15825335E-03,+536.33793490E-03,+518.93843524E-03,+518.71858258E-03
+22.20000E-06,+539.13312778E-03,+521.26255817E-03,+498.83793295E-03,+508.66833143E-03
+22.25000E-06,+524.05775106E-03,+531.31280932E-03,+518.93843524E-03,+528.76883373E-03
+22.30000E-06,+539.13312778E-03,+521.26255818E-03,+528.98868639E-03,+488.56782913E-03
+22.35000E-06,+539.13312778E-03,+511.21230702E-03,+518.93843524E-03,+488.56782913E-03
+22.40000E-06,+539.13312778E-03,+521.26255818E-03,+518.93843524E-03,+508.66833143E-03
+22.45000E-06,+554.20850450E-03,+521.26255818E-03,+539.03893754E-03,+508.66833143E-03
+22.50000E-06,+508.98237434E-03,+511.21230703E-03,+528.98868639E-03,+498.61808028E-03
+22.55000E-06,+508.98237433E-03,+521.26255818E-03,+498.83793294E-03,+488.56782913E-03
+22.60000E-06,+539.13312778E-03,+501.16205588E-03,+498.83793294E-03,+508.66833143E-03
+22.65000E-06,+524.05775106E-03,+526.28768375E-03,+518.93843524E-03,+503.64320585E-03
+22.70000E-06,+549.18337893E-03,+521.26255818E-03,+528.98868639E-03,+508.66833143E-03
+22.75000E-06,+539.13312778E-03,+511.21230702E-03,+518.93843524E-03,+508.66833143E-03
+22.80000E-06,+498.93212319E-03,+501.16205588E-03,+498.83793295E-03,+508.66833143E-03
+22.85000E-06,+534.10800220E-03,+541.36306047E-03,+523.96356081E-03,+473.49245241E-03
+22.90000E-06,+519.03262548E-03,+521.26255818E-03,+518.93843524E-03,+518.71858258E-03
+22.95000E-06,+539.13312778E-03,+536.33793490E-03,+523.96356081E-03,+523.74370815E-03
+23.00000E-06,+519.03262548E-03,+521.26255818E-03,+539.03893754E-03,+488.56782913E-03
+23.05000E-06,+524.05775106E-03,+521.26255818E-03,+503.86305852E-03,+508.66833143E-03
+23.10000E-06,+549.18337892E-03,+511.21230703E-03,+498.83793294E-03,+498.61808028E-03
+23.15000E-06,+544.15825335E-03,+501.16205588E-03,+518.93843524E-03,+488.56782913E-03
+23.20000E-06,+539.13312778E-03,+521.26255817E-03,+518.93843524E-03,+508.66833143E-03
+23.25000E-06,+534.10800220E-03,+541.36306047E-03,+518.93843524E-03,+493.59295471E-03
+23.30000E-06,+519.03262549E-03,+521.26255818E-03,+518.93843525E-03,+498.61808028E-03
+23.35000E-06,+519.03262548E-03,+531.31280933E-03,+503.86305852E-03,+503.64320586E-03
+23.40000E-06,+539.13312778E-03,+521.26255818E-03,+518.93843524E-03,+488.56782913E-03
+23.45000E-06,+544.15825336E-03,+531.31280932E-03,+503.86305852E-03,+503.64320585E-03
+23.50000E-06,+549.18337893E-03,+531.31280933E-03,+508.88818410E-03,+518.71858258E-03
+23.55000E-06,+524.05775105E-03,+526.28768375E-03,+534.01381197E-03,+503.64320586E-03
+23.60000E-06,+559.23363007E-03,+541.36306047E-03,+518.93843524E-03,+508.66833143E-03
+23.65000E-06,+514.00749990E-03,+511.21230703E-03,+498.83793294E-03,+503.64320585E-03
+23.70000E-06,+529.08287663E-03,+531.31280933E-03,+528.98868639E-03,+508.66833143E-03
+23.75000E-06,+544.15825335E-03,+521.26255818E-03,+534.01381197E-03,+503.64320586E-03
+23.80000E-06,+519.03262548E-03,+521.26255818E-03,+518.93843524E-03,+488.56782913E-03
+23.85000E-06,+534.10800220E-03,+521.26255818E-03,+513.91330966E-03,+508.66833143E-03
+23.90000E-06,+529.08287663E-03,+531.31280933E-03,+539.03893753E-03,+498.61808028E-03
+23.95000E-06,+519.03262548E-03,+506.18718145E-03,+518.93843524E-03,+513.69345700E-03
+24.00000E-06,+539.13312778E-03,+521.26255818E-03,+518.93843524E-03,+488.56782914E-03
+24.05000E-06,+544.15825336E-03,+506.18718146E-03,+508.88818410E-03,+523.74370815E-03
+24.10000E-06,+549.18337893E-03,+511.21230703E-03,+518.93843524E-03,+488.56782913E-03
+24.15000E-06,+524.05775105E-03,+521.26255818E-03,+528.98868640E-03,+493.59295470E-03
+24.20000E-06,+519.03262548E-03,+501.16205588E-03,+539.03893754E-03,+488.56782914E-03
+24.25000E-06,+524.05775106E-03,+516.23743260E-03,+534.01381196E-03,+513.69345701E-03
+24.30000E-06,+539.13312778E-03,+531.31280933E-03,+518.93843524E-03,+498.61808028E-03
+24.35000E-06,+539.13312778E-03,+531.31280933E-03,+503.86305852E-03,+503.64320586E-03
+24.40000E-06,+519.03262548E-03,+521.26255818E-03,+518.93843524E-03,+488.56782913E-03
+24.45000E-06,+534.10800220E-03,+511.21230703E-03,+508.88818409E-03,+508.66833143E-03
+24.50000E-06,+539.13312778E-03,+521.26255818E-03,+518.93843524E-03,+488.56782913E-03
+24.55000E-06,+549.18337893E-03,+531.31280933E-03,+518.93843524E-03,+518.71858258E-03
+24.60000E-06,+539.13312778E-03,+521.26255818E-03,+498.83793295E-03,+508.66833143E-03
+24.65000E-06,+519.03262548E-03,+521.26255818E-03,+523.96356082E-03,+523.74370815E-03
+24.70000E-06,+539.13312779E-03,+531.31280932E-03,+528.98868639E-03,+478.51757799E-03
+24.75000E-06,+524.05775105E-03,+521.26255818E-03,+518.93843524E-03,+493.59295470E-03
+24.80000E-06,+519.03262548E-03,+541.36306047E-03,+518.93843524E-03,+488.56782913E-03
+24.85000E-06,+539.13312778E-03,+526.28768375E-03,+518.93843524E-03,+493.59295471E-03
+24.90000E-06,+519.03262548E-03,+521.26255818E-03,+508.88818410E-03,+498.61808028E-03
+24.95000E-06,+519.03262548E-03,+536.33793490E-03,+523.96356081E-03,+508.66833143E-03
+25.00000E-06,+539.13312778E-03,+521.26255818E-03,+539.03893754E-03,+488.56782914E-03
+25.05000E-06,+519.03262548E-03,+516.23743260E-03,+503.86305852E-03,+498.61808027E-03
+25.10000E-06,+539.13312778E-03,+521.26255818E-03,+528.98868639E-03,+498.61808028E-03
+25.15000E-06,+539.13312778E-03,+551.41331163E-03,+498.83793294E-03,+493.59295470E-03
+25.20000E-06,+519.03262548E-03,+541.36306047E-03,+498.83793294E-03,+488.56782914E-03
+25.25000E-06,+529.08287662E-03,+491.11180474E-03,+534.01381196E-03,+493.59295471E-03
+25.30000E-06,+508.98237433E-03,+541.36306047E-03,+518.93843524E-03,+498.61808028E-03
+25.35000E-06,+524.05775105E-03,+531.31280933E-03,+534.01381197E-03,+508.66833143E-03
+25.40000E-06,+519.03262548E-03,+521.26255818E-03,+518.93843524E-03,+528.76883372E-03
+25.45000E-06,+524.05775106E-03,+541.36306047E-03,+483.76255622E-03,+508.66833143E-03
+25.50000E-06,+539.13312778E-03,+521.26255818E-03,+528.98868639E-03,+498.61808028E-03
+25.55000E-06,+519.03262548E-03,+521.26255818E-03,+523.96356081E-03,+493.59295470E-03
+25.60000E-06,+559.23363007E-03,+541.36306047E-03,+518.93843525E-03,+508.66833143E-03
+25.65000E-06,+534.10800220E-03,+526.28768375E-03,+503.86305852E-03,+503.64320585E-03
+25.70000E-06,+519.03262549E-03,+511.21230703E-03,+518.93843524E-03,+508.66833143E-03
+25.75000E-06,+519.03262548E-03,+506.18718145E-03,+503.86305852E-03,+503.64320586E-03
+25.80000E-06,+539.13312778E-03,+521.26255817E-03,+539.03893753E-03,+528.76883372E-03
+25.85000E-06,+539.13312778E-03,+516.23743260E-03,+518.93843524E-03,+503.64320585E-03
+25.90000E-06,+539.13312779E-03,+511.21230702E-03,+498.83793295E-03,+518.71858258E-03
+25.95000E-06,+529.08287664E-03,+521.26255818E-03,+503.86305852E-03,+503.64320586E-03
+26.00000E-06,+519.03262548E-03,+521.26255817E-03,+498.83793295E-03,+488.56782914E-03
+26.05000E-06,+529.08287664E-03,+526.28768376E-03,+518.93843524E-03,+493.59295471E-03
+26.10000E-06,+519.03262549E-03,+531.31280932E-03,+528.98868639E-03,+488.56782913E-03
+26.15000E-06,+524.05775105E-03,+521.26255818E-03,+528.98868640E-03,+488.56782913E-03
+26.20000E-06,+559.23363007E-03,+541.36306047E-03,+518.93843524E-03,+508.66833143E-03
+26.25000E-06,+539.13312778E-03,+536.33793490E-03,+488.78768180E-03,+518.71858257E-03
+26.30000E-06,+549.18337893E-03,+521.26255818E-03,+518.93843524E-03,+518.71858257E-03
+26.35000E-06,+514.00749991E-03,+501.16205588E-03,+508.88818409E-03,+488.56782913E-03
+26.40000E-06,+519.03262549E-03,+541.36306047E-03,+539.03893754E-03,+508.66833143E-03
+26.45000E-06,+524.05775106E-03,+541.36306047E-03,+498.83793294E-03,+518.71858257E-03
+26.50000E-06,+508.98237434E-03,+511.21230703E-03,+518.93843524E-03,+508.66833143E-03
+26.55000E-06,+519.03262548E-03,+536.33793490E-03,+513.91330967E-03,+503.64320586E-03
+26.60000E-06,+539.13312778E-03,+541.36306047E-03,+539.03893753E-03,+488.56782913E-03
+26.65000E-06,+534.10800220E-03,+506.18718146E-03,+518.93843524E-03,+508.66833143E-03
+26.70000E-06,+529.08287663E-03,+531.31280933E-03,+528.98868639E-03,+498.61808027E-03
+26.75000E-06,+503.95724875E-03,+521.26255818E-03,+518.93843524E-03,+523.74370816E-03
+26.80000E-06,+519.03262549E-03,+541.36306047E-03,+498.83793295E-03,+528.76883372E-03
+26.85000E-06,+524.05775106E-03,+506.18718146E-03,+534.01381196E-03,+493.59295471E-03
+26.90000E-06,+549.18337892E-03,+511.21230703E-03,+508.88818409E-03,+498.61808028E-03
+26.95000E-06,+554.20850451E-03,+516.23743261E-03,+518.93843524E-03,+513.69345700E-03
+27.00000E-06,+519.03262549E-03,+521.26255818E-03,+518.93843524E-03,+508.66833143E-03
+27.05000E-06,+539.13312778E-03,+526.28768376E-03,+539.03893754E-03,+513.69345701E-03
+27.10000E-06,+529.08287664E-03,+531.31280933E-03,+518.93843524E-03,+528.76883372E-03
+27.15000E-06,+524.05775105E-03,+516.23743261E-03,+508.88818409E-03,+493.59295470E-03
+27.20000E-06,+519.03262548E-03,+521.26255818E-03,+518.93843525E-03,+488.56782913E-03
+27.25000E-06,+534.10800220E-03,+526.28768376E-03,+518.93843524E-03,+508.66833143E-03
+27.30000E-06,+529.08287663E-03,+531.31280932E-03,+518.93843524E-03,+508.66833143E-03
+27.35000E-06,+529.08287664E-03,+516.23743261E-03,+528.98868640E-03,+493.59295470E-03
+27.40000E-06,+498.93212318E-03,+501.16205588E-03,+518.93843524E-03,+468.46732684E-03
+27.45000E-06,+539.13312778E-03,+531.31280932E-03,+518.93843524E-03,+488.56782913E-03
+27.50000E-06,+529.08287663E-03,+511.21230703E-03,+528.98868639E-03,+508.66833143E-03
+27.55000E-06,+539.13312778E-03,+521.26255818E-03,+518.93843524E-03,+503.64320586E-03
+27.60000E-06,+519.03262549E-03,+541.36306047E-03,+498.83793295E-03,+508.66833143E-03
+27.65000E-06,+544.15825334E-03,+516.23743260E-03,+534.01381196E-03,+508.66833143E-03
+27.70000E-06,+529.08287663E-03,+511.21230702E-03,+518.93843524E-03,+498.61808028E-03
+27.75000E-06,+544.15825335E-03,+526.28768375E-03,+523.96356081E-03,+508.66833143E-03
+27.80000E-06,+539.13312778E-03,+521.26255818E-03,+518.93843524E-03,+508.66833143E-03
+27.85000E-06,+539.13312778E-03,+526.28768374E-03,+503.86305852E-03,+513.69345701E-03
+27.90000E-06,+539.13312778E-03,+521.26255817E-03,+518.93843524E-03,+518.71858257E-03
+27.95000E-06,+524.05775105E-03,+526.28768375E-03,+534.01381197E-03,+488.56782913E-03
+28.00000E-06,+559.23363007E-03,+521.26255817E-03,+518.93843524E-03,+508.66833143E-03
+28.05000E-06,+539.13312778E-03,+526.28768376E-03,+518.93843524E-03,+523.74370815E-03
+28.10000E-06,+519.03262548E-03,+531.31280932E-03,+478.73743066E-03,+498.61808028E-03
+28.15000E-06,+539.13312778E-03,+526.28768375E-03,+518.93843524E-03,+508.66833143E-03
+28.20000E-06,+539.13312777E-03,+521.26255818E-03,+539.03893753E-03,+488.56782914E-03
+28.25000E-06,+529.08287664E-03,+516.23743260E-03,+513.91330966E-03,+493.59295471E-03
+28.30000E-06,+539.13312777E-03,+541.36306047E-03,+528.98868639E-03,+518.71858257E-03
+28.35000E-06,+539.13312778E-03,+531.31280932E-03,+523.96356081E-03,+508.66833143E-03
+28.40000E-06,+539.13312778E-03,+501.16205588E-03,+518.93843525E-03,+508.66833143E-03
+28.45000E-06,+503.95724876E-03,+546.38818605E-03,+528.98868638E-03,+508.66833143E-03
+28.50000E-06,+539.13312778E-03,+521.26255818E-03,+528.98868639E-03,+488.56782912E-03
+28.55000E-06,+524.05775105E-03,+526.28768375E-03,+534.01381197E-03,+503.64320586E-03
+28.60000E-06,+539.13312777E-03,+521.26255818E-03,+518.93843525E-03,+528.76883372E-03
+28.65000E-06,+519.03262548E-03,+516.23743260E-03,+534.01381196E-03,+498.61808029E-03
+28.70000E-06,+529.08287663E-03,+531.31280933E-03,+528.98868639E-03,+508.66833143E-03
+28.75000E-06,+524.05775105E-03,+526.28768375E-03,+518.93843524E-03,+508.66833143E-03
+28.80000E-06,+519.03262549E-03,+541.36306047E-03,+518.93843524E-03,+488.56782913E-03
+28.85000E-06,+549.18337892E-03,+541.36306047E-03,+518.93843524E-03,+518.71858257E-03
+28.90000E-06,+539.13312778E-03,+521.26255817E-03,+528.98868639E-03,+518.71858258E-03
+28.95000E-06,+539.13312778E-03,+526.28768375E-03,+523.96356081E-03,+508.66833143E-03
+29.00000E-06,+539.13312778E-03,+521.26255818E-03,+518.93843524E-03,+508.66833143E-03
+29.05000E-06,+539.13312778E-03,+521.26255818E-03,+518.93843524E-03,+503.64320585E-03
+29.10000E-06,+519.03262548E-03,+521.26255818E-03,+518.93843525E-03,+518.71858257E-03
+29.15000E-06,+529.08287662E-03,+526.28768375E-03,+518.93843524E-03,+508.66833143E-03
+29.20000E-06,+519.03262548E-03,+541.36306047E-03,+478.73743065E-03,+508.66833143E-03
+29.25000E-06,+514.00749990E-03,+501.16205588E-03,+503.86305852E-03,+508.66833143E-03
+29.30000E-06,+549.18337892E-03,+521.26255817E-03,+528.98868639E-03,+498.61808027E-03
+29.35000E-06,+519.03262548E-03,+546.38818604E-03,+518.93843524E-03,+508.66833143E-03
+29.40000E-06,+559.23363007E-03,+521.26255818E-03,+518.93843524E-03,+508.66833143E-03
+29.45000E-06,+539.13312778E-03,+521.26255818E-03,+534.01381196E-03,+508.66833143E-03
+29.50000E-06,+529.08287663E-03,+521.26255818E-03,+508.88818409E-03,+508.66833143E-03
+29.55000E-06,+519.03262548E-03,+506.18718145E-03,+523.96356081E-03,+488.56782913E-03
+29.60000E-06,+519.03262549E-03,+521.26255818E-03,+539.03893754E-03,+508.66833142E-03
+29.65000E-06,+519.03262548E-03,+511.21230704E-03,+508.88818410E-03,+508.66833143E-03
+29.70000E-06,+539.13312778E-03,+521.26255818E-03,+518.93843524E-03,+518.71858257E-03
+29.75000E-06,+519.03262548E-03,+551.41331163E-03,+488.78768179E-03,+508.66833143E-03
+29.80000E-06,+539.13312778E-03,+521.26255818E-03,+518.93843525E-03,+488.56782914E-03
+29.85000E-06,+539.13312778E-03,+521.26255818E-03,+528.98868638E-03,+513.69345701E-03
+29.90000E-06,+549.18337893E-03,+511.21230703E-03,+518.93843524E-03,+498.61808028E-03
+29.95000E-06,+544.15825337E-03,+511.21230702E-03,+523.96356083E-03,+508.66833143E-03
+30.00000E-06,+519.03262548E-03,+521.26255818E-03,+518.93843524E-03,+508.66833142E-03
+30.05000E-06,+539.13312778E-03,+511.21230704E-03,+518.93843524E-03,+493.59295471E-03
+30.10000E-06,+529.08287663E-03,+531.31280933E-03,+518.93843523E-03,+498.61808028E-03
+30.15000E-06,+554.20850451E-03,+536.33793490E-03,+503.86305851E-03,+513.69345700E-03
+30.20000E-06,+539.13312777E-03,+501.16205588E-03,+518.93843524E-03,+488.56782914E-03
+30.25000E-06,+539.13312778E-03,+551.41331161E-03,+478.73743065E-03,+508.66833143E-03
+30.30000E-06,+529.08287663E-03,+501.16205588E-03,+518.93843524E-03,+508.66833143E-03
+30.35000E-06,+554.20850451E-03,+516.23743261E-03,+503.86305851E-03,+493.59295470E-03
+30.40000E-06,+539.13312778E-03,+541.36306047E-03,+539.03893754E-03,+488.56782914E-03
+30.45000E-06,+529.08287664E-03,+541.36306047E-03,+518.93843524E-03,+493.59295471E-03
+30.50000E-06,+539.13312777E-03,+541.36306047E-03,+518.93843524E-03,+508.66833143E-03
+30.55000E-06,+529.08287662E-03,+516.23743261E-03,+523.96356081E-03,+488.56782913E-03
+30.60000E-06,+519.03262549E-03,+521.26255817E-03,+518.93843525E-03,+508.66833143E-03
+30.65000E-06,+519.03262548E-03,+521.26255818E-03,+518.93843524E-03,+488.56782913E-03
+30.70000E-06,+529.08287664E-03,+541.36306047E-03,+528.98868639E-03,+508.66833143E-03
+30.75000E-06,+539.13312778E-03,+506.18718145E-03,+528.98868640E-03,+498.61808027E-03
+30.80000E-06,+539.13312777E-03,+521.26255817E-03,+518.93843524E-03,+508.66833143E-03
+30.85000E-06,+534.10800220E-03,+521.26255818E-03,+508.88818408E-03,+523.74370815E-03
+30.90000E-06,+519.03262547E-03,+511.21230702E-03,+528.98868640E-03,+508.66833143E-03
+30.95000E-06,+544.15825335E-03,+516.23743261E-03,+518.93843524E-03,+503.64320586E-03
+31.00000E-06,+519.03262549E-03,+521.26255818E-03,+539.03893753E-03,+528.76883372E-03
+31.05000E-06,+529.08287664E-03,+536.33793489E-03,+498.83793294E-03,+503.64320585E-03
+31.10000E-06,+529.08287663E-03,+521.26255818E-03,+508.88818410E-03,+498.61808029E-03
+31.15000E-06,+529.08287664E-03,+516.23743261E-03,+523.96356081E-03,+488.56782913E-03
+31.20000E-06,+539.13312778E-03,+521.26255818E-03,+539.03893754E-03,+508.66833142E-03
+31.25000E-06,+529.08287664E-03,+526.28768376E-03,+534.01381196E-03,+508.66833143E-03
+31.30000E-06,+539.13312778E-03,+531.31280932E-03,+498.83793294E-03,+508.66833144E-03
+31.35000E-06,+539.13312778E-03,+541.36306047E-03,+523.96356081E-03,+488.56782913E-03
+31.40000E-06,+559.23363007E-03,+521.26255818E-03,+539.03893752E-03,+488.56782914E-03
+31.45000E-06,+534.10800220E-03,+521.26255818E-03,+518.93843524E-03,+518.71858257E-03
+31.50000E-06,+549.18337893E-03,+511.21230703E-03,+528.98868640E-03,+528.76883373E-03
+31.55000E-06,+534.10800221E-03,+536.33793491E-03,+534.01381197E-03,+493.59295470E-03
+31.60000E-06,+498.93212319E-03,+501.16205588E-03,+478.73743066E-03,+488.56782914E-03
+31.65000E-06,+549.18337892E-03,+506.18718146E-03,+498.83793294E-03,+493.59295471E-03
+31.70000E-06,+508.98237434E-03,+521.26255818E-03,+508.88818409E-03,+488.56782913E-03
+31.75000E-06,+524.05775105E-03,+531.31280934E-03,+518.93843524E-03,+493.59295470E-03
+31.80000E-06,+519.03262549E-03,+501.16205589E-03,+518.93843524E-03,+508.66833143E-03
+31.85000E-06,+534.10800220E-03,+521.26255818E-03,+498.83793294E-03,+508.66833143E-03
+31.90000E-06,+539.13312778E-03,+501.16205588E-03,+528.98868638E-03,+508.66833143E-03
+31.95000E-06,+519.03262548E-03,+536.33793491E-03,+518.93843524E-03,+498.61808027E-03
+32.00000E-06,+539.13312778E-03,+521.26255818E-03,+518.93843524E-03,+488.56782913E-03
+32.05000E-06,+539.13312778E-03,+536.33793489E-03,+518.93843524E-03,+478.51757799E-03
+32.10000E-06,+539.13312779E-03,+511.21230703E-03,+508.88818410E-03,+508.66833143E-03
+32.15000E-06,+539.13312778E-03,+516.23743261E-03,+518.93843524E-03,+503.64320586E-03
+32.20000E-06,+539.13312777E-03,+521.26255818E-03,+518.93843524E-03,+488.56782914E-03
+32.25000E-06,+524.05775106E-03,+501.16205588E-03,+518.93843524E-03,+523.74370815E-03
+32.30000E-06,+539.13312778E-03,+531.31280933E-03,+508.88818410E-03,+498.61808028E-03
+32.35000E-06,+554.20850451E-03,+521.26255818E-03,+508.88818408E-03,+508.66833143E-03
+32.40000E-06,+539.13312778E-03,+521.26255818E-03,+478.73743066E-03,+488.56782914E-03
+32.45000E-06,+524.05775106E-03,+541.36306047E-03,+534.01381196E-03,+493.59295471E-03
+32.50000E-06,+549.18337893E-03,+531.31280933E-03,+518.93843524E-03,+498.61808028E-03
+32.55000E-06,+559.23363008E-03,+516.23743261E-03,+528.98868640E-03,+508.66833143E-03
+32.60000E-06,+559.23363006E-03,+521.26255818E-03,+518.93843524E-03,+488.56782913E-03
+32.65000E-06,+539.13312778E-03,+521.26255818E-03,+518.93843524E-03,+523.74370815E-03
+32.70000E-06,+519.03262547E-03,+511.21230703E-03,+498.83793293E-03,+478.51757799E-03
+32.75000E-06,+519.03262548E-03,+521.26255818E-03,+534.01381197E-03,+508.66833143E-03
+32.80000E-06,+498.93212320E-03,+521.26255818E-03,+539.03893753E-03,+488.56782914E-03
+32.85000E-06,+544.15825336E-03,+511.21230704E-03,+503.86305852E-03,+508.66833143E-03
+32.90000E-06,+519.03262548E-03,+521.26255818E-03,+518.93843525E-03,+498.61808030E-03
+32.95000E-06,+539.13312778E-03,+506.18718145E-03,+503.86305851E-03,+503.64320586E-03
+33.00000E-06,+519.03262548E-03,+541.36306047E-03,+539.03893753E-03,+508.66833144E-03
+33.05000E-06,+539.13312778E-03,+531.31280931E-03,+518.93843524E-03,+508.66833143E-03
+33.10000E-06,+508.98237433E-03,+541.36306047E-03,+518.93843524E-03,+498.61808028E-03
+33.15000E-06,+559.23363008E-03,+536.33793491E-03,+534.01381197E-03,+523.74370816E-03
+33.20000E-06,+539.13312778E-03,+521.26255817E-03,+539.03893753E-03,+508.66833142E-03
+33.25000E-06,+524.05775106E-03,+521.26255818E-03,+498.83793294E-03,+513.69345701E-03
+33.30000E-06,+539.13312778E-03,+531.31280932E-03,+528.98868638E-03,+518.71858257E-03
+33.35000E-06,+524.05775105E-03,+541.36306047E-03,+503.86305851E-03,+508.66833143E-03
+33.40000E-06,+539.13312778E-03,+521.26255818E-03,+498.83793295E-03,+488.56782915E-03
+33.45000E-06,+524.05775106E-03,+521.26255818E-03,+503.86305852E-03,+498.61808029E-03
+33.50000E-06,+519.03262548E-03,+541.36306047E-03,+508.88818410E-03,+508.66833143E-03
+33.55000E-06,+539.13312778E-03,+531.31280934E-03,+523.96356081E-03,+508.66833143E-03
+33.60000E-06,+519.03262549E-03,+521.26255818E-03,+518.93843524E-03,+528.76883373E-03
+33.65000E-06,+539.13312778E-03,+521.26255818E-03,+518.93843524E-03,+503.64320585E-03
+33.70000E-06,+529.08287664E-03,+531.31280932E-03,+508.88818410E-03,+508.66833143E-03
+33.75000E-06,+508.98237432E-03,+521.26255818E-03,+539.03893754E-03,+503.64320586E-03
+33.80000E-06,+539.13312777E-03,+521.26255818E-03,+518.93843523E-03,+508.66833143E-03
+33.85000E-06,+544.15825336E-03,+521.26255818E-03,+513.91330966E-03,+503.64320585E-03
+33.90000E-06,+539.13312778E-03,+531.31280933E-03,+528.98868640E-03,+528.76883371E-03
+33.95000E-06,+539.13312778E-03,+526.28768375E-03,+528.98868640E-03,+523.74370816E-03
+34.00000E-06,+519.03262549E-03,+521.26255817E-03,+518.93843525E-03,+488.56782914E-03
+34.05000E-06,+524.05775104E-03,+541.36306047E-03,+523.96356080E-03,+483.54270358E-03
+34.10000E-06,+529.08287664E-03,+531.31280933E-03,+528.98868640E-03,+508.66833143E-03
+34.15000E-06,+539.13312778E-03,+536.33793491E-03,+534.01381197E-03,+493.59295470E-03
+34.20000E-06,+539.13312777E-03,+541.36306047E-03,+518.93843525E-03,+508.66833142E-03
+34.25000E-06,+508.98237435E-03,+526.28768376E-03,+534.01381196E-03,+488.56782913E-03
+34.30000E-06,+519.03262548E-03,+511.21230702E-03,+518.93843524E-03,+498.61808029E-03
+34.35000E-06,+514.00749991E-03,+506.18718145E-03,+534.01381197E-03,+508.66833143E-03
+34.40000E-06,+539.13312777E-03,+521.26255818E-03,+518.93843525E-03,+508.66833142E-03
+34.45000E-06,+519.03262548E-03,+521.26255818E-03,+518.93843524E-03,+503.64320585E-03
+34.50000E-06,+519.03262549E-03,+541.36306046E-03,+518.93843524E-03,+508.66833143E-03
+34.55000E-06,+534.10800221E-03,+506.18718145E-03,+518.93843524E-03,+488.56782913E-03
+34.60000E-06,+498.93212319E-03,+501.16205589E-03,+518.93843524E-03,+528.76883372E-03
+34.65000E-06,+554.20850450E-03,+521.26255818E-03,+518.93843524E-03,+493.59295471E-03
+34.70000E-06,+539.13312778E-03,+511.21230703E-03,+508.88818411E-03,+498.61808029E-03
+34.75000E-06,+534.10800221E-03,+491.11180472E-03,+534.01381197E-03,+488.56782913E-03
+34.80000E-06,+539.13312777E-03,+521.26255818E-03,+539.03893754E-03,+528.76883372E-03
+34.85000E-06,+519.03262548E-03,+526.28768376E-03,+518.93843524E-03,+508.66833143E-03
+34.90000E-06,+519.03262548E-03,+521.26255818E-03,+518.93843524E-03,+488.56782913E-03
+34.95000E-06,+534.10800221E-03,+521.26255818E-03,+498.83793294E-03,+498.61808027E-03
+35.00000E-06,+539.13312778E-03,+521.26255818E-03,+498.83793295E-03,+508.66833142E-03
+35.05000E-06,+508.98237435E-03,+521.26255818E-03,+534.01381196E-03,+503.64320585E-03
+35.10000E-06,+549.18337892E-03,+541.36306049E-03,+498.83793294E-03,+498.61808029E-03
+35.15000E-06,+544.15825335E-03,+511.21230702E-03,+518.93843524E-03,+508.66833143E-03
+35.20000E-06,+539.13312778E-03,+501.16205589E-03,+518.93843524E-03,+488.56782913E-03
+35.25000E-06,+534.10800220E-03,+521.26255818E-03,+539.03893754E-03,+488.56782913E-03
+35.30000E-06,+519.03262549E-03,+531.31280932E-03,+498.83793294E-03,+508.66833142E-03
+35.35000E-06,+539.13312778E-03,+526.28768374E-03,+534.01381197E-03,+493.59295470E-03
+35.40000E-06,+519.03262549E-03,+521.26255818E-03,+518.93843524E-03,+488.56782914E-03
+35.45000E-06,+534.10800220E-03,+521.26255818E-03,+518.93843524E-03,+493.59295471E-03
+35.50000E-06,+519.03262548E-03,+531.31280933E-03,+528.98868640E-03,+508.66833142E-03
+35.55000E-06,+544.15825337E-03,+521.26255818E-03,+518.93843524E-03,+503.64320586E-03
+35.60000E-06,+559.23363008E-03,+541.36306047E-03,+518.93843525E-03,+488.56782914E-03
+35.65000E-06,+539.13312778E-03,+491.11180474E-03,+539.03893754E-03,+508.66833143E-03
+35.70000E-06,+539.13312777E-03,+521.26255816E-03,+528.98868638E-03,+508.66833143E-03
+35.75000E-06,+554.20850451E-03,+521.26255818E-03,+518.93843524E-03,+528.76883373E-03
+35.80000E-06,+539.13312777E-03,+501.16205589E-03,+518.93843524E-03,+508.66833142E-03
+35.85000E-06,+524.05775106E-03,+501.16205588E-03,+518.93843524E-03,+508.66833143E-03
+35.90000E-06,+539.13312778E-03,+521.26255818E-03,+518.93843524E-03,+498.61808027E-03
+35.95000E-06,+519.03262548E-03,+506.18718145E-03,+518.93843524E-03,+488.56782913E-03
+36.00000E-06,+519.03262549E-03,+521.26255818E-03,+539.03893753E-03,+508.66833142E-03
+36.05000E-06,+503.95724877E-03,+521.26255818E-03,+518.93843524E-03,+523.74370815E-03
+36.10000E-06,+508.98237434E-03,+531.31280931E-03,+518.93843525E-03,+498.61808029E-03
+36.15000E-06,+524.05775105E-03,+531.31280934E-03,+488.78768178E-03,+493.59295470E-03
+36.20000E-06,+539.13312778E-03,+501.16205589E-03,+518.93843524E-03,+488.56782914E-03
+36.25000E-06,+524.05775106E-03,+521.26255818E-03,+518.93843524E-03,+473.49245242E-03
+36.30000E-06,+529.08287662E-03,+521.26255818E-03,+528.98868638E-03,+508.66833143E-03
+36.35000E-06,+524.05775105E-03,+536.33793491E-03,+498.83793294E-03,+488.56782913E-03
+36.40000E-06,+498.93212320E-03,+521.26255817E-03,+518.93843524E-03,+528.76883371E-03
+36.45000E-06,+519.03262548E-03,+541.36306047E-03,+523.96356082E-03,+503.64320585E-03
+36.50000E-06,+519.03262548E-03,+531.31280932E-03,+498.83793294E-03,+498.61808027E-03
+36.55000E-06,+554.20850451E-03,+516.23743261E-03,+518.93843524E-03,+508.66833143E-03
+36.60000E-06,+519.03262549E-03,+521.26255818E-03,+539.03893753E-03,+488.56782913E-03
+36.65000E-06,+539.13312778E-03,+541.36306047E-03,+498.83793294E-03,+503.64320585E-03
+36.70000E-06,+529.08287664E-03,+521.26255819E-03,+528.98868640E-03,+498.61808027E-03
+36.75000E-06,+539.13312778E-03,+516.23743261E-03,+534.01381197E-03,+498.61808027E-03
+36.80000E-06,+539.13312777E-03,+541.36306046E-03,+518.93843524E-03,+508.66833142E-03
+36.85000E-06,+539.13312778E-03,+521.26255818E-03,+534.01381196E-03,+498.61808027E-03
+36.90000E-06,+539.13312778E-03,+531.31280932E-03,+518.93843523E-03,+498.61808027E-03
+36.95000E-06,+524.05775105E-03,+536.33793491E-03,+488.78768178E-03,+488.56782913E-03
+37.00000E-06,+539.13312777E-03,+541.36306047E-03,+498.83793294E-03,+508.66833143E-03
+37.05000E-06,+519.03262548E-03,+531.31280934E-03,+513.91330966E-03,+508.66833143E-03
+37.10000E-06,+529.08287664E-03,+551.41331163E-03,+508.88818409E-03,+508.66833143E-03
+37.15000E-06,+539.13312778E-03,+531.31280931E-03,+513.91330967E-03,+493.59295470E-03
+37.20000E-06,+539.13312778E-03,+521.26255818E-03,+539.03893752E-03,+468.46732685E-03
+37.25000E-06,+529.08287662E-03,+501.16205588E-03,+503.86305853E-03,+488.56782913E-03
+37.30000E-06,+519.03262547E-03,+541.36306047E-03,+518.93843524E-03,+498.61808027E-03
+37.35000E-06,+534.10800221E-03,+541.36306047E-03,+513.91330967E-03,+513.69345700E-03
+37.40000E-06,+559.23363007E-03,+521.26255818E-03,+539.03893754E-03,+488.56782913E-03
+37.45000E-06,+539.13312778E-03,+521.26255818E-03,+523.96356082E-03,+488.56782913E-03
+37.50000E-06,+529.08287662E-03,+541.36306047E-03,+518.93843524E-03,+498.61808029E-03
+37.55000E-06,+534.10800221E-03,+516.23743261E-03,+518.93843524E-03,+493.59295470E-03
+37.60000E-06,+519.03262549E-03,+521.26255818E-03,+518.93843524E-03,+488.56782913E-03
+37.65000E-06,+539.13312778E-03,+521.26255818E-03,+523.96356082E-03,+508.66833143E-03
+37.70000E-06,+539.13312778E-03,+521.26255816E-03,+508.88818409E-03,+498.61808027E-03
+37.75000E-06,+508.98237432E-03,+516.23743261E-03,+508.88818408E-03,+508.66833143E-03
+37.80000E-06,+519.03262548E-03,+541.36306047E-03,+539.03893752E-03,+488.56782915E-03
+37.85000E-06,+534.10800220E-03,+536.33793489E-03,+528.98868638E-03,+498.61808030E-03
+37.90000E-06,+508.98237434E-03,+521.26255818E-03,+518.93843526E-03,+508.66833143E-03
+37.95000E-06,+539.13312778E-03,+541.36306047E-03,+508.88818411E-03,+493.59295470E-03
+38.00000E-06,+539.13312777E-03,+541.36306047E-03,+498.83793295E-03,+508.66833142E-03
+38.05000E-06,+529.08287662E-03,+516.23743260E-03,+518.93843524E-03,+488.56782913E-03
+38.10000E-06,+539.13312779E-03,+501.16205588E-03,+518.93843524E-03,+498.61808027E-03
+38.15000E-06,+539.13312778E-03,+531.31280934E-03,+513.91330967E-03,+518.71858259E-03
+38.20000E-06,+539.13312778E-03,+541.36306048E-03,+539.03893754E-03,+488.56782914E-03
+38.25000E-06,+503.95724877E-03,+521.26255818E-03,+523.96356082E-03,+508.66833143E-03
+38.30000E-06,+529.08287662E-03,+521.26255818E-03,+508.88818409E-03,+498.61808027E-03
+38.35000E-06,+534.10800221E-03,+491.11180472E-03,+534.01381197E-03,+508.66833143E-03
+38.40000E-06,+519.03262548E-03,+521.26255816E-03,+539.03893753E-03,+508.66833143E-03
+38.45000E-06,+529.08287664E-03,+501.16205588E-03,+518.93843524E-03,+528.76883373E-03
+38.50000E-06,+529.08287665E-03,+521.26255818E-03,+518.93843524E-03,+518.71858257E-03
+38.55000E-06,+539.13312778E-03,+556.43843720E-03,+488.78768178E-03,+508.66833143E-03
+38.60000E-06,+559.23363007E-03,+521.26255818E-03,+518.93843525E-03,+488.56782914E-03
+38.65000E-06,+519.03262548E-03,+531.31280931E-03,+513.91330966E-03,+508.66833143E-03
+38.70000E-06,+529.08287662E-03,+521.26255819E-03,+528.98868638E-03,+508.66833143E-03
+38.75000E-06,+534.10800221E-03,+521.26255818E-03,+518.93843524E-03,+503.64320586E-03
+38.80000E-06,+478.83162090E-03,+521.26255817E-03,+539.03893752E-03,+488.56782915E-03
+38.85000E-06,+539.13312778E-03,+521.26255818E-03,+539.03893754E-03,+503.64320585E-03
+38.90000E-06,+559.23363008E-03,+521.26255818E-03,+518.93843524E-03,+508.66833143E-03
+38.95000E-06,+534.10800221E-03,+521.26255818E-03,+503.86305851E-03,+508.66833143E-03
+39.00000E-06,+539.13312777E-03,+541.36306047E-03,+518.93843525E-03,+488.56782913E-03
+39.05000E-06,+539.13312778E-03,+521.26255818E-03,+513.91330966E-03,+513.69345701E-03
+39.10000E-06,+529.08287664E-03,+501.16205588E-03,+528.98868638E-03,+488.56782913E-03
+39.15000E-06,+534.10800221E-03,+521.26255818E-03,+518.93843524E-03,+508.66833143E-03
+39.20000E-06,+539.13312777E-03,+521.26255817E-03,+518.93843524E-03,+488.56782914E-03
+39.25000E-06,+519.03262548E-03,+506.18718146E-03,+503.86305853E-03,+493.59295471E-03
+39.30000E-06,+508.98237434E-03,+541.36306047E-03,+539.03893754E-03,+508.66833143E-03
+39.35000E-06,+508.98237432E-03,+516.23743261E-03,+518.93843524E-03,+508.66833143E-03
+39.40000E-06,+519.03262550E-03,+521.26255818E-03,+539.03893754E-03,+488.56782914E-03
+39.45000E-06,+519.03262548E-03,+516.23743260E-03,+528.98868638E-03,+508.66833143E-03
+39.50000E-06,+539.13312778E-03,+531.31280932E-03,+508.88818409E-03,+508.66833144E-03
+39.55000E-06,+534.10800221E-03,+521.26255818E-03,+503.86305851E-03,+508.66833143E-03
+39.60000E-06,+539.13312778E-03,+521.26255818E-03,+518.93843525E-03,+508.66833143E-03
+39.65000E-06,+529.08287661E-03,+521.26255818E-03,+534.01381196E-03,+493.59295471E-03
+39.70000E-06,+559.23363008E-03,+531.31280932E-03,+508.88818409E-03,+508.66833141E-03
+39.75000E-06,+524.05775105E-03,+541.36306047E-03,+518.93843524E-03,+493.59295470E-03
+39.80000E-06,+539.13312778E-03,+541.36306047E-03,+518.93843525E-03,+528.76883372E-03
+39.85000E-06,+508.98237435E-03,+516.23743260E-03,+483.76255623E-03,+493.59295471E-03
+39.90000E-06,+549.18337894E-03,+521.26255818E-03,+528.98868640E-03,+508.66833143E-03
+39.95000E-06,+534.10800221E-03,+521.26255818E-03,+534.01381197E-03,+488.56782913E-03
+40.00000E-06,+539.13312777E-03,+541.36306047E-03,+518.93843524E-03,+508.66833143E-03
+40.05000E-06,+549.18337891E-03,+521.26255818E-03,+518.93843524E-03,+503.64320585E-03
+40.10000E-06,+529.08287664E-03,+531.31280932E-03,+508.88818410E-03,+508.66833143E-03
+40.15000E-06,+503.95724875E-03,+521.26255818E-03,+539.03893754E-03,+508.66833143E-03
+40.20000E-06,+519.03262549E-03,+521.26255817E-03,+498.83793295E-03,+528.76883372E-03
+40.25000E-06,+524.05775106E-03,+521.26255818E-03,+523.96356082E-03,+498.61808026E-03
+40.30000E-06,+539.13312778E-03,+531.31280933E-03,+518.93843524E-03,+508.66833143E-03
+40.35000E-06,+539.13312778E-03,+531.31280934E-03,+518.93843524E-03,+528.76883373E-03
+40.40000E-06,+519.03262549E-03,+541.36306047E-03,+498.83793296E-03,+508.66833143E-03
+40.45000E-06,+514.00749990E-03,+521.26255818E-03,+508.88818411E-03,+508.66833143E-03
+40.50000E-06,+529.08287662E-03,+511.21230702E-03,+508.88818408E-03,+518.71858259E-03
+40.55000E-06,+554.20850451E-03,+536.33793491E-03,+534.01381197E-03,+523.74370816E-03
+40.60000E-06,+519.03262549E-03,+541.36306047E-03,+539.03893753E-03,+488.56782914E-03
+40.65000E-06,+529.08287665E-03,+526.28768376E-03,+518.93843524E-03,+508.66833143E-03
+40.70000E-06,+529.08287662E-03,+521.26255818E-03,+508.88818408E-03,+488.56782915E-03
+40.75000E-06,+544.15825335E-03,+511.21230701E-03,+518.93843524E-03,+508.66833143E-03
+40.80000E-06,+539.13312778E-03,+541.36306047E-03,+539.03893753E-03,+528.76883373E-03
+40.85000E-06,+544.15825333E-03,+506.18718146E-03,+523.96356082E-03,+503.64320585E-03
+40.90000E-06,+519.03262550E-03,+521.26255818E-03,+518.93843524E-03,+498.61808027E-03
+40.95000E-06,+514.00749992E-03,+511.21230701E-03,+518.93843524E-03,+493.59295470E-03
+41.00000E-06,+539.13312777E-03,+501.16205589E-03,+518.93843523E-03,+488.56782914E-03
+41.05000E-06,+503.95724877E-03,+521.26255818E-03,+518.93843524E-03,+493.59295471E-03
+41.10000E-06,+539.13312780E-03,+531.31280932E-03,+518.93843526E-03,+508.66833143E-03
+41.15000E-06,+524.05775105E-03,+506.18718145E-03,+523.96356081E-03,+513.69345700E-03
+41.20000E-06,+498.93212319E-03,+541.36306047E-03,+518.93843524E-03,+508.66833143E-03
+41.25000E-06,+539.13312778E-03,+531.31280931E-03,+518.93843524E-03,+518.71858256E-03
+41.30000E-06,+539.13312778E-03,+531.31280932E-03,+518.93843524E-03,+508.66833143E-03
+41.35000E-06,+539.13312778E-03,+541.36306047E-03,+518.93843524E-03,+543.84421046E-03
+41.40000E-06,+559.23363006E-03,+501.16205590E-03,+518.93843524E-03,+508.66833143E-03
+41.45000E-06,+524.05775106E-03,+521.26255818E-03,+539.03893754E-03,+508.66833143E-03
+41.50000E-06,+529.08287662E-03,+511.21230702E-03,+518.93843524E-03,+508.66833143E-03
+41.55000E-06,+534.10800221E-03,+521.26255818E-03,+518.93843524E-03,+503.64320586E-03
+41.60000E-06,+539.13312778E-03,+521.26255818E-03,+518.93843524E-03,+508.66833143E-03
+41.65000E-06,+534.10800220E-03,+506.18718146E-03,+503.86305853E-03,+508.66833143E-03
+41.70000E-06,+519.03262550E-03,+511.21230702E-03,+508.88818408E-03,+508.66833143E-03
+41.75000E-06,+534.10800221E-03,+536.33793491E-03,+534.01381197E-03,+508.66833143E-03
+41.80000E-06,+559.23363006E-03,+541.36306047E-03,+518.93843524E-03,+488.56782914E-03
+41.85000E-06,+539.13312778E-03,+521.26255818E-03,+523.96356082E-03,+538.81908486E-03
+41.90000E-06,+529.08287664E-03,+541.36306047E-03,+518.93843524E-03,+508.66833143E-03
+41.95000E-06,+524.05775105E-03,+516.23743261E-03,+534.01381197E-03,+508.66833143E-03
+42.00000E-06,+519.03262548E-03,+521.26255819E-03,+518.93843524E-03,+508.66833143E-03
+42.05000E-06,+544.15825333E-03,+521.26255818E-03,+503.86305853E-03,+493.59295471E-03
+42.10000E-06,+539.13312778E-03,+521.26255818E-03,+528.98868640E-03,+518.71858257E-03
+42.15000E-06,+539.13312778E-03,+516.23743261E-03,+518.93843524E-03,+508.66833143E-03
+42.20000E-06,+539.13312777E-03,+521.26255818E-03,+498.83793295E-03,+488.56782913E-03
+42.25000E-06,+539.13312778E-03,+526.28768376E-03,+518.93843524E-03,+513.69345701E-03
+42.30000E-06,+529.08287662E-03,+521.26255818E-03,+518.93843524E-03,+488.56782913E-03
+42.35000E-06,+529.08287661E-03,+541.36306047E-03,+534.01381197E-03,+508.66833143E-03
+42.40000E-06,+539.13312776E-03,+521.26255819E-03,+539.03893754E-03,+508.66833142E-03
+42.45000E-06,+539.13312778E-03,+521.26255818E-03,+518.93843524E-03,+508.66833143E-03
+42.50000E-06,+549.18337894E-03,+511.21230704E-03,+539.03893754E-03,+508.66833143E-03
+42.55000E-06,+508.98237432E-03,+501.16205588E-03,+518.93843524E-03,+523.74370816E-03
+42.60000E-06,+519.03262547E-03,+501.16205589E-03,+498.83793295E-03,+508.66833143E-03
+42.65000E-06,+524.05775106E-03,+521.26255818E-03,+534.01381196E-03,+508.66833143E-03
+42.70000E-06,+529.08287662E-03,+511.21230704E-03,+508.88818410E-03,+508.66833143E-03
+42.75000E-06,+534.10800221E-03,+521.26255818E-03,+518.93843524E-03,+498.61808026E-03
+42.80000E-06,+519.03262549E-03,+521.26255819E-03,+518.93843523E-03,+508.66833144E-03
+42.85000E-06,+534.10800220E-03,+506.18718146E-03,+539.03893754E-03,+483.54270355E-03
+42.90000E-06,+529.08287662E-03,+531.31280932E-03,+528.98868638E-03,+488.56782913E-03
+42.95000E-06,+534.10800221E-03,+511.21230701E-03,+534.01381197E-03,+488.56782913E-03
+43.00000E-06,+539.13312777E-03,+521.26255819E-03,+539.03893753E-03,+528.76883372E-03
+43.05000E-06,+539.13312778E-03,+521.26255818E-03,+503.86305853E-03,+513.69345701E-03
+43.10000E-06,+519.03262548E-03,+531.31280933E-03,+508.88818410E-03,+498.61808029E-03
+43.15000E-06,+549.18337894E-03,+521.26255818E-03,+534.01381197E-03,+493.59295470E-03
+43.20000E-06,+539.13312777E-03,+541.36306047E-03,+518.93843525E-03,+508.66833143E-03
+43.25000E-06,+539.13312778E-03,+506.18718146E-03,+503.86305853E-03,+508.66833143E-03
+43.30000E-06,+519.03262550E-03,+521.26255816E-03,+518.93843524E-03,+508.66833143E-03
+43.35000E-06,+534.10800221E-03,+526.28768374E-03,+518.93843524E-03,+503.64320586E-03
+43.40000E-06,+498.93212319E-03,+521.26255817E-03,+518.93843523E-03,+488.56782914E-03
+43.45000E-06,+524.05775106E-03,+526.28768376E-03,+523.96356082E-03,+508.66833143E-03
+43.50000E-06,+529.08287662E-03,+511.21230704E-03,+518.93843524E-03,+508.66833143E-03
+43.55000E-06,+529.08287665E-03,+526.28768374E-03,+498.83793294E-03,+508.66833143E-03
+43.60000E-06,+539.13312777E-03,+521.26255818E-03,+539.03893753E-03,+488.56782914E-03
+43.65000E-06,+524.05775106E-03,+501.16205588E-03,+503.86305853E-03,+488.56782913E-03
+43.70000E-06,+519.03262548E-03,+531.31280933E-03,+528.98868640E-03,+498.61808027E-03
+43.75000E-06,+544.15825334E-03,+506.18718145E-03,+523.96356081E-03,+523.74370816E-03
+43.80000E-06,+519.03262549E-03,+501.16205588E-03,+518.93843524E-03,+528.76883372E-03
+43.85000E-06,+529.08287661E-03,+526.28768376E-03,+534.01381196E-03,+503.64320585E-03
+43.90000E-06,+519.03262548E-03,+531.31280932E-03,+528.98868636E-03,+508.66833143E-03
+43.95000E-06,+539.13312778E-03,+556.43843721E-03,+534.01381197E-03,+508.66833143E-03
+44.00000E-06,+539.13312777E-03,+541.36306047E-03,+518.93843524E-03,+528.76883373E-03
+44.05000E-06,+554.20850449E-03,+521.26255818E-03,+508.88818407E-03,+508.66833143E-03
+44.10000E-06,+549.18337892E-03,+521.26255818E-03,+518.93843524E-03,+518.71858257E-03
+44.15000E-06,+508.98237431E-03,+506.18718145E-03,+534.01381197E-03,+508.66833143E-03
+44.20000E-06,+519.03262549E-03,+501.16205590E-03,+518.93843524E-03,+508.66833143E-03
+44.25000E-06,+524.05775106E-03,+536.33793489E-03,+534.01381196E-03,+513.69345701E-03
+44.30000E-06,+539.13312778E-03,+541.36306047E-03,+508.88818408E-03,+488.56782913E-03
+44.35000E-06,+539.13312778E-03,+541.36306047E-03,+528.98868641E-03,+513.69345699E-03
+44.40000E-06,+539.13312778E-03,+561.46356275E-03,+518.93843524E-03,+468.46732684E-03
+44.45000E-06,+534.10800220E-03,+526.28768376E-03,+518.93843524E-03,+528.76883373E-03
+44.50000E-06,+529.08287664E-03,+511.21230702E-03,+518.93843524E-03,+508.66833143E-03
+44.55000E-06,+524.05775105E-03,+546.38818604E-03,+534.01381197E-03,+508.66833143E-03
+44.60000E-06,+519.03262549E-03,+541.36306046E-03,+518.93843523E-03,+508.66833143E-03
+44.65000E-06,+539.13312778E-03,+516.23743259E-03,+534.01381196E-03,+503.64320585E-03
+44.70000E-06,+539.13312780E-03,+521.26255818E-03,+508.88818410E-03,+518.71858259E-03
+44.75000E-06,+539.13312778E-03,+516.23743261E-03,+518.93843524E-03,+503.64320586E-03
+44.80000E-06,+559.23363007E-03,+521.26255818E-03,+498.83793294E-03,+508.66833143E-03
+44.85000E-06,+514.00749990E-03,+536.33793489E-03,+534.01381196E-03,+503.64320585E-03
+44.90000E-06,+539.13312776E-03,+501.16205588E-03,+528.98868638E-03,+508.66833141E-03
+44.95000E-06,+519.03262548E-03,+501.16205588E-03,+518.93843524E-03,+488.56782913E-03
+45.00000E-06,+519.03262549E-03,+501.16205588E-03,+518.93843524E-03,+508.66833143E-03
+45.05000E-06,+539.13312778E-03,+541.36306047E-03,+523.96356083E-03,+493.59295472E-03
+45.10000E-06,+529.08287662E-03,+531.31280934E-03,+518.93843524E-03,+508.66833141E-03
+45.15000E-06,+534.10800221E-03,+536.33793491E-03,+518.93843524E-03,+493.59295470E-03
+45.20000E-06,+519.03262549E-03,+521.26255818E-03,+518.93843524E-03,+528.76883372E-03
+45.25000E-06,+534.10800220E-03,+521.26255818E-03,+508.88818407E-03,+478.51757800E-03
+45.30000E-06,+539.13312780E-03,+521.26255818E-03,+518.93843522E-03,+498.61808027E-03
+45.35000E-06,+524.05775105E-03,+521.26255818E-03,+518.93843524E-03,+493.59295470E-03
+45.40000E-06,+539.13312778E-03,+541.36306046E-03,+539.03893753E-03,+528.76883371E-03
+45.45000E-06,+508.98237435E-03,+521.26255818E-03,+523.96356083E-03,+503.64320585E-03
+45.50000E-06,+539.13312778E-03,+531.31280932E-03,+518.93843524E-03,+498.61808029E-03
+45.55000E-06,+539.13312778E-03,+526.28768374E-03,+503.86305851E-03,+503.64320586E-03
+45.60000E-06,+519.03262549E-03,+521.26255818E-03,+539.03893754E-03,+508.66833143E-03
+45.65000E-06,+544.15825336E-03,+541.36306047E-03,+518.93843524E-03,+488.56782913E-03
+45.70000E-06,+539.13312778E-03,+521.26255818E-03,+518.93843524E-03,+488.56782913E-03
+45.75000E-06,+539.13312778E-03,+526.28768374E-03,+518.93843524E-03,+518.71858260E-03
+45.80000E-06,+519.03262549E-03,+541.36306046E-03,+539.03893753E-03,+488.56782914E-03
+45.85000E-06,+524.05775107E-03,+521.26255818E-03,+523.96356083E-03,+493.59295472E-03
+45.90000E-06,+519.03262546E-03,+521.26255818E-03,+508.88818408E-03,+508.66833143E-03
+45.95000E-06,+514.00749992E-03,+511.21230701E-03,+518.93843524E-03,+508.66833143E-03
+46.00000E-06,+539.13312778E-03,+521.26255818E-03,+498.83793295E-03,+508.66833142E-03
+46.05000E-06,+534.10800219E-03,+521.26255818E-03,+513.91330966E-03,+488.56782913E-03
+46.10000E-06,+539.13312778E-03,+511.21230702E-03,+528.98868640E-03,+488.56782913E-03
+46.15000E-06,+519.03262548E-03,+536.33793491E-03,+518.93843524E-03,+513.69345699E-03
+46.20000E-06,+519.03262548E-03,+501.16205589E-03,+518.93843523E-03,+528.76883371E-03
+46.25000E-06,+519.03262548E-03,+521.26255818E-03,+534.01381195E-03,+493.59295472E-03
+46.30000E-06,+539.13312778E-03,+521.26255820E-03,+508.88818410E-03,+508.66833143E-03
+46.35000E-06,+539.13312778E-03,+516.23743261E-03,+539.03893754E-03,+513.69345699E-03
+46.40000E-06,+539.13312777E-03,+501.16205589E-03,+518.93843525E-03,+488.56782913E-03
+46.45000E-06,+539.13312778E-03,+541.36306047E-03,+518.93843524E-03,+493.59295472E-03
+46.50000E-06,+539.13312778E-03,+521.26255818E-03,+528.98868640E-03,+518.71858257E-03
+46.55000E-06,+539.13312778E-03,+506.18718144E-03,+523.96356081E-03,+508.66833143E-03
+46.60000E-06,+539.13312777E-03,+521.26255819E-03,+539.03893752E-03,+468.46732685E-03
+46.65000E-06,+534.10800219E-03,+521.26255818E-03,+523.96356083E-03,+508.66833143E-03
+46.70000E-06,+539.13312778E-03,+501.16205588E-03,+518.93843524E-03,+508.66833141E-03
+46.75000E-06,+529.08287665E-03,+541.36306047E-03,+534.01381197E-03,+508.66833143E-03
+46.80000E-06,+539.13312777E-03,+521.26255817E-03,+518.93843523E-03,+508.66833144E-03
+46.85000E-06,+514.00749990E-03,+501.16205588E-03,+503.86305853E-03,+478.51757800E-03
+46.90000E-06,+519.03262548E-03,+531.31280932E-03,+528.98868640E-03,+488.56782913E-03
+46.95000E-06,+544.15825334E-03,+526.28768374E-03,+523.96356081E-03,+523.74370816E-03
+47.00000E-06,+539.13312777E-03,+521.26255818E-03,+498.83793295E-03,+508.66833143E-03
+47.05000E-06,+524.05775107E-03,+526.28768376E-03,+508.88818407E-03,+523.74370814E-03
+47.10000E-06,+539.13312778E-03,+531.31280934E-03,+518.93843522E-03,+498.61808027E-03
+47.15000E-06,+534.10800221E-03,+521.26255818E-03,+534.01381197E-03,+493.59295470E-03
+47.20000E-06,+539.13312778E-03,+521.26255818E-03,+518.93843523E-03,+508.66833142E-03
+47.25000E-06,+539.13312778E-03,+521.26255818E-03,+534.01381195E-03,+488.56782913E-03
+47.30000E-06,+519.03262550E-03,+501.16205588E-03,+528.98868638E-03,+518.71858259E-03
+47.35000E-06,+519.03262548E-03,+531.31280935E-03,+503.86305851E-03,+508.66833143E-03
+47.40000E-06,+539.13312778E-03,+501.16205589E-03,+518.93843524E-03,+508.66833143E-03
+47.45000E-06,+554.20850449E-03,+526.28768376E-03,+518.93843524E-03,+503.64320584E-03
+47.50000E-06,+539.13312778E-03,+511.21230704E-03,+528.98868638E-03,+498.61808029E-03
+47.55000E-06,+559.23363008E-03,+511.21230701E-03,+523.96356081E-03,+508.66833143E-03
+47.60000E-06,+539.13312777E-03,+521.26255818E-03,+498.83793296E-03,+508.66833143E-03
+47.65000E-06,+534.10800219E-03,+536.33793489E-03,+523.96356083E-03,+513.69345701E-03
+47.70000E-06,+529.08287666E-03,+521.26255818E-03,+528.98868638E-03,+528.76883373E-03
+47.75000E-06,+544.15825334E-03,+536.33793491E-03,+503.86305851E-03,+518.71858260E-03
+47.80000E-06,+559.23363006E-03,+501.16205589E-03,+518.93843524E-03,+488.56782913E-03
+47.85000E-06,+508.98237435E-03,+501.16205588E-03,+503.86305853E-03,+518.71858256E-03
+47.90000E-06,+539.13312778E-03,+521.26255820E-03,+528.98868638E-03,+498.61808027E-03
+47.95000E-06,+524.05775105E-03,+526.28768374E-03,+518.93843524E-03,+508.66833143E-03
+48.00000E-06,+539.13312778E-03,+521.26255817E-03,+518.93843524E-03,+508.66833142E-03
+48.05000E-06,+559.23363008E-03,+536.33793489E-03,+539.03893754E-03,+473.49245242E-03
+48.10000E-06,+519.03262548E-03,+521.26255818E-03,+518.93843524E-03,+498.61808029E-03
+48.15000E-06,+554.20850451E-03,+531.31280935E-03,+518.93843524E-03,+503.64320587E-03
+48.20000E-06,+539.13312778E-03,+501.16205589E-03,+518.93843525E-03,+488.56782913E-03
+48.25000E-06,+539.13312778E-03,+506.18718146E-03,+513.91330966E-03,+503.64320584E-03
+48.30000E-06,+529.08287662E-03,+521.26255820E-03,+518.93843524E-03,+498.61808027E-03
+48.35000E-06,+544.15825334E-03,+521.26255818E-03,+523.96356081E-03,+493.59295470E-03
+48.40000E-06,+559.23363007E-03,+521.26255819E-03,+518.93843523E-03,+508.66833143E-03
+48.45000E-06,+514.00749990E-03,+516.23743259E-03,+513.91330966E-03,+488.56782913E-03
+48.50000E-06,+529.08287662E-03,+521.26255818E-03,+539.03893756E-03,+508.66833143E-03
+48.55000E-06,+534.10800221E-03,+526.28768374E-03,+498.83793294E-03,+493.59295470E-03
+48.60000E-06,+539.13312778E-03,+521.26255818E-03,+518.93843524E-03,+508.66833143E-03
+48.65000E-06,+524.05775107E-03,+506.18718146E-03,+518.93843524E-03,+508.66833143E-03
+48.70000E-06,+508.98237430E-03,+531.31280932E-03,+508.88818410E-03,+498.61808027E-03
+48.75000E-06,+519.03262548E-03,+521.26255818E-03,+534.01381198E-03,+513.69345699E-03
+48.80000E-06,+539.13312776E-03,+541.36306045E-03,+518.93843524E-03,+508.66833142E-03
+48.85000E-06,+534.10800219E-03,+521.26255818E-03,+518.93843524E-03,+488.56782913E-03
+48.90000E-06,+539.13312778E-03,+511.21230704E-03,+528.98868640E-03,+508.66833143E-03
+48.95000E-06,+503.95724875E-03,+526.28768374E-03,+508.88818407E-03,+488.56782913E-03
+49.00000E-06,+519.03262549E-03,+501.16205589E-03,+518.93843524E-03,+508.66833143E-03
+49.05000E-06,+534.10800219E-03,+506.18718146E-03,+513.91330966E-03,+523.74370814E-03
+49.10000E-06,+539.13312778E-03,+531.31280932E-03,+528.98868640E-03,+498.61808029E-03
+49.15000E-06,+524.05775105E-03,+526.28768374E-03,+498.83793294E-03,+508.66833143E-03
+49.20000E-06,+539.13312778E-03,+521.26255817E-03,+498.83793295E-03,+488.56782915E-03
+49.25000E-06,+524.05775107E-03,+526.28768376E-03,+523.96356083E-03,+508.66833143E-03
+49.30000E-06,+539.13312778E-03,+521.26255818E-03,+518.93843524E-03,+488.56782913E-03
+49.35000E-06,+519.03262548E-03,+521.26255818E-03,+539.03893754E-03,+493.59295470E-03
+49.40000E-06,+519.03262549E-03,+541.36306046E-03,+518.93843524E-03,+508.66833142E-03
+49.45000E-06,+534.10800219E-03,+506.18718146E-03,+539.03893754E-03,+513.69345701E-03
+49.50000E-06,+519.03262548E-03,+521.26255816E-03,+528.98868638E-03,+508.66833143E-03
+49.55000E-06,+524.05775104E-03,+526.28768374E-03,+503.86305851E-03,+493.59295470E-03
+49.60000E-06,+539.13312778E-03,+521.26255818E-03,+539.03893754E-03,+508.66833143E-03
+49.65000E-06,+539.13312778E-03,+521.26255818E-03,+518.93843524E-03,+503.64320584E-03
+49.70000E-06,+529.08287662E-03,+541.36306047E-03,+528.98868638E-03,+508.66833145E-03
+49.75000E-06,+539.13312778E-03,+516.23743261E-03,+534.01381198E-03,+488.56782913E-03
+49.80000E-06,+519.03262550E-03,+501.16205590E-03,+539.03893752E-03,+488.56782914E-03
+49.85000E-06,+544.15825336E-03,+516.23743259E-03,+518.93843524E-03,+523.74370814E-03
+49.90000E-06,+529.08287664E-03,+521.26255820E-03,+518.93843524E-03,+508.66833143E-03
+49.95000E-06,+549.18337895E-03,+521.26255818E-03,+518.93843524E-03,+508.66833143E-03
+50.00000E-06,+519.03262549E-03,+501.16205589E-03,+498.83793296E-03,+508.66833143E-03
+50.05000E-06,+539.13312778E-03,+536.33793489E-03,+534.01381195E-03,+478.51757801E-03
+50.10000E-06,+529.08287662E-03,+521.26255818E-03,+508.88818408E-03,+518.71858257E-03
+50.15000E-06,+539.13312778E-03,+521.26255818E-03,+534.01381198E-03,+493.59295470E-03
+50.20000E-06,+539.13312777E-03,+541.36306047E-03,+518.93843524E-03,+488.56782912E-03
+50.25000E-06,+519.03262548E-03,+521.26255818E-03,+513.91330966E-03,+508.66833143E-03
+50.30000E-06,+508.98237434E-03,+521.26255818E-03,+528.98868638E-03,+508.66833143E-03
+50.35000E-06,+524.05775104E-03,+511.21230701E-03,+518.93843524E-03,+513.69345699E-03
+50.40000E-06,+539.13312778E-03,+501.16205589E-03,+518.93843523E-03,+528.76883370E-03
+50.45000E-06,+539.13312778E-03,+511.21230705E-03,+503.86305853E-03,+488.56782913E-03
+50.50000E-06,+529.08287664E-03,+511.21230702E-03,+508.88818408E-03,+508.66833143E-03
+50.55000E-06,+524.05775104E-03,+521.26255818E-03,+508.88818407E-03,+513.69345699E-03
+50.60000E-06,+539.13312777E-03,+521.26255818E-03,+539.03893753E-03,+508.66833144E-03
+50.65000E-06,+534.10800219E-03,+521.26255818E-03,+518.93843524E-03,+508.66833143E-03
+50.70000E-06,+549.18337894E-03,+531.31280934E-03,+518.93843524E-03,+488.56782913E-03
+50.75000E-06,+524.05775104E-03,+516.23743261E-03,+513.91330968E-03,+508.66833143E-03
+50.80000E-06,+559.23363006E-03,+521.26255818E-03,+539.03893752E-03,+508.66833143E-03
+50.85000E-06,+524.05775107E-03,+506.18718147E-03,+508.88818412E-03,+488.56782913E-03
+50.90000E-06,+539.13312778E-03,+541.36306047E-03,+518.93843524E-03,+508.66833143E-03
+50.95000E-06,+539.13312778E-03,+536.33793491E-03,+534.01381198E-03,+493.59295470E-03
+51.00000E-06,+539.13312778E-03,+521.26255818E-03,+518.93843524E-03,+508.66833143E-03
+51.05000E-06,+524.05775107E-03,+536.33793489E-03,+508.88818412E-03,+513.69345701E-03
+51.10000E-06,+539.13312778E-03,+521.26255818E-03,+539.03893754E-03,+508.66833143E-03
+51.15000E-06,+524.05775104E-03,+521.26255818E-03,+518.93843524E-03,+503.64320587E-03
+51.20000E-06,+519.03262549E-03,+541.36306047E-03,+539.03893754E-03,+468.46732686E-03
+51.25000E-06,+514.00749990E-03,+496.13693029E-03,+503.86305853E-03,+518.71858256E-03
+51.30000E-06,+529.08287662E-03,+521.26255820E-03,+518.93843524E-03,+508.66833143E-03
+51.35000E-06,+539.13312778E-03,+506.18718144E-03,+523.96356080E-03,+488.56782913E-03
+51.40000E-06,+539.13312778E-03,+541.36306047E-03,+539.03893754E-03,+508.66833143E-03
+51.45000E-06,+539.13312778E-03,+506.18718147E-03,+518.93843524E-03,+503.64320584E-03
+51.50000E-06,+539.13312778E-03,+541.36306047E-03,+539.03893752E-03,+498.61808027E-03
+51.55000E-06,+534.10800222E-03,+536.33793491E-03,+523.96356080E-03,+503.64320587E-03
+51.60000E-06,+539.13312777E-03,+541.36306047E-03,+539.03893753E-03,+488.56782913E-03
+51.65000E-06,+524.05775107E-03,+521.26255818E-03,+534.01381195E-03,+508.66833143E-03
+51.70000E-06,+549.18337894E-03,+511.21230702E-03,+539.03893754E-03,+498.61808029E-03
+51.75000E-06,+524.05775104E-03,+506.18718144E-03,+534.01381198E-03,+498.61808026E-03
+51.80000E-06,+539.13312777E-03,+521.26255819E-03,+539.03893754E-03,+508.66833143E-03
+51.85000E-06,+534.10800219E-03,+501.16205588E-03,+539.03893754E-03,+503.64320584E-03
+51.90000E-06,+519.03262550E-03,+531.31280931E-03,+508.88818410E-03,+498.61808027E-03
+51.95000E-06,+539.13312778E-03,+536.33793491E-03,+523.96356080E-03,+483.54270357E-03
+52.00000E-06,+539.13312777E-03,+521.26255819E-03,+539.03893753E-03,+488.56782914E-03
+52.05000E-06,+549.18337890E-03,+506.18718147E-03,+513.91330966E-03,+503.64320584E-03
+52.10000E-06,+569.28388124E-03,+511.21230702E-03,+528.98868640E-03,+498.61808027E-03
+52.15000E-06,+529.08287661E-03,+521.26255818E-03,+518.93843524E-03,+503.64320587E-03
+52.20000E-06,+539.13312779E-03,+521.26255819E-03,+539.03893754E-03,+488.56782914E-03
+52.25000E-06,+508.98237436E-03,+526.28768376E-03,+518.93843524E-03,+493.59295472E-03
+52.30000E-06,+529.08287662E-03,+521.26255818E-03,+518.93843524E-03,+508.66833141E-03
+52.35000E-06,+519.03262548E-03,+526.28768374E-03,+503.86305851E-03,+508.66833143E-03
+52.40000E-06,+539.13312778E-03,+521.26255818E-03,+539.03893753E-03,+508.66833143E-03
+52.45000E-06,+559.23363008E-03,+506.18718147E-03,+503.86305853E-03,+513.69345702E-03
+52.50000E-06,+529.08287664E-03,+531.31280931E-03,+539.03893754E-03,+498.61808027E-03
+52.55000E-06,+554.20850451E-03,+521.26255818E-03,+523.96356080E-03,+508.66833143E-03
+52.60000E-06,+539.13312776E-03,+501.16205589E-03,+539.03893754E-03,+508.66833142E-03
+52.65000E-06,+524.05775107E-03,+531.31280930E-03,+518.93843524E-03,+508.66833143E-03
+52.70000E-06,+529.08287662E-03,+521.26255820E-03,+498.83793294E-03,+508.66833143E-03
+52.75000E-06,+519.03262548E-03,+506.18718144E-03,+518.93843524E-03,+493.59295469E-03
+52.80000E-06,+539.13312778E-03,+541.36306047E-03,+518.93843525E-03,+508.66833142E-03
+52.85000E-06,+539.13312778E-03,+521.26255818E-03,+503.86305853E-03,+503.64320584E-03
+52.90000E-06,+539.13312778E-03,+531.31280934E-03,+518.93843524E-03,+498.61808027E-03
+52.95000E-06,+529.08287661E-03,+541.36306047E-03,+508.88818407E-03,+488.56782913E-03
+53.00000E-06,+539.13312776E-03,+521.26255818E-03,+539.03893753E-03,+508.66833144E-03
+53.05000E-06,+534.10800219E-03,+521.26255818E-03,+534.01381195E-03,+523.74370814E-03
+53.10000E-06,+539.13312778E-03,+521.26255820E-03,+518.93843524E-03,+498.61808027E-03
+53.15000E-06,+534.10800222E-03,+536.33793491E-03,+534.01381198E-03,+503.64320587E-03
+53.20000E-06,+519.03262549E-03,+501.16205589E-03,+518.93843525E-03,+528.76883373E-03
+53.25000E-06,+524.05775107E-03,+531.31280930E-03,+534.01381195E-03,+493.59295472E-03
+53.30000E-06,+539.13312778E-03,+541.36306047E-03,+528.98868640E-03,+488.56782911E-03
+53.35000E-06,+539.13312778E-03,+521.26255818E-03,+518.93843524E-03,+498.61808026E-03
+53.40000E-06,+519.03262549E-03,+521.26255818E-03,+518.93843524E-03,+488.56782914E-03
+53.45000E-06,+534.10800219E-03,+516.23743259E-03,+513.91330966E-03,+493.59295472E-03
+53.50000E-06,+539.13312778E-03,+531.31280931E-03,+508.88818410E-03,+488.56782913E-03
+53.55000E-06,+524.05775104E-03,+526.28768374E-03,+523.96356080E-03,+493.59295469E-03
+53.60000E-06,+539.13312778E-03,+521.26255817E-03,+518.93843524E-03,+508.66833142E-03
+53.65000E-06,+534.10800219E-03,+536.33793489E-03,+539.03893754E-03,+508.66833143E-03
+53.70000E-06,+539.13312778E-03,+531.31280931E-03,+508.88818410E-03,+518.71858257E-03
+53.75000E-06,+554.20850451E-03,+516.23743261E-03,+534.01381198E-03,+493.59295469E-03
+53.80000E-06,+539.13312777E-03,+521.26255819E-03,+518.93843522E-03,+468.46732686E-03
+53.85000E-06,+529.08287665E-03,+516.23743259E-03,+518.93843524E-03,+488.56782913E-03
+53.90000E-06,+539.13312778E-03,+521.26255818E-03,+508.88818411E-03,+488.56782913E-03
+53.95000E-06,+534.10800222E-03,+521.26255818E-03,+503.86305851E-03,+513.69345699E-03
+54.00000E-06,+498.93212321E-03,+521.26255818E-03,+498.83793296E-03,+528.76883371E-03
+54.05000E-06,+519.03262548E-03,+526.28768376E-03,+518.93843524E-03,+508.66833143E-03
+54.10000E-06,+519.03262551E-03,+511.21230702E-03,+518.93843524E-03,+498.61808029E-03
+54.15000E-06,+503.95724875E-03,+516.23743261E-03,+518.93843524E-03,+493.59295469E-03
+54.20000E-06,+519.03262551E-03,+521.26255816E-03,+498.83793294E-03,+508.66833142E-03
+54.25000E-06,+539.13312778E-03,+506.18718147E-03,+513.91330965E-03,+493.59295472E-03
+54.30000E-06,+529.08287662E-03,+521.26255818E-03,+518.93843524E-03,+498.61808029E-03
+54.35000E-06,+549.18337895E-03,+536.33793491E-03,+534.01381198E-03,+478.51757796E-03
+54.40000E-06,+559.23363006E-03,+541.36306047E-03,+518.93843524E-03,+508.66833143E-03
+54.45000E-06,+539.13312778E-03,+516.23743259E-03,+534.01381195E-03,+493.59295472E-03
+54.50000E-06,+549.18337892E-03,+531.31280931E-03,+508.88818411E-03,+488.56782913E-03
+54.55000E-06,+524.05775104E-03,+521.26255818E-03,+544.06406310E-03,+503.64320587E-03
+54.60000E-06,+559.23363005E-03,+541.36306046E-03,+539.03893753E-03,+468.46732687E-03
+54.65000E-06,+539.13312778E-03,+531.31280930E-03,+523.96356083E-03,+508.66833143E-03
+54.70000E-06,+529.08287662E-03,+521.26255818E-03,+528.98868638E-03,+488.56782913E-03
+54.75000E-06,+539.13312778E-03,+521.26255818E-03,+513.91330968E-03,+508.66833143E-03
+54.80000E-06,+519.03262549E-03,+521.26255818E-03,+518.93843524E-03,+468.46732685E-03
+54.85000E-06,+503.95724877E-03,+521.26255818E-03,+518.93843524E-03,+493.59295472E-03
+54.90000E-06,+529.08287664E-03,+531.31280931E-03,+539.03893754E-03,+498.61808027E-03
+54.95000E-06,+524.05775104E-03,+536.33793491E-03,+518.93843524E-03,+498.61808026E-03
+55.00000E-06,+519.03262549E-03,+501.16205589E-03,+498.83793296E-03,+528.76883371E-03
+55.05000E-06,+534.10800219E-03,+501.16205588E-03,+534.01381195E-03,+503.64320584E-03
+55.10000E-06,+539.13312778E-03,+541.36306047E-03,+518.93843524E-03,+498.61808029E-03
+55.15000E-06,+539.13312778E-03,+536.33793491E-03,+508.88818407E-03,+493.59295469E-03
+55.20000E-06,+539.13312778E-03,+501.16205590E-03,+518.93843524E-03,+508.66833143E-03
+55.25000E-06,+519.03262548E-03,+521.26255818E-03,+518.93843524E-03,+503.64320584E-03
+55.30000E-06,+529.08287664E-03,+531.31280934E-03,+518.93843524E-03,+498.61808027E-03
+55.35000E-06,+473.80649527E-03,+521.26255818E-03,+503.86305851E-03,+503.64320587E-03
+55.40000E-06,+539.13312778E-03,+501.16205589E-03,+518.93843524E-03,+488.56782913E-03
+55.45000E-06,+524.05775107E-03,+521.26255818E-03,+523.96356083E-03,+508.66833143E-03
+55.50000E-06,+529.08287662E-03,+521.26255820E-03,+528.98868640E-03,+508.66833143E-03
+55.55000E-06,+534.10800222E-03,+521.26255818E-03,+503.86305851E-03,+508.66833143E-03
+55.60000E-06,+559.23363009E-03,+521.26255818E-03,+539.03893754E-03,+488.56782914E-03
+55.65000E-06,+549.18337890E-03,+526.28768376E-03,+503.86305853E-03,+503.64320584E-03
+55.70000E-06,+529.08287662E-03,+521.26255818E-03,+518.93843524E-03,+528.76883373E-03
+55.75000E-06,+529.08287660E-03,+531.31280935E-03,+518.93843524E-03,+488.56782913E-03
+55.80000E-06,+539.13312777E-03,+521.26255818E-03,+518.93843523E-03,+508.66833142E-03
+55.85000E-06,+503.95724877E-03,+506.18718147E-03,+508.88818412E-03,+508.66833143E-03
+55.90000E-06,+539.13312778E-03,+531.31280931E-03,+528.98868638E-03,+488.56782913E-03
+55.95000E-06,+508.98237431E-03,+521.26255818E-03,+523.96356080E-03,+488.56782913E-03
+56.00000E-06,+519.03262548E-03,+521.26255818E-03,+518.93843523E-03,+508.66833142E-03
+56.05000E-06,+554.20850449E-03,+531.31280935E-03,+503.86305853E-03,+523.74370814E-03
+56.10000E-06,+539.13312778E-03,+531.31280931E-03,+528.98868638E-03,+508.66833143E-03
+56.15000E-06,+534.10800222E-03,+521.26255818E-03,+523.96356080E-03,+503.64320587E-03
+56.20000E-06,+559.23363008E-03,+521.26255816E-03,+498.83793297E-03,+488.56782914E-03
+56.25000E-06,+534.10800219E-03,+541.36306047E-03,+549.08918866E-03,+513.69345702E-03
+56.30000E-06,+529.08287662E-03,+521.26255818E-03,+528.98868640E-03,+518.71858259E-03
+56.35000E-06,+519.03262548E-03,+541.36306047E-03,+508.88818407E-03,+523.74370817E-03
+56.40000E-06,+559.23363005E-03,+521.26255816E-03,+518.93843524E-03,+488.56782916E-03
+56.45000E-06,+534.10800219E-03,+516.23743259E-03,+549.08918866E-03,+478.51757801E-03
+56.50000E-06,+519.03262548E-03,+531.31280934E-03,+539.03893754E-03,+468.46732683E-03
+56.55000E-06,+539.13312778E-03,+516.23743262E-03,+498.83793294E-03,+493.59295469E-03
+56.60000E-06,+539.13312777E-03,+501.16205591E-03,+518.93843524E-03,+508.66833140E-03
+56.65000E-06,+524.05775107E-03,+531.31280930E-03,+498.83793294E-03,+508.66833143E-03
+56.70000E-06,+529.08287664E-03,+531.31280934E-03,+518.93843522E-03,+508.66833143E-03
+56.75000E-06,+534.10800222E-03,+516.23743262E-03,+534.01381198E-03,+498.61808025E-03
+56.80000E-06,+539.13312777E-03,+521.26255818E-03,+518.93843525E-03,+508.66833143E-03
+56.85000E-06,+539.13312778E-03,+521.26255818E-03,+523.96356083E-03,+508.66833143E-03
+56.90000E-06,+529.08287662E-03,+521.26255818E-03,+498.83793294E-03,+508.66833143E-03
+56.95000E-06,+529.08287660E-03,+531.31280935E-03,+488.78768177E-03,+508.66833143E-03
+57.00000E-06,+498.93212320E-03,+521.26255818E-03,+518.93843523E-03,+488.56782915E-03
+57.05000E-06,+554.20850449E-03,+521.26255818E-03,+518.93843524E-03,+503.64320584E-03
+57.10000E-06,+539.13312778E-03,+531.31280934E-03,+528.98868640E-03,+518.71858256E-03
+57.15000E-06,+514.00749992E-03,+486.08667914E-03,+503.86305851E-03,+473.49245240E-03
+57.20000E-06,+519.03262548E-03,+521.26255816E-03,+518.93843524E-03,+508.66833142E-03
+57.25000E-06,+519.03262548E-03,+501.16205588E-03,+539.03893754E-03,+503.64320584E-03
+57.30000E-06,+529.08287662E-03,+511.21230704E-03,+528.98868638E-03,+518.71858259E-03
+57.35000E-06,+524.05775104E-03,+521.26255818E-03,+508.88818407E-03,+493.59295469E-03
+57.40000E-06,+539.13312777E-03,+521.26255818E-03,+518.93843524E-03,+508.66833142E-03
+57.45000E-06,+514.00749989E-03,+526.28768376E-03,+523.96356083E-03,+508.66833143E-03
+57.50000E-06,+539.13312778E-03,+511.21230704E-03,+528.98868640E-03,+508.66833143E-03
+57.55000E-06,+503.95724875E-03,+516.23743262E-03,+518.93843524E-03,+488.56782913E-03
+57.60000E-06,+539.13312778E-03,+541.36306046E-03,+539.03893751E-03,+488.56782916E-03
+57.65000E-06,+519.03262548E-03,+516.23743259E-03,+518.93843524E-03,+498.61808025E-03
+57.70000E-06,+549.18337894E-03,+521.26255815E-03,+518.93843524E-03,+508.66833143E-03
+57.75000E-06,+503.95724875E-03,+516.23743262E-03,+483.76255621E-03,+493.59295469E-03
+57.80000E-06,+519.03262548E-03,+501.16205589E-03,+498.83793296E-03,+468.46732687E-03
+57.85000E-06,+519.03262548E-03,+526.28768376E-03,+528.98868636E-03,+508.66833143E-03
+57.90000E-06,+529.08287662E-03,+531.31280931E-03,+518.93843524E-03,+508.66833143E-03
+57.95000E-06,+519.03262548E-03,+506.18718144E-03,+523.96356080E-03,+513.69345699E-03
+58.00000E-06,+519.03262549E-03,+521.26255818E-03,+539.03893754E-03,+508.66833142E-03
+58.05000E-06,+529.08287660E-03,+506.18718147E-03,+523.96356083E-03,+513.69345702E-03
+58.10000E-06,+519.03262548E-03,+541.36306047E-03,+518.93843524E-03,+508.66833143E-03
+58.15000E-06,+544.15825334E-03,+526.28768374E-03,+503.86305851E-03,+513.69345699E-03
+58.20000E-06,+519.03262548E-03,+521.26255819E-03,+498.83793293E-03,+508.66833143E-03
+58.25000E-06,+524.05775107E-03,+536.33793489E-03,+508.88818412E-03,+508.66833143E-03
+58.30000E-06,+529.08287662E-03,+531.31280931E-03,+508.88818411E-03,+508.66833143E-03
+58.35000E-06,+519.03262548E-03,+536.33793491E-03,+539.03893754E-03,+478.51757796E-03
+58.40000E-06,+519.03262549E-03,+521.26255818E-03,+518.93843524E-03,+488.56782916E-03
+58.45000E-06,+534.10800219E-03,+536.33793489E-03,+518.93843524E-03,+508.66833143E-03
+58.50000E-06,+519.03262548E-03,+511.21230702E-03,+539.03893751E-03,+518.71858259E-03
+58.55000E-06,+539.13312778E-03,+536.33793491E-03,+539.03893754E-03,+513.69345699E-03
+58.60000E-06,+559.23363006E-03,+501.16205589E-03,+498.83793297E-03,+468.46732686E-03
+58.65000E-06,+544.15825337E-03,+531.31280930E-03,+503.86305853E-03,+503.64320584E-03
+58.70000E-06,+539.13312775E-03,+511.21230704E-03,+518.93843524E-03,+498.61808027E-03
+58.75000E-06,+514.00749992E-03,+536.33793491E-03,+483.76255621E-03,+508.66833143E-03
+58.80000E-06,+539.13312777E-03,+521.26255818E-03,+518.93843526E-03,+508.66833143E-03
+58.85000E-06,+514.00749989E-03,+551.41331160E-03,+518.93843524E-03,+508.66833143E-03
+58.90000E-06,+529.08287664E-03,+531.31280931E-03,+518.93843524E-03,+508.66833140E-03
+58.95000E-06,+539.13312778E-03,+521.26255818E-03,+513.91330968E-03,+493.59295469E-03
+59.00000E-06,+539.13312778E-03,+521.26255818E-03,+518.93843524E-03,+508.66833142E-03
+59.05000E-06,+524.05775107E-03,+521.26255818E-03,+513.91330965E-03,+508.66833143E-03
+59.10000E-06,+529.08287662E-03,+521.26255820E-03,+518.93843524E-03,+518.71858256E-03
+59.15000E-06,+539.13312778E-03,+526.28768374E-03,+518.93843524E-03,+513.69345699E-03
+59.20000E-06,+519.03262550E-03,+541.36306046E-03,+518.93843524E-03,+528.76883373E-03
+59.25000E-06,+524.05775107E-03,+541.36306047E-03,+523.96356083E-03,+508.66833143E-03
+59.30000E-06,+529.08287664E-03,+501.16205588E-03,+518.93843524E-03,+498.61808027E-03
+59.35000E-06,+554.20850452E-03,+521.26255818E-03,+539.03893754E-03,+513.69345699E-03
+59.40000E-06,+539.13312777E-03,+521.26255818E-03,+518.93843523E-03,+508.66833142E-03
+59.45000E-06,+529.08287666E-03,+521.26255818E-03,+518.93843524E-03,+493.59295472E-03
+59.50000E-06,+539.13312778E-03,+511.21230704E-03,+528.98868638E-03,+518.71858259E-03
+59.55000E-06,+539.13312778E-03,+486.08667914E-03,+513.91330968E-03,+523.74370817E-03
+59.60000E-06,+539.13312779E-03,+521.26255816E-03,+518.93843526E-03,+508.66833143E-03
+59.65000E-06,+529.08287660E-03,+521.26255818E-03,+534.01381195E-03,+508.66833143E-03
+59.70000E-06,+539.13312778E-03,+531.31280931E-03,+508.88818411E-03,+488.56782910E-03
+59.75000E-06,+539.13312778E-03,+526.28768374E-03,+523.96356080E-03,+508.66833143E-03
+59.80000E-06,+539.13312778E-03,+501.16205589E-03,+518.93843526E-03,+508.66833143E-03
+59.85000E-06,+529.08287666E-03,+531.31280930E-03,+498.83793294E-03,+508.66833143E-03
+59.90000E-06,+539.13312781E-03,+531.31280934E-03,+488.78768178E-03,+478.51757800E-03
+59.95000E-06,+534.10800222E-03,+521.26255818E-03,+518.93843524E-03,+503.64320587E-03
+60.00000E-06,+519.03262548E-03,+521.26255818E-03,+518.93843524E-03,+488.56782913E-03
+60.05000E-06,+519.03262548E-03,+526.28768377E-03,+523.96356083E-03,+493.59295472E-03
+60.10000E-06,+549.18337894E-03,+531.31280931E-03,+498.83793297E-03,+498.61808027E-03
+60.15000E-06,+539.13312778E-03,+526.28768374E-03,+523.96356080E-03,+468.46732683E-03
+60.20000E-06,+539.13312778E-03,+501.16205589E-03,+518.93843526E-03,+508.66833143E-03
+60.25000E-06,+534.10800219E-03,+521.26255818E-03,+523.96356083E-03,+508.66833143E-03
+60.30000E-06,+529.08287664E-03,+531.31280934E-03,+528.98868640E-03,+518.71858259E-03
+60.35000E-06,+544.15825334E-03,+506.18718144E-03,+518.93843524E-03,+523.74370817E-03
+60.40000E-06,+519.03262550E-03,+521.26255816E-03,+539.03893752E-03,+488.56782916E-03
+60.45000E-06,+534.10800219E-03,+516.23743259E-03,+528.98868636E-03,+503.64320584E-03
+60.50000E-06,+539.13312778E-03,+531.31280934E-03,+539.03893754E-03,+488.56782913E-03
+60.55000E-06,+539.13312778E-03,+516.23743262E-03,+518.93843524E-03,+528.76883373E-03
+60.60000E-06,+559.23363006E-03,+521.26255818E-03,+539.03893752E-03,+488.56782913E-03
+60.65000E-06,+519.03262548E-03,+531.31280930E-03,+518.93843524E-03,+508.66833143E-03
+60.70000E-06,+519.03262548E-03,+521.26255818E-03,+518.93843524E-03,+488.56782913E-03
+60.75000E-06,+524.05775104E-03,+516.23743262E-03,+508.88818406E-03,+518.71858261E-03
+60.80000E-06,+539.13312778E-03,+501.16205588E-03,+539.03893752E-03,+508.66833143E-03
+60.85000E-06,+519.03262548E-03,+521.26255818E-03,+518.93843524E-03,+508.66833143E-03
+60.90000E-06,+549.18337891E-03,+531.31280931E-03,+528.98868640E-03,+508.66833143E-03
+60.95000E-06,+524.05775104E-03,+546.38818603E-03,+518.93843524E-03,+498.61808025E-03
+61.00000E-06,+539.13312776E-03,+541.36306046E-03,+539.03893754E-03,+508.66833143E-03
+61.05000E-06,+519.03262548E-03,+536.33793489E-03,+518.93843524E-03,+493.59295472E-03
+61.10000E-06,+539.13312778E-03,+541.36306047E-03,+528.98868638E-03,+498.61808030E-03
+61.15000E-06,+524.05775104E-03,+536.33793491E-03,+498.83793294E-03,+493.59295469E-03
+61.20000E-06,+519.03262551E-03,+521.26255819E-03,+518.93843524E-03,+528.76883374E-03
+61.25000E-06,+539.13312778E-03,+521.26255818E-03,+513.91330965E-03,+523.74370814E-03
+61.30000E-06,+529.08287664E-03,+531.31280934E-03,+518.93843524E-03,+508.66833140E-03
+61.35000E-06,+539.13312778E-03,+526.28768374E-03,+518.93843524E-03,+493.59295469E-03
+61.40000E-06,+539.13312775E-03,+501.16205591E-03,+518.93843524E-03,+508.66833142E-03
+61.45000E-06,+539.13312778E-03,+521.26255818E-03,+498.83793294E-03,+508.66833143E-03
+61.50000E-06,+519.03262548E-03,+531.31280934E-03,+518.93843521E-03,+508.66833146E-03
+61.55000E-06,+524.05775104E-03,+536.33793491E-03,+534.01381198E-03,+513.69345699E-03
+61.60000E-06,+539.13312776E-03,+541.36306047E-03,+518.93843526E-03,+468.46732686E-03
+61.65000E-06,+559.23363008E-03,+506.18718147E-03,+518.93843524E-03,+508.66833143E-03
+61.70000E-06,+508.98237435E-03,+511.21230701E-03,+528.98868638E-03,+508.66833146E-03
+61.75000E-06,+524.05775104E-03,+536.33793491E-03,+518.93843524E-03,+493.59295469E-03
+61.80000E-06,+539.13312776E-03,+541.36306046E-03,+518.93843523E-03,+488.56782915E-03
+61.85000E-06,+524.05775107E-03,+506.18718147E-03,+523.96356083E-03,+508.66833143E-03
+61.90000E-06,+519.03262545E-03,+541.36306047E-03,+518.93843524E-03,+498.61808027E-03
+61.95000E-06,+519.03262548E-03,+516.23743262E-03,+498.83793294E-03,+523.74370817E-03
+62.00000E-06,+519.03262550E-03,+541.36306046E-03,+498.83793297E-03,+508.66833143E-03
+62.05000E-06,+534.10800219E-03,+516.23743259E-03,+498.83793294E-03,+508.66833143E-03
+62.10000E-06,+539.13312778E-03,+521.26255818E-03,+528.98868638E-03,+488.56782913E-03
+62.15000E-06,+539.13312778E-03,+506.18718144E-03,+528.98868642E-03,+488.56782913E-03
+62.20000E-06,+539.13312779E-03,+501.16205589E-03,+518.93843526E-03,+508.66833143E-03
+62.25000E-06,+524.05775107E-03,+536.33793489E-03,+503.86305853E-03,+508.66833143E-03
+62.30000E-06,+529.08287662E-03,+521.26255818E-03,+518.93843521E-03,+498.61808030E-03
+62.35000E-06,+539.13312778E-03,+506.18718144E-03,+503.86305850E-03,+508.66833143E-03
+62.40000E-06,+539.13312778E-03,+561.46356276E-03,+518.93843526E-03,+508.66833143E-03
+62.45000E-06,+534.10800219E-03,+521.26255818E-03,+518.93843524E-03,+503.64320584E-03
+62.50000E-06,+539.13312781E-03,+511.21230704E-03,+518.93843524E-03,+518.71858256E-03
+62.55000E-06,+524.05775104E-03,+521.26255818E-03,+518.93843524E-03,+503.64320587E-03
+62.60000E-06,+539.13312778E-03,+501.16205591E-03,+518.93843524E-03,+468.46732685E-03
+62.65000E-06,+539.13312778E-03,+531.31280930E-03,+534.01381195E-03,+493.59295472E-03
+62.70000E-06,+549.18337891E-03,+541.36306047E-03,+508.88818408E-03,+508.66833143E-03
+62.75000E-06,+529.08287666E-03,+511.21230700E-03,+534.01381198E-03,+508.66833143E-03
+62.80000E-06,+559.23363006E-03,+521.26255819E-03,+539.03893752E-03,+508.66833143E-03
+62.85000E-06,+539.13312778E-03,+506.18718147E-03,+503.86305853E-03,+493.59295472E-03
+62.90000E-06,+539.13312781E-03,+511.21230704E-03,+508.88818408E-03,+488.56782913E-03
+62.95000E-06,+534.10800222E-03,+521.26255818E-03,+528.98868642E-03,+498.61808025E-03
+63.00000E-06,+519.03262548E-03,+521.26255818E-03,+498.83793296E-03,+528.76883371E-03
+63.05000E-06,+519.03262548E-03,+506.18718147E-03,+513.91330965E-03,+508.66833143E-03
+63.10000E-06,+539.13312778E-03,+541.36306044E-03,+528.98868638E-03,+478.51757800E-03
+63.15000E-06,+524.05775104E-03,+521.26255818E-03,+518.93843524E-03,+488.56782913E-03
+63.20000E-06,+539.13312776E-03,+521.26255819E-03,+518.93843524E-03,+508.66833141E-03
+63.25000E-06,+539.13312778E-03,+506.18718147E-03,+523.96356083E-03,+503.64320584E-03
+63.30000E-06,+529.08287665E-03,+531.31280931E-03,+528.98868641E-03,+498.61808027E-03
+63.35000E-06,+508.98237430E-03,+506.18718144E-03,+523.96356080E-03,+503.64320587E-03
+63.40000E-06,+539.13312776E-03,+501.16205591E-03,+518.93843523E-03,+528.76883371E-03
+63.45000E-06,+503.95724877E-03,+541.36306047E-03,+513.91330965E-03,+523.74370814E-03
+63.50000E-06,+508.98237432E-03,+521.26255818E-03,+528.98868641E-03,+498.61808027E-03
+63.55000E-06,+539.13312778E-03,+521.26255818E-03,+513.91330968E-03,+493.59295469E-03
+63.60000E-06,+519.03262551E-03,+541.36306046E-03,+539.03893752E-03,+508.66833141E-03
+63.65000E-06,+539.13312778E-03,+506.18718147E-03,+523.96356083E-03,+508.66833143E-03
+63.70000E-06,+539.13312778E-03,+511.21230704E-03,+528.98868638E-03,+498.61808030E-03
+63.75000E-06,+519.03262548E-03,+536.33793492E-03,+518.93843524E-03,+508.66833143E-03
+63.80000E-06,+539.13312778E-03,+501.16205586E-03,+539.03893754E-03,+508.66833143E-03
+63.85000E-06,+534.10800219E-03,+501.16205588E-03,+518.93843524E-03,+498.61808031E-03
+63.90000E-06,+508.98237432E-03,+511.21230704E-03,+518.93843524E-03,+498.61808030E-03
+63.95000E-06,+524.05775104E-03,+526.28768374E-03,+523.96356080E-03,+498.61808031E-03
+64.00000E-06,+539.13312778E-03,+521.26255816E-03,+539.03893752E-03,+488.56782913E-03
+64.05000E-06,+529.08287660E-03,+511.21230706E-03,+539.03893754E-03,+488.56782913E-03
+64.10000E-06,+539.13312778E-03,+531.31280931E-03,+518.93843524E-03,+508.66833143E-03
+64.15000E-06,+539.13312778E-03,+526.28768374E-03,+534.01381198E-03,+518.71858261E-03
+64.20000E-06,+519.03262550E-03,+521.26255816E-03,+518.93843524E-03,+508.66833143E-03
+64.25000E-06,+524.05775107E-03,+521.26255818E-03,+539.03893754E-03,+493.59295472E-03
+64.30000E-06,+549.18337894E-03,+521.26255815E-03,+518.93843527E-03,+508.66833143E-03
+64.35000E-06,+519.03262548E-03,+536.33793492E-03,+534.01381198E-03,+513.69345699E-03
+64.40000E-06,+559.23363006E-03,+541.36306044E-03,+539.03893754E-03,+508.66833141E-03
+64.45000E-06,+549.18337890E-03,+526.28768377E-03,+518.93843524E-03,+493.59295472E-03
+64.50000E-06,+539.13312778E-03,+531.31280931E-03,+539.03893754E-03,+508.66833143E-03
+64.55000E-06,+519.03262548E-03,+521.26255818E-03,+534.01381198E-03,+508.66833143E-03
+64.60000E-06,+539.13312779E-03,+521.26255819E-03,+498.83793296E-03,+508.66833143E-03
+64.65000E-06,+534.10800219E-03,+521.26255818E-03,+518.93843524E-03,+508.66833143E-03
+64.70000E-06,+529.08287661E-03,+531.31280931E-03,+518.93843524E-03,+488.56782913E-03
+64.75000E-06,+539.13312778E-03,+526.28768374E-03,+518.93843524E-03,+488.56782913E-03
+64.80000E-06,+559.23363005E-03,+541.36306046E-03,+518.93843523E-03,+528.76883370E-03
+64.85000E-06,+524.05775107E-03,+506.18718147E-03,+518.93843524E-03,+523.74370814E-03
+64.90000E-06,+539.13312781E-03,+521.26255818E-03,+528.98868641E-03,+518.71858259E-03
+64.95000E-06,+524.05775104E-03,+496.13693032E-03,+518.93843524E-03,+508.66833143E-03
+65.00000E-06,+559.23363006E-03,+541.36306047E-03,+518.93843524E-03,+508.66833143E-03
+65.05000E-06,+524.05775107E-03,+541.36306047E-03,+523.96356083E-03,+508.66833143E-03
+65.10000E-06,+539.13312778E-03,+521.26255818E-03,+518.93843524E-03,+518.71858259E-03
+65.15000E-06,+554.20850452E-03,+521.26255818E-03,+513.91330968E-03,+513.69345699E-03
+65.20000E-06,+539.13312778E-03,+521.26255818E-03,+518.93843524E-03,+528.76883373E-03
+65.25000E-06,+524.05775107E-03,+536.33793488E-03,+534.01381195E-03,+478.51757801E-03
+65.30000E-06,+529.08287661E-03,+521.26255818E-03,+528.98868637E-03,+518.71858259E-03
+65.35000E-06,+529.08287666E-03,+541.36306047E-03,+534.01381198E-03,+503.64320587E-03
+65.40000E-06,+539.13312776E-03,+501.16205591E-03,+539.03893754E-03,+488.56782913E-03
+65.45000E-06,+519.03262548E-03,+541.36306047E-03,+508.88818412E-03,+523.74370814E-03
+65.50000E-06,+519.03262545E-03,+521.26255818E-03,+498.83793291E-03,+498.61808030E-03
+65.55000E-06,+529.08287666E-03,+536.33793492E-03,+539.03893754E-03,+493.59295469E-03
+65.60000E-06,+519.03262548E-03,+541.36306046E-03,+518.93843524E-03,+488.56782913E-03
+65.65000E-06,+524.05775107E-03,+521.26255818E-03,+534.01381195E-03,+488.56782913E-03
+65.70000E-06,+539.13312778E-03,+531.31280934E-03,+498.83793294E-03,+508.66833143E-03
+65.75000E-06,+529.08287660E-03,+521.26255818E-03,+534.01381198E-03,+513.69345705E-03
+65.80000E-06,+539.13312781E-03,+521.26255818E-03,+539.03893752E-03,+488.56782915E-03
+65.85000E-06,+524.05775107E-03,+526.28768377E-03,+518.93843524E-03,+508.66833143E-03
+65.90000E-06,+539.13312778E-03,+531.31280934E-03,+508.88818411E-03,+508.66833143E-03
+65.95000E-06,+524.05775104E-03,+521.26255818E-03,+539.03893754E-03,+523.74370817E-03
+66.00000E-06,+539.13312778E-03,+501.16205590E-03,+518.93843523E-03,+508.66833143E-03
+66.05000E-06,+534.10800219E-03,+526.28768377E-03,+513.91330965E-03,+508.66833143E-03
+66.10000E-06,+529.08287668E-03,+521.26255818E-03,+539.03893757E-03,+498.61808030E-03
+66.15000E-06,+539.13312778E-03,+531.31280936E-03,+518.93843524E-03,+508.66833143E-03
+66.20000E-06,+519.03262550E-03,+521.26255819E-03,+518.93843524E-03,+488.56782913E-03
+66.25000E-06,+539.13312778E-03,+531.31280929E-03,+498.83793294E-03,+508.66833143E-03
+66.30000E-06,+519.03262545E-03,+521.26255815E-03,+528.98868637E-03,+508.66833143E-03
+66.35000E-06,+539.13312778E-03,+521.26255818E-03,+518.93843524E-03,+503.64320587E-03
+66.40000E-06,+539.13312778E-03,+501.16205588E-03,+518.93843524E-03,+528.76883369E-03
+66.45000E-06,+539.13312778E-03,+521.26255818E-03,+518.93843524E-03,+508.66833143E-03
+66.50000E-06,+539.13312778E-03,+521.26255815E-03,+528.98868641E-03,+498.61808026E-03
+66.55000E-06,+534.10800222E-03,+521.26255818E-03,+508.88818406E-03,+503.64320587E-03
+66.60000E-06,+519.03262548E-03,+501.16205591E-03,+518.93843524E-03,+488.56782915E-03
+66.65000E-06,+539.13312778E-03,+516.23743259E-03,+503.86305853E-03,+508.66833143E-03
+66.70000E-06,+539.13312778E-03,+521.26255818E-03,+528.98868637E-03,+508.66833143E-03
+66.75000E-06,+539.13312778E-03,+506.18718144E-03,+503.86305850E-03,+518.71858261E-03
+66.80000E-06,+539.13312778E-03,+541.36306046E-03,+518.93843524E-03,+508.66833143E-03
+66.85000E-06,+529.08287660E-03,+531.31280929E-03,+534.01381195E-03,+488.56782913E-03
+66.90000E-06,+539.13312778E-03,+531.31280931E-03,+508.88818408E-03,+498.61808026E-03
+66.95000E-06,+493.90699756E-03,+536.33793492E-03,+503.86305850E-03,+493.59295469E-03
+67.00000E-06,+539.13312776E-03,+521.26255819E-03,+518.93843524E-03,+488.56782913E-03
+67.05000E-06,+539.13312778E-03,+521.26255818E-03,+518.93843524E-03,+503.64320584E-03
+67.10000E-06,+539.13312778E-03,+511.21230704E-03,+528.98868637E-03,+488.56782913E-03
+67.15000E-06,+524.05775104E-03,+521.26255818E-03,+539.03893754E-03,+503.64320587E-03
+67.20000E-06,+519.03262550E-03,+521.26255818E-03,+518.93843523E-03,+488.56782915E-03
+67.25000E-06,+539.13312778E-03,+511.21230706E-03,+539.03893754E-03,+513.69345702E-03
+67.30000E-06,+529.08287661E-03,+521.26255818E-03,+508.88818408E-03,+508.66833146E-03
+67.35000E-06,+514.00749986E-03,+521.26255818E-03,+498.83793294E-03,+488.56782913E-03
+67.40000E-06,+539.13312776E-03,+521.26255819E-03,+539.03893752E-03,+468.46732687E-03
+67.45000E-06,+544.15825337E-03,+521.26255818E-03,+523.96356083E-03,+503.64320584E-03
+67.50000E-06,+539.13312778E-03,+511.21230704E-03,+518.93843524E-03,+498.61808026E-03
+67.55000E-06,+534.10800222E-03,+536.33793492E-03,+523.96356080E-03,+523.74370817E-03
+67.60000E-06,+539.13312778E-03,+521.26255818E-03,+518.93843524E-03,+508.66833143E-03
+67.65000E-06,+534.10800219E-03,+521.26255818E-03,+508.88818406E-03,+508.66833143E-03
+67.70000E-06,+529.08287665E-03,+511.21230701E-03,+528.98868641E-03,+498.61808026E-03
+67.75000E-06,+524.05775104E-03,+536.33793492E-03,+539.03893754E-03,+488.56782913E-03
+67.80000E-06,+519.03262550E-03,+521.26255818E-03,+518.93843524E-03,+508.66833145E-03
+67.85000E-06,+524.05775107E-03,+526.28768377E-03,+539.03893754E-03,+503.64320584E-03
+67.90000E-06,+529.08287661E-03,+521.26255821E-03,+528.98868641E-03,+498.61808030E-03
+67.95000E-06,+524.05775104E-03,+526.28768374E-03,+539.03893754E-03,+508.66833143E-03
+68.00000E-06,+519.03262548E-03,+521.26255819E-03,+518.93843524E-03,+528.76883369E-03
+68.05000E-06,+539.13312778E-03,+511.21230706E-03,+508.88818413E-03,+508.66833143E-03
+68.10000E-06,+519.03262548E-03,+521.26255821E-03,+528.98868637E-03,+518.71858259E-03
+68.15000E-06,+514.00749986E-03,+536.33793492E-03,+508.88818406E-03,+493.59295469E-03
+68.20000E-06,+539.13312778E-03,+521.26255818E-03,+498.83793294E-03,+508.66833141E-03
+68.25000E-06,+508.98237437E-03,+516.23743259E-03,+518.93843524E-03,+503.64320584E-03
+68.30000E-06,+539.13312778E-03,+531.31280931E-03,+518.93843524E-03,+508.66833143E-03
+68.35000E-06,+514.00749992E-03,+521.26255818E-03,+488.78768176E-03,+513.69345705E-03
+68.40000E-06,+539.13312778E-03,+521.26255816E-03,+518.93843526E-03,+488.56782917E-03
+68.45000E-06,+539.13312778E-03,+536.33793488E-03,+518.93843524E-03,+493.59295472E-03
+68.50000E-06,+529.08287665E-03,+541.36306047E-03,+528.98868637E-03,+508.66833143E-03
+68.55000E-06,+534.10800222E-03,+541.36306047E-03,+534.01381198E-03,+493.59295469E-03
+68.60000E-06,+539.13312778E-03,+521.26255819E-03,+498.83793298E-03,+508.66833141E-03
+68.65000E-06,+534.10800219E-03,+516.23743259E-03,+508.88818406E-03,+518.71858254E-03
+68.70000E-06,+519.03262548E-03,+531.31280934E-03,+488.78768178E-03,+498.61808030E-03
+68.75000E-06,+514.00749992E-03,+541.36306047E-03,+518.93843524E-03,+513.69345699E-03
+68.80000E-06,+559.23363006E-03,+501.16205590E-03,+518.93843524E-03,+528.76883371E-03
+68.85000E-06,+539.13312778E-03,+506.18718147E-03,+508.88818413E-03,+503.64320591E-03
+68.90000E-06,+549.18337894E-03,+501.16205588E-03,+518.93843524E-03,+508.66833143E-03
+68.95000E-06,+534.10800222E-03,+501.16205588E-03,+503.86305850E-03,+503.64320587E-03
+69.00000E-06,+519.03262548E-03,+521.26255818E-03,+518.93843521E-03,+508.66833143E-03
+69.05000E-06,+503.95724878E-03,+526.28768377E-03,+503.86305854E-03,+493.59295472E-03
+69.10000E-06,+539.13312775E-03,+531.31280934E-03,+528.98868637E-03,+508.66833143E-03
+69.15000E-06,+529.08287666E-03,+526.28768373E-03,+503.86305850E-03,+508.66833143E-03
+69.20000E-06,+519.03262548E-03,+521.26255818E-03,+539.03893752E-03,+508.66833143E-03
+69.25000E-06,+539.13312778E-03,+526.28768377E-03,+534.01381195E-03,+493.59295472E-03
+69.30000E-06,+519.03262548E-03,+531.31280931E-03,+518.93843524E-03,+498.61808030E-03
+69.35000E-06,+539.13312778E-03,+521.26255818E-03,+534.01381198E-03,+523.74370817E-03
+69.40000E-06,+539.13312776E-03,+521.26255818E-03,+498.83793294E-03,+528.76883369E-03
+69.45000E-06,+539.13312778E-03,+521.26255818E-03,+534.01381195E-03,+518.71858254E-03
+69.50000E-06,+529.08287665E-03,+521.26255821E-03,+508.88818408E-03,+508.66833143E-03
+69.55000E-06,+524.05775104E-03,+511.21230699E-03,+503.86305850E-03,+503.64320587E-03
+69.60000E-06,+539.13312776E-03,+541.36306047E-03,+518.93843526E-03,+528.76883369E-03
+69.65000E-06,+524.05775107E-03,+506.18718147E-03,+528.98868642E-03,+503.64320584E-03
+69.70000E-06,+519.03262548E-03,+511.21230705E-03,+518.93843524E-03,+518.71858256E-03
+69.75000E-06,+519.03262548E-03,+531.31280936E-03,+534.01381198E-03,+508.66833143E-03
+69.80000E-06,+539.13312776E-03,+521.26255818E-03,+518.93843524E-03,+508.66833143E-03
+69.85000E-06,+534.10800219E-03,+521.26255818E-03,+518.93843524E-03,+488.56782913E-03
+69.90000E-06,+539.13312778E-03,+531.31280934E-03,+528.98868637E-03,+498.61808026E-03
+69.95000E-06,+539.13312778E-03,+506.18718144E-03,+518.93843524E-03,+508.66833143E-03
+70.00000E-06,+539.13312778E-03,+541.36306046E-03,+498.83793296E-03,+508.66833145E-03
+70.05000E-06,+539.13312778E-03,+526.28768377E-03,+498.83793294E-03,+493.59295472E-03
+70.10000E-06,+539.13312778E-03,+531.31280931E-03,+518.93843521E-03,+488.56782913E-03
+70.15000E-06,+524.05775104E-03,+521.26255818E-03,+539.03893754E-03,+513.69345699E-03
+70.20000E-06,+539.13312778E-03,+521.26255818E-03,+518.93843524E-03,+488.56782915E-03
+70.25000E-06,+539.13312778E-03,+541.36306047E-03,+503.86305854E-03,+513.69345702E-03
+70.30000E-06,+519.03262548E-03,+531.31280934E-03,+528.98868637E-03,+498.61808030E-03
+70.35000E-06,+534.10800222E-03,+526.28768373E-03,+539.03893754E-03,+488.56782913E-03
+70.40000E-06,+539.13312778E-03,+521.26255818E-03,+539.03893754E-03,+508.66833143E-03
+70.45000E-06,+539.13312778E-03,+526.28768377E-03,+518.93843524E-03,+493.59295472E-03
+70.50000E-06,+508.98237435E-03,+521.26255818E-03,+518.93843524E-03,+498.61808030E-03
+70.55000E-06,+503.95724874E-03,+521.26255818E-03,+503.86305850E-03,+493.59295469E-03
+70.60000E-06,+539.13312776E-03,+521.26255816E-03,+518.93843524E-03,+508.66833143E-03
+70.65000E-06,+539.13312778E-03,+541.36306047E-03,+503.86305854E-03,+508.66833143E-03
+70.70000E-06,+539.13312778E-03,+531.31280934E-03,+528.98868641E-03,+508.66833143E-03
+70.75000E-06,+524.05775104E-03,+521.26255818E-03,+513.91330968E-03,+508.66833143E-03
+70.80000E-06,+498.93212320E-03,+541.36306046E-03,+518.93843526E-03,+508.66833143E-03
+70.85000E-06,+534.10800219E-03,+506.18718147E-03,+518.93843524E-03,+503.64320584E-03
+70.90000E-06,+549.18337891E-03,+541.36306047E-03,+518.93843524E-03,+518.71858260E-03
+70.95000E-06,+534.10800222E-03,+541.36306047E-03,+518.93843524E-03,+503.64320587E-03
+71.00000E-06,+498.93212322E-03,+541.36306047E-03,+518.93843524E-03,+488.56782913E-03
+71.05000E-06,+503.95724878E-03,+516.23743259E-03,+523.96356083E-03,+493.59295472E-03
+71.10000E-06,+549.18337894E-03,+521.26255821E-03,+518.93843524E-03,+498.61808030E-03
+71.15000E-06,+539.13312778E-03,+526.28768373E-03,+518.93843524E-03,+508.66833143E-03
+71.20000E-06,+539.13312776E-03,+521.26255819E-03,+518.93843524E-03,+508.66833141E-03
+71.25000E-06,+549.18337889E-03,+541.36306047E-03,+518.93843524E-03,+503.64320584E-03
+71.30000E-06,+519.03262548E-03,+531.31280931E-03,+508.88818411E-03,+498.61808026E-03
+71.35000E-06,+514.00749992E-03,+501.16205588E-03,+518.93843524E-03,+493.59295469E-03
+71.40000E-06,+519.03262548E-03,+501.16205590E-03,+518.93843524E-03,+508.66833143E-03
+71.45000E-06,+534.10800219E-03,+491.11180477E-03,+513.91330965E-03,+503.64320584E-03
+71.50000E-06,+529.08287661E-03,+531.31280931E-03,+528.98868637E-03,+508.66833143E-03
+71.55000E-06,+529.08287667E-03,+541.36306047E-03,+523.96356087E-03,+523.74370817E-03
+71.60000E-06,+519.03262548E-03,+501.16205591E-03,+518.93843526E-03,+508.66833143E-03
+71.65000E-06,+529.08287660E-03,+521.26255818E-03,+518.93843524E-03,+488.56782913E-03
+71.70000E-06,+539.13312778E-03,+491.11180471E-03,+518.93843524E-03,+508.66833143E-03
+71.75000E-06,+544.15825334E-03,+511.21230699E-03,+518.93843524E-03,+493.59295469E-03
+71.80000E-06,+539.13312778E-03,+521.26255819E-03,+498.83793296E-03,+508.66833143E-03
+71.85000E-06,+539.13312778E-03,+526.28768377E-03,+523.96356083E-03,+508.66833143E-03
+71.90000E-06,+539.13312778E-03,+531.31280931E-03,+508.88818408E-03,+498.61808030E-03
+71.95000E-06,+514.00749992E-03,+511.21230699E-03,+549.08918865E-03,+508.66833143E-03
+72.00000E-06,+539.13312778E-03,+541.36306046E-03,+498.83793296E-03,+508.66833141E-03
+72.05000E-06,+519.03262548E-03,+521.26255818E-03,+513.91330965E-03,+503.64320584E-03
+72.10000E-06,+529.08287665E-03,+531.31280934E-03,+508.88818408E-03,+528.76883373E-03
+72.15000E-06,+519.03262548E-03,+521.26255818E-03,+518.93843524E-03,+513.69345699E-03
+72.20000E-06,+519.03262548E-03,+521.26255819E-03,+498.83793294E-03,+508.66833143E-03
+72.25000E-06,+539.13312778E-03,+521.26255818E-03,+518.93843524E-03,+488.56782913E-03
+72.30000E-06,+519.03262545E-03,+521.26255821E-03,+518.93843524E-03,+508.66833143E-03
+72.35000E-06,+549.18337896E-03,+521.26255818E-03,+539.03893754E-03,+503.64320587E-03
+72.40000E-06,+498.93212320E-03,+521.26255816E-03,+518.93843524E-03,+508.66833141E-03
+72.45000E-06,+534.10800226E-03,+506.18718147E-03,+508.88818413E-03,+493.59295472E-03
+72.50000E-06,+529.08287665E-03,+521.26255818E-03,+518.93843521E-03,+498.61808026E-03
+72.55000E-06,+539.13312778E-03,+536.33793492E-03,+549.08918872E-03,+493.59295469E-03
+72.60000E-06,+539.13312774E-03,+521.26255818E-03,+539.03893752E-03,+508.66833141E-03
+72.65000E-06,+539.13312778E-03,+531.31280929E-03,+518.93843524E-03,+483.54270354E-03
+72.70000E-06,+529.08287661E-03,+521.26255818E-03,+528.98868641E-03,+498.61808030E-03
+72.75000E-06,+519.03262548E-03,+506.18718144E-03,+508.88818406E-03,+493.59295469E-03
+72.80000E-06,+519.03262548E-03,+541.36306046E-03,+518.93843526E-03,+488.56782915E-03
+72.85000E-06,+539.13312778E-03,+511.21230706E-03,+523.96356083E-03,+503.64320584E-03
+72.90000E-06,+539.13312778E-03,+531.31280931E-03,+508.88818415E-03,+518.71858256E-03
+72.95000E-06,+539.13312778E-03,+521.26255818E-03,+534.01381198E-03,+508.66833143E-03
+73.00000E-06,+539.13312780E-03,+541.36306044E-03,+539.03893752E-03,+468.46732687E-03
+73.05000E-06,+544.15825337E-03,+516.23743258E-03,+518.93843524E-03,+508.66833143E-03
+73.10000E-06,+539.13312774E-03,+511.21230701E-03,+518.93843524E-03,+498.61808026E-03
+73.15000E-06,+554.20850452E-03,+511.21230699E-03,+523.96356080E-03,+493.59295469E-03
+73.20000E-06,+498.93212322E-03,+541.36306046E-03,+518.93843524E-03,+508.66833145E-03
+73.25000E-06,+534.10800219E-03,+521.26255818E-03,+518.93843524E-03,+498.61808032E-03
+73.30000E-06,+559.23363008E-03,+531.31280931E-03,+518.93843524E-03,+498.61808026E-03
+73.35000E-06,+539.13312778E-03,+536.33793492E-03,+518.93843524E-03,+523.74370817E-03
+73.40000E-06,+559.23363006E-03,+521.26255816E-03,+498.83793293E-03,+508.66833143E-03
+73.45000E-06,+519.03262548E-03,+521.26255818E-03,+523.96356083E-03,+508.66833143E-03
+73.50000E-06,+519.03262548E-03,+541.36306047E-03,+508.88818404E-03,+498.61808030E-03
+73.55000E-06,+554.20850452E-03,+526.28768373E-03,+518.93843524E-03,+493.59295469E-03
+73.60000E-06,+519.03262546E-03,+521.26255816E-03,+539.03893752E-03,+468.46732687E-03
+73.65000E-06,+524.05775107E-03,+506.18718147E-03,+539.03893754E-03,+518.71858254E-03
+73.70000E-06,+539.13312774E-03,+511.21230701E-03,+528.98868637E-03,+508.66833143E-03
+73.75000E-06,+519.03262548E-03,+526.28768373E-03,+534.01381198E-03,+503.64320580E-03
+73.80000E-06,+539.13312778E-03,+501.16205590E-03,+498.83793296E-03,+528.76883371E-03
+73.85000E-06,+534.10800219E-03,+516.23743258E-03,+518.93843524E-03,+508.66833143E-03
+73.90000E-06,+559.23363008E-03,+531.31280934E-03,+528.98868637E-03,+508.66833143E-03
+73.95000E-06,+534.10800222E-03,+521.26255818E-03,+498.83793294E-03,+508.66833143E-03
+74.00000E-06,+478.83162094E-03,+521.26255818E-03,+498.83793298E-03,+488.56782915E-03
+74.05000E-06,+534.10800219E-03,+541.36306047E-03,+528.98868635E-03,+503.64320584E-03
+74.10000E-06,+549.18337891E-03,+511.21230705E-03,+518.93843524E-03,+498.61808026E-03
+74.15000E-06,+544.15825333E-03,+506.18718144E-03,+513.91330969E-03,+508.66833143E-03
+74.20000E-06,+539.13312776E-03,+521.26255818E-03,+518.93843526E-03,+488.56782917E-03
+74.25000E-06,+539.13312778E-03,+536.33793488E-03,+523.96356083E-03,+498.61808024E-03
+74.30000E-06,+519.03262552E-03,+531.31280931E-03,+528.98868641E-03,+488.56782917E-03
+74.35000E-06,+549.18337896E-03,+506.18718144E-03,+513.91330969E-03,+488.56782913E-03
+74.40000E-06,+519.03262548E-03,+521.26255816E-03,+518.93843524E-03,+508.66833143E-03
+74.45000E-06,+549.18337889E-03,+526.28768377E-03,+518.93843524E-03,+513.69345702E-03
+74.50000E-06,+529.08287661E-03,+531.31280931E-03,+528.98868637E-03,+508.66833143E-03
+74.55000E-06,+508.98237430E-03,+516.23743262E-03,+518.93843524E-03,+508.66833143E-03
+74.60000E-06,+498.93212320E-03,+521.26255820E-03,+518.93843524E-03,+508.66833143E-03
+74.65000E-06,+519.03262548E-03,+531.31280929E-03,+518.93843524E-03,+498.61808032E-03
+74.70000E-06,+539.13312778E-03,+521.26255818E-03,+528.98868641E-03,+508.66833143E-03
+74.75000E-06,+539.13312778E-03,+531.31280936E-03,+518.93843524E-03,+503.64320587E-03
+74.80000E-06,+519.03262550E-03,+541.36306042E-03,+518.93843524E-03,+508.66833143E-03
+74.85000E-06,+524.05775107E-03,+526.28768377E-03,+503.86305854E-03,+493.59295472E-03
+74.90000E-06,+529.08287661E-03,+521.26255818E-03,+518.93843524E-03,+508.66833143E-03
+74.95000E-06,+539.13312778E-03,+521.26255818E-03,+518.93843524E-03,+493.59295469E-03
+75.00000E-06,+539.13312778E-03,+521.26255820E-03,+539.03893752E-03,+488.56782913E-03
+75.05000E-06,+529.08287667E-03,+521.26255818E-03,+518.93843524E-03,+508.66833143E-03
+75.10000E-06,+539.13312782E-03,+511.21230705E-03,+508.88818411E-03,+508.66833143E-03
+75.15000E-06,+534.10800222E-03,+526.28768373E-03,+508.88818406E-03,+488.56782913E-03
+75.20000E-06,+539.13312780E-03,+521.26255818E-03,+518.93843524E-03,+508.66833143E-03
+75.25000E-06,+524.05775107E-03,+526.28768377E-03,+513.91330965E-03,+508.66833143E-03
+75.30000E-06,+539.13312782E-03,+521.26255818E-03,+518.93843524E-03,+498.61808030E-03
+75.35000E-06,+524.05775104E-03,+531.31280936E-03,+503.86305850E-03,+508.66833143E-03
+75.40000E-06,+519.03262546E-03,+521.26255818E-03,+518.93843526E-03,+488.56782913E-03
+75.45000E-06,+539.13312778E-03,+521.26255818E-03,+534.01381195E-03,+493.59295473E-03
+75.50000E-06,+539.13312778E-03,+531.31280934E-03,+508.88818411E-03,+498.61808026E-03
+75.55000E-06,+539.13312778E-03,+506.18718144E-03,+513.91330969E-03,+533.79395928E-03
+75.60000E-06,+519.03262550E-03,+541.36306044E-03,+518.93843526E-03,+508.66833143E-03
+75.65000E-06,+519.03262548E-03,+521.26255818E-03,+518.93843524E-03,+503.64320584E-03
+75.70000E-06,+539.13312778E-03,+531.31280931E-03,+528.98868641E-03,+508.66833139E-03
+75.75000E-06,+539.13312778E-03,+536.33793492E-03,+503.86305850E-03,+523.74370817E-03
+75.80000E-06,+539.13312776E-03,+501.16205592E-03,+518.93843526E-03,+508.66833143E-03
+75.85000E-06,+534.10800219E-03,+521.26255818E-03,+528.98868635E-03,+513.69345702E-03
+75.90000E-06,+539.13312778E-03,+521.26255818E-03,+539.03893754E-03,+498.61808030E-03
+75.95000E-06,+534.10800222E-03,+521.26255818E-03,+539.03893754E-03,+488.56782913E-03
+76.00000E-06,+539.13312778E-03,+541.36306047E-03,+518.93843526E-03,+508.66833141E-03
+76.05000E-06,+539.13312778E-03,+531.31280929E-03,+518.93843524E-03,+493.59295473E-03
+76.10000E-06,+549.18337891E-03,+491.11180475E-03,+518.93843524E-03,+498.61808026E-03
+76.15000E-06,+524.05775104E-03,+536.33793492E-03,+528.98868643E-03,+508.66833143E-03
+76.20000E-06,+539.13312778E-03,+501.16205588E-03,+518.93843526E-03,+488.56782917E-03
+76.25000E-06,+529.08287667E-03,+536.33793488E-03,+523.96356083E-03,+508.66833143E-03
+76.30000E-06,+519.03262548E-03,+521.26255818E-03,+528.98868641E-03,+488.56782913E-03
+76.35000E-06,+524.05775104E-03,+506.18718144E-03,+523.96356080E-03,+518.71858262E-03
+76.40000E-06,+519.03262550E-03,+521.26255820E-03,+498.83793300E-03,+528.76883371E-03
+76.45000E-06,+524.05775107E-03,+536.33793488E-03,+518.93843524E-03,+503.64320584E-03
+76.50000E-06,+539.13312778E-03,+511.21230705E-03,+518.93843524E-03,+498.61808026E-03
+76.55000E-06,+549.18337897E-03,+531.31280936E-03,+518.93843524E-03,+528.76883373E-03
+76.60000E-06,+519.03262550E-03,+521.26255820E-03,+518.93843524E-03,+508.66833143E-03
+76.65000E-06,+539.13312778E-03,+506.18718147E-03,+518.93843524E-03,+508.66833143E-03
+76.70000E-06,+519.03262544E-03,+521.26255818E-03,+518.93843524E-03,+498.61808030E-03
+76.75000E-06,+534.10800222E-03,+506.18718144E-03,+534.01381198E-03,+513.69345698E-03
+76.80000E-06,+539.13312776E-03,+541.36306044E-03,+518.93843524E-03,+528.76883369E-03
+76.85000E-06,+539.13312778E-03,+531.31280929E-03,+498.83793294E-03,+498.61808032E-03
+76.90000E-06,+508.98237435E-03,+521.26255818E-03,+518.93843524E-03,+518.71858260E-03
+76.95000E-06,+539.13312778E-03,+521.26255818E-03,+534.01381198E-03,+493.59295469E-03
+77.00000E-06,+539.13312778E-03,+521.26255820E-03,+539.03893752E-03,+508.66833141E-03
+77.05000E-06,+514.00749996E-03,+521.26255818E-03,+534.01381195E-03,+493.59295473E-03
+77.10000E-06,+529.08287665E-03,+511.21230705E-03,+508.88818411E-03,+518.71858256E-03
+77.15000E-06,+539.13312778E-03,+521.26255818E-03,+498.83793294E-03,+503.64320587E-03
+77.20000E-06,+519.03262550E-03,+521.26255818E-03,+539.03893752E-03,+508.66833141E-03
+77.25000E-06,+539.13312778E-03,+521.26255818E-03,+528.98868635E-03,+478.51757802E-03
+77.30000E-06,+519.03262548E-03,+521.26255818E-03,+528.98868637E-03,+518.71858260E-03
+77.35000E-06,+508.98237429E-03,+536.33793492E-03,+508.88818405E-03,+493.59295469E-03
+77.40000E-06,+519.03262550E-03,+521.26255818E-03,+518.93843524E-03,+528.76883369E-03
+77.45000E-06,+544.15825337E-03,+516.23743258E-03,+513.91330965E-03,+503.64320584E-03
+77.50000E-06,+529.08287661E-03,+531.31280931E-03,+518.93843524E-03,+488.56782913E-03
+77.55000E-06,+534.10800222E-03,+511.21230699E-03,+539.03893754E-03,+488.56782913E-03
+77.60000E-06,+498.93212324E-03,+521.26255820E-03,+498.83793294E-03,+508.66833143E-03
+77.65000E-06,+544.15825337E-03,+501.16205588E-03,+523.96356084E-03,+498.61808032E-03
+77.70000E-06,+529.08287665E-03,+521.26255818E-03,+528.98868637E-03,+498.61808026E-03
+77.75000E-06,+554.20850452E-03,+526.28768373E-03,+523.96356080E-03,+503.64320587E-03
+77.80000E-06,+519.03262548E-03,+501.16205590E-03,+539.03893752E-03,+488.56782915E-03
+77.85000E-06,+524.05775108E-03,+516.23743258E-03,+518.93843524E-03,+478.51757802E-03
+77.90000E-06,+539.13312778E-03,+511.21230705E-03,+508.88818407E-03,+488.56782913E-03
+77.95000E-06,+554.20850452E-03,+536.33793492E-03,+518.93843524E-03,+508.66833143E-03
+78.00000E-06,+519.03262552E-03,+501.16205590E-03,+518.93843524E-03,+528.76883371E-03
+78.05000E-06,+534.10800218E-03,+521.26255818E-03,+493.81280735E-03,+493.59295473E-03
+78.10000E-06,+539.13312782E-03,+531.31280931E-03,+508.88818407E-03,+498.61808026E-03
+78.15000E-06,+559.23363008E-03,+526.28768373E-03,+523.96356080E-03,+508.66833143E-03
+78.20000E-06,+559.23363004E-03,+521.26255820E-03,+539.03893754E-03,+508.66833141E-03
+78.25000E-06,+539.13312778E-03,+531.31280929E-03,+534.01381194E-03,+518.71858254E-03
+78.30000E-06,+529.08287661E-03,+531.31280935E-03,+518.93843524E-03,+508.66833143E-03
+78.35000E-06,+539.13312778E-03,+526.28768373E-03,+518.93843524E-03,+493.59295469E-03
+78.40000E-06,+539.13312778E-03,+521.26255818E-03,+518.93843524E-03,+508.66833143E-03
+78.45000E-06,+549.18337889E-03,+521.26255818E-03,+523.96356084E-03,+488.56782913E-03
+78.50000E-06,+539.13312778E-03,+521.26255818E-03,+528.98868637E-03,+498.61808026E-03
+78.55000E-06,+539.13312778E-03,+521.26255818E-03,+523.96356080E-03,+523.74370817E-03
+78.60000E-06,+539.13312778E-03,+501.16205588E-03,+518.93843524E-03,+508.66833141E-03
+78.65000E-06,+524.05775108E-03,+536.33793488E-03,+523.96356084E-03,+493.59295473E-03
+78.70000E-06,+539.13312778E-03,+521.26255818E-03,+508.88818411E-03,+508.66833143E-03
+78.75000E-06,+539.13312778E-03,+526.28768373E-03,+503.86305850E-03,+513.69345698E-03
+78.80000E-06,+519.03262550E-03,+541.36306047E-03,+478.73743069E-03,+508.66833141E-03
+78.85000E-06,+539.13312778E-03,+521.26255818E-03,+523.96356084E-03,+508.66833143E-03
+78.90000E-06,+519.03262548E-03,+511.21230701E-03,+528.98868641E-03,+508.66833143E-03
+78.95000E-06,+539.13312778E-03,+526.28768373E-03,+534.01381198E-03,+498.61808032E-03
+79.00000E-06,+519.03262548E-03,+521.26255820E-03,+518.93843524E-03,+488.56782915E-03
+79.05000E-06,+559.23363008E-03,+526.28768377E-03,+513.91330965E-03,+513.69345702E-03
+79.10000E-06,+529.08287661E-03,+511.21230705E-03,+508.88818407E-03,+498.61808026E-03
+79.15000E-06,+539.13312778E-03,+521.26255818E-03,+523.96356080E-03,+488.56782913E-03
+79.20000E-06,+559.23363004E-03,+501.16205588E-03,+518.93843524E-03,+488.56782915E-03
+79.25000E-06,+519.03262548E-03,+506.18718147E-03,+523.96356084E-03,+488.56782913E-03
+79.30000E-06,+529.08287665E-03,+541.36306047E-03,+518.93843524E-03,+508.66833143E-03
+79.35000E-06,+549.18337897E-03,+526.28768373E-03,+523.96356080E-03,+508.66833143E-03
+79.40000E-06,+539.13312778E-03,+521.26255818E-03,+539.03893752E-03,+488.56782913E-03
+79.45000E-06,+534.10800218E-03,+541.36306047E-03,+523.96356084E-03,+493.59295473E-03
+79.50000E-06,+539.13312778E-03,+511.21230705E-03,+518.93843524E-03,+508.66833143E-03
+79.55000E-06,+529.08287667E-03,+506.18718143E-03,+534.01381198E-03,+488.56782913E-03
+79.60000E-06,+539.13312778E-03,+501.16205590E-03,+518.93843524E-03,+508.66833143E-03
+79.65000E-06,+549.18337889E-03,+526.28768377E-03,+513.91330965E-03,+508.66833143E-03
+79.70000E-06,+539.13312778E-03,+521.26255818E-03,+518.93843524E-03,+488.56782909E-03
+79.75000E-06,+508.98237429E-03,+536.33793492E-03,+523.96356080E-03,+488.56782913E-03
+79.80000E-06,+519.03262546E-03,+501.16205592E-03,+518.93843524E-03,+488.56782913E-03
+79.85000E-06,+539.13312778E-03,+556.43843718E-03,+518.93843524E-03,+503.64320584E-03
+79.90000E-06,+529.08287661E-03,+521.26255818E-03,+518.93843524E-03,+508.66833143E-03
+79.95000E-06,+524.05775104E-03,+526.28768373E-03,+534.01381198E-03,+488.56782913E-03
