x-axis,1,2,3
second,Volt,Volt,Volt
-20.00000E-06,+628.14068608E-03,+593.21607277E-03,+577.88945176E-03
-19.95000E-06,+603.01505821E-03,+578.14069605E-03,+577.88945176E-03
-19.90000E-06,+577.88943034E-03,+583.16582162E-03,+597.98995405E-03
-19.85000E-06,+567.83917919E-03,+578.14069604E-03,+577.88945176E-03
-19.80000E-06,+587.93968149E-03,+593.21607277E-03,+577.88945176E-03
-19.75000E-06,+608.04018378E-03,+573.11557047E-03,+577.88945176E-03
-19.70000E-06,+587.93968149E-03,+573.11557047E-03,+597.98995405E-03
-19.65000E-06,+572.86430476E-03,+573.11557047E-03,+572.86432618E-03
-19.60000E-06,+587.93968149E-03,+573.11557047E-03,+557.78894946E-03
-19.55000E-06,+562.81405361E-03,+573.11557047E-03,+577.88945176E-03
-19.50000E-06,+567.83917919E-03,+563.06531932E-03,+587.93970291E-03
-19.45000E-06,+572.86430476E-03,+568.09044490E-03,+592.96482848E-03
-19.40000E-06,+608.04018378E-03,+553.01506817E-03,+577.88945176E-03
-19.35000E-06,+582.91455591E-03,+578.14069605E-03,+562.81407503E-03
-19.30000E-06,+577.88943034E-03,+583.16582162E-03,+567.83920061E-03
-19.25000E-06,+577.88943034E-03,+578.14069604E-03,+562.81407503E-03
-19.20000E-06,+587.93968149E-03,+593.21607277E-03,+557.78894946E-03
-19.15000E-06,+582.91455591E-03,+573.11557047E-03,+567.83920061E-03
-19.10000E-06,+597.98993263E-03,+583.16582162E-03,+597.98995405E-03
-19.05000E-06,+577.88943034E-03,+583.16582162E-03,+577.88945176E-03
-19.00000E-06,+587.93968149E-03,+553.01506817E-03,+557.78894946E-03
-18.95000E-06,+587.93968149E-03,+588.19094719E-03,+557.78894946E-03
-18.90000E-06,+587.93968149E-03,+563.06531932E-03,+577.88945176E-03
-18.85000E-06,+572.86430476E-03,+593.21607277E-03,+577.88945176E-03
-18.80000E-06,+567.83917919E-03,+593.21607277E-03,+557.78894946E-03
-18.75000E-06,+587.93968149E-03,+558.04019375E-03,+582.91457733E-03
-18.70000E-06,+577.88943034E-03,+583.16582162E-03,+587.93970291E-03
-18.65000E-06,+592.96480706E-03,+568.09044490E-03,+592.96482848E-03
-18.60000E-06,+567.83917919E-03,+573.11557047E-03,+577.88945176E-03
-18.55000E-06,+582.91455591E-03,+573.11557047E-03,+582.91457733E-03
-18.50000E-06,+557.78892804E-03,+573.11557047E-03,+557.78894946E-03
-18.45000E-06,+597.98993263E-03,+568.09044490E-03,+577.88945176E-03
-18.40000E-06,+567.83917919E-03,+593.21607277E-03,+577.88945176E-03
-18.35000E-06,+577.88943034E-03,+588.19094719E-03,+592.96482848E-03
-18.30000E-06,+577.88943034E-03,+583.16582162E-03,+567.83920061E-03
-18.25000E-06,+567.83917919E-03,+558.04019375E-03,+562.81407503E-03
-18.20000E-06,+567.83917919E-03,+573.11557047E-03,+577.88945176E-03
-18.15000E-06,+587.93968149E-03,+578.14069605E-03,+577.88945176E-03
-18.10000E-06,+597.98993263E-03,+573.11557047E-03,+567.83920061E-03
-18.05000E-06,+567.83917919E-03,+588.19094719E-03,+557.78894946E-03
-18.00000E-06,+567.83917919E-03,+593.21607277E-03,+577.88945176E-03
-17.95000E-06,+572.86430476E-03,+568.09044490E-03,+562.81407503E-03
-17.90000E-06,+577.88943033E-03,+573.11557047E-03,+577.88945176E-03
-17.85000E-06,+597.98993264E-03,+578.14069604E-03,+577.88945176E-03
-17.80000E-06,+587.93968149E-03,+573.11557047E-03,+577.88945176E-03
-17.75000E-06,+572.86430476E-03,+573.11557047E-03,+567.83920061E-03
-17.70000E-06,+577.88943034E-03,+573.11557047E-03,+547.73869831E-03
-17.65000E-06,+572.86430476E-03,+578.14069604E-03,+577.88945176E-03
-17.60000E-06,+587.93968149E-03,+573.11557047E-03,+577.88945176E-03
-17.55000E-06,+542.71355132E-03,+568.09044490E-03,+592.96482848E-03
-17.50000E-06,+587.93968149E-03,+563.06531932E-03,+557.78894946E-03
-17.45000E-06,+572.86430476E-03,+573.11557047E-03,+547.73869831E-03
-17.40000E-06,+587.93968149E-03,+593.21607277E-03,+577.88945176E-03
-17.35000E-06,+567.83917919E-03,+593.21607277E-03,+562.81407503E-03
-17.30000E-06,+577.88943034E-03,+553.01506817E-03,+587.93970291E-03
-17.25000E-06,+587.93968149E-03,+558.04019375E-03,+572.86432618E-03
-17.20000E-06,+587.93968149E-03,+573.11557047E-03,+557.78894946E-03
-17.15000E-06,+592.96480706E-03,+578.14069605E-03,+572.86432618E-03
-17.10000E-06,+557.78892804E-03,+583.16582162E-03,+567.83920061E-03
-17.05000E-06,+572.86430476E-03,+573.11557047E-03,+577.88945176E-03
-17.00000E-06,+587.93968149E-03,+573.11557047E-03,+557.78894946E-03
-16.95000E-06,+572.86430476E-03,+558.04019375E-03,+572.86432619E-03
-16.90000E-06,+597.98993263E-03,+563.06531932E-03,+557.78894946E-03
-16.85000E-06,+557.78892804E-03,+568.09044490E-03,+562.81407503E-03
-16.80000E-06,+587.93968148E-03,+553.01506817E-03,+577.88945176E-03
-16.75000E-06,+587.93968149E-03,+558.04019375E-03,+592.96482848E-03
-16.70000E-06,+577.88943034E-03,+573.11557047E-03,+587.93970291E-03
-16.65000E-06,+582.91455591E-03,+588.19094719E-03,+567.83920061E-03
-16.60000E-06,+587.93968148E-03,+593.21607277E-03,+597.98995405E-03
-16.55000E-06,+567.83917919E-03,+573.11557047E-03,+592.96482848E-03
-16.50000E-06,+587.93968149E-03,+563.06531932E-03,+567.83920061E-03
-16.45000E-06,+608.04018378E-03,+558.04019375E-03,+587.93970291E-03
-16.40000E-06,+587.93968149E-03,+573.11557047E-03,+537.68844716E-03
-16.35000E-06,+572.86430476E-03,+588.19094719E-03,+572.86432618E-03
-16.30000E-06,+597.98993264E-03,+563.06531932E-03,+577.88945176E-03
-16.25000E-06,+587.93968149E-03,+603.26632392E-03,+557.78894946E-03
-16.20000E-06,+587.93968149E-03,+573.11557047E-03,+557.78894946E-03
-16.15000E-06,+587.93968149E-03,+593.21607277E-03,+552.76382389E-03
-16.10000E-06,+567.83917919E-03,+573.11557047E-03,+587.93970290E-03
-16.05000E-06,+577.88943033E-03,+568.09044490E-03,+577.88945176E-03
-16.00000E-06,+567.83917919E-03,+573.11557047E-03,+597.98995405E-03
-15.95000E-06,+577.88943033E-03,+588.19094719E-03,+592.96482848E-03
-15.90000E-06,+587.93968149E-03,+573.11557047E-03,+567.83920061E-03
-15.85000E-06,+582.91455591E-03,+603.26632392E-03,+582.91457733E-03
-15.80000E-06,+547.73867689E-03,+593.21607277E-03,+577.88945176E-03
-15.75000E-06,+567.83917919E-03,+573.11557047E-03,+562.81407504E-03
-15.70000E-06,+577.88943034E-03,+573.11557047E-03,+587.93970291E-03
-15.65000E-06,+582.91455591E-03,+568.09044490E-03,+572.86432618E-03
-15.60000E-06,+587.93968148E-03,+573.11557047E-03,+577.88945176E-03
-15.55000E-06,+592.96480706E-03,+578.14069605E-03,+587.93970290E-03
-15.50000E-06,+587.93968149E-03,+573.11557047E-03,+577.88945176E-03
-15.45000E-06,+587.93968149E-03,+553.01506817E-03,+592.96482848E-03
-15.40000E-06,+608.04018378E-03,+553.01506817E-03,+577.88945176E-03
-15.35000E-06,+587.93968149E-03,+593.21607277E-03,+552.76382389E-03
-15.30000E-06,+577.88943034E-03,+573.11557047E-03,+577.88945176E-03
-15.25000E-06,+572.86430476E-03,+588.19094720E-03,+597.98995405E-03
-15.20000E-06,+587.93968148E-03,+573.11557047E-03,+537.68844716E-03
-15.15000E-06,+572.86430476E-03,+573.11557047E-03,+587.93970290E-03
-15.10000E-06,+567.83917919E-03,+593.21607277E-03,+587.93970291E-03
-15.05000E-06,+562.81405362E-03,+573.11557047E-03,+577.88945176E-03
-15.00000E-06,+567.83917919E-03,+553.01506817E-03,+577.88945176E-03
-14.95000E-06,+567.83917919E-03,+573.11557047E-03,+577.88945176E-03
-14.90000E-06,+567.83917919E-03,+593.21607277E-03,+587.93970290E-03
-14.85000E-06,+567.83917919E-03,+588.19094720E-03,+562.81407503E-03
-14.80000E-06,+567.83917919E-03,+593.21607277E-03,+557.78894946E-03
-14.75000E-06,+567.83917919E-03,+573.11557047E-03,+557.78894946E-03
-14.70000E-06,+587.93968149E-03,+583.16582162E-03,+587.93970291E-03
-14.65000E-06,+562.81405362E-03,+563.06531932E-03,+562.81407503E-03
-14.60000E-06,+587.93968148E-03,+553.01506818E-03,+577.88945176E-03
-14.55000E-06,+567.83917919E-03,+573.11557047E-03,+567.83920061E-03
-14.50000E-06,+577.88943034E-03,+573.11557047E-03,+587.93970291E-03
-14.45000E-06,+557.78892804E-03,+578.14069604E-03,+562.81407503E-03
-14.40000E-06,+567.83917919E-03,+573.11557047E-03,+577.88945176E-03
-14.35000E-06,+567.83917919E-03,+578.14069605E-03,+592.96482848E-03
-14.30000E-06,+587.93968149E-03,+583.16582162E-03,+567.83920061E-03
-14.25000E-06,+587.93968149E-03,+588.19094719E-03,+562.81407503E-03
-14.20000E-06,+547.73867689E-03,+573.11557047E-03,+577.88945176E-03
-14.15000E-06,+582.91455591E-03,+558.04019375E-03,+587.93970290E-03
-14.10000E-06,+587.93968149E-03,+583.16582162E-03,+577.88945176E-03
-14.05000E-06,+582.91455591E-03,+573.11557047E-03,+567.83920061E-03
-14.00000E-06,+587.93968149E-03,+573.11557047E-03,+577.88945176E-03
-13.95000E-06,+552.76380247E-03,+558.04019375E-03,+557.78894946E-03
-13.90000E-06,+577.88943034E-03,+563.06531932E-03,+587.93970291E-03
-13.85000E-06,+587.93968149E-03,+588.19094719E-03,+567.83920061E-03
-13.80000E-06,+567.83917919E-03,+573.11557047E-03,+597.98995405E-03
-13.75000E-06,+572.86430476E-03,+583.16582162E-03,+562.81407504E-03
-13.70000E-06,+587.93968149E-03,+563.06531932E-03,+577.88945176E-03
-13.65000E-06,+542.71355131E-03,+573.11557047E-03,+577.88945176E-03
-13.60000E-06,+547.73867689E-03,+593.21607277E-03,+577.88945176E-03
-13.55000E-06,+597.98993263E-03,+588.19094719E-03,+582.91457733E-03
-13.50000E-06,+608.04018378E-03,+563.06531932E-03,+577.88945176E-03
-13.45000E-06,+577.88943034E-03,+573.11557047E-03,+562.81407503E-03
-13.40000E-06,+567.83917919E-03,+573.11557047E-03,+577.88945176E-03
-13.35000E-06,+567.83917919E-03,+573.11557047E-03,+577.88945176E-03
-13.30000E-06,+587.93968148E-03,+542.96481703E-03,+557.78894946E-03
-13.25000E-06,+592.96480706E-03,+558.04019375E-03,+562.81407503E-03
-13.20000E-06,+587.93968148E-03,+573.11557047E-03,+557.78894946E-03
-13.15000E-06,+567.83917919E-03,+573.11557047E-03,+592.96482848E-03
-13.10000E-06,+567.83917919E-03,+573.11557047E-03,+587.93970290E-03
-13.05000E-06,+592.96480706E-03,+563.06531932E-03,+587.93970291E-03
-13.00000E-06,+587.93968149E-03,+573.11557047E-03,+577.88945176E-03
-12.95000E-06,+587.93968149E-03,+573.11557047E-03,+562.81407504E-03
-12.90000E-06,+567.83917919E-03,+563.06531932E-03,+587.93970291E-03
-12.85000E-06,+587.93968149E-03,+578.14069604E-03,+577.88945176E-03
-12.80000E-06,+587.93968148E-03,+573.11557047E-03,+557.78894946E-03
-12.75000E-06,+582.91455591E-03,+553.01506817E-03,+577.88945176E-03
-12.70000E-06,+587.93968149E-03,+573.11557047E-03,+567.83920061E-03
-12.65000E-06,+567.83917919E-03,+618.34170064E-03,+567.83920061E-03
-12.60000E-06,+587.93968149E-03,+553.01506817E-03,+597.98995405E-03
-12.55000E-06,+597.98993263E-03,+563.06531932E-03,+562.81407504E-03
-12.50000E-06,+587.93968149E-03,+573.11557047E-03,+577.88945176E-03
-12.45000E-06,+562.81405361E-03,+573.11557047E-03,+592.96482848E-03
-12.40000E-06,+567.83917919E-03,+573.11557047E-03,+537.68844716E-03
-12.35000E-06,+567.83917919E-03,+593.21607277E-03,+567.83920061E-03
-12.30000E-06,+567.83917919E-03,+593.21607277E-03,+587.93970290E-03
-12.25000E-06,+572.86430476E-03,+583.16582162E-03,+577.88945176E-03
-12.20000E-06,+587.93968148E-03,+553.01506817E-03,+577.88945176E-03
-12.15000E-06,+587.93968149E-03,+578.14069605E-03,+572.86432618E-03
-12.10000E-06,+587.93968149E-03,+573.11557047E-03,+557.78894946E-03
-12.05000E-06,+572.86430476E-03,+593.21607277E-03,+577.88945176E-03
-12.00000E-06,+567.83917919E-03,+553.01506817E-03,+597.98995405E-03
-11.95000E-06,+567.83917919E-03,+588.19094719E-03,+562.81407504E-03
-11.90000E-06,+587.93968149E-03,+563.06531932E-03,+587.93970291E-03
-11.85000E-06,+582.91455591E-03,+588.19094719E-03,+572.86432618E-03
-11.80000E-06,+567.83917919E-03,+573.11557047E-03,+577.88945176E-03
-11.75000E-06,+587.93968149E-03,+593.21607277E-03,+577.88945176E-03
-11.70000E-06,+587.93968149E-03,+563.06531932E-03,+587.93970291E-03
-11.65000E-06,+572.86430476E-03,+573.11557047E-03,+587.93970291E-03
-11.60000E-06,+587.93968148E-03,+532.91456588E-03,+577.88945176E-03
-11.55000E-06,+567.83917919E-03,+588.19094719E-03,+577.88945176E-03
-11.50000E-06,+587.93968148E-03,+593.21607277E-03,+567.83920061E-03
-11.45000E-06,+572.86430476E-03,+568.09044490E-03,+577.88945176E-03
-11.40000E-06,+567.83917919E-03,+573.11557047E-03,+597.98995405E-03
-11.35000E-06,+587.93968149E-03,+573.11557047E-03,+557.78894946E-03
-11.30000E-06,+567.83917919E-03,+583.16582162E-03,+557.78894946E-03
-11.25000E-06,+567.83917919E-03,+578.14069604E-03,+582.91457733E-03
-11.20000E-06,+587.93968148E-03,+553.01506817E-03,+577.88945176E-03
-11.15000E-06,+582.91455591E-03,+558.04019375E-03,+597.98995405E-03
-11.10000E-06,+557.78892804E-03,+583.16582162E-03,+557.78894946E-03
-11.05000E-06,+582.91455591E-03,+568.09044490E-03,+597.98995405E-03
-11.00000E-06,+547.73867689E-03,+573.11557047E-03,+557.78894946E-03
-10.95000E-06,+572.86430476E-03,+553.01506817E-03,+577.88945176E-03
-10.90000E-06,+577.88943034E-03,+583.16582162E-03,+557.78894946E-03
-10.85000E-06,+582.91455591E-03,+573.11557047E-03,+577.88945176E-03
-10.80000E-06,+567.83917919E-03,+573.11557047E-03,+577.88945176E-03
-10.75000E-06,+577.88943033E-03,+588.19094719E-03,+572.86432618E-03
-10.70000E-06,+577.88943033E-03,+563.06531932E-03,+567.83920061E-03
-10.65000E-06,+572.86430476E-03,+568.09044490E-03,+577.88945176E-03
-10.60000E-06,+587.93968148E-03,+553.01506817E-03,+577.88945176E-03
-10.55000E-06,+572.86430476E-03,+558.04019375E-03,+582.91457733E-03
-10.50000E-06,+577.88943034E-03,+583.16582162E-03,+567.83920061E-03
-10.45000E-06,+592.96480706E-03,+578.14069604E-03,+582.91457733E-03
-10.40000E-06,+567.83917919E-03,+593.21607277E-03,+577.88945176E-03
-10.35000E-06,+557.78892804E-03,+568.09044490E-03,+582.91457733E-03
-10.30000E-06,+567.83917919E-03,+563.06531932E-03,+547.73869831E-03
-10.25000E-06,+567.83917919E-03,+573.11557047E-03,+572.86432618E-03
-10.20000E-06,+567.83917919E-03,+573.11557047E-03,+557.78894946E-03
-10.15000E-06,+582.91455591E-03,+568.09044490E-03,+577.88945176E-03
-10.10000E-06,+577.88943034E-03,+573.11557047E-03,+577.88945176E-03
-10.05000E-06,+552.76380246E-03,+563.06531932E-03,+572.86432618E-03
-10.00000E-06,+567.83917919E-03,+573.11557047E-03,+557.78894946E-03
-9.95000E-06,+572.86430476E-03,+573.11557047E-03,+587.93970290E-03
-9.90000E-06,+577.88943034E-03,+573.11557047E-03,+587.93970290E-03
-9.85000E-06,+567.83917919E-03,+593.21607277E-03,+577.88945176E-03
-9.80000E-06,+587.93968148E-03,+553.01506817E-03,+577.88945176E-03
-9.75000E-06,+572.86430476E-03,+588.19094719E-03,+572.86432618E-03
-9.70000E-06,+567.83917919E-03,+563.06531932E-03,+577.88945176E-03
-9.65000E-06,+582.91455591E-03,+593.21607277E-03,+577.88945176E-03
-9.60000E-06,+567.83917919E-03,+573.11557047E-03,+577.88945176E-03
-9.55000E-06,+587.93968149E-03,+578.14069605E-03,+562.81407503E-03
-9.50000E-06,+577.88943034E-03,+573.11557047E-03,+577.88945176E-03
-9.45000E-06,+567.83917919E-03,+573.11557047E-03,+587.93970291E-03
-9.40000E-06,+547.73867689E-03,+573.11557047E-03,+557.78894946E-03
-9.35000E-06,+582.91455591E-03,+573.11557047E-03,+597.98995405E-03
-9.30000E-06,+577.88943034E-03,+573.11557047E-03,+597.98995405E-03
-9.25000E-06,+582.91455591E-03,+593.21607277E-03,+567.83920061E-03
-9.20000E-06,+567.83917919E-03,+573.11557047E-03,+557.78894946E-03
-9.15000E-06,+587.93968149E-03,+553.01506817E-03,+592.96482848E-03
-9.10000E-06,+557.78892804E-03,+573.11557047E-03,+577.88945176E-03
-9.05000E-06,+582.91455591E-03,+578.14069604E-03,+577.88945176E-03
-9.00000E-06,+527.63817460E-03,+613.31657506E-03,+577.88945176E-03
-8.95000E-06,+603.01505821E-03,+563.06531932E-03,+562.81407503E-03
-8.90000E-06,+567.83917919E-03,+553.01506817E-03,+567.83920061E-03
-8.85000E-06,+572.86430476E-03,+588.19094719E-03,+577.88945176E-03
-8.80000E-06,+567.83917919E-03,+593.21607277E-03,+577.88945176E-03
-8.75000E-06,+592.96480706E-03,+568.09044490E-03,+557.78894946E-03
-8.70000E-06,+577.88943034E-03,+583.16582162E-03,+567.83920061E-03
-8.65000E-06,+567.83917919E-03,+593.21607277E-03,+567.83920061E-03
-8.60000E-06,+547.73867689E-03,+573.11557047E-03,+577.88945176E-03
-8.55000E-06,+567.83917919E-03,+573.11557047E-03,+582.91457733E-03
-8.50000E-06,+597.98993263E-03,+583.16582162E-03,+587.93970291E-03
-8.45000E-06,+587.93968149E-03,+578.14069604E-03,+577.88945176E-03
-8.40000E-06,+608.04018378E-03,+553.01506817E-03,+557.78894946E-03
-8.35000E-06,+587.93968149E-03,+553.01506817E-03,+572.86432618E-03
-8.30000E-06,+577.88943034E-03,+573.11557047E-03,+557.78894946E-03
-8.25000E-06,+572.86430476E-03,+553.01506817E-03,+577.88945176E-03
-8.20000E-06,+587.93968149E-03,+573.11557047E-03,+577.88945176E-03
-8.15000E-06,+577.88943034E-03,+588.19094719E-03,+567.83920061E-03
-8.10000E-06,+567.83917919E-03,+583.16582162E-03,+567.83920061E-03
-8.05000E-06,+577.88943034E-03,+593.21607277E-03,+577.88945176E-03
-8.00000E-06,+567.83917919E-03,+593.21607277E-03,+577.88945176E-03
-7.95000E-06,+567.83917919E-03,+573.11557047E-03,+562.81407503E-03
-7.90000E-06,+567.83917919E-03,+603.26632392E-03,+567.83920061E-03
-7.85000E-06,+572.86430476E-03,+588.19094719E-03,+562.81407503E-03
-7.80000E-06,+567.83917919E-03,+593.21607277E-03,+577.88945176E-03
-7.75000E-06,+582.91455591E-03,+578.14069605E-03,+577.88945176E-03
-7.70000E-06,+567.83917919E-03,+573.11557047E-03,+587.93970291E-03
-7.65000E-06,+582.91455591E-03,+588.19094719E-03,+572.86432618E-03
-7.60000E-06,+547.73867689E-03,+593.21607277E-03,+537.68844716E-03
-7.55000E-06,+592.96480706E-03,+568.09044490E-03,+587.93970290E-03
-7.50000E-06,+587.93968149E-03,+573.11557047E-03,+587.93970291E-03
-7.45000E-06,+582.91455591E-03,+588.19094719E-03,+562.81407503E-03
-7.40000E-06,+587.93968148E-03,+573.11557047E-03,+577.88945176E-03
-7.35000E-06,+577.88943034E-03,+558.04019375E-03,+567.83920061E-03
-7.30000E-06,+587.93968149E-03,+583.16582162E-03,+587.93970291E-03
-7.25000E-06,+567.83917919E-03,+573.11557047E-03,+577.88945176E-03
-7.20000E-06,+587.93968149E-03,+553.01506817E-03,+537.68844716E-03
-7.15000E-06,+582.91455591E-03,+558.04019375E-03,+577.88945176E-03
-7.10000E-06,+597.98993263E-03,+573.11557047E-03,+597.98995405E-03
-7.05000E-06,+587.93968149E-03,+578.14069604E-03,+572.86432618E-03
-7.00000E-06,+567.83917919E-03,+573.11557047E-03,+577.88945176E-03
-6.95000E-06,+582.91455591E-03,+558.04019375E-03,+577.88945176E-03
-6.90000E-06,+567.83917919E-03,+573.11557047E-03,+577.88945176E-03
-6.85000E-06,+567.83917919E-03,+547.98994260E-03,+587.93970291E-03
-6.80000E-06,+587.93968149E-03,+593.21607277E-03,+577.88945176E-03
-6.75000E-06,+582.91455591E-03,+583.16582162E-03,+572.86432618E-03
-6.70000E-06,+567.83917919E-03,+583.16582162E-03,+587.93970291E-03
-6.65000E-06,+582.91455591E-03,+573.11557047E-03,+577.88945176E-03
-6.60000E-06,+608.04018378E-03,+573.11557047E-03,+577.88945176E-03
-6.55000E-06,+572.86430476E-03,+588.19094719E-03,+542.71357274E-03
-6.50000E-06,+587.93968149E-03,+593.21607277E-03,+577.88945176E-03
-6.45000E-06,+572.86430476E-03,+573.11557047E-03,+577.88945176E-03
-6.40000E-06,+587.93968149E-03,+593.21607277E-03,+577.88945176E-03
-6.35000E-06,+557.78892804E-03,+578.14069605E-03,+577.88945176E-03
-6.30000E-06,+577.88943034E-03,+573.11557047E-03,+577.88945176E-03
-6.25000E-06,+572.86430476E-03,+578.14069604E-03,+582.91457733E-03
-6.20000E-06,+567.83917919E-03,+573.11557047E-03,+577.88945176E-03
-6.15000E-06,+567.83917919E-03,+573.11557047E-03,+592.96482848E-03
-6.10000E-06,+577.88943034E-03,+583.16582162E-03,+577.88945176E-03
-6.05000E-06,+587.93968149E-03,+547.98994260E-03,+592.96482848E-03
-6.00000E-06,+567.83917919E-03,+573.11557047E-03,+557.78894946E-03
-5.95000E-06,+587.93968149E-03,+578.14069605E-03,+592.96482848E-03
-5.90000E-06,+577.88943034E-03,+593.21607277E-03,+597.98995405E-03
-5.85000E-06,+582.91455591E-03,+578.14069604E-03,+592.96482848E-03
-5.80000E-06,+587.93968149E-03,+532.91456588E-03,+597.98995405E-03
-5.75000E-06,+592.96480706E-03,+573.11557047E-03,+582.91457733E-03
-5.70000E-06,+557.78892804E-03,+573.11557047E-03,+577.88945176E-03
-5.65000E-06,+572.86430476E-03,+573.11557047E-03,+557.78894946E-03
-5.60000E-06,+567.83917919E-03,+553.01506817E-03,+557.78894946E-03
-5.55000E-06,+587.93968149E-03,+593.21607277E-03,+577.88945176E-03
-5.50000E-06,+577.88943034E-03,+563.06531932E-03,+577.88945176E-03
-5.45000E-06,+567.83917919E-03,+573.11557047E-03,+562.81407503E-03
-5.40000E-06,+587.93968148E-03,+553.01506817E-03,+577.88945176E-03
-5.35000E-06,+567.83917919E-03,+593.21607277E-03,+577.88945176E-03
-5.30000E-06,+587.93968149E-03,+573.11557047E-03,+577.88945176E-03
-5.25000E-06,+567.83917919E-03,+578.14069604E-03,+587.93970291E-03
-5.20000E-06,+587.93968148E-03,+573.11557047E-03,+577.88945176E-03
-5.15000E-06,+567.83917919E-03,+573.11557047E-03,+542.71357274E-03
-5.10000E-06,+577.88943034E-03,+583.16582162E-03,+587.93970290E-03
-5.05000E-06,+587.93968149E-03,+588.19094719E-03,+557.78894946E-03
-5.00000E-06,+567.83917919E-03,+573.11557047E-03,+597.98995405E-03
-4.95000E-06,+577.88943034E-03,+573.11557047E-03,+567.83920061E-03
-4.90000E-06,+567.83917919E-03,+573.11557047E-03,+577.88945176E-03
-4.85000E-06,+572.86430476E-03,+573.11557047E-03,+567.83920061E-03
-4.80000E-06,+567.83917919E-03,+593.21607277E-03,+557.78894946E-03
-4.75000E-06,+587.93968149E-03,+568.09044490E-03,+562.81407503E-03
-4.70000E-06,+577.88943034E-03,+573.11557047E-03,+557.78894946E-03
-4.65000E-06,+587.93968149E-03,+573.11557047E-03,+577.88945176E-03
-4.60000E-06,+567.83917919E-03,+573.11557047E-03,+577.88945176E-03
-4.55000E-06,+572.86430476E-03,+573.11557047E-03,+557.78894946E-03
-4.50000E-06,+567.83917919E-03,+563.06531932E-03,+587.93970290E-03
-4.45000E-06,+567.83917919E-03,+573.11557047E-03,+582.91457733E-03
-4.40000E-06,+608.04018378E-03,+593.21607277E-03,+577.88945176E-03
-4.35000E-06,+582.91455591E-03,+568.09044490E-03,+577.88945176E-03
-4.30000E-06,+557.78892804E-03,+573.11557047E-03,+567.83920061E-03
-4.25000E-06,+577.88943034E-03,+573.11557047E-03,+572.86432618E-03
-4.20000E-06,+567.83917919E-03,+573.11557047E-03,+597.98995405E-03
-4.15000E-06,+572.86430476E-03,+573.11557047E-03,+577.88945176E-03
-4.10000E-06,+577.88943034E-03,+593.21607277E-03,+587.93970291E-03
-4.05000E-06,+592.96480706E-03,+558.04019375E-03,+592.96482848E-03
-4.00000E-06,+567.83917919E-03,+593.21607277E-03,+577.88945176E-03
-3.95000E-06,+567.83917919E-03,+573.11557047E-03,+577.88945176E-03
-3.90000E-06,+567.83917919E-03,+583.16582162E-03,+577.88945176E-03
-3.85000E-06,+572.86430476E-03,+573.11557047E-03,+557.78894946E-03
-3.80000E-06,+587.93968148E-03,+593.21607277E-03,+597.98995405E-03
-3.75000E-06,+597.98993263E-03,+558.04019375E-03,+572.86432618E-03
-3.70000E-06,+587.93968149E-03,+583.16582162E-03,+577.88945176E-03
-3.65000E-06,+592.96480706E-03,+573.11557047E-03,+592.96482848E-03
-3.60000E-06,+547.73867689E-03,+573.11557047E-03,+577.88945176E-03
-3.55000E-06,+582.91455591E-03,+573.11557047E-03,+587.93970290E-03
-3.50000E-06,+577.88943034E-03,+563.06531932E-03,+587.93970291E-03
-3.45000E-06,+572.86430476E-03,+573.11557047E-03,+577.88945176E-03
-3.40000E-06,+567.83917919E-03,+593.21607277E-03,+577.88945176E-03
-3.35000E-06,+582.91455591E-03,+578.14069605E-03,+577.88945176E-03
-3.30000E-06,+587.93968149E-03,+583.16582162E-03,+567.83920061E-03
-3.25000E-06,+587.93968149E-03,+568.09044490E-03,+577.88945176E-03
-3.20000E-06,+587.93968148E-03,+573.11557047E-03,+577.88945176E-03
-3.15000E-06,+587.93968149E-03,+578.14069605E-03,+562.81407503E-03
-3.10000E-06,+577.88943034E-03,+542.96481703E-03,+587.93970291E-03
-3.05000E-06,+597.98993264E-03,+573.11557047E-03,+577.88945176E-03
-3.00000E-06,+547.73867689E-03,+573.11557047E-03,+557.78894946E-03
-2.95000E-06,+587.93968149E-03,+563.06531932E-03,+582.91457733E-03
-2.90000E-06,+587.93968149E-03,+573.11557047E-03,+587.93970290E-03
-2.85000E-06,+582.91455591E-03,+588.19094719E-03,+577.88945176E-03
-2.80000E-06,+567.83917919E-03,+573.11557047E-03,+557.78894946E-03
-2.75000E-06,+582.91455591E-03,+583.16582162E-03,+577.88945176E-03
-2.70000E-06,+597.98993263E-03,+573.11557047E-03,+567.83920061E-03
-2.65000E-06,+572.86430476E-03,+568.09044490E-03,+597.98995405E-03
-2.60000E-06,+587.93968148E-03,+573.11557047E-03,+577.88945176E-03
-2.55000E-06,+567.83917919E-03,+578.14069605E-03,+567.83920061E-03
-2.50000E-06,+587.93968149E-03,+573.11557047E-03,+577.88945176E-03
-2.45000E-06,+557.78892804E-03,+558.04019375E-03,+557.78894946E-03
-2.40000E-06,+587.93968148E-03,+573.11557047E-03,+597.98995405E-03
-2.35000E-06,+608.04018378E-03,+608.29144949E-03,+577.88945176E-03
-2.30000E-06,+567.83917919E-03,+593.21607277E-03,+557.78894946E-03
-2.25000E-06,+582.91455591E-03,+573.11557047E-03,+577.88945176E-03
-2.20000E-06,+567.83917919E-03,+573.11557047E-03,+577.88945176E-03
-2.15000E-06,+562.81405361E-03,+553.01506817E-03,+577.88945176E-03
-2.10000E-06,+577.88943034E-03,+573.11557047E-03,+587.93970291E-03
-2.05000E-06,+572.86430476E-03,+578.14069604E-03,+592.96482848E-03
-2.00000E-06,+587.93968148E-03,+532.91456588E-03,+557.78894946E-03
-1.95000E-06,+582.91455591E-03,+558.04019375E-03,+577.88945176E-03
-1.90000E-06,+577.88943034E-03,+593.21607277E-03,+597.98995405E-03
-1.85000E-06,+562.81405361E-03,+573.11557047E-03,+577.88945176E-03
-1.80000E-06,+567.83917919E-03,+573.11557047E-03,+577.88945176E-03
-1.75000E-06,+537.68842574E-03,+568.09044490E-03,+562.81407503E-03
-1.70000E-06,+577.88943034E-03,+573.11557047E-03,+587.93970290E-03
-1.65000E-06,+582.91455591E-03,+553.01506817E-03,+592.96482848E-03
-1.60000E-06,+567.83917919E-03,+573.11557047E-03,+577.88945176E-03
-1.55000E-06,+587.93968149E-03,+588.19094719E-03,+557.78894946E-03
-1.50000E-06,+587.93968149E-03,+573.11557047E-03,+577.88945176E-03
-1.45000E-06,+582.91455591E-03,+573.11557047E-03,+577.88945176E-03
-1.40000E-06,+567.83917919E-03,+573.11557047E-03,+597.98995405E-03
-1.35000E-06,+557.78892804E-03,+578.14069605E-03,+577.88945176E-03
-1.30000E-06,+597.98993263E-03,+573.11557047E-03,+577.88945176E-03
-1.25000E-06,+567.83917919E-03,+568.09044490E-03,+597.98995405E-03
-1.20000E-06,+587.93968149E-03,+573.11557047E-03,+577.88945176E-03
-1.15000E-06,+582.91455591E-03,+588.19094719E-03,+577.88945176E-03
-1.10000E-06,+587.93968149E-03,+583.16582162E-03,+577.88945176E-03
-1.05000E-06,+597.98993264E-03,+593.21607277E-03,+597.98995405E-03
-1.00000E-06,+567.83917919E-03,+593.21607277E-03,+557.78894946E-03
-950.00E-09,+567.83917919E-03,+578.14069605E-03,+542.71357274E-03
-900.00E-09,+587.93968149E-03,+593.21607277E-03,+577.88945176E-03
-850.00E-09,+572.86430476E-03,+558.04019375E-03,+562.81407503E-03
-800.00E-09,+547.73867689E-03,+573.11557047E-03,+597.98995405E-03
-750.00E-09,+567.83917919E-03,+573.11557047E-03,+592.96482848E-03
-700.00E-09,+567.83917919E-03,+563.06531932E-03,+567.83920061E-03
-650.00E-09,+562.81405361E-03,+573.11557047E-03,+577.88945176E-03
-600.00E-09,+547.73867689E-03,+593.21607277E-03,+557.78894946E-03
-550.00E-09,+567.83917919E-03,+558.04019375E-03,+587.93970290E-03
-500.00E-09,+577.88943034E-03,+593.21607277E-03,+567.83920061E-03
-450.00E-09,+587.93968149E-03,+593.21607277E-03,+587.93970291E-03
-400.00E-09,+567.83917919E-03,+593.21607277E-03,+537.68844716E-03
-350.00E-09,+547.73867689E-03,+558.04019375E-03,+577.88945176E-03
-300.00E-09,+577.88943034E-03,+583.16582162E-03,+577.88945176E-03
-250.00E-09,+582.91455591E-03,+568.09044490E-03,+557.78894946E-03
-200.00E-09,+567.83917919E-03,+573.11557047E-03,+577.88945176E-03
-150.00E-09,+597.98993263E-03,+598.24119834E-03,+572.86432618E-03
-100.00E-09,+567.83917919E-03,+583.16582162E-03,+567.83920061E-03
-50.00E-09,+648.24118838E-03,+542.96481702E-03,+663.31658652E-03
+0.0E+00,+447.23616540E-03,+512.81406358E-03,+457.28643797E-03
+50.00E-09,+472.36179328E-03,+563.06531932E-03,+412.06030781E-03
+100.00E-09,+537.68842575E-03,+603.26632392E-03,+477.38694028E-03
+150.00E-09,+623.11556051E-03,+623.36682622E-03,+517.58794487E-03
+200.00E-09,+708.54269527E-03,+653.51757966E-03,+698.49246554E-03
+250.00E-09,+693.46731854E-03,+598.24119834E-03,+753.76884685E-03
+300.00E-09,+638.19093722E-03,+563.06531932E-03,+728.64321898E-03
+350.00E-09,+412.06028638E-03,+537.93969145E-03,+487.43719141E-03
+400.00E-09,+407.03516081E-03,+512.81406358E-03,+396.98493108E-03
+450.00E-09,+492.46229558E-03,+563.06531932E-03,+432.16081010E-03
+500.00E-09,+597.98993264E-03,+613.31657507E-03,+537.68844717E-03
+550.00E-09,+738.69344872E-03,+663.56783081E-03,+693.46733997E-03
+600.00E-09,+748.74369986E-03,+633.41707736E-03,+798.99497702E-03
+650.00E-09,+693.46731854E-03,+583.16582162E-03,+718.59296783E-03
+700.00E-09,+527.63817459E-03,+532.91456588E-03,+577.88945175E-03
+750.00E-09,+437.18591425E-03,+517.83918915E-03,+457.28643797E-03
+800.00E-09,+447.23616541E-03,+512.81406358E-03,+457.28643797E-03
+850.00E-09,+628.14068608E-03,+603.26632392E-03,+537.68844717E-03
+900.00E-09,+688.44219297E-03,+663.56783081E-03,+608.04020521E-03
+950.00E-09,+708.54269527E-03,+638.44220294E-03,+723.61809342E-03
+1.00000E-06,+688.44219297E-03,+573.11557047E-03,+738.69347013E-03
+1.05000E-06,+532.66330016E-03,+517.83918915E-03,+597.98995405E-03
+1.10000E-06,+437.18591425E-03,+512.81406358E-03,+457.28643797E-03
+1.15000E-06,+502.51254673E-03,+532.91456588E-03,+482.41206585E-03
+1.20000E-06,+567.83917919E-03,+532.91456588E-03,+497.48744257E-03
+1.25000E-06,+608.04018379E-03,+563.06531932E-03,+507.53769372E-03
+1.30000E-06,+668.34169068E-03,+613.31657507E-03,+527.63819601E-03
+1.35000E-06,+678.39194182E-03,+623.36682622E-03,+613.06533078E-03
+1.40000E-06,+668.34169067E-03,+593.21607277E-03,+758.79397243E-03
+1.45000E-06,+648.24118837E-03,+573.11557047E-03,+753.76884685E-03
+1.50000E-06,+587.93968148E-03,+553.01506817E-03,+688.44221438E-03
+1.55000E-06,+507.53767229E-03,+547.98994260E-03,+552.76382388E-03
+1.60000E-06,+487.43717000E-03,+573.11557047E-03,+477.38694027E-03
+1.65000E-06,+482.41204442E-03,+573.11557047E-03,+492.46231699E-03
+1.70000E-06,+487.43717000E-03,+563.06531932E-03,+437.18593568E-03
+1.75000E-06,+517.58792345E-03,+558.04019375E-03,+437.18593568E-03
+1.80000E-06,+547.73867689E-03,+553.01506818E-03,+497.48744257E-03
+1.85000E-06,+653.26631395E-03,+623.36682622E-03,+597.98995406E-03
+1.90000E-06,+678.39194182E-03,+613.31657506E-03,+678.39196325E-03
+1.95000E-06,+688.44219297E-03,+623.36682621E-03,+718.59296784E-03
+2.00000E-06,+628.14068608E-03,+553.01506817E-03,+738.69347013E-03
+2.05000E-06,+597.98993263E-03,+532.91456588E-03,+668.34171209E-03
+2.10000E-06,+517.58792344E-03,+522.86431473E-03,+567.83920060E-03
+2.15000E-06,+482.41204442E-03,+547.98994260E-03,+532.66332159E-03
+2.20000E-06,+507.53767229E-03,+573.11557047E-03,+477.38694027E-03
+2.25000E-06,+502.51254672E-03,+563.06531932E-03,+437.18593568E-03
+2.30000E-06,+497.48742115E-03,+532.91456587E-03,+437.18593568E-03
+2.35000E-06,+527.63817459E-03,+517.83918915E-03,+452.26131240E-03
+2.40000E-06,+547.73867689E-03,+492.71356128E-03,+477.38694027E-03
+2.45000E-06,+562.81405362E-03,+578.14069605E-03,+502.51256814E-03
+2.50000E-06,+577.88943034E-03,+573.11557047E-03,+487.43719142E-03
+2.55000E-06,+643.21606281E-03,+618.34170064E-03,+582.91457733E-03
+2.60000E-06,+648.24118838E-03,+613.31657507E-03,+577.88945176E-03
+2.65000E-06,+693.46731855E-03,+628.39195179E-03,+688.44221439E-03
+2.70000E-06,+688.44219297E-03,+603.26632391E-03,+778.89447473E-03
+2.75000E-06,+653.26631395E-03,+563.06531932E-03,+743.71859571E-03
+2.80000E-06,+608.04018378E-03,+553.01506817E-03,+738.69347013E-03
+2.85000E-06,+597.98993263E-03,+558.04019375E-03,+703.51759111E-03
+2.90000E-06,+557.78892804E-03,+563.06531932E-03,+547.73869831E-03
+2.95000E-06,+537.68842574E-03,+553.01506817E-03,+492.46231699E-03
+3.00000E-06,+487.43717000E-03,+573.11557047E-03,+417.08543338E-03
+3.05000E-06,+497.48742115E-03,+553.01506817E-03,+432.16081010E-03
+3.10000E-06,+477.38691885E-03,+542.96481703E-03,+427.13568453E-03
+3.15000E-06,+537.68842574E-03,+532.91456588E-03,+452.26131240E-03
+3.20000E-06,+547.73867689E-03,+532.91456588E-03,+477.38694027E-03
+3.25000E-06,+577.88943034E-03,+558.04019375E-03,+517.58794487E-03
+3.30000E-06,+587.93968149E-03,+583.16582162E-03,+497.48744257E-03
+3.35000E-06,+643.21606281E-03,+623.36682622E-03,+603.01507963E-03
+3.40000E-06,+648.24118838E-03,+613.31657507E-03,+678.39196324E-03
+3.45000E-06,+653.26631395E-03,+638.44220293E-03,+703.51759112E-03
+3.50000E-06,+648.24118838E-03,+583.16582162E-03,+738.69347014E-03
+3.55000E-06,+668.34169067E-03,+588.19094719E-03,+788.94472588E-03
+3.60000E-06,+628.14068608E-03,+573.11557047E-03,+738.69347013E-03
+3.65000E-06,+623.11556050E-03,+547.98994260E-03,+748.74372128E-03
+3.70000E-06,+577.88943033E-03,+542.96481703E-03,+597.98995405E-03
+3.75000E-06,+567.83917918E-03,+563.06531932E-03,+567.83920060E-03
+3.80000E-06,+567.83917918E-03,+573.11557047E-03,+577.88945175E-03
+3.85000E-06,+497.48742115E-03,+578.14069605E-03,+447.23618682E-03
+3.90000E-06,+477.38691885E-03,+563.06531932E-03,+407.03518223E-03
+3.95000E-06,+492.46229557E-03,+573.11557047E-03,+467.33668912E-03
+4.00000E-06,+507.53767230E-03,+553.01506817E-03,+417.08543338E-03
+4.05000E-06,+537.68842574E-03,+537.93969145E-03,+447.23618683E-03
+4.10000E-06,+537.68842574E-03,+542.96481703E-03,+487.43719142E-03
+4.15000E-06,+567.83917919E-03,+563.06531932E-03,+482.41206585E-03
+4.20000E-06,+608.04018378E-03,+573.11557047E-03,+537.68844717E-03
+4.25000E-06,+587.93968149E-03,+588.19094720E-03,+522.61307044E-03
+4.30000E-06,+638.19093723E-03,+623.36682622E-03,+587.93970291E-03
+4.35000E-06,+658.29143953E-03,+633.41707736E-03,+648.24120980E-03
+4.40000E-06,+648.24118838E-03,+633.41707736E-03,+638.19095865E-03
+4.45000E-06,+648.24118838E-03,+593.21607277E-03,+763.81909801E-03
+4.50000E-06,+648.24118838E-03,+573.11557047E-03,+748.74372128E-03
+4.55000E-06,+638.19093723E-03,+573.11557047E-03,+783.91960030E-03
+4.60000E-06,+628.14068608E-03,+553.01506817E-03,+738.69347013E-03
+4.65000E-06,+592.96480706E-03,+583.16582162E-03,+653.26633536E-03
+4.70000E-06,+537.68842574E-03,+573.11557047E-03,+587.93970290E-03
+4.75000E-06,+487.43717000E-03,+568.09044490E-03,+472.36181469E-03
+4.80000E-06,+487.43717000E-03,+573.11557047E-03,+437.18593568E-03
+4.85000E-06,+472.36179328E-03,+563.06531932E-03,+442.21106125E-03
+4.90000E-06,+497.48742115E-03,+542.96481702E-03,+427.13568453E-03
+4.95000E-06,+517.58792345E-03,+568.09044490E-03,+432.16081010E-03
+5.00000E-06,+547.73867689E-03,+553.01506817E-03,+477.38694027E-03
+5.05000E-06,+572.86430476E-03,+542.96481703E-03,+497.48744257E-03
+5.10000E-06,+547.73867689E-03,+573.11557047E-03,+487.43719142E-03
+5.15000E-06,+673.36681625E-03,+633.41707736E-03,+603.01507963E-03
+5.20000E-06,+648.24118838E-03,+633.41707736E-03,+698.49246554E-03
+5.25000E-06,+668.34169067E-03,+643.46732851E-03,+703.51759112E-03
+5.30000E-06,+638.19093723E-03,+593.21607276E-03,+728.64321899E-03
+5.35000E-06,+673.36681625E-03,+573.11557047E-03,+778.89447473E-03
+5.40000E-06,+608.04018378E-03,+573.11557047E-03,+718.59296784E-03
+5.45000E-06,+597.98993263E-03,+553.01506817E-03,+663.31658652E-03
+5.50000E-06,+567.83917919E-03,+563.06531932E-03,+608.04020520E-03
+5.55000E-06,+537.68842574E-03,+568.09044490E-03,+532.66332159E-03
+5.60000E-06,+507.53767229E-03,+573.11557047E-03,+477.38694027E-03
+5.65000E-06,+472.36179328E-03,+573.11557047E-03,+402.01005666E-03
+5.70000E-06,+517.58792345E-03,+563.06531932E-03,+417.08543338E-03
+5.75000E-06,+542.71355132E-03,+553.01506817E-03,+447.23618683E-03
+5.80000E-06,+567.83917919E-03,+553.01506817E-03,+497.48744257E-03
+5.85000E-06,+597.98993264E-03,+547.98994260E-03,+487.43719142E-03
+5.90000E-06,+638.19093723E-03,+583.16582162E-03,+527.63819602E-03
+5.95000E-06,+628.14068608E-03,+603.26632392E-03,+552.76382389E-03
+6.00000E-06,+648.24118838E-03,+653.51757966E-03,+577.88945176E-03
+6.05000E-06,+668.34169067E-03,+648.49245408E-03,+693.46733997E-03
+6.10000E-06,+668.34169067E-03,+613.31657507E-03,+738.69347014E-03
+6.15000E-06,+643.21606280E-03,+598.24119834E-03,+778.89447473E-03
+6.20000E-06,+608.04018378E-03,+573.11557047E-03,+758.79397242E-03
+6.25000E-06,+572.86430476E-03,+573.11557047E-03,+673.36683766E-03
+6.30000E-06,+597.98993263E-03,+553.01506817E-03,+678.39196324E-03
+6.35000E-06,+577.88943033E-03,+573.11557047E-03,+623.11558192E-03
+6.40000E-06,+527.63817459E-03,+593.21607277E-03,+497.48744256E-03
+6.45000E-06,+497.48742115E-03,+558.04019375E-03,+462.31156354E-03
+6.50000E-06,+497.48742115E-03,+542.96481702E-03,+437.18593567E-03
+6.55000E-06,+472.36179327E-03,+547.98994260E-03,+427.13568453E-03
+6.60000E-06,+487.43717000E-03,+553.01506817E-03,+437.18593568E-03
+6.65000E-06,+517.58792345E-03,+542.96481703E-03,+442.21106125E-03
+6.70000E-06,+557.78892804E-03,+532.91456588E-03,+447.23618683E-03
+6.75000E-06,+608.04018379E-03,+593.21607277E-03,+557.78894947E-03
+6.80000E-06,+688.44219297E-03,+633.41707736E-03,+718.59296784E-03
+6.85000E-06,+678.39194182E-03,+583.16582162E-03,+743.71859571E-03
+6.90000E-06,+638.19093723E-03,+532.91456587E-03,+728.64321898E-03
+6.95000E-06,+597.98993263E-03,+547.98994260E-03,+698.49246554E-03
+7.00000E-06,+527.63817459E-03,+553.01506817E-03,+597.98995405E-03
+7.05000E-06,+587.93968148E-03,+553.01506817E-03,+597.98995405E-03
+7.10000E-06,+497.48742115E-03,+573.11557047E-03,+477.38694027E-03
+7.15000E-06,+512.56279787E-03,+573.11557047E-03,+432.16081010E-03
+7.20000E-06,+487.43717000E-03,+532.91456588E-03,+437.18593568E-03
+7.25000E-06,+517.58792345E-03,+517.83918915E-03,+442.21106125E-03
+7.30000E-06,+567.83917919E-03,+583.16582162E-03,+457.28643798E-03
+7.35000E-06,+597.98993264E-03,+613.31657507E-03,+507.53769372E-03
+7.40000E-06,+628.14068608E-03,+633.41707736E-03,+597.98995405E-03
+7.45000E-06,+663.31656510E-03,+623.36682622E-03,+597.98995406E-03
+7.50000E-06,+648.24118838E-03,+643.46732851E-03,+678.39196325E-03
+7.55000E-06,+668.34169067E-03,+603.26632391E-03,+753.76884686E-03
+7.60000E-06,+628.14068608E-03,+573.11557047E-03,+758.79397243E-03
+7.65000E-06,+663.31656510E-03,+583.16582162E-03,+753.76884686E-03
+7.70000E-06,+638.19093723E-03,+553.01506817E-03,+758.79397243E-03
+7.75000E-06,+592.96480706E-03,+563.06531932E-03,+678.39196323E-03
+7.80000E-06,+547.73867689E-03,+593.21607277E-03,+557.78894945E-03
+7.85000E-06,+487.43717000E-03,+568.09044490E-03,+452.26131240E-03
+7.90000E-06,+467.33666770E-03,+573.11557047E-03,+437.18593567E-03
+7.95000E-06,+487.43717000E-03,+558.04019375E-03,+457.28643797E-03
+8.00000E-06,+507.53767230E-03,+553.01506817E-03,+457.28643797E-03
+8.05000E-06,+527.63817460E-03,+558.04019375E-03,+462.31156355E-03
+8.10000E-06,+567.83917919E-03,+553.01506818E-03,+477.38694028E-03
+8.15000E-06,+623.11556051E-03,+588.19094719E-03,+522.61307044E-03
+8.20000E-06,+628.14068608E-03,+613.31657507E-03,+577.88945176E-03
+8.25000E-06,+648.24118838E-03,+628.39195179E-03,+592.96482848E-03
+8.30000E-06,+658.29143953E-03,+633.41707736E-03,+668.34171210E-03
+8.35000E-06,+648.24118838E-03,+603.26632391E-03,+743.71859572E-03
+8.40000E-06,+668.34169067E-03,+593.21607277E-03,+778.89447473E-03
+8.45000E-06,+648.24118837E-03,+583.16582162E-03,+768.84422358E-03
+8.50000E-06,+567.83917918E-03,+553.01506817E-03,+648.24120979E-03
+8.55000E-06,+567.83917918E-03,+532.91456588E-03,+582.91457732E-03
+8.60000E-06,+507.53767230E-03,+553.01506817E-03,+497.48744256E-03
+8.65000E-06,+487.43717000E-03,+563.06531932E-03,+472.36181470E-03
+8.70000E-06,+497.48742115E-03,+553.01506817E-03,+457.28643797E-03
+8.75000E-06,+477.38691885E-03,+558.04019375E-03,+452.26131240E-03
+8.80000E-06,+467.33666771E-03,+553.01506817E-03,+437.18593568E-03
+8.85000E-06,+507.53767230E-03,+553.01506817E-03,+452.26131240E-03
+8.90000E-06,+537.68842575E-03,+532.91456588E-03,+457.28643798E-03
+8.95000E-06,+557.78892804E-03,+563.06531932E-03,+472.36181470E-03
+9.00000E-06,+587.93968149E-03,+593.21607277E-03,+537.68844716E-03
+9.05000E-06,+603.01505821E-03,+603.26632392E-03,+552.76382389E-03
+9.10000E-06,+628.14068608E-03,+633.41707736E-03,+597.98995406E-03
+9.15000E-06,+648.24118838E-03,+653.51757966E-03,+698.49246554E-03
+9.20000E-06,+668.34169067E-03,+653.51757966E-03,+678.39196325E-03
+9.25000E-06,+648.24118838E-03,+568.09044490E-03,+763.81909801E-03
+9.30000E-06,+608.04018378E-03,+542.96481702E-03,+708.54271668E-03
+9.35000E-06,+628.14068608E-03,+558.04019375E-03,+703.51759111E-03
+9.40000E-06,+628.14068608E-03,+573.11557047E-03,+718.59296783E-03
+9.45000E-06,+577.88943033E-03,+537.93969145E-03,+613.06533077E-03
+9.50000E-06,+517.58792344E-03,+573.11557047E-03,+497.48744256E-03
+9.55000E-06,+512.56279787E-03,+578.14069605E-03,+497.48744256E-03
+9.60000E-06,+507.53767229E-03,+573.11557047E-03,+477.38694027E-03
+9.65000E-06,+482.41204442E-03,+563.06531932E-03,+412.06030780E-03
+9.70000E-06,+487.43717000E-03,+583.16582162E-03,+427.13568453E-03
+9.75000E-06,+502.51254672E-03,+558.04019375E-03,+457.28643797E-03
+9.80000E-06,+527.63817460E-03,+553.01506818E-03,+477.38694027E-03
+9.85000E-06,+562.81405362E-03,+568.09044490E-03,+477.38694027E-03
+9.90000E-06,+648.24118838E-03,+613.31657507E-03,+567.83920061E-03
+9.95000E-06,+643.21606280E-03,+628.39195179E-03,+603.01507963E-03
+10.00000E-06,+668.34169067E-03,+633.41707736E-03,+678.39196325E-03
+10.05000E-06,+653.26631395E-03,+643.46732851E-03,+693.46733997E-03
+10.10000E-06,+638.19093723E-03,+613.31657506E-03,+738.69347014E-03
+10.15000E-06,+638.19093723E-03,+583.16582162E-03,+743.71859571E-03
+10.20000E-06,+608.04018378E-03,+553.01506817E-03,+718.59296783E-03
+10.25000E-06,+577.88943033E-03,+558.04019375E-03,+648.24120979E-03
+10.30000E-06,+577.88943033E-03,+573.11557047E-03,+638.19095864E-03
+10.35000E-06,+552.76380246E-03,+568.09044490E-03,+527.63819601E-03
+10.40000E-06,+507.53767230E-03,+613.31657506E-03,+477.38694027E-03
+10.45000E-06,+452.26129098E-03,+553.01506817E-03,+402.01005666E-03
+10.50000E-06,+477.38691885E-03,+553.01506817E-03,+437.18593568E-03
+10.55000E-06,+497.48742115E-03,+547.98994260E-03,+417.08543338E-03
+10.60000E-06,+527.63817460E-03,+532.91456588E-03,+457.28643797E-03
+10.65000E-06,+577.88943034E-03,+558.04019375E-03,+472.36181470E-03
+10.70000E-06,+587.93968149E-03,+583.16582162E-03,+517.58794487E-03
+10.75000E-06,+628.14068608E-03,+598.24119834E-03,+562.81407504E-03
+10.80000E-06,+648.24118838E-03,+653.51757966E-03,+698.49246554E-03
+10.85000E-06,+668.34169067E-03,+618.34170064E-03,+733.66834456E-03
+10.90000E-06,+678.39194182E-03,+583.16582162E-03,+738.69347014E-03
+10.95000E-06,+638.19093723E-03,+568.09044489E-03,+743.71859571E-03
+11.00000E-06,+608.04018378E-03,+553.01506817E-03,+738.69347013E-03
+11.05000E-06,+582.91455591E-03,+558.04019375E-03,+668.34171209E-03
+11.10000E-06,+527.63817459E-03,+563.06531932E-03,+547.73869831E-03
+11.15000E-06,+517.58792344E-03,+573.11557047E-03,+482.41206584E-03
+11.20000E-06,+487.43717000E-03,+553.01506817E-03,+417.08543338E-03
+11.25000E-06,+482.41204442E-03,+547.98994260E-03,+417.08543338E-03
+11.30000E-06,+487.43717000E-03,+563.06531932E-03,+417.08543338E-03
+11.35000E-06,+512.56279787E-03,+537.93969145E-03,+432.16081010E-03
+11.40000E-06,+507.53767230E-03,+553.01506817E-03,+437.18593568E-03
+11.45000E-06,+557.78892804E-03,+578.14069605E-03,+482.41206585E-03
+11.50000E-06,+628.14068608E-03,+623.36682621E-03,+537.68844717E-03
+11.55000E-06,+638.19093723E-03,+613.31657507E-03,+577.88945176E-03
+11.60000E-06,+648.24118838E-03,+653.51757966E-03,+658.29146095E-03
+11.65000E-06,+668.34169067E-03,+603.26632392E-03,+748.74372129E-03
+11.70000E-06,+678.39194182E-03,+573.11557047E-03,+758.79397243E-03
+11.75000E-06,+633.16581165E-03,+537.93969145E-03,+718.59296784E-03
+11.80000E-06,+547.73867689E-03,+573.11557047E-03,+658.29146094E-03
+11.85000E-06,+517.58792344E-03,+578.14069605E-03,+557.78894946E-03
+11.90000E-06,+527.63817459E-03,+553.01506817E-03,+527.63819601E-03
+11.95000E-06,+487.43717000E-03,+553.01506817E-03,+457.28643797E-03
+12.00000E-06,+467.33666770E-03,+593.21607277E-03,+437.18593568E-03
+12.05000E-06,+452.26129098E-03,+553.01506817E-03,+422.11055895E-03
+12.10000E-06,+507.53767230E-03,+542.96481702E-03,+437.18593568E-03
+12.15000E-06,+552.76380247E-03,+553.01506817E-03,+452.26131240E-03
+12.20000E-06,+587.93968149E-03,+573.11557047E-03,+497.48744257E-03
+12.25000E-06,+618.09043493E-03,+573.11557047E-03,+547.73869831E-03
+12.30000E-06,+648.24118838E-03,+623.36682621E-03,+587.93970291E-03
+12.35000E-06,+653.26631395E-03,+623.36682622E-03,+623.11558193E-03
+12.40000E-06,+688.44219297E-03,+613.31657506E-03,+718.59296784E-03
+12.45000E-06,+673.36681625E-03,+578.14069604E-03,+753.76884686E-03
+12.50000E-06,+638.19093723E-03,+593.21607277E-03,+758.79397243E-03
+12.55000E-06,+648.24118838E-03,+553.01506817E-03,+743.71859571E-03
+12.60000E-06,+567.83917919E-03,+553.01506817E-03,+618.09045635E-03
+12.65000E-06,+547.73867689E-03,+568.09044490E-03,+577.88945175E-03
+12.70000E-06,+537.68842574E-03,+563.06531932E-03,+527.63819601E-03
+12.75000E-06,+502.51254672E-03,+573.11557047E-03,+452.26131240E-03
+12.80000E-06,+487.43717000E-03,+553.01506817E-03,+437.18593568E-03
+12.85000E-06,+507.53767230E-03,+547.98994260E-03,+407.03518223E-03
+12.90000E-06,+487.43717000E-03,+522.86431473E-03,+427.13568453E-03
+12.95000E-06,+467.33666770E-03,+553.01506817E-03,+402.01005666E-03
+13.00000E-06,+527.63817460E-03,+512.81406358E-03,+497.48744257E-03
+13.05000E-06,+532.66330017E-03,+558.04019375E-03,+502.51256814E-03
+13.10000E-06,+608.04018378E-03,+613.31657507E-03,+517.58794487E-03
+13.15000E-06,+603.01505821E-03,+588.19094719E-03,+527.63819601E-03
+13.20000E-06,+608.04018378E-03,+613.31657507E-03,+557.78894946E-03
+13.25000E-06,+668.34169067E-03,+618.34170064E-03,+613.06533078E-03
+13.30000E-06,+688.44219297E-03,+623.36682621E-03,+708.54271669E-03
+13.35000E-06,+678.39194182E-03,+598.24119834E-03,+743.71859571E-03
+13.40000E-06,+628.14068608E-03,+573.11557047E-03,+778.89447473E-03
+13.45000E-06,+628.14068608E-03,+532.91456588E-03,+753.76884686E-03
+13.50000E-06,+537.68842574E-03,+553.01506817E-03,+608.04020520E-03
+13.55000E-06,+567.83917919E-03,+547.98994260E-03,+628.14070750E-03
+13.60000E-06,+547.73867689E-03,+573.11557047E-03,+517.58794486E-03
+13.65000E-06,+527.63817459E-03,+578.14069604E-03,+477.38694027E-03
+13.70000E-06,+497.48742115E-03,+563.06531932E-03,+447.23618682E-03
+13.75000E-06,+482.41204443E-03,+573.11557047E-03,+442.21106125E-03
+13.80000E-06,+487.43717000E-03,+532.91456588E-03,+437.18593568E-03
+13.85000E-06,+532.66330017E-03,+522.86431473E-03,+452.26131240E-03
+13.90000E-06,+557.78892804E-03,+532.91456588E-03,+487.43719142E-03
+13.95000E-06,+577.88943034E-03,+537.93969145E-03,+477.38694027E-03
+14.00000E-06,+608.04018378E-03,+593.21607277E-03,+537.68844716E-03
+14.05000E-06,+623.11556051E-03,+618.34170064E-03,+582.91457733E-03
+14.10000E-06,+658.29143953E-03,+633.41707736E-03,+628.14070750E-03
+14.15000E-06,+678.39194182E-03,+608.29144949E-03,+688.44221439E-03
+14.20000E-06,+668.34169067E-03,+613.31657507E-03,+718.59296784E-03
+14.25000E-06,+653.26631395E-03,+588.19094719E-03,+773.86934916E-03
+14.30000E-06,+658.29143953E-03,+603.26632392E-03,+768.84422358E-03
+14.35000E-06,+638.19093723E-03,+583.16582162E-03,+778.89447473E-03
+14.40000E-06,+628.14068608E-03,+573.11557047E-03,+698.49246554E-03
+14.45000E-06,+572.86430476E-03,+558.04019375E-03,+628.14070750E-03
+14.50000E-06,+547.73867689E-03,+563.06531932E-03,+557.78894946E-03
+14.55000E-06,+517.58792344E-03,+558.04019375E-03,+507.53769371E-03
+14.60000E-06,+507.53767230E-03,+573.11557047E-03,+497.48744257E-03
+14.65000E-06,+482.41204442E-03,+563.06531932E-03,+432.16081010E-03
+14.70000E-06,+487.43717000E-03,+553.01506817E-03,+417.08543338E-03
+14.75000E-06,+487.43717000E-03,+553.01506817E-03,+432.16081010E-03
+14.80000E-06,+447.23616541E-03,+532.91456588E-03,+396.98493108E-03
+14.85000E-06,+522.61304902E-03,+537.93969145E-03,+442.21106125E-03
+14.90000E-06,+557.78892804E-03,+553.01506817E-03,+477.38694027E-03
+14.95000E-06,+572.86430476E-03,+568.09044490E-03,+502.51256814E-03
+15.00000E-06,+608.04018378E-03,+593.21607277E-03,+517.58794487E-03
+15.05000E-06,+633.16581165E-03,+638.44220294E-03,+613.06533078E-03
+15.10000E-06,+648.24118838E-03,+623.36682621E-03,+668.34171210E-03
+15.15000E-06,+653.26631395E-03,+648.49245409E-03,+673.36683767E-03
+15.20000E-06,+648.24118838E-03,+613.31657506E-03,+738.69347014E-03
+15.25000E-06,+663.31656510E-03,+598.24119834E-03,+753.76884686E-03
+15.30000E-06,+638.19093723E-03,+583.16582162E-03,+738.69347014E-03
+15.35000E-06,+633.16581165E-03,+553.01506817E-03,+718.59296784E-03
+15.40000E-06,+567.83917919E-03,+532.91456588E-03,+618.09045635E-03
+15.45000E-06,+577.88943033E-03,+553.01506817E-03,+562.81407503E-03
+15.50000E-06,+547.73867689E-03,+573.11557047E-03,+517.58794486E-03
+15.55000E-06,+497.48742115E-03,+558.04019375E-03,+447.23618682E-03
+15.60000E-06,+487.43717000E-03,+573.11557047E-03,+437.18593568E-03
+15.65000E-06,+472.36179328E-03,+527.88944030E-03,+422.11055895E-03
+15.70000E-06,+477.38691885E-03,+563.06531932E-03,+427.13568453E-03
+15.75000E-06,+522.61304902E-03,+547.98994260E-03,+452.26131240E-03
+15.80000E-06,+527.63817459E-03,+553.01506817E-03,+457.28643797E-03
+15.85000E-06,+557.78892804E-03,+547.98994260E-03,+477.38694027E-03
+15.90000E-06,+577.88943034E-03,+573.11557047E-03,+537.68844716E-03
+15.95000E-06,+618.09043493E-03,+603.26632392E-03,+577.88945176E-03
+16.00000E-06,+648.24118838E-03,+633.41707736E-03,+597.98995406E-03
+16.05000E-06,+653.26631395E-03,+618.34170064E-03,+613.06533078E-03
+16.10000E-06,+648.24118838E-03,+633.41707736E-03,+688.44221439E-03
+16.15000E-06,+648.24118838E-03,+603.26632392E-03,+728.64321899E-03
+16.20000E-06,+628.14068608E-03,+573.11557047E-03,+778.89447473E-03
+16.25000E-06,+658.29143952E-03,+598.24119834E-03,+743.71859571E-03
+16.30000E-06,+638.19093723E-03,+563.06531932E-03,+708.54271669E-03
+16.35000E-06,+618.09043493E-03,+553.01506817E-03,+683.41708881E-03
+16.40000E-06,+587.93968148E-03,+553.01506817E-03,+658.29146094E-03
+16.45000E-06,+603.01505821E-03,+558.04019375E-03,+608.04020520E-03
+16.50000E-06,+507.53767229E-03,+542.96481702E-03,+457.28643797E-03
+16.55000E-06,+517.58792344E-03,+573.11557047E-03,+452.26131240E-03
+16.60000E-06,+487.43717000E-03,+553.01506817E-03,+437.18593568E-03
+16.65000E-06,+472.36179328E-03,+547.98994260E-03,+417.08543338E-03
+16.70000E-06,+497.48742115E-03,+532.91456588E-03,+447.23618683E-03
+16.75000E-06,+517.58792345E-03,+532.91456588E-03,+467.33668912E-03
+16.80000E-06,+547.73867689E-03,+553.01506817E-03,+497.48744257E-03
+16.85000E-06,+577.88943034E-03,+558.04019375E-03,+502.51256814E-03
+16.90000E-06,+608.04018379E-03,+623.36682621E-03,+557.78894946E-03
+16.95000E-06,+623.11556051E-03,+593.21607277E-03,+572.86432618E-03
+17.00000E-06,+608.04018378E-03,+653.51757966E-03,+658.29146095E-03
+17.05000E-06,+648.24118838E-03,+623.36682621E-03,+713.56784227E-03
+17.10000E-06,+658.29143953E-03,+623.36682621E-03,+698.49246555E-03
+17.15000E-06,+663.31656510E-03,+598.24119834E-03,+733.66834457E-03
+17.20000E-06,+628.14068608E-03,+573.11557047E-03,+738.69347013E-03
+17.25000E-06,+628.14068608E-03,+568.09044490E-03,+738.69347013E-03
+17.30000E-06,+567.83917918E-03,+553.01506817E-03,+638.19095864E-03
+17.35000E-06,+597.98993263E-03,+558.04019375E-03,+678.39196324E-03
+17.40000E-06,+567.83917918E-03,+553.01506817E-03,+618.09045634E-03
+17.45000E-06,+537.68842574E-03,+593.21607277E-03,+522.61307044E-03
+17.50000E-06,+497.48742115E-03,+593.21607277E-03,+427.13568453E-03
+17.55000E-06,+477.38691885E-03,+542.96481702E-03,+432.16081010E-03
+17.60000E-06,+487.43717000E-03,+553.01506817E-03,+417.08543338E-03
+17.65000E-06,+482.41204443E-03,+547.98994260E-03,+457.28643797E-03
+17.70000E-06,+517.58792345E-03,+563.06531932E-03,+427.13568453E-03
+17.75000E-06,+537.68842574E-03,+547.98994260E-03,+457.28643797E-03
+17.80000E-06,+547.73867689E-03,+573.11557047E-03,+497.48744257E-03
+17.85000E-06,+603.01505821E-03,+588.19094720E-03,+527.63819602E-03
+17.90000E-06,+638.19093723E-03,+573.11557047E-03,+557.78894946E-03
+17.95000E-06,+663.31656510E-03,+623.36682622E-03,+663.31658653E-03
+18.00000E-06,+668.34169067E-03,+613.31657506E-03,+678.39196325E-03
+18.05000E-06,+648.24118838E-03,+633.41707736E-03,+703.51759112E-03
+18.10000E-06,+648.24118837E-03,+573.11557047E-03,+768.84422358E-03
+18.15000E-06,+658.29143952E-03,+583.16582162E-03,+768.84422358E-03
+18.20000E-06,+628.14068608E-03,+553.01506817E-03,+718.59296783E-03
+18.25000E-06,+592.96480706E-03,+547.98994260E-03,+703.51759111E-03
+18.30000E-06,+527.63817459E-03,+563.06531933E-03,+557.78894945E-03
+18.35000E-06,+572.86430476E-03,+573.11557047E-03,+597.98995405E-03
+18.40000E-06,+507.53767229E-03,+573.11557047E-03,+457.28643797E-03
+18.45000E-06,+497.48742115E-03,+553.01506817E-03,+447.23618682E-03
+18.50000E-06,+487.43717000E-03,+563.06531932E-03,+427.13568453E-03
+18.55000E-06,+462.31154212E-03,+558.04019375E-03,+396.98493108E-03
+18.60000E-06,+487.43717000E-03,+553.01506817E-03,+417.08543338E-03
+18.65000E-06,+532.66330017E-03,+542.96481703E-03,+482.41206585E-03
+18.70000E-06,+547.73867690E-03,+573.11557047E-03,+477.38694027E-03
+18.75000E-06,+592.96480706E-03,+608.29144950E-03,+517.58794487E-03
+18.80000E-06,+567.83917919E-03,+573.11557047E-03,+497.48744257E-03
+18.85000E-06,+613.06530936E-03,+633.41707736E-03,+557.78894946E-03
+18.90000E-06,+628.14068608E-03,+623.36682622E-03,+587.93970291E-03
+18.95000E-06,+628.14068608E-03,+608.29144949E-03,+648.24120981E-03
+19.00000E-06,+688.44219297E-03,+613.31657506E-03,+758.79397243E-03
+19.05000E-06,+658.29143952E-03,+588.19094719E-03,+743.71859571E-03
+19.10000E-06,+648.24118837E-03,+573.11557046E-03,+718.59296784E-03
+19.15000E-06,+658.29143952E-03,+573.11557047E-03,+763.81909801E-03
+19.20000E-06,+608.04018378E-03,+553.01506817E-03,+738.69347012E-03
+19.25000E-06,+587.93968148E-03,+558.04019375E-03,+638.19095863E-03
+19.30000E-06,+537.68842574E-03,+563.06531932E-03,+537.68844715E-03
+19.35000E-06,+502.51254672E-03,+558.04019375E-03,+442.21106124E-03
+19.40000E-06,+507.53767229E-03,+553.01506817E-03,+457.28643797E-03
+19.45000E-06,+497.48742114E-03,+563.06531932E-03,+402.01005666E-03
+19.50000E-06,+487.43717000E-03,+532.91456587E-03,+427.13568453E-03
+19.55000E-06,+482.41204443E-03,+558.04019375E-03,+417.08543338E-03
+19.60000E-06,+487.43717001E-03,+553.01506817E-03,+417.08543339E-03
+19.65000E-06,+542.71355132E-03,+553.01506818E-03,+467.33668913E-03
+19.70000E-06,+567.83917919E-03,+563.06531933E-03,+527.63819602E-03
+19.75000E-06,+592.96480706E-03,+578.14069605E-03,+522.61307044E-03
+19.80000E-06,+608.04018379E-03,+613.31657507E-03,+537.68844717E-03
+19.85000E-06,+668.34169067E-03,+628.39195179E-03,+643.21608423E-03
+19.90000E-06,+648.24118838E-03,+623.36682621E-03,+648.24120981E-03
+19.95000E-06,+663.31656510E-03,+618.34170064E-03,+723.61809342E-03
+20.00000E-06,+668.34169067E-03,+613.31657506E-03,+758.79397243E-03
+20.05000E-06,+678.39194182E-03,+598.24119834E-03,+773.86934915E-03
+20.10000E-06,+618.09043493E-03,+583.16582162E-03,+708.54271668E-03
+20.15000E-06,+603.01505820E-03,+573.11557047E-03,+668.34171208E-03
+20.20000E-06,+608.04018378E-03,+553.01506818E-03,+678.39196323E-03
+20.25000E-06,+557.78892803E-03,+558.04019375E-03,+542.71357272E-03
+20.30000E-06,+497.48742115E-03,+553.01506817E-03,+457.28643797E-03
+20.35000E-06,+487.43716999E-03,+558.04019375E-03,+462.31156354E-03
+20.40000E-06,+467.33666771E-03,+573.11557047E-03,+417.08543338E-03
+20.45000E-06,+507.53767230E-03,+547.98994260E-03,+442.21106125E-03
+20.50000E-06,+497.48742115E-03,+542.96481702E-03,+427.13568453E-03
+20.55000E-06,+502.51254672E-03,+517.83918915E-03,+452.26131240E-03
+20.60000E-06,+567.83917919E-03,+573.11557047E-03,+497.48744257E-03
+20.65000E-06,+582.91455592E-03,+568.09044490E-03,+512.56281930E-03
+20.70000E-06,+608.04018379E-03,+563.06531933E-03,+527.63819602E-03
+20.75000E-06,+643.21606280E-03,+593.21607277E-03,+577.88945176E-03
+20.80000E-06,+668.34169068E-03,+633.41707736E-03,+638.19095866E-03
+20.85000E-06,+668.34169067E-03,+633.41707736E-03,+678.39196325E-03
+20.90000E-06,+648.24118838E-03,+593.21607276E-03,+738.69347014E-03
+20.95000E-06,+668.34169067E-03,+608.29144949E-03,+743.71859572E-03
+21.00000E-06,+628.14068608E-03,+573.11557047E-03,+738.69347013E-03
+21.05000E-06,+633.16581165E-03,+573.11557047E-03,+728.64321898E-03
+21.10000E-06,+618.09043493E-03,+553.01506817E-03,+738.69347012E-03
+21.15000E-06,+577.88943033E-03,+553.01506817E-03,+582.91457732E-03
+21.20000E-06,+567.83917918E-03,+553.01506817E-03,+577.88945174E-03
+21.25000E-06,+482.41204442E-03,+588.19094719E-03,+427.13568452E-03
+21.30000E-06,+497.48742115E-03,+563.06531932E-03,+457.28643796E-03
+21.35000E-06,+482.41204442E-03,+553.01506817E-03,+422.11055895E-03
+21.40000E-06,+487.43717000E-03,+532.91456588E-03,+417.08543338E-03
+21.45000E-06,+482.41204443E-03,+553.01506817E-03,+412.06030781E-03
+21.50000E-06,+497.48742115E-03,+542.96481703E-03,+437.18593568E-03
+21.55000E-06,+542.71355132E-03,+532.91456588E-03,+472.36181470E-03
+21.60000E-06,+567.83917919E-03,+573.11557047E-03,+497.48744257E-03
+21.65000E-06,+577.88943034E-03,+583.16582162E-03,+512.56281930E-03
+21.70000E-06,+628.14068608E-03,+623.36682622E-03,+587.93970293E-03
+21.75000E-06,+658.29143953E-03,+628.39195179E-03,+653.26633538E-03
+21.80000E-06,+648.24118837E-03,+653.51757965E-03,+718.59296784E-03
+21.85000E-06,+683.41706740E-03,+623.36682621E-03,+733.66834457E-03
+21.90000E-06,+658.29143952E-03,+603.26632391E-03,+738.69347014E-03
+21.95000E-06,+638.19093722E-03,+583.16582161E-03,+758.79397243E-03
+22.00000E-06,+648.24118837E-03,+573.11557047E-03,+718.59296783E-03
+22.05000E-06,+603.01505821E-03,+563.06531933E-03,+683.41708880E-03
+22.10000E-06,+527.63817459E-03,+593.21607277E-03,+537.68844715E-03
+22.15000E-06,+522.61304901E-03,+588.19094720E-03,+462.31156354E-03
+22.20000E-06,+487.43716999E-03,+573.11557047E-03,+457.28643797E-03
+22.25000E-06,+507.53767230E-03,+563.06531932E-03,+442.21106125E-03
+22.30000E-06,+497.48742115E-03,+563.06531932E-03,+437.18593568E-03
+22.35000E-06,+467.33666770E-03,+532.91456588E-03,+432.16081010E-03
+22.40000E-06,+527.63817460E-03,+532.91456588E-03,+457.28643798E-03
+22.45000E-06,+537.68842575E-03,+573.11557047E-03,+477.38694027E-03
+22.50000E-06,+557.78892805E-03,+553.01506818E-03,+477.38694028E-03
+22.55000E-06,+587.93968149E-03,+568.09044490E-03,+482.41206584E-03
+22.60000E-06,+587.93968149E-03,+593.21607278E-03,+537.68844718E-03
+22.65000E-06,+623.11556051E-03,+603.26632392E-03,+572.86432620E-03
+22.70000E-06,+648.24118838E-03,+633.41707737E-03,+648.24120981E-03
+22.75000E-06,+668.34169067E-03,+603.26632391E-03,+768.84422360E-03
+22.80000E-06,+648.24118838E-03,+633.41707735E-03,+698.49246555E-03
+22.85000E-06,+678.39194182E-03,+578.14069604E-03,+738.69347014E-03
+22.90000E-06,+618.09043492E-03,+583.16582162E-03,+758.79397242E-03
+22.95000E-06,+603.01505820E-03,+537.93969145E-03,+658.29146093E-03
+23.00000E-06,+608.04018377E-03,+553.01506818E-03,+658.29146092E-03
+23.05000E-06,+577.88943032E-03,+578.14069605E-03,+577.88945174E-03
+23.10000E-06,+547.73867688E-03,+553.01506818E-03,+537.68844714E-03
+23.15000E-06,+497.48742114E-03,+558.04019375E-03,+477.38694026E-03
+23.20000E-06,+467.33666770E-03,+553.01506817E-03,+396.98493108E-03
+23.25000E-06,+482.41204442E-03,+532.91456588E-03,+422.11055896E-03
+23.30000E-06,+497.48742115E-03,+563.06531931E-03,+427.13568454E-03
+23.35000E-06,+482.41204443E-03,+532.91456588E-03,+452.26131240E-03
+23.40000E-06,+487.43717001E-03,+553.01506818E-03,+457.28643797E-03
+23.45000E-06,+587.93968149E-03,+573.11557047E-03,+477.38694027E-03
+23.50000E-06,+597.98993265E-03,+583.16582163E-03,+537.68844717E-03
+23.55000E-06,+613.06530937E-03,+598.24119835E-03,+542.71357275E-03
+23.60000E-06,+648.24118838E-03,+633.41707737E-03,+638.19095865E-03
+23.65000E-06,+653.26631395E-03,+613.31657507E-03,+673.36683768E-03
+23.70000E-06,+668.34169067E-03,+633.41707736E-03,+718.59296785E-03
+23.75000E-06,+673.36681625E-03,+598.24119834E-03,+743.71859572E-03
+23.80000E-06,+628.14068608E-03,+573.11557047E-03,+778.89447473E-03
+23.85000E-06,+587.93968149E-03,+553.01506817E-03,+718.59296783E-03
+23.90000E-06,+597.98993263E-03,+553.01506817E-03,+678.39196323E-03
+23.95000E-06,+597.98993263E-03,+558.04019374E-03,+698.49246553E-03
+24.00000E-06,+547.73867688E-03,+573.11557047E-03,+577.88945174E-03
+24.05000E-06,+532.66330016E-03,+558.04019375E-03,+512.56281928E-03
+24.10000E-06,+477.38691884E-03,+573.11557047E-03,+437.18593567E-03
+24.15000E-06,+492.46229557E-03,+558.04019374E-03,+442.21106125E-03
+24.20000E-06,+487.43717001E-03,+532.91456588E-03,+417.08543338E-03
+24.25000E-06,+542.71355133E-03,+547.98994261E-03,+457.28643799E-03
+24.30000E-06,+567.83917919E-03,+573.11557048E-03,+497.48744257E-03
+24.35000E-06,+623.11556051E-03,+598.24119834E-03,+527.63819602E-03
+24.40000E-06,+628.14068609E-03,+633.41707737E-03,+537.68844718E-03
+24.45000E-06,+638.19093723E-03,+613.31657507E-03,+673.36683768E-03
+24.50000E-06,+668.34169067E-03,+623.36682621E-03,+718.59296785E-03
+24.55000E-06,+663.31656510E-03,+568.09044489E-03,+748.74372130E-03
+24.60000E-06,+668.34169067E-03,+593.21607276E-03,+778.89447472E-03
+24.65000E-06,+643.21606280E-03,+568.09044489E-03,+748.74372128E-03
+24.70000E-06,+618.09043492E-03,+563.06531932E-03,+688.44221436E-03
+24.75000E-06,+597.98993263E-03,+542.96481702E-03,+713.56784225E-03
+24.80000E-06,+587.93968148E-03,+553.01506818E-03,+658.29146093E-03
+24.85000E-06,+517.58792344E-03,+568.09044489E-03,+497.48744256E-03
+24.90000E-06,+527.63817459E-03,+583.16582162E-03,+507.53769370E-03
+24.95000E-06,+487.43717000E-03,+553.01506817E-03,+412.06030779E-03
+25.00000E-06,+487.43717000E-03,+512.81406358E-03,+417.08543338E-03
+25.05000E-06,+507.53767230E-03,+547.98994260E-03,+427.13568453E-03
+25.10000E-06,+507.53767231E-03,+532.91456588E-03,+447.23618683E-03
+25.15000E-06,+522.61304902E-03,+527.88944031E-03,+437.18593568E-03
+25.20000E-06,+527.63817460E-03,+553.01506818E-03,+457.28643798E-03
+25.25000E-06,+572.86430477E-03,+563.06531933E-03,+502.51256815E-03
+25.30000E-06,+618.09043493E-03,+603.26632392E-03,+567.83920063E-03
+25.35000E-06,+643.21606281E-03,+628.39195179E-03,+587.93970291E-03
+25.40000E-06,+648.24118838E-03,+633.41707736E-03,+597.98995407E-03
+25.45000E-06,+658.29143953E-03,+638.44220293E-03,+643.21608425E-03
+25.50000E-06,+648.24118838E-03,+593.21607276E-03,+728.64321899E-03
+25.55000E-06,+663.31656510E-03,+608.29144948E-03,+768.84422359E-03
+25.60000E-06,+648.24118837E-03,+553.01506817E-03,+718.59296783E-03
+25.65000E-06,+613.06530935E-03,+568.09044489E-03,+658.29146093E-03
+25.70000E-06,+587.93968147E-03,+553.01506817E-03,+648.24120977E-03
+25.75000E-06,+532.66330016E-03,+568.09044490E-03,+512.56281927E-03
+25.80000E-06,+527.63817458E-03,+573.11557047E-03,+557.78894944E-03
+25.85000E-06,+487.43717000E-03,+573.11557047E-03,+462.31156354E-03
+25.90000E-06,+507.53767229E-03,+583.16582161E-03,+457.28643796E-03
+25.95000E-06,+492.46229557E-03,+563.06531932E-03,+422.11055895E-03
+26.00000E-06,+487.43717001E-03,+553.01506817E-03,+396.98493109E-03
+26.05000E-06,+517.58792345E-03,+558.04019375E-03,+447.23618683E-03
+26.10000E-06,+497.48742116E-03,+542.96481703E-03,+467.33668913E-03
+26.15000E-06,+587.93968150E-03,+558.04019376E-03,+487.43719143E-03
+26.20000E-06,+587.93968149E-03,+613.31657507E-03,+557.78894946E-03
+26.25000E-06,+613.06530936E-03,+603.26632392E-03,+567.83920063E-03
+26.30000E-06,+618.09043493E-03,+633.41707736E-03,+608.04020522E-03
+26.35000E-06,+648.24118838E-03,+618.34170064E-03,+643.21608423E-03
+26.40000E-06,+688.44219296E-03,+613.31657506E-03,+758.79397244E-03
+26.45000E-06,+683.41706739E-03,+618.34170063E-03,+713.56784227E-03
+26.50000E-06,+658.29143952E-03,+593.21607277E-03,+768.84422358E-03
+26.55000E-06,+653.26631395E-03,+568.09044489E-03,+778.89447473E-03
+26.60000E-06,+628.14068607E-03,+553.01506818E-03,+718.59296782E-03
+26.65000E-06,+577.88943033E-03,+558.04019375E-03,+613.06533076E-03
+26.70000E-06,+577.88943033E-03,+573.11557048E-03,+587.93970287E-03
+26.75000E-06,+512.56279787E-03,+573.11557047E-03,+477.38694026E-03
+26.80000E-06,+507.53767230E-03,+573.11557047E-03,+497.48744256E-03
+26.85000E-06,+482.41204442E-03,+553.01506817E-03,+447.23618682E-03
+26.90000E-06,+497.48742115E-03,+573.11557046E-03,+457.28643797E-03
+26.95000E-06,+492.46229558E-03,+527.88944029E-03,+447.23618683E-03
+27.00000E-06,+527.63817461E-03,+512.81406359E-03,+457.28643798E-03
+27.05000E-06,+522.61304903E-03,+532.91456588E-03,+487.43719143E-03
+27.10000E-06,+557.78892805E-03,+563.06531933E-03,+507.53769372E-03
+27.15000E-06,+587.93968149E-03,+588.19094720E-03,+507.53769372E-03
+27.20000E-06,+608.04018379E-03,+613.31657507E-03,+537.68844719E-03
+27.25000E-06,+653.26631396E-03,+633.41707736E-03,+613.06533079E-03
+27.30000E-06,+668.34169067E-03,+643.46732852E-03,+668.34171211E-03
+27.35000E-06,+663.31656510E-03,+598.24119834E-03,+738.69347015E-03
+27.40000E-06,+668.34169067E-03,+613.31657506E-03,+758.79397243E-03
+27.45000E-06,+653.26631394E-03,+583.16582161E-03,+748.74372128E-03
+27.50000E-06,+618.09043493E-03,+563.06531932E-03,+708.54271667E-03
+27.55000E-06,+613.06530935E-03,+537.93969145E-03,+693.46733995E-03
+27.60000E-06,+587.93968148E-03,+553.01506818E-03,+638.19095862E-03
+27.65000E-06,+512.56279787E-03,+568.09044489E-03,+507.53769371E-03
+27.70000E-06,+527.63817459E-03,+563.06531933E-03,+507.53769370E-03
+27.75000E-06,+502.51254671E-03,+553.01506817E-03,+442.21106123E-03
+27.80000E-06,+467.33666771E-03,+553.01506817E-03,+437.18593567E-03
+27.85000E-06,+492.46229558E-03,+527.88944030E-03,+417.08543338E-03
+27.90000E-06,+517.58792345E-03,+532.91456588E-03,+437.18593568E-03
+27.95000E-06,+502.51254673E-03,+522.86431472E-03,+452.26131240E-03
+28.00000E-06,+547.73867690E-03,+553.01506819E-03,+477.38694028E-03
+28.05000E-06,+577.88943036E-03,+558.04019377E-03,+492.46231702E-03
+28.10000E-06,+638.19093724E-03,+603.26632392E-03,+567.83920063E-03
+28.15000E-06,+658.29143953E-03,+643.46732852E-03,+678.39196328E-03
+28.20000E-06,+648.24118837E-03,+613.31657505E-03,+738.69347014E-03
+28.25000E-06,+668.34169067E-03,+603.26632391E-03,+758.79397243E-03
+28.30000E-06,+638.19093722E-03,+553.01506816E-03,+768.84422359E-03
+28.35000E-06,+603.01505820E-03,+568.09044488E-03,+728.64321898E-03
+28.40000E-06,+587.93968147E-03,+532.91456588E-03,+658.29146092E-03
+28.45000E-06,+597.98993263E-03,+573.11557047E-03,+608.04020518E-03
+28.50000E-06,+577.88943032E-03,+553.01506818E-03,+587.93970287E-03
+28.55000E-06,+552.76380246E-03,+553.01506817E-03,+512.56281928E-03
+28.60000E-06,+487.43717000E-03,+573.11557047E-03,+417.08543338E-03
+28.65000E-06,+472.36179328E-03,+558.04019373E-03,+407.03518224E-03
+28.70000E-06,+457.28641657E-03,+532.91456588E-03,+427.13568453E-03
+28.75000E-06,+487.43717000E-03,+527.88944031E-03,+447.23618683E-03
+28.80000E-06,+527.63817460E-03,+553.01506818E-03,+477.38694028E-03
+28.85000E-06,+547.73867691E-03,+563.06531933E-03,+487.43719143E-03
+28.90000E-06,+587.93968149E-03,+603.26632393E-03,+517.58794488E-03
+28.95000E-06,+608.04018380E-03,+598.24119836E-03,+542.71357275E-03
+29.00000E-06,+648.24118838E-03,+613.31657507E-03,+577.88945178E-03
+29.05000E-06,+663.31656510E-03,+633.41707736E-03,+653.26633539E-03
+29.10000E-06,+658.29143954E-03,+603.26632391E-03,+678.39196327E-03
+29.15000E-06,+668.34169067E-03,+623.36682620E-03,+728.64321900E-03
+29.20000E-06,+648.24118838E-03,+593.21607276E-03,+738.69347015E-03
+29.25000E-06,+668.34169066E-03,+578.14069605E-03,+778.89447471E-03
+29.30000E-06,+618.09043492E-03,+563.06531932E-03,+678.39196322E-03
+29.35000E-06,+597.98993262E-03,+558.04019374E-03,+678.39196321E-03
+29.40000E-06,+567.83917918E-03,+553.01506817E-03,+577.88945174E-03
+29.45000E-06,+542.71355131E-03,+583.16582161E-03,+507.53769371E-03
+29.50000E-06,+517.58792344E-03,+583.16582161E-03,+487.43719140E-03
+29.55000E-06,+517.58792344E-03,+568.09044490E-03,+467.33668909E-03
+29.60000E-06,+467.33666771E-03,+573.11557047E-03,+437.18593567E-03
+29.65000E-06,+487.43717000E-03,+522.86431474E-03,+427.13568454E-03
+29.70000E-06,+497.48742115E-03,+542.96481702E-03,+447.23618683E-03
+29.75000E-06,+532.66330018E-03,+532.91456588E-03,+462.31156356E-03
+29.80000E-06,+567.83917920E-03,+553.01506819E-03,+477.38694028E-03
+29.85000E-06,+582.91455593E-03,+563.06531933E-03,+507.53769373E-03
+29.90000E-06,+618.09043495E-03,+583.16582163E-03,+547.73869833E-03
+29.95000E-06,+618.09043494E-03,+618.34170065E-03,+608.04020523E-03
+30.00000E-06,+628.14068609E-03,+633.41707737E-03,+537.68844719E-03
+30.05000E-06,+618.09043494E-03,+628.39195178E-03,+678.39196326E-03
+30.10000E-06,+678.39194183E-03,+623.36682621E-03,+738.69347014E-03
+30.15000E-06,+683.41706740E-03,+608.29144948E-03,+748.74372131E-03
+30.20000E-06,+668.34169067E-03,+593.21607276E-03,+798.99497702E-03
+30.25000E-06,+658.29143952E-03,+583.16582161E-03,+753.76884685E-03
+30.30000E-06,+597.98993261E-03,+563.06531933E-03,+678.39196321E-03
+30.35000E-06,+592.96480705E-03,+547.98994260E-03,+643.21608422E-03
+30.40000E-06,+547.73867689E-03,+553.01506818E-03,+557.78894944E-03
+30.45000E-06,+542.71355129E-03,+553.01506817E-03,+542.71357268E-03
+30.50000E-06,+487.43717001E-03,+603.26632391E-03,+457.28643796E-03
+30.55000E-06,+502.51254671E-03,+568.09044490E-03,+442.21106123E-03
+30.60000E-06,+507.53767229E-03,+532.91456588E-03,+437.18593568E-03
+30.65000E-06,+492.46229558E-03,+537.93969146E-03,+442.21106126E-03
+30.70000E-06,+487.43717001E-03,+532.91456588E-03,+447.23618684E-03
+30.75000E-06,+547.73867691E-03,+553.01506817E-03,+497.48744259E-03
+30.80000E-06,+567.83917920E-03,+593.21607277E-03,+517.58794487E-03
+30.85000E-06,+618.09043494E-03,+608.29144951E-03,+532.66332160E-03
+30.90000E-06,+638.19093723E-03,+633.41707736E-03,+587.93970292E-03
+30.95000E-06,+668.34169067E-03,+623.36682620E-03,+653.26633538E-03
+31.00000E-06,+668.34169067E-03,+613.31657506E-03,+718.59296785E-03
+31.05000E-06,+668.34169067E-03,+613.31657504E-03,+743.71859571E-03
+31.10000E-06,+658.29143952E-03,+613.31657506E-03,+768.84422358E-03
+31.15000E-06,+582.91455590E-03,+542.96481701E-03,+718.59296782E-03
+31.20000E-06,+608.04018378E-03,+573.11557047E-03,+698.49246553E-03
+31.25000E-06,+557.78892803E-03,+547.98994261E-03,+613.06533073E-03
+31.30000E-06,+557.78892803E-03,+573.11557047E-03,+587.93970287E-03
+31.35000E-06,+537.68842573E-03,+573.11557047E-03,+512.56281925E-03
+31.40000E-06,+527.63817458E-03,+573.11557047E-03,+517.58794484E-03
+31.45000E-06,+487.43717000E-03,+537.93969146E-03,+422.11055896E-03
+31.50000E-06,+487.43717000E-03,+553.01506817E-03,+427.13568453E-03
+31.55000E-06,+482.41204443E-03,+537.93969145E-03,+432.16081011E-03
+31.60000E-06,+527.63817461E-03,+573.11557047E-03,+437.18593569E-03
+31.65000E-06,+557.78892805E-03,+563.06531933E-03,+482.41206585E-03
+31.70000E-06,+587.93968151E-03,+573.11557049E-03,+527.63819603E-03
+31.75000E-06,+603.01505821E-03,+613.31657507E-03,+537.68844716E-03
+31.80000E-06,+648.24118837E-03,+613.31657507E-03,+557.78894949E-03
+31.85000E-06,+648.24118838E-03,+633.41707736E-03,+653.26633539E-03
+31.90000E-06,+658.29143953E-03,+613.31657507E-03,+708.54271671E-03
+31.95000E-06,+633.16581165E-03,+588.19094718E-03,+758.79397245E-03
+32.00000E-06,+668.34169066E-03,+573.11557047E-03,+738.69347014E-03
+32.05000E-06,+628.14068606E-03,+553.01506817E-03,+743.71859569E-03
+32.10000E-06,+587.93968146E-03,+553.01506817E-03,+668.34171206E-03
+32.15000E-06,+542.71355130E-03,+568.09044490E-03,+567.83920058E-03
+32.20000E-06,+527.63817458E-03,+573.11557047E-03,+577.88945172E-03
+32.25000E-06,+522.61304901E-03,+573.11557047E-03,+432.16081010E-03
+32.30000E-06,+487.43717000E-03,+563.06531932E-03,+437.18593567E-03
+32.35000E-06,+472.36179327E-03,+537.93969144E-03,+432.16081011E-03
+32.40000E-06,+487.43717001E-03,+532.91456588E-03,+417.08543339E-03
+32.45000E-06,+502.51254674E-03,+568.09044489E-03,+427.13568454E-03
+32.50000E-06,+537.68842575E-03,+542.96481703E-03,+487.43719144E-03
+32.55000E-06,+592.96480708E-03,+568.09044490E-03,+507.53769373E-03
+32.60000E-06,+587.93968150E-03,+593.21607277E-03,+517.58794489E-03
+32.65000E-06,+597.98993265E-03,+613.31657507E-03,+532.66332160E-03
+32.70000E-06,+618.09043495E-03,+623.36682623E-03,+557.78894947E-03
+32.75000E-06,+668.34169067E-03,+633.41707736E-03,+693.46733999E-03
+32.80000E-06,+688.44219297E-03,+613.31657505E-03,+718.59296785E-03
+32.85000E-06,+658.29143951E-03,+598.24119833E-03,+733.66834456E-03
+32.90000E-06,+648.24118838E-03,+603.26632390E-03,+758.79397243E-03
+32.95000E-06,+623.11556051E-03,+553.01506817E-03,+728.64321898E-03
+33.00000E-06,+628.14068607E-03,+553.01506817E-03,+718.59296780E-03
+33.05000E-06,+592.96480702E-03,+558.04019375E-03,+653.26633530E-03
+33.10000E-06,+567.83917917E-03,+573.11557047E-03,+608.04020517E-03
+33.15000E-06,+507.53767230E-03,+573.11557047E-03,+482.41206582E-03
+33.20000E-06,+467.33666770E-03,+573.11557046E-03,+417.08543339E-03
+33.25000E-06,+472.36179328E-03,+547.98994259E-03,+407.03518224E-03
+33.30000E-06,+497.48742115E-03,+532.91456586E-03,+447.23618682E-03
+33.35000E-06,+512.56279786E-03,+527.88944028E-03,+412.06030781E-03
+33.40000E-06,+507.53767233E-03,+553.01506817E-03,+457.28643799E-03
+33.45000E-06,+542.71355133E-03,+522.86431474E-03,+437.18593570E-03
+33.50000E-06,+567.83917921E-03,+583.16582164E-03,+527.63819603E-03
+33.55000E-06,+587.93968151E-03,+588.19094720E-03,+522.61307046E-03
+33.60000E-06,+628.14068608E-03,+593.21607278E-03,+537.68844721E-03
+33.65000E-06,+653.26631396E-03,+633.41707736E-03,+572.86432622E-03
+33.70000E-06,+668.34169067E-03,+623.36682621E-03,+648.24120984E-03
+33.75000E-06,+683.41706740E-03,+633.41707736E-03,+728.64321902E-03
+33.80000E-06,+628.14068609E-03,+593.21607277E-03,+778.89447473E-03
+33.85000E-06,+648.24118838E-03,+593.21607277E-03,+763.81909801E-03
+33.90000E-06,+638.19093722E-03,+563.06531930E-03,+758.79397243E-03
+33.95000E-06,+633.16581165E-03,+558.04019374E-03,+733.66834454E-03
+34.00000E-06,+547.73867688E-03,+593.21607277E-03,+577.88945173E-03
+34.05000E-06,+552.76380245E-03,+563.06531933E-03,+572.86432615E-03
+34.10000E-06,+537.68842572E-03,+563.06531933E-03,+537.68844711E-03
+34.15000E-06,+492.46229557E-03,+537.93969144E-03,+447.23618679E-03
+34.20000E-06,+487.43717000E-03,+532.91456588E-03,+396.98493109E-03
+34.25000E-06,+492.46229558E-03,+568.09044489E-03,+417.08543340E-03
+34.30000E-06,+507.53767231E-03,+563.06531933E-03,+457.28643799E-03
+34.35000E-06,+532.66330019E-03,+537.93969144E-03,+467.33668913E-03
+34.40000E-06,+547.73867690E-03,+532.91456589E-03,+457.28643799E-03
+34.45000E-06,+567.83917921E-03,+568.09044491E-03,+492.46231701E-03
+34.50000E-06,+618.09043494E-03,+573.11557048E-03,+537.68844720E-03
+34.55000E-06,+663.31656513E-03,+623.36682623E-03,+608.04020524E-03
+34.60000E-06,+628.14068610E-03,+653.51757965E-03,+658.29146097E-03
+34.65000E-06,+668.34169067E-03,+643.46732850E-03,+703.51759115E-03
+34.70000E-06,+658.29143953E-03,+613.31657507E-03,+738.69347015E-03
+34.75000E-06,+643.21606278E-03,+583.16582161E-03,+753.76884686E-03
+34.80000E-06,+648.24118837E-03,+573.11557046E-03,+758.79397241E-03
+34.85000E-06,+623.11556050E-03,+573.11557047E-03,+683.41708880E-03
+34.90000E-06,+587.93968146E-03,+573.11557047E-03,+658.29146088E-03
+34.95000E-06,+572.86430473E-03,+583.16582163E-03,+587.93970284E-03
+35.00000E-06,+487.43717001E-03,+573.11557047E-03,+497.48744256E-03
+35.05000E-06,+517.58792343E-03,+568.09044489E-03,+512.56281926E-03
+35.10000E-06,+497.48742113E-03,+573.11557047E-03,+467.33668909E-03
+35.15000E-06,+492.46229557E-03,+527.88944028E-03,+442.21106127E-03
+35.20000E-06,+507.53767231E-03,+532.91456588E-03,+437.18593568E-03
+35.25000E-06,+517.58792346E-03,+547.98994259E-03,+462.31156355E-03
+35.30000E-06,+517.58792348E-03,+532.91456586E-03,+437.18593570E-03
+35.35000E-06,+572.86430478E-03,+603.26632393E-03,+507.53769373E-03
+35.40000E-06,+587.93968150E-03,+573.11557049E-03,+517.58794488E-03
+35.45000E-06,+597.98993265E-03,+588.19094721E-03,+552.76382393E-03
+35.50000E-06,+618.09043495E-03,+633.41707738E-03,+587.93970295E-03
+35.55000E-06,+658.29143954E-03,+633.41707736E-03,+658.29146100E-03
+35.60000E-06,+668.34169068E-03,+633.41707735E-03,+718.59296786E-03
+35.65000E-06,+663.31656509E-03,+608.29144948E-03,+743.71859572E-03
+35.70000E-06,+648.24118838E-03,+613.31657505E-03,+778.89447473E-03
+35.75000E-06,+628.14068605E-03,+568.09044488E-03,+718.59296781E-03
+35.80000E-06,+648.24118836E-03,+553.01506818E-03,+718.59296780E-03
+35.85000E-06,+592.96480704E-03,+573.11557047E-03,+683.41708875E-03
+35.90000E-06,+547.73867686E-03,+573.11557048E-03,+567.83920055E-03
+35.95000E-06,+562.81405359E-03,+573.11557047E-03,+572.86432614E-03
+36.00000E-06,+507.53767230E-03,+573.11557046E-03,+477.38694026E-03
+36.05000E-06,+517.58792343E-03,+578.14069603E-03,+482.41206583E-03
+36.10000E-06,+507.53767230E-03,+553.01506816E-03,+457.28643796E-03
+36.15000E-06,+492.46229557E-03,+537.93969144E-03,+422.11055895E-03
+36.20000E-06,+487.43717003E-03,+512.81406360E-03,+437.18593569E-03
+36.25000E-06,+512.56279790E-03,+563.06531934E-03,+452.26131242E-03
+36.30000E-06,+567.83917921E-03,+583.16582163E-03,+497.48744257E-03
+36.35000E-06,+587.93968151E-03,+568.09044490E-03,+487.43719143E-03
+36.40000E-06,+587.93968151E-03,+573.11557049E-03,+497.48744263E-03
+36.45000E-06,+638.19093724E-03,+633.41707736E-03,+608.04020524E-03
+36.50000E-06,+648.24118838E-03,+633.41707739E-03,+618.09045639E-03
+36.55000E-06,+663.31656511E-03,+618.34170063E-03,+738.69347016E-03
+36.60000E-06,+648.24118837E-03,+613.31657505E-03,+758.79397244E-03
+36.65000E-06,+648.24118838E-03,+588.19094719E-03,+768.84422357E-03
+36.70000E-06,+628.14068605E-03,+593.21607275E-03,+708.54271666E-03
+36.75000E-06,+587.93968146E-03,+527.88944028E-03,+658.29146092E-03
+36.80000E-06,+587.93968149E-03,+553.01506818E-03,+597.98995405E-03
+36.85000E-06,+572.86430474E-03,+537.93969146E-03,+582.91457728E-03
+36.90000E-06,+527.63817459E-03,+563.06531932E-03,+497.48744255E-03
+36.95000E-06,+522.61304900E-03,+558.04019374E-03,+492.46231695E-03
+37.00000E-06,+467.33666770E-03,+512.81406359E-03,+417.08543338E-03
+37.05000E-06,+487.43717000E-03,+547.98994259E-03,+396.98493111E-03
+37.10000E-06,+517.58792345E-03,+522.86431472E-03,+437.18593569E-03
+37.15000E-06,+497.48742116E-03,+517.83918915E-03,+462.31156357E-03
+37.20000E-06,+527.63817462E-03,+532.91456589E-03,+477.38694028E-03
+37.25000E-06,+552.76380247E-03,+558.04019375E-03,+482.41206585E-03
+37.30000E-06,+597.98993264E-03,+593.21607278E-03,+517.58794488E-03
+37.35000E-06,+633.16581168E-03,+608.29144953E-03,+587.93970295E-03
+37.40000E-06,+628.14068609E-03,+653.51757965E-03,+638.19095867E-03
+37.45000E-06,+653.26631396E-03,+618.34170065E-03,+683.41708885E-03
+37.50000E-06,+658.29143953E-03,+613.31657507E-03,+688.44221443E-03
+37.55000E-06,+653.26631394E-03,+573.11557044E-03,+758.79397246E-03
+37.60000E-06,+708.54269524E-03,+573.11557047E-03,+758.79397242E-03
+37.65000E-06,+638.19093721E-03,+563.06531931E-03,+763.81909799E-03
+37.70000E-06,+587.93968147E-03,+573.11557047E-03,+678.39196321E-03
+37.75000E-06,+603.01505819E-03,+568.09044490E-03,+663.31658648E-03
+37.80000E-06,+567.83917917E-03,+553.01506819E-03,+577.88945172E-03
+37.85000E-06,+512.56279785E-03,+573.11557047E-03,+467.33668911E-03
+37.90000E-06,+507.53767228E-03,+573.11557046E-03,+467.33668910E-03
+37.95000E-06,+497.48742116E-03,+558.04019374E-03,+457.28643797E-03
+38.00000E-06,+447.23616543E-03,+573.11557046E-03,+376.88442881E-03
+38.05000E-06,+522.61304901E-03,+553.01506817E-03,+447.23618684E-03
+38.10000E-06,+527.63817461E-03,+532.91456588E-03,+467.33668913E-03
+38.15000E-06,+557.78892805E-03,+568.09044490E-03,+497.48744257E-03
+38.20000E-06,+587.93968151E-03,+573.11557050E-03,+497.48744261E-03
+38.25000E-06,+618.09043495E-03,+623.36682623E-03,+532.66332167E-03
+38.30000E-06,+628.14068608E-03,+613.31657507E-03,+577.88945177E-03
+38.35000E-06,+653.26631397E-03,+643.46732853E-03,+678.39196330E-03
+38.40000E-06,+668.34169067E-03,+633.41707734E-03,+738.69347014E-03
+38.45000E-06,+673.36681623E-03,+613.31657504E-03,+743.71859572E-03
+38.50000E-06,+638.19093722E-03,+593.21607274E-03,+738.69347015E-03
+38.55000E-06,+653.26631394E-03,+578.14069604E-03,+763.81909800E-03
+38.60000E-06,+628.14068606E-03,+553.01506819E-03,+738.69347008E-03
+38.65000E-06,+603.01505820E-03,+553.01506817E-03,+688.44221435E-03
+38.70000E-06,+567.83917919E-03,+573.11557049E-03,+587.93970290E-03
+38.75000E-06,+532.66330016E-03,+588.19094720E-03,+527.63819600E-03
+38.80000E-06,+487.43717000E-03,+573.11557047E-03,+457.28643795E-03
+38.85000E-06,+497.48742113E-03,+568.09044489E-03,+447.23618681E-03
+38.90000E-06,+467.33666770E-03,+522.86431472E-03,+427.13568453E-03
+38.95000E-06,+467.33666770E-03,+537.93969144E-03,+442.21106124E-03
+39.00000E-06,+487.43717002E-03,+532.91456588E-03,+457.28643799E-03
+39.05000E-06,+537.68842576E-03,+532.91456588E-03,+467.33668914E-03
+39.10000E-06,+587.93968152E-03,+573.11557049E-03,+517.58794488E-03
+39.15000E-06,+613.06530938E-03,+563.06531934E-03,+507.53769373E-03
+39.20000E-06,+648.24118837E-03,+613.31657507E-03,+557.78894951E-03
+39.25000E-06,+638.19093724E-03,+613.31657507E-03,+597.98995408E-03
+39.30000E-06,+638.19093724E-03,+623.36682622E-03,+648.24120987E-03
+39.35000E-06,+668.34169067E-03,+633.41707736E-03,+728.64321900E-03
+39.40000E-06,+648.24118836E-03,+573.11557046E-03,+778.89447470E-03
+39.45000E-06,+658.29143951E-03,+568.09044489E-03,+763.81909798E-03
+39.50000E-06,+608.04018377E-03,+553.01506816E-03,+688.44221434E-03
+39.55000E-06,+587.93968149E-03,+537.93969144E-03,+658.29146092E-03
+39.60000E-06,+608.04018375E-03,+573.11557048E-03,+577.88945172E-03
+39.65000E-06,+562.81405361E-03,+573.11557047E-03,+567.83920056E-03
+39.70000E-06,+517.58792344E-03,+563.06531933E-03,+477.38694026E-03
+39.75000E-06,+497.48742113E-03,+553.01506817E-03,+457.28643794E-03
+39.80000E-06,+467.33666771E-03,+553.01506816E-03,+417.08543339E-03
+39.85000E-06,+497.48742116E-03,+568.09044489E-03,+432.16081013E-03
+39.90000E-06,+497.48742117E-03,+542.96481703E-03,+457.28643799E-03
+39.95000E-06,+522.61304903E-03,+532.91456588E-03,+482.41206587E-03
+40.00000E-06,+587.93968149E-03,+553.01506820E-03,+497.48744259E-03
+40.05000E-06,+582.91455593E-03,+568.09044492E-03,+532.66332161E-03
+40.10000E-06,+618.09043495E-03,+573.11557049E-03,+507.53769374E-03
+40.15000E-06,+608.04018378E-03,+608.29144950E-03,+537.68844716E-03
+40.20000E-06,+628.14068610E-03,+633.41707735E-03,+658.29146098E-03
+40.25000E-06,+668.34169067E-03,+628.39195178E-03,+663.31658656E-03
+40.30000E-06,+688.44219297E-03,+603.26632391E-03,+738.69347015E-03
+40.35000E-06,+683.41706741E-03,+613.31657507E-03,+753.76884687E-03
+40.40000E-06,+648.24118837E-03,+593.21607275E-03,+778.89447471E-03
+40.45000E-06,+618.09043492E-03,+573.11557047E-03,+728.64321897E-03
+40.50000E-06,+608.04018375E-03,+563.06531933E-03,+678.39196321E-03
+40.55000E-06,+567.83917916E-03,+558.04019374E-03,+592.96482839E-03
+40.60000E-06,+547.73867687E-03,+573.11557047E-03,+597.98995398E-03
+40.65000E-06,+542.71355128E-03,+573.11557047E-03,+507.53769367E-03
+40.70000E-06,+497.48742112E-03,+573.11557047E-03,+477.38694021E-03
+40.75000E-06,+487.43717000E-03,+553.01506817E-03,+422.11055895E-03
+40.80000E-06,+507.53767230E-03,+512.81406359E-03,+437.18593569E-03
+40.85000E-06,+487.43717000E-03,+542.96481701E-03,+442.21106126E-03
+40.90000E-06,+507.53767231E-03,+532.91456588E-03,+417.08543340E-03
+40.95000E-06,+557.78892806E-03,+527.88944031E-03,+472.36181470E-03
+41.00000E-06,+547.73867691E-03,+532.91456590E-03,+497.48744258E-03
+41.05000E-06,+582.91455594E-03,+588.19094722E-03,+542.71357278E-03
+41.10000E-06,+608.04018382E-03,+613.31657510E-03,+557.78894951E-03
+41.15000E-06,+663.31656511E-03,+613.31657507E-03,+638.19095868E-03
+41.20000E-06,+628.14068610E-03,+633.41707736E-03,+638.19095870E-03
+41.25000E-06,+683.41706739E-03,+638.44220291E-03,+733.66834459E-03
+41.30000E-06,+658.29143953E-03,+623.36682621E-03,+738.69347017E-03
+41.35000E-06,+663.31656511E-03,+598.24119833E-03,+748.74372130E-03
+41.40000E-06,+668.34169067E-03,+593.21607276E-03,+778.89447471E-03
+41.45000E-06,+643.21606279E-03,+608.29144948E-03,+728.64321897E-03
+41.50000E-06,+608.04018377E-03,+563.06531933E-03,+698.49246552E-03
+41.55000E-06,+567.83917915E-03,+588.19094720E-03,+653.26633531E-03
+41.60000E-06,+567.83917915E-03,+553.01506818E-03,+537.68844715E-03
+41.65000E-06,+517.58792343E-03,+553.01506817E-03,+507.53769370E-03
+41.70000E-06,+497.48742114E-03,+573.11557045E-03,+457.28643794E-03
+41.75000E-06,+492.46229556E-03,+573.11557047E-03,+427.13568451E-03
+41.80000E-06,+467.33666773E-03,+532.91456587E-03,+417.08543340E-03
+41.85000E-06,+512.56279788E-03,+527.88944029E-03,+457.28643797E-03
+41.90000E-06,+527.63817461E-03,+532.91456586E-03,+467.33668915E-03
+41.95000E-06,+542.71355132E-03,+532.91456588E-03,+472.36181470E-03
+42.00000E-06,+587.93968149E-03,+573.11557048E-03,+497.48744258E-03
+42.05000E-06,+577.88943035E-03,+568.09044492E-03,+517.58794487E-03
+42.10000E-06,+638.19093725E-03,+603.26632393E-03,+567.83920063E-03
+42.15000E-06,+663.31656511E-03,+623.36682623E-03,+648.24120985E-03
+42.20000E-06,+648.24118839E-03,+653.51757964E-03,+638.19095869E-03
+42.25000E-06,+658.29143954E-03,+618.34170065E-03,+743.71859572E-03
+42.30000E-06,+648.24118836E-03,+613.31657503E-03,+738.69347017E-03
+42.35000E-06,+673.36681624E-03,+593.21607277E-03,+773.86934916E-03
+42.40000E-06,+648.24118833E-03,+573.11557047E-03,+758.79397235E-03
+42.45000E-06,+623.11556050E-03,+563.06531930E-03,+723.61809339E-03
+42.50000E-06,+587.93968149E-03,+542.96481703E-03,+618.09045632E-03
+42.55000E-06,+572.86430475E-03,+568.09044490E-03,+587.93970285E-03
+42.60000E-06,+487.43717001E-03,+573.11557048E-03,+457.28643796E-03
+42.65000E-06,+507.53767230E-03,+563.06531934E-03,+437.18593568E-03
+42.70000E-06,+497.48742114E-03,+553.01506817E-03,+437.18593568E-03
+42.75000E-06,+492.46229556E-03,+537.93969144E-03,+437.18593568E-03
+42.80000E-06,+527.63817461E-03,+532.91456588E-03,+417.08543341E-03
+42.85000E-06,+492.46229562E-03,+532.91456588E-03,+427.13568455E-03
+42.90000E-06,+537.68842573E-03,+542.96481703E-03,+467.33668913E-03
+42.95000E-06,+587.93968152E-03,+573.11557051E-03,+502.51256817E-03
+43.00000E-06,+628.14068610E-03,+593.21607279E-03,+537.68844722E-03
+43.05000E-06,+638.19093725E-03,+603.26632393E-03,+562.81407508E-03
+43.10000E-06,+648.24118839E-03,+613.31657507E-03,+678.39196330E-03
+43.15000E-06,+663.31656511E-03,+618.34170063E-03,+703.51759114E-03
+43.20000E-06,+668.34169066E-03,+613.31657504E-03,+758.79397243E-03
+43.25000E-06,+678.39194181E-03,+613.31657503E-03,+743.71859572E-03
+43.30000E-06,+638.19093720E-03,+583.16582161E-03,+718.59296784E-03
+43.35000E-06,+597.98993262E-03,+568.09044491E-03,+678.39196321E-03
+43.40000E-06,+608.04018376E-03,+573.11557047E-03,+678.39196319E-03
+43.45000E-06,+592.96480703E-03,+558.04019376E-03,+653.26633529E-03
+43.50000E-06,+547.73867686E-03,+553.01506817E-03,+537.68844709E-03
+43.55000E-06,+527.63817456E-03,+563.06531934E-03,+492.46231693E-03
+43.60000E-06,+487.43717000E-03,+553.01506817E-03,+417.08543338E-03
+43.65000E-06,+487.43717000E-03,+542.96481701E-03,+447.23618681E-03
+43.70000E-06,+497.48742114E-03,+563.06531930E-03,+467.33668913E-03
+43.75000E-06,+502.51254673E-03,+522.86431471E-03,+452.26131241E-03
+43.80000E-06,+507.53767232E-03,+553.01506818E-03,+477.38694027E-03
+43.85000E-06,+552.76380247E-03,+573.11557047E-03,+487.43719144E-03
+43.90000E-06,+577.88943036E-03,+553.01506821E-03,+487.43719145E-03
+43.95000E-06,+608.04018378E-03,+588.19094720E-03,+527.63819603E-03
+44.00000E-06,+628.14068609E-03,+593.21607278E-03,+557.78894952E-03
+44.05000E-06,+658.29143954E-03,+628.39195178E-03,+603.01507971E-03
+44.10000E-06,+658.29143952E-03,+643.46732850E-03,+688.44221442E-03
+44.15000E-06,+648.24118838E-03,+618.34170063E-03,+753.76884690E-03
+44.20000E-06,+648.24118837E-03,+633.41707734E-03,+738.69347012E-03
+44.25000E-06,+653.26631392E-03,+583.16582160E-03,+748.74372127E-03
+44.30000E-06,+648.24118836E-03,+583.16582161E-03,+758.79397241E-03
+44.35000E-06,+638.19093721E-03,+558.04019374E-03,+713.56784224E-03
+44.40000E-06,+608.04018374E-03,+553.01506820E-03,+658.29146086E-03
+44.45000E-06,+597.98993262E-03,+563.06531934E-03,+587.93970285E-03
+44.50000E-06,+537.68842570E-03,+563.06531933E-03,+517.58794477E-03
+44.55000E-06,+532.66330016E-03,+568.09044491E-03,+482.41206580E-03
+44.60000E-06,+487.43717000E-03,+553.01506816E-03,+437.18593568E-03
+44.65000E-06,+502.51254671E-03,+532.91456588E-03,+437.18593568E-03
+44.70000E-06,+497.48742116E-03,+542.96481702E-03,+447.23618683E-03
+44.75000E-06,+502.51254673E-03,+553.01506817E-03,+447.23618684E-03
+44.80000E-06,+547.73867691E-03,+532.91456590E-03,+497.48744257E-03
+44.85000E-06,+557.78892806E-03,+537.93969146E-03,+467.33668914E-03
+44.90000E-06,+597.98993266E-03,+623.36682624E-03,+527.63819606E-03
+44.95000E-06,+623.11556055E-03,+588.19094720E-03,+562.81407506E-03
+45.00000E-06,+648.24118838E-03,+633.41707736E-03,+618.09045639E-03
+45.05000E-06,+688.44219297E-03,+628.39195178E-03,+658.29146098E-03
+45.10000E-06,+678.39194181E-03,+613.31657507E-03,+718.59296786E-03
+45.15000E-06,+678.39194184E-03,+618.34170063E-03,+713.56784231E-03
+45.20000E-06,+668.34169065E-03,+593.21607274E-03,+738.69347012E-03
+45.25000E-06,+628.14068608E-03,+553.01506817E-03,+758.79397240E-03
+45.30000E-06,+577.88943031E-03,+563.06531933E-03,+658.29146087E-03
+45.35000E-06,+582.91455588E-03,+553.01506817E-03,+648.24120974E-03
+45.40000E-06,+587.93968147E-03,+532.91456590E-03,+557.78894939E-03
+45.45000E-06,+557.78892802E-03,+568.09044489E-03,+507.53769366E-03
+45.50000E-06,+477.38691884E-03,+553.01506817E-03,+417.08543338E-03
+45.55000E-06,+492.46229556E-03,+578.14069604E-03,+422.11055894E-03
+45.60000E-06,+487.43717001E-03,+553.01506815E-03,+437.18593567E-03
+45.65000E-06,+522.61304905E-03,+547.98994259E-03,+462.31156356E-03
+45.70000E-06,+527.63817461E-03,+542.96481703E-03,+447.23618683E-03
+45.75000E-06,+552.76380249E-03,+563.06531934E-03,+487.43719144E-03
+45.80000E-06,+628.14068608E-03,+593.21607279E-03,+517.58794491E-03
+45.85000E-06,+618.09043495E-03,+598.24119835E-03,+552.76382391E-03
+45.90000E-06,+648.24118840E-03,+613.31657508E-03,+587.93970297E-03
+45.95000E-06,+658.29143955E-03,+613.31657507E-03,+628.14070752E-03
+46.00000E-06,+668.34169067E-03,+653.51757963E-03,+718.59296786E-03
+46.05000E-06,+653.26631396E-03,+633.41707732E-03,+733.66834459E-03
+46.10000E-06,+658.29143952E-03,+603.26632389E-03,+728.64321900E-03
+46.15000E-06,+628.14068604E-03,+598.24119833E-03,+768.84422360E-03
+46.20000E-06,+648.24118834E-03,+573.11557046E-03,+778.89447465E-03
+46.25000E-06,+597.98993261E-03,+568.09044489E-03,+703.51759105E-03
+46.30000E-06,+567.83917915E-03,+563.06531933E-03,+587.93970282E-03
+46.35000E-06,+552.76380246E-03,+537.93969144E-03,+537.68844712E-03
+46.40000E-06,+507.53767228E-03,+573.11557045E-03,+517.58794482E-03
+46.45000E-06,+502.51254671E-03,+563.06531930E-03,+457.28643793E-03
+46.50000E-06,+497.48742114E-03,+563.06531931E-03,+437.18593566E-03
+46.55000E-06,+482.41204443E-03,+537.93969144E-03,+432.16081011E-03
+46.60000E-06,+487.43717003E-03,+553.01506817E-03,+457.28643798E-03
+46.65000E-06,+552.76380247E-03,+542.96481704E-03,+482.41206585E-03
+46.70000E-06,+547.73867689E-03,+573.11557047E-03,+507.53769373E-03
+46.75000E-06,+562.81405362E-03,+593.21607281E-03,+522.61307047E-03
+46.80000E-06,+587.93968152E-03,+613.31657508E-03,+537.68844723E-03
+46.85000E-06,+618.09043495E-03,+618.34170065E-03,+582.91457738E-03
+46.90000E-06,+648.24118838E-03,+633.41707738E-03,+638.19095871E-03
+46.95000E-06,+668.34169067E-03,+603.26632390E-03,+713.56784231E-03
+47.00000E-06,+688.44219295E-03,+633.41707734E-03,+738.69347015E-03
+47.05000E-06,+668.34169067E-03,+603.26632390E-03,+728.64321901E-03
+47.10000E-06,+628.14068608E-03,+573.11557047E-03,+768.84422357E-03
+47.15000E-06,+618.09043491E-03,+578.14069604E-03,+713.56784223E-03
+47.20000E-06,+587.93968148E-03,+573.11557046E-03,+658.29146091E-03
+47.25000E-06,+552.76380243E-03,+568.09044489E-03,+567.83920055E-03
+47.30000E-06,+577.88943033E-03,+573.11557047E-03,+577.88945170E-03
+47.35000E-06,+527.63817455E-03,+563.06531934E-03,+507.53769362E-03
+47.40000E-06,+507.53767228E-03,+532.91456588E-03,+437.18593568E-03
+47.45000E-06,+487.43717000E-03,+527.88944029E-03,+422.11055896E-03
+47.50000E-06,+487.43716998E-03,+553.01506817E-03,+447.23618683E-03
+47.55000E-06,+527.63817463E-03,+517.83918914E-03,+447.23618685E-03
+47.60000E-06,+567.83917920E-03,+532.91456589E-03,+477.38694028E-03
+47.65000E-06,+567.83917923E-03,+558.04019380E-03,+477.38694031E-03
+47.70000E-06,+587.93968153E-03,+573.11557049E-03,+527.63819607E-03
+47.75000E-06,+643.21606285E-03,+613.31657511E-03,+587.93970297E-03
+47.80000E-06,+648.24118840E-03,+613.31657508E-03,+597.98995413E-03
+47.85000E-06,+668.34169067E-03,+623.36682619E-03,+623.11558202E-03
+47.90000E-06,+648.24118840E-03,+633.41707734E-03,+728.64321900E-03
+47.95000E-06,+648.24118838E-03,+608.29144946E-03,+748.74372135E-03
+48.00000E-06,+648.24118836E-03,+573.11557046E-03,+758.79397241E-03
+48.05000E-06,+648.24118834E-03,+542.96481700E-03,+758.79397235E-03
+48.10000E-06,+628.14068606E-03,+542.96481701E-03,+708.54271664E-03
+48.15000E-06,+587.93968144E-03,+573.11557047E-03,+613.06533066E-03
+48.20000E-06,+587.93968142E-03,+573.11557047E-03,+658.29146083E-03
+48.25000E-06,+532.66330014E-03,+573.11557047E-03,+532.66332149E-03
+48.30000E-06,+517.58792341E-03,+553.01506817E-03,+487.43719135E-03
+48.35000E-06,+492.46229556E-03,+558.04019374E-03,+437.18593568E-03
+48.40000E-06,+467.33666771E-03,+532.91456589E-03,+417.08543342E-03
+48.45000E-06,+472.36179329E-03,+553.01506817E-03,+437.18593568E-03
+48.50000E-06,+517.58792346E-03,+522.86431472E-03,+447.23618684E-03
+48.55000E-06,+562.81405367E-03,+553.01506817E-03,+487.43719144E-03
+48.60000E-06,+587.93968151E-03,+553.01506820E-03,+477.38694031E-03
+48.65000E-06,+603.01505824E-03,+583.16582164E-03,+507.53769378E-03
+48.70000E-06,+628.14068610E-03,+613.31657509E-03,+547.73869832E-03
+48.75000E-06,+648.24118842E-03,+613.31657507E-03,+648.24120986E-03
+48.80000E-06,+648.24118838E-03,+633.41707733E-03,+718.59296787E-03
+48.85000E-06,+648.24118838E-03,+588.19094718E-03,+793.96985144E-03
+48.90000E-06,+628.14068606E-03,+583.16582161E-03,+758.79397241E-03
+48.95000E-06,+643.21606281E-03,+558.04019374E-03,+758.79397243E-03
+49.00000E-06,+587.93968146E-03,+573.11557046E-03,+678.39196317E-03
+49.05000E-06,+532.66330014E-03,+558.04019376E-03,+562.81407496E-03
+49.10000E-06,+537.68842571E-03,+563.06531933E-03,+557.78894935E-03
+49.15000E-06,+472.36179322E-03,+568.09044491E-03,+472.36181462E-03
+49.20000E-06,+527.63817456E-03,+553.01506817E-03,+437.18593568E-03
+49.25000E-06,+462.31154216E-03,+532.91456588E-03,+417.08543338E-03
+49.30000E-06,+477.38691884E-03,+532.91456585E-03,+457.28643799E-03
+49.35000E-06,+472.36179327E-03,+537.93969144E-03,+452.26131241E-03
+49.40000E-06,+507.53767235E-03,+553.01506817E-03,+457.28643801E-03
+49.45000E-06,+537.68842576E-03,+547.98994263E-03,+497.48744257E-03
+49.50000E-06,+577.88943039E-03,+583.16582165E-03,+517.58794491E-03
+49.55000E-06,+618.09043495E-03,+598.24119837E-03,+577.88945180E-03
+49.60000E-06,+608.04018382E-03,+633.41707735E-03,+557.78894951E-03
+49.65000E-06,+673.36681626E-03,+633.41707736E-03,+678.39196329E-03
+49.70000E-06,+668.34169070E-03,+643.46732852E-03,+698.49246556E-03
+49.75000E-06,+648.24118838E-03,+603.26632389E-03,+728.64321905E-03
+49.80000E-06,+668.34169063E-03,+593.21607275E-03,+778.89447468E-03
+49.85000E-06,+658.29143950E-03,+603.26632389E-03,+773.86934914E-03
+49.90000E-06,+658.29143949E-03,+553.01506817E-03,+758.79397241E-03
+49.95000E-06,+603.01505818E-03,+553.01506817E-03,+668.34171203E-03
+50.00000E-06,+608.04018372E-03,+573.11557047E-03,+638.19095855E-03
+50.05000E-06,+562.81405360E-03,+558.04019376E-03,+562.81407496E-03
+50.10000E-06,+517.58792343E-03,+563.06531931E-03,+467.33668909E-03
+50.15000E-06,+502.51254669E-03,+553.01506817E-03,+457.28643789E-03
+50.20000E-06,+487.43716999E-03,+553.01506816E-03,+396.98493110E-03
+50.25000E-06,+507.53767230E-03,+553.01506817E-03,+437.18593568E-03
+50.30000E-06,+467.33666770E-03,+522.86431472E-03,+417.08543340E-03
+50.35000E-06,+537.68842576E-03,+527.88944031E-03,+472.36181471E-03
+50.40000E-06,+567.83917922E-03,+553.01506820E-03,+477.38694029E-03
+50.45000E-06,+577.88943036E-03,+583.16582164E-03,+507.53769374E-03
+50.50000E-06,+597.98993265E-03,+623.36682625E-03,+557.78894950E-03
+50.55000E-06,+633.16581169E-03,+603.26632394E-03,+582.91457736E-03
+50.60000E-06,+628.14068610E-03,+633.41707736E-03,+658.29146097E-03
+50.65000E-06,+663.31656509E-03,+598.24119835E-03,+688.44221446E-03
+50.70000E-06,+638.19093724E-03,+603.26632391E-03,+718.59296788E-03
+50.75000E-06,+668.34169067E-03,+618.34170063E-03,+753.76884687E-03
+50.80000E-06,+608.04018377E-03,+573.11557046E-03,+738.69347010E-03
+50.85000E-06,+633.16581162E-03,+568.09044489E-03,+743.71859563E-03
+50.90000E-06,+587.93968144E-03,+553.01506817E-03,+668.34171204E-03
+50.95000E-06,+597.98993261E-03,+568.09044491E-03,+663.31658646E-03
+51.00000E-06,+567.83917915E-03,+553.01506818E-03,+557.78894939E-03
+51.05000E-06,+547.73867685E-03,+573.11557047E-03,+537.68844707E-03
+51.10000E-06,+527.63817457E-03,+563.06531931E-03,+477.38694023E-03
+51.15000E-06,+472.36179322E-03,+558.04019374E-03,+457.28643793E-03
+51.20000E-06,+507.53767228E-03,+553.01506816E-03,+417.08543339E-03
+51.25000E-06,+502.51254676E-03,+553.01506817E-03,+422.11055896E-03
+51.30000E-06,+507.53767232E-03,+532.91456588E-03,+447.23618684E-03
+51.35000E-06,+532.66330020E-03,+532.91456588E-03,+482.41206588E-03
+51.40000E-06,+547.73867692E-03,+532.91456592E-03,+457.28643803E-03
+51.45000E-06,+567.83917923E-03,+583.16582164E-03,+502.51256820E-03
+51.50000E-06,+618.09043497E-03,+593.21607279E-03,+517.58794489E-03
+51.55000E-06,+633.16581169E-03,+608.29144950E-03,+572.86432624E-03
+51.60000E-06,+668.34169067E-03,+653.51757963E-03,+678.39196330E-03
+51.65000E-06,+633.16581167E-03,+608.29144948E-03,+693.46734000E-03
+51.70000E-06,+658.29143949E-03,+603.26632388E-03,+738.69347016E-03
+51.75000E-06,+633.16581164E-03,+608.29144946E-03,+758.79397248E-03
+51.80000E-06,+648.24118837E-03,+573.11557046E-03,+778.89447466E-03
+51.85000E-06,+638.19093721E-03,+568.09044488E-03,+713.56784225E-03
+51.90000E-06,+567.83917917E-03,+563.06531933E-03,+638.19095858E-03
+51.95000E-06,+597.98993261E-03,+568.09044491E-03,+668.34171203E-03
+52.00000E-06,+547.73867684E-03,+573.11557046E-03,+537.68844709E-03
+52.05000E-06,+547.73867684E-03,+558.04019376E-03,+507.53769365E-03
+52.10000E-06,+487.43716998E-03,+563.06531931E-03,+427.13568452E-03
+52.15000E-06,+507.53767230E-03,+563.06531930E-03,+442.21106119E-03
+52.20000E-06,+487.43717001E-03,+532.91456589E-03,+417.08543340E-03
+52.25000E-06,+507.53767230E-03,+532.91456588E-03,+437.18593568E-03
+52.30000E-06,+527.63817462E-03,+532.91456588E-03,+467.33668913E-03
+52.35000E-06,+542.71355133E-03,+532.91456588E-03,+472.36181471E-03
+52.40000E-06,+608.04018379E-03,+613.31657505E-03,+517.58794489E-03
+52.45000E-06,+608.04018383E-03,+603.26632394E-03,+557.78894955E-03
+52.50000E-06,+658.29143956E-03,+633.41707736E-03,+618.09045640E-03
+52.55000E-06,+663.31656511E-03,+628.39195180E-03,+703.51759120E-03
+52.60000E-06,+668.34169067E-03,+613.31657505E-03,+758.79397243E-03
+52.65000E-06,+658.29143950E-03,+578.14069601E-03,+773.86934914E-03
+52.70000E-06,+628.14068606E-03,+573.11557045E-03,+788.94472587E-03
+52.75000E-06,+582.91455583E-03,+558.04019374E-03,+673.36683759E-03
+52.80000E-06,+608.04018374E-03,+573.11557047E-03,+678.39196314E-03
+52.85000E-06,+603.01505815E-03,+553.01506817E-03,+613.06533067E-03
+52.90000E-06,+537.68842573E-03,+563.06531933E-03,+537.68844712E-03
+52.95000E-06,+532.66330016E-03,+583.16582164E-03,+477.38694022E-03
+53.00000E-06,+447.23616542E-03,+532.91456589E-03,+396.98493109E-03
+53.05000E-06,+472.36179329E-03,+542.96481700E-03,+437.18593568E-03
+53.10000E-06,+477.38691884E-03,+553.01506815E-03,+427.13568454E-03
+53.15000E-06,+487.43717000E-03,+517.83918914E-03,+422.11055894E-03
+53.20000E-06,+507.53767233E-03,+553.01506817E-03,+417.08543340E-03
+53.25000E-06,+562.81405365E-03,+542.96481705E-03,+477.38694032E-03
+53.30000E-06,+577.88943040E-03,+553.01506820E-03,+497.48744259E-03
+53.35000E-06,+618.09043496E-03,+583.16582164E-03,+522.61307048E-03
+53.40000E-06,+628.14068612E-03,+613.31657507E-03,+537.68844728E-03
+53.45000E-06,+648.24118838E-03,+628.39195178E-03,+648.24120982E-03
+53.50000E-06,+648.24118838E-03,+633.41707736E-03,+718.59296789E-03
+53.55000E-06,+643.21606277E-03,+588.19094716E-03,+758.79397248E-03
+53.60000E-06,+668.34169065E-03,+553.01506819E-03,+738.69347012E-03
+53.65000E-06,+658.29143950E-03,+558.04019376E-03,+778.89447468E-03
+53.70000E-06,+618.09043490E-03,+553.01506817E-03,+728.64321893E-03
+53.75000E-06,+572.86430475E-03,+553.01506817E-03,+653.26633534E-03
+53.80000E-06,+587.93968145E-03,+532.91456589E-03,+658.29146085E-03
+53.85000E-06,+572.86430473E-03,+558.04019376E-03,+597.98995396E-03
+53.90000E-06,+487.43717000E-03,+573.11557047E-03,+457.28643795E-03
+53.95000E-06,+482.41204439E-03,+558.04019374E-03,+412.06030777E-03
+54.00000E-06,+447.23616543E-03,+553.01506816E-03,+396.98493109E-03
+54.05000E-06,+487.43717005E-03,+527.88944029E-03,+427.13568455E-03
+54.10000E-06,+537.68842580E-03,+542.96481704E-03,+457.28643800E-03
+54.15000E-06,+547.73867694E-03,+558.04019374E-03,+502.51256818E-03
+54.20000E-06,+567.83917924E-03,+553.01506821E-03,+517.58794490E-03
+54.25000E-06,+633.16581167E-03,+618.34170065E-03,+552.76382392E-03
+54.30000E-06,+638.19093724E-03,+643.46732852E-03,+638.19095872E-03
+54.35000E-06,+643.21606282E-03,+628.39195180E-03,+648.24120987E-03
+54.40000E-06,+648.24118836E-03,+653.51757961E-03,+718.59296787E-03
+54.45000E-06,+663.31656509E-03,+623.36682619E-03,+743.71859572E-03
+54.50000E-06,+648.24118835E-03,+603.26632388E-03,+768.84422357E-03
+54.55000E-06,+608.04018373E-03,+573.11557047E-03,+703.51759105E-03
+54.60000E-06,+628.14068604E-03,+553.01506817E-03,+678.39196319E-03
+54.65000E-06,+577.88943026E-03,+542.96481705E-03,+587.93970283E-03
+54.70000E-06,+557.78892805E-03,+563.06531931E-03,+567.83920060E-03
+54.75000E-06,+537.68842572E-03,+568.09044491E-03,+507.53769364E-03
+54.80000E-06,+507.53767228E-03,+573.11557045E-03,+457.28643795E-03
+54.85000E-06,+507.53767230E-03,+578.14069601E-03,+462.31156351E-03
+54.90000E-06,+487.43717000E-03,+522.86431472E-03,+427.13568454E-03
+54.95000E-06,+502.51254673E-03,+537.93969144E-03,+432.16081011E-03
+55.00000E-06,+527.63817463E-03,+553.01506817E-03,+477.38694027E-03
+55.05000E-06,+542.71355135E-03,+537.93969146E-03,+482.41206586E-03
+55.10000E-06,+547.73867692E-03,+542.96481704E-03,+477.38694030E-03
+55.15000E-06,+587.93968154E-03,+598.24119838E-03,+512.56281930E-03
+55.20000E-06,+608.04018382E-03,+593.21607281E-03,+537.68844724E-03
+55.25000E-06,+643.21606284E-03,+618.34170065E-03,+592.96482857E-03
+55.30000E-06,+678.39194184E-03,+623.36682620E-03,+668.34171216E-03
+55.35000E-06,+633.16581164E-03,+633.41707736E-03,+698.49246554E-03
+55.40000E-06,+648.24118836E-03,+613.31657503E-03,+738.69347016E-03
+55.45000E-06,+648.24118838E-03,+558.04019376E-03,+753.76884685E-03
+55.50000E-06,+628.14068605E-03,+593.21607277E-03,+758.79397241E-03
+55.55000E-06,+648.24118838E-03,+568.09044491E-03,+743.71859570E-03
+55.60000E-06,+567.83917918E-03,+573.11557047E-03,+577.88945171E-03
+55.65000E-06,+527.63817459E-03,+558.04019376E-03,+507.53769369E-03
+55.70000E-06,+497.48742111E-03,+563.06531933E-03,+477.38694022E-03
+55.75000E-06,+502.51254668E-03,+583.16582164E-03,+442.21106119E-03
+55.80000E-06,+527.63817457E-03,+593.21607273E-03,+437.18593568E-03
+55.85000E-06,+487.43717000E-03,+568.09044488E-03,+402.01005667E-03
+55.90000E-06,+497.48742116E-03,+553.01506817E-03,+427.13568457E-03
+55.95000E-06,+502.51254673E-03,+527.88944026E-03,+437.18593568E-03
+56.00000E-06,+567.83917919E-03,+532.91456590E-03,+457.28643800E-03
+56.05000E-06,+557.78892806E-03,+553.01506817E-03,+482.41206586E-03
+56.10000E-06,+577.88943037E-03,+603.26632395E-03,+537.68844724E-03
+56.15000E-06,+618.09043496E-03,+628.39195185E-03,+557.78894951E-03
+56.20000E-06,+648.24118839E-03,+633.41707734E-03,+618.09045643E-03
+56.25000E-06,+678.39194185E-03,+638.44220290E-03,+713.56784230E-03
+56.30000E-06,+678.39194181E-03,+583.16582158E-03,+728.64321900E-03
+56.35000E-06,+653.26631394E-03,+563.06531930E-03,+758.79397243E-03
+56.40000E-06,+628.14068607E-03,+553.01506817E-03,+758.79397242E-03
+56.45000E-06,+633.16581162E-03,+537.93969146E-03,+708.54271661E-03
+56.50000E-06,+608.04018376E-03,+553.01506817E-03,+678.39196314E-03
+56.55000E-06,+597.98993261E-03,+547.98994261E-03,+653.26633533E-03
+56.60000E-06,+547.73867688E-03,+553.01506817E-03,+497.48744254E-03
+56.65000E-06,+527.63817454E-03,+563.06531930E-03,+507.53769364E-03
+56.70000E-06,+497.48742113E-03,+563.06531933E-03,+457.28643792E-03
+56.75000E-06,+492.46229556E-03,+553.01506817E-03,+417.08543338E-03
+56.80000E-06,+487.43717004E-03,+553.01506816E-03,+437.18593570E-03
+56.85000E-06,+522.61304906E-03,+553.01506817E-03,+457.28643797E-03
+56.90000E-06,+537.68842578E-03,+553.01506817E-03,+467.33668914E-03
+56.95000E-06,+567.83917924E-03,+542.96481700E-03,+472.36181471E-03
+57.00000E-06,+567.83917924E-03,+593.21607279E-03,+477.38694034E-03
+57.05000E-06,+653.26631396E-03,+613.31657507E-03,+623.11558199E-03
+57.10000E-06,+658.29143951E-03,+623.36682623E-03,+648.24120986E-03
+57.15000E-06,+698.49244415E-03,+588.19094715E-03,+743.71859575E-03
+57.20000E-06,+648.24118838E-03,+633.41707734E-03,+718.59296789E-03
+57.25000E-06,+628.14068608E-03,+558.04019376E-03,+748.74372126E-03
+57.30000E-06,+628.14068603E-03,+563.06531928E-03,+738.69347008E-03
+57.35000E-06,+597.98993261E-03,+542.96481700E-03,+708.54271666E-03
+57.40000E-06,+547.73867686E-03,+573.11557048E-03,+597.98995398E-03
+57.45000E-06,+537.68842572E-03,+553.01506817E-03,+537.68844711E-03
+57.50000E-06,+507.53767227E-03,+573.11557047E-03,+507.53769362E-03
+57.55000E-06,+497.48742112E-03,+522.86431470E-03,+457.28643792E-03
+57.60000E-06,+467.33666774E-03,+573.11557044E-03,+437.18593569E-03
+57.65000E-06,+537.68842577E-03,+547.98994259E-03,+462.31156356E-03
+57.70000E-06,+557.78892805E-03,+542.96481706E-03,+457.28643797E-03
+57.75000E-06,+562.81405363E-03,+583.16582165E-03,+462.31156353E-03
+57.80000E-06,+587.93968153E-03,+593.21607279E-03,+537.68844719E-03
+57.85000E-06,+653.26631396E-03,+618.34170065E-03,+577.88945181E-03
+57.90000E-06,+678.39194184E-03,+623.36682623E-03,+658.29146103E-03
+57.95000E-06,+663.31656511E-03,+608.29144945E-03,+743.71859575E-03
+58.00000E-06,+668.34169065E-03,+633.41707730E-03,+758.79397242E-03
+58.05000E-06,+658.29143950E-03,+553.01506817E-03,+783.91960026E-03
+58.10000E-06,+608.04018373E-03,+553.01506817E-03,+698.49246546E-03
+58.15000E-06,+603.01505817E-03,+553.01506817E-03,+623.11558180E-03
+58.20000E-06,+608.04018372E-03,+573.11557047E-03,+658.29146080E-03
+58.25000E-06,+552.76380242E-03,+573.11557047E-03,+532.66332152E-03
+58.30000E-06,+497.48742113E-03,+573.11557047E-03,+447.23618681E-03
+58.35000E-06,+507.53767230E-03,+563.06531930E-03,+442.21106118E-03
+58.40000E-06,+507.53767230E-03,+553.01506816E-03,+437.18593568E-03
+58.45000E-06,+497.48742117E-03,+547.98994259E-03,+412.06030784E-03
+58.50000E-06,+487.43717000E-03,+542.96481701E-03,+407.03518222E-03
+58.55000E-06,+517.58792347E-03,+547.98994261E-03,+472.36181471E-03
+58.60000E-06,+527.63817466E-03,+532.91456592E-03,+477.38694032E-03
+58.65000E-06,+613.06530937E-03,+583.16582165E-03,+517.58794487E-03
+58.70000E-06,+608.04018381E-03,+603.26632390E-03,+537.68844716E-03
+58.75000E-06,+628.14068613E-03,+638.44220298E-03,+552.76382395E-03
+58.80000E-06,+668.34169069E-03,+653.51757965E-03,+718.59296787E-03
+58.85000E-06,+668.34169067E-03,+623.36682619E-03,+728.64321901E-03
+58.90000E-06,+658.29143948E-03,+583.16582158E-03,+738.69347014E-03
+58.95000E-06,+638.19093720E-03,+553.01506817E-03,+748.74372126E-03
+59.00000E-06,+587.93968147E-03,+573.11557046E-03,+678.39196319E-03
+59.05000E-06,+577.88943031E-03,+578.14069606E-03,+628.14070742E-03
+59.10000E-06,+557.78892797E-03,+583.16582163E-03,+587.93970278E-03
+59.15000E-06,+557.78892801E-03,+583.16582165E-03,+517.58794481E-03
+59.20000E-06,+547.73867686E-03,+593.21607275E-03,+457.28643795E-03
+59.25000E-06,+502.51254671E-03,+588.19094718E-03,+447.23618680E-03
+59.30000E-06,+487.43716997E-03,+563.06531931E-03,+427.13568449E-03
+59.35000E-06,+482.41204444E-03,+532.91456588E-03,+442.21106124E-03
+59.40000E-06,+527.63817461E-03,+532.91456589E-03,+437.18593569E-03
+59.45000E-06,+562.81405365E-03,+553.01506823E-03,+492.46231703E-03
+59.50000E-06,+618.09043497E-03,+603.26632396E-03,+537.68844722E-03
+59.55000E-06,+643.21606287E-03,+618.34170068E-03,+572.86432625E-03
+59.60000E-06,+648.24118838E-03,+633.41707734E-03,+658.29146101E-03
+59.65000E-06,+658.29143950E-03,+598.24119836E-03,+633.16583312E-03
+59.70000E-06,+678.39194181E-03,+643.46732850E-03,+718.59296789E-03
+59.75000E-06,+688.44219297E-03,+563.06531929E-03,+783.91960035E-03
+59.80000E-06,+648.24118836E-03,+573.11557046E-03,+778.89447472E-03
+59.85000E-06,+633.16581161E-03,+573.11557047E-03,+763.81909791E-03
+59.90000E-06,+597.98993262E-03,+553.01506817E-03,+678.39196322E-03
+59.95000E-06,+572.86430469E-03,+568.09044491E-03,+613.06533062E-03
+60.00000E-06,+527.63817455E-03,+573.11557046E-03,+537.68844706E-03
+60.05000E-06,+507.53767230E-03,+568.09044488E-03,+452.26131239E-03
+60.10000E-06,+487.43716997E-03,+563.06531934E-03,+457.28643795E-03
+60.15000E-06,+492.46229556E-03,+542.96481700E-03,+442.21106124E-03
+60.20000E-06,+487.43717003E-03,+553.01506817E-03,+457.28643797E-03
+60.25000E-06,+522.61304906E-03,+517.83918917E-03,+452.26131244E-03
+60.30000E-06,+537.68842581E-03,+553.01506820E-03,+467.33668916E-03
+60.35000E-06,+577.88943036E-03,+563.06531935E-03,+492.46231701E-03
+60.40000E-06,+587.93968153E-03,+593.21607280E-03,+477.38694038E-03
+60.45000E-06,+638.19093726E-03,+643.46732854E-03,+653.26633541E-03
+60.50000E-06,+668.34169067E-03,+603.26632387E-03,+698.49246563E-03
+60.55000E-06,+658.29143950E-03,+583.16582159E-03,+743.71859575E-03
+60.60000E-06,+628.14068608E-03,+573.11557046E-03,+778.89447469E-03
+60.65000E-06,+628.14068608E-03,+547.98994258E-03,+748.74372126E-03
+60.70000E-06,+638.19093719E-03,+563.06531931E-03,+718.59296775E-03
+60.75000E-06,+577.88943031E-03,+573.11557047E-03,+638.19095854E-03
+60.80000E-06,+527.63817458E-03,+553.01506819E-03,+577.88945167E-03
+60.85000E-06,+532.66330012E-03,+583.16582159E-03,+477.38694021E-03
+60.90000E-06,+477.38691884E-03,+563.06531931E-03,+437.18593568E-03
+60.95000E-06,+477.38691882E-03,+558.04019373E-03,+427.13568450E-03
+61.00000E-06,+487.43717000E-03,+532.91456588E-03,+417.08543338E-03
+61.05000E-06,+497.48742118E-03,+558.04019376E-03,+462.31156356E-03
+61.10000E-06,+577.88943038E-03,+553.01506820E-03,+487.43719146E-03
+61.15000E-06,+557.78892807E-03,+563.06531935E-03,+467.33668915E-03
+61.20000E-06,+587.93968154E-03,+613.31657508E-03,+517.58794499E-03
+61.25000E-06,+668.34169067E-03,+618.34170065E-03,+693.46734001E-03
+61.30000E-06,+678.39194181E-03,+613.31657504E-03,+708.54271673E-03
+61.35000E-06,+653.26631394E-03,+593.21607271E-03,+723.61809346E-03
+61.40000E-06,+628.14068607E-03,+553.01506817E-03,+738.69347014E-03
+61.45000E-06,+618.09043490E-03,+553.01506817E-03,+713.56784219E-03
+61.50000E-06,+618.09043489E-03,+583.16582160E-03,+678.39196313E-03
+61.55000E-06,+502.51254662E-03,+573.11557047E-03,+522.61307031E-03
+61.60000E-06,+507.53767227E-03,+532.91456589E-03,+517.58794479E-03
+61.65000E-06,+472.36179329E-03,+568.09044488E-03,+432.16081009E-03
+61.70000E-06,+487.43717000E-03,+583.16582166E-03,+447.23618684E-03
+61.75000E-06,+507.53767230E-03,+553.01506817E-03,+427.13568456E-03
+61.80000E-06,+487.43717004E-03,+532.91456589E-03,+437.18593571E-03
+61.85000E-06,+522.61304906E-03,+537.93969147E-03,+447.23618685E-03
+61.90000E-06,+587.93968151E-03,+573.11557050E-03,+487.43719146E-03
+61.95000E-06,+618.09043496E-03,+608.29144951E-03,+537.68844722E-03
+62.00000E-06,+668.34169067E-03,+633.41707735E-03,+658.29146102E-03
+62.05000E-06,+658.29143956E-03,+633.41707736E-03,+718.59296784E-03
+62.10000E-06,+658.29143951E-03,+593.21607271E-03,+758.79397246E-03
+62.15000E-06,+638.19093720E-03,+578.14069603E-03,+743.71859570E-03
+62.20000E-06,+628.14068604E-03,+553.01506817E-03,+758.79397232E-03
+62.25000E-06,+603.01505814E-03,+568.09044488E-03,+693.46733983E-03
+62.30000E-06,+597.98993262E-03,+553.01506817E-03,+648.24120972E-03
+62.35000E-06,+507.53767224E-03,+547.98994261E-03,+492.46231689E-03
+62.40000E-06,+527.63817458E-03,+573.11557047E-03,+457.28643796E-03
+62.45000E-06,+487.43717000E-03,+563.06531929E-03,+437.18593568E-03
+62.50000E-06,+507.53767230E-03,+563.06531931E-03,+417.08543338E-03
+62.55000E-06,+497.48742118E-03,+522.86431470E-03,+402.01005664E-03
+62.60000E-06,+507.53767236E-03,+532.91456592E-03,+457.28643799E-03
+62.65000E-06,+522.61304906E-03,+522.86431476E-03,+487.43719145E-03
+62.70000E-06,+587.93968154E-03,+573.11557050E-03,+507.53769376E-03
+62.75000E-06,+613.06530940E-03,+613.31657512E-03,+537.68844722E-03
+62.80000E-06,+648.24118839E-03,+633.41707735E-03,+618.09045643E-03
+62.85000E-06,+653.26631397E-03,+613.31657507E-03,+633.16583318E-03
+62.90000E-06,+668.34169064E-03,+623.36682620E-03,+688.44221447E-03
+62.95000E-06,+683.41706741E-03,+598.24119833E-03,+763.81909805E-03
+63.00000E-06,+628.14068608E-03,+573.11557044E-03,+778.89447471E-03
+63.05000E-06,+628.14068608E-03,+568.09044488E-03,+763.81909796E-03
+63.10000E-06,+567.83917913E-03,+553.01506820E-03,+597.98995394E-03
+63.15000E-06,+512.56279780E-03,+553.01506817E-03,+522.61307031E-03
+63.20000E-06,+547.73867683E-03,+553.01506816E-03,+577.88945164E-03
+63.25000E-06,+517.58792341E-03,+573.11557047E-03,+507.53769363E-03
+63.30000E-06,+477.38691887E-03,+553.01506814E-03,+417.08543338E-03
+63.35000E-06,+487.43717000E-03,+558.04019373E-03,+402.01005664E-03
+63.40000E-06,+507.53767234E-03,+512.81406361E-03,+477.38694027E-03
+63.45000E-06,+487.43717006E-03,+547.98994258E-03,+447.23618685E-03
+63.50000E-06,+527.63817462E-03,+522.86431474E-03,+467.33668917E-03
+63.55000E-06,+608.04018384E-03,+603.26632401E-03,+537.68844722E-03
+63.60000E-06,+648.24118838E-03,+613.31657507E-03,+577.88945182E-03
+63.65000E-06,+633.16581167E-03,+603.26632395E-03,+643.21608430E-03
+63.70000E-06,+648.24118838E-03,+633.41707736E-03,+678.39196333E-03
+63.75000E-06,+668.34169067E-03,+613.31657507E-03,+733.66834464E-03
+63.80000E-06,+648.24118835E-03,+553.01506819E-03,+778.89447470E-03
+63.85000E-06,+623.11556049E-03,+547.98994258E-03,+763.81909796E-03
+63.90000E-06,+517.58792340E-03,+542.96481701E-03,+608.04020516E-03
+63.95000E-06,+497.48742106E-03,+547.98994261E-03,+527.63819586E-03
+64.00000E-06,+487.43716998E-03,+553.01506816E-03,+437.18593569E-03
+64.05000E-06,+482.41204441E-03,+573.11557047E-03,+432.16081009E-03
+64.10000E-06,+467.33666770E-03,+563.06531928E-03,+417.08543338E-03
+64.15000E-06,+502.51254674E-03,+553.01506817E-03,+427.13568456E-03
+64.20000E-06,+507.53767234E-03,+553.01506817E-03,+477.38694029E-03
+64.25000E-06,+547.73867689E-03,+537.93969147E-03,+452.26131244E-03
+64.30000E-06,+587.93968155E-03,+583.16582166E-03,+507.53769376E-03
+64.35000E-06,+597.98993266E-03,+588.19094721E-03,+507.53769375E-03
+64.40000E-06,+668.34169070E-03,+653.51757963E-03,+658.29146102E-03
+64.45000E-06,+688.44219297E-03,+643.46732848E-03,+718.59296790E-03
+64.50000E-06,+658.29143951E-03,+583.16582157E-03,+758.79397240E-03
+64.55000E-06,+623.11556046E-03,+527.88944026E-03,+698.49246548E-03
+64.60000E-06,+527.63817456E-03,+512.81406362E-03,+577.88945168E-03
+64.65000E-06,+472.36179329E-03,+568.09044488E-03,+472.36181468E-03
+64.70000E-06,+477.38691887E-03,+553.01506814E-03,+447.23618678E-03
+64.75000E-06,+477.38691882E-03,+522.86431470E-03,+462.31156353E-03
+64.80000E-06,+527.63817461E-03,+532.91456591E-03,+437.18593569E-03
+64.85000E-06,+522.61304907E-03,+563.06531935E-03,+447.23618686E-03
+64.90000E-06,+557.78892809E-03,+573.11557050E-03,+477.38694036E-03
+64.95000E-06,+618.09043496E-03,+618.34170069E-03,+547.73869834E-03
+65.00000E-06,+668.34169069E-03,+653.51757963E-03,+638.19095873E-03
+65.05000E-06,+668.34169067E-03,+628.39195177E-03,+698.49246560E-03
+65.10000E-06,+668.34169064E-03,+573.11557041E-03,+748.74372127E-03
+65.15000E-06,+608.04018372E-03,+522.86431470E-03,+693.46733992E-03
+65.20000E-06,+547.73867686E-03,+512.81406359E-03,+577.88945168E-03
+65.25000E-06,+512.56279782E-03,+537.93969147E-03,+547.73869822E-03
+65.30000E-06,+477.38691883E-03,+573.11557047E-03,+467.33668911E-03
+65.35000E-06,+497.48742118E-03,+537.93969143E-03,+457.28643797E-03
+65.40000E-06,+547.73867694E-03,+553.01506820E-03,+457.28643800E-03
+65.45000E-06,+603.01505826E-03,+578.14069606E-03,+487.43719145E-03
+65.50000E-06,+608.04018385E-03,+613.31657510E-03,+527.63819606E-03
+65.55000E-06,+653.26631400E-03,+648.49245410E-03,+678.39196337E-03
+65.60000E-06,+688.44219288E-03,+593.21607274E-03,+738.69347009E-03
+65.65000E-06,+683.41706732E-03,+563.06531929E-03,+733.66834448E-03
+65.70000E-06,+597.98993262E-03,+542.96481701E-03,+668.34171202E-03
+65.75000E-06,+527.63817453E-03,+532.91456588E-03,+557.78894933E-03
+65.80000E-06,+467.33666773E-03,+553.01506817E-03,+437.18593568E-03
+65.85000E-06,+472.36179329E-03,+563.06531929E-03,+437.18593568E-03
+65.90000E-06,+527.63817463E-03,+563.06531934E-03,+467.33668914E-03
+65.95000E-06,+572.86430481E-03,+558.04019373E-03,+472.36181471E-03
+66.00000E-06,+648.24118842E-03,+653.51757964E-03,+557.78894957E-03
+66.05000E-06,+678.39194185E-03,+648.49245407E-03,+643.21608430E-03
+66.10000E-06,+668.34169067E-03,+623.36682617E-03,+698.49246560E-03
+66.15000E-06,+633.16581164E-03,+578.14069603E-03,+723.61809340E-03
+66.20000E-06,+628.14068602E-03,+553.01506816E-03,+758.79397231E-03
+66.25000E-06,+592.96480701E-03,+532.91456588E-03,+658.29146082E-03
+66.30000E-06,+537.68842569E-03,+563.06531937E-03,+567.83920053E-03
+66.35000E-06,+497.48742112E-03,+568.09044491E-03,+497.48744250E-03
+66.40000E-06,+487.43717001E-03,+573.11557047E-03,+396.98493113E-03
+66.45000E-06,+502.51254671E-03,+553.01506817E-03,+437.18593568E-03
+66.50000E-06,+507.53767233E-03,+563.06531931E-03,+427.13568458E-03
+66.55000E-06,+532.66330022E-03,+563.06531935E-03,+467.33668915E-03
+66.60000E-06,+567.83917922E-03,+553.01506821E-03,+477.38694030E-03
+66.65000E-06,+648.24118838E-03,+623.36682625E-03,+562.81407511E-03
+66.70000E-06,+628.14068608E-03,+613.31657510E-03,+608.04020525E-03
+66.75000E-06,+678.39194186E-03,+618.34170062E-03,+693.46734005E-03
+66.80000E-06,+668.34169067E-03,+613.31657502E-03,+758.79397245E-03
+66.85000E-06,+653.26631397E-03,+573.11557047E-03,+753.76884684E-03
+66.90000E-06,+628.14068605E-03,+553.01506817E-03,+748.74372124E-03
+66.95000E-06,+623.11556046E-03,+553.01506817E-03,+728.64321895E-03
+67.00000E-06,+547.73867687E-03,+553.01506819E-03,+577.88945169E-03
+67.05000E-06,+532.66330012E-03,+573.11557047E-03,+557.78894933E-03
+67.10000E-06,+497.48742113E-03,+573.11557047E-03,+467.33668907E-03
+67.15000E-06,+517.58792341E-03,+563.06531929E-03,+472.36181465E-03
+67.20000E-06,+527.63817456E-03,+553.01506817E-03,+417.08543339E-03
+67.25000E-06,+487.43717006E-03,+522.86431470E-03,+432.16081009E-03
+67.30000E-06,+497.48742120E-03,+522.86431474E-03,+447.23618687E-03
+67.35000E-06,+542.71355133E-03,+512.81406358E-03,+442.21106123E-03
+67.40000E-06,+567.83917925E-03,+573.11557049E-03,+497.48744260E-03
+67.45000E-06,+597.98993267E-03,+598.24119836E-03,+547.73869841E-03
+67.50000E-06,+628.14068608E-03,+603.26632397E-03,+577.88945182E-03
+67.55000E-06,+653.26631394E-03,+628.39195180E-03,+587.93970294E-03
+67.60000E-06,+668.34169067E-03,+633.41707731E-03,+718.59296787E-03
+67.65000E-06,+658.29143956E-03,+608.29144947E-03,+743.71859573E-03
+67.70000E-06,+668.34169064E-03,+583.16582157E-03,+738.69347017E-03
+67.75000E-06,+628.14068608E-03,+573.11557047E-03,+733.66834451E-03
+67.80000E-06,+608.04018373E-03,+573.11557045E-03,+678.39196313E-03
+67.85000E-06,+572.86430471E-03,+553.01506817E-03,+603.01507958E-03
+67.90000E-06,+547.73867683E-03,+573.11557047E-03,+577.88945156E-03
+67.95000E-06,+502.51254661E-03,+537.93969143E-03,+512.56281911E-03
+68.00000E-06,+487.43716997E-03,+593.21607270E-03,+477.38694024E-03
+68.05000E-06,+512.56279782E-03,+583.16582159E-03,+452.26131238E-03
+68.10000E-06,+487.43717003E-03,+553.01506814E-03,+417.08543341E-03
+68.15000E-06,+482.41204444E-03,+553.01506817E-03,+396.98493108E-03
+68.20000E-06,+507.53767235E-03,+553.01506819E-03,+477.38694030E-03
+68.25000E-06,+532.66330025E-03,+537.93969147E-03,+467.33668916E-03
+68.30000E-06,+577.88943042E-03,+573.11557050E-03,+517.58794487E-03
+68.35000E-06,+577.88943037E-03,+583.16582165E-03,+502.51256819E-03
+68.40000E-06,+608.04018383E-03,+593.21607280E-03,+497.48744272E-03
+68.45000E-06,+668.34169067E-03,+633.41707736E-03,+597.98995419E-03
+68.50000E-06,+658.29143954E-03,+613.31657507E-03,+658.29146108E-03
+68.55000E-06,+683.41706741E-03,+598.24119833E-03,+718.59296790E-03
+68.60000E-06,+668.34169064E-03,+593.21607275E-03,+778.89447470E-03
+68.65000E-06,+658.29143949E-03,+583.16582159E-03,+758.79397243E-03
+68.70000E-06,+628.14068605E-03,+563.06531927E-03,+738.69347004E-03
+68.75000E-06,+623.11556046E-03,+558.04019373E-03,+708.54271659E-03
+68.80000E-06,+567.83917914E-03,+573.11557047E-03,+557.78894941E-03
+68.85000E-06,+517.58792341E-03,+573.11557047E-03,+522.61307039E-03
+68.90000E-06,+497.48742116E-03,+583.16582160E-03,+447.23618681E-03
+68.95000E-06,+507.53767230E-03,+537.93969143E-03,+457.28643791E-03
+69.00000E-06,+507.53767231E-03,+532.91456591E-03,+437.18593569E-03
+69.05000E-06,+492.46229566E-03,+568.09044488E-03,+427.13568456E-03
+69.10000E-06,+527.63817466E-03,+532.91456588E-03,+457.28643804E-03
+69.15000E-06,+582.91455599E-03,+598.24119839E-03,+517.58794493E-03
+69.20000E-06,+628.14068610E-03,+593.21607282E-03,+537.68844723E-03
+69.25000E-06,+623.11556056E-03,+588.19094724E-03,+567.83920078E-03
+69.30000E-06,+678.39194184E-03,+613.31657503E-03,+678.39196334E-03
+69.35000E-06,+663.31656512E-03,+603.26632388E-03,+748.74372132E-03
+69.40000E-06,+648.24118838E-03,+573.11557045E-03,+778.89447471E-03
+69.45000E-06,+618.09043490E-03,+573.11557047E-03,+733.66834454E-03
+69.50000E-06,+638.19093721E-03,+583.16582160E-03,+748.74372120E-03
+69.55000E-06,+597.98993260E-03,+553.01506817E-03,+688.44221429E-03
+69.60000E-06,+587.93968143E-03,+573.11557045E-03,+638.19095855E-03
+69.65000E-06,+552.76380241E-03,+573.11557047E-03,+532.66332150E-03
+69.70000E-06,+547.73867686E-03,+593.21607280E-03,+507.53769363E-03
+69.75000E-06,+472.36179319E-03,+573.11557047E-03,+422.11055887E-03
+69.80000E-06,+487.43716998E-03,+532.91456588E-03,+417.08543338E-03
+69.85000E-06,+492.46229559E-03,+547.98994258E-03,+442.21106127E-03
+69.90000E-06,+507.53767233E-03,+532.91456588E-03,+447.23618684E-03
+69.95000E-06,+527.63817466E-03,+553.01506817E-03,+482.41206590E-03
+70.00000E-06,+547.73867696E-03,+532.91456594E-03,+477.38694034E-03
+70.05000E-06,+608.04018385E-03,+568.09044495E-03,+512.56281941E-03
+70.10000E-06,+648.24118841E-03,+613.31657510E-03,+587.93970302E-03
+70.15000E-06,+653.26631400E-03,+598.24119839E-03,+577.88945182E-03
+70.20000E-06,+668.34169067E-03,+613.31657507E-03,+638.19095877E-03
+70.25000E-06,+688.44219297E-03,+603.26632388E-03,+753.76884691E-03
+70.30000E-06,+628.14068605E-03,+553.01506817E-03,+738.69347007E-03
+70.35000E-06,+592.96480697E-03,+517.83918914E-03,+708.54271659E-03
+70.40000E-06,+567.83917912E-03,+532.91456591E-03,+638.19095853E-03
+70.45000E-06,+502.51254670E-03,+573.11557047E-03,+472.36181461E-03
+70.50000E-06,+517.58792339E-03,+583.16582160E-03,+467.33668907E-03
+70.55000E-06,+492.46229556E-03,+563.06531929E-03,+447.23618679E-03
+70.60000E-06,+547.73867691E-03,+553.01506819E-03,+477.38694027E-03
+70.65000E-06,+592.96480708E-03,+563.06531936E-03,+482.41206586E-03
+70.70000E-06,+597.98993269E-03,+583.16582164E-03,+507.53769373E-03
+70.75000E-06,+638.19093726E-03,+643.46732855E-03,+557.78894953E-03
+70.80000E-06,+648.24118843E-03,+653.51757964E-03,+577.88945190E-03
+70.85000E-06,+653.26631390E-03,+613.31657500E-03,+758.79397243E-03
+70.90000E-06,+638.19093721E-03,+583.16582160E-03,+768.84422360E-03
+70.95000E-06,+623.11556045E-03,+558.04019373E-03,+718.59296777E-03
+71.00000E-06,+628.14068599E-03,+532.91456591E-03,+718.59296770E-03
+71.05000E-06,+567.83917912E-03,+558.04019376E-03,+608.04020503E-03
+71.10000E-06,+497.48742110E-03,+583.16582164E-03,+477.38694017E-03
+71.15000E-06,+472.36179326E-03,+573.11557047E-03,+427.13568449E-03
+71.20000E-06,+487.43717005E-03,+553.01506817E-03,+457.28643799E-03
+71.25000E-06,+542.71355137E-03,+568.09044488E-03,+462.31156357E-03
+71.30000E-06,+537.68842579E-03,+542.96481704E-03,+457.28643801E-03
+71.35000E-06,+592.96480711E-03,+578.14069610E-03,+527.63819605E-03
+71.40000E-06,+608.04018384E-03,+593.21607280E-03,+497.48744271E-03
+71.45000E-06,+618.09043497E-03,+613.31657507E-03,+582.91457742E-03
+71.50000E-06,+688.44219301E-03,+623.36682616E-03,+708.54271678E-03
+71.55000E-06,+683.41706741E-03,+563.06531922E-03,+748.74372132E-03
+71.60000E-06,+567.83917917E-03,+512.81406356E-03,+678.39196317E-03
+71.65000E-06,+552.76380241E-03,+512.81406358E-03,+577.88945169E-03
+71.70000E-06,+477.38691883E-03,+532.91456591E-03,+517.58794480E-03
+71.75000E-06,+477.38691889E-03,+553.01506817E-03,+447.23618679E-03
+71.80000E-06,+507.53767237E-03,+573.11557047E-03,+457.28643799E-03
+71.85000E-06,+552.76380248E-03,+568.09044488E-03,+442.21106127E-03
+71.90000E-06,+547.73867696E-03,+573.11557051E-03,+477.38694031E-03
+71.95000E-06,+572.86430481E-03,+598.24119839E-03,+517.58794494E-03
+72.00000E-06,+628.14068611E-03,+613.31657510E-03,+557.78894958E-03
+72.05000E-06,+658.29143956E-03,+618.34170066E-03,+603.01507979E-03
+72.10000E-06,+668.34169071E-03,+623.36682616E-03,+668.34171222E-03
+72.15000E-06,+633.16581157E-03,+588.19094714E-03,+733.66834458E-03
+72.20000E-06,+608.04018375E-03,+553.01506816E-03,+718.59296778E-03
+72.25000E-06,+572.86430464E-03,+527.88944035E-03,+703.51759092E-03
+72.30000E-06,+517.58792343E-03,+532.91456591E-03,+547.73869822E-03
+72.35000E-06,+512.56279778E-03,+568.09044491E-03,+512.56281917E-03
+72.40000E-06,+507.53767228E-03,+573.11557047E-03,+437.18593568E-03
+72.45000E-06,+467.33666777E-03,+537.93969147E-03,+417.08543338E-03
+72.50000E-06,+497.48742120E-03,+563.06531930E-03,+447.23618688E-03
+72.55000E-06,+542.71355133E-03,+563.06531936E-03,+472.36181471E-03
+72.60000E-06,+567.83917921E-03,+613.31657503E-03,+497.48744259E-03
+72.65000E-06,+582.91455596E-03,+568.09044495E-03,+512.56281934E-03
+72.70000E-06,+618.09043498E-03,+583.16582167E-03,+567.83920066E-03
+72.75000E-06,+648.24118838E-03,+628.39195181E-03,+613.06533087E-03
+72.80000E-06,+648.24118839E-03,+673.61808187E-03,+658.29146105E-03
+72.85000E-06,+688.44219297E-03,+618.34170059E-03,+733.66834461E-03
+72.90000E-06,+628.14068601E-03,+563.06531930E-03,+738.69347010E-03
+72.95000E-06,+537.68842571E-03,+517.83918914E-03,+623.11558184E-03
+73.00000E-06,+547.73867680E-03,+512.81406363E-03,+577.88945165E-03
+73.05000E-06,+517.58792341E-03,+558.04019377E-03,+507.53769368E-03
+73.10000E-06,+487.43717000E-03,+593.21607277E-03,+437.18593564E-03
+73.15000E-06,+492.46229556E-03,+568.09044491E-03,+427.13568449E-03
+73.20000E-06,+467.33666776E-03,+532.91456589E-03,+417.08543341E-03
+73.25000E-06,+487.43717000E-03,+553.01506817E-03,+442.21106120E-03
+73.30000E-06,+557.78892802E-03,+553.01506821E-03,+457.28643801E-03
+73.35000E-06,+597.98993267E-03,+573.11557047E-03,+487.43719146E-03
+73.40000E-06,+628.14068612E-03,+613.31657508E-03,+597.98995416E-03
+73.45000E-06,+673.36681627E-03,+623.36682618E-03,+678.39196332E-03
+73.50000E-06,+658.29143954E-03,+593.21607273E-03,+758.79397247E-03
+73.55000E-06,+633.16581156E-03,+573.11557040E-03,+728.64321895E-03
+73.60000E-06,+608.04018371E-03,+532.91456588E-03,+658.29146086E-03
+73.65000E-06,+562.81405352E-03,+522.86431476E-03,+603.01507950E-03
+73.70000E-06,+527.63817459E-03,+563.06531930E-03,+537.68844716E-03
+73.75000E-06,+502.51254667E-03,+568.09044491E-03,+447.23618672E-03
+73.80000E-06,+487.43717002E-03,+553.01506817E-03,+437.18593569E-03
+73.85000E-06,+502.51254670E-03,+537.93969147E-03,+442.21106127E-03
+73.90000E-06,+507.53767233E-03,+522.86431471E-03,+447.23618684E-03
+73.95000E-06,+552.76380252E-03,+558.04019373E-03,+452.26131242E-03
+74.00000E-06,+567.83917926E-03,+573.11557054E-03,+437.18593582E-03
+74.05000E-06,+618.09043497E-03,+603.26632395E-03,+537.68844724E-03
+74.10000E-06,+628.14068612E-03,+633.41707736E-03,+577.88945183E-03
+74.15000E-06,+663.31656512E-03,+618.34170062E-03,+698.49246561E-03
+74.20000E-06,+668.34169064E-03,+613.31657503E-03,+758.79397243E-03
+74.25000E-06,+673.36681619E-03,+583.16582158E-03,+763.81909803E-03
+74.30000E-06,+648.24118830E-03,+573.11557040E-03,+738.69347010E-03
+74.35000E-06,+633.16581164E-03,+553.01506817E-03,+753.76884688E-03
+74.40000E-06,+587.93968141E-03,+553.01506819E-03,+597.98995396E-03
+74.45000E-06,+542.71355130E-03,+573.11557047E-03,+557.78894939E-03
+74.50000E-06,+527.63817456E-03,+553.01506817E-03,+507.53769359E-03
+74.55000E-06,+497.48742111E-03,+573.11557047E-03,+447.23618671E-03
+74.60000E-06,+487.43717002E-03,+553.01506817E-03,+417.08543340E-03
+74.65000E-06,+517.58792348E-03,+532.91456588E-03,+442.21106127E-03
+74.70000E-06,+517.58792346E-03,+563.06531934E-03,+447.23618684E-03
+74.75000E-06,+562.81405363E-03,+547.98994262E-03,+452.26131242E-03
+74.80000E-06,+628.14068612E-03,+613.31657508E-03,+497.48744275E-03
+74.85000E-06,+653.26631397E-03,+628.39195177E-03,+658.29146102E-03
+74.90000E-06,+658.29143954E-03,+633.41707736E-03,+678.39196339E-03
+74.95000E-06,+668.34169067E-03,+608.29144944E-03,+728.64321910E-03
+75.00000E-06,+668.34169064E-03,+553.01506817E-03,+798.99497703E-03
+75.05000E-06,+628.14068608E-03,+583.16582158E-03,+728.64321895E-03
+75.10000E-06,+597.98993254E-03,+583.16582160E-03,+698.49246532E-03
+75.15000E-06,+547.73867682E-03,+553.01506817E-03,+572.86432605E-03
+75.20000E-06,+507.53767224E-03,+573.11557047E-03,+457.28643795E-03
+75.25000E-06,+502.51254670E-03,+553.01506817E-03,+462.31156349E-03
+75.30000E-06,+497.48742113E-03,+573.11557043E-03,+427.13568451E-03
+75.35000E-06,+497.48742118E-03,+558.04019373E-03,+452.26131242E-03
+75.40000E-06,+547.73867691E-03,+553.01506815E-03,+457.28643797E-03
+75.45000E-06,+567.83917926E-03,+563.06531936E-03,+492.46231705E-03
+75.50000E-06,+608.04018382E-03,+573.11557051E-03,+507.53769374E-03
+75.55000E-06,+618.09043497E-03,+613.31657514E-03,+522.61307050E-03
+75.60000E-06,+648.24118841E-03,+653.51757962E-03,+618.09045648E-03
+75.65000E-06,+668.34169067E-03,+648.49245407E-03,+708.54271673E-03
+75.70000E-06,+648.24118834E-03,+593.21607269E-03,+738.69347017E-03
+75.75000E-06,+663.31656504E-03,+568.09044484E-03,+738.69347014E-03
+75.80000E-06,+648.24118832E-03,+553.01506817E-03,+758.79397240E-03
+75.85000E-06,+587.93968149E-03,+553.01506817E-03,+673.36683765E-03
+75.90000E-06,+567.83917911E-03,+563.06531934E-03,+577.88945157E-03
+75.95000E-06,+552.76380245E-03,+568.09044492E-03,+537.68844701E-03
+76.00000E-06,+507.53767226E-03,+593.21607273E-03,+437.18593566E-03
+76.05000E-06,+472.36179329E-03,+573.11557047E-03,+447.23618679E-03
+76.10000E-06,+477.38691887E-03,+553.01506817E-03,+417.08543342E-03
+76.15000E-06,+467.33666770E-03,+553.01506817E-03,+407.03518227E-03
+76.20000E-06,+527.63817461E-03,+532.91456591E-03,+477.38694027E-03
+76.25000E-06,+527.63817467E-03,+542.96481706E-03,+467.33668916E-03
+76.30000E-06,+567.83917926E-03,+553.01506821E-03,+497.48744264E-03
+76.35000E-06,+608.04018386E-03,+578.14069610E-03,+507.53769375E-03
+76.40000E-06,+608.04018382E-03,+613.31657510E-03,+537.68844733E-03
+76.45000E-06,+658.29143956E-03,+648.49245407E-03,+653.26633543E-03
+76.50000E-06,+658.29143958E-03,+613.31657503E-03,+698.49246558E-03
+76.55000E-06,+673.36681623E-03,+573.11557039E-03,+738.69347021E-03
+76.60000E-06,+628.14068604E-03,+573.11557043E-03,+758.79397234E-03
+76.65000E-06,+618.09043489E-03,+532.91456588E-03,+683.41708876E-03
+76.70000E-06,+597.98993261E-03,+563.06531930E-03,+668.34171204E-03
+76.75000E-06,+597.98993260E-03,+558.04019373E-03,+673.36683761E-03
+76.80000E-06,+567.83917911E-03,+573.11557045E-03,+517.58794477E-03
+76.85000E-06,+527.63817452E-03,+578.14069599E-03,+522.61307031E-03
+76.90000E-06,+477.38691883E-03,+542.96481701E-03,+417.08543338E-03
+76.95000E-06,+502.51254674E-03,+558.04019373E-03,+422.11055893E-03
+77.00000E-06,+467.33666776E-03,+532.91456588E-03,+437.18593570E-03
+77.05000E-06,+522.61304908E-03,+542.96481706E-03,+452.26131246E-03
+77.10000E-06,+557.78892810E-03,+563.06531934E-03,+487.43719148E-03
+77.15000E-06,+618.09043505E-03,+593.21607285E-03,+517.58794494E-03
+77.20000E-06,+648.24118840E-03,+633.41707736E-03,+557.78894956E-03
+77.25000E-06,+653.26631397E-03,+613.31657507E-03,+613.06533091E-03
+77.30000E-06,+658.29143955E-03,+613.31657507E-03,+658.29146110E-03
+77.35000E-06,+653.26631393E-03,+633.41707736E-03,+718.59296792E-03
+77.40000E-06,+668.34169066E-03,+633.41707729E-03,+738.69347010E-03
+77.45000E-06,+628.14068608E-03,+568.09044488E-03,+753.76884684E-03
+77.50000E-06,+597.98993258E-03,+583.16582160E-03,+718.59296772E-03
+77.55000E-06,+613.06530934E-03,+542.96481699E-03,+683.41708872E-03
+77.60000E-06,+587.93968143E-03,+553.01506819E-03,+678.39196309E-03
+77.65000E-06,+507.53767230E-03,+578.14069606E-03,+487.43719138E-03
+77.70000E-06,+497.48742113E-03,+573.11557043E-03,+457.28643793E-03
+77.75000E-06,+492.46229555E-03,+553.01506817E-03,+422.11055893E-03
+77.80000E-06,+467.33666778E-03,+553.01506815E-03,+417.08543342E-03
+77.85000E-06,+502.51254678E-03,+537.93969147E-03,+447.23618686E-03
+77.90000E-06,+587.93968156E-03,+563.06531934E-03,+487.43719144E-03
+77.95000E-06,+592.96480712E-03,+588.19094721E-03,+512.56281931E-03
+78.00000E-06,+608.04018384E-03,+593.21607281E-03,+457.28643821E-03
+78.05000E-06,+618.09043497E-03,+653.51757966E-03,+643.21608424E-03
+78.10000E-06,+668.34169067E-03,+613.31657507E-03,+678.39196328E-03
+78.15000E-06,+683.41706742E-03,+593.21607269E-03,+743.71859577E-03
+78.20000E-06,+668.34169065E-03,+553.01506817E-03,+758.79397237E-03
+78.25000E-06,+608.04018378E-03,+547.98994258E-03,+738.69347006E-03
+78.30000E-06,+577.88943032E-03,+532.91456592E-03,+648.24120974E-03
+78.35000E-06,+512.56279777E-03,+537.93969143E-03,+557.78894930E-03
+78.40000E-06,+567.83917913E-03,+573.11557047E-03,+537.68844708E-03
+78.45000E-06,+487.43717000E-03,+583.16582158E-03,+452.26131238E-03
+78.50000E-06,+487.43717000E-03,+573.11557047E-03,+417.08543338E-03
+78.55000E-06,+467.33666770E-03,+553.01506817E-03,+417.08543338E-03
+78.60000E-06,+467.33666776E-03,+553.01506815E-03,+437.18593570E-03
+78.65000E-06,+507.53767237E-03,+542.96481706E-03,+452.26131246E-03
+78.70000E-06,+527.63817467E-03,+563.06531938E-03,+447.23618688E-03
+78.75000E-06,+592.96480712E-03,+598.24119840E-03,+512.56281939E-03
+78.80000E-06,+628.14068612E-03,+593.21607279E-03,+537.68844730E-03
+78.85000E-06,+668.34169067E-03,+613.31657507E-03,+592.96482862E-03
+78.90000E-06,+638.19093725E-03,+593.21607281E-03,+638.19095885E-03
+78.95000E-06,+663.31656512E-03,+628.39195181E-03,+688.44221451E-03
+79.00000E-06,+688.44219293E-03,+633.41707728E-03,+738.69347018E-03
+79.05000E-06,+643.21606278E-03,+593.21607277E-03,+793.96985143E-03
+79.10000E-06,+638.19093721E-03,+553.01506817E-03,+778.89447469E-03
+79.15000E-06,+547.73867681E-03,+568.09044492E-03,+648.24120968E-03
+79.20000E-06,+567.83917913E-03,+553.01506817E-03,+577.88945166E-03
+79.25000E-06,+567.83917911E-03,+553.01506817E-03,+577.88945160E-03
+79.30000E-06,+527.63817455E-03,+563.06531934E-03,+507.53769362E-03
+79.35000E-06,+482.41204436E-03,+568.09044492E-03,+427.13568441E-03
+79.40000E-06,+467.33666776E-03,+553.01506815E-03,+417.08543338E-03
+79.45000E-06,+497.48742119E-03,+537.93969147E-03,+442.21106127E-03
+79.50000E-06,+517.58792350E-03,+532.91456588E-03,+477.38694031E-03
+79.55000E-06,+532.66330023E-03,+542.96481698E-03,+457.28643805E-03
+79.60000E-06,+527.63817467E-03,+553.01506821E-03,+437.18593576E-03
+79.65000E-06,+552.76380256E-03,+547.98994266E-03,+492.46231705E-03
+79.70000E-06,+597.98993273E-03,+583.16582168E-03,+537.68844724E-03
+79.75000E-06,+628.14068608E-03,+608.29144951E-03,+582.91457739E-03
+79.80000E-06,+668.34169067E-03,+653.51757960E-03,+718.59296788E-03
+79.85000E-06,+663.31656516E-03,+638.44220288E-03,+733.66834462E-03
+79.90000E-06,+658.29143951E-03,+603.26632390E-03,+748.74372130E-03
+79.95000E-06,+618.09043489E-03,+593.21607269E-03,+718.59296784E-03
