x-axis,1,2,3,4
second,Volt,Volt,Volt,Volt
-4.999970E+00,+75.377E-03,-1.859E-03,-202.261E-03,-511.307E-03
-4.994970E+00,-75.377E-03,-403.869E-03,-202.261E-03,-988.694E-03
-4.989970E+00,+0.0E+00,-278.241E-03,-202.261E-03,-586.684E-03
-4.984970E+00,+125.628E-03,-403.869E-03,-202.261E-03,-184.674E-03
-4.979970E+00,+75.377E-03,-1.859E-03,-202.261E-03,-435.930E-03
-4.974970E+00,-251.256E-03,-1.859E-03,-26.382E-03,-360.553E-03
-4.969970E+00,+150.754E-03,-127.488E-03,-478.643E-03,-184.674E-03
-4.964970E+00,+125.628E-03,-1.859E-03,-202.261E-03,-184.674E-03
-4.959970E+00,+150.754E-03,-328.493E-03,-126.885E-03,-988.694E-03
-4.954970E+00,-251.256E-03,-177.739E-03,-202.261E-03,-586.684E-03
-4.949970E+00,-251.256E-03,-127.488E-03,-327.890E-03,-586.684E-03
-4.944970E+00,+100.503E-03,-1.859E-03,-579.146E-03,-209.799E-03
-4.939970E+00,+150.754E-03,-77.236E-03,+124.372E-03,-184.674E-03
-4.934970E+00,+150.754E-03,-403.869E-03,-202.261E-03,-184.674E-03
-4.929970E+00,+25.126E-03,-1.859E-03,-202.261E-03,-184.674E-03
-4.924970E+00,+150.754E-03,-403.869E-03,-202.261E-03,-561.558E-03
-4.919970E+00,-175.879E-03,-403.869E-03,-202.261E-03,-586.684E-03
-4.914970E+00,+376.885E-03,-403.869E-03,-202.261E-03,-360.553E-03
-4.909970E+00,+25.126E-03,-1.859E-03,+74.121E-03,-310.302E-03
-4.904970E+00,+100.503E-03,-1.859E-03,-227.387E-03,-209.799E-03
-4.899970E+00,-175.879E-03,-1.859E-03,-202.261E-03,-511.307E-03
-4.894970E+00,-477.387E-03,+48.392E-03,-428.392E-03,-586.684E-03
-4.889970E+00,+150.754E-03,-278.241E-03,-76.633E-03,-184.674E-03
-4.884970E+00,+150.754E-03,-1.859E-03,-177.136E-03,-209.799E-03
-4.879970E+00,+150.754E-03,-1.859E-03,+124.372E-03,-586.684E-03
-4.874970E+00,+201.005E-03,-1.859E-03,-378.141E-03,-586.684E-03
-4.869970E+00,-125.628E-03,-278.241E-03,-478.643E-03,-310.302E-03
-4.864970E+00,-603.015E-03,-403.869E-03,-177.136E-03,-209.799E-03
-4.859970E+00,+150.754E-03,-1.859E-03,-126.885E-03,-586.684E-03
-4.854970E+00,+150.754E-03,-177.739E-03,-202.261E-03,-410.804E-03
-4.849970E+00,-402.010E-03,-278.241E-03,-478.643E-03,-461.055E-03
-4.844970E+00,-201.005E-03,-1.859E-03,+174.623E-03,-184.674E-03
-4.839970E+00,-251.256E-03,-77.236E-03,-277.638E-03,-184.674E-03
-4.834970E+00,-251.256E-03,-579.749E-03,-26.382E-03,-586.684E-03
-4.829970E+00,+25.126E-03,-127.488E-03,-202.261E-03,-435.930E-03
-4.824970E+00,-226.130E-03,-403.869E-03,+199.749E-03,-586.684E-03
-4.819970E+00,+150.754E-03,-1.859E-03,-202.261E-03,-586.684E-03
-4.814970E+00,-25.125E-03,-177.739E-03,+23.869E-03,-410.804E-03
-4.809970E+00,+150.754E-03,-1.859E-03,-202.261E-03,-586.684E-03
-4.804970E+00,-226.130E-03,-403.869E-03,-202.261E-03,-561.558E-03
-4.799970E+00,+75.377E-03,-403.869E-03,-202.261E-03,-184.674E-03
-4.794970E+00,-201.005E-03,-403.869E-03,-202.261E-03,-184.674E-03
-4.789970E+00,-251.256E-03,-1.859E-03,-327.890E-03,-184.674E-03
-4.784970E+00,+125.628E-03,-378.744E-03,+174.623E-03,-209.799E-03
-4.779970E+00,+150.754E-03,+73.518E-03,-202.261E-03,-511.307E-03
-4.774970E+00,-251.256E-03,-227.990E-03,+23.869E-03,-410.804E-03
-4.769970E+00,+25.126E-03,-403.869E-03,-202.261E-03,-435.930E-03
-4.764970E+00,+502.513E-03,-1.859E-03,-202.261E-03,+192.211E-03
-4.759970E+00,+150.754E-03,-77.236E-03,+124.372E-03,-586.684E-03
-4.754970E+00,-427.135E-03,-1.859E-03,-26.382E-03,-360.553E-03
-4.749970E+00,+25.126E-03,-403.869E-03,-202.261E-03,-586.684E-03
-4.744970E+00,-226.130E-03,-1.859E-03,+174.623E-03,-938.442E-03
-4.739970E+00,-175.879E-03,-1.859E-03,-202.261E-03,-184.674E-03
-4.734970E+00,-251.256E-03,+224.271E-03,-202.261E-03,-410.804E-03
-4.729970E+00,+150.754E-03,-152.613E-03,-629.397E-03,-310.302E-03
-4.724970E+00,+150.754E-03,-26.985E-03,-227.387E-03,-184.674E-03
-4.719970E+00,-251.256E-03,-152.613E-03,-202.261E-03,-586.684E-03
-4.714970E+00,-75.377E-03,-227.990E-03,-378.141E-03,-410.804E-03
-4.709970E+00,+150.754E-03,-127.488E-03,-202.261E-03,-184.674E-03
-4.704970E+00,+150.754E-03,-780.754E-03,-177.136E-03,-586.684E-03
-4.699970E+00,+75.377E-03,-328.493E-03,-277.638E-03,-586.684E-03
-4.694970E+00,-25.125E-03,-227.990E-03,-26.382E-03,-184.674E-03
-4.689970E+00,+703.518E-03,+123.769E-03,-202.261E-03,+91.708E-03
-4.684970E+00,+150.754E-03,-1.859E-03,+174.623E-03,-184.674E-03
-4.679970E+00,+226.131E-03,-1.859E-03,-202.261E-03,-511.307E-03
-4.674970E+00,+150.754E-03,-227.990E-03,+23.869E-03,-360.553E-03
-4.669970E+00,+25.126E-03,-1.859E-03,+74.121E-03,-586.684E-03
-4.664970E+00,+150.754E-03,-26.985E-03,+199.749E-03,-184.674E-03
-4.659970E+00,-251.256E-03,+324.774E-03,+124.372E-03,-511.307E-03
-4.654970E+00,-25.125E-03,-177.739E-03,-202.261E-03,-184.674E-03
-4.649970E+00,-125.628E-03,-1.859E-03,-202.261E-03,-310.302E-03
-4.644970E+00,+125.628E-03,-1.859E-03,-579.146E-03,-536.432E-03
-4.639970E+00,-251.256E-03,-328.493E-03,-202.261E-03,-184.674E-03
-4.634970E+00,-301.507E-03,-177.739E-03,-252.513E-03,-586.684E-03
-4.629970E+00,-251.256E-03,+123.769E-03,-202.261E-03,-310.302E-03
-4.624970E+00,-226.130E-03,-403.869E-03,+174.623E-03,-586.684E-03
-4.619970E+00,+150.754E-03,-403.869E-03,-126.885E-03,+141.960E-03
-4.614970E+00,-25.125E-03,-52.111E-03,+23.869E-03,+41.457E-03
-4.609970E+00,+25.126E-03,-403.869E-03,-604.271E-03,+91.708E-03
-4.604970E+00,+175.880E-03,-378.744E-03,-202.261E-03,-586.684E-03
-4.599970E+00,-100.502E-03,-77.236E-03,-126.885E-03,-184.674E-03
-4.594970E+00,-477.387E-03,-177.739E-03,-202.261E-03,-8.794E-03
-4.589970E+00,-251.256E-03,-554.623E-03,-202.261E-03,-184.674E-03
-4.584970E+00,-226.130E-03,-1.859E-03,-252.513E-03,-561.558E-03
-4.579970E+00,+75.377E-03,-77.236E-03,-202.261E-03,-184.674E-03
-4.574970E+00,-477.387E-03,-403.869E-03,-26.382E-03,-762.563E-03
-4.569970E+00,-251.256E-03,-278.241E-03,-604.271E-03,-184.674E-03
-4.564970E+00,+150.754E-03,+23.266E-03,-227.387E-03,-184.674E-03
-4.559970E+00,-175.879E-03,+249.397E-03,-202.261E-03,-184.674E-03
-4.554970E+00,-75.377E-03,-403.869E-03,-202.261E-03,-586.684E-03
-4.549970E+00,-125.628E-03,-127.488E-03,-327.890E-03,-586.684E-03
-4.544970E+00,-628.140E-03,-1.859E-03,-579.146E-03,-963.568E-03
-4.539970E+00,-251.256E-03,-328.493E-03,-202.261E-03,-184.674E-03
-4.534970E+00,-251.256E-03,-227.990E-03,+23.869E-03,-410.804E-03
-4.529970E+00,+150.754E-03,-127.488E-03,-202.261E-03,-586.684E-03
-4.524970E+00,-251.256E-03,-1.859E-03,-202.261E-03,-586.684E-03
-4.519970E+00,-175.879E-03,-1.859E-03,-126.885E-03,-260.050E-03
-4.514970E+00,+376.885E-03,-177.739E-03,+23.869E-03,-360.553E-03
-4.509970E+00,-125.628E-03,-1.859E-03,-604.271E-03,-310.302E-03
-4.504970E+00,+150.754E-03,-378.744E-03,-604.271E-03,-963.568E-03
-4.499970E+00,+75.377E-03,-403.869E-03,-126.885E-03,-260.050E-03
-4.494970E+00,+100.503E-03,-403.869E-03,-26.382E-03,-184.674E-03
-4.489970E+00,+150.754E-03,-127.488E-03,-202.261E-03,-310.302E-03
-4.484970E+00,+150.754E-03,-403.869E-03,-202.261E-03,-963.568E-03
-4.479970E+00,-251.256E-03,-1.859E-03,+124.372E-03,-511.307E-03
-4.474970E+00,-25.125E-03,-227.990E-03,-202.261E-03,-586.684E-03
-4.469970E+00,-125.628E-03,-403.869E-03,-202.261E-03,-184.674E-03
-4.464970E+00,+150.754E-03,-353.618E-03,+174.623E-03,-209.799E-03
-4.459970E+00,-251.256E-03,-77.236E-03,-202.261E-03,-511.307E-03
-4.454970E+00,+150.754E-03,-1.859E-03,-202.261E-03,-410.804E-03
-4.449970E+00,-125.628E-03,-278.241E-03,-76.633E-03,-310.302E-03
-4.444970E+00,+150.754E-03,-403.869E-03,+199.749E-03,-234.925E-03
-4.439970E+00,-251.256E-03,+249.397E-03,-202.261E-03,-8.794E-03
-4.434970E+00,-25.125E-03,-177.739E-03,-202.261E-03,-184.674E-03
-4.429970E+00,+150.754E-03,-127.488E-03,-604.271E-03,-461.055E-03
-4.424970E+00,+125.628E-03,+349.899E-03,-202.261E-03,-209.799E-03
-4.419970E+00,-251.256E-03,-1.859E-03,-126.885E-03,-335.427E-03
-4.414970E+00,-75.377E-03,-227.990E-03,-654.523E-03,-360.553E-03
-4.409970E+00,-125.628E-03,-403.869E-03,-202.261E-03,-461.055E-03
-4.404970E+00,-226.130E-03,-1.859E-03,+174.623E-03,-586.684E-03
-4.399970E+00,-175.879E-03,-328.493E-03,-855.528E-03,-335.427E-03
-4.394970E+00,+150.754E-03,-1.859E-03,-202.261E-03,-762.563E-03
-4.389970E+00,-125.628E-03,-1.859E-03,-202.261E-03,-184.674E-03
-4.384970E+00,+150.754E-03,-26.985E-03,+174.623E-03,-184.674E-03
-4.379970E+00,+75.377E-03,-1.859E-03,-202.261E-03,-511.307E-03
-4.374970E+00,-25.125E-03,-1.859E-03,-202.261E-03,-8.794E-03
-4.369970E+00,+25.126E-03,-278.241E-03,-202.261E-03,-310.302E-03
-4.364970E+00,-226.130E-03,-26.985E-03,-227.387E-03,-209.799E-03
-4.359970E+00,-175.879E-03,-403.869E-03,-202.261E-03,-586.684E-03
-4.354970E+00,-75.377E-03,+174.020E-03,+199.749E-03,-586.684E-03
-4.349970E+00,+25.126E-03,+274.523E-03,-202.261E-03,-184.674E-03
-4.344970E+00,-251.256E-03,-1.859E-03,-202.261E-03,-611.809E-03
-4.339970E+00,+75.377E-03,-1.859E-03,-202.261E-03,-260.050E-03
-4.334970E+00,-75.377E-03,-227.990E-03,-428.392E-03,-410.804E-03
-4.329970E+00,+150.754E-03,+274.523E-03,-76.633E-03,-310.302E-03
-4.324970E+00,+125.628E-03,-1.859E-03,+174.623E-03,-209.799E-03
-4.319970E+00,-326.633E-03,-1.859E-03,-277.638E-03,-184.674E-03
-4.314970E+00,-251.256E-03,-227.990E-03,-152.010E-03,-184.674E-03
-4.309970E+00,+150.754E-03,-1.859E-03,-202.261E-03,-310.302E-03
-4.304970E+00,-226.130E-03,-378.744E-03,-202.261E-03,-184.674E-03
-4.299970E+00,+75.377E-03,-77.236E-03,-604.271E-03,-435.930E-03
-4.294970E+00,+150.754E-03,-403.869E-03,+199.749E-03,-134.422E-03
-4.289970E+00,+150.754E-03,-278.241E-03,-76.633E-03,-586.684E-03
-4.284970E+00,-251.256E-03,-1.859E-03,-579.146E-03,-184.674E-03
-4.279970E+00,-251.256E-03,-403.869E-03,-126.885E-03,-184.674E-03
-4.274970E+00,-25.125E-03,-1.859E-03,-378.141E-03,-360.553E-03
-4.269970E+00,-251.256E-03,-403.869E-03,+74.121E-03,-586.684E-03
-4.264970E+00,+125.628E-03,-378.744E-03,-579.146E-03,-159.548E-03
-4.259970E+00,+477.387E-03,-77.236E-03,-528.895E-03,-184.674E-03
-4.254970E+00,-477.387E-03,-1.859E-03,-428.392E-03,-636.935E-03
-4.249970E+00,+25.126E-03,-278.241E-03,+74.121E-03,-310.302E-03
-4.244970E+00,-251.256E-03,-26.985E-03,-177.136E-03,-209.799E-03
-4.239970E+00,+75.377E-03,-328.493E-03,-528.895E-03,-511.307E-03
-4.234970E+00,-201.005E-03,-1.859E-03,+23.869E-03,-410.804E-03
-4.229970E+00,-251.256E-03,-253.116E-03,-76.633E-03,-310.302E-03
-4.224970E+00,+150.754E-03,-26.985E-03,-202.261E-03,-184.674E-03
-4.219970E+00,+0.0E+00,-403.869E-03,+199.749E-03,-184.674E-03
-4.214970E+00,-25.125E-03,-1.859E-03,-378.141E-03,-360.553E-03
-4.209970E+00,+150.754E-03,-1.859E-03,-76.633E-03,-310.302E-03
-4.204970E+00,-226.130E-03,-378.744E-03,-579.146E-03,-184.674E-03
-4.199970E+00,+150.754E-03,-1.859E-03,-202.261E-03,-837.940E-03
-4.194970E+00,-251.256E-03,-1.859E-03,+23.869E-03,-184.674E-03
-4.189970E+00,+25.126E-03,-403.869E-03,-327.890E-03,-310.302E-03
-4.184970E+00,+150.754E-03,-378.744E-03,-956.030E-03,-184.674E-03
-4.179970E+00,-326.633E-03,-328.493E-03,-277.638E-03,-586.684E-03
-4.174970E+00,-25.125E-03,-403.869E-03,+199.749E-03,-586.684E-03
-4.169970E+00,-251.256E-03,-127.488E-03,-76.633E-03,-310.302E-03
-4.164970E+00,+175.880E-03,+349.899E-03,-202.261E-03,-184.674E-03
-4.159970E+00,+75.377E-03,-328.493E-03,+124.372E-03,-260.050E-03
-4.154970E+00,+150.754E-03,-177.739E-03,-202.261E-03,-360.553E-03
-4.149970E+00,+150.754E-03,-1.859E-03,-202.261E-03,-310.302E-03
-4.144970E+00,-201.005E-03,-26.985E-03,-554.020E-03,-586.684E-03
-4.139970E+00,+75.377E-03,-77.236E-03,-528.895E-03,-511.307E-03
-4.134970E+00,-75.377E-03,-403.869E-03,-428.392E-03,-586.684E-03
-4.129970E+00,+25.126E-03,-1.859E-03,-202.261E-03,-33.920E-03
-4.124970E+00,-226.130E-03,-378.744E-03,-177.136E-03,-586.684E-03
-4.119970E+00,-175.879E-03,-328.493E-03,+199.749E-03,-260.050E-03
-4.114970E+00,+150.754E-03,-227.990E-03,+23.869E-03,-410.804E-03
-4.109970E+00,-251.256E-03,-278.241E-03,-76.633E-03,-310.302E-03
-4.104970E+00,+125.628E-03,-403.869E-03,-227.387E-03,-561.558E-03
-4.099970E+00,-251.256E-03,-77.236E-03,+48.995E-03,-184.674E-03
-4.094970E+00,+150.754E-03,-227.990E-03,-202.261E-03,-410.804E-03
-4.089970E+00,-251.256E-03,-1.859E-03,-202.261E-03,-586.684E-03
-4.084970E+00,-628.140E-03,-26.985E-03,-579.146E-03,-561.558E-03
-4.079970E+00,-175.879E-03,-328.493E-03,+124.372E-03,-586.684E-03
-4.074970E+00,-477.387E-03,-403.869E-03,-252.513E-03,-184.674E-03
-4.069970E+00,+25.126E-03,-127.488E-03,+74.121E-03,-586.684E-03
-4.064970E+00,+125.628E-03,+375.025E-03,-202.261E-03,-586.684E-03
-4.059970E+00,+75.377E-03,-77.236E-03,+199.749E-03,-260.050E-03
-4.054970E+00,-25.125E-03,-1.859E-03,+23.869E-03,-410.804E-03
-4.049970E+00,+150.754E-03,-1.859E-03,-327.890E-03,-586.684E-03
-4.044970E+00,-226.130E-03,-403.869E-03,-202.261E-03,-586.684E-03
-4.039970E+00,+150.754E-03,-1.859E-03,-202.261E-03,-586.684E-03
-4.034970E+00,-75.377E-03,-177.739E-03,-202.261E-03,-184.674E-03
-4.029970E+00,-251.256E-03,-403.869E-03,-478.643E-03,-59.045E-03
-4.024970E+00,+150.754E-03,-378.744E-03,-930.905E-03,-611.809E-03
-4.019970E+00,-251.256E-03,-403.869E-03,+124.372E-03,-586.684E-03
-4.014970E+00,+201.005E-03,-403.869E-03,-26.382E-03,-586.684E-03
-4.009970E+00,-125.628E-03,-1.859E-03,-202.261E-03,-586.684E-03
-4.004970E+00,-251.256E-03,-403.869E-03,+174.623E-03,-586.684E-03
-3.999970E+00,-326.633E-03,-328.493E-03,-202.261E-03,-586.684E-03
-3.994970E+00,-25.125E-03,-1.859E-03,-202.261E-03,-586.684E-03
-3.989970E+00,+150.754E-03,-127.488E-03,-202.261E-03,-310.302E-03
-3.984970E+00,-251.256E-03,-378.744E-03,-202.261E-03,-586.684E-03
-3.979970E+00,+150.754E-03,-403.869E-03,-528.895E-03,+66.583E-03
-3.974970E+00,-25.125E-03,-227.990E-03,-202.261E-03,-184.674E-03
-3.969970E+00,-251.256E-03,+123.769E-03,-202.261E-03,-310.302E-03
-3.964970E+00,-226.130E-03,-1.859E-03,+174.623E-03,-184.674E-03
-3.959970E+00,-175.879E-03,-328.493E-03,-528.895E-03,-511.307E-03
-3.954970E+00,-251.256E-03,-403.869E-03,-428.392E-03,-134.422E-03
-3.949970E+00,+301.508E-03,-278.241E-03,-202.261E-03,-586.684E-03
-3.944970E+00,+150.754E-03,-378.744E-03,+174.623E-03,-561.558E-03
-3.939970E+00,-251.256E-03,-479.246E-03,-202.261E-03,-511.307E-03
-3.934970E+00,-25.125E-03,-1.859E-03,-604.271E-03,-184.674E-03
-3.929970E+00,-125.628E-03,+148.894E-03,-327.890E-03,-184.674E-03
-3.924970E+00,+125.628E-03,-378.744E-03,+199.749E-03,-209.799E-03
-3.919970E+00,+150.754E-03,-328.493E-03,-126.885E-03,-511.307E-03
-3.914970E+00,+150.754E-03,-227.990E-03,-26.382E-03,-410.804E-03
-3.909970E+00,+25.126E-03,-127.488E-03,+199.749E-03,-310.302E-03
-3.904970E+00,-603.015E-03,-378.744E-03,+199.749E-03,-586.684E-03
-3.899970E+00,-175.879E-03,-77.236E-03,-202.261E-03,-260.050E-03
-3.894970E+00,-25.125E-03,-1.859E-03,-428.392E-03,-134.422E-03
-3.889970E+00,-125.628E-03,-127.488E-03,-202.261E-03,-59.045E-03
-3.884970E+00,+100.503E-03,-378.744E-03,-227.387E-03,-184.674E-03
-3.879970E+00,+402.010E-03,-77.236E-03,-126.885E-03,-260.050E-03
-3.874970E+00,+150.754E-03,-177.739E-03,-378.141E-03,-586.684E-03
-3.869970E+00,-125.628E-03,-278.241E-03,-76.633E-03,-586.684E-03
-3.864970E+00,+150.754E-03,-403.869E-03,-202.261E-03,-586.684E-03
-3.859970E+00,+150.754E-03,-1.859E-03,-126.885E-03,-586.684E-03
-3.854970E+00,-25.125E-03,-227.990E-03,+23.869E-03,-586.684E-03
-3.849970E+00,+150.754E-03,-127.488E-03,-353.015E-03,-184.674E-03
-3.844970E+00,-226.130E-03,-1.859E-03,-227.387E-03,-209.799E-03
-3.839970E+00,+75.377E-03,-328.493E-03,-126.885E-03,-260.050E-03
-3.834970E+00,-251.256E-03,-403.869E-03,+23.869E-03,-410.804E-03
-3.829970E+00,+25.126E-03,-403.869E-03,+74.121E-03,-184.674E-03
-3.824970E+00,+125.628E-03,-1.859E-03,-202.261E-03,-586.684E-03
-3.819970E+00,+326.633E-03,-1.859E-03,-202.261E-03,-184.674E-03
-3.814970E+00,-75.377E-03,-1.859E-03,-202.261E-03,-410.804E-03
-3.809970E+00,-125.628E-03,-1.859E-03,-202.261E-03,-586.684E-03
-3.804970E+00,-226.130E-03,-26.985E-03,-177.136E-03,-184.674E-03
-3.799970E+00,+75.377E-03,-1.859E-03,-353.015E-03,-184.674E-03
-3.794970E+00,-301.507E-03,-52.111E-03,-202.261E-03,-586.684E-03
-3.789970E+00,-251.256E-03,-554.623E-03,-202.261E-03,-59.045E-03
-3.784970E+00,-251.256E-03,-1.859E-03,-202.261E-03,-184.674E-03
-3.779970E+00,-502.512E-03,-403.869E-03,-277.638E-03,-586.684E-03
-3.774970E+00,-25.125E-03,-403.869E-03,-428.392E-03,-360.553E-03
-3.769970E+00,+25.126E-03,-278.241E-03,-202.261E-03,-863.066E-03
-3.764970E+00,+125.628E-03,-378.744E-03,-202.261E-03,-963.568E-03
-3.759970E+00,+150.754E-03,+249.397E-03,-202.261E-03,-184.674E-03
-3.754970E+00,-75.377E-03,-1.859E-03,+199.749E-03,-586.684E-03
-3.749970E+00,+25.126E-03,-127.488E-03,-202.261E-03,-461.055E-03
-3.744970E+00,-226.130E-03,-1.859E-03,+174.623E-03,-586.684E-03
-3.739970E+00,+150.754E-03,-1.859E-03,-202.261E-03,-511.307E-03
-3.734970E+00,-75.377E-03,-227.990E-03,-378.141E-03,-360.553E-03
-3.729970E+00,-125.628E-03,-127.488E-03,-202.261E-03,-184.674E-03
-3.724970E+00,+125.628E-03,-403.869E-03,-604.271E-03,-184.674E-03
-3.719970E+00,+150.754E-03,-77.236E-03,-126.885E-03,-260.050E-03
-3.714970E+00,-75.377E-03,-177.739E-03,-202.261E-03,-184.674E-03
-3.709970E+00,-125.628E-03,-403.869E-03,-202.261E-03,-59.045E-03
-3.704970E+00,+125.628E-03,-26.985E-03,-202.261E-03,-184.674E-03
-3.699970E+00,-251.256E-03,-403.869E-03,-126.885E-03,-586.684E-03
-3.694970E+00,+150.754E-03,-1.859E-03,-378.141E-03,-184.674E-03
-3.689970E+00,-125.628E-03,-278.241E-03,-51.508E-03,-586.684E-03
-3.684970E+00,+150.754E-03,-1.859E-03,-202.261E-03,-586.684E-03
-3.679970E+00,+75.377E-03,-1.859E-03,-277.638E-03,-511.307E-03
-3.674970E+00,-25.125E-03,-1.859E-03,-202.261E-03,-410.804E-03
-3.669970E+00,-402.010E-03,-1.859E-03,-478.643E-03,-184.674E-03
-3.664970E+00,-226.130E-03,-378.744E-03,-227.387E-03,-184.674E-03
-3.659970E+00,+150.754E-03,+324.774E-03,-453.518E-03,-109.297E-03
-3.654970E+00,+150.754E-03,-630.000E-03,-252.513E-03,-184.674E-03
-3.649970E+00,+25.126E-03,-278.241E-03,-202.261E-03,+91.708E-03
-3.644970E+00,+527.638E-03,-378.744E-03,-554.020E-03,-184.674E-03
-3.639970E+00,-502.512E-03,+324.774E-03,-202.261E-03,-260.050E-03
-3.634970E+00,-25.125E-03,-1.859E-03,-202.261E-03,-360.553E-03
-3.629970E+00,-251.256E-03,-278.241E-03,-202.261E-03,-184.674E-03
-3.624970E+00,-251.256E-03,-403.869E-03,+199.749E-03,-561.558E-03
-3.619970E+00,+75.377E-03,-403.869E-03,-202.261E-03,-184.674E-03
-3.614970E+00,-25.125E-03,-1.859E-03,-202.261E-03,-586.684E-03
-3.609970E+00,+150.754E-03,-1.859E-03,+74.121E-03,-712.312E-03
-3.604970E+00,-226.130E-03,-378.744E-03,-177.136E-03,-586.684E-03
-3.599970E+00,+150.754E-03,-328.493E-03,-353.015E-03,-511.307E-03
-3.594970E+00,-25.125E-03,-353.618E-03,-202.261E-03,-410.804E-03
-3.589970E+00,+150.754E-03,-278.241E-03,-202.261E-03,-461.055E-03
-3.584970E+00,+100.503E-03,-26.985E-03,-202.261E-03,-561.558E-03
-3.579970E+00,+150.754E-03,-328.493E-03,-202.261E-03,-260.050E-03
-3.574970E+00,-251.256E-03,-1.859E-03,-26.382E-03,-184.674E-03
-3.569970E+00,-100.502E-03,-1.859E-03,-202.261E-03,-310.302E-03
-3.564970E+00,-251.256E-03,-1.859E-03,-202.261E-03,-586.684E-03
-3.559970E+00,+150.754E-03,-77.236E-03,+199.749E-03,-586.684E-03
-3.554970E+00,-201.005E-03,-227.990E-03,-26.382E-03,-586.684E-03
-3.549970E+00,-251.256E-03,-127.488E-03,-202.261E-03,-310.302E-03
-3.544970E+00,-226.130E-03,-378.744E-03,-202.261E-03,-184.674E-03
-3.539970E+00,+75.377E-03,-403.869E-03,-277.638E-03,-586.684E-03
-3.534970E+00,-25.125E-03,-177.739E-03,-26.382E-03,-586.684E-03
-3.529970E+00,-100.502E-03,-278.241E-03,-327.890E-03,-586.684E-03
-3.524970E+00,+125.628E-03,-353.618E-03,-202.261E-03,-184.674E-03
-3.519970E+00,-251.256E-03,-1.859E-03,-202.261E-03,-511.307E-03
-3.514970E+00,-301.507E-03,-227.990E-03,-202.261E-03,-410.804E-03
-3.509970E+00,-251.256E-03,-403.869E-03,-629.397E-03,-586.684E-03
-3.504970E+00,-226.130E-03,-1.859E-03,+174.623E-03,-209.799E-03
-3.499970E+00,+75.377E-03,-403.869E-03,-202.261E-03,-260.050E-03
-3.494970E+00,-25.125E-03,-403.869E-03,+23.869E-03,-360.553E-03
-3.489970E+00,-251.256E-03,-127.488E-03,-202.261E-03,-586.684E-03
-3.484970E+00,-251.256E-03,-403.869E-03,+199.749E-03,-586.684E-03
-3.479970E+00,-175.879E-03,-403.869E-03,-126.885E-03,-184.674E-03
-3.474970E+00,-75.377E-03,-177.739E-03,+23.869E-03,-410.804E-03
-3.469970E+00,+25.126E-03,-403.869E-03,-353.015E-03,-184.674E-03
-3.464970E+00,+100.503E-03,-1.859E-03,-579.146E-03,-561.558E-03
-3.459970E+00,-251.256E-03,-328.493E-03,-453.518E-03,-586.684E-03
-3.454970E+00,-251.256E-03,-403.869E-03,+199.749E-03,-184.674E-03
-3.449970E+00,+150.754E-03,-127.488E-03,-202.261E-03,-184.674E-03
-3.444970E+00,+125.628E-03,-26.985E-03,-202.261E-03,-586.684E-03
-3.439970E+00,-175.879E-03,-479.246E-03,-453.518E-03,-511.307E-03
-3.434970E+00,-75.377E-03,-1.859E-03,-378.141E-03,-410.804E-03
-3.429970E+00,-527.638E-03,-1.859E-03,-202.261E-03,-461.055E-03
-3.424970E+00,-276.382E-03,-26.985E-03,-177.136E-03,-586.684E-03
-3.419970E+00,-175.879E-03,-77.236E-03,-126.885E-03,-511.307E-03
-3.414970E+00,-75.377E-03,+224.271E-03,+23.869E-03,-586.684E-03
-3.409970E+00,-125.628E-03,-1.859E-03,-604.271E-03,-33.920E-03
-3.404970E+00,-251.256E-03,-26.985E-03,-579.146E-03,-586.684E-03
-3.399970E+00,+477.387E-03,+324.774E-03,-202.261E-03,-260.050E-03
-3.394970E+00,+376.885E-03,-177.739E-03,-202.261E-03,-184.674E-03
-3.389970E+00,-125.628E-03,-127.488E-03,-327.890E-03,-310.302E-03
-3.384970E+00,-226.130E-03,-378.744E-03,-579.146E-03,-184.674E-03
-3.379970E+00,+0.0E+00,-328.493E-03,+124.372E-03,-511.307E-03
-3.374970E+00,-75.377E-03,-1.859E-03,-202.261E-03,-8.794E-03
-3.369970E+00,-125.628E-03,-403.869E-03,-51.508E-03,-461.055E-03
-3.364970E+00,+150.754E-03,-378.744E-03,+199.749E-03,-209.799E-03
-3.359970E+00,+150.754E-03,-1.859E-03,-202.261E-03,-511.307E-03
-3.354970E+00,+326.633E-03,-227.990E-03,-428.392E-03,-636.935E-03
-3.349970E+00,-251.256E-03,-278.241E-03,-478.643E-03,-461.055E-03
-3.344970E+00,+150.754E-03,-26.985E-03,+174.623E-03,-586.684E-03
-3.339970E+00,-175.879E-03,-77.236E-03,-202.261E-03,-260.050E-03
-3.334970E+00,+150.754E-03,-227.990E-03,-152.010E-03,-410.804E-03
-3.329970E+00,+150.754E-03,-1.859E-03,-353.015E-03,-586.684E-03
-3.324970E+00,-251.256E-03,-1.859E-03,-177.136E-03,-561.558E-03
-3.319970E+00,+150.754E-03,-328.493E-03,-126.885E-03,-511.307E-03
-3.314970E+00,+201.005E-03,-227.990E-03,+199.749E-03,-536.432E-03
-3.309970E+00,-251.256E-03,-1.859E-03,+74.121E-03,-59.045E-03
-3.304970E+00,-251.256E-03,+23.266E-03,-579.146E-03,-561.558E-03
-3.299970E+00,-175.879E-03,-1.859E-03,-277.638E-03,-511.307E-03
-3.294970E+00,+150.754E-03,-177.739E-03,-26.382E-03,-360.553E-03
-3.289970E+00,-251.256E-03,-278.241E-03,+74.121E-03,-184.674E-03
-3.284970E+00,-251.256E-03,-1.859E-03,+149.497E-03,-586.684E-03
-3.279970E+00,-175.879E-03,-77.236E-03,+124.372E-03,-435.930E-03
-3.274970E+00,+150.754E-03,-403.869E-03,-554.020E-03,-586.684E-03
-3.269970E+00,-527.638E-03,-127.488E-03,+199.749E-03,-712.312E-03
-3.264970E+00,+125.628E-03,-26.985E-03,-202.261E-03,-586.684E-03
-3.259970E+00,-577.889E-03,+249.397E-03,-202.261E-03,-260.050E-03
-3.254970E+00,-251.256E-03,-403.869E-03,-604.271E-03,+41.457E-03
-3.249970E+00,+427.136E-03,-1.859E-03,+74.121E-03,-586.684E-03
-3.244970E+00,-628.140E-03,-1.859E-03,-579.146E-03,-209.799E-03
-3.239970E+00,+75.377E-03,-77.236E-03,-528.895E-03,-913.317E-03
-3.234970E+00,-251.256E-03,-1.859E-03,+199.749E-03,-586.684E-03
-3.229970E+00,-125.628E-03,-278.241E-03,-202.261E-03,-988.694E-03
-3.224970E+00,-251.256E-03,-1.859E-03,-227.387E-03,-561.558E-03
-3.219970E+00,-653.266E-03,-403.869E-03,-202.261E-03,-260.050E-03
-3.214970E+00,-75.377E-03,-1.859E-03,-428.392E-03,-184.674E-03
-3.209970E+00,-376.884E-03,+274.523E-03,-51.508E-03,-461.055E-03
-3.204970E+00,-577.889E-03,-403.869E-03,-202.261E-03,-561.558E-03
-3.199970E+00,-175.879E-03,-403.869E-03,-202.261E-03,-184.674E-03
-3.194970E+00,-251.256E-03,-1.859E-03,-202.261E-03,-586.684E-03
-3.189970E+00,-653.266E-03,-1.859E-03,-202.261E-03,-310.302E-03
-3.184970E+00,-276.382E-03,-1.859E-03,-202.261E-03,-209.799E-03
-3.179970E+00,-326.633E-03,-403.869E-03,-353.015E-03,-586.684E-03
-3.174970E+00,-251.256E-03,-403.869E-03,-202.261E-03,-360.553E-03
-3.169970E+00,-251.256E-03,-127.488E-03,-202.261E-03,-461.055E-03
-3.164970E+00,-276.382E-03,-403.869E-03,-202.261E-03,-611.809E-03
-3.159970E+00,-251.256E-03,-77.236E-03,+124.372E-03,-1.064071E+00
-3.154970E+00,-477.387E-03,-177.739E-03,-202.261E-03,-536.432E-03
-3.149970E+00,-653.266E-03,-403.869E-03,-202.261E-03,-461.055E-03
-3.144970E+00,-653.266E-03,-26.985E-03,+174.623E-03,-561.558E-03
-3.139970E+00,-326.633E-03,-1.859E-03,-202.261E-03,-435.930E-03
-3.134970E+00,-251.256E-03,-1.859E-03,-202.261E-03,-184.674E-03
-3.129970E+00,-653.266E-03,-127.488E-03,+74.121E-03,-586.684E-03
-3.124970E+00,-251.256E-03,-403.869E-03,-202.261E-03,-561.558E-03
-3.119970E+00,-577.889E-03,-328.493E-03,+124.372E-03,+141.960E-03
-3.114970E+00,-603.015E-03,-403.869E-03,-202.261E-03,-360.553E-03
-3.109970E+00,-653.266E-03,-127.488E-03,-478.643E-03,-461.055E-03
-3.104970E+00,-628.140E-03,-1.859E-03,-202.261E-03,-184.674E-03
-3.099970E+00,-326.633E-03,-77.236E-03,+124.372E-03,-586.684E-03
-3.094970E+00,-653.266E-03,-403.869E-03,-428.392E-03,-234.925E-03
-3.089970E+00,-653.266E-03,-127.488E-03,-327.890E-03,-184.674E-03
-3.084970E+00,-653.266E-03,-1.859E-03,-554.020E-03,-184.674E-03
-3.079970E+00,-728.643E-03,-77.236E-03,-277.638E-03,-184.674E-03
-3.074970E+00,-653.266E-03,-1.859E-03,-202.261E-03,-184.674E-03
-3.069970E+00,-929.648E-03,-278.241E-03,-453.518E-03,-586.684E-03
-3.064970E+00,-1.030151E+00,-378.744E-03,-202.261E-03,-209.799E-03
-3.059970E+00,-653.266E-03,-328.493E-03,-126.885E-03,-586.684E-03
-3.054970E+00,-653.266E-03,-177.739E-03,-378.141E-03,-762.563E-03
-3.049970E+00,-929.648E-03,-680.251E-03,-51.508E-03,-586.684E-03
-3.044970E+00,-653.266E-03,-403.869E-03,-579.146E-03,-184.674E-03
-3.039970E+00,-653.266E-03,-77.236E-03,+199.749E-03,-260.050E-03
-3.034970E+00,-879.397E-03,-177.739E-03,-26.382E-03,-184.674E-03
-3.029970E+00,-1.206030E+00,-1.859E-03,-478.643E-03,-737.437E-03
-3.024970E+00,-1.407035E+00,-1.859E-03,-177.136E-03,-209.799E-03
-3.019970E+00,-653.266E-03,-1.859E-03,-277.638E-03,-511.307E-03
-3.014970E+00,-251.256E-03,-227.990E-03,-26.382E-03,-586.684E-03
-3.009970E+00,-653.266E-03,-403.869E-03,-202.261E-03,-310.302E-03
-3.004970E+00,-1.055276E+00,-378.744E-03,+174.623E-03,-184.674E-03
-2.999970E+00,-979.899E-03,-1.859E-03,+48.995E-03,-586.684E-03
-2.994970E+00,-1.231156E+00,-1.859E-03,-202.261E-03,-184.674E-03
-2.989970E+00,-653.266E-03,-127.488E-03,-478.643E-03,-586.684E-03
-2.984970E+00,-1.432161E+00,-26.985E-03,-177.136E-03,-586.684E-03
-2.979970E+00,-1.055276E+00,+324.774E-03,-202.261E-03,-586.684E-03
-2.974970E+00,-1.005025E+00,-403.869E-03,+23.869E-03,-184.674E-03
-2.969970E+00,-1.055276E+00,+148.894E-03,+74.121E-03,-586.684E-03
-2.964970E+00,-1.055276E+00,-1.859E-03,-177.136E-03,+167.085E-03
-2.959970E+00,-979.899E-03,+324.774E-03,+124.372E-03,-511.307E-03
-2.954970E+00,-879.397E-03,-403.869E-03,-378.141E-03,-410.804E-03
-2.949970E+00,-653.266E-03,-127.488E-03,-353.015E-03,-310.302E-03
-2.944970E+00,-1.055276E+00,-26.985E-03,-579.146E-03,-586.684E-03
-2.939970E+00,-1.381909E+00,-328.493E-03,+124.372E-03,-511.307E-03
-2.934970E+00,-1.055276E+00,-227.990E-03,-202.261E-03,-184.674E-03
-2.929970E+00,-1.331658E+00,-1.859E-03,-478.643E-03,-184.674E-03
-2.924970E+00,-1.457286E+00,-1.859E-03,-227.387E-03,-561.558E-03
-2.919970E+00,-1.381909E+00,-328.493E-03,+199.749E-03,-662.061E-03
-2.914970E+00,-1.105527E+00,-177.739E-03,-428.392E-03,+41.457E-03
-2.909970E+00,-1.206030E+00,-278.241E-03,-327.890E-03,-184.674E-03
-2.904970E+00,-1.055276E+00,-1.859E-03,+199.749E-03,-561.558E-03
-2.899970E+00,-1.381909E+00,-1.859E-03,-202.261E-03,-511.307E-03
-2.894970E+00,-1.457286E+00,-1.859E-03,-378.141E-03,-134.422E-03
-2.889970E+00,-1.180904E+00,-127.488E-03,+74.121E-03,-586.684E-03
-2.884970E+00,-1.457286E+00,-428.995E-03,-202.261E-03,-536.432E-03
-2.879970E+00,-1.457286E+00,-1.859E-03,+451.005E-03,-260.050E-03
-2.874970E+00,-1.507537E+00,-227.990E-03,-152.010E-03,-184.674E-03
-2.869970E+00,-1.306532E+00,-403.869E-03,-76.633E-03,-310.302E-03
-2.864970E+00,-1.432161E+00,-403.869E-03,-202.261E-03,-586.684E-03
-2.859970E+00,-1.457286E+00,-1.859E-03,-202.261E-03,-260.050E-03
-2.854970E+00,-1.231156E+00,-403.869E-03,+23.869E-03,-184.674E-03
-2.849970E+00,-1.331658E+00,-127.488E-03,-76.633E-03,-461.055E-03
-2.844970E+00,-1.457286E+00,-1.859E-03,-227.387E-03,-938.442E-03
-2.839970E+00,-1.055276E+00,-152.613E-03,-126.885E-03,-260.050E-03
-2.834970E+00,-1.507537E+00,-1.859E-03,-252.513E-03,-586.684E-03
-2.829970E+00,-1.457286E+00,-1.859E-03,-202.261E-03,-461.055E-03
-2.824970E+00,-1.457286E+00,-403.869E-03,+174.623E-03,-209.799E-03
-2.819970E+00,-1.457286E+00,-77.236E-03,-202.261E-03,-260.050E-03
-2.814970E+00,-1.457286E+00,-403.869E-03,-152.010E-03,-586.684E-03
-2.809970E+00,-1.608040E+00,-278.241E-03,-327.890E-03,-310.302E-03
-2.804970E+00,-1.482412E+00,-378.744E-03,-579.146E-03,-938.442E-03
-2.799970E+00,-1.783919E+00,-1.859E-03,-202.261E-03,-511.307E-03
-2.794970E+00,-1.457286E+00,-1.859E-03,-252.513E-03,-586.684E-03
-2.789970E+00,-1.457286E+00,-1.859E-03,-202.261E-03,-461.055E-03
-2.784970E+00,-1.105527E+00,-755.628E-03,-227.387E-03,-561.558E-03
-2.779970E+00,-1.457286E+00,-403.869E-03,+199.749E-03,-586.684E-03
-2.774970E+00,-1.683417E+00,-227.990E-03,-252.513E-03,-586.684E-03
-2.769970E+00,-1.859296E+00,-1.859E-03,-202.261E-03,-310.302E-03
-2.764970E+00,-1.105527E+00,-378.744E-03,-579.146E-03,-586.684E-03
-2.759970E+00,-1.457286E+00,-403.869E-03,-126.885E-03,-586.684E-03
-2.754970E+00,-1.683417E+00,-227.990E-03,-378.141E-03,-410.804E-03
-2.749970E+00,-1.708542E+00,+274.523E-03,-327.890E-03,-586.684E-03
-2.744970E+00,-1.482412E+00,-730.503E-03,-202.261E-03,-184.674E-03
-2.739970E+00,-1.457286E+00,-403.869E-03,-126.885E-03,-335.427E-03
-2.734970E+00,-1.683417E+00,-1.859E-03,+23.869E-03,-184.674E-03
-2.729970E+00,-1.859296E+00,-127.488E-03,-76.633E-03,-184.674E-03
-2.724970E+00,-1.457286E+00,-1.859E-03,-202.261E-03,-184.674E-03
-2.719970E+00,-1.457286E+00,-403.869E-03,+124.372E-03,-260.050E-03
-2.714970E+00,-1.457286E+00,+224.271E-03,-428.392E-03,-184.674E-03
-2.709970E+00,-1.984924E+00,-1.859E-03,+74.121E-03,-586.684E-03
-2.704970E+00,-1.859296E+00,-1.859E-03,-227.387E-03,-586.684E-03
-2.699970E+00,-2.261306E+00,-328.493E-03,+124.372E-03,-586.684E-03
-2.694970E+00,-1.859296E+00,-227.990E-03,-26.382E-03,+41.457E-03
-2.689970E+00,-1.733668E+00,-127.488E-03,+74.121E-03,-461.055E-03
-2.684970E+00,-2.236181E+00,-403.869E-03,-202.261E-03,-586.684E-03
-2.679970E+00,-1.859296E+00,-1.859E-03,+124.372E-03,-511.307E-03
-2.674970E+00,-1.683417E+00,-1.859E-03,-202.261E-03,-410.804E-03
-2.669970E+00,-1.984924E+00,-529.498E-03,-76.633E-03,-310.302E-03
-2.664970E+00,-1.507537E+00,-1.859E-03,-177.136E-03,-561.558E-03
-2.659970E+00,-1.859296E+00,-77.236E-03,-202.261E-03,-586.684E-03
-2.654970E+00,-1.633166E+00,+174.020E-03,-202.261E-03,-410.804E-03
-2.649970E+00,-1.984924E+00,-127.488E-03,-76.633E-03,-863.066E-03
-2.644970E+00,-2.261306E+00,-26.985E-03,-177.136E-03,-184.674E-03
-2.639970E+00,-1.457286E+00,-77.236E-03,+124.372E-03,-586.684E-03
-2.634970E+00,-1.683417E+00,-177.739E-03,-202.261E-03,-234.925E-03
-2.629970E+00,-1.859296E+00,-278.241E-03,+199.749E-03,-586.684E-03
-2.624970E+00,-2.261306E+00,-26.985E-03,-177.136E-03,-586.684E-03
-2.619970E+00,-1.683417E+00,-403.869E-03,-202.261E-03,-260.050E-03
-2.614970E+00,-2.035176E+00,-1.859E-03,-202.261E-03,-410.804E-03
-2.609970E+00,-2.135678E+00,-278.241E-03,-202.261E-03,-184.674E-03
-2.604970E+00,-2.236181E+00,-378.744E-03,-202.261E-03,-561.558E-03
-2.599970E+00,-2.261306E+00,-1.859E-03,-202.261E-03,-184.674E-03
-2.594970E+00,-2.085427E+00,-227.990E-03,-152.010E-03,-360.553E-03
-2.589970E+00,-1.708542E+00,-127.488E-03,-202.261E-03,-737.437E-03
-2.584970E+00,-1.859296E+00,-1.859E-03,-202.261E-03,-586.684E-03
-2.579970E+00,-2.512563E+00,-77.236E-03,-126.885E-03,-511.307E-03
-2.574970E+00,-1.859296E+00,-177.739E-03,-202.261E-03,-184.674E-03
-2.569970E+00,-2.537688E+00,-403.869E-03,-202.261E-03,-59.045E-03
-2.564970E+00,-2.261306E+00,-26.985E-03,-202.261E-03,-184.674E-03
-2.559970E+00,-1.532663E+00,-1.859E-03,-126.885E-03,-586.684E-03
-2.554970E+00,-2.261306E+00,+48.392E-03,-378.141E-03,-410.804E-03
-2.549970E+00,-1.984924E+00,-278.241E-03,-76.633E-03,-310.302E-03
-2.544970E+00,-2.261306E+00,-1.859E-03,+174.623E-03,-184.674E-03
-2.539970E+00,-2.512563E+00,-403.869E-03,+124.372E-03,-586.684E-03
-2.534970E+00,-2.035176E+00,-177.739E-03,-26.382E-03,-360.553E-03
-2.529970E+00,-2.261306E+00,-1.859E-03,-202.261E-03,-310.302E-03
-2.524970E+00,-2.261306E+00,-26.985E-03,-202.261E-03,-561.558E-03
-2.519970E+00,-2.261306E+00,-328.493E-03,-202.261E-03,-586.684E-03
-2.514970E+00,-2.311558E+00,-1.859E-03,-428.392E-03,-586.684E-03
-2.509970E+00,-2.261306E+00,-278.241E-03,-76.633E-03,-59.045E-03
-2.504970E+00,-2.261306E+00,-403.869E-03,-202.261E-03,-913.317E-03
-2.499970E+00,-1.934673E+00,+249.397E-03,-202.261E-03,-837.940E-03
-2.494970E+00,-2.663316E+00,-1.859E-03,+23.869E-03,-184.674E-03
-2.489970E+00,-2.261306E+00,-127.488E-03,-478.643E-03,-586.684E-03
-2.484970E+00,-2.261306E+00,-1.859E-03,-930.905E-03,-586.684E-03
-2.479970E+00,-2.261306E+00,-328.493E-03,-277.638E-03,-184.674E-03
-2.474970E+00,-2.839196E+00,-177.739E-03,-202.261E-03,+41.457E-03
-2.469970E+00,-2.663316E+00,-127.488E-03,-202.261E-03,-310.302E-03
-2.464970E+00,-2.663316E+00,-403.869E-03,-177.136E-03,-209.799E-03
-2.459970E+00,-2.261306E+00,-1.859E-03,-202.261E-03,-260.050E-03
-2.454970E+00,-2.487437E+00,-227.990E-03,-202.261E-03,-360.553E-03
-2.449970E+00,-2.261306E+00,-1.859E-03,-202.261E-03,-988.694E-03
-2.444970E+00,-2.688442E+00,+375.025E-03,-227.387E-03,-561.558E-03
-2.439970E+00,-2.738693E+00,-77.236E-03,-353.015E-03,-586.684E-03
-2.434970E+00,-2.889447E+00,-177.739E-03,-152.010E-03,-636.935E-03
-2.429970E+00,-2.261306E+00,-278.241E-03,-478.643E-03,-310.302E-03
-2.424970E+00,-2.638191E+00,-403.869E-03,-202.261E-03,-184.674E-03
-2.419970E+00,-2.336683E+00,-403.869E-03,-277.638E-03,-511.307E-03
-2.414970E+00,-2.487437E+00,-1.859E-03,-428.392E-03,-184.674E-03
-2.409970E+00,-2.512563E+00,-403.869E-03,-604.271E-03,-310.302E-03
-2.404970E+00,-2.286432E+00,-403.869E-03,-252.513E-03,-561.558E-03
-2.399970E+00,-2.663316E+00,-328.493E-03,-202.261E-03,-184.674E-03
-2.394970E+00,-2.713568E+00,-454.121E-03,-26.382E-03,-586.684E-03
-2.389970E+00,-3.065326E+00,-403.869E-03,-202.261E-03,-310.302E-03
-2.384970E+00,-2.663316E+00,-1.859E-03,-202.261E-03,-586.684E-03
-2.379970E+00,-2.336683E+00,-328.493E-03,-202.261E-03,-511.307E-03
-2.374970E+00,-2.889447E+00,-177.739E-03,+23.869E-03,-410.804E-03
-2.369970E+00,-2.814070E+00,+123.769E-03,-202.261E-03,-586.684E-03
-2.364970E+00,-2.688442E+00,-1.859E-03,+174.623E-03,-184.674E-03
-2.359970E+00,-2.989950E+00,-403.869E-03,-202.261E-03,-511.307E-03
-2.354970E+00,-2.889447E+00,-177.739E-03,-26.382E-03,-410.804E-03
-2.349970E+00,-2.663316E+00,-403.869E-03,-76.633E-03,-184.674E-03
-2.344970E+00,-2.663316E+00,-378.744E-03,-554.020E-03,-234.925E-03
-2.339970E+00,-2.663316E+00,-1.859E-03,-202.261E-03,-511.307E-03
-2.334970E+00,-3.065326E+00,-1.859E-03,-202.261E-03,-586.684E-03
-2.329970E+00,-2.663316E+00,-278.241E-03,-478.643E-03,-310.302E-03
-2.324970E+00,-2.663316E+00,-1.859E-03,-202.261E-03,-184.674E-03
-2.319970E+00,-2.738693E+00,-1.859E-03,-604.271E-03,-335.427E-03
-2.314970E+00,-2.663316E+00,-227.990E-03,-378.141E-03,-988.694E-03
-2.309970E+00,-2.663316E+00,-127.488E-03,-202.261E-03,-586.684E-03
-2.304970E+00,-3.065326E+00,-1.859E-03,-202.261E-03,-586.684E-03
-2.299970E+00,-2.989950E+00,-77.236E-03,-202.261E-03,+66.583E-03
-2.294970E+00,-3.065326E+00,-1.859E-03,-202.261E-03,-360.553E-03
-2.289970E+00,-2.537688E+00,-403.869E-03,-202.261E-03,-586.684E-03
-2.284970E+00,-3.040201E+00,-1.859E-03,-177.136E-03,-184.674E-03
-2.279970E+00,-3.718593E+00,-77.236E-03,-126.885E-03,-260.050E-03
-2.274970E+00,-2.889447E+00,-1.859E-03,-202.261E-03,-360.553E-03
-2.269970E+00,-3.065326E+00,-1.859E-03,-478.643E-03,-586.684E-03
-2.264970E+00,-2.311558E+00,-353.618E-03,-177.136E-03,-561.558E-03
-2.259970E+00,-2.663316E+00,-1.859E-03,-202.261E-03,-511.307E-03
-2.254970E+00,-3.015075E+00,-353.618E-03,-202.261E-03,-184.674E-03
-2.249970E+00,-3.341708E+00,-278.241E-03,+199.749E-03,-335.427E-03
-2.244970E+00,-3.090452E+00,-1.859E-03,-227.387E-03,-234.925E-03
-2.239970E+00,-3.391960E+00,-403.869E-03,-202.261E-03,-511.307E-03
-2.234970E+00,-3.241206E+00,-1.859E-03,-378.141E-03,-360.553E-03
-2.229970E+00,-3.467336E+00,-403.869E-03,+74.121E-03,-461.055E-03
-2.224970E+00,-3.442211E+00,-378.744E-03,+174.623E-03,-963.568E-03
-2.219970E+00,-3.467336E+00,-1.859E-03,-202.261E-03,-511.307E-03
-2.214970E+00,-3.065326E+00,-227.990E-03,+199.749E-03,-410.804E-03
-2.209970E+00,-3.065326E+00,-403.869E-03,-202.261E-03,-586.684E-03
-2.204970E+00,-3.090452E+00,-26.985E-03,-554.020E-03,-586.684E-03
-2.199970E+00,-3.467336E+00,-1.859E-03,-202.261E-03,-260.050E-03
-2.194970E+00,-3.065326E+00,-1.859E-03,-202.261E-03,-812.814E-03
-2.189970E+00,-2.914573E+00,-680.251E-03,-327.890E-03,-310.302E-03
-2.184970E+00,-3.442211E+00,-1.859E-03,+149.497E-03,-586.684E-03
-2.179970E+00,-3.065326E+00,-403.869E-03,-202.261E-03,+66.583E-03
-2.174970E+00,-3.467336E+00,-403.869E-03,+199.749E-03,-586.684E-03
-2.169970E+00,-3.467336E+00,-403.869E-03,-76.633E-03,-461.055E-03
-2.164970E+00,-3.090452E+00,-378.744E-03,-202.261E-03,-184.674E-03
-2.159970E+00,-3.391960E+00,-403.869E-03,-202.261E-03,-184.674E-03
-2.154970E+00,-3.467336E+00,-227.990E-03,-202.261E-03,-184.674E-03
-2.149970E+00,-3.065326E+00,-278.241E-03,+74.121E-03,-586.684E-03
-2.144970E+00,-3.090452E+00,+375.025E-03,-604.271E-03,-209.799E-03
-2.139970E+00,-3.467336E+00,-403.869E-03,-604.271E-03,-586.684E-03
-2.134970E+00,-3.467336E+00,-1.859E-03,-26.382E-03,-360.553E-03
-2.129970E+00,-3.743718E+00,-278.241E-03,-202.261E-03,-461.055E-03
-2.124970E+00,-3.442211E+00,-403.869E-03,+149.497E-03,-561.558E-03
-2.119970E+00,-3.140703E+00,-77.236E-03,-202.261E-03,-184.674E-03
-2.114970E+00,-3.869347E+00,-630.000E-03,-378.141E-03,-184.674E-03
-2.109970E+00,-3.467336E+00,-278.241E-03,-478.643E-03,-461.055E-03
-2.104970E+00,-3.869347E+00,-403.869E-03,-177.136E-03,-209.799E-03
-2.099970E+00,-3.542713E+00,-253.116E-03,-202.261E-03,-435.930E-03
-2.094970E+00,-3.467336E+00,+224.271E-03,-202.261E-03,-410.804E-03
-2.089970E+00,-3.190955E+00,-278.241E-03,-202.261E-03,-461.055E-03
-2.084970E+00,-3.467336E+00,-403.869E-03,-177.136E-03,-159.548E-03
-2.079970E+00,-3.542713E+00,-403.869E-03,-528.895E-03,-586.684E-03
-2.074970E+00,-3.643216E+00,+224.271E-03,-202.261E-03,-184.674E-03
-2.069970E+00,-3.869347E+00,-152.613E-03,-202.261E-03,-310.302E-03
-2.064970E+00,-3.869347E+00,-378.744E-03,-202.261E-03,-586.684E-03
-2.059970E+00,-3.467336E+00,-77.236E-03,-202.261E-03,-260.050E-03
-2.054970E+00,-3.919598E+00,-227.990E-03,-428.392E-03,-234.925E-03
-2.049970E+00,-3.467336E+00,-278.241E-03,-202.261E-03,-310.302E-03
-2.044970E+00,-3.844221E+00,-26.985E-03,-202.261E-03,-209.799E-03
-2.039970E+00,-3.542713E+00,-328.493E-03,-277.638E-03,-260.050E-03
-2.034970E+00,-3.467336E+00,-227.990E-03,-252.513E-03,-360.553E-03
-2.029970E+00,-3.467336E+00,-403.869E-03,-202.261E-03,-184.674E-03
-2.024970E+00,-3.844221E+00,-1.859E-03,+174.623E-03,-586.684E-03
-2.019970E+00,-3.542713E+00,-1.859E-03,-202.261E-03,-586.684E-03
-2.014970E+00,-3.869347E+00,-403.869E-03,+23.869E-03,-586.684E-03
-2.009970E+00,-4.020100E+00,-127.488E-03,-202.261E-03,-586.684E-03
-2.004970E+00,-3.869347E+00,-1.859E-03,-202.261E-03,-209.799E-03
-1.999970E+00,-3.140703E+00,-403.869E-03,-202.261E-03,-184.674E-03
-1.994970E+00,-4.045226E+00,-1.859E-03,-202.261E-03,-134.422E-03
-1.989970E+00,-3.592965E+00,-403.869E-03,-202.261E-03,-184.674E-03
-1.984970E+00,-3.894472E+00,-780.754E-03,-227.387E-03,-586.684E-03
-1.979970E+00,-4.271357E+00,-403.869E-03,-202.261E-03,-586.684E-03
-1.974970E+00,-4.095477E+00,-1.859E-03,+375.628E-03,-410.804E-03
-1.969970E+00,-3.869347E+00,-278.241E-03,-202.261E-03,-461.055E-03
-1.964970E+00,-4.246231E+00,-1.859E-03,+199.749E-03,-209.799E-03
-1.959970E+00,-4.195980E+00,-1.859E-03,-528.895E-03,-184.674E-03
-1.954970E+00,-4.045226E+00,-1.859E-03,+23.869E-03,-636.935E-03
-1.949970E+00,-3.844221E+00,-278.241E-03,-202.261E-03,-461.055E-03
-1.944970E+00,-3.894472E+00,-26.985E-03,-956.030E-03,-561.558E-03
-1.939970E+00,-3.869347E+00,-328.493E-03,+124.372E-03,-184.674E-03
-1.934970E+00,-4.271357E+00,-403.869E-03,-202.261E-03,-410.804E-03
-1.929970E+00,-3.467336E+00,-1.859E-03,-51.508E-03,-184.674E-03
-1.924970E+00,-3.869347E+00,-26.985E-03,-202.261E-03,-184.674E-03
-1.919970E+00,-4.271357E+00,-77.236E-03,-202.261E-03,-260.050E-03
-1.914970E+00,-4.095477E+00,-227.990E-03,+23.869E-03,-184.674E-03
-1.909970E+00,-4.271357E+00,-403.869E-03,-327.890E-03,-310.302E-03
-1.904970E+00,-3.869347E+00,-1.859E-03,-202.261E-03,-586.684E-03
-1.899970E+00,-3.944723E+00,-1.859E-03,+124.372E-03,-184.674E-03
-1.894970E+00,-4.095477E+00,-227.990E-03,+23.869E-03,-8.794E-03
-1.889970E+00,-4.271357E+00,-127.488E-03,-202.261E-03,-310.302E-03
-1.884970E+00,-3.517588E+00,-26.985E-03,+174.623E-03,-561.558E-03
-1.879970E+00,-4.271357E+00,-253.116E-03,-202.261E-03,-762.563E-03
-1.874970E+00,-4.045226E+00,-177.739E-03,-26.382E-03,-360.553E-03
-1.869970E+00,-4.271357E+00,-127.488E-03,-76.633E-03,-435.930E-03
-1.864970E+00,-4.271357E+00,-403.869E-03,-202.261E-03,-561.558E-03
-1.859970E+00,-4.271357E+00,-1.859E-03,-126.885E-03,-260.050E-03
-1.854970E+00,-4.271357E+00,-403.869E-03,-428.392E-03,-360.553E-03
-1.849970E+00,-3.994975E+00,-554.623E-03,-202.261E-03,-461.055E-03
-1.844970E+00,-4.271357E+00,-403.869E-03,+149.497E-03,-1.340452E+00
-1.839970E+00,-4.346733E+00,-77.236E-03,-202.261E-03,-586.684E-03
-1.834970E+00,-4.271357E+00,-403.869E-03,+199.749E-03,-410.804E-03
-1.829970E+00,-4.271357E+00,-403.869E-03,-202.261E-03,-461.055E-03
-1.824970E+00,-4.246231E+00,-26.985E-03,-177.136E-03,-184.674E-03
-1.819970E+00,-4.271357E+00,-1.859E-03,-126.885E-03,-184.674E-03
-1.814970E+00,-4.271357E+00,-1.859E-03,+23.869E-03,-410.804E-03
-1.809970E+00,-4.396985E+00,-127.488E-03,+199.749E-03,-586.684E-03
-1.804970E+00,-4.673367E+00,-1.859E-03,-202.261E-03,+192.211E-03
-1.799970E+00,-4.597990E+00,-1.859E-03,-780.151E-03,-511.307E-03
-1.794970E+00,-4.447236E+00,-403.869E-03,-428.392E-03,-360.553E-03
-1.789970E+00,-4.547738E+00,-127.488E-03,-76.633E-03,-310.302E-03
-1.784970E+00,-5.025125E+00,-403.869E-03,-202.261E-03,-184.674E-03
-1.779970E+00,-5.075377E+00,-403.869E-03,-202.261E-03,-586.684E-03
-1.774970E+00,-4.271357E+00,-1.859E-03,-202.261E-03,-410.804E-03
-1.769970E+00,-4.547738E+00,-278.241E-03,-327.890E-03,-310.302E-03
-1.764970E+00,-4.648241E+00,-378.744E-03,-202.261E-03,-561.558E-03
-1.759970E+00,-4.924623E+00,-403.869E-03,-202.261E-03,-184.674E-03
-1.754970E+00,-4.673367E+00,-227.990E-03,-378.141E-03,-586.684E-03
-1.749970E+00,-4.547738E+00,-1.859E-03,+74.121E-03,-184.674E-03
-1.744970E+00,-4.271357E+00,-26.985E-03,-202.261E-03,-561.558E-03
-1.739970E+00,-4.673367E+00,-328.493E-03,-202.261E-03,-184.674E-03
-1.734970E+00,-4.447236E+00,-227.990E-03,-202.261E-03,-8.794E-03
-1.729970E+00,-4.396985E+00,-403.869E-03,+74.121E-03,-184.674E-03
-1.724970E+00,-4.296482E+00,-403.869E-03,-177.136E-03,-209.799E-03
-1.719970E+00,-4.271357E+00,+249.397E-03,-202.261E-03,-260.050E-03
-1.714970E+00,-4.447236E+00,-403.869E-03,+199.749E-03,-762.563E-03
-1.709970E+00,-4.798995E+00,-127.488E-03,-202.261E-03,-310.302E-03
-1.704970E+00,-4.673367E+00,-403.869E-03,-202.261E-03,-209.799E-03
-1.699970E+00,-4.748744E+00,-77.236E-03,-453.518E-03,-586.684E-03
-1.694970E+00,-4.673367E+00,-177.739E-03,-202.261E-03,-586.684E-03
-1.689970E+00,-4.798995E+00,-127.488E-03,-202.261E-03,-461.055E-03
-1.684970E+00,-4.673367E+00,-1.859E-03,-202.261E-03,-586.684E-03
-1.679970E+00,-4.673367E+00,+324.774E-03,-202.261E-03,-586.684E-03
-1.674970E+00,-4.849246E+00,-1.859E-03,-202.261E-03,-360.553E-03
-1.669970E+00,-4.798995E+00,-1.859E-03,+74.121E-03,-310.302E-03
-1.664970E+00,-4.321608E+00,-1.859E-03,-202.261E-03,-209.799E-03
-1.659970E+00,-4.422110E+00,-77.236E-03,-126.885E-03,-260.050E-03
-1.654970E+00,-4.849246E+00,-227.990E-03,+23.869E-03,-410.804E-03
-1.649970E+00,-4.949749E+00,-1.859E-03,-202.261E-03,-461.055E-03
-1.644970E+00,-4.698492E+00,-378.744E-03,+174.623E-03,-184.674E-03
-1.639970E+00,-4.673367E+00,-1.859E-03,-202.261E-03,-913.317E-03
-1.634970E+00,-4.899497E+00,-403.869E-03,-26.382E-03,-410.804E-03
-1.629970E+00,-4.924623E+00,-403.869E-03,+199.749E-03,-310.302E-03
-1.624970E+00,-5.100502E+00,-1.859E-03,+149.497E-03,-209.799E-03
-1.619970E+00,-4.824120E+00,+73.518E-03,-277.638E-03,-109.297E-03
-1.614970E+00,-5.075377E+00,-227.990E-03,-26.382E-03,-360.553E-03
-1.609970E+00,-5.075377E+00,-1.859E-03,-202.261E-03,-310.302E-03
-1.604970E+00,-5.075377E+00,-1.859E-03,-202.261E-03,-184.674E-03
-1.599970E+00,-5.075377E+00,+249.397E-03,-202.261E-03,+141.960E-03
-1.594970E+00,-5.075377E+00,-177.739E-03,-604.271E-03,-184.674E-03
-1.589970E+00,-4.949749E+00,-1.859E-03,-604.271E-03,-461.055E-03
-1.584970E+00,-5.050251E+00,-403.869E-03,-202.261E-03,-561.558E-03
-1.579970E+00,-5.402010E+00,-1.859E-03,-277.638E-03,-184.674E-03
-1.574970E+00,-4.899497E+00,-227.990E-03,+23.869E-03,-360.553E-03
-1.569970E+00,-4.949749E+00,-403.869E-03,-327.890E-03,-461.055E-03
-1.564970E+00,-5.075377E+00,-378.744E-03,+174.623E-03,-561.558E-03
-1.559970E+00,-5.150754E+00,-1.859E-03,-126.885E-03,-662.061E-03
-1.554970E+00,-5.301507E+00,+174.020E-03,-202.261E-03,-360.553E-03
-1.549970E+00,-5.201005E+00,-127.488E-03,+74.121E-03,-310.302E-03
-1.544970E+00,-5.075377E+00,-26.985E-03,-202.261E-03,-184.674E-03
-1.539970E+00,-5.075377E+00,-1.859E-03,-202.261E-03,-184.674E-03
-1.534970E+00,-5.301507E+00,-1.859E-03,-202.261E-03,-410.804E-03
-1.529970E+00,-5.075377E+00,-127.488E-03,-76.633E-03,-586.684E-03
-1.524970E+00,-5.427135E+00,-378.744E-03,-579.146E-03,-184.674E-03
-1.519970E+00,-5.477387E+00,-77.236E-03,-277.638E-03,-586.684E-03
-1.514970E+00,-5.301507E+00,-227.990E-03,-26.382E-03,-360.553E-03
-1.509970E+00,-5.477387E+00,+148.894E-03,-202.261E-03,-310.302E-03
-1.504970E+00,-5.125628E+00,-403.869E-03,-202.261E-03,-184.674E-03
-1.499970E+00,-5.402010E+00,-77.236E-03,-126.885E-03,-511.307E-03
-1.494970E+00,-5.351759E+00,-1.859E-03,-202.261E-03,-410.804E-03
-1.489970E+00,-5.201005E+00,-1.859E-03,-202.261E-03,-586.684E-03
-1.484970E+00,-5.452261E+00,-1.859E-03,-177.136E-03,-586.684E-03
-1.479970E+00,-5.150754E+00,-77.236E-03,+124.372E-03,-260.050E-03
-1.474970E+00,-5.653266E+00,-177.739E-03,-554.020E-03,-410.804E-03
-1.469970E+00,-5.075377E+00,-1.859E-03,-202.261E-03,-310.302E-03
-1.464970E+00,-5.477387E+00,-1.859E-03,-227.387E-03,-209.799E-03
-1.459970E+00,-5.477387E+00,-328.493E-03,+124.372E-03,-184.674E-03
-1.454970E+00,-5.075377E+00,+224.271E-03,-428.392E-03,-636.935E-03
-1.449970E+00,-5.603015E+00,-403.869E-03,-453.518E-03,-310.302E-03
-1.444970E+00,-5.854271E+00,-378.744E-03,-604.271E-03,-586.684E-03
-1.439970E+00,-5.552764E+00,-1.859E-03,-528.895E-03,-511.307E-03
-1.434970E+00,-5.879397E+00,-227.990E-03,+23.869E-03,-762.563E-03
-1.429970E+00,-5.753769E+00,-278.241E-03,-353.015E-03,-310.302E-03
-1.424970E+00,-5.854271E+00,-378.744E-03,-202.261E-03,-586.684E-03
-1.419970E+00,-5.150754E+00,-328.493E-03,-202.261E-03,-511.307E-03
-1.414970E+00,-5.703517E+00,-227.990E-03,+23.869E-03,-586.684E-03
-1.409970E+00,-5.477387E+00,-127.488E-03,-202.261E-03,-310.302E-03
-1.404970E+00,-5.879397E+00,-403.869E-03,-227.387E-03,-184.674E-03
-1.399970E+00,-5.552764E+00,-77.236E-03,-202.261E-03,-586.684E-03
-1.394970E+00,-5.653266E+00,-403.869E-03,-202.261E-03,-410.804E-03
-1.389970E+00,-5.603015E+00,-1.859E-03,+74.121E-03,-461.055E-03
-1.384970E+00,-5.527638E+00,-403.869E-03,-202.261E-03,-184.674E-03
-1.379970E+00,-5.477387E+00,-403.869E-03,+199.749E-03,-511.307E-03
-1.374970E+00,-5.703517E+00,-227.990E-03,-252.513E-03,-134.422E-03
-1.369970E+00,-5.753769E+00,-1.859E-03,-76.633E-03,-586.684E-03
-1.364970E+00,-5.502512E+00,-1.859E-03,+174.623E-03,-209.799E-03
-1.359970E+00,-5.552764E+00,-77.236E-03,+199.749E-03,-586.684E-03
-1.354970E+00,-5.527638E+00,-227.990E-03,-378.141E-03,-360.553E-03
-1.349970E+00,-5.753769E+00,-403.869E-03,-202.261E-03,-310.302E-03
-1.344970E+00,-5.854271E+00,-26.985E-03,-202.261E-03,-536.432E-03
-1.339970E+00,-6.281407E+00,-77.236E-03,-202.261E-03,-260.050E-03
-1.334970E+00,-5.829146E+00,-1.859E-03,-152.010E-03,+41.457E-03
-1.329970E+00,-5.603015E+00,-1.859E-03,-327.890E-03,-461.055E-03
-1.324970E+00,-5.502512E+00,-403.869E-03,-202.261E-03,-963.568E-03
-1.319970E+00,-5.552764E+00,-403.869E-03,+48.995E-03,-260.050E-03
-1.314970E+00,-6.005025E+00,-403.869E-03,+23.869E-03,-184.674E-03
-1.309970E+00,-5.728643E+00,-127.488E-03,-453.518E-03,-310.302E-03
-1.304970E+00,-6.281407E+00,-378.744E-03,+174.623E-03,-586.684E-03
-1.299970E+00,-5.879397E+00,-328.493E-03,-202.261E-03,-586.684E-03
-1.294970E+00,-5.703517E+00,-227.990E-03,-202.261E-03,-184.674E-03
-1.289970E+00,-5.879397E+00,-1.859E-03,+74.121E-03,-184.674E-03
-1.284970E+00,-5.527638E+00,-26.985E-03,-227.387E-03,-184.674E-03
-1.279970E+00,-5.879397E+00,-1.859E-03,+451.005E-03,-586.684E-03
-1.274970E+00,-5.929648E+00,-1.859E-03,-202.261E-03,-586.684E-03
-1.269970E+00,-6.155779E+00,-1.859E-03,-202.261E-03,-461.055E-03
-1.264970E+00,-5.904522E+00,-403.869E-03,+576.633E-03,-184.674E-03
-1.259970E+00,-6.206030E+00,-1.859E-03,-202.261E-03,-260.050E-03
-1.254970E+00,-6.281407E+00,-403.869E-03,-428.392E-03,-360.553E-03
-1.249970E+00,-6.005025E+00,-152.613E-03,-202.261E-03,-335.427E-03
-1.244970E+00,-6.281407E+00,-26.985E-03,-227.387E-03,-159.548E-03
-1.239970E+00,-6.206030E+00,-77.236E-03,-202.261E-03,-184.674E-03
-1.234970E+00,-5.879397E+00,-227.990E-03,-26.382E-03,-410.804E-03
-1.229970E+00,-6.005025E+00,-278.241E-03,+199.749E-03,-586.684E-03
-1.224970E+00,-6.231156E+00,-378.744E-03,-202.261E-03,-586.684E-03
-1.219970E+00,-6.532663E+00,-328.493E-03,-604.271E-03,-260.050E-03
-1.214970E+00,-6.055276E+00,-227.990E-03,-202.261E-03,-410.804E-03
-1.209970E+00,-6.683417E+00,-127.488E-03,-604.271E-03,-586.684E-03
-1.204970E+00,-5.527638E+00,-26.985E-03,-202.261E-03,-586.684E-03
-1.199970E+00,-5.879397E+00,-1.859E-03,+48.995E-03,-511.307E-03
-1.194970E+00,-6.457286E+00,-1.859E-03,-202.261E-03,-360.553E-03
-1.189970E+00,-6.281407E+00,-127.488E-03,-202.261E-03,-461.055E-03
-1.184970E+00,-5.904522E+00,-1.859E-03,+199.749E-03,-561.558E-03
-1.179970E+00,-6.356784E+00,-403.869E-03,-353.015E-03,-184.674E-03
-1.174970E+00,-6.457286E+00,-403.869E-03,-202.261E-03,-812.814E-03
-1.169970E+00,-6.557789E+00,-278.241E-03,-478.643E-03,-310.302E-03
-1.164970E+00,-6.256281E+00,-403.869E-03,-202.261E-03,-184.674E-03
-1.159970E+00,-5.954774E+00,-328.493E-03,-126.885E-03,-184.674E-03
-1.154970E+00,-6.281407E+00,-177.739E-03,+23.869E-03,-410.804E-03
-1.149970E+00,-6.281407E+00,-278.241E-03,-202.261E-03,-461.055E-03
-1.144970E+00,-6.306532E+00,-26.985E-03,-202.261E-03,-184.674E-03
-1.139970E+00,-6.281407E+00,-1.859E-03,-277.638E-03,-511.307E-03
-1.134970E+00,-6.281407E+00,-1.859E-03,-26.382E-03,-360.553E-03
-1.129970E+00,-6.557789E+00,-278.241E-03,-202.261E-03,-461.055E-03
-1.124970E+00,-6.281407E+00,-1.859E-03,-227.387E-03,-561.558E-03
-1.119970E+00,-6.281407E+00,-1.859E-03,+199.749E-03,-511.307E-03
-1.114970E+00,-6.683417E+00,-227.990E-03,-202.261E-03,+41.457E-03
-1.109970E+00,-6.683417E+00,-127.488E-03,-76.633E-03,-586.684E-03
-1.104970E+00,-6.281407E+00,-403.869E-03,-202.261E-03,-586.684E-03
-1.099970E+00,-6.934673E+00,-403.869E-03,-528.895E-03,-184.674E-03
-1.094970E+00,-6.105527E+00,-227.990E-03,+23.869E-03,-184.674E-03
-1.089970E+00,-6.407035E+00,-1.859E-03,+74.121E-03,-863.066E-03
-1.084970E+00,-7.035176E+00,-378.744E-03,-956.030E-03,-209.799E-03
-1.079970E+00,-6.356784E+00,-403.869E-03,+124.372E-03,-184.674E-03
-1.074970E+00,-6.281407E+00,-403.869E-03,-202.261E-03,-636.935E-03
-1.069970E+00,-6.683417E+00,-278.241E-03,+74.121E-03,-310.302E-03
-1.064970E+00,-7.060301E+00,-403.869E-03,-579.146E-03,-586.684E-03
-1.059970E+00,-6.683417E+00,-1.859E-03,-202.261E-03,+217.336E-03
-1.054970E+00,-6.683417E+00,-403.869E-03,-428.392E-03,-812.814E-03
-1.049970E+00,-6.683417E+00,-1.859E-03,-202.261E-03,+217.336E-03
-1.044970E+00,-6.658291E+00,-378.744E-03,+199.749E-03,-561.558E-03
-1.039970E+00,-6.834171E+00,-77.236E-03,+124.372E-03,-511.307E-03
-1.034970E+00,-7.085427E+00,-1.859E-03,-202.261E-03,-586.684E-03
-1.029970E+00,-6.959799E+00,-127.488E-03,-327.890E-03,-310.302E-03
-1.024970E+00,-6.306532E+00,-353.618E-03,-177.136E-03,-586.684E-03
-1.019970E+00,-6.683417E+00,-328.493E-03,-202.261E-03,-511.307E-03
-1.014970E+00,-6.859296E+00,+224.271E-03,+23.869E-03,-636.935E-03
-1.009970E+00,-6.809045E+00,-152.613E-03,-202.261E-03,-184.674E-03
-1.004970E+00,-6.708543E+00,-378.744E-03,-177.136E-03,-561.558E-03
-999.970E-03,-6.758794E+00,-77.236E-03,+124.372E-03,-586.684E-03
-994.970E-03,-6.859296E+00,-403.869E-03,+23.869E-03,-360.553E-03
-989.970E-03,-6.809045E+00,-1.859E-03,+74.121E-03,-184.674E-03
-984.970E-03,-7.462311E+00,-378.744E-03,-177.136E-03,-209.799E-03
-979.970E-03,-7.010050E+00,-403.869E-03,-202.261E-03,-511.307E-03
-974.970E-03,-6.909548E+00,-227.990E-03,-378.141E-03,-360.553E-03
-969.970E-03,-6.683417E+00,-403.869E-03,+199.749E-03,-184.674E-03
-964.970E-03,-6.708543E+00,+375.025E-03,-202.261E-03,-184.674E-03
-959.970E-03,-7.010050E+00,-403.869E-03,+124.372E-03,-586.684E-03
-954.970E-03,-7.085427E+00,-403.869E-03,+23.869E-03,-586.684E-03
-949.970E-03,-7.211055E+00,-1.859E-03,-202.261E-03,-310.302E-03
-944.970E-03,-7.110553E+00,-378.744E-03,-202.261E-03,-184.674E-03
-939.970E-03,-6.683417E+00,-403.869E-03,-277.638E-03,+66.583E-03
-934.970E-03,-6.909548E+00,-177.739E-03,-604.271E-03,-184.674E-03
-929.970E-03,-7.361809E+00,-403.869E-03,-76.633E-03,-310.302E-03
-924.970E-03,-6.733668E+00,+349.899E-03,+149.497E-03,-561.558E-03
-919.970E-03,-7.085427E+00,-403.869E-03,-126.885E-03,-184.674E-03
-914.970E-03,-6.859296E+00,+48.392E-03,-252.513E-03,-586.684E-03
-909.970E-03,-6.809045E+00,-403.869E-03,-202.261E-03,-184.674E-03
-904.970E-03,-7.060301E+00,-378.744E-03,+199.749E-03,-209.799E-03
-899.970E-03,-7.010050E+00,+249.397E-03,+124.372E-03,+66.583E-03
-894.970E-03,-7.035176E+00,-403.869E-03,-604.271E-03,-360.553E-03
-889.970E-03,-7.085427E+00,-278.241E-03,+74.121E-03,-586.684E-03
-884.970E-03,-7.462311E+00,-403.869E-03,-202.261E-03,-561.558E-03
-879.970E-03,-7.085427E+00,-403.869E-03,-202.261E-03,-511.307E-03
-874.970E-03,-7.085427E+00,-177.739E-03,-202.261E-03,+41.457E-03
-869.970E-03,-7.085427E+00,-127.488E-03,-202.261E-03,-184.674E-03
-864.970E-03,-6.708543E+00,-353.618E-03,-177.136E-03,-184.674E-03
-859.970E-03,-7.160804E+00,-77.236E-03,-604.271E-03,-586.684E-03
-854.970E-03,-7.261306E+00,-403.869E-03,-26.382E-03,-360.553E-03
-849.970E-03,-7.085427E+00,-1.859E-03,-202.261E-03,-435.930E-03
-844.970E-03,-7.085427E+00,-378.744E-03,-177.136E-03,-561.558E-03
-839.970E-03,-7.412060E+00,-1.859E-03,-528.895E-03,-586.684E-03
-834.970E-03,-7.487437E+00,-177.739E-03,-428.392E-03,-586.684E-03
-829.970E-03,-7.361809E+00,-278.241E-03,-202.261E-03,-435.930E-03
-824.970E-03,-7.487437E+00,-26.985E-03,-227.387E-03,+167.085E-03
-819.970E-03,-7.487437E+00,-403.869E-03,-453.518E-03,-586.684E-03
-814.970E-03,-7.437186E+00,-227.990E-03,-378.141E-03,-410.804E-03
-809.970E-03,-7.487437E+00,-403.869E-03,-76.633E-03,-586.684E-03
-804.970E-03,-7.462311E+00,-780.754E-03,-202.261E-03,-209.799E-03
-799.970E-03,-7.412060E+00,-403.869E-03,+124.372E-03,-586.684E-03
-794.970E-03,-7.889447E+00,-403.869E-03,-252.513E-03,-360.553E-03
-789.970E-03,-7.361809E+00,-403.869E-03,-76.633E-03,-310.302E-03
-784.970E-03,-7.487437E+00,-26.985E-03,+199.749E-03,-209.799E-03
-779.970E-03,-7.562814E+00,-328.493E-03,-202.261E-03,-511.307E-03
-774.970E-03,-7.487437E+00,-1.859E-03,-428.392E-03,-410.804E-03
-769.970E-03,-7.211055E+00,-1.859E-03,-202.261E-03,-184.674E-03
-764.970E-03,-7.512563E+00,-403.869E-03,-177.136E-03,-561.558E-03
-759.970E-03,-7.487437E+00,-328.493E-03,-126.885E-03,-988.694E-03
-754.970E-03,-7.713568E+00,-1.859E-03,-26.382E-03,-184.674E-03
-749.970E-03,-7.638191E+00,-278.241E-03,-76.633E-03,-461.055E-03
-744.970E-03,-7.110553E+00,-26.985E-03,-202.261E-03,-209.799E-03
-739.970E-03,-7.889447E+00,-403.869E-03,-277.638E-03,-260.050E-03
-734.970E-03,-7.939698E+00,-227.990E-03,-604.271E-03,-184.674E-03
-729.970E-03,-7.763819E+00,+148.894E-03,-76.633E-03,-586.684E-03
-724.970E-03,-7.889447E+00,-378.744E-03,-202.261E-03,-561.558E-03
-719.970E-03,-7.889447E+00,-1.859E-03,-277.638E-03,-511.307E-03
-714.970E-03,-7.487437E+00,-1.859E-03,+23.869E-03,-636.935E-03
-709.970E-03,-7.638191E+00,-278.241E-03,-76.633E-03,-184.674E-03
-704.970E-03,-7.889447E+00,-403.869E-03,-177.136E-03,-209.799E-03
-699.970E-03,-7.814070E+00,-403.869E-03,-202.261E-03,-109.297E-03
-694.970E-03,-7.663316E+00,+174.020E-03,-202.261E-03,-410.804E-03
-689.970E-03,-7.763819E+00,-278.241E-03,-202.261E-03,-184.674E-03
-684.970E-03,-7.864321E+00,-378.744E-03,-177.136E-03,-184.674E-03
-679.970E-03,-7.814070E+00,-77.236E-03,-453.518E-03,-586.684E-03
-674.970E-03,-7.939698E+00,-1.859E-03,-26.382E-03,-586.684E-03
-669.970E-03,-7.336683E+00,-403.869E-03,-202.261E-03,-461.055E-03
-664.970E-03,-8.266331E+00,-403.869E-03,-579.146E-03,-938.442E-03
-659.970E-03,-7.814070E+00,-1.859E-03,-202.261E-03,-511.307E-03
-654.970E-03,-7.713568E+00,-227.990E-03,-202.261E-03,-410.804E-03
-649.970E-03,-7.889447E+00,-278.241E-03,-729.900E-03,-310.302E-03
-644.970E-03,-7.889447E+00,-26.985E-03,-554.020E-03,-561.558E-03
-639.970E-03,-7.889447E+00,-1.859E-03,-528.895E-03,-511.307E-03
-634.970E-03,-7.663316E+00,-177.739E-03,-26.382E-03,-360.553E-03
-629.970E-03,-8.165829E+00,-278.241E-03,-327.890E-03,-461.055E-03
-624.970E-03,-7.914573E+00,-780.754E-03,+149.497E-03,-209.799E-03
-619.970E-03,-7.889447E+00,-403.869E-03,-780.151E-03,-184.674E-03
-614.970E-03,-7.889447E+00,-177.739E-03,-26.382E-03,-184.674E-03
-609.970E-03,-8.165829E+00,-1.859E-03,-76.633E-03,-586.684E-03
-604.970E-03,-7.512563E+00,-403.869E-03,-202.261E-03,-561.558E-03
-599.970E-03,-8.618090E+00,-77.236E-03,-202.261E-03,-586.684E-03
-594.970E-03,-7.487437E+00,-403.869E-03,+23.869E-03,-184.674E-03
-589.970E-03,-8.015075E+00,-1.859E-03,+74.121E-03,-461.055E-03
-584.970E-03,-8.266331E+00,-1.859E-03,+174.623E-03,-586.684E-03
-579.970E-03,-8.291457E+00,-1.859E-03,-604.271E-03,-586.684E-03
-574.970E-03,-8.115578E+00,-177.739E-03,-202.261E-03,-636.935E-03
-569.970E-03,-8.442211E+00,-278.241E-03,-202.261E-03,-461.055E-03
-564.970E-03,-8.668342E+00,-1.859E-03,-604.271E-03,-561.558E-03
-559.970E-03,-8.216080E+00,-479.246E-03,+124.372E-03,+141.960E-03
-554.970E-03,-8.065326E+00,-227.990E-03,-378.141E-03,-410.804E-03
-549.970E-03,-8.291457E+00,+148.894E-03,-327.890E-03,-586.684E-03
-544.970E-03,-8.291457E+00,-428.995E-03,-202.261E-03,-561.558E-03
-539.970E-03,-8.291457E+00,-1.859E-03,+124.372E-03,-260.050E-03
-534.970E-03,-8.115578E+00,-227.990E-03,-202.261E-03,-410.804E-03
-529.970E-03,-8.140703E+00,-127.488E-03,-202.261E-03,-461.055E-03
-524.970E-03,-8.668342E+00,-403.869E-03,-579.146E-03,-184.674E-03
-519.970E-03,-8.291457E+00,-77.236E-03,-202.261E-03,-586.684E-03
-514.970E-03,-8.115578E+00,-1.859E-03,-202.261E-03,-8.794E-03
-509.970E-03,-8.165829E+00,-278.241E-03,-478.643E-03,-184.674E-03
-504.970E-03,-8.291457E+00,-26.985E-03,+174.623E-03,-209.799E-03
-499.970E-03,-8.869347E+00,-1.859E-03,-202.261E-03,-260.050E-03
-494.970E-03,-8.291457E+00,-1.859E-03,-26.382E-03,-184.674E-03
-489.970E-03,-8.291457E+00,-152.613E-03,-327.890E-03,-586.684E-03
-484.970E-03,-8.291457E+00,-1.859E-03,-202.261E-03,-184.674E-03
-479.970E-03,-8.291457E+00,-328.493E-03,+124.372E-03,-586.684E-03
-474.970E-03,-8.241206E+00,-227.990E-03,-202.261E-03,-184.674E-03
-469.970E-03,-8.291457E+00,-152.613E-03,-202.261E-03,-561.558E-03
-464.970E-03,-8.668342E+00,-1.859E-03,+149.497E-03,-184.674E-03
-459.970E-03,-8.693467E+00,-77.236E-03,-126.885E-03,-586.684E-03
-454.970E-03,-8.065326E+00,-227.990E-03,-378.141E-03,-360.553E-03
-449.970E-03,-8.567839E+00,-127.488E-03,-478.643E-03,-310.302E-03
-444.970E-03,-8.668342E+00,-1.859E-03,-202.261E-03,-586.684E-03
-439.970E-03,-8.618090E+00,-328.493E-03,-202.261E-03,-184.674E-03
-434.970E-03,-8.467337E+00,-403.869E-03,-252.513E-03,-586.684E-03
-429.970E-03,-8.417085E+00,-278.241E-03,-202.261E-03,-184.674E-03
-424.970E-03,-7.939698E+00,-378.744E-03,-227.387E-03,-209.799E-03
-419.970E-03,-8.693467E+00,-253.116E-03,+124.372E-03,-184.674E-03
-414.970E-03,-8.743718E+00,-52.111E-03,-428.392E-03,-360.553E-03
-409.970E-03,-8.693467E+00,-1.859E-03,-51.508E-03,-184.674E-03
-404.970E-03,-9.070352E+00,-378.744E-03,+174.623E-03,-561.558E-03
-399.970E-03,-8.693467E+00,-328.493E-03,-126.885E-03,-184.674E-03
-394.970E-03,-8.517588E+00,-403.869E-03,-202.261E-03,+41.457E-03
-389.970E-03,-8.693467E+00,-127.488E-03,-76.633E-03,-184.674E-03
-384.970E-03,-9.070352E+00,-403.869E-03,-956.030E-03,-586.684E-03
-379.970E-03,-8.366834E+00,-1.859E-03,-202.261E-03,-260.050E-03
-374.970E-03,-8.693467E+00,-177.739E-03,-202.261E-03,-360.553E-03
-369.970E-03,-8.693467E+00,-1.859E-03,-478.643E-03,-586.684E-03
-364.970E-03,-8.668342E+00,-1.859E-03,-579.146E-03,-586.684E-03
-359.970E-03,-8.693467E+00,-77.236E-03,-202.261E-03,-260.050E-03
-354.970E-03,-8.869347E+00,-227.990E-03,+23.869E-03,-360.553E-03
-349.970E-03,-8.542713E+00,-680.251E-03,+74.121E-03,-712.312E-03
-344.970E-03,-8.693467E+00,-26.985E-03,-202.261E-03,-561.558E-03
-339.970E-03,-8.768844E+00,-403.869E-03,+124.372E-03,-586.684E-03
-334.970E-03,-8.467337E+00,-1.859E-03,-378.141E-03,-410.804E-03
-329.970E-03,-8.693467E+00,-403.869E-03,-478.643E-03,-586.684E-03
-324.970E-03,-8.693467E+00,-428.995E-03,-579.146E-03,-561.558E-03
-319.970E-03,-8.768844E+00,-479.246E-03,-202.261E-03,-511.307E-03
-314.970E-03,-8.693467E+00,-403.869E-03,-428.392E-03,-410.804E-03
-309.970E-03,-8.693467E+00,-127.488E-03,+199.749E-03,-310.302E-03
-304.970E-03,-8.693467E+00,-1.859E-03,-202.261E-03,-586.684E-03
-299.970E-03,-8.618090E+00,-1.859E-03,-528.895E-03,-260.050E-03
-294.970E-03,-8.919598E+00,-227.990E-03,-202.261E-03,-410.804E-03
-289.970E-03,-8.969849E+00,-127.488E-03,-202.261E-03,-461.055E-03
-284.970E-03,-9.120603E+00,-403.869E-03,-579.146E-03,-184.674E-03
-279.970E-03,-9.170854E+00,-403.869E-03,-126.885E-03,-662.061E-03
-274.970E-03,-9.095477E+00,-177.739E-03,-202.261E-03,-410.804E-03
-269.970E-03,-8.819095E+00,+148.894E-03,-202.261E-03,-461.055E-03
-264.970E-03,-8.718593E+00,-378.744E-03,-202.261E-03,-561.558E-03
-259.970E-03,-8.768844E+00,-1.859E-03,-202.261E-03,-586.684E-03
-254.970E-03,-8.693467E+00,-1.859E-03,-202.261E-03,-586.684E-03
-249.970E-03,-8.969849E+00,-278.241E-03,+74.121E-03,-310.302E-03
-244.970E-03,-9.095477E+00,-26.985E-03,-202.261E-03,-561.558E-03
-239.970E-03,-9.020100E+00,-77.236E-03,-277.638E-03,-260.050E-03
-234.970E-03,-8.919598E+00,-227.990E-03,-378.141E-03,-360.553E-03
-229.970E-03,-8.969849E+00,-152.613E-03,-327.890E-03,-586.684E-03
-224.970E-03,-8.718593E+00,-1.859E-03,-227.387E-03,-209.799E-03
-219.970E-03,-9.020100E+00,-253.116E-03,-202.261E-03,-184.674E-03
-214.970E-03,-9.497487E+00,-403.869E-03,-26.382E-03,-360.553E-03
-209.970E-03,-8.693467E+00,-403.869E-03,-76.633E-03,-184.674E-03
-204.970E-03,-9.095477E+00,-378.744E-03,-579.146E-03,-561.558E-03
-199.970E-03,-9.095477E+00,-403.869E-03,-202.261E-03,-184.674E-03
-194.970E-03,-9.271357E+00,-177.739E-03,+199.749E-03,-410.804E-03
-189.970E-03,-9.221105E+00,-278.241E-03,+74.121E-03,-184.674E-03
-184.970E-03,-9.497487E+00,-378.744E-03,-579.146E-03,-938.442E-03
-179.970E-03,-9.020100E+00,-328.493E-03,-528.895E-03,-511.307E-03
-174.970E-03,-8.919598E+00,-1.859E-03,-202.261E-03,-586.684E-03
-169.970E-03,-9.246231E+00,-278.241E-03,+199.749E-03,-184.674E-03
-164.970E-03,-9.120603E+00,-378.744E-03,-202.261E-03,+192.211E-03
-159.970E-03,-9.422110E+00,-403.869E-03,-126.885E-03,-260.050E-03
-154.970E-03,-9.271357E+00,-403.869E-03,-378.141E-03,-184.674E-03
-149.970E-03,-9.371859E+00,-403.869E-03,-478.643E-03,-184.674E-03
-144.970E-03,-9.497487E+00,-378.744E-03,-202.261E-03,-938.442E-03
-139.970E-03,-9.170854E+00,+249.397E-03,-126.885E-03,-260.050E-03
-134.970E-03,-9.095477E+00,-403.869E-03,+23.869E-03,-410.804E-03
-129.970E-03,-9.648241E+00,-278.241E-03,-604.271E-03,-461.055E-03
-124.970E-03,-9.447236E+00,-403.869E-03,-202.261E-03,-586.684E-03
-119.970E-03,-9.748744E+00,-403.869E-03,-277.638E-03,-184.674E-03
-114.970E-03,-9.497487E+00,-1.859E-03,-378.141E-03,-586.684E-03
-109.970E-03,-9.221105E+00,-127.488E-03,-76.633E-03,-184.674E-03
-104.970E-03,-9.145728E+00,-26.985E-03,+149.497E-03,+167.085E-03
-99.970E-03,-9.572864E+00,-77.236E-03,+199.749E-03,-586.684E-03
-94.970E-03,-9.321608E+00,-403.869E-03,-26.382E-03,-461.055E-03
-89.970E-03,-9.497487E+00,-403.869E-03,+74.121E-03,-586.684E-03
-84.970E-03,-9.120603E+00,-403.869E-03,-202.261E-03,-561.558E-03
-79.970E-03,-9.497487E+00,-328.493E-03,-202.261E-03,-184.674E-03
-74.970E-03,-9.723618E+00,-403.869E-03,-202.261E-03,-586.684E-03
-69.970E-03,-9.773869E+00,-278.241E-03,-202.261E-03,-184.674E-03
-64.970E-03,-9.497487E+00,-26.985E-03,-579.146E-03,-561.558E-03
-59.970E-03,-9.824120E+00,-403.869E-03,+199.749E-03,-184.674E-03
-54.970E-03,-10.125628E+00,-177.739E-03,-202.261E-03,-410.804E-03
-49.970E-03,-9.899497E+00,+274.523E-03,+74.121E-03,-737.437E-03
-44.970E-03,-9.899497E+00,-26.985E-03,-202.261E-03,-586.684E-03
-39.970E-03,-9.572864E+00,-328.493E-03,+48.995E-03,-586.684E-03
-34.970E-03,-10.075377E+00,-227.990E-03,-202.261E-03,-410.804E-03
-29.970E-03,-9.648241E+00,-403.869E-03,-76.633E-03,-184.674E-03
-24.970E-03,-9.874372E+00,-780.754E-03,-579.146E-03,-586.684E-03
-19.970E-03,-9.572864E+00,-1.859E-03,-202.261E-03,-184.674E-03
-14.970E-03,-9.673367E+00,-1.859E-03,+23.869E-03,-586.684E-03
-9.970E-03,-9.497487E+00,-1.859E-03,-202.261E-03,-310.302E-03
-4.970E-03,-9.899497E+00,-1.859E-03,-202.261E-03,-586.684E-03
+30E-06,-9.572864E+00,-1.859E-03,-126.885E-03,-184.674E-03
+5.030E-03,-9.899497E+00,-1.859E-03,-202.261E-03,-184.674E-03
+10.030E-03,-9.899497E+00,-278.241E-03,-202.261E-03,-461.055E-03
+15.030E-03,-9.899497E+00,-378.744E-03,-227.387E-03,-209.799E-03
+20.030E-03,-9.572864E+00,-1.859E-03,-202.261E-03,-913.317E-03
+25.030E-03,-9.723618E+00,-403.869E-03,-26.382E-03,-360.553E-03
+30.030E-03,-9.623115E+00,-127.488E-03,-327.890E-03,-737.437E-03
+35.030E-03,-9.522613E+00,-1.859E-03,-202.261E-03,-938.442E-03
+40.030E-03,-9.572864E+00,+400.151E-03,+124.372E-03,-511.307E-03
+45.030E-03,-9.899497E+00,-227.990E-03,-202.261E-03,-134.422E-03
+50.030E-03,-9.899497E+00,-127.488E-03,-202.261E-03,-586.684E-03
+55.030E-03,-9.522613E+00,-403.869E-03,-554.020E-03,-184.674E-03
+60.030E-03,-9.974874E+00,-403.869E-03,-202.261E-03,-511.307E-03
+65.030E-03,-10.075377E+00,-403.869E-03,-26.382E-03,-586.684E-03
+70.030E-03,-10.175879E+00,-253.116E-03,-327.890E-03,-586.684E-03
+75.030E-03,-10.653266E+00,-26.985E-03,-177.136E-03,-586.684E-03
+80.030E-03,-10.226130E+00,-328.493E-03,+124.372E-03,-586.684E-03
+85.030E-03,-10.075377E+00,-1.859E-03,-202.261E-03,-184.674E-03
+90.030E-03,-9.899497E+00,-278.241E-03,+74.121E-03,-461.055E-03
+95.030E-03,-9.899497E+00,-403.869E-03,-202.261E-03,-561.558E-03
+100.030E-03,-9.974874E+00,-403.869E-03,+124.372E-03,-260.050E-03
+105.030E-03,-9.899497E+00,-177.739E-03,-202.261E-03,-586.684E-03
+110.030E-03,-10.025125E+00,-403.869E-03,-327.890E-03,-435.930E-03
+115.030E-03,-9.899497E+00,-378.744E-03,-202.261E-03,-209.799E-03
+120.030E-03,-9.899497E+00,-1.859E-03,+124.372E-03,-260.050E-03
+125.030E-03,-10.075377E+00,-177.739E-03,-252.513E-03,-184.674E-03
+130.030E-03,-10.175879E+00,-278.241E-03,-76.633E-03,-335.427E-03
+135.030E-03,-9.924623E+00,-378.744E-03,-202.261E-03,-209.799E-03
+140.030E-03,-10.301507E+00,-403.869E-03,-126.885E-03,-511.307E-03
+145.030E-03,-10.301507E+00,-177.739E-03,-202.261E-03,-586.684E-03
+150.030E-03,-10.175879E+00,-1.859E-03,-202.261E-03,-586.684E-03
+155.030E-03,-10.326633E+00,-26.985E-03,-227.387E-03,-586.684E-03
+160.030E-03,-10.301507E+00,-328.493E-03,-126.885E-03,-586.684E-03
+165.030E-03,-10.301507E+00,-1.859E-03,-378.141E-03,-184.674E-03
+170.030E-03,-10.427136E+00,-278.241E-03,+74.121E-03,-461.055E-03
+175.030E-03,-10.301507E+00,-26.985E-03,-604.271E-03,-963.568E-03
+180.030E-03,-10.301507E+00,-403.869E-03,+124.372E-03,-260.050E-03
+185.030E-03,-10.075377E+00,-403.869E-03,-252.513E-03,-410.804E-03
+190.030E-03,-10.854271E+00,-403.869E-03,-76.633E-03,-184.674E-03
+195.030E-03,-10.326633E+00,-403.869E-03,+124.372E-03,-209.799E-03
+200.030E-03,-10.376884E+00,-77.236E-03,+124.372E-03,-260.050E-03
+205.030E-03,-10.527638E+00,+224.271E-03,-378.141E-03,-410.804E-03
+210.030E-03,-10.577889E+00,-1.859E-03,-202.261E-03,-184.674E-03
+215.030E-03,-10.301507E+00,-1.859E-03,-202.261E-03,-184.674E-03
+220.030E-03,-10.703517E+00,-77.236E-03,-202.261E-03,-586.684E-03
+225.030E-03,-10.125628E+00,-177.739E-03,+23.869E-03,-184.674E-03
+230.030E-03,-10.301507E+00,-403.869E-03,+74.121E-03,-586.684E-03
+235.030E-03,-10.326633E+00,-378.744E-03,-202.261E-03,-184.674E-03
+240.030E-03,-10.703517E+00,-77.236E-03,+124.372E-03,-435.930E-03
+245.030E-03,-9.949749E+00,-1.859E-03,-202.261E-03,-586.684E-03
+250.030E-03,-10.854271E+00,-403.869E-03,-202.261E-03,-310.302E-03
+255.030E-03,-10.678392E+00,+375.025E-03,-202.261E-03,-209.799E-03
+260.030E-03,-10.301507E+00,-77.236E-03,-202.261E-03,-184.674E-03
+265.030E-03,-10.301507E+00,-227.990E-03,-202.261E-03,-812.814E-03
+270.030E-03,-10.703517E+00,-278.241E-03,-51.508E-03,-184.674E-03
+275.030E-03,-10.678392E+00,-403.869E-03,-177.136E-03,-586.684E-03
+280.030E-03,-10.376884E+00,-328.493E-03,-277.638E-03,-260.050E-03
+285.030E-03,-10.653266E+00,-227.990E-03,+199.749E-03,-184.674E-03
+290.030E-03,-10.301507E+00,-127.488E-03,-202.261E-03,-59.045E-03
+295.030E-03,-10.678392E+00,-26.985E-03,+149.497E-03,-586.684E-03
+300.030E-03,-10.452261E+00,+73.518E-03,+124.372E-03,-511.307E-03
+305.030E-03,-10.703517E+00,-177.739E-03,-202.261E-03,-360.553E-03
+310.030E-03,-10.979899E+00,-403.869E-03,-755.025E-03,-586.684E-03
+315.030E-03,-10.728643E+00,-26.985E-03,-177.136E-03,-209.799E-03
+320.030E-03,-10.376884E+00,-328.493E-03,-126.885E-03,-511.307E-03
+325.030E-03,-10.879397E+00,-227.990E-03,+199.749E-03,-184.674E-03
+330.030E-03,-10.427136E+00,-403.869E-03,+74.121E-03,-33.920E-03
+335.030E-03,-10.703517E+00,-1.859E-03,-227.387E-03,-184.674E-03
+340.030E-03,-10.703517E+00,-77.236E-03,+48.995E-03,-511.307E-03
+345.030E-03,-10.527638E+00,-227.990E-03,-378.141E-03,-134.422E-03
+350.030E-03,-10.829146E+00,-403.869E-03,-327.890E-03,-310.302E-03
+355.030E-03,-10.703517E+00,-353.618E-03,-177.136E-03,-159.548E-03
+360.030E-03,-10.778894E+00,-77.236E-03,-277.638E-03,-184.674E-03
+365.030E-03,-11.105527E+00,-227.990E-03,-202.261E-03,-184.674E-03
+370.030E-03,-10.979899E+00,-403.869E-03,-202.261E-03,-310.302E-03
+375.030E-03,-10.703517E+00,+375.025E-03,-202.261E-03,-184.674E-03
+380.030E-03,-11.030151E+00,-77.236E-03,-126.885E-03,-184.674E-03
+385.030E-03,-10.703517E+00,-177.739E-03,-26.382E-03,-360.553E-03
+390.030E-03,-10.703517E+00,-278.241E-03,-76.633E-03,-435.930E-03
+395.030E-03,-10.703517E+00,-378.744E-03,-202.261E-03,+217.336E-03
+400.030E-03,-11.105527E+00,-253.116E-03,-277.638E-03,-586.684E-03
+405.030E-03,-10.879397E+00,-403.869E-03,-378.141E-03,-360.553E-03
+410.030E-03,-11.105527E+00,-1.859E-03,-51.508E-03,-310.302E-03
+415.030E-03,-10.728643E+00,-403.869E-03,-202.261E-03,-184.674E-03
+420.030E-03,-11.105527E+00,-1.859E-03,-126.885E-03,-260.050E-03
+425.030E-03,-11.105527E+00,-403.869E-03,+23.869E-03,-410.804E-03
+430.030E-03,-10.954774E+00,-1.859E-03,-327.890E-03,-310.302E-03
+435.030E-03,-11.105527E+00,-378.744E-03,-252.513E-03,-913.317E-03
+440.030E-03,-11.105527E+00,-328.493E-03,-528.895E-03,-511.307E-03
+445.030E-03,-10.929648E+00,+174.020E-03,-26.382E-03,-184.674E-03
+450.030E-03,-11.105527E+00,-278.241E-03,-202.261E-03,-59.045E-03
+455.030E-03,-10.753769E+00,-403.869E-03,+174.623E-03,-586.684E-03
+460.030E-03,-11.432161E+00,-1.859E-03,-202.261E-03,-184.674E-03
+465.030E-03,-11.281407E+00,-1.859E-03,-202.261E-03,-184.674E-03
+470.030E-03,-11.105527E+00,-127.488E-03,-202.261E-03,-310.302E-03
+475.030E-03,-11.105527E+00,-26.985E-03,-579.146E-03,-586.684E-03
+480.030E-03,-11.180904E+00,-328.493E-03,+124.372E-03,-184.674E-03
+485.030E-03,-11.105527E+00,-227.990E-03,+23.869E-03,-586.684E-03
+490.030E-03,-11.105527E+00,-403.869E-03,-202.261E-03,-184.674E-03
+495.030E-03,-11.507538E+00,+375.025E-03,-202.261E-03,-561.558E-03
+500.030E-03,-11.507538E+00,-77.236E-03,-202.261E-03,-662.061E-03
+505.030E-03,-11.105527E+00,-1.859E-03,-26.382E-03,-360.553E-03
+510.030E-03,-11.507538E+00,-127.488E-03,-76.633E-03,-310.302E-03
+515.030E-03,-11.130653E+00,-378.744E-03,-554.020E-03,-209.799E-03
+520.030E-03,-11.758794E+00,-1.859E-03,-202.261E-03,-511.307E-03
+525.030E-03,-11.331658E+00,-177.739E-03,+23.869E-03,-184.674E-03
+530.030E-03,-11.633166E+00,-278.241E-03,-202.261E-03,-184.674E-03
+535.030E-03,-11.507538E+00,-378.744E-03,-202.261E-03,-184.674E-03
+540.030E-03,-11.432161E+00,-77.236E-03,-126.885E-03,-109.297E-03
+545.030E-03,-11.281407E+00,+174.020E-03,-428.392E-03,+41.457E-03
+550.030E-03,-11.231156E+00,-1.859E-03,-202.261E-03,-184.674E-03
+555.030E-03,-11.482412E+00,-378.744E-03,-202.261E-03,-561.558E-03
+560.030E-03,-11.582914E+00,-1.859E-03,+199.749E-03,-586.684E-03
+565.030E-03,-11.507538E+00,-227.990E-03,-202.261E-03,-184.674E-03
+570.030E-03,-11.507538E+00,-127.488E-03,-202.261E-03,-184.674E-03
+575.030E-03,-11.859296E+00,-1.859E-03,-202.261E-03,-184.674E-03
+580.030E-03,-11.507538E+00,-1.859E-03,-202.261E-03,-184.674E-03
+585.030E-03,-11.105527E+00,-403.869E-03,+199.749E-03,-812.814E-03
+590.030E-03,-11.507538E+00,-1.859E-03,+74.121E-03,-586.684E-03
+595.030E-03,-11.482412E+00,-26.985E-03,-177.136E-03,-561.558E-03
+600.030E-03,-11.507538E+00,-403.869E-03,-528.895E-03,-511.307E-03
+605.030E-03,-11.331658E+00,+174.020E-03,-202.261E-03,-184.674E-03
+610.030E-03,-11.507538E+00,-127.488E-03,+74.121E-03,-586.684E-03
+615.030E-03,-11.532663E+00,-1.859E-03,+149.497E-03,-209.799E-03
+620.030E-03,-11.582914E+00,+73.518E-03,-202.261E-03,+141.960E-03
+625.030E-03,-11.733668E+00,-227.990E-03,-26.382E-03,-410.804E-03
+630.030E-03,-11.658291E+00,-127.488E-03,-202.261E-03,-586.684E-03
+635.030E-03,-11.507538E+00,-1.859E-03,+174.623E-03,-586.684E-03
+640.030E-03,-11.834171E+00,-1.859E-03,-202.261E-03,-260.050E-03
+645.030E-03,-11.557789E+00,-177.739E-03,-202.261E-03,-184.674E-03
+650.030E-03,-11.633166E+00,-1.859E-03,+74.121E-03,-586.684E-03
+655.030E-03,-11.884422E+00,-26.985E-03,-202.261E-03,-184.674E-03
+660.030E-03,-11.256281E+00,-328.493E-03,-528.895E-03,-260.050E-03
+665.030E-03,-11.909548E+00,-227.990E-03,-202.261E-03,-184.674E-03
+670.030E-03,-11.909548E+00,-1.859E-03,+74.121E-03,-461.055E-03
+675.030E-03,-11.532663E+00,-403.869E-03,-554.020E-03,-209.799E-03
+680.030E-03,-11.507538E+00,-77.236E-03,+124.372E-03,-260.050E-03
+685.030E-03,-12.361809E+00,-1.859E-03,-202.261E-03,-762.563E-03
+690.030E-03,-11.633166E+00,-278.241E-03,-202.261E-03,-586.684E-03
+695.030E-03,-11.909548E+00,-26.985E-03,-202.261E-03,-561.558E-03
+700.030E-03,-12.311558E+00,-253.116E-03,+124.372E-03,-260.050E-03
+705.030E-03,-11.909548E+00,-1.859E-03,+199.749E-03,-184.674E-03
+710.030E-03,-11.783919E+00,-1.859E-03,-327.890E-03,-310.302E-03
+715.030E-03,-11.532663E+00,-1.859E-03,-554.020E-03,-561.558E-03
+720.030E-03,-11.834171E+00,-328.493E-03,-202.261E-03,-184.674E-03
+725.030E-03,-11.909548E+00,-177.739E-03,-202.261E-03,-184.674E-03
+730.030E-03,-11.783919E+00,-1.859E-03,-478.643E-03,-310.302E-03
+735.030E-03,-11.532663E+00,-403.869E-03,-202.261E-03,-561.558E-03
+740.030E-03,-12.386935E+00,-253.116E-03,-202.261E-03,-586.684E-03
+745.030E-03,-11.507538E+00,-177.739E-03,-26.382E-03,-410.804E-03
+750.030E-03,-12.185930E+00,-529.498E-03,-604.271E-03,-461.055E-03
+755.030E-03,-11.532663E+00,-1.859E-03,-579.146E-03,-561.558E-03
+760.030E-03,-12.236181E+00,-77.236E-03,-528.895E-03,-511.307E-03
+765.030E-03,-11.909548E+00,-403.869E-03,+23.869E-03,-134.422E-03
+770.030E-03,-12.035176E+00,-1.859E-03,+74.121E-03,-310.302E-03
+775.030E-03,-12.688442E+00,-26.985E-03,-227.387E-03,-561.558E-03
+780.030E-03,-12.236181E+00,-328.493E-03,-202.261E-03,-511.307E-03
+785.030E-03,-11.909548E+00,-177.739E-03,-252.513E-03,-410.804E-03
+790.030E-03,-12.185930E+00,-278.241E-03,+74.121E-03,-586.684E-03
+795.030E-03,-11.909548E+00,-378.744E-03,+149.497E-03,-586.684E-03
+800.030E-03,-12.562814E+00,-655.126E-03,-202.261E-03,-260.050E-03
+805.030E-03,-11.909548E+00,-227.990E-03,-26.382E-03,-762.563E-03
+810.030E-03,-12.185930E+00,-278.241E-03,-202.261E-03,-184.674E-03
+815.030E-03,-12.286432E+00,+349.899E-03,+174.623E-03,-963.568E-03
+820.030E-03,-11.984924E+00,-253.116E-03,-202.261E-03,-511.307E-03
+825.030E-03,-12.261306E+00,-403.869E-03,-378.141E-03,-636.935E-03
+830.030E-03,-12.035176E+00,-127.488E-03,-478.643E-03,-586.684E-03
+835.030E-03,-12.336683E+00,-755.628E-03,-604.271E-03,-586.684E-03
+840.030E-03,-12.236181E+00,-1.859E-03,-126.885E-03,-662.061E-03
+845.030E-03,-12.311558E+00,-177.739E-03,-26.382E-03,-410.804E-03
+850.030E-03,-12.713568E+00,-278.241E-03,-327.890E-03,-310.302E-03
+855.030E-03,-12.311558E+00,-403.869E-03,-227.387E-03,-561.558E-03
+860.030E-03,-12.386935E+00,-479.246E-03,+199.749E-03,-586.684E-03
+865.030E-03,-12.085427E+00,-1.859E-03,-252.513E-03,-762.563E-03
+870.030E-03,-11.758794E+00,-278.241E-03,-51.508E-03,-310.302E-03
+875.030E-03,-12.286432E+00,+349.899E-03,-202.261E-03,-561.558E-03
+880.030E-03,-12.638191E+00,-77.236E-03,+199.749E-03,-260.050E-03
+885.030E-03,-12.135678E+00,-403.869E-03,+23.869E-03,-360.553E-03
+890.030E-03,-12.035176E+00,-127.488E-03,-76.633E-03,-863.066E-03
+895.030E-03,-12.311558E+00,-1.859E-03,-252.513E-03,-234.925E-03
+900.030E-03,-12.236181E+00,-77.236E-03,-202.261E-03,-586.684E-03
+905.030E-03,-12.085427E+00,-227.990E-03,-202.261E-03,-360.553E-03
+910.030E-03,-12.035176E+00,+123.769E-03,+199.749E-03,-461.055E-03
+915.030E-03,-12.311558E+00,-378.744E-03,-202.261E-03,-209.799E-03
+920.030E-03,-12.135678E+00,-77.236E-03,-202.261E-03,-260.050E-03
+925.030E-03,-12.537688E+00,-227.990E-03,-654.523E-03,+41.457E-03
+930.030E-03,-12.311558E+00,-127.488E-03,+74.121E-03,-59.045E-03
+935.030E-03,-12.336683E+00,-378.744E-03,-227.387E-03,-209.799E-03
+940.030E-03,-12.462311E+00,-1.859E-03,-202.261E-03,-586.684E-03
+945.030E-03,-12.437186E+00,-177.739E-03,+199.749E-03,-586.684E-03
+950.030E-03,-12.713568E+00,-127.488E-03,-353.015E-03,-586.684E-03
+955.030E-03,-12.688442E+00,-26.985E-03,-177.136E-03,-209.799E-03
+960.030E-03,-12.713568E+00,-328.493E-03,-126.885E-03,-586.684E-03
+965.030E-03,-12.311558E+00,-177.739E-03,-202.261E-03,-184.674E-03
+970.030E-03,-12.437186E+00,-278.241E-03,+74.121E-03,-310.302E-03
+975.030E-03,-12.738693E+00,-403.869E-03,-202.261E-03,-184.674E-03
+980.030E-03,-13.040201E+00,+73.518E-03,-202.261E-03,-511.307E-03
+985.030E-03,-12.713568E+00,-1.859E-03,-604.271E-03,-410.804E-03
+990.030E-03,-12.562814E+00,-403.869E-03,-327.890E-03,-461.055E-03
+995.030E-03,-12.713568E+00,-26.985E-03,-202.261E-03,-209.799E-03
+1.000030E+00,-13.115578E+00,-328.493E-03,-202.261E-03,+66.583E-03
+1.005030E+00,-12.713568E+00,-1.859E-03,-202.261E-03,-184.674E-03
+1.010030E+00,-12.437186E+00,-403.869E-03,-202.261E-03,-586.684E-03
+1.015030E+00,-12.311558E+00,-403.869E-03,-202.261E-03,-209.799E-03
+1.020030E+00,-12.713568E+00,-403.869E-03,+124.372E-03,-335.427E-03
+1.025030E+00,-12.939698E+00,-1.859E-03,-604.271E-03,-184.674E-03
+1.030030E+00,-12.839196E+00,-680.251E-03,-729.900E-03,-184.674E-03
+1.035030E+00,-12.713568E+00,-1.859E-03,-202.261E-03,-561.558E-03
+1.040030E+00,-12.462311E+00,-403.869E-03,+199.749E-03,-913.317E-03
+1.045030E+00,-12.713568E+00,-403.869E-03,-252.513E-03,-410.804E-03
+1.050030E+00,-12.989950E+00,-278.241E-03,-202.261E-03,-737.437E-03
+1.055030E+00,-13.115578E+00,-428.995E-03,-177.136E-03,-209.799E-03
+1.060030E+00,-12.713568E+00,-403.869E-03,+124.372E-03,-837.940E-03
+1.065030E+00,-12.713568E+00,-227.990E-03,+199.749E-03,-184.674E-03
+1.070030E+00,-12.713568E+00,-529.498E-03,-202.261E-03,-59.045E-03
+1.075030E+00,-13.467337E+00,+349.899E-03,-177.136E-03,-561.558E-03
+1.080030E+00,-12.713568E+00,-77.236E-03,-202.261E-03,-511.307E-03
+1.085030E+00,-12.939698E+00,-227.990E-03,-202.261E-03,-360.553E-03
+1.090030E+00,-12.713568E+00,-1.859E-03,+74.121E-03,-586.684E-03
+1.095030E+00,-13.090452E+00,-1.859E-03,-202.261E-03,-234.925E-03
+1.100030E+00,-13.040201E+00,-328.493E-03,-202.261E-03,-586.684E-03
+1.105030E+00,-12.713568E+00,-1.859E-03,-202.261E-03,-586.684E-03
+1.110030E+00,-12.989950E+00,-403.869E-03,+74.121E-03,-310.302E-03
+1.115030E+00,-13.090452E+00,-403.869E-03,-202.261E-03,-586.684E-03
+1.120030E+00,-13.115578E+00,-328.493E-03,-453.518E-03,-260.050E-03
+1.125030E+00,-13.291457E+00,-177.739E-03,-26.382E-03,-184.674E-03
+1.130030E+00,-13.391960E+00,-127.488E-03,-478.643E-03,-461.055E-03
+1.135030E+00,-13.115578E+00,-26.985E-03,-202.261E-03,-159.548E-03
+1.140030E+00,-13.115578E+00,-1.859E-03,-202.261E-03,-586.684E-03
+1.145030E+00,-12.939698E+00,-227.990E-03,-26.382E-03,-586.684E-03
+1.150030E+00,-13.115578E+00,-403.869E-03,+199.749E-03,-310.302E-03
+1.155030E+00,-12.738693E+00,-428.995E-03,-227.387E-03,-561.558E-03
+1.160030E+00,-13.115578E+00,-328.493E-03,-277.638E-03,-184.674E-03
+1.165030E+00,-13.517588E+00,-403.869E-03,-202.261E-03,-586.684E-03
+1.170030E+00,-13.115578E+00,-1.859E-03,-202.261E-03,-461.055E-03
+1.175030E+00,-13.115578E+00,-378.744E-03,-202.261E-03,-209.799E-03
+1.180030E+00,-13.190955E+00,-328.493E-03,-202.261E-03,-260.050E-03
+1.185030E+00,-13.291457E+00,-1.859E-03,+149.497E-03,-360.553E-03
+1.190030E+00,-13.115578E+00,-278.241E-03,-478.643E-03,-586.684E-03
+1.195030E+00,-13.492462E+00,-403.869E-03,-554.020E-03,-184.674E-03
+1.200030E+00,-13.115578E+00,-77.236E-03,-202.261E-03,-511.307E-03
+1.205030E+00,-13.165829E+00,-177.739E-03,-428.392E-03,-410.804E-03
+1.210030E+00,-13.115578E+00,-278.241E-03,+74.121E-03,+91.708E-03
+1.215030E+00,-13.140703E+00,-378.744E-03,+174.623E-03,-209.799E-03
+1.220030E+00,-13.115578E+00,-77.236E-03,-202.261E-03,-511.307E-03
+1.225030E+00,-13.341708E+00,-403.869E-03,+23.869E-03,-636.935E-03
+1.230030E+00,-13.241206E+00,-1.859E-03,+199.749E-03,-461.055E-03
+1.235030E+00,-13.894472E+00,-403.869E-03,-956.030E-03,-561.558E-03
+1.240030E+00,-13.190955E+00,-328.493E-03,-126.885E-03,-260.050E-03
+1.245030E+00,-13.115578E+00,-227.990E-03,+199.749E-03,-536.432E-03
+1.250030E+00,-13.391960E+00,-278.241E-03,-202.261E-03,-461.055E-03
+1.255030E+00,-13.115578E+00,-403.869E-03,-177.136E-03,-586.684E-03
+1.260030E+00,-13.517588E+00,-77.236E-03,-528.895E-03,-511.307E-03
+1.265030E+00,-13.517588E+00,-403.869E-03,-26.382E-03,-360.553E-03
+1.270030E+00,-13.643216E+00,-403.869E-03,-51.508E-03,-586.684E-03
+1.275030E+00,-13.517588E+00,-378.744E-03,-202.261E-03,-209.799E-03
+1.280030E+00,-13.517588E+00,+249.397E-03,-202.261E-03,-586.684E-03
+1.285030E+00,-13.341708E+00,-403.869E-03,+23.869E-03,-184.674E-03
+1.290030E+00,-13.517588E+00,-253.116E-03,-76.633E-03,-586.684E-03
+1.295030E+00,-13.517588E+00,-26.985E-03,+149.497E-03,-561.558E-03
+1.300030E+00,-13.266332E+00,-77.236E-03,-202.261E-03,-260.050E-03
+1.305030E+00,-13.467337E+00,-227.990E-03,+23.869E-03,-360.553E-03
+1.310030E+00,-13.517588E+00,-529.498E-03,-76.633E-03,-184.674E-03
+1.315030E+00,-13.140703E+00,-403.869E-03,+174.623E-03,-209.799E-03
+1.320030E+00,-13.442211E+00,-328.493E-03,-202.261E-03,-913.317E-03
+1.325030E+00,-13.693467E+00,-227.990E-03,-26.382E-03,-586.684E-03
+1.330030E+00,-13.793970E+00,-278.241E-03,-202.261E-03,-586.684E-03
+1.335030E+00,-13.919598E+00,-755.628E-03,-202.261E-03,-209.799E-03
+1.340030E+00,-13.844221E+00,-328.493E-03,-202.261E-03,-184.674E-03
+1.345030E+00,-13.743718E+00,-403.869E-03,-428.392E-03,-184.674E-03
+1.350030E+00,-13.643216E+00,-403.869E-03,-478.643E-03,-310.302E-03
+1.355030E+00,-13.894472E+00,-26.985E-03,-177.136E-03,-561.558E-03
+1.360030E+00,-13.517588E+00,-328.493E-03,-528.895E-03,-511.307E-03
+1.365030E+00,-13.919598E+00,-227.990E-03,-252.513E-03,-360.553E-03
+1.370030E+00,-13.919598E+00,-127.488E-03,+74.121E-03,-461.055E-03
+1.375030E+00,-13.919598E+00,-26.985E-03,-202.261E-03,-963.568E-03
+1.380030E+00,-13.592965E+00,-328.493E-03,-202.261E-03,-109.297E-03
+1.385030E+00,-13.869347E+00,-177.739E-03,-428.392E-03,-410.804E-03
+1.390030E+00,-13.919598E+00,-127.488E-03,-202.261E-03,-335.427E-03
+1.395030E+00,-13.919598E+00,-26.985E-03,-227.387E-03,-209.799E-03
+1.400030E+00,-13.919598E+00,-77.236E-03,-202.261E-03,-586.684E-03
+1.405030E+00,-13.919598E+00,-403.869E-03,+23.869E-03,-360.553E-03
+1.410030E+00,-13.643216E+00,-278.241E-03,-604.271E-03,-461.055E-03
+1.415030E+00,-13.919598E+00,-378.744E-03,+174.623E-03,-184.674E-03
+1.420030E+00,-13.844221E+00,-328.493E-03,-202.261E-03,-260.050E-03
+1.425030E+00,-13.919598E+00,-177.739E-03,-26.382E-03,-184.674E-03
+1.430030E+00,-13.919598E+00,-1.859E-03,-202.261E-03,-184.674E-03
+1.435030E+00,-13.919598E+00,-1.859E-03,+199.749E-03,-586.684E-03
+1.440030E+00,-13.919598E+00,-328.493E-03,-277.638E-03,-586.684E-03
+1.445030E+00,-13.919598E+00,-177.739E-03,+199.749E-03,-360.553E-03
+1.450030E+00,-14.195980E+00,-127.488E-03,-478.643E-03,-310.302E-03
+1.455030E+00,-13.944723E+00,-26.985E-03,+174.623E-03,-586.684E-03
+1.460030E+00,-14.170854E+00,-328.493E-03,+199.749E-03,-586.684E-03
+1.465030E+00,-13.919598E+00,-227.990E-03,-428.392E-03,-410.804E-03
+1.470030E+00,-13.919598E+00,-278.241E-03,+74.121E-03,-863.066E-03
+1.475030E+00,-13.944723E+00,-26.985E-03,-177.136E-03,-209.799E-03
+1.480030E+00,-14.396985E+00,-328.493E-03,-277.638E-03,-184.674E-03
+1.485030E+00,-14.045226E+00,-177.739E-03,-202.261E-03,-586.684E-03
+1.490030E+00,-13.919598E+00,-1.859E-03,-202.261E-03,-461.055E-03
+1.495030E+00,-14.673367E+00,-378.744E-03,-227.387E-03,-586.684E-03
+1.500030E+00,-13.919598E+00,-1.859E-03,-126.885E-03,-586.684E-03
+1.505030E+00,-14.271357E+00,-403.869E-03,-202.261E-03,-360.553E-03
+1.510030E+00,-13.919598E+00,-1.859E-03,+74.121E-03,-310.302E-03
+1.515030E+00,-14.321608E+00,-1.859E-03,-202.261E-03,-209.799E-03
+1.520030E+00,-14.246231E+00,-1.859E-03,-126.885E-03,-586.684E-03
+1.525030E+00,-14.145729E+00,-403.869E-03,-26.382E-03,-812.814E-03
+1.530030E+00,-14.195980E+00,-278.241E-03,-202.261E-03,-310.302E-03
+1.535030E+00,-14.673367E+00,-26.985E-03,-202.261E-03,-184.674E-03
+1.540030E+00,-14.321608E+00,-328.493E-03,-202.261E-03,-511.307E-03
+1.545030E+00,-14.321608E+00,-1.859E-03,-202.261E-03,-184.674E-03
+1.550030E+00,-14.170854E+00,-278.241E-03,-327.890E-03,-586.684E-03
+1.555030E+00,-14.698492E+00,-403.869E-03,-956.030E-03,-561.558E-03
+1.560030E+00,-14.396985E+00,-77.236E-03,-202.261E-03,-586.684E-03
+1.565030E+00,-14.673367E+00,+224.271E-03,-202.261E-03,-636.935E-03
+1.570030E+00,-13.919598E+00,-127.488E-03,-76.633E-03,-310.302E-03
+1.575030E+00,-13.969849E+00,-403.869E-03,+149.497E-03,-561.558E-03
+1.580030E+00,-14.070352E+00,-328.493E-03,+124.372E-03,-511.307E-03
+1.585030E+00,-14.321608E+00,-403.869E-03,-202.261E-03,-636.935E-03
+1.590030E+00,-13.919598E+00,-127.488E-03,-76.633E-03,-184.674E-03
+1.595030E+00,-13.944723E+00,-403.869E-03,+199.749E-03,-234.925E-03
+1.600030E+00,-14.321608E+00,-403.869E-03,-453.518E-03,-260.050E-03
+1.605030E+00,-14.547739E+00,-403.869E-03,-202.261E-03,-410.804E-03
+1.610030E+00,-14.597990E+00,-403.869E-03,-202.261E-03,-310.302E-03
+1.615030E+00,-14.698492E+00,-1.859E-03,-227.387E-03,-586.684E-03
+1.620030E+00,-14.572864E+00,-328.493E-03,-453.518E-03,-586.684E-03
+1.625030E+00,-14.723618E+00,-403.869E-03,+23.869E-03,-586.684E-03
+1.630030E+00,-14.597990E+00,-127.488E-03,-202.261E-03,-310.302E-03
+1.635030E+00,-14.321608E+00,-1.859E-03,-554.020E-03,-209.799E-03
+1.640030E+00,-14.070352E+00,-328.493E-03,-202.261E-03,-586.684E-03
+1.645030E+00,-14.949749E+00,-177.739E-03,-428.392E-03,-184.674E-03
+1.650030E+00,-14.723618E+00,-403.869E-03,-202.261E-03,-586.684E-03
+1.655030E+00,-14.723618E+00,-26.985E-03,+124.372E-03,-209.799E-03
+1.660030E+00,-14.321608E+00,-328.493E-03,-126.885E-03,-260.050E-03
+1.665030E+00,-14.899497E+00,-403.869E-03,-152.010E-03,-410.804E-03
+1.670030E+00,-14.723618E+00,-403.869E-03,+199.749E-03,-310.302E-03
+1.675030E+00,-14.698492E+00,-26.985E-03,-202.261E-03,-184.674E-03
+1.680030E+00,-14.723618E+00,-655.126E-03,-202.261E-03,-586.684E-03
+1.685030E+00,-14.723618E+00,-1.859E-03,-202.261E-03,-410.804E-03
+1.690030E+00,-14.723618E+00,+123.769E-03,-478.643E-03,-184.674E-03
+1.695030E+00,-14.346734E+00,-403.869E-03,-177.136E-03,-209.799E-03
+1.700030E+00,-14.648241E+00,-1.859E-03,+124.372E-03,-184.674E-03
+1.705030E+00,-14.723618E+00,-177.739E-03,-26.382E-03,-184.674E-03
+1.710030E+00,-15.125628E+00,-403.869E-03,-202.261E-03,-184.674E-03
+1.715030E+00,-14.723618E+00,-378.744E-03,-177.136E-03,-586.684E-03
+1.720030E+00,-14.648241E+00,-403.869E-03,-202.261E-03,-260.050E-03
+1.725030E+00,-14.723618E+00,-1.859E-03,+23.869E-03,-536.432E-03
+1.730030E+00,-15.000000E+00,-127.488E-03,-76.633E-03,-461.055E-03
+1.735030E+00,-14.748744E+00,-26.985E-03,+199.749E-03,-209.799E-03
+1.740030E+00,-14.723618E+00,-328.493E-03,-202.261E-03,-184.674E-03
+1.745030E+00,-14.949749E+00,-403.869E-03,-202.261E-03,-184.674E-03
+1.750030E+00,-14.723618E+00,-127.488E-03,+74.121E-03,-184.674E-03
+1.755030E+00,-15.125628E+00,-403.869E-03,-202.261E-03,-209.799E-03
+1.760030E+00,-14.798995E+00,-1.859E-03,-202.261E-03,-184.674E-03
+1.765030E+00,-15.125628E+00,-403.869E-03,-428.392E-03,-586.684E-03
+1.770030E+00,-15.251256E+00,-1.859E-03,-202.261E-03,-461.055E-03
+1.775030E+00,-15.100502E+00,+375.025E-03,-579.146E-03,+167.085E-03
+1.780030E+00,-15.201005E+00,-403.869E-03,-202.261E-03,+66.583E-03
+1.785030E+00,-15.075377E+00,-177.739E-03,+23.869E-03,-184.674E-03
+1.790030E+00,-15.000000E+00,-278.241E-03,-478.643E-03,-586.684E-03
+1.795030E+00,-15.125628E+00,-1.859E-03,+174.623E-03,-209.799E-03
+1.800030E+00,-14.723618E+00,-77.236E-03,+199.749E-03,-109.297E-03
+1.805030E+00,-14.899497E+00,-227.990E-03,-202.261E-03,-586.684E-03
+1.810030E+00,-15.125628E+00,-403.869E-03,+74.121E-03,-461.055E-03
+1.815030E+00,-15.100502E+00,-403.869E-03,-579.146E-03,-561.558E-03
+1.820030E+00,-15.452261E+00,-328.493E-03,-453.518E-03,-511.307E-03
+1.825030E+00,-15.125628E+00,-177.739E-03,-202.261E-03,-410.804E-03
+1.830030E+00,-15.125628E+00,-403.869E-03,-202.261E-03,+91.708E-03
+1.835030E+00,-15.100502E+00,-378.744E-03,+174.623E-03,-536.432E-03
+1.840030E+00,-14.798995E+00,-77.236E-03,-528.895E-03,-260.050E-03
+1.845030E+00,-14.949749E+00,-177.739E-03,-26.382E-03,-360.553E-03
+1.850030E+00,-15.000000E+00,-403.869E-03,-51.508E-03,-184.674E-03
+1.855030E+00,-14.748744E+00,-26.985E-03,-227.387E-03,-561.558E-03
+1.860030E+00,-15.125628E+00,-403.869E-03,+451.005E-03,-837.940E-03
+1.865030E+00,-14.899497E+00,-1.859E-03,-378.141E-03,-410.804E-03
+1.870030E+00,-15.125628E+00,-278.241E-03,-202.261E-03,-310.302E-03
+1.875030E+00,-15.527638E+00,-1.859E-03,-554.020E-03,-209.799E-03
+1.880030E+00,-15.452261E+00,-655.126E-03,-528.895E-03,-511.307E-03
+1.885030E+00,-14.899497E+00,-177.739E-03,+23.869E-03,-360.553E-03
+1.890030E+00,-15.000000E+00,-127.488E-03,-327.890E-03,-461.055E-03
+1.895030E+00,-14.748744E+00,-403.869E-03,+199.749E-03,-586.684E-03
+1.900030E+00,-15.125628E+00,-403.869E-03,-277.638E-03,-511.307E-03
+1.905030E+00,-15.301507E+00,-177.739E-03,-378.141E-03,-184.674E-03
+1.910030E+00,-14.974874E+00,-403.869E-03,+74.121E-03,-461.055E-03
+1.915030E+00,-15.502512E+00,-378.744E-03,-202.261E-03,-561.558E-03
+1.920030E+00,-15.050251E+00,+324.774E-03,-528.895E-03,-260.050E-03
+1.925030E+00,-15.125628E+00,-177.739E-03,-202.261E-03,-410.804E-03
+1.930030E+00,-15.402010E+00,-1.859E-03,-202.261E-03,-310.302E-03
+1.935030E+00,-15.150754E+00,-378.744E-03,+174.623E-03,-209.799E-03
+1.940030E+00,-15.527638E+00,-1.859E-03,-528.895E-03,-511.307E-03
+1.945030E+00,-14.899497E+00,-579.749E-03,-202.261E-03,-360.553E-03
+1.950030E+00,-15.276382E+00,-403.869E-03,-353.015E-03,-461.055E-03
+1.955030E+00,-15.150754E+00,-378.744E-03,-202.261E-03,-209.799E-03
+1.960030E+00,-15.452261E+00,-403.869E-03,-277.638E-03,-586.684E-03
+1.965030E+00,-14.949749E+00,-403.869E-03,-202.261E-03,-184.674E-03
+1.970030E+00,-15.125628E+00,-127.488E-03,-76.633E-03,-310.302E-03
+1.975030E+00,-15.100502E+00,-353.618E-03,-177.136E-03,-586.684E-03
+1.980030E+00,-15.125628E+00,-328.493E-03,-202.261E-03,-184.674E-03
+1.985030E+00,-14.899497E+00,-227.990E-03,+23.869E-03,-410.804E-03
+1.990030E+00,-15.402010E+00,-127.488E-03,-327.890E-03,-461.055E-03
+1.995030E+00,-14.748744E+00,-1.859E-03,-177.136E-03,-561.558E-03
+2.000030E+00,-15.527638E+00,-328.493E-03,+124.372E-03,-184.674E-03
+2.005030E+00,-14.949749E+00,-177.739E-03,-26.382E-03,-184.674E-03
+2.010030E+00,-15.402010E+00,-127.488E-03,-76.633E-03,-310.302E-03
+2.015030E+00,-15.100502E+00,-378.744E-03,-227.387E-03,-586.684E-03
+2.020030E+00,-15.452261E+00,-77.236E-03,-126.885E-03,-586.684E-03
+2.025030E+00,-15.125628E+00,-403.869E-03,+199.749E-03,-184.674E-03
+2.030030E+00,-15.125628E+00,-1.859E-03,-353.015E-03,-461.055E-03
+2.035030E+00,-15.502512E+00,-26.985E-03,-202.261E-03,-209.799E-03
+2.040030E+00,-15.452261E+00,-328.493E-03,-277.638E-03,-913.317E-03
+2.045030E+00,-15.125628E+00,-227.990E-03,-378.141E-03,-586.684E-03
+2.050030E+00,-15.402010E+00,-1.859E-03,-202.261E-03,-184.674E-03
+2.055030E+00,-14.723618E+00,-353.618E-03,+199.749E-03,-184.674E-03
+2.060030E+00,-15.125628E+00,-328.493E-03,-202.261E-03,-913.317E-03
+2.065030E+00,-14.899497E+00,-1.859E-03,+23.869E-03,-410.804E-03
+2.070030E+00,-15.000000E+00,-278.241E-03,-202.261E-03,-310.302E-03
+2.075030E+00,-15.125628E+00,-1.859E-03,-177.136E-03,-561.558E-03
+2.080030E+00,-15.125628E+00,-1.859E-03,+275.126E-03,-586.684E-03
+2.085030E+00,-15.125628E+00,-177.739E-03,+23.869E-03,-410.804E-03
+2.090030E+00,-15.000000E+00,-1.859E-03,-76.633E-03,-59.045E-03
+2.095030E+00,-15.125628E+00,+349.899E-03,-227.387E-03,-586.684E-03
+2.100030E+00,-15.125628E+00,-77.236E-03,-202.261E-03,-184.674E-03
+2.105030E+00,-15.075377E+00,-227.990E-03,-202.261E-03,+217.336E-03
+2.110030E+00,-15.125628E+00,-278.241E-03,-202.261E-03,+91.708E-03
+2.115030E+00,-15.125628E+00,-378.744E-03,+174.623E-03,-938.442E-03
+2.120030E+00,-15.452261E+00,-403.869E-03,+199.749E-03,-586.684E-03
+2.125030E+00,-15.351759E+00,-177.739E-03,-378.141E-03,-410.804E-03
+2.130030E+00,-15.125628E+00,-278.241E-03,+74.121E-03,-461.055E-03
+2.135030E+00,-15.527638E+00,-52.111E-03,-202.261E-03,-561.558E-03
+2.140030E+00,-14.874372E+00,-1.859E-03,-202.261E-03,-184.674E-03
+2.145030E+00,-15.125628E+00,-227.990E-03,+199.749E-03,-360.553E-03
+2.150030E+00,-15.125628E+00,-127.488E-03,-478.643E-03,-461.055E-03
+2.155030E+00,-15.125628E+00,-353.618E-03,+174.623E-03,-586.684E-03
+2.160030E+00,-15.527638E+00,-403.869E-03,-528.895E-03,-184.674E-03
+2.165030E+00,-15.125628E+00,-1.859E-03,-26.382E-03,-360.553E-03
+2.170030E+00,-15.125628E+00,-127.488E-03,-202.261E-03,-184.674E-03
+2.175030E+00,-15.125628E+00,-403.869E-03,-202.261E-03,-586.684E-03
+2.180030E+00,-15.125628E+00,-403.869E-03,-202.261E-03,-586.684E-03
+2.185030E+00,-15.301507E+00,-1.859E-03,-202.261E-03,-586.684E-03
+2.190030E+00,-15.251256E+00,-1.859E-03,+74.121E-03,-461.055E-03
+2.195030E+00,-15.125628E+00,-403.869E-03,-177.136E-03,-209.799E-03
+2.200030E+00,-15.125628E+00,-77.236E-03,-202.261E-03,-8.794E-03
+2.205030E+00,-14.899497E+00,-353.618E-03,-428.392E-03,-586.684E-03
+2.210030E+00,-14.849246E+00,-278.241E-03,-76.633E-03,-310.302E-03
+2.215030E+00,-14.773869E+00,-378.744E-03,-202.261E-03,+167.085E-03
+2.220030E+00,-15.050251E+00,-77.236E-03,-202.261E-03,-662.061E-03
+2.225030E+00,-15.125628E+00,-227.990E-03,-202.261E-03,-586.684E-03
+2.230030E+00,-14.849246E+00,-127.488E-03,-327.890E-03,-184.674E-03
+2.235030E+00,-15.502512E+00,-403.869E-03,+199.749E-03,-586.684E-03
+2.240030E+00,-15.125628E+00,-403.869E-03,-930.905E-03,-184.674E-03
+2.245030E+00,-14.949749E+00,-227.990E-03,-26.382E-03,-461.055E-03
+2.250030E+00,-14.723618E+00,-127.488E-03,+74.121E-03,-461.055E-03
+2.255030E+00,-14.773869E+00,-1.859E-03,+174.623E-03,-561.558E-03
+2.260030E+00,-15.125628E+00,-328.493E-03,-202.261E-03,-260.050E-03
+2.265030E+00,-14.723618E+00,-1.859E-03,-202.261E-03,-184.674E-03
+2.270030E+00,-15.527638E+00,+148.894E-03,-327.890E-03,-586.684E-03
+2.275030E+00,-14.773869E+00,-353.618E-03,-227.387E-03,-561.558E-03
+2.280030E+00,-15.527638E+00,-1.859E-03,-126.885E-03,-511.307E-03
+2.285030E+00,-15.075377E+00,-1.859E-03,-428.392E-03,-184.674E-03
+2.290030E+00,-15.251256E+00,+123.769E-03,+199.749E-03,-335.427E-03
+2.295030E+00,-14.748744E+00,-1.859E-03,+199.749E-03,-938.442E-03
+2.300030E+00,-14.874372E+00,-77.236E-03,-353.015E-03,-586.684E-03
+2.305030E+00,-15.125628E+00,-454.121E-03,-428.392E-03,-410.804E-03
+2.310030E+00,-15.125628E+00,-1.859E-03,-202.261E-03,-310.302E-03
+2.315030E+00,-15.125628E+00,-378.744E-03,-202.261E-03,-184.674E-03
+2.320030E+00,-15.125628E+00,-1.859E-03,-126.885E-03,-184.674E-03
+2.325030E+00,-14.723618E+00,+174.020E-03,-202.261E-03,-360.553E-03
+2.330030E+00,-15.125628E+00,-1.859E-03,-202.261E-03,-586.684E-03
+2.335030E+00,-15.125628E+00,-378.744E-03,-202.261E-03,-184.674E-03
+2.340030E+00,-15.125628E+00,-403.869E-03,-202.261E-03,-511.307E-03
+2.345030E+00,-15.125628E+00,-177.739E-03,-202.261E-03,-586.684E-03
+2.350030E+00,-15.000000E+00,-278.241E-03,+74.121E-03,-435.930E-03
+2.355030E+00,-15.125628E+00,-1.859E-03,-554.020E-03,-209.799E-03
+2.360030E+00,-15.125628E+00,+249.397E-03,-202.261E-03,-586.684E-03
+2.365030E+00,-14.899497E+00,-177.739E-03,-202.261E-03,-410.804E-03
+2.370030E+00,-15.125628E+00,-278.241E-03,-755.025E-03,-461.055E-03
+2.375030E+00,-15.125628E+00,-378.744E-03,-227.387E-03,-586.684E-03
+2.380030E+00,-15.125628E+00,-77.236E-03,-453.518E-03,-586.684E-03
+2.385030E+00,-15.125628E+00,-227.990E-03,-202.261E-03,-360.553E-03
+2.390030E+00,-15.125628E+00,-278.241E-03,+74.121E-03,-737.437E-03
+2.395030E+00,-15.502512E+00,-1.859E-03,-202.261E-03,-586.684E-03
+2.400030E+00,-15.125628E+00,-77.236E-03,-202.261E-03,-260.050E-03
+2.405030E+00,-14.899497E+00,-177.739E-03,-202.261E-03,-360.553E-03
+2.410030E+00,-15.000000E+00,-1.859E-03,-327.890E-03,-59.045E-03
+2.415030E+00,-15.125628E+00,-378.744E-03,-202.261E-03,-209.799E-03
+2.420030E+00,-15.125628E+00,-1.859E-03,-528.895E-03,-586.684E-03
+2.425030E+00,-14.723618E+00,-177.739E-03,-26.382E-03,-586.684E-03
+2.430030E+00,-15.000000E+00,+123.769E-03,-327.890E-03,-461.055E-03
+2.435030E+00,-15.502512E+00,-378.744E-03,-202.261E-03,-184.674E-03
+2.440030E+00,-15.050251E+00,-1.859E-03,-202.261E-03,-184.674E-03
+2.445030E+00,-15.125628E+00,-1.859E-03,+199.749E-03,-184.674E-03
+2.450030E+00,-15.125628E+00,-403.869E-03,+48.995E-03,-461.055E-03
+2.455030E+00,-15.150754E+00,-378.744E-03,-202.261E-03,-561.558E-03
+2.460030E+00,-15.125628E+00,-328.493E-03,+124.372E-03,-184.674E-03
+2.465030E+00,-14.723618E+00,-227.990E-03,-428.392E-03,-636.935E-03
+2.470030E+00,-15.276382E+00,-403.869E-03,-76.633E-03,-461.055E-03
+2.475030E+00,-15.150754E+00,-378.744E-03,-579.146E-03,-586.684E-03
+2.480030E+00,-15.050251E+00,-1.859E-03,-126.885E-03,-586.684E-03
+2.485030E+00,-14.899497E+00,+224.271E-03,-202.261E-03,-184.674E-03
+2.490030E+00,-15.000000E+00,-680.251E-03,-629.397E-03,-461.055E-03
+2.495030E+00,-14.748744E+00,-378.744E-03,+174.623E-03,-561.558E-03
+2.500030E+00,-15.201005E+00,-328.493E-03,-202.261E-03,-260.050E-03
+2.505030E+00,-14.899497E+00,-52.111E-03,+149.497E-03,-360.553E-03
+2.510030E+00,-15.125628E+00,-278.241E-03,-202.261E-03,-586.684E-03
+2.515030E+00,-15.100502E+00,+375.025E-03,-227.387E-03,-561.558E-03
+2.520030E+00,-15.125628E+00,-479.246E-03,-202.261E-03,-913.317E-03
+2.525030E+00,-15.125628E+00,-1.859E-03,-202.261E-03,-586.684E-03
+2.530030E+00,-15.125628E+00,-127.488E-03,-76.633E-03,-435.930E-03
+2.535030E+00,-15.477387E+00,-26.985E-03,+174.623E-03,-561.558E-03
+2.540030E+00,-14.723618E+00,+249.397E-03,-51.508E-03,-511.307E-03
+2.545030E+00,-15.351759E+00,-403.869E-03,-378.141E-03,+41.457E-03
+2.550030E+00,-15.125628E+00,-127.488E-03,-202.261E-03,-461.055E-03
+2.555030E+00,-15.100502E+00,-26.985E-03,-202.261E-03,-184.674E-03
+2.560030E+00,-15.201005E+00,-328.493E-03,-202.261E-03,-586.684E-03
+2.565030E+00,-14.899497E+00,-227.990E-03,+23.869E-03,-8.794E-03
+2.570030E+00,-15.000000E+00,-127.488E-03,-76.633E-03,-586.684E-03
+2.575030E+00,-14.748744E+00,-26.985E-03,-202.261E-03,-209.799E-03
+2.580030E+00,-15.125628E+00,-403.869E-03,-277.638E-03,-511.307E-03
+2.585030E+00,-15.125628E+00,-227.990E-03,-202.261E-03,-184.674E-03
+2.590030E+00,-14.849246E+00,-1.859E-03,-327.890E-03,-184.674E-03
+2.595030E+00,-15.100502E+00,-378.744E-03,+174.623E-03,-234.925E-03
+2.600030E+00,-15.201005E+00,-77.236E-03,-277.638E-03,-184.674E-03
+2.605030E+00,-15.351759E+00,-403.869E-03,-428.392E-03,-184.674E-03
+2.610030E+00,-15.125628E+00,-403.869E-03,-202.261E-03,-310.302E-03
+2.615030E+00,-15.477387E+00,-1.859E-03,+174.623E-03,-209.799E-03
+2.620030E+00,-15.125628E+00,-730.503E-03,-528.895E-03,-260.050E-03
+2.625030E+00,-15.251256E+00,-1.859E-03,-378.141E-03,-360.553E-03
+2.630030E+00,-15.125628E+00,-127.488E-03,-76.633E-03,-310.302E-03
+2.635030E+00,-15.502512E+00,+400.151E-03,-202.261E-03,-184.674E-03
+2.640030E+00,-15.125628E+00,-77.236E-03,-126.885E-03,-184.674E-03
+2.645030E+00,-14.723618E+00,-177.739E-03,-202.261E-03,-410.804E-03
+2.650030E+00,-15.125628E+00,-1.859E-03,-76.633E-03,-310.302E-03
+2.655030E+00,-15.100502E+00,-378.744E-03,-202.261E-03,-234.925E-03
+2.660030E+00,-14.874372E+00,-1.859E-03,-202.261E-03,-335.427E-03
+2.665030E+00,-15.527638E+00,-403.869E-03,-428.392E-03,-184.674E-03
+2.670030E+00,-15.402010E+00,-403.869E-03,-478.643E-03,-461.055E-03
+2.675030E+00,-15.125628E+00,-1.859E-03,+174.623E-03,-184.674E-03
+2.680030E+00,-15.050251E+00,-1.859E-03,-202.261E-03,-184.674E-03
+2.685030E+00,-15.125628E+00,-579.749E-03,-378.141E-03,-184.674E-03
+2.690030E+00,-15.251256E+00,-403.869E-03,-202.261E-03,-33.920E-03
+2.695030E+00,-15.477387E+00,-26.985E-03,+174.623E-03,-209.799E-03
+2.700030E+00,-14.798995E+00,-1.859E-03,-202.261E-03,-837.940E-03
+2.705030E+00,-15.125628E+00,-1.859E-03,-202.261E-03,-360.553E-03
+2.710030E+00,-15.251256E+00,-403.869E-03,+74.121E-03,-310.302E-03
+2.715030E+00,-15.527638E+00,-780.754E-03,-202.261E-03,-184.674E-03
+2.720030E+00,-15.125628E+00,-77.236E-03,-202.261E-03,-260.050E-03
+2.725030E+00,-14.899497E+00,-1.859E-03,-26.382E-03,-184.674E-03
+2.730030E+00,-15.251256E+00,-403.869E-03,+74.121E-03,-461.055E-03
+2.735030E+00,-15.125628E+00,-403.869E-03,-202.261E-03,-561.558E-03
+2.740030E+00,-15.050251E+00,-328.493E-03,-202.261E-03,-586.684E-03
+2.745030E+00,-15.301507E+00,-177.739E-03,-378.141E-03,-360.553E-03
+2.750030E+00,-15.125628E+00,-403.869E-03,-202.261E-03,-586.684E-03
+2.755030E+00,-15.125628E+00,-1.859E-03,-202.261E-03,-586.684E-03
+2.760030E+00,-15.125628E+00,-77.236E-03,+124.372E-03,-184.674E-03
+2.765030E+00,-15.125628E+00,-630.000E-03,-378.141E-03,-586.684E-03
+2.770030E+00,-15.125628E+00,-127.488E-03,-51.508E-03,-184.674E-03
+2.775030E+00,-15.100502E+00,-1.859E-03,-227.387E-03,-209.799E-03
+2.780030E+00,-15.376884E+00,-328.493E-03,-528.895E-03,-837.940E-03
+2.785030E+00,-15.125628E+00,-1.859E-03,-202.261E-03,-360.553E-03
+2.790030E+00,-15.276382E+00,-1.859E-03,-202.261E-03,-310.302E-03
+2.795030E+00,-15.527638E+00,-403.869E-03,-152.010E-03,-586.684E-03
+2.800030E+00,-15.201005E+00,-77.236E-03,-126.885E-03,-988.694E-03
+2.805030E+00,-15.125628E+00,-403.869E-03,-378.141E-03,-184.674E-03
+2.810030E+00,-15.402010E+00,+148.894E-03,-202.261E-03,-184.674E-03
+2.815030E+00,-14.748744E+00,-26.985E-03,-202.261E-03,-586.684E-03
+2.820030E+00,-15.452261E+00,-328.493E-03,-126.885E-03,-184.674E-03
+2.825030E+00,-15.703517E+00,-403.869E-03,-378.141E-03,-360.553E-03
+2.830030E+00,-14.849246E+00,-1.859E-03,-76.633E-03,+91.708E-03
+2.835030E+00,-14.748744E+00,-26.985E-03,+174.623E-03,-184.674E-03
+2.840030E+00,-15.125628E+00,-1.859E-03,+48.995E-03,-511.307E-03
+2.845030E+00,-15.301507E+00,-353.618E-03,-202.261E-03,-586.684E-03
+2.850030E+00,-15.125628E+00,-403.869E-03,-202.261E-03,-461.055E-03
+2.855030E+00,-15.125628E+00,-403.869E-03,-177.136E-03,-586.684E-03
+2.860030E+00,-15.452261E+00,-403.869E-03,-528.895E-03,-260.050E-03
+2.865030E+00,-14.949749E+00,-1.859E-03,+23.869E-03,-812.814E-03
+2.870030E+00,-15.125628E+00,-127.488E-03,-51.508E-03,-310.302E-03
+2.875030E+00,-15.125628E+00,+23.266E-03,-202.261E-03,-611.809E-03
+2.880030E+00,-15.125628E+00,-403.869E-03,-126.885E-03,-511.307E-03
+2.885030E+00,-15.301507E+00,-227.990E-03,-202.261E-03,-410.804E-03
+2.890030E+00,-15.000000E+00,-127.488E-03,+199.749E-03,-184.674E-03
+2.895030E+00,-14.748744E+00,-353.618E-03,-177.136E-03,-209.799E-03
+2.900030E+00,-15.125628E+00,-1.859E-03,-126.885E-03,-662.061E-03
+2.905030E+00,-15.125628E+00,-1.859E-03,-202.261E-03,-360.553E-03
+2.910030E+00,-15.000000E+00,-403.869E-03,-202.261E-03,-184.674E-03
+2.915030E+00,-15.125628E+00,-26.985E-03,-177.136E-03,-184.674E-03
+2.920030E+00,-14.798995E+00,-1.859E-03,-126.885E-03,-837.940E-03
+2.925030E+00,-15.301507E+00,-177.739E-03,-428.392E-03,-134.422E-03
+2.930030E+00,-15.402010E+00,-1.859E-03,-202.261E-03,+91.708E-03
+2.935030E+00,-15.125628E+00,-1.859E-03,-554.020E-03,-586.684E-03
+2.940030E+00,-14.798995E+00,+73.518E-03,-453.518E-03,-586.684E-03
+2.945030E+00,-15.301507E+00,-1.859E-03,-378.141E-03,-410.804E-03
+2.950030E+00,-15.402010E+00,-403.869E-03,-202.261E-03,-461.055E-03
+2.955030E+00,-15.100502E+00,-1.859E-03,-202.261E-03,-209.799E-03
+2.960030E+00,-15.050251E+00,-403.869E-03,-202.261E-03,-260.050E-03
+2.965030E+00,-14.723618E+00,-403.869E-03,+23.869E-03,-360.553E-03
+2.970030E+00,-15.000000E+00,-1.859E-03,-478.643E-03,-461.055E-03
+2.975030E+00,-15.125628E+00,-26.985E-03,+174.623E-03,-586.684E-03
+2.980030E+00,-15.125628E+00,-1.859E-03,-202.261E-03,-184.674E-03
+2.985030E+00,-14.899497E+00,-227.990E-03,-202.261E-03,-8.794E-03
+2.990030E+00,-14.849246E+00,-403.869E-03,-202.261E-03,-184.674E-03
+2.995030E+00,-15.125628E+00,-403.869E-03,-202.261E-03,-586.684E-03
+3.000030E+00,-14.723618E+00,-328.493E-03,-202.261E-03,-586.684E-03
+3.005030E+00,-15.301507E+00,-403.869E-03,-26.382E-03,-762.563E-03
+3.010030E+00,-14.849246E+00,-127.488E-03,-478.643E-03,-586.684E-03
+3.015030E+00,-14.748744E+00,-26.985E-03,-202.261E-03,-184.674E-03
+3.020030E+00,-15.050251E+00,-77.236E-03,-126.885E-03,-435.930E-03
+3.025030E+00,-14.899497E+00,-177.739E-03,-202.261E-03,-410.804E-03
+3.030030E+00,-14.849246E+00,-127.488E-03,+74.121E-03,-310.302E-03
+3.035030E+00,-15.125628E+00,-403.869E-03,-202.261E-03,-586.684E-03
+3.040030E+00,-14.723618E+00,-1.859E-03,-202.261E-03,-586.684E-03
+3.045030E+00,-14.899497E+00,-403.869E-03,-26.382E-03,-410.804E-03
+3.050030E+00,-15.125628E+00,-403.869E-03,+74.121E-03,-461.055E-03
+3.055030E+00,-15.879397E+00,-378.744E-03,-579.146E-03,-561.558E-03
+3.060030E+00,-15.125628E+00,-328.493E-03,+124.372E-03,-260.050E-03
+3.065030E+00,-15.301507E+00,-403.869E-03,-202.261E-03,-410.804E-03
+3.070030E+00,-15.527638E+00,-127.488E-03,-202.261E-03,-335.427E-03
+3.075030E+00,-14.748744E+00,-1.859E-03,-579.146E-03,-586.684E-03
+3.080030E+00,-15.050251E+00,-1.859E-03,-528.895E-03,-184.674E-03
+3.085030E+00,-15.175879E+00,-1.859E-03,-202.261E-03,-360.553E-03
+3.090030E+00,-14.723618E+00,-127.488E-03,-202.261E-03,-184.674E-03
+3.095030E+00,-15.502512E+00,-1.859E-03,-227.387E-03,-938.442E-03
+3.100030E+00,-15.050251E+00,-328.493E-03,-277.638E-03,-662.061E-03
+3.105030E+00,-14.949749E+00,-177.739E-03,-202.261E-03,-762.563E-03
+3.110030E+00,-15.125628E+00,-403.869E-03,-202.261E-03,-184.674E-03
+3.115030E+00,-14.748744E+00,-403.869E-03,-177.136E-03,-209.799E-03
+3.120030E+00,-15.050251E+00,-328.493E-03,-126.885E-03,-586.684E-03
+3.125030E+00,-14.949749E+00,-403.869E-03,-26.382E-03,-410.804E-03
+3.130030E+00,-15.125628E+00,-127.488E-03,-76.633E-03,-461.055E-03
+3.135030E+00,-15.502512E+00,-403.869E-03,-202.261E-03,-209.799E-03
+3.140030E+00,-15.452261E+00,-328.493E-03,-202.261E-03,-260.050E-03
+3.145030E+00,-15.125628E+00,-177.739E-03,-428.392E-03,-988.694E-03
+3.150030E+00,-15.125628E+00,-403.869E-03,+74.121E-03,-461.055E-03
+3.155030E+00,-15.125628E+00,-378.744E-03,-202.261E-03,-184.674E-03
+3.160030E+00,-15.125628E+00,-1.859E-03,-202.261E-03,+66.583E-03
+3.165030E+00,-14.949749E+00,-177.739E-03,-428.392E-03,-8.794E-03
+3.170030E+00,-15.125628E+00,+123.769E-03,-76.633E-03,-310.302E-03
+3.175030E+00,-15.125628E+00,-1.859E-03,-202.261E-03,-586.684E-03
+3.180030E+00,-15.376884E+00,-77.236E-03,+48.995E-03,-184.674E-03
+3.185030E+00,-15.075377E+00,-177.739E-03,+74.121E-03,-410.804E-03
+3.190030E+00,-14.974874E+00,-403.869E-03,-76.633E-03,-586.684E-03
+3.195030E+00,-15.125628E+00,-26.985E-03,-579.146E-03,-561.558E-03
+3.200030E+00,-15.125628E+00,-77.236E-03,+124.372E-03,-260.050E-03
+3.205030E+00,-15.075377E+00,-1.859E-03,-202.261E-03,-184.674E-03
+3.210030E+00,-15.402010E+00,-278.241E-03,-177.136E-03,-310.302E-03
+3.215030E+00,-15.125628E+00,-52.111E-03,+149.497E-03,-561.558E-03
+3.220030E+00,-15.125628E+00,-1.859E-03,-202.261E-03,-260.050E-03
+3.225030E+00,-14.899497E+00,-1.859E-03,-202.261E-03,-410.804E-03
+3.230030E+00,-15.402010E+00,-127.488E-03,-478.643E-03,-461.055E-03
+3.235030E+00,-15.502512E+00,-1.859E-03,+149.497E-03,-184.674E-03
+3.240030E+00,-15.452261E+00,-77.236E-03,-126.885E-03,-586.684E-03
+3.245030E+00,-15.125628E+00,-227.990E-03,-202.261E-03,-184.674E-03
+3.250030E+00,-14.723618E+00,-403.869E-03,+199.749E-03,+91.708E-03
+3.255030E+00,-14.723618E+00,-403.869E-03,+174.623E-03,-159.548E-03
+3.260030E+00,-15.050251E+00,-1.859E-03,+124.372E-03,+217.336E-03
+3.265030E+00,-15.125628E+00,-1.859E-03,-428.392E-03,-586.684E-03
+3.270030E+00,-14.849246E+00,-403.869E-03,-202.261E-03,-310.302E-03
+3.275030E+00,-15.502512E+00,-378.744E-03,-202.261E-03,-184.674E-03
+3.280030E+00,-15.376884E+00,-403.869E-03,-202.261E-03,-511.307E-03
+3.285030E+00,-14.899497E+00,-630.000E-03,+23.869E-03,-586.684E-03
+3.290030E+00,-14.849246E+00,+123.769E-03,-202.261E-03,-586.684E-03
+3.295030E+00,-15.150754E+00,-403.869E-03,-177.136E-03,-209.799E-03
+3.300030E+00,-15.527638E+00,-1.859E-03,-277.638E-03,-184.674E-03
+3.305030E+00,-14.723618E+00,-454.121E-03,+199.749E-03,+41.457E-03
+3.310030E+00,-15.125628E+00,-1.859E-03,-202.261E-03,-335.427E-03
+3.315030E+00,-15.150754E+00,-1.859E-03,-579.146E-03,-209.799E-03
+3.320030E+00,-15.125628E+00,-403.869E-03,+199.749E-03,+66.583E-03
+3.325030E+00,-14.723618E+00,-403.869E-03,-428.392E-03,-762.563E-03
+3.330030E+00,-15.402010E+00,-403.869E-03,+199.749E-03,-310.302E-03
+3.335030E+00,-15.502512E+00,-1.859E-03,-177.136E-03,-209.799E-03
+3.340030E+00,-14.798995E+00,+73.518E-03,-126.885E-03,-586.684E-03
+3.345030E+00,-15.351759E+00,-177.739E-03,-202.261E-03,-184.674E-03
+3.350030E+00,-14.723618E+00,+123.769E-03,-202.261E-03,-310.302E-03
+3.355030E+00,-14.748744E+00,-26.985E-03,-202.261E-03,-184.674E-03
+3.360030E+00,-15.125628E+00,-403.869E-03,+124.372E-03,-837.940E-03
+3.365030E+00,-15.351759E+00,-1.859E-03,-26.382E-03,-360.553E-03
+3.370030E+00,-15.125628E+00,-278.241E-03,-478.643E-03,-310.302E-03
+3.375030E+00,-15.150754E+00,-1.859E-03,+124.372E-03,-586.684E-03
+3.380030E+00,-14.723618E+00,-77.236E-03,-202.261E-03,-511.307E-03
+3.385030E+00,-15.351759E+00,-403.869E-03,-428.392E-03,-8.794E-03
+3.390030E+00,-15.000000E+00,-1.859E-03,-478.643E-03,-184.674E-03
+3.395030E+00,-14.798995E+00,-1.859E-03,+174.623E-03,-963.568E-03
+3.400030E+00,-15.125628E+00,-403.869E-03,-453.518E-03,-184.674E-03
+3.405030E+00,-15.125628E+00,-227.990E-03,-26.382E-03,-410.804E-03
+3.410030E+00,-15.000000E+00,-127.488E-03,-76.633E-03,-310.302E-03
+3.415030E+00,-15.125628E+00,-26.985E-03,+576.633E-03,-586.684E-03
+3.420030E+00,-15.201005E+00,-253.116E-03,-277.638E-03,-586.684E-03
+3.425030E+00,-14.949749E+00,-177.739E-03,+23.869E-03,-234.925E-03
+3.430030E+00,-15.000000E+00,-403.869E-03,-202.261E-03,-461.055E-03
+3.435030E+00,-14.773869E+00,-353.618E-03,+149.497E-03,-561.558E-03
+3.440030E+00,-14.874372E+00,-1.859E-03,+124.372E-03,-586.684E-03
+3.445030E+00,-14.899497E+00,-227.990E-03,-378.141E-03,-360.553E-03
+3.450030E+00,-14.849246E+00,-127.488E-03,-76.633E-03,-310.302E-03
+3.455030E+00,-14.798995E+00,-378.744E-03,-202.261E-03,-586.684E-03
+3.460030E+00,-15.125628E+00,-1.859E-03,-202.261E-03,-260.050E-03
+3.465030E+00,-15.125628E+00,-177.739E-03,-202.261E-03,-586.684E-03
+3.470030E+00,-15.125628E+00,-1.859E-03,-478.643E-03,-586.684E-03
+3.475030E+00,-15.150754E+00,-403.869E-03,-227.387E-03,-184.674E-03
+3.480030E+00,-14.723618E+00,+324.774E-03,-126.885E-03,-511.307E-03
+3.485030E+00,-15.125628E+00,-227.990E-03,+23.869E-03,-410.804E-03
+3.490030E+00,-15.125628E+00,-403.869E-03,-478.643E-03,-737.437E-03
+3.495030E+00,-15.527638E+00,-26.985E-03,-202.261E-03,-586.684E-03
+3.500030E+00,-15.201005E+00,-77.236E-03,+124.372E-03,-109.297E-03
+3.505030E+00,-14.899497E+00,-177.739E-03,-26.382E-03,-360.553E-03
+3.510030E+00,-15.402010E+00,-278.241E-03,+74.121E-03,-586.684E-03
+3.515030E+00,-14.723618E+00,-26.985E-03,-202.261E-03,-561.558E-03
+3.520030E+00,-14.723618E+00,-77.236E-03,-126.885E-03,-511.307E-03
+3.525030E+00,-15.301507E+00,-403.869E-03,-26.382E-03,-360.553E-03
+3.530030E+00,-15.251256E+00,-127.488E-03,-202.261E-03,-184.674E-03
+3.535030E+00,-15.100502E+00,-403.869E-03,-202.261E-03,-561.558E-03
+3.540030E+00,-15.201005E+00,-77.236E-03,-277.638E-03,-586.684E-03
+3.545030E+00,-14.949749E+00,-1.859E-03,-202.261E-03,-360.553E-03
+3.550030E+00,-15.000000E+00,+274.523E-03,-202.261E-03,-310.302E-03
+3.555030E+00,-15.125628E+00,-403.869E-03,-202.261E-03,-184.674E-03
+3.560030E+00,-15.452261E+00,-1.859E-03,-202.261E-03,-586.684E-03
+3.565030E+00,-15.175879E+00,-1.859E-03,-428.392E-03,-586.684E-03
+3.570030E+00,-14.974874E+00,-680.251E-03,-202.261E-03,-184.674E-03
+3.575030E+00,-15.125628E+00,-26.985E-03,-202.261E-03,-586.684E-03
+3.580030E+00,-15.125628E+00,-77.236E-03,+48.995E-03,-511.307E-03
+3.585030E+00,-15.301507E+00,-403.869E-03,-26.382E-03,-410.804E-03
+3.590030E+00,-15.000000E+00,-278.241E-03,-202.261E-03,-59.045E-03
+3.595030E+00,-14.723618E+00,-403.869E-03,-227.387E-03,-586.684E-03
+3.600030E+00,-15.452261E+00,-1.859E-03,+48.995E-03,-837.940E-03
+3.605030E+00,-15.125628E+00,+174.020E-03,-202.261E-03,-586.684E-03
+3.610030E+00,-15.276382E+00,-1.859E-03,+199.749E-03,-586.684E-03
+3.615030E+00,-15.150754E+00,-403.869E-03,-202.261E-03,-234.925E-03
+3.620030E+00,-15.452261E+00,-328.493E-03,-126.885E-03,-260.050E-03
+3.625030E+00,-15.527638E+00,-177.739E-03,-428.392E-03,-360.553E-03
+3.630030E+00,-15.125628E+00,-403.869E-03,-327.890E-03,-461.055E-03
+3.635030E+00,-15.502512E+00,-1.859E-03,-202.261E-03,-561.558E-03
+3.640030E+00,-15.201005E+00,+324.774E-03,-202.261E-03,-586.684E-03
+3.645030E+00,-15.527638E+00,-227.990E-03,-26.382E-03,-762.563E-03
+3.650030E+00,-15.125628E+00,-403.869E-03,-755.025E-03,-310.302E-03
+3.655030E+00,-15.502512E+00,-378.744E-03,-227.387E-03,-561.558E-03
+3.660030E+00,-14.723618E+00,-328.493E-03,-202.261E-03,-335.427E-03
+3.665030E+00,-15.351759E+00,-227.990E-03,-26.382E-03,-234.925E-03
+3.670030E+00,-14.849246E+00,-278.241E-03,-76.633E-03,-310.302E-03
+3.675030E+00,-15.527638E+00,-403.869E-03,-202.261E-03,-209.799E-03
+3.680030E+00,-15.125628E+00,-1.859E-03,+48.995E-03,-435.930E-03
+3.685030E+00,-15.301507E+00,-227.990E-03,-428.392E-03,-360.553E-03
+3.690030E+00,-15.251256E+00,-278.241E-03,-453.518E-03,-310.302E-03
+3.695030E+00,-15.502512E+00,-26.985E-03,-202.261E-03,-561.558E-03
+3.700030E+00,-15.125628E+00,-328.493E-03,-202.261E-03,-586.684E-03
+3.705030E+00,-15.125628E+00,-227.990E-03,-202.261E-03,-360.553E-03
+3.710030E+00,-15.251256E+00,-403.869E-03,-327.890E-03,-586.684E-03
+3.715030E+00,-14.773869E+00,-353.618E-03,+199.749E-03,-209.799E-03
+3.720030E+00,-15.125628E+00,-403.869E-03,-202.261E-03,-511.307E-03
+3.725030E+00,-15.351759E+00,+224.271E-03,+23.869E-03,-184.674E-03
+3.730030E+00,-15.125628E+00,-127.488E-03,+74.121E-03,-310.302E-03
+3.735030E+00,-15.125628E+00,-378.744E-03,+199.749E-03,-586.684E-03
+3.740030E+00,-15.376884E+00,-328.493E-03,-528.895E-03,-586.684E-03
+3.745030E+00,-14.949749E+00,-177.739E-03,+199.749E-03,-586.684E-03
+3.750030E+00,-15.276382E+00,-1.859E-03,-478.643E-03,-184.674E-03
+3.755030E+00,-15.150754E+00,-403.869E-03,-227.387E-03,-561.558E-03
+3.760030E+00,-15.125628E+00,-403.869E-03,-780.151E-03,-511.307E-03
+3.765030E+00,-15.125628E+00,-227.990E-03,+23.869E-03,-410.804E-03
+3.770030E+00,-15.251256E+00,-1.859E-03,-202.261E-03,-586.684E-03
+3.775030E+00,-14.748744E+00,-1.859E-03,-579.146E-03,-234.925E-03
+3.780030E+00,-15.376884E+00,-1.859E-03,-202.261E-03,-184.674E-03
+3.785030E+00,-14.899497E+00,-403.869E-03,-554.020E-03,-360.553E-03
+3.790030E+00,-15.125628E+00,-403.869E-03,-353.015E-03,-586.684E-03
+3.795030E+00,-15.125628E+00,-26.985E-03,-202.261E-03,-611.809E-03
+3.800030E+00,-15.125628E+00,-328.493E-03,-126.885E-03,-511.307E-03
+3.805030E+00,-15.301507E+00,-227.990E-03,-202.261E-03,-410.804E-03
+3.810030E+00,-15.000000E+00,-278.241E-03,-478.643E-03,-184.674E-03
+3.815030E+00,-15.477387E+00,-1.859E-03,-579.146E-03,-209.799E-03
+3.820030E+00,-14.798995E+00,-77.236E-03,-126.885E-03,-913.317E-03
+3.825030E+00,-15.301507E+00,+48.392E-03,-378.141E-03,-360.553E-03
+3.830030E+00,-14.849246E+00,+274.523E-03,-478.643E-03,-310.302E-03
+3.835030E+00,-15.100502E+00,-26.985E-03,-202.261E-03,-184.674E-03
+3.840030E+00,-15.376884E+00,-328.493E-03,-126.885E-03,-511.307E-03
+3.845030E+00,-14.949749E+00,-227.990E-03,-378.141E-03,-536.432E-03
+3.850030E+00,-15.125628E+00,-278.241E-03,-202.261E-03,-310.302E-03
+3.855030E+00,-15.502512E+00,-378.744E-03,+199.749E-03,-561.558E-03
+3.860030E+00,-14.798995E+00,-77.236E-03,-202.261E-03,-260.050E-03
+3.865030E+00,-15.301507E+00,-227.990E-03,-26.382E-03,-184.674E-03
+3.870030E+00,-15.251256E+00,-1.859E-03,-604.271E-03,-184.674E-03
+3.875030E+00,-15.527638E+00,-378.744E-03,-202.261E-03,-561.558E-03
+3.880030E+00,-15.201005E+00,-403.869E-03,-126.885E-03,-511.307E-03
+3.885030E+00,-15.125628E+00,-227.990E-03,-202.261E-03,-360.553E-03
+3.890030E+00,-15.251256E+00,-278.241E-03,-729.900E-03,-586.684E-03
+3.895030E+00,-15.125628E+00,-1.859E-03,+174.623E-03,-561.558E-03
+3.900030E+00,-15.125628E+00,-403.869E-03,-202.261E-03,-260.050E-03
+3.905030E+00,-15.125628E+00,-177.739E-03,+199.749E-03,-360.553E-03
+3.910030E+00,-15.125628E+00,-1.859E-03,-453.518E-03,-461.055E-03
+3.915030E+00,-14.723618E+00,-1.859E-03,-202.261E-03,-209.799E-03
+3.920030E+00,-15.527638E+00,-403.869E-03,+124.372E-03,-586.684E-03
+3.925030E+00,-15.301507E+00,-227.990E-03,-152.010E-03,-586.684E-03
+3.930030E+00,-15.000000E+00,-403.869E-03,-202.261E-03,-310.302E-03
+3.935030E+00,-15.125628E+00,-403.869E-03,+174.623E-03,-611.809E-03
+3.940030E+00,-15.452261E+00,-328.493E-03,-453.518E-03,-109.297E-03
+3.945030E+00,-14.949749E+00,-177.739E-03,+23.869E-03,-184.674E-03
+3.950030E+00,-15.402010E+00,-127.488E-03,-353.015E-03,-310.302E-03
+3.955030E+00,-15.125628E+00,-26.985E-03,-202.261E-03,-586.684E-03
+3.960030E+00,-14.874372E+00,-328.493E-03,+124.372E-03,-260.050E-03
+3.965030E+00,-15.125628E+00,-403.869E-03,-604.271E-03,-184.674E-03
+3.970030E+00,-15.402010E+00,-403.869E-03,-327.890E-03,-586.684E-03
+3.975030E+00,-14.748744E+00,-26.985E-03,-202.261E-03,-184.674E-03
+3.980030E+00,-15.125628E+00,-1.859E-03,-277.638E-03,-260.050E-03
+3.985030E+00,-15.075377E+00,-227.990E-03,+23.869E-03,-184.674E-03
+3.990030E+00,-15.000000E+00,-127.488E-03,-76.633E-03,-184.674E-03
+3.995030E+00,-15.125628E+00,-1.859E-03,-177.136E-03,-234.925E-03
+4.000030E+00,-15.201005E+00,-328.493E-03,-202.261E-03,-511.307E-03
+4.005030E+00,-15.075377E+00,-177.739E-03,-26.382E-03,-360.553E-03
+4.010030E+00,-14.849246E+00,-403.869E-03,-51.508E-03,-310.302E-03
+4.015030E+00,-15.477387E+00,-780.754E-03,-177.136E-03,-209.799E-03
+4.020030E+00,-15.125628E+00,-1.859E-03,-202.261E-03,-184.674E-03
+4.025030E+00,-15.125628E+00,-1.859E-03,+23.869E-03,-636.935E-03
+4.030030E+00,-15.276382E+00,-1.859E-03,-478.643E-03,-461.055E-03
+4.035030E+00,-15.125628E+00,-378.744E-03,+199.749E-03,-561.558E-03
+4.040030E+00,-15.050251E+00,-403.869E-03,-780.151E-03,-586.684E-03
+4.045030E+00,-14.949749E+00,-227.990E-03,-26.382E-03,-586.684E-03
+4.050030E+00,-15.125628E+00,-1.859E-03,-327.890E-03,-586.684E-03
+4.055030E+00,-15.150754E+00,-1.859E-03,-152.010E-03,-209.799E-03
+4.060030E+00,-15.125628E+00,-328.493E-03,-202.261E-03,-586.684E-03
+4.065030E+00,-14.949749E+00,-403.869E-03,-26.382E-03,-360.553E-03
+4.070030E+00,-14.849246E+00,-127.488E-03,-202.261E-03,-59.045E-03
+4.075030E+00,-15.100502E+00,-755.628E-03,-202.261E-03,-561.558E-03
+4.080030E+00,-15.452261E+00,-1.859E-03,-528.895E-03,-586.684E-03
+4.085030E+00,-15.351759E+00,-403.869E-03,-202.261E-03,-410.804E-03
+4.090030E+00,-15.125628E+00,-127.488E-03,-478.643E-03,-586.684E-03
+4.095030E+00,-15.502512E+00,-403.869E-03,-177.136E-03,-561.558E-03
+4.100030E+00,-14.723618E+00,-328.493E-03,-202.261E-03,+141.960E-03
+4.105030E+00,-15.351759E+00,+174.020E-03,+23.869E-03,-762.563E-03
+4.110030E+00,-15.125628E+00,-403.869E-03,-327.890E-03,-586.684E-03
+4.115030E+00,-14.773869E+00,-1.859E-03,-227.387E-03,-209.799E-03
+4.120030E+00,-15.125628E+00,-77.236E-03,+124.372E-03,-586.684E-03
+4.125030E+00,-15.125628E+00,-1.859E-03,-26.382E-03,-586.684E-03
+4.130030E+00,-15.402010E+00,-1.859E-03,-202.261E-03,-737.437E-03
+4.135030E+00,-14.723618E+00,-403.869E-03,+199.749E-03,-963.568E-03
+4.140030E+00,-15.527638E+00,-328.493E-03,-277.638E-03,-586.684E-03
+4.145030E+00,-15.125628E+00,-177.739E-03,-428.392E-03,-410.804E-03
+4.150030E+00,-14.974874E+00,+274.523E-03,-453.518E-03,-310.302E-03
+4.155030E+00,-15.150754E+00,-378.744E-03,-177.136E-03,-209.799E-03
+4.160030E+00,-15.201005E+00,-328.493E-03,-453.518E-03,+66.583E-03
+4.165030E+00,-15.301507E+00,-403.869E-03,-202.261E-03,-360.553E-03
+4.170030E+00,-15.125628E+00,+148.894E-03,-327.890E-03,-586.684E-03
+4.175030E+00,-15.125628E+00,-378.744E-03,-177.136E-03,-184.674E-03
+4.180030E+00,-15.050251E+00,-77.236E-03,-126.885E-03,-260.050E-03
+4.185030E+00,-15.175879E+00,-1.859E-03,-202.261E-03,-410.804E-03
+4.190030E+00,-15.276382E+00,-1.859E-03,+199.749E-03,-461.055E-03
+4.195030E+00,-15.125628E+00,-378.744E-03,-152.010E-03,-234.925E-03
+4.200030E+00,-14.798995E+00,-403.869E-03,-277.638E-03,-511.307E-03
+4.205030E+00,-15.125628E+00,-1.859E-03,+23.869E-03,-184.674E-03
+4.210030E+00,-15.251256E+00,+274.523E-03,-202.261E-03,-310.302E-03
+4.215030E+00,-14.748744E+00,+349.899E-03,-177.136E-03,-209.799E-03
+4.220030E+00,-15.527638E+00,+73.518E-03,-277.638E-03,-260.050E-03
+4.225030E+00,-14.723618E+00,-177.739E-03,+23.869E-03,-360.553E-03
+4.230030E+00,-15.125628E+00,-1.859E-03,-202.261E-03,-310.302E-03
+4.235030E+00,-15.100502E+00,-26.985E-03,-604.271E-03,-209.799E-03
+4.240030E+00,-14.798995E+00,-403.869E-03,-202.261E-03,-260.050E-03
+4.245030E+00,-15.351759E+00,-1.859E-03,-202.261E-03,-360.553E-03
+4.250030E+00,-15.125628E+00,-554.623E-03,-478.643E-03,-184.674E-03
+4.255030E+00,-15.150754E+00,-403.869E-03,-604.271E-03,-586.684E-03
+4.260030E+00,-15.125628E+00,-403.869E-03,+451.005E-03,-511.307E-03
+4.265030E+00,-15.125628E+00,-177.739E-03,-26.382E-03,-360.553E-03
+4.270030E+00,-14.849246E+00,-127.488E-03,+74.121E-03,-184.674E-03
+4.275030E+00,-14.723618E+00,-403.869E-03,-227.387E-03,-209.799E-03
+4.280030E+00,-15.125628E+00,-1.859E-03,-126.885E-03,-511.307E-03
+4.285030E+00,-14.899497E+00,-177.739E-03,-202.261E-03,-410.804E-03
+4.290030E+00,-14.849246E+00,-1.859E-03,-76.633E-03,-586.684E-03
+4.295030E+00,-15.150754E+00,-1.859E-03,+174.623E-03,-963.568E-03
+4.300030E+00,-15.050251E+00,-403.869E-03,-528.895E-03,-260.050E-03
+4.305030E+00,-15.301507E+00,-177.739E-03,-26.382E-03,-360.553E-03
+4.310030E+00,-15.125628E+00,+148.894E-03,-202.261E-03,-586.684E-03
+4.315030E+00,-15.502512E+00,-26.985E-03,-202.261E-03,-209.799E-03
+4.320030E+00,-15.201005E+00,-253.116E-03,-277.638E-03,-184.674E-03
+4.325030E+00,-15.301507E+00,-227.990E-03,-202.261E-03,-586.684E-03
+4.330030E+00,-14.974874E+00,-1.859E-03,-327.890E-03,-310.302E-03
+4.335030E+00,-15.150754E+00,-26.985E-03,-202.261E-03,-586.684E-03
+4.340030E+00,-14.798995E+00,-77.236E-03,-202.261E-03,-586.684E-03
+4.345030E+00,-15.351759E+00,-227.990E-03,-202.261E-03,-410.804E-03
+4.350030E+00,-15.402010E+00,-680.251E-03,-478.643E-03,-184.674E-03
+4.355030E+00,-15.125628E+00,-378.744E-03,+174.623E-03,-536.432E-03
+4.360030E+00,-15.125628E+00,-328.493E-03,-202.261E-03,+141.960E-03
+4.365030E+00,-15.125628E+00,-1.859E-03,+199.749E-03,-636.935E-03
+4.370030E+00,-15.125628E+00,-529.498E-03,+199.749E-03,-310.302E-03
+4.375030E+00,-14.748744E+00,-1.859E-03,-202.261E-03,-561.558E-03
+4.380030E+00,-14.798995E+00,-1.859E-03,+48.995E-03,-837.940E-03
+4.385030E+00,-14.949749E+00,-227.990E-03,-378.141E-03,-586.684E-03
+4.390030E+00,-15.000000E+00,-127.488E-03,-202.261E-03,-335.427E-03
+4.395030E+00,-15.125628E+00,-26.985E-03,-227.387E-03,-184.674E-03
+4.400030E+00,-15.125628E+00,-77.236E-03,-126.885E-03,-586.684E-03
+4.405030E+00,-15.125628E+00,-227.990E-03,-202.261E-03,-410.804E-03
+4.410030E+00,-15.125628E+00,-127.488E-03,-353.015E-03,-586.684E-03
+4.415030E+00,-15.125628E+00,-403.869E-03,-202.261E-03,-184.674E-03
+4.420030E+00,-15.376884E+00,-403.869E-03,-202.261E-03,-184.674E-03
+4.425030E+00,-15.125628E+00,+174.020E-03,-202.261E-03,-184.674E-03
+4.430030E+00,-15.402010E+00,-278.241E-03,-202.261E-03,-461.055E-03
+4.435030E+00,-15.125628E+00,-1.859E-03,-202.261E-03,-184.674E-03
+4.440030E+00,-15.527638E+00,-77.236E-03,-202.261E-03,-511.307E-03
+4.445030E+00,-14.899497E+00,-403.869E-03,-26.382E-03,-360.553E-03
+4.450030E+00,-15.251256E+00,-127.488E-03,-76.633E-03,-586.684E-03
+4.455030E+00,-14.723618E+00,-1.859E-03,-227.387E-03,-561.558E-03
+4.460030E+00,-15.125628E+00,-403.869E-03,-126.885E-03,-586.684E-03
+4.465030E+00,-14.899497E+00,-177.739E-03,-604.271E-03,-586.684E-03
+4.470030E+00,-15.402010E+00,-278.241E-03,+199.749E-03,-586.684E-03
+4.475030E+00,-14.748744E+00,-1.859E-03,-177.136E-03,-234.925E-03
+4.480030E+00,-15.125628E+00,+324.774E-03,-202.261E-03,-511.307E-03
+4.485030E+00,-15.075377E+00,-177.739E-03,-202.261E-03,-586.684E-03
+4.490030E+00,-15.251256E+00,-278.241E-03,-478.643E-03,-59.045E-03
+4.495030E+00,-15.502512E+00,-378.744E-03,-202.261E-03,-184.674E-03
+4.500030E+00,-15.125628E+00,-730.503E-03,-453.518E-03,-586.684E-03
+4.505030E+00,-15.301507E+00,-177.739E-03,-202.261E-03,-410.804E-03
+4.510030E+00,-14.849246E+00,-403.869E-03,-76.633E-03,-586.684E-03
+4.515030E+00,-15.125628E+00,-378.744E-03,-227.387E-03,-561.558E-03
+4.520030E+00,-15.125628E+00,-403.869E-03,-528.895E-03,-260.050E-03
+4.525030E+00,-15.125628E+00,-177.739E-03,-202.261E-03,-360.553E-03
+4.530030E+00,-15.125628E+00,-1.859E-03,-478.643E-03,-310.302E-03
+4.535030E+00,-15.100502E+00,-378.744E-03,-956.030E-03,-586.684E-03
+4.540030E+00,-15.125628E+00,-403.869E-03,-202.261E-03,-511.307E-03
+4.545030E+00,-15.175879E+00,-177.739E-03,+199.749E-03,-410.804E-03
+4.550030E+00,-15.402010E+00,-1.859E-03,-202.261E-03,-184.674E-03
+4.555030E+00,-15.502512E+00,-26.985E-03,-604.271E-03,-561.558E-03
+4.560030E+00,-15.201005E+00,-77.236E-03,-202.261E-03,-260.050E-03
+4.565030E+00,-15.125628E+00,-403.869E-03,-428.392E-03,-586.684E-03
+4.570030E+00,-14.723618E+00,-403.869E-03,+74.121E-03,-184.674E-03
+4.575030E+00,-15.100502E+00,-403.869E-03,-202.261E-03,-586.684E-03
+4.580030E+00,-15.201005E+00,-403.869E-03,+48.995E-03,-260.050E-03
+4.585030E+00,-14.949749E+00,-52.111E-03,-378.141E-03,-184.674E-03
+4.590030E+00,-15.125628E+00,-278.241E-03,-478.643E-03,-184.674E-03
+4.595030E+00,-15.477387E+00,-403.869E-03,-579.146E-03,-184.674E-03
+4.600030E+00,-15.201005E+00,-77.236E-03,-277.638E-03,-586.684E-03
+4.605030E+00,-15.125628E+00,-403.869E-03,+23.869E-03,-184.674E-03
+4.610030E+00,-15.527638E+00,-403.869E-03,-202.261E-03,-586.684E-03
+4.615030E+00,-15.477387E+00,-378.744E-03,-202.261E-03,-561.558E-03
+4.620030E+00,-15.050251E+00,-479.246E-03,-202.261E-03,-837.940E-03
+4.625030E+00,-14.899497E+00,-403.869E-03,-202.261E-03,-410.804E-03
+4.630030E+00,-15.125628E+00,-403.869E-03,-202.261E-03,+91.708E-03
+4.635030E+00,-14.748744E+00,-403.869E-03,-177.136E-03,+167.085E-03
+4.640030E+00,-15.376884E+00,-328.493E-03,-528.895E-03,-184.674E-03
+4.645030E+00,-15.125628E+00,-1.859E-03,-202.261E-03,-184.674E-03
+4.650030E+00,-14.849246E+00,-1.859E-03,-76.633E-03,-863.066E-03
+4.655030E+00,-15.502512E+00,-1.859E-03,-252.513E-03,-184.674E-03
+4.660030E+00,-15.452261E+00,-1.859E-03,-126.885E-03,-511.307E-03
+4.665030E+00,-15.351759E+00,-1.859E-03,+23.869E-03,-184.674E-03
+4.670030E+00,-15.125628E+00,-403.869E-03,+74.121E-03,-461.055E-03
+4.675030E+00,-14.748744E+00,-403.869E-03,-554.020E-03,-611.809E-03
+4.680030E+00,-15.452261E+00,-328.493E-03,-202.261E-03,-260.050E-03
+4.685030E+00,-15.125628E+00,-227.990E-03,-26.382E-03,-586.684E-03
+4.690030E+00,-14.849246E+00,-278.241E-03,-76.633E-03,-586.684E-03
+4.695030E+00,-15.125628E+00,+375.025E-03,-202.261E-03,-586.684E-03
+4.700030E+00,-15.527638E+00,-403.869E-03,-126.885E-03,-260.050E-03
+4.705030E+00,-15.351759E+00,-403.869E-03,+23.869E-03,-184.674E-03
+4.710030E+00,-15.125628E+00,-403.869E-03,-327.890E-03,-461.055E-03
+4.715030E+00,-14.748744E+00,-378.744E-03,-202.261E-03,-184.674E-03
+4.720030E+00,-14.874372E+00,-328.493E-03,-277.638E-03,-586.684E-03
+4.725030E+00,-15.125628E+00,-52.111E-03,-202.261E-03,-184.674E-03
+4.730030E+00,-14.849246E+00,-1.859E-03,-76.633E-03,-586.684E-03
+4.735030E+00,-15.502512E+00,-403.869E-03,+174.623E-03,-561.558E-03
+4.740030E+00,-15.527638E+00,-403.869E-03,-202.261E-03,-913.317E-03
+4.745030E+00,-15.125628E+00,+400.151E-03,-378.141E-03,-234.925E-03
+4.750030E+00,-14.849246E+00,-680.251E-03,-604.271E-03,-863.066E-03
+4.755030E+00,-15.125628E+00,-353.618E-03,-177.136E-03,-536.432E-03
+4.760030E+00,-15.125628E+00,-77.236E-03,-202.261E-03,-184.674E-03
+4.765030E+00,-15.175879E+00,-52.111E-03,+23.869E-03,-586.684E-03
+4.770030E+00,-15.125628E+00,-278.241E-03,-604.271E-03,-586.684E-03
+4.775030E+00,-15.125628E+00,-26.985E-03,-177.136E-03,-184.674E-03
+4.780030E+00,-15.201005E+00,-403.869E-03,-277.638E-03,-586.684E-03
+4.785030E+00,-14.899497E+00,-177.739E-03,+199.749E-03,-586.684E-03
+4.790030E+00,-15.402010E+00,-403.869E-03,-202.261E-03,-310.302E-03
+4.795030E+00,-14.748744E+00,-403.869E-03,-579.146E-03,-209.799E-03
+4.800030E+00,-15.452261E+00,-1.859E-03,+124.372E-03,-184.674E-03
+4.805030E+00,-15.125628E+00,-177.739E-03,-378.141E-03,-586.684E-03
+4.810030E+00,-15.125628E+00,-127.488E-03,-478.643E-03,-310.302E-03
+4.815030E+00,-15.527638E+00,-1.859E-03,-227.387E-03,-209.799E-03
+4.820030E+00,-15.452261E+00,-1.859E-03,-528.895E-03,-662.061E-03
+4.825030E+00,-14.723618E+00,-177.739E-03,-202.261E-03,-8.794E-03
+4.830030E+00,-15.125628E+00,-278.241E-03,-51.508E-03,-461.055E-03
+4.835030E+00,-15.100502E+00,-755.628E-03,+199.749E-03,-611.809E-03
+4.840030E+00,-14.798995E+00,-1.859E-03,-202.261E-03,-913.317E-03
+4.845030E+00,-15.301507E+00,-227.990E-03,-202.261E-03,-636.935E-03
+4.850030E+00,-15.276382E+00,-127.488E-03,-76.633E-03,-184.674E-03
+4.855030E+00,-15.502512E+00,-26.985E-03,-202.261E-03,-209.799E-03
+4.860030E+00,-15.125628E+00,-1.859E-03,+124.372E-03,-109.297E-03
+4.865030E+00,-15.527638E+00,-403.869E-03,-202.261E-03,-184.674E-03
+4.870030E+00,-14.974874E+00,-403.869E-03,-202.261E-03,-184.674E-03
+4.875030E+00,-15.527638E+00,-26.985E-03,-202.261E-03,-561.558E-03
+4.880030E+00,-15.050251E+00,-1.859E-03,-202.261E-03,+141.960E-03
+4.885030E+00,-14.849246E+00,-227.990E-03,-202.261E-03,-360.553E-03
+4.890030E+00,-15.276382E+00,-278.241E-03,+199.749E-03,-586.684E-03
+4.895030E+00,-14.748744E+00,-1.859E-03,-202.261E-03,-561.558E-03
+4.900030E+00,-14.874372E+00,-403.869E-03,-528.895E-03,+66.583E-03
+4.905030E+00,-15.301507E+00,-403.869E-03,-202.261E-03,-184.674E-03
+4.910030E+00,-15.125628E+00,-278.241E-03,-353.015E-03,-863.066E-03
+4.915030E+00,-15.125628E+00,-403.869E-03,-554.020E-03,-586.684E-03
+4.920030E+00,-15.050251E+00,-328.493E-03,-202.261E-03,-184.674E-03
+4.925030E+00,-14.899497E+00,-1.859E-03,+23.869E-03,-410.804E-03
+4.930030E+00,-14.974874E+00,-127.488E-03,-202.261E-03,-310.302E-03
+4.935030E+00,-15.527638E+00,-378.744E-03,-579.146E-03,-586.684E-03
+4.940030E+00,-15.125628E+00,-403.869E-03,-277.638E-03,-511.307E-03
+4.945030E+00,-14.899497E+00,-177.739E-03,-202.261E-03,-184.674E-03
+4.950030E+00,-15.125628E+00,-1.859E-03,-202.261E-03,-310.302E-03
+4.955030E+00,-15.502512E+00,+375.025E-03,-202.261E-03,-561.558E-03
+4.960030E+00,-15.201005E+00,-403.869E-03,-202.261E-03,-260.050E-03
+4.965030E+00,-14.899497E+00,-403.869E-03,+199.749E-03,-360.553E-03
+4.970030E+00,-15.125628E+00,-127.488E-03,+74.121E-03,-184.674E-03
+4.975030E+00,-15.125628E+00,-26.985E-03,-177.136E-03,-561.558E-03
+4.980030E+00,-15.125628E+00,-1.859E-03,+124.372E-03,-184.674E-03
+4.985030E+00,-14.899497E+00,-227.990E-03,-26.382E-03,-184.674E-03
+4.990030E+00,-15.000000E+00,-1.859E-03,-202.261E-03,-435.930E-03
+4.995030E+00,-15.100502E+00,-26.985E-03,-202.261E-03,-586.684E-03
