x-axis,1,2,3
second,Volt,Volt,Volt
-3.800000E+00,,,
-3.795000E+00,+2.454774E+00,+2.453266E+00,+2.530151E+00
-3.790000E+00,+2.432161E+00,+2.455779E+00,+2.472362E+00
-3.785000E+00,+2.449749E+00,+2.533668E+00,+2.489950E+00
-3.780000E+00,+2.474874E+00,+2.495980E+00,+2.434673E+00
-3.775000E+00,+2.454774E+00,+2.533668E+00,+2.494975E+00
-3.770000E+00,+2.512563E+00,+2.453266E+00,+2.474874E+00
-3.765000E+00,+2.477387E+00,+2.533668E+00,+2.489950E+00
-3.760000E+00,+2.512563E+00,+2.533668E+00,+2.515075E+00
-3.755000E+00,+2.432161E+00,+2.475879E+00,+2.472362E+00
-3.750000E+00,+2.510050E+00,+2.453266E+00,+2.394472E+00
-3.745000E+00,+2.512563E+00,+2.533668E+00,+2.489950E+00
-3.740000E+00,+2.512563E+00,+2.533668E+00,+2.510050E+00
-3.735000E+00,+2.454774E+00,+2.533668E+00,+2.552764E+00
-3.730000E+00,+2.434673E+00,+2.533668E+00,+2.550251E+00
-3.725000E+00,+2.432161E+00,+2.516080E+00,+2.472362E+00
-3.720000E+00,+2.432161E+00,+2.533668E+00,+2.515075E+00
-3.715000E+00,+2.432161E+00,+2.475879E+00,+2.494975E+00
-3.710000E+00,+2.512563E+00,+2.455779E+00,+2.394472E+00
-3.705000E+00,+2.449749E+00,+2.470854E+00,+2.507538E+00
-3.700000E+00,+2.469849E+00,+2.571357E+00,+2.510050E+00
-3.695000E+00,+2.454774E+00,+2.453266E+00,+2.610553E+00
-3.690000E+00,+2.512563E+00,+2.453266E+00,+2.474874E+00
-3.685000E+00,+2.432161E+00,+2.470854E+00,+2.535176E+00
-3.680000E+00,+2.469849E+00,+2.490955E+00,+2.547739E+00
-3.675000E+00,+2.432161E+00,+2.533668E+00,+2.472362E+00
-3.670000E+00,+2.590452E+00,+2.455779E+00,+2.472362E+00
-3.665000E+00,+2.512563E+00,+2.533668E+00,+2.507538E+00
-3.660000E+00,+2.427136E+00,+2.453266E+00,+2.472362E+00
-3.655000E+00,+2.489950E+00,+2.511055E+00,+2.530151E+00
-3.650000E+00,+2.510050E+00,+2.455779E+00,+2.555276E+00
-3.645000E+00,+2.512563E+00,+2.533668E+00,+2.615578E+00
-3.640000E+00,+2.512563E+00,+2.533668E+00,+2.515075E+00
-3.635000E+00,+2.454774E+00,+2.511055E+00,+2.552764E+00
-3.630000E+00,+2.512563E+00,+2.453266E+00,+2.472362E+00
-3.625000E+00,+2.449749E+00,+2.516080E+00,+2.472362E+00
-3.620000E+00,+2.474874E+00,+2.453266E+00,+2.515075E+00
-3.615000E+00,+2.489950E+00,+2.475879E+00,+2.552764E+00
-3.610000E+00,+2.512563E+00,+2.453266E+00,+2.474874E+00
-3.605000E+00,+2.494975E+00,+2.596482E+00,+2.535176E+00
-3.600000E+00,+2.469849E+00,+2.495980E+00,+2.590452E+00
-3.595000E+00,+2.535176E+00,+2.511055E+00,+2.552764E+00
-3.590000E+00,+2.510050E+00,+2.450754E+00,+2.552764E+00
-3.585000E+00,+2.449749E+00,+2.533668E+00,+2.472362E+00
-3.580000E+00,+2.474874E+00,+2.533668E+00,+2.477387E+00
-3.575000E+00,+2.512563E+00,+2.475879E+00,+2.530151E+00
-3.570000E+00,+2.434673E+00,+2.453266E+00,+2.552764E+00
-3.565000E+00,+2.512563E+00,+2.453266E+00,+2.489950E+00
-3.560000E+00,+2.469849E+00,+2.453266E+00,+2.515075E+00
-3.555000E+00,+2.512563E+00,+2.591457E+00,+2.587940E+00
-3.550000E+00,+2.356784E+00,+2.533668E+00,+2.472362E+00
-3.545000E+00,+2.512563E+00,+2.453266E+00,+2.472362E+00
-3.540000E+00,+2.432161E+00,+2.453266E+00,+2.510050E+00
-3.535000E+00,+2.489950E+00,+2.430653E+00,+2.494975E+00
-3.530000E+00,+2.434673E+00,+2.531156E+00,+2.472362E+00
-3.525000E+00,+2.477387E+00,+2.453266E+00,+2.472362E+00
-3.520000E+00,+2.394472E+00,+2.415578E+00,+2.477387E+00
-3.515000E+00,+2.432161E+00,+2.430653E+00,+2.494975E+00
-3.510000E+00,+2.510050E+00,+2.453266E+00,+2.552764E+00
-3.505000E+00,+2.414573E+00,+2.372864E+00,+2.489950E+00
-3.500000E+00,+2.389447E+00,+2.415578E+00,+2.472362E+00
-3.495000E+00,+2.351759E+00,+2.395477E+00,+2.494975E+00
-3.490000E+00,+2.434673E+00,+2.450754E+00,+2.550251E+00
-3.485000E+00,+2.414573E+00,+2.435678E+00,+2.552764E+00
-3.480000E+00,+2.432161E+00,+2.453266E+00,+2.557789E+00
-3.475000E+00,+2.351759E+00,+2.372864E+00,+2.472362E+00
-3.470000E+00,+2.354271E+00,+2.372864E+00,+2.552764E+00
-3.465000E+00,+2.432161E+00,+2.372864E+00,+2.489950E+00
-3.460000E+00,+2.427136E+00,+2.372864E+00,+2.429648E+00
-3.455000E+00,+2.374372E+00,+2.395477E+00,+2.494975E+00
-3.450000E+00,+2.349246E+00,+2.372864E+00,+2.550251E+00
-3.445000E+00,+2.334171E+00,+2.372864E+00,+2.454774E+00
-3.440000E+00,+2.394472E+00,+2.372864E+00,+2.472362E+00
-3.435000E+00,+2.374372E+00,+2.395477E+00,+2.587940E+00
-3.430000E+00,+2.427136E+00,+2.372864E+00,+2.472362E+00
-3.425000E+00,+2.288945E+00,+2.355276E+00,+2.472362E+00
-3.420000E+00,+2.309045E+00,+2.330151E+00,+2.510050E+00
-3.415000E+00,+2.374372E+00,+2.292462E+00,+2.494975E+00
-3.410000E+00,+2.351759E+00,+2.372864E+00,+2.550251E+00
-3.405000E+00,+2.288945E+00,+2.310050E+00,+2.615578E+00
-3.400000E+00,+2.394472E+00,+2.292462E+00,+2.515075E+00
-3.395000E+00,+2.293970E+00,+2.350251E+00,+2.472362E+00
-3.390000E+00,+2.195980E+00,+2.294975E+00,+2.550251E+00
-3.385000E+00,+2.334171E+00,+2.355276E+00,+2.472362E+00
-3.380000E+00,+2.309045E+00,+2.292462E+00,+2.552764E+00
-3.375000E+00,+2.329146E+00,+2.292462E+00,+2.530151E+00
-3.370000E+00,+2.349246E+00,+2.370352E+00,+2.472362E+00
-3.365000E+00,+2.271357E+00,+2.292462E+00,+2.489950E+00
-3.360000E+00,+2.271357E+00,+2.292462E+00,+2.552764E+00
-3.355000E+00,+2.213568E+00,+2.269849E+00,+2.494975E+00
-3.350000E+00,+2.271357E+00,+2.212060E+00,+2.472362E+00
-3.345000E+00,+2.271357E+00,+2.229648E+00,+2.489950E+00
-3.340000E+00,+2.190955E+00,+2.254774E+00,+2.515075E+00
-3.335000E+00,+2.213568E+00,+2.292462E+00,+2.494975E+00
-3.330000E+00,+2.271357E+00,+2.289950E+00,+2.477387E+00
-3.325000E+00,+2.271357E+00,+2.274874E+00,+2.535176E+00
-3.320000E+00,+2.233668E+00,+2.212060E+00,+2.552764E+00
-3.315000E+00,+2.213568E+00,+2.154271E+00,+2.414573E+00
-3.310000E+00,+2.271357E+00,+2.212060E+00,+2.474874E+00
-3.305000E+00,+2.190955E+00,+2.274874E+00,+2.454774E+00
-3.300000E+00,+2.228643E+00,+2.131658E+00,+2.467337E+00
-3.295000E+00,+2.248744E+00,+2.292462E+00,+2.552764E+00
-3.290000E+00,+2.193467E+00,+2.214573E+00,+2.552764E+00
-3.285000E+00,+2.288945E+00,+2.212060E+00,+2.472362E+00
-3.280000E+00,+2.153266E+00,+2.254774E+00,+2.515075E+00
-3.275000E+00,+2.190955E+00,+2.212060E+00,+2.494975E+00
-3.270000E+00,+2.190955E+00,+2.209548E+00,+2.552764E+00
-3.265000E+00,+2.208543E+00,+2.194472E+00,+2.535176E+00
-3.260000E+00,+2.190955E+00,+2.174372E+00,+2.552764E+00
-3.255000E+00,+2.190955E+00,+2.212060E+00,+2.610553E+00
-3.250000E+00,+2.193467E+00,+2.131658E+00,+2.550251E+00
-3.245000E+00,+2.190955E+00,+2.131658E+00,+2.535176E+00
-3.240000E+00,+2.148241E+00,+2.212060E+00,+2.472362E+00
-3.235000E+00,+2.168342E+00,+2.131658E+00,+2.494975E+00
-3.230000E+00,+2.110553E+00,+2.212060E+00,+2.552764E+00
-3.225000E+00,+2.128141E+00,+2.068844E+00,+2.489950E+00
-3.220000E+00,+2.110553E+00,+2.169347E+00,+2.472362E+00
-3.215000E+00,+2.110553E+00,+2.131658E+00,+2.414573E+00
-3.210000E+00,+2.110553E+00,+2.207035E+00,+2.474874E+00
-3.205000E+00,+2.047739E+00,+2.114070E+00,+2.570352E+00
-3.200000E+00,+2.190955E+00,+2.212060E+00,+2.515075E+00
-3.195000E+00,+2.133166E+00,+2.154271E+00,+2.530151E+00
-3.190000E+00,+2.032663E+00,+2.051256E+00,+2.552764E+00
-3.185000E+00,+2.092965E+00,+2.051256E+00,+2.615578E+00
-3.180000E+00,+2.067839E+00,+2.131658E+00,+2.515075E+00
-3.175000E+00,+2.110553E+00,+2.109045E+00,+2.472362E+00
-3.170000E+00,+2.188442E+00,+2.053769E+00,+2.472362E+00
-3.165000E+00,+2.092965E+00,+2.051256E+00,+2.535176E+00
-3.160000E+00,+2.153266E+00,+2.088945E+00,+2.515075E+00
-3.155000E+00,+2.110553E+00,+2.051256E+00,+2.552764E+00
-3.150000E+00,+2.030151E+00,+2.051256E+00,+2.547739E+00
-3.145000E+00,+2.047739E+00,+2.033668E+00,+2.507538E+00
-3.140000E+00,+2.110553E+00,+2.093970E+00,+2.472362E+00
-3.135000E+00,+2.110553E+00,+2.051256E+00,+2.530151E+00
-3.130000E+00,+2.030151E+00,+1.973367E+00,+2.469849E+00
-3.125000E+00,+2.047739E+00,+1.970854E+00,+2.552764E+00
-3.120000E+00,+2.110553E+00,+2.051256E+00,+2.472362E+00
-3.115000E+00,+2.110553E+00,+2.051256E+00,+2.530151E+00
-3.110000E+00,+1.949749E+00,+1.970854E+00,+2.552764E+00
-3.105000E+00,+1.984925E+00,+1.988442E+00,+2.409548E+00
-3.100000E+00,+2.067839E+00,+1.970854E+00,+2.515075E+00
-3.095000E+00,+1.972362E+00,+1.970854E+00,+2.494975E+00
-3.090000E+00,+2.030151E+00,+2.048744E+00,+2.552764E+00
-3.085000E+00,+2.030151E+00,+1.988442E+00,+2.535176E+00
-3.080000E+00,+1.987437E+00,+2.013568E+00,+2.515075E+00
-3.075000E+00,+2.007538E+00,+1.993467E+00,+2.494975E+00
-3.070000E+00,+1.952261E+00,+2.048744E+00,+2.550251E+00
-3.065000E+00,+1.967337E+00,+1.970854E+00,+2.489950E+00
-3.060000E+00,+2.025126E+00,+2.013568E+00,+2.510050E+00
-3.055000E+00,+1.972362E+00,+1.970854E+00,+2.472362E+00
-3.050000E+00,+1.949749E+00,+1.970854E+00,+2.319095E+00
-3.045000E+00,+1.886935E+00,+1.953266E+00,+2.489950E+00
-3.040000E+00,+1.954774E+00,+1.970854E+00,+2.472362E+00
-3.035000E+00,+2.007538E+00,+1.948241E+00,+2.552764E+00
-3.030000E+00,+1.871859E+00,+2.046231E+00,+2.550251E+00
-3.025000E+00,+1.932161E+00,+1.908040E+00,+2.535176E+00
-3.020000E+00,+1.907035E+00,+1.970854E+00,+2.472362E+00
-3.015000E+00,+2.007538E+00,+1.948241E+00,+2.552764E+00
-3.010000E+00,+1.952261E+00,+1.970854E+00,+2.550251E+00
-3.005000E+00,+1.949749E+00,+1.908040E+00,+2.552764E+00
-3.000000E+00,+1.992462E+00,+1.890452E+00,+2.515075E+00
-2.995000E+00,+1.927136E+00,+1.890452E+00,+2.552764E+00
-2.990000E+00,+1.871859E+00,+1.892965E+00,+2.472362E+00
-2.985000E+00,+1.949749E+00,+1.890452E+00,+2.472362E+00
-2.980000E+00,+1.869347E+00,+1.890452E+00,+2.429648E+00
-2.975000E+00,+1.914573E+00,+1.948241E+00,+2.414573E+00
-2.970000E+00,+1.871859E+00,+1.815075E+00,+2.552764E+00
-2.965000E+00,+1.869347E+00,+1.908040E+00,+2.535176E+00
-2.960000E+00,+1.912060E+00,+1.890452E+00,+2.552764E+00
-2.955000E+00,+1.846734E+00,+1.890452E+00,+2.494975E+00
-2.950000E+00,+1.947236E+00,+1.890452E+00,+2.552764E+00
-2.945000E+00,+1.851759E+00,+1.890452E+00,+2.489950E+00
-2.940000E+00,+1.907035E+00,+1.852764E+00,+2.515075E+00
-2.935000E+00,+1.869347E+00,+1.890452E+00,+2.530151E+00
-2.930000E+00,+1.871859E+00,+1.812563E+00,+2.550251E+00
-2.925000E+00,+1.869347E+00,+1.827638E+00,+2.535176E+00
-2.920000E+00,+1.864322E+00,+1.810050E+00,+2.429648E+00
-2.915000E+00,+1.846734E+00,+1.787437E+00,+2.552764E+00
-2.910000E+00,+1.869347E+00,+1.812563E+00,+2.472362E+00
-2.905000E+00,+1.788945E+00,+1.827638E+00,+2.552764E+00
-2.900000E+00,+1.869347E+00,+1.805025E+00,+2.472362E+00
-2.895000E+00,+1.869347E+00,+1.890452E+00,+2.494975E+00
-2.890000E+00,+1.791457E+00,+1.887940E+00,+2.474874E+00
-2.885000E+00,+1.869347E+00,+1.872864E+00,+2.535176E+00
-2.880000E+00,+1.869347E+00,+1.810050E+00,+2.515075E+00
-2.875000E+00,+1.788945E+00,+1.867839E+00,+2.552764E+00
-2.870000E+00,+1.866834E+00,+1.732161E+00,+2.472362E+00
-2.865000E+00,+1.806533E+00,+1.872864E+00,+2.472362E+00
-2.860000E+00,+1.869347E+00,+1.805025E+00,+2.595477E+00
-2.855000E+00,+1.846734E+00,+1.729648E+00,+2.494975E+00
-2.850000E+00,+1.791457E+00,+1.807538E+00,+2.628141E+00
-2.845000E+00,+1.788945E+00,+1.747236E+00,+2.570352E+00
-2.840000E+00,+1.751256E+00,+1.810050E+00,+2.472362E+00
-2.835000E+00,+1.766332E+00,+1.729648E+00,+2.552764E+00
-2.830000E+00,+1.786432E+00,+1.807538E+00,+2.472362E+00
-2.825000E+00,+1.726131E+00,+1.729648E+00,+2.391960E+00
-2.820000E+00,+1.746231E+00,+1.729648E+00,+2.510050E+00
-2.815000E+00,+1.731156E+00,+1.787437E+00,+2.414573E+00
-2.810000E+00,+1.633166E+00,+1.727136E+00,+2.552764E+00
-2.805000E+00,+1.726131E+00,+1.774874E+00,+2.552764E+00
-2.800000E+00,+1.788945E+00,+1.772362E+00,+2.510050E+00
-2.795000E+00,+1.673367E+00,+1.729648E+00,+2.494975E+00
-2.790000E+00,+1.711055E+00,+1.810050E+00,+2.396985E+00
-2.785000E+00,+1.726131E+00,+1.729648E+00,+2.552764E+00
-2.780000E+00,+1.708543E+00,+1.772362E+00,+2.552764E+00
-2.775000E+00,+1.708543E+00,+1.671859E+00,+2.507538E+00
-2.770000E+00,+1.786432E+00,+1.651759E+00,+2.552764E+00
-2.765000E+00,+1.628141E+00,+1.649246E+00,+2.454774E+00
-2.760000E+00,+1.670854E+00,+1.729648E+00,+2.520101E+00
-2.755000E+00,+1.650754E+00,+1.649246E+00,+2.494975E+00
-2.750000E+00,+1.552764E+00,+1.651759E+00,+2.474874E+00
-2.745000E+00,+1.708543E+00,+1.729648E+00,+2.552764E+00
-2.740000E+00,+1.708543E+00,+1.686935E+00,+2.510050E+00
-2.735000E+00,+1.685930E+00,+1.707035E+00,+2.565327E+00
-2.730000E+00,+1.628141E+00,+1.649246E+00,+2.472362E+00
-2.725000E+00,+1.582915E+00,+1.604020E+00,+2.535176E+00
-2.720000E+00,+1.708543E+00,+1.649246E+00,+2.472362E+00
-2.715000E+00,+1.650754E+00,+1.591457E+00,+2.587940E+00
-2.710000E+00,+1.628141E+00,+1.649246E+00,+2.550251E+00
-2.705000E+00,+1.610553E+00,+1.649246E+00,+2.552764E+00
-2.700000E+00,+1.628141E+00,+1.691960E+00,+2.552764E+00
-2.695000E+00,+1.628141E+00,+1.649246E+00,+2.552764E+00
-2.690000E+00,+1.628141E+00,+1.571357E+00,+2.552764E+00
-2.685000E+00,+1.628141E+00,+1.568844E+00,+2.489950E+00
-2.680000E+00,+1.628141E+00,+1.611558E+00,+2.472362E+00
-2.675000E+00,+1.592965E+00,+1.626633E+00,+2.494975E+00
-2.670000E+00,+1.628141E+00,+1.568844E+00,+2.472362E+00
-2.665000E+00,+1.628141E+00,+1.631658E+00,+2.489950E+00
-2.660000E+00,+1.628141E+00,+1.611558E+00,+2.472362E+00
-2.655000E+00,+1.582915E+00,+1.568844E+00,+2.552764E+00
-2.650000E+00,+1.630653E+00,+1.646734E+00,+2.552764E+00
-2.645000E+00,+1.565327E+00,+1.586432E+00,+2.552764E+00
-2.640000E+00,+1.552764E+00,+1.606533E+00,+2.515075E+00
-2.635000E+00,+1.570352E+00,+1.591457E+00,+2.494975E+00
-2.630000E+00,+1.623116E+00,+1.568844E+00,+2.472362E+00
-2.625000E+00,+1.547739E+00,+1.568844E+00,+2.615578E+00
-2.620000E+00,+1.590452E+00,+1.611558E+00,+2.472362E+00
-2.615000E+00,+1.628141E+00,+1.488442E+00,+2.587940E+00
-2.610000E+00,+1.545226E+00,+1.568844E+00,+2.550251E+00
-2.605000E+00,+1.547739E+00,+1.568844E+00,+2.535176E+00
-2.600000E+00,+1.547739E+00,+1.526131E+00,+2.472362E+00
-2.595000E+00,+1.628141E+00,+1.488442E+00,+2.575377E+00
-2.590000E+00,+1.545226E+00,+1.413065E+00,+2.472362E+00
-2.585000E+00,+1.547739E+00,+1.523618E+00,+2.535176E+00
-2.580000E+00,+1.547739E+00,+1.531156E+00,+2.505025E+00
-2.575000E+00,+1.512563E+00,+1.568844E+00,+2.530151E+00
-2.570000E+00,+1.545226E+00,+1.644221E+00,+2.474874E+00
-2.565000E+00,+1.547739E+00,+1.488442E+00,+2.552764E+00
-2.560000E+00,+1.467337E+00,+1.488442E+00,+2.515075E+00
-2.555000E+00,+1.467337E+00,+1.465829E+00,+2.633166E+00
-2.550000E+00,+1.547739E+00,+1.488442E+00,+2.552764E+00
-2.545000E+00,+1.484925E+00,+1.551256E+00,+2.472362E+00
-2.540000E+00,+1.462311E+00,+1.488442E+00,+2.429648E+00
-2.535000E+00,+1.525126E+00,+1.488442E+00,+2.552764E+00
-2.530000E+00,+1.545226E+00,+1.488442E+00,+2.472362E+00
-2.525000E+00,+1.467337E+00,+1.470854E+00,+2.552764E+00
-2.520000E+00,+1.467337E+00,+1.488442E+00,+2.547739E+00
-2.515000E+00,+1.444724E+00,+1.488442E+00,+2.507538E+00
-2.510000E+00,+1.464824E+00,+1.485930E+00,+2.472362E+00
-2.505000E+00,+1.386935E+00,+1.506030E+00,+2.489950E+00
-2.500000E+00,+1.467337E+00,+1.408040E+00,+2.515075E+00
-2.495000E+00,+1.409548E+00,+1.488442E+00,+2.552764E+00
-2.490000E+00,+1.464824E+00,+1.408040E+00,+2.547739E+00
-2.485000E+00,+1.449749E+00,+1.425628E+00,+2.535176E+00
-2.480000E+00,+1.424623E+00,+1.408040E+00,+2.472362E+00
-2.475000E+00,+1.467337E+00,+1.465829E+00,+2.530151E+00
-2.470000E+00,+1.464824E+00,+1.408040E+00,+2.472362E+00
-2.465000E+00,+1.432161E+00,+1.408040E+00,+2.552764E+00
-2.460000E+00,+1.386935E+00,+1.370352E+00,+2.590452E+00
-2.455000E+00,+1.386935E+00,+1.443216E+00,+2.472362E+00
-2.450000E+00,+1.309045E+00,+1.330151E+00,+2.472362E+00
-2.445000E+00,+1.467337E+00,+1.470854E+00,+2.552764E+00
-2.440000E+00,+1.386935E+00,+1.450754E+00,+2.472362E+00
-2.435000E+00,+1.386935E+00,+1.408040E+00,+2.494975E+00
-2.430000E+00,+1.386935E+00,+1.327638E+00,+2.550251E+00
-2.425000E+00,+1.404523E+00,+1.345226E+00,+2.489950E+00
-2.420000E+00,+1.349246E+00,+1.365327E+00,+2.472362E+00
-2.415000E+00,+1.422110E+00,+1.385427E+00,+2.530151E+00
-2.410000E+00,+1.233668E+00,+1.327638E+00,+2.474874E+00
-2.405000E+00,+1.261306E+00,+1.390452E+00,+2.472362E+00
-2.400000E+00,+1.306533E+00,+1.327638E+00,+2.515075E+00
-2.395000E+00,+1.364322E+00,+1.247236E+00,+2.530151E+00
-2.390000E+00,+1.306533E+00,+1.327638E+00,+2.469849E+00
-2.385000E+00,+1.369347E+00,+1.327638E+00,+2.489950E+00
-2.380000E+00,+1.306533E+00,+1.284925E+00,+2.510050E+00
-2.375000E+00,+1.306533E+00,+1.362814E+00,+2.449749E+00
-2.370000E+00,+1.309045E+00,+1.408040E+00,+2.474874E+00
-2.365000E+00,+1.306533E+00,+1.310050E+00,+2.489950E+00
-2.360000E+00,+1.306533E+00,+1.322613E+00,+2.515075E+00
-2.355000E+00,+1.329146E+00,+1.327638E+00,+2.494975E+00
-2.350000E+00,+1.384422E+00,+1.244724E+00,+2.474874E+00
-2.345000E+00,+1.243719E+00,+1.310050E+00,+2.472362E+00
-2.340000E+00,+1.268844E+00,+1.247236E+00,+2.515075E+00
-2.335000E+00,+1.283920E+00,+1.269849E+00,+2.552764E+00
-2.330000E+00,+1.306533E+00,+1.325126E+00,+2.472362E+00
-2.325000E+00,+1.226131E+00,+1.247236E+00,+2.489950E+00
-2.320000E+00,+1.306533E+00,+1.247236E+00,+2.590452E+00
-2.315000E+00,+1.306533E+00,+1.247236E+00,+2.472362E+00
-2.310000E+00,+1.228643E+00,+1.169347E+00,+2.552764E+00
-2.305000E+00,+1.243719E+00,+1.229648E+00,+2.489950E+00
-2.300000E+00,+1.221105E+00,+1.247236E+00,+2.472362E+00
-2.295000E+00,+1.283920E+00,+1.247236E+00,+2.530151E+00
-2.290000E+00,+1.226131E+00,+1.247236E+00,+2.547739E+00
-2.285000E+00,+1.288945E+00,+1.184422E+00,+2.615578E+00
-2.280000E+00,+1.226131E+00,+1.247236E+00,+2.510050E+00
-2.275000E+00,+1.226131E+00,+1.224623E+00,+2.552764E+00
-2.270000E+00,+1.148241E+00,+1.244724E+00,+2.399498E+00
-2.265000E+00,+1.163317E+00,+1.229648E+00,+2.597990E+00
-2.260000E+00,+1.226131E+00,+1.204523E+00,+2.515075E+00
-2.255000E+00,+1.226131E+00,+1.144221E+00,+2.575377E+00
-2.250000E+00,+1.226131E+00,+1.166834E+00,+2.550251E+00
-2.245000E+00,+1.145729E+00,+1.166834E+00,+2.552764E+00
-2.240000E+00,+1.145729E+00,+1.166834E+00,+2.515075E+00
-2.235000E+00,+1.168342E+00,+1.109045E+00,+2.530151E+00
-2.230000E+00,+1.226131E+00,+1.244724E+00,+2.474874E+00
-2.225000E+00,+1.208543E+00,+1.229648E+00,+2.552764E+00
-2.220000E+00,+1.108040E+00,+1.129146E+00,+2.552764E+00
-2.215000E+00,+1.145729E+00,+1.247236E+00,+2.472362E+00
-2.210000E+00,+1.143216E+00,+1.242211E+00,+2.552764E+00
-2.205000E+00,+1.100502E+00,+1.104020E+00,+2.489950E+00
-2.200000E+00,+1.188442E+00,+1.161809E+00,+2.552764E+00
-2.195000E+00,+1.145729E+00,+1.144221E+00,+2.472362E+00
-2.190000E+00,+1.148241E+00,+1.091457E+00,+2.628141E+00
-2.185000E+00,+1.082915E+00,+1.149246E+00,+2.552764E+00
-2.180000E+00,+1.145729E+00,+1.124121E+00,+2.552764E+00
-2.175000E+00,+1.087940E+00,+1.144221E+00,+2.552764E+00
-2.170000E+00,+1.065327E+00,+1.166834E+00,+2.550251E+00
-2.165000E+00,+1.145729E+00,+1.068844E+00,+2.489950E+00
-2.160000E+00,+1.103015E+00,+1.124121E+00,+2.552764E+00
-2.155000E+00,+1.145729E+00,+1.086432E+00,+2.575377E+00
-2.150000E+00,+1.145729E+00,+1.164322E+00,+2.474874E+00
-2.145000E+00,+1.082915E+00,+1.068844E+00,+2.535176E+00
-2.140000E+00,+1.145729E+00,+1.086432E+00,+2.552764E+00
-2.135000E+00,+1.065327E+00,+1.144221E+00,+2.494975E+00
-2.130000E+00,+1.067839E+00,+1.083920E+00,+2.552764E+00
-2.125000E+00,+1.065327E+00,+1.104020E+00,+2.472362E+00
-2.120000E+00,+1.065327E+00,+1.124121E+00,+2.505025E+00
-2.115000E+00,+1.065327E+00,+1.063819E+00,+2.494975E+00
-2.110000E+00,+1.065327E+00,+1.088945E+00,+2.472362E+00
-2.105000E+00,+1.002513E+00,+1.006030E+00,+2.535176E+00
-2.100000E+00,+1.103015E+00,+1.001005E+00,+2.472362E+00
-2.095000E+00,+1.087940E+00,+1.006030E+00,+2.575377E+00
-2.090000E+00,+989.950E-03,+1.006030E+00,+2.552764E+00
-2.085000E+00,+984.925E-03,+1.023618E+00,+2.472362E+00
-2.080000E+00,+904.523E-03,+1.086432E+00,+2.472362E+00
-2.075000E+00,+984.925E-03,+1.006030E+00,+2.552764E+00
-2.070000E+00,+989.950E-03,+1.081407E+00,+2.474874E+00
-2.065000E+00,+984.925E-03,+1.086432E+00,+2.472362E+00
-2.060000E+00,+1.022613E+00,+1.006030E+00,+2.472362E+00
-2.055000E+00,+1.042714E+00,+983.417E-03,+2.472362E+00
-2.050000E+00,+1.062814E+00,+1.006030E+00,+2.550251E+00
-2.045000E+00,+967.337E-03,+943.216E-03,+2.427136E+00
-2.040000E+00,+984.925E-03,+1.043719E+00,+2.434673E+00
-2.035000E+00,+984.925E-03,+1.041206E+00,+2.507538E+00
-2.030000E+00,+909.548E-03,+1.083920E+00,+2.550251E+00
-2.025000E+00,+984.925E-03,+1.006030E+00,+2.535176E+00
-2.020000E+00,+984.925E-03,+968.342E-03,+2.510050E+00
-2.015000E+00,+962.312E-03,+1.006030E+00,+2.552764E+00
-2.010000E+00,+982.412E-03,+1.006030E+00,+2.552764E+00
-2.005000E+00,+984.925E-03,+925.628E-03,+2.472362E+00
-2.000000E+00,+984.925E-03,+963.317E-03,+2.552764E+00
-1.995000E+00,+1.007538E+00,+925.628E-03,+2.494975E+00
-1.990000E+00,+826.633E-03,+925.628E-03,+2.550251E+00
-1.985000E+00,+984.925E-03,+943.216E-03,+2.489950E+00
-1.980000E+00,+904.523E-03,+882.915E-03,+2.515075E+00
-1.975000E+00,+984.925E-03,+948.241E-03,+2.472362E+00
-1.970000E+00,+904.523E-03,+925.628E-03,+2.474874E+00
-1.965000E+00,+922.111E-03,+925.628E-03,+2.552764E+00
-1.960000E+00,+904.523E-03,+925.628E-03,+2.552764E+00
-1.955000E+00,+962.312E-03,+867.839E-03,+2.552764E+00
-1.950000E+00,+904.523E-03,+845.226E-03,+2.552764E+00
-1.945000E+00,+904.523E-03,+943.216E-03,+2.489950E+00
-1.940000E+00,+904.523E-03,+882.915E-03,+2.515075E+00
-1.935000E+00,+939.698E-03,+925.628E-03,+2.517588E+00
-1.930000E+00,+826.633E-03,+847.739E-03,+2.474874E+00
-1.925000E+00,+904.523E-03,+862.814E-03,+2.552764E+00
-1.920000E+00,+947.236E-03,+882.915E-03,+2.515075E+00
-1.915000E+00,+881.909E-03,+845.226E-03,+2.530151E+00
-1.910000E+00,+826.633E-03,+845.226E-03,+2.552764E+00
-1.905000E+00,+841.708E-03,+862.814E-03,+2.535176E+00
-1.900000E+00,+824.121E-03,+845.226E-03,+2.515075E+00
-1.895000E+00,+824.121E-03,+822.613E-03,+2.517588E+00
-1.890000E+00,+824.121E-03,+845.226E-03,+2.474874E+00
-1.885000E+00,+841.708E-03,+925.628E-03,+2.472362E+00
-1.880000E+00,+861.809E-03,+845.226E-03,+2.515075E+00
-1.875000E+00,+846.734E-03,+822.613E-03,+2.472362E+00
-1.870000E+00,+824.121E-03,+767.337E-03,+2.630653E+00
-1.865000E+00,+778.894E-03,+782.412E-03,+2.472362E+00
-1.860000E+00,+824.121E-03,+807.538E-03,+2.552764E+00
-1.855000E+00,+766.332E-03,+822.613E-03,+2.494975E+00
-1.850000E+00,+824.121E-03,+767.337E-03,+2.550251E+00
-1.845000E+00,+788.945E-03,+845.226E-03,+2.552764E+00
-1.840000E+00,+743.719E-03,+845.226E-03,+2.515075E+00
-1.835000E+00,+743.719E-03,+787.437E-03,+2.494975E+00
-1.830000E+00,+743.719E-03,+842.714E-03,+2.474874E+00
-1.825000E+00,+761.306E-03,+702.010E-03,+2.535176E+00
-1.820000E+00,+824.121E-03,+807.538E-03,+2.552764E+00
-1.815000E+00,+801.507E-03,+845.226E-03,+2.507538E+00
-1.810000E+00,+743.719E-03,+684.422E-03,+2.552764E+00
-1.805000E+00,+618.090E-03,+827.638E-03,+2.535176E+00
-1.800000E+00,+701.005E-03,+722.111E-03,+2.467337E+00
-1.795000E+00,+801.507E-03,+764.824E-03,+2.472362E+00
-1.790000E+00,+746.231E-03,+686.935E-03,+2.628141E+00
-1.785000E+00,+761.306E-03,+747.236E-03,+2.552764E+00
-1.780000E+00,+786.432E-03,+727.136E-03,+2.472362E+00
-1.775000E+00,+743.719E-03,+764.824E-03,+2.494975E+00
-1.770000E+00,+743.719E-03,+764.824E-03,+2.472362E+00
-1.765000E+00,+618.090E-03,+702.010E-03,+2.489950E+00
-1.760000E+00,+786.432E-03,+727.136E-03,+2.552764E+00
-1.755000E+00,+743.719E-03,+707.035E-03,+2.530151E+00
-1.750000E+00,+741.206E-03,+684.422E-03,+2.552764E+00
-1.745000E+00,+635.678E-03,+702.010E-03,+2.472362E+00
-1.740000E+00,+701.005E-03,+769.849E-03,+2.552764E+00
-1.735000E+00,+721.105E-03,+684.422E-03,+2.472362E+00
-1.730000E+00,+741.206E-03,+762.312E-03,+2.472362E+00
-1.725000E+00,+663.317E-03,+702.010E-03,+2.552764E+00
-1.720000E+00,+663.317E-03,+641.709E-03,+2.510050E+00
-1.715000E+00,+663.317E-03,+626.633E-03,+2.494975E+00
-1.710000E+00,+663.317E-03,+606.533E-03,+2.472362E+00
-1.705000E+00,+708.543E-03,+684.422E-03,+2.535176E+00
-1.700000E+00,+582.915E-03,+684.422E-03,+2.439699E+00
-1.695000E+00,+628.141E-03,+684.422E-03,+2.530151E+00
-1.690000E+00,+663.317E-03,+681.910E-03,+2.552764E+00
-1.685000E+00,+663.317E-03,+666.834E-03,+2.507538E+00
-1.680000E+00,+620.603E-03,+604.020E-03,+2.429648E+00
-1.675000E+00,+721.105E-03,+568.844E-03,+2.530151E+00
-1.670000E+00,+585.427E-03,+606.533E-03,+2.550251E+00
-1.665000E+00,+582.915E-03,+666.834E-03,+2.472362E+00
-1.660000E+00,+545.226E-03,+604.020E-03,+2.515075E+00
-1.655000E+00,+663.317E-03,+604.020E-03,+2.391960E+00
-1.650000E+00,+582.915E-03,+604.020E-03,+2.472362E+00
-1.645000E+00,+565.327E-03,+541.206E-03,+2.489950E+00
-1.640000E+00,+620.603E-03,+641.709E-03,+2.472362E+00
-1.635000E+00,+640.703E-03,+581.407E-03,+2.494975E+00
-1.630000E+00,+582.915E-03,+604.020E-03,+2.474874E+00
-1.625000E+00,+565.327E-03,+541.206E-03,+2.552764E+00
-1.620000E+00,+620.603E-03,+566.332E-03,+2.552764E+00
-1.615000E+00,+525.126E-03,+546.231E-03,+2.437186E+00
-1.610000E+00,+660.804E-03,+604.020E-03,+2.472362E+00
-1.605000E+00,+600.502E-03,+523.618E-03,+2.472362E+00
-1.600000E+00,+582.915E-03,+561.307E-03,+2.510050E+00
-1.595000E+00,+605.528E-03,+523.618E-03,+2.494975E+00
-1.590000E+00,+505.025E-03,+445.729E-03,+2.474874E+00
-1.585000E+00,+502.513E-03,+586.432E-03,+2.507538E+00
-1.580000E+00,+545.226E-03,+566.332E-03,+2.510050E+00
-1.575000E+00,+582.915E-03,+523.618E-03,+2.437186E+00
-1.570000E+00,+580.402E-03,+526.131E-03,+2.472362E+00
-1.565000E+00,+582.915E-03,+523.618E-03,+2.489950E+00
-1.560000E+00,+540.201E-03,+566.332E-03,+2.472362E+00
-1.555000E+00,+525.126E-03,+501.005E-03,+2.552764E+00
-1.550000E+00,+502.513E-03,+523.618E-03,+2.469849E+00
-1.545000E+00,+502.513E-03,+523.618E-03,+2.472362E+00
-1.540000E+00,+497.487E-03,+480.905E-03,+2.552764E+00
-1.535000E+00,+525.126E-03,+501.005E-03,+2.472362E+00
-1.530000E+00,+580.402E-03,+521.106E-03,+2.552764E+00
-1.525000E+00,+502.513E-03,+488.442E-03,+2.535176E+00
-1.520000E+00,+427.136E-03,+443.216E-03,+2.552764E+00
-1.515000E+00,+502.513E-03,+443.216E-03,+2.552764E+00
-1.510000E+00,+422.111E-03,+443.216E-03,+2.474874E+00
-1.505000E+00,+439.698E-03,+523.618E-03,+2.489950E+00
-1.500000E+00,+459.799E-03,+485.930E-03,+2.552764E+00
-1.495000E+00,+502.513E-03,+443.216E-03,+2.530151E+00
-1.490000E+00,+500.000E-03,+445.729E-03,+2.550251E+00
-1.485000E+00,+422.111E-03,+425.628E-03,+2.472362E+00
-1.480000E+00,+459.799E-03,+443.216E-03,+2.467337E+00
-1.475000E+00,+399.497E-03,+478.392E-03,+2.552764E+00
-1.470000E+00,+419.598E-03,+518.593E-03,+2.469849E+00
-1.465000E+00,+394.472E-03,+425.628E-03,+2.615578E+00
-1.460000E+00,+459.799E-03,+400.503E-03,+2.552764E+00
-1.455000E+00,+422.111E-03,+420.603E-03,+2.472362E+00
-1.450000E+00,+341.708E-03,+362.814E-03,+2.552764E+00
-1.445000E+00,+422.111E-03,+380.402E-03,+2.552764E+00
-1.440000E+00,+459.799E-03,+443.216E-03,+2.467337E+00
-1.435000E+00,+422.111E-03,+420.603E-03,+2.472362E+00
-1.430000E+00,+424.623E-03,+365.327E-03,+2.547739E+00
-1.425000E+00,+404.523E-03,+408.040E-03,+2.535176E+00
-1.420000E+00,+422.111E-03,+325.126E-03,+2.472362E+00
-1.415000E+00,+341.708E-03,+327.638E-03,+2.472362E+00
-1.410000E+00,+341.708E-03,+365.327E-03,+2.550251E+00
-1.405000E+00,+359.296E-03,+425.628E-03,+2.552764E+00
-1.400000E+00,+422.111E-03,+362.814E-03,+2.515075E+00
-1.395000E+00,+364.322E-03,+305.025E-03,+2.552764E+00
-1.390000E+00,+341.708E-03,+362.814E-03,+2.474874E+00
-1.385000E+00,+341.708E-03,+425.628E-03,+2.409548E+00
-1.380000E+00,+384.422E-03,+282.412E-03,+2.552764E+00
-1.375000E+00,+364.322E-03,+362.814E-03,+2.494975E+00
-1.370000E+00,+419.598E-03,+362.814E-03,+2.472362E+00
-1.365000E+00,+341.708E-03,+362.814E-03,+2.489950E+00
-1.360000E+00,+341.708E-03,+282.412E-03,+2.547739E+00
-1.355000E+00,+341.708E-03,+362.814E-03,+2.472362E+00
-1.350000E+00,+266.332E-03,+282.412E-03,+2.472362E+00
-1.345000E+00,+261.306E-03,+300.000E-03,+2.507538E+00
-1.340000E+00,+341.708E-03,+325.126E-03,+2.515075E+00
-1.335000E+00,+341.708E-03,+340.201E-03,+2.414573E+00
-1.330000E+00,+263.819E-03,+282.412E-03,+2.474874E+00
-1.325000E+00,+341.708E-03,+362.814E-03,+2.552764E+00
-1.320000E+00,+261.306E-03,+239.698E-03,+2.477387E+00
-1.315000E+00,+319.095E-03,+282.412E-03,+2.472362E+00
-1.310000E+00,+341.708E-03,+284.925E-03,+2.552764E+00
-1.305000E+00,+216.080E-03,+300.000E-03,+2.489950E+00
-1.300000E+00,+218.593E-03,+239.698E-03,+2.552764E+00
-1.295000E+00,+261.306E-03,+224.623E-03,+2.472362E+00
-1.290000E+00,+185.930E-03,+202.010E-03,+2.474874E+00
-1.285000E+00,+180.904E-03,+237.186E-03,+2.552764E+00
-1.280000E+00,+261.306E-03,+282.412E-03,+2.515075E+00
-1.275000E+00,+261.306E-03,+202.010E-03,+2.517588E+00
-1.270000E+00,+261.306E-03,+204.523E-03,+2.552764E+00
-1.265000E+00,+198.492E-03,+202.010E-03,+2.472362E+00
-1.260000E+00,+218.593E-03,+202.010E-03,+2.472362E+00
-1.255000E+00,+261.306E-03,+259.799E-03,+2.552764E+00
-1.250000E+00,+261.306E-03,+279.899E-03,+2.550251E+00
-1.245000E+00,+243.719E-03,+264.824E-03,+2.552764E+00
-1.240000E+00,+256.281E-03,+202.010E-03,+2.515075E+00
-1.235000E+00,+180.904E-03,+144.221E-03,+2.494975E+00
-1.230000E+00,+180.904E-03,+124.121E-03,+2.550251E+00
-1.225000E+00,+198.492E-03,+139.196E-03,+2.535176E+00
-1.220000E+00,+218.593E-03,+202.010E-03,+2.552764E+00
-1.215000E+00,+180.904E-03,+202.010E-03,+2.530151E+00
-1.210000E+00,+180.904E-03,+126.633E-03,+2.550251E+00
-1.205000E+00,+163.317E-03,+184.422E-03,+2.489950E+00
-1.200000E+00,+223.618E-03,+202.010E-03,+2.434673E+00
-1.195000E+00,+216.080E-03,+202.010E-03,+2.472362E+00
-1.190000E+00,+183.417E-03,+199.497E-03,+2.394472E+00
-1.185000E+00,+180.904E-03,+156.784E-03,+2.597990E+00
-1.180000E+00,+138.191E-03,+159.296E-03,+2.510050E+00
-1.175000E+00,+100.502E-03,+144.221E-03,+2.472362E+00
-1.170000E+00,+178.392E-03,+199.497E-03,+2.550251E+00
-1.165000E+00,+135.678E-03,+104.020E-03,+2.552764E+00
-1.160000E+00,+180.904E-03,+78.894E-03,+2.515075E+00
-1.155000E+00,+123.116E-03,+144.221E-03,+2.472362E+00
-1.150000E+00,+100.502E-03,+121.608E-03,+2.550251E+00
-1.145000E+00,+163.317E-03,+76.382E-03,+2.472362E+00
-1.140000E+00,+57.789E-03,+121.608E-03,+2.515075E+00
-1.135000E+00,+158.291E-03,+121.608E-03,+2.552764E+00
-1.130000E+00,+178.392E-03,+196.985E-03,+2.633166E+00
-1.125000E+00,+82.915E-03,+104.020E-03,+2.489950E+00
-1.120000E+00,+138.191E-03,+164.322E-03,+2.552764E+00
-1.115000E+00,+158.291E-03,+121.608E-03,+2.494975E+00
-1.110000E+00,+100.502E-03,+121.608E-03,+2.474874E+00
-1.105000E+00,+100.502E-03,+41.206E-03,+2.597990E+00
-1.100000E+00,+57.789E-03,+46.231E-03,+2.515075E+00
-1.095000E+00,+20.100E-03,+41.206E-03,+2.530151E+00
-1.090000E+00,+178.392E-03,+119.095E-03,+2.474874E+00
-1.085000E+00,+100.502E-03,+58.794E-03,+2.552764E+00
-1.080000E+00,+62.814E-03,-39.196E-03,+2.510050E+00
-1.075000E+00,+42.714E-03,+63.819E-03,+2.494975E+00
-1.070000E+00,+100.502E-03,-36.683E-03,+2.474874E+00
-1.065000E+00,+37.688E-03,+104.020E-03,+2.427136E+00
-1.060000E+00,+20.100E-03,+41.206E-03,+2.477387E+00
-1.055000E+00,+20.100E-03,+41.206E-03,+2.530151E+00
-1.050000E+00,+20.100E-03,-36.683E-03,+2.550251E+00
-1.045000E+00,+20.100E-03,-21.608E-03,+2.535176E+00
-1.040000E+00,+57.789E-03,+41.206E-03,+2.515075E+00
-1.035000E+00,+77.889E-03,+18.593E-03,+2.530151E+00
-1.030000E+00,+17.588E-03,+36.181E-03,+2.474874E+00
-1.025000E+00,+20.100E-03,+104.020E-03,+2.489950E+00
-1.020000E+00,+20.100E-03,+3.518E-03,+2.547739E+00
-1.015000E+00,+20.100E-03,+41.206E-03,+2.552764E+00
-1.010000E+00,+20.100E-03,-36.683E-03,+2.472362E+00
-1.005000E+00,+20.100E-03,+23.618E-03,+2.552764E+00
-1.000000E+00,-22.613E-03,-44.221E-03,+2.595477E+00
-995.000E-03,+20.100E-03,-61.809E-03,+2.552764E+00
-990.000E-03,+17.588E-03,+38.693E-03,+2.474874E+00
-985.000E-03,+2.513E-03,-39.196E-03,+2.535176E+00
-980.000E-03,+20.100E-03,+3.518E-03,+2.557789E+00
-975.000E-03,-37.688E-03,-39.196E-03,+2.472362E+00
-970.000E-03,+20.100E-03,-39.196E-03,+2.550251E+00
-965.000E-03,+20.100E-03,-21.608E-03,+2.507538E+00
-960.000E-03,-22.613E-03,-1.508E-03,+2.552764E+00
-955.000E-03,-37.688E-03,-39.196E-03,+2.552764E+00
-950.000E-03,-135.678E-03,+38.693E-03,+2.474874E+00
-945.000E-03,+20.100E-03,+23.618E-03,+2.535176E+00
-940.000E-03,+20.100E-03,-76.884E-03,+2.510050E+00
-935.000E-03,-2.513E-03,-16.583E-03,+2.507538E+00
-930.000E-03,-57.789E-03,-39.196E-03,+2.555276E+00
-925.000E-03,+20.100E-03,-21.608E-03,+2.409548E+00
-920.000E-03,-17.588E-03,-1.508E-03,+2.510050E+00
-915.000E-03,+77.889E-03,+18.593E-03,+2.494975E+00
-910.000E-03,-60.302E-03,-39.196E-03,+2.550251E+00
-905.000E-03,+20.100E-03,+23.618E-03,+2.489950E+00
-900.000E-03,+20.100E-03,-1.508E-03,+2.477387E+00
-895.000E-03,-2.513E-03,-39.196E-03,+2.587940E+00
-890.000E-03,-57.789E-03,+38.693E-03,+2.474874E+00
-885.000E-03,+20.100E-03,-39.196E-03,+2.454774E+00
-880.000E-03,-22.613E-03,-39.196E-03,+2.434673E+00
-875.000E-03,-2.513E-03,-61.809E-03,+2.414573E+00
-870.000E-03,+17.588E-03,-36.683E-03,+2.552764E+00
-865.000E-03,+82.915E-03,-21.608E-03,+2.472362E+00
-860.000E-03,-22.613E-03,+3.518E-03,+2.552764E+00
-855.000E-03,-2.513E-03,-16.583E-03,+2.530151E+00
-850.000E-03,-138.191E-03,+41.206E-03,+2.472362E+00
-845.000E-03,-42.714E-03,+41.206E-03,+2.472362E+00
-840.000E-03,-22.613E-03,-44.221E-03,+2.510050E+00
-835.000E-03,-60.302E-03,-74.372E-03,+2.530151E+00
-830.000E-03,-62.814E-03,+38.693E-03,+2.474874E+00
-825.000E-03,+2.513E-03,+41.206E-03,+2.535176E+00
-820.000E-03,-17.588E-03,+3.518E-03,+2.510050E+00
-815.000E-03,-15.075E-03,+18.593E-03,+2.530151E+00
-810.000E-03,+17.588E-03,+41.206E-03,+2.550251E+00
-805.000E-03,+37.688E-03,-56.784E-03,+2.552764E+00
-800.000E-03,+62.814E-03,-1.508E-03,+2.472362E+00
-795.000E-03,+20.100E-03,-96.985E-03,+2.494975E+00
-790.000E-03,-55.276E-03,-36.683E-03,+2.472362E+00
-785.000E-03,+2.513E-03,+23.618E-03,+2.489950E+00
-780.000E-03,-17.588E-03,-39.196E-03,+2.510050E+00
-775.000E-03,+20.100E-03,-39.196E-03,+2.530151E+00
-770.000E-03,+20.100E-03,-36.683E-03,+2.630653E+00
-765.000E-03,+2.513E-03,+41.206E-03,+2.552764E+00
-760.000E-03,+20.100E-03,-44.221E-03,+2.552764E+00
-755.000E-03,-2.513E-03,+18.593E-03,+2.530151E+00
-750.000E-03,-57.789E-03,-41.709E-03,+2.550251E+00
-745.000E-03,+20.100E-03,-39.196E-03,+2.552764E+00
-740.000E-03,+20.100E-03,-1.508E-03,+2.515075E+00
-735.000E-03,-60.302E-03,-39.196E-03,+2.494975E+00
-730.000E-03,-60.302E-03,-39.196E-03,+2.550251E+00
-725.000E-03,+2.513E-03,-39.196E-03,+2.552764E+00
-720.000E-03,-17.588E-03,+3.518E-03,+2.472362E+00
-715.000E-03,-60.302E-03,-16.583E-03,+2.530151E+00
-710.000E-03,+20.100E-03,-39.196E-03,+2.472362E+00
-705.000E-03,+82.915E-03,-39.196E-03,+2.535176E+00
-700.000E-03,-60.302E-03,+3.518E-03,+2.467337E+00
-695.000E-03,-2.513E-03,-39.196E-03,+2.530151E+00
-690.000E-03,+20.100E-03,-39.196E-03,+2.550251E+00
-685.000E-03,-77.889E-03,-39.196E-03,+2.535176E+00
-680.000E-03,+20.100E-03,+41.206E-03,+2.515075E+00
-675.000E-03,-25.126E-03,+41.206E-03,+2.552764E+00
-670.000E-03,+20.100E-03,+38.693E-03,+2.552764E+00
-665.000E-03,+20.100E-03,-21.608E-03,+2.552764E+00
-660.000E-03,-103.015E-03,-44.221E-03,+2.515075E+00
-655.000E-03,-60.302E-03,-39.196E-03,+2.517588E+00
-650.000E-03,+20.100E-03,+38.693E-03,+2.472362E+00
-645.000E-03,+2.513E-03,-21.608E-03,+2.472362E+00
-640.000E-03,-22.613E-03,+3.518E-03,+2.547739E+00
-635.000E-03,+55.276E-03,+18.593E-03,+2.472362E+00
-630.000E-03,-57.789E-03,+38.693E-03,+2.472362E+00
-625.000E-03,-60.302E-03,+23.618E-03,+2.489950E+00
-620.000E-03,+25.126E-03,-39.196E-03,+2.510050E+00
-615.000E-03,-95.477E-03,+41.206E-03,+2.494975E+00
-610.000E-03,-57.789E-03,-36.683E-03,+2.472362E+00
-605.000E-03,-60.302E-03,-21.608E-03,+2.552764E+00
-600.000E-03,+62.814E-03,+41.206E-03,+2.467337E+00
-595.000E-03,-2.513E-03,-16.583E-03,+2.587940E+00
-590.000E-03,-57.789E-03,+41.206E-03,+2.552764E+00
-585.000E-03,+20.100E-03,+41.206E-03,+2.489950E+00
-580.000E-03,-27.638E-03,-1.508E-03,+2.472362E+00
-575.000E-03,-37.688E-03,-39.196E-03,+2.472362E+00
-570.000E-03,+20.100E-03,+41.206E-03,+2.550251E+00
-565.000E-03,+20.100E-03,+23.618E-03,+2.570352E+00
-560.000E-03,+15.075E-03,-39.196E-03,+2.472362E+00
-555.000E-03,-60.302E-03,-39.196E-03,+2.494975E+00
-550.000E-03,+20.100E-03,-36.683E-03,+2.472362E+00
-545.000E-03,-25.126E-03,-102.010E-03,+2.552764E+00
-540.000E-03,+20.100E-03,-1.508E-03,+2.515075E+00
-535.000E-03,+20.100E-03,-16.583E-03,+2.575377E+00
-530.000E-03,+20.100E-03,+38.693E-03,+2.550251E+00
-525.000E-03,-105.528E-03,+23.618E-03,+2.535176E+00
-520.000E-03,+20.100E-03,-39.196E-03,+2.552764E+00
-515.000E-03,-60.302E-03,+18.593E-03,+2.494975E+00
-510.000E-03,+20.100E-03,+38.693E-03,+2.628141E+00
-505.000E-03,+20.100E-03,-21.608E-03,+2.552764E+00
-500.000E-03,-22.613E-03,+41.206E-03,+2.472362E+00
-495.000E-03,-37.688E-03,+41.206E-03,+2.472362E+00
-490.000E-03,-57.789E-03,-39.196E-03,+2.552764E+00
-485.000E-03,+20.100E-03,+6.030E-03,+2.535176E+00
-480.000E-03,-60.302E-03,+3.518E-03,+2.510050E+00
-475.000E-03,-2.513E-03,-96.985E-03,+2.530151E+00
-470.000E-03,+17.588E-03,+36.181E-03,+2.550251E+00
-465.000E-03,-105.528E-03,-39.196E-03,+2.552764E+00
-460.000E-03,+20.100E-03,+3.518E-03,+2.552764E+00
-455.000E-03,-60.302E-03,-39.196E-03,+2.530151E+00
-450.000E-03,-62.814E-03,-114.573E-03,+2.472362E+00
-445.000E-03,+2.513E-03,-39.196E-03,+2.615578E+00
-440.000E-03,-17.588E-03,-1.508E-03,+2.552764E+00
-435.000E-03,-2.513E-03,-39.196E-03,+2.449749E+00
-430.000E-03,-57.789E-03,-39.196E-03,+2.394472E+00
-425.000E-03,+2.513E-03,-39.196E-03,+2.489950E+00
-420.000E-03,-17.588E-03,-1.508E-03,+2.510050E+00
-415.000E-03,+20.100E-03,+18.593E-03,+2.610553E+00
-410.000E-03,-57.789E-03,+41.206E-03,+2.628141E+00
-405.000E-03,+20.100E-03,-21.608E-03,+2.472362E+00
-400.000E-03,-17.588E-03,-1.508E-03,+2.515075E+00
-395.000E-03,+20.100E-03,-39.196E-03,+2.472362E+00
-390.000E-03,+17.588E-03,+38.693E-03,+2.550251E+00
-385.000E-03,-60.302E-03,+86.432E-03,+2.489950E+00
-380.000E-03,+20.100E-03,-1.508E-03,+2.552764E+00
-375.000E-03,-37.688E-03,-16.583E-03,+2.494975E+00
-370.000E-03,-57.789E-03,+38.693E-03,+2.550251E+00
-365.000E-03,+65.327E-03,-39.196E-03,+2.552764E+00
-360.000E-03,-22.613E-03,+3.518E-03,+2.510050E+00
-355.000E-03,-2.513E-03,-16.583E-03,+2.494975E+00
-350.000E-03,+20.100E-03,-36.683E-03,+2.550251E+00
-345.000E-03,-42.714E-03,+23.618E-03,+2.552764E+00
-340.000E-03,-17.588E-03,-39.196E-03,+2.552764E+00
-335.000E-03,-37.688E-03,+41.206E-03,+2.575377E+00
-330.000E-03,+20.100E-03,-39.196E-03,+2.550251E+00
-325.000E-03,+20.100E-03,+41.206E-03,+2.409548E+00
-320.000E-03,-65.327E-03,-81.910E-03,+2.515075E+00
-315.000E-03,-82.915E-03,+18.593E-03,+2.472362E+00
-310.000E-03,-57.789E-03,-39.196E-03,+2.552764E+00
-305.000E-03,+20.100E-03,-39.196E-03,+2.552764E+00
-300.000E-03,-17.588E-03,-39.196E-03,+2.552764E+00
-295.000E-03,-15.075E-03,+41.206E-03,+2.494975E+00
-290.000E-03,+20.100E-03,-39.196E-03,+2.552764E+00
-285.000E-03,+82.915E-03,-39.196E-03,+2.489950E+00
-280.000E-03,+20.100E-03,-1.508E-03,+2.467337E+00
-275.000E-03,-60.302E-03,-39.196E-03,+2.449749E+00
-270.000E-03,+17.588E-03,-36.683E-03,+2.555276E+00
-265.000E-03,-25.126E-03,-21.608E-03,+2.472362E+00
-260.000E-03,-60.302E-03,-34.171E-03,+2.472362E+00
-255.000E-03,-60.302E-03,+18.593E-03,+2.530151E+00
-250.000E-03,+20.100E-03,-36.683E-03,+2.555276E+00
-245.000E-03,+20.100E-03,+23.618E-03,+2.615578E+00
-240.000E-03,-17.588E-03,+3.518E-03,+2.547739E+00
-235.000E-03,-60.302E-03,-16.583E-03,+2.449749E+00
-230.000E-03,-60.302E-03,-39.196E-03,+2.552764E+00
-225.000E-03,-42.714E-03,-21.608E-03,+2.472362E+00
-220.000E-03,-22.613E-03,+3.518E-03,+2.467337E+00
-215.000E-03,-15.075E-03,+18.593E-03,+2.552764E+00
-210.000E-03,+17.588E-03,+41.206E-03,+2.550251E+00
-205.000E-03,+65.327E-03,+23.618E-03,+2.472362E+00
-200.000E-03,+57.789E-03,+3.518E-03,+2.510050E+00
-195.000E-03,-2.513E-03,-16.583E-03,+2.530151E+00
-190.000E-03,-57.789E-03,-39.196E-03,+2.552764E+00
-185.000E-03,+2.513E-03,-39.196E-03,+2.472362E+00
-180.000E-03,-103.015E-03,-44.221E-03,+2.547739E+00
-175.000E-03,-2.513E-03,-16.583E-03,+2.472362E+00
-170.000E-03,+95.477E-03,+38.693E-03,+2.550251E+00
-165.000E-03,-60.302E-03,-39.196E-03,+2.489950E+00
-160.000E-03,-17.588E-03,-1.508E-03,+2.547739E+00
-155.000E-03,+20.100E-03,-16.583E-03,+2.472362E+00
-150.000E-03,-60.302E-03,-39.196E-03,+2.474874E+00
-145.000E-03,+20.100E-03,-102.010E-03,+2.552764E+00
-140.000E-03,-60.302E-03,-1.508E-03,+2.515075E+00
-135.000E-03,+20.100E-03,-39.196E-03,+2.552764E+00
-130.000E-03,+17.588E-03,+41.206E-03,+2.474874E+00
-125.000E-03,-15.075E-03,-39.196E-03,+2.472362E+00
-120.000E-03,+20.100E-03,-39.196E-03,+2.472362E+00
-115.000E-03,-118.090E-03,+18.593E-03,+2.472362E+00
-110.000E-03,+95.477E-03,-39.196E-03,+2.550251E+00
-105.000E-03,-77.889E-03,-39.196E-03,+2.552764E+00
-100.000E-03,-22.613E-03,-39.196E-03,+2.472362E+00
-95.000E-03,+20.100E-03,-16.583E-03,+2.437186E+00
-90.000E-03,-135.678E-03,+38.693E-03,+2.477387E+00
-85.000E-03,-42.714E-03,-39.196E-03,+2.489950E+00
-80.000E-03,-22.613E-03,+41.206E-03,+2.429648E+00
-75.000E-03,+20.100E-03,-39.196E-03,+2.472362E+00
-70.000E-03,-60.302E-03,+116.583E-03,+2.472362E+00
-65.000E-03,-42.714E-03,-39.196E-03,+2.489950E+00
-60.000E-03,-22.613E-03,-39.196E-03,+2.590452E+00
-55.000E-03,-2.513E-03,-39.196E-03,+2.507538E+00
-50.000E-03,-55.276E-03,+41.206E-03,+2.394472E+00
-45.000E-03,-105.528E-03,-39.196E-03,+2.552764E+00
-40.000E-03,+20.100E-03,-39.196E-03,+2.515075E+00
-35.000E-03,-2.513E-03,-16.583E-03,+2.552764E+00
-30.000E-03,-60.302E-03,-36.683E-03,+2.396985E+00
-25.000E-03,+20.100E-03,-39.196E-03,+2.535176E+00
-20.000E-03,+20.100E-03,-39.196E-03,+2.552764E+00
-15.000E-03,+77.889E-03,+18.593E-03,+2.472362E+00
-10.000E-03,+17.588E-03,-39.196E-03,+2.550251E+00
-5.000E-03,-42.714E-03,+23.618E-03,+2.570352E+00
-0.0E+00,-55.276E-03,+41.206E-03,+2.510050E+00
+5.000E-03,-37.688E-03,+41.206E-03,+2.494975E+00
+10.000E-03,+17.588E-03,-36.683E-03,+2.472362E+00
+15.000E-03,-42.714E-03,+23.618E-03,+2.472362E+00
+20.000E-03,-97.990E-03,+41.206E-03,+2.552764E+00
+25.000E-03,-2.513E-03,-39.196E-03,+2.610553E+00
+30.000E-03,-57.789E-03,-117.085E-03,+2.474874E+00
+35.000E-03,-123.116E-03,-39.196E-03,+2.535176E+00
+40.000E-03,-22.613E-03,+41.206E-03,+2.552764E+00
+45.000E-03,+20.100E-03,+18.593E-03,+2.472362E+00
+50.000E-03,+20.100E-03,-39.196E-03,+2.474874E+00
+55.000E-03,+20.100E-03,-39.196E-03,+2.535176E+00
+60.000E-03,-12.563E-03,-114.573E-03,+2.552764E+00
+65.000E-03,+20.100E-03,-16.583E-03,+2.552764E+00
+70.000E-03,-57.789E-03,+38.693E-03,+2.469849E+00
+75.000E-03,-42.714E-03,-21.608E-03,+2.489950E+00
+80.000E-03,+20.100E-03,+41.206E-03,+2.515075E+00
+85.000E-03,+77.889E-03,+18.593E-03,+2.507538E+00
+90.000E-03,-57.789E-03,-39.196E-03,+2.552764E+00
+95.000E-03,+37.688E-03,-39.196E-03,+2.472362E+00
+100.000E-03,+62.814E-03,-34.171E-03,+2.510050E+00
+105.000E-03,-118.090E-03,-39.196E-03,+2.472362E+00
+110.000E-03,-60.302E-03,-39.196E-03,+2.552764E+00
+115.000E-03,-60.302E-03,-21.608E-03,+2.409548E+00
+120.000E-03,+20.100E-03,+3.518E-03,+2.467337E+00
+125.000E-03,+77.889E-03,-39.196E-03,+2.530151E+00
+130.000E-03,-57.789E-03,-117.085E-03,+2.552764E+00
+135.000E-03,-42.714E-03,-21.608E-03,+2.472362E+00
+140.000E-03,-17.588E-03,-39.196E-03,+2.510050E+00
+145.000E-03,-2.513E-03,-39.196E-03,+2.530151E+00
+150.000E-03,-60.302E-03,-34.171E-03,+2.552764E+00
+155.000E-03,-42.714E-03,-21.608E-03,+2.472362E+00
+160.000E-03,-60.302E-03,-39.196E-03,+2.552764E+00
+165.000E-03,-140.704E-03,-96.985E-03,+2.530151E+00
+170.000E-03,-57.789E-03,-36.683E-03,+2.469849E+00
+175.000E-03,+2.513E-03,-39.196E-03,+2.535176E+00
+180.000E-03,-22.613E-03,-39.196E-03,+2.472362E+00
+185.000E-03,-60.302E-03,+18.593E-03,+2.494975E+00
+190.000E-03,-57.789E-03,+38.693E-03,+2.552764E+00
+195.000E-03,+20.100E-03,-21.608E-03,+2.552764E+00
+200.000E-03,-22.613E-03,+3.518E-03,+2.515075E+00
+205.000E-03,-37.688E-03,+18.593E-03,+2.494975E+00
+210.000E-03,-57.789E-03,-39.196E-03,+2.552764E+00
+215.000E-03,+2.513E-03,-102.010E-03,+2.535176E+00
+220.000E-03,-22.613E-03,-39.196E-03,+2.510050E+00
+225.000E-03,-2.513E-03,-39.196E-03,+2.494975E+00
+230.000E-03,-57.789E-03,+38.693E-03,+2.469849E+00
+235.000E-03,-15.075E-03,-39.196E-03,+2.472362E+00
+240.000E-03,+20.100E-03,-39.196E-03,+2.515075E+00
+245.000E-03,-60.302E-03,+18.593E-03,+2.494975E+00
+250.000E-03,+17.588E-03,-39.196E-03,+2.477387E+00
+255.000E-03,+20.100E-03,-39.196E-03,+2.489950E+00
+260.000E-03,-22.613E-03,+3.518E-03,+2.552764E+00
+265.000E-03,+77.889E-03,+41.206E-03,+2.494975E+00
+270.000E-03,-60.302E-03,-36.683E-03,+2.550251E+00
+275.000E-03,-42.714E-03,-21.608E-03,+2.552764E+00
+280.000E-03,-60.302E-03,+41.206E-03,+2.472362E+00
+285.000E-03,-2.513E-03,-39.196E-03,+2.472362E+00
+290.000E-03,-60.302E-03,-39.196E-03,+2.552764E+00
+295.000E-03,-105.528E-03,-39.196E-03,+2.489950E+00
+300.000E-03,-17.588E-03,-39.196E-03,+2.515075E+00
+305.000E-03,-72.864E-03,-16.583E-03,+2.494975E+00
+310.000E-03,-60.302E-03,-36.683E-03,+2.474874E+00
+315.000E-03,+20.100E-03,-39.196E-03,+2.535176E+00
+320.000E-03,-22.613E-03,-39.196E-03,+2.472362E+00
+325.000E-03,-2.513E-03,-39.196E-03,+2.552764E+00
+330.000E-03,-57.789E-03,-39.196E-03,+2.474874E+00
+335.000E-03,-60.302E-03,+23.618E-03,+2.489950E+00
+340.000E-03,-22.613E-03,-39.196E-03,+2.547739E+00
+345.000E-03,-153.266E-03,+41.206E-03,+2.494975E+00
+350.000E-03,-55.276E-03,+38.693E-03,+2.472362E+00
+355.000E-03,+20.100E-03,-39.196E-03,+2.552764E+00
+360.000E-03,+20.100E-03,-39.196E-03,+2.510050E+00
+365.000E-03,-37.688E-03,-96.985E-03,+2.494975E+00
+370.000E-03,+20.100E-03,-36.683E-03,+2.547739E+00
+375.000E-03,-42.714E-03,-39.196E-03,+2.615578E+00
+380.000E-03,+20.100E-03,+3.518E-03,+2.510050E+00
+385.000E-03,-37.688E-03,-4.020E-03,+2.587940E+00
+390.000E-03,+20.100E-03,-39.196E-03,+2.474874E+00
+395.000E-03,+20.100E-03,-56.784E-03,+2.552764E+00
+400.000E-03,-60.302E-03,+41.206E-03,+2.552764E+00
+405.000E-03,+42.714E-03,+18.593E-03,+2.530151E+00
+410.000E-03,+20.100E-03,+38.693E-03,+2.552764E+00
+415.000E-03,+20.100E-03,-39.196E-03,+2.615578E+00
+420.000E-03,+20.100E-03,-39.196E-03,+2.472362E+00
+425.000E-03,+20.100E-03,+18.593E-03,+2.494975E+00
+430.000E-03,-62.814E-03,+38.693E-03,+2.472362E+00
+435.000E-03,-25.126E-03,-39.196E-03,+2.489950E+00
+440.000E-03,-17.588E-03,-1.508E-03,+2.434673E+00
+445.000E-03,+20.100E-03,+18.593E-03,+2.494975E+00
+450.000E-03,+20.100E-03,-39.196E-03,+2.630653E+00
+455.000E-03,-105.528E-03,+23.618E-03,+2.472362E+00
+460.000E-03,-60.302E-03,-39.196E-03,+2.590452E+00
+465.000E-03,+20.100E-03,-16.583E-03,+2.530151E+00
+470.000E-03,+20.100E-03,+38.693E-03,+2.474874E+00
+475.000E-03,+2.513E-03,-21.608E-03,+2.472362E+00
+480.000E-03,-17.588E-03,-39.196E-03,+2.472362E+00
+485.000E-03,+77.889E-03,+98.995E-03,+2.530151E+00
+490.000E-03,+22.613E-03,+36.181E-03,+2.552764E+00
+495.000E-03,-15.075E-03,+23.618E-03,+2.489950E+00
+500.000E-03,+62.814E-03,-39.196E-03,+2.434673E+00
+505.000E-03,+77.889E-03,+18.593E-03,+2.530151E+00
+510.000E-03,+20.100E-03,-114.573E-03,+2.630653E+00
+515.000E-03,-60.302E-03,-84.422E-03,+2.535176E+00
+520.000E-03,-55.276E-03,-39.196E-03,+2.472362E+00
+525.000E-03,+20.100E-03,-16.583E-03,+2.565327E+00
+530.000E-03,+17.588E-03,-36.683E-03,+2.552764E+00
+535.000E-03,+20.100E-03,-39.196E-03,+2.489950E+00
+540.000E-03,-22.613E-03,-39.196E-03,+2.547739E+00
+545.000E-03,-60.302E-03,-39.196E-03,+2.530151E+00
+550.000E-03,+20.100E-03,-39.196E-03,+2.474874E+00
+555.000E-03,-42.714E-03,+23.618E-03,+2.535176E+00
+560.000E-03,+20.100E-03,-1.508E-03,+2.515075E+00
+565.000E-03,+20.100E-03,-4.020E-03,+2.530151E+00
+570.000E-03,+20.100E-03,+38.693E-03,+2.477387E+00
+575.000E-03,-25.126E-03,-39.196E-03,+2.489950E+00
+580.000E-03,-17.588E-03,+41.206E-03,+2.472362E+00
+585.000E-03,-15.075E-03,-96.985E-03,+2.610553E+00
+590.000E-03,+97.990E-03,-36.683E-03,+2.474874E+00
+595.000E-03,-123.116E-03,+41.206E-03,+2.472362E+00
+600.000E-03,-60.302E-03,-39.196E-03,+2.472362E+00
+605.000E-03,+20.100E-03,+41.206E-03,+2.552764E+00
+610.000E-03,-60.302E-03,-36.683E-03,+2.472362E+00
+615.000E-03,+2.513E-03,-21.608E-03,+2.552764E+00
+620.000E-03,+20.100E-03,+41.206E-03,+2.472362E+00
+625.000E-03,+20.100E-03,+41.206E-03,+2.517588E+00
+630.000E-03,+20.100E-03,-39.196E-03,+2.550251E+00
+635.000E-03,-25.126E-03,-56.784E-03,+2.535176E+00
+640.000E-03,+20.100E-03,+3.518E-03,+2.552764E+00
+645.000E-03,+20.100E-03,-16.583E-03,+2.494975E+00
+650.000E-03,+20.100E-03,-36.683E-03,+2.550251E+00
+655.000E-03,-60.302E-03,-102.010E-03,+2.489950E+00
+660.000E-03,+25.126E-03,-39.196E-03,+2.472362E+00
+665.000E-03,-37.688E-03,-39.196E-03,+2.610553E+00
+670.000E-03,+20.100E-03,-39.196E-03,+2.550251E+00
+675.000E-03,+20.100E-03,+41.206E-03,+2.552764E+00
+680.000E-03,-60.302E-03,+41.206E-03,+2.472362E+00
+685.000E-03,-2.513E-03,-39.196E-03,+2.494975E+00
+690.000E-03,+17.588E-03,-34.171E-03,+2.628141E+00
+695.000E-03,-60.302E-03,-39.196E-03,+2.489950E+00
+700.000E-03,-22.613E-03,-39.196E-03,+2.515075E+00
+705.000E-03,+42.714E-03,+41.206E-03,+2.494975E+00
+710.000E-03,+20.100E-03,-39.196E-03,+2.550251E+00
+715.000E-03,-60.302E-03,-39.196E-03,+2.535176E+00
+720.000E-03,+20.100E-03,-39.196E-03,+2.510050E+00
+725.000E-03,+20.100E-03,+18.593E-03,+2.530151E+00
+730.000E-03,-133.166E-03,+38.693E-03,+2.552764E+00
+735.000E-03,-60.302E-03,-21.608E-03,+2.535176E+00
+740.000E-03,-97.990E-03,-1.508E-03,+2.552764E+00
+745.000E-03,+20.100E-03,-16.583E-03,+2.552764E+00
+750.000E-03,+20.100E-03,-39.196E-03,+2.552764E+00
+755.000E-03,+37.688E-03,-39.196E-03,+2.535176E+00
+760.000E-03,+62.814E-03,-1.508E-03,+2.510050E+00
+765.000E-03,-60.302E-03,+18.593E-03,+2.494975E+00
+770.000E-03,-138.191E-03,-39.196E-03,+2.552764E+00
+775.000E-03,-60.302E-03,+23.618E-03,+2.472362E+00
+780.000E-03,+20.100E-03,+41.206E-03,+2.472362E+00
+785.000E-03,+20.100E-03,+18.593E-03,+2.610553E+00
+790.000E-03,-57.789E-03,-39.196E-03,+2.474874E+00
+795.000E-03,+20.100E-03,+23.618E-03,+2.489950E+00
+800.000E-03,-60.302E-03,+3.518E-03,+2.472362E+00
+805.000E-03,-37.688E-03,-96.985E-03,+2.472362E+00
+810.000E-03,+17.588E-03,-39.196E-03,+2.628141E+00
+815.000E-03,+20.100E-03,-21.608E-03,+2.472362E+00
+820.000E-03,-60.302E-03,-76.884E-03,+2.515075E+00
+825.000E-03,+20.100E-03,+18.593E-03,+2.414573E+00
+830.000E-03,+20.100E-03,-39.196E-03,+2.550251E+00
+835.000E-03,+20.100E-03,-39.196E-03,+2.472362E+00
+840.000E-03,-22.613E-03,-1.508E-03,+2.552764E+00
+845.000E-03,+77.889E-03,-16.583E-03,+2.507538E+00
+850.000E-03,+20.100E-03,-39.196E-03,+2.474874E+00
+855.000E-03,+20.100E-03,+23.618E-03,+2.489950E+00
+860.000E-03,-22.613E-03,-39.196E-03,+2.552764E+00
+865.000E-03,-37.688E-03,-16.583E-03,+2.494975E+00
+870.000E-03,-60.302E-03,+38.693E-03,+2.472362E+00
+875.000E-03,+37.688E-03,-39.196E-03,+2.552764E+00
+880.000E-03,-17.588E-03,-1.508E-03,+2.510050E+00
+885.000E-03,-60.302E-03,-16.583E-03,+2.472362E+00
+890.000E-03,+17.588E-03,-41.709E-03,+2.472362E+00
+895.000E-03,-42.714E-03,-39.196E-03,+2.535176E+00
+900.000E-03,+20.100E-03,-1.508E-03,+2.552764E+00
+905.000E-03,-60.302E-03,-39.196E-03,+2.472362E+00
+910.000E-03,+15.075E-03,-39.196E-03,+2.550251E+00
+915.000E-03,-60.302E-03,-56.784E-03,+2.507538E+00
+920.000E-03,-17.588E-03,+3.518E-03,+2.515075E+00
+925.000E-03,-60.302E-03,+41.206E-03,+2.414573E+00
+930.000E-03,+20.100E-03,-39.196E-03,+2.474874E+00
+935.000E-03,-60.302E-03,-39.196E-03,+2.535176E+00
+940.000E-03,-22.613E-03,+3.518E-03,+2.515075E+00
+945.000E-03,+42.714E-03,-39.196E-03,+2.575377E+00
+950.000E-03,+22.613E-03,-36.683E-03,+2.474874E+00
+955.000E-03,-25.126E-03,-39.196E-03,+2.552764E+00
+960.000E-03,-17.588E-03,-39.196E-03,+2.552764E+00
+965.000E-03,-37.688E-03,+18.593E-03,+2.530151E+00
+970.000E-03,+100.502E-03,-117.085E-03,+2.550251E+00
+975.000E-03,+20.100E-03,+6.030E-03,+2.535176E+00
+980.000E-03,+62.814E-03,+3.518E-03,+2.434673E+00
+985.000E-03,+20.100E-03,-96.985E-03,+2.530151E+00
+990.000E-03,+17.588E-03,-39.196E-03,+2.472362E+00
+995.000E-03,+20.100E-03,+41.206E-03,+2.489950E+00
+1.000000E+00,+20.100E-03,-39.196E-03,+2.515075E+00
+1.005000E+00,-15.075E-03,+41.206E-03,+2.414573E+00
+1.010000E+00,+17.588E-03,-36.683E-03,+2.550251E+00
+1.015000E+00,-77.889E-03,-21.608E-03,+2.472362E+00
+1.020000E+00,+20.100E-03,-39.196E-03,+2.510050E+00
+1.025000E+00,-60.302E-03,-39.196E-03,+2.449749E+00
+1.030000E+00,+17.588E-03,+38.693E-03,+2.474874E+00
+1.035000E+00,+20.100E-03,+6.030E-03,+2.472362E+00
+1.040000E+00,-22.613E-03,-1.508E-03,+2.552764E+00
+1.045000E+00,+20.100E-03,-16.583E-03,+2.530151E+00
+1.050000E+00,-62.814E-03,-36.683E-03,+2.474874E+00
+1.055000E+00,-42.714E-03,-21.608E-03,+2.597990E+00
+1.060000E+00,-22.613E-03,-39.196E-03,+2.510050E+00
+1.065000E+00,-60.302E-03,-96.985E-03,+2.552764E+00
+1.070000E+00,+17.588E-03,+41.206E-03,+2.550251E+00
+1.075000E+00,-42.714E-03,-39.196E-03,+2.552764E+00
+1.080000E+00,-22.613E-03,+41.206E-03,+2.552764E+00
+1.085000E+00,+20.100E-03,+18.593E-03,+2.552764E+00
+1.090000E+00,-62.814E-03,-36.683E-03,+2.396985E+00
+1.095000E+00,+20.100E-03,-39.196E-03,+2.570352E+00
+1.100000E+00,-17.588E-03,-1.508E-03,+2.552764E+00
+1.105000E+00,-37.688E-03,-16.583E-03,+2.507538E+00
+1.110000E+00,-57.789E-03,-39.196E-03,+2.474874E+00
+1.115000E+00,-77.889E-03,-84.422E-03,+2.535176E+00
+1.120000E+00,+20.100E-03,+3.518E-03,+2.510050E+00
+1.125000E+00,-2.513E-03,-39.196E-03,+2.494975E+00
+1.130000E+00,-60.302E-03,-39.196E-03,+2.628141E+00
+1.135000E+00,+20.100E-03,+41.206E-03,+2.489950E+00
+1.140000E+00,+20.100E-03,-39.196E-03,+2.510050E+00
+1.145000E+00,+20.100E-03,-61.809E-03,+2.610553E+00
+1.150000E+00,+17.588E-03,+38.693E-03,+2.555276E+00
+1.155000E+00,+20.100E-03,-39.196E-03,+2.489950E+00
+1.160000E+00,-17.588E-03,+3.518E-03,+2.510050E+00
+1.165000E+00,+20.100E-03,+18.593E-03,+2.494975E+00
+1.170000E+00,+17.588E-03,-36.683E-03,+2.550251E+00
+1.175000E+00,+20.100E-03,-21.608E-03,+2.535176E+00
+1.180000E+00,+20.100E-03,-39.196E-03,+2.510050E+00
+1.185000E+00,+20.100E-03,-16.583E-03,+2.472362E+00
+1.190000E+00,+95.477E-03,-39.196E-03,+2.550251E+00
+1.195000E+00,+2.513E-03,-21.608E-03,+2.535176E+00
+1.200000E+00,+20.100E-03,+3.518E-03,+2.472362E+00
+1.205000E+00,+77.889E-03,+18.593E-03,+2.494975E+00
+1.210000E+00,-60.302E-03,+41.206E-03,+2.474874E+00
+1.215000E+00,+2.513E-03,+23.618E-03,+2.489950E+00
+1.220000E+00,-17.588E-03,+41.206E-03,+2.552764E+00
+1.225000E+00,-2.513E-03,-39.196E-03,+2.494975E+00
+1.230000E+00,+17.588E-03,-44.221E-03,+2.474874E+00
+1.235000E+00,+65.327E-03,+41.206E-03,+2.517588E+00
+1.240000E+00,+20.100E-03,-39.196E-03,+2.510050E+00
+1.245000E+00,-60.302E-03,-16.583E-03,+2.530151E+00
+1.250000E+00,-57.789E-03,-39.196E-03,+2.552764E+00
+1.255000E+00,-42.714E-03,-21.608E-03,+2.489950E+00
+1.260000E+00,-22.613E-03,-76.884E-03,+2.472362E+00
+1.265000E+00,-2.513E-03,-16.583E-03,+2.530151E+00
+1.270000E+00,+17.588E-03,-39.196E-03,+2.474874E+00
+1.275000E+00,+2.513E-03,+23.618E-03,+2.535176E+00
+1.280000E+00,+62.814E-03,-1.508E-03,+2.515075E+00
+1.285000E+00,-37.688E-03,-39.196E-03,+2.575377E+00
+1.290000E+00,+17.588E-03,-36.683E-03,+2.474874E+00
+1.295000E+00,+2.513E-03,-56.784E-03,+2.507538E+00
+1.300000E+00,+20.100E-03,-39.196E-03,+2.472362E+00
+1.305000E+00,+20.100E-03,-39.196E-03,+2.507538E+00
+1.310000E+00,+17.588E-03,+41.206E-03,+2.472362E+00
+1.315000E+00,-60.302E-03,-21.608E-03,+2.427136E+00
+1.320000E+00,+20.100E-03,-39.196E-03,+2.552764E+00
+1.325000E+00,-37.688E-03,-39.196E-03,+2.552764E+00
+1.330000E+00,+17.588E-03,-117.085E-03,+2.550251E+00
+1.335000E+00,+2.513E-03,-39.196E-03,+2.472362E+00
+1.340000E+00,-17.588E-03,-39.196E-03,+2.515075E+00
+1.345000E+00,-2.513E-03,+18.593E-03,+2.552764E+00
+1.350000E+00,+17.588E-03,-36.683E-03,+2.552764E+00
+1.355000E+00,+20.100E-03,-56.784E-03,+2.489950E+00
+1.360000E+00,-17.588E-03,-76.884E-03,+2.515075E+00
+1.365000E+00,-37.688E-03,+18.593E-03,+2.494975E+00
+1.370000E+00,+97.990E-03,+41.206E-03,+2.474874E+00
+1.375000E+00,-42.714E-03,+23.618E-03,+2.552764E+00
+1.380000E+00,+20.100E-03,-1.508E-03,+2.552764E+00
+1.385000E+00,+20.100E-03,+18.593E-03,+2.472362E+00
+1.390000E+00,-57.789E-03,-39.196E-03,+2.474874E+00
+1.395000E+00,-60.302E-03,-56.784E-03,+2.472362E+00
+1.400000E+00,+57.789E-03,-39.196E-03,+2.472362E+00
+1.405000E+00,-60.302E-03,+41.206E-03,+2.552764E+00
+1.410000E+00,+20.100E-03,-117.085E-03,+2.630653E+00
+1.415000E+00,+37.688E-03,+23.618E-03,+2.552764E+00
+1.420000E+00,-22.613E-03,-1.508E-03,+2.467337E+00
+1.425000E+00,-2.513E-03,-39.196E-03,+2.472362E+00
+1.430000E+00,-60.302E-03,+38.693E-03,+2.552764E+00
+1.435000E+00,-123.116E-03,+23.618E-03,+2.427136E+00
+1.440000E+00,+20.100E-03,-39.196E-03,+2.557789E+00
+1.445000E+00,-2.513E-03,-39.196E-03,+2.575377E+00
+1.450000E+00,-57.789E-03,-36.683E-03,+2.552764E+00
+1.455000E+00,-60.302E-03,-39.196E-03,+2.552764E+00
+1.460000E+00,+20.100E-03,+41.206E-03,+2.515075E+00
+1.465000E+00,-37.688E-03,-61.809E-03,+2.552764E+00
+1.470000E+00,+20.100E-03,-39.196E-03,+2.474874E+00
+1.475000E+00,-25.126E-03,-21.608E-03,+2.472362E+00
+1.480000E+00,-17.588E-03,+3.518E-03,+2.552764E+00
+1.485000E+00,-60.302E-03,-39.196E-03,+2.530151E+00
+1.490000E+00,-57.789E-03,-39.196E-03,+2.552764E+00
+1.495000E+00,+37.688E-03,-21.608E-03,+2.535176E+00
+1.500000E+00,+15.075E-03,-39.196E-03,+2.472362E+00
+1.505000E+00,-2.513E-03,-39.196E-03,+2.530151E+00
+1.510000E+00,+20.100E-03,-39.196E-03,+2.474874E+00
+1.515000E+00,-42.714E-03,-39.196E-03,+2.489950E+00
+1.520000E+00,-22.613E-03,-39.196E-03,+2.590452E+00
+1.525000E+00,+20.100E-03,+18.593E-03,+2.587940E+00
+1.530000E+00,+17.588E-03,-41.709E-03,+2.550251E+00
+1.535000E+00,-60.302E-03,-21.608E-03,+2.535176E+00
+1.540000E+00,-22.613E-03,-39.196E-03,+2.552764E+00
+1.545000E+00,-37.688E-03,+18.593E-03,+2.494975E+00
+1.550000E+00,+17.588E-03,+41.206E-03,+2.396985E+00
+1.555000E+00,-42.714E-03,+23.618E-03,+2.489950E+00
+1.560000E+00,-22.613E-03,-1.508E-03,+2.590452E+00
+1.565000E+00,-37.688E-03,+18.593E-03,+2.472362E+00
+1.570000E+00,+17.588E-03,-36.683E-03,+2.547739E+00
+1.575000E+00,-42.714E-03,-21.608E-03,+2.472362E+00
+1.580000E+00,+20.100E-03,-39.196E-03,+2.552764E+00
+1.585000E+00,-60.302E-03,-74.372E-03,+2.565327E+00
+1.590000E+00,-133.166E-03,+41.206E-03,+2.472362E+00
+1.595000E+00,+20.100E-03,-39.196E-03,+2.489950E+00
+1.600000E+00,-22.613E-03,-39.196E-03,+2.590452E+00
+1.605000E+00,-2.513E-03,-39.196E-03,+2.494975E+00
+1.610000E+00,+20.100E-03,-36.683E-03,+2.474874E+00
+1.615000E+00,-42.714E-03,+6.030E-03,+2.489950E+00
+1.620000E+00,-17.588E-03,+3.518E-03,+2.552764E+00
+1.625000E+00,+20.100E-03,-16.583E-03,+2.552764E+00
+1.630000E+00,+20.100E-03,-117.085E-03,+2.550251E+00
+1.635000E+00,-123.116E-03,+6.030E-03,+2.552764E+00
+1.640000E+00,-17.588E-03,-39.196E-03,+2.510050E+00
+1.645000E+00,-2.513E-03,-61.809E-03,+2.552764E+00
+1.650000E+00,+17.588E-03,+38.693E-03,+2.474874E+00
+1.655000E+00,-60.302E-03,-21.608E-03,+2.552764E+00
+1.660000E+00,+57.789E-03,+41.206E-03,+2.552764E+00
+1.665000E+00,-60.302E-03,+41.206E-03,+2.530151E+00
+1.670000E+00,-60.302E-03,-36.683E-03,+2.552764E+00
+1.675000E+00,-15.075E-03,-21.608E-03,+2.535176E+00
+1.680000E+00,+20.100E-03,-1.508E-03,+2.557789E+00
+1.685000E+00,-37.688E-03,-39.196E-03,+2.552764E+00
+1.690000E+00,-57.789E-03,+38.693E-03,+2.552764E+00
+1.695000E+00,-60.302E-03,-39.196E-03,+2.535176E+00
+1.700000E+00,-22.613E-03,-1.508E-03,+2.515075E+00
+1.705000E+00,-37.688E-03,-39.196E-03,+2.494975E+00
+1.710000E+00,-57.789E-03,+43.719E-03,+2.472362E+00
+1.715000E+00,-60.302E-03,+23.618E-03,+2.472362E+00
+1.720000E+00,-60.302E-03,+3.518E-03,+2.467337E+00
+1.725000E+00,-60.302E-03,-39.196E-03,+2.530151E+00
+1.730000E+00,+17.588E-03,-36.683E-03,+2.472362E+00
+1.735000E+00,+20.100E-03,-4.020E-03,+2.472362E+00
+1.740000E+00,-22.613E-03,+41.206E-03,+2.515075E+00
+1.745000E+00,-37.688E-03,+18.593E-03,+2.494975E+00
+1.750000E+00,-62.814E-03,-41.709E-03,+2.552764E+00
+1.755000E+00,+20.100E-03,+23.618E-03,+2.552764E+00
+1.760000E+00,-55.276E-03,-39.196E-03,+2.590452E+00
+1.765000E+00,+20.100E-03,-39.196E-03,+2.472362E+00
+1.770000E+00,-60.302E-03,-39.196E-03,+2.552764E+00
+1.775000E+00,-60.302E-03,-21.608E-03,+2.597990E+00
+1.780000E+00,-60.302E-03,+3.518E-03,+2.510050E+00
+1.785000E+00,+20.100E-03,-39.196E-03,+2.494975E+00
+1.790000E+00,+97.990E-03,+38.693E-03,+2.550251E+00
+1.795000E+00,-42.714E-03,+41.206E-03,+2.472362E+00
+1.800000E+00,-103.015E-03,-1.508E-03,+2.429648E+00
+1.805000E+00,-37.688E-03,+18.593E-03,+2.610553E+00
+1.810000E+00,+97.990E-03,-36.683E-03,+2.472362E+00
+1.815000E+00,+2.513E-03,+23.618E-03,+2.489950E+00
+1.820000E+00,-17.588E-03,-44.221E-03,+2.510050E+00
+1.825000E+00,-60.302E-03,-74.372E-03,+2.472362E+00
+1.830000E+00,+22.613E-03,+41.206E-03,+2.550251E+00
+1.835000E+00,-60.302E-03,-39.196E-03,+2.454774E+00
+1.840000E+00,+20.100E-03,-44.221E-03,+2.472362E+00
+1.845000E+00,-2.513E-03,-16.583E-03,+2.494975E+00
+1.850000E+00,-57.789E-03,-36.683E-03,+2.396985E+00
+1.855000E+00,+20.100E-03,+41.206E-03,+2.489950E+00
+1.860000E+00,+20.100E-03,-81.910E-03,+2.552764E+00
+1.865000E+00,-60.302E-03,-39.196E-03,+2.530151E+00
+1.870000E+00,-60.302E-03,-39.196E-03,+2.474874E+00
+1.875000E+00,+37.688E-03,-39.196E-03,+2.472362E+00
+1.880000E+00,-17.588E-03,-1.508E-03,+2.472362E+00
+1.885000E+00,-2.513E-03,+18.593E-03,+2.437186E+00
+1.890000E+00,-57.789E-03,-36.683E-03,+2.550251E+00
+1.895000E+00,-60.302E-03,+23.618E-03,+2.489950E+00
+1.900000E+00,-22.613E-03,+41.206E-03,+2.515075E+00
+1.905000E+00,-37.688E-03,+18.593E-03,+2.575377E+00
+1.910000E+00,-135.678E-03,-39.196E-03,+2.628141E+00
+1.915000E+00,+2.513E-03,-39.196E-03,+2.552764E+00
+1.920000E+00,-22.613E-03,-1.508E-03,+2.472362E+00
+1.925000E+00,-60.302E-03,-39.196E-03,+2.552764E+00
+1.930000E+00,+17.588E-03,+41.206E-03,+2.552764E+00
+1.935000E+00,+20.100E-03,-39.196E-03,+2.489950E+00
+1.940000E+00,+20.100E-03,-39.196E-03,+2.515075E+00
+1.945000E+00,-2.513E-03,-16.583E-03,+2.494975E+00
+1.950000E+00,-55.276E-03,+41.206E-03,+2.472362E+00
+1.955000E+00,-77.889E-03,-21.608E-03,+2.535176E+00
+1.960000E+00,-22.613E-03,+3.518E-03,+2.552764E+00
+1.965000E+00,+20.100E-03,-16.583E-03,+2.517588E+00
+1.970000E+00,+20.100E-03,-39.196E-03,+2.552764E+00
+1.975000E+00,-60.302E-03,+23.618E-03,+2.535176E+00
+1.980000E+00,-17.588E-03,-1.508E-03,+2.515075E+00
+1.985000E+00,+100.502E-03,-39.196E-03,+2.494975E+00
+1.990000E+00,+20.100E-03,-36.683E-03,+2.550251E+00
+1.995000E+00,-60.302E-03,-39.196E-03,+2.570352E+00
+2.000000E+00,-17.588E-03,+3.518E-03,+2.472362E+00
+2.005000E+00,-2.513E-03,-39.196E-03,+2.472362E+00
+2.010000E+00,+15.075E-03,-39.196E-03,+2.472362E+00
+2.015000E+00,-123.116E-03,+58.794E-03,+2.535176E+00
+2.020000E+00,-17.588E-03,+41.206E-03,+2.515075E+00
+2.025000E+00,+20.100E-03,-39.196E-03,+2.530151E+00
+2.030000E+00,+20.100E-03,-39.196E-03,+2.474874E+00
+2.035000E+00,+2.513E-03,-21.608E-03,+2.552764E+00
+2.040000E+00,+20.100E-03,-1.508E-03,+2.467337E+00
+2.045000E+00,+20.100E-03,+18.593E-03,+2.472362E+00
+2.050000E+00,+20.100E-03,-36.683E-03,+2.550251E+00
+2.055000E+00,+2.513E-03,-39.196E-03,+2.454774E+00
+2.060000E+00,-60.302E-03,-39.196E-03,+2.472362E+00
+2.065000E+00,-2.513E-03,-39.196E-03,+2.472362E+00
+2.070000E+00,+22.613E-03,+38.693E-03,+2.472362E+00
+2.075000E+00,+2.513E-03,-39.196E-03,+2.472362E+00
+2.080000E+00,-22.613E-03,+3.518E-03,+2.472362E+00
+2.085000E+00,-37.688E-03,+18.593E-03,+2.530151E+00
+2.090000E+00,-60.302E-03,-39.196E-03,+2.472362E+00
+2.095000E+00,-15.075E-03,+41.206E-03,+2.346734E+00
+2.100000E+00,+20.100E-03,-39.196E-03,+2.472362E+00
+2.105000E+00,+20.100E-03,-16.583E-03,+2.472362E+00
+2.110000E+00,+17.588E-03,+38.693E-03,+2.469849E+00
+2.115000E+00,-42.714E-03,-21.608E-03,+2.535176E+00
+2.120000E+00,+20.100E-03,-39.196E-03,+2.429648E+00
+2.125000E+00,-2.513E-03,+18.593E-03,+2.449749E+00
+2.130000E+00,+22.613E-03,-39.196E-03,+2.319095E+00
+2.135000E+00,-42.714E-03,-21.608E-03,+2.409548E+00
+2.140000E+00,+20.100E-03,-39.196E-03,+2.391960E+00
+2.145000E+00,-60.302E-03,-16.583E-03,+2.369347E+00
+2.150000E+00,+17.588E-03,-39.196E-03,+2.391960E+00
+2.155000E+00,-25.126E-03,-21.608E-03,+2.454774E+00
+2.160000E+00,+20.100E-03,+41.206E-03,+2.391960E+00
+2.165000E+00,+42.714E-03,-16.583E-03,+2.427136E+00
+2.170000E+00,-60.302E-03,+41.206E-03,+2.391960E+00
+2.175000E+00,+2.513E-03,-21.608E-03,+2.329146E+00
+2.180000E+00,-17.588E-03,-1.508E-03,+2.391960E+00
+2.185000E+00,-2.513E-03,-16.583E-03,+2.334171E+00
+2.190000E+00,-57.789E-03,+41.206E-03,+2.311558E+00
+2.195000E+00,-42.714E-03,+41.206E-03,+2.329146E+00
+2.200000E+00,+20.100E-03,-39.196E-03,+2.354271E+00
+2.205000E+00,+42.714E-03,+18.593E-03,+2.311558E+00
+2.210000E+00,-138.191E-03,-36.683E-03,+2.311558E+00
+2.215000E+00,-42.714E-03,-102.010E-03,+2.374372E+00
+2.220000E+00,+20.100E-03,-44.221E-03,+2.354271E+00
+2.225000E+00,+20.100E-03,+41.206E-03,+2.311558E+00
+2.230000E+00,-57.789E-03,-117.085E-03,+2.386935E+00
+2.235000E+00,+82.915E-03,+23.618E-03,+2.374372E+00
+2.240000E+00,-55.276E-03,+3.518E-03,+2.311558E+00
+2.245000E+00,+42.714E-03,-74.372E-03,+2.253769E+00
+2.250000E+00,+17.588E-03,-39.196E-03,+2.233668E+00
+2.255000E+00,-42.714E-03,-21.608E-03,+2.293970E+00
+2.260000E+00,-17.588E-03,-39.196E-03,+2.273869E+00
+2.265000E+00,+20.100E-03,-16.583E-03,+2.231156E+00
+2.270000E+00,-60.302E-03,-39.196E-03,+2.309045E+00
+2.275000E+00,-60.302E-03,-4.020E-03,+2.213568E+00
+2.280000E+00,-60.302E-03,+41.206E-03,+2.268844E+00
+2.285000E+00,-82.915E-03,-39.196E-03,+2.311558E+00
+2.290000E+00,-57.789E-03,-114.573E-03,+2.231156E+00
+2.295000E+00,+2.513E-03,-21.608E-03,+2.276382E+00
+2.300000E+00,+57.789E-03,-81.910E-03,+2.231156E+00
+2.305000E+00,-2.513E-03,-96.985E-03,+2.231156E+00
+2.310000E+00,-60.302E-03,+38.693E-03,+2.386935E+00
+2.315000E+00,-42.714E-03,-39.196E-03,+2.231156E+00
+2.320000E+00,+20.100E-03,-44.221E-03,+2.231156E+00
+2.325000E+00,-2.513E-03,+41.206E-03,+2.128141E+00
+2.330000E+00,+17.588E-03,+41.206E-03,+2.228643E+00
+2.335000E+00,-60.302E-03,+23.618E-03,+2.185930E+00
+2.340000E+00,-17.588E-03,+3.518E-03,+2.193467E+00
+2.345000E+00,-2.513E-03,-39.196E-03,+2.195980E+00
+2.350000E+00,-60.302E-03,-39.196E-03,+2.153266E+00
+2.355000E+00,+2.513E-03,-39.196E-03,+2.231156E+00
+2.360000E+00,-17.588E-03,-1.508E-03,+2.193467E+00
+2.365000E+00,+20.100E-03,-39.196E-03,+2.231156E+00
+2.370000E+00,-60.302E-03,+38.693E-03,+2.231156E+00
+2.375000E+00,+20.100E-03,+23.618E-03,+2.150754E+00
+2.380000E+00,-22.613E-03,-1.508E-03,+2.188442E+00
+2.385000E+00,-37.688E-03,-39.196E-03,+2.150754E+00
+2.390000E+00,+20.100E-03,-39.196E-03,+2.150754E+00
+2.395000E+00,+82.915E-03,-39.196E-03,+2.213568E+00
+2.400000E+00,-60.302E-03,-76.884E-03,+2.113065E+00
+2.405000E+00,+20.100E-03,-39.196E-03,+2.128141E+00
+2.410000E+00,+20.100E-03,-36.683E-03,+2.228643E+00
+2.415000E+00,+2.513E-03,+23.618E-03,+2.150754E+00
+2.420000E+00,+15.075E-03,+3.518E-03,+2.188442E+00
+2.425000E+00,-37.688E-03,+41.206E-03,+2.070352E+00
+2.430000E+00,+17.588E-03,-39.196E-03,+2.150754E+00
+2.435000E+00,+2.513E-03,-39.196E-03,+2.150754E+00
+2.440000E+00,-17.588E-03,-39.196E-03,+2.070352E+00
+2.445000E+00,-60.302E-03,+41.206E-03,+2.150754E+00
+2.450000E+00,+20.100E-03,+38.693E-03,+2.150754E+00
+2.455000E+00,+2.513E-03,+6.030E-03,+2.087940E+00
+2.460000E+00,-17.588E-03,+3.518E-03,+2.108040E+00
+2.465000E+00,+77.889E-03,-4.020E-03,+2.128141E+00
+2.470000E+00,-57.789E-03,-117.085E-03,+2.072864E+00
+2.475000E+00,-60.302E-03,-39.196E-03,+2.007538E+00
+2.480000E+00,+20.100E-03,-76.884E-03,+2.070352E+00
+2.485000E+00,-37.688E-03,-96.985E-03,+2.150754E+00
+2.490000E+00,-57.789E-03,-117.085E-03,+2.070352E+00
+2.495000E+00,+2.513E-03,+23.618E-03,+2.070352E+00
+2.500000E+00,-17.588E-03,-39.196E-03,+2.065327E+00
+2.505000E+00,+20.100E-03,-4.020E-03,+1.989950E+00
+2.510000E+00,-60.302E-03,+38.693E-03,+1.989950E+00
+2.515000E+00,+2.513E-03,+41.206E-03,+2.070352E+00
+2.520000E+00,-17.588E-03,-34.171E-03,+2.032663E+00
+2.525000E+00,+20.100E-03,-16.583E-03,+2.012563E+00
+2.530000E+00,+97.990E-03,+38.693E-03,+2.070352E+00
+2.535000E+00,-60.302E-03,+23.618E-03,+2.052764E+00
+2.540000E+00,-103.015E-03,-39.196E-03,+2.027638E+00
+2.545000E+00,-2.513E-03,-16.583E-03,+1.989950E+00
+2.550000E+00,+20.100E-03,-36.683E-03,+1.987437E+00
+2.555000E+00,-60.302E-03,-39.196E-03,+2.007538E+00
+2.560000E+00,-17.588E-03,+41.206E-03,+2.027638E+00
+2.565000E+00,+20.100E-03,+18.593E-03,+2.070352E+00
+2.570000E+00,+22.613E-03,-39.196E-03,+1.992462E+00
+2.575000E+00,-42.714E-03,+23.618E-03,+2.052764E+00
+2.580000E+00,+20.100E-03,-1.508E-03,+2.032663E+00
+2.585000E+00,-15.075E-03,-39.196E-03,+1.932161E+00
+2.590000E+00,-140.704E-03,-39.196E-03,+1.912060E+00
+2.595000E+00,-123.116E-03,+23.618E-03,+1.909548E+00
+2.600000E+00,+20.100E-03,-1.508E-03,+1.989950E+00
+2.605000E+00,-60.302E-03,-16.583E-03,+1.909548E+00
+2.610000E+00,-57.789E-03,+41.206E-03,+1.987437E+00
+2.615000E+00,+20.100E-03,-21.608E-03,+1.989950E+00
+2.620000E+00,+62.814E-03,-39.196E-03,+1.994975E+00
+2.625000E+00,-2.513E-03,+18.593E-03,+1.909548E+00
+2.630000E+00,-57.789E-03,-39.196E-03,+1.989950E+00
+2.635000E+00,+2.513E-03,+23.618E-03,+1.909548E+00
+2.640000E+00,-22.613E-03,-39.196E-03,+1.909548E+00
+2.645000E+00,-37.688E-03,+18.593E-03,+1.989950E+00
+2.650000E+00,+17.588E-03,-36.683E-03,+1.984925E+00
+2.655000E+00,-42.714E-03,+41.206E-03,+1.954774E+00
+2.660000E+00,-103.015E-03,+41.206E-03,+1.866834E+00
+2.665000E+00,-60.302E-03,-39.196E-03,+1.851759E+00
+2.670000E+00,-57.789E-03,+41.206E-03,+1.907035E+00
+2.675000E+00,+20.100E-03,+41.206E-03,+1.909548E+00
+2.680000E+00,-22.613E-03,+3.518E-03,+1.871859E+00
+2.685000E+00,-37.688E-03,-39.196E-03,+1.851759E+00
+2.690000E+00,-135.678E-03,-39.196E-03,+1.829146E+00
+2.695000E+00,-42.714E-03,+23.618E-03,+1.846734E+00
+2.700000E+00,-97.990E-03,-1.508E-03,+1.871859E+00
+2.705000E+00,+20.100E-03,-39.196E-03,+1.886935E+00
+2.710000E+00,-57.789E-03,-39.196E-03,+1.907035E+00
+2.715000E+00,-42.714E-03,+41.206E-03,+1.811558E+00
+2.720000E+00,+62.814E-03,+3.518E-03,+1.829146E+00
+2.725000E+00,-37.688E-03,-119.598E-03,+1.829146E+00
+2.730000E+00,-60.302E-03,+41.206E-03,+1.829146E+00
+2.735000E+00,+37.688E-03,-39.196E-03,+1.811558E+00
+2.740000E+00,-60.302E-03,-76.884E-03,+1.829146E+00
+2.745000E+00,+20.100E-03,+41.206E-03,+1.829146E+00
+2.750000E+00,-57.789E-03,-41.709E-03,+1.907035E+00
+2.755000E+00,-25.126E-03,-21.608E-03,+1.748744E+00
+2.760000E+00,-60.302E-03,+41.206E-03,+1.786432E+00
+2.765000E+00,+20.100E-03,-16.583E-03,+1.771357E+00
+2.770000E+00,-60.302E-03,-39.196E-03,+1.829146E+00
+2.775000E+00,+2.513E-03,+23.618E-03,+1.829146E+00
+2.780000E+00,-17.588E-03,-39.196E-03,+1.748744E+00
+2.785000E+00,-2.513E-03,-61.809E-03,+1.713568E+00
+2.790000E+00,-57.789E-03,-36.683E-03,+1.829146E+00
+2.795000E+00,+20.100E-03,-39.196E-03,+1.783920E+00
+2.800000E+00,-60.302E-03,-1.508E-03,+1.824121E+00
+2.805000E+00,-37.688E-03,+41.206E-03,+1.645729E+00
+2.810000E+00,+20.100E-03,-39.196E-03,+1.748744E+00
+2.815000E+00,+2.513E-03,-21.608E-03,+1.811558E+00
+2.820000E+00,-17.588E-03,-39.196E-03,+1.753769E+00
+2.825000E+00,+20.100E-03,-39.196E-03,+1.783920E+00
+2.830000E+00,-60.302E-03,-39.196E-03,+1.670854E+00
+2.835000E+00,+2.513E-03,-21.608E-03,+1.748744E+00
+2.840000E+00,-22.613E-03,+3.518E-03,+1.706030E+00
+2.845000E+00,-37.688E-03,-16.583E-03,+1.748744E+00
+2.850000E+00,-62.814E-03,-36.683E-03,+1.668342E+00
+2.855000E+00,+82.915E-03,-21.608E-03,+1.748744E+00
+2.860000E+00,+20.100E-03,-1.508E-03,+1.711055E+00
+2.865000E+00,+20.100E-03,+18.593E-03,+1.690955E+00
+2.870000E+00,-57.789E-03,+38.693E-03,+1.595477E+00
+2.875000E+00,-42.714E-03,-39.196E-03,+1.668342E+00
+2.880000E+00,-17.588E-03,-1.508E-03,+1.748744E+00
+2.885000E+00,-2.513E-03,-16.583E-03,+1.645729E+00
+2.890000E+00,-60.302E-03,-114.573E-03,+1.665829E+00
+2.895000E+00,+2.513E-03,-102.010E-03,+1.650754E+00
+2.900000E+00,-60.302E-03,-39.196E-03,+1.706030E+00
+2.905000E+00,+20.100E-03,-39.196E-03,+1.633166E+00
+2.910000E+00,+20.100E-03,-39.196E-03,+1.587940E+00
+2.915000E+00,-42.714E-03,-84.422E-03,+1.668342E+00
+2.920000E+00,+20.100E-03,-119.598E-03,+1.706030E+00
+2.925000E+00,-2.513E-03,-39.196E-03,+1.668342E+00
+2.930000E+00,-55.276E-03,-36.683E-03,+1.512563E+00
+2.935000E+00,-15.075E-03,-21.608E-03,+1.650754E+00
+2.940000E+00,-17.588E-03,-1.508E-03,+1.587940E+00
+2.945000E+00,+20.100E-03,-39.196E-03,+1.726131E+00
+2.950000E+00,+95.477E-03,-117.085E-03,+1.665829E+00
+2.955000E+00,-15.075E-03,-21.608E-03,+1.668342E+00
+2.960000E+00,-60.302E-03,+3.518E-03,+1.625628E+00
+2.965000E+00,-37.688E-03,-39.196E-03,+1.610553E+00
+2.970000E+00,+17.588E-03,+38.693E-03,+1.590452E+00
+2.975000E+00,-42.714E-03,-39.196E-03,+1.587940E+00
+2.980000E+00,+20.100E-03,+41.206E-03,+1.630653E+00
+2.985000E+00,-37.688E-03,-39.196E-03,+1.565327E+00
+2.990000E+00,+17.588E-03,-36.683E-03,+1.587940E+00
+2.995000E+00,+20.100E-03,-21.608E-03,+1.633166E+00
+3.000000E+00,+15.075E-03,+41.206E-03,+1.545226E+00
+3.005000E+00,-60.302E-03,-39.196E-03,+1.645729E+00
+3.010000E+00,-135.678E-03,+38.693E-03,+1.510050E+00
+3.015000E+00,+20.100E-03,-39.196E-03,+1.570352E+00
+3.020000E+00,+62.814E-03,-39.196E-03,+1.587940E+00
+3.025000E+00,-37.688E-03,-16.583E-03,+1.530151E+00
+3.030000E+00,+22.613E-03,-36.683E-03,+1.585427E+00
+3.035000E+00,-60.302E-03,-21.608E-03,+1.525126E+00
+3.040000E+00,-22.613E-03,+41.206E-03,+1.587940E+00
+3.045000E+00,-37.688E-03,-16.583E-03,+1.507538E+00
+3.050000E+00,-55.276E-03,+38.693E-03,+1.510050E+00
+3.055000E+00,-60.302E-03,+41.206E-03,+1.552764E+00
+3.060000E+00,-60.302E-03,+3.518E-03,+1.507538E+00
+3.065000E+00,-37.688E-03,-39.196E-03,+1.507538E+00
+3.070000E+00,-60.302E-03,-36.683E-03,+1.505025E+00
+3.075000E+00,-42.714E-03,-39.196E-03,+1.507538E+00
+3.080000E+00,+57.789E-03,-34.171E-03,+1.507538E+00
+3.085000E+00,+77.889E-03,+18.593E-03,+1.449749E+00
+3.090000E+00,+100.502E-03,-114.573E-03,+1.585427E+00
+3.095000E+00,+2.513E-03,-39.196E-03,+1.489950E+00
+3.100000E+00,-60.302E-03,+3.518E-03,+1.502513E+00
+3.105000E+00,+20.100E-03,+18.593E-03,+1.427136E+00
+3.110000E+00,-57.789E-03,-39.196E-03,+1.429648E+00
+3.115000E+00,-60.302E-03,-21.608E-03,+1.444724E+00
+3.120000E+00,-22.613E-03,+3.518E-03,+1.464824E+00
+3.125000E+00,-95.477E-03,+18.593E-03,+1.427136E+00
+3.130000E+00,-57.789E-03,-39.196E-03,+1.505025E+00
+3.135000E+00,-15.075E-03,-39.196E-03,+1.346734E+00
+3.140000E+00,+62.814E-03,-1.508E-03,+1.469849E+00
+3.145000E+00,+20.100E-03,-96.985E-03,+1.404523E+00
+3.150000E+00,-60.302E-03,-36.683E-03,+1.505025E+00
+3.155000E+00,+2.513E-03,-21.608E-03,+1.346734E+00
+3.160000E+00,+20.100E-03,+41.206E-03,+1.384422E+00
+3.165000E+00,-60.302E-03,-96.985E-03,+1.346734E+00
+3.170000E+00,-60.302E-03,+38.693E-03,+1.427136E+00
+3.175000E+00,+20.100E-03,-39.196E-03,+1.444724E+00
+3.180000E+00,+20.100E-03,+3.518E-03,+1.427136E+00
+3.185000E+00,-15.075E-03,-39.196E-03,+1.449749E+00
+3.190000E+00,-57.789E-03,-36.683E-03,+1.427136E+00
+3.195000E+00,-42.714E-03,+23.618E-03,+1.346734E+00
+3.200000E+00,+20.100E-03,-39.196E-03,+1.464824E+00
+3.205000E+00,-60.302E-03,-39.196E-03,+1.404523E+00
+3.210000E+00,+95.477E-03,+41.206E-03,+1.271357E+00
+3.215000E+00,+20.100E-03,+23.618E-03,+1.329146E+00
+3.220000E+00,-22.613E-03,-39.196E-03,+1.346734E+00
+3.225000E+00,-60.302E-03,-96.985E-03,+1.288945E+00
+3.230000E+00,+17.588E-03,+38.693E-03,+1.266332E+00
+3.235000E+00,-42.714E-03,-21.608E-03,+1.409548E+00
+3.240000E+00,+20.100E-03,+3.518E-03,+1.384422E+00
+3.245000E+00,+20.100E-03,-39.196E-03,+1.288945E+00
+3.250000E+00,+15.075E-03,-39.196E-03,+1.346734E+00
+3.255000E+00,+2.513E-03,-39.196E-03,+1.283920E+00
+3.260000E+00,-22.613E-03,-1.508E-03,+1.341709E+00
+3.265000E+00,-37.688E-03,-39.196E-03,+1.324121E+00
+3.270000E+00,+17.588E-03,-39.196E-03,+1.268844E+00
+3.275000E+00,+82.915E-03,-39.196E-03,+1.346734E+00
+3.280000E+00,-22.613E-03,+3.518E-03,+1.304020E+00
+3.285000E+00,+20.100E-03,-61.809E-03,+1.288945E+00
+3.290000E+00,+20.100E-03,-39.196E-03,+1.344221E+00
+3.295000E+00,+20.100E-03,-39.196E-03,+1.329146E+00
+3.300000E+00,-22.613E-03,+3.518E-03,+1.266332E+00
+3.305000E+00,-2.513E-03,+41.206E-03,+1.266332E+00
+3.310000E+00,-60.302E-03,+41.206E-03,+1.261307E+00
+3.315000E+00,-60.302E-03,+23.618E-03,+1.266332E+00
+3.320000E+00,+20.100E-03,-39.196E-03,+1.228643E+00
+3.325000E+00,+20.100E-03,+41.206E-03,+1.266332E+00
+3.330000E+00,-62.814E-03,+38.693E-03,+1.266332E+00
+3.335000E+00,+20.100E-03,+23.618E-03,+1.248744E+00
+3.340000E+00,-17.588E-03,-34.171E-03,+1.266332E+00
+3.345000E+00,-2.513E-03,-16.583E-03,+1.243719E+00
+3.350000E+00,+20.100E-03,+41.206E-03,+1.185930E+00
+3.355000E+00,+2.513E-03,-21.608E-03,+1.248744E+00
+3.360000E+00,-17.588E-03,-39.196E-03,+1.228643E+00
+3.365000E+00,-37.688E-03,-39.196E-03,+1.128141E+00
+3.370000E+00,-60.302E-03,-39.196E-03,+1.183417E+00
+3.375000E+00,+2.513E-03,-21.608E-03,+1.203518E+00
+3.380000E+00,-60.302E-03,-81.910E-03,+1.185930E+00
+3.385000E+00,-37.688E-03,-39.196E-03,+1.185930E+00
+3.390000E+00,-57.789E-03,-41.709E-03,+1.188442E+00
+3.395000E+00,+20.100E-03,-39.196E-03,+1.185930E+00
+3.400000E+00,-17.588E-03,-39.196E-03,+1.148241E+00
+3.405000E+00,-60.302E-03,-39.196E-03,+1.105528E+00
+3.410000E+00,+20.100E-03,-36.683E-03,+1.183417E+00
+3.415000E+00,+82.915E-03,+41.206E-03,+1.185930E+00
+3.420000E+00,+20.100E-03,+41.206E-03,+1.143216E+00
+3.425000E+00,-2.513E-03,-16.583E-03,+1.185930E+00
+3.430000E+00,+20.100E-03,-36.683E-03,+1.108040E+00
+3.435000E+00,-42.714E-03,+23.618E-03,+1.185930E+00
+3.440000E+00,-22.613E-03,+41.206E-03,+1.185930E+00
+3.445000E+00,+20.100E-03,-16.583E-03,+1.185930E+00
+3.450000E+00,+22.613E-03,+38.693E-03,+1.108040E+00
+3.455000E+00,-42.714E-03,-39.196E-03,+1.150754E+00
+3.460000E+00,+20.100E-03,-76.884E-03,+1.105528E+00
+3.465000E+00,-37.688E-03,+41.206E-03,+1.047739E+00
+3.470000E+00,-60.302E-03,-36.683E-03,+1.185930E+00
+3.475000E+00,-105.528E-03,+23.618E-03,+1.168342E+00
+3.480000E+00,+57.789E-03,-1.508E-03,+1.110553E+00
+3.485000E+00,+20.100E-03,+18.593E-03,+1.105528E+00
+3.490000E+00,+20.100E-03,-39.196E-03,+1.103015E+00
+3.495000E+00,+20.100E-03,-39.196E-03,+1.025126E+00
+3.500000E+00,-22.613E-03,+3.518E-03,+1.105528E+00
+3.505000E+00,-37.688E-03,-61.809E-03,+1.047739E+00
+3.510000E+00,+20.100E-03,-39.196E-03,+947.236E-03
+3.515000E+00,-42.714E-03,-39.196E-03,+1.025126E+00
+3.520000E+00,+20.100E-03,-39.196E-03,+1.067839E+00
+3.525000E+00,-37.688E-03,-39.196E-03,+1.082915E+00
+3.530000E+00,+15.075E-03,-39.196E-03,+1.105528E+00
+3.535000E+00,-60.302E-03,-21.608E-03,+1.042714E+00
+3.540000E+00,-22.613E-03,+36.181E-03,+1.025126E+00
+3.545000E+00,-118.090E-03,-39.196E-03,+1.025126E+00
+3.550000E+00,-57.789E-03,-36.683E-03,+1.103015E+00
+3.555000E+00,-42.714E-03,-21.608E-03,+1.025126E+00
+3.560000E+00,+20.100E-03,+41.206E-03,+1.025126E+00
+3.565000E+00,-2.513E-03,+18.593E-03,+1.025126E+00
+3.570000E+00,-138.191E-03,+41.206E-03,+1.022613E+00
+3.575000E+00,-60.302E-03,-39.196E-03,+1.007538E+00
+3.580000E+00,-27.638E-03,+3.518E-03,+944.724E-03
+3.585000E+00,+42.714E-03,+18.593E-03,+1.025126E+00
+3.590000E+00,+20.100E-03,-36.683E-03,+1.022613E+00
+3.595000E+00,+82.915E-03,-39.196E-03,+1.025126E+00
+3.600000E+00,-60.302E-03,+3.518E-03,+1.025126E+00
+3.605000E+00,-2.513E-03,+18.593E-03,+944.724E-03
+3.610000E+00,+20.100E-03,-119.598E-03,+1.022613E+00
+3.615000E+00,+20.100E-03,-39.196E-03,+944.724E-03
+3.620000E+00,+20.100E-03,-39.196E-03,+907.035E-03
+3.625000E+00,+77.889E-03,+18.593E-03,+944.724E-03
+3.630000E+00,-60.302E-03,-39.196E-03,+947.236E-03
+3.635000E+00,+2.513E-03,+41.206E-03,+962.312E-03
+3.640000E+00,+20.100E-03,-1.508E-03,+944.724E-03
+3.645000E+00,+42.714E-03,-16.583E-03,+1.002513E+00
+3.650000E+00,+20.100E-03,+38.693E-03,+944.724E-03
+3.655000E+00,-60.302E-03,-39.196E-03,+864.322E-03
+3.660000E+00,-60.302E-03,-39.196E-03,+902.010E-03
+3.665000E+00,-37.688E-03,-61.809E-03,+851.759E-03
+3.670000E+00,+20.100E-03,-39.196E-03,+947.236E-03
+3.675000E+00,-60.302E-03,+23.618E-03,+989.950E-03
+3.680000E+00,-22.613E-03,-1.508E-03,+864.322E-03
+3.685000E+00,-2.513E-03,-16.583E-03,+864.322E-03
+3.690000E+00,+97.990E-03,-36.683E-03,+866.834E-03
+3.695000E+00,-60.302E-03,-21.608E-03,+927.136E-03
+3.700000E+00,-60.302E-03,+3.518E-03,+982.412E-03
+3.705000E+00,-37.688E-03,+41.206E-03,+864.322E-03
+3.710000E+00,-135.678E-03,-36.683E-03,+864.322E-03
+3.715000E+00,+20.100E-03,-39.196E-03,+864.322E-03
+3.720000E+00,-60.302E-03,-39.196E-03,+902.010E-03
+3.725000E+00,-2.513E-03,-96.985E-03,+899.498E-03
+3.730000E+00,+95.477E-03,+38.693E-03,+864.322E-03
+3.735000E+00,-42.714E-03,-21.608E-03,+881.910E-03
+3.740000E+00,-17.588E-03,+41.206E-03,+783.920E-03
+3.745000E+00,-60.302E-03,+41.206E-03,+864.322E-03
+3.750000E+00,+17.588E-03,-34.171E-03,+942.211E-03
+3.755000E+00,-42.714E-03,-39.196E-03,+738.694E-03
+3.760000E+00,-97.990E-03,+3.518E-03,+783.920E-03
+3.765000E+00,+20.100E-03,-16.583E-03,+841.709E-03
+3.770000E+00,+20.100E-03,+38.693E-03,+783.920E-03
+3.775000E+00,-42.714E-03,-21.608E-03,+783.920E-03
+3.780000E+00,-97.990E-03,-1.508E-03,+821.608E-03
+3.785000E+00,+55.276E-03,+41.206E-03,+841.709E-03
+3.790000E+00,-55.276E-03,+38.693E-03,+786.432E-03
+3.795000E+00,+20.100E-03,+6.030E-03,+846.734E-03
+3.800000E+00,-65.327E-03,+78.894E-03,+783.920E-03
+3.805000E+00,-60.302E-03,-61.809E-03,+783.920E-03
+3.810000E+00,+20.100E-03,-117.085E-03,+783.920E-03
+3.815000E+00,-25.126E-03,+23.618E-03,+783.920E-03
+3.820000E+00,-22.613E-03,-39.196E-03,+826.633E-03
+3.825000E+00,-25.126E-03,-39.196E-03,+761.307E-03
+3.830000E+00,-57.789E-03,+38.693E-03,+861.809E-03
+3.835000E+00,+20.100E-03,+23.618E-03,+658.291E-03
+3.840000E+00,+57.789E-03,+3.518E-03,+783.920E-03
+3.845000E+00,-118.090E-03,+41.206E-03,+690.955E-03
+3.850000E+00,-60.302E-03,-36.683E-03,+706.030E-03
+3.855000E+00,-42.714E-03,-39.196E-03,+721.106E-03
+3.860000E+00,-60.302E-03,+3.518E-03,+741.206E-03
+3.865000E+00,+20.100E-03,-39.196E-03,+783.920E-03
+3.870000E+00,-57.789E-03,-39.196E-03,+703.518E-03
+3.875000E+00,+37.688E-03,-21.608E-03,+640.704E-03
+3.880000E+00,+20.100E-03,+3.518E-03,+746.231E-03
+3.885000E+00,-37.688E-03,+18.593E-03,+623.116E-03
+3.890000E+00,+17.588E-03,+41.206E-03,+781.407E-03
+3.895000E+00,+2.513E-03,+41.206E-03,+685.930E-03
+3.900000E+00,-60.302E-03,-39.196E-03,+703.518E-03
+3.905000E+00,+20.100E-03,+18.593E-03,+623.116E-03
+3.910000E+00,-57.789E-03,-39.196E-03,+701.005E-03
+3.915000E+00,+2.513E-03,+23.618E-03,+703.518E-03
+3.920000E+00,-17.588E-03,+3.518E-03,+703.518E-03
+3.925000E+00,+20.100E-03,-96.985E-03,+645.729E-03
+3.930000E+00,+20.100E-03,+38.693E-03,+781.407E-03
+3.935000E+00,-42.714E-03,-84.422E-03,+577.889E-03
+3.940000E+00,-92.965E-03,+41.206E-03,+660.804E-03
+3.945000E+00,-60.302E-03,-39.196E-03,+645.729E-03
+3.950000E+00,+20.100E-03,-39.196E-03,+701.005E-03
+3.955000E+00,+2.513E-03,-39.196E-03,+623.116E-03
+3.960000E+00,-22.613E-03,-1.508E-03,+618.090E-03
+3.965000E+00,-118.090E-03,+18.593E-03,+565.327E-03
+3.970000E+00,-57.789E-03,-39.196E-03,+545.226E-03
+3.975000E+00,+2.513E-03,-102.010E-03,+685.930E-03
+3.980000E+00,+57.789E-03,-1.508E-03,+585.427E-03
+3.985000E+00,-2.513E-03,-16.583E-03,+623.116E-03
+3.990000E+00,-60.302E-03,+38.693E-03,+623.116E-03
+3.995000E+00,-42.714E-03,-21.608E-03,+605.528E-03
+4.000000E+00,-22.613E-03,-76.884E-03,+623.116E-03
+4.005000E+00,+20.100E-03,-39.196E-03,+565.327E-03
+4.010000E+00,+20.100E-03,+38.693E-03,+623.116E-03
+4.015000E+00,+20.100E-03,+23.618E-03,+605.528E-03
+4.020000E+00,+62.814E-03,-39.196E-03,+623.116E-03
+4.025000E+00,+20.100E-03,-39.196E-03,+635.678E-03
+4.030000E+00,+20.100E-03,-119.598E-03,+545.226E-03
+4.035000E+00,+20.100E-03,-39.196E-03,+560.302E-03
+4.040000E+00,-17.588E-03,+3.518E-03,+547.739E-03
+4.045000E+00,+55.276E-03,+41.206E-03,+542.714E-03
+4.050000E+00,-57.789E-03,-39.196E-03,+464.824E-03
+4.055000E+00,+2.513E-03,-21.608E-03,+542.714E-03
+4.060000E+00,-17.588E-03,-39.196E-03,+505.025E-03
+4.065000E+00,+20.100E-03,-16.583E-03,+439.699E-03
+4.070000E+00,-55.276E-03,+38.693E-03,+540.201E-03
+4.075000E+00,+2.513E-03,-102.010E-03,+444.724E-03
+4.080000E+00,-65.327E-03,+3.518E-03,+542.714E-03
+4.085000E+00,+77.889E-03,-39.196E-03,+439.699E-03
+4.090000E+00,-55.276E-03,-117.085E-03,+542.714E-03
+4.095000E+00,-105.528E-03,-102.010E-03,+542.714E-03
+4.100000E+00,+62.814E-03,+3.518E-03,+462.312E-03
+4.105000E+00,-2.513E-03,+41.206E-03,+404.523E-03
+4.110000E+00,-57.789E-03,+41.206E-03,+464.824E-03
+4.115000E+00,+20.100E-03,-39.196E-03,+525.126E-03
+4.120000E+00,-17.588E-03,-34.171E-03,+462.312E-03
+4.125000E+00,-15.075E-03,-74.372E-03,+497.487E-03
+4.130000E+00,-57.789E-03,-36.683E-03,+462.312E-03
+4.135000E+00,+2.513E-03,-39.196E-03,+399.498E-03
+4.140000E+00,-60.302E-03,+3.518E-03,+500.000E-03
+4.145000E+00,-60.302E-03,-39.196E-03,+462.312E-03
+4.150000E+00,+22.613E-03,-36.683E-03,+462.312E-03
+4.155000E+00,+20.100E-03,-21.608E-03,+479.900E-03
+4.160000E+00,-60.302E-03,+3.518E-03,+424.623E-03
+4.165000E+00,-37.688E-03,+41.206E-03,+427.136E-03
+4.170000E+00,+20.100E-03,-39.196E-03,+462.312E-03
+4.175000E+00,+20.100E-03,-21.608E-03,+462.312E-03
+4.180000E+00,-17.588E-03,-39.196E-03,+462.312E-03
+4.185000E+00,-37.688E-03,-39.196E-03,+417.085E-03
+4.190000E+00,+17.588E-03,-36.683E-03,+379.397E-03
+4.195000E+00,-60.302E-03,+23.618E-03,+381.910E-03
+4.200000E+00,+20.100E-03,-1.508E-03,+376.884E-03
+4.205000E+00,-60.302E-03,-4.020E-03,+462.312E-03
+4.210000E+00,+20.100E-03,-39.196E-03,+304.020E-03
+4.215000E+00,+20.100E-03,-39.196E-03,+444.724E-03
+4.220000E+00,-17.588E-03,-44.221E-03,+419.598E-03
+4.225000E+00,-2.513E-03,-39.196E-03,+417.085E-03
+4.230000E+00,-57.789E-03,-39.196E-03,+379.397E-03
+4.235000E+00,+20.100E-03,+23.618E-03,+381.910E-03
+4.240000E+00,-17.588E-03,-1.508E-03,+339.196E-03
+4.245000E+00,+20.100E-03,-39.196E-03,+324.121E-03
+4.250000E+00,+17.588E-03,+41.206E-03,+381.910E-03
+4.255000E+00,+2.513E-03,-21.608E-03,+381.910E-03
+4.260000E+00,-17.588E-03,+41.206E-03,+381.910E-03
+4.265000E+00,-60.302E-03,-39.196E-03,+359.297E-03
+4.270000E+00,-140.704E-03,-36.683E-03,+301.508E-03
+4.275000E+00,-42.714E-03,+23.618E-03,+301.508E-03
+4.280000E+00,+20.100E-03,-39.196E-03,+344.221E-03
+4.285000E+00,+20.100E-03,-39.196E-03,+243.719E-03
+4.290000E+00,+17.588E-03,+41.206E-03,+301.508E-03
+4.295000E+00,+2.513E-03,+23.618E-03,+256.281E-03
+4.300000E+00,-22.613E-03,+3.518E-03,+263.819E-03
+4.305000E+00,+20.100E-03,-39.196E-03,+301.508E-03
+4.310000E+00,+20.100E-03,-39.196E-03,+228.643E-03
+4.315000E+00,-60.302E-03,+41.206E-03,+221.106E-03
+4.320000E+00,-60.302E-03,+41.206E-03,+301.508E-03
+4.325000E+00,+42.714E-03,-39.196E-03,+163.317E-03
+4.330000E+00,-57.789E-03,-39.196E-03,+223.618E-03
+4.335000E+00,+20.100E-03,+41.206E-03,+221.106E-03
+4.340000E+00,+25.126E-03,-81.910E-03,+221.106E-03
+4.345000E+00,-118.090E-03,+18.593E-03,+221.106E-03
+4.350000E+00,+20.100E-03,-39.196E-03,+298.995E-03
+4.355000E+00,+2.513E-03,+23.618E-03,+301.508E-03
+4.360000E+00,+25.126E-03,+41.206E-03,+221.106E-03
+4.365000E+00,-2.513E-03,-16.583E-03,+301.508E-03
+4.370000E+00,-57.789E-03,-36.683E-03,+221.106E-03
+4.375000E+00,+2.513E-03,-39.196E-03,+266.332E-03
+4.380000E+00,-65.327E-03,+46.231E-03,+258.794E-03
+4.385000E+00,-2.513E-03,+18.593E-03,+221.106E-03
+4.390000E+00,+15.075E-03,+36.181E-03,+143.216E-03
+4.395000E+00,+20.100E-03,-39.196E-03,+203.518E-03
+4.400000E+00,+15.075E-03,+3.518E-03,+301.508E-03
+4.405000E+00,-2.513E-03,-39.196E-03,+140.704E-03
+4.410000E+00,+20.100E-03,-39.196E-03,+221.106E-03
+4.415000E+00,+20.100E-03,+41.206E-03,+221.106E-03
+4.420000E+00,-22.613E-03,-1.508E-03,+140.704E-03
+4.425000E+00,+55.276E-03,-16.583E-03,+163.317E-03
+4.430000E+00,-57.789E-03,-117.085E-03,+140.704E-03
+4.435000E+00,+20.100E-03,+23.618E-03,+158.291E-03
+4.440000E+00,-103.015E-03,-39.196E-03,+140.704E-03
+4.445000E+00,-37.688E-03,+18.593E-03,+82.915E-03
+4.450000E+00,+20.100E-03,+41.206E-03,+143.216E-03
+4.455000E+00,+2.513E-03,+23.618E-03,+203.518E-03
+4.460000E+00,-17.588E-03,-39.196E-03,+103.015E-03
+4.465000E+00,-2.513E-03,-39.196E-03,+140.704E-03
+4.470000E+00,-57.789E-03,-36.683E-03,+140.704E-03
+4.475000E+00,-15.075E-03,+23.618E-03,+140.704E-03
+4.480000E+00,-17.588E-03,+3.518E-03,+65.327E-03
+4.485000E+00,+77.889E-03,-16.583E-03,+60.302E-03
+4.490000E+00,-57.789E-03,+38.693E-03,+138.191E-03
+4.495000E+00,-123.116E-03,-21.608E-03,+60.302E-03
+4.500000E+00,-17.588E-03,+41.206E-03,+97.990E-03
+4.505000E+00,+20.100E-03,+41.206E-03,+25.126E-03
+4.510000E+00,+15.075E-03,-39.196E-03,+60.302E-03
+4.515000E+00,+20.100E-03,-39.196E-03,+77.889E-03
+4.520000E+00,-65.327E-03,+41.206E-03,+60.302E-03
+4.525000E+00,-37.688E-03,-4.020E-03,+82.915E-03
+4.530000E+00,-57.789E-03,-41.709E-03,+60.302E-03
+4.535000E+00,-42.714E-03,+23.618E-03,-2.513E-03
+4.540000E+00,-60.302E-03,+41.206E-03,+65.327E-03
+4.545000E+00,-15.075E-03,+18.593E-03,+25.126E-03
+4.550000E+00,+15.075E-03,-39.196E-03,+60.302E-03
+4.555000E+00,-25.126E-03,-84.422E-03,-2.513E-03
+4.560000E+00,+25.126E-03,-39.196E-03,+22.613E-03
+4.565000E+00,+20.100E-03,-39.196E-03,+60.302E-03
+4.570000E+00,-55.276E-03,-117.085E-03,-95.477E-03
+4.575000E+00,-42.714E-03,-39.196E-03,+60.302E-03
+4.580000E+00,-60.302E-03,-1.508E-03,+22.613E-03
+4.585000E+00,-37.688E-03,+18.593E-03,+118.090E-03
+4.590000E+00,+17.588E-03,-39.196E-03,+60.302E-03
+4.595000E+00,+20.100E-03,-39.196E-03,+60.302E-03
+4.600000E+00,+20.100E-03,-39.196E-03,+17.588E-03
+4.605000E+00,+42.714E-03,-39.196E-03,+60.302E-03
+4.610000E+00,+20.100E-03,+41.206E-03,-17.588E-03
+4.615000E+00,+20.100E-03,-39.196E-03,-20.100E-03
+4.620000E+00,-55.276E-03,-76.884E-03,+60.302E-03
+4.625000E+00,-25.126E-03,+18.593E-03,+2.513E-03
+4.630000E+00,+20.100E-03,-39.196E-03,+60.302E-03
+4.635000E+00,+20.100E-03,-56.784E-03,+123.116E-03
+4.640000E+00,-60.302E-03,-1.508E-03,+17.588E-03
+4.645000E+00,-15.075E-03,-16.583E-03,+37.688E-03
+4.650000E+00,+20.100E-03,-36.683E-03,+57.789E-03
+4.655000E+00,+2.513E-03,+23.618E-03,+42.714E-03
+4.660000E+00,-22.613E-03,+3.518E-03,+22.613E-03
+4.665000E+00,-37.688E-03,+41.206E-03,-77.889E-03
+4.670000E+00,+20.100E-03,-39.196E-03,+57.789E-03
+4.675000E+00,+20.100E-03,+23.618E-03,+60.302E-03
+4.680000E+00,-22.613E-03,-39.196E-03,-20.100E-03
+4.685000E+00,+77.889E-03,+18.593E-03,+25.126E-03
+4.690000E+00,-57.789E-03,-39.196E-03,-17.588E-03
+4.695000E+00,+20.100E-03,+58.794E-03,-2.513E-03
+4.700000E+00,+57.789E-03,-39.196E-03,+60.302E-03
+4.705000E+00,+20.100E-03,+41.206E-03,+60.302E-03
+4.710000E+00,+97.990E-03,-36.683E-03,-17.588E-03
+4.715000E+00,-42.714E-03,+41.206E-03,+42.714E-03
+4.720000E+00,+20.100E-03,+3.518E-03,+60.302E-03
+4.725000E+00,+32.663E-03,-61.809E-03,+15.075E-03
+4.730000E+00,-57.789E-03,+38.693E-03,-17.588E-03
+4.735000E+00,+2.513E-03,-39.196E-03,-65.327E-03
+4.740000E+00,-55.276E-03,-39.196E-03,-20.100E-03
+4.745000E+00,+20.100E-03,+18.593E-03,+2.513E-03
+4.750000E+00,+22.613E-03,-39.196E-03,-20.100E-03
+4.755000E+00,+2.513E-03,-39.196E-03,+42.714E-03
+4.760000E+00,-60.302E-03,+46.231E-03,+17.588E-03
+4.765000E+00,+20.100E-03,-39.196E-03,-42.714E-03
+4.770000E+00,-57.789E-03,+38.693E-03,-97.990E-03
+4.775000E+00,-42.714E-03,-21.608E-03,-20.100E-03
+4.780000E+00,+25.126E-03,+41.206E-03,-57.789E-03
+4.785000E+00,-60.302E-03,-39.196E-03,+60.302E-03
+4.790000E+00,-60.302E-03,+38.693E-03,-22.613E-03
+4.795000E+00,+20.100E-03,+41.206E-03,+42.714E-03
+4.800000E+00,-17.588E-03,-39.196E-03,-20.100E-03
+4.805000E+00,-37.688E-03,+18.593E-03,-20.100E-03
+4.810000E+00,-138.191E-03,-36.683E-03,-22.613E-03
+4.815000E+00,-25.126E-03,-39.196E-03,-2.513E-03
+4.820000E+00,-55.276E-03,-34.171E-03,+17.588E-03
+4.825000E+00,-95.477E-03,-39.196E-03,+2.513E-03
+4.830000E+00,+17.588E-03,-39.196E-03,+57.789E-03
+4.835000E+00,+2.513E-03,-39.196E-03,-20.100E-03
+4.840000E+00,-97.990E-03,-39.196E-03,-20.100E-03
+4.845000E+00,+42.714E-03,+18.593E-03,-20.100E-03
+4.850000E+00,+17.588E-03,+36.181E-03,+60.302E-03
+4.855000E+00,+2.513E-03,-39.196E-03,+42.714E-03
+4.860000E+00,-17.588E-03,-1.508E-03,-20.100E-03
+4.865000E+00,-60.302E-03,-119.598E-03,+37.688E-03
+4.870000E+00,-57.789E-03,+36.181E-03,-20.100E-03
+4.875000E+00,+2.513E-03,+41.206E-03,+42.714E-03
+4.880000E+00,+62.814E-03,-1.508E-03,+60.302E-03
+4.885000E+00,-60.302E-03,+41.206E-03,-77.889E-03
+4.890000E+00,-60.302E-03,+38.693E-03,+138.191E-03
+4.895000E+00,+20.100E-03,-39.196E-03,-20.100E-03
+4.900000E+00,-60.302E-03,-39.196E-03,-20.100E-03
+4.905000E+00,-2.513E-03,+18.593E-03,-20.100E-03
+4.910000E+00,+17.588E-03,-36.683E-03,+60.302E-03
+4.915000E+00,+2.513E-03,-21.608E-03,+60.302E-03
+4.920000E+00,-22.613E-03,-39.196E-03,+60.302E-03
+4.925000E+00,+20.100E-03,+18.593E-03,+95.477E-03
+4.930000E+00,-57.789E-03,-36.683E-03,+60.302E-03
+4.935000E+00,+2.513E-03,+23.618E-03,-20.100E-03
+4.940000E+00,+20.100E-03,-39.196E-03,-20.100E-03
+4.945000E+00,-2.513E-03,-61.809E-03,+37.688E-03
+4.950000E+00,-57.789E-03,-114.573E-03,+57.789E-03
+4.955000E+00,+20.100E-03,-39.196E-03,+42.714E-03
+4.960000E+00,-60.302E-03,-39.196E-03,-20.100E-03
+4.965000E+00,-60.302E-03,-39.196E-03,+95.477E-03
+4.970000E+00,+17.588E-03,-39.196E-03,+57.789E-03
+4.975000E+00,-42.714E-03,+41.206E-03,-65.327E-03
+4.980000E+00,-22.613E-03,-81.910E-03,-20.100E-03
+4.985000E+00,-2.513E-03,-16.583E-03,-20.100E-03
+4.990000E+00,+17.588E-03,-39.196E-03,+57.789E-03
+4.995000E+00,+20.100E-03,-56.784E-03,+42.714E-03
+5.000000E+00,-17.588E-03,+41.206E-03,+60.302E-03
+5.005000E+00,-60.302E-03,-96.985E-03,+37.688E-03
+5.010000E+00,-57.789E-03,-39.196E-03,-20.100E-03
+5.015000E+00,+2.513E-03,+6.030E-03,+25.126E-03
+5.020000E+00,-22.613E-03,+3.518E-03,+55.276E-03
+5.025000E+00,-37.688E-03,-16.583E-03,+2.513E-03
+5.030000E+00,+20.100E-03,-36.683E-03,-15.075E-03
+5.035000E+00,+2.513E-03,-39.196E-03,-2.513E-03
+5.040000E+00,-22.613E-03,+3.518E-03,-62.814E-03
+5.045000E+00,+20.100E-03,-16.583E-03,+37.688E-03
+5.050000E+00,-57.789E-03,+38.693E-03,+60.302E-03
+5.055000E+00,-42.714E-03,-39.196E-03,+42.714E-03
+5.060000E+00,+15.075E-03,+3.518E-03,+22.613E-03
+5.065000E+00,-37.688E-03,+18.593E-03,+25.126E-03
+5.070000E+00,+17.588E-03,+38.693E-03,+55.276E-03
+5.075000E+00,+82.915E-03,-39.196E-03,+123.116E-03
+5.080000E+00,+20.100E-03,-39.196E-03,+22.613E-03
+5.085000E+00,-15.075E-03,-74.372E-03,-20.100E-03
+5.090000E+00,-60.302E-03,-36.683E-03,+57.789E-03
+5.095000E+00,+20.100E-03,-39.196E-03,-2.513E-03
+5.100000E+00,+20.100E-03,-1.508E-03,+17.588E-03
+5.105000E+00,+20.100E-03,+6.030E-03,+37.688E-03
+5.110000E+00,+20.100E-03,-36.683E-03,-20.100E-03
+5.115000E+00,+20.100E-03,+104.020E-03,-82.915E-03
+5.120000E+00,-22.613E-03,-39.196E-03,+65.327E-03
+5.125000E+00,-37.688E-03,-16.583E-03,+60.302E-03
+5.130000E+00,-135.678E-03,-39.196E-03,+60.302E-03
+5.135000E+00,-60.302E-03,+41.206E-03,-2.513E-03
+5.140000E+00,-97.990E-03,-76.884E-03,+60.302E-03
+5.145000E+00,-37.688E-03,-39.196E-03,+140.704E-03
+5.150000E+00,-55.276E-03,+41.206E-03,-20.100E-03
+5.155000E+00,-25.126E-03,+6.030E-03,+60.302E-03
+5.160000E+00,-60.302E-03,-76.884E-03,+60.302E-03
+5.165000E+00,-2.513E-03,-16.583E-03,+37.688E-03
+5.170000E+00,+20.100E-03,-36.683E-03,+60.302E-03
+5.175000E+00,-42.714E-03,+23.618E-03,+42.714E-03
+5.180000E+00,-17.588E-03,+3.518E-03,+55.276E-03
+5.185000E+00,-2.513E-03,-16.583E-03,+2.513E-03
+5.190000E+00,+17.588E-03,-36.683E-03,+135.678E-03
+5.195000E+00,+20.100E-03,-39.196E-03,-20.100E-03
+5.200000E+00,-17.588E-03,-1.508E-03,+17.588E-03
+5.205000E+00,-2.513E-03,+41.206E-03,+37.688E-03
+5.210000E+00,+20.100E-03,+38.693E-03,-17.588E-03
+5.215000E+00,-42.714E-03,-56.784E-03,-2.513E-03
+5.220000E+00,-65.327E-03,-81.910E-03,+60.302E-03
+5.225000E+00,-2.513E-03,+18.593E-03,-20.100E-03
+5.230000E+00,+20.100E-03,-39.196E-03,+60.302E-03
+5.235000E+00,+2.513E-03,+41.206E-03,-2.513E-03
+5.240000E+00,+57.789E-03,-39.196E-03,+60.302E-03
+5.245000E+00,-25.126E-03,+41.206E-03,-20.100E-03
+5.250000E+00,+20.100E-03,-36.683E-03,+57.789E-03
+5.255000E+00,-42.714E-03,-21.608E-03,-47.739E-03
+5.260000E+00,+57.789E-03,-39.196E-03,+22.613E-03
+5.265000E+00,-2.513E-03,-39.196E-03,+15.075E-03
+5.270000E+00,+20.100E-03,+38.693E-03,-20.100E-03
+5.275000E+00,+37.688E-03,-39.196E-03,+42.714E-03
+5.280000E+00,-17.588E-03,-39.196E-03,+17.588E-03
+5.285000E+00,-2.513E-03,-39.196E-03,+37.688E-03
+5.290000E+00,+20.100E-03,-36.683E-03,-20.100E-03
+5.295000E+00,-60.302E-03,+23.618E-03,-20.100E-03
+5.300000E+00,-60.302E-03,+3.518E-03,+97.990E-03
+5.305000E+00,-37.688E-03,+18.593E-03,-20.100E-03
+5.310000E+00,-57.789E-03,-39.196E-03,+60.302E-03
+5.315000E+00,+20.100E-03,-56.784E-03,-20.100E-03
+5.320000E+00,+20.100E-03,-39.196E-03,+22.613E-03
+5.325000E+00,+100.502E-03,-16.583E-03,+60.302E-03
+5.330000E+00,+20.100E-03,+38.693E-03,-20.100E-03
+5.335000E+00,+37.688E-03,+41.206E-03,+42.714E-03
+5.340000E+00,-17.588E-03,+3.518E-03,-20.100E-03
+5.345000E+00,-25.126E-03,-39.196E-03,+2.513E-03
+5.350000E+00,-57.789E-03,-117.085E-03,-20.100E-03
+5.355000E+00,+2.513E-03,-102.010E-03,+42.714E-03
+5.360000E+00,-17.588E-03,+3.518E-03,-57.789E-03
+5.365000E+00,+20.100E-03,+18.593E-03,-20.100E-03
+5.370000E+00,-57.789E-03,-39.196E-03,-20.100E-03
+5.375000E+00,+82.915E-03,+41.206E-03,+60.302E-03
+5.380000E+00,-17.588E-03,-44.221E-03,+17.588E-03
+5.385000E+00,+20.100E-03,-39.196E-03,+37.688E-03
+5.390000E+00,+20.100E-03,-39.196E-03,-20.100E-03
+5.395000E+00,+20.100E-03,-39.196E-03,-2.513E-03
+5.400000E+00,+20.100E-03,-39.196E-03,-20.100E-03
+5.405000E+00,+77.889E-03,-39.196E-03,-20.100E-03
+5.410000E+00,-57.789E-03,-36.683E-03,-20.100E-03
+5.415000E+00,-42.714E-03,-56.784E-03,-2.513E-03
+5.420000E+00,+20.100E-03,-76.884E-03,-20.100E-03
+5.425000E+00,+20.100E-03,+18.593E-03,+2.513E-03
+5.430000E+00,-57.789E-03,-36.683E-03,-97.990E-03
+5.435000E+00,-42.714E-03,+23.618E-03,+42.714E-03
+5.440000E+00,+20.100E-03,-1.508E-03,+22.613E-03
+5.445000E+00,+20.100E-03,+6.030E-03,+37.688E-03
+5.450000E+00,+20.100E-03,-39.196E-03,+62.814E-03
+5.455000E+00,+37.688E-03,+41.206E-03,-65.327E-03
+5.460000E+00,-60.302E-03,-39.196E-03,+55.276E-03
+5.465000E+00,-60.302E-03,-39.196E-03,+37.688E-03
+5.470000E+00,+20.100E-03,+38.693E-03,+57.789E-03
+5.475000E+00,-60.302E-03,-56.784E-03,-37.688E-03
+5.480000E+00,+20.100E-03,-39.196E-03,+97.990E-03
+5.485000E+00,-2.513E-03,-39.196E-03,+37.688E-03
+5.490000E+00,+20.100E-03,-39.196E-03,+57.789E-03
+5.495000E+00,-42.714E-03,-39.196E-03,+42.714E-03
+5.500000E+00,+20.100E-03,-76.884E-03,+60.302E-03
+5.505000E+00,-2.513E-03,+18.593E-03,+60.302E-03
+5.510000E+00,+20.100E-03,-36.683E-03,-20.100E-03
+5.515000E+00,+2.513E-03,-102.010E-03,-20.100E-03
+5.520000E+00,+20.100E-03,-39.196E-03,+17.588E-03
+5.525000E+00,-2.513E-03,-16.583E-03,-77.889E-03
+5.530000E+00,+20.100E-03,+41.206E-03,+57.789E-03
+5.535000E+00,-42.714E-03,-39.196E-03,+60.302E-03
+5.540000E+00,-140.704E-03,-119.598E-03,-57.789E-03
+5.545000E+00,-82.915E-03,-16.583E-03,+60.302E-03
+5.550000E+00,-60.302E-03,+41.206E-03,-20.100E-03
+5.555000E+00,+2.513E-03,+23.618E-03,-2.513E-03
+5.560000E+00,+25.126E-03,-39.196E-03,+17.588E-03
+5.565000E+00,+77.889E-03,+18.593E-03,+37.688E-03
+5.570000E+00,-57.789E-03,+38.693E-03,-17.588E-03
+5.575000E+00,+20.100E-03,-39.196E-03,-20.100E-03
+5.580000E+00,-22.613E-03,+3.518E-03,+22.613E-03
+5.585000E+00,-15.075E-03,-16.583E-03,-20.100E-03
+5.590000E+00,-62.814E-03,-36.683E-03,+57.789E-03
+5.595000E+00,+20.100E-03,+23.618E-03,-2.513E-03
+5.600000E+00,-60.302E-03,-39.196E-03,+60.302E-03
+5.605000E+00,+20.100E-03,-39.196E-03,+15.075E-03
+5.610000E+00,+95.477E-03,-39.196E-03,+60.302E-03
+5.615000E+00,-60.302E-03,+23.618E-03,-163.317E-03
+5.620000E+00,+20.100E-03,+41.206E-03,+17.588E-03
+5.625000E+00,-60.302E-03,-16.583E-03,+2.513E-03
+5.630000E+00,-60.302E-03,+41.206E-03,-20.100E-03
+5.635000E+00,-42.714E-03,+23.618E-03,-2.513E-03
+5.640000E+00,+20.100E-03,-39.196E-03,-20.100E-03
+5.645000E+00,+42.714E-03,-16.583E-03,+2.513E-03
+5.650000E+00,+20.100E-03,+38.693E-03,-22.613E-03
+5.655000E+00,-42.714E-03,+58.794E-03,-20.100E-03
+5.660000E+00,-17.588E-03,-81.910E-03,-15.075E-03
+5.665000E+00,+20.100E-03,-39.196E-03,+25.126E-03
+5.670000E+00,-60.302E-03,-39.196E-03,-20.100E-03
+5.675000E+00,-60.302E-03,-39.196E-03,+15.075E-03
+5.680000E+00,-17.588E-03,+3.518E-03,+55.276E-03
+5.685000E+00,+20.100E-03,+18.593E-03,+60.302E-03
+5.690000E+00,+20.100E-03,-36.683E-03,+60.302E-03
+5.695000E+00,-42.714E-03,-102.010E-03,-2.513E-03
+5.700000E+00,-60.302E-03,-1.508E-03,+17.588E-03
+5.705000E+00,+20.100E-03,-39.196E-03,+37.688E-03
+5.710000E+00,+20.100E-03,-39.196E-03,+60.302E-03
+5.715000E+00,+2.513E-03,-39.196E-03,-2.513E-03
+5.720000E+00,+25.126E-03,-1.508E-03,+22.613E-03
+5.725000E+00,-82.915E-03,+18.593E-03,+37.688E-03
+5.730000E+00,+20.100E-03,-39.196E-03,+57.789E-03
+5.735000E+00,+20.100E-03,-39.196E-03,+60.302E-03
+5.740000E+00,-60.302E-03,-76.884E-03,-20.100E-03
+5.745000E+00,+20.100E-03,+41.206E-03,+95.477E-03
+5.750000E+00,-57.789E-03,-39.196E-03,-95.477E-03
+5.755000E+00,+20.100E-03,-4.020E-03,+105.528E-03
+5.760000E+00,-22.613E-03,+3.518E-03,+17.588E-03
+5.765000E+00,-2.513E-03,-16.583E-03,-42.714E-03
+5.770000E+00,-57.789E-03,+38.693E-03,-17.588E-03
+5.775000E+00,-123.116E-03,-39.196E-03,+42.714E-03
+5.780000E+00,+57.789E-03,-39.196E-03,+103.015E-03
+5.785000E+00,+20.100E-03,-96.985E-03,-20.100E-03
+5.790000E+00,-57.789E-03,-36.683E-03,-20.100E-03
+5.795000E+00,-60.302E-03,+23.618E-03,+60.302E-03
+5.800000E+00,-60.302E-03,+3.518E-03,-62.814E-03
+5.805000E+00,+20.100E-03,-61.809E-03,-42.714E-03
+5.810000E+00,+97.990E-03,-39.196E-03,-17.588E-03
+5.815000E+00,+2.513E-03,+23.618E-03,-37.688E-03
+5.820000E+00,+20.100E-03,-1.508E-03,+60.302E-03
+5.825000E+00,-2.513E-03,+76.382E-03,-20.100E-03
+5.830000E+00,-57.789E-03,-39.196E-03,-20.100E-03
+5.835000E+00,+2.513E-03,-39.196E-03,-2.513E-03
+5.840000E+00,-60.302E-03,-1.508E-03,-20.100E-03
+5.845000E+00,-60.302E-03,-39.196E-03,-20.100E-03
+5.850000E+00,+20.100E-03,-36.683E-03,+60.302E-03
+5.855000E+00,+2.513E-03,-56.784E-03,+60.302E-03
+5.860000E+00,+15.075E-03,-39.196E-03,+22.613E-03
+5.865000E+00,-15.075E-03,-39.196E-03,-77.889E-03
+5.870000E+00,-57.789E-03,-41.709E-03,+60.302E-03
+5.875000E+00,+20.100E-03,-21.608E-03,-20.100E-03
+5.880000E+00,-17.588E-03,-1.508E-03,+22.613E-03
+5.885000E+00,+20.100E-03,-39.196E-03,+37.688E-03
+5.890000E+00,-60.302E-03,+38.693E-03,-17.588E-03
+5.895000E+00,+20.100E-03,-39.196E-03,+60.302E-03
+5.900000E+00,-22.613E-03,+3.518E-03,+60.302E-03
+5.905000E+00,-37.688E-03,+18.593E-03,+82.915E-03
+5.910000E+00,+20.100E-03,+41.206E-03,-20.100E-03
+5.915000E+00,+20.100E-03,-39.196E-03,+60.302E-03
+5.920000E+00,+62.814E-03,+41.206E-03,+17.588E-03
+5.925000E+00,+77.889E-03,-39.196E-03,+60.302E-03
+5.930000E+00,-57.789E-03,-117.085E-03,-22.613E-03
+5.935000E+00,-42.714E-03,+41.206E-03,-2.513E-03
+5.940000E+00,+20.100E-03,+41.206E-03,+97.990E-03
+5.945000E+00,+20.100E-03,-39.196E-03,+37.688E-03
+5.950000E+00,-60.302E-03,-36.683E-03,-20.100E-03
+5.955000E+00,-42.714E-03,-39.196E-03,+42.714E-03
+5.960000E+00,-22.613E-03,+46.231E-03,-105.528E-03
+5.965000E+00,-25.126E-03,-61.809E-03,+60.302E-03
+5.970000E+00,-57.789E-03,-36.683E-03,-17.588E-03
+5.975000E+00,-60.302E-03,-39.196E-03,+60.302E-03
+5.980000E+00,+20.100E-03,-39.196E-03,-20.100E-03
+5.985000E+00,+20.100E-03,-16.583E-03,+25.126E-03
+5.990000E+00,-57.789E-03,-36.683E-03,+57.789E-03
+5.995000E+00,-60.302E-03,+23.618E-03,-20.100E-03
+6.000000E+00,-22.613E-03,+46.231E-03,+17.588E-03
+6.005000E+00,+32.663E-03,+98.995E-03,+2.513E-03
+6.010000E+00,+17.588E-03,+38.693E-03,-20.100E-03
+6.015000E+00,+2.513E-03,-21.608E-03,+42.714E-03
+6.020000E+00,-60.302E-03,-39.196E-03,+17.588E-03
+6.025000E+00,-37.688E-03,-16.583E-03,+60.302E-03
+6.030000E+00,+17.588E-03,-39.196E-03,+57.789E-03
+6.035000E+00,+20.100E-03,-39.196E-03,-2.513E-03
+6.040000E+00,+57.789E-03,+3.518E-03,+60.302E-03
+6.045000E+00,-37.688E-03,+41.206E-03,+60.302E-03
+6.050000E+00,-60.302E-03,-39.196E-03,+55.276E-03
+6.055000E+00,+2.513E-03,-39.196E-03,+60.302E-03
+6.060000E+00,-103.015E-03,+3.518E-03,-20.100E-03
+6.065000E+00,-2.513E-03,-39.196E-03,-77.889E-03
+6.070000E+00,+20.100E-03,-117.085E-03,-20.100E-03
+6.075000E+00,+2.513E-03,+23.618E-03,+105.528E-03
+6.080000E+00,+20.100E-03,+3.518E-03,+17.588E-03
+6.085000E+00,-60.302E-03,-39.196E-03,+37.688E-03
+6.090000E+00,+17.588E-03,-36.683E-03,+57.789E-03
+6.095000E+00,+20.100E-03,+23.618E-03,-2.513E-03
+6.100000E+00,+20.100E-03,-39.196E-03,+22.613E-03
+6.105000E+00,+42.714E-03,+41.206E-03,+60.302E-03
+6.110000E+00,-55.276E-03,-36.683E-03,+60.302E-03
+6.115000E+00,-60.302E-03,-39.196E-03,+25.126E-03
+6.120000E+00,-60.302E-03,-34.171E-03,+17.588E-03
+6.125000E+00,-2.513E-03,-16.583E-03,+37.688E-03
+6.130000E+00,+17.588E-03,-36.683E-03,-20.100E-03
+6.135000E+00,+20.100E-03,-56.784E-03,-20.100E-03
+6.140000E+00,+20.100E-03,+3.518E-03,+17.588E-03
+6.145000E+00,-118.090E-03,-16.583E-03,+118.090E-03
+6.150000E+00,-57.789E-03,+41.206E-03,-20.100E-03
+6.155000E+00,+20.100E-03,+41.206E-03,-2.513E-03
+6.160000E+00,+20.100E-03,+41.206E-03,-15.075E-03
+6.165000E+00,-60.302E-03,+18.593E-03,+140.704E-03
+6.170000E+00,-135.678E-03,-117.085E-03,+57.789E-03
+6.175000E+00,+20.100E-03,-39.196E-03,+42.714E-03
+6.180000E+00,+20.100E-03,-39.196E-03,-20.100E-03
+6.185000E+00,-60.302E-03,+41.206E-03,+82.915E-03
+6.190000E+00,+17.588E-03,-41.709E-03,+60.302E-03
+6.195000E+00,+2.513E-03,-39.196E-03,-37.688E-03
