x-axis,1,2,3
second,Volt,Volt,Volt
-2.470000E-03,,,
-2.467500E-03,+522.089598E-03,+518.362640E-03,+517.587945E-03
-2.465000E-03,+520.728627E-03,+512.814064E-03,+517.587945E-03
-2.462500E-03,+519.995796E-03,+515.640697E-03,+525.230323E-03
-2.460000E-03,+526.277203E-03,+475.335002E-03,+517.587945E-03
-2.457500E-03,+506.909532E-03,+512.814064E-03,+516.959804E-03
-2.455000E-03,+526.905344E-03,+532.181735E-03,+537.688447E-03
-2.452500E-03,+539.468158E-03,+529.355102E-03,+517.587945E-03
-2.450000E-03,+507.537672E-03,+512.814064E-03,+514.761312E-03
-2.447500E-03,+507.537672E-03,+512.814064E-03,+517.587945E-03
-2.445000E-03,+512.458108E-03,+527.994130E-03,+502.407878E-03
-2.442500E-03,+527.638175E-03,+512.814064E-03,+501.570357E-03
-2.440000E-03,+514.551910E-03,+519.828301E-03,+523.659972E-03
-2.437500E-03,+525.649062E-03,+514.803176E-03,+499.476555E-03
-2.435000E-03,+547.738677E-03,+501.821601E-03,+526.695985E-03
-2.432500E-03,+527.742865E-03,+512.709373E-03,+537.583757E-03
-2.430000E-03,+527.638175E-03,+532.914566E-03,+517.587945E-03
-2.427500E-03,+525.439682E-03,+510.615571E-03,+519.786437E-03
-2.425000E-03,+540.933819E-03,+499.518419E-03,+510.783087E-03
-2.422500E-03,+511.829967E-03,+517.106358E-03,+533.396152E-03
-2.420000E-03,+502.826617E-03,+512.814064E-03,+512.876890E-03
-2.417500E-03,+521.252078E-03,+526.528469E-03,+497.487443E-03
-2.415000E-03,+547.738677E-03,+510.196811E-03,+517.587945E-03
-2.412500E-03,+507.537672E-03,+512.814064E-03,+526.067844E-03
-2.410000E-03,+508.061123E-03,+512.290613E-03,+518.111395E-03
-2.407500E-03,+518.111374E-03,+511.767162E-03,+507.014243E-03
-2.405000E-03,+507.537672E-03,+512.814064E-03,+500.628146E-03
-2.402500E-03,+514.970671E-03,+500.146560E-03,+492.252937E-03
-2.400000E-03,+494.765478E-03,+512.814064E-03,+517.587945E-03
-2.397500E-03,+532.977371E-03,+538.253762E-03,+517.587945E-03
-2.395000E-03,+547.738677E-03,+547.257112E-03,+511.829988E-03
-2.392500E-03,+507.537672E-03,+512.814064E-03,+500.732836E-03
-2.390000E-03,+519.786416E-03,+525.062807E-03,+505.339201E-03
-2.387500E-03,+508.689264E-03,+550.711886E-03,+515.284762E-03
-2.385000E-03,+517.483233E-03,+502.868503E-03,+507.433004E-03
-2.382500E-03,+489.321592E-03,+513.756275E-03,+537.688447E-03
-2.380000E-03,+535.699314E-03,+540.975705E-03,+509.526806E-03
-2.377500E-03,+527.638175E-03,+495.749575E-03,+517.587945E-03
-2.375000E-03,+507.537672E-03,+506.846727E-03,+523.555281E-03
-2.372500E-03,+517.378543E-03,+517.943879E-03,+517.587945E-03
-2.370000E-03,+515.284741E-03,+496.587096E-03,+521.461479E-03
-2.367500E-03,+507.537672E-03,+512.814064E-03,+510.364327E-03
-2.365000E-03,+527.638175E-03,+512.814064E-03,+535.908715E-03
-2.362500E-03,+527.638175E-03,+522.131484E-03,+506.804863E-03
-2.360000E-03,+507.851743E-03,+493.027632E-03,+497.801513E-03
-2.357500E-03,+504.815729E-03,+512.814064E-03,+506.176722E-03
-2.355000E-03,+527.638175E-03,+515.221936E-03,+535.280574E-03
-2.352500E-03,+527.638175E-03,+512.814064E-03,+504.082920E-03
-2.350000E-03,+523.136500E-03,+528.412891E-03,+492.985768E-03
-2.347500E-03,+527.638175E-03,+512.814064E-03,+528.685097E-03
-2.345000E-03,+527.638175E-03,+505.904516E-03,+497.487443E-03
-2.342500E-03,+542.922932E-03,+530.506693E-03,+515.180072E-03
-2.340000E-03,+536.327454E-03,+510.092121E-03,+528.999168E-03
-2.337500E-03,+527.638175E-03,+532.914566E-03,+497.487443E-03
-2.335000E-03,+547.738677E-03,+534.380227E-03,+508.270525E-03
-2.332500E-03,+527.638175E-03,+511.034332E-03,+535.908715E-03
-2.330000E-03,+514.761290E-03,+505.590446E-03,+517.587945E-03
-2.327500E-03,+511.411207E-03,+512.814064E-03,+553.915415E-03
-2.325000E-03,+507.537672E-03,+502.973193E-03,+502.617258E-03
-2.322500E-03,+541.771340E-03,+526.947229E-03,+537.688447E-03
-2.320000E-03,+507.537672E-03,+512.814064E-03,+497.487443E-03
-2.317500E-03,+515.598811E-03,+524.853427E-03,+509.526806E-03
-2.315000E-03,+507.537672E-03,+513.756275E-03,+518.530156E-03
-2.312500E-03,+527.638175E-03,+533.123946E-03,+507.433004E-03
-2.310000E-03,+526.486583E-03,+493.865153E-03,+517.587945E-03
-2.307500E-03,+507.537672E-03,+525.062807E-03,+521.984930E-03
-2.305000E-03,+527.638175E-03,+512.814064E-03,+537.688447E-03
-2.302500E-03,+527.638175E-03,+504.229474E-03,+517.587945E-03
-2.300000E-03,+522.298979E-03,+492.713561E-03,+532.349251E-03
-2.297500E-03,+527.638175E-03,+529.250412E-03,+530.360139E-03
-2.295000E-03,+527.638175E-03,+512.814064E-03,+525.020943E-03
-2.292500E-03,+507.537672E-03,+512.814064E-03,+516.017593E-03
-2.290000E-03,+537.164975E-03,+492.713561E-03,+507.014243E-03
-2.287500E-03,+527.114724E-03,+513.337514E-03,+537.164997E-03
-2.285000E-03,+516.017572E-03,+504.334164E-03,+509.108045E-03
-2.282500E-03,+545.121424E-03,+532.914566E-03,+502.721948E-03
-2.280000E-03,+521.252078E-03,+512.814064E-03,+491.101345E-03
-2.277500E-03,+518.216064E-03,+512.814064E-03,+528.266337E-03
-2.275000E-03,+527.638175E-03,+528.622271E-03,+521.880240E-03
-2.272500E-03,+527.638175E-03,+519.618921E-03,+504.292300E-03
-2.270000E-03,+545.540184E-03,+512.814064E-03,+533.291462E-03
-2.267500E-03,+518.739515E-03,+515.117246E-03,+508.689285E-03
-2.265000E-03,+527.638175E-03,+492.713561E-03,+517.587945E-03
-2.262500E-03,+527.638175E-03,+512.814064E-03,+517.587945E-03
-2.260000E-03,+525.649062E-03,+510.824951E-03,+519.577057E-03
-2.257500E-03,+527.638175E-03,+506.742037E-03,+517.587945E-03
-2.255000E-03,+527.638175E-03,+516.896978E-03,+493.404528E-03
-2.252500E-03,+532.558610E-03,+512.814064E-03,+527.847576E-03
-2.250000E-03,+507.537672E-03,+512.814064E-03,+531.511730E-03
-2.247500E-03,+527.638175E-03,+530.087933E-03,+520.414578E-03
-2.245000E-03,+527.638175E-03,+512.814064E-03,+517.587945E-03
-2.242500E-03,+546.273015E-03,+531.448904E-03,+516.855114E-03
-2.240000E-03,+517.901994E-03,+533.542707E-03,+497.487443E-03
-2.237500E-03,+526.277203E-03,+515.536007E-03,+517.587945E-03
-2.235000E-03,+515.180051E-03,+525.272187E-03,+505.129821E-03
-2.232500E-03,+510.992446E-03,+496.168335E-03,+514.133171E-03
-2.230000E-03,+516.541022E-03,+527.365990E-03,+517.587945E-03
-2.227500E-03,+492.985746E-03,+512.814064E-03,+508.584595E-03
-2.225000E-03,+510.992446E-03,+529.459792E-03,+497.487443E-03
-2.222500E-03,+547.738677E-03,+517.629809E-03,+525.230323E-03
-2.220000E-03,+508.898644E-03,+514.175035E-03,+514.866002E-03
-2.217500E-03,+527.010034E-03,+512.814064E-03,+507.223623E-03
-2.215000E-03,+527.638175E-03,+512.814064E-03,+536.222786E-03
-2.212500E-03,+515.808191E-03,+512.814064E-03,+497.487443E-03
-2.210000E-03,+510.364305E-03,+515.640697E-03,+514.761312E-03
-2.207500E-03,+513.714389E-03,+518.990780E-03,+531.511730E-03
-2.205000E-03,+507.537672E-03,+512.814064E-03,+517.587945E-03
-2.202500E-03,+527.638175E-03,+492.713561E-03,+517.587945E-03
-2.200000E-03,+514.551910E-03,+512.814064E-03,+504.501680E-03
-2.197500E-03,+509.526785E-03,+514.803176E-03,+539.677559E-03
-2.195000E-03,+527.638175E-03,+532.914566E-03,+517.587945E-03
-2.192500E-03,+527.638175E-03,+492.818251E-03,+517.587945E-03
-2.190000E-03,+538.840017E-03,+512.814064E-03,+499.790625E-03
-2.187500E-03,+527.638175E-03,+530.716073E-03,+501.884427E-03
-2.185000E-03,+534.443032E-03,+499.518419E-03,+504.292300E-03
-2.182500E-03,+531.930469E-03,+497.005856E-03,+506.072032E-03
-2.180000E-03,+522.927119E-03,+517.525119E-03,+502.198498E-03
-2.177500E-03,+507.537672E-03,+512.814064E-03,+523.974042E-03
-2.175000E-03,+525.020922E-03,+530.297313E-03,+509.736186E-03
-2.172500E-03,+519.158275E-03,+512.814064E-03,+505.967342E-03
-2.170000E-03,+508.061123E-03,+512.814064E-03,+498.534344E-03
-2.167500E-03,+527.638175E-03,+532.914566E-03,+517.587945E-03
-2.165000E-03,+527.638175E-03,+532.914566E-03,+516.017593E-03
-2.162500E-03,+507.537672E-03,+512.814064E-03,+512.353439E-03
-2.160000E-03,+507.537672E-03,+512.814064E-03,+534.024293E-03
-2.157500E-03,+512.876868E-03,+522.236174E-03,+497.487443E-03
-2.155000E-03,+527.638175E-03,+507.056107E-03,+517.587945E-03
-2.152500E-03,+510.783066E-03,+512.814064E-03,+514.342551E-03
-2.150000E-03,+535.489933E-03,+532.914566E-03,+517.587945E-03
-2.147500E-03,+507.537672E-03,+534.066157E-03,+498.639034E-03
-2.145000E-03,+537.583736E-03,+512.814064E-03,+537.688447E-03
-2.142500E-03,+527.638175E-03,+494.597983E-03,+536.746236E-03
-2.140000E-03,+539.677538E-03,+516.792288E-03,+509.526806E-03
-2.137500E-03,+510.573686E-03,+512.814064E-03,+517.587945E-03
-2.135000E-03,+527.638175E-03,+526.947229E-03,+517.587945E-03
-2.132500E-03,+507.537672E-03,+532.914566E-03,+497.487443E-03
-2.130000E-03,+543.865143E-03,+496.587096E-03,+513.714411E-03
-2.127500E-03,+527.638175E-03,+518.467330E-03,+530.464829E-03
-2.125000E-03,+490.996634E-03,+511.034332E-03,+517.587945E-03
-2.122500E-03,+518.320754E-03,+512.814064E-03,+519.053606E-03
-2.120000E-03,+527.324104E-03,+513.128134E-03,+517.902015E-03
-2.117500E-03,+516.226952E-03,+512.814064E-03,+497.487443E-03
-2.115000E-03,+525.230302E-03,+512.814064E-03,+517.587945E-03
-2.112500E-03,+480.841693E-03,+512.814064E-03,+524.183422E-03
-2.110000E-03,+527.638175E-03,+512.814064E-03,+533.186772E-03
-2.107500E-03,+507.537672E-03,+492.713561E-03,+513.086270E-03
-2.105000E-03,+527.638175E-03,+512.814064E-03,+510.992468E-03
-2.102500E-03,+509.945545E-03,+512.814064E-03,+517.587945E-03
-2.100000E-03,+547.738677E-03,+512.814064E-03,+534.966504E-03
-2.097500E-03,+507.537672E-03,+532.914566E-03,+478.329151E-03
-2.095000E-03,+516.855093E-03,+534.380227E-03,+517.587945E-03
-2.092500E-03,+544.179213E-03,+512.814064E-03,+517.587945E-03
-2.090000E-03,+534.861793E-03,+525.690948E-03,+523.241211E-03
-2.087500E-03,+523.764640E-03,+512.814064E-03,+517.587945E-03
-2.085000E-03,+507.537672E-03,+512.814064E-03,+507.747074E-03
-2.082500E-03,+521.670838E-03,+526.947229E-03,+525.753774E-03
-2.080000E-03,+527.638175E-03,+515.850077E-03,+494.451429E-03
-2.077500E-03,+519.577036E-03,+512.814064E-03,+509.526806E-03
-2.075000E-03,+507.537672E-03,+512.814064E-03,+517.587945E-03
-2.072500E-03,+527.638175E-03,+502.868503E-03,+507.433004E-03
-2.070000E-03,+545.435494E-03,+513.965655E-03,+497.487443E-03
-2.067500E-03,+527.638175E-03,+504.962305E-03,+517.587945E-03
-2.065000E-03,+493.927957E-03,+512.814064E-03,+497.487443E-03
-2.062500E-03,+536.222764E-03,+527.156609E-03,+511.829988E-03
-2.060000E-03,+522.298979E-03,+507.474868E-03,+497.487443E-03
-2.057500E-03,+511.201826E-03,+512.814064E-03,+517.587945E-03
-2.055000E-03,+514.970671E-03,+525.481568E-03,+504.920441E-03
-2.052500E-03,+546.168325E-03,+512.814064E-03,+516.017593E-03
-2.050000E-03,+527.638175E-03,+513.860965E-03,+518.634846E-03
-2.047500E-03,+547.215226E-03,+512.814064E-03,+537.164997E-03
-2.045000E-03,+499.057773E-03,+512.814064E-03,+526.067844E-03
-2.042500E-03,+510.154925E-03,+512.814064E-03,+502.721948E-03
-2.040000E-03,+527.638175E-03,+506.427966E-03,+531.302350E-03
-2.037500E-03,+537.060285E-03,+517.525119E-03,+502.198498E-03
-2.035000E-03,+543.446382E-03,+497.005856E-03,+509.003355E-03
-2.032500E-03,+534.443032E-03,+526.109708E-03,+497.487443E-03
-2.030000E-03,+527.638175E-03,+528.517581E-03,+535.489955E-03
-2.027500E-03,+547.738677E-03,+524.015906E-03,+517.587945E-03
-2.025000E-03,+507.537672E-03,+532.914566E-03,+517.483255E-03
-2.022500E-03,+507.537672E-03,+523.806526E-03,+517.587945E-03
-2.020000E-03,+527.638175E-03,+512.814064E-03,+519.577057E-03
-2.017500E-03,+507.537672E-03,+532.914566E-03,+497.487443E-03
-2.015000E-03,+527.638175E-03,+512.814064E-03,+533.605533E-03
-2.012500E-03,+532.558610E-03,+492.713561E-03,+502.407878E-03
-2.010000E-03,+527.638175E-03,+498.890278E-03,+511.411228E-03
-2.007500E-03,+527.638175E-03,+530.087933E-03,+500.314076E-03
-2.005000E-03,+527.638175E-03,+524.644047E-03,+509.317426E-03
-2.002500E-03,+488.902832E-03,+512.814064E-03,+497.487443E-03
-2.000000E-03,+517.901994E-03,+512.185923E-03,+508.479905E-03
-1.997500E-03,+526.277203E-03,+512.814064E-03,+497.487443E-03
-1.995000E-03,+527.638175E-03,+520.456442E-03,+512.772200E-03
-1.992500E-03,+547.738677E-03,+516.268837E-03,+484.296488E-03
-1.990000E-03,+518.634825E-03,+512.814064E-03,+482.935516E-03
-1.987500E-03,+527.638175E-03,+518.362640E-03,+526.591295E-03
-1.985000E-03,+507.537672E-03,+512.814064E-03,+537.688447E-03
-1.982500E-03,+519.995796E-03,+520.456442E-03,+517.587945E-03
-1.980000E-03,+527.638175E-03,+531.553594E-03,+517.587945E-03
-1.977500E-03,+528.266315E-03,+512.814064E-03,+497.487443E-03
-1.975000E-03,+527.638175E-03,+492.713561E-03,+515.389452E-03
-1.972500E-03,+527.638175E-03,+512.814064E-03,+509.317426E-03
-1.970000E-03,+524.811541E-03,+532.914566E-03,+514.761312E-03
-1.967500E-03,+513.714389E-03,+512.814064E-03,+483.563657E-03
-1.965000E-03,+542.818241E-03,+512.814064E-03,+512.667509E-03
-1.962500E-03,+527.638175E-03,+512.814064E-03,+501.570357E-03
-1.960000E-03,+514.551910E-03,+485.699324E-03,+530.674209E-03
-1.957500E-03,+509.526785E-03,+514.803176E-03,+497.487443E-03
-1.955000E-03,+527.638175E-03,+503.706023E-03,+517.587945E-03
-1.952500E-03,+507.537672E-03,+512.814064E-03,+517.587945E-03
-1.950000E-03,+505.234490E-03,+521.712723E-03,+517.587945E-03
-1.947500E-03,+527.638175E-03,+494.912054E-03,+501.884427E-03
-1.945000E-03,+514.342530E-03,+506.009206E-03,+497.487443E-03
-1.942500E-03,+543.446382E-03,+501.298151E-03,+501.779737E-03
-1.940000E-03,+527.638175E-03,+497.424617E-03,+492.776387E-03
-1.937500E-03,+493.823267E-03,+499.099658E-03,+497.487443E-03
-1.935000E-03,+525.020922E-03,+512.814064E-03,+497.487443E-03
-1.932500E-03,+536.118074E-03,+504.334164E-03,+505.967342E-03
-1.930000E-03,+527.114724E-03,+532.391115E-03,+497.487443E-03
-1.927500E-03,+518.111374E-03,+531.867665E-03,+517.587945E-03
-1.925000E-03,+509.108024E-03,+492.713561E-03,+517.587945E-03
-1.922500E-03,+514.970671E-03,+520.247062E-03,+512.353439E-03
-1.920000E-03,+527.638175E-03,+532.914566E-03,+513.923791E-03
-1.917500E-03,+512.876868E-03,+532.914566E-03,+497.487443E-03
-1.915000E-03,+507.537672E-03,+547.257112E-03,+497.487443E-03
-1.912500E-03,+524.392781E-03,+512.814064E-03,+520.833338E-03
-1.910000E-03,+539.886918E-03,+508.417079E-03,+497.487443E-03
-1.907500E-03,+525.334992E-03,+515.117246E-03,+498.639034E-03
-1.905000E-03,+527.428794E-03,+522.969005E-03,+497.487443E-03
-1.902500E-03,+545.854255E-03,+531.972355E-03,+518.530156E-03
-1.900000E-03,+527.638175E-03,+512.814064E-03,+497.487443E-03
-1.897500E-03,+547.738677E-03,+509.778050E-03,+517.587945E-03
-1.895000E-03,+527.638175E-03,+512.814064E-03,+523.555281E-03
-1.892500E-03,+527.638175E-03,+497.843377E-03,+522.717761E-03
-1.890000E-03,+507.537672E-03,+512.814064E-03,+513.714411E-03
-1.887500E-03,+527.638175E-03,+525.690948E-03,+524.811563E-03
-1.885000E-03,+527.638175E-03,+514.593796E-03,+517.587945E-03
-1.882500E-03,+527.638175E-03,+512.814064E-03,+508.270525E-03
-1.880000E-03,+547.424607E-03,+552.700998E-03,+497.801513E-03
-1.877500E-03,+516.226952E-03,+506.846727E-03,+528.999168E-03
-1.875000E-03,+547.738677E-03,+510.406191E-03,+512.772200E-03
-1.872500E-03,+521.042697E-03,+519.723611E-03,+497.487443E-03
-1.870000E-03,+512.039347E-03,+532.914566E-03,+513.086270E-03
-1.867500E-03,+512.039347E-03,+517.315739E-03,+533.186772E-03
-1.865000E-03,+527.638175E-03,+505.904516E-03,+517.587945E-03
-1.862500E-03,+545.330804E-03,+515.221936E-03,+517.587945E-03
-1.860000E-03,+516.226952E-03,+512.814064E-03,+497.487443E-03
-1.857500E-03,+527.638175E-03,+512.814064E-03,+537.374377E-03
-1.855000E-03,+507.537672E-03,+542.231986E-03,+516.122283E-03
-1.852500E-03,+527.638175E-03,+514.593796E-03,+517.587945E-03
-1.850000E-03,+534.861793E-03,+512.814064E-03,+504.711061E-03
-1.847500E-03,+547.738677E-03,+496.587096E-03,+521.461479E-03
-1.845000E-03,+542.608861E-03,+542.755437E-03,+517.587945E-03
-1.842500E-03,+547.738677E-03,+512.814064E-03,+517.587945E-03
-1.840000E-03,+507.537672E-03,+509.778050E-03,+514.551931E-03
-1.837500E-03,+539.677538E-03,+512.814064E-03,+517.587945E-03
-1.835000E-03,+507.537672E-03,+512.814064E-03,+499.371865E-03
-1.832500E-03,+537.583736E-03,+512.814064E-03,+527.533506E-03
-1.830000E-03,+489.740353E-03,+512.814064E-03,+498.639034E-03
-1.827500E-03,+499.685914E-03,+500.565320E-03,+505.339201E-03
-1.825000E-03,+527.638175E-03,+499.204348E-03,+517.587945E-03
-1.822500E-03,+541.980720E-03,+518.572020E-03,+523.345901E-03
-1.820000E-03,+522.298979E-03,+507.474868E-03,+508.165834E-03
-1.817500E-03,+511.201826E-03,+512.814064E-03,+537.688447E-03
-1.815000E-03,+540.305679E-03,+512.814064E-03,+510.154947E-03
-1.812500E-03,+489.007522E-03,+514.384415E-03,+499.057794E-03
-1.810000E-03,+526.591273E-03,+512.814064E-03,+507.014243E-03
-1.807500E-03,+528.161625E-03,+512.814064E-03,+517.064494E-03
-1.805000E-03,+519.158275E-03,+515.954767E-03,+505.967342E-03
-1.802500E-03,+510.154925E-03,+527.680060E-03,+532.453941E-03
-1.800000E-03,+534.024272E-03,+526.528469E-03,+517.587945E-03
-1.797500E-03,+527.638175E-03,+528.203511E-03,+517.587945E-03
-1.795000E-03,+511.829967E-03,+528.622271E-03,+517.587945E-03
-1.792500E-03,+514.342530E-03,+519.618921E-03,+537.688447E-03
-1.790000E-03,+491.834155E-03,+515.012556E-03,+497.487443E-03
-1.787500E-03,+496.335830E-03,+530.611383E-03,+537.688447E-03
-1.785000E-03,+527.533484E-03,+512.814064E-03,+497.487443E-03
-1.782500E-03,+527.638175E-03,+521.922104E-03,+517.587945E-03
-1.780000E-03,+509.526784E-03,+549.036844E-03,+517.587945E-03
-1.777500E-03,+507.537672E-03,+525.900328E-03,+517.587945E-03
-1.775000E-03,+543.655762E-03,+528.831651E-03,+533.605533E-03
-1.772500E-03,+542.818241E-03,+532.914566E-03,+517.587945E-03
-1.770000E-03,+521.461458E-03,+526.737849E-03,+497.487443E-03
-1.767500E-03,+521.984908E-03,+530.087933E-03,+514.761312E-03
-1.765000E-03,+524.078711E-03,+524.644047E-03,+509.317426E-03
-1.762500E-03,+526.905344E-03,+512.814064E-03,+536.955616E-03
-1.760000E-03,+517.273853E-03,+523.178385E-03,+517.587945E-03
-1.757500E-03,+527.638175E-03,+514.175035E-03,+518.948916E-03
-1.755000E-03,+507.537672E-03,+537.730311E-03,+522.403690E-03
-1.752500E-03,+527.638175E-03,+512.814064E-03,+521.042719E-03
-1.750000E-03,+542.190101E-03,+527.365990E-03,+508.584595E-03
-1.747500E-03,+527.638175E-03,+518.362640E-03,+517.587945E-03
-1.745000E-03,+507.537672E-03,+516.268837E-03,+537.688447E-03
-1.742500E-03,+515.180051E-03,+512.814064E-03,+497.487443E-03
-1.740000E-03,+526.277203E-03,+551.654097E-03,+517.587945E-03
-1.737500E-03,+527.638175E-03,+512.814064E-03,+516.959804E-03
-1.735000E-03,+527.638175E-03,+512.081233E-03,+517.587945E-03
-1.732500E-03,+519.367655E-03,+532.914566E-03,+525.858464E-03
-1.730000E-03,+510.364305E-03,+532.914566E-03,+503.140709E-03
-1.727500E-03,+507.537672E-03,+526.737849E-03,+531.511730E-03
-1.725000E-03,+512.458108E-03,+517.734499E-03,+517.587945E-03
-1.722500E-03,+515.703501E-03,+500.879390E-03,+517.587945E-03
-1.720000E-03,+521.566148E-03,+538.986593E-03,+504.501680E-03
-1.717500E-03,+525.649062E-03,+514.803176E-03,+499.476555E-03
-1.715000E-03,+507.537672E-03,+503.706023E-03,+508.479905E-03
-1.712500E-03,+547.529297E-03,+512.918754E-03,+497.592133E-03
-1.710000E-03,+516.436332E-03,+521.712723E-03,+506.386102E-03
-1.707500E-03,+525.439682E-03,+512.814064E-03,+517.587945E-03
-1.705000E-03,+520.833317E-03,+519.618921E-03,+524.392802E-03
-1.702500E-03,+527.638175E-03,+517.106358E-03,+521.880240E-03
-1.700000E-03,+512.248728E-03,+543.592958E-03,+517.587945E-03
-1.697500E-03,+521.252078E-03,+492.713561E-03,+510.259637E-03
-1.695000E-03,+545.121424E-03,+512.814064E-03,+500.104695E-03
-1.692500E-03,+530.778878E-03,+501.193461E-03,+517.587945E-03
-1.690000E-03,+488.484071E-03,+512.814064E-03,+516.541044E-03
-1.687500E-03,+518.111374E-03,+522.340864E-03,+537.688447E-03
-1.685000E-03,+544.597973E-03,+495.854265E-03,+534.547744E-03
-1.682500E-03,+520.205176E-03,+532.914566E-03,+517.587945E-03
-1.680000E-03,+523.974021E-03,+549.350914E-03,+530.360139E-03
-1.677500E-03,+512.876868E-03,+498.052757E-03,+512.248749E-03
-1.675000E-03,+527.638175E-03,+538.672522E-03,+517.587945E-03
-1.672500E-03,+507.537672E-03,+529.669172E-03,+483.877727E-03
-1.670000E-03,+527.638175E-03,+492.713561E-03,+517.587945E-03
-1.667500E-03,+527.638175E-03,+512.814064E-03,+478.538532E-03
-1.665000E-03,+537.583736E-03,+542.860127E-03,+517.587945E-03
-1.662500E-03,+527.638175E-03,+493.655772E-03,+536.746236E-03
-1.660000E-03,+527.638175E-03,+520.875203E-03,+521.566169E-03
-1.657500E-03,+527.638175E-03,+529.878553E-03,+520.623958E-03
-1.655000E-03,+513.505009E-03,+512.814064E-03,+517.587945E-03
-1.652500E-03,+542.608861E-03,+512.814064E-03,+512.458129E-03
-1.650000E-03,+511.411207E-03,+512.814064E-03,+501.360977E-03
-1.647500E-03,+507.537672E-03,+525.690948E-03,+524.811563E-03
-1.645000E-03,+545.958945E-03,+532.914566E-03,+517.587945E-03
-1.642500E-03,+527.638175E-03,+522.131484E-03,+517.587945E-03
-1.640000E-03,+547.110536E-03,+532.914566E-03,+537.688447E-03
-1.637500E-03,+516.226952E-03,+515.536007E-03,+506.176722E-03
-1.635000E-03,+530.046047E-03,+495.121434E-03,+535.280575E-03
-1.632500E-03,+507.537672E-03,+512.814064E-03,+551.193472E-03
-1.630000E-03,+538.735327E-03,+512.814064E-03,+513.086270E-03
-1.627500E-03,+527.638175E-03,+523.911216E-03,+506.490793E-03
-1.625000E-03,+514.133150E-03,+519.409541E-03,+517.587945E-03
-1.622500E-03,+525.230302E-03,+532.914566E-03,+515.180072E-03
-1.620000E-03,+536.327454E-03,+512.814064E-03,+506.176722E-03
-1.617500E-03,+527.952245E-03,+512.814064E-03,+537.374377E-03
-1.615000E-03,+527.638175E-03,+531.448904E-03,+497.487443E-03
-1.612500E-03,+527.638175E-03,+514.593796E-03,+517.587945E-03
-1.610000E-03,+527.638175E-03,+525.690948E-03,+511.934679E-03
-1.607500E-03,+531.511709E-03,+516.687598E-03,+521.461479E-03
-1.605000E-03,+527.638175E-03,+512.814064E-03,+532.558631E-03
-1.602500E-03,+521.670838E-03,+512.814064E-03,+545.854276E-03
-1.600000E-03,+507.537672E-03,+509.778050E-03,+517.587945E-03
-1.597500E-03,+527.638175E-03,+500.774700E-03,+505.548582E-03
-1.595000E-03,+545.854255E-03,+512.814064E-03,+517.587945E-03
-1.592500E-03,+517.901994E-03,+532.914566E-03,+517.797325E-03
-1.590000E-03,+508.689264E-03,+531.762975E-03,+499.790625E-03
-1.587500E-03,+519.786416E-03,+517.211048E-03,+513.190960E-03
-1.585000E-03,+524.392781E-03,+512.814064E-03,+483.877727E-03
-1.582500E-03,+541.980720E-03,+527.156609E-03,+503.245399E-03
-1.580000E-03,+537.060285E-03,+522.236174E-03,+512.248749E-03
-1.577500E-03,+527.638175E-03,+512.814064E-03,+517.587945E-03
-1.575000E-03,+520.205176E-03,+507.579558E-03,+510.154947E-03
-1.572500E-03,+527.638175E-03,+495.854265E-03,+554.648246E-03
-1.570000E-03,+528.685076E-03,+522.340864E-03,+518.634846E-03
-1.567500E-03,+547.215226E-03,+493.760462E-03,+538.211898E-03
-1.565000E-03,+527.638175E-03,+512.814064E-03,+497.487443E-03
-1.562500E-03,+527.638175E-03,+495.330814E-03,+517.587945E-03
-1.560000E-03,+541.352580E-03,+512.814064E-03,+517.587945E-03
-1.557500E-03,+522.927119E-03,+522.236174E-03,+512.876890E-03
-1.555000E-03,+496.021760E-03,+508.521769E-03,+513.295650E-03
-1.552500E-03,+520.833317E-03,+519.618921E-03,+524.392802E-03
-1.550000E-03,+543.341692E-03,+497.110546E-03,+515.389452E-03
-1.547500E-03,+538.840017E-03,+535.217748E-03,+539.991630E-03
-1.545000E-03,+527.533484E-03,+512.709373E-03,+517.483255E-03
-1.542500E-03,+536.746215E-03,+512.814064E-03,+528.580407E-03
-1.540000E-03,+509.526784E-03,+496.691786E-03,+537.688447E-03
-1.537500E-03,+514.551910E-03,+525.900328E-03,+498.429654E-03
-1.535000E-03,+511.620587E-03,+528.831651E-03,+525.753774E-03
-1.532500E-03,+512.458108E-03,+512.814064E-03,+517.587945E-03
-1.530000E-03,+521.461458E-03,+526.737849E-03,+537.688447E-03
-1.527500E-03,+524.811541E-03,+512.814064E-03,+532.035181E-03
-1.525000E-03,+519.367655E-03,+524.644047E-03,+512.876890E-03
-1.522500E-03,+528.371005E-03,+513.546894E-03,+478.852602E-03
-1.520000E-03,+508.165813E-03,+523.178385E-03,+517.587945E-03
-1.517500E-03,+507.537672E-03,+531.553594E-03,+516.226973E-03
-1.515000E-03,+547.738677E-03,+512.814064E-03,+517.587945E-03
-1.512500E-03,+527.638175E-03,+516.268837E-03,+500.942216E-03
-1.510000E-03,+522.089598E-03,+512.814064E-03,+532.139871E-03
-1.507500E-03,+536.641525E-03,+527.365990E-03,+512.039369E-03
-1.505000E-03,+527.638175E-03,+529.459792E-03,+517.587945E-03
-1.502500E-03,+519.995796E-03,+512.814064E-03,+530.046069E-03
-1.500000E-03,+506.176701E-03,+494.074533E-03,+537.688447E-03
-1.497500E-03,+507.537672E-03,+512.814064E-03,+517.587945E-03
-1.495000E-03,+547.738677E-03,+513.546894E-03,+498.220273E-03
-1.492500E-03,+519.367655E-03,+521.084583E-03,+517.587945E-03
-1.490000E-03,+510.364305E-03,+515.640697E-03,+517.587945E-03
-1.487500E-03,+527.638175E-03,+512.814064E-03,+511.411228E-03
-1.485000E-03,+497.278041E-03,+497.633997E-03,+522.508380E-03
-1.482500E-03,+523.555260E-03,+512.814064E-03,+513.505030E-03
-1.480000E-03,+507.537672E-03,+519.828301E-03,+523.659972E-03
-1.477500E-03,+527.638175E-03,+530.925454E-03,+499.476555E-03
-1.475000E-03,+527.638175E-03,+525.690948E-03,+537.688447E-03
-1.472500E-03,+507.537672E-03,+512.918754E-03,+517.587945E-03
-1.470000E-03,+509.840855E-03,+515.117246E-03,+517.587945E-03
-1.467500E-03,+523.241190E-03,+494.912054E-03,+519.786437E-03
-1.465000E-03,+527.638175E-03,+512.814064E-03,+537.688447E-03
-1.462500E-03,+500.314054E-03,+512.814064E-03,+517.587945E-03
-1.460000E-03,+543.027622E-03,+528.203511E-03,+497.487443E-03
-1.457500E-03,+534.966483E-03,+512.814064E-03,+497.487443E-03
-1.455000E-03,+525.020922E-03,+512.814064E-03,+537.688447E-03
-1.452500E-03,+516.017572E-03,+512.814064E-03,+497.487443E-03
-1.450000E-03,+527.638175E-03,+513.337514E-03,+518.111395E-03
-1.447500E-03,+508.584573E-03,+502.240362E-03,+527.114745E-03
-1.445000E-03,+527.638175E-03,+532.914566E-03,+536.118095E-03
-1.442500E-03,+514.970671E-03,+512.814064E-03,+525.020943E-03
-1.440000E-03,+540.410369E-03,+536.578720E-03,+534.024293E-03
-1.437500E-03,+527.638175E-03,+512.814064E-03,+537.688447E-03
-1.435000E-03,+527.638175E-03,+518.572020E-03,+517.587945E-03
-1.432500E-03,+524.392781E-03,+532.914566E-03,+514.342551E-03
-1.430000E-03,+507.537672E-03,+508.417079E-03,+505.339201E-03
-1.427500E-03,+527.638175E-03,+531.762975E-03,+497.487443E-03
-1.425000E-03,+527.638175E-03,+512.604683E-03,+527.742886E-03
-1.422500E-03,+507.537672E-03,+494.597983E-03,+498.429654E-03
-1.420000E-03,+519.577036E-03,+532.914566E-03,+517.587945E-03
-1.417500E-03,+527.638175E-03,+529.878553E-03,+517.587945E-03
-1.415000E-03,+547.738677E-03,+518.781400E-03,+517.587945E-03
-1.412500E-03,+512.667488E-03,+517.943879E-03,+522.717761E-03
-1.410000E-03,+527.638175E-03,+512.814064E-03,+517.587945E-03
-1.407500E-03,+534.861793E-03,+518.467330E-03,+510.364327E-03
-1.405000E-03,+509.317404E-03,+494.493293E-03,+497.487443E-03
-1.402500E-03,+516.855093E-03,+503.496643E-03,+506.804863E-03
-1.400000E-03,+527.324104E-03,+493.027632E-03,+537.060306E-03
-1.397500E-03,+507.537672E-03,+521.503343E-03,+506.176722E-03
-1.395000E-03,+527.638175E-03,+532.914566E-03,+555.381077E-03
-1.392500E-03,+534.233652E-03,+512.814064E-03,+504.082920E-03
-1.390000E-03,+527.638175E-03,+508.312389E-03,+517.587945E-03
-1.387500E-03,+507.537672E-03,+537.416241E-03,+501.989118E-03
-1.385000E-03,+507.223602E-03,+512.814064E-03,+531.092970E-03
-1.382500E-03,+512.353418E-03,+532.914566E-03,+499.895315E-03
-1.380000E-03,+527.638175E-03,+524.225286E-03,+506.176722E-03
-1.377500E-03,+507.537672E-03,+532.600496E-03,+517.902015E-03
-1.375000E-03,+538.421257E-03,+503.496643E-03,+506.804863E-03
-1.372500E-03,+507.537672E-03,+514.593796E-03,+515.808213E-03
-1.370000E-03,+494.660788E-03,+512.814064E-03,+537.688447E-03
-1.367500E-03,+523.764640E-03,+529.041032E-03,+513.714411E-03
-1.365000E-03,+512.667488E-03,+512.814064E-03,+517.587945E-03
-1.362500E-03,+533.605511E-03,+512.814064E-03,+517.587945E-03
-1.360000E-03,+524.602161E-03,+512.814064E-03,+534.652434E-03
-1.357500E-03,+527.638175E-03,+524.853427E-03,+509.526806E-03
-1.355000E-03,+507.537672E-03,+510.929641E-03,+516.645734E-03
-1.352500E-03,+517.692614E-03,+502.659122E-03,+537.897827E-03
-1.350000E-03,+507.537672E-03,+513.965655E-03,+497.487443E-03
-1.347500E-03,+519.786416E-03,+512.814064E-03,+513.190960E-03
-1.345000E-03,+544.493283E-03,+512.814064E-03,+497.487443E-03
-1.342500E-03,+527.638175E-03,+527.156609E-03,+517.587945E-03
-1.340000E-03,+532.977371E-03,+518.153259E-03,+497.487443E-03
-1.337500E-03,+544.074523E-03,+492.713561E-03,+513.923791E-03
-1.335000E-03,+520.205176E-03,+525.481568E-03,+490.054444E-03
-1.332500E-03,+509.108024E-03,+531.344214E-03,+517.587945E-03
-1.330000E-03,+517.064473E-03,+522.340864E-03,+518.634846E-03
-1.327500E-03,+508.061123E-03,+493.760462E-03,+498.010893E-03
-1.325000E-03,+527.638175E-03,+512.814064E-03,+526.067844E-03
-1.322500E-03,+525.020922E-03,+512.814064E-03,+514.970692E-03
-1.320000E-03,+541.352580E-03,+519.200161E-03,+517.587945E-03
-1.317500E-03,+507.537672E-03,+512.814064E-03,+502.198498E-03
-1.315000E-03,+539.154087E-03,+517.106358E-03,+501.779737E-03
-1.312500E-03,+521.147387E-03,+506.009206E-03,+504.292300E-03
-1.310000E-03,+509.736165E-03,+510.615571E-03,+499.685935E-03
-1.307500E-03,+527.638175E-03,+501.612221E-03,+508.689285E-03
-1.305000E-03,+527.533484E-03,+552.805688E-03,+517.587945E-03
-1.302500E-03,+516.645712E-03,+503.706023E-03,+528.580407E-03
-1.300000E-03,+525.649062E-03,+494.702673E-03,+535.699335E-03
-1.297500E-03,+527.638175E-03,+512.814064E-03,+537.688447E-03
-1.295000E-03,+527.638175E-03,+516.896978E-03,+517.587945E-03
-1.292500E-03,+527.638175E-03,+527.994130E-03,+517.587945E-03
-1.290000E-03,+521.461458E-03,+478.789776E-03,+531.511730E-03
-1.287500E-03,+527.638175E-03,+515.640697E-03,+517.587945E-03
-1.285000E-03,+515.808191E-03,+524.644047E-03,+517.587945E-03
-1.282500E-03,+547.005846E-03,+532.181735E-03,+517.587945E-03
-1.280000E-03,+507.537672E-03,+533.542707E-03,+518.216086E-03
-1.277500E-03,+508.898644E-03,+512.814064E-03,+517.587945E-03
-1.275000E-03,+519.995796E-03,+512.814064E-03,+509.945566E-03
-1.272500E-03,+544.283903E-03,+516.268837E-03,+534.233673E-03
-1.270000E-03,+533.186751E-03,+518.362640E-03,+517.587945E-03
-1.267500E-03,+527.638175E-03,+512.814064E-03,+517.587945E-03
-1.265000E-03,+547.738677E-03,+529.459792E-03,+517.587945E-03
-1.262500E-03,+515.180051E-03,+525.272187E-03,+517.587945E-03
-1.260000E-03,+527.638175E-03,+494.074533E-03,+516.226973E-03
-1.257500E-03,+537.374355E-03,+512.814064E-03,+538.316588E-03
-1.255000E-03,+527.638175E-03,+512.814064E-03,+516.855114E-03
-1.252500E-03,+519.367655E-03,+532.914566E-03,+517.587945E-03
-1.250000E-03,+527.638175E-03,+515.640697E-03,+514.761312E-03
-1.247500E-03,+521.461458E-03,+505.066995E-03,+531.511730E-03
-1.245000E-03,+507.537672E-03,+512.814064E-03,+502.407878E-03
-1.242500E-03,+515.703501E-03,+516.896978E-03,+497.487443E-03
-1.240000E-03,+488.379381E-03,+519.828301E-03,+484.401178E-03
-1.237500E-03,+527.638175E-03,+514.803176E-03,+481.365165E-03
-1.235000E-03,+507.537672E-03,+501.821601E-03,+528.580407E-03
-1.232500E-03,+527.638175E-03,+512.918754E-03,+497.592133E-03
-1.230000E-03,+518.739515E-03,+512.814064E-03,+546.587107E-03
-1.227500E-03,+523.241190E-03,+494.912054E-03,+517.587945E-03
-1.225000E-03,+514.342530E-03,+506.323276E-03,+524.392802E-03
-1.222500E-03,+527.638175E-03,+537.206861E-03,+501.779737E-03
-1.220000E-03,+522.927119E-03,+512.814064E-03,+497.487443E-03
-1.217500E-03,+527.638175E-03,+512.814064E-03,+511.201848E-03
-1.215000E-03,+512.772178E-03,+495.330814E-03,+535.071194E-03
-1.212500E-03,+536.118074E-03,+521.293963E-03,+517.587945E-03
-1.210000E-03,+527.114724E-03,+532.914566E-03,+517.587945E-03
-1.207500E-03,+527.638175E-03,+512.814064E-03,+517.587945E-03
-1.205000E-03,+509.108024E-03,+531.344214E-03,+517.587945E-03
-1.202500E-03,+514.970671E-03,+525.481568E-03,+512.353439E-03
-1.200000E-03,+523.974021E-03,+512.814064E-03,+530.360139E-03
-1.197500E-03,+518.216064E-03,+532.914566E-03,+508.165834E-03
-1.195000E-03,+527.638175E-03,+527.156610E-03,+526.172534E-03
-1.192500E-03,+527.638175E-03,+512.814064E-03,+517.587945E-03
-1.190000E-03,+515.389431E-03,+504.962305E-03,+509.736186E-03
-1.187500E-03,+525.334992E-03,+512.814064E-03,+515.284762E-03
-1.185000E-03,+517.483233E-03,+512.604683E-03,+507.642384E-03
-1.182500E-03,+506.595461E-03,+532.914566E-03,+518.530156E-03
-1.180000E-03,+507.537672E-03,+512.814064E-03,+525.649084E-03
-1.177500E-03,+544.702664E-03,+529.878553E-03,+500.523456E-03
-1.175000E-03,+527.638175E-03,+498.680898E-03,+537.688447E-03
-1.172500E-03,+527.638175E-03,+527.784750E-03,+502.617258E-03
-1.170000E-03,+543.865143E-03,+529.041032E-03,+513.714411E-03
-1.167500E-03,+534.861793E-03,+512.814064E-03,+511.934679E-03
-1.165000E-03,+509.317404E-03,+531.134834E-03,+499.267175E-03
-1.162500E-03,+516.855093E-03,+522.131484E-03,+506.804863E-03
-1.160000E-03,+507.223602E-03,+512.814064E-03,+498.115583E-03
-1.157500E-03,+527.638175E-03,+535.636509E-03,+500.209386E-03
-1.155000E-03,+527.638175E-03,+528.098821E-03,+515.180072E-03
-1.152500E-03,+527.638175E-03,+512.814064E-03,+517.587945E-03
-1.150000E-03,+512.039347E-03,+517.315739E-03,+517.587945E-03
-1.147500E-03,+512.039347E-03,+528.412891E-03,+513.086270E-03
-1.145000E-03,+534.233652E-03,+512.814064E-03,+510.678397E-03
-1.142500E-03,+525.230302E-03,+512.814064E-03,+519.995818E-03
-1.140000E-03,+527.638175E-03,+512.814064E-03,+517.587945E-03
-1.137500E-03,+527.638175E-03,+512.499993E-03,+517.587945E-03
-1.135000E-03,+527.638175E-03,+511.348402E-03,+528.371027E-03
-1.132500E-03,+509.317404E-03,+494.493293E-03,+499.267175E-03
-1.130000E-03,+507.537672E-03,+512.814064E-03,+517.587945E-03
-1.127500E-03,+523.764640E-03,+496.587096E-03,+505.234511E-03
-1.125000E-03,+492.566986E-03,+523.073695E-03,+522.717761E-03
-1.122500E-03,+507.537672E-03,+526.947229E-03,+511.620608E-03
-1.120000E-03,+544.702664E-03,+515.850077E-03,+517.587945E-03
-1.117500E-03,+535.699314E-03,+544.953929E-03,+517.587945E-03
-1.115000E-03,+508.479883E-03,+512.814064E-03,+516.645734E-03
-1.112500E-03,+527.428794E-03,+522.759625E-03,+517.587945E-03
-1.110000E-03,+526.486583E-03,+493.865153E-03,+518.739536E-03
-1.107500E-03,+519.786416E-03,+520.665822E-03,+525.439704E-03
-1.105000E-03,+527.638175E-03,+509.568670E-03,+517.587945E-03
-1.102500E-03,+507.537672E-03,+518.572020E-03,+523.345901E-03
-1.100000E-03,+537.060285E-03,+507.474868E-03,+537.688447E-03
-1.097500E-03,+514.865980E-03,+516.478218E-03,+517.587945E-03
-1.095000E-03,+487.437170E-03,+512.814064E-03,+512.353439E-03
-1.092500E-03,+505.967321E-03,+512.814064E-03,+514.447241E-03
-1.090000E-03,+527.638175E-03,+512.814064E-03,+528.161647E-03
-1.087500E-03,+566.792278E-03,+512.814064E-03,+497.487443E-03
-1.085000E-03,+504.396969E-03,+521.293963E-03,+505.967342E-03
-1.082500E-03,+530.255427E-03,+512.814064E-03,+497.487443E-03
-1.080000E-03,+500.209364E-03,+526.528469E-03,+510.259637E-03
-1.077500E-03,+512.248728E-03,+512.814064E-03,+522.299000E-03
-1.075000E-03,+523.345880E-03,+537.206861E-03,+533.396152E-03
-1.072500E-03,+527.638175E-03,+499.518419E-03,+504.292300E-03
-1.070000E-03,+529.836667E-03,+512.814064E-03,+519.786437E-03
-1.067500E-03,+518.739515E-03,+501.612221E-03,+515.284762E-03
-1.065000E-03,+527.533484E-03,+512.918754E-03,+517.483255E-03
-1.062500E-03,+514.761290E-03,+492.713561E-03,+519.472367E-03
-1.060000E-03,+545.749565E-03,+530.925454E-03,+517.587945E-03
-1.057500E-03,+507.537672E-03,+532.914566E-03,+517.587945E-03
-1.055000E-03,+527.638175E-03,+516.896978E-03,+521.670859E-03
-1.052500E-03,+522.717739E-03,+512.814064E-03,+517.587945E-03
-1.050000E-03,+521.461458E-03,+518.990780E-03,+509.840876E-03
-1.047500E-03,+544.912044E-03,+532.914566E-03,+517.587945E-03
-1.045000E-03,+539.468158E-03,+500.984080E-03,+521.147409E-03
-1.042500E-03,+488.170001E-03,+493.446392E-03,+498.220273E-03
-1.040000E-03,+527.638175E-03,+523.178385E-03,+517.587945E-03
-1.037500E-03,+507.537672E-03,+512.814064E-03,+517.587945E-03
-1.035000E-03,+522.822429E-03,+512.814064E-03,+505.129821E-03
-1.032500E-03,+507.537672E-03,+526.005018E-03,+517.587945E-03
-1.030000E-03,+536.641525E-03,+512.814064E-03,+537.688447E-03
-1.027500E-03,+513.086248E-03,+527.365990E-03,+508.584595E-03
-1.025000E-03,+527.638175E-03,+516.268837E-03,+517.587945E-03
-1.022500E-03,+515.180051E-03,+532.914566E-03,+517.587945E-03
-1.020000E-03,+488.798142E-03,+530.192623E-03,+500.209386E-03
-1.017500E-03,+517.273853E-03,+532.286425E-03,+507.223623E-03
-1.015000E-03,+527.638175E-03,+552.282237E-03,+536.955616E-03
-1.012500E-03,+507.537672E-03,+500.984080E-03,+517.587945E-03
-1.010000E-03,+527.638175E-03,+512.814064E-03,+517.587945E-03
-1.007500E-03,+533.814891E-03,+518.990780E-03,+511.411228E-03
-1.005000E-03,+507.537672E-03,+512.814064E-03,+507.328313E-03
-1.002500E-03,+531.721089E-03,+532.914566E-03,+517.587945E-03
-1.000000E-03,+527.638175E-03,+512.814064E-03,+517.587945E-03
-997.500E-06,+527.638175E-03,+530.925454E-03,+499.476555E-03
-995.000E-06,+527.638175E-03,+503.706023E-03,+488.379402E-03
-992.500E-06,+527.742865E-03,+532.914566E-03,+517.587945E-03
-990.000E-06,+527.638175E-03,+512.814064E-03,+506.386102E-03
-987.500E-06,+527.638175E-03,+530.716073E-03,+517.587945E-03
-985.000E-06,+527.638175E-03,+506.009206E-03,+517.587945E-03
-982.500E-06,+511.829967E-03,+532.914566E-03,+529.103858E-03
-980.000E-06,+527.638175E-03,+517.525119E-03,+486.809051E-03
-977.500E-06,+527.638175E-03,+512.814064E-03,+511.201848E-03
-975.000E-06,+507.537672E-03,+492.713561E-03,+517.587945E-03
-972.500E-06,+527.638175E-03,+509.673360E-03,+517.587945E-03
-970.000E-06,+547.215226E-03,+474.183411E-03,+517.064494E-03
-967.500E-06,+517.064473E-03,+522.340864E-03,+497.487443E-03
-965.000E-06,+527.638175E-03,+515.954767E-03,+534.547744E-03
-962.500E-06,+520.205176E-03,+532.914566E-03,+512.353439E-03
-960.000E-06,+507.537672E-03,+516.478218E-03,+501.151597E-03
-957.500E-06,+527.638175E-03,+527.575370E-03,+497.487443E-03
-955.000E-06,+519.053585E-03,+527.156610E-03,+526.172534E-03
-952.500E-06,+507.537672E-03,+512.814064E-03,+487.123121E-03
-950.000E-06,+535.489933E-03,+512.814064E-03,+525.439704E-03
-947.500E-06,+527.638175E-03,+531.762975E-03,+518.739536E-03
-945.000E-06,+527.847555E-03,+502.868503E-03,+517.378565E-03
-942.500E-06,+507.537672E-03,+494.597983E-03,+518.530156E-03
-940.000E-06,+527.638175E-03,+532.914566E-03,+505.548582E-03
-937.500E-06,+541.666650E-03,+512.814064E-03,+534.652434E-03
-935.000E-06,+507.537672E-03,+541.080395E-03,+503.454779E-03
-932.500E-06,+527.638175E-03,+522.654935E-03,+522.717761E-03
-930.000E-06,+523.764640E-03,+512.814064E-03,+533.814913E-03
-927.500E-06,+521.984908E-03,+520.037682E-03,+530.464829E-03
-925.000E-06,+511.097136E-03,+514.593796E-03,+497.487443E-03
-922.500E-06,+518.320754E-03,+512.814064E-03,+517.587945E-03
-920.000E-06,+527.638175E-03,+532.600496E-03,+536.746236E-03
-917.500E-06,+516.226952E-03,+501.402841E-03,+517.587945E-03
-915.000E-06,+509.945545E-03,+515.221936E-03,+519.995818E-03
-912.500E-06,+521.042697E-03,+512.814064E-03,+517.587945E-03
-910.000E-06,+532.139850E-03,+521.817414E-03,+528.685097E-03
-907.500E-06,+523.136500E-03,+512.814064E-03,+501.989118E-03
-905.000E-06,+547.738677E-03,+505.904516E-03,+510.992468E-03
-902.500E-06,+545.330804E-03,+548.199323E-03,+517.587945E-03
-900.000E-06,+507.537672E-03,+521.503343E-03,+517.587945E-03
-897.500E-06,+527.638175E-03,+493.027632E-03,+517.902015E-03
-895.000E-06,+536.955595E-03,+503.496643E-03,+506.804863E-03
-892.500E-06,+509.317404E-03,+512.814064E-03,+480.946404E-03
-890.000E-06,+527.638175E-03,+520.037682E-03,+537.688447E-03
-887.500E-06,+527.638175E-03,+529.041032E-03,+517.587945E-03
-885.000E-06,+512.667488E-03,+512.814064E-03,+492.776387E-03
-882.500E-06,+533.605511E-03,+504.648234E-03,+523.555281E-03
-880.000E-06,+527.638175E-03,+529.878552E-03,+514.551931E-03
-877.500E-06,+487.437170E-03,+516.896978E-03,+537.688447E-03
-875.000E-06,+508.479883E-03,+511.871853E-03,+518.530156E-03
-872.500E-06,+517.692614E-03,+522.969005E-03,+527.533506E-03
-870.000E-06,+509.840855E-03,+511.662472E-03,+516.436354E-03
-867.500E-06,+527.638175E-03,+532.914566E-03,+509.736186E-03
-865.000E-06,+514.028459E-03,+532.914566E-03,+517.587945E-03
-862.500E-06,+519.053585E-03,+512.814064E-03,+503.245399E-03
-860.000E-06,+512.876868E-03,+507.474868E-03,+512.248749E-03
-857.500E-06,+507.537672E-03,+512.814064E-03,+534.024293E-03
-855.000E-06,+507.537672E-03,+512.814064E-03,+530.255449E-03
-852.500E-06,+507.537672E-03,+512.814064E-03,+536.118095E-03
-850.000E-06,+527.638175E-03,+523.387765E-03,+527.114745E-03
-847.500E-06,+507.537672E-03,+512.814064E-03,+536.641546E-03
-845.000E-06,+516.017572E-03,+509.673360E-03,+517.587945E-03
-842.500E-06,+542.504171E-03,+512.814064E-03,+514.970692E-03
-840.000E-06,+521.252077E-03,+499.099658E-03,+517.587945E-03
-837.500E-06,+507.537672E-03,+517.525119E-03,+512.876890E-03
-835.000E-06,+507.537672E-03,+532.914566E-03,+529.103858E-03
-832.500E-06,+501.046885E-03,+506.009206E-03,+504.292300E-03
-830.000E-06,+523.241190E-03,+532.914566E-03,+497.487443E-03
-827.500E-06,+529.941357E-03,+515.117246E-03,+517.587945E-03
-825.000E-06,+527.638175E-03,+492.922942E-03,+517.483255E-03
-822.500E-06,+507.537672E-03,+503.706023E-03,+537.688447E-03
-820.000E-06,+525.649062E-03,+512.814064E-03,+497.487443E-03
-817.500E-06,+527.638175E-03,+512.814064E-03,+490.473205E-03
-815.000E-06,+495.602999E-03,+496.796476E-03,+533.605533E-03
-812.500E-06,+512.458108E-03,+527.994130E-03,+512.667509E-03
-810.000E-06,+521.461458E-03,+526.737849E-03,+517.587945E-03
-807.500E-06,+524.811541E-03,+512.814064E-03,+500.314076E-03
-805.000E-06,+531.197639E-03,+504.543544E-03,+525.858464E-03
-802.500E-06,+508.270503E-03,+531.448904E-03,+498.220273E-03
-800.000E-06,+527.010034E-03,+522.550244E-03,+496.859302E-03
-797.500E-06,+546.377705E-03,+494.074533E-03,+517.587945E-03
-795.000E-06,+515.180051E-03,+512.814064E-03,+517.587945E-03
-792.500E-06,+540.829129E-03,+546.105521E-03,+514.133171E-03
-790.000E-06,+513.086248E-03,+527.365990E-03,+512.039369E-03
-787.500E-06,+507.537672E-03,+532.914566E-03,+497.487443E-03
-785.000E-06,+507.537672E-03,+512.814064E-03,+497.487443E-03
-782.500E-06,+502.721927E-03,+520.456442E-03,+525.230323E-03
-780.000E-06,+546.377705E-03,+514.175035E-03,+517.587945E-03
-777.500E-06,+547.738677E-03,+522.550244E-03,+507.851764E-03
-775.000E-06,+509.003334E-03,+513.546894E-03,+498.220273E-03
-772.500E-06,+502.826617E-03,+504.543544E-03,+497.487443E-03
-770.000E-06,+547.738677E-03,+495.540194E-03,+514.761312E-03
-767.500E-06,+527.638175E-03,+518.990780E-03,+523.764662E-03
-765.000E-06,+522.717739E-03,+532.914566E-03,+517.587945E-03
-762.500E-06,+527.638175E-03,+492.713561E-03,+521.670859E-03
-760.000E-06,+507.537672E-03,+512.814064E-03,+537.688447E-03
-757.500E-06,+527.638175E-03,+512.814064E-03,+535.699335E-03
-755.000E-06,+536.746215E-03,+554.899490E-03,+537.688447E-03
-752.500E-06,+547.529297E-03,+512.709373E-03,+497.592133E-03
-750.000E-06,+527.638175E-03,+521.712723E-03,+517.587945E-03
-747.500E-06,+509.736165E-03,+512.814064E-03,+533.291462E-03
-745.000E-06,+527.638175E-03,+512.814064E-03,+517.587945E-03
-742.500E-06,+531.930469E-03,+512.814064E-03,+517.587945E-03
-740.000E-06,+507.537672E-03,+543.592958E-03,+517.587945E-03
-737.500E-06,+521.252078E-03,+512.814064E-03,+517.587945E-03
-735.000E-06,+527.638175E-03,+515.431316E-03,+535.071194E-03
-732.500E-06,+507.537672E-03,+512.814064E-03,+517.587945E-03
-730.000E-06,+508.061123E-03,+532.391115E-03,+516.541044E-03
-727.500E-06,+527.638175E-03,+512.814064E-03,+518.634846E-03
-725.000E-06,+510.678376E-03,+531.344214E-03,+536.118095E-03
-722.500E-06,+527.638175E-03,+512.814064E-03,+530.255449E-03
-720.000E-06,+511.201826E-03,+496.377715E-03,+517.587945E-03
-717.500E-06,+522.298979E-03,+512.814064E-03,+502.826639E-03
-715.000E-06,+533.396131E-03,+492.713561E-03,+517.587945E-03
-712.500E-06,+524.392781E-03,+516.059457E-03,+500.732836E-03
-710.000E-06,+507.537672E-03,+520.665822E-03,+505.339201E-03
-707.500E-06,+506.386081E-03,+530.611383E-03,+498.639034E-03
-705.000E-06,+527.638175E-03,+512.814064E-03,+517.797325E-03
-702.500E-06,+507.537672E-03,+492.713561E-03,+535.804025E-03
-700.000E-06,+519.577036E-03,+512.814064E-03,+497.487443E-03
-697.500E-06,+527.638175E-03,+512.814064E-03,+537.688447E-03
-695.000E-06,+521.670838E-03,+512.814064E-03,+503.454779E-03
-692.500E-06,+522.508359E-03,+527.784750E-03,+497.487443E-03
-690.000E-06,+507.537672E-03,+512.814064E-03,+521.461479E-03
-687.500E-06,+507.537672E-03,+525.690948E-03,+510.364327E-03
-685.000E-06,+527.638175E-03,+512.814064E-03,+517.587945E-03
-682.500E-06,+507.537672E-03,+512.814064E-03,+517.587945E-03
-680.000E-06,+527.638175E-03,+532.286425E-03,+517.587945E-03
-677.500E-06,+536.327454E-03,+504.124784E-03,+517.587945E-03
-675.000E-06,+525.230302E-03,+548.199323E-03,+515.180072E-03
-672.500E-06,+507.537672E-03,+519.409541E-03,+517.587945E-03
-670.000E-06,+527.638175E-03,+537.416241E-03,+513.086270E-03
-667.500E-06,+503.035997E-03,+512.814064E-03,+522.089620E-03
-665.000E-06,+534.233652E-03,+512.814064E-03,+504.082920E-03
-662.500E-06,+509.945545E-03,+530.506693E-03,+535.280574E-03
-660.000E-06,+527.638175E-03,+521.503343E-03,+528.999168E-03
-657.500E-06,+547.424607E-03,+493.027632E-03,+517.273875E-03
-655.000E-06,+518.320754E-03,+522.131484E-03,+517.587945E-03
-652.500E-06,+507.537672E-03,+531.134834E-03,+519.367677E-03
-650.000E-06,+507.537672E-03,+512.814064E-03,+530.464829E-03
-647.500E-06,+531.511709E-03,+532.914566E-03,+529.941379E-03
-645.000E-06,+512.667488E-03,+507.684248E-03,+517.587945E-03
-642.500E-06,+513.505009E-03,+510.615571E-03,+505.653272E-03
-640.000E-06,+527.638175E-03,+498.785588E-03,+537.688447E-03
-637.500E-06,+527.638175E-03,+500.774700E-03,+509.526806E-03
-635.000E-06,+508.479883E-03,+511.871853E-03,+517.587945E-03
-632.500E-06,+527.638175E-03,+502.868503E-03,+527.742886E-03
-630.000E-06,+509.840855E-03,+551.863477E-03,+517.587945E-03
-627.500E-06,+523.241190E-03,+525.062807E-03,+505.339201E-03
-625.000E-06,+544.493283E-03,+526.423779E-03,+531.197660E-03
-622.500E-06,+527.638175E-03,+518.572020E-03,+523.345901E-03
-620.000E-06,+516.959783E-03,+512.814064E-03,+517.587945E-03
-617.500E-06,+527.638175E-03,+516.478218E-03,+517.587945E-03
-615.000E-06,+527.638175E-03,+525.481568E-03,+530.255449E-03
-612.500E-06,+527.638175E-03,+495.854265E-03,+499.057794E-03
-610.000E-06,+517.064473E-03,+522.340864E-03,+507.014243E-03
-607.500E-06,+507.537672E-03,+532.391115E-03,+497.487443E-03
-605.000E-06,+547.738677E-03,+521.293963E-03,+529.208548E-03
-602.500E-06,+510.154925E-03,+532.914566E-03,+514.970692E-03
-600.000E-06,+534.966483E-03,+520.142372E-03,+511.201848E-03
-597.500E-06,+522.927119E-03,+512.814064E-03,+497.487443E-03
-595.000E-06,+527.638175E-03,+512.814064E-03,+521.880240E-03
-592.500E-06,+507.537672E-03,+486.222774E-03,+497.487443E-03
-590.000E-06,+527.638175E-03,+512.814064E-03,+497.487443E-03
-587.500E-06,+498.639012E-03,+521.712723E-03,+497.487443E-03
-585.000E-06,+527.638175E-03,+552.805688E-03,+537.583757E-03
-582.500E-06,+507.537672E-03,+512.814064E-03,+519.472367E-03
-580.000E-06,+545.749565E-03,+530.925454E-03,+519.577057E-03
-577.500E-06,+520.623937E-03,+519.828301E-03,+497.487443E-03
-575.000E-06,+527.638175E-03,+512.814064E-03,+517.587945E-03
-572.500E-06,+517.797304E-03,+517.734499E-03,+532.768012E-03
-570.000E-06,+493.613887E-03,+512.814064E-03,+503.664159E-03
-567.500E-06,+527.638175E-03,+530.087933E-03,+497.487443E-03
-565.000E-06,+511.097136E-03,+532.914566E-03,+509.317426E-03
-562.500E-06,+527.638175E-03,+531.448904E-03,+536.955616E-03
-560.000E-06,+527.638175E-03,+512.814064E-03,+538.316588E-03
-557.500E-06,+526.277203E-03,+492.713561E-03,+514.866002E-03
-555.000E-06,+515.180051E-03,+525.272187E-03,+530.046069E-03
-552.500E-06,+531.092948E-03,+512.814064E-03,+497.487443E-03
-550.000E-06,+522.089598E-03,+521.817414E-03,+523.136521E-03
-547.500E-06,+513.086248E-03,+512.814064E-03,+537.688447E-03
-545.000E-06,+507.537672E-03,+516.268837E-03,+537.688447E-03
-542.500E-06,+515.180051E-03,+512.814064E-03,+509.945566E-03
-540.000E-06,+507.537672E-03,+550.293125E-03,+517.587945E-03
-537.500E-06,+517.273853E-03,+523.178385E-03,+517.587945E-03
-535.000E-06,+528.371005E-03,+494.179223E-03,+517.587945E-03
-532.500E-06,+503.978208E-03,+512.814064E-03,+517.587945E-03
-530.000E-06,+510.364305E-03,+512.814064E-03,+517.587945E-03
-527.500E-06,+513.714389E-03,+512.814064E-03,+537.688447E-03
-525.000E-06,+517.378543E-03,+522.654934E-03,+522.508380E-03
-522.500E-06,+495.602999E-03,+512.814064E-03,+521.670859E-03
-520.000E-06,+527.638175E-03,+512.814064E-03,+524.602183E-03
-517.500E-06,+547.738677E-03,+514.803176E-03,+533.710223E-03
-515.000E-06,+518.530135E-03,+503.706023E-03,+499.371865E-03
-512.500E-06,+487.646550E-03,+512.709373E-03,+497.696823E-03
-510.000E-06,+507.537672E-03,+524.015906E-03,+508.689285E-03
-507.500E-06,+527.638175E-03,+512.814064E-03,+517.587945E-03
-505.000E-06,+527.638175E-03,+519.304851E-03,+524.392802E-03
-502.500E-06,+511.829967E-03,+524.329976E-03,+490.263825E-03
-500.000E-06,+527.638175E-03,+523.492455E-03,+502.198498E-03
-497.500E-06,+507.537672E-03,+512.814064E-03,+497.487443E-03
-495.000E-06,+525.020922E-03,+530.297313E-03,+500.104695E-03
-492.500E-06,+516.017572E-03,+524.434666E-03,+497.487443E-03
-490.000E-06,+527.114724E-03,+532.391115E-03,+517.064494E-03
-487.500E-06,+517.064473E-03,+523.387765E-03,+517.587945E-03
-485.000E-06,+527.638175E-03,+494.283913E-03,+517.587945E-03
-482.500E-06,+520.205176E-03,+505.381065E-03,+517.587945E-03
-480.000E-06,+544.074523E-03,+549.350914E-03,+497.487443E-03
-477.500E-06,+547.738677E-03,+498.052757E-03,+502.826639E-03
-475.000E-06,+507.537672E-03,+541.499155E-03,+517.587945E-03
-472.500E-06,+507.537672E-03,+512.814064E-03,+517.587945E-03
-470.000E-06,+519.786416E-03,+512.814064E-03,+517.587945E-03
-467.500E-06,+526.486583E-03,+515.117246E-03,+518.739536E-03
-465.000E-06,+527.638175E-03,+512.814064E-03,+527.533506E-03
-462.500E-06,+546.796466E-03,+494.597983E-03,+515.703523E-03
-460.000E-06,+515.598811E-03,+540.975705E-03,+537.688447E-03
-457.500E-06,+527.638175E-03,+529.878553E-03,+500.523456E-03
-455.000E-06,+521.670838E-03,+532.914566E-03,+511.620608E-03
-452.500E-06,+507.537672E-03,+532.914566E-03,+522.717761E-03
-450.000E-06,+495.184239E-03,+545.268000E-03,+517.587945E-03
-447.500E-06,+540.515059E-03,+512.814064E-03,+504.711061E-03
-445.000E-06,+527.638175E-03,+512.814064E-03,+515.808213E-03
-442.500E-06,+526.172513E-03,+523.597146E-03,+526.905365E-03
-440.000E-06,+527.324104E-03,+513.128134E-03,+517.902015E-03
-437.500E-06,+524.916232E-03,+521.503343E-03,+508.898665E-03
-435.000E-06,+530.046047E-03,+512.814064E-03,+515.180072E-03
-432.500E-06,+527.638175E-03,+532.914566E-03,+504.082920E-03
-430.000E-06,+507.537672E-03,+523.911216E-03,+522.089620E-03
-427.500E-06,+538.735327E-03,+548.513393E-03,+501.989118E-03
-425.000E-06,+527.638175E-03,+512.814064E-03,+510.992468E-03
-422.500E-06,+527.638175E-03,+512.814064E-03,+517.587945E-03
-420.000E-06,+527.638175E-03,+532.914566E-03,+517.587945E-03
-417.500E-06,+546.796466E-03,+512.814064E-03,+517.587945E-03
-415.000E-06,+518.320754E-03,+522.131484E-03,+519.053606E-03
-412.500E-06,+527.638175E-03,+494.493293E-03,+517.587945E-03
-410.000E-06,+520.414557E-03,+525.690948E-03,+536.118095E-03
-407.500E-06,+507.537672E-03,+508.940529E-03,+529.941379E-03
-405.000E-06,+497.696801E-03,+512.814064E-03,+532.558631E-03
-402.500E-06,+541.771340E-03,+512.814064E-03,+523.555281E-03
-400.000E-06,+510.573686E-03,+512.814064E-03,+514.551931E-03
-397.500E-06,+515.598811E-03,+512.814064E-03,+505.548581E-03
-395.000E-06,+508.479883E-03,+512.814064E-03,+537.688447E-03
-392.500E-06,+527.638175E-03,+512.814064E-03,+507.433004E-03
-390.000E-06,+526.486583E-03,+492.713561E-03,+517.587945E-03
-387.500E-06,+539.886918E-03,+512.814064E-03,+525.439704E-03
-385.000E-06,+530.883568E-03,+529.669172E-03,+487.123121E-03
-382.500E-06,+521.880218E-03,+512.814064E-03,+506.072032E-03
-380.000E-06,+503.454758E-03,+512.814064E-03,+517.587945E-03
-377.500E-06,+527.638175E-03,+512.814064E-03,+534.024293E-03
-375.000E-06,+507.537672E-03,+532.914566E-03,+502.721948E-03
-372.500E-06,+509.108024E-03,+511.243712E-03,+497.487443E-03
-370.000E-06,+527.638175E-03,+512.814064E-03,+496.440541E-03
-367.500E-06,+507.537672E-03,+512.814064E-03,+517.064494E-03
-365.000E-06,+539.258777E-03,+512.814064E-03,+514.447241E-03
-362.500E-06,+510.154925E-03,+512.814064E-03,+497.487443E-03
-360.000E-06,+527.638175E-03,+512.814064E-03,+517.587945E-03
-357.500E-06,+507.537672E-03,+528.203511E-03,+517.587945E-03
-355.000E-06,+511.829967E-03,+517.106358E-03,+497.487443E-03
-352.500E-06,+514.342530E-03,+519.618921E-03,+510.783087E-03
-350.000E-06,+547.738677E-03,+530.716073E-03,+535.489955E-03
-347.500E-06,+505.234490E-03,+524.015906E-03,+506.386102E-03
-345.000E-06,+507.537672E-03,+552.805688E-03,+517.483255E-03
-342.500E-06,+529.522597E-03,+512.814064E-03,+528.580407E-03
-340.000E-06,+509.526784E-03,+512.814064E-03,+499.476555E-03
-337.500E-06,+520.623937E-03,+499.727799E-03,+524.602183E-03
-335.000E-06,+527.638175E-03,+516.896978E-03,+517.587945E-03
-332.500E-06,+497.278041E-03,+512.814064E-03,+507.328314E-03
-330.000E-06,+527.638175E-03,+512.814064E-03,+531.511730E-03
-327.500E-06,+507.537672E-03,+530.087933E-03,+500.314076E-03
-325.000E-06,+515.808191E-03,+512.814064E-03,+537.688447E-03
-322.500E-06,+489.635662E-03,+513.546894E-03,+498.953104E-03
-320.000E-06,+507.537672E-03,+532.914566E-03,+527.952266E-03
-317.500E-06,+526.277203E-03,+512.814064E-03,+498.848414E-03
-315.000E-06,+507.537672E-03,+532.914566E-03,+497.487443E-03
-312.500E-06,+514.447220E-03,+512.814064E-03,+500.942216E-03
-310.000E-06,+533.186751E-03,+512.814064E-03,+526.591295E-03
-307.500E-06,+522.089598E-03,+512.814064E-03,+491.938866E-03
-305.000E-06,+547.738677E-03,+532.914566E-03,+530.778899E-03
-302.500E-06,+527.638175E-03,+505.171685E-03,+530.046069E-03
-300.000E-06,+508.898644E-03,+511.453092E-03,+534.966504E-03
-297.500E-06,+517.273853E-03,+533.542707E-03,+517.587945E-03
-295.000E-06,+507.537672E-03,+514.279725E-03,+498.220273E-03
-292.500E-06,+527.638175E-03,+524.644047E-03,+505.757962E-03
-290.000E-06,+513.190939E-03,+492.713561E-03,+534.861814E-03
-287.500E-06,+527.638175E-03,+505.066995E-03,+511.411228E-03
-285.000E-06,+517.797304E-03,+522.654934E-03,+532.768012E-03
-282.500E-06,+511.620587E-03,+524.748737E-03,+501.570357E-03
-280.000E-06,+540.724439E-03,+512.814064E-03,+530.674209E-03
-277.500E-06,+527.638175E-03,+512.814064E-03,+499.476555E-03
-275.000E-06,+507.537672E-03,+521.922104E-03,+508.479905E-03
-272.500E-06,+527.533484E-03,+512.709373E-03,+497.696823E-03
-270.000E-06,+527.638175E-03,+512.814064E-03,+515.284762E-03
-267.500E-06,+507.537672E-03,+532.914566E-03,+499.685935E-03
-265.000E-06,+534.443032E-03,+506.323276E-03,+524.392802E-03
-262.500E-06,+527.638175E-03,+524.329976E-03,+533.396152E-03
-260.000E-06,+512.248728E-03,+532.914566E-03,+537.688447E-03
-257.500E-06,+527.638175E-03,+512.814064E-03,+496.545231E-03
-255.000E-06,+507.537672E-03,+530.297313E-03,+514.970692E-03
-252.500E-06,+519.158275E-03,+512.814064E-03,+505.967342E-03
-250.000E-06,+527.114724E-03,+532.391115E-03,+497.487443E-03
-247.500E-06,+538.211876E-03,+503.287263E-03,+517.587945E-03
-245.000E-06,+509.108024E-03,+511.243712E-03,+497.487443E-03
-242.500E-06,+514.970671E-03,+525.481568E-03,+525.020943E-03
-240.000E-06,+527.638175E-03,+529.250412E-03,+530.360139E-03
-237.500E-06,+522.298979E-03,+538.253762E-03,+497.487443E-03
-235.000E-06,+513.295629E-03,+498.471518E-03,+523.345901E-03
-232.500E-06,+524.392781E-03,+516.059457E-03,+534.443054E-03
-230.000E-06,+519.786416E-03,+525.062807E-03,+509.736186E-03
-227.500E-06,+546.587086E-03,+493.865153E-03,+536.536856E-03
-225.000E-06,+517.483233E-03,+512.814064E-03,+497.487443E-03
-222.500E-06,+508.479883E-03,+513.756275E-03,+518.530156E-03
-220.000E-06,+507.537672E-03,+508.835839E-03,+517.587945E-03
-217.500E-06,+490.473183E-03,+512.814064E-03,+497.487443E-03
-215.000E-06,+533.605511E-03,+506.846727E-03,+517.587945E-03
-212.500E-06,+532.767990E-03,+532.914566E-03,+517.587945E-03
-210.000E-06,+527.638175E-03,+508.940529E-03,+521.461479E-03
-207.500E-06,+520.414557E-03,+518.467330E-03,+517.587945E-03
-205.000E-06,+509.317404E-03,+512.814064E-03,+499.267175E-03
-202.500E-06,+516.855093E-03,+523.597146E-03,+528.371027E-03
-200.000E-06,+547.110536E-03,+532.914566E-03,+497.801513E-03
-197.500E-06,+507.537672E-03,+521.503343E-03,+517.587945E-03
-195.000E-06,+525.230302E-03,+548.199323E-03,+517.587945E-03
-192.500E-06,+520.728627E-03,+512.814064E-03,+504.082920E-03
-190.000E-06,+503.035997E-03,+512.814064E-03,+497.487443E-03
-187.500E-06,+523.136500E-03,+501.716911E-03,+522.089620E-03
-185.000E-06,+514.133150E-03,+539.824114E-03,+510.678397E-03
-182.500E-06,+509.945545E-03,+515.221936E-03,+499.895315E-03
-180.000E-06,+516.226952E-03,+521.503343E-03,+497.487443E-03
-177.500E-06,+527.952245E-03,+532.600496E-03,+517.273875E-03
-175.000E-06,+496.754590E-03,+502.030982E-03,+526.905365E-03
-172.500E-06,+529.417907E-03,+514.593796E-03,+517.587945E-03
-170.000E-06,+520.414557E-03,+532.914566E-03,+517.587945E-03
-167.500E-06,+511.411207E-03,+496.587096E-03,+509.108045E-03
-165.000E-06,+527.638175E-03,+532.914566E-03,+527.428816E-03
-162.500E-06,+513.505009E-03,+518.781400E-03,+511.620608E-03
-160.000E-06,+527.638175E-03,+512.814064E-03,+517.587945E-03
-157.500E-06,+531.616399E-03,+524.853427E-03,+517.587945E-03
-155.000E-06,+527.638175E-03,+512.814064E-03,+537.688447E-03
-152.500E-06,+527.638175E-03,+532.914566E-03,+527.742886E-03
-150.000E-06,+508.689264E-03,+512.814064E-03,+518.739536E-03
-147.500E-06,+539.886918E-03,+517.211048E-03,+529.836688E-03
-145.000E-06,+507.537672E-03,+532.914566E-03,+500.732836E-03
-142.500E-06,+519.053585E-03,+524.329976E-03,+531.930491E-03
-140.000E-06,+522.298979E-03,+507.474868E-03,+506.909553E-03
-137.500E-06,+540.410369E-03,+532.914566E-03,+521.252099E-03
-135.000E-06,+527.638175E-03,+505.381065E-03,+530.255449E-03
-132.500E-06,+509.108024E-03,+534.484918E-03,+536.118095E-03
-130.000E-06,+507.537672E-03,+523.387765E-03,+517.587945E-03
-127.500E-06,+507.537672E-03,+512.814064E-03,+517.064494E-03
-125.000E-06,+527.638175E-03,+512.814064E-03,+529.208548E-03
-122.500E-06,+510.154925E-03,+512.814064E-03,+500.104695E-03
-120.000E-06,+527.638175E-03,+526.528469E-03,+517.587945E-03
-117.500E-06,+522.927119E-03,+528.203511E-03,+497.487443E-03
-115.000E-06,+527.638175E-03,+517.106358E-03,+533.396152E-03
-112.500E-06,+514.028460E-03,+519.618921E-03,+524.078732E-03
-110.000E-06,+507.537672E-03,+530.716073E-03,+517.587945E-03
-107.500E-06,+527.638175E-03,+503.915404E-03,+508.689285E-03
-105.000E-06,+487.646550E-03,+512.918754E-03,+477.596321E-03
-102.500E-06,+536.746215E-03,+523.806526E-03,+497.487443E-03
-100.000E-06,+529.627287E-03,+532.914566E-03,+521.566169E-03
-97.500E-06,+520.623937E-03,+525.900328E-03,+510.573707E-03
-95.000E-06,+511.620587E-03,+512.814064E-03,+501.570357E-03
-92.500E-06,+547.738677E-03,+512.814064E-03,+482.307376E-03
-90.000E-06,+527.638175E-03,+518.990780E-03,+517.587945E-03
-87.500E-06,+527.638175E-03,+509.987430E-03,+500.314076E-03
-85.000E-06,+551.298141E-03,+512.814064E-03,+505.757962E-03
-82.500E-06,+526.905344E-03,+532.181735E-03,+518.320776E-03
-80.000E-06,+517.273853E-03,+522.550244E-03,+518.216086E-03
-77.500E-06,+508.898644E-03,+492.713561E-03,+497.487443E-03
-75.000E-06,+540.096298E-03,+487.897816E-03,+517.587945E-03
-72.500E-06,+527.638175E-03,+516.268837E-03,+504.396990E-03
-70.000E-06,+513.086248E-03,+527.365990E-03,+497.487443E-03
-67.500E-06,+527.638175E-03,+527.365990E-03,+512.039369E-03
-65.000E-06,+514.447220E-03,+516.268837E-03,+521.042719E-03
-62.500E-06,+540.096298E-03,+528.098821E-03,+517.587945E-03
-60.000E-06,+527.638175E-03,+512.814064E-03,+516.226973E-03
-57.500E-06,+538.002496E-03,+523.178385E-03,+517.587945E-03
-55.000E-06,+488.902832E-03,+512.814064E-03,+518.320776E-03
-52.500E-06,+519.367655E-03,+500.984080E-03,+521.147409E-03
-50.000E-06,+510.364305E-03,+518.467330E-03,+500.314076E-03
-47.500E-06,+513.714389E-03,+525.167497E-03,+511.411228E-03
-45.000E-06,+522.717739E-03,+517.734499E-03,+517.587945E-03
-42.500E-06,+527.638175E-03,+528.831651E-03,+493.404528E-03
-40.000E-06,+527.638175E-03,+532.914566E-03,+523.659972E-03
-37.500E-06,+545.749565E-03,+514.803176E-03,+517.587945E-03
-35.000E-06,+527.638175E-03,+512.814064E-03,+497.487443E-03
-32.500E-06,+527.533484E-03,+533.019256E-03,+517.587945E-03
-30.000E-06,+538.840017E-03,+503.915404E-03,+495.184260E-03
-27.500E-06,+489.635662E-03,+530.716073E-03,+513.190960E-03
-25.000E-06,+514.342530E-03,+526.109708E-03,+517.587945E-03
-22.500E-06,+531.930469E-03,+508.521769E-03,+501.779737E-03
-20.000E-06,+516.959783E-03,+512.814064E-03,+517.587945E-03
-17.500E-06,+513.923769E-03,+505.485755E-03,+537.688447E-03
-15.000E-06,+525.020922E-03,+512.814064E-03,+500.104695E-03
-12.500E-06,+530.778878E-03,+524.434666E-03,+514.447241E-03
-10.000E-06,+507.537672E-03,+551.968167E-03,+517.064494E-03
-7.500E-06,+547.738677E-03,+523.387765E-03,+517.587945E-03
-5.000E-06,+505.967321E-03,+511.243712E-03,+536.118095E-03
-2.500E-06,+514.970671E-03,+505.381065E-03,+512.353439E-03
-0.0E+00,+527.638175E-03,+512.814064E-03,+497.487443E-03
+2.500E-06,+522.298979E-03,+498.052757E-03,+497.487443E-03
+5.000E-06,+521.880218E-03,+527.156610E-03,+488.902853E-03
+7.500E-06,+541.247890E-03,+522.550244E-03,+517.587945E-03
+10.000E-06,+519.786416E-03,+520.665822E-03,+517.587945E-03
+12.500E-06,+525.334992E-03,+513.965655E-03,+516.436354E-03
+15.000E-06,+547.738677E-03,+532.705186E-03,+517.587945E-03
+17.500E-06,+509.422094E-03,+512.814064E-03,+517.587945E-03
+20.000E-06,+519.577036E-03,+532.914566E-03,+517.587945E-03
+22.500E-06,+524.602161E-03,+526.842539E-03,+514.551932E-03
+25.000E-06,+493.404507E-03,+506.846727E-03,+509.422116E-03
+27.500E-06,+527.638175E-03,+497.843377E-03,+522.717761E-03
+30.000E-06,+531.511709E-03,+504.334164E-03,+517.587945E-03
+32.500E-06,+520.414557E-03,+525.690948E-03,+503.140709E-03
+35.000E-06,+527.638175E-03,+512.814064E-03,+502.826639E-03
+37.500E-06,+518.320754E-03,+523.597146E-03,+508.270525E-03
+40.000E-06,+507.851743E-03,+532.600496E-03,+498.115583E-03
+42.500E-06,+516.226952E-03,+524.225286E-03,+494.765500E-03
+45.000E-06,+507.537672E-03,+530.506693E-03,+515.180072E-03
+47.500E-06,+514.133150E-03,+512.814064E-03,+497.487443E-03
+50.000E-06,+523.136500E-03,+508.312389E-03,+517.587945E-03
+52.500E-06,+507.537672E-03,+528.412891E-03,+513.086270E-03
+55.000E-06,+534.233652E-03,+519.409541E-03,+531.092970E-03
+57.500E-06,+525.230302E-03,+515.221936E-03,+499.895315E-03
+60.000E-06,+527.638175E-03,+524.225286E-03,+517.587945E-03
+62.500E-06,+508.165813E-03,+493.027632E-03,+537.688447E-03
+65.000E-06,+536.955595E-03,+503.496643E-03,+516.122283E-03
+67.500E-06,+545.958945E-03,+531.134834E-03,+499.267175E-03
+70.000E-06,+514.761290E-03,+512.814064E-03,+511.934679E-03
+72.500E-06,+523.764640E-03,+512.814064E-03,+497.487443E-03
+75.000E-06,+512.667488E-03,+502.973193E-03,+517.587945E-03
+77.500E-06,+533.605511E-03,+498.680898E-03,+509.422116E-03
+80.000E-06,+544.702664E-03,+509.778050E-03,+551.716923E-03
+82.500E-06,+535.699314E-03,+512.814064E-03,+517.587945E-03
+85.000E-06,+508.479883E-03,+512.814064E-03,+518.530156E-03
+87.500E-06,+537.583736E-03,+522.759625E-03,+507.642384E-03
+90.000E-06,+526.486583E-03,+531.762975E-03,+516.436354E-03
+92.500E-06,+527.638175E-03,+508.417079E-03,+517.587945E-03
+95.000E-06,+527.638175E-03,+512.814064E-03,+520.833338E-03
+97.500E-06,+527.638175E-03,+524.329976E-03,+511.829988E-03
+100.000E-06,+522.298979E-03,+512.814064E-03,+552.449754E-03
+102.500E-06,+531.302329E-03,+509.149909E-03,+517.587945E-03
+105.000E-06,+527.638175E-03,+520.247062E-03,+517.587945E-03
+107.500E-06,+526.067823E-03,+532.914566E-03,+497.487443E-03
+110.000E-06,+537.164975E-03,+511.767162E-03,+517.587945E-03
+112.500E-06,+488.484071E-03,+512.814064E-03,+498.534344E-03
+115.000E-06,+507.537672E-03,+521.293963E-03,+520.728648E-03
+117.500E-06,+525.020922E-03,+532.914566E-03,+535.071194E-03
+120.000E-06,+520.309866E-03,+540.242874E-03,+511.201848E-03
+122.500E-06,+522.927119E-03,+528.203511E-03,+502.198498E-03
+125.000E-06,+531.930469E-03,+517.106358E-03,+517.587945E-03
+127.500E-06,+507.537672E-03,+512.814064E-03,+510.783087E-03
+130.000E-06,+509.736165E-03,+492.713561E-03,+535.489955E-03
+132.500E-06,+507.537672E-03,+535.217748E-03,+515.284762E-03
+135.000E-06,+527.533484E-03,+532.705186E-03,+497.696823E-03
+137.500E-06,+527.638175E-03,+503.706023E-03,+515.703523E-03
+140.000E-06,+545.749565E-03,+530.925454E-03,+519.577057E-03
+142.500E-06,+514.551910E-03,+512.814064E-03,+504.501680E-03
+145.000E-06,+527.638175E-03,+500.879390E-03,+533.605533E-03
+147.500E-06,+522.717739E-03,+512.814064E-03,+522.508380E-03
+150.000E-06,+533.814891E-03,+512.814064E-03,+503.664159E-03
+152.500E-06,+524.811541E-03,+495.540194E-03,+517.587945E-03
+155.000E-06,+507.537672E-03,+509.254600E-03,+517.587945E-03
+157.500E-06,+489.635662E-03,+513.546894E-03,+517.587945E-03
+160.000E-06,+527.638175E-03,+503.077883E-03,+517.587945E-03
+162.500E-06,+527.638175E-03,+514.175035E-03,+497.487443E-03
+165.000E-06,+527.638175E-03,+512.814064E-03,+517.587945E-03
+167.500E-06,+527.638175E-03,+529.459792E-03,+497.487443E-03
+170.000E-06,+507.537672E-03,+507.265487E-03,+526.591295E-03
+172.500E-06,+522.089598E-03,+527.365990E-03,+526.591295E-03
+175.000E-06,+510.992446E-03,+492.713561E-03,+517.587945E-03
+177.500E-06,+527.638175E-03,+520.456442E-03,+497.487443E-03
+180.000E-06,+490.159113E-03,+512.814064E-03,+536.327476E-03
+182.500E-06,+538.002496E-03,+532.914566E-03,+537.688447E-03
+185.000E-06,+508.270503E-03,+512.081233E-03,+536.222786E-03
+187.500E-06,+519.367655E-03,+536.474030E-03,+509.317426E-03
+190.000E-06,+547.738677E-03,+512.814064E-03,+500.314076E-03
+192.500E-06,+527.638175E-03,+526.737849E-03,+503.664159E-03
+195.000E-06,+522.717739E-03,+502.554432E-03,+527.847576E-03
+197.500E-06,+511.620587E-03,+516.896978E-03,+533.605533E-03
+200.000E-06,+513.609699E-03,+526.842539E-03,+497.487443E-03
+202.500E-06,+527.638175E-03,+514.803176E-03,+517.587945E-03
+205.000E-06,+525.753752E-03,+523.806526E-03,+506.595483E-03
+207.500E-06,+507.642362E-03,+513.023444E-03,+517.587945E-03
+210.000E-06,+516.436332E-03,+492.713561E-03,+517.587945E-03
+212.500E-06,+505.339180E-03,+512.814064E-03,+497.487443E-03
+215.000E-06,+520.833317E-03,+539.405353E-03,+524.392802E-03
+217.500E-06,+511.829967E-03,+512.814064E-03,+497.487443E-03
+220.000E-06,+543.027622E-03,+517.525119E-03,+517.587945E-03
+222.500E-06,+513.923769E-03,+506.427967E-03,+510.259637E-03
+225.000E-06,+527.638175E-03,+515.431316E-03,+532.453941E-03
+227.500E-06,+539.258777E-03,+524.434666E-03,+509.108045E-03
+230.000E-06,+508.584573E-03,+493.237012E-03,+518.111395E-03
+232.500E-06,+517.064473E-03,+542.441366E-03,+507.014243E-03
+235.000E-06,+527.638175E-03,+494.283913E-03,+517.587945E-03
+237.500E-06,+527.638175E-03,+520.247062E-03,+517.587945E-03
+240.000E-06,+531.302329E-03,+520.142372E-03,+517.587945E-03
+242.500E-06,+502.198476E-03,+512.814064E-03,+482.726136E-03
+245.000E-06,+513.295629E-03,+518.572020E-03,+537.688447E-03
+247.500E-06,+544.493283E-03,+512.814064E-03,+517.587945E-03
+250.000E-06,+499.685914E-03,+512.814064E-03,+529.836688E-03
+252.500E-06,+507.537672E-03,+512.814064E-03,+516.436354E-03
+255.000E-06,+497.382731E-03,+522.759625E-03,+507.642384E-03
+257.500E-06,+526.695964E-03,+493.655772E-03,+499.371865E-03
+260.000E-06,+535.699314E-03,+504.752925E-03,+537.688447E-03
+262.500E-06,+527.638175E-03,+492.713561E-03,+534.652434E-03
+265.000E-06,+541.771340E-03,+532.914566E-03,+531.721111E-03
+267.500E-06,+542.608861E-03,+517.943879E-03,+497.487443E-03
+270.000E-06,+507.537672E-03,+512.814064E-03,+517.587945E-03
+272.500E-06,+520.414557E-03,+520.037682E-03,+497.487443E-03
+275.000E-06,+547.738677E-03,+531.134834E-03,+499.267175E-03
+277.500E-06,+518.320754E-03,+523.597146E-03,+508.270525E-03
+280.000E-06,+527.324104E-03,+532.914566E-03,+517.273875E-03
+282.500E-06,+516.226952E-03,+524.225286E-03,+526.277225E-03
+285.000E-06,+509.945545E-03,+515.221936E-03,+515.180072E-03
+287.500E-06,+507.537672E-03,+532.914566E-03,+524.497492E-03
+290.000E-06,+527.638175E-03,+512.814064E-03,+501.989118E-03
+292.500E-06,+518.634825E-03,+497.215236E-03,+513.086270E-03
+295.000E-06,+520.728627E-03,+519.723611E-03,+517.587945E-03
+297.500E-06,+525.230302E-03,+515.221936E-03,+532.872702E-03
+300.000E-06,+518.948895E-03,+521.503343E-03,+528.999168E-03
+302.500E-06,+527.638175E-03,+532.286425E-03,+517.587945E-03
+305.000E-06,+527.638175E-03,+512.814064E-03,+497.487443E-03
+307.500E-06,+525.858443E-03,+532.914566E-03,+501.046906E-03
+310.000E-06,+520.414557E-03,+512.814064E-03,+517.587945E-03
+312.500E-06,+527.638175E-03,+516.687598E-03,+501.360977E-03
+315.000E-06,+512.667488E-03,+512.814064E-03,+517.587945E-03
+317.500E-06,+527.638175E-03,+541.080395E-03,+503.454779E-03
+320.000E-06,+507.537672E-03,+512.814064E-03,+534.652434E-03
+322.500E-06,+527.638175E-03,+524.853427E-03,+517.587945E-03
+325.000E-06,+508.479883E-03,+493.655772E-03,+499.371865E-03
+327.500E-06,+527.638175E-03,+512.814064E-03,+537.688447E-03
+330.000E-06,+547.738677E-03,+512.814064E-03,+537.688447E-03
+332.500E-06,+527.638175E-03,+512.814064E-03,+517.587945E-03
+335.000E-06,+527.638175E-03,+529.669172E-03,+514.342551E-03
+337.500E-06,+507.537672E-03,+507.056107E-03,+531.930491E-03
+340.000E-06,+537.060285E-03,+532.914566E-03,+502.826638E-03
+342.500E-06,+527.638175E-03,+516.478218E-03,+513.923791E-03
+345.000E-06,+520.205176E-03,+538.149072E-03,+517.587945E-03
+347.500E-06,+507.537672E-03,+495.854265E-03,+519.158297E-03
+350.000E-06,+496.963971E-03,+522.340864E-03,+507.014243E-03
+352.500E-06,+508.061123E-03,+532.391115E-03,+517.064494E-03
+355.000E-06,+527.638175E-03,+512.814064E-03,+529.208548E-03
+357.500E-06,+510.154925E-03,+492.713561E-03,+517.587945E-03
+360.000E-06,+520.309866E-03,+512.814064E-03,+497.487443E-03
+362.500E-06,+507.537672E-03,+508.103008E-03,+502.198498E-03
+365.000E-06,+507.537672E-03,+508.521769E-03,+517.587945E-03
+367.500E-06,+514.342530E-03,+506.009206E-03,+504.292300E-03
+370.000E-06,+561.243702E-03,+530.716073E-03,+497.487443E-03
+372.500E-06,+516.436332E-03,+512.814064E-03,+517.587945E-03
+375.000E-06,+527.533484E-03,+492.818251E-03,+537.479067E-03
+377.500E-06,+507.537672E-03,+523.806526E-03,+517.587945E-03
+380.000E-06,+527.638175E-03,+530.925454E-03,+537.688447E-03
+382.500E-06,+514.551910E-03,+512.814064E-03,+497.487443E-03
+385.000E-06,+507.537672E-03,+544.849239E-03,+517.587945E-03
+387.500E-06,+492.357605E-03,+512.814064E-03,+522.927141E-03
+390.000E-06,+507.537672E-03,+512.814064E-03,+525.335013E-03
+392.500E-06,+527.638175E-03,+515.640697E-03,+517.587945E-03
+395.000E-06,+519.367655E-03,+524.644047E-03,+505.757962E-03
+397.500E-06,+547.005846E-03,+512.814064E-03,+516.855114E-03
+400.000E-06,+527.638175E-03,+523.178385E-03,+516.959804E-03
+402.500E-06,+526.277203E-03,+494.074533E-03,+497.487443E-03
+405.000E-06,+527.638175E-03,+512.814064E-03,+497.487443E-03
+407.500E-06,+524.183401E-03,+516.268837E-03,+517.587945E-03
+410.000E-06,+527.638175E-03,+527.365990E-03,+517.587945E-03
+412.500E-06,+522.089598E-03,+498.262137E-03,+508.584595E-03
+415.000E-06,+524.183401E-03,+512.814064E-03,+514.133171E-03
+417.500E-06,+515.180051E-03,+505.171685E-03,+512.772199E-03
+420.000E-06,+526.277203E-03,+511.453092E-03,+518.948916E-03
+422.500E-06,+528.266315E-03,+532.914566E-03,+507.851764E-03
+425.000E-06,+527.638175E-03,+532.914566E-03,+497.487443E-03
+427.500E-06,+527.638175E-03,+521.084583E-03,+497.487443E-03
+430.000E-06,+542.085411E-03,+512.814064E-03,+514.761312E-03
+432.500E-06,+521.461458E-03,+525.167497E-03,+523.764662E-03
+435.000E-06,+507.537672E-03,+512.814064E-03,+512.667509E-03
+437.500E-06,+511.620587E-03,+512.814064E-03,+541.771362E-03
+440.000E-06,+533.710201E-03,+519.828301E-03,+530.674209E-03
+442.500E-06,+525.649062E-03,+530.925454E-03,+515.598833E-03
+445.000E-06,+538.630637E-03,+512.814064E-03,+506.595483E-03
+447.500E-06,+507.642362E-03,+512.918754E-03,+497.487443E-03
+450.000E-06,+527.638175E-03,+521.712723E-03,+517.587945E-03
+452.500E-06,+543.341692E-03,+515.012556E-03,+497.487443E-03
+455.000E-06,+527.638175E-03,+506.009206E-03,+524.392802E-03
+457.500E-06,+523.345880E-03,+517.106358E-03,+513.295650E-03
+460.000E-06,+522.927119E-03,+528.203511E-03,+512.876890E-03
+462.500E-06,+534.966483E-03,+539.300663E-03,+517.587945E-03
+465.000E-06,+527.638175E-03,+512.814064E-03,+502.721948E-03
+467.500E-06,+527.638175E-03,+501.193461E-03,+517.587945E-03
+470.000E-06,+527.114724E-03,+513.337514E-03,+536.641546E-03
+472.500E-06,+527.638175E-03,+512.814064E-03,+507.014243E-03
+475.000E-06,+527.638175E-03,+514.384415E-03,+497.487443E-03
+477.500E-06,+535.071173E-03,+505.381065E-03,+504.920441E-03
+480.000E-06,+511.201826E-03,+532.914566E-03,+517.587945E-03
+482.500E-06,+532.977371E-03,+512.814064E-03,+502.826639E-03
+485.000E-06,+521.880218E-03,+512.814064E-03,+517.587945E-03
+487.500E-06,+524.392781E-03,+516.059457E-03,+514.342551E-03
+490.000E-06,+503.140687E-03,+520.665822E-03,+497.487443E-03
+492.500E-06,+545.435494E-03,+531.762975E-03,+517.587945E-03
+495.000E-06,+527.638175E-03,+512.604683E-03,+527.533506E-03
+497.500E-06,+508.479883E-03,+552.072857E-03,+498.429654E-03
+500.000E-06,+519.577036E-03,+512.814064E-03,+501.465667E-03
+502.500E-06,+527.638175E-03,+532.914566E-03,+551.716923E-03
+505.000E-06,+513.505009E-03,+512.814064E-03,+537.688447E-03
+507.500E-06,+537.479046E-03,+522.654935E-03,+517.587945E-03
+510.000E-06,+507.537672E-03,+508.940529E-03,+517.587945E-03
+512.500E-06,+514.761290E-03,+512.814064E-03,+504.711061E-03
+515.000E-06,+542.399481E-03,+531.134834E-03,+499.267175E-03
+517.500E-06,+527.638175E-03,+532.914566E-03,+508.270525E-03
+520.000E-06,+507.223602E-03,+513.128134E-03,+537.374377E-03
+522.500E-06,+507.537672E-03,+524.225286E-03,+528.999168E-03
+525.000E-06,+509.945545E-03,+512.814064E-03,+537.688447E-03
+527.500E-06,+514.133150E-03,+519.409541E-03,+483.982418E-03
+530.000E-06,+523.136500E-03,+528.412891E-03,+517.587945E-03
+532.500E-06,+512.039347E-03,+539.510043E-03,+533.186772E-03
+535.000E-06,+527.638175E-03,+526.319089E-03,+497.487443E-03
+537.500E-06,+509.945545E-03,+512.814064E-03,+519.995818E-03
+540.000E-06,+507.537672E-03,+524.225286E-03,+506.176722E-03
+542.500E-06,+527.324104E-03,+532.914566E-03,+537.374377E-03
+545.000E-06,+516.855093E-03,+542.231986E-03,+497.487443E-03
+547.500E-06,+524.078711E-03,+531.134834E-03,+517.587945E-03
+550.000E-06,+527.638175E-03,+512.814064E-03,+510.364327E-03
+552.500E-06,+527.638175E-03,+525.167497E-03,+517.587945E-03
+555.000E-06,+527.638175E-03,+492.713561E-03,+512.458129E-03
+557.500E-06,+527.638175E-03,+526.947229E-03,+511.620608E-03
+560.000E-06,+541.666650E-03,+532.914566E-03,+514.551931E-03
+562.500E-06,+519.577036E-03,+512.814064E-03,+525.649084E-03
+565.000E-06,+508.479883E-03,+494.597983E-03,+536.746236E-03
+567.500E-06,+517.483233E-03,+512.814064E-03,+527.533506E-03
+570.000E-06,+527.638175E-03,+531.762975E-03,+536.536856E-03
+572.500E-06,+515.389431E-03,+492.713561E-03,+497.487443E-03
+575.000E-06,+527.638175E-03,+512.814064E-03,+520.833338E-03
+577.500E-06,+519.053585E-03,+512.814064E-03,+503.245399E-03
+580.000E-06,+512.876868E-03,+512.814064E-03,+488.065332E-03
+582.500E-06,+507.537672E-03,+516.478218E-03,+501.151597E-03
+585.000E-06,+520.205176E-03,+520.247062E-03,+512.353439E-03
+587.500E-06,+509.108024E-03,+514.384415E-03,+536.118095E-03
+590.000E-06,+517.064473E-03,+513.860965E-03,+508.061144E-03
+592.500E-06,+527.114724E-03,+532.391115E-03,+498.010893E-03
+595.000E-06,+524.497471E-03,+512.814064E-03,+529.208548E-03
+597.500E-06,+510.154925E-03,+495.330814E-03,+535.071194E-03
+600.000E-06,+521.252077E-03,+519.200161E-03,+517.587945E-03
+602.500E-06,+522.927119E-03,+528.203511E-03,+517.587945E-03
+605.000E-06,+523.345880E-03,+512.814064E-03,+501.779737E-03
+607.500E-06,+527.638175E-03,+512.814064E-03,+510.783087E-03
+610.000E-06,+491.834155E-03,+512.814064E-03,+537.688447E-03
+612.500E-06,+525.334992E-03,+530.611383E-03,+495.184260E-03
+615.000E-06,+527.638175E-03,+512.918754E-03,+517.483255E-03
+617.500E-06,+516.645712E-03,+521.922104E-03,+508.479905E-03
+620.000E-06,+545.749565E-03,+530.925454E-03,+501.465667E-03
+622.500E-06,+547.738677E-03,+499.727799E-03,+504.501680E-03
+625.000E-06,+543.655762E-03,+504.648235E-03,+521.670859E-03
+627.500E-06,+507.537672E-03,+507.893628E-03,+532.768012E-03
+630.000E-06,+513.714389E-03,+512.814064E-03,+503.664159E-03
+632.500E-06,+510.364305E-03,+512.814064E-03,+497.487443E-03
+635.000E-06,+531.197639E-03,+509.254600E-03,+517.587945E-03
+637.500E-06,+509.003334E-03,+512.081233E-03,+498.220273E-03
+640.000E-06,+527.010034E-03,+523.178385E-03,+507.223623E-03
+642.500E-06,+507.537672E-03,+514.175035E-03,+517.587945E-03
+645.000E-06,+519.995796E-03,+537.730311E-03,+505.129821E-03
+647.500E-06,+510.992446E-03,+529.459792E-03,+497.487443E-03
+650.000E-06,+527.638175E-03,+518.362640E-03,+512.039369E-03
+652.500E-06,+527.638175E-03,+512.814064E-03,+482.935516E-03
+655.000E-06,+524.183401E-03,+509.359290E-03,+534.233673E-03
+657.500E-06,+522.822429E-03,+512.814064E-03,+530.046069E-03
+660.000E-06,+508.898644E-03,+531.553594E-03,+497.487443E-03
+662.500E-06,+517.273853E-03,+522.550244E-03,+507.223623E-03
+665.000E-06,+508.270503E-03,+513.546894E-03,+497.487443E-03
+667.500E-06,+515.808191E-03,+524.644047E-03,+505.757962E-03
+670.000E-06,+527.638175E-03,+512.814064E-03,+517.587945E-03
+672.500E-06,+513.714389E-03,+505.066995E-03,+517.587945E-03
+675.000E-06,+537.897806E-03,+532.914566E-03,+522.508380E-03
+677.500E-06,+523.555260E-03,+512.814064E-03,+517.587945E-03
+680.000E-06,+507.537672E-03,+532.914566E-03,+504.501680E-03
+682.500E-06,+509.526785E-03,+514.803176E-03,+537.688447E-03
+685.000E-06,+518.530135E-03,+514.698486E-03,+517.587945E-03
+687.500E-06,+527.638175E-03,+512.814064E-03,+477.596320E-03
+690.000E-06,+536.536834E-03,+532.914566E-03,+519.891127E-03
+692.500E-06,+543.341692E-03,+532.914566E-03,+535.489955E-03
+695.000E-06,+494.242028E-03,+512.814064E-03,+503.978230E-03
+697.500E-06,+523.345880E-03,+528.622271E-03,+513.295650E-03
+700.000E-06,+507.537672E-03,+517.525119E-03,+482.097996E-03
+702.500E-06,+521.252078E-03,+499.099658E-03,+517.587945E-03
+705.000E-06,+527.638175E-03,+515.431316E-03,+514.970692E-03
+707.500E-06,+524.497471E-03,+521.293963E-03,+526.067844E-03
+710.000E-06,+508.584573E-03,+512.814064E-03,+496.963992E-03
+712.500E-06,+537.164975E-03,+512.814064E-03,+508.061144E-03
+715.000E-06,+509.108024E-03,+531.344214E-03,+499.057794E-03
+717.500E-06,+527.638175E-03,+520.247062E-03,+510.154947E-03
+720.000E-06,+547.738677E-03,+536.578720E-03,+517.587945E-03
+722.500E-06,+512.876868E-03,+498.052757E-03,+541.771362E-03
+725.000E-06,+527.638175E-03,+507.056107E-03,+511.829988E-03
+727.500E-06,+524.392781E-03,+495.958955E-03,+497.487443E-03
+730.000E-06,+535.489933E-03,+508.417079E-03,+513.190960E-03
+732.500E-06,+544.283903E-03,+531.762975E-03,+535.385265E-03
+735.000E-06,+517.483233E-03,+502.868503E-03,+507.642384E-03
+737.500E-06,+508.479883E-03,+512.814064E-03,+517.587945E-03
+740.000E-06,+507.537672E-03,+532.914566E-03,+505.548582E-03
+742.500E-06,+493.509197E-03,+529.878553E-03,+531.616420E-03
+745.000E-06,+513.505009E-03,+512.814064E-03,+539.886940E-03
+747.500E-06,+527.638175E-03,+507.684248E-03,+517.587945E-03
+750.000E-06,+539.991608E-03,+512.814064E-03,+501.360977E-03
+752.500E-06,+520.414557E-03,+520.037682E-03,+517.587945E-03
+755.000E-06,+492.776366E-03,+492.713561E-03,+479.166672E-03
+757.500E-06,+518.320754E-03,+512.814064E-03,+517.587945E-03
+760.000E-06,+527.324104E-03,+493.027632E-03,+517.587945E-03
+762.500E-06,+539.049397E-03,+521.503343E-03,+517.587945E-03
+765.000E-06,+509.945545E-03,+512.814064E-03,+497.487443E-03
+767.500E-06,+527.638175E-03,+519.409541E-03,+517.587945E-03
+770.000E-06,+523.136500E-03,+528.412891E-03,+528.685097E-03
+772.500E-06,+512.039347E-03,+512.814064E-03,+533.186772E-03
+775.000E-06,+541.143200E-03,+512.814064E-03,+517.587945E-03
+777.500E-06,+527.638175E-03,+532.914566E-03,+519.995818E-03
+780.000E-06,+530.360118E-03,+521.503343E-03,+517.587945E-03
+782.500E-06,+527.952245E-03,+532.914566E-03,+517.902015E-03
+785.000E-06,+536.955595E-03,+522.131484E-03,+508.270525E-03
+787.500E-06,+527.638175E-03,+494.493293E-03,+517.587945E-03
+790.000E-06,+527.638175E-03,+512.814064E-03,+510.364327E-03
+792.500E-06,+527.638175E-03,+512.814064E-03,+550.041881E-03
+795.000E-06,+527.638175E-03,+532.914566E-03,+502.617258E-03
+797.500E-06,+527.638175E-03,+506.846727E-03,+517.587945E-03
+800.000E-06,+541.666650E-03,+532.914566E-03,+517.587945E-03
+802.500E-06,+515.598811E-03,+532.914566E-03,+497.487443E-03
+805.000E-06,+507.537672E-03,+512.814064E-03,+477.386940E-03
+807.500E-06,+517.483233E-03,+532.914566E-03,+507.433004E-03
+810.000E-06,+545.435494E-03,+512.814064E-03,+516.436354E-03
+812.500E-06,+532.035159E-03,+525.062807E-03,+517.587945E-03
+815.000E-06,+524.392781E-03,+516.059457E-03,+517.587945E-03
+817.500E-06,+521.880218E-03,+512.814064E-03,+511.829988E-03
+820.000E-06,+527.638175E-03,+527.575370E-03,+517.587945E-03
+822.500E-06,+511.201826E-03,+512.814064E-03,+501.151597E-03
+825.000E-06,+525.439682E-03,+512.814064E-03,+510.154947E-03
+827.500E-06,+527.638175E-03,+512.814064E-03,+519.158297E-03
+830.000E-06,+507.537672E-03,+532.914566E-03,+507.014243E-03
+832.500E-06,+527.114724E-03,+493.237012E-03,+499.057794E-03
+835.000E-06,+516.017572E-03,+532.914566E-03,+509.108045E-03
+837.500E-06,+530.255427E-03,+510.196811E-03,+532.453941E-03
+840.000E-06,+521.252077E-03,+519.200161E-03,+517.587945E-03
+842.500E-06,+512.248728E-03,+543.592958E-03,+522.299000E-03
+845.000E-06,+523.345880E-03,+517.106358E-03,+521.880240E-03
+847.500E-06,+527.638175E-03,+506.323276E-03,+524.392802E-03
+850.000E-06,+529.836667E-03,+515.012556E-03,+519.786437E-03
+852.500E-06,+516.436332E-03,+521.712723E-03,+504.082920E-03
+855.000E-06,+507.537672E-03,+512.918754E-03,+497.487443E-03
+857.500E-06,+518.530134E-03,+523.806526E-03,+515.703523E-03
+860.000E-06,+523.659950E-03,+514.803176E-03,+519.577057E-03
+862.500E-06,+520.623937E-03,+525.900328E-03,+511.515918E-03
+865.000E-06,+495.602999E-03,+508.731149E-03,+513.505030E-03
+867.500E-06,+522.717739E-03,+512.814064E-03,+497.487443E-03
+870.000E-06,+507.537672E-03,+526.737849E-03,+517.587945E-03
+872.500E-06,+542.085411E-03,+532.914566E-03,+500.314076E-03
+875.000E-06,+527.638175E-03,+521.084583E-03,+505.757962E-03
+877.500E-06,+507.537672E-03,+513.546894E-03,+516.855114E-03
+880.000E-06,+527.638175E-03,+522.550244E-03,+497.487443E-03
+882.500E-06,+527.638175E-03,+531.553594E-03,+516.226973E-03
+885.000E-06,+499.895294E-03,+500.355940E-03,+517.587945E-03
+887.500E-06,+527.638175E-03,+512.814064E-03,+530.778900E-03
+890.000E-06,+513.086248E-03,+527.365990E-03,+523.136521E-03
+892.500E-06,+518.634825E-03,+498.262137E-03,+532.139871E-03
+895.000E-06,+510.992446E-03,+529.459792E-03,+500.942216E-03
+897.500E-06,+515.180051E-03,+500.355940E-03,+505.129821E-03
+900.000E-06,+546.377705E-03,+532.914566E-03,+534.966504E-03
+902.500E-06,+508.165813E-03,+512.814064E-03,+527.952266E-03
+905.000E-06,+527.638175E-03,+551.549407E-03,+517.587945E-03
+907.500E-06,+507.537672E-03,+521.084583E-03,+517.587945E-03
+910.000E-06,+527.638175E-03,+498.366828E-03,+520.414578E-03
+912.500E-06,+521.461458E-03,+532.914566E-03,+497.487443E-03
+915.000E-06,+512.458108E-03,+527.994130E-03,+502.407878E-03
+917.500E-06,+531.721089E-03,+532.914566E-03,+517.587945E-03
+920.000E-06,+520.623937E-03,+506.742037E-03,+524.602183E-03
+922.500E-06,+525.649062E-03,+532.914566E-03,+517.587945E-03
+925.000E-06,+498.429632E-03,+501.821601E-03,+515.703523E-03
+927.500E-06,+487.751240E-03,+512.814064E-03,+477.701011E-03
+930.000E-06,+527.638175E-03,+512.814064E-03,+508.689285E-03
+932.500E-06,+527.638175E-03,+530.716073E-03,+535.489955E-03
+935.000E-06,+540.933819E-03,+512.814064E-03,+537.688447E-03
+937.500E-06,+511.829967E-03,+517.106358E-03,+506.072032E-03
+940.000E-06,+512.248728E-03,+517.525119E-03,+512.876890E-03
+942.500E-06,+527.638175E-03,+512.814064E-03,+531.302350E-03
+945.000E-06,+525.020922E-03,+510.196811E-03,+552.554444E-03
+947.500E-06,+527.638175E-03,+512.814064E-03,+517.587945E-03
+950.000E-06,+508.584573E-03,+493.237012E-03,+537.164997E-03
+952.500E-06,+518.111374E-03,+503.287263E-03,+507.014243E-03
+955.000E-06,+527.638175E-03,+532.914566E-03,+499.057794E-03
+957.500E-06,+527.638175E-03,+520.247062E-03,+504.920441E-03
+960.000E-06,+523.974021E-03,+512.814064E-03,+521.252099E-03
+962.500E-06,+527.638175E-03,+516.896978E-03,+517.587945E-03
+965.000E-06,+536.222764E-03,+504.229474E-03,+531.930491E-03
+967.500E-06,+521.147387E-03,+516.059457E-03,+480.632334E-03
+970.000E-06,+519.786416E-03,+504.962305E-03,+517.587945E-03
+972.500E-06,+546.587086E-03,+513.965655E-03,+499.790625E-03
+975.000E-06,+507.537672E-03,+522.759625E-03,+537.688447E-03
+977.500E-06,+508.479883E-03,+532.914566E-03,+535.804025E-03
+980.000E-06,+527.638175E-03,+512.814064E-03,+525.649084E-03
+982.500E-06,+507.537672E-03,+532.914566E-03,+497.487443E-03
+985.000E-06,+527.638175E-03,+518.781400E-03,+517.587945E-03
+987.500E-06,+522.508359E-03,+517.943879E-03,+492.357627E-03
+990.000E-06,+507.537672E-03,+532.914566E-03,+497.487443E-03
+992.500E-06,+514.761290E-03,+505.590446E-03,+523.241211E-03
+995.000E-06,+509.317404E-03,+531.134834E-03,+517.587945E-03
+997.500E-06,+518.320754E-03,+532.914566E-03,+517.587945E-03
+1.000000E-03,+527.638175E-03,+512.499993E-03,+517.273875E-03
+1.002500E-03,+539.049397E-03,+512.814064E-03,+517.587945E-03
+1.005000E-03,+492.252915E-03,+515.221936E-03,+497.487443E-03
+1.007500E-03,+534.233652E-03,+519.723611E-03,+517.587945E-03
+1.010000E-03,+496.440520E-03,+512.814064E-03,+517.587945E-03
+1.012500E-03,+532.139850E-03,+517.315739E-03,+513.086270E-03
+1.015000E-03,+527.638175E-03,+512.814064E-03,+517.587945E-03
+1.017500E-03,+527.638175E-03,+512.814064E-03,+497.487443E-03
+1.020000E-03,+527.638175E-03,+512.814064E-03,+528.999168E-03
+1.022500E-03,+507.851743E-03,+532.914566E-03,+537.374377E-03
+1.025000E-03,+516.855093E-03,+522.131484E-03,+508.270525E-03
+1.027500E-03,+525.858443E-03,+532.914566E-03,+499.267175E-03
+1.030000E-03,+520.414557E-03,+498.366828E-03,+530.464829E-03
+1.032500E-03,+523.764640E-03,+512.814064E-03,+497.487443E-03
+1.035000E-03,+512.667488E-03,+527.784750E-03,+507.747074E-03
+1.037500E-03,+499.371843E-03,+506.846727E-03,+503.454779E-03
+1.040000E-03,+527.638175E-03,+492.713561E-03,+503.559469E-03
+1.042500E-03,+507.537672E-03,+512.814064E-03,+509.526806E-03
+1.045000E-03,+525.753752E-03,+512.814064E-03,+498.429654E-03
+1.047500E-03,+527.638175E-03,+512.814064E-03,+497.696823E-03
+1.050000E-03,+507.537672E-03,+493.865153E-03,+479.690123E-03
+1.052500E-03,+523.241190E-03,+512.814064E-03,+505.339201E-03
+1.055000E-03,+524.392781E-03,+495.958955E-03,+531.197660E-03
+1.057500E-03,+507.537672E-03,+518.572020E-03,+531.930491E-03
+1.060000E-03,+507.537672E-03,+503.391953E-03,+512.248749E-03
+1.062500E-03,+531.302329E-03,+509.149909E-03,+517.587945E-03
+1.065000E-03,+527.638175E-03,+512.814064E-03,+517.587945E-03
+1.067500E-03,+507.537672E-03,+495.854265E-03,+534.547744E-03
+1.070000E-03,+518.111374E-03,+522.340864E-03,+508.061144E-03
+1.072500E-03,+527.638175E-03,+531.867665E-03,+518.111395E-03
+1.075000E-03,+519.158275E-03,+512.814064E-03,+526.067844E-03
+1.077500E-03,+510.154925E-03,+497.948067E-03,+497.487443E-03
+1.080000E-03,+520.309866E-03,+520.142372E-03,+517.587945E-03
+1.082500E-03,+507.537672E-03,+522.236174E-03,+528.266337E-03
+1.085000E-03,+527.638175E-03,+532.914566E-03,+501.779737E-03
+1.087500E-03,+521.147387E-03,+499.518419E-03,+537.688447E-03
+1.090000E-03,+545.540184E-03,+530.716073E-03,+517.587945E-03
+1.092500E-03,+516.436332E-03,+510.510881E-03,+506.386102E-03
+1.095000E-03,+527.638175E-03,+512.814064E-03,+497.382752E-03
+1.097500E-03,+536.746215E-03,+531.030144E-03,+506.595483E-03
+1.100000E-03,+527.638175E-03,+530.925454E-03,+499.476555E-03
+1.102500E-03,+527.638175E-03,+525.900328E-03,+497.487443E-03
+1.105000E-03,+511.620587E-03,+496.796476E-03,+533.605533E-03
+1.107500E-03,+527.638175E-03,+512.814064E-03,+512.667509E-03
+1.110000E-03,+513.714389E-03,+505.066995E-03,+505.234511E-03
+1.112500E-03,+524.811541E-03,+532.914566E-03,+514.761312E-03
+1.115000E-03,+511.097136E-03,+492.713561E-03,+517.587945E-03
+1.117500E-03,+527.638175E-03,+512.814064E-03,+516.855114E-03
+1.120000E-03,+538.002496E-03,+503.077883E-03,+516.959804E-03
+1.122500E-03,+527.638175E-03,+512.814064E-03,+518.948916E-03
+1.125000E-03,+515.180051E-03,+512.814064E-03,+522.403690E-03
+1.127500E-03,+527.638175E-03,+529.459792E-03,+537.688447E-03
+1.130000E-03,+527.638175E-03,+518.362640E-03,+506.490793E-03
+1.132500E-03,+513.086248E-03,+509.359290E-03,+523.136521E-03
+1.135000E-03,+510.992446E-03,+512.814064E-03,+517.587945E-03
+1.137500E-03,+540.096298E-03,+507.998318E-03,+505.129821E-03
+1.140000E-03,+508.898644E-03,+531.553594E-03,+516.226973E-03
+1.142500E-03,+527.638175E-03,+512.814064E-03,+527.952266E-03
+1.145000E-03,+526.905344E-03,+512.814064E-03,+517.587945E-03
+1.147500E-03,+535.908694E-03,+512.814064E-03,+497.487443E-03
+1.150000E-03,+510.364305E-03,+512.814064E-03,+517.587945E-03
+1.152500E-03,+513.714389E-03,+512.814064E-03,+517.587945E-03
+1.155000E-03,+527.638175E-03,+523.073695E-03,+537.688447E-03
+1.157500E-03,+507.537672E-03,+512.814064E-03,+505.653272E-03
+1.160000E-03,+507.537672E-03,+525.900328E-03,+504.501680E-03
+1.162500E-03,+525.649062E-03,+496.691786E-03,+533.710223E-03
+1.165000E-03,+518.530135E-03,+512.814064E-03,+517.587945E-03
+1.167500E-03,+507.642362E-03,+492.922941E-03,+477.596320E-03
+1.170000E-03,+529.941357E-03,+532.914566E-03,+517.587945E-03
+1.172500E-03,+529.836667E-03,+530.716073E-03,+515.389452E-03
+1.175000E-03,+521.147387E-03,+526.109708E-03,+517.587945E-03
+1.177500E-03,+531.930469E-03,+528.622271E-03,+517.587945E-03
+1.180000E-03,+512.248728E-03,+528.203511E-03,+512.876890E-03
+1.182500E-03,+513.923769E-03,+506.427967E-03,+497.487443E-03
+1.185000E-03,+527.638175E-03,+512.814064E-03,+517.587945E-03
+1.187500E-03,+536.118074E-03,+501.193461E-03,+537.688447E-03
+1.190000E-03,+507.537672E-03,+513.337514E-03,+498.534344E-03
+1.192500E-03,+527.638175E-03,+512.814064E-03,+508.061144E-03
+1.195000E-03,+526.067823E-03,+531.344214E-03,+534.547744E-03
+1.197500E-03,+527.638175E-03,+532.914566E-03,+517.587945E-03
+1.200000E-03,+523.974021E-03,+509.149910E-03,+534.024293E-03
+1.202500E-03,+527.638175E-03,+523.492455E-03,+497.487443E-03
+1.205000E-03,+527.638175E-03,+527.156610E-03,+531.930491E-03
+1.207500E-03,+524.392781E-03,+512.814064E-03,+494.242049E-03
+1.210000E-03,+527.638175E-03,+525.062807E-03,+525.439704E-03
+1.212500E-03,+544.283903E-03,+512.814064E-03,+499.790625E-03
+1.215000E-03,+517.692614E-03,+512.814064E-03,+527.533506E-03
+1.217500E-03,+546.796466E-03,+513.756275E-03,+517.587945E-03
+1.220000E-03,+539.677538E-03,+512.814064E-03,+513.609720E-03
+1.222500E-03,+507.537672E-03,+509.778050E-03,+520.623958E-03
+1.225000E-03,+507.537672E-03,+518.781400E-03,+517.587945E-03
+1.227500E-03,+517.797304E-03,+512.814064E-03,+497.487443E-03
+1.230000E-03,+507.537672E-03,+529.041032E-03,+513.714411E-03
+1.232500E-03,+507.537672E-03,+512.814064E-03,+510.364327E-03
+1.235000E-03,+507.537672E-03,+547.675872E-03,+517.587945E-03
+1.237500E-03,+526.172513E-03,+522.131484E-03,+508.270525E-03
+1.240000E-03,+507.851743E-03,+512.814064E-03,+517.587945E-03
+1.242500E-03,+507.537672E-03,+532.914566E-03,+517.587945E-03
+1.245000E-03,+545.330804E-03,+530.506693E-03,+499.895315E-03
+1.247500E-03,+521.042697E-03,+526.005018E-03,+510.992468E-03
+1.250000E-03,+527.638175E-03,+517.315739E-03,+517.587945E-03
+1.252500E-03,+507.537672E-03,+517.315739E-03,+539.782249E-03
+1.255000E-03,+534.233652E-03,+532.914566E-03,+531.092970E-03
+1.257500E-03,+525.230302E-03,+512.814064E-03,+535.280574E-03
+1.260000E-03,+527.638175E-03,+510.092121E-03,+517.587945E-03
+1.262500E-03,+527.638175E-03,+512.499993E-03,+537.688447E-03
+1.265000E-03,+527.638175E-03,+523.597146E-03,+508.270525E-03
+1.267500E-03,+527.638175E-03,+531.134834E-03,+499.267175E-03
+1.270000E-03,+527.638175E-03,+505.590446E-03,+517.587945E-03
+1.272500E-03,+523.764640E-03,+525.167497E-03,+521.461479E-03
+1.275000E-03,+517.378543E-03,+512.814064E-03,+517.587945E-03
+1.277500E-03,+547.738677E-03,+498.680898E-03,+511.620608E-03
+1.280000E-03,+507.537672E-03,+512.814064E-03,+531.616420E-03
+1.282500E-03,+527.638175E-03,+524.853427E-03,+497.487443E-03
+1.285000E-03,+506.595461E-03,+531.972355E-03,+497.487443E-03
+1.287500E-03,+527.638175E-03,+532.914566E-03,+527.742886E-03
+1.290000E-03,+488.588761E-03,+512.814064E-03,+499.790625E-03
+1.292500E-03,+515.389431E-03,+525.062807E-03,+525.439704E-03
+1.295000E-03,+527.638175E-03,+499.204348E-03,+500.732836E-03
+1.297500E-03,+527.638175E-03,+535.741199E-03,+537.688447E-03
+1.300000E-03,+527.638175E-03,+527.575370E-03,+497.487443E-03
+1.302500E-03,+527.638175E-03,+542.022606E-03,+521.252099E-03
+1.305000E-03,+527.638175E-03,+512.814064E-03,+530.255449E-03
+1.307500E-03,+509.108024E-03,+512.814064E-03,+516.017593E-03
+1.310000E-03,+508.584573E-03,+502.240362E-03,+517.587945E-03
+1.312500E-03,+527.638175E-03,+532.914566E-03,+556.218598E-03
+1.315000E-03,+507.537672E-03,+524.434666E-03,+505.967342E-03
+1.317500E-03,+504.920419E-03,+532.914566E-03,+514.970692E-03
+1.320000E-03,+520.309867E-03,+512.814064E-03,+524.916253E-03
+1.322500E-03,+522.927119E-03,+523.492455E-03,+522.299000E-03
+1.325000E-03,+511.829967E-03,+532.914566E-03,+506.072032E-03
+1.327500E-03,+547.738677E-03,+499.518419E-03,+530.883590E-03
+1.330000E-03,+507.537672E-03,+530.716073E-03,+501.884427E-03
+1.332500E-03,+525.334992E-03,+512.814064E-03,+517.587945E-03
+1.335000E-03,+507.537672E-03,+512.918754E-03,+537.583757E-03
+1.337500E-03,+507.537672E-03,+512.814064E-03,+537.688447E-03
+1.340000E-03,+509.526784E-03,+514.803176E-03,+519.577057E-03
+1.342500E-03,+533.710201E-03,+492.713561E-03,+524.602183E-03
+1.345000E-03,+507.537672E-03,+512.814064E-03,+489.635684E-03
+1.347500E-03,+527.638175E-03,+502.554432E-03,+522.508380E-03
+1.350000E-03,+507.537672E-03,+498.890278E-03,+497.487443E-03
+1.352500E-03,+513.190939E-03,+527.261300E-03,+520.414578E-03
+1.355000E-03,+519.367655E-03,+500.984080E-03,+525.858464E-03
+1.357500E-03,+527.638175E-03,+532.181735E-03,+517.587945E-03
+1.360000E-03,+527.638175E-03,+512.814064E-03,+517.587945E-03
+1.362500E-03,+507.537672E-03,+512.814064E-03,+517.587945E-03
+1.365000E-03,+515.180051E-03,+525.272187E-03,+517.587945E-03
+1.367500E-03,+524.183401E-03,+516.268837E-03,+517.587945E-03
+1.370000E-03,+527.638175E-03,+507.265487E-03,+503.036019E-03
+1.372500E-03,+527.638175E-03,+498.262137E-03,+532.139871E-03
+1.375000E-03,+527.638175E-03,+516.268837E-03,+500.942216E-03
+1.377500E-03,+499.895294E-03,+512.814064E-03,+509.945566E-03
+1.380000E-03,+527.638175E-03,+514.175035E-03,+500.209386E-03
+1.382500E-03,+517.901994E-03,+512.814064E-03,+497.487443E-03
+1.385000E-03,+507.537672E-03,+532.181735E-03,+517.587945E-03
+1.387500E-03,+539.468158E-03,+524.644047E-03,+505.757962E-03
+1.390000E-03,+527.638175E-03,+530.087933E-03,+520.414578E-03
+1.392500E-03,+527.638175E-03,+526.737849E-03,+503.664159E-03
+1.395000E-03,+527.638175E-03,+497.633997E-03,+502.407878E-03
+1.397500E-03,+527.638175E-03,+504.962305E-03,+521.670859E-03
+1.400000E-03,+527.638175E-03,+532.914566E-03,+510.573707E-03
+1.402500E-03,+509.526785E-03,+512.814064E-03,+501.465667E-03
+1.405000E-03,+516.645712E-03,+514.698486E-03,+517.587945E-03
+1.407500E-03,+527.533484E-03,+532.914566E-03,+517.483255E-03
+1.410000E-03,+496.335830E-03,+512.814064E-03,+519.891127E-03
+1.412500E-03,+509.736165E-03,+530.716073E-03,+499.685935E-03
+1.415000E-03,+520.833317E-03,+506.009206E-03,+517.587945E-03
+1.417500E-03,+531.930469E-03,+512.814064E-03,+529.103858E-03
+1.420000E-03,+522.927119E-03,+512.814064E-03,+532.977392E-03
+1.422500E-03,+527.638175E-03,+512.814064E-03,+531.302350E-03
+1.425000E-03,+525.020922E-03,+515.431317E-03,+497.487443E-03
+1.427500E-03,+536.118074E-03,+512.814064E-03,+505.967342E-03
+1.430000E-03,+508.061123E-03,+493.237012E-03,+517.064494E-03
+1.432500E-03,+518.111374E-03,+532.914566E-03,+508.061144E-03
+1.435000E-03,+526.067823E-03,+532.914566E-03,+517.587945E-03
+1.437500E-03,+527.638175E-03,+512.814064E-03,+512.353439E-03
+1.440000E-03,+516.645712E-03,+516.478218E-03,+517.587945E-03
+1.442500E-03,+507.537672E-03,+518.153260E-03,+502.826639E-03
+1.445000E-03,+507.537672E-03,+527.156610E-03,+511.829988E-03
+1.447500E-03,+524.392781E-03,+546.524281E-03,+514.342551E-03
+1.450000E-03,+523.241190E-03,+512.814064E-03,+517.587945E-03
+1.452500E-03,+509.840855E-03,+512.814064E-03,+518.739536E-03
+1.455000E-03,+527.638175E-03,+533.123946E-03,+517.587945E-03
+1.457500E-03,+527.638175E-03,+512.814064E-03,+518.530156E-03
+1.460000E-03,+519.577036E-03,+492.713561E-03,+517.587945E-03
+1.462500E-03,+524.602161E-03,+492.713561E-03,+517.587945E-03
+1.465000E-03,+527.638175E-03,+553.015068E-03,+517.587945E-03
+1.467500E-03,+522.508359E-03,+542.755437E-03,+527.428816E-03
+1.470000E-03,+527.638175E-03,+520.561132E-03,+533.814913E-03
+1.472500E-03,+527.638175E-03,+520.037682E-03,+510.364327E-03
+1.475000E-03,+527.638175E-03,+514.593796E-03,+519.367677E-03
+1.477500E-03,+527.638175E-03,+502.030982E-03,+506.804863E-03
+1.480000E-03,+547.110536E-03,+512.814064E-03,+516.959804E-03
+1.482500E-03,+524.916232E-03,+521.503343E-03,+537.688447E-03
+1.485000E-03,+507.537672E-03,+530.506693E-03,+535.280575E-03
+1.487500E-03,+507.537672E-03,+512.814064E-03,+510.992468E-03
+1.490000E-03,+543.237002E-03,+512.814064E-03,+528.685097E-03
+1.492500E-03,+512.039347E-03,+521.817414E-03,+517.587945E-03
+1.495000E-03,+541.143200E-03,+519.409541E-03,+510.992468E-03
+1.497500E-03,+509.945545E-03,+512.814064E-03,+532.872702E-03
+1.500000E-03,+516.226952E-03,+532.914566E-03,+517.587945E-03
+1.502500E-03,+488.065311E-03,+512.814064E-03,+497.801513E-03
+1.505000E-03,+498.220252E-03,+523.597146E-03,+508.270525E-03
+1.507500E-03,+509.317404E-03,+514.593796E-03,+535.908715E-03
+1.510000E-03,+534.861793E-03,+505.590446E-03,+537.688447E-03
+1.512500E-03,+547.738677E-03,+529.041032E-03,+533.814913E-03
+1.515000E-03,+542.608861E-03,+512.814064E-03,+517.587945E-03
+1.517500E-03,+527.638175E-03,+512.814064E-03,+523.555281E-03
+1.520000E-03,+544.702664E-03,+498.785588E-03,+520.623958E-03
+1.522500E-03,+527.638175E-03,+512.814064E-03,+517.587945E-03
+1.525000E-03,+545.854255E-03,+512.814064E-03,+535.804025E-03
+1.527500E-03,+517.901994E-03,+522.969005E-03,+517.587945E-03
+1.530000E-03,+487.437170E-03,+513.965655E-03,+537.688447E-03
+1.532500E-03,+535.489933E-03,+520.665822E-03,+537.688447E-03
+1.535000E-03,+547.738677E-03,+512.814064E-03,+497.487443E-03
+1.537500E-03,+533.396131E-03,+512.814064E-03,+511.829988E-03
+1.540000E-03,+507.537672E-03,+512.814064E-03,+512.248749E-03
+1.542500E-03,+527.638175E-03,+512.814064E-03,+517.587945E-03
+1.545000E-03,+520.205176E-03,+512.814064E-03,+510.154947E-03
+1.547500E-03,+526.067823E-03,+531.344214E-03,+478.957292E-03
+1.550000E-03,+528.685076E-03,+522.340864E-03,+527.114745E-03
+1.552500E-03,+508.061123E-03,+532.391115E-03,+498.010893E-03
+1.555000E-03,+539.258777E-03,+532.914566E-03,+509.108045E-03
+1.557500E-03,+507.537672E-03,+530.297313E-03,+512.353439E-03
+1.560000E-03,+527.638175E-03,+512.814064E-03,+517.587945E-03
+1.562500E-03,+522.927119E-03,+517.525119E-03,+512.876890E-03
+1.565000E-03,+527.638175E-03,+521.398653E-03,+513.295650E-03
+1.567500E-03,+507.537672E-03,+512.814064E-03,+524.078732E-03
+1.570000E-03,+509.736165E-03,+512.814064E-03,+517.587945E-03
+1.572500E-03,+507.537672E-03,+521.712723E-03,+515.284762E-03
+1.575000E-03,+547.529297E-03,+492.922942E-03,+537.583757E-03
+1.577500E-03,+516.645712E-03,+512.814064E-03,+517.587945E-03
+1.580000E-03,+529.627287E-03,+512.814064E-03,+517.587945E-03
+1.582500E-03,+520.623937E-03,+512.814064E-03,+510.573707E-03
+1.585000E-03,+523.555260E-03,+512.814064E-03,+517.587945E-03
+1.587500E-03,+527.638175E-03,+523.073695E-03,+512.667509E-03
+1.590000E-03,+493.613887E-03,+520.561132E-03,+509.840876E-03
+1.592500E-03,+527.638175E-03,+530.087933E-03,+517.587945E-03
+1.595000E-03,+511.097136E-03,+492.713561E-03,+509.317426E-03
+1.597500E-03,+527.638175E-03,+512.081233E-03,+518.320776E-03
+1.600000E-03,+517.273853E-03,+512.814064E-03,+507.223623E-03
+1.602500E-03,+545.016734E-03,+514.175035E-03,+533.605533E-03
+1.605000E-03,+527.638175E-03,+520.456442E-03,+505.129821E-03
+1.607500E-03,+524.183401E-03,+512.814064E-03,+517.587945E-03
+1.610000E-03,+536.641525E-03,+541.917916E-03,+512.039369E-03
+1.612500E-03,+533.186751E-03,+527.365990E-03,+503.036019E-03
+1.615000E-03,+510.992446E-03,+512.814064E-03,+497.487443E-03
+1.617500E-03,+499.895294E-03,+525.272187E-03,+517.587945E-03
+1.620000E-03,+508.898644E-03,+514.175035E-03,+536.327476E-03
+1.622500E-03,+517.901994E-03,+523.178385E-03,+537.688447E-03
+1.625000E-03,+545.540185E-03,+493.446392E-03,+536.955616E-03
+1.627500E-03,+507.537672E-03,+512.814064E-03,+517.587945E-03
+1.630000E-03,+524.811541E-03,+492.713561E-03,+511.934679E-03
+1.632500E-03,+521.461458E-03,+518.990780E-03,+503.664159E-03
+1.635000E-03,+532.558610E-03,+532.914566E-03,+517.587945E-03
+1.637500E-03,+511.620587E-03,+516.896978E-03,+533.605533E-03
+1.640000E-03,+534.652412E-03,+512.814064E-03,+517.587945E-03
+1.642500E-03,+529.627287E-03,+514.803176E-03,+535.699335E-03
+1.645000E-03,+547.738677E-03,+501.821601E-03,+526.695985E-03
+1.647500E-03,+547.633987E-03,+512.918754E-03,+497.592133E-03
+1.650000E-03,+529.941357E-03,+501.612221E-03,+517.587945E-03
+1.652500E-03,+527.638175E-03,+512.814064E-03,+533.291462E-03
+1.655000E-03,+520.833317E-03,+486.222774E-03,+530.883590E-03
+1.657500E-03,+523.345880E-03,+524.329976E-03,+537.688447E-03
+1.660000E-03,+507.537672E-03,+503.391953E-03,+522.299000E-03
+1.662500E-03,+534.024272E-03,+492.713561E-03,+531.302350E-03
+1.665000E-03,+527.638175E-03,+495.330814E-03,+532.453941E-03
+1.667500E-03,+499.057773E-03,+515.954767E-03,+526.067844E-03
+1.670000E-03,+527.638175E-03,+532.391115E-03,+537.164997E-03
+1.672500E-03,+537.164975E-03,+523.387765E-03,+507.014243E-03
+1.675000E-03,+546.168325E-03,+512.814064E-03,+499.057794E-03
+1.677500E-03,+540.305679E-03,+500.146560E-03,+512.353439E-03
+1.680000E-03,+511.201826E-03,+512.814064E-03,+517.587945E-03
+1.682500E-03,+527.638175E-03,+518.153260E-03,+532.349251E-03
+1.685000E-03,+541.980721E-03,+512.814064E-03,+503.245399E-03
+1.687500E-03,+521.147387E-03,+516.059457E-03,+500.732836E-03
+1.690000E-03,+495.288929E-03,+512.814064E-03,+525.439704E-03
+1.692500E-03,+527.638175E-03,+532.914566E-03,+517.587945E-03
+1.695000E-03,+537.793116E-03,+522.969005E-03,+507.433004E-03
+1.697500E-03,+509.422094E-03,+512.814064E-03,+498.429654E-03
+1.700000E-03,+511.620587E-03,+508.835839E-03,+505.548582E-03
+1.702500E-03,+530.674188E-03,+498.785588E-03,+497.487443E-03
+1.705000E-03,+533.605511E-03,+512.814064E-03,+489.321614E-03
+1.707500E-03,+512.667488E-03,+527.784750E-03,+487.646572E-03
+1.710000E-03,+511.411207E-03,+512.814064E-03,+501.360977E-03
+1.712500E-03,+527.638175E-03,+512.814064E-03,+504.711061E-03
+1.715000E-03,+544.179213E-03,+532.914566E-03,+534.128983E-03
+1.717500E-03,+518.320754E-03,+522.131484E-03,+528.371027E-03
+1.720000E-03,+527.638175E-03,+532.914566E-03,+537.374377E-03
+1.722500E-03,+507.537672E-03,+532.914566E-03,+520.309888E-03
+1.725000E-03,+545.330804E-03,+512.814064E-03,+499.895315E-03
+1.727500E-03,+534.547722E-03,+539.510043E-03,+510.678397E-03
+1.730000E-03,+543.237002E-03,+523.911216E-03,+517.587945E-03
+1.732500E-03,+496.440520E-03,+512.814064E-03,+497.487443E-03
+1.735000E-03,+514.447220E-03,+512.814064E-03,+524.183422E-03
+1.737500E-03,+530.046047E-03,+512.814064E-03,+522.403690E-03
+1.740000E-03,+510.259615E-03,+521.503343E-03,+508.898665E-03
+1.742500E-03,+527.324104E-03,+512.814064E-03,+537.374377E-03
+1.745000E-03,+527.638175E-03,+511.348402E-03,+519.053606E-03
+1.747500E-03,+525.858443E-03,+531.134834E-03,+501.046906E-03
+1.750000E-03,+527.638175E-03,+499.937179E-03,+523.241211E-03
+1.752500E-03,+527.638175E-03,+508.940529E-03,+517.587945E-03
+1.755000E-03,+547.738677E-03,+512.814064E-03,+492.776387E-03
+1.757500E-03,+535.804004E-03,+498.680898E-03,+491.520106E-03
+1.760000E-03,+527.638175E-03,+512.814064E-03,+514.551931E-03
+1.762500E-03,+539.677538E-03,+512.814064E-03,+537.688447E-03
+1.765000E-03,+507.537672E-03,+531.972355E-03,+556.846738E-03
+1.767500E-03,+517.692614E-03,+512.814064E-03,+517.797325E-03
+1.770000E-03,+507.537672E-03,+513.965655E-03,+536.536856E-03
+1.772500E-03,+527.638175E-03,+500.565320E-03,+509.736186E-03
+1.775000E-03,+527.638175E-03,+495.958955E-03,+534.443054E-03
+1.777500E-03,+519.053585E-03,+507.056107E-03,+511.829988E-03
+1.780000E-03,+512.876868E-03,+498.052757E-03,+527.010055E-03
+1.782500E-03,+523.974021E-03,+529.250412E-03,+517.587945E-03
+1.785000E-03,+527.638175E-03,+520.247062E-03,+522.822451E-03
+1.787500E-03,+526.067823E-03,+532.914566E-03,+499.057794E-03
+1.790000E-03,+518.111374E-03,+532.914566E-03,+508.061144E-03
+1.792500E-03,+547.738677E-03,+492.713561E-03,+517.587945E-03
+1.795000E-03,+536.118074E-03,+532.914566E-03,+505.967342E-03
+1.797500E-03,+510.154925E-03,+512.814064E-03,+517.587945E-03
+1.800000E-03,+501.151575E-03,+519.200161E-03,+503.873540E-03
+1.802500E-03,+522.927119E-03,+497.424616E-03,+508.165834E-03
+1.805000E-03,+527.638175E-03,+512.814064E-03,+521.880240E-03
+1.807500E-03,+520.833317E-03,+526.109708E-03,+537.688447E-03
+1.810000E-03,+527.638175E-03,+515.012556E-03,+517.587945E-03
+1.812500E-03,+525.334992E-03,+512.814064E-03,+528.789787E-03
+1.815000E-03,+527.533484E-03,+532.809876E-03,+537.688447E-03
+1.817500E-03,+496.545210E-03,+512.814064E-03,+497.487443E-03
+1.820000E-03,+509.526784E-03,+494.702673E-03,+499.476555E-03
+1.822500E-03,+521.566148E-03,+512.814064E-03,+517.587945E-03
+1.825000E-03,+527.638175E-03,+512.814064E-03,+513.505030E-03
+1.827500E-03,+512.458108E-03,+507.893628E-03,+522.927141E-03
+1.830000E-03,+507.537672E-03,+512.814064E-03,+523.764662E-03
+1.832500E-03,+521.984908E-03,+515.640697E-03,+514.761312E-03
+1.835000E-03,+539.468158E-03,+509.254600E-03,+493.927979E-03
+1.837500E-03,+527.638175E-03,+512.814064E-03,+517.587945E-03
+1.840000E-03,+507.537672E-03,+523.178385E-03,+528.580407E-03
+1.842500E-03,+526.277203E-03,+511.453092E-03,+536.327476E-03
+1.845000E-03,+527.638175E-03,+517.629809E-03,+512.772200E-03
+1.847500E-03,+527.638175E-03,+499.623109E-03,+517.587945E-03
+1.850000E-03,+518.634825E-03,+512.814064E-03,+497.487443E-03
+1.852500E-03,+533.186751E-03,+532.914566E-03,+512.039369E-03
+1.855000E-03,+524.183401E-03,+519.723611E-03,+517.587945E-03
+1.857500E-03,+535.280553E-03,+520.456442E-03,+517.587945E-03
+1.860000E-03,+546.377705E-03,+514.175035E-03,+498.848414E-03
+1.862500E-03,+507.537672E-03,+512.814064E-03,+507.223623E-03
+1.865000E-03,+526.905344E-03,+512.814064E-03,+516.855114E-03
+1.867500E-03,+519.367655E-03,+512.814064E-03,+514.028481E-03
+1.870000E-03,+527.638175E-03,+532.914566E-03,+534.861814E-03
+1.872500E-03,+513.714389E-03,+512.814064E-03,+523.764662E-03
+1.875000E-03,+537.897806E-03,+522.654934E-03,+502.407878E-03
+1.877500E-03,+523.555260E-03,+524.748737E-03,+517.587945E-03
+1.880000E-03,+500.523435E-03,+499.727799E-03,+530.674209E-03
+1.882500E-03,+529.627287E-03,+530.925454E-03,+519.577057E-03
+1.885000E-03,+518.530135E-03,+501.821601E-03,+508.479905E-03
+1.887500E-03,+527.638175E-03,+492.818251E-03,+517.692635E-03
+1.890000E-03,+527.638175E-03,+521.712723E-03,+517.587945E-03
+1.892500E-03,+527.638175E-03,+499.309039E-03,+515.389452E-03
+1.895000E-03,+534.443032E-03,+526.109708E-03,+531.197660E-03
+1.897500E-03,+511.829967E-03,+517.106358E-03,+517.587945E-03
+1.900000E-03,+507.537672E-03,+512.814064E-03,+491.520106E-03
+1.902500E-03,+534.966483E-03,+512.814064E-03,+517.587945E-03
+1.905000E-03,+545.121424E-03,+512.814064E-03,+517.587945E-03
+1.907500E-03,+539.258778E-03,+544.535169E-03,+526.067844E-03
+1.910000E-03,+527.638175E-03,+493.237012E-03,+537.688447E-03
+1.912500E-03,+527.638175E-03,+512.814064E-03,+507.014243E-03
+1.915000E-03,+529.208526E-03,+511.243712E-03,+517.587945E-03
+1.917500E-03,+520.205176E-03,+520.247062E-03,+530.255449E-03
+1.920000E-03,+511.201826E-03,+516.478218E-03,+501.151597E-03
+1.922500E-03,+522.298979E-03,+527.575370E-03,+506.909553E-03
+1.925000E-03,+533.396131E-03,+527.156610E-03,+523.345901E-03
+1.927500E-03,+510.783066E-03,+529.669172E-03,+534.443054E-03
+1.930000E-03,+515.389431E-03,+520.665822E-03,+529.836688E-03
+1.932500E-03,+527.638175E-03,+531.762975E-03,+496.335851E-03
+1.935000E-03,+537.583736E-03,+512.814064E-03,+487.332501E-03
+1.937500E-03,+508.479883E-03,+531.972355E-03,+517.587945E-03
+1.940000E-03,+519.577036E-03,+516.792288E-03,+509.526806E-03
+1.942500E-03,+533.710201E-03,+498.785588E-03,+514.551932E-03
+1.945000E-03,+521.670838E-03,+526.947229E-03,+517.587945E-03
+1.947500E-03,+502.826617E-03,+512.814064E-03,+517.587945E-03
+1.950000E-03,+531.511709E-03,+512.814064E-03,+513.714411E-03
+1.952500E-03,+527.638175E-03,+499.937179E-03,+524.811563E-03
+1.955000E-03,+509.317404E-03,+512.814064E-03,+515.808213E-03
+1.957500E-03,+527.638175E-03,+503.496643E-03,+517.587945E-03
+1.960000E-03,+547.110536E-03,+532.600496E-03,+497.487443E-03
+1.962500E-03,+516.226952E-03,+512.814064E-03,+528.999167E-03
+1.965000E-03,+525.230302E-03,+532.914566E-03,+482.202686E-03
+1.967500E-03,+507.537672E-03,+499.309039E-03,+524.183422E-03
+1.970000E-03,+543.237002E-03,+512.814064E-03,+517.587945E-03
+1.972500E-03,+523.136500E-03,+512.814064E-03,+497.487443E-03
+1.975000E-03,+541.143200E-03,+532.914566E-03,+531.092970E-03
+1.977500E-03,+527.638175E-03,+530.506693E-03,+537.688447E-03
+1.980000E-03,+536.327454E-03,+521.503343E-03,+494.765499E-03
+1.982500E-03,+547.110536E-03,+512.814064E-03,+557.160809E-03
+1.985000E-03,+507.537672E-03,+522.131484E-03,+508.270525E-03
+1.987500E-03,+527.638175E-03,+532.914566E-03,+517.587945E-03
+1.990000E-03,+527.638175E-03,+525.690948E-03,+504.711061E-03
+1.992500E-03,+527.638175E-03,+516.687598E-03,+533.814913E-03
+1.995000E-03,+512.667488E-03,+502.973193E-03,+517.587945E-03
+1.997500E-03,+513.505009E-03,+512.814064E-03,+503.454779E-03
+2.000000E-03,+527.638175E-03,+532.914566E-03,+517.587945E-03
+2.002500E-03,+507.537672E-03,+504.752925E-03,+493.509218E-03
+2.005000E-03,+508.479883E-03,+513.756275E-03,+517.587945E-03
+2.007500E-03,+537.793116E-03,+512.814064E-03,+517.587945E-03
+2.010000E-03,+527.638175E-03,+513.965655E-03,+536.536856E-03
+2.012500E-03,+527.638175E-03,+512.814064E-03,+513.190960E-03
+2.015000E-03,+514.028459E-03,+549.769675E-03,+517.587945E-03
+2.017500E-03,+521.880218E-03,+512.814064E-03,+511.829988E-03
+2.020000E-03,+502.198476E-03,+498.052757E-03,+527.010055E-03
+2.022500E-03,+544.074523E-03,+532.914566E-03,+517.587945E-03
+2.025000E-03,+507.537672E-03,+532.914566E-03,+510.154947E-03
+2.027500E-03,+527.638175E-03,+495.854265E-03,+517.587945E-03
+2.030000E-03,+507.537672E-03,+503.287263E-03,+517.587945E-03
+2.032500E-03,+528.161625E-03,+532.391115E-03,+518.111395E-03
+2.035000E-03,+527.638175E-03,+532.914566E-03,+520.728648E-03
+2.037500E-03,+527.638175E-03,+512.814064E-03,+514.970692E-03
+2.040000E-03,+527.638175E-03,+512.814064E-03,+531.302350E-03
+2.042500E-03,+512.248727E-03,+512.814064E-03,+522.299000E-03
+2.045000E-03,+523.345880E-03,+540.138184E-03,+493.195148E-03
+2.047500E-03,+540.933819E-03,+526.109708E-03,+504.292300E-03
+2.050000E-03,+509.736165E-03,+530.716073E-03,+517.587945E-03
+2.052500E-03,+527.638175E-03,+521.712723E-03,+517.587945E-03
+2.055000E-03,+507.642362E-03,+512.814064E-03,+517.587945E-03
+2.057500E-03,+516.645712E-03,+512.814064E-03,+517.587945E-03
+2.060000E-03,+507.537672E-03,+530.925454E-03,+497.487443E-03
+2.062500E-03,+527.638175E-03,+532.914566E-03,+497.487443E-03
+2.065000E-03,+543.655762E-03,+528.831651E-03,+517.587945E-03
+2.067500E-03,+512.458108E-03,+512.814064E-03,+512.667509E-03
+2.070000E-03,+513.714389E-03,+512.814064E-03,+509.840876E-03
+2.072500E-03,+527.638175E-03,+515.640697E-03,+500.314076E-03
+2.075000E-03,+527.638175E-03,+509.254600E-03,+509.317426E-03
+2.077500E-03,+527.638175E-03,+532.181735E-03,+516.855114E-03
+2.080000E-03,+527.638175E-03,+502.449742E-03,+517.587945E-03
+2.082500E-03,+526.277203E-03,+512.814064E-03,+537.688447E-03
+2.085000E-03,+519.995796E-03,+512.814064E-03,+517.587945E-03
+2.087500E-03,+510.992446E-03,+512.814064E-03,+537.688447E-03
+2.090000E-03,+507.537672E-03,+527.365990E-03,+512.039369E-03
+2.092500E-03,+522.089598E-03,+512.814064E-03,+512.039369E-03
+2.095000E-03,+520.728627E-03,+549.560294E-03,+500.942216E-03
+2.097500E-03,+519.995796E-03,+525.272187E-03,+505.129821E-03
+2.100000E-03,+527.638175E-03,+531.553594E-03,+498.848414E-03
+2.102500E-03,+527.638175E-03,+522.550244E-03,+527.952266E-03
+2.105000E-03,+526.905344E-03,+513.546894E-03,+516.855114E-03
+2.107500E-03,+515.808191E-03,+512.814064E-03,+505.757962E-03
+2.110000E-03,+524.811541E-03,+512.814064E-03,+514.761312E-03
+2.112500E-03,+527.638175E-03,+512.814064E-03,+531.511730E-03
+2.115000E-03,+507.537672E-03,+517.734499E-03,+517.587945E-03
+2.117500E-03,+511.620587E-03,+516.896978E-03,+529.522618E-03
+2.120000E-03,+500.523435E-03,+512.814064E-03,+517.587945E-03
+2.122500E-03,+525.649062E-03,+512.814064E-03,+499.476555E-03
+2.125000E-03,+547.738677E-03,+521.922104E-03,+517.587945E-03
+2.127500E-03,+527.533485E-03,+532.914566E-03,+517.483255E-03
+2.130000E-03,+516.436332E-03,+521.712723E-03,+506.386102E-03
+2.132500E-03,+527.638175E-03,+510.615571E-03,+501.884427E-03
+2.135000E-03,+527.638175E-03,+512.814064E-03,+517.587945E-03
+2.137500E-03,+507.537672E-03,+512.814064E-03,+517.587945E-03
+2.140000E-03,+527.638175E-03,+512.814064E-03,+537.688447E-03
+2.142500E-03,+521.252078E-03,+512.814064E-03,+537.688447E-03
+2.145000E-03,+507.537672E-03,+532.914566E-03,+514.970692E-03
+2.147500E-03,+539.258778E-03,+504.334164E-03,+526.067844E-03
+2.150000E-03,+527.114724E-03,+513.337514E-03,+497.487443E-03
+2.152500E-03,+547.738677E-03,+511.767162E-03,+517.587945E-03
+2.155000E-03,+490.577873E-03,+529.773862E-03,+499.057794E-03
+2.157500E-03,+494.870168E-03,+520.247062E-03,+504.920441E-03
+2.160000E-03,+494.765478E-03,+532.914566E-03,+481.051094E-03
+2.162500E-03,+542.399481E-03,+527.575370E-03,+497.487443E-03
+2.165000E-03,+498.953083E-03,+512.814064E-03,+503.245399E-03
+2.167500E-03,+524.392781E-03,+516.059457E-03,+531.197660E-03
+2.170000E-03,+499.685914E-03,+500.565320E-03,+517.587945E-03
+2.172500E-03,+527.638175E-03,+513.965655E-03,+517.587945E-03
+2.175000E-03,+507.537672E-03,+502.868503E-03,+507.433004E-03
+2.177500E-03,+508.479883E-03,+513.756275E-03,+518.530156E-03
+2.180000E-03,+531.616399E-03,+532.914566E-03,+529.627308E-03
+2.182500E-03,+510.573686E-03,+495.749575E-03,+503.559469E-03
+2.185000E-03,+513.505009E-03,+512.814064E-03,+523.555282E-03
+2.187500E-03,+512.667488E-03,+527.784750E-03,+502.617258E-03
+2.190000E-03,+539.991608E-03,+512.814064E-03,+521.461479E-03
+2.192500E-03,+514.761290E-03,+518.467330E-03,+517.587945E-03
+2.195000E-03,+527.638175E-03,+494.493293E-03,+501.046907E-03
+2.197500E-03,+498.220252E-03,+512.814064E-03,+517.587945E-03
+2.200000E-03,+527.952245E-03,+513.128134E-03,+517.587945E-03
+2.202500E-03,+530.360118E-03,+512.814064E-03,+506.176722E-03
+2.205000E-03,+512.353418E-03,+530.506693E-03,+517.587945E-03
+2.207500E-03,+514.133150E-03,+512.814064E-03,+510.678397E-03
+2.210000E-03,+512.039347E-03,+497.215236E-03,+501.989118E-03
+2.212500E-03,+527.638175E-03,+523.911216E-03,+513.086270E-03
+2.215000E-03,+521.042697E-03,+499.309039E-03,+517.587945E-03
+2.217500E-03,+507.537672E-03,+510.406191E-03,+537.688447E-03
+2.220000E-03,+539.049397E-03,+512.814064E-03,+517.587945E-03
+2.222500E-03,+507.537672E-03,+513.128134E-03,+537.688447E-03
+2.225000E-03,+498.220252E-03,+523.597146E-03,+519.053606E-03
+2.227500E-03,+527.638175E-03,+498.052757E-03,+535.908715E-03
+2.230000E-03,+514.761290E-03,+520.037682E-03,+523.241211E-03
+2.232500E-03,+507.537672E-03,+512.814064E-03,+497.487443E-03
+2.235000E-03,+537.479045E-03,+527.784750E-03,+512.458129E-03
+2.237500E-03,+519.472345E-03,+518.781400E-03,+497.487443E-03
+2.240000E-03,+524.602161E-03,+492.713561E-03,+531.616420E-03
+2.242500E-03,+527.638175E-03,+504.752925E-03,+529.627308E-03
+2.245000E-03,+507.537672E-03,+513.756275E-03,+498.429654E-03
+2.247500E-03,+517.483233E-03,+502.868503E-03,+517.587945E-03
+2.250000E-03,+527.638175E-03,+512.814064E-03,+518.739536E-03
+2.252500E-03,+527.638175E-03,+500.565320E-03,+517.587945E-03
+2.255000E-03,+544.493283E-03,+532.914566E-03,+514.342551E-03
+2.257500E-03,+507.537672E-03,+547.257112E-03,+526.172534E-03
+2.260000E-03,+527.638175E-03,+527.575370E-03,+517.587945E-03
+2.262500E-03,+527.638175E-03,+512.814064E-03,+517.587945E-03
+2.265000E-03,+520.205176E-03,+512.814064E-03,+530.255449E-03
+2.267500E-03,+547.738677E-03,+532.914566E-03,+517.587945E-03
+2.270000E-03,+527.638175E-03,+523.387765E-03,+537.688447E-03
+2.272500E-03,+546.168325E-03,+532.391115E-03,+517.064494E-03
+2.275000E-03,+527.638175E-03,+524.434666E-03,+517.587945E-03
+2.277500E-03,+510.154925E-03,+530.297313E-03,+535.071194E-03
+2.280000E-03,+541.352580E-03,+525.586258E-03,+524.916253E-03
+2.282500E-03,+522.927119E-03,+497.424616E-03,+502.198498E-03
+2.285000E-03,+543.446382E-03,+512.814064E-03,+529.103858E-03
+2.287500E-03,+534.128962E-03,+506.009206E-03,+524.392802E-03
+2.290000E-03,+509.736165E-03,+512.814064E-03,+501.884428E-03
+2.292500E-03,+516.436332E-03,+521.712723E-03,+517.587945E-03
+2.295000E-03,+507.747053E-03,+532.809876E-03,+477.596321E-03
+2.297500E-03,+507.537672E-03,+521.922104E-03,+517.587945E-03
+2.300000E-03,+527.638175E-03,+551.025956E-03,+517.587945E-03
+2.302500E-03,+514.551910E-03,+532.914566E-03,+517.587945E-03
+2.305000E-03,+527.638175E-03,+496.796476E-03,+497.487443E-03
+2.307500E-03,+532.558610E-03,+512.814064E-03,+517.587945E-03
+2.310000E-03,+533.814891E-03,+486.536844E-03,+517.587945E-03
+2.312500E-03,+524.811541E-03,+512.814064E-03,+477.386940E-03
+2.315000E-03,+515.808191E-03,+524.644047E-03,+489.216923E-03
+2.317500E-03,+547.005846E-03,+494.179223E-03,+517.587945E-03
+2.320000E-03,+517.273853E-03,+523.178385E-03,+527.324126E-03
+2.322500E-03,+508.898644E-03,+531.553594E-03,+516.226973E-03
+2.325000E-03,+527.638175E-03,+537.730311E-03,+512.772200E-03
+2.327500E-03,+524.183401E-03,+516.268837E-03,+514.133171E-03
+2.330000E-03,+513.086248E-03,+523.911216E-03,+503.036019E-03
+2.332500E-03,+513.086248E-03,+532.914566E-03,+523.136521E-03
+2.335000E-03,+544.283903E-03,+512.814064E-03,+500.942216E-03
+2.337500E-03,+515.180051E-03,+525.272187E-03,+525.230323E-03
+2.340000E-03,+527.638175E-03,+532.914566E-03,+517.587945E-03
+2.342500E-03,+527.638175E-03,+522.550244E-03,+496.859302E-03
+2.345000E-03,+527.638175E-03,+512.814064E-03,+537.688447E-03
+2.347500E-03,+535.908694E-03,+492.713561E-03,+505.757962E-03
+2.350000E-03,+533.291441E-03,+530.087933E-03,+517.587945E-03
+2.352500E-03,+541.561960E-03,+539.091283E-03,+523.764662E-03
+2.355000E-03,+527.638175E-03,+512.814064E-03,+517.587945E-03
+2.357500E-03,+515.703501E-03,+512.814064E-03,+501.570357E-03
+2.360000E-03,+514.551910E-03,+519.828301E-03,+504.501680E-03
+2.362500E-03,+507.537672E-03,+532.914566E-03,+501.465667E-03
+2.365000E-03,+527.638175E-03,+503.706024E-03,+497.487443E-03
+2.367500E-03,+527.533485E-03,+512.814064E-03,+497.696823E-03
+2.370000E-03,+507.537672E-03,+535.217748E-03,+497.487443E-03
+2.372500E-03,+527.638175E-03,+530.716073E-03,+517.587945E-03
+2.375000E-03,+527.638175E-03,+512.814064E-03,+530.883590E-03
+2.377500E-03,+543.446382E-03,+508.521769E-03,+517.587945E-03
+2.380000E-03,+522.927119E-03,+522.236174E-03,+512.876890E-03
+2.382500E-03,+527.638175E-03,+512.814064E-03,+517.587945E-03
+2.385000E-03,+512.772178E-03,+527.680060E-03,+512.353439E-03
+2.387500E-03,+507.537672E-03,+509.673360E-03,+517.587945E-03
+2.390000E-03,+527.638175E-03,+512.814064E-03,+498.534344E-03
+2.392500E-03,+526.591273E-03,+523.387765E-03,+528.161647E-03
+2.395000E-03,+529.208526E-03,+514.384415E-03,+517.587945E-03
+2.397500E-03,+520.205176E-03,+545.582070E-03,+517.587945E-03
+2.400000E-03,+507.537672E-03,+512.814064E-03,+521.252099E-03
+2.402500E-03,+542.399481E-03,+527.575370E-03,+502.826639E-03
+2.405000E-03,+507.537672E-03,+512.814064E-03,+497.487443E-03
+2.407500E-03,+514.028460E-03,+512.814064E-03,+517.587945E-03
+2.410000E-03,+515.389431E-03,+512.814064E-03,+525.439704E-03
+2.412500E-03,+488.588761E-03,+531.762975E-03,+478.538532E-03
+2.415000E-03,+537.793116E-03,+512.814064E-03,+497.487443E-03
+2.417500E-03,+509.422094E-03,+512.814064E-03,+516.645734E-03
+2.420000E-03,+527.638175E-03,+516.896978E-03,+545.749586E-03
+2.422500E-03,+527.638175E-03,+515.850077E-03,+497.487443E-03
+2.425000E-03,+521.670838E-03,+518.781400E-03,+517.587945E-03
+2.427500E-03,+512.667488E-03,+512.814064E-03,+532.558632E-03
+2.430000E-03,+527.638175E-03,+525.167497E-03,+537.688447E-03
+2.432500E-03,+507.537672E-03,+512.814064E-03,+504.711061E-03
+2.435000E-03,+529.417907E-03,+532.914566E-03,+499.267175E-03
+2.437500E-03,+507.537672E-03,+511.348402E-03,+497.487443E-03
+2.440000E-03,+507.537672E-03,+513.128134E-03,+537.374377E-03
+2.442500E-03,+516.226952E-03,+521.503343E-03,+488.798163E-03
+2.445000E-03,+525.230302E-03,+530.506693E-03,+515.180072E-03
+2.447500E-03,+507.537672E-03,+519.409541E-03,+497.487443E-03
+2.450000E-03,+532.139850E-03,+532.914566E-03,+533.186772E-03
+2.452500E-03,+512.039347E-03,+539.510043E-03,+533.186772E-03
+2.455000E-03,+527.638175E-03,+532.914566E-03,+510.992468E-03
+2.457500E-03,+525.230302E-03,+510.406191E-03,+517.587945E-03
+2.460000E-03,+524.916232E-03,+504.124784E-03,+503.454779E-03
+2.462500E-03,+527.324104E-03,+512.499993E-03,+517.273874E-03
+2.465000E-03,+516.855093E-03,+503.496643E-03,+528.371027E-03
+2.467500E-03,+527.638175E-03,+511.034332E-03,+501.046906E-03
+2.470000E-03,+521.984908E-03,+520.037682E-03,+530.464829E-03
+2.472500E-03,+543.865143E-03,+529.041032E-03,+517.587945E-03
+2.475000E-03,+527.638175E-03,+512.814064E-03,+497.487443E-03
+2.477500E-03,+541.771340E-03,+498.680898E-03,+509.422116E-03
+2.480000E-03,+547.738677E-03,+515.850077E-03,+500.523456E-03
+2.482500E-03,+527.638175E-03,+500.774700E-03,+513.609720E-03
+2.485000E-03,+546.796466E-03,+531.972355E-03,+536.746236E-03
+2.487500E-03,+537.793116E-03,+502.868503E-03,+527.742886E-03
+2.490000E-03,+526.486583E-03,+493.865153E-03,+497.487443E-03
+2.492500E-03,+515.389431E-03,+500.565320E-03,+497.487443E-03
+2.495000E-03,+507.537672E-03,+512.814064E-03,+463.777225E-03
+2.497500E-03,+527.638175E-03,+518.572020E-03,+531.930491E-03
+2.500000E-03,+542.399481E-03,+532.914566E-03,+512.248749E-03
+2.502500E-03,+527.638175E-03,+496.377715E-03,+497.487443E-03
+2.505000E-03,+520.205176E-03,+512.814064E-03,+512.353439E-03
+2.507500E-03,+507.537672E-03,+511.243712E-03,+519.158297E-03
+2.510000E-03,+517.064473E-03,+511.767162E-03,+537.688447E-03
+2.512500E-03,+527.638175E-03,+532.391115E-03,+498.010893E-03
+2.515000E-03,+527.638175E-03,+504.334164E-03,+509.108045E-03
+2.517500E-03,+507.537672E-03,+510.196811E-03,+520.205198E-03
+2.520000E-03,+513.923769E-03,+520.142372E-03,+524.916253E-03
+2.522500E-03,+527.638175E-03,+517.525119E-03,+517.587945E-03
+2.525000E-03,+527.638175E-03,+512.814064E-03,+506.072032E-03
+2.527500E-03,+527.638175E-03,+532.914566E-03,+530.883590E-03
