x-axis,1,2,3,4
second,Volt,Volt,Volt,Volt
-2.200000E-03,-44.095427E-03,+18.216074E-03,-5.276397E-03,+5.025201E-03
-2.197500E-03,-63.567788E-03,-1.256288E-03,-24.748758E-03,-55.904447E-03
-2.195000E-03,+19.765544E-03,+18.216074E-03,-85.678406E-03,-11.515838E-03
-2.192500E-03,-16.247856E-03,+18.216074E-03,+19.430471E-03,-47.529238E-03
-2.190000E-03,+28.140753E-03,+10.050244E-03,-5.276397E-03,-75.376809E-03
-2.187500E-03,+83.802E-06,+18.216074E-03,-49.455626E-03,+5.025201E-03
-2.185000E-03,+35.887822E-03,-61.976555E-03,+74.916232E-03,-75.167428E-03
-2.182500E-03,+45.100552E-03,+27.010043E-03,+30.527623E-03,+5.025201E-03
-2.180000E-03,+19.137403E-03,+18.216074E-03,+3.308193E-03,+5.025201E-03
-2.177500E-03,+36.306582E-03,+18.216074E-03,+22.152414E-03,-22.403610E-03
-2.175000E-03,+19.346784E-03,-45.226137E-03,-5.276397E-03,+5.025201E-03
-2.172500E-03,-63.149028E-03,-62.185936E-03,-5.276397E-03,+5.025201E-03
-2.170000E-03,-44.095427E-03,-91.917929E-03,-5.276397E-03,-24.706792E-03
-2.167500E-03,-33.417035E-03,-62.185936E-03,+5.401995E-03,-64.698417E-03
-2.165000E-03,-90.787219E-03,+5.234499E-03,-5.276397E-03,+5.025201E-03
-2.162500E-03,-44.095427E-03,+18.216074E-03,-7.579579E-03,+2.722018E-03
-2.160000E-03,+78.392009E-03,-20.100509E-03,-5.276397E-03,+5.025201E-03
-2.157500E-03,+30.234556E-03,+12.144047E-03,-5.276397E-03,-69.304782E-03
-2.155000E-03,+6.365209E-03,-62.185936E-03,+45.184239E-03,-45.435435E-03
-2.152500E-03,+36.306582E-03,+3.768837E-03,+75.125612E-03,+5.025201E-03
-2.150000E-03,+73.576264E-03,-62.185936E-03,-5.276397E-03,-53.810645E-03
-2.147500E-03,+71.063701E-03,-62.185936E-03,-5.276397E-03,+39.782319E-03
-2.145000E-03,-44.095427E-03,-8.165836E-03,-72.487451E-03,-75.376809E-03
-2.142500E-03,-44.095427E-03,-12.981581E-03,-36.474051E-03,-26.172454E-03
-2.140000E-03,-39.279681E-03,+18.216074E-03,-5.276397E-03,-70.561063E-03
-2.137500E-03,-83.668291E-03,-62.185936E-03,+35.552748E-03,-34.547663E-03
-2.135000E-03,+29.187654E-03,-62.185936E-03,-1.716933E-03,+5.025201E-03
-2.132500E-03,-76.549363E-03,-29.732000E-03,+27.177539E-03,-27.428735E-03
-2.130000E-03,+24.371909E-03,-50.251262E-03,-17.211070E-03,+5.025201E-03
-2.127500E-03,+92.629865E-03,-5.862653E-03,-29.355124E-03,-27.219355E-03
-2.125000E-03,-23.785544E-03,-62.185936E-03,+54.815730E-03,-55.066926E-03
-2.122500E-03,+20.603065E-03,-30.778901E-03,+10.427121E-03,+5.025201E-03
-2.120000E-03,-44.095427E-03,+69.932991E-03,-33.961489E-03,+5.025201E-03
-2.117500E-03,-36.767119E-03,+83.961466E-03,-78.350098E-03,+12.353509E-03
-2.115000E-03,-7.035126E-03,-62.185936E-03,-5.276397E-03,+48.366909E-03
-2.112500E-03,+35.259681E-03,-62.185936E-03,+74.078711E-03,-75.376809E-03
-2.110000E-03,+36.306582E-03,-62.185936E-03,+29.690102E-03,-29.941298E-03
-2.107500E-03,-34.673316E-03,-62.185936E-03,+75.125612E-03,+5.025201E-03
-2.105000E-03,+9.715293E-03,+18.216074E-03,-5.276397E-03,+85.427210E-03
-2.102500E-03,-44.095427E-03,+63.023443E-03,-5.276397E-03,+5.025201E-03
-2.100000E-03,-44.095427E-03,+18.216074E-03,+12.939683E-03,+5.025201E-03
-2.097500E-03,+36.306582E-03,-62.185936E-03,+48.953083E-03,-49.204280E-03
-2.095000E-03,+36.306582E-03,+18.216074E-03,-5.276397E-03,+5.025201E-03
-2.092500E-03,-44.095427E-03,+18.216074E-03,-51.130668E-03,+5.025201E-03
-2.090000E-03,-123.031774E-03,-62.185936E-03,-82.747083E-03,+2.093877E-03
-2.087500E-03,-1.172479E-03,+18.216074E-03,-48.199344E-03,+10.469087E-03
-2.085000E-03,+29.397035E-03,+11.306526E-03,-12.185945E-03,-61.557713E-03
-2.082500E-03,-14.991575E-03,-62.185936E-03,+46.021760E-03,+5.025201E-03
-2.080000E-03,-28.810670E-03,+18.216074E-03,+59.840855E-03,+54.857696E-03
-2.077500E-03,-44.095427E-03,-41.457293E-03,+75.125612E-03,+5.025201E-03
-2.075000E-03,-100.837470E-03,-62.185936E-03,+51.465646E-03,-18.634766E-03
-2.072500E-03,-31.741993E-03,-49.832502E-03,+7.077037E-03,-63.023375E-03
-2.070000E-03,-44.095427E-03,-62.185936E-03,-21.608055E-03,-43.341633E-03
-2.067500E-03,-40.117202E-03,-58.207711E-03,+67.169163E-03,-71.398584E-03
-2.065000E-03,-43.676666E-03,-21.775551E-03,-5.276397E-03,-34.966424E-03
-2.062500E-03,-115.703466E-03,-138.190960E-03,+70.728627E-03,+5.025201E-03
-2.060000E-03,+4.690167E-03,-62.185936E-03,-5.276397E-03,+53.810795E-03
-2.057500E-03,-31.323233E-03,-62.185936E-03,+62.353418E-03,-62.604614E-03
-2.055000E-03,-44.095427E-03,-62.185936E-03,-28.517603E-03,-52.135603E-03
-2.052500E-03,-103.350033E-03,-62.185936E-03,-64.531003E-03,+5.025201E-03
-2.050000E-03,-29.229430E-03,-47.319939E-03,-20.142393E-03,+5.025201E-03
-2.047500E-03,+6.783970E-03,-11.306539E-03,+45.603000E-03,+5.025201E-03
-2.045000E-03,+36.306582E-03,-55.695148E-03,-5.276397E-03,+5.025201E-03
-2.042500E-03,-44.095427E-03,-19.681749E-03,-5.276397E-03,+5.025201E-03
-2.040000E-03,-44.095427E-03,-60.301514E-03,-83.793984E-03,+3.140778E-03
-2.037500E-03,-78.224405E-03,-62.185936E-03,+6.867657E-03,+5.025201E-03
-2.035000E-03,+26.046951E-03,+18.216074E-03,-15.536028E-03,-75.376809E-03
-2.032500E-03,+36.306582E-03,+18.216074E-03,-5.276397E-03,-49.623040E-03
-2.030000E-03,+17.671742E-03,-43.551095E-03,+56.490772E-03,+5.025201E-03
-2.027500E-03,-26.716868E-03,-62.185936E-03,-5.276397E-03,-12.353359E-03
-2.025000E-03,-44.095427E-03,-62.185936E-03,-5.276397E-03,+58.417160E-03
-2.022500E-03,-35.092077E-03,+9.212724E-03,+66.122262E-03,-66.373459E-03
-2.020000E-03,+921.323E-06,-17.169186E-03,-14.907888E-03,-30.360059E-03
-2.017500E-03,-44.095427E-03,+18.216074E-03,+74.497472E-03,-74.748668E-03
-2.015000E-03,-44.095427E-03,+18.216074E-03,-5.276397E-03,+5.025201E-03
-2.012500E-03,-44.095427E-03,-54.438867E-03,-77.931337E-03,+5.025201E-03
-2.010000E-03,+8.040251E-03,-10.050258E-03,-5.276397E-03,-47.110477E-03
-2.007500E-03,+20.184305E-03,-46.063658E-03,-21.398675E-03,+5.025201E-03
-2.005000E-03,+16.415460E-03,-82.077058E-03,+75.125612E-03,+5.025201E-03
-2.002500E-03,-19.597940E-03,-62.185936E-03,-5.276397E-03,+5.025201E-03
-2.000000E-03,-32.579514E-03,-50.670023E-03,+52.093787E-03,-63.860896E-03
-1.997500E-03,+3.433886E-03,-62.185936E-03,-38.149093E-03,+37.897897E-03
-1.995000E-03,-40.954723E-03,-59.045232E-03,-2.135693E-03,+5.025201E-03
-1.992500E-03,-44.095427E-03,-23.031832E-03,+35.971509E-03,+5.025201E-03
-1.990000E-03,+31.072077E-03,-62.185936E-03,-5.276397E-03,-70.142303E-03
-1.987500E-03,+5.527688E-03,-62.185936E-03,-5.276397E-03,-44.597914E-03
-1.985000E-03,-30.485712E-03,+4.606358E-03,-5.276397E-03,+5.025201E-03
-1.982500E-03,-66.499112E-03,-4.187611E-03,-5.276397E-03,+5.025201E-03
-1.980000E-03,+36.306582E-03,-62.185936E-03,-5.276397E-03,-16.959724E-03
-1.977500E-03,-44.095427E-03,+18.216074E-03,-5.276397E-03,-113.693391E-03
-1.975000E-03,-13.735293E-03,-12.144060E-03,+44.765479E-03,-75.376809E-03
-1.972500E-03,-44.095427E-03,+18.216074E-03,-74.371873E-03,+5.025201E-03
-1.970000E-03,-44.095427E-03,-62.185936E-03,-46.943063E-03,+46.691867E-03
-1.967500E-03,+36.306582E-03,+18.216074E-03,-7.998340E-03,+5.025201E-03
-1.965000E-03,+3.015125E-03,-62.185936E-03,+28.015060E-03,-42.085352E-03
-1.962500E-03,-44.095427E-03,-51.088783E-03,-74.581254E-03,+5.025201E-03
-1.960000E-03,-44.095427E-03,-37.269688E-03,-5.276397E-03,+5.025201E-03
-1.957500E-03,-24.623065E-03,-42.713574E-03,-5.276397E-03,+5.025201E-03
-1.955000E-03,-44.095427E-03,-62.185936E-03,-5.276397E-03,+85.427210E-03
-1.952500E-03,-16.247856E-03,-86.892803E-03,-29.983264E-03,+5.025201E-03
-1.950000E-03,+36.306582E-03,+10.050244E-03,-5.276397E-03,-59.045151E-03
-1.947500E-03,+83.802E-06,+10.259625E-03,+30.946383E-03,+5.025201E-03
-1.945000E-03,+36.306582E-03,-62.185936E-03,-5.276397E-03,+4.815820E-03
-1.942500E-03,-8.291407E-03,-26.381916E-03,+39.321593E-03,-39.572789E-03
-1.940000E-03,+36.306582E-03,+18.216074E-03,-5.276397E-03,-3.559389E-03
-1.937500E-03,+36.306582E-03,-34.757125E-03,-58.249596E-03,-47.947998E-03
-1.935000E-03,+19.346784E-03,-45.226137E-03,+58.165814E-03,+5.025201E-03
-1.932500E-03,+17.252981E-03,-62.185936E-03,-5.276397E-03,+47.320007E-03
-1.930000E-03,-44.095427E-03,-62.185936E-03,+20.058611E-03,-50.041801E-03
-1.927500E-03,-44.095427E-03,+18.216074E-03,-5.276397E-03,-64.698417E-03
-1.925000E-03,-10.385209E-03,-28.475718E-03,+41.415395E-03,+5.025201E-03
-1.922500E-03,-41.792244E-03,+18.216074E-03,-5.276397E-03,+5.025201E-03
-1.920000E-03,-44.095427E-03,+60.301500E-03,-47.361824E-03,+5.025201E-03
-1.917500E-03,-44.095427E-03,-56.113909E-03,-5.276397E-03,-69.304782E-03
-1.915000E-03,-94.556063E-03,-82.705198E-03,-35.217770E-03,-75.376809E-03
-1.912500E-03,-95.602964E-03,-62.185936E-03,-71.231170E-03,+5.025201E-03
-1.910000E-03,-102.931272E-03,+18.216074E-03,+53.559448E-03,+26.591364E-03
-1.907500E-03,-44.095427E-03,-39.363490E-03,-85.678406E-03,+27.847646E-03
-1.905000E-03,+36.306582E-03,+5.025119E-03,-5.276397E-03,-8.165754E-03
-1.902500E-03,+5.108928E-03,+18.216074E-03,-36.474051E-03,+54.229555E-03
-1.900000E-03,-44.095427E-03,-132.956454E-03,-80.862661E-03,+5.025201E-03
-1.897500E-03,+36.306582E-03,+18.216074E-03,+34.296467E-03,+44.598064E-03
-1.895000E-03,+32.747118E-03,+14.656610E-03,-5.276397E-03,+1.465737E-03
-1.892500E-03,-44.095427E-03,-62.185936E-03,+42.671676E-03,+5.025201E-03
-1.890000E-03,+24.371909E-03,-50.251262E-03,-73.743733E-03,-63.442135E-03
-1.887500E-03,-100.418709E-03,+42.294800E-03,-61.599679E-03,+5.025201E-03
-1.885000E-03,+76.088827E-03,-2.093809E-03,+15.033486E-03,-55.066926E-03
-1.882500E-03,-44.095427E-03,-46.482418E-03,-5.276397E-03,+20.728718E-03
-1.880000E-03,-44.095427E-03,-33.500844E-03,-5.276397E-03,+5.025201E-03
-1.877500E-03,-44.095427E-03,-62.185936E-03,-5.276397E-03,-75.376809E-03
-1.875000E-03,-753.719E-06,-62.185936E-03,-48.618105E-03,-32.035101E-03
-1.872500E-03,-43.048526E-03,-62.185936E-03,-84.631505E-03,+84.380309E-03
-1.870000E-03,+1.340084E-03,+18.216074E-03,-5.276397E-03,-29.941298E-03
-1.867500E-03,+26.884472E-03,-71.608046E-03,-14.698507E-03,+5.025201E-03
-1.865000E-03,-44.095427E-03,-62.185936E-03,+102.345042E-03,-22.194230E-03
-1.862500E-03,+36.306582E-03,+418.754E-06,-5.276397E-03,-75.376809E-03
-1.860000E-03,-44.095427E-03,-7E-09,+12.939683E-03,-57.160728E-03
-1.857500E-03,+36.306582E-03,-62.185936E-03,-33.333348E-03,-21.147328E-03
-1.855000E-03,+26.465711E-03,-52.345065E-03,+65.284741E-03,+5.025201E-03
-1.852500E-03,+36.306582E-03,+18.216074E-03,-5.276397E-03,-29.522538E-03
-1.850000E-03,-44.095427E-03,+18.216074E-03,-5.276397E-03,+2.093877E-03
-1.847500E-03,-1.172479E-03,-19.262988E-03,-10.720283E-03,+47.948148E-03
-1.845000E-03,+29.397035E-03,+11.306526E-03,-5.276397E-03,-75.376809E-03
-1.842500E-03,+7.202730E-03,+69.514230E-03,-56.574554E-03,+5.025201E-03
-1.840000E-03,-93.927922E-03,-62.185936E-03,-70.393649E-03,+5.025201E-03
-1.837500E-03,+15.577939E-03,-2.512569E-03,-5.276397E-03,-15.703442E-03
-1.835000E-03,+12.646616E-03,+18.216074E-03,-28.936363E-03,-51.716842E-03
-1.832500E-03,-753.719E-06,+5.862640E-03,-5.276397E-03,+5.025201E-03
-1.830000E-03,-44.095427E-03,-45.854278E-03,+75.125612E-03,+5.025201E-03
-1.827500E-03,-44.095427E-03,-62.185936E-03,+75.125612E-03,+5.025201E-03
-1.825000E-03,-43.676666E-03,-21.775551E-03,+34.715228E-03,-75.376809E-03
-1.822500E-03,+31.909598E-03,-57.788951E-03,+75.125612E-03,+5.025201E-03
-1.820000E-03,+4.690167E-03,-62.185936E-03,-36.892812E-03,+5.025201E-03
-1.817500E-03,-98.953048E-03,-49.413742E-03,-140.536027E-03,+72.655016E-03
-1.815000E-03,+36.306582E-03,-5.025132E-03,-5.276397E-03,-52.135603E-03
-1.812500E-03,-22.948023E-03,-62.185936E-03,-5.276397E-03,+5.025201E-03
-1.810000E-03,-44.095427E-03,-62.185936E-03,-55.946413E-03,+70.561213E-03
-1.807500E-03,-22.738643E-03,+18.216074E-03,-34.799010E-03,+5.025201E-03
-1.805000E-03,+29.815795E-03,+18.216074E-03,-5.276397E-03,-75.376809E-03
-1.802500E-03,-1.591240E-03,-24.288114E-03,-5.276397E-03,+5.025201E-03
-1.800000E-03,+36.306582E-03,-60.301514E-03,-85.678406E-03,+83.542788E-03
-1.797500E-03,-124.497436E-03,-62.185936E-03,+28.852581E-03,+5.025201E-03
-1.795000E-03,-114.237805E-03,-62.185936E-03,+75.125612E-03,-75.376809E-03
-1.792500E-03,-69.849195E-03,-36.432167E-03,-85.678406E-03,-75.376809E-03
-1.790000E-03,-62.730267E-03,-43.551095E-03,-67.043565E-03,+5.025201E-03
-1.787500E-03,-44.095427E-03,-62.185936E-03,+57.747053E-03,-12.353359E-03
-1.785000E-03,+36.306582E-03,-8.793976E-03,-58.668356E-03,-48.366759E-03
-1.782500E-03,+18.299882E-03,-62.185936E-03,-5.276397E-03,-3.978149E-03
-1.780000E-03,-8.710168E-03,-26.800676E-03,+39.740353E-03,+40.410460E-03
-1.777500E-03,+36.306582E-03,+18.216074E-03,-5.904538E-03,-74.120527E-03
-1.775000E-03,-44.095427E-03,+18.216074E-03,-41.917938E-03,-38.735268E-03
-1.772500E-03,+36.306582E-03,+83.123946E-03,-5.276397E-03,+5.025201E-03
-1.770000E-03,+8.040251E-03,-10.050258E-03,-61.809060E-03,-47.110477E-03
-1.767500E-03,-44.095427E-03,+2.093796E-03,-5.276397E-03,+21.147478E-03
-1.765000E-03,-24.204305E-03,+78.726961E-03,+55.234490E-03,-75.376809E-03
-1.762500E-03,-44.095427E-03,+18.216074E-03,-85.678406E-03,-75.376809E-03
-1.760000E-03,-112.981523E-03,+6.700161E-03,-5.276397E-03,+16.541113E-03
-1.757500E-03,-44.095427E-03,-29.313239E-03,+42.252916E-03,+5.025201E-03
-1.755000E-03,+33.165879E-03,+15.075370E-03,-5.276397E-03,+5.025201E-03
-1.752500E-03,-4.941323E-03,+18.216074E-03,+35.971509E-03,-77.470611E-03
-1.750000E-03,-38.860921E-03,+12.981568E-03,-80.443900E-03,+5.025201E-03
-1.747500E-03,-93.718542E-03,+18.216074E-03,-36.055291E-03,+5.025201E-03
-1.745000E-03,-30.485712E-03,-62.185936E-03,-5.276397E-03,+71.817495E-03
-1.742500E-03,+36.306582E-03,+18.216074E-03,-5.276397E-03,+5.025201E-03
-1.740000E-03,-66.080351E-03,-40.201011E-03,-27.261321E-03,-53.391884E-03
-1.737500E-03,+22.278107E-03,+4.187598E-03,+8.752079E-03,+5.025201E-03
-1.735000E-03,-13.735293E-03,-62.185936E-03,+105.485746E-03,+5.025201E-03
-1.732500E-03,-44.095427E-03,-56.532669E-03,+376.869E-06,-75.376809E-03
-1.730000E-03,-2.428761E-03,-103.852602E-03,-44.011740E-03,+5.025201E-03
-1.727500E-03,+33.584639E-03,-59.463993E-03,-5.276397E-03,+5.025201E-03
-1.725000E-03,-10.803970E-03,-28.894479E-03,+75.125612E-03,-61.557713E-03
-1.722500E-03,+14.112278E-03,+18.216074E-03,-5.276397E-03,-6.071952E-03
-1.720000E-03,-44.095427E-03,-6.700174E-03,-60.762158E-03,+29.941448E-03
-1.717500E-03,-63.567788E-03,-1.256288E-03,-5.276397E-03,+5.025201E-03
-1.715000E-03,-27.554388E-03,+1.675035E-03,-69.137368E-03,+21.566239E-03
-1.712500E-03,+8.459012E-03,-9.631497E-03,+47.278041E-03,-75.376809E-03
-1.710000E-03,-44.095427E-03,+26.381903E-03,+131.030134E-03,+5.025201E-03
-1.707500E-03,+36.306582E-03,-18.006707E-03,-41.499177E-03,-31.197580E-03
-1.705000E-03,-44.304807E-03,+18.216074E-03,+74.706852E-03,-75.376809E-03
-1.702500E-03,+36.306582E-03,-62.185936E-03,-5.276397E-03,-39.572789E-03
-1.700000E-03,-52.680016E-03,+18.216074E-03,+75.125612E-03,-66.792219E-03
-1.697500E-03,-71.524237E-03,-62.185936E-03,+20.267991E-03,+32.454011E-03
-1.695000E-03,-107.537637E-03,+1.256275E-03,-5.276397E-03,-11.934598E-03
-1.692500E-03,-1.800620E-03,-104.480743E-03,-5.276397E-03,+5.025201E-03
-1.690000E-03,+10.971574E-03,+18.216074E-03,-30.611405E-03,+5.025201E-03
-1.687500E-03,-44.095427E-03,-51.507544E-03,-5.276397E-03,-64.698417E-03
-1.685000E-03,-44.095427E-03,-15.494144E-03,+75.125612E-03,-41.666591E-03
-1.682500E-03,-41.792244E-03,-59.882753E-03,+72.822430E-03,+5.025201E-03
-1.680000E-03,+40.075427E-03,-23.869353E-03,-5.276397E-03,+5.025201E-03
-1.677500E-03,+36.306582E-03,+18.216074E-03,-5.276397E-03,+5.025201E-03
-1.675000E-03,-44.095427E-03,+48.157447E-03,-35.217770E-03,+5.025201E-03
-1.672500E-03,+21.859346E-03,-142.587945E-03,-5.276397E-03,-60.929573E-03
-1.670000E-03,-44.095427E-03,-40.619772E-03,+133.961458E-03,-16.540963E-03
-1.667500E-03,-101.674991E-03,+18.216074E-03,+17.546048E-03,-52.554363E-03
-1.665000E-03,+36.306582E-03,+5.025119E-03,+7.914558E-03,+5.025201E-03
-1.662500E-03,-44.095427E-03,-12.981581E-03,-5.276397E-03,+54.229555E-03
-1.660000E-03,+31.490837E-03,-67.001681E-03,-460.652E-06,+5.025201E-03
-1.657500E-03,-4.522563E-03,-22.613072E-03,+75.125612E-03,-34.547663E-03
-1.655000E-03,+113.149128E-03,-62.185936E-03,+71.566148E-03,-68.257881E-03
-1.652500E-03,-44.095427E-03,+18.216074E-03,-5.276397E-03,+20.519338E-03
-1.650000E-03,+36.306582E-03,+6.281400E-03,-73.743733E-03,+73.492537E-03
-1.647500E-03,+36.306582E-03,-14.028482E-03,-5.276397E-03,-51.298082E-03
-1.645000E-03,-23.785544E-03,+18.216074E-03,-5.276397E-03,+5.025201E-03
-1.642500E-03,-44.095427E-03,+2.512556E-03,+43.718577E-03,+20.728718E-03
-1.640000E-03,-15.410335E-03,-10.469018E-03,+23.408695E-03,+5.025201E-03
-1.637500E-03,-36.767119E-03,+18.216074E-03,-12.604705E-03,-60.720192E-03
-1.635000E-03,-81.155728E-03,-25.125635E-03,-48.618105E-03,-38.316508E-03
-1.632500E-03,-44.095427E-03,-61.139035E-03,-4.229496E-03,+84.380309E-03
-1.630000E-03,-44.095427E-03,-27.219437E-03,-5.276397E-03,-75.376809E-03
-1.627500E-03,-34.673316E-03,-62.185936E-03,+4.145714E-03,+5.025201E-03
-1.625000E-03,-17.504137E-03,-35.594646E-03,+21.314893E-03,-21.566089E-03
-1.622500E-03,-124.497436E-03,+418.754E-06,-67.881086E-03,+5.025201E-03
-1.620000E-03,-44.095427E-03,-43.969855E-03,-5.276397E-03,-75.376809E-03
-1.617500E-03,+10.134053E-03,-62.185936E-03,-5.276397E-03,+59.254681E-03
-1.615000E-03,-34.254556E-03,-122.906203E-03,-5.276397E-03,+5.025201E-03
-1.612500E-03,-78.643165E-03,-62.185936E-03,+40.577874E-03,+16.331733E-03
-1.610000E-03,-42.629765E-03,+18.216074E-03,-5.276397E-03,+5.025201E-03
-1.607500E-03,-44.095427E-03,-19.262988E-03,-5.276397E-03,+5.025201E-03
-1.605000E-03,+29.397035E-03,+18.216074E-03,-5.276397E-03,+11.934748E-03
-1.602500E-03,-14.991574E-03,-33.082083E-03,-27.470701E-03,-53.182504E-03
-1.600000E-03,+36.306582E-03,-46.901179E-03,-20.561154E-03,+5.025201E-03
-1.597500E-03,-83.040150E-03,-41.457293E-03,-5.276397E-03,+25.753844E-03
-1.595000E-03,-20.435461E-03,-38.525969E-03,-5.276397E-03,-75.376809E-03
-1.592500E-03,+23.953149E-03,-62.185936E-03,-5.276397E-03,+73.073776E-03
-1.590000E-03,-12.060251E-03,+18.216074E-03,-5.276397E-03,+5.025201E-03
-1.587500E-03,+32.328358E-03,+18.216074E-03,+147.571173E-03,+5.025201E-03
-1.585000E-03,-44.095427E-03,-62.185936E-03,-5.276397E-03,+5.025201E-03
-1.582500E-03,+36.306582E-03,+13.819089E-03,+70.728627E-03,-75.376809E-03
-1.580000E-03,-124.497436E-03,-13.400342E-03,+43.509197E-03,+5.025201E-03
-1.577500E-03,+36.306582E-03,-49.413742E-03,-60.134018E-03,-7.746994E-03
-1.575000E-03,+13.065377E-03,+18.216074E-03,+17.964809E-03,-18.216005E-03
-1.572500E-03,-65.242830E-03,+18.216074E-03,+75.125612E-03,-75.376809E-03
-1.570000E-03,-29.229430E-03,+3.350077E-03,-5.276397E-03,+19.891197E-03
-1.567500E-03,+36.306582E-03,-11.306539E-03,-5.276397E-03,+5.025201E-03
-1.565000E-03,+36.306582E-03,-55.695148E-03,+142.546047E-03,+5.025201E-03
-1.562500E-03,-44.095427E-03,+18.216074E-03,-5.276397E-03,+47.529388E-03
-1.560000E-03,-44.095427E-03,+96.733661E-03,-5.276397E-03,+6.909623E-03
-1.557500E-03,-56.239480E-03,-15.912904E-03,-5.276397E-03,+5.025201E-03
-1.555000E-03,-114.237805E-03,+7.956442E-03,-75.418775E-03,-5.234431E-03
-1.552500E-03,-69.849195E-03,-62.185936E-03,-31.030165E-03,+5.025201E-03
-1.550000E-03,+79.438910E-03,-43.551095E-03,-5.276397E-03,-56.741968E-03
-1.547500E-03,-44.095427E-03,-62.185936E-03,-68.299847E-03,+5.025201E-03
-1.545000E-03,-17.085377E-03,-62.185936E-03,-31.658306E-03,+58.417160E-03
-1.542500E-03,-106.490736E-03,-62.185936E-03,-139.070365E-03,+5.025201E-03
-1.540000E-03,+36.306582E-03,-62.185936E-03,-50.293147E-03,+5.025201E-03
-1.537500E-03,+35.050301E-03,+17.587933E-03,-5.276397E-03,-74.748668E-03
-1.535000E-03,-51.214355E-03,-18.425467E-03,-5.276397E-03,+41.666741E-03
-1.532500E-03,-44.095427E-03,+10.469005E-03,+2.470672E-03,+5.025201E-03
-1.530000E-03,+8.040251E-03,-10.050258E-03,+46.859281E-03,+5.025201E-03
-1.527500E-03,+20.184305E-03,-62.185936E-03,-5.276397E-03,+5.025201E-03
-1.525000E-03,-24.204305E-03,-42.294814E-03,-65.787284E-03,+5.025201E-03
-1.522500E-03,-44.095427E-03,-37.688449E-03,-5.276397E-03,-19.472287E-03
-1.520000E-03,-112.981523E-03,-50.670023E-03,-5.276397E-03,-75.376809E-03
-1.517500E-03,-44.095427E-03,+18.216074E-03,-5.276397E-03,+5.025201E-03
-1.515000E-03,+36.306582E-03,+18.216074E-03,+71.984909E-03,+5.025201E-03
-1.512500E-03,-4.941323E-03,-62.185936E-03,-3.182595E-03,+5.025201E-03
-1.510000E-03,-44.095427E-03,-56.951430E-03,-80.443900E-03,+5.025201E-03
-1.507500E-03,+36.306582E-03,-31.407042E-03,+25.502497E-03,+23.869421E-03
-1.505000E-03,+36.306582E-03,-48.576221E-03,-5.276397E-03,+5.025201E-03
-1.502500E-03,+13.902898E-03,-4.187611E-03,-27.680082E-03,-52.973124E-03
-1.500000E-03,-102.512512E-03,-84.170860E-03,+53.140688E-03,-16.959724E-03
-1.497500E-03,+8.249631E-03,+84.589607E-03,-71.649930E-03,+5.025201E-03
-1.495000E-03,+5.946449E-03,-62.185936E-03,-5.276397E-03,-45.016675E-03
-1.492500E-03,-44.095427E-03,-56.532669E-03,-85.678406E-03,-69.723542E-03
-1.490000E-03,-44.095427E-03,-23.450593E-03,-46.943063E-03,+5.025201E-03
-1.487500E-03,+36.306582E-03,+15.494131E-03,+72.403669E-03,-72.654866E-03
-1.485000E-03,+3.015125E-03,-15.075383E-03,+8.542698E-03,+5.025201E-03
-1.482500E-03,-102.303131E-03,+18.216074E-03,+52.931308E-03,-64.279656E-03
-1.480000E-03,-69.011674E-03,-6.700174E-03,+19.639851E-03,+5.025201E-03
-1.477500E-03,-44.095427E-03,+18.216074E-03,-24.748758E-03,+5.025201E-03
-1.475000E-03,+36.306582E-03,+34.757112E-03,-21.817435E-03,+5.025201E-03
-1.472500E-03,+8.459012E-03,-34.338365E-03,-33.123968E-03,+5.025201E-03
-1.470000E-03,+28.140753E-03,+18.216074E-03,-13.442226E-03,+5.025201E-03
-1.467500E-03,-44.095427E-03,-62.185936E-03,-5.276397E-03,+5.025201E-03
-1.465000E-03,-124.288056E-03,+18.006693E-03,-85.259646E-03,+5.025201E-03
-1.462500E-03,-79.899447E-03,-26.381916E-03,+3.517573E-03,-75.376809E-03
-1.460000E-03,+36.306582E-03,-53.601346E-03,-5.276397E-03,+76.842620E-03
-1.457500E-03,-16.666616E-03,-34.757125E-03,-5.276397E-03,-75.376809E-03
-1.455000E-03,-27.135628E-03,+18.216074E-03,-68.718607E-03,+5.025201E-03
-1.452500E-03,-63.149028E-03,-837.528E-06,-24.329998E-03,+5.025201E-03
-1.450000E-03,-154.229429E-03,-36.850928E-03,-5.276397E-03,-20.309808E-03
-1.447500E-03,-33.417035E-03,-62.185936E-03,+64.447220E-03,-64.698417E-03
-1.445000E-03,+70.016800E-03,-28.475718E-03,-38.986614E-03,+5.025201E-03
-1.442500E-03,-41.792244E-03,+94.011718E-03,+75.125612E-03,+418.835E-06
-1.440000E-03,-2.010000E-03,-20.100509E-03,-47.361824E-03,+5.025201E-03
-1.437500E-03,+36.306582E-03,+12.144047E-03,-5.276397E-03,+5.025201E-03
-1.435000E-03,+6.365209E-03,+18.216074E-03,+45.184239E-03,+5.025201E-03
-1.432500E-03,+21.859346E-03,+3.768838E-03,-5.276397E-03,-60.929573E-03
-1.430000E-03,-102.931272E-03,-62.185936E-03,+16.289767E-03,-75.376809E-03
-1.427500E-03,-44.095427E-03,-62.185936E-03,-5.276397E-03,-52.554363E-03
-1.425000E-03,-30.904472E-03,+18.216074E-03,-72.487451E-03,+5.025201E-03
-1.422500E-03,-44.095427E-03,+18.216074E-03,-23.283097E-03,-26.172454E-03
-1.420000E-03,+31.490837E-03,-137.772199E-03,-5.276397E-03,-70.561063E-03
-1.417500E-03,-44.095427E-03,-22.613072E-03,-44.849261E-03,-35.803945E-03
-1.415000E-03,-44.095427E-03,-62.185936E-03,-5.276397E-03,+5.025201E-03
-1.412500E-03,+3.852646E-03,+18.216074E-03,-5.276397E-03,+5.025201E-03
-1.410000E-03,-44.095427E-03,+6.281400E-03,-5.276397E-03,+5.025201E-03
-1.407500E-03,-44.095427E-03,-38.107209E-03,-5.276397E-03,+5.025201E-03
-1.405000E-03,-104.187553E-03,+18.216074E-03,+15.033486E-03,+5.025201E-03
-1.402500E-03,-59.798944E-03,+2.512556E-03,-20.979914E-03,+5.025201E-03
-1.400000E-03,+36.306582E-03,+18.216074E-03,-5.276397E-03,+5.025201E-03
-1.397500E-03,-36.767119E-03,-54.857628E-03,-5.276397E-03,-68.048500E-03
-1.395000E-03,-44.095427E-03,+24.497481E-03,-5.276397E-03,+5.025201E-03
-1.392500E-03,-45.142328E-03,-62.185936E-03,-4.229496E-03,+5.025201E-03
-1.390000E-03,-54.564438E-03,-27.219437E-03,-50.711907E-03,-75.376809E-03
-1.387500E-03,+36.306582E-03,+8.793963E-03,-5.276397E-03,+76.005099E-03
-1.385000E-03,-17.504137E-03,-62.185936E-03,-5.276397E-03,-48.785519E-03
-1.382500E-03,-106.700116E-03,-124.790625E-03,-85.678406E-03,+5.025201E-03
-1.380000E-03,+80.276431E-03,+18.216074E-03,-67.462326E-03,+5.025201E-03
-1.377500E-03,+90.536063E-03,-36.013407E-03,+20.896132E-03,-21.147328E-03
-1.375000E-03,-53.936298E-03,+8.375203E-03,-15.117268E-03,-4.815670E-03
-1.372500E-03,+1.758844E-03,-27.638197E-03,-39.824135E-03,-40.829070E-03
-1.370000E-03,+36.306582E-03,+16.750412E-03,-5.276397E-03,-75.376809E-03
-1.367500E-03,-38.651541E-03,+18.216074E-03,-5.276397E-03,-75.376809E-03
-1.365000E-03,+36.306582E-03,+11.306526E-03,+75.125612E-03,-68.467261E-03
-1.362500E-03,+36.306582E-03,-10.887779E-03,+46.021760E-03,-17.169104E-03
-1.360000E-03,-44.095427E-03,-62.185936E-03,+59.840855E-03,-10.259556E-03
-1.357500E-03,-23.366784E-03,-41.457293E-03,+15.452246E-03,+5.025201E-03
-1.355000E-03,+36.306582E-03,-62.185936E-03,-5.276397E-03,+5.025201E-03
-1.352500E-03,-112.144002E-03,+5.862640E-03,-73.324972E-03,-63.023375E-03
-1.350000E-03,-44.095427E-03,+18.216074E-03,-5.276397E-03,-123.743642E-03
-1.347500E-03,+32.328358E-03,-58.207711E-03,-81.700182E-03,+5.025201E-03
-1.345000E-03,-44.095427E-03,-102.596320E-03,-5.276397E-03,+85.427210E-03
-1.342500E-03,-44.095427E-03,-57.788951E-03,-879.412E-06,+5.025201E-03
-1.340000E-03,-92.881021E-03,-30.569521E-03,-5.276397E-03,+5.025201E-03
-1.337500E-03,-44.095427E-03,-49.413742E-03,+129.983233E-03,+5.025201E-03
-1.335000E-03,+36.306582E-03,-62.185936E-03,-5.276397E-03,-52.135603E-03
-1.332500E-03,+15.159179E-03,+18.216074E-03,-26.423800E-03,+26.172604E-03
-1.330000E-03,-44.095427E-03,-127.721948E-03,-55.946413E-03,+70.561213E-03
-1.327500E-03,+36.306582E-03,-11.306539E-03,-34.799010E-03,-45.854196E-03
-1.325000E-03,-44.095427E-03,-55.695148E-03,-72.696832E-03,-1.465587E-03
-1.322500E-03,-86.599614E-03,-62.185936E-03,-5.276397E-03,+418.835E-06
-1.320000E-03,+112.939747E-03,-140.703523E-03,-3.391975E-03,-75.376809E-03
-1.317500E-03,-44.095427E-03,+18.216074E-03,+28.852581E-03,-75.376809E-03
-1.315000E-03,+15.787320E-03,-51.926304E-03,-75.418775E-03,+75.167578E-03
-1.312500E-03,-44.095427E-03,-62.185936E-03,-5.276397E-03,-49.623040E-03
-1.310000E-03,-25.460586E-03,-105.318264E-03,-5.276397E-03,+5.025201E-03
-1.307500E-03,+81.951473E-03,-62.185936E-03,+57.747053E-03,-57.998249E-03
-1.305000E-03,-97.487386E-03,-35.804026E-03,+21.733653E-03,+5.025201E-03
-1.302500E-03,-44.095427E-03,-62.185936E-03,-5.276397E-03,+85.427210E-03
-1.300000E-03,+921.323E-06,-17.169186E-03,-50.293147E-03,+40.410460E-03
-1.297500E-03,-124.497436E-03,+17.587933E-03,+74.497472E-03,+5.025201E-03
-1.295000E-03,-7.453886E-03,-55.067008E-03,-12.395325E-03,-31.616340E-03
-1.292500E-03,-109.003299E-03,+18.216074E-03,-13.023465E-03,+5.025201E-03
-1.290000E-03,-15.829095E-03,-62.185936E-03,-5.276397E-03,+5.025201E-03
-1.287500E-03,-44.095427E-03,+82.495805E-03,-5.276397E-03,+5.025201E-03
-1.285000E-03,-104.606314E-03,-42.294814E-03,-5.276397E-03,+65.536088E-03
-1.282500E-03,-44.095427E-03,-62.185936E-03,-61.180919E-03,+5.025201E-03
-1.280000E-03,+36.306582E-03,-62.185936E-03,-5.276397E-03,+73.911297E-03
-1.277500E-03,-44.095427E-03,-95.058632E-03,-85.678406E-03,+52.554513E-03
-1.275000E-03,+36.306582E-03,-62.185936E-03,-5.276397E-03,+8.165904E-03
-1.272500E-03,+36.306582E-03,-23.031832E-03,+33.877707E-03,+46.273106E-03
-1.270000E-03,+36.306582E-03,+12.981568E-03,-75.209395E-03,+5.025201E-03
-1.267500E-03,-44.095427E-03,-31.407041E-03,-5.276397E-03,-25.753694E-03
-1.265000E-03,+89.489161E-03,-62.185936E-03,+8.333318E-03,+71.817495E-03
-1.262500E-03,-44.095427E-03,+18.216074E-03,+30.318243E-03,-75.376809E-03
-1.260000E-03,-44.095427E-03,-62.185936E-03,+16.708527E-03,+27.010125E-03
-1.257500E-03,-44.095427E-03,-114.530994E-03,+61.097137E-03,-9.003275E-03
-1.255000E-03,+55.988324E-03,-1.465668E-03,+44.765479E-03,-25.334933E-03
-1.252500E-03,+30.653316E-03,+12.562807E-03,+69.472346E-03,+5.025201E-03
-1.250000E-03,+36.306582E-03,+18.216074E-03,-46.943063E-03,+5.025201E-03
-1.247500E-03,-41.373484E-03,-62.185936E-03,-5.276397E-03,+5.025201E-03
-1.245000E-03,+36.306582E-03,-62.185936E-03,+41.834155E-03,+38.316658E-03
-1.242500E-03,-44.095427E-03,-51.088783E-03,+75.125612E-03,-75.376809E-03
-1.240000E-03,-44.095427E-03,-37.269688E-03,-60.762158E-03,-44.807295E-03
-1.237500E-03,+36.306582E-03,-42.713574E-03,+75.125612E-03,-94.849170E-03
-1.235000E-03,+100.167553E-03,+18.216074E-03,+58.584574E-03,-122.696741E-03
-1.232500E-03,-44.095427E-03,+42.922941E-03,+47.278041E-03,+5.025201E-03
-1.230000E-03,+36.306582E-03,-62.185936E-03,-5.276397E-03,-67.210980E-03
-1.227500E-03,-7.872647E-03,-18.006707E-03,+75.125612E-03,+5.025201E-03
-1.225000E-03,-124.288056E-03,-62.185936E-03,-5.485777E-03,+5.234581E-03
-1.222500E-03,-44.095427E-03,-17.587946E-03,-14.070367E-03,-39.572789E-03
-1.220000E-03,+27.721993E-03,-62.185936E-03,-5.276397E-03,+5.025201E-03
-1.217500E-03,-44.095427E-03,-9.212737E-03,+22.152414E-03,-22.403610E-03
-1.215000E-03,+19.346784E-03,-62.185936E-03,-5.276397E-03,+5.025201E-03
-1.212500E-03,-63.149028E-03,-24.078733E-03,-5.276397E-03,+66.373609E-03
-1.210000E-03,+36.306582E-03,+47.948067E-03,-60.343398E-03,+60.092202E-03
-1.207500E-03,-44.095427E-03,-51.507544E-03,+5.401995E-03,+64.070426E-03
-1.205000E-03,+2.596365E-03,-15.494144E-03,-38.986614E-03,-28.685017E-03
-1.202500E-03,+34.003400E-03,-140.284762E-03,-5.276397E-03,+80.820845E-03
-1.200000E-03,-5.778844E-03,-20.100509E-03,-5.276397E-03,-37.060226E-03
-1.197500E-03,-38.023400E-03,-62.185936E-03,-11.348424E-03,+5.025201E-03
-1.195000E-03,+6.365209E-03,-11.725300E-03,-25.795660E-03,-24.916173E-03
-1.192500E-03,-44.095427E-03,-62.185936E-03,-5.276397E-03,-9.422035E-03
-1.190000E-03,-22.529263E-03,-40.619772E-03,+31.993284E-03,-16.540963E-03
-1.187500E-03,+36.306582E-03,+18.216074E-03,-28.098842E-03,+39.782319E-03
-1.185000E-03,-111.306481E-03,+5.025119E-03,-5.276397E-03,-62.185854E-03
-1.182500E-03,-44.095427E-03,-12.981581E-03,+75.125612E-03,+5.025201E-03
-1.180000E-03,+31.490837E-03,-57.370190E-03,-5.276397E-03,+209.455E-06
-1.177500E-03,-42.839145E-03,-22.613072E-03,-5.276397E-03,+5.025201E-03
-1.175000E-03,-40.535963E-03,-58.626472E-03,-8.835861E-03,+78.308282E-03
-1.172500E-03,-76.549363E-03,-29.732000E-03,+27.177539E-03,-42.922873E-03
-1.170000E-03,+36.306582E-03,+86.683410E-03,-73.743733E-03,+16.959874E-03
-1.167500E-03,-44.095427E-03,-38.107209E-03,-5.276397E-03,-19.053526E-03
-1.165000E-03,-44.095427E-03,-41.876053E-03,+34.505847E-03,-55.066926E-03
-1.162500E-03,+20.603065E-03,+18.216074E-03,+26.130638E-03,-59.673291E-03
-1.160000E-03,-44.095427E-03,+18.216074E-03,-5.276397E-03,+56.742118E-03
-1.157500E-03,-117.169128E-03,+18.216074E-03,+2.051911E-03,-2.303108E-03
-1.155000E-03,+36.306582E-03,+18.216074E-03,-48.618105E-03,+5.025201E-03
-1.152500E-03,-122.403634E-03,+18.216074E-03,-5.276397E-03,+163.735417E-03
-1.150000E-03,-44.095427E-03,-62.185936E-03,-5.276397E-03,-85.845820E-03
-1.147500E-03,+26.884472E-03,-52.763825E-03,+75.125612E-03,+5.025201E-03
-1.145000E-03,+36.306582E-03,-35.594646E-03,+21.314893E-03,+85.427210E-03
-1.142500E-03,-124.497436E-03,-62.185936E-03,+12.520923E-03,-75.376809E-03
-1.140000E-03,+18.090502E-03,-7E-09,-5.276397E-03,+5.025201E-03
-1.137500E-03,+8.249631E-03,-7.956455E-03,-33.333348E-03,+5.025201E-03
-1.135000E-03,+36.306582E-03,+8.375203E-03,-5.276397E-03,-14.656541E-03
-1.132500E-03,+1.758844E-03,+18.216074E-03,-5.276397E-03,+5.025201E-03
-1.130000E-03,-45.561088E-03,+16.750412E-03,-5.276397E-03,+5.025201E-03
-1.127500E-03,-6.616365E-03,+18.216074E-03,+37.646551E-03,+5.025201E-03
-1.125000E-03,-37.185879E-03,-128.768850E-03,-5.276397E-03,+5.025201E-03
-1.122500E-03,-14.991574E-03,-62.185936E-03,+46.021760E-03,-46.272956E-03
-1.120000E-03,+21.021825E-03,-62.185936E-03,-5.276397E-03,+5.025201E-03
-1.117500E-03,+36.306582E-03,-121.859302E-03,-5.276397E-03,+5.025201E-03
-1.115000E-03,-11.013350E-03,-29.103859E-03,+75.125612E-03,+5.025201E-03
-1.112500E-03,-44.095427E-03,-49.832502E-03,+50.418745E-03,+5.025201E-03
-1.110000E-03,-12.060251E-03,+18.216074E-03,-21.608055E-03,-91.708467E-03
-1.107500E-03,-40.117202E-03,+18.216074E-03,-1.298172E-03,+1.046976E-03
-1.105000E-03,-44.095427E-03,+18.216074E-03,-5.276397E-03,+5.025201E-03
-1.102500E-03,-48.492412E-03,+13.819089E-03,+75.125612E-03,+628.216E-06
-1.100000E-03,+36.306582E-03,-13.400342E-03,+75.125612E-03,-43.760394E-03
-1.097500E-03,-31.323233E-03,-62.185936E-03,-5.276397E-03,+5.025201E-03
-1.095000E-03,-78.015024E-03,-38.944730E-03,-39.195994E-03,-75.376809E-03
-1.092500E-03,-22.948023E-03,+18.216074E-03,+53.978209E-03,+5.025201E-03
-1.090000E-03,-29.229430E-03,+18.216074E-03,+9.589600E-03,+5.025201E-03
-1.087500E-03,-14.572814E-03,-32.663323E-03,-5.276397E-03,-24.497412E-03
-1.085000E-03,-44.095427E-03,+11.725286E-03,+1.214390E-03,-1.465587E-03
-1.082500E-03,-44.095427E-03,-100.083758E-03,-43.174219E-03,+47.529388E-03
-1.080000E-03,-120.728592E-03,+94.849239E-03,+71.356768E-03,-73.492387E-03
-1.077500E-03,-9.966449E-03,-28.056958E-03,+6.867657E-03,-75.376809E-03
-1.075000E-03,-54.355058E-03,+18.216074E-03,-85.678406E-03,+5.025201E-03
-1.072500E-03,-18.341658E-03,-36.432167E-03,+49.371844E-03,+30.778969E-03
-1.070000E-03,-963.099E-06,-62.185936E-03,-5.276397E-03,-75.376809E-03
-1.067500E-03,-26.716867E-03,-44.807376E-03,-5.276397E-03,+5.025201E-03
-1.065000E-03,-17.085377E-03,-35.175886E-03,-5.276397E-03,+58.417160E-03
-1.062500E-03,+36.306582E-03,-62.185936E-03,+3.726953E-03,-3.978149E-03
-1.060000E-03,+36.306582E-03,-17.169186E-03,-14.907888E-03,-39.991549E-03
-1.057500E-03,+36.306582E-03,+97.989942E-03,-5.276397E-03,+4.397060E-03
-1.055000E-03,-44.095427E-03,+18.216074E-03,-85.678406E-03,-75.376809E-03
-1.052500E-03,-36.348358E-03,+18.216074E-03,+2.470672E-03,+5.025201E-03
-1.050000E-03,-15.829095E-03,+18.216074E-03,-85.678406E-03,+33.291532E-03
-1.047500E-03,-44.095427E-03,-46.063658E-03,+59.003334E-03,-11.097077E-03
-1.045000E-03,+36.306582E-03,-62.185936E-03,+55.234490E-03,-14.865922E-03
-1.042500E-03,-68.592914E-03,-37.688449E-03,-5.276397E-03,-75.376809E-03
-1.040000E-03,-112.981523E-03,-50.670023E-03,-16.792310E-03,-6.490712E-03
-1.037500E-03,-44.095427E-03,-14.656623E-03,-19.933013E-03,-42.504112E-03
-1.035000E-03,-40.954723E-03,+18.216074E-03,+71.984909E-03,-72.236105E-03
-1.032500E-03,-42.001625E-03,+59.463979E-03,-5.276397E-03,+46.273106E-03
-1.030000E-03,+36.306582E-03,+18.216074E-03,-10.510903E-03,-70.142303E-03
-1.027500E-03,-13.316533E-03,-62.185936E-03,-54.899512E-03,-75.376809E-03
-1.025000E-03,-97.278006E-03,-62.185936E-03,-18.886112E-03,-75.376809E-03
-1.022500E-03,-44.095427E-03,+18.216074E-03,-5.276397E-03,-17.378484E-03
-1.020000E-03,-102.512512E-03,-3.768851E-03,-85.678406E-03,+5.025201E-03
-1.017500E-03,-58.123902E-03,+18.216074E-03,+8.752079E-03,+5.025201E-03
-1.015000E-03,+5.946449E-03,-12.144060E-03,-5.276397E-03,+5.025201E-03
-1.012500E-03,+36.306582E-03,+18.216074E-03,-5.276397E-03,-69.723542E-03
-1.010000E-03,-44.095427E-03,+18.216074E-03,-44.011740E-03,+5.025201E-03
-1.007500E-03,-44.095427E-03,+18.216074E-03,+75.125612E-03,+5.025201E-03
-1.005000E-03,+36.306582E-03,-62.185936E-03,-5.276397E-03,-28.266256E-03
-1.002500E-03,+25.209430E-03,+7.118921E-03,-5.276397E-03,+5.025201E-03
-1.000000E-03,-69.011674E-03,+18.216074E-03,+75.125612E-03,-19.891047E-03
-997.500E-06,+36.306582E-03,-23.241213E-03,+14.195965E-03,-36.432086E-03
-995.000E-06,+19.765544E-03,+18.216074E-03,+11.264642E-03,+5.025201E-03
-992.500E-06,-68.802294E-03,+18.216074E-03,-5.276397E-03,-47.529238E-03
-990.000E-06,-44.095427E-03,-54.020107E-03,-5.276397E-03,+5.025201E-03
-987.500E-06,-44.095427E-03,-25.963156E-03,+38.902832E-03,+5.025201E-03
-985.000E-06,-44.095427E-03,+18.006693E-03,-5.067017E-03,-75.167428E-03
-982.500E-06,+502.563E-06,-17.587946E-03,-5.276397E-03,+5.025201E-03
-980.000E-06,-44.095427E-03,-134.003355E-03,+66.541023E-03,-3.559389E-03
-977.500E-06,+8.877772E-03,-9.212737E-03,-5.276397E-03,-47.947998E-03
-975.000E-06,+82.788994E-03,-62.185936E-03,-5.276397E-03,-75.376809E-03
-972.500E-06,+17.252981E-03,-62.185936E-03,-47.571204E-03,+66.373609E-03
-970.000E-06,+10.971574E-03,-62.185936E-03,+49.790604E-03,-50.041801E-03
-967.500E-06,+36.306582E-03,-62.185936E-03,+64.447220E-03,-64.698417E-03
-965.000E-06,-10.385209E-03,-15.494144E-03,-98.659981E-03,-75.376809E-03
-962.500E-06,-122.194253E-03,-62.185936E-03,-83.375223E-03,+7.328383E-03
-960.000E-06,-40.326583E-03,-62.185936E-03,+33.040186E-03,+5.025201E-03
-957.500E-06,-38.023400E-03,-56.113909E-03,-5.276397E-03,-75.376809E-03
-955.000E-06,-44.095427E-03,-32.244562E-03,+95.644875E-03,+5.025201E-03
-952.500E-06,+21.859346E-03,+18.216074E-03,-19.723633E-03,+85.427210E-03
-950.000E-06,-44.095427E-03,-62.185936E-03,-42.546078E-03,-16.540963E-03
-947.500E-06,+36.306582E-03,-39.363490E-03,-5.276397E-03,+5.025201E-03
-945.000E-06,+36.306582E-03,-48.994981E-03,-5.276397E-03,+72.236255E-03
-942.500E-06,-12.897772E-03,-30.988281E-03,-5.276397E-03,+5.025201E-03
-940.000E-06,-114.865945E-03,-57.370190E-03,+70.309867E-03,+5.025201E-03
-937.500E-06,-45.351708E-03,-21.356790E-03,-5.276397E-03,-35.803945E-03
-935.000E-06,-44.095427E-03,+14.656610E-03,-5.276397E-03,-75.376809E-03
-932.500E-06,-28.601290E-03,-29.732000E-03,-5.276397E-03,-75.376809E-03
-930.000E-06,-112.562763E-03,-62.185936E-03,-142.211069E-03,+73.492537E-03
-927.500E-06,+12.227856E-03,+18.216074E-03,-5.276397E-03,+61.348483E-03
-925.000E-06,-44.095427E-03,-122.278062E-03,-5.276397E-03,+5.025201E-03
-922.500E-06,-28.391909E-03,-46.482418E-03,-5.276397E-03,+5.025201E-03
-920.000E-06,-44.095427E-03,-33.500844E-03,+23.408695E-03,-75.376809E-03
-917.500E-06,-44.095427E-03,+18.216074E-03,-5.276397E-03,-2.303108E-03
-915.000E-06,-44.095427E-03,-18.844228E-03,-5.276397E-03,+5.025201E-03
-912.500E-06,+36.306582E-03,-61.139035E-03,+74.078711E-03,-75.376809E-03
-910.000E-06,-44.095427E-03,-62.185936E-03,-85.678406E-03,+39.991699E-03
-907.500E-06,+26.884472E-03,-62.185936E-03,+65.703502E-03,-65.954698E-03
-905.000E-06,-44.095427E-03,+18.216074E-03,-59.087117E-03,+31.616490E-03
-902.500E-06,+711.943E-06,+63.023443E-03,+57.328293E-03,-75.376809E-03
-900.000E-06,-44.095427E-03,-43.969855E-03,+56.909532E-03,+5.025201E-03
-897.500E-06,+36.306582E-03,+72.445554E-03,-31.448926E-03,+5.025201E-03
-895.000E-06,-44.095427E-03,-62.185936E-03,-15.117268E-03,-4.815670E-03
-892.500E-06,-9.547689E-03,-27.638197E-03,-74.371873E-03,+5.025201E-03
-890.000E-06,+34.840921E-03,-62.185936E-03,-6.742059E-03,+83.961548E-03
-887.500E-06,-81.574488E-03,-19.262988E-03,+167.489E-06,-32.453861E-03
-885.000E-06,+29.397035E-03,+11.306526E-03,+1.633151E-03,+5.025201E-03
-882.500E-06,-66.289731E-03,-84.380240E-03,+46.021760E-03,+5.025201E-03
-880.000E-06,-59.380184E-03,+18.216074E-03,+10.008360E-03,-10.259556E-03
-877.500E-06,-23.366784E-03,-62.185936E-03,-5.276397E-03,+5.025201E-03
-875.000E-06,-67.755393E-03,+18.216074E-03,-5.276397E-03,+5.025201E-03
-872.500E-06,-44.095427E-03,-49.832502E-03,+7.077037E-03,+5.025201E-03
-870.000E-06,+36.306582E-03,-13.819102E-03,-5.276397E-03,+37.060376E-03
-867.500E-06,-44.095427E-03,-58.207711E-03,-81.700182E-03,+5.025201E-03
-865.000E-06,-44.095427E-03,-22.194311E-03,+75.125612E-03,-34.966424E-03
-862.500E-06,+31.909598E-03,-62.185936E-03,+66.331643E-03,+5.025201E-03
-860.000E-06,-44.095427E-03,-13.400342E-03,-85.678406E-03,+5.025201E-03
-857.500E-06,-44.095427E-03,-62.185936E-03,+62.353418E-03,-7.746994E-03
-855.000E-06,-10.175829E-03,-5.025132E-03,-5.276397E-03,-52.135603E-03
-852.500E-06,-65.242830E-03,-41.038532E-03,-5.276397E-03,-75.376809E-03
-850.000E-06,+21.440586E-03,-11.515920E-03,+60.259616E-03,-60.510812E-03
-847.500E-06,+36.306582E-03,-11.306539E-03,+45.603000E-03,-16.331583E-03
-845.000E-06,+29.815795E-03,-62.185936E-03,+62.144038E-03,-68.886021E-03
-842.500E-06,-44.095427E-03,-24.288114E-03,-5.276397E-03,-32.872621E-03
-840.000E-06,-44.095427E-03,+18.216074E-03,-5.276397E-03,-73.492387E-03
-837.500E-06,-44.095427E-03,-15.912904E-03,+28.852581E-03,+5.025201E-03
-835.000E-06,-33.835795E-03,+7.956442E-03,-15.536028E-03,+5.025201E-03
-832.500E-06,-72.989899E-03,-91.080408E-03,-59.924637E-03,-20.728568E-03
-830.000E-06,-25.460586E-03,-62.185936E-03,-128.810734E-03,+23.660041E-03
-827.500E-06,-26.716867E-03,+18.216074E-03,-5.276397E-03,-57.998249E-03
-825.000E-06,-44.095427E-03,-88.567845E-03,-31.658306E-03,+32.035250E-03
-822.500E-06,-35.092077E-03,+9.212723E-03,-5.276397E-03,-66.373459E-03
-820.000E-06,-44.095427E-03,-17.169186E-03,+4.355094E-03,-39.991549E-03
-817.500E-06,-44.095427E-03,+17.587933E-03,-5.276397E-03,+5.025201E-03
-815.000E-06,-7.453886E-03,-25.544395E-03,-5.276397E-03,+5.025201E-03
-812.500E-06,+101.214454E-03,+18.216074E-03,-5.276397E-03,+12.772269E-03
-810.000E-06,-15.829095E-03,-62.185936E-03,+75.125612E-03,+5.025201E-03
-807.500E-06,-27.973149E-03,+2.093796E-03,+42.881057E-03,+21.147478E-03
-805.000E-06,-24.204305E-03,-42.294814E-03,+115.745377E-03,+5.025201E-03
-802.500E-06,+11.809095E-03,-6.281414E-03,-36.683432E-03,+5.025201E-03
-800.000E-06,-32.579514E-03,-62.185936E-03,-5.276397E-03,-75.376809E-03
-797.500E-06,-11.222730E-03,-29.313239E-03,-5.276397E-03,+37.897897E-03
-795.000E-06,-121.356732E-03,+15.075370E-03,-8.417100E-03,+82.286506E-03
-792.500E-06,-2.847521E-03,+59.463979E-03,+33.877707E-03,-34.128903E-03
-790.000E-06,-119.262930E-03,+12.981568E-03,+69.891107E-03,+5.025201E-03
-787.500E-06,-44.095427E-03,+18.216074E-03,-5.276397E-03,-25.753694E-03
-785.000E-06,+49.916297E-03,-62.185936E-03,+8.333318E-03,-8.584515E-03
-782.500E-06,-44.095427E-03,-39.782251E-03,-5.276397E-03,+63.023525E-03
-780.000E-06,+14.321658E-03,+18.216074E-03,-63.693482E-03,+5.025201E-03
-777.500E-06,-44.095427E-03,-48.157460E-03,+127.470670E-03,-61.348333E-03
-775.000E-06,+5.946449E-03,-42.504194E-03,+25.083737E-03,-14.656541E-03
-772.500E-06,+25.000050E-03,+12.562807E-03,-85.678406E-03,+5.025201E-03
-770.000E-06,-44.095427E-03,+18.216074E-03,+36.390269E-03,-75.376809E-03
-767.500E-06,+36.306582E-03,+15.494131E-03,-82.956463E-03,+5.025201E-03
-765.000E-06,-10.803970E-03,+32.035169E-03,-5.276397E-03,+5.025201E-03
-762.500E-06,+36.306582E-03,+7.118921E-03,+133.333317E-03,+16.122353E-03
-760.000E-06,-44.095427E-03,-31.616422E-03,-85.678406E-03,-19.891047E-03
-757.500E-06,+36.306582E-03,+18.216074E-03,-24.748758E-03,+24.497562E-03
-755.000E-06,+19.765544E-03,+1.675035E-03,-21.817435E-03,-58.835770E-03
-752.500E-06,+36.306582E-03,-9.631497E-03,-5.276397E-03,+5.025201E-03
-750.000E-06,+36.306582E-03,-62.185936E-03,+66.959783E-03,+13.191030E-03
-747.500E-06,-44.095427E-03,+18.216074E-03,+38.902832E-03,-75.376809E-03
-745.000E-06,-43.886047E-03,-62.185936E-03,-5.276397E-03,+5.025201E-03
-742.500E-06,-35.301457E-03,-17.587946E-03,-41.080417E-03,+13.819170E-03
-740.000E-06,-35.510837E-03,+9.631484E-03,+3.308193E-03,-3.559389E-03
-737.500E-06,-44.095427E-03,-89.614746E-03,-5.276397E-03,-22.403610E-03
-735.000E-06,+36.306582E-03,+18.216074E-03,-5.276397E-03,-11.934598E-03
-732.500E-06,+36.306582E-03,-62.185936E-03,-5.276397E-03,-14.028401E-03
-730.000E-06,-69.430435E-03,-7.118935E-03,-5.276397E-03,+5.025201E-03
-727.500E-06,-44.095427E-03,-62.185936E-03,-64.321622E-03,-5.653191E-03
-725.000E-06,-10.385209E-03,+18.216074E-03,+28.433820E-03,+5.025201E-03
-722.500E-06,-44.095427E-03,+13.609708E-03,+72.822430E-03,-73.073626E-03
-720.000E-06,-44.095427E-03,-62.185936E-03,-43.592979E-03,+43.341783E-03
-717.500E-06,-50.167453E-03,-62.185936E-03,-79.606379E-03,+5.025201E-03
-715.000E-06,+36.306582E-03,-11.725300E-03,+45.184239E-03,+5.025201E-03
-712.500E-06,-44.095427E-03,-62.185936E-03,+9.170839E-03,-9.422035E-03
-710.000E-06,-963.099E-06,+18.216074E-03,-64.112242E-03,-32.244481E-03
-707.500E-06,-44.095427E-03,-39.363490E-03,+40.368494E-03,-75.376809E-03
-705.000E-06,+23.115628E-03,+18.216074E-03,-5.276397E-03,+5.025201E-03
-702.500E-06,+5.108928E-03,+67.420428E-03,-5.276397E-03,-26.172454E-03
-700.000E-06,+36.306582E-03,-62.185936E-03,-460.651E-06,+9.840946E-03
-697.500E-06,-3.266281E-03,-21.356790E-03,-44.849261E-03,-35.803945E-03
-695.000E-06,-47.654891E-03,-62.185936E-03,-5.276397E-03,-71.817345E-03
-692.500E-06,-44.095427E-03,+18.216074E-03,+75.125612E-03,+5.025201E-03
-690.000E-06,-32.160754E-03,-62.185936E-03,-61.809060E-03,+61.557863E-03
-687.500E-06,+12.227856E-03,-38.107209E-03,-5.276397E-03,-75.376809E-03
-685.000E-06,-44.095427E-03,+18.216074E-03,-65.368524E-03,-15.284682E-03
-682.500E-06,-44.095427E-03,+18.216074E-03,-69.974889E-03,+85.427210E-03
-680.000E-06,-44.095427E-03,-113.902853E-03,-28.308223E-03,+5.025201E-03
-677.500E-06,+28.978274E-03,+91.289775E-03,-12.604705E-03,-68.048500E-03
-675.000E-06,+30.025175E-03,-18.844228E-03,-5.276397E-03,-75.376809E-03
-672.500E-06,-44.095427E-03,-61.139035E-03,-4.229496E-03,+5.025201E-03
-670.000E-06,-9.128928E-03,-27.219437E-03,+40.159113E-03,-40.410310E-03
-667.500E-06,+26.884472E-03,+18.216074E-03,+75.125612E-03,+5.025201E-03
-665.000E-06,+9.715293E-03,-35.594646E-03,-5.276397E-03,-75.376809E-03
-662.500E-06,-88.902797E-03,+18.216074E-03,-67.881086E-03,+5.025201E-03
-660.000E-06,-125.578E-06,-43.969855E-03,-5.276397E-03,+67.211129E-03
-657.500E-06,-44.095427E-03,-36.013407E-03,-31.448926E-03,+5.025201E-03
-655.000E-06,-34.254556E-03,+18.216074E-03,-5.276397E-03,+65.745468E-03
-652.500E-06,+1.758844E-03,+18.216074E-03,-39.824135E-03,-40.829070E-03
-650.000E-06,+36.306582E-03,+16.750412E-03,-5.276397E-03,+6.490862E-03
-647.500E-06,-87.018374E-03,-62.185936E-03,+32.202665E-03,+5.025201E-03
-645.000E-06,-37.185879E-03,+11.306526E-03,-12.185944E-03,+5.025201E-03
-642.500E-06,-44.095427E-03,-33.082083E-03,+46.021760E-03,-68.467261E-03
-640.000E-06,-28.810670E-03,+2.931317E-03,+59.840855E-03,-60.092052E-03
-637.500E-06,+36.306582E-03,-62.185936E-03,+54.396969E-03,+5.025201E-03
-635.000E-06,-44.095427E-03,-38.525969E-03,+18.383569E-03,-18.634766E-03
-632.500E-06,-44.095427E-03,+30.569507E-03,-5.276397E-03,+17.378634E-03
-630.000E-06,+4.271407E-03,-30.150760E-03,+43.090437E-03,-43.341633E-03
-627.500E-06,+36.306582E-03,+90.661634E-03,-5.276397E-03,+5.025201E-03
-625.000E-06,-44.095427E-03,+59.045219E-03,+35.133988E-03,+45.016825E-03
-622.500E-06,-44.095427E-03,+18.216074E-03,+75.125612E-03,-79.773793E-03
-620.000E-06,-92.881021E-03,-30.569521E-03,-5.276397E-03,-12.143978E-03
-617.500E-06,+36.306582E-03,+18.216074E-03,-18.048591E-03,+5.025201E-03
-615.000E-06,-20.854221E-03,-5.025132E-03,-28.517603E-03,+62.186004E-03
-612.500E-06,-22.948023E-03,+56.323276E-03,-5.276397E-03,-54.229405E-03
-610.000E-06,-58.961423E-03,-11.515920E-03,-70.812410E-03,+5.025201E-03
-607.500E-06,+36.306582E-03,+18.216074E-03,+45.603000E-03,+5.025201E-03
-605.000E-06,+36.306582E-03,-136.097158E-03,-5.276397E-03,+5.025201E-03
-602.500E-06,-44.095427E-03,-28.894479E-03,-670.032E-06,+5.025201E-03
-600.000E-06,+32.537738E-03,+16.331651E-03,-5.276397E-03,-73.492387E-03
-597.500E-06,-9.966449E-03,-15.912904E-03,-5.276397E-03,+85.427210E-03
-595.000E-06,-103.978173E-03,-62.185936E-03,+64.865981E-03,-5.234431E-03
-592.500E-06,-44.095427E-03,-36.432167E-03,+20.477372E-03,+33.919672E-03
-590.000E-06,-44.095427E-03,+18.216074E-03,-5.276397E-03,-13.609640E-03
-587.500E-06,+18.928023E-03,-16.541045E-03,+12.102162E-03,-57.998249E-03
-585.000E-06,-17.713517E-03,-35.175886E-03,-5.276397E-03,+5.025201E-03
-582.500E-06,-44.095427E-03,+18.216074E-03,+75.125612E-03,-84.380159E-03
-580.000E-06,+81.323332E-03,-71.817426E-03,-5.276397E-03,+5.025201E-03
-577.500E-06,-43.467286E-03,+18.216074E-03,-5.276397E-03,+84.170928E-03
-575.000E-06,+36.306582E-03,+11.097146E-03,-5.276397E-03,+5.025201E-03
-572.500E-06,-36.348358E-03,+75.376877E-03,-70.184269E-03,+5.025201E-03
-570.000E-06,+8.040251E-03,+42.085420E-03,+51.256266E-03,-47.110477E-03
-567.500E-06,-27.973149E-03,-46.063658E-03,+59.003334E-03,+21.147478E-03
-565.000E-06,-24.204305E-03,-42.294814E-03,-5.276397E-03,-55.485687E-03
-562.500E-06,-19.597940E-03,-37.688449E-03,+19.221090E-03,-19.472287E-03
-560.000E-06,-32.579514E-03,+18.216074E-03,+6.239516E-03,-6.490712E-03
-557.500E-06,-44.095427E-03,-29.313239E-03,-38.149093E-03,+5.025201E-03
-555.000E-06,-44.095427E-03,-59.045232E-03,-5.276397E-03,+5.025201E-03
-552.500E-06,-2.847521E-03,-62.185936E-03,-44.430500E-03,-34.128903E-03
-550.000E-06,-119.262930E-03,+12.981568E-03,+69.891107E-03,-70.142303E-03
-547.500E-06,-13.316533E-03,-62.185936E-03,+44.346718E-03,-25.753694E-03
-545.000E-06,-30.485712E-03,+18.216074E-03,-72.068691E-03,+5.025201E-03
-542.500E-06,+36.306582E-03,-39.782251E-03,-5.276397E-03,-52.973124E-03
-540.000E-06,-80.527587E-03,-3.768851E-03,+16.708527E-03,-89.824045E-03
-537.500E-06,+22.278107E-03,+4.187598E-03,-5.276397E-03,+57.370259E-03
-535.000E-06,-13.735293E-03,-62.185936E-03,+94.807354E-03,-75.376809E-03
-532.500E-06,-44.095427E-03,-56.532669E-03,-80.025140E-03,+5.025201E-03
-530.000E-06,-2.428761E-03,-23.450593E-03,-46.943063E-03,+43.760543E-03
-527.500E-06,-44.095427E-03,-59.463993E-03,+77.847555E-03,+2.303258E-03
-525.000E-06,-57.914522E-03,-28.894479E-03,-38.567854E-03,-42.085352E-03
-522.500E-06,+25.209430E-03,-51.088783E-03,+5.820755E-03,+5.025201E-03
-520.000E-06,-19.179179E-03,-6.700174E-03,-60.762158E-03,+85.427210E-03
-517.500E-06,-44.095427E-03,-62.185936E-03,-66.206045E-03,+65.954848E-03
-515.000E-06,+19.765544E-03,-62.185936E-03,-69.137368E-03,-11.515838E-03
-512.500E-06,+36.306582E-03,+42.922941E-03,+47.278041E-03,+57.579639E-03
-510.000E-06,+44.472411E-03,+10.050244E-03,-5.276397E-03,-67.210980E-03
-507.500E-06,+36.306582E-03,-25.963156E-03,-5.276397E-03,-31.197580E-03
-505.000E-06,-43.886047E-03,+18.216074E-03,-85.678406E-03,-74.958048E-03
-502.500E-06,+36.306582E-03,-17.587946E-03,+119.723602E-03,-30.778819E-03
-500.000E-06,-44.095427E-03,-53.601346E-03,-85.678406E-03,-3.559389E-03
-497.500E-06,-16.666616E-03,-62.185936E-03,-58.249596E-03,+32.454011E-03
-495.000E-06,-44.095427E-03,-15.703524E-03,+11.683402E-03,+5.025201E-03
-492.500E-06,+97.654990E-03,-43.132334E-03,-5.276397E-03,+24.078802E-03
-490.000E-06,-18.760419E-03,-7.118935E-03,+20.058611E-03,+5.025201E-03
-487.500E-06,+36.306582E-03,-62.185936E-03,-144.723631E-03,+5.025201E-03
-485.000E-06,+36.306582E-03,-15.494144E-03,-38.986614E-03,+5.025201E-03
-482.500E-06,-44.095427E-03,-62.185936E-03,+75.125612E-03,+5.025201E-03
-480.000E-06,-2.010000E-03,+18.216074E-03,-5.276397E-03,+5.025201E-03
-477.500E-06,+30.234556E-03,-56.113909E-03,+795.630E-06,-1.046826E-03
-475.000E-06,-14.154054E-03,-32.244562E-03,-5.276397E-03,+5.025201E-03
-472.500E-06,-176.004973E-03,+3.768838E-03,-5.276397E-03,-60.929573E-03
-470.000E-06,-22.529263E-03,+77.051919E-03,-5.276397E-03,-38.107127E-03
-467.500E-06,+13.484137E-03,+18.216074E-03,-5.276397E-03,-52.554363E-03
-465.000E-06,-44.095427E-03,-48.994981E-03,-18.467352E-03,-48.994899E-03
-462.500E-06,+36.306582E-03,-12.981581E-03,-5.276397E-03,-26.172454E-03
-460.000E-06,+31.490837E-03,+23.031819E-03,+70.309867E-03,+5.025201E-03
-457.500E-06,-4.522563E-03,-22.613072E-03,-5.276397E-03,+5.025201E-03
-455.000E-06,+32.747118E-03,+21.775537E-03,-5.276397E-03,+1.465737E-03
-452.500E-06,+36.306582E-03,+18.216074E-03,-5.276397E-03,+5.025201E-03
-450.000E-06,-44.095427E-03,-130.653272E-03,+63.190939E-03,+5.025201E-03
-447.500E-06,+12.227856E-03,-5.862653E-03,-5.276397E-03,-51.298082E-03
-445.000E-06,-44.095427E-03,-41.876053E-03,+54.815730E-03,-34.757044E-03
-442.500E-06,+36.306582E-03,+18.216074E-03,-20.979914E-03,+5.025201E-03
-440.000E-06,-44.095427E-03,-10.469018E-03,-5.276397E-03,-46.691717E-03
-437.500E-06,-44.095427E-03,+10.887765E-03,+2.051911E-03,+5.025201E-03
-435.000E-06,-753.719E-06,-62.185936E-03,+75.125612E-03,+5.025201E-03
-432.500E-06,+34.212780E-03,+17.169172E-03,-5.276397E-03,-74.329908E-03
-430.000E-06,-44.095427E-03,-62.185936E-03,-15.745408E-03,+39.991699E-03
-427.500E-06,-105.653215E-03,+8.793963E-03,-66.834185E-03,-65.954698E-03
-425.000E-06,+36.306582E-03,-62.185936E-03,-5.276397E-03,-21.566089E-03
-422.500E-06,-44.095427E-03,+418.754E-06,-5.276397E-03,-57.579489E-03
-420.000E-06,-44.095427E-03,-7E-09,+56.909532E-03,+5.025201E-03
-417.500E-06,-44.095427E-03,-62.185936E-03,-5.276397E-03,-49.204280E-03
-415.000E-06,+106.867721E-03,-52.345065E-03,+4.564474E-03,+65.745468E-03
-412.500E-06,+1.758844E-03,-62.185936E-03,-5.276397E-03,+5.025201E-03
-410.000E-06,-123.031774E-03,+18.216074E-03,-5.276397E-03,+6.490862E-03
-407.500E-06,-87.018374E-03,-24.706874E-03,+32.202665E-03,+42.504262E-03
-405.000E-06,-37.185879E-03,-55.276388E-03,-5.276397E-03,-68.467261E-03
-402.500E-06,-14.991574E-03,-62.185936E-03,-5.276397E-03,+56.323357E-03
-400.000E-06,-109.212679E-03,-46.901179E-03,+59.840855E-03,-75.376809E-03
-397.500E-06,-23.366784E-03,-41.457293E-03,+36.180889E-03,-15.703442E-03
-395.000E-06,-20.435461E-03,-62.185936E-03,+18.383569E-03,-42.294732E-03
-392.500E-06,-44.095427E-03,-49.832502E-03,-85.678406E-03,+5.025201E-03
-390.000E-06,+36.306582E-03,-13.819102E-03,+26.758779E-03,-27.009975E-03
-387.500E-06,+32.328358E-03,+22.194298E-03,-1.298172E-03,-75.376809E-03
-385.000E-06,-4.103802E-03,-21.775551E-03,+35.133988E-03,-75.376809E-03
-382.500E-06,-115.703466E-03,-57.788951E-03,-81.281421E-03,+5.025201E-03
-380.000E-06,-44.095427E-03,-62.185936E-03,+43.509197E-03,+5.025201E-03
-377.500E-06,-98.953048E-03,+5.443879E-03,-72.906212E-03,+59.882821E-03
-375.000E-06,+13.065377E-03,-38.944730E-03,-5.276397E-03,-18.216005E-03
-372.500E-06,-22.948023E-03,-62.185936E-03,-5.276397E-03,-16.122203E-03
-370.000E-06,-29.229430E-03,-62.185936E-03,-5.276397E-03,+5.025201E-03
-367.500E-06,-44.095427E-03,-62.185936E-03,-5.276397E-03,+5.025201E-03
-365.000E-06,-37.604640E-03,-62.185936E-03,-79.187619E-03,+78.936422E-03
-362.500E-06,-86.599614E-03,-62.185936E-03,-5.276397E-03,-37.478987E-03
-360.000E-06,+34.422160E-03,-62.185936E-03,-7.160819E-03,+3.140779E-03
-357.500E-06,-78.224405E-03,-15.912904E-03,-5.276397E-03,+5.025201E-03
-355.000E-06,-114.237805E-03,+18.216074E-03,-85.678406E-03,+75.167578E-03
-352.500E-06,-44.095427E-03,+18.216074E-03,-34.170869E-03,+5.025201E-03
-350.000E-06,+17.671742E-03,+18.216074E-03,-23.911237E-03,+5.025201E-03
-347.500E-06,-26.716867E-03,+18.216074E-03,-85.678406E-03,+5.025201E-03
-345.000E-06,-44.095427E-03,-62.185936E-03,+48.115562E-03,+5.025201E-03
-342.500E-06,-44.095427E-03,+9.212723E-03,-76.675056E-03,+14.028551E-03
-340.000E-06,-8.710168E-03,+18.216074E-03,-50.293147E-03,+5.025201E-03
-337.500E-06,-44.095427E-03,-62.185936E-03,+75.125612E-03,+4.397060E-03
-335.000E-06,-44.095427E-03,+18.216074E-03,-5.276397E-03,-112.018349E-03
-332.500E-06,-36.348358E-03,+18.216074E-03,-5.276397E-03,-75.376809E-03
-330.000E-06,+8.040251E-03,-62.185936E-03,-5.276397E-03,+33.291532E-03
-327.500E-06,+20.184305E-03,-62.185936E-03,+10.845881E-03,+21.147478E-03
-325.000E-06,-44.095427E-03,-62.185936E-03,+55.234490E-03,+5.025201E-03
-322.500E-06,-44.095427E-03,-62.185936E-03,-29.773884E-03,-50.879322E-03
-320.000E-06,+36.306582E-03,-62.185936E-03,-5.276397E-03,-75.376809E-03
-317.500E-06,-44.095427E-03,-29.313239E-03,-5.276397E-03,-27.847496E-03
-315.000E-06,+33.165879E-03,+18.216074E-03,+68.844205E-03,+5.025201E-03
-312.500E-06,-2.847521E-03,-64.279738E-03,+35.971509E-03,-34.128903E-03
-310.000E-06,+111.474086E-03,-56.951430E-03,-5.276397E-03,-5.443811E-03
-307.500E-06,-93.718542E-03,+48.994968E-03,-54.899512E-03,-75.376809E-03
-305.000E-06,-44.095427E-03,-48.576221E-03,-18.886112E-03,+5.025201E-03
-302.500E-06,-44.095427E-03,-4.187611E-03,+17.127288E-03,-75.376809E-03
-300.000E-06,+94.723667E-03,-62.185936E-03,-5.276397E-03,+5.025201E-03
-297.500E-06,+36.306582E-03,+4.187598E-03,-5.276397E-03,+19.053676E-03
-295.000E-06,-74.455560E-03,-12.144060E-03,+25.083737E-03,-25.334933E-03
-292.500E-06,-44.095427E-03,-62.185936E-03,-5.276397E-03,+5.025201E-03
-290.000E-06,+36.306582E-03,-20.519269E-03,-5.276397E-03,-33.710142E-03
-287.500E-06,-44.095427E-03,-59.463993E-03,-5.276397E-03,+5.025201E-03
-285.000E-06,-91.205979E-03,-62.185936E-03,-5.276397E-03,+5.025201E-03
-282.500E-06,-32.998275E-03,-62.185936E-03,+64.028460E-03,+5.025201E-03
-280.000E-06,+36.306582E-03,+18.216074E-03,+105.695126E-03,+29.941448E-03
-277.500E-06,+16.834221E-03,+37.688435E-03,+55.653251E-03,+65.954848E-03
-275.000E-06,+36.306582E-03,+18.216074E-03,+11.264642E-03,+85.427210E-03
-272.500E-06,+88.861021E-03,+123.324950E-03,+102.973183E-03,+29.732068E-03
-270.000E-06,+44.472411E-03,+90.452254E-03,+155.527622E-03,+93.593039E-03
-267.500E-06,+124.665041E-03,+142.797312E-03,+75.125612E-03,+85.427210E-03
-265.000E-06,+197.110601E-03,+98.408703E-03,+75.334993E-03,+165.410459E-03
-262.500E-06,+152.512611E-03,+98.618083E-03,+191.331641E-03,+121.231230E-03
-260.000E-06,+125.293181E-03,+170.435502E-03,+155.527622E-03,+94.011799E-03
-257.500E-06,+197.110601E-03,+126.046893E-03,+208.500820E-03,+165.829219E-03
-255.000E-06,+197.110601E-03,+115.577881E-03,+218.969832E-03,+165.829219E-03
-252.500E-06,+116.708592E-03,+179.020092E-03,+155.527622E-03,+227.177627E-03
-250.000E-06,+197.110601E-03,+259.422101E-03,+235.929631E-03,+191.164227E-03
-247.500E-06,+197.110601E-03,+179.020092E-03,+225.251239E-03,+165.829219E-03
-245.000E-06,+150.418809E-03,+225.711884E-03,+282.621423E-03,+212.521011E-03
-242.500E-06,+197.110601E-03,+257.118918E-03,+160.133987E-03,+246.231228E-03
-240.000E-06,+235.427183E-03,+179.020092E-03,+274.246213E-03,+246.231228E-03
-237.500E-06,+203.182627E-03,+185.092119E-03,+155.527622E-03,+171.901246E-03
-235.000E-06,+197.110601E-03,+208.961465E-03,+105.066986E-03,+246.231228E-03
-232.500E-06,+291.959846E-03,+259.422101E-03,+235.929631E-03,+312.186001E-03
-230.000E-06,+293.216127E-03,+200.586256E-03,+235.929631E-03,+305.067073E-03
-227.500E-06,+277.512610E-03,+259.422101E-03,+258.752076E-03,+246.231228E-03
-225.000E-06,+264.321655E-03,+179.020092E-03,+289.949731E-03,+246.231228E-03
-222.500E-06,+259.505910E-03,+277.428801E-03,+267.127285E-03,+326.633237E-03
-220.000E-06,+353.098874E-03,+335.008365E-03,+235.929631E-03,+321.817492E-03
-217.500E-06,+277.512610E-03,+339.824110E-03,+275.502495E-03,+246.231228E-03
-215.000E-06,+281.072074E-03,+336.264646E-03,+316.331640E-03,+326.633237E-03
-212.500E-06,+325.460683E-03,+291.876037E-03,+316.331640E-03,+278.685164E-03
-210.000E-06,+357.914619E-03,+247.487428E-03,+316.331640E-03,+258.165901E-03
-207.500E-06,+277.512610E-03,+283.500828E-03,+292.252913E-03,+270.309955E-03
-205.000E-06,+297.822492E-03,+259.422101E-03,+376.423767E-03,+306.323355E-03
-202.500E-06,+326.507584E-03,+275.125619E-03,+235.929631E-03,+375.628212E-03
-200.000E-06,+357.914619E-03,+339.824110E-03,+316.331640E-03,+326.633237E-03
-197.500E-06,+211.767217E-03,+259.422101E-03,+243.257939E-03,+319.304929E-03
-195.000E-06,+357.914619E-03,+296.482402E-03,+316.331640E-03,+369.974945E-03
-192.500E-06,+357.914619E-03,+419.179218E-03,+317.378541E-03,+325.586336E-03
-190.000E-06,+357.914619E-03,+294.388600E-03,+351.298139E-03,+326.633237E-03
-187.500E-06,+348.492509E-03,+339.824110E-03,+325.753750E-03,+326.633237E-03
-185.000E-06,+331.323330E-03,+366.415400E-03,+262.520920E-03,+353.224527E-03
-182.500E-06,+357.914619E-03,+402.428800E-03,+396.733649E-03,+407.035246E-03
-180.000E-06,+420.100548E-03,+259.422101E-03,+396.733649E-03,+388.819166E-03
-177.500E-06,+357.914619E-03,+420.226119E-03,+396.733649E-03,+326.633237E-03
-175.000E-06,+367.755490E-03,+339.824110E-03,+406.574520E-03,+397.194376E-03
-172.500E-06,+312.060348E-03,+385.678381E-03,+396.733649E-03,+407.035246E-03
-170.000E-06,+436.850967E-03,+420.226119E-03,+395.267987E-03,+484.505932E-03
-167.500E-06,+352.470733E-03,+420.226119E-03,+396.733649E-03,+407.035246E-03
-165.000E-06,+298.241253E-03,+420.226119E-03,+330.150735E-03,+407.035246E-03
-162.500E-06,+460.510933E-03,+391.122267E-03,+448.031806E-03,+384.840942E-03
-160.000E-06,+423.031871E-03,+420.226119E-03,+412.018406E-03,+437.604760E-03
-157.500E-06,+357.914619E-03,+360.552753E-03,+417.462292E-03,+427.763890E-03
-155.000E-06,+414.656662E-03,+420.226119E-03,+477.135658E-03,+383.375280E-03
-152.500E-06,+494.011770E-03,+500.628129E-03,+477.135658E-03,+407.035246E-03
-150.000E-06,+406.281453E-03,+468.592953E-03,+460.804000E-03,+487.437256E-03
-147.500E-06,+438.316628E-03,+420.226119E-03,+473.157434E-03,+414.991695E-03
-145.000E-06,+478.308253E-03,+420.226119E-03,+436.725273E-03,+487.437256E-03
-142.500E-06,+442.713613E-03,+424.623104E-03,+477.135658E-03,+407.035246E-03
-140.000E-06,+469.933043E-03,+420.226119E-03,+477.135658E-03,+438.651662E-03
-137.500E-06,+425.544434E-03,+420.226119E-03,+464.363464E-03,+419.807441E-03
-135.000E-06,+415.075423E-03,+420.226119E-03,+511.055256E-03,+430.276452E-03
-132.500E-06,+438.316628E-03,+500.628129E-03,+455.988255E-03,+466.289852E-03
-130.000E-06,+438.316628E-03,+420.226119E-03,+542.671671E-03,+552.973268E-03
-127.500E-06,+489.196025E-03,+471.105516E-03,+506.658271E-03,+436.557859E-03
-125.000E-06,+518.718638E-03,+507.118916E-03,+477.135658E-03,+487.437256E-03
-122.500E-06,+442.922994E-03,+420.226119E-03,+519.639845E-03,+529.941443E-03
-120.000E-06,+597.236225E-03,+500.628129E-03,+555.653245E-03,+485.552834E-03
-117.500E-06,+438.316628E-03,+500.628129E-03,+511.264636E-03,+533.710287E-03
-115.000E-06,+518.718638E-03,+500.628129E-03,+417.252912E-03,+567.839265E-03
-112.500E-06,+518.718638E-03,+445.979888E-03,+502.889427E-03,+487.437256E-03
-110.000E-06,+537.353478E-03,+500.628129E-03,+619.304836E-03,+567.839265E-03
-107.500E-06,+455.695188E-03,+581.030138E-03,+477.135658E-03,+504.815815E-03
-105.000E-06,+518.718638E-03,+554.020088E-03,+530.527618E-03,+487.437256E-03
-102.500E-06,+599.120647E-03,+509.631479E-03,+557.537667E-03,+567.839265E-03
-100.000E-06,+554.103897E-03,+545.644879E-03,+602.554417E-03,+532.454006E-03
-97.500E-06,+598.492506E-03,+501.256269E-03,+637.311536E-03,+567.839265E-03
-95.000E-06,+599.120647E-03,+500.628129E-03,+594.179208E-03,+567.839265E-03
-92.500E-06,+599.120647E-03,+581.030138E-03,+637.939677E-03,+567.839265E-03
-90.000E-06,+599.120647E-03,+581.030138E-03,+609.673345E-03,+567.839265E-03
-87.500E-06,+615.242925E-03,+581.030138E-03,+573.659945E-03,+503.559534E-03
-85.000E-06,+538.609760E-03,+581.030138E-03,+598.157432E-03,+567.839265E-03
-82.500E-06,+518.718638E-03,+556.532651E-03,+557.537667E-03,+543.341778E-03
-80.000E-06,+587.604734E-03,+569.514225E-03,+626.423764E-03,+567.839265E-03
-77.500E-06,+599.120647E-03,+581.030138E-03,+590.410364E-03,+600.711961E-03
-75.000E-06,+602.261350E-03,+584.170841E-03,+634.798973E-03,+567.839265E-03
-72.500E-06,+599.120647E-03,+581.030138E-03,+637.939677E-03,+526.591359E-03
-70.000E-06,+604.355152E-03,+581.030138E-03,+637.939677E-03,+643.006768E-03
-67.500E-06,+568.341753E-03,+611.809032E-03,+656.783897E-03,+567.839265E-03
-65.000E-06,+599.120647E-03,+581.030138E-03,+637.939677E-03,+567.839265E-03
-62.500E-06,+679.522656E-03,+603.433823E-03,+673.534316E-03,+567.839265E-03
-60.000E-06,+599.120647E-03,+581.030138E-03,+579.522592E-03,+648.241274E-03
-57.500E-06,+599.120647E-03,+595.058613E-03,+637.939677E-03,+581.867740E-03
-55.000E-06,+568.760513E-03,+661.432147E-03,+657.621419E-03,+648.241274E-03
-52.500E-06,+604.773913E-03,+586.683404E-03,+712.688420E-03,+648.241274E-03
-50.000E-06,+640.787313E-03,+619.765481E-03,+637.939677E-03,+648.241274E-03
-47.500E-06,+599.120647E-03,+581.030138E-03,+793.299809E-03,+648.241274E-03
-45.000E-06,+646.231199E-03,+614.321595E-03,+604.648220E-03,+601.130722E-03
-42.500E-06,+657.328351E-03,+592.127290E-03,+637.939677E-03,+648.241274E-03
-40.000E-06,+679.522656E-03,+716.917909E-03,+637.939677E-03,+623.325026E-03
-37.500E-06,+618.593008E-03,+661.432147E-03,+657.412038E-03,+628.768913E-03
-35.000E-06,+615.661685E-03,+614.112215E-03,+637.939677E-03,+664.782312E-03
-32.500E-06,+651.675085E-03,+661.432147E-03,+690.494115E-03,+728.643283E-03
-30.000E-06,+671.356827E-03,+589.195967E-03,+718.341686E-03,+720.477454E-03
-27.500E-06,+767.881114E-03,+617.252918E-03,+682.118906E-03,+648.241274E-03
-25.000E-06,+679.522656E-03,+661.641527E-03,+718.341686E-03,+728.433903E-03
-22.500E-06,+679.522656E-03,+706.030136E-03,+709.547716E-03,+684.045294E-03
-20.000E-06,+670.938066E-03,+661.432147E-03,+718.341686E-03,+656.825864E-03
-17.500E-06,+732.495855E-03,+714.405346E-03,+745.770496E-03,+620.812464E-03
-15.000E-06,+696.482455E-03,+661.432147E-03,+735.301485E-03,+728.643283E-03
-12.500E-06,+618.174248E-03,+741.834156E-03,+737.395287E-03,+728.643283E-03
-10.000E-06,+759.924665E-03,+686.767155E-03,+663.274685E-03,+753.978291E-03
-7.500E-06,+679.522656E-03,+661.432147E-03,+648.618069E-03,+739.321675E-03
-5.000E-06,+679.522656E-03,+708.123939E-03,+624.958102E-03,+681.951491E-03
-2.500E-06,+838.023492E-03,+739.530974E-03,+720.644868E-03,+650.544457E-03
-0.0E+00,+717.839238E-03,+699.748730E-03,+714.572842E-03,+690.326701E-03
+2.500E-06,+759.924665E-03,+741.834156E-03,+724.413713E-03,+722.571257E-03
+5.000E-06,+759.924665E-03,+822.236165E-03,+798.743695E-03,+758.584657E-03
+7.500E-06,+759.924665E-03,+807.788929E-03,+732.788922E-03,+794.598056E-03
+10.000E-06,+738.358501E-03,+763.400320E-03,+798.743695E-03,+728.643283E-03
+12.500E-06,+759.924665E-03,+799.413720E-03,+798.743695E-03,+751.465729E-03
+15.000E-06,+827.135720E-03,+741.834156E-03,+785.552740E-03,+728.643283E-03
+17.500E-06,+759.924665E-03,+741.834156E-03,+785.552741E-03,+728.643283E-03
+20.000E-06,+764.740410E-03,+741.834156E-03,+798.743695E-03,+728.643283E-03
+22.500E-06,+840.326674E-03,+782.663302E-03,+718.341686E-03,+768.216147E-03
+25.000E-06,+686.641584E-03,+741.834156E-03,+721.901150E-03,+809.045292E-03
+27.500E-06,+759.924665E-03,+822.236165E-03,+798.743695E-03,+776.591356E-03
+30.000E-06,+759.924665E-03,+753.768829E-03,+730.276359E-03,+809.045292E-03
+32.500E-06,+784.003392E-03,+846.314892E-03,+798.743695E-03,+752.722010E-03
+35.000E-06,+820.016792E-03,+842.546048E-03,+858.835822E-03,+788.735410E-03
+37.500E-06,+824.623157E-03,+757.537674E-03,+814.447212E-03,+809.045292E-03
+40.000E-06,+840.326674E-03,+822.236165E-03,+770.058603E-03,+786.013467E-03
+42.500E-06,+840.326674E-03,+895.309866E-03,+864.489088E-03,+882.118993E-03
+45.000E-06,+796.984966E-03,+822.236165E-03,+835.803996E-03,+809.045292E-03
+47.500E-06,+839.279773E-03,+822.236165E-03,+798.743695E-03,+807.998391E-03
+50.000E-06,+875.293173E-03,+776.800655E-03,+798.743695E-03,+854.480803E-03
+52.500E-06,+840.326674E-03,+760.678377E-03,+879.145704E-03,+818.467403E-03
+55.000E-06,+840.326674E-03,+848.827455E-03,+879.145704E-03,+836.264723E-03
+57.500E-06,+902.931364E-03,+840.033485E-03,+879.145704E-03,+809.045292E-03
+60.000E-06,+920.728683E-03,+822.236165E-03,+879.145704E-03,+827.261373E-03
+62.500E-06,+759.924665E-03,+768.006685E-03,+798.743695E-03,+861.390350E-03
+65.000E-06,+840.326674E-03,+812.395294E-03,+808.584566E-03,+809.045292E-03
+67.500E-06,+794.472403E-03,+810.929633E-03,+959.547713E-03,+889.447302E-03
+70.000E-06,+762.855988E-03,+822.236165E-03,+801.675018E-03,+887.981640E-03
+72.500E-06,+963.651631E-03,+822.236165E-03,+884.589590E-03,+846.524354E-03
+75.000E-06,+920.728683E-03,+829.145713E-03,+886.055252E-03,+815.954840E-03
+77.500E-06,+920.728683E-03,+873.534322E-03,+827.847547E-03,+838.149145E-03
+80.000E-06,+905.443927E-03,+902.638175E-03,+879.145704E-03,+874.162545E-03
+82.500E-06,+861.055317E-03,+842.964808E-03,+959.547713E-03,+770.100569E-03
+85.000E-06,+920.728683E-03,+845.896132E-03,+879.145704E-03,+889.447302E-03
+87.500E-06,+933.082117E-03,+902.638175E-03,+959.547713E-03,+957.495877E-03
+90.000E-06,+872.361850E-03,+902.638175E-03,+911.180880E-03,+921.482477E-03
+92.500E-06,+920.728683E-03,+898.659950E-03,+959.547713E-03,+969.849311E-03
+95.000E-06,+880.737059E-03,+902.638175E-03,+959.547713E-03,+889.447302E-03
+97.500E-06,+920.728683E-03,+907.035159E-03,+959.547713E-03,+965.452326E-03
+100.000E-06,+920.728683E-03,+934.254590E-03,+959.547713E-03,+889.447302E-03
+102.500E-06,+920.728683E-03,+915.410369E-03,+946.775519E-03,+1.037479126E+00
+105.000E-06,+897.487478E-03,+925.879380E-03,+902.386910E-03,+969.849311E-03
+107.500E-06,+941.876087E-03,+983.040184E-03,+959.547713E-03,+910.594705E-03
+110.000E-06,+935.594680E-03,+983.040184E-03,+959.547713E-03,+969.849311E-03
+112.500E-06,+950.251296E-03,+961.683400E-03,+959.547713E-03,+918.969914E-03
+115.000E-06,+1.068551127E+00,+983.040184E-03,+1.107370157E+00,+1.043760533E+00
+117.500E-06,+958.626505E-03,+902.638175E-03,+917.043526E-03,+969.849311E-03
+120.000E-06,+922.613106E-03,+902.638175E-03,+1.038065301E+00,+889.447302E-03
+122.500E-06,+954.857661E-03,+936.767153E-03,+959.547713E-03,+969.849311E-03
+125.000E-06,+1.001130693E+00,+983.040184E-03,+1.029690091E+00,+969.849311E-03
+127.500E-06,+1.055778933E+00,+957.286415E-03,+985.301482E-03,+1.024497551E+00
+130.000E-06,+939.363524E-03,+921.273015E-03,+959.547713E-03,+1.031616479E+00
+132.500E-06,+1.001130693E+00,+902.638175E-03,+1.057328282E+00,+987.227870E-03
+135.000E-06,+947.738733E-03,+929.648225E-03,+1.039949723E+00,+943.467401E-03
+137.500E-06,+1.072529352E+00,+992.043534E-03,+1.111348382E+00,+969.849311E-03
+140.000E-06,+1.036515952E+00,+983.040184E-03,+1.039949723E+00,+1.014866061E+00
+142.500E-06,+1.000502552E+00,+903.894456E-03,+1.039321582E+00,+1.049623179E+00
+145.000E-06,+1.001130693E+00,+983.040184E-03,+996.189254E-03,+1.050251320E+00
+147.500E-06,+1.008877761E+00,+990.787252E-03,+1.055443860E+00,+969.849311E-03
+150.000E-06,+1.001130693E+00,+1.063442193E+00,+1.011683391E+00,+998.115642E-03
+152.500E-06,+1.081532702E+00,+1.063442193E+00,+1.039949723E+00,+985.971589E-03
+155.000E-06,+1.041750458E+00,+1.043551071E+00,+979.438836E-03,+1.050251320E+00
+157.500E-06,+1.081532702E+00,+1.007537671E+00,+1.039949723E+00,+1.050251320E+00
+160.000E-06,+1.081532702E+00,+1.051926280E+00,+1.108835819E+00,+912.479127E-03
+162.500E-06,+1.081532702E+00,+1.015912880E+00,+1.087479035E+00,+1.050251320E+00
+165.000E-06,+1.001130693E+00,+1.060301489E+00,+1.043090426E+00,+969.849311E-03
+167.500E-06,+1.040284796E+00,+1.104690099E+00,+1.000795619E+00,+1.011097217E+00
+170.000E-06,+1.081532702E+00,+1.063442193E+00,+1.115117226E+00,+1.050251320E+00
+172.500E-06,+1.112311596E+00,+1.063442193E+00,+1.120351732E+00,+1.019472426E+00
+175.000E-06,+1.067922987E+00,+996.649899E-03,+1.187144026E+00,+997.068741E-03
+177.500E-06,+1.081532702E+00,+1.063442193E+00,+1.039949723E+00,+1.130653329E+00
+180.000E-06,+1.059547778E+00,+1.027010032E+00,+1.098366807E+00,+1.050251320E+00
+182.500E-06,+1.147906235E+00,+1.063442193E+00,+1.186725265E+00,+1.116624854E+00
+185.000E-06,+1.081532702E+00,+1.063442193E+00,+1.039949723E+00,+1.100293196E+00
+187.500E-06,+1.150628178E+00,+1.063442193E+00,+1.195100475E+00,+1.050251320E+00
+190.000E-06,+1.042797359E+00,+1.021775527E+00,+1.120351732E+00,+1.130653329E+00
+192.500E-06,+1.081532702E+00,+1.141122259E+00,+1.278433807E+00,+1.052973263E+00
+195.000E-06,+1.034422150E+00,+1.096733650E+00,+1.200753741E+00,+1.130653329E+00
+197.500E-06,+1.023324997E+00,+1.132747050E+00,+1.062144027E+00,+1.119556177E+00
+200.000E-06,+1.137018463E+00,+1.088358441E+00,+1.175837493E+00,+1.130653329E+00
+202.500E-06,+1.161934711E+00,+1.124371841E+00,+1.181281379E+00,+1.130653329E+00
+205.000E-06,+1.145393673E+00,+1.143844202E+00,+1.136892770E+00,+1.147194368E+00
+207.500E-06,+1.161934711E+00,+1.115996631E+00,+1.200753741E+00,+1.155360197E+00
+210.000E-06,+1.017462351E+00,+1.071608022E+00,+1.192587912E+00,+1.058417149E+00
+212.500E-06,+1.161934711E+00,+1.099664973E+00,+1.200753741E+00,+1.130653329E+00
+215.000E-06,+1.161934711E+00,+1.224455592E+00,+1.120561112E+00,+1.130653329E+00
+217.500E-06,+1.153140741E+00,+1.108040182E+00,+1.156155752E+00,+1.166457349E+00
+220.000E-06,+1.233752131E+00,+1.215661622E+00,+1.272571161E+00,+1.139237919E+00
+222.500E-06,+1.161934711E+00,+1.171273013E+00,+1.173324930E+00,+1.183626528E+00
+225.000E-06,+1.161934711E+00,+1.143844202E+00,+1.200753741E+00,+1.130653329E+00
+227.500E-06,+1.142881110E+00,+1.143844202E+00,+1.181700140E+00,+1.192001737E+00
+230.000E-06,+1.191666704E+00,+1.169179210E+00,+1.200753741E+00,+1.155988337E+00
+232.500E-06,+1.161934711E+00,+1.143844202E+00,+1.131030124E+00,+1.200376946E+00
+235.000E-06,+1.195644928E+00,+1.190535994E+00,+1.234463958E+00,+1.177345121E+00
+237.500E-06,+1.164237894E+00,+1.224246211E+00,+1.200753741E+00,+1.211055338E+00
+240.000E-06,+1.204020138E+00,+1.143844202E+00,+1.239070324E+00,+1.168969912E+00
+242.500E-06,+1.168006738E+00,+1.298576194E+00,+1.200753741E+00,+1.217127365E+00
+245.000E-06,+1.212395347E+00,+1.143844202E+00,+1.221273004E+00,+1.160594702E+00
+247.500E-06,+1.227889484E+00,+1.224246211E+00,+1.215200977E+00,+1.225502574E+00
+250.000E-06,+1.081532702E+00,+1.224246211E+00,+1.200753741E+00,+1.189489174E+00
+252.500E-06,+1.219514275E+00,+1.224246211E+00,+1.223576186E+00,+1.211055338E+00
+255.000E-06,+1.242336720E+00,+1.211055257E+00,+1.348366805E+00,+1.224246293E+00
+257.500E-06,+1.193132366E+00,+1.255443866E+00,+1.200753741E+00,+1.260259693E+00
+260.000E-06,+1.242336720E+00,+1.224246211E+00,+1.200753741E+00,+1.286641602E+00
+262.500E-06,+1.242336720E+00,+1.265075357E+00,+1.161180877E+00,+1.168969912E+00
+265.000E-06,+1.242336720E+00,+1.220686747E+00,+1.204313205E+00,+1.137772257E+00
+267.500E-06,+1.209882784E+00,+1.224246211E+00,+1.248701814E+00,+1.259003412E+00
+270.000E-06,+1.242336720E+00,+1.224246211E+00,+1.293090423E+00,+1.279522674E+00
+272.500E-06,+1.266415447E+00,+1.224246211E+00,+1.224832468E+00,+1.323701903E+00
+275.000E-06,+1.302428847E+00,+1.284338338E+00,+1.260845868E+00,+1.291457348E+00
+277.500E-06,+1.307035212E+00,+1.288944703E+00,+1.281155750E+00,+1.291457348E+00
+280.000E-06,+1.242336720E+00,+1.252931303E+00,+1.258123925E+00,+1.268425522E+00
+282.500E-06,+1.242336720E+00,+1.231574520E+00,+1.281155750E+00,+1.218383647E+00
+285.000E-06,+1.242336720E+00,+1.304648221E+00,+1.324497458E+00,+1.291457348E+00
+287.500E-06,+1.243383621E+00,+1.225293112E+00,+1.281155750E+00,+1.291457348E+00
+290.000E-06,+1.287772231E+00,+1.259212710E+00,+1.281155750E+00,+1.291457348E+00
+292.500E-06,+1.322738729E+00,+1.304648221E+00,+1.361557759E+00,+1.229899559E+00
+295.000E-06,+1.296147440E+00,+1.250837501E+00,+1.334966470E+00,+1.371859357E+00
+297.500E-06,+1.322738729E+00,+1.385050230E+00,+1.406365129E+00,+1.228852658E+00
+300.000E-06,+1.340954810E+00,+1.304648221E+00,+1.405527608E+00,+1.229271419E+00
+302.500E-06,+1.296566200E+00,+1.304648221E+00,+1.335385230E+00,+1.291457348E+00
+305.000E-06,+1.312897858E+00,+1.224246211E+00,+1.361557759E+00,+1.362018486E+00
+307.500E-06,+1.288190991E+00,+1.339195959E+00,+1.315703488E+00,+1.291457348E+00
+310.000E-06,+1.322738729E+00,+1.306113882E+00,+1.361557759E+00,+1.371859357E+00
+312.500E-06,+1.285259668E+00,+1.304648221E+00,+1.324078698E+00,+1.334380295E+00
+315.000E-06,+1.329648277E+00,+1.304648221E+00,+1.435050221E+00,+1.371859357E+00
+317.500E-06,+1.322738729E+00,+1.355946377E+00,+1.361557759E+00,+1.342755504E+00
+320.000E-06,+1.387855982E+00,+1.385050230E+00,+1.361557759E+00,+1.356574600E+00
+322.500E-06,+1.322738729E+00,+1.346105507E+00,+1.361557759E+00,+1.351130714E+00
+325.000E-06,+1.403140739E+00,+1.328308187E+00,+1.361557759E+00,+1.348199391E+00
+327.500E-06,+1.322738729E+00,+1.397403663E+00,+1.373911193E+00,+1.452261366E+00
+330.000E-06,+1.403140739E+00,+1.336683396E+00,+1.441959769E+00,+1.339824181E+00
+332.500E-06,+1.326716954E+00,+1.385050230E+00,+1.285133975E+00,+1.371859357E+00
+335.000E-06,+1.362730354E+00,+1.385050230E+00,+1.361557759E+00,+1.331448972E+00
+337.500E-06,+1.407537723E+00,+1.380653245E+00,+1.365954744E+00,+1.371859357E+00
+340.000E-06,+1.354355145E+00,+1.433835824E+00,+1.441959769E+00,+1.403475772E+00
+342.500E-06,+1.390368544E+00,+1.397822424E+00,+1.509589584E+00,+1.371859357E+00
+345.000E-06,+1.322738729E+00,+1.385050230E+00,+1.441959769E+00,+1.395100563E+00
+347.500E-06,+1.424288142E+00,+1.385050230E+00,+1.382705163E+00,+1.371859357E+00
+350.000E-06,+1.403140739E+00,+1.530988252E+00,+1.391289752E+00,+1.437395369E+00
+352.500E-06,+1.373618126E+00,+1.435929626E+00,+1.471482381E+00,+1.371859357E+00
+355.000E-06,+1.477051961E+00,+1.385050230E+00,+1.435468981E+00,+1.297948135E+00
+357.500E-06,+1.403140739E+00,+1.385050230E+00,+1.479857591E+00,+1.371859357E+00
+360.000E-06,+1.403140739E+00,+1.465452239E+00,+1.441959769E+00,+1.373743779E+00
+362.500E-06,+1.449413770E+00,+1.465452239E+00,+1.441959769E+00,+1.291457348E+00
+365.000E-06,+1.473283116E+00,+1.455192608E+00,+1.371817391E+00,+1.442001735E+00
+367.500E-06,+1.432035211E+00,+1.494346711E+00,+1.496608009E+00,+1.452261366E+00
+370.000E-06,+1.421775579E+00,+1.446817398E+00,+1.441959769E+00,+1.470896207E+00
+372.500E-06,+1.340117289E+00,+1.385050230E+00,+1.441959769E+00,+1.452261366E+00
+375.000E-06,+1.376758829E+00,+1.465452239E+00,+1.468969818E+00,+1.452261366E+00
+377.500E-06,+1.474539398E+00,+1.465452239E+00,+1.522361778E+00,+1.443258016E+00
+380.000E-06,+1.483542748E+00,+1.420435489E+00,+1.441959769E+00,+1.532663375E+00
+382.500E-06,+1.403768879E+00,+1.385050230E+00,+1.441959769E+00,+1.371859357E+00
+385.000E-06,+1.439782279E+00,+1.465452239E+00,+1.485720237E+00,+1.488902907E+00
+387.500E-06,+1.475795679E+00,+1.465452239E+00,+1.449706837E+00,+1.605318316E+00
+390.000E-06,+1.483542748E+00,+1.493718570E+00,+1.522361778E+00,+1.480527697E+00
+392.500E-06,+1.531700201E+00,+1.481574517E+00,+1.522361778E+00,+1.532663375E+00
+395.000E-06,+1.423031861E+00,+1.485343361E+00,+1.542252900E+00,+1.512772253E+00
+397.500E-06,+1.483542748E+00,+1.521356761E+00,+1.553768813E+00,+1.483668401E+00
+400.000E-06,+1.552428844E+00,+1.465452239E+00,+1.510845865E+00,+1.452261366E+00
+402.500E-06,+1.483542748E+00,+1.545854248E+00,+1.522361778E+00,+1.452261366E+00
+405.000E-06,+1.483542748E+00,+1.468592942E+00,+1.522361778E+00,+1.455402069E+00
+407.500E-06,+1.524790654E+00,+1.545854248E+00,+1.522361778E+00,+1.452261366E+00
+410.000E-06,+1.488777254E+00,+1.465452239E+00,+1.527596283E+00,+1.532663375E+00
+412.500E-06,+1.514321642E+00,+1.515075354E+00,+1.571984893E+00,+1.563442269E+00
+415.000E-06,+1.617127336E+00,+1.479061954E+00,+1.535971493E+00,+1.532663375E+00
+417.500E-06,+1.483542748E+00,+1.465452239E+00,+1.544765463E+00,+1.613065384E+00
+420.000E-06,+1.527512596E+00,+1.567839172E+00,+1.522361778E+00,+1.591080460E+00
+422.500E-06,+1.563944757E+00,+1.531825772E+00,+1.536390253E+00,+1.532663375E+00
+425.000E-06,+1.563944757E+00,+1.595896124E+00,+1.572403653E+00,+1.563023509E+00
+427.500E-06,+1.638693500E+00,+1.551507514E+00,+1.522361778E+00,+1.613065384E+00
+430.000E-06,+1.561013434E+00,+1.545854248E+00,+1.602763787E+00,+1.615996708E+00
+432.500E-06,+1.563944757E+00,+1.545854248E+00,+1.602763787E+00,+1.535385318E+00
+435.000E-06,+1.483542748E+00,+1.545854248E+00,+1.602763787E+00,+1.532663375E+00
+437.500E-06,+1.622152462E+00,+1.545854248E+00,+1.533458930E+00,+1.532663375E+00
+440.000E-06,+1.588861005E+00,+1.576423762E+00,+1.658249548E+00,+1.477177614E+00
+442.500E-06,+1.605402043E+00,+1.606783896E+00,+1.602763787E+00,+1.593593023E+00
+445.000E-06,+1.563944757E+00,+1.609715219E+00,+1.619304825E+00,+1.532663375E+00
+447.500E-06,+1.511390319E+00,+1.545854248E+00,+1.602763787E+00,+1.560510946E+00
+450.000E-06,+1.636180937E+00,+1.618090428E+00,+1.522361778E+00,+1.613065384E+00
+452.500E-06,+1.527721977E+00,+1.626256257E+00,+1.602763787E+00,+1.613065384E+00
+455.000E-06,+1.644346766E+00,+1.545854248E+00,+1.682956416E+00,+1.693048633E+00
+457.500E-06,+1.563944757E+00,+1.635050227E+00,+1.602763787E+00,+1.648869404E+00
+460.000E-06,+1.572529346E+00,+1.554438838E+00,+1.611348376E+00,+1.613065384E+00
+462.500E-06,+1.563944757E+00,+1.626256257E+00,+1.575334976E+00,+1.560092186E+00
+465.000E-06,+1.724748775E+00,+1.545854248E+00,+1.683165796E+00,+1.613065384E+00
+467.500E-06,+1.644346766E+00,+1.626256257E+00,+1.683165796E+00,+1.613065384E+00
+470.000E-06,+1.724748775E+00,+1.651591265E+00,+1.602763787E+00,+1.613065384E+00
+472.500E-06,+1.644346766E+00,+1.685301483E+00,+1.602763787E+00,+1.613065384E+00
+475.000E-06,+1.644346766E+00,+1.672948049E+00,+1.649455579E+00,+1.646775602E+00
+477.500E-06,+1.724748775E+00,+1.628559440E+00,+1.685468979E+00,+1.615368567E+00
+480.000E-06,+1.682663349E+00,+1.706658266E+00,+1.560678360E+00,+1.613065384E+00
+482.500E-06,+1.644346766E+00,+1.626256257E+00,+1.689237823E+00,+1.619137411E+00
+485.000E-06,+1.724748775E+00,+1.676716893E+00,+1.713107169E+00,+1.613065384E+00
+487.500E-06,+1.644346766E+00,+1.692211031E+00,+1.668718560E+00,+1.693467394E+00
+490.000E-06,+1.724748775E+00,+1.685092103E+00,+1.683165796E+00,+1.715033557E+00
+492.500E-06,+1.644346766E+00,+1.706658266E+00,+1.740745360E+00,+1.693467394E+00
+495.000E-06,+1.644346766E+00,+1.639447212E+00,+1.669974841E+00,+1.760678448E+00
+497.500E-06,+1.693551121E+00,+1.675460612E+00,+1.714363451E+00,+1.693467394E+00
+500.000E-06,+1.724748775E+00,+1.706658266E+00,+1.687981541E+00,+1.693467394E+00
+502.500E-06,+1.644346766E+00,+1.626256257E+00,+1.723994941E+00,+1.733040257E+00
+505.000E-06,+1.724748775E+00,+1.626256257E+00,+1.683165796E+00,+1.693467394E+00
+507.500E-06,+1.676800702E+00,+1.706658266E+00,+1.715619732E+00,+1.693467394E+00
+510.000E-06,+1.724748775E+00,+1.787060276E+00,+1.695100469E+00,+1.693467394E+00
+512.500E-06,+1.700670049E+00,+1.706658266E+00,+1.683165796E+00,+1.797948129E+00
+515.000E-06,+1.745058658E+00,+1.726968149E+00,+1.743257923E+00,+1.693467394E+00
+517.500E-06,+1.724748775E+00,+1.722361784E+00,+1.747864288E+00,+1.709170911E+00
+520.000E-06,+1.673031858E+00,+1.654941349E+00,+1.843969814E+00,+1.745184311E+00
+522.500E-06,+1.717420467E+00,+1.706658266E+00,+1.690494104E+00,+1.700795702E+00
+525.000E-06,+1.768090483E+00,+1.749999975E+00,+1.757286398E+00,+1.736809102E+00
+527.500E-06,+1.725795676E+00,+1.707705168E+00,+1.762520904E+00,+1.693467394E+00
+530.000E-06,+1.805150785E+00,+1.741624765E+00,+1.718132295E+00,+1.773869403E+00
+532.500E-06,+1.795728674E+00,+1.787060276E+00,+1.763567805E+00,+1.773869403E+00
+535.000E-06,+1.805150785E+00,+1.787060276E+00,+1.763567805E+00,+1.747278113E+00
+537.500E-06,+1.742546095E+00,+1.724455586E+00,+1.763567805E+00,+1.791666722E+00
+540.000E-06,+1.805150785E+00,+1.849246205E+00,+1.781783886E+00,+1.773869403E+00
+542.500E-06,+1.805150785E+00,+1.652428786E+00,+1.843969814E+00,+1.773869403E+00
+545.000E-06,+1.734589646E+00,+1.716499137E+00,+1.834128944E+00,+1.773869403E+00
+547.500E-06,+1.805150785E+00,+1.798366808E+00,+1.798115544E+00,+1.808417141E+00
+550.000E-06,+1.805150785E+00,+1.787060276E+00,+1.765033467E+00,+1.852805750E+00
+552.500E-06,+1.848073732E+00,+1.744137328E+00,+1.806490753E+00,+1.773869403E+00
+555.000E-06,+1.724748775E+00,+1.793969823E+00,+1.763567805E+00,+1.773869403E+00
+557.500E-06,+1.776046932E+00,+1.787060276E+00,+1.873073667E+00,+1.802973255E+00
+560.000E-06,+1.820435541E+00,+1.802345033E+00,+1.828685058E+00,+1.773869403E+00
+562.500E-06,+1.864824151E+00,+1.927135651E+00,+1.805025091E+00,+1.833542769E+00
+565.000E-06,+1.861892828E+00,+1.810720242E+00,+1.787227771E+00,+1.797529369E+00
+567.500E-06,+1.860845926E+00,+1.731365134E+00,+1.831616381E+00,+1.786222836E+00
+570.000E-06,+1.805150785E+00,+1.883793943E+00,+1.811934639E+00,+1.773869403E+00
+572.500E-06,+1.805150785E+00,+1.943886070E+00,+1.847948039E+00,+1.850293187E+00
+575.000E-06,+1.885552794E+00,+1.787060276E+00,+1.883961439E+00,+1.814279787E+00
+577.500E-06,+1.809547769E+00,+1.867462285E+00,+1.843969814E+00,+1.849874427E+00
+580.000E-06,+1.853936379E+00,+1.867462285E+00,+1.924371824E+00,+1.839824176E+00
+582.500E-06,+1.817922979E+00,+1.880234479E+00,+1.843969814E+00,+1.854271412E+00
+585.000E-06,+1.862311588E+00,+1.844221079E+00,+1.901130618E+00,+1.854271412E+00
+587.500E-06,+1.885552794E+00,+1.808207679E+00,+1.865117218E+00,+1.833124008E+00
+590.000E-06,+1.885552794E+00,+1.867462285E+00,+1.843969814E+00,+1.854271412E+00
+592.500E-06,+1.885552794E+00,+1.837939672E+00,+1.894849211E+00,+1.905150808E+00
+595.000E-06,+1.811641572E+00,+1.860971498E+00,+1.843969814E+00,+1.928182634E+00
+597.500E-06,+1.880946429E+00,+1.867462285E+00,+1.924371824E+00,+1.769263038E+00
+600.000E-06,+1.883668372E+00,+1.869346707E+00,+1.922487402E+00,+1.854271412E+00
+602.500E-06,+1.885552794E+00,+1.913735316E+00,+1.878098792E+00,+1.888400390E+00
+605.000E-06,+1.885552794E+00,+1.787060276E+00,+1.924371824E+00,+1.844011781E+00
+607.500E-06,+1.805150785E+00,+1.867462285E+00,+1.924371824E+00,+1.908919652E+00
+610.000E-06,+1.904187634E+00,+1.886097125E+00,+1.924371824E+00,+1.916038580E+00
+612.500E-06,+1.902931353E+00,+1.884840844E+00,+2.004773833E+00,+1.871649971E+00
+615.000E-06,+1.832160834E+00,+1.867462285E+00,+1.977763783E+00,+1.881281462E+00
+617.500E-06,+1.885552794E+00,+1.867462285E+00,+2.004773833E+00,+1.854271412E+00
+620.000E-06,+1.920938053E+00,+1.902847544E+00,+1.969388574E+00,+1.889656671E+00
+622.500E-06,+1.965326662E+00,+1.947864294E+00,+1.924999964E+00,+1.854271412E+00
+625.000E-06,+1.841792325E+00,+1.947864294E+00,+1.924371824E+00,+1.890912953E+00
+627.500E-06,+1.965954803E+00,+1.867462285E+00,+1.843969814E+00,+1.934673421E+00
+630.000E-06,+2.046356812E+00,+1.947864294E+00,+1.976507501E+00,+1.934673421E+00
+632.500E-06,+1.949832525E+00,+1.947864294E+00,+1.924371824E+00,+1.982830875E+00
+635.000E-06,+1.965954803E+00,+1.947864294E+00,+1.984882711E+00,+1.995184308E+00
+637.500E-06,+1.941457316E+00,+1.923366807E+00,+1.980276346E+00,+1.934673421E+00
+640.000E-06,+1.965954803E+00,+1.947864294E+00,+2.016289746E+00,+1.946189334E+00
+642.500E-06,+1.933082107E+00,+1.980736990E+00,+1.971901136E+00,+1.934673421E+00
+645.000E-06,+1.885552794E+00,+1.870602988E+00,+2.004773833E+00,+1.937814125E+00
+647.500E-06,+1.968048605E+00,+1.987018398E+00,+2.004773833E+00,+2.015075430E+00
+650.000E-06,+2.041122306E+00,+1.947864294E+00,+2.004773833E+00,+2.085008428E+00
+652.500E-06,+1.965954803E+00,+1.947864294E+00,+1.955150718E+00,+2.015075430E+00
+655.000E-06,+1.979564518E+00,+2.028266303E+00,+2.004773833E+00,+1.987856000E+00
+657.500E-06,+2.023953127E+00,+1.970267979E+00,+1.946775509E+00,+2.015075430E+00
+660.000E-06,+1.965954803E+00,+2.006281379E+00,+2.063190918E+00,+1.934673421E+00
+662.500E-06,+1.965954803E+00,+2.028266303E+00,+2.004773833E+00,+2.001046955E+00
+665.000E-06,+2.015996678E+00,+2.028266303E+00,+1.974413699E+00,+1.934673421E+00
+667.500E-06,+2.040703546E+00,+2.028266303E+00,+2.004773833E+00,+2.015075430E+00
+670.000E-06,+2.085092155E+00,+1.989530960E+00,+2.043509176E+00,+1.976340087E+00
+672.500E-06,+2.046356812E+00,+2.028266303E+00,+2.085175842E+00,+1.937395364E+00
+675.000E-06,+1.999246260E+00,+2.028266303E+00,+2.038065290E+00,+2.015075430E+00
+677.500E-06,+2.057453964E+00,+1.947864294E+00,+2.085175842E+00,+2.015075430E+00
+680.000E-06,+2.046356812E+00,+2.028266303E+00,+2.060259594E+00,+1.984505916E+00
+682.500E-06,+2.046356812E+00,+2.047738665E+00,+1.943844185E+00,+2.015075430E+00
+685.000E-06,+1.965954803E+00,+2.108668312E+00,+1.924371824E+00,+2.015075430E+00
+687.500E-06,+2.046356812E+00,+2.108668312E+00,+2.057328271E+00,+2.015075430E+00
+690.000E-06,+2.118592992E+00,+2.028266303E+00,+2.012939662E+00,+2.095477439E+00
+692.500E-06,+2.082579592E+00,+2.028266303E+00,+2.093132291E+00,+1.970896201E+00
+695.000E-06,+2.046356812E+00,+2.028475683E+00,+2.004773833E+00,+2.015284810E+00
+697.500E-06,+2.046356812E+00,+2.028266303E+00,+2.040577853E+00,+2.059673420E+00
+700.000E-06,+2.109589642E+00,+2.100083723E+00,+2.085175842E+00,+2.015075430E+00
+702.500E-06,+2.099330011E+00,+2.081239502E+00,+2.138149041E+00,+2.095477439E+00
+705.000E-06,+2.109799023E+00,+2.045226102E+00,+2.068216043E+00,+2.032035229E+00
+707.500E-06,+2.046356812E+00,+2.108668312E+00,+2.085175842E+00,+2.095477439E+00
+710.000E-06,+2.046356812E+00,+2.078936319E+00,+2.085175842E+00,+2.095477439E+00
+712.500E-06,+2.046356812E+00,+2.028266303E+00,+2.015452225E+00,+2.095477439E+00
+715.000E-06,+2.160469039E+00,+2.142378530E+00,+2.131867634E+00,+2.095477439E+00
+717.500E-06,+2.048659995E+00,+2.108668312E+00,+2.087479025E+00,+2.173576266E+00
+720.000E-06,+2.084673395E+00,+2.108668312E+00,+2.123492425E+00,+2.057160857E+00
+722.500E-06,+2.052428839E+00,+2.102596286E+00,+2.159505825E+00,+2.095477439E+00
+725.000E-06,+2.096817448E+00,+2.108668312E+00,+2.085175842E+00,+2.065536066E+00
+727.500E-06,+2.112311585E+00,+2.123115548E+00,+2.085175842E+00,+2.175879449E+00
+730.000E-06,+2.126758821E+00,+2.145937994E+00,+2.165577851E+00,+2.175879449E+00
+732.500E-06,+1.988777248E+00,+2.131490758E+00,+2.165577851E+00,+2.153057003E+00
+735.000E-06,+2.193969876E+00,+2.189070322E+00,+2.165577851E+00,+2.028266385E+00
+737.500E-06,+2.157956476E+00,+2.077470658E+00,+2.165577851E+00,+2.095477439E+00
+740.000E-06,+2.202345085E+00,+2.179438831E+00,+2.165577851E+00,+2.175879449E+00
+742.500E-06,+2.166331685E+00,+2.149497458E+00,+2.205150715E+00,+2.175879449E+00
+745.000E-06,+2.203601367E+00,+2.112227776E+00,+2.092294770E+00,+2.172319985E+00
+747.500E-06,+2.159212757E+00,+2.189070322E+00,+2.213525924E+00,+2.175879449E+00
+750.000E-06,+2.207160830E+00,+2.108668312E+00,+2.165577851E+00,+2.107412113E+00
+752.500E-06,+2.174916275E+00,+2.164991595E+00,+2.189656578E+00,+2.175879449E+00
+755.000E-06,+2.147068704E+00,+2.128978195E+00,+2.265452222E+00,+2.115787322E+00
+757.500E-06,+2.207160830E+00,+2.189070322E+00,+2.100879360E+00,+2.191582966E+00
+760.000E-06,+2.184129005E+00,+2.160385230E+00,+2.194262943E+00,+2.175879449E+00
+762.500E-06,+2.280234532E+00,+2.189070322E+00,+2.238651552E+00,+2.175879449E+00
+765.000E-06,+2.163819122E+00,+2.232412030E+00,+2.165577851E+00,+2.132537741E+00
+767.500E-06,+2.208207732E+00,+2.189070322E+00,+2.166624752E+00,+2.097571242E+00
+770.000E-06,+2.172194332E+00,+2.189070322E+00,+2.291415371E+00,+2.266750469E+00
+772.500E-06,+2.287562840E+00,+2.189070322E+00,+2.245979860E+00,+2.185301559E+00
+775.000E-06,+2.207160830E+00,+2.189070322E+00,+2.192169141E+00,+2.175879449E+00
+777.500E-06,+2.189363511E+00,+2.269472331E+00,+2.245979860E+00,+2.158082129E+00
+780.000E-06,+2.163190982E+00,+2.189070322E+00,+2.139824083E+00,+2.238065378E+00
+782.500E-06,+2.233333359E+00,+2.189070322E+00,+2.219807331E+00,+2.175879449E+00
+785.000E-06,+2.207160830E+00,+2.198911193E+00,+2.316540999E+00,+2.185720320E+00
+787.500E-06,+2.195854298E+00,+2.223618060E+00,+2.200125590E+00,+2.256281458E+00
+790.000E-06,+2.286097178E+00,+2.192001645E+00,+2.245979860E+00,+2.177345110E+00
+792.500E-06,+2.244639892E+00,+2.226549383E+00,+2.203056913E+00,+2.213358510E+00
+795.000E-06,+2.266834197E+00,+2.269472331E+00,+2.245979860E+00,+2.329773919E+00
+797.500E-06,+2.258458987E+00,+2.240368478E+00,+2.245979860E+00,+2.256281458E+00
+800.000E-06,+2.142043578E+00,+2.189070322E+00,+2.245979860E+00,+2.271566215E+00
+802.500E-06,+2.227889474E+00,+2.230527608E+00,+2.245979860E+00,+2.315954824E+00
+805.000E-06,+2.344304883E+00,+2.245812365E+00,+2.245979860E+00,+2.256281458E+00
+807.500E-06,+2.343257981E+00,+2.269472331E+00,+2.326381870E+00,+2.256281458E+00
+810.000E-06,+2.319598015E+00,+2.269472331E+00,+2.245979860E+00,+2.336683467E+00
+812.500E-06,+2.367964849E+00,+2.269472331E+00,+2.326381870E+00,+2.332705243E+00
+815.000E-06,+2.247152455E+00,+2.269472331E+00,+2.326381870E+00,+2.256281458E+00
+817.500E-06,+2.291959825E+00,+2.269472331E+00,+2.326381870E+00,+2.256281458E+00
+820.000E-06,+2.336348434E+00,+2.318257925E+00,+2.277596276E+00,+2.273450637E+00
+822.500E-06,+2.329648267E+00,+2.349874340E+00,+2.326381870E+00,+2.336683467E+00
+825.000E-06,+2.287562840E+00,+2.269472331E+00,+2.383542673E+00,+2.256281458E+00
+827.500E-06,+2.346817445E+00,+2.328726937E+00,+2.347529273E+00,+2.277428861E+00
+830.000E-06,+2.287562840E+00,+2.269472331E+00,+2.326381870E+00,+2.271147454E+00
+832.500E-06,+2.346608065E+00,+2.400753736E+00,+2.245979860E+00,+2.256281458E+00
+835.000E-06,+2.361474062E+00,+2.349874340E+00,+2.252470648E+00,+2.330192680E+00
+837.500E-06,+2.330067027E+00,+2.354480705E+00,+2.326381870E+00,+2.341289832E+00
+840.000E-06,+2.367964849E+00,+2.271356753E+00,+2.404899457E+00,+2.334799045E+00
+842.500E-06,+2.287562840E+00,+2.269472331E+00,+2.372654901E+00,+2.290410436E+00
+845.000E-06,+2.297822471E+00,+2.349874340E+00,+2.336641501E+00,+2.336683467E+00
+847.500E-06,+2.313316608E+00,+2.349874340E+00,+2.271733629E+00,+2.336683467E+00
+850.000E-06,+2.349330008E+00,+2.349874340E+00,+2.406783879E+00,+2.336683467E+00
+852.500E-06,+2.287562840E+00,+2.349874340E+00,+2.372026760E+00,+2.273660017E+00
+855.000E-06,+2.421356808E+00,+2.269472331E+00,+2.379773829E+00,+2.336683467E+00
+857.500E-06,+2.367964849E+00,+2.421272999E+00,+2.263986560E+00,+2.336683467E+00
+860.000E-06,+2.332579590E+00,+2.349874340E+00,+2.361767129E+00,+2.346314958E+00
+862.500E-06,+2.447738717E+00,+2.349874340E+00,+2.327010010E+00,+2.256909599E+00
+865.000E-06,+2.331323308E+00,+2.430276349E+00,+2.450544347E+00,+2.292922999E+00
+867.500E-06,+2.367964849E+00,+2.422529281E+00,+2.334128938E+00,+2.401591339E+00
+870.000E-06,+2.367964849E+00,+2.349874340E+00,+2.458919557E+00,+2.388819145E+00
+872.500E-06,+2.367964849E+00,+2.349874340E+00,+2.406783879E+00,+2.352805745E+00
+875.000E-06,+2.428475736E+00,+2.410385227E+00,+2.406783879E+00,+2.336683467E+00
+877.500E-06,+2.423869371E+00,+2.405778862E+00,+2.382286392E+00,+2.361180954E+00
+880.000E-06,+2.299078753E+00,+2.361390253E+00,+2.395267966E+00,+2.417085476E+00
+882.500E-06,+2.367964849E+00,+2.349874340E+00,+2.454313192E+00,+2.336683467E+00
+885.000E-06,+2.364824145E+00,+2.353015044E+00,+2.409924582E+00,+2.413944773E+00
+887.500E-06,+2.367964849E+00,+2.349874340E+00,+2.445937982E+00,+2.419179278E+00
+890.000E-06,+2.437897847E+00,+2.349874340E+00,+2.406783879E+00,+2.417085476E+00
+892.500E-06,+2.448366858E+00,+2.430276349E+00,+2.437562773E+00,+2.417085476E+00
+895.000E-06,+2.515159152E+00,+2.416666634E+00,+2.406783879E+00,+2.430695191E+00
+897.500E-06,+2.448366858E+00,+2.430276349E+00,+2.406783879E+00,+2.475083801E+00
+900.000E-06,+2.506783943E+00,+2.408291425E+00,+2.406783879E+00,+2.358668391E+00
+902.500E-06,+2.448366858E+00,+2.444304825E+00,+2.420812354E+00,+2.483459010E+00
+905.000E-06,+2.398324983E+00,+2.430276349E+00,+2.406783879E+00,+2.397403734E+00
+907.500E-06,+2.448366858E+00,+2.430276349E+00,+2.406783879E+00,+2.422738743E+00
+910.000E-06,+2.448366858E+00,+2.427345026E+00,+2.448450545E+00,+2.417085476E+00
+912.500E-06,+2.526046924E+00,+2.507956415E+00,+2.487185888E+00,+2.339405410E+00
+915.000E-06,+2.401256306E+00,+2.463567806E+00,+2.453894431E+00,+2.417085476E+00
+917.500E-06,+2.448366858E+00,+2.349874340E+00,+2.487185888E+00,+2.358877772E+00
+920.000E-06,+2.448366858E+00,+2.455192597E+00,+2.456616374E+00,+2.442001724E+00
+922.500E-06,+2.448366858E+00,+2.430276349E+00,+2.567587897E+00,+2.417085476E+00
+925.000E-06,+2.320644916E+00,+2.510678358E+00,+2.423324917E+00,+2.433626515E+00
+927.500E-06,+2.448366858E+00,+2.535385226E+00,+2.406783879E+00,+2.469639915E+00
+930.000E-06,+2.520603038E+00,+2.438442178E+00,+2.487185888E+00,+2.489321656E+00
+932.500E-06,+2.484589638E+00,+2.518634807E+00,+2.443006659E+00,+2.453308256E+00
+935.000E-06,+2.448576238E+00,+2.510468978E+00,+2.407202639E+00,+2.497487485E+00
+937.500E-06,+2.448366858E+00,+2.510678358E+00,+2.522989908E+00,+2.497487485E+00
+940.000E-06,+2.528768867E+00,+2.573911189E+00,+2.495770477E+00,+2.497487485E+00
+942.500E-06,+2.448366858E+00,+2.510678358E+00,+2.487185888E+00,+2.497487485E+00
+945.000E-06,+2.592211078E+00,+2.493718560E+00,+2.487185888E+00,+2.451005074E+00
+947.500E-06,+2.490661665E+00,+2.491624757E+00,+2.586641498E+00,+2.497487485E+00
+950.000E-06,+2.528768867E+00,+2.485343350E+00,+2.487185888E+00,+2.577889495E+00
+952.500E-06,+2.609170876E+00,+2.580401976E+00,+2.556909505E+00,+2.486809094E+00
+955.000E-06,+2.528768867E+00,+2.557370150E+00,+2.520896105E+00,+2.544179277E+00
+957.500E-06,+2.450670041E+00,+2.510678358E+00,+2.489489071E+00,+2.577889495E+00
+960.000E-06,+2.570854294E+00,+2.472361776E+00,+2.529271315E+00,+2.577889495E+00
+962.500E-06,+2.528768867E+00,+2.510678358E+00,+2.567587897E+00,+2.571817468E+00
+965.000E-06,+2.498827494E+00,+2.510678358E+00,+2.537646524E+00,+2.497487485E+00
+967.500E-06,+2.594723640E+00,+2.525125594E+00,+2.516080360E+00,+2.511934721E+00
+970.000E-06,+2.491499186E+00,+2.553810686E+00,+2.508752052E+00,+2.497487485E+00
+972.500E-06,+2.528768867E+00,+2.568257922E+00,+2.544765452E+00,+2.555067049E+00
+975.000E-06,+2.595979922E+00,+2.510678358E+00,+2.580778852E+00,+2.523869395E+00
+977.500E-06,+2.528768867E+00,+2.591080368E+00,+2.518383543E+00,+2.528685140E+00
+980.000E-06,+2.613986622E+00,+2.586264622E+00,+2.567587897E+00,+2.577889495E+00
+982.500E-06,+2.528768867E+00,+2.551507504E+00,+2.607160761E+00,+2.618718640E+00
+985.000E-06,+2.609170876E+00,+2.514237822E+00,+2.647989906E+00,+2.574330031E+00
+987.500E-06,+2.528768867E+00,+2.558626432E+00,+2.567587897E+00,+2.514447284E+00
+990.000E-06,+2.677638212E+00,+2.591080368E+00,+2.636055233E+00,+2.565954821E+00
+992.500E-06,+2.496524312E+00,+2.510678358E+00,+2.623911180E+00,+2.634212777E+00
+995.000E-06,+2.568551111E+00,+2.611390250E+00,+2.567587897E+00,+2.577889495E+00
+997.500E-06,+2.593467359E+00,+2.575376850E+00,+2.567587897E+00,+2.577889495E+00
+1.000000E-03,+2.580485785E+00,+2.642797285E+00,+2.567587897E+00,+2.606574586E+00
+1.002500E-03,+2.682244577E+00,+2.671482377E+00,+2.647989906E+00,+2.570561186E+00
+1.005000E-03,+2.609170876E+00,+2.628140669E+00,+2.567587897E+00,+2.621231203E+00
+1.007500E-03,+2.609170876E+00,+2.592127269E+00,+2.647989906E+00,+2.656197702E+00
+1.010000E-03,+2.644137375E+00,+2.626046866E+00,+2.647989906E+00,+2.577889495E+00
+1.012500E-03,+2.538190978E+00,+2.581658257E+00,+2.647989906E+00,+2.577889495E+00
+1.015000E-03,+2.609170876E+00,+2.644891087E+00,+2.701800626E+00,+2.631700214E+00
+1.017500E-03,+2.591373557E+00,+2.591080368E+00,+2.665787226E+00,+2.577889495E+00
+1.020000E-03,+2.503015099E+00,+2.609296448E+00,+2.604020058E+00,+2.596105575E+00
+1.022500E-03,+2.609170876E+00,+2.591080368E+00,+2.619932955E+00,+2.605946446E+00
+1.025000E-03,+2.599330005E+00,+2.661641506E+00,+2.577428768E+00,+2.577889495E+00
+1.027500E-03,+2.655025147E+00,+2.636934638E+00,+2.567587897E+00,+2.612437233E+00
+1.030000E-03,+2.691038547E+00,+2.750418724E+00,+2.569053559E+00,+2.500418809E+00
+1.032500E-03,+2.652093824E+00,+2.671482377E+00,+2.647989906E+00,+2.577889495E+00
+1.035000E-03,+2.682663338E+00,+2.591080368E+00,+2.641080359E+00,+2.658291504E+00
+1.037500E-03,+2.609170876E+00,+2.642378524E+00,+2.721482368E+00,+2.577889495E+00
+1.040000E-03,+2.593886120E+00,+2.671482377E+00,+2.663274663E+00,+2.577889495E+00
+1.042500E-03,+2.629899519E+00,+2.611809011E+00,+2.647989906E+00,+2.598618138E+00
+1.045000E-03,+2.713232852E+00,+2.591080368E+00,+2.647989906E+00,+2.681951470E+00
+1.047500E-03,+2.689572886E+00,+2.535385226E+00,+2.716038482E+00,+2.590242928E+00
+1.050000E-03,+2.657537710E+00,+2.591080368E+00,+2.680025082E+00,+2.658291504E+00
+1.052500E-03,+2.685594661E+00,+2.675460601E+00,+2.647989906E+00,+2.658291504E+00
+1.055000E-03,+2.609170876E+00,+2.591080368E+00,+2.688400291E+00,+2.658291504E+00
+1.057500E-03,+2.617964846E+00,+2.671482377E+00,+2.647989906E+00,+2.734296528E+00
+1.060000E-03,+2.657956471E+00,+2.671482377E+00,+2.647989906E+00,+2.658291504E+00
+1.062500E-03,+2.757202701E+00,+2.591080368E+00,+2.593132285E+00,+2.713149125E+00
+1.065000E-03,+2.609170876E+00,+2.728643180E+00,+2.681909504E+00,+2.658291504E+00
+1.067500E-03,+2.630318280E+00,+2.612227771E+00,+2.707244512E+00,+2.679438907E+00
+1.070000E-03,+2.689572886E+00,+2.671482377E+00,+2.647989906E+00,+2.658291504E+00
+1.072500E-03,+2.638693489E+00,+2.591080368E+00,+2.698869303E+00,+2.709170900E+00
+1.075000E-03,+2.615661664E+00,+2.671482377E+00,+2.654480694E+00,+2.664782291E+00
+1.077500E-03,+2.689572886E+00,+2.751884386E+00,+2.690494094E+00,+2.658291504E+00
+1.080000E-03,+2.689572886E+00,+2.671482377E+00,+2.730276338E+00,+2.658291504E+00
+1.082500E-03,+2.609170876E+00,+2.625209345E+00,+2.694262938E+00,+2.658291504E+00
+1.085000E-03,+2.619430508E+00,+2.671482377E+00,+2.718132284E+00,+2.658291504E+00
+1.087500E-03,+2.744221126E+00,+2.671482377E+00,+2.673743675E+00,+2.684045272E+00
+1.090000E-03,+2.670938045E+00,+2.733249545E+00,+2.728391916E+00,+2.596524335E+00
+1.092500E-03,+2.689572886E+00,+2.671482377E+00,+2.665368466E+00,+2.658291504E+00
+1.095000E-03,+2.689572886E+00,+2.644472327E+00,+2.701381866E+00,+2.685301554E+00
+1.097500E-03,+2.760971545E+00,+2.671482377E+00,+2.647989906E+00,+2.729690163E+00
+1.100000E-03,+2.689572886E+00,+2.706867636E+00,+2.728391916E+00,+2.622906245E+00
+1.102500E-03,+2.688944745E+00,+2.671482377E+00,+2.728391916E+00,+2.738065372E+00
+1.105000E-03,+2.645812417E+00,+2.634840836E+00,+2.684631447E+00,+2.702051972E+00
+1.107500E-03,+2.697319954E+00,+2.598827436E+00,+2.655736975E+00,+2.666038572E+00
+1.110000E-03,+2.689572886E+00,+2.751884386E+00,+2.700125584E+00,+2.686557835E+00
+1.112500E-03,+2.609170876E+00,+2.671482377E+00,+2.712269638E+00,+2.722571235E+00
+1.115000E-03,+2.629061999E+00,+2.691373499E+00,+2.667881028E+00,+2.658291504E+00
+1.117500E-03,+2.745477408E+00,+2.695979864E+00,+2.672487393E+00,+2.658291504E+00
+1.120000E-03,+2.746943069E+00,+2.740368473E+00,+2.728391916E+00,+2.658291504E+00
+1.122500E-03,+2.689572886E+00,+2.638609680E+00,+2.680862603E+00,+2.691164200E+00
+1.125000E-03,+2.686432182E+00,+2.668341673E+00,+2.728391916E+00,+2.658291504E+00
+1.127500E-03,+2.648324980E+00,+2.671482377E+00,+2.728391916E+00,+2.697445607E+00
+1.130000E-03,+2.689572886E+00,+2.751884386E+00,+2.728391916E+00,+2.738693513E+00
+1.132500E-03,+2.689572886E+00,+2.751884386E+00,+2.678768801E+00,+2.689070398E+00
+1.135000E-03,+2.756365180E+00,+2.671482377E+00,+2.728391916E+00,+2.658291504E+00
+1.137500E-03,+2.667169201E+00,+2.671482377E+00,+2.705988231E+00,+2.774288152E+00
+1.140000E-03,+2.747989970E+00,+2.729899462E+00,+2.728391916E+00,+2.716708589E+00
+1.142500E-03,+2.703601361E+00,+2.685510852E+00,+2.662018382E+00,+2.591917970E+00
+1.145000E-03,+2.689572886E+00,+2.671482377E+00,+2.728391916E+00,+2.738693513E+00
+1.147500E-03,+2.689572886E+00,+2.677135643E+00,+2.728391916E+00,+2.658291504E+00
+1.150000E-03,+2.689572886E+00,+2.671482377E+00,+2.689656573E+00,+2.699958170E+00
+1.152500E-03,+2.689572886E+00,+2.671482377E+00,+2.647989906E+00,+2.658291504E+00
+1.155000E-03,+2.769974895E+00,+2.704773834E+00,+2.647989906E+00,+2.658291504E+00
+1.157500E-03,+2.689572886E+00,+2.682579529E+00,+2.797696772E+00,+2.669388656E+00
+1.160000E-03,+2.634087124E+00,+2.782453900E+00,+2.728391916E+00,+2.658291504E+00
+1.162500E-03,+2.689572886E+00,+2.732412024E+00,+2.708919554E+00,+2.658291504E+00
+1.165000E-03,+2.689572886E+00,+2.671482377E+00,+2.647989906E+00,+2.738693513E+00
+1.167500E-03,+2.661725315E+00,+2.671482377E+00,+2.647989906E+00,+2.658291504E+00
+1.170000E-03,+2.681407057E+00,+2.743718557E+00,+2.664321565E+00,+2.658291504E+00
+1.172500E-03,+2.733752115E+00,+2.715661606E+00,+2.692169135E+00,+2.694514284E+00
+1.175000E-03,+2.609380257E+00,+2.671691757E+00,+2.648199287E+00,+2.658291504E+00
+1.177500E-03,+2.617964846E+00,+2.671482377E+00,+2.728391916E+00,+2.658291504E+00
+1.180000E-03,+2.609170876E+00,+2.671482377E+00,+2.719807326E+00,+2.747278102E+00
+1.182500E-03,+2.689572886E+00,+2.698911187E+00,+2.700963105E+00,+2.738693513E+00
+1.185000E-03,+2.672613087E+00,+2.654522578E+00,+2.664949705E+00,+2.738693513E+00
+1.187500E-03,+2.689572886E+00,+2.732830785E+00,+2.728391916E+00,+2.719639912E+00
+1.190000E-03,+2.689572886E+00,+2.646147369E+00,+2.647989906E+00,+2.713358505E+00
+1.192500E-03,+2.689572886E+00,+2.671482377E+00,+2.728391916E+00,+2.658291504E+00
+1.195000E-03,+2.723283103E+00,+2.671482377E+00,+2.681700124E+00,+2.658291504E+00
+1.197500E-03,+2.767671712E+00,+2.673785559E+00,+2.728391916E+00,+2.658291504E+00
+1.200000E-03,+2.651256303E+00,+2.671482377E+00,+2.686306489E+00,+2.658291504E+00
+1.202500E-03,+2.695644912E+00,+2.751884386E+00,+2.796649871E+00,+2.658291504E+00
+1.205000E-03,+2.669053623E+00,+2.671482377E+00,+2.677931280E+00,+2.658291504E+00
+1.207500E-03,+2.741080423E+00,+2.685929613E+00,+2.699497444E+00,+2.658291504E+00
+1.210000E-03,+2.689572886E+00,+2.751884386E+00,+2.749958080E+00,+2.636725340E+00
+1.212500E-03,+2.643927995E+00,+2.671482377E+00,+2.705569470E+00,+2.715871068E+00
+1.215000E-03,+2.702763840E+00,+2.604271322E+00,+2.795602970E+00,+2.738693513E+00
+1.217500E-03,+2.640368531E+00,+2.671482377E+00,+2.679187561E+00,+2.738693513E+00
+1.220000E-03,+2.684757140E+00,+2.671482377E+00,+2.647989906E+00,+2.733877768E+00
+1.222500E-03,+2.689572886E+00,+2.631909513E+00,+2.769221061E+00,+2.657035222E+00
+1.225000E-03,+2.689572886E+00,+2.748324922E+00,+2.728391916E+00,+2.658291504E+00
+1.227500E-03,+2.689572886E+00,+2.703936313E+00,+2.728391916E+00,+2.706239577E+00
+1.230000E-03,+2.597236203E+00,+2.671482377E+00,+2.659924580E+00,+2.670226177E+00
+1.232500E-03,+2.689572886E+00,+2.727805659E+00,+2.696147360E+00,+2.714614786E+00
+1.235000E-03,+2.609170876E+00,+2.651172494E+00,+2.708082033E+00,+2.678601386E+00
+1.237500E-03,+2.689572886E+00,+2.687185894E+00,+2.647989906E+00,+2.609296530E+00
+1.240000E-03,+2.660887794E+00,+2.723199294E+00,+2.728391916E+00,+2.658291504E+00
+1.242500E-03,+2.616499185E+00,+2.671482377E+00,+2.728391916E+00,+2.658291504E+00
+1.245000E-03,+2.652512585E+00,+2.714824085E+00,+2.765452217E+00,+2.701633212E+00
+1.247500E-03,+2.610217778E+00,+2.671482377E+00,+2.806700123E+00,+2.738693513E+00
+1.250000E-03,+2.724539384E+00,+2.706448876E+00,+2.728391916E+00,+2.612855993E+00
+1.252500E-03,+2.689572886E+00,+2.671482377E+00,+2.647989906E+00,+2.738693513E+00
+1.255000E-03,+2.662981596E+00,+2.671482377E+00,+2.754983205E+00,+2.712102223E+00
+1.257500E-03,+2.671775566E+00,+2.671482377E+00,+2.728391916E+00,+2.720896193E+00
+1.260000E-03,+2.671356805E+00,+2.689698457E+00,+2.728391916E+00,+2.738693513E+00
+1.262500E-03,+2.663400357E+00,+2.725711857E+00,+2.754564445E+00,+2.712520984E+00
+1.265000E-03,+2.619011747E+00,+2.681323248E+00,+2.667671648E+00,+2.658291504E+00
+1.267500E-03,+2.689572886E+00,+2.636934638E+00,+2.682537645E+00,+2.623743766E+00
+1.270000E-03,+2.610636538E+00,+2.670016715E+00,+2.726926254E+00,+2.659757165E+00
+1.272500E-03,+2.684129000E+00,+2.714405324E+00,+2.696356740E+00,+2.658291504E+00
+1.275000E-03,+2.689572886E+00,+2.678391924E+00,+2.801884377E+00,+2.651381956E+00
+1.277500E-03,+2.638274729E+00,+2.671482377E+00,+2.647989906E+00,+2.658291504E+00
+1.280000E-03,+2.689572886E+00,+2.606365124E+00,+2.697822402E+00,+2.658291504E+00
+1.282500E-03,+2.689572886E+00,+2.671482377E+00,+2.707663273E+00,+2.658291504E+00
+1.285000E-03,+2.609170876E+00,+2.671482377E+00,+2.695309839E+00,+2.738693513E+00
+1.287500E-03,+2.621524310E+00,+2.659128943E+00,+2.784087057E+00,+2.658291504E+00
+1.290000E-03,+2.641206052E+00,+2.655150719E+00,+2.696356740E+00,+2.738693513E+00
+1.292500E-03,+2.769974895E+00,+2.599036817E+00,+2.647989906E+00,+2.658291504E+00
+1.295000E-03,+2.609170876E+00,+2.711892762E+00,+2.648408667E+00,+2.698283128E+00
+1.297500E-03,+2.769974895E+00,+2.671482377E+00,+2.652386891E+00,+2.662688489E+00
+1.300000E-03,+2.609170876E+00,+2.654313198E+00,+2.728391916E+00,+2.707077098E+00
+1.302500E-03,+2.634715265E+00,+2.684254571E+00,+2.660762100E+00,+2.658291504E+00
+1.305000E-03,+2.689572886E+00,+2.751884386E+00,+2.647989906E+00,+2.715452307E+00
+1.307500E-03,+2.748827491E+00,+2.692629780E+00,+2.728391916E+00,+2.620184301E+00
+1.310000E-03,+2.674706889E+00,+2.737018389E+00,+2.662855903E+00,+2.658291504E+00
+1.312500E-03,+2.689572886E+00,+2.701004989E+00,+2.728391916E+00,+2.658291504E+00
+1.315000E-03,+2.763484108E+00,+2.671482377E+00,+2.660971481E+00,+2.812604735E+00
+1.317500E-03,+2.732077073E+00,+2.671482377E+00,+2.690494094E+00,+2.738693513E+00
+1.320000E-03,+2.691457308E+00,+2.673366799E+00,+2.728391916E+00,+2.736809091E+00
+1.322500E-03,+2.769974895E+00,+2.717755408E+00,+2.694262938E+00,+2.646147450E+00
+1.325000E-03,+2.609170876E+00,+2.671482377E+00,+2.798534293E+00,+2.668551135E+00
+1.327500E-03,+2.634924645E+00,+2.726130617E+00,+2.673743675E+00,+2.684045272E+00
+1.330000E-03,+2.670938045E+00,+2.690117217E+00,+2.728391916E+00,+2.658291504E+00
+1.332500E-03,+2.689572886E+00,+2.608458927E+00,+2.774036806E+00,+2.658291504E+00
+1.335000E-03,+2.663190976E+00,+2.645100467E+00,+2.728391916E+00,+2.658291504E+00
+1.337500E-03,+2.609170876E+00,+2.671482377E+00,+2.728391916E+00,+2.738693513E+00
+1.340000E-03,+2.734589636E+00,+2.671482377E+00,+2.728391916E+00,+2.658291504E+00
+1.342500E-03,+2.689572886E+00,+2.591708508E+00,+2.647989906E+00,+2.657663363E+00
+1.345000E-03,+2.652931345E+00,+2.634840836E+00,+2.691750375E+00,+2.702051972E+00
+1.347500E-03,+2.616917945E+00,+2.671482377E+00,+2.720644847E+00,+2.585636563E+00
+1.350000E-03,+2.665703539E+00,+2.699748708E+00,+2.728391916E+00,+2.658291504E+00
+1.352500E-03,+2.625293154E+00,+2.687604655E+00,+2.615954731E+00,+2.658291504E+00
+1.355000E-03,+2.709464008E+00,+2.671482377E+00,+2.728391916E+00,+2.658291504E+00
+1.357500E-03,+2.658165851E+00,+2.671482377E+00,+2.728391916E+00,+2.626884469E+00
+1.360000E-03,+2.609170876E+00,+2.682998290E+00,+2.647989906E+00,+2.669807417E+00
+1.362500E-03,+2.689572886E+00,+2.671482377E+00,+2.728391916E+00,+2.738693513E+00
+1.365000E-03,+2.692713589E+00,+2.674623080E+00,+2.808793925E+00,+2.581030198E+00
+1.367500E-03,+2.567922971E+00,+2.712730282E+00,+2.767546019E+00,+2.658291504E+00
+1.370000E-03,+2.689572886E+00,+2.746649880E+00,+2.728391916E+00,+2.658291504E+00
+1.372500E-03,+2.720351780E+00,+2.702261271E+00,+2.647989906E+00,+2.608668389E+00
+1.375000E-03,+2.742755465E+00,+2.751884386E+00,+2.728391916E+00,+2.725083798E+00
+1.377500E-03,+2.689572886E+00,+2.707077016E+00,+2.647989906E+00,+2.761097198E+00
+1.380000E-03,+2.631155801E+00,+2.671482377E+00,+2.669974831E+00,+2.680276428E+00
+1.382500E-03,+2.675544410E+00,+2.671482377E+00,+2.742420391E+00,+2.672319979E+00
+1.385000E-03,+2.639531010E+00,+2.671482377E+00,+2.758752049E+00,+2.658291504E+00
+1.387500E-03,+2.534422134E+00,+2.746231120E+00,+2.722738649E+00,+2.589196027E+00
+1.390000E-03,+2.728308229E+00,+2.671482377E+00,+2.725460592E+00,+2.699958170E+00
+1.392500E-03,+2.689572886E+00,+2.751884386E+00,+2.573031783E+00,+2.735971570E+00
+1.395000E-03,+2.656281429E+00,+2.638190920E+00,+2.728391916E+00,+2.691582961E+00
+1.397500E-03,+2.689572886E+00,+2.751884386E+00,+2.728391916E+00,+2.727596361E+00
+1.400000E-03,+2.689572886E+00,+2.726968138E+00,+2.703475668E+00,+2.738693513E+00
+1.402500E-03,+2.709045247E+00,+2.671482377E+00,+2.647989906E+00,+2.677763865E+00
+1.405000E-03,+2.706113924E+00,+2.654941338E+00,+2.664530945E+00,+2.722152475E+00
+1.407500E-03,+2.689572886E+00,+2.696189244E+00,+2.675837477E+00,+2.658291504E+00
+1.410000E-03,+2.689572886E+00,+2.751884386E+00,+2.728391916E+00,+2.658291504E+00
+1.412500E-03,+2.645393657E+00,+2.715661606E+00,+2.728391916E+00,+2.658291504E+00
+1.415000E-03,+2.769765515E+00,+2.671482377E+00,+2.728182535E+00,+2.658291504E+00
+1.417500E-03,+2.662562835E+00,+2.626884387E+00,+2.728391916E+00,+2.738693513E+00
+1.420000E-03,+2.689572886E+00,+2.680066966E+00,+2.728391916E+00,+2.586474084E+00
+1.422500E-03,+2.717001696E+00,+2.724455575E+00,+2.647989906E+00,+2.711264702E+00
+1.425000E-03,+2.609170876E+00,+2.734924587E+00,+2.664949705E+00,+2.658291504E+00
+1.427500E-03,+2.670519284E+00,+2.690535978E+00,+2.667043508E+00,+2.719639912E+00
+1.430000E-03,+2.689572886E+00,+2.671482377E+00,+2.783458917E+00,+2.658291504E+00
+1.432500E-03,+2.759296503E+00,+2.671482377E+00,+2.739070307E+00,+2.728015121E+00
+1.435000E-03,+2.676591311E+00,+2.671482377E+00,+2.808793925E+00,+2.658291504E+00
+1.437500E-03,+2.765368530E+00,+2.747278021E+00,+2.650293089E+00,+2.658291504E+00
+1.440000E-03,+2.647487459E+00,+2.629396950E+00,+2.728391916E+00,+2.696608086E+00
+1.442500E-03,+2.621314930E+00,+2.671482377E+00,+2.722319889E+00,+2.738693513E+00
+1.445000E-03,+2.689572886E+00,+2.671482377E+00,+2.597529270E+00,+2.738693513E+00
+1.447500E-03,+2.769974895E+00,+2.737437150E+00,+2.742839152E+00,+2.643844268E+00
+1.450000E-03,+2.726842567E+00,+2.693048541E+00,+2.728391916E+00,+2.738693513E+00
+1.452500E-03,+2.666750440E+00,+2.694304822E+00,+2.705569470E+00,+2.715871068E+00
+1.455000E-03,+2.756783940E+00,+2.684673331E+00,+2.661180861E+00,+2.658291504E+00
+1.457500E-03,+2.609170876E+00,+2.702680031E+00,+2.728391916E+00,+2.609087149E+00
+1.460000E-03,+2.689572886E+00,+2.671482377E+00,+2.803978179E+00,+2.663107249E+00
+1.462500E-03,+2.650000022E+00,+2.712311522E+00,+2.769221061E+00,+2.699120649E+00
+1.465000E-03,+2.609170876E+00,+2.675041841E+00,+2.655108834E+00,+2.735134049E+00
+1.467500E-03,+2.657118950E+00,+2.751884386E+00,+2.695937979E+00,+2.738693513E+00
+1.470000E-03,+2.689572886E+00,+2.671482377E+00,+2.659924580E+00,+2.726758840E+00
+1.472500E-03,+2.689572886E+00,+2.751884386E+00,+2.696147360E+00,+2.658291504E+00
+1.475000E-03,+2.689572886E+00,+2.671482377E+00,+2.748701798E+00,+2.738693513E+00
+1.477500E-03,+2.705276403E+00,+2.606783885E+00,+2.712688398E+00,+2.658291504E+00
+1.480000E-03,+2.660887794E+00,+2.671482377E+00,+2.671021732E+00,+2.658291504E+00
+1.482500E-03,+2.689572886E+00,+2.744556078E+00,+2.647989906E+00,+2.731365205E+00
+1.485000E-03,+2.652512585E+00,+2.634422076E+00,+2.728391916E+00,+2.695351805E+00
+1.487500E-03,+2.689572886E+00,+2.671482377E+00,+2.807747024E+00,+2.658291504E+00
+1.490000E-03,+2.689572886E+00,+2.706448876E+00,+2.693425417E+00,+2.658291504E+00
+1.492500E-03,+2.609170876E+00,+2.671482377E+00,+2.657412017E+00,+2.658291504E+00
+1.495000E-03,+2.689572886E+00,+2.725293096E+00,+2.728391916E+00,+2.658291504E+00
+1.497500E-03,+2.671775566E+00,+2.671482377E+00,+2.710594596E+00,+2.595686814E+00
+1.500000E-03,+2.627386957E+00,+2.671482377E+00,+2.746607996E+00,+2.738693513E+00
+1.502500E-03,+2.769974895E+00,+2.699539328E+00,+2.782621396E+00,+2.686348455E+00
+1.505000E-03,+2.689572886E+00,+2.671482377E+00,+2.718551045E+00,+2.658291504E+00
+1.507500E-03,+2.689572886E+00,+2.706030115E+00,+2.728391916E+00,+2.738693513E+00
+1.510000E-03,+2.689572886E+00,+2.671482377E+00,+2.729857577E+00,+2.580820818E+00
+1.512500E-03,+2.727051947E+00,+2.671482377E+00,+2.728391916E+00,+2.658291504E+00
+1.515000E-03,+2.682663338E+00,+2.678391924E+00,+2.728391916E+00,+2.665201051E+00
+1.517500E-03,+2.586976572E+00,+2.671482377E+00,+2.699288063E+00,+2.709589661E+00
+1.520000E-03,+2.674288129E+00,+2.736599629E+00,+2.728391916E+00,+2.738693513E+00
+1.522500E-03,+2.668844243E+00,+2.671482377E+00,+2.788065282E+00,+2.738693513E+00
+1.525000E-03,+2.689572886E+00,+2.728224420E+00,+2.704731949E+00,+2.681951470E+00
+1.527500E-03,+2.757621461E+00,+2.739530952E+00,+2.716038482E+00,+2.645938070E+00
+1.530000E-03,+2.721608061E+00,+2.751884386E+00,+2.760427091E+00,+2.641959846E+00
+1.532500E-03,+2.769974895E+00,+2.595058592E+00,+2.800837476E+00,+2.581867719E+00
+1.535000E-03,+2.689572886E+00,+2.671482377E+00,+2.688400291E+00,+2.658291504E+00
+1.537500E-03,+2.685175901E+00,+2.747487401E+00,+2.723994931E+00,+2.662688489E+00
+1.540000E-03,+2.738358480E+00,+2.671482377E+00,+2.696775500E+00,+2.738693513E+00
+1.542500E-03,+2.689572886E+00,+2.658710183E+00,+2.741164110E+00,+2.590661689E+00
+1.545000E-03,+2.712814091E+00,+2.751884386E+00,+2.705150710E+00,+2.658291504E+00
+1.547500E-03,+2.689572886E+00,+2.730736983E+00,+2.749539319E+00,+2.658291504E+00
+1.550000E-03,+2.624036873E+00,+2.686348373E+00,+2.647989906E+00,+2.738693513E+00
+1.552500E-03,+2.660050273E+00,+2.701004989E+00,+2.728391916E+00,+2.658291504E+00
+1.555000E-03,+2.689572886E+00,+2.664991589E+00,+2.654480694E+00,+2.664782291E+00
+1.557500E-03,+2.732077073E+00,+2.713986564E+00,+2.728391916E+00,+2.696189326E+00
+1.560000E-03,+2.689572886E+00,+2.749999964E+00,+2.728391916E+00,+2.658291504E+00
+1.562500E-03,+2.643299854E+00,+2.717755408E+00,+2.728391916E+00,+2.692420482E+00
+1.565000E-03,+2.699832517E+00,+2.671482377E+00,+2.728391916E+00,+2.658291504E+00
+1.567500E-03,+2.689572886E+00,+2.671482377E+00,+2.728391916E+00,+2.658291504E+00
+1.570000E-03,+2.689572886E+00,+2.751884386E+00,+2.728391916E+00,+2.720058672E+00
+1.572500E-03,+2.689572886E+00,+2.688860936E+00,+2.728391916E+00,+2.658291504E+00
+1.575000E-03,+2.769974895E+00,+2.698492427E+00,+2.728391916E+00,+2.738693513E+00
+1.577500E-03,+2.689572886E+00,+2.751884386E+00,+2.665996606E+00,+2.801088822E+00
+1.580000E-03,+2.689572886E+00,+2.671482377E+00,+2.718760425E+00,+2.658291504E+00
+1.582500E-03,+2.609799017E+00,+2.672110518E+00,+2.808165784E+00,+2.738065372E+00
+1.585000E-03,+2.609170876E+00,+2.634840836E+00,+2.691750375E+00,+2.658291504E+00
+1.587500E-03,+2.609170876E+00,+2.671482377E+00,+2.793299788E+00,+2.658291504E+00
+1.590000E-03,+2.689572886E+00,+2.671482377E+00,+2.728391916E+00,+2.710427182E+00
+1.592500E-03,+2.609170876E+00,+2.607202645E+00,+2.728391916E+00,+2.642169226E+00
+1.595000E-03,+2.709464008E+00,+2.610971490E+00,+2.728391916E+00,+2.658291504E+00
+1.597500E-03,+2.633668364E+00,+2.727386899E+00,+2.696984881E+00,+2.714196026E+00
+1.600000E-03,+2.678056973E+00,+2.728852560E+00,+2.728391916E+00,+2.646775591E+00
+1.602500E-03,+2.656700189E+00,+2.799413699E+00,+2.761264612E+00,+2.691164200E+00
+1.605000E-03,+2.612311580E+00,+2.674623080E+00,+2.728391916E+00,+2.658291504E+00
+1.607500E-03,+2.570016773E+00,+2.710636480E+00,+2.687144010E+00,+2.658291504E+00
+1.610000E-03,+2.609170876E+00,+2.671482377E+00,+2.653224412E+00,+2.738693513E+00
+1.612500E-03,+2.739196001E+00,+2.751884386E+00,+2.647989906E+00,+2.689070398E+00
+1.615000E-03,+2.622780591E+00,+2.738274671E+00,+2.742001631E+00,+2.658291504E+00
+1.617500E-03,+2.769974895E+00,+2.729480701E+00,+2.728391916E+00,+2.658291504E+00
+1.620000E-03,+2.689572886E+00,+2.729899462E+00,+2.728391916E+00,+2.658291504E+00
+1.622500E-03,+2.755946419E+00,+2.685510852E+00,+2.662018382E+00,+2.805067047E+00
+1.625000E-03,+2.639531010E+00,+2.671482377E+00,+2.698031782E+00,+2.658291504E+00
+1.627500E-03,+2.695226152E+00,+2.671482377E+00,+2.722738649E+00,+2.813442256E+00
+1.630000E-03,+2.731239552E+00,+2.671482377E+00,+2.647989906E+00,+2.658291504E+00
+1.632500E-03,+2.769974895E+00,+2.674204320E+00,+2.728391916E+00,+2.661013447E+00
+1.635000E-03,+2.689572886E+00,+2.671482377E+00,+2.775502468E+00,+2.724874418E+00
+1.637500E-03,+2.689572886E+00,+2.671482377E+00,+2.728391916E+00,+2.669388656E+00
+1.640000E-03,+2.659003372E+00,+2.671482377E+00,+2.617420393E+00,+2.658291504E+00
+1.642500E-03,+2.670100524E+00,+2.732412024E+00,+2.708919554E+00,+2.738693513E+00
+1.645000E-03,+2.689572886E+00,+2.671482377E+00,+2.775711848E+00,+2.722152475E+00
+1.647500E-03,+2.714279753E+00,+2.724036815E+00,+2.675837477E+00,+2.658291504E+00
+1.650000E-03,+2.609170876E+00,+2.599246197E+00,+2.720226086E+00,+2.658291504E+00
+1.652500E-03,+2.689572886E+00,+2.707705157E+00,+2.692169135E+00,+2.738693513E+00
+1.655000E-03,+2.689572886E+00,+2.671482377E+00,+2.728601296E+00,+2.578098875E+00
+1.657500E-03,+2.609170876E+00,+2.707286397E+00,+2.692587896E+00,+2.622487484E+00
+1.660000E-03,+2.617755466E+00,+2.599664957E+00,+2.800209335E+00,+2.730108924E+00
+1.662500E-03,+2.717001696E+00,+2.671482377E+00,+2.700963105E+00,+2.632747116E+00
+1.665000E-03,+2.769974895E+00,+2.671482377E+00,+2.728391916E+00,+2.594849293E+00
+1.667500E-03,+2.750921294E+00,+2.671482377E+00,+2.728391916E+00,+2.658291504E+00
+1.670000E-03,+2.744639887E+00,+2.671482377E+00,+2.728391916E+00,+2.713358505E+00
+1.672500E-03,+2.619849268E+00,+2.751884386E+00,+2.728391916E+00,+2.668969896E+00
+1.675000E-03,+2.689572886E+00,+2.637772159E+00,+2.694681698E+00,+2.738693513E+00
+1.677500E-03,+2.691876068E+00,+2.673785559E+00,+2.650293089E+00,+2.736390330E+00
+1.680000E-03,+2.727889468E+00,+2.709798959E+00,+2.686306489E+00,+2.696608086E+00
+1.682500E-03,+2.609170876E+00,+2.745812359E+00,+2.728391916E+00,+2.577889495E+00
+1.685000E-03,+2.689572886E+00,+2.751884386E+00,+2.698450542E+00,+2.688232877E+00
+1.687500E-03,+2.704020122E+00,+2.685929613E+00,+2.794346689E+00,+2.672738740E+00
+1.690000E-03,+2.668006722E+00,+2.751884386E+00,+2.669556070E+00,+2.717127349E+00
+1.692500E-03,+2.631993322E+00,+2.671482377E+00,+2.670812352E+00,+2.658291504E+00
+1.695000E-03,+2.743592985E+00,+2.738693431E+00,+2.728391916E+00,+2.658291504E+00
+1.697500E-03,+2.689572886E+00,+2.720686731E+00,+2.679187561E+00,+2.689489158E+00
+1.700000E-03,+2.684757140E+00,+2.747068641E+00,+2.728391916E+00,+2.658291504E+00
+1.702500E-03,+2.609170876E+00,+2.753140667E+00,+2.728391916E+00,+2.699120649E+00
+1.705000E-03,+2.616289804E+00,+2.675041841E+00,+2.724832452E+00,+2.661850968E+00
+1.707500E-03,+2.641624813E+00,+2.671482377E+00,+2.695937979E+00,+2.706239577E+00
+1.710000E-03,+2.677638212E+00,+2.683417050E+00,+2.728391916E+00,+2.726758840E+00
+1.712500E-03,+2.713651612E+00,+2.671482377E+00,+2.704313189E+00,+2.682370231E+00
+1.715000E-03,+2.709882768E+00,+2.691792259E+00,+2.668299789E+00,+2.678601386E+00
+1.717500E-03,+2.624874394E+00,+2.687185894E+00,+2.663693424E+00,+2.658291504E+00
+1.720000E-03,+2.637855968E+00,+2.671482377E+00,+2.728391916E+00,+2.686976596E+00
+1.722500E-03,+2.755318278E+00,+2.751884386E+00,+2.662646523E+00,+2.731365205E+00
+1.725000E-03,+2.689572886E+00,+2.714824085E+00,+2.765452217E+00,+2.621231203E+00
+1.727500E-03,+2.610217778E+00,+2.751884386E+00,+2.649036807E+00,+2.737646612E+00
+1.730000E-03,+2.689572886E+00,+2.636515878E+00,+2.693425417E+00,+2.658291504E+00
+1.732500E-03,+2.618592987E+00,+2.671482377E+00,+2.718969805E+00,+2.729271403E+00
+1.735000E-03,+2.689572886E+00,+2.671482377E+00,+2.728391916E+00,+2.684882793E+00
+1.737500E-03,+2.626968196E+00,+2.689279696E+00,+2.710594596E+00,+2.595686814E+00
+1.740000E-03,+2.627386957E+00,+2.671482377E+00,+2.647989906E+00,+2.738693513E+00
+1.742500E-03,+2.743802366E+00,+2.671482377E+00,+2.728391916E+00,+2.604062024E+00
+1.745000E-03,+2.760134024E+00,+2.671482377E+00,+2.657830777E+00,+2.799413780E+00
+1.747500E-03,+2.655025147E+00,+2.671482377E+00,+2.762939654E+00,+2.623743766E+00
+1.750000E-03,+2.767043571E+00,+2.672948038E+00,+2.729857577E+00,+2.659757165E+00
+1.752500E-03,+2.689572886E+00,+2.671482377E+00,+2.765870977E+00,+2.620812442E+00
+1.755000E-03,+2.769974895E+00,+2.671482377E+00,+2.647989906E+00,+2.731783965E+00
+1.757500E-03,+2.609170876E+00,+2.671482377E+00,+2.647989906E+00,+2.658291504E+00
+1.760000E-03,+2.754690138E+00,+2.671482377E+00,+2.663274663E+00,+2.658291504E+00
+1.762500E-03,+2.749246252E+00,+2.692211020E+00,+2.668718549E+00,+2.777638236E+00
+1.765000E-03,+2.609170876E+00,+2.751884386E+00,+2.728391916E+00,+2.658291504E+00
+1.767500E-03,+2.689572886E+00,+2.739530952E+00,+2.660343340E+00,+2.726340079E+00
+1.770000E-03,+2.673241227E+00,+2.671482377E+00,+2.712060257E+00,+2.738693513E+00
+1.772500E-03,+2.689572886E+00,+2.671482377E+00,+2.728391916E+00,+2.658291504E+00
+1.775000E-03,+2.689572886E+00,+2.631490752E+00,+2.727973155E+00,+2.618299879E+00
+1.777500E-03,+2.693969870E+00,+2.671482377E+00,+2.728391916E+00,+2.658291504E+00
+1.780000E-03,+2.626340055E+00,+2.703098792E+00,+2.777177510E+00,+2.658291504E+00
+1.782500E-03,+2.621943071E+00,+2.739112192E+00,+2.580360091E+00,+2.658291504E+00
+1.785000E-03,+2.655653288E+00,+2.694723583E+00,+2.647989906E+00,+2.681532710E+00
+1.787500E-03,+2.630318280E+00,+2.671482377E+00,+2.588735301E+00,+2.658291504E+00
+1.790000E-03,+2.755108898E+00,+2.751884386E+00,+2.728391916E+00,+2.658291504E+00
+1.792500E-03,+2.689572886E+00,+2.671482377E+00,+2.728391916E+00,+2.709170900E+00
+1.795000E-03,+2.683082098E+00,+2.671482377E+00,+2.728391916E+00,+2.658291504E+00
+1.797500E-03,+2.694179251E+00,+2.671482377E+00,+2.723785550E+00,+2.743299878E+00
+1.800000E-03,+2.691457308E+00,+2.673366799E+00,+2.726507494E+00,+2.660175926E+00
+1.802500E-03,+2.735845917E+00,+2.625209346E+00,+2.716247862E+00,+2.738693513E+00
+1.805000E-03,+2.619430508E+00,+2.681742008E+00,+2.718132284E+00,+2.658291504E+00
+1.807500E-03,+2.689572886E+00,+2.671482377E+00,+2.673743675E+00,+2.712939744E+00
+1.810000E-03,+2.708207726E+00,+2.733249545E+00,+2.666624747E+00,+2.738693513E+00
+1.812500E-03,+2.689572886E+00,+2.797529276E+00,+2.728391916E+00,+2.738693513E+00
+1.815000E-03,+2.662562836E+00,+2.698492427E+00,+2.728391916E+00,+2.658291504E+00
+1.817500E-03,+2.689572886E+00,+2.751884386E+00,+2.799790575E+00,+2.658291504E+00
+1.820000E-03,+2.689572886E+00,+2.716499127E+00,+2.693006656E+00,+2.738693513E+00
+1.822500E-03,+2.688944745E+00,+2.671482377E+00,+2.647989906E+00,+2.658291504E+00
+1.825000E-03,+2.652931345E+00,+2.671482377E+00,+2.728391916E+00,+2.738693513E+00
+1.827500E-03,+2.681825817E+00,+2.663735308E+00,+2.728391916E+00,+2.658291504E+00
+1.830000E-03,+2.717839217E+00,+2.699748708E+00,+2.756658247E+00,+2.738693513E+00
+1.832500E-03,+2.609170876E+00,+2.751884386E+00,+2.664112184E+00,+2.674413782E+00
+1.835000E-03,+2.689572886E+00,+2.731993264E+00,+2.667881029E+00,+2.678182626E+00
+1.837500E-03,+2.665075399E+00,+2.727386899E+00,+2.784296438E+00,+2.714196026E+00
+1.840000E-03,+2.689572886E+00,+2.671482377E+00,+2.647989906E+00,+2.750209426E+00
+1.842500E-03,+2.737102198E+00,+2.638609680E+00,+2.680862603E+00,+2.705820817E+00
+1.845000E-03,+2.766834191E+00,+2.671482377E+00,+2.728391916E+00,+2.738693513E+00
+1.847500E-03,+2.611264679E+00,+2.712730282E+00,+2.728391916E+00,+2.619137400E+00
+1.850000E-03,+2.614405382E+00,+2.671482377E+00,+2.653224412E+00,+2.658291504E+00
+1.852500E-03,+2.658793991E+00,+2.690326597E+00,+2.728391916E+00,+2.707914619E+00
+1.855000E-03,+2.742755465E+00,+2.685092092E+00,+2.661599621E+00,+2.738693513E+00
+1.857500E-03,+2.667169201E+00,+2.671482377E+00,+2.750795600E+00,+2.716289828E+00
+1.860000E-03,+2.609170876E+00,+2.693467301E+00,+2.750376840E+00,+2.599874419E+00
+1.862500E-03,+2.741917944E+00,+2.671482377E+00,+2.647989906E+00,+2.738693513E+00
+1.865000E-03,+2.689572886E+00,+2.671482377E+00,+2.678350040E+00,+2.738693513E+00
+1.867500E-03,+2.689572886E+00,+2.751884386E+00,+2.728391916E+00,+2.738693513E+00
+1.870000E-03,+2.689572886E+00,+2.713149043E+00,+2.767127258E+00,+2.738693513E+00
+1.872500E-03,+2.614614762E+00,+2.593802310E+00,+2.650711849E+00,+2.658291504E+00
+1.875000E-03,+2.656281429E+00,+2.671482377E+00,+2.681281363E+00,+2.705402056E+00
+1.877500E-03,+2.689572886E+00,+2.660385225E+00,+2.797696773E+00,+2.658291504E+00
+1.880000E-03,+2.609170876E+00,+2.671482377E+00,+2.783877677E+00,+2.658291504E+00
+1.882500E-03,+2.628643238E+00,+2.712939663E+00,+2.747864277E+00,+2.699748790E+00
+1.885000E-03,+2.642252953E+00,+2.654941338E+00,+2.711850877E+00,+2.738693513E+00
+1.887500E-03,+2.714279753E+00,+2.671482377E+00,+2.728391916E+00,+2.738693513E+00
+1.890000E-03,+2.689572886E+00,+2.743718557E+00,+2.656155736E+00,+2.730527684E+00
+1.892500E-03,+2.653350106E+00,+2.635259597E+00,+2.692169135E+00,+2.658291504E+00
+1.895000E-03,+2.769765515E+00,+2.671482377E+00,+2.647989906E+00,+2.658291504E+00
+1.897500E-03,+2.689572886E+00,+2.716080366E+00,+2.692587896E+00,+2.738693513E+00
+1.900000E-03,+2.626340055E+00,+2.671482377E+00,+2.647989906E+00,+2.666876093E+00
+1.902500E-03,+2.662144075E+00,+2.751884386E+00,+2.728391916E+00,+2.711264702E+00
+1.905000E-03,+2.753015096E+00,+2.751884386E+00,+2.647989906E+00,+2.721733714E+00
+1.907500E-03,+2.750921294E+00,+2.591080368E+00,+2.647989906E+00,+2.738693513E+00
+1.910000E-03,+2.609170876E+00,+2.696817385E+00,+2.728391916E+00,+2.738693513E+00
+1.912500E-03,+2.678894494E+00,+2.671482377E+00,+2.647989906E+00,+2.658291504E+00
+1.915000E-03,+2.609170876E+00,+2.637772159E+00,+2.635008332E+00,+2.704983296E+00
+1.917500E-03,+2.684966520E+00,+2.671482377E+00,+2.728391916E+00,+2.736390330E+00
+1.920000E-03,+2.689572886E+00,+2.633165794E+00,+2.766708498E+00,+2.700376930E+00
+1.922500E-03,+2.466582938E+00,+2.671482377E+00,+2.654061933E+00,+2.658291504E+00
+1.925000E-03,+2.740033522E+00,+2.671482377E+00,+2.698450542E+00,+2.708752140E+00
+1.927500E-03,+2.623618112E+00,+2.751884386E+00,+2.728391916E+00,+2.592336731E+00
+1.930000E-03,+2.711139050E+00,+2.730318222E+00,+2.706825752E+00,+2.599455659E+00
+1.932500E-03,+2.689572886E+00,+2.694304822E+00,+2.728391916E+00,+2.681113949E+00
+1.935000E-03,+2.689572886E+00,+2.604271322E+00,+2.715200961E+00,+2.738693513E+00
+1.937500E-03,+2.738777240E+00,+2.751884386E+00,+2.679187561E+00,+2.640284804E+00
+1.940000E-03,+2.694388631E+00,+2.666666631E+00,+2.723576170E+00,+2.658291504E+00
+1.942500E-03,+2.689572886E+00,+2.751884386E+00,+2.769221061E+00,+2.699120649E+00
+1.945000E-03,+2.693132349E+00,+2.594639831E+00,+2.728391916E+00,+2.654732040E+00
+1.947500E-03,+2.689572886E+00,+2.719430450E+00,+2.680443842E+00,+2.690745440E+00
+1.950000E-03,+2.677638212E+00,+2.671482377E+00,+2.716457242E+00,+2.726758840E+00
+1.952500E-03,+2.721817441E+00,+2.671482377E+00,+2.704313189E+00,+2.714614786E+00
+1.955000E-03,+2.729355130E+00,+2.691792259E+00,+2.728391916E+00,+2.678601386E+00
+1.957500E-03,+2.689572886E+00,+2.736180868E+00,+2.793090407E+00,+2.673995021E+00
+1.960000E-03,+2.660887794E+00,+2.723199294E+00,+2.647989906E+00,+2.686976596E+00
+1.962500E-03,+2.762646587E+00,+2.678810685E+00,+2.721063607E+00,+2.746021821E+00
+1.965000E-03,+2.726633187E+00,+2.671482377E+00,+2.765452217E+00,+2.701633212E+00
+1.967500E-03,+2.610217778E+00,+2.671482377E+00,+2.728391916E+00,+2.579983297E+00
+1.970000E-03,+2.644137375E+00,+2.661013365E+00,+2.682956405E+00,+2.658291504E+00
+1.972500E-03,+2.689572886E+00,+2.742462276E+00,+2.718969805E+00,+2.729271403E+00
+1.975000E-03,+2.689572886E+00,+2.671482377E+00,+2.647989906E+00,+2.631072074E+00
+1.977500E-03,+2.644765516E+00,+2.671482377E+00,+2.728391916E+00,+2.676088823E+00
+1.980000E-03,+2.671356805E+00,+2.653266296E+00,+2.728391916E+00,+2.658291504E+00
+1.982500E-03,+2.635343405E+00,+2.671482377E+00,+2.674162435E+00,+2.658291504E+00
+1.985000E-03,+2.699413757E+00,+2.671482377E+00,+2.728391916E+00,+2.668132375E+00
+1.987500E-03,+2.735427157E+00,+2.671482377E+00,+2.647989906E+00,+2.704145775E+00
+1.990000E-03,+2.691038547E+00,+2.750418724E+00,+2.647989906E+00,+2.737227851E+00
+1.992500E-03,+2.689572886E+00,+2.708961438E+00,+2.765870977E+00,+2.695770565E+00
+1.995000E-03,+2.622989972E+00,+2.678391924E+00,+2.728391916E+00,+2.658291504E+00
+1.997500E-03,+2.638274729E+00,+2.671482377E+00,+2.677093759E+00,+2.687395356E+00
+2.000000E-03,+2.624455633E+00,+2.686767134E+00,+2.598157411E+00,+2.658291504E+00
+2.002500E-03,+2.689572886E+00,+2.731155743E+00,+2.668718549E+00,+2.658291504E+00
+2.005000E-03,+2.746314929E+00,+2.671482377E+00,+2.671649873E+00,+2.681951470E+00
+2.007500E-03,+2.745268027E+00,+2.739530952E+00,+2.647989906E+00,+2.726340079E+00
+2.010000E-03,+2.689572886E+00,+2.719849210E+00,+2.728391916E+00,+2.690326679E+00
+2.012500E-03,+2.613149101E+00,+2.671482377E+00,+2.724413691E+00,+2.658291504E+00
+2.015000E-03,+2.689572886E+00,+2.671482377E+00,+2.687981531E+00,+2.698701889E+00
+2.017500E-03,+2.613567861E+00,+2.675879362E+00,+2.723994931E+00,+2.662688489E+00
+2.020000E-03,+2.689572886E+00,+2.751884386E+00,+2.696775500E+00,+2.721524334E+00
+2.022500E-03,+2.702345080E+00,+2.671482377E+00,+2.715619721E+00,+2.671063698E+00
+2.025000E-03,+2.632412082E+00,+2.671482377E+00,+2.808793925E+00,+2.658291504E+00
+2.027500E-03,+2.668425482E+00,+2.612227771E+00,+2.669137310E+00,+2.658291504E+00
+2.030000E-03,+2.704438882E+00,+2.620812361E+00,+2.779061932E+00,+2.673157500E+00
+2.032500E-03,+2.609170876E+00,+2.671482377E+00,+2.757914528E+00,+2.709170900E+00
+2.035000E-03,+2.683082098E+00,+2.745393599E+00,+2.802303137E+00,+2.664782291E+00
+2.037500E-03,+2.689572886E+00,+2.671482377E+00,+2.728391916E+00,+2.700795691E+00
+2.040000E-03,+2.768090473E+00,+2.671482377E+00,+2.728391916E+00,+2.738693513E+00
+2.042500E-03,+2.655443908E+00,+2.671482377E+00,+2.728391916E+00,+2.624162526E+00
+2.045000E-03,+2.689572886E+00,+2.601339999E+00,+2.728391916E+00,+2.588149126E+00
+2.047500E-03,+2.663819117E+00,+2.726130617E+00,+2.647989906E+00,+2.684045272E+00
+2.050000E-03,+2.627805717E+00,+2.733249545E+00,+2.709757075E+00,+2.658291504E+00
+2.052500E-03,+2.752596335E+00,+2.734505827E+00,+2.711013356E+00,+2.738693513E+00
+2.055000E-03,+2.636180926E+00,+2.644472327E+00,+2.728391916E+00,+2.631281454E+00
+2.057500E-03,+2.689572886E+00,+2.662479027E+00,+2.799790575E+00,+2.649288154E+00
+2.060000E-03,+2.644556136E+00,+2.716499127E+00,+2.728391916E+00,+2.703308254E+00
+2.062500E-03,+2.688944745E+00,+2.751256245E+00,+2.728391916E+00,+2.658291504E+00
+2.065000E-03,+2.609170876E+00,+2.671482377E+00,+2.728391916E+00,+2.658291504E+00
+2.067500E-03,+2.601423808E+00,+2.671482377E+00,+2.801046856E+00,+2.666038572E+00
+2.070000E-03,+2.557035199E+00,+2.671482377E+00,+2.728391916E+00,+2.686557835E+00
+2.072500E-03,+2.625293154E+00,+2.751884386E+00,+2.728391916E+00,+2.738693513E+00
+2.075000E-03,+2.669681763E+00,+2.671482377E+00,+2.667881029E+00,+2.658291504E+00
+2.077500E-03,+2.665075399E+00,+2.671482377E+00,+2.696984881E+00,+2.738693513E+00
+2.080000E-03,+2.746943069E+00,+2.682998290E+00,+2.659505819E+00,+2.600921320E+00
+2.082500E-03,+2.689572886E+00,+2.704355073E+00,+2.680862603E+00,+2.610762191E+00
+2.085000E-03,+2.763693488E+00,+2.671482377E+00,+2.728391916E+00,+2.664572911E+00
+2.087500E-03,+2.689572886E+00,+2.671482377E+00,+2.650083709E+00,+2.656197702E+00
+2.090000E-03,+2.614405382E+00,+2.671482377E+00,+2.723157410E+00,+2.663526009E+00
+2.092500E-03,+2.689572886E+00,+2.702261271E+00,+2.728391916E+00,+2.707914619E+00
+2.095000E-03,+2.689572886E+00,+2.738274671E+00,+2.714782201E+00,+2.658291504E+00
+2.097500E-03,+2.689572886E+00,+2.751884386E+00,+2.763986555E+00,+2.716289828E+00
+2.100000E-03,+2.653140725E+00,+2.707914537E+00,+2.728391916E+00,+2.658291504E+00
+2.102500E-03,+2.769974895E+00,+2.671482377E+00,+2.714363440E+00,+2.724665037E+00
+2.105000E-03,+2.639531010E+00,+2.671482377E+00,+2.758752049E+00,+2.658291504E+00
+2.107500E-03,+2.614824143E+00,+2.746231120E+00,+2.647989906E+00,+2.733040247E+00
+2.110000E-03,+2.692504209E+00,+2.713149043E+00,+2.647989906E+00,+2.658291504E+00
+2.112500E-03,+2.686850943E+00,+2.671482377E+00,+2.725669973E+00,+2.658291504E+00
+2.115000E-03,+2.642462333E+00,+2.751884386E+00,+2.728391916E+00,+2.691582961E+00
+2.117500E-03,+2.620268029E+00,+2.682579529E+00,+2.728391916E+00,+2.727596361E+00
+2.120000E-03,+2.634087124E+00,+2.751884386E+00,+2.728391916E+00,+2.713777265E+00
+2.122500E-03,+2.609170876E+00,+2.671482377E+00,+2.606532620E+00,+2.719221151E+00
+2.125000E-03,+2.689572886E+00,+2.735343347E+00,+2.711850877E+00,+2.738693513E+00
+2.127500E-03,+2.661725315E+00,+2.671482377E+00,+2.700544345E+00,+2.710845942E+00
+2.130000E-03,+2.625502535E+00,+2.663316548E+00,+2.728391916E+00,+2.658291504E+00
+2.132500E-03,+2.689572886E+00,+2.671482377E+00,+2.728391916E+00,+2.577889495E+00
+2.135000E-03,+2.689363505E+00,+2.671691757E+00,+2.647989906E+00,+2.658082124E+00
+2.137500E-03,+2.653768866E+00,+2.671482377E+00,+2.719597946E+00,+2.702889493E+00
+2.140000E-03,+2.689572886E+00,+2.743299797E+00,+2.719807326E+00,+2.658291504E+00
+2.142500E-03,+2.717001696E+00,+2.698911187E+00,+2.808793925E+00,+2.711264702E+00
+2.145000E-03,+2.689572886E+00,+2.671482377E+00,+2.711432117E+00,+2.738693513E+00
+2.147500E-03,+2.708626487E+00,+2.732830785E+00,+2.728391916E+00,+2.658291504E+00
+2.150000E-03,+2.634505884E+00,+2.641750384E+00,+2.728391916E+00,+2.658291504E+00
+2.152500E-03,+2.630527660E+00,+2.671482377E+00,+2.717713524E+00,+2.668969896E+00
+2.155000E-03,+2.689572886E+00,+2.671482377E+00,+2.728391916E+00,+2.658291504E+00
+2.157500E-03,+2.609170876E+00,+2.593383550E+00,+2.728391916E+00,+2.658291504E+00
+2.160000E-03,+2.685804042E+00,+2.709798959E+00,+2.728391916E+00,+2.619974921E+00
+2.162500E-03,+2.615242903E+00,+2.683626430E+00,+2.654061933E+00,+2.658291504E+00
+2.165000E-03,+2.659631512E+00,+2.671482377E+00,+2.728391916E+00,+2.718174250E+00
+2.167500E-03,+2.689572886E+00,+2.657035141E+00,+2.662437142E+00,+2.658291504E+00
+2.170000E-03,+2.630737040E+00,+2.693048541E+00,+2.728391916E+00,+2.658291504E+00
+2.172500E-03,+2.631993322E+00,+2.671482377E+00,+2.647989906E+00,+2.658291504E+00
+2.175000E-03,+2.689572886E+00,+2.738693431E+00,+2.728391916E+00,+2.738693513E+00
+2.177500E-03,+2.689572886E+00,+2.671482377E+00,+2.728391916E+00,+2.658291504E+00
+2.180000E-03,+2.765159149E+00,+2.676298122E+00,+2.728391916E+00,+2.663107249E+00
+2.182500E-03,+2.689572886E+00,+2.711055241E+00,+2.688819052E+00,+2.697864368E+00
+2.185000E-03,+2.612730340E+00,+2.671482377E+00,+2.647989906E+00,+2.735134049E+00
+2.187500E-03,+2.689572886E+00,+2.686976514E+00,+2.695937979E+00,+2.658291504E+00
+2.190000E-03,+2.689572886E+00,+2.671482377E+00,+2.659924580E+00,+2.795226176E+00
+2.192500E-03,+2.665494159E+00,+2.671482377E+00,+2.647989906E+00,+2.682370231E+00
+2.195000E-03,+2.689572886E+00,+2.691792259E+00,+2.728391916E+00,+2.738693513E+00
+2.197500E-03,+2.609170876E+00,+2.591080368E+00,+2.744095433E+00,+2.658291504E+00
+2.200000E-03,+2.689572886E+00,+2.700167468E+00,+2.757077007E+00,+2.658291504E+00
+2.202500E-03,+2.616499185E+00,+2.744556078E+00,+2.735720224E+00,+2.665619812E+00
+2.205000E-03,+2.646231177E+00,+2.634422076E+00,+2.728391916E+00,+2.695351805E+00
+2.207500E-03,+2.688525985E+00,+2.671482377E+00,+2.727345014E+00,+2.737646612E+00
+2.210000E-03,+2.644137375E+00,+2.681951388E+00,+2.693425417E+00,+2.693258003E+00
+2.212500E-03,+2.618592987E+00,+2.671482377E+00,+2.789949704E+00,+2.658291504E+00
+2.215000E-03,+2.689572886E+00,+2.671482377E+00,+2.701800626E+00,+2.604480784E+00
+2.217500E-03,+2.689572886E+00,+2.671482377E+00,+2.683584546E+00,+2.676088823E+00
+2.220000E-03,+2.751758815E+00,+2.671482377E+00,+2.790577844E+00,+2.702261352E+00
+2.222500E-03,+2.661515934E+00,+2.725711857E+00,+2.702219387E+00,+2.604062024E+00
+2.225000E-03,+2.689572886E+00,+2.661641506E+00,+2.728391916E+00,+2.668132375E+00
+2.227500E-03,+2.689572886E+00,+2.706030115E+00,+2.717085383E+00,+2.658291504E+00
+2.230000E-03,+2.688107224E+00,+2.671482377E+00,+2.728391916E+00,+2.658291504E+00
+2.232500E-03,+2.689572886E+00,+2.671482377E+00,+2.771314863E+00,+2.658291504E+00
+2.235000E-03,+2.675753791E+00,+2.678391924E+00,+2.728391916E+00,+2.658291504E+00
+2.237500E-03,+2.740871042E+00,+2.671482377E+00,+2.706197611E+00,+2.658291504E+00
+2.240000E-03,+2.639740390E+00,+2.671482377E+00,+2.728391916E+00,+2.723408756E+00
+2.242500E-03,+2.668844243E+00,+2.692211020E+00,+2.728391916E+00,+2.658291504E+00
+2.245000E-03,+2.689572886E+00,+2.728224420E+00,+2.728391916E+00,+2.715033547E+00
+2.247500E-03,+2.621524310E+00,+2.671482377E+00,+2.740745349E+00,+2.658291504E+00
+2.250000E-03,+2.689572886E+00,+2.703517552E+00,+2.728391916E+00,+2.738693513E+00
+2.252500E-03,+2.693551110E+00,+2.751884386E+00,+2.728391916E+00,+2.658291504E+00
+2.255000E-03,+2.689572886E+00,+2.711892761E+00,+2.647989906E+00,+2.738693513E+00
+2.257500E-03,+2.769974895E+00,+2.671482377E+00,+2.652386891E+00,+2.662688489E+00
+2.260000E-03,+2.657956470E+00,+2.703098792E+00,+2.647989906E+00,+2.707077098E+00
+2.262500E-03,+2.769974895E+00,+2.603852562E+00,+2.673534295E+00,+2.725921319E+00
+2.265000E-03,+2.712814092E+00,+2.728643180E+00,+2.671231112E+00,+2.681532710E+00
+2.267500E-03,+2.651465683E+00,+2.671482377E+00,+2.647989906E+00,+2.658291504E+00
+2.270000E-03,+2.609170876E+00,+2.671482377E+00,+2.662855903E+00,+2.723827516E+00
+2.272500E-03,+2.638693489E+00,+2.722361773E+00,+2.757914528E+00,+2.687814116E+00
+2.275000E-03,+2.689572886E+00,+2.591080368E+00,+2.795812350E+00,+2.590871069E+00
+2.277500E-03,+2.727470708E+00,+2.671482377E+00,+2.728391916E+00,+2.781197700E+00
+2.280000E-03,+2.689572886E+00,+2.749999964E+00,+2.649874328E+00,+2.658291504E+00
+2.282500E-03,+2.643299854E+00,+2.671482377E+00,+2.762520894E+00,+2.704564535E+00
+2.285000E-03,+2.619430508E+00,+2.671482377E+00,+2.718132284E+00,+2.668551135E+00
+2.287500E-03,+2.634924645E+00,+2.726130617E+00,+2.702638147E+00,+2.658291504E+00
+2.290000E-03,+2.627805717E+00,+2.714614705E+00,+2.709757075E+00,+2.676926344E+00
+2.292500E-03,+2.689572886E+00,+2.751884386E+00,+2.711013356E+00,+2.675670063E+00
+2.295000E-03,+2.689572886E+00,+2.751884386E+00,+2.647989906E+00,+2.738693513E+00
+2.297500E-03,+2.680569536E+00,+2.671482377E+00,+2.647989906E+00,+2.729690163E+00
+2.300000E-03,+2.654187626E+00,+2.671482377E+00,+2.728391916E+00,+2.703308254E+00
+2.302500E-03,+2.769346754E+00,+2.670854236E+00,+2.648618047E+00,+2.658291504E+00
+2.305000E-03,+2.696691813E+00,+2.715242845E+00,+2.647989906E+00,+2.614531035E+00
+2.307500E-03,+2.624665013E+00,+2.679229445E+00,+2.728391916E+00,+2.658291504E+00
+2.310000E-03,+2.689572886E+00,+2.671482377E+00,+2.700125584E+00,+2.686557835E+00
+2.312500E-03,+2.689572886E+00,+2.719639830E+00,+2.712269638E+00,+2.594011772E+00
+2.315000E-03,+2.629061999E+00,+2.671482377E+00,+2.728391916E+00,+2.658291504E+00
+2.317500E-03,+2.745477408E+00,+2.615577855E+00,+2.703894428E+00,+2.714196026E+00
+2.320000E-03,+2.678056973E+00,+2.671482377E+00,+2.671021732E+00,+2.669807417E+00
+2.322500E-03,+2.689572886E+00,+2.671482377E+00,+2.695519219E+00,+2.658291504E+00
+2.325000E-03,+2.766834191E+00,+2.748743682E+00,+2.647989906E+00,+2.738693513E+00
+2.327500E-03,+2.648324980E+00,+2.671482377E+00,+2.687144010E+00,+2.658291504E+00
+2.330000E-03,+2.689572886E+00,+2.676716882E+00,+2.723157410E+00,+2.738693513E+00
+2.332500E-03,+2.670728665E+00,+2.671482377E+00,+2.678768801E+00,+2.689070398E+00
+2.335000E-03,+2.609170876E+00,+2.738274671E+00,+2.714782201E+00,+2.658291504E+00
+2.337500E-03,+2.711976571E+00,+2.671482377E+00,+2.786390240E+00,+2.703098874E+00
+2.340000E-03,+2.689572886E+00,+2.635050216E+00,+2.764824076E+00,+2.738693513E+00
+2.342500E-03,+2.689572886E+00,+2.685510852E+00,+2.742420391E+00,+2.658291504E+00
+2.345000E-03,+2.659212752E+00,+2.721524252E+00,+2.678350040E+00,+2.658291504E+00
+2.347500E-03,+2.695226152E+00,+2.665829110E+00,+2.653643173E+00,+2.658291504E+00
+2.350000E-03,+2.728308228E+00,+2.668551053E+00,+2.728391916E+00,+2.658291504E+00
+2.352500E-03,+2.689572886E+00,+2.671482377E+00,+2.725669973E+00,+2.735971570E+00
+2.355000E-03,+2.703391981E+00,+2.718592929E+00,+2.728391916E+00,+2.658291504E+00
+2.357500E-03,+2.689572886E+00,+2.682579529E+00,+2.659087059E+00,+2.727596361E+00
+2.360000E-03,+2.689572886E+00,+2.726968138E+00,+2.672906154E+00,+2.713777265E+00
+2.362500E-03,+2.689572886E+00,+2.690954738E+00,+2.647989906E+00,+2.658291504E+00
+2.365000E-03,+2.673031847E+00,+2.654941338E+00,+2.664530945E+00,+2.722152475E+00
+2.367500E-03,+2.661725315E+00,+2.671482377E+00,+2.728391916E+00,+2.682998371E+00
+2.370000E-03,+2.609170876E+00,+2.607412026E+00,+2.728391916E+00,+2.658291504E+00
+2.372500E-03,+2.645393657E+00,+2.707705157E+00,+2.728391916E+00,+2.694514284E+00
+2.375000E-03,+2.689572886E+00,+2.751884386E+00,+2.648199286E+00,+2.658291504E+00
+2.377500E-03,+2.689572886E+00,+2.635678357E+00,+2.728391916E+00,+2.658291504E+00
+2.380000E-03,+2.689572886E+00,+2.671482377E+00,+2.791624746E+00,+2.658291504E+00
+2.382500E-03,+2.717001696E+00,+2.751884386E+00,+2.647989906E+00,+2.738693513E+00
+2.385000E-03,+2.689572886E+00,+2.688442175E+00,+2.681909504E+00,+2.721733714E+00
+2.387500E-03,+2.628224478E+00,+2.671482377E+00,+2.709338314E+00,+2.658291504E+00
+2.390000E-03,+2.719304879E+00,+2.726549378E+00,+2.728391916E+00,+2.713358505E+00
+2.392500E-03,+2.619849268E+00,+2.741205994E+00,+2.647989906E+00,+2.658291504E+00
+2.395000E-03,+2.689572886E+00,+2.718174169E+00,+2.775083707E+00,+2.692001721E+00
+2.397500E-03,+2.689572886E+00,+2.673785559E+00,+2.726088733E+00,+2.658291504E+00
+2.400000E-03,+2.727889468E+00,+2.713567803E+00,+2.690075333E+00,+2.658291504E+00
+2.402500E-03,+2.689572886E+00,+2.671482377E+00,+2.728391916E+00,+2.664363530E+00
+2.405000E-03,+2.558710241E+00,+2.671482377E+00,+2.627470644E+00,+2.658291504E+00
+2.407500E-03,+2.689572886E+00,+2.737437150E+00,+2.728391916E+00,+2.724246277E+00
+2.410000E-03,+2.630737040E+00,+2.751884386E+00,+2.728391916E+00,+2.599455659E+00
+2.412500E-03,+2.666750440E+00,+2.729061941E+00,+2.647989906E+00,+2.773450632E+00
+2.415000E-03,+2.676381931E+00,+2.671482377E+00,+2.715200961E+00,+2.658291504E+00
+2.417500E-03,+2.689572886E+00,+2.671482377E+00,+2.697194261E+00,+2.658291504E+00
+2.420000E-03,+2.689572886E+00,+2.742252895E+00,+2.647989906E+00,+2.663107249E+00
+2.422500E-03,+2.650000022E+00,+2.712311522E+00,+2.649246188E+00,+2.697864368E+00
+2.425000E-03,+2.762855967E+00,+2.671482377E+00,+2.801674997E+00,+2.581448958E+00
+2.427500E-03,+2.689572886E+00,+2.671482377E+00,+2.712897779E+00,+2.642797367E+00
+2.430000E-03,+2.701507559E+00,+2.603015041E+00,+2.728391916E+00,+2.726758840E+00
+2.432500E-03,+2.689572886E+00,+2.671482377E+00,+2.704313189E+00,+2.714614786E+00
+2.435000E-03,+2.669263003E+00,+2.731574504E+00,+2.668299789E+00,+2.658291504E+00
+2.437500E-03,+2.705276403E+00,+2.622487403E+00,+2.728391916E+00,+2.722989995E+00
+2.440000E-03,+2.718257977E+00,+2.723199294E+00,+2.647989906E+00,+2.686976595E+00
+2.442500E-03,+2.682244577E+00,+2.671482377E+00,+2.801465617E+00,+2.658291504E+00
+2.445000E-03,+2.726633187E+00,+2.708542678E+00,+2.728391916E+00,+2.658291504E+00
+2.447500E-03,+2.690619787E+00,+2.672529278E+00,+2.728391916E+00,+2.658291504E+00
+2.450000E-03,+2.609170876E+00,+2.716917887E+00,+2.682956405E+00,+2.728224502E+00
+2.452500E-03,+2.689572886E+00,+2.751884386E+00,+2.799371814E+00,+2.738693513E+00
+2.455000E-03,+2.716792316E+00,+2.751884386E+00,+2.701800626E+00,+2.738693513E+00
+2.457500E-03,+2.644765516E+00,+2.716289747E+00,+2.728391916E+00,+2.658291504E+00
+2.460000E-03,+2.627386957E+00,+2.689698457E+00,+2.728391916E+00,+2.658291504E+00
+2.462500E-03,+2.689572886E+00,+2.671482377E+00,+2.647989906E+00,+2.712520984E+00
+2.465000E-03,+2.699413757E+00,+2.671482377E+00,+2.728391916E+00,+2.728852642E+00
+2.467500E-03,+2.689572886E+00,+2.706030115E+00,+2.693844177E+00,+2.658291504E+00
+2.470000E-03,+2.689572886E+00,+2.594011691E+00,+2.726926254E+00,+2.659757166E+00
+2.472500E-03,+2.609170876E+00,+2.708961438E+00,+2.728391916E+00,+2.620812442E+00
+2.475000E-03,+2.763065347E+00,+2.671482377E+00,+2.728391916E+00,+2.651381956E+00
+2.477500E-03,+2.689572886E+00,+2.671482377E+00,+2.677093759E+00,+2.687395356E+00
+2.480000E-03,+2.689572886E+00,+2.686767134E+00,+2.793509168E+00,+2.673576261E+00
+2.482500E-03,+2.710301529E+00,+2.611809011E+00,+2.788065282E+00,+2.598618138E+00
+2.485000E-03,+2.689572886E+00,+2.728224420E+00,+2.728391916E+00,+2.658291504E+00
+2.487500E-03,+2.621524310E+00,+2.659128943E+00,+2.703685048E+00,+2.645938070E+00
+2.490000E-03,+2.769974895E+00,+2.671482377E+00,+2.680025082E+00,+2.658291504E+00
+2.492500E-03,+2.689572886E+00,+2.675460601E+00,+2.728391916E+00,+2.658291504E+00
+2.495000E-03,+2.689572886E+00,+2.671482377E+00,+2.607579522E+00,+2.658291504E+00
+2.497500E-03,+2.689572886E+00,+2.747487401E+00,+2.728391916E+00,+2.743090498E+00
+2.500000E-03,+2.657956470E+00,+2.591080368E+00,+2.679606322E+00,+2.658291504E+00
+2.502500E-03,+2.634715265E+00,+2.671482377E+00,+2.728391916E+00,+2.658291504E+00
+2.505000E-03,+2.689572886E+00,+2.671482377E+00,+2.728391916E+00,+2.658291504E+00
+2.507500E-03,+2.689572886E+00,+2.671482377E+00,+2.588735301E+00,+2.679438907E+00
+2.510000E-03,+2.689572886E+00,+2.737018389E+00,+2.779061932E+00,+2.658291504E+00
+2.512500E-03,+2.689572886E+00,+2.671482377E+00,+2.749748699E+00,+2.687814116E+00
+2.515000E-03,+2.756993320E+00,+2.671482377E+00,+2.721901128E+00,+2.658291504E+00
+2.517500E-03,+2.732077073E+00,+2.751884386E+00,+2.770896103E+00,+2.653685138E+00
+2.520000E-03,+2.691457308E+00,+2.749999964E+00,+2.806909503E+00,+2.658291504E+00
+2.522500E-03,+2.689572886E+00,+2.671482377E+00,+2.728391916E+00,+2.658291504E+00
+2.525000E-03,+2.689572886E+00,+2.601339999E+00,+2.718132284E+00,+2.738693513E+00
+2.527500E-03,+2.663819117E+00,+2.671482377E+00,+2.647989906E+00,+2.658291504E+00
+2.530000E-03,+2.769974895E+00,+2.671482377E+00,+2.728391916E+00,+2.738693513E+00
+2.532500E-03,+2.626549436E+00,+2.734505827E+00,+2.665368466E+00,+2.675670063E+00
+2.535000E-03,+2.663190976E+00,+2.671482377E+00,+2.701381866E+00,+2.604899544E+00
+2.537500E-03,+2.689572886E+00,+2.680485727E+00,+2.719388565E+00,+2.667294854E+00
+2.540000E-03,+2.644556136E+00,+2.671482377E+00,+2.808793925E+00,+2.693676763E+00
+2.542500E-03,+2.768718613E+00,+2.751256245E+00,+2.728391916E+00,+2.738065372E+00
+2.545000E-03,+2.769974895E+00,+2.708123918E+00,+2.691750375E+00,+2.702051972E+00
+2.547500E-03,+2.697319954E+00,+2.663735308E+00,+2.720644847E+00,+2.658291504E+00
+2.550000E-03,+2.637437208E+00,+2.671482377E+00,+2.728391916E+00,+2.686557835E+00
+2.552500E-03,+2.689572886E+00,+2.671482377E+00,+2.728391916E+00,+2.674413782E+00
+2.555000E-03,+2.629061999E+00,+2.691373499E+00,+2.768174160E+00,+2.597780617E+00
+2.557500E-03,+2.689572886E+00,+2.671482377E+00,+2.647989906E+00,+2.682788991E+00
+2.560000E-03,+2.678056973E+00,+2.671482377E+00,+2.728391916E+00,+2.738693513E+00
+2.562500E-03,+2.689572886E+00,+2.671482377E+00,+2.775921228E+00,+2.691164200E+00
+2.565000E-03,+2.766834191E+00,+2.671482377E+00,+2.728391916E+00,+2.661432207E+00
+2.567500E-03,+2.728726989E+00,+2.712730282E+00,+2.647989906E+00,+2.617043598E+00
+2.570000E-03,+2.614405382E+00,+2.671482377E+00,+2.653224412E+00,+2.733459007E+00
+2.572500E-03,+2.639949771E+00,+2.671482377E+00,+2.678768801E+00,+2.707914619E+00
+2.575000E-03,+2.689572886E+00,+2.657872662E+00,+2.714782201E+00,+2.658291504E+00
+2.577500E-03,+2.667169201E+00,+2.729480701E+00,+2.705988231E+00,+2.716289828E+00
+2.580000E-03,+2.631155801E+00,+2.729899462E+00,+2.691959755E+00,+2.716708589E+00
+2.582500E-03,+2.675544410E+00,+2.671482377E+00,+2.662018382E+00,+2.724665037E+00
+2.585000E-03,+2.739614761E+00,+2.701842510E+00,+2.728391916E+00,+2.708333379E+00
+2.587500E-03,+2.689572886E+00,+2.677135643E+00,+2.728391916E+00,+2.663944770E+00
+2.590000E-03,+2.689572886E+00,+2.713149043E+00,+2.647989906E+00,+2.658291504E+00
+2.592500E-03,+2.686850943E+00,+2.746440500E+00,+2.808793925E+00,+2.658291504E+00
+2.595000E-03,+2.642462333E+00,+2.671482377E+00,+2.681281363E+00,+2.625000047E+00
+2.597500E-03,+2.758877743E+00,+2.751884386E+00,+2.728391916E+00,+2.658291504E+00
+2.600000E-03,+2.689572886E+00,+2.726968138E+00,+2.728391916E+00,+2.658291504E+00
+2.602500E-03,+2.750502533E+00,+2.671482377E+00,+2.747864277E+00,+2.658291504E+00
+2.605000E-03,+2.673031847E+00,+2.654941338E+00,+2.728391916E+00,+2.738693513E+00
+2.607500E-03,+2.664866018E+00,+2.724036815E+00,+2.647989906E+00,+2.710845942E+00
+2.610000E-03,+2.681407056E+00,+2.671482377E+00,+2.792462266E+00,+2.666457333E+00
+2.612500E-03,+2.689572886E+00,+2.715661606E+00,+2.772571145E+00,+2.694514284E+00
+2.615000E-03,+2.689572886E+00,+2.752093766E+00,+2.728182535E+00,+2.658500884E+00
+2.617500E-03,+2.653768866E+00,+2.671482377E+00,+2.683793926E+00,+2.702889493E+00
+2.620000E-03,+2.680988296E+00,+2.662897787E+00,+2.656574496E+00,+2.658291504E+00
+2.622500E-03,+2.662144075E+00,+2.777428774E+00,+2.675418717E+00,+2.711264702E+00
+2.625000E-03,+2.689572886E+00,+2.671482377E+00,+2.791834126E+00,+2.675251302E+00
+2.627500E-03,+2.628224478E+00,+2.671482377E+00,+2.667043508E+00,+2.658291504E+00
+2.630000E-03,+2.634505884E+00,+2.671482377E+00,+2.647989906E+00,+2.713358505E+00
+2.632500E-03,+2.619849268E+00,+2.671482377E+00,+2.728391916E+00,+2.668969896E+00
+2.635000E-03,+2.609170876E+00,+2.718174169E+00,+2.762102133E+00,+2.658291504E+00
+2.637500E-03,+2.611474059E+00,+2.671482377E+00,+2.730695098E+00,+2.658291504E+00
+2.640000E-03,+2.689572886E+00,+2.671482377E+00,+2.686306489E+00,+2.658291504E+00
+2.642500E-03,+2.621314930E+00,+2.671482377E+00,+2.734463942E+00,+2.658291504E+00
+2.645000E-03,+2.609170876E+00,+2.701423750E+00,+2.728391916E+00,+2.708752140E+00
+2.647500E-03,+2.675125650E+00,+2.737437150E+00,+2.662437142E+00,+2.724246277E+00
+2.650000E-03,+2.652303205E+00,+2.671482377E+00,+2.787227761E+00,+2.679857668E+00
+2.652500E-03,+2.631993322E+00,+2.613902813E+00,+2.728391916E+00,+2.658291504E+00
+2.655000E-03,+2.622361831E+00,+2.604271322E+00,+2.741582870E+00,+2.671482459E+00
+2.657500E-03,+2.689572886E+00,+2.640284722E+00,+2.808793925E+00,+2.658291504E+00
+2.660000E-03,+2.689572886E+00,+2.595896113E+00,+2.728391916E+00,+2.738693513E+00
+2.662500E-03,+2.650000022E+00,+2.671482377E+00,+2.728391916E+00,+2.658291504E+00
+2.665000E-03,+2.616289804E+00,+2.671482377E+00,+2.805234461E+00,+2.585008422E+00
+2.667500E-03,+2.689572886E+00,+2.703936313E+00,+2.680443842E+00,+2.690745440E+00
+2.670000E-03,+2.689572886E+00,+2.614949714E+00,+2.647989906E+00,+2.658291504E+00
+2.672500E-03,+2.609170876E+00,+2.695561104E+00,+2.704313189E+00,+2.634212777E+00
+2.675000E-03,+2.749665012E+00,+2.712102142E+00,+2.668299789E+00,+2.778475757E+00
+2.677500E-03,+2.689572886E+00,+2.736180868E+00,+2.647989906E+00,+2.658291504E+00
+2.680000E-03,+2.637855968E+00,+2.751884386E+00,+2.647989906E+00,+2.658291504E+00
+2.682500E-03,+2.689572886E+00,+2.671482377E+00,+2.728391916E+00,+2.658291504E+00
+2.685000E-03,+2.689572886E+00,+2.671482377E+00,+2.765452217E+00,+2.701633212E+00
+2.687500E-03,+2.689572886E+00,+2.592127269E+00,+2.727345015E+00,+2.658291504E+00
+2.690000E-03,+2.609170876E+00,+2.671482377E+00,+2.773827426E+00,+2.693258003E+00
+2.692500E-03,+2.680150775E+00,+2.742462276E+00,+2.647989906E+00,+2.658291504E+00
+2.695000E-03,+2.689572886E+00,+2.698073666E+00,+2.647989906E+00,+2.684882793E+00
+2.697500E-03,+2.707370205E+00,+2.751884386E+00,+2.728391916E+00,+2.640494184E+00
+2.700000E-03,+2.627386957E+00,+2.689698457E+00,+2.728391916E+00,+2.640075423E+00
+2.702500E-03,+2.715745415E+00,+2.725711857E+00,+2.728391916E+00,+2.630234552E+00
+2.705000E-03,+2.760134024E+00,+2.681323248E+00,+2.728391916E+00,+2.587730366E+00
+2.707500E-03,+2.689572886E+00,+2.671482377E+00,+2.728391916E+00,+2.704145775E+00
+2.710000E-03,+2.688107224E+00,+2.671482377E+00,+2.649455568E+00,+2.658291504E+00
+2.712500E-03,+2.689572886E+00,+2.708961438E+00,+2.771314863E+00,+2.658291504E+00
+2.715000E-03,+2.609170876E+00,+2.751884386E+00,+2.574497445E+00,+2.665201051E+00
+2.717500E-03,+2.689572886E+00,+2.671482377E+00,+2.677093759E+00,+2.687395356E+00
+2.720000E-03,+2.704857642E+00,+2.671482377E+00,+2.678559420E+00,+2.608459008E+00
+2.722500E-03,+2.749246252E+00,+2.671482377E+00,+2.647989906E+00,+2.717964870E+00
+2.725000E-03,+2.609170876E+00,+2.671482377E+00,+2.671649872E+00,+2.658291504E+00
+2.727500E-03,+2.689572886E+00,+2.671482377E+00,+2.647989906E+00,+2.726340079E+00
+2.730000E-03,+2.657537710E+00,+2.719849211E+00,+2.728391916E+00,+2.641959845E+00
+2.732500E-03,+2.609170876E+00,+2.671482377E+00,+2.728391916E+00,+2.658291504E+00
+2.735000E-03,+2.689572886E+00,+2.671482377E+00,+2.728391916E+00,+2.657872744E+00
+2.737500E-03,+2.613567861E+00,+2.747487401E+00,+2.656783876E+00,+2.653894519E+00
+2.740000E-03,+2.706742064E+00,+2.703098792E+00,+2.647989906E+00,+2.707077098E+00
+2.742500E-03,+2.676800692E+00,+2.671482377E+00,+2.728391916E+00,+2.658291504E+00
+2.745000E-03,+2.746733689E+00,+2.694723583E+00,+2.728391916E+00,+2.681532710E+00
+2.747500E-03,+2.651465683E+00,+2.692629780E+00,+2.707244512E+00,+2.658291504E+00
+2.750000E-03,+2.573366857E+00,+2.722152393E+00,+2.713525919E+00,+2.658291504E+00
+2.752500E-03,+2.748618111E+00,+2.671482377E+00,+2.698869303E+00,+2.738693513E+00
+2.755000E-03,+2.689572886E+00,+2.677973164E+00,+2.728391916E+00,+2.732202726E+00
+2.757500E-03,+2.613777242E+00,+2.709380199E+00,+2.685887728E+00,+2.696189326E+00
+2.760000E-03,+2.766206051E+00,+2.673366799E+00,+2.806909503E+00,+2.581658339E+00
+2.762500E-03,+2.655443908E+00,+2.717755408E+00,+2.728391916E+00,+2.704564535E+00
+2.765000E-03,+2.619430508E+00,+2.741624755E+00,+2.718132284E+00,+2.658291504E+00
+2.767500E-03,+2.689572886E+00,+2.671482377E+00,+2.783040156E+00,+2.684045272E+00
+2.770000E-03,+2.689572886E+00,+2.671482377E+00,+2.728391916E+00,+2.676926344E+00
+2.772500E-03,+2.609170876E+00,+2.671482377E+00,+2.630611347E+00,+2.721314954E+00
+2.775000E-03,+2.662562836E+00,+2.698492427E+00,+2.781783875E+00,+2.711683463E+00
+2.777500E-03,+2.751968195E+00,+2.671482377E+00,+2.585594597E+00,+2.649288154E+00
+2.780000E-03,+2.734589636E+00,+2.716499127E+00,+2.647989906E+00,+2.738693513E+00
+2.782500E-03,+2.769346754E+00,+2.671482377E+00,+2.728391916E+00,+2.658291504E+00
+2.785000E-03,+2.689572886E+00,+2.678601304E+00,+2.765033456E+00,+2.577889495E+00
+2.787500E-03,+2.762227826E+00,+2.744137317E+00,+2.655736975E+00,+2.666038572E+00
+2.790000E-03,+2.689572886E+00,+2.671482377E+00,+2.728391916E+00,+2.606155826E+00
+2.792500E-03,+2.673450608E+00,+2.671482377E+00,+2.664112184E+00,+2.658291504E+00
+2.795000E-03,+2.689572886E+00,+2.731993264E+00,+2.769011680E+00,+2.658291504E+00
+2.797500E-03,,,,
