x-axis,1,2,3
second,Volt,Volt,Volt
-20.12000E-03,+19.58167E-03,-70.35178E-03,+70.35178E-03
-20.09500E-03,-7.58614E-03,+10.05023E-03,-10.05023E-03
-20.07000E-03,-12.56283E-03,+10.05023E-03,-10.05023E-03
-20.04500E-03,+7.53767E-03,+10.05023E-03,-10.05023E-03
-20.02000E-03,-4.35336E-03,-37.51391E-03,-10.05023E-03
-19.99500E-03,-11.76735E-03,+10.05023E-03,-10.05023E-03
-19.97000E-03,+17.33810E-03,-31.15007E-03,+29.15148E-03
-19.94500E-03,-12.56283E-03,+85.27173E-03,-10.05023E-03
-19.92000E-03,+7.53767E-03,+10.05023E-03,-10.05023E-03
-19.89500E-03,+7.53767E-03,-70.35178E-03,-23.59317E-03
-19.87000E-03,+22.01896E-03,-12.42662E-03,-10.05023E-03
-19.84500E-03,+22.16183E-03,-70.35178E-03,+70.35178E-03
-19.82000E-03,-5.50562E-03,-56.23736E-03,-76.33782E-03
-19.79500E-03,+7.53767E-03,+10.05023E-03,-10.05023E-03
-19.77000E-03,+7.53767E-03,+84.70025E-03,-10.05023E-03
-19.74500E-03,-13.34822E-03,-31.72155E-03,-51.82201E-03
-19.72000E-03,-32.01072E-03,-67.74134E-03,-12.66067E-03
-19.69500E-03,-12.56283E-03,-56.76847E-03,-23.63354E-03
-19.67000E-03,+7.53767E-03,-59.37891E-03,-79.47937E-03
-19.64500E-03,+7.53767E-03,+10.05023E-03,-40.35840E-03
-19.62000E-03,+7.53767E-03,-9.28507E-03,-51.78164E-03
-19.59500E-03,+7.53767E-03,-6.63426E-03,-26.73472E-03
-19.57000E-03,+7.53767E-03,+10.05023E-03,-10.05023E-03
-19.54500E-03,-10.48232E-03,+10.05023E-03,-10.05023E-03
-19.52000E-03,-12.56283E-03,-34.29162E-03,+34.29162E-03
-19.49500E-03,+7.53767E-03,+10.05023E-03,-90.37150E-03
-19.47000E-03,+7.53767E-03,+10.05023E-03,+34.37236E-03
-19.44500E-03,-10.46213E-03,+1.64743E-03,-10.05023E-03
-19.42000E-03,+633.43E-06,+10.05023E-03,-62.83525E-03
-19.39500E-03,+3.34636E-03,+10.05023E-03,-26.81546E-03
-19.37000E-03,+7.53767E-03,+10.05023E-03,+51.09722E-03
-19.34500E-03,+7.53767E-03,-15.07743E-03,-60.30555E-03
-19.32000E-03,+7.53767E-03,-48.56752E-03,+59.45965E-03
-19.29500E-03,+7.53767E-03,+10.05023E-03,-10.05023E-03
-19.27000E-03,-12.56283E-03,+10.05023E-03,-87.92254E-03
-19.24500E-03,-2.92546E-03,-28.49926E-03,+28.49926E-03
-19.22000E-03,+7.53767E-03,-76.18451E-03,+139.08833E-03
-19.19500E-03,+7.53767E-03,-20.13683E-03,+9.97766E-03
-19.17000E-03,-16.11162E-03,-56.15662E-03,+56.15662E-03
-19.14500E-03,+2.08151E-03,-48.52715E-03,-46.80298E-03
-19.12000E-03,-6.92343E-03,-70.35178E-03,+12.50736E-03
-19.09500E-03,-12.56283E-03,-3.41197E-03,+56.88958E-03
-19.07000E-03,+27.63817E-03,+40.97025E-03,-40.97025E-03
-19.04500E-03,+7.53767E-03,+4.95046E-03,+70.35178E-03
-19.02000E-03,-2.74222E-03,-111.47134E-03,-90.45224E-03
-18.99500E-03,-11.74717E-03,+10.05023E-03,-13.31289E-03
-18.97000E-03,+15.72695E-03,+10.05023E-03,-10.05023E-03
-18.94500E-03,+1.72513E-03,-1.57486E-03,+47.10160E-03
-18.92000E-03,-12.56283E-03,+10.05023E-03,-34.44493E-03
-18.89500E-03,+2.54079E-03,+10.05023E-03,-10.05023E-03
-18.87000E-03,-8.55476E-03,+26.08250E-03,+5.98204E-03
-18.84500E-03,+450.19E-06,-70.35178E-03,+18.29972E-03
-18.82000E-03,+7.53767E-03,-70.35178E-03,+70.35178E-03
-18.79500E-03,-3.38474E-03,-33.63940E-03,+33.63940E-03
-18.77000E-03,+7.19138E-03,-70.35178E-03,+70.35178E-03
-18.74500E-03,-3.73103E-03,-35.02458E-03,+25.27697E-03
-18.72000E-03,+9.80143E-03,+19.10525E-03,-10.05023E-03
-18.69500E-03,+14.27887E-03,-16.91454E-03,-63.48747E-03
-18.67000E-03,+23.28381E-03,-7.36722E-03,-10.05023E-03
-18.64500E-03,-12.56283E-03,-8.55211E-03,-53.24756E-03
-18.62000E-03,+1.09270E-03,-15.72965E-03,-90.45224E-03
-18.59500E-03,+25.07820E-03,-60.11187E-03,-20.29014E-03
-18.57000E-03,+19.10260E-03,-70.35178E-03,+11.97468E-03
-18.54500E-03,+7.53767E-03,+10.05023E-03,-10.05023E-03
-18.52000E-03,-3.08851E-03,-32.45451E-03,-10.05023E-03
-18.49500E-03,+4.29520E-03,-70.35178E-03,+63.86683E-03
-18.47000E-03,+7.53767E-03,-19.48461E-03,-10.05023E-03
-18.44500E-03,+7.53767E-03,-4.79715E-03,+55.50440E-03
-18.42000E-03,+17.05197E-03,-70.35178E-03,+49.17937E-03
-18.39500E-03,+1.73522E-03,-13.15958E-03,+70.35178E-03
-18.37000E-03,+1.13268E-03,+10.05023E-03,-22.86021E-03
-18.34500E-03,-355.39E-06,+10.05023E-03,+38.77954E-03
-18.32000E-03,-28.21578E-03,+5.60268E-03,-86.00469E-03
-18.29500E-03,+7.53767E-03,-29.88444E-03,+29.88444E-03
-18.27000E-03,+7.53767E-03,+10.05023E-03,-10.05023E-03
-18.24500E-03,-12.56283E-03,-70.35178E-03,+38.24687E-03
-18.22000E-03,-6.42418E-03,-58.07447E-03,+126.19917E-03
-18.19500E-03,+13.47329E-03,-13.69225E-03,-10.05023E-03
-18.17000E-03,+12.69761E-03,+10.05023E-03,-108.93504E-03
-18.14500E-03,+3.69266E-03,+10.05023E-03,-10.05023E-03
-18.12000E-03,+287.13E-06,-70.35178E-03,+41.34961E-03
-18.09500E-03,-12.56283E-03,-63.33416E-03,-10.05023E-03
-18.07000E-03,-3.22168E-03,-32.98718E-03,-10.05023E-03
-18.04500E-03,+7.53767E-03,+10.05023E-03,-10.05023E-03
-18.02000E-03,-3.89408E-03,-24.62475E-03,-10.05023E-03
-17.99500E-03,+5.11086E-03,-60.64454E-03,+60.64454E-03
-17.97000E-03,+7.53767E-03,+10.05023E-03,-10.05023E-03
-17.94500E-03,-17.08025E-03,+10.05023E-03,-28.11990E-03
-17.92000E-03,+12.02520E-03,-52.40166E-03,-10.05023E-03
-17.89500E-03,-12.56283E-03,-43.91968E-03,+43.91968E-03
-17.87000E-03,+7.53767E-03,+462.54E-06,+60.76409E-03
-17.84500E-03,-1.16096E-03,-81.16474E-03,+70.35178E-03
-17.82000E-03,+7.23136E-03,-71.57704E-03,+69.12652E-03
-17.79500E-03,+7.53767E-03,+15.96213E-03,-10.05023E-03
-17.77000E-03,+7.53767E-03,-63.21461E-03,-83.31507E-03
-17.74500E-03,+7.53767E-03,+10.05023E-03,-10.05023E-03
-17.72000E-03,-12.56283E-03,+10.05023E-03,-10.05023E-03
-17.69500E-03,+7.53767E-03,-70.35178E-03,+10.46996E-03
-17.67000E-03,-12.56283E-03,+10.05023E-03,-33.91226E-03
-17.64500E-03,-9.52339E-03,-58.19402E-03,+2.10753E-03
-17.62000E-03,-4.50672E-03,-22.17423E-03,-10.05023E-03
-17.59500E-03,-11.61400E-03,+10.05023E-03,-86.65690E-03
-17.57000E-03,+7.53767E-03,+50.63711E-03,-9.27847E-03
-17.54500E-03,+6.39590E-03,-70.35178E-03,-10.05023E-03
-17.52000E-03,+3.16352E-03,+10.05023E-03,-10.05023E-03
-17.49500E-03,+7.53767E-03,-57.42225E-03,+2.87930E-03
-17.47000E-03,+1.76511E-03,-47.26151E-03,+104.57326E-03
-17.44500E-03,+27.63817E-03,-70.35178E-03,+27.76787E-03
-17.42000E-03,+11.21963E-03,-55.62394E-03,+40.89611E-03
-17.39500E-03,-5.14923E-03,+10.05023E-03,+40.69739E-03
-17.37000E-03,+5.94632E-03,+3.68482E-03,-10.05023E-03
-17.34500E-03,+7.53767E-03,+10.05023E-03,-10.05023E-03
-17.32000E-03,+7.53767E-03,-68.35475E-03,-10.05023E-03
-17.29500E-03,-12.56283E-03,-70.35178E-03,+23.97254E-03
-17.27000E-03,-15.15269E-03,-70.35178E-03,-10.05023E-03
-17.24500E-03,+13.95276E-03,+35.71057E-03,+15.61011E-03
-17.22000E-03,-7.88236E-03,+10.05023E-03,-10.05023E-03
-17.19500E-03,-24.01438E-03,-116.15798E-03,-73.15433E-03
-17.17000E-03,-12.56283E-03,-17.03408E-03,+70.35178E-03
-17.14500E-03,-12.56283E-03,-61.41630E-03,-10.05023E-03
-17.12000E-03,-1.32401E-03,+55.00550E-03,+25.39651E-03
-17.09500E-03,-12.41957E-03,+10.05023E-03,-10.05023E-03
-17.07000E-03,+18.48997E-03,+46.64307E-03,+26.54261E-03
-17.04500E-03,-12.56283E-03,-62.56240E-03,-10.05023E-03
-17.02000E-03,+7.53767E-03,+10.05023E-03,+18.18018E-03
-16.99500E-03,+7.53767E-03,+10.05023E-03,+6.10158E-03
-16.97000E-03,+7.53767E-03,-9.81775E-03,-10.05023E-03
-16.94500E-03,+15.38105E-03,+10.05023E-03,-10.05023E-03
-16.92000E-03,-9.68644E-03,-58.84623E-03,+58.84623E-03
-16.89500E-03,-4.34366E-03,-22.82644E-03,+37.47511E-03
-16.87000E-03,+27.63817E-03,-73.49490E-03,+67.20866E-03
-16.84500E-03,+17.32840E-03,-31.18887E-03,-10.05023E-03
-16.82000E-03,+6.23284E-03,+85.23293E-03,-10.05023E-03
-16.79500E-03,+7.53767E-03,+10.05023E-03,+20.75025E-03
-16.77000E-03,+27.63817E-03,+10.05023E-03,+3.53151E-03
-16.74500E-03,+7.53767E-03,+10.05023E-03,+25.47569E-03
-16.72000E-03,+22.15213E-03,-11.89394E-03,+48.40761E-03
-16.69500E-03,-12.56283E-03,-70.35178E-03,+18.10100E-03
-16.67000E-03,-4.98618E-03,-70.35178E-03,-10.05023E-03
-16.64500E-03,+6.10938E-03,+4.33704E-03,-10.05023E-03
-16.62000E-03,+8.30366E-03,-70.35178E-03,+31.68275E-03
-16.59500E-03,-11.90052E-03,+7.40099E-03,+67.70254E-03
-16.57000E-03,-4.22019E-03,+10.05023E-03,+23.32032E-03
-16.54500E-03,+10.29059E-03,+10.05023E-03,-10.05023E-03
-16.52000E-03,+7.53767E-03,+40.43600E-03,-35.05835E-03
-16.49500E-03,+2.69415E-03,+10.05023E-03,+9.32387E-03
-16.47000E-03,-8.40141E-03,+10.05023E-03,+53.70609E-03
-16.44500E-03,+1.30544E-03,+10.05023E-03,-37.78676E-03
-16.42000E-03,+3.39604E-03,+10.05023E-03,+53.78526E-03
-16.39500E-03,-1.48707E-03,-26.04873E-03,+70.35178E-03
-16.37000E-03,+7.53767E-03,-70.35178E-03,+70.27261E-03
-16.34500E-03,+5.40748E-03,+10.05023E-03,+25.89039E-03
-16.32000E-03,-28.44253E-03,-61.91018E-03,+61.91018E-03
-16.29500E-03,-12.56283E-03,+10.05023E-03,-62.87405E-03
-16.27000E-03,+3.33666E-03,+10.05023E-03,-73.64821E-03
-16.24500E-03,+2.73373E-03,-70.35178E-03,+112.32227E-03
-16.22000E-03,+15.05494E-03,-15.11623E-03,+15.11623E-03
-16.19500E-03,+7.53767E-03,-59.49845E-03,+803.10E-06
-16.17000E-03,+4.20162E-03,-36.82289E-03,-10.05023E-03
-16.14500E-03,+8.16040E-03,-67.86088E-03,-10.05023E-03
-16.12000E-03,-2.09000E-03,-31.84109E-03,-51.94155E-03
-16.09500E-03,-11.09495E-03,-64.48025E-03,+70.35178E-03
-16.07000E-03,+7.53767E-03,+10.05023E-03,-10.05023E-03
-16.04500E-03,+3.97918E-03,-56.11782E-03,-24.28419E-03
-16.02000E-03,+16.74526E-03,+68.66641E-03,+11.73560E-03
-15.99500E-03,+7.53767E-03,-70.35178E-03,+12.54616E-03
-15.97000E-03,+7.53767E-03,+10.05023E-03,-10.05023E-03
-15.94500E-03,-202.03E-06,+10.05023E-03,-10.05023E-03
-15.92000E-03,+7.53767E-03,+10.05023E-03,+65.29081E-03
-15.89500E-03,-2.29264E-03,-31.03053E-03,-10.05023E-03
-15.87000E-03,-12.56283E-03,+6.74877E-03,+67.05032E-03
-15.84500E-03,-4.38325E-03,+42.76856E-03,-57.73391E-03
-15.82000E-03,-9.64686E-03,-58.68789E-03,-78.78835E-03
-15.79500E-03,+7.53767E-03,+10.05023E-03,-10.05023E-03
-15.77000E-03,-7.55625E-03,+10.05023E-03,-10.05023E-03
-15.74500E-03,+35.74357E-03,-70.35178E-03,-26.04370E-03
-15.72000E-03,+7.53767E-03,-70.35178E-03,+18.33852E-03
-15.69500E-03,-30.75557E-03,-62.72074E-03,-82.82120E-03
-15.67000E-03,+7.53767E-03,-70.35178E-03,-10.05023E-03
-15.64500E-03,+27.45533E-03,+10.05023E-03,-10.05023E-03
-15.62000E-03,+7.53767E-03,-35.06338E-03,-19.87544E-03
-15.59500E-03,+9.81113E-03,-70.35178E-03,+61.25796E-03
-15.57000E-03,-5.92531E-03,-43.42581E-03,+16.49984E-03
-15.54500E-03,+18.91005E-03,-52.89553E-03,+7.40602E-03
-15.52000E-03,-7.92194E-03,-8.51331E-03,-71.88870E-03
-15.49500E-03,+21.18350E-03,-15.76845E-03,-35.86891E-03
-15.47000E-03,+7.53767E-03,-60.15067E-03,+60.15067E-03
-15.44500E-03,+16.08295E-03,-36.17067E-03,+24.13088E-03
-15.42000E-03,+7.07800E-03,-68.51310E-03,+68.51310E-03
-15.39500E-03,+17.00229E-03,+14.73530E-03,+70.35178E-03
-15.37000E-03,-12.56283E-03,-70.35178E-03,+57.30428E-03
-15.34500E-03,+7.53767E-03,+60.95620E-03,+19.44581E-03
-15.32000E-03,-16.28437E-03,-70.35178E-03,-24.93641E-03
-15.29500E-03,+2.25427E-03,-70.35178E-03,-10.05023E-03
-15.27000E-03,-6.75068E-03,+10.05023E-03,-10.05023E-03
-15.24500E-03,+24.44538E-03,-2.72095E-03,+2.72095E-03
-15.22000E-03,-8.26785E-03,-21.56081E-03,-10.05023E-03
-15.19500E-03,-11.46064E-03,+5.64148E-03,-5.64148E-03
-15.17000E-03,+7.53767E-03,+10.05023E-03,-10.05023E-03
-15.14500E-03,+7.53767E-03,+6.09655E-03,+66.39810E-03
-15.12000E-03,-12.56283E-03,+10.05023E-03,+38.28567E-03
-15.09500E-03,+4.45865E-03,-2.26588E-03,-65.82002E-03
-15.07000E-03,+21.71225E-03,+10.05023E-03,+46.64810E-03
-15.04500E-03,+7.53767E-03,-70.35178E-03,+10.62831E-03
-15.02000E-03,+19.96755E-03,-70.35178E-03,+55.01053E-03
-14.99500E-03,-5.30259E-03,+10.05023E-03,-10.05023E-03
-14.97000E-03,-10.81812E-03,+10.05023E-03,-10.05023E-03
-14.94500E-03,-1.81318E-03,+15.64544E-03,+70.35178E-03
-14.92000E-03,-32.31743E-03,-68.96817E-03,-11.43384E-03
-14.89500E-03,-12.56283E-03,+10.05023E-03,+35.71560E-03
-14.87000E-03,+5.10116E-03,-141.00775E-03,+60.60574E-03
-14.84500E-03,-5.99439E-03,+36.32398E-03,+44.07803E-03
-14.82000E-03,+7.53767E-03,-70.35178E-03,-10.05023E-03
-14.79500E-03,-17.04066E-03,-7.86109E-03,-10.05023E-03
-14.77000E-03,+14.40273E-03,+10.05023E-03,+16.42067E-03
-14.74500E-03,-12.56283E-03,+10.05023E-03,-80.90335E-03
-14.72000E-03,-9.87899E-03,-24.78310E-03,-10.05023E-03
-14.69500E-03,-12.26621E-03,-70.35178E-03,+69.16532E-03
-14.67000E-03,+7.53767E-03,-27.15602E-03,+27.15602E-03
-14.64500E-03,+7.53767E-03,-70.35178E-03,-10.05023E-03
-14.62000E-03,+7.53767E-03,-18.79359E-03,-10.05023E-03
-14.59500E-03,-8.67823E-03,-5.48817E-03,-10.05023E-03
-14.57000E-03,+12.65802E-03,-49.87039E-03,+49.87039E-03
-14.54500E-03,-6.58762E-03,-46.45095E-03,+46.45095E-03
-14.52000E-03,+7.53767E-03,+10.05023E-03,-22.16919E-03
-14.49500E-03,-4.49702E-03,+10.05023E-03,+70.35178E-03
-14.47000E-03,-11.62370E-03,+6.29370E-03,-13.80676E-03
-14.44500E-03,+7.53767E-03,-70.35178E-03,+70.35178E-03
-14.42000E-03,+7.53767E-03,+10.05023E-03,-5.44433E-03
-14.39500E-03,+19.78470E-03,-70.35178E-03,+38.93789E-03
-14.37000E-03,+7.53767E-03,-44.41513E-03,+57.38345E-03
-14.34500E-03,+7.53767E-03,-13.00123E-03,+47.30032E-03
-14.32000E-03,+7.53767E-03,-11.28053E-03,-106.86198E-03
-14.29500E-03,+23.96592E-03,-55.66275E-03,-24.73926E-03
-14.27000E-03,-5.13953E-03,-40.65859E-03,-10.05023E-03
-14.24500E-03,+26.05652E-03,-64.02517E-03,+70.35178E-03
-14.22000E-03,+17.05158E-03,-28.00539E-03,+28.00539E-03
-14.19500E-03,-31.64542E-03,+12.08605E-03,-10.05023E-03
-14.17000E-03,-4.06684E-03,-23.93373E-03,+70.35178E-03
-14.14500E-03,-12.56283E-03,-70.35178E-03,-10.05023E-03
-14.12000E-03,+7.53767E-03,-44.73024E-03,+44.73024E-03
-14.09500E-03,-27.97316E-03,+71.69155E-03,-28.81091E-03
-14.07000E-03,+11.85245E-03,-53.09267E-03,-10.05023E-03
-14.04500E-03,+756.89E-06,-17.07288E-03,+17.07288E-03
-14.02000E-03,-12.56283E-03,-61.45510E-03,-18.94690E-03
-13.99500E-03,+7.53767E-03,-34.86624E-03,-10.05023E-03
-13.97000E-03,+7.53767E-03,+89.91799E-03,-89.38375E-03
-13.94500E-03,+18.49967E-03,-26.50381E-03,+33.79774E-03
-13.92000E-03,+5.58063E-03,-70.35178E-03,-2.22205E-03
-13.89500E-03,-5.51493E-03,-18.14138E-03,+42.16017E-03
-13.87000E-03,-8.51518E-03,-54.16117E-03,+54.16117E-03
-13.84500E-03,+12.49497E-03,-70.35178E-03,+9.77895E-03
-13.82000E-03,+7.53767E-03,-101.64770E-03,-10.05023E-03
-13.79500E-03,+4.67099E-03,+78.98549E-03,-78.98549E-03
-13.77000E-03,+7.53767E-03,-22.86524E-03,+37.43631E-03
-13.74500E-03,+8.31375E-03,+6.94591E-03,-6.94591E-03
-13.72000E-03,-2.78180E-03,-29.07388E-03,+31.22767E-03
-13.69500E-03,-11.24830E-03,+4.79212E-03,-4.79212E-03
-13.67000E-03,-4.87241E-03,-39.59010E-03,+20.71145E-03
-13.64500E-03,+20.82790E-03,+10.05023E-03,+3.57031E-03
-13.62000E-03,+7.53767E-03,-47.95253E-03,-68.05299E-03
-13.59500E-03,+2.04193E-03,-70.35178E-03,+11.93274E-03
-13.57000E-03,+24.12897E-03,+90.45224E-03,-10.05023E-03
-13.54500E-03,-4.97648E-03,-20.29517E-03,+70.35178E-03
-13.52000E-03,+6.11908E-03,-70.35178E-03,+64.67739E-03
-13.49500E-03,-12.56283E-03,+10.05023E-03,-51.74441E-03
-13.47000E-03,+7.53767E-03,-67.66374E-03,+67.66374E-03
-13.44500E-03,-20.89577E-03,+23.78875E-03,+56.61326E-03
-13.42000E-03,+24.87556E-03,-1.00024E-03,+48.25083E-03
-13.39500E-03,-78.17E-06,-70.35178E-03,+14.91909E-03
-13.37000E-03,+22.78495E-03,-31.52597E-03,-10.05023E-03
-13.34500E-03,+11.68939E-03,+10.05023E-03,-26.65712E-03
-13.32000E-03,+7.53767E-03,-42.57645E-03,-10.05023E-03
-13.29500E-03,+7.53767E-03,+10.05023E-03,+70.35178E-03
-13.27000E-03,-3.52839E-03,-34.21402E-03,-10.05023E-03
-13.24500E-03,-32.60435E-03,+9.93226E-03,-90.21629E-03
-13.22000E-03,+7.53767E-03,-25.85159E-03,-54.55042E-03
-13.19500E-03,+7.53767E-03,-61.87138E-03,-73.49143E-03
-13.17000E-03,-12.56283E-03,+10.05023E-03,+42.81239E-03
-13.14500E-03,-12.56283E-03,-53.50895E-03,+70.35178E-03
-13.12000E-03,+18.04970E-03,+10.05023E-03,-10.05023E-03
-13.09500E-03,+7.53767E-03,-70.35178E-03,-10.05023E-03
-13.07000E-03,+7.53767E-03,-764.30E-06,+48.72272E-03
-13.04500E-03,+15.92960E-03,-23.51746E-03,-10.05023E-03
-13.02000E-03,-11.94981E-03,-67.89968E-03,+67.89968E-03
-12.99500E-03,+8.40223E-03,-28.42166E-03,-48.52212E-03
-12.97000E-03,+7.53767E-03,+10.05023E-03,-10.05023E-03
-12.94500E-03,+7.53767E-03,+10.05023E-03,-60.34278E-03
-12.92000E-03,+3.96948E-03,-4.22253E-03,-10.05023E-03
-12.89500E-03,+7.53767E-03,-70.35178E-03,-10.05023E-03
-12.87000E-03,-6.90403E-03,+10.05023E-03,+70.35178E-03
-12.84500E-03,+7.53767E-03,-56.96718E-03,-90.45224E-03
-12.82000E-03,-4.81342E-03,-39.35416E-03,-10.05023E-03
-12.79500E-03,+6.28213E-03,+5.89E-06,-10.05023E-03
-12.77000E-03,+7.53767E-03,-30.99173E-03,-51.09219E-03
-12.74500E-03,-30.99320E-03,+6.70997E-03,+70.35178E-03
-12.72000E-03,-4.39295E-03,-37.67225E-03,-10.05023E-03
-12.69500E-03,-9.63716E-03,-70.35178E-03,-10.05023E-03
-12.67000E-03,+13.61695E-03,-46.03468E-03,-10.05023E-03
-12.64500E-03,+12.55395E-03,-10.01489E-03,+50.28666E-03
-12.62000E-03,-439.66E-06,-5.90444E-03,-10.05023E-03
-12.59500E-03,+430.78E-06,-18.37732E-03,+70.35178E-03
-12.57000E-03,-32.66333E-03,-70.35178E-03,-2.45799E-03
-12.54500E-03,-1.65982E-03,-33.56180E-03,-10.05023E-03
-12.52000E-03,+7.53767E-03,-69.58159E-03,-10.82042E-03
-12.49500E-03,+18.82577E-03,+55.20264E-03,-55.20264E-03
-12.47000E-03,+5.25452E-03,-70.35178E-03,-10.05023E-03
-12.44500E-03,-5.84104E-03,-43.46461E-03,-10.05023E-03
-12.42000E-03,+7.53767E-03,-7.44482E-03,-27.54528E-03
-12.39500E-03,+7.53767E-03,+53.40276E-03,-71.92750E-03
-12.37000E-03,+7.53767E-03,-70.35178E-03,+44.49430E-03
-12.34500E-03,+7.53767E-03,-112.08E-06,-80.28993E-03
-12.32000E-03,-4.00785E-03,-58.38959E-03,-10.05023E-03
-12.29500E-03,-12.11286E-03,-68.55190E-03,+66.75202E-03
-12.27000E-03,+18.18326E-03,-32.53211E-03,+27.76944E-03
-12.24500E-03,-32.66333E-03,+3.48768E-03,-10.05023E-03
-12.22000E-03,-5.19852E-03,-11.43730E-03,+19.40701E-03
-12.19500E-03,-8.83159E-03,-40.50182E-03,+4.87475E-03
-12.17000E-03,+22.36447E-03,-49.25697E-03,+70.35178E-03
-12.14500E-03,-32.66333E-03,-47.06437E-03,-67.16483E-03
-12.12000E-03,+7.53767E-03,+77.71986E-03,+2.68215E-03
-12.09500E-03,+11.81326E-03,-21.59961E-03,+70.35178E-03
-12.07000E-03,+24.36071E-03,+10.05023E-03,-14.42018E-03
-12.04500E-03,-2.46539E-03,+10.42770E-03,+70.72925E-03
-12.02000E-03,+25.64194E-03,+6.05775E-03,+62.36682E-03
-11.99500E-03,+7.53767E-03,-21.97708E-03,-10.05023E-03
-11.97000E-03,+7.53767E-03,-2.30468E-03,+2.30468E-03
-11.94500E-03,+15.80573E-03,-127.08891E-03,+70.35178E-03
-11.92000E-03,-7.38350E-03,-70.35178E-03,-49.01756E-03
-11.89500E-03,-8.73722E-03,+10.05023E-03,+70.35178E-03
-11.87000E-03,+267.73E-06,-12.19224E-03,-10.05023E-03
-11.84500E-03,-10.82782E-03,+10.05023E-03,+70.35178E-03
-11.82000E-03,+7.53767E-03,-27.39197E-03,-47.49243E-03
-11.79500E-03,+7.89327E-03,+8.62782E-03,-8.62782E-03
-11.77000E-03,-1.11167E-03,+10.05023E-03,+70.35178E-03
-11.74500E-03,+7.53767E-03,-70.35178E-03,-10.05023E-03
-11.72000E-03,-6.00409E-03,-16.18472E-03,-64.21729E-03
-11.69500E-03,-12.56283E-03,+54.15770E-03,-10.05023E-03
-11.67000E-03,+3.06954E-03,-7.82229E-03,-72.57972E-03
-11.64500E-03,+7.53767E-03,-70.35178E-03,+43.84208E-03
-11.62000E-03,-10.18531E-03,+540.14E-06,+60.84169E-03
-11.59500E-03,-15.22727E-03,-35.47965E-03,+59.69402E-03
-11.57000E-03,+7.25076E-03,+10.05023E-03,-89.30458E-03
-11.54500E-03,-3.27097E-03,+10.05023E-03,-10.05023E-03
-11.52000E-03,-10.75914E-03,+10.05023E-03,-17.26500E-03
-11.49500E-03,-5.36157E-03,-41.54676E-03,-10.05023E-03
-11.47000E-03,-24.87473E-03,-70.35178E-03,+5.52697E-03
-11.44500E-03,-17.67348E-03,-70.35178E-03,-10.05023E-03
-11.42000E-03,-6.57792E-03,-46.41215E-03,-33.98986E-03
-11.39500E-03,-6.52275E-03,-70.35178E-03,+58.27162E-03
-11.37000E-03,-537.84E-06,-38.04972E-03,+38.04972E-03
-11.34500E-03,-12.56283E-03,+79.29904E-03,-10.05023E-03
-11.32000E-03,+17.70379E-03,-29.68729E-03,-10.05023E-03
-11.29500E-03,-12.56283E-03,-70.35178E-03,+65.70708E-03
-11.27000E-03,+7.53767E-03,-21.32486E-03,-10.05023E-03
-11.24500E-03,+21.13461E-03,-2.95690E-03,+57.34465E-03
-11.22000E-03,+13.29084E-03,+10.05023E-03,-67.43958E-03
-11.19500E-03,-7.22044E-03,-11.31933E-03,-31.41979E-03
-11.17000E-03,+11.20023E-03,+10.05023E-03,-75.80201E-03
-11.14500E-03,-5.12983E-03,-40.61979E-03,+19.68176E-03
-11.12000E-03,-10.99088E-03,-70.35178E-03,+64.06398E-03
-11.09500E-03,+7.53767E-03,+10.05023E-03,-52.35782E-03
-11.07000E-03,+27.11952E-03,+7.97560E-03,-10.05023E-03
-11.04500E-03,+19.15188E-03,-70.35178E-03,-56.50708E-03
-11.02000E-03,-9.95357E-03,+10.05023E-03,-10.05023E-03
-10.99500E-03,-6.16715E-03,-44.76905E-03,+44.76905E-03
-10.97000E-03,+12.23754E-03,-51.55229E-03,+8.74926E-03
-10.94500E-03,-24.05318E-03,-53.13148E-03,+53.13148E-03
-10.92000E-03,+7.53767E-03,-17.11169E-03,-10.05023E-03
-10.89500E-03,-12.56283E-03,+1.19236E-03,-1.19236E-03
-10.87000E-03,-3.68174E-03,-34.82743E-03,+25.47412E-03
-10.84500E-03,+7.53767E-03,+10.05023E-03,-10.54567E-03
-10.82000E-03,-12.56283E-03,-33.83655E-03,-10.05023E-03
-10.79500E-03,+5.57093E-03,+2.18324E-03,-2.18324E-03
-10.77000E-03,+7.53767E-03,-70.35178E-03,-10.05023E-03
-10.74500E-03,+3.48032E-03,-37.89295E-03,-10.05023E-03
-10.72000E-03,-17.51042E-03,+70.66186E-03,-29.84060E-03
-10.69500E-03,-20.36741E-03,-70.35178E-03,-10.05023E-03
-10.67000E-03,-12.56283E-03,-1.37772E-03,+70.35178E-03
-10.64500E-03,-8.93946E-03,-37.39751E-03,-10.05023E-03
-10.62000E-03,-12.56283E-03,+6.98471E-03,-6.98471E-03
-10.59500E-03,-12.56283E-03,-29.03508E-03,-49.13553E-03
-10.57000E-03,-9.91437E-03,-70.35178E-03,-10.05023E-03
-10.54500E-03,-9.62118E-03,-39.62890E-03,+20.67265E-03
-10.52000E-03,+4.12284E-03,+10.05023E-03,+43.03309E-03
-10.49500E-03,+22.04806E-03,+10.05023E-03,-10.05023E-03
-10.47000E-03,+2.03223E-03,-11.97154E-03,+11.97154E-03
-10.44500E-03,+4.03817E-03,-56.35376E-03,+3.94779E-03
-10.42000E-03,-58.38E-06,+29.68383E-03,+9.58337E-03
-10.39500E-03,+6.12878E-03,+4.41464E-03,-4.41464E-03
-10.37000E-03,-2.14899E-03,+10.05023E-03,+31.60515E-03
-10.34500E-03,+26.95646E-03,+7.32339E-03,-84.99855E-03
-10.32000E-03,+7.53767E-03,-23.24272E-03,-10.05023E-03
-10.29500E-03,-29.89101E-03,-1.03904E-03,-90.45224E-03
-10.27000E-03,+1.30504E-03,-14.88029E-03,-10.05023E-03
-10.24500E-03,-7.69990E-03,-70.35178E-03,-29.50193E-03
-10.22000E-03,+27.63817E-03,+10.05023E-03,-73.88415E-03
-10.19500E-03,+20.68464E-03,+37.86436E-03,+17.76390E-03
-10.17000E-03,+7.53767E-03,-70.35178E-03,+126.13682E-03
-10.14500E-03,-12.56283E-03,-34.17522E-03,+34.17522E-03
-10.12000E-03,+7.53767E-03,-70.03823E-03,-9.89346E-03
-10.09500E-03,+16.50343E-03,-70.35178E-03,+25.81279E-03
-10.07000E-03,+5.40787E-03,-70.35178E-03,+70.35178E-03
-10.04500E-03,+7.53767E-03,-17.45036E-03,-10.05023E-03
-10.02000E-03,+3.31726E-03,-53.47015E-03,+6.83140E-03
-9.99500E-03,+22.85364E-03,-70.35178E-03,+51.21362E-03
-9.97000E-03,+7.53767E-03,-70.35178E-03,+70.35178E-03
-9.94500E-03,+4.84374E-03,-48.80032E-03,+725.50E-06
-9.92000E-03,-7.45846E-03,-36.74529E-03,-90.45224E-03
-9.89500E-03,-12.56283E-03,-70.35178E-03,+67.93848E-03
-9.87000E-03,+7.53767E-03,+10.05023E-03,+28.38286E-03
-9.84500E-03,+7.53767E-03,+10.05023E-03,+64.40265E-03
-9.82000E-03,+20.01E-06,-20.02043E-03,+20.02043E-03
-9.79500E-03,+7.53767E-03,-70.35178E-03,+41.72866E-03
-9.77000E-03,+2.11062E-03,+10.05023E-03,-10.05023E-03
-9.74500E-03,+1.86917E-03,-12.62376E-03,+25.00380E-03
-9.72000E-03,-15.89928E-03,-3.29557E-03,-10.05023E-03
-9.69500E-03,+7.53767E-03,+10.05023E-03,+8.27894E-03
-9.67000E-03,+8.78351E-03,+10.05023E-03,-10.05023E-03
-9.64500E-03,-2.31204E-03,-30.95293E-03,+109.75063E-03
-9.62000E-03,+6.69291E-03,-70.35178E-03,+66.97272E-03
-9.59500E-03,+7.53767E-03,-70.35178E-03,+70.35178E-03
-9.57000E-03,+7.53767E-03,-58.61029E-03,+70.35178E-03
-9.54500E-03,-6.49326E-03,-70.35178E-03,-10.05023E-03
-9.52000E-03,+12.56023E-03,-10.05369E-03,-30.15415E-03
-9.49500E-03,-8.58386E-03,-54.43591E-03,+38.52004E-03
-9.47000E-03,-12.56283E-03,-18.41612E-03,+122.28744E-03
-9.44500E-03,+7.53767E-03,+2.49679E-03,-75.34536E-03
-9.42000E-03,-32.66333E-03,-26.77855E-03,-10.05023E-03
-9.39500E-03,+7.53767E-03,-70.35178E-03,+149.94480E-03
-9.37000E-03,-3.76013E-03,+69.82E-06,-55.24144E-03
-9.34500E-03,+25.34532E-03,+72.10940E-03,-19.22165E-03
-9.32000E-03,-12.52706E-03,+36.89860E-03,-10.05023E-03
-9.29500E-03,+23.25471E-03,-52.81793E-03,+52.81793E-03
-9.27000E-03,-7.94135E-03,-70.35178E-03,-10.05023E-03
-9.24500E-03,+1.06360E-03,-41.74233E-03,+44.45550E-03
-9.22000E-03,+7.53767E-03,+80.32873E-03,-10.05023E-03
-9.19500E-03,-24.09865E-03,+10.05023E-03,-10.05023E-03
-9.17000E-03,+7.53767E-03,-70.35178E-03,-86.93008E-03
-9.14500E-03,+7.53767E-03,+10.05023E-03,-52.67137E-03
-9.12000E-03,+5.88733E-03,+10.05023E-03,+63.75043E-03
-9.09500E-03,-12.56283E-03,-70.35178E-03,+99.77022E-03
-9.07000E-03,+3.79673E-03,+10.05023E-03,-10.05023E-03
-9.04500E-03,-7.29883E-03,-49.29577E-03,+70.35178E-03
-9.02000E-03,+1.70612E-03,+10.05023E-03,+70.35178E-03
-8.99500E-03,+21.29138E-03,+10.05023E-03,-77.75866E-03
-8.97000E-03,-384.49E-06,-70.35178E-03,-27.07496E-03
-8.94500E-03,-11.48004E-03,-70.35178E-03,-86.12109E-03
-8.92000E-03,-2.55006E-03,-30.00084E-03,+30.30071E-03
-8.89500E-03,-10.54719E-03,+10.05023E-03,-10.05023E-03
-8.87000E-03,-4.56570E-03,-38.36327E-03,-10.05023E-03
-8.84500E-03,-9.46440E-03,+10.05023E-03,-22.44394E-03
-8.82000E-03,-26.75681E-03,-46.72570E-03,-10.05023E-03
-8.79500E-03,-12.56283E-03,-70.35178E-03,+10.70591E-03
-8.77000E-03,-25.03151E-03,-55.08813E-03,-10.05023E-03
-8.74500E-03,+20.35853E-03,+39.16880E-03,+19.06834E-03
-8.72000E-03,-10.83752E-03,+10.05023E-03,+63.45056E-03
-8.69500E-03,-1.83258E-03,-32.87078E-03,+27.43077E-03
-8.67000E-03,+27.27287E-03,+8.58902E-03,+68.89057E-03
-8.64500E-03,+16.17732E-03,-70.35178E-03,+24.50835E-03
-8.62000E-03,-12.56283E-03,+10.05023E-03,-10.05023E-03
-8.59500E-03,+988.63E-06,-44.15563E-03,-10.05023E-03
-8.57000E-03,-12.56283E-03,+72.26617E-03,-10.05023E-03
-8.54500E-03,+7.53767E-03,-88.18550E-03,+7.78349E-03
-8.52000E-03,+900.55E-06,-43.04677E-03,+43.80328E-03
-8.49500E-03,-12.56283E-03,+10.05023E-03,-578.94E-06
-8.47000E-03,+7.53767E-03,-70.35178E-03,-10.05023E-03
-8.44500E-03,+7.53767E-03,+10.05023E-03,-11.15909E-03
-8.42000E-03,-1.74449E-03,+10.05023E-03,-47.17888E-03
-8.39500E-03,-12.56283E-03,+2.79666E-03,-2.79666E-03
-8.37000E-03,-12.56283E-03,+61.68602E-03,+18.71599E-03
-8.34500E-03,+7.53767E-03,+10.05023E-03,-10.05023E-03
-8.32000E-03,-7.46188E-03,-10.35356E-03,+70.35178E-03
-8.29500E-03,+7.53767E-03,-13.92820E-03,+46.37335E-03
-8.27000E-03,+10.54801E-03,+10.05023E-03,+1.99113E-03
-8.24500E-03,-12.56283E-03,-38.01092E-03,-10.05023E-03
-8.22000E-03,-12.56283E-03,+6.37130E-03,-86.77331E-03
-8.19500E-03,-2.63815E-03,-30.65306E-03,+30.65306E-03
-8.17000E-03,-31.49246E-03,-65.66828E-03,+65.66828E-03
-8.14500E-03,-20.39690E-03,-70.35178E-03,-10.05023E-03
-8.12000E-03,-32.66333E-03,-2.99570E-03,-77.40631E-03
-8.09500E-03,-12.56283E-03,-127.77993E-03,+12.92363E-03
-8.07000E-03,+22.28609E-03,-70.35178E-03,-10.05023E-03
-8.04500E-03,-8.90997E-03,-70.35178E-03,+55.74035E-03
-8.02000E-03,-5.12013E-03,-19.72056E-03,-30.91067E-03
-7.99500E-03,+7.53767E-03,+3.80123E-03,-3.80123E-03
-7.97000E-03,+7.53767E-03,-32.21856E-03,+36.35414E-03
-7.94500E-03,+6.48096E-03,-68.23835E-03,-12.16366E-03
-7.92000E-03,+7.53767E-03,-23.85613E-03,+70.35178E-03
-7.89500E-03,+7.53767E-03,-59.87592E-03,+59.87592E-03
-7.87000E-03,-12.56283E-03,-44.80785E-03,+15.49370E-03
-7.84500E-03,+7.53767E-03,-8.78806E-03,+8.78806E-03
-7.82000E-03,-8.26745E-03,-7.13127E-03,-10.05023E-03
-7.79500E-03,+7.53767E-03,+37.25095E-03,+43.15106E-03
-7.77000E-03,-14.76760E-03,+10.05023E-03,-18.86930E-03
-7.74500E-03,-1.35311E-03,-34.78863E-03,-54.88909E-03
-7.72000E-03,-12.67699E-03,-69.89514E-03,-10.05023E-03
-7.69500E-03,-1.58144E-03,-70.35178E-03,-90.45224E-03
-7.67000E-03,+5.56123E-03,-62.44599E-03,+54.54021E-03
-7.64500E-03,-5.53433E-03,+34.22423E-03,-62.33823E-03
-7.62000E-03,-596.44E-06,+10.05023E-03,-10.05023E-03
-7.59500E-03,+2.59978E-03,-90.10335E-03,-70.70066E-03
-7.57000E-03,-12.56283E-03,-45.72113E-03,-10.05023E-03
-7.54500E-03,+7.53767E-03,-1.33891E-03,+1.33891E-03
-7.52000E-03,+7.53767E-03,-37.35870E-03,+22.94285E-03
-7.49500E-03,+7.53767E-03,+10.05023E-03,-90.45224E-03
-7.47000E-03,-2.22395E-03,+10.05023E-03,-12.35923E-03
-7.44500E-03,+6.20374E-03,+4.71451E-03,-4.71451E-03
-7.42000E-03,-133.35E-06,+10.05023E-03,+70.35178E-03
-7.39500E-03,+7.53767E-03,-3.64792E-03,+56.65363E-03
-7.37000E-03,+7.53767E-03,-12.27142E-03,+12.27142E-03
-7.34500E-03,+2.02253E-03,-92.41235E-03,+48.29120E-03
-7.32000E-03,+24.14837E-03,-56.39256E-03,+56.39256E-03
-7.29500E-03,-17.45183E-03,+10.05023E-03,-10.05023E-03
-7.27000E-03,-12.56283E-03,+4.45344E-03,-4.45344E-03
-7.24500E-03,+7.53767E-03,-109.13721E-03,-10.05023E-03
-7.22000E-03,-11.18001E-03,+10.05023E-03,+67.58614E-03
-7.19500E-03,+7.53767E-03,-37.09763E-03,+70.35178E-03
-7.17000E-03,+7.53767E-03,-59.22371E-03,+70.35178E-03
-7.14500E-03,+7.53767E-03,-45.46006E-03,-65.56052E-03
-7.12000E-03,+2.66505E-03,+10.05023E-03,-10.05023E-03
-7.09500E-03,+3.40535E-03,-86.88107E-03,-57.39367E-03
-7.07000E-03,+1.36364E-03,-17.80270E-03,-37.90316E-03
-7.04500E-03,+5.49596E-03,+10.05023E-03,+6.28348E-03
-7.02000E-03,-12.56283E-03,-34.13642E-03,-10.05023E-03
-6.99500E-03,+7.53767E-03,+10.05023E-03,-90.45224E-03
-6.97000E-03,-1.41838E-03,+10.05023E-03,+70.35178E-03
-6.94500E-03,+7.53767E-03,-61.79378E-03,-81.89424E-03
-6.92000E-03,+7.53767E-03,-42.88999E-03,-10.05023E-03
-6.89500E-03,-8.33272E-03,-70.35178E-03,-10.05023E-03
-6.87000E-03,+7.53767E-03,-70.35178E-03,-10.05023E-03
-6.84500E-03,+7.53767E-03,-45.06892E-03,-10.05023E-03
-6.82000E-03,+7.53767E-03,+79.71531E-03,+59.61485E-03
-6.79500E-03,-12.56283E-03,-70.35178E-03,-56.80695E-03
-6.77000E-03,+27.04455E-03,-67.97728E-03,-7.67573E-03
-6.74500E-03,+7.53767E-03,-31.95749E-03,-52.05795E-03
-6.72000E-03,-11.06585E-03,-70.35178E-03,+64.36385E-03
-6.69500E-03,-12.56283E-03,+10.05023E-03,-10.05023E-03
-6.67000E-03,+7.53767E-03,+61.75151E-03,+4.30013E-03
-6.64500E-03,+2.12032E-03,-48.68235E-03,+11.61920E-03
-6.62000E-03,+1.85947E-03,-12.66256E-03,-10.05023E-03
-6.59500E-03,-9.23608E-03,-57.04478E-03,-77.14524E-03
-6.57000E-03,-4.79402E-03,-70.35178E-03,+21.02499E-03
-6.54500E-03,-10.09055E-03,-65.40721E-03,+70.35178E-03
-6.52000E-03,+7.15600E-03,-30.91413E-03,-10.05023E-03
-6.49500E-03,-10.85390E-03,+6.63237E-03,-13.46809E-03
-6.47000E-03,-4.41235E-03,+10.05023E-03,+22.55170E-03
-6.44500E-03,+4.59260E-03,-58.57149E-03,-10.05023E-03
-6.42000E-03,-443.08E-06,+10.05023E-03,-66.21274E-03
-6.39500E-03,+17.56681E-03,-70.35178E-03,+10.09249E-03
-6.37000E-03,+3.56841E-03,-70.35178E-03,+54.47471E-03
-6.34500E-03,+7.53767E-03,+10.05023E-03,+70.35178E-03
-6.32000E-03,+9.41633E-03,-62.83714E-03,-10.05023E-03
-6.29500E-03,+7.53767E-03,-33.48420E-03,+70.35178E-03
-6.27000E-03,+47.31478E-03,+10.05023E-03,+68.65620E-03
-6.24500E-03,+7.53767E-03,-35.17978E-03,-10.05023E-03
-6.22000E-03,+25.33562E-03,+10.05023E-03,-840.01E-06
-6.19500E-03,+20.93578E-03,+10.05023E-03,-10.05023E-03
-6.17000E-03,+23.24501E-03,-52.77913E-03,+7.52242E-03
-6.14500E-03,+2.92589E-03,-8.39691E-03,+51.90464E-03
-6.12000E-03,+14.67063E-03,-15.88485E-03,+15.88485E-03
-6.09500E-03,-10.04165E-03,-34.48E-06,+60.26707E-03
-6.07000E-03,+16.11205E-03,-24.24728E-03,-10.05023E-03
-6.04500E-03,-12.13226E-03,-70.35178E-03,-88.72996E-03
-6.02000E-03,-1.89784E-03,-27.69184E-03,+27.69184E-03
-5.99500E-03,+24.31810E-03,-63.71163E-03,+137.47349E-03
-5.97000E-03,+12.94836E-03,+10.05023E-03,+40.97214E-03
-5.94500E-03,-12.56283E-03,+10.05023E-03,+40.34662E-03
-5.92000E-03,-2.05423E-03,-49.33457E-03,-48.41782E-03
-5.89500E-03,+1.69642E-03,-46.98677E-03,+46.98677E-03
-5.87000E-03,+4.37398E-03,+77.79746E-03,-77.79746E-03
-5.84500E-03,-12.56283E-03,-6.89690E-03,-58.72480E-03
-5.82000E-03,-12.56283E-03,+10.05023E-03,-10.05023E-03
-5.79500E-03,-12.56283E-03,+9.82796E-03,+70.57405E-03
-5.77000E-03,+7.53767E-03,-70.35178E-03,+66.28170E-03
-5.74500E-03,-12.56283E-03,-53.84919E-03,+118.80408E-03
-5.72000E-03,-9.45470E-03,-2.38228E-03,+57.91927E-03
-5.69500E-03,-769.19E-06,-70.35178E-03,-10.05023E-03
-5.67000E-03,-2.16536E-03,-10.74471E-03,+10.74471E-03
-5.64500E-03,+3.73146E-03,-70.35178E-03,-10.05023E-03
-5.62000E-03,+7.53767E-03,-19.10714E-03,-10.05023E-03
-5.59500E-03,-10.84722E-03,+3.18781E-03,-10.05023E-03
-5.57000E-03,+6.19707E-03,-70.35178E-03,+75.71419E-03
-5.54500E-03,+26.88817E-03,-67.35176E-03,+70.35178E-03
-5.52000E-03,-3.93288E-03,-35.83200E-03,-44.57001E-03
-5.49500E-03,+5.07206E-03,-60.48934E-03,-10.05023E-03
-5.47000E-03,-13.04532E-03,+10.05023E-03,-90.45224E-03
-5.44500E-03,-8.00661E-03,-8.17464E-03,+33.90204E-03
-5.42000E-03,-8.11410E-03,-70.35178E-03,-27.84515E-03
-5.39500E-03,+7.53767E-03,-43.76448E-03,+70.99189E-03
-5.37000E-03,+5.17955E-03,-70.35178E-03,+70.35178E-03
-5.34500E-03,-3.82540E-03,-70.35178E-03,+35.40205E-03
-5.32000E-03,+7.53767E-03,+8.98017E-03,-11.12029E-03
-5.29500E-03,-3.29037E-03,+10.05023E-03,-47.14008E-03
-5.27000E-03,-30.84024E-03,+10.05023E-03,-17.34260E-03
-5.24500E-03,+355.82E-06,-70.35178E-03,+18.67719E-03
-5.22000E-03,+19.81078E-03,-5.60457E-03,+54.69698E-03
-5.19500E-03,+17.45568E-03,-10.31476E-03,-10.05023E-03
-5.17000E-03,+1.53337E-03,+10.05023E-03,+70.35178E-03
-5.14500E-03,-9.56219E-03,+10.05023E-03,+70.35178E-03
-5.12000E-03,+39.64376E-03,+10.05023E-03,-10.05023E-03
-5.09500E-03,+26.72814E-03,+10.05023E-03,-13.69036E-03
-5.07000E-03,-12.83337E-03,-30.69186E-03,-10.05023E-03
-5.04500E-03,+6.35710E-03,+81.00764E-03,-14.77253E-03
-5.02000E-03,-17.01459E-03,-39.05429E-03,+39.05429E-03
-4.99500E-03,+4.26649E-03,-57.26705E-03,+3.03450E-03
-4.97000E-03,+7.53767E-03,-12.88483E-03,-67.51718E-03
-4.94500E-03,-12.56283E-03,-11.39693E-03,-10.05023E-03
-4.92000E-03,+7.53767E-03,+10.05023E-03,+55.77915E-03
-4.89500E-03,-5.11043E-03,+10.05023E-03,-10.05023E-03
-4.87000E-03,-28.00568E-03,+3.84003E-03,-10.05023E-03
-4.84500E-03,+17.08068E-03,+10.05023E-03,-10.05023E-03
-4.82000E-03,+6.99962E-03,-70.35178E-03,+70.35178E-03
-4.79500E-03,+4.37095E-03,-23.81733E-03,-10.05023E-03
-4.77000E-03,+4.90901E-03,-464.43E-06,-79.93758E-03
-4.74500E-03,+7.53767E-03,-15.45490E-03,+44.84665E-03
-4.72000E-03,+7.53767E-03,-8.82686E-03,+51.47469E-03
-4.69500E-03,+23.35250E-03,-7.09247E-03,-10.05023E-03
-4.67000E-03,-12.56283E-03,-70.35178E-03,+43.11226E-03
-4.64500E-03,-28.27320E-03,+1.26996E-03,-10.05023E-03
-4.62000E-03,-1.36281E-03,-115.15184E-03,-10.05023E-03
-4.59500E-03,-12.45837E-03,+10.05023E-03,-10.05023E-03
-4.57000E-03,-3.45342E-03,-33.91415E-03,-10.05023E-03
-4.54500E-03,-10.57668E-03,-70.35178E-03,+62.40719E-03
-4.52000E-03,+27.63817E-03,-70.35178E-03,-10.05023E-03
-4.49500E-03,-12.56283E-03,+10.05023E-03,-10.05023E-03
-4.47000E-03,-12.56283E-03,-9.66254E-03,+50.63901E-03
-4.44500E-03,+13.70503E-03,-45.68233E-03,-34.71968E-03
-4.42000E-03,+4.70009E-03,+10.05023E-03,+59.00144E-03
-4.39500E-03,-8.97827E-03,-22.98165E-03,+22.98165E-03
-4.37000E-03,-11.81585E-03,+84.47641E-03,-10.05023E-03
-4.34500E-03,-2.21425E-03,+10.05023E-03,-49.05793E-03
-4.32000E-03,-11.21920E-03,-64.97726E-03,+64.97726E-03
-4.29500E-03,-123.65E-06,-20.59504E-03,-10.05023E-03
-4.27000E-03,+7.53767E-03,-56.61483E-03,-10.05023E-03
-4.24500E-03,-12.56283E-03,-70.35178E-03,-10.05023E-03
-4.22000E-03,-7.03799E-03,-70.35178E-03,+12.04915E-03
-4.19500E-03,+11.01778E-03,+10.05023E-03,-10.05023E-03
-4.17000E-03,-12.56283E-03,+10.05023E-03,-59.99043E-03
-4.14500E-03,-11.17333E-03,+10.05023E-03,+70.35178E-03
-4.12000E-03,-2.16839E-03,-28.77401E-03,-7.29669E-03
-4.09500E-03,+7.53767E-03,-67.54733E-03,-10.05023E-03
-4.07000E-03,+7.53767E-03,-23.16511E-03,-10.05023E-03
-4.04500E-03,+10.32939E-03,-59.18490E-03,+59.18490E-03
-4.02000E-03,+21.42495E-03,+10.05023E-03,+14.80269E-03
-3.99500E-03,+17.87352E-03,-9.47907E-03,-29.57953E-03
-3.97000E-03,-12.56283E-03,-53.86129E-03,-43.03120E-03
-3.94500E-03,-5.58990E-03,+10.05023E-03,-10.05023E-03
-3.92000E-03,+5.50566E-03,-70.35178E-03,-1.92217E-03
-3.89500E-03,+18.57463E-03,+10.05023E-03,+34.09762E-03
-3.87000E-03,+27.52099E-03,-70.35178E-03,-10.28460E-03
-3.84500E-03,-12.56283E-03,+10.05023E-03,+25.73519E-03
-3.82000E-03,+3.23927E-03,+81.85543E-03,-10.05023E-03
-3.79500E-03,-12.56283E-03,-42.92879E-03,-10.05023E-03
-3.77000E-03,-8.32302E-03,-53.39255E-03,+36.43331E-03
-3.74500E-03,-3.03255E-03,-9.01033E-03,-10.05023E-03
-3.72000E-03,+7.53767E-03,+10.05023E-03,-10.05023E-03
-3.69500E-03,+2.18861E-03,-59.65365E-03,-10.05023E-03
-3.67000E-03,+19.21715E-03,-70.35178E-03,+2.98359E-03
-3.64500E-03,-11.97891E-03,+7.71453E-03,-10.05023E-03
-3.62000E-03,-12.56283E-03,-28.30526E-03,+31.99629E-03
-3.59500E-03,+29.14486E-03,+10.05023E-03,-10.05023E-03
-3.57000E-03,+7.53767E-03,+40.04329E-03,-10.05023E-03
-3.54500E-03,+7.53767E-03,+24.43939E-03,-10.05023E-03
-3.52000E-03,+2.13002E-03,-27.09053E-03,-10.05023E-03
-3.49500E-03,-1.18703E-03,-70.35178E-03,-67.70065E-03
-3.47000E-03,-26.02923E-03,-3.21797E-03,+3.21797E-03
-3.44500E-03,-20.34134E-03,-39.23776E-03,-10.05023E-03
-3.42000E-03,+27.63817E-03,+5.14446E-03,-14.95600E-03
-3.39500E-03,+17.76906E-03,-30.87533E-03,-11.49933E-03
-3.37000E-03,-11.69866E-03,-66.89512E-03,-83.53891E-03
-3.34500E-03,-4.42205E-03,-37.78865E-03,+22.51290E-03
-3.32000E-03,-6.65328E-03,+10.05023E-03,-10.05023E-03
-3.29500E-03,-4.56268E-03,+10.05023E-03,-10.05023E-03
-3.27000E-03,-7.51745E-03,-70.35178E-03,+10.13129E-03
-3.24500E-03,-4.64370E-03,+10.05023E-03,-74.61397E-03
-3.22000E-03,+7.53767E-03,-122.20984E-03,-10.05023E-03
-3.19500E-03,-10.69387E-03,-70.35178E-03,-10.05023E-03
-3.17000E-03,-12.56283E-03,-70.35178E-03,+33.44540E-03
-3.14500E-03,-12.34118E-03,-69.46519E-03,-10.05023E-03
-3.12000E-03,-12.56283E-03,-70.35178E-03,-10.05023E-03
-3.09500E-03,+5.22542E-03,+801.21E-06,-10.05023E-03
-3.07000E-03,-5.87014E-03,-16.72054E-03,-63.68147E-03
-3.04500E-03,-12.56283E-03,-70.35178E-03,+70.35178E-03
-3.02000E-03,+7.53767E-03,-51.94344E-03,+70.35178E-03
-2.99500E-03,-6.06936E-03,-15.92365E-03,-10.05023E-03
-2.97000E-03,-12.56283E-03,-60.30587E-03,+60.30587E-03
-2.94500E-03,-1.04641E-03,-24.28608E-03,+1.67916E-03
-2.92000E-03,-12.14196E-03,+10.05023E-03,-6.68327E-03
-2.89500E-03,-13.81170E-03,-32.64851E-03,+32.64851E-03
-2.87000E-03,-10.89309E-03,-3.30767E-03,-10.05023E-03
-2.84500E-03,+202.46E-06,+10.05023E-03,-10.05023E-03
-2.82000E-03,+11.29802E-03,-4.99115E-03,+55.31040E-03
-2.79500E-03,+22.39357E-03,-49.37337E-03,-10.05023E-03
-2.77000E-03,+7.53767E-03,-13.35358E-03,-10.05023E-03
-2.74500E-03,-12.56283E-03,+10.05023E-03,-77.83626E-03
-2.72000E-03,+3.32029E-03,+10.05023E-03,-58.68600E-03
-2.69500E-03,-12.56283E-03,+10.05023E-03,+66.09823E-03
-2.67000E-03,+17.56984E-03,-30.22311E-03,+30.22311E-03
-2.64500E-03,-12.56283E-03,+10.05023E-03,+66.24290E-03
-2.62000E-03,-16.70788E-03,+10.05023E-03,+38.44087E-03
-2.59500E-03,+10.65550E-03,-45.40916E-03,-10.05023E-03
-2.57000E-03,-6.67571E-03,+10.05023E-03,-43.35528E-03
-2.54500E-03,+27.63817E-03,+10.05023E-03,+28.68430E-03
-2.52000E-03,+23.84166E-03,-55.16573E-03,+55.16573E-03
-2.49500E-03,+7.53767E-03,+10.05023E-03,-90.45224E-03
-2.47000E-03,+7.53767E-03,+90.45224E-03,+63.52816E-03
-2.44500E-03,-1.85198E-03,-70.35178E-03,+70.35178E-03
-2.42000E-03,+7.53767E-03,-70.35178E-03,-10.05023E-03
-2.39500E-03,-3.94259E-03,-116.27281E-03,-10.05023E-03
-2.37000E-03,-27.71271E-03,-60.45054E-03,-141.15053E-03
-2.34500E-03,-6.03319E-03,+10.05023E-03,+18.11468E-03
-2.32000E-03,-12.56283E-03,-33.82444E-03,-10.05023E-03
-2.29500E-03,-8.12380E-03,-7.70589E-03,-10.05023E-03
-2.27000E-03,-5.90631E-03,+10.05023E-03,-10.05023E-03
-2.24500E-03,+9.88609E-03,-60.95809E-03,+60.95809E-03
-2.22000E-03,+7.53767E-03,+10.05023E-03,-10.05023E-03
-2.19500E-03,+7.53767E-03,-71.38304E-03,+70.35178E-03
-2.17000E-03,+9.11265E-03,-70.35178E-03,+27.00082E-03
-2.14500E-03,-10.73004E-03,-63.02061E-03,+70.35178E-03
-2.12000E-03,+7.53767E-03,-70.35178E-03,+12.97454E-03
-2.09500E-03,+7.53767E-03,-54.65818E-03,-74.75864E-03
-2.07000E-03,-2.62542E-03,-70.35178E-03,+50.02559E-03
-2.04500E-03,+7.53767E-03,-14.00580E-03,+70.35178E-03
-2.02000E-03,+7.53767E-03,-1.91353E-03,-10.05023E-03
-1.99500E-03,+7.53767E-03,-37.93332E-03,-10.05023E-03
-1.97000E-03,+25.83751E-03,-70.35178E-03,+63.14912E-03
-1.94500E-03,+7.53767E-03,+10.05023E-03,+29.57089E-03
-1.92000E-03,-11.37256E-03,-70.35178E-03,-80.93004E-03
-1.89500E-03,+7.53767E-03,-21.20846E-03,+70.35178E-03
-1.87000E-03,+4.25679E-03,+10.05023E-03,-10.05023E-03
-1.84500E-03,+7.53767E-03,+10.05023E-03,+127.85753E-03
-1.82000E-03,+16.89520E-03,-11.43573E-03,+11.43573E-03
-1.79500E-03,+11.17113E-03,-55.81795E-03,+55.81795E-03
-1.77000E-03,-5.10073E-03,+10.05023E-03,+49.64655E-03
-1.74500E-03,-11.01998E-03,-64.18038E-03,-10.05023E-03
-1.72000E-03,-2.01503E-03,+10.05023E-03,-52.24142E-03
-1.69500E-03,-13.11059E-03,+7.85920E-03,-7.85920E-03
-1.67000E-03,-12.56283E-03,-36.52302E-03,-10.05023E-03
-1.64500E-03,+10.17604E-03,+10.05023E-03,-10.05023E-03
-1.62000E-03,+7.53767E-03,-70.35178E-03,+44.88545E-03
-1.59500E-03,+2.80870E-03,+10.05023E-03,-10.05023E-03
-1.57000E-03,+3.26170E-03,+56.24443E-03,+7.05367E-03
-1.54500E-03,+718.09E-06,+10.05023E-03,-90.45224E-03
-1.52000E-03,+7.53767E-03,-61.61031E-03,+61.61031E-03
-1.49500E-03,-10.28270E-03,-34.71103E-03,-10.05023E-03
-1.47000E-03,+7.44291E-03,+9.67119E-03,-89.31511E-03
-1.44500E-03,-12.56283E-03,-70.35178E-03,-17.65457E-03
-1.42000E-03,-12.56283E-03,+2.06684E-03,-74.48546E-03
-1.39500E-03,+528.57E-06,-42.31538E-03,-10.05023E-03
-1.37000E-03,+7.53767E-03,+10.05023E-03,-10.05023E-03
-1.34500E-03,+7.53767E-03,-70.35178E-03,-10.05023E-03
-1.32000E-03,+7.53767E-03,+10.05023E-03,+45.64353E-03
-1.29500E-03,+7.53767E-03,-59.04024E-03,-10.05023E-03
-1.27000E-03,+2.83517E-03,-103.42246E-03,+37.28110E-03
-1.24500E-03,+7.53767E-03,+7.10112E-03,-87.50313E-03
-1.22000E-03,-11.94678E-03,+10.05023E-03,-7.58603E-03
-1.19500E-03,+23.57819E-03,-64.93846E-03,+70.35178E-03
-1.17000E-03,+7.53767E-03,+40.65670E-03,-59.84577E-03
-1.14500E-03,-5.67496E-03,-70.35178E-03,+56.57603E-03
-1.12000E-03,+1.97666E-03,-48.10774E-03,+12.19381E-03
-1.09500E-03,+22.10363E-03,-70.35178E-03,+26.07543E-03
-1.07000E-03,+4.06727E-03,-3.83138E-03,-62.68901E-03
-1.04500E-03,-12.56283E-03,-39.85117E-03,-40.55084E-03
-1.02000E-03,+6.15788E-03,+4.53105E-03,-4.53105E-03
-995.00E-06,+7.53767E-03,-31.48874E-03,+31.48874E-03
-970.00E-06,+7.53767E-03,-67.50853E-03,+67.50853E-03
-945.00E-06,+7.53767E-03,-117.57724E-03,-10.05023E-03
-920.00E-06,+7.53767E-03,+79.24656E-03,+59.14610E-03
-895.00E-06,-12.56283E-03,-14.76388E-03,-65.63812E-03
-870.00E-06,+27.63817E-03,-9.51788E-03,+29.08598E-03
-845.00E-06,-12.56283E-03,-6.40145E-03,-10.05023E-03
-820.00E-06,+14.52031E-03,-42.42124E-03,+42.42124E-03
-795.00E-06,+7.53767E-03,+1.96098E-03,-1.96098E-03
-770.00E-06,-1.53557E-03,-26.24274E-03,+26.24274E-03
-745.00E-06,+27.56988E-03,+10.05023E-03,-10.05023E-03
-720.00E-06,-3.62618E-03,-70.35178E-03,+34.60516E-03
-695.00E-06,-10.40393E-03,+10.05023E-03,-18.68583E-03
-670.00E-06,+691.63E-06,-17.33396E-03,-10.05023E-03
-645.00E-06,+7.53767E-03,-70.35178E-03,+36.35571E-03
-620.00E-06,-7.80739E-03,-8.97153E-03,+70.35178E-03
-595.00E-06,+7.53767E-03,+65.09177E-03,+70.35178E-03
-570.00E-06,+10.20250E-03,+10.05023E-03,+59.69245E-03
-545.00E-06,+7.53767E-03,-36.62889E-03,-10.05023E-03
-520.00E-06,+7.53767E-03,-70.35178E-03,-10.05023E-03
-495.00E-06,-12.56283E-03,-32.03509E-03,-10.05023E-03
-470.00E-06,-34.17972E-03,-70.35178E-03,-10.05023E-03
-445.00E-06,-40.15190E-03,-19.90403E-03,+19.90403E-03
-420.00E-06,-69.25735E-03,-4.37773E-03,-10.05023E-03
-395.00E-06,-52.76383E-03,-48.75995E-03,-10.05023E-03
-370.00E-06,-92.96484E-03,-12.74016E-03,+47.56139E-03
-345.00E-06,-96.27219E-03,-70.35178E-03,-63.99345E-03
-320.00E-06,-108.54125E-03,-70.35178E-03,-10.05023E-03
-295.00E-06,-130.73236E-03,+5.18326E-03,+65.48481E-03
-270.00E-06,-143.04466E-03,-70.35178E-03,-50.93699E-03
-245.00E-06,-134.03971E-03,+10.05023E-03,+70.35178E-03
-220.00E-06,-141.29693E-03,+10.05023E-03,-42.57456E-03
-195.00E-06,-156.23082E-03,-1.80766E-03,-66.73645E-03
-170.00E-06,-179.40732E-03,-46.18988E-03,-34.21213E-03
-145.00E-06,-173.36685E-03,-10.17009E-03,-10.05023E-03
-120.00E-06,-193.46735E-03,-5.74924E-03,-25.84970E-03
-95.00E-06,-193.46735E-03,-70.35178E-03,-10.05023E-03
-70.00E-06,-195.32661E-03,+10.05023E-03,-83.01520E-03
-45.00E-06,-222.80415E-03,-33.40660E-03,+33.40660E-03
-20.00E-06,-213.56785E-03,-70.35178E-03,-10.05023E-03
+5.00E-06,-253.76886E-03,+10.05023E-03,+25.04417E-03
+30.00E-06,-233.66836E-03,+762.41E-06,-10.05023E-03
+55.00E-06,-247.08587E-03,-43.61981E-03,-10.05023E-03
+80.00E-06,-249.35629E-03,-7.60002E-03,-10.05023E-03
+105.00E-06,-262.95363E-03,-70.35178E-03,+51.98224E-03
+130.00E-06,-287.46669E-03,-70.35178E-03,+44.33910E-03
+155.00E-06,-276.37114E-03,-60.34467E-03,+60.34467E-03
+180.00E-06,-273.86936E-03,-1.60156E-03,+24.32488E-03
+205.00E-06,-274.69170E-03,+87.16288E-03,-10.05023E-03
+230.00E-06,-293.96986E-03,-70.35178E-03,+70.35178E-03
+255.00E-06,-293.96986E-03,+3.33248E-03,-10.05023E-03
+280.00E-06,-306.74486E-03,-70.35178E-03,+19.25181E-03
+305.00E-06,-297.73991E-03,+25.13041E-03,-25.13041E-03
+330.00E-06,-314.07036E-03,-10.88938E-03,+10.88938E-03
+355.00E-06,-308.20971E-03,-13.39238E-03,-33.49284E-03
+380.00E-06,-297.11416E-03,-138.17661E-03,+2.52695E-03
+405.00E-06,-334.17087E-03,-38.54674E-03,+21.75481E-03
+430.00E-06,-353.21768E-03,-66.13703E-03,+70.35178E-03
+455.00E-06,-334.15410E-03,-30.11724E-03,+30.18431E-03
+480.00E-06,-353.23445E-03,+10.05023E-03,-86.30456E-03
+505.00E-06,-330.00642E-03,+10.05023E-03,+21.82188E-03
+530.00E-06,-334.17087E-03,-2.45988E-03,-10.05023E-03
+555.00E-06,-334.17087E-03,-13.45945E-03,+46.84210E-03
+580.00E-06,-354.27137E-03,+30.92277E-03,-69.57970E-03
+605.00E-06,-374.37187E-03,-5.09702E-03,-60.15774E-03
+630.00E-06,-367.06313E-03,+10.05023E-03,+41.11681E-03
+655.00E-06,-354.27137E-03,-63.56696E-03,-16.83505E-03
+680.00E-06,-363.67072E-03,+10.05023E-03,+27.54717E-03
+705.00E-06,-354.66577E-03,+10.05023E-03,+67.19656E-03
+730.00E-06,-382.98242E-03,-70.35178E-03,-44.49241E-03
+755.00E-06,-371.88686E-03,-70.35178E-03,-10.05023E-03
+780.00E-06,-374.37187E-03,+10.05023E-03,-10.05023E-03
+805.00E-06,-389.89676E-03,-52.04931E-03,+70.35178E-03
+830.00E-06,-410.14355E-03,+10.05023E-03,-72.73492E-03
+855.00E-06,-394.47237E-03,-43.68688E-03,-90.45224E-03
+880.00E-06,-376.71059E-03,-141.39890E-03,-10.05023E-03
+905.00E-06,-374.37187E-03,+10.05023E-03,-10.05023E-03
+930.00E-06,-394.47237E-03,+9.05777E-03,-9.05777E-03
+955.00E-06,-403.72544E-03,-26.96202E-03,-3.67272E-03
+980.00E-06,-394.47237E-03,+10.05023E-03,-10.05023E-03
+1.00500E-03,-408.79728E-03,-18.59959E-03,-10.05023E-03
+1.03000E-03,-426.80718E-03,-70.35178E-03,+70.35178E-03
+1.05500E-03,-404.61607E-03,-50.06439E-03,-30.33762E-03
+1.08000E-03,-414.57288E-03,+10.05023E-03,-34.14506E-03
+1.10500E-03,-414.57288E-03,+10.05023E-03,+70.35178E-03
+1.13000E-03,-414.57288E-03,-37.89452E-03,-42.50749E-03
+1.15500E-03,-452.99262E-03,+6.48770E-03,-10.05023E-03
+1.18000E-03,-434.67338E-03,-30.76946E-03,+29.53209E-03
+1.20500E-03,-433.47340E-03,+14.85013E-03,+70.35178E-03
+1.23000E-03,-434.67338E-03,-39.13189E-03,-10.05023E-03
+1.25500E-03,-431.38280E-03,-70.35178E-03,-23.21256E-03
+1.28000E-03,-434.67338E-03,-70.35178E-03,-32.90769E-03
+1.30500E-03,-434.67338E-03,-129.22903E-03,-10.05023E-03
+1.33000E-03,-441.92089E-03,-4.44480E-03,-10.05023E-03
+1.35500E-03,-449.61697E-03,-40.46459E-03,-60.56505E-03
+1.38000E-03,-454.77388E-03,-64.21918E-03,-10.05023E-03
+1.40500E-03,-444.23578E-03,+13.95300E-03,+70.35178E-03
+1.43000E-03,-435.23084E-03,-70.35178E-03,+70.35178E-03
+1.45500E-03,-466.42689E-03,+10.05023E-03,+23.73973E-03
+1.48000E-03,-452.12582E-03,-59.75952E-03,-20.64249E-03
+1.50500E-03,-434.67338E-03,+35.47776E-03,-10.05023E-03
+1.53000E-03,-439.41205E-03,-51.39709E-03,+51.39709E-03
+1.55500E-03,-459.04016E-03,-7.01487E-03,-56.32204E-03
+1.58000E-03,-454.77388E-03,-123.43667E-03,+43.03466E-03
+1.60500E-03,-439.02471E-03,+1.34756E-03,-10.05023E-03
+1.63000E-03,-454.77388E-03,-25.62932E-03,+61.30887E-03
+1.65500E-03,-454.68882E-03,+10.05023E-03,-10.05023E-03
+1.68000E-03,-454.77388E-03,+54.09221E-03,-10.05023E-03
+1.70500E-03,-456.77943E-03,-62.32959E-03,-10.05023E-03
+1.73000E-03,-454.77388E-03,-70.35178E-03,-38.04783E-03
+1.75500E-03,-454.77388E-03,-53.96716E-03,-10.05023E-03
+1.78000E-03,-454.77388E-03,+10.05023E-03,-10.05023E-03
+1.80500E-03,-482.60136E-03,-70.35178E-03,+70.35178E-03
+1.83000E-03,-440.30975E-03,-70.35178E-03,+70.35178E-03
+1.85500E-03,-474.87438E-03,+43.15971E-03,-10.05023E-03
+1.88000E-03,-474.14680E-03,+10.05023E-03,-90.45224E-03
+1.90500E-03,-474.87438E-03,+10.05023E-03,-48.98033E-03
+1.93000E-03,-474.87438E-03,+4.59811E-03,-10.05023E-03
+1.95500E-03,-462.41580E-03,-20.51744E-03,-10.05023E-03
+1.98000E-03,-474.87438E-03,-56.53723E-03,-10.05023E-03
+2.00500E-03,-480.42569E-03,-70.35178E-03,-68.24700E-03
+2.03000E-03,-469.33014E-03,-48.17480E-03,+70.35178E-03
+2.05500E-03,-458.23458E-03,+76.60943E-03,-10.05023E-03
+2.08000E-03,-454.77388E-03,+59.91283E-03,-29.37343E-03
+2.10500E-03,-456.14398E-03,+10.05023E-03,-10.05023E-03
+2.13000E-03,-485.24943E-03,+10.05023E-03,-51.55040E-03
+2.15500E-03,-455.49439E-03,+7.16818E-03,-7.16818E-03
+2.18000E-03,-463.05832E-03,+10.05023E-03,+23.08751E-03
+2.20500E-03,-474.87438E-03,+10.05023E-03,-10.05023E-03
+2.23000E-03,-488.78106E-03,-14.72508E-03,-34.82554E-03
+2.25500E-03,-474.87438E-03,-50.74487E-03,-70.84533E-03
+2.28000E-03,-470.77116E-03,-53.93890E-03,-10.05023E-03
+2.30500E-03,-474.87438E-03,-70.35178E-03,-10.05023E-03
+2.33000E-03,-494.97489E-03,-62.30133E-03,-18.10068E-03
+2.35500E-03,-494.97489E-03,+10.05023E-03,-46.38200E-03
+2.38000E-03,-515.07539E-03,+9.73825E-03,+69.72783E-03
+2.40500E-03,-494.97489E-03,+10.05023E-03,-10.05023E-03
+2.43000E-03,-494.97489E-03,+1.37582E-03,-18.72464E-03
+2.45500E-03,-488.13854E-03,+35.76147E-03,-8.41609E-03
+2.48000E-03,-506.55697E-03,+10.05023E-03,+6.98661E-03
+2.50500E-03,-474.87438E-03,-70.35178E-03,+51.36883E-03
+2.53000E-03,-474.87438E-03,-15.34904E-03,+44.95251E-03
+2.55500E-03,-494.97489E-03,-59.73125E-03,+59.73125E-03
+2.58000E-03,-494.97489E-03,-23.71147E-03,+36.59008E-03
+2.60500E-03,-474.87438E-03,-70.35178E-03,-7.79213E-03
+2.63000E-03,-474.87438E-03,-32.07389E-03,+28.22765E-03
+2.65500E-03,-476.40047E-03,-64.24744E-03,+58.14311E-03
+2.68000E-03,-482.35325E-03,-70.35178E-03,+40.43632E-03
+2.70500E-03,-478.49107E-03,-70.35178E-03,+4.41653E-03
+2.73000E-03,-494.97489E-03,-11.50280E-03,-10.05023E-03
+2.75500E-03,-503.66079E-03,-47.52258E-03,-10.05023E-03
+2.78000E-03,-488.37959E-03,-70.35178E-03,-10.05023E-03
+2.80500E-03,-474.87438E-03,+10.05023E-03,-10.05023E-03
+2.83000E-03,-494.97489E-03,+10.05023E-03,-10.05023E-03
+2.85500E-03,-494.97489E-03,+10.05023E-03,+30.79773E-03
+2.88000E-03,-514.19182E-03,-66.81752E-03,-10.05023E-03
+2.90500E-03,-498.83262E-03,+10.05023E-03,-57.96671E-03
+2.93000E-03,-512.10121E-03,-1.84646E-03,-10.05023E-03
+2.95500E-03,-480.90516E-03,+34.17333E-03,-10.05023E-03
+2.98000E-03,-494.97489E-03,-50.09266E-03,+10.20889E-03
+3.00500E-03,-482.75472E-03,-5.71044E-03,-10.05023E-03
+3.03000E-03,-487.81950E-03,-41.73023E-03,+18.57132E-03
+3.05500E-03,-515.07539E-03,-70.35178E-03,-17.44847E-03
+3.08000E-03,-504.22088E-03,+10.05023E-03,-10.05023E-03
+3.10500E-03,-475.11543E-03,-69.38759E-03,-88.52385E-03
+3.13000E-03,-494.97489E-03,+10.05023E-03,-10.05023E-03
+3.15500E-03,-477.20604E-03,+10.05023E-03,-19.37685E-03
+3.18000E-03,-488.22097E-03,-43.65861E-03,+97.36746E-03
+3.20500E-03,-494.97489E-03,-52.66273E-03,-10.05023E-03
+3.23000E-03,-479.45707E-03,+10.05023E-03,-10.05023E-03
+3.25500E-03,-494.97489E-03,-44.30030E-03,+18.24881E-03
+3.28000E-03,-497.46696E-03,-60.38347E-03,-10.05023E-03
+3.30500E-03,-494.97489E-03,-35.93787E-03,+24.36368E-03
+3.33000E-03,-494.97489E-03,+10.05023E-03,+71.95766E-03
+3.35500E-03,-504.38130E-03,-27.57544E-03,+32.72611E-03
+3.38000E-03,-476.56352E-03,+10.05023E-03,+70.35178E-03
+3.40500E-03,-502.29069E-03,-70.35178E-03,+19.21301E-03
+3.43000E-03,-474.87438E-03,-55.23280E-03,+70.35178E-03
+3.45500E-03,-494.97489E-03,-91.25259E-03,-10.05023E-03
+3.48000E-03,-486.61509E-03,+10.05023E-03,+70.35178E-03
+3.50500E-03,-498.10948E-03,+65.37548E-03,-22.58861E-03
+3.53000E-03,-482.83534E-03,-70.35178E-03,-10.05023E-03
+3.55500E-03,-496.01887E-03,+5.87428E-03,-82.10034E-03
+3.58000E-03,-484.92595E-03,-30.15604E-03,+30.14551E-03
+3.60500E-03,-496.02151E-03,-66.16530E-03,-14.23671E-03
+3.63000E-03,-487.01656E-03,-38.51847E-03,+38.51847E-03
+3.65500E-03,-494.97489E-03,-57.80287E-03,-65.35442E-03
+3.68000E-03,-500.84260E-03,-70.35178E-03,+46.88090E-03
+3.70500E-03,-494.97489E-03,-70.35178E-03,+49.44044E-03
+3.73000E-03,-494.97489E-03,-135.64534E-03,-10.05023E-03
+3.75500E-03,-502.29333E-03,+10.05023E-03,+41.07801E-03
+3.78000E-03,-494.97489E-03,+3.30421E-03,+63.60576E-03
+3.80500E-03,-485.56583E-03,-70.35178E-03,+27.58597E-03
+3.83000E-03,-515.07539E-03,+10.05023E-03,-88.83583E-03
+3.85500E-03,-503.57573E-03,-24.35315E-03,+70.35178E-03
+3.88000E-03,-510.08597E-03,-60.37294E-03,-10.05023E-03
+3.90500E-03,-494.97489E-03,+10.05023E-03,+44.31083E-03
+3.93000E-03,-505.90475E-03,-52.01051E-03,-10.05023E-03
+3.95500E-03,-474.87438E-03,-70.35178E-03,+52.67326E-03
+3.98000E-03,-508.39946E-03,+10.05023E-03,-63.74854E-03
+4.00500E-03,-494.97489E-03,+10.05023E-03,-10.05023E-03
+4.03000E-03,-494.97489E-03,+10.05023E-03,-10.05023E-03
+4.05500E-03,-494.97489E-03,-69.39812E-03,+69.39812E-03
+4.08000E-03,-474.87438E-03,+10.05023E-03,-10.05023E-03
+4.10500E-03,-494.97489E-03,-62.94301E-03,+70.35178E-03
+4.13000E-03,-494.97489E-03,+10.05023E-03,-10.05023E-03
+4.15500E-03,-511.13259E-03,+74.68104E-03,-10.05023E-03
+4.18000E-03,-474.87438E-03,-10.19836E-03,+10.19836E-03
+4.20500E-03,-503.00857E-03,+10.05023E-03,+70.35178E-03
+4.23000E-03,-497.94643E-03,-126.98147E-03,+58.46562E-03
+4.25500E-03,-515.07539E-03,+25.46012E-03,+22.44583E-03
+4.28000E-03,-515.07539E-03,+86.92851E-03,-13.57396E-03
+4.30500E-03,-505.18951E-03,-30.80826E-03,-10.05023E-03
+4.33000E-03,-474.87438E-03,+10.05023E-03,-10.05023E-03
+4.35500E-03,-487.17961E-03,-70.35178E-03,+70.35178E-03
+4.38000E-03,-515.07539E-03,+23.25136E-03,+3.15090E-03
+4.40500E-03,-489.27022E-03,+10.05023E-03,+47.53312E-03
+4.43000E-03,-515.07539E-03,-70.35178E-03,-53.17735E-03
+4.45500E-03,-482.10250E-03,+10.05023E-03,+41.43932E-03
+4.48000E-03,-502.45638E-03,-19.87576E-03,-10.05023E-03
+4.50500E-03,-515.07539E-03,-64.25798E-03,-16.14403E-03
+4.53000E-03,-515.07539E-03,-70.35178E-03,-10.05023E-03
+4.55500E-03,-514.50823E-03,+10.05023E-03,-12.31886E-03
+4.58000E-03,-491.74996E-03,-70.35178E-03,-10.05023E-03
+4.60500E-03,-474.87438E-03,-59.72072E-03,+59.72072E-03
+4.63000E-03,-488.62770E-03,-15.33850E-03,+70.35178E-03
+4.65500E-03,-490.22651E-03,-51.35829E-03,-10.05023E-03
+4.68000E-03,-515.07539E-03,-6.97607E-03,+6.97607E-03
+4.70500E-03,-515.07539E-03,-42.99586E-03,+42.99586E-03
+4.73000E-03,-515.07539E-03,+18.71410E-03,-10.05023E-03
+4.75500E-03,-494.97489E-03,+10.05023E-03,-45.76858E-03
+4.78000E-03,-474.94974E-03,+10.05023E-03,-10.05023E-03
+4.80500E-03,-504.05519E-03,+10.05023E-03,-46.37146E-03
+4.83000E-03,-513.06014E-03,+10.05023E-03,-10.05023E-03
+4.85500E-03,-494.97489E-03,-70.35178E-03,+42.39298E-03
+4.88000E-03,-515.07539E-03,-53.92836E-03,+53.92836E-03
+4.90500E-03,-505.27720E-03,-9.54614E-03,-110.04861E-03
+4.93000E-03,-501.17135E-03,-14.73562E-03,-10.05023E-03
+4.95500E-03,-512.26690E-03,-1.18371E-03,+1.18371E-03
+4.98000E-03,-498.50125E-03,-70.35178E-03,-10.05023E-03
+5.00500E-03,-515.07539E-03,-145.01076E-03,-10.05023E-03
+5.03000E-03,-494.32003E-03,-70.35178E-03,-51.56094E-03
+5.05500E-03,-494.97489E-03,+10.05023E-03,-10.05023E-03
+5.08000E-03,-502.60710E-03,-39.82291E-03,+39.82291E-03
+5.10500E-03,-511.61205E-03,-56.49843E-03,+56.49843E-03
+5.13000E-03,-524.09267E-03,-12.11621E-03,-32.21667E-03
+5.15500E-03,-529.62195E-03,-70.35178E-03,+48.13600E-03
+5.18000E-03,-511.62438E-03,-56.54777E-03,-10.05023E-03
+5.20500E-03,-494.97489E-03,-70.35178E-03,+20.52798E-03
+5.23000E-03,-513.71499E-03,+4.60865E-03,-10.05023E-03
+5.25500E-03,-484.60954E-03,+10.05023E-03,+31.41114E-03
+5.28000E-03,-494.97489E-03,+10.05023E-03,+144.91209E-03
+5.30500E-03,-506.80065E-03,-70.35178E-03,+117.65485E-03
+5.33000E-03,-512.25457E-03,+10.05023E-03,-21.33351E-03
+5.35500E-03,-501.15901E-03,-14.68628E-03,+70.35178E-03
+5.38000E-03,-494.97489E-03,-70.35178E-03,+70.35178E-03
+5.40500E-03,-522.89533E-03,-53.97770E-03,-10.05023E-03
+5.43000E-03,-494.97489E-03,+10.05023E-03,+70.35178E-03
+5.45500E-03,-531.17006E-03,+18.06188E-03,+70.35178E-03
+5.48000E-03,-496.89010E-03,+10.05023E-03,-10.05023E-03
+5.50500E-03,-535.08820E-03,+10.05023E-03,-10.05023E-03
+5.53000E-03,-506.15813E-03,+19.11421E-03,-10.05023E-03
+5.55500E-03,-494.97489E-03,-70.35178E-03,+61.63857E-03
+5.58000E-03,-494.97489E-03,+10.05023E-03,+70.35178E-03
+5.60500E-03,-499.24379E-03,-53.27614E-03,+53.27614E-03
+5.63000E-03,-494.97489E-03,-89.29593E-03,+51.40763E-03
+5.65500E-03,-488.61537E-03,-70.35178E-03,+44.91371E-03
+5.68000E-03,-515.07539E-03,+10.05023E-03,-10.05023E-03
+5.70500E-03,-503.42501E-03,-23.75027E-03,-10.05023E-03
+5.73000E-03,-515.07539E-03,-70.35178E-03,-88.23294E-03
+5.75500E-03,-505.51562E-03,+10.05023E-03,-90.45224E-03
+5.78000E-03,-532.10432E-03,+78.16597E-03,-90.45224E-03
+5.80500E-03,-507.60622E-03,-19.82642E-03,-30.69893E-03
+5.83000E-03,-498.60128E-03,-70.35178E-03,-10.05023E-03
+5.85500E-03,-509.69683E-03,-70.35178E-03,+48.83756E-03
+5.88000E-03,-500.69188E-03,+10.05023E-03,-10.05023E-03
+5.90500E-03,-494.97489E-03,+64.14865E-03,-10.05023E-03
+5.93000E-03,-502.78249E-03,-39.12135E-03,-10.05023E-03
+5.95500E-03,-494.97489E-03,+5.26086E-03,-14.83959E-03
+5.98000E-03,-505.17717E-03,-29.54262E-03,-10.05023E-03
+6.00500E-03,-494.97489E-03,+10.05023E-03,-10.05023E-03
+6.03000E-03,-515.07539E-03,+10.05023E-03,-58.00551E-03
+6.05500E-03,-512.09151E-03,-82.28727E-03,-10.05023E-03
+6.08000E-03,-494.97489E-03,-94.43607E-03,+22.18319E-03
+6.10500E-03,-515.07539E-03,-10.24769E-03,+50.05385E-03
+6.13000E-03,-511.14492E-03,-5.67164E-03,+38.90805E-03
+6.15500E-03,-507.91030E-03,+61.79188E-03,-61.79188E-03
+6.18000E-03,-494.97489E-03,-62.99234E-03,-17.40967E-03
+6.20500E-03,-515.07539E-03,+10.05023E-03,-10.05023E-03
+6.23000E-03,-494.72414E-03,+9.04724E-03,-9.04724E-03
+6.25500E-03,-515.07539E-03,+45.06703E-03,-10.05023E-03
+6.28000E-03,-530.49318E-03,-60.98636E-03,-10.05023E-03
+6.30500E-03,-494.97489E-03,+10.05023E-03,-9.61132E-03
+6.33000E-03,-494.97489E-03,-52.62393E-03,-10.05023E-03
+6.35500E-03,-499.54787E-03,-70.35178E-03,+52.05984E-03
+6.38000E-03,-515.07539E-03,-70.35178E-03,+18.17121E-03
+6.40500E-03,-494.97489E-03,+10.05023E-03,-10.05023E-03
+6.43000E-03,-503.58806E-03,+10.05023E-03,-10.05023E-03
+6.45500E-03,-514.68362E-03,+8.48315E-03,+68.78470E-03
+6.48000E-03,-494.97489E-03,+10.05023E-03,-4.82195E-03
+6.50500E-03,-513.37655E-03,-63.55643E-03,+70.35178E-03
+6.53000E-03,-515.07539E-03,+32.00337E-03,+19.17421E-03
+6.55500E-03,-491.18544E-03,+10.05023E-03,-10.05023E-03
+6.58000E-03,-494.97489E-03,+10.05023E-03,-10.05023E-03
+6.60500E-03,-509.19533E-03,+10.05023E-03,+13.46998E-03
+6.63000E-03,-498.09978E-03,+10.05023E-03,+57.85220E-03
+6.65500E-03,-494.97489E-03,+10.05023E-03,+70.35178E-03
+6.68000E-03,-515.07539E-03,+5.91308E-03,-14.18738E-03
+6.70500E-03,-494.97489E-03,+10.13837E-03,+30.10671E-03
+6.73000E-03,-512.96275E-03,-66.12650E-03,-82.00167E-03
+6.75500E-03,-474.87438E-03,-87.16477E-03,+70.35178E-03
+6.78000E-03,-498.12181E-03,-70.35178E-03,+57.76407E-03
+6.80500E-03,-509.21737E-03,-70.35178E-03,-67.02016E-03
+6.83000E-03,-494.97489E-03,-87.90336E-03,-10.05023E-03
+6.85500E-03,-494.97489E-03,-70.35178E-03,-10.05023E-03
+6.88000E-03,-502.30303E-03,+10.05023E-03,-61.13967E-03
+6.90500E-03,-515.07539E-03,-63.64456E-03,-3.34301E-03
+6.93000E-03,-484.29313E-03,+10.05023E-03,+32.67678E-03
+6.95500E-03,-494.97489E-03,-68.69657E-03,+70.35178E-03
+6.98000E-03,-494.97489E-03,-70.35178E-03,-56.08766E-03
+7.00500E-03,-494.97489E-03,+32.59E-06,-10.05023E-03
+7.03000E-03,-515.07539E-03,-44.34963E-03,-90.45224E-03
+7.05500E-03,-515.07539E-03,-33.59164E-03,+51.97171E-03
+7.08000E-03,-494.97489E-03,+10.05023E-03,-72.81252E-03
+7.10500E-03,-508.38976E-03,+10.05023E-03,-10.05023E-03
+7.13000E-03,-512.75607E-03,+10.05023E-03,-90.45224E-03
+7.15500E-03,-506.29915E-03,-25.05470E-03,+35.24685E-03
+7.18000E-03,-494.97489E-03,+10.05023E-03,-10.96509E-03
+7.20500E-03,-504.20855E-03,-70.35178E-03,-53.51759E-03
+7.23000E-03,-513.21349E-03,-62.90421E-03,-10.05023E-03
+7.25500E-03,-500.78928E-03,-70.35178E-03,-10.05023E-03
+7.28000E-03,-494.97489E-03,-54.54178E-03,+54.54178E-03
+7.30500E-03,-510.02294E-03,-50.14199E-03,-10.05023E-03
+7.33000E-03,-501.01799E-03,-70.35178E-03,+14.12220E-03
+7.35500E-03,-512.11355E-03,+10.05023E-03,+1.79713E-03
+7.38000E-03,-503.10860E-03,+10.05023E-03,-10.05023E-03
+7.40500E-03,-514.20416E-03,-70.35178E-03,-10.05023E-03
+7.43000E-03,-494.97489E-03,-30.84706E-03,-10.05023E-03
+7.45500E-03,-496.19426E-03,+5.17273E-03,+65.47428E-03
+7.48000E-03,-515.07539E-03,-39.20949E-03,+39.20949E-03
+7.50500E-03,-498.28487E-03,-3.18970E-03,-10.05023E-03
+7.53000E-03,-509.38042E-03,-47.57192E-03,-10.05023E-03
+7.55500E-03,-494.97489E-03,+10.05023E-03,+11.55213E-03
+7.58000E-03,-494.97489E-03,-70.35178E-03,+55.93435E-03
+7.60500E-03,-487.48369E-03,+10.05023E-03,-60.48745E-03
+7.63000E-03,-496.48864E-03,-64.29678E-03,-10.05023E-03
+7.65500E-03,-505.49358E-03,+10.05023E-03,+28.27699E-03
+7.68000E-03,-514.49853E-03,+7.74280E-03,-12.35766E-03
+7.70500E-03,-506.64730E-03,-23.66213E-03,+23.66213E-03
+7.73000E-03,-492.30742E-03,-619.63E-06,+619.63E-06
+7.75500E-03,-502.40042E-03,-45.00185E-03,-10.05023E-03
+7.78000E-03,-515.07539E-03,+10.05023E-03,-29.08252E-03
+7.80500E-03,-515.07539E-03,-53.36428E-03,+70.35178E-03
+7.83000E-03,-494.97489E-03,-17.34449E-03,+17.34449E-03
+7.85500E-03,-477.03065E-03,+1.42516E-03,+61.72671E-03
+7.88000E-03,-503.91417E-03,-70.35178E-03,+25.70692E-03
+7.90500E-03,-515.00973E-03,-70.35178E-03,+70.35178E-03
+7.93000E-03,-515.07539E-03,-62.51463E-03,+114.47136E-03
+7.95500E-03,-494.97489E-03,+1.95044E-03,-1.95044E-03
+7.98000E-03,-494.97489E-03,+62.53224E-03,+17.86977E-03
+8.00500E-03,-494.97489E-03,-6.41199E-03,+6.41199E-03
+8.03000E-03,-505.29660E-03,+29.60780E-03,+92.08108E-03
+8.05500E-03,-508.86923E-03,-14.77442E-03,-10.05023E-03
+8.08000E-03,-509.47782E-03,-139.55865E-03,-10.05023E-03
+8.10500E-03,-515.07539E-03,-70.35178E-03,-90.45224E-03
+8.13000E-03,-494.26671E-03,-67.51907E-03,+67.51907E-03
+8.15500E-03,-494.97489E-03,-31.49928E-03,+31.49928E-03
+8.18000E-03,-496.35731E-03,-64.82206E-03,-15.57995E-03
+8.20500E-03,-502.59740E-03,+59.96217E-03,-59.96217E-03
+8.23000E-03,-458.24692E-03,-70.35178E-03,-10.05023E-03
+8.25500E-03,-489.44297E-03,-48.22414E-03,+48.22414E-03
+8.28000E-03,-515.07539E-03,+10.05023E-03,-10.05023E-03
+8.30500E-03,-515.07539E-03,-70.35178E-03,+3.71498E-03
+8.33000E-03,-507.42114E-03,+10.05023E-03,-10.05023E-03
+8.35500E-03,-493.62419E-03,-70.35178E-03,+64.94900E-03
+8.38000E-03,-505.33053E-03,-28.92921E-03,-7.60710E-03
+8.40500E-03,-495.71480E-03,-70.35178E-03,+67.39213E-03
+8.43000E-03,-494.97489E-03,-23.00991E-03,-24.33196E-03
+8.45500E-03,-497.80540E-03,+10.05023E-03,-10.05023E-03
+8.48000E-03,-508.90096E-03,-14.64748E-03,-65.75453E-03
+8.50500E-03,-479.79551E-03,-50.66727E-03,+70.35178E-03
+8.53000E-03,-494.97489E-03,+26.38551E-03,-10.05023E-03
+8.55500E-03,-515.07539E-03,-17.99671E-03,+17.99671E-03
+8.58000E-03,-515.07539E-03,-62.37893E-03,-10.05023E-03
+8.60500E-03,-515.07539E-03,-70.35178E-03,+106.76115E-03
+8.63000E-03,-494.97489E-03,+9.66065E-03,+150.36421E-03
+8.65500E-03,-506.16783E-03,+10.05023E-03,-90.45224E-03
+8.68000E-03,-512.88739E-03,-70.35178E-03,-10.05023E-03
+8.70500E-03,-515.07539E-03,-17.21755E-03,+17.21755E-03
+8.73000E-03,-510.79678E-03,+10.05023E-03,+7.06421E-03
+8.75500E-03,-525.72321E-03,+10.05023E-03,+51.44643E-03
+8.78000E-03,-508.70617E-03,+10.05023E-03,+19.39805E-03
+8.80500E-03,-497.61062E-03,+10.05023E-03,-69.36639E-03
+8.83000E-03,-486.51506E-03,+10.05023E-03,+70.35178E-03
+8.85500E-03,-495.52001E-03,+10.05023E-03,-7.86974E-03
+8.88000E-03,-515.07539E-03,-70.35178E-03,-10.05023E-03
+8.90500E-03,-515.07539E-03,-64.16984E-03,+64.16984E-03
+8.93000E-03,-494.97489E-03,-40.51393E-03,+40.51393E-03
+8.95500E-03,-458.40997E-03,+10.05023E-03,-61.36351E-03
+8.98000E-03,-494.97489E-03,-11.42519E-03,-10.05023E-03
+9.00500E-03,-500.70158E-03,-12.85657E-03,+12.85657E-03
+9.03000E-03,-511.79714E-03,+10.05023E-03,-77.33925E-03
+9.05500E-03,-494.97489E-03,+41.31946E-03,-59.18301E-03
+9.08000E-03,-494.97489E-03,+80.95111E-03,-10.05023E-03
+9.10500E-03,-494.97489E-03,-70.35178E-03,-10.05023E-03
+9.13000E-03,-494.97489E-03,+6.43836E-03,-83.22851E-03
+9.15500E-03,-506.97341E-03,+10.05023E-03,-10.05023E-03
+9.18000E-03,-494.97489E-03,-1.92407E-03,+1.92407E-03
+9.20500E-03,-509.06401E-03,-70.35178E-03,-10.05023E-03
+9.23000E-03,-515.07539E-03,-70.35178E-03,-70.11551E-03
+9.25500E-03,-498.89565E-03,-70.35178E-03,-74.76917E-03
+9.28000E-03,-507.90060E-03,+10.05023E-03,-33.05393E-03
+9.30500E-03,-515.07539E-03,-143.43315E-03,+70.35178E-03
+9.33000E-03,-494.97489E-03,-27.01135E-03,-10.05023E-03
+9.35500E-03,-474.87438E-03,+10.05023E-03,-10.05023E-03
+9.38000E-03,-497.58639E-03,-395.79E-06,-10.05023E-03
+9.40500E-03,-479.57650E-03,-79.75600E-03,-10.05023E-03
+9.43000E-03,-501.62878E-03,-16.56534E-03,-10.05023E-03
+9.45500E-03,-499.41655E-03,+10.05023E-03,+52.58512E-03
+9.48000E-03,-510.51210E-03,-70.35178E-03,-72.19910E-03
+9.50500E-03,-487.93892E-03,-16.07885E-03,+44.22270E-03
+9.53000E-03,-510.13003E-03,+10.05023E-03,-159.52E-06
+9.55500E-03,-506.45251E-03,+10.05023E-03,-10.05023E-03
+9.58000E-03,-494.97489E-03,+8.52195E-03,-85.86741E-03
+9.60500E-03,-505.68837E-03,-27.49784E-03,+27.49784E-03
+9.63000E-03,-493.26635E-03,+3.21608E-03,-10.05023E-03
+9.65500E-03,-494.97489E-03,+39.23587E-03,-10.05023E-03
+9.68000E-03,-511.27624E-03,-70.35178E-03,+5.14635E-03
+9.70500E-03,-494.97489E-03,-70.35178E-03,+10.77298E-03
+9.73000E-03,-515.07539E-03,-70.35178E-03,+23.23375E-03
+9.75500E-03,-498.09008E-03,-70.35178E-03,+2.41055E-03
+9.78000E-03,-507.09503E-03,-38.43034E-03,-10.05023E-03
+9.80500E-03,-514.05080E-03,+5.95188E-03,-10.05023E-03
+9.83000E-03,-515.07539E-03,-30.06791E-03,+70.35178E-03
+9.85500E-03,-512.94335E-03,-66.08770E-03,-10.05023E-03
+9.88000E-03,-507.13646E-03,+10.05023E-03,-10.05023E-03
+9.90500E-03,-511.91876E-03,-57.72527E-03,+57.72527E-03
+9.93000E-03,-506.67152E-03,+10.05023E-03,-10.05023E-03
+9.95500E-03,-494.97489E-03,-49.36284E-03,-69.46330E-03
+9.98000E-03,-491.21717E-03,-4.98062E-03,+4.98062E-03
+10.00500E-03,-494.97489E-03,+10.05023E-03,+11.64903E-03
+10.03000E-03,-515.07539E-03,-70.35178E-03,+63.68336E-03
+10.05500E-03,-504.40334E-03,-32.63798E-03,+32.63798E-03
+10.08000E-03,-514.22838E-03,-147.36576E-03,-10.05023E-03
+10.10500E-03,-506.49394E-03,-36.02600E-03,+36.02600E-03
+10.13000E-03,-494.97489E-03,+10.05023E-03,-10.05023E-03
+10.15500E-03,-494.97489E-03,+10.05023E-03,+70.35178E-03
+10.18000E-03,-494.97489E-03,-8.36864E-03,+8.36864E-03
+10.20500E-03,-515.07539E-03,-7.55069E-03,-72.85132E-03
+10.23000E-03,-481.56971E-03,-16.73107E-03,+70.35178E-03
+10.25500E-03,-492.66526E-03,+10.05023E-03,-10.05023E-03
+10.28000E-03,-494.97489E-03,+55.30851E-03,-10.05023E-03
+10.30500E-03,-494.97489E-03,-69.47572E-03,-10.05023E-03
+10.33000E-03,-494.97489E-03,-33.45593E-03,+33.45593E-03
+10.35500E-03,-513.20379E-03,+2.56386E-03,-10.05023E-03
+10.38000E-03,-482.00774E-03,-18.48319E-03,+18.48319E-03
+10.40500E-03,-515.07539E-03,-70.35178E-03,+54.50298E-03
+10.43000E-03,-505.06038E-03,-10.12076E-03,-10.05023E-03
+10.45500E-03,-502.96977E-03,-14.16100E-03,+14.16100E-03
+10.48000E-03,-512.12325E-03,+10.05023E-03,-10.05023E-03
+10.50500E-03,-515.07539E-03,-102.92544E-03,+22.52343E-03
+10.53000E-03,-494.97489E-03,-66.90565E-03,-10.05023E-03
+10.55500E-03,-484.74086E-03,+10.05023E-03,-10.05023E-03
+10.58000E-03,-477.33253E-03,+10.05023E-03,-10.05023E-03
+10.60500E-03,-494.97489E-03,-21.05326E-03,+119.65030E-03
+10.63000E-03,-515.07539E-03,+10.05023E-03,+57.07305E-03
+10.65500E-03,-509.39012E-03,+10.05023E-03,+47.61072E-03
+10.68000E-03,-504.25481E-03,-11.59093E-03,-47.16992E-03
+10.70500E-03,-518.67004E-03,-55.97315E-03,-24.42886E-03
+10.73000E-03,-494.97489E-03,+10.05023E-03,-60.44865E-03
+10.75500E-03,-512.06729E-03,-70.35178E-03,+64.33558E-03
+10.78000E-03,-504.56639E-03,+52.08622E-03,-10.05023E-03
+10.80500E-03,-515.07539E-03,-68.00555E-03,+68.00555E-03
+10.83000E-03,-483.29277E-03,-70.35178E-03,+70.35178E-03
+10.85500E-03,-515.07539E-03,-658.43E-06,-10.05023E-03
+10.88000E-03,-481.20217E-03,+35.36136E-03,-35.36136E-03
+10.90500E-03,-499.74266E-03,-51.28069E-03,-10.05023E-03
+10.93000E-03,-499.21206E-03,-70.35178E-03,+70.35178E-03
+10.95500E-03,-515.07539E-03,-95.88675E-03,-63.01872E-03
+10.98000E-03,-515.07539E-03,-70.35178E-03,-18.63650E-03
+11.00500E-03,-494.97489E-03,-25.74572E-03,-54.65629E-03
+11.03000E-03,-494.97489E-03,-70.35178E-03,+70.12794E-03
+11.05500E-03,-504.03579E-03,+10.05023E-03,-10.05023E-03
+11.08000E-03,-494.97489E-03,-62.21319E-03,+70.35178E-03
+11.10500E-03,-508.10509E-03,+62.57104E-03,-10.05023E-03
+11.13000E-03,-490.84963E-03,-53.85076E-03,-73.95122E-03
+11.15500E-03,-515.07539E-03,+10.05023E-03,+31.31424E-03
+11.18000E-03,-515.07539E-03,-14.81322E-03,-40.72534E-03
+11.20500E-03,-497.76397E-03,-128.44111E-03,-68.13956E-03
+11.23000E-03,-503.28135E-03,-23.17565E-03,+37.12590E-03
+11.25500E-03,-495.67336E-03,-70.35178E-03,-7.25632E-03
+11.28000E-03,-505.37196E-03,-31.53808E-03,+31.53808E-03
+11.30500E-03,-496.36701E-03,-70.35178E-03,-4.48171E-03
+11.33000E-03,-482.48720E-03,-39.90051E-03,-10.05023E-03
+11.35500E-03,-511.59265E-03,-3.88072E-03,+3.88072E-03
+11.38000E-03,-509.55318E-03,-106.57611E-03,+48.26294E-03
+11.40500E-03,-489.40154E-03,-48.05840E-03,-32.34361E-03
+11.43000E-03,-491.54328E-03,-3.67618E-03,+56.62537E-03
+11.45500E-03,-507.41144E-03,+10.05023E-03,-40.70604E-03
+11.48000E-03,-496.31588E-03,+10.05023E-03,+70.35178E-03
+11.50500E-03,-484.62894E-03,-70.35178E-03,+31.33354E-03
+11.53000E-03,-494.97489E-03,-67.35333E-03,-87.45379E-03
+11.55500E-03,-503.23022E-03,+24.40956E-03,+103.37312E-03
+11.58000E-03,-480.55482E-03,-70.35178E-03,-10.05023E-03
+11.60500E-03,-515.07539E-03,-45.69287E-03,+45.69287E-03
+11.63000E-03,-510.14456E-03,-70.35178E-03,+9.67308E-03
+11.65500E-03,-506.92715E-03,-70.35178E-03,-10.05023E-03
+11.68000E-03,-494.97489E-03,-46.12125E-03,-10.05023E-03
+11.70500E-03,-515.07539E-03,-70.35178E-03,+62.41773E-03
+11.73000E-03,-494.97489E-03,+17.55590E-03,-10.05023E-03
+11.75500E-03,-495.08198E-03,+9.62185E-03,+69.49502E-03
+11.78000E-03,-503.87274E-03,-34.76037E-03,+34.76037E-03
+11.80500E-03,-497.17259E-03,-70.35178E-03,-1.25942E-03
+11.83000E-03,-501.78213E-03,-43.12280E-03,-10.05023E-03
+11.85500E-03,-510.78708E-03,+10.05023E-03,+53.19854E-03
+11.88000E-03,-499.69152E-03,-27.68287E-03,-52.71913E-03
+11.90500E-03,-501.35380E-03,+35.56590E-03,-64.93657E-03
+11.93000E-03,-515.07539E-03,+90.45224E-03,-10.05023E-03
+11.95500E-03,-506.60586E-03,-23.82787E-03,-10.05023E-03
+11.98000E-03,-475.40981E-03,+10.05023E-03,-7.90854E-03
+12.00500E-03,-493.95512E-03,+48.21171E-03,+32.19030E-03
+12.03000E-03,-493.41970E-03,-144.53305E-03,+2.39124E-03
+12.05500E-03,-515.07539E-03,-70.35178E-03,+70.35178E-03
+12.08000E-03,-507.78380E-03,+75.86907E-03,+4.53294E-03
+12.10500E-03,-515.07539E-03,+10.05023E-03,+129.31717E-03
+12.13000E-03,-509.33899E-03,+10.05023E-03,-67.50664E-03
+12.15500E-03,-518.34394E-03,-3.02396E-03,+57.27759E-03
+12.18000E-03,-519.52188E-03,-70.35178E-03,-10.05023E-03
+12.20500E-03,-477.23026E-03,+10.05023E-03,-5.33847E-03
+12.23000E-03,-494.97489E-03,+10.05023E-03,-8.98913E-03
+12.25500E-03,-515.07539E-03,+10.05023E-03,-6.39956E-03
+12.28000E-03,-503.06717E-03,-22.31889E-03,+22.31889E-03
+12.30500E-03,-509.06884E-03,-70.35178E-03,-10.05023E-03
+12.33000E-03,-500.97656E-03,-46.34509E-03,-42.43885E-03
+12.35500E-03,-500.06877E-03,-110.00274E-03,-30.42576E-03
+12.38000E-03,-482.69651E-03,+10.05023E-03,+5.59403E-03
+12.40500E-03,-494.97489E-03,-18.68773E-03,+18.68773E-03
+12.43000E-03,-513.25493E-03,-70.35178E-03,-10.05023E-03
+12.45500E-03,-496.52519E-03,+10.05023E-03,-10.05023E-03
+12.48000E-03,-494.97489E-03,-70.35178E-03,-10.05023E-03
+12.50500E-03,-494.97489E-03,-70.35178E-03,+70.35178E-03
+12.53000E-03,-512.71463E-03,-60.90875E-03,+51.46573E-03
+12.55500E-03,-494.97489E-03,-16.52653E-03,+16.52653E-03
+12.58000E-03,-499.42625E-03,+10.05023E-03,-90.45224E-03
+12.60500E-03,-515.07539E-03,-8.16410E-03,+8.16410E-03
+12.63000E-03,-488.43291E-03,+90.45224E-03,+16.11766E-03
+12.65500E-03,-477.33736E-03,+198.33E-06,-10.05023E-03
+12.68000E-03,-529.37866E-03,+10.05023E-03,+24.48009E-03
+12.70500E-03,-495.34725E-03,-68.86230E-03,-167.87530E-03
+12.73000E-03,-505.69807E-03,+10.05023E-03,+32.84251E-03
+12.75500E-03,-494.97489E-03,-63.47882E-03,+56.60587E-03
+12.78000E-03,-522.36210E-03,-19.09661E-03,-90.45224E-03
+12.80500E-03,-491.16604E-03,-70.35178E-03,-25.28561E-03
+12.83000E-03,-515.07539E-03,+10.05023E-03,+91.13618E-03
+12.85500E-03,-500.87434E-03,-13.54758E-03,+37.14540E-03
+12.88000E-03,-515.07539E-03,-2.37175E-03,-22.47221E-03
+12.90500E-03,-507.08533E-03,-38.39154E-03,+38.39154E-03
+12.93000E-03,-515.07539E-03,-70.35178E-03,-10.05023E-03
+12.95500E-03,-474.87438E-03,+9.80689E-03,+30.27244E-03
+12.98000E-03,-494.97489E-03,+5.74735E-03,+70.35178E-03
+13.00500E-03,-502.90411E-03,-21.66668E-03,+38.63487E-03
+13.03000E-03,-508.74273E-03,-70.35178E-03,-65.12161E-03
+13.05500E-03,-500.81350E-03,+10.05023E-03,-10.05023E-03
+13.08000E-03,-515.07539E-03,-49.32404E-03,+49.32404E-03
+13.10500E-03,-498.72290E-03,+10.05023E-03,+4.94182E-03
+13.13000E-03,-509.66997E-03,-19.33994E-03,+48.73012E-03
+13.15500E-03,-496.63229E-03,-63.72216E-03,-83.82262E-03
+13.18000E-03,-515.07539E-03,-32.59918E-03,+70.35178E-03
+13.20500E-03,-494.97489E-03,-70.35178E-03,-8.31742E-03
+13.23000E-03,-506.50364E-03,+10.05023E-03,+24.23675E-03
+13.25500E-03,-497.49870E-03,+10.05023E-03,-10.05023E-03
+13.28000E-03,-501.45602E-03,-18.50269E-03,+44.42723E-03
+13.30500E-03,-515.07539E-03,-70.35178E-03,+51.89411E-03
+13.33000E-03,-499.36541E-03,-70.35178E-03,+52.78966E-03
+13.35500E-03,-508.38494E-03,-43.53168E-03,-10.05023E-03
+13.38000E-03,-510.47554E-03,-61.15209E-03,+70.35178E-03
+13.40500E-03,-494.97489E-03,+10.05023E-03,-10.05023E-03
+13.43000E-03,-494.97489E-03,-69.51452E-03,-89.61498E-03
+13.45500E-03,-504.18915E-03,-70.35178E-03,+26.80682E-03
+13.48000E-03,-515.07539E-03,+75.40189E-03,-82.92707E-03
+13.50500E-03,-494.97489E-03,-70.35178E-03,+41.85716E-03
+13.53000E-03,-498.94679E-03,+10.05023E-03,-10.05023E-03
+13.55500E-03,-494.97489E-03,-50.21959E-03,+50.21959E-03
+13.58000E-03,-501.03739E-03,-14.19980E-03,-10.05023E-03
+13.60500E-03,-494.97489E-03,-70.35178E-03,-10.05023E-03
+13.63000E-03,-494.97489E-03,-37.73932E-03,-10.05023E-03
+13.65500E-03,-494.97489E-03,-66.94445E-03,-6.64290E-03
+13.68000E-03,-504.83166E-03,-29.37689E-03,-10.05023E-03
+13.70500E-03,-515.07539E-03,+10.05023E-03,-10.05023E-03
+13.73000E-03,-494.97489E-03,+10.05023E-03,-10.05023E-03
+13.75500E-03,-511.74600E-03,-70.35178E-03,-10.05023E-03
+13.78000E-03,-489.29932E-03,-47.64952E-03,-10.05023E-03
+13.80500E-03,-489.55489E-03,-70.35178E-03,+48.67182E-03
+13.83000E-03,-494.97489E-03,-70.35178E-03,+41.67212E-03
+13.85500E-03,-507.56479E-03,-40.30939E-03,-60.40985E-03
+13.88000E-03,-515.07539E-03,+16.02763E-03,-10.05023E-03
+13.90500E-03,-484.47559E-03,+10.05023E-03,+31.94696E-03
+13.93000E-03,-515.07539E-03,+10.05023E-03,-88.06721E-03
+13.95500E-03,-506.66670E-03,-36.71702E-03,-10.05023E-03
+13.98000E-03,-512.38852E-03,-70.35178E-03,-79.70478E-03
+14.00500E-03,-508.75731E-03,-125.48146E-03,+45.07945E-03
+14.03000E-03,-494.97489E-03,-51.24189E-03,-29.16012E-03
+14.05500E-03,-515.07539E-03,-53.44188E-03,-10.05023E-03
+14.08000E-03,-494.97489E-03,+10.05023E-03,-10.05023E-03
+14.10500E-03,-494.97489E-03,+1.50276E-03,-10.05023E-03
+14.13000E-03,-494.97489E-03,+10.05023E-03,-10.05023E-03
+14.15500E-03,-515.07539E-03,+9.86519E-03,-10.05023E-03
+14.18000E-03,-492.97680E-03,-34.14695E-03,+34.14695E-03
+14.20500E-03,-494.97489E-03,-6.30455E-03,+70.35178E-03
+14.23000E-03,-501.93548E-03,-70.35178E-03,+70.35178E-03
+14.25500E-03,-494.97489E-03,-6.48959E-03,+101.13433E-03
+14.28000E-03,-494.97489E-03,+10.05023E-03,-10.05023E-03
+14.30500E-03,-515.07539E-03,-14.85202E-03,+45.44953E-03
+14.33000E-03,-500.53365E-03,+10.05023E-03,-90.45224E-03
+14.35500E-03,-494.97489E-03,-37.08710E-03,-10.05023E-03
+14.38000E-03,-494.97489E-03,+7.29512E-03,-10.05023E-03
+14.40500E-03,-495.68794E-03,-28.72467E-03,+28.72467E-03
+14.43000E-03,-496.37672E-03,-70.35178E-03,+64.74446E-03
+14.45500E-03,-507.47227E-03,-70.35178E-03,+70.35178E-03
+14.48000E-03,-494.97489E-03,-122.81429E-03,+42.41228E-03
+14.50500E-03,-505.99991E-03,-11.99981E-03,-10.05023E-03
+14.53000E-03,-509.49234E-03,+10.05023E-03,+12.28195E-03
+14.55500E-03,-498.39679E-03,+76.76463E-03,-10.05023E-03
+14.58000E-03,-507.40174E-03,-39.65717E-03,-59.75763E-03
+14.60500E-03,-513.74409E-03,-65.02660E-03,-15.37541E-03
+14.63000E-03,-505.31113E-03,-29.00681E-03,-10.05023E-03
+14.65500E-03,-514.31608E-03,+84.37774E-03,-10.05023E-03
+14.68000E-03,-486.72925E-03,+10.05023E-03,+22.93231E-03
+14.70500E-03,-474.87438E-03,-70.35178E-03,-10.05023E-03
+14.73000E-03,-508.92036E-03,-45.73167E-03,+70.35178E-03
+14.75500E-03,-494.97489E-03,+29.81234E-03,+9.71188E-03
+14.78000E-03,-494.97489E-03,-54.09410E-03,-10.05023E-03
+14.80500E-03,-502.00602E-03,-70.35178E-03,+42.22724E-03
+14.83000E-03,-494.97489E-03,+2.15498E-03,-90.45224E-03
+14.85500E-03,-494.97489E-03,+10.05023E-03,-46.53720E-03
+14.88000E-03,-494.97489E-03,+9.58305E-03,+150.28661E-03
+14.90500E-03,-515.07539E-03,-70.35178E-03,-54.89963E-03
+14.93000E-03,-494.97489E-03,-52.69256E-03,-10.05023E-03
+14.95500E-03,-481.67193E-03,-43.16160E-03,+17.13995E-03
+14.98000E-03,-494.97489E-03,-24.33385E-03,+70.35178E-03
+15.00500E-03,-488.99520E-03,-8.77752E-03,+70.35178E-03
+15.03000E-03,-508.68677E-03,-15.50424E-03,-90.45224E-03
+15.05500E-03,-512.45906E-03,-80.81710E-03,+70.35178E-03
+15.08000E-03,-506.59616E-03,-23.86667E-03,+23.86667E-03
+15.10500E-03,-514.54966E-03,-146.54800E-03,-12.15312E-03
+15.13000E-03,-515.07539E-03,-32.22910E-03,-10.05023E-03
+15.15500E-03,-494.97489E-03,+77.93316E-03,-10.05023E-03
+15.18000E-03,-502.41495E-03,-40.59153E-03,-10.05023E-03
+15.20500E-03,-511.41990E-03,-70.35178E-03,+4.57174E-03
+15.23000E-03,-509.72593E-03,-32.74541E-03,-10.05023E-03
+15.25500E-03,-506.46708E-03,-70.35178E-03,+47.36738E-03
+15.28000E-03,-498.23373E-03,-70.35178E-03,+57.31639E-03
+15.30500E-03,-527.33918E-03,-88.06013E-03,-10.05023E-03
+15.33000E-03,-496.14313E-03,+10.05023E-03,-10.05023E-03
+15.35500E-03,-504.90220E-03,+9.06673E-03,+29.65903E-03
+15.38000E-03,-494.97489E-03,-70.35178E-03,-10.05023E-03
+15.40500E-03,-506.99281E-03,-38.02146E-03,+38.02146E-03
+15.43000E-03,-494.97489E-03,-70.35178E-03,+2.00167E-03
+15.45500E-03,-480.86636E-03,-70.35178E-03,+46.38389E-03
+15.48000E-03,-509.97181E-03,-10.36410E-03,+70.35178E-03
+15.50500E-03,-498.87625E-03,-70.35178E-03,+54.74632E-03
+15.53000E-03,-502.16907E-03,-41.57502E-03,+41.57502E-03
+15.55500E-03,-513.26463E-03,+10.05023E-03,+63.10875E-03
+15.58000E-03,-493.44398E-03,+10.05023E-03,-10.05023E-03
+15.60500E-03,-495.53458E-03,+8.93083E-03,-8.93083E-03
+15.63000E-03,-503.69998E-03,+10.05023E-03,-10.05023E-03
+15.65500E-03,-479.61530E-03,+568.40E-06,-568.40E-06
+15.68000E-03,-501.60938E-03,-16.48773E-03,-10.05023E-03
+15.70500E-03,-526.25376E-03,-7.79403E-03,+7.79403E-03
+15.73000E-03,-494.97489E-03,-70.35178E-03,-10.05023E-03
+15.75500E-03,-522.07255E-03,-44.14509E-03,-64.24555E-03
+15.78000E-03,-494.97489E-03,-140.94068E-03,+70.35178E-03
+15.80500E-03,-506.43311E-03,-35.78266E-03,+35.78266E-03
+15.83000E-03,-515.07539E-03,-68.90111E-03,-10.05023E-03
+15.85500E-03,-484.24200E-03,-27.42023E-03,+70.35178E-03
+15.88000E-03,-496.70282E-03,+10.05023E-03,-10.05023E-03
+15.90500E-03,-515.07539E-03,-19.05780E-03,-39.15826E-03
+15.93000E-03,-511.25684E-03,-55.07759E-03,-10.05023E-03
+15.95500E-03,-500.16129E-03,-49.60618E-03,-48.96103E-03
+15.98000E-03,-500.88404E-03,-70.35178E-03,+46.71516E-03
+16.00500E-03,-494.97489E-03,+78.06906E-03,-22.43340E-03
+16.03000E-03,-507.07563E-03,+10.05023E-03,+70.35178E-03
+16.05500E-03,-476.88476E-03,+10.05023E-03,+66.33103E-03
+16.08000E-03,-484.96475E-03,-70.35178E-03,+29.99030E-03
+16.10500E-03,-497.14573E-03,+5.70854E-03,-10.05023E-03
+16.13000E-03,-522.99491E-03,-70.35178E-03,+70.35178E-03
+16.15500E-03,-518.25142E-03,+10.05023E-03,-10.05023E-03
+16.18000E-03,-515.07539E-03,-70.35178E-03,+70.35178E-03
+16.20500E-03,-494.97489E-03,-11.01631E-03,-31.11677E-03
+16.23000E-03,-491.23657E-03,-55.39853E-03,+4.90302E-03
+16.25500E-03,-502.33213E-03,-19.37874E-03,-39.47920E-03
+16.28000E-03,-496.62259E-03,-70.35178E-03,-10.05023E-03
+16.30500E-03,-494.97489E-03,-70.35178E-03,+27.74117E-03
+16.33000E-03,-514.63248E-03,-68.58017E-03,-10.05023E-03
+16.35500E-03,-506.51334E-03,-24.19795E-03,-10.05023E-03
+16.38000E-03,-494.97489E-03,-50.08369E-03,+83.81E-06
+16.40500E-03,-481.34582E-03,-70.35178E-03,+70.35178E-03
+16.43000E-03,-494.97489E-03,-51.85531E-03,-10.05023E-03
+16.45500E-03,-499.35571E-03,-133.23047E-03,+7.47309E-03
+16.48000E-03,-508.36066E-03,-43.49288E-03,+43.49288E-03
+16.50500E-03,-515.07539E-03,-70.35178E-03,-10.05023E-03
+16.53000E-03,-515.07539E-03,+10.05023E-03,-10.05023E-03
+16.55500E-03,-514.67616E-03,+10.84869E-03,+69.55332E-03
+16.58000E-03,-494.97489E-03,+46.86848E-03,-46.86848E-03
+16.60500E-03,-494.97489E-03,-70.35178E-03,-2.48626E-03
+16.63000E-03,-513.83403E-03,+10.05023E-03,-33.54061E-03
+16.65500E-03,-515.07539E-03,-70.35178E-03,+5.87617E-03
+16.68000E-03,-515.07539E-03,-70.35178E-03,+10.04316E-03
+16.70500E-03,-488.90268E-03,-70.35178E-03,+14.23860E-03
+16.73000E-03,-494.97489E-03,-58.62082E-03,-10.05023E-03
+16.75500E-03,-494.97489E-03,-37.70052E-03,+22.60103E-03
+16.78000E-03,-494.97489E-03,-70.35178E-03,-10.05023E-03
+16.80500E-03,-494.97489E-03,+8.42485E-03,+30.96346E-03
+16.83000E-03,-476.12286E-03,-70.35178E-03,+70.35178E-03
+16.85500E-03,-515.07539E-03,-39.32589E-03,-10.05023E-03
+16.88000E-03,-515.07539E-03,-70.35178E-03,-77.09591E-03
+16.90500E-03,-494.97489E-03,-12.61323E-03,+12.61323E-03
+16.93000E-03,-515.07539E-03,+10.05023E-03,-31.76899E-03
+16.95500E-03,-502.12540E-03,-70.35178E-03,-10.05023E-03
+16.98000E-03,-522.59569E-03,-40.27059E-03,+10.18940E-03
+17.00500E-03,-476.35903E-03,-1.82697E-03,-4.11163E-03
+17.03000E-03,-515.07539E-03,+10.05023E-03,+28.39339E-03
+17.05500E-03,-514.46943E-03,-70.35178E-03,-10.05023E-03
+17.08000E-03,-483.27337E-03,+10.05023E-03,+23.54573E-03
+17.10500E-03,-515.07539E-03,+10.05023E-03,-10.05023E-03
+17.13000E-03,-522.55913E-03,-15.18330E-03,-10.05023E-03
+17.15500E-03,-510.28821E-03,-70.35178E-03,+9.09846E-03
+17.18000E-03,-503.41043E-03,-53.48068E-03,-73.58114E-03
+17.20500E-03,-521.42033E-03,-42.84066E-03,+17.46089E-03
+17.23000E-03,-494.97489E-03,+1.54156E-03,+70.35178E-03
+17.25500E-03,-515.07539E-03,-34.47823E-03,-45.92378E-03
+17.28000E-03,-515.03883E-03,-70.35178E-03,-90.45224E-03
+17.30500E-03,-504.01639E-03,-70.35178E-03,-10.05023E-03
+17.33000E-03,-478.98248E-03,+10.05023E-03,-1.83404E-03
+17.35500E-03,-501.17359E-03,-17.75337E-03,+42.54818E-03
+17.38000E-03,-526.88658E-03,-6.52839E-03,-10.05023E-03
+17.40500E-03,-505.35480E-03,-50.91061E-03,-29.49140E-03
+17.43000E-03,-528.94063E-03,-45.41073E-03,+14.89082E-03
+17.45500E-03,-494.97489E-03,-59.27304E-03,-68.29476E-03
+17.48000E-03,-515.07539E-03,+10.05023E-03,-76.65719E-03
+17.50500E-03,-475.55346E-03,+7.33392E-03,-12.76654E-03
+17.53000E-03,-505.39136E-03,-70.35178E-03,-48.78633E-03
+17.55500E-03,-513.66386E-03,+10.05023E-03,-10.05023E-03
+17.58000E-03,-507.48197E-03,-39.97811E-03,+20.32344E-03
+17.60500E-03,-515.07539E-03,-136.74524E-03,-10.05023E-03
+17.63000E-03,-526.08101E-03,-48.34054E-03,-32.06147E-03
+17.65500E-03,-503.88990E-03,+10.05023E-03,-10.05023E-03
+17.68000E-03,-491.56268E-03,+10.05023E-03,-10.05023E-03
+17.70500E-03,-494.97489E-03,-20.68318E-03,-59.71883E-03
+17.73000E-03,-478.83917E-03,-70.35178E-03,-10.05023E-03
+17.75500E-03,-504.74885E-03,+10.05023E-03,-51.35640E-03
+17.78000E-03,-495.74390E-03,+10.05023E-03,+67.27573E-03
+17.80500E-03,-494.97489E-03,-70.35178E-03,-42.99397E-03
+17.83000E-03,-512.21577E-03,-58.91330E-03,+127.87683E-03
+17.85500E-03,-508.93006E-03,-45.77047E-03,+21.18916E-03
+17.88000E-03,-504.87534E-03,+10.05023E-03,-10.05023E-03
+17.90500E-03,-494.97489E-03,-70.35178E-03,+54.13290E-03
+17.93000E-03,-514.05339E-03,-42.18844E-03,-38.21357E-03
+17.95500E-03,-533.21178E-03,-62.49533E-03,-82.59579E-03
+17.98000E-03,-505.94395E-03,-70.35178E-03,+70.35178E-03
+18.00500E-03,-515.07539E-03,-69.84580E-03,-9.54425E-03
+18.03000E-03,-503.85334E-03,+10.05023E-03,-54.93843E-03
+18.05500E-03,-497.19199E-03,-61.48337E-03,+61.48337E-03
+18.08000E-03,-508.28754E-03,-70.35178E-03,+70.35178E-03
+18.10500E-03,-515.07539E-03,+10.05023E-03,-10.05023E-03
+18.13000E-03,-499.67212E-03,+10.05023E-03,-10.05023E-03
+18.15500E-03,-508.67707E-03,+10.05023E-03,-64.85897E-03
+18.18000E-03,-497.58152E-03,+10.05023E-03,+376.29E-06
+18.20500E-03,-526.68697E-03,-23.90547E-03,-56.49654E-03
+18.23000E-03,-494.97489E-03,+10.05023E-03,-10.05023E-03
+18.25500E-03,-484.39535E-03,-70.35178E-03,+28.03365E-03
+18.28000E-03,-494.97489E-03,+10.05023E-03,-16.34857E-03
+18.30500E-03,-494.97489E-03,-19.67122E-03,-10.05023E-03
+18.33000E-03,-494.97489E-03,+24.71100E-03,+55.69101E-03
+18.35500E-03,-494.97489E-03,-70.35178E-03,+48.99276E-03
+18.38000E-03,-515.07539E-03,-12.97297E-03,+70.35178E-03
+18.40500E-03,-474.87438E-03,+10.05023E-03,+124.76061E-03
+18.43000E-03,-515.07539E-03,+41.43586E-03,+70.35178E-03
+18.45500E-03,-494.97489E-03,+5.41607E-03,+65.71762E-03
+18.48000E-03,-495.20136E-03,-29.69783E-03,+29.69783E-03
+18.50500E-03,-495.90695E-03,+10.05023E-03,+66.62351E-03
+18.53000E-03,-494.97489E-03,+10.05023E-03,-10.05023E-03
+18.55500E-03,-497.99756E-03,-58.26108E-03,-10.05023E-03
+18.58000E-03,-503.11084E-03,-70.35178E-03,-66.52315E-03
+18.60500E-03,-489.86160E-03,+10.05023E-03,-10.05023E-03
+18.63000E-03,-531.28422E-03,-70.35178E-03,-59.31891E-03
+18.65500E-03,-515.07539E-03,+10.05023E-03,+18.76533E-03
+18.68000E-03,-513.27433E-03,+2.84600E-03,+63.14755E-03
+18.70500E-03,-505.78089E-03,-70.35178E-03,+70.35178E-03
+18.73000E-03,-494.97489E-03,-148.43739E-03,+69.19358E-03
+18.75500E-03,-494.97489E-03,-24.81136E-03,+24.81136E-03
+18.78000E-03,-492.59473E-03,+529.60E-06,-19.57086E-03
+18.80500E-03,-515.07539E-03,-43.85262E-03,+43.85262E-03
+18.83000E-03,-494.97489E-03,-52.46872E-03,-10.05023E-03
+18.85500E-03,-510.54120E-03,-52.21505E-03,+52.21505E-03
+18.88000E-03,-501.53626E-03,+10.05023E-03,-10.05023E-03
+18.90500E-03,-477.31796E-03,-70.35178E-03,-10.05023E-03
+18.93000E-03,-483.52636E-03,-24.55769E-03,+70.35178E-03
+18.95500E-03,-494.97489E-03,+10.05023E-03,-8.63836E-03
+18.98000E-03,-494.97489E-03,-75.89046E-03,-53.02058E-03
+19.00500E-03,-494.97489E-03,-56.45067E-03,+70.35178E-03
+19.03000E-03,-515.07539E-03,-48.08824E-03,-10.05023E-03
+19.05500E-03,-494.97489E-03,-55.03879E-03,-75.13925E-03
+19.08000E-03,-500.15159E-03,+10.05023E-03,+10.65657E-03
+19.10500E-03,-509.15653E-03,-70.35178E-03,+70.35178E-03
+19.13000E-03,-511.98929E-03,-14.63852E-03,+2.29414E-03
+19.15500E-03,-494.97489E-03,+10.05023E-03,+70.35178E-03
+19.18000E-03,-494.97489E-03,-70.35178E-03,+70.35178E-03
+19.20500E-03,-505.07495E-03,-30.35005E-03,-10.05023E-03
+19.23000E-03,-494.97489E-03,+10.05023E-03,-10.05023E-03
+19.25500E-03,-487.06506E-03,-70.35178E-03,+70.35178E-03
+19.28000E-03,-498.16061E-03,-57.60886E-03,-10.05023E-03
+19.30500E-03,-494.97489E-03,+10.05023E-03,+13.22664E-03
+19.33000E-03,-515.07539E-03,-70.35178E-03,-48.24155E-03
+19.35500E-03,-531.44728E-03,+75.53779E-03,+55.43733E-03
+19.38000E-03,-507.70844E-03,+10.05023E-03,-60.98446E-03
+19.40500E-03,-531.89988E-03,-70.35178E-03,-16.60224E-03
+19.43000E-03,-504.43244E-03,+14.79183E-03,-10.05023E-03
+19.45500E-03,-494.52228E-03,+10.05023E-03,+68.54136E-03
+19.48000E-03,-486.42254E-03,-36.14240E-03,-10.05023E-03
+19.50500E-03,-492.43167E-03,+10.05023E-03,+70.35178E-03
+19.53000E-03,-501.43662E-03,-15.79672E-03,+41.64366E-03
+19.55500E-03,-494.97489E-03,-8.48504E-03,+33.28123E-03
+19.58000E-03,-494.97489E-03,-7.43429E-03,-10.05023E-03
+19.60500E-03,-508.35096E-03,-16.84747E-03,-10.05023E-03
+19.63000E-03,-497.25541E-03,-70.35178E-03,-928.14E-06
+19.65500E-03,-503.78992E-03,+10.05023E-03,-55.19210E-03
+19.68000E-03,-515.07539E-03,-70.35178E-03,-9.29057E-03
+19.70500E-03,-496.68566E-03,-70.35178E-03,+26.72922E-03
+19.73000E-03,-493.07419E-03,+2.44746E-03,-2.44746E-03
+19.75500E-03,-515.07539E-03,-41.93476E-03,-10.05023E-03
+19.78000E-03,-511.08409E-03,-54.38658E-03,-10.05023E-03
+19.80500E-03,-505.04809E-03,-10.00436E-03,-70.39765E-03
+19.83000E-03,-523.01207E-03,-14.27740E-03,-41.79697E-03
+19.85500E-03,-512.15235E-03,+21.74239E-03,+58.65962E-03
+19.88000E-03,-506.90287E-03,-70.35178E-03,+37.66172E-03
+19.90500E-03,-514.24296E-03,+10.05023E-03,+67.02205E-03
+19.93000E-03,-504.81226E-03,+10.05023E-03,-10.05023E-03
+19.95500E-03,-493.71671E-03,-65.31908E-03,-5.01753E-03
+19.98000E-03,-494.97489E-03,+41.03732E-03,-59.46515E-03
+20.00500E-03,-515.07539E-03,-56.95665E-03,-23.44536E-03
+20.03000E-03,-494.97489E-03,+10.05023E-03,-32.67489E-03
+20.05500E-03,-515.07539E-03,-48.59422E-03,-10.05023E-03
+20.08000E-03,-491.40933E-03,-4.21200E-03,-24.31246E-03
+20.10500E-03,-507.54539E-03,-40.23179E-03,-10.05023E-03
+20.13000E-03,-513.60044E-03,+15.95003E-03,-4.15043E-03
+20.15500E-03,-505.45478E-03,+10.05023E-03,+28.43219E-03
+20.18000E-03,-494.97489E-03,+7.58760E-03,-7.58760E-03
+20.20500E-03,-494.97489E-03,-70.35178E-03,+23.50693E-03
+20.23000E-03,-500.38742E-03,-774.83E-06,+70.35178E-03
+20.25500E-03,-487.47175E-03,-45.15705E-03,+100.36433E-03
+20.28000E-03,-494.97489E-03,-9.13726E-03,+70.35178E-03
+20.30500E-03,-494.97489E-03,+10.05023E-03,-26.88253E-03
+20.33000E-03,-494.97489E-03,-70.35178E-03,-10.05023E-03
+20.35500E-03,-512.95792E-03,+1.58036E-03,-10.05023E-03
+20.38000E-03,-492.83056E-03,+10.05023E-03,+34.43943E-03
+20.40500E-03,-474.90124E-03,+10.05023E-03,-9.94279E-03
+20.43000E-03,-526.14408E-03,-34.22455E-03,+34.22455E-03
+20.45500E-03,-494.97489E-03,-70.35178E-03,-10.05023E-03
+20.48000E-03,-501.91608E-03,+62.68744E-03,+17.71457E-03
+20.50500E-03,-490.82053E-03,+10.05023E-03,-10.05023E-03
+20.53000E-03,-525.47471E-03,-70.35178E-03,-10.05023E-03
+20.55500E-03,-508.83042E-03,-45.37193E-03,-65.47239E-03
+20.58000E-03,-497.73487E-03,-70.35178E-03,+59.31184E-03
+20.60500E-03,-515.07539E-03,-70.35178E-03,-23.76768E-03
+20.63000E-03,-515.07539E-03,+10.05023E-03,-85.09722E-03
+20.65500E-03,-485.30056E-03,+10.05023E-03,-48.74753E-03
+20.68000E-03,-476.29561E-03,+4.36531E-03,-10.05023E-03
+20.70500E-03,-494.97489E-03,+10.05023E-03,-40.38510E-03
+20.73000E-03,-494.97489E-03,-56.30443E-03,+3.99712E-03
+20.75500E-03,-494.97489E-03,-11.92221E-03,+70.35178E-03
+20.78000E-03,-500.57733E-03,+10.05023E-03,+70.35178E-03
+20.80500E-03,-511.67289E-03,-56.74177E-03,-10.05023E-03
+20.83000E-03,-502.66794E-03,-70.35178E-03,+20.72198E-03
+20.85500E-03,-496.28678E-03,-65.10420E-03,+140.25863E-03
+20.88000E-03,-505.29173E-03,-29.08441E-03,+31.21714E-03
+20.90500E-03,-496.53231E-03,+10.05023E-03,+67.23693E-03
+20.93000E-03,-494.97489E-03,-70.35178E-03,-10.05023E-03
+20.95500E-03,-494.97489E-03,-1.42705E-03,+1.42705E-03
+20.98000E-03,-521.21101E-03,+10.05023E-03,-34.59274E-03
+21.00500E-03,-490.01496E-03,+90.45224E-03,-10.05023E-03
+21.03000E-03,-494.97489E-03,+10.05023E-03,-10.05023E-03
+21.05500E-03,-521.07482E-03,-70.35178E-03,-62.25010E-03
+21.08000E-03,-476.82880E-03,+2.23258E-03,+62.53413E-03
+21.10500E-03,-504.11603E-03,-33.78721E-03,-10.05023E-03
+21.13000E-03,-515.07539E-03,+9.50545E-03,-10.05023E-03
+21.15500E-03,-503.84364E-03,+19.50222E-03,-10.05023E-03
+21.18000E-03,-497.20169E-03,+1.14302E-03,-1.14302E-03
+21.20500E-03,-501.75303E-03,-70.35178E-03,+43.23920E-03
+21.23000E-03,-519.39280E-03,-70.35178E-03,+53.08214E-03
+21.25500E-03,-510.38785E-03,-132.00364E-03,-10.05023E-03
+21.28000E-03,-508.66737E-03,+64.82017E-03,-10.05023E-03
+21.30500E-03,-515.07539E-03,-70.35178E-03,+59.96406E-03
+21.33000E-03,-498.07814E-03,-36.35728E-03,-22.46324E-03
+21.35500E-03,-514.56906E-03,-70.35178E-03,-8.02494E-03
+21.38000E-03,-494.97489E-03,+10.05023E-03,-10.05023E-03
+21.40500E-03,-476.45867E-03,-57.67750E-03,-3.71309E-03
+21.43000E-03,-535.17589E-03,-70.35178E-03,-10.05023E-03
+21.45500E-03,-494.97489E-03,+61.05310E-03,+4.64934E-03
+21.48000E-03,-500.30494E-03,-70.35178E-03,-10.05023E-03
+21.50500E-03,-509.30989E-03,+10.05023E-03,+47.28978E-03
+21.53000E-03,-478.11383E-03,-70.35178E-03,+2.90756E-03
+21.55500E-03,-507.21928E-03,-70.35178E-03,-10.05023E-03
+21.58000E-03,-531.72937E-03,+85.85688E-03,-5.45487E-03
+21.60500E-03,-494.76781E-03,-29.73663E-03,-49.83709E-03
+21.63000E-03,-515.07539E-03,+10.05023E-03,-13.81730E-03
+21.65500E-03,-482.93756E-03,+10.05023E-03,-10.05023E-03
+21.68000E-03,-491.94251E-03,-70.35178E-03,+70.35178E-03
+21.70500E-03,-509.10281E-03,-46.46149E-03,-42.67166E-03
+21.73000E-03,-509.95241E-03,+10.05023E-03,+10.44170E-03
+21.75500E-03,-515.07539E-03,-119.69807E-03,+5.47763E-03
+21.78000E-03,-507.86180E-03,-70.35178E-03,-10.05023E-03
+21.80500E-03,-496.76624E-03,-70.35178E-03,+63.18635E-03
+21.83000E-03,-504.27908E-03,-70.35178E-03,+33.13499E-03
+21.85500E-03,-515.07539E-03,+10.05023E-03,-90.45224E-03
+21.88000E-03,-494.97489E-03,-35.52899E-03,+35.52899E-03
+21.90500E-03,-461.94345E-03,+490.80E-06,-10.05023E-03
+21.93000E-03,-501.58998E-03,-70.35178E-03,-10.05023E-03
+21.95500E-03,-494.97489E-03,-70.35178E-03,-10.05023E-03
+21.98000E-03,-494.97489E-03,+10.05023E-03,-72.35431E-03
+22.00500E-03,-501.54596E-03,-44.06749E-03,-10.05023E-03
+22.03000E-03,-497.40876E-03,+314.73E-06,+60.61628E-03
+22.05500E-03,-494.97489E-03,-24.59649E-03,-10.05023E-03
+22.08000E-03,-514.73212E-03,-68.97871E-03,+70.35178E-03
+22.10500E-03,-513.67132E-03,-27.34263E-03,+32.95892E-03
+22.13000E-03,-515.07539E-03,-70.35178E-03,+56.37307E-03
+22.15500E-03,-509.49010E-03,-18.98020E-03,+70.35178E-03
+22.18000E-03,-498.81283E-03,-70.35178E-03,+54.99999E-03
+22.20500E-03,-494.97489E-03,-70.35178E-03,+70.35178E-03
+22.23000E-03,-509.14683E-03,-70.35178E-03,+13.66399E-03
+22.25500E-03,-477.95078E-03,-70.35178E-03,-78.14667E-03
+22.28000E-03,-531.11371E-03,+10.05023E-03,+6.19849E-03
+22.30500E-03,-475.86017E-03,+6.10709E-03,-10.05023E-03
+22.33000E-03,-505.08465E-03,+10.05023E-03,-130.89131E-03
+22.35500E-03,-531.86143E-03,-70.35178E-03,-81.61367E-03
+22.38000E-03,-527.27576E-03,-70.35178E-03,-90.45224E-03
+22.40500E-03,-528.78503E-03,+10.05023E-03,+2.73149E-03
+22.43000E-03,-500.78440E-03,-13.18784E-03,+13.18784E-03
+22.45500E-03,-494.97489E-03,-70.35178E-03,+11.09392E-03
+22.48000E-03,-511.35648E-03,-55.47614E-03,+55.47614E-03
+22.50500E-03,-515.07539E-03,-70.35178E-03,-39.55681E-03
+22.53000E-03,-478.13099E-03,+3.53702E-03,-10.05023E-03
+22.55500E-03,-504.44214E-03,-32.48277E-03,-10.05023E-03
+22.58000E-03,-514.61308E-03,-70.35178E-03,-8.20101E-03
+22.60500E-03,-518.09060E-03,+56.28166E-03,-10.05023E-03
+22.63000E-03,-515.07539E-03,-70.35178E-03,-20.26188E-03
+22.65500E-03,-494.97489E-03,-70.35178E-03,+70.35178E-03
+22.68000E-03,-479.51790E-03,+10.05023E-03,+70.35178E-03
+22.70500E-03,-515.07539E-03,+10.05023E-03,+52.90606E-03
+22.73000E-03,-494.97489E-03,-70.35178E-03,+16.88628E-03
+22.75500E-03,-530.63425E-03,+966.94E-06,-72.28567E-03
+22.78000E-03,-503.79962E-03,-70.35178E-03,-10.05023E-03
+22.80500E-03,-495.15510E-03,+10.05023E-03,-10.05023E-03
+22.83000E-03,-494.97489E-03,-26.69042E-03,+33.61113E-03
+22.85500E-03,-511.25460E-03,-62.71020E-03,+62.71020E-03
+22.88000E-03,-494.97489E-03,-41.97356E-03,-10.05023E-03
+22.90500E-03,-498.97589E-03,-70.35178E-03,+5.95377E-03
+22.93000E-03,-499.97883E-03,-9.96556E-03,-70.43645E-03
+22.95500E-03,-494.97489E-03,-14.31620E-03,+14.31620E-03
+22.98000E-03,-477.78772E-03,+10.05023E-03,+58.69842E-03
+23.00500E-03,-506.89317E-03,+24.99451E-03,+22.67863E-03
+23.03000E-03,-494.97489E-03,-67.06085E-03,+70.35178E-03
+23.05500E-03,-474.87438E-03,-31.04106E-03,+70.35178E-03
+23.08000E-03,-496.24276E-03,+4.97873E-03,+92.78E-06
+23.10500E-03,-507.33832E-03,-20.89806E-03,+39.40349E-03
+23.13000E-03,-494.97489E-03,-3.38370E-03,-10.05023E-03
+23.15500E-03,-509.42892E-03,-47.76592E-03,+12.53563E-03
+23.18000E-03,-500.42398E-03,+10.05023E-03,-31.84659E-03
+23.20500E-03,-515.07539E-03,-70.35178E-03,+4.17320E-03
+23.23000E-03,-507.53569E-03,+10.05023E-03,-10.05023E-03
+23.25500E-03,-512.14489E-03,-70.35178E-03,-10.05023E-03
+23.28000E-03,-505.44508E-03,+10.05023E-03,-10.05023E-03
+23.30500E-03,-494.97489E-03,+10.05023E-03,-10.05023E-03
+23.33000E-03,-515.07539E-03,-23.46813E-03,-56.93388E-03
+23.35500E-03,-477.59035E-03,+68.72451E-03,+59.48792E-03
+23.38000E-03,-508.78641E-03,-70.35178E-03,+70.35178E-03
+23.40500E-03,-530.36932E-03,-70.35178E-03,+9.17606E-03
+23.43000E-03,-494.97489E-03,-70.35178E-03,+6.74327E-03
+23.45500E-03,-481.77156E-03,-95.57634E-03,+17.53849E-03
+23.48000E-03,-461.09718E-03,+82.02117E-03,-10.05023E-03
+23.50500E-03,-524.06318E-03,-25.90092E-03,-54.50109E-03
+23.53000E-03,-515.05823E-03,+9.98159E-03,+70.28314E-03
+23.55500E-03,-483.89649E-03,+10.05023E-03,+26.03820E-03
+23.58000E-03,-533.10244E-03,+1.75644E-03,-10.05023E-03
+23.60500E-03,-494.97489E-03,-70.35178E-03,+42.62578E-03
+23.63000E-03,-503.30300E-03,+10.05023E-03,+6.60599E-03
+23.65500E-03,-510.23450E-03,+10.05023E-03,+9.31334E-03
+23.68000E-03,-487.38371E-03,-45.33313E-03,-35.06888E-03
+23.70500E-03,-494.97489E-03,+10.05023E-03,-68.44996E-03
+23.73000E-03,-511.66543E-03,-36.97070E-03,+36.97070E-03
+23.75500E-03,-514.41571E-03,-70.35178E-03,+70.35178E-03
+23.78000E-03,-505.41076E-03,-73.43679E-03,+31.69328E-03
+23.80500E-03,-496.40582E-03,-64.62806E-03,+64.62806E-03
+23.83000E-03,-515.07539E-03,-40.05571E-03,-10.05023E-03
+23.85500E-03,-494.97489E-03,-4.03592E-03,+4.03592E-03
+23.88000E-03,-494.97489E-03,-11.88341E-03,+70.35178E-03
+23.90500E-03,-509.46324E-03,-47.90320E-03,-10.05023E-03
+23.93000E-03,-515.07539E-03,-70.35178E-03,-63.30982E-03
+23.95500E-03,-502.67764E-03,-119.94278E-03,+20.76078E-03
+23.98000E-03,-517.67978E-03,+10.05023E-03,-85.24346E-03
+24.00500E-03,-515.07539E-03,-70.35178E-03,+31.17834E-03
+24.03000E-03,-515.07539E-03,-70.35178E-03,+144.44649E-03
+24.05500E-03,-494.97489E-03,-70.35178E-03,-42.91637E-03
+24.08000E-03,-497.85391E-03,-1.46585E-03,+58.83570E-03
+24.10500E-03,-515.07539E-03,-70.35178E-03,+14.45348E-03
+24.13000E-03,-494.97489E-03,+10.05023E-03,+9.82828E-03
+24.15500E-03,-527.10525E-03,+10.05023E-03,-26.19151E-03
+24.18000E-03,-515.07539E-03,-42.11084E-03,+42.11084E-03
+24.20500E-03,-511.18596E-03,+10.05023E-03,-10.05023E-03
+24.23000E-03,-515.07539E-03,-70.35178E-03,+26.55314E-03
+24.25500E-03,-494.97489E-03,+9.46665E-03,-10.05023E-03
+24.28000E-03,-486.11583E-03,-25.38598E-03,-10.05023E-03
+24.30500E-03,-494.97489E-03,+10.05023E-03,+61.40577E-03
+24.33000E-03,-508.30694E-03,-17.02355E-03,+44.09733E-03
+24.35500E-03,-499.30200E-03,-70.35178E-03,-10.05023E-03
+24.38000E-03,-494.97489E-03,-8.66112E-03,+8.66112E-03
+24.40500E-03,-508.65767E-03,-70.35178E-03,-39.11050E-03
+24.43000E-03,-494.97489E-03,-70.35178E-03,-80.10332E-03
+24.45500E-03,-523.58371E-03,-23.98307E-03,+23.98307E-03
+24.48000E-03,-514.08214E-03,-66.37880E-03,+68.36529E-03
+24.50500E-03,-493.87752E-03,+10.05023E-03,-10.05023E-03
+24.53000E-03,-494.97489E-03,+10.05023E-03,-10.05023E-03
+24.55500E-03,-502.38585E-03,-70.35178E-03,+19.59362E-03
+24.58000E-03,-478.55898E-03,-55.61341E-03,-10.05023E-03
+24.60500E-03,-500.29524E-03,-70.35178E-03,-90.45224E-03
+24.63000E-03,-515.07539E-03,+10.05023E-03,+47.25098E-03
+24.65500E-03,-474.87438E-03,-2.86876E-03,-10.05023E-03
+24.68000E-03,-502.84069E-03,+58.98901E-03,-10.05023E-03
+24.70500E-03,-513.93625E-03,+10.05023E-03,-5.49367E-03
+24.73000E-03,-494.97489E-03,-29.77543E-03,-10.05023E-03
+24.75500E-03,-514.12392E-03,-70.35178E-03,-13.85610E-03
+24.78000E-03,-503.02837E-03,-22.16369E-03,+22.16369E-03
+24.80500E-03,-512.03331E-03,-2.11807E-03,-66.11564E-03
+24.83000E-03,-509.11251E-03,-46.50029E-03,+70.35178E-03
+24.85500E-03,-515.07539E-03,-10.48050E-03,-30.58096E-03
+24.88000E-03,-511.20312E-03,-5.43883E-03,-59.47412E-03
+24.90500E-03,-494.97489E-03,+10.05023E-03,-61.55908E-03
+24.93000E-03,-494.97489E-03,-63.22515E-03,+63.22515E-03
+24.95500E-03,-505.76149E-03,-70.35178E-03,+70.35178E-03
+24.98000E-03,-495.28383E-03,+10.05023E-03,-87.98064E-03
+25.00500E-03,-506.37939E-03,+10.05023E-03,-90.45224E-03
+25.03000E-03,-510.27627E-03,-70.35178E-03,-10.05023E-03
+25.05500E-03,-508.47000E-03,+36.47179E-03,-10.05023E-03
+25.08000E-03,-499.46505E-03,-7.91043E-03,+52.39112E-03
+25.10500E-03,-501.53104E-03,-52.29265E-03,+8.00890E-03
+25.13000E-03,-494.97489E-03,+10.05023E-03,+44.02869E-03
+25.15500E-03,-492.55071E-03,+10.05023E-03,-353.53E-06
+25.18000E-03,-503.64626E-03,-70.35178E-03,+70.35178E-03
+25.20500E-03,-514.74182E-03,-70.35178E-03,-87.78369E-03
+25.23000E-03,-516.49886E-03,+10.05023E-03,+27.30383E-03
+25.25500E-03,-533.41885E-03,+3.02207E-03,-3.02207E-03
+25.28000E-03,-515.07539E-03,-18.94140E-03,+47.93303E-03
+25.30500E-03,-515.07539E-03,+10.05023E-03,-10.05023E-03
+25.33000E-03,-489.81758E-03,-49.72258E-03,+70.35178E-03
+25.35500E-03,-509.13713E-03,-22.84575E-03,-42.94620E-03
+25.38000E-03,-494.97489E-03,+10.05023E-03,+58.08501E-03
+25.40500E-03,-507.04653E-03,-22.06522E-03,-26.22135E-03
+25.43000E-03,-494.97489E-03,+6.14589E-03,+66.44744E-03
+25.45500E-03,-525.05642E-03,-29.87390E-03,-50.52811E-03
+25.48000E-03,-494.97489E-03,-70.35178E-03,+141.83761E-03
+25.50500E-03,-487.08446E-03,-38.79008E-03,+38.79008E-03
+25.53000E-03,-515.07539E-03,-2.77029E-03,-10.05023E-03
+25.55500E-03,-489.17507E-03,+67.25297E-03,+13.14904E-03
+25.58000E-03,-489.67915E-03,+10.05023E-03,+70.35178E-03
+25.60500E-03,-494.97489E-03,-4.78661E-03,+40.67809E-03
+25.63000E-03,-507.68904E-03,-19.49515E-03,+70.35178E-03
+25.65500E-03,-476.49299E-03,-63.87737E-03,-10.05023E-03
+25.68000E-03,-494.97489E-03,-32.44397E-03,+32.44397E-03
+25.70500E-03,-494.97489E-03,+8.16221E-03,-10.05023E-03
+25.73000E-03,-515.07539E-03,-36.22001E-03,+36.22001E-03
+25.75500E-03,-512.51278E-03,-60.10133E-03,-20.30068E-03
+25.78000E-03,-522.29122E-03,-44.58244E-03,-10.05023E-03
+25.80500E-03,-499.62810E-03,+10.05023E-03,-28.66311E-03
+25.83000E-03,-530.82416E-03,+27.45714E-03,-10.05023E-03
+25.85500E-03,-508.33156E-03,-70.35178E-03,+70.35178E-03
+25.88000E-03,-494.97489E-03,+1.00575E-03,-1.00575E-03
+25.90500E-03,-492.54325E-03,-25.28751E-03,+25.28751E-03
+25.93000E-03,-495.14540E-03,-70.35178E-03,-9.36818E-03
+25.95500E-03,-515.07539E-03,-70.35178E-03,-3.05191E-03
+25.98000E-03,-533.25580E-03,-70.35178E-03,-10.05023E-03
+26.00500E-03,-502.05974E-03,-42.01237E-03,-38.38964E-03
+26.03000E-03,-494.97489E-03,+10.05023E-03,+54.30897E-03
+26.05500E-03,-499.96913E-03,+10.05023E-03,-10.05023E-03
+26.08000E-03,-515.07539E-03,-45.94654E-03,+45.94654E-03
+26.10500E-03,-494.97489E-03,+78.83768E-03,-10.05023E-03
+26.13000E-03,-503.16680E-03,-22.71743E-03,+22.71743E-03
+26.15500E-03,-514.26236E-03,-67.09965E-03,-83.94799E-03
+26.18000E-03,-494.97489E-03,-31.07986E-03,-10.05023E-03
+26.20500E-03,-532.62074E-03,+4.93992E-03,-4.93992E-03
+26.23000E-03,-507.34802E-03,-39.44229E-03,-59.54275E-03
+26.25500E-03,-498.34307E-03,-123.80832E-03,+56.87904E-03
+26.28000E-03,-489.33812E-03,-47.80472E-03,+47.80472E-03
+26.30500E-03,-509.61660E-03,+10.05023E-03,-10.05023E-03
+26.33000E-03,-481.96670E-03,-70.35178E-03,+56.16715E-03
+26.35500E-03,-515.07539E-03,+10.05023E-03,+40.15419E-03
+26.38000E-03,-496.43043E-03,+4.22803E-03,+64.52958E-03
+26.40500E-03,-505.43538E-03,-73.63374E-03,+28.50979E-03
+26.43000E-03,-514.44033E-03,-145.67332E-03,+70.35178E-03
+26.45500E-03,-486.60500E-03,-36.87222E-03,+36.87222E-03
+26.48000E-03,-515.07539E-03,-59.44912E-03,-10.05023E-03
+26.50500E-03,-481.15366E-03,-45.23465E-03,+100.51954E-03
+26.53000E-03,-519.89166E-03,-51.08669E-03,+51.08669E-03
+26.55500E-03,-499.16356E-03,+10.05023E-03,+6.70447E-03
+26.58000E-03,-508.16851E-03,-42.72426E-03,+42.72426E-03
+26.60500E-03,-481.16858E-03,+1.65796E-03,-10.05023E-03
+26.63000E-03,-524.07288E-03,+10.05023E-03,-10.05023E-03
+26.65500E-03,-515.06793E-03,-70.32194E-03,-10.02039E-03
+26.68000E-03,-515.07539E-03,-70.35178E-03,-54.40261E-03
+26.70500E-03,-515.07539E-03,-70.35178E-03,+62.01919E-03
+26.73000E-03,-515.07539E-03,-42.66458E-03,+17.63697E-03
+26.75500E-03,-499.14864E-03,-53.65676E-03,+53.65676E-03
+26.78000E-03,-479.70557E-03,-51.02701E-03,-48.69976E-03
+26.80500E-03,-494.97489E-03,-45.29433E-03,-65.39479E-03
+26.83000E-03,-512.33480E-03,-59.38944E-03,-10.05023E-03
+26.85500E-03,-523.43036E-03,+10.05023E-03,-10.05023E-03
+26.88000E-03,-494.97489E-03,-67.75187E-03,+65.15197E-03
+26.90500E-03,-494.18423E-03,+10.05023E-03,-48.66993E-03
+26.93000E-03,-513.63476E-03,+4.28771E-03,+64.58926E-03
+26.95500E-03,-515.07539E-03,+10.05023E-03,-10.05023E-03
+26.98000E-03,-498.50612E-03,-70.35178E-03,+70.35178E-03
+27.00500E-03,-498.65426E-03,+10.05023E-03,+48.45694E-03
+27.03000E-03,-494.97489E-03,-70.35178E-03,-10.05023E-03
+27.05500E-03,-528.40969E-03,+10.05023E-03,+70.35178E-03
+27.08000E-03,-494.97489E-03,+59.60243E-03,-10.05023E-03
+27.10500E-03,-494.97489E-03,-289.73E-06,-4.88025E-03
+27.13000E-03,-494.97489E-03,-31.13954E-03,-8.07270E-03
+27.15500E-03,-515.07539E-03,-67.15933E-03,-13.24268E-03
+27.18000E-03,-498.66172E-03,-37.52444E-03,-57.62490E-03
+27.20500E-03,-515.07539E-03,+10.05023E-03,+58.79690E-03
+27.23000E-03,-487.10684E-03,-70.35178E-03,-10.05023E-03
+27.25500E-03,-515.07539E-03,-50.43447E-03,-10.05023E-03
+27.28000E-03,-515.07539E-03,+10.05023E-03,-10.05023E-03
+27.30500E-03,-508.00545E-03,-70.35178E-03,-10.05023E-03
+27.33000E-03,-529.37085E-03,+2.31018E-03,-10.05023E-03
+27.35500E-03,-504.13543E-03,+10.05023E-03,-53.81007E-03
+27.38000E-03,-515.07539E-03,+10.05023E-03,-10.05023E-03
+27.40500E-03,-515.07539E-03,-105.74919E-03,-45.44764E-03
+27.43000E-03,-492.72868E-03,-52.38216E-03,-10.05023E-03
+27.45500E-03,-521.65840E-03,-70.35178E-03,+16.98475E-03
+27.48000E-03,-510.73858E-03,+73.10500E-03,-10.05023E-03
+27.50500E-03,-510.40725E-03,-8.62232E-03,-10.05023E-03
+27.53000E-03,-515.07539E-03,-70.35178E-03,-90.45224E-03
+27.55500E-03,-517.65292E-03,-49.73154E-03,+60.04166E-03
+27.58000E-03,-515.07539E-03,+10.05023E-03,-56.38014E-03
+27.60500E-03,-515.07539E-03,-70.35178E-03,+66.45640E-03
+27.63000E-03,-494.97489E-03,+10.05023E-03,-10.05023E-03
+27.65500E-03,-513.47170E-03,-70.35178E-03,+70.35178E-03
+27.68000E-03,-507.67413E-03,+31.24214E-03,+70.35178E-03
+27.70500E-03,-515.07539E-03,-70.35178E-03,+4.72694E-03
+27.73000E-03,-494.97489E-03,-49.10916E-03,-69.20962E-03
+27.75500E-03,-515.07539E-03,+10.05023E-03,-33.18983E-03
+27.78000E-03,-515.07539E-03,-2.82996E-03,-22.93042E-03
+27.80500E-03,-502.85039E-03,-70.35178E-03,+38.84975E-03
+27.83000E-03,-494.97489E-03,+10.05023E-03,-10.05023E-03
+27.85500E-03,-504.94100E-03,+10.05023E-03,-50.58778E-03
+27.88000E-03,-494.01372E-03,+10.05023E-03,-6.20556E-03
+27.90500E-03,-498.98783E-03,-22.12489E-03,-10.05023E-03
+27.93000E-03,-477.92616E-03,-45.93758E-03,+2.15687E-03
+27.95500E-03,-503.16904E-03,+33.86292E-03,-10.05023E-03
+27.98000E-03,-500.11727E-03,+10.05023E-03,+29.21272E-03
+28.00500E-03,-515.07539E-03,-39.45126E-03,+119.85327E-03
+28.03000E-03,-494.97489E-03,-41.41982E-03,-10.05023E-03
+28.05500E-03,-498.51880E-03,+10.05023E-03,-10.05023E-03
+28.08000E-03,-525.85229E-03,-33.05739E-03,+70.35178E-03
+28.10500E-03,-495.29353E-03,+10.05023E-03,+70.35178E-03
+28.13000E-03,-494.97489E-03,+10.05023E-03,-10.05023E-03
+28.15500E-03,-492.56563E-03,-79.98881E-03,-10.05023E-03
+28.18000E-03,-494.97489E-03,-70.35178E-03,+43.96902E-03
+28.20500E-03,-490.47502E-03,-7.94923E-03,-10.05023E-03
+28.23000E-03,-483.88455E-03,-34.31112E-03,+52.33145E-03
+28.25500E-03,-494.97489E-03,-70.35178E-03,+70.35178E-03
+28.28000E-03,-512.66091E-03,+392.33E-06,+9.26557E-03
+28.30500E-03,-494.97489E-03,-59.39841E-03,+70.35178E-03
+28.33000E-03,-494.97489E-03,-149.45832E-03,-10.05023E-03
+28.35500E-03,-533.73302E-03,+10.05023E-03,-47.36549E-03
+28.38000E-03,-515.07539E-03,+2.98327E-03,+63.28482E-03
+28.40500E-03,-494.97489E-03,-18.90260E-03,-39.00306E-03
+28.43000E-03,-511.21804E-03,-70.35178E-03,+54.92239E-03
+28.45500E-03,-515.07539E-03,-10.54017E-03,-30.64063E-03
+28.48000E-03,-474.87438E-03,+10.05023E-03,+13.74159E-03
+28.50500E-03,-512.01839E-03,-2.17774E-03,-10.05023E-03
+28.53000E-03,-507.03683E-03,-38.19753E-03,+38.19753E-03
+28.55500E-03,-514.10900E-03,+2.31915E-03,-13.91577E-03
+28.58000E-03,-485.00355E-03,+10.05023E-03,+70.35178E-03
+28.60500E-03,-497.22333E-03,-65.85489E-03,-10.05023E-03
+28.63000E-03,-502.85561E-03,-70.35178E-03,+38.82888E-03
+28.65500E-03,-531.96106E-03,+10.05023E-03,-77.59292E-03
+28.68000E-03,-509.28527E-03,+44.13129E-03,-33.21070E-03
+28.70500E-03,-509.76995E-03,-70.35178E-03,-48.00874E-03
+28.73000E-03,-511.37588E-03,-40.75569E-03,+4.74781E-03
+28.75500E-03,-489.66647E-03,-19.53395E-03,+19.53395E-03
+28.78000E-03,-511.85758E-03,-70.35178E-03,-10.05023E-03
+28.80500E-03,-484.36103E-03,-27.89638E-03,-52.50563E-03
+28.83000E-03,-534.69419E-03,+10.05023E-03,+148.82697E-03
+28.85500E-03,-474.87438E-03,+10.05023E-03,+24.04274E-03
+28.88000E-03,-515.07539E-03,-239.02E-06,-10.05023E-03
+28.90500E-03,-528.74325E-03,-44.62124E-03,+15.68031E-03
+28.93000E-03,-499.63780E-03,-70.35178E-03,+8.60145E-03
+28.95500E-03,-508.00097E-03,+10.05023E-03,-10.05023E-03
+28.98000E-03,-521.66884E-03,-16.96388E-03,+16.32357E-03
+29.00500E-03,-479.37722E-03,+1.04455E-03,+61.34610E-03
+29.03000E-03,-512.66315E-03,-115.37725E-03,-401.29E-06
+29.05500E-03,-495.13570E-03,-69.70853E-03,-9.40698E-03
+29.08000E-03,-505.90963E-03,+10.05023E-03,+26.61281E-03
+29.10500E-03,-533.24610E-03,-62.63260E-03,-10.05023E-03
+29.13000E-03,-515.07539E-03,-18.25038E-03,-33.85101E-03
+29.15500E-03,-498.99529E-03,+10.05023E-03,-26.13184E-03
+29.18000E-03,-510.09084E-03,+10.05023E-03,+50.41360E-03
+29.20500E-03,-515.07539E-03,-70.35178E-03,+70.35178E-03
+29.23000E-03,-494.97489E-03,-70.35178E-03,+58.77603E-03
+29.25500E-03,-523.27700E-03,+57.64577E-03,-10.05023E-03
+29.28000E-03,-495.77822E-03,+10.05023E-03,-90.45224E-03
+29.30500E-03,-515.07539E-03,+10.05023E-03,+29.18288E-03
+29.33000E-03,-532.60134E-03,-70.35178E-03,-10.05023E-03
+29.35500E-03,-494.97489E-03,+10.05023E-03,-40.92091E-03
+29.38000E-03,-515.07539E-03,-3.46131E-03,+70.35178E-03
+29.40500E-03,-494.97489E-03,-70.35178E-03,+47.84352E-03
+29.43000E-03,-500.44338E-03,+10.05023E-03,+48.47781E-03
+29.45500E-03,-511.53893E-03,-56.20595E-03,+56.20595E-03
+29.48000E-03,-527.61679E-03,+10.05023E-03,-10.05023E-03
+29.50500E-03,-515.07539E-03,-64.56838E-03,+133.40360E-03
+29.53000E-03,-494.97489E-03,+10.05023E-03,-10.05023E-03
+29.55500E-03,-513.78587E-03,+7.47119E-03,-85.29417E-03
+29.58000E-03,-526.81570E-03,-36.91102E-03,-43.49098E-03
+29.60500E-03,-494.97489E-03,-891.23E-06,+70.35178E-03
+29.63000E-03,-508.80581E-03,+10.05023E-03,+20.19513E-03
+29.65500E-03,-515.07539E-03,-51.04789E-03,+51.04789E-03
+29.68000E-03,-499.15386E-03,+26.76613E-03,-10.05023E-03
+29.70500E-03,-515.07539E-03,+10.05023E-03,+42.68546E-03
+29.73000E-03,-479.05112E-03,-142.40032E-03,-10.05023E-03
+29.75500E-03,-503.98207E-03,-78.69628E-03,-46.07898E-03
+29.78000E-03,-494.97264E-03,+10.04127E-03,-10.04127E-03
+29.80500E-03,-512.98030E-03,-25.96060E-03,-46.06106E-03
+29.83000E-03,-492.88204E-03,-6.69256E-03,+61.98039E-03
+29.85500E-03,,,
