x-axis,1,2,3,4
second,Volt,Volt,Volt,Volt
-14.70000E-03,,,,
-14.67500E-03,-13.02014E-03,-125.56E-06,-29.02012E-03,-103.31145E-03
-14.65000E-03,+9.17097E-03,-125.56E-06,+51.38189E-03,-58.92923E-03
-14.62500E-03,-101.78458E-03,-125.56E-06,+51.38189E-03,+4.74791E-03
-14.60000E-03,-60.29854E-03,-80.52757E-03,+45.91564E-03,-125.50256E-03
-14.57500E-03,-29.74500E-03,-125.56E-06,+12.46592E-03,-45.10055E-03
-14.55000E-03,-68.33486E-03,-77.63139E-03,-26.12394E-03,+32.40527E-03
-14.52500E-03,-38.10743E-03,-125.56E-06,-62.14373E-03,-45.10055E-03
-14.50000E-03,-71.23104E-03,-11.38417E-03,-98.16352E-03,-45.10055E-03
-14.47500E-03,+9.17097E-03,-125.56E-06,-29.02012E-03,-45.10055E-03
-14.45000E-03,+9.17097E-03,-19.74660E-03,-9.39908E-03,-45.10055E-03
-14.42500E-03,+73.17423E-03,-125.56E-06,+34.98314E-03,-45.10055E-03
-14.40000E-03,+9.17097E-03,+52.29298E-03,-29.02012E-03,-45.10055E-03
-14.37500E-03,-63.19472E-03,+7.91076E-03,-20.98379E-03,-45.10055E-03
-14.35000E-03,+9.17097E-03,-125.56E-06,-29.02012E-03,-45.10055E-03
-14.32500E-03,-71.23104E-03,-125.56E-06,-29.02012E-03,-45.42666E-03
-14.30000E-03,-35.53736E-03,-125.56E-06,+15.68821E-03,-9.40687E-03
-14.27500E-03,-62.54250E-03,-71.83904E-03,+51.38189E-03,+26.61292E-03
-14.25000E-03,+62.24173E-03,-125.56E-06,-29.02012E-03,-45.10055E-03
-14.22500E-03,-54.18007E-03,-125.56E-06,-29.02012E-03,-45.10055E-03
-14.20000E-03,-52.26222E-03,+18.84326E-03,+32.41307E-03,-45.10055E-03
-14.17500E-03,+64.15958E-03,-55.11418E-03,-29.02012E-03,-70.51395E-03
-14.15000E-03,-50.01825E-03,+10.48083E-03,-29.02012E-03,-34.49416E-03
-14.12500E-03,+9.17097E-03,+33.65026E-03,-29.02012E-03,+35.30145E-03
-14.10000E-03,+9.17097E-03,-2.36953E-03,-104.93420E-03,-45.10055E-03
-14.07500E-03,-29.09278E-03,+42.01269E-03,+51.38189E-03,-45.10055E-03
-14.05000E-03,+15.28944E-03,-125.56E-06,-103.30366E-03,+35.30145E-03
-14.02500E-03,-91.83040E-03,-125.56E-06,+881.21E-06,-45.10055E-03
-14.00000E-03,-71.23104E-03,-66.04668E-03,+102.82211E-03,-45.10055E-03
-13.97500E-03,+9.17097E-03,-125.56E-06,-29.02012E-03,-45.10055E-03
-13.95000E-03,+9.17097E-03,+22.71776E-03,-63.73547E-03,-45.10055E-03
-13.92500E-03,-71.23104E-03,-67.35111E-03,-83.06920E-03,-31.92409E-03
-13.90000E-03,-71.23104E-03,-125.56E-06,+20.17614E-03,-94.29681E-03
-13.87500E-03,-66.41701E-03,-75.71354E-03,-104.60809E-03,-40.28652E-03
-13.85000E-03,-30.39722E-03,-125.56E-06,+11.81371E-03,-4.26673E-03
-13.82500E-03,+9.17097E-03,-125.56E-06,+47.83350E-03,-41.55216E-03
-13.80000E-03,-38.75965E-03,-32.59696E-03,+3.45128E-03,+35.30145E-03
-13.77500E-03,-2.73986E-03,+68.36562E-03,-29.02012E-03,-33.18973E-03
-13.75000E-03,-103.41512E-03,-56.41861E-03,-85.31316E-03,-69.20952E-03
-13.72500E-03,-11.10229E-03,-20.39882E-03,+51.38189E-03,-105.22931E-03
-13.70000E-03,-6.57556E-03,+48.78338E-03,-44.76665E-03,-45.10055E-03
-13.67500E-03,-42.59535E-03,-51.89189E-03,-80.78644E-03,-45.10055E-03
-13.65000E-03,-71.23104E-03,-125.56E-06,+51.38189E-03,-45.10055E-03
-13.62500E-03,-77.63681E-03,-125.56E-06,-29.02012E-03,-45.10055E-03
-13.60000E-03,+9.17097E-03,-79.54925E-03,+51.38189E-03,-45.10055E-03
-13.57500E-03,-71.23104E-03,-80.52757E-03,+16.34043E-03,-10.05909E-03
-13.55000E-03,-169.78E-06,-125.56E-06,-29.02012E-03,-35.75980E-03
-13.52500E-03,-124.95401E-03,-53.84854E-03,-2.34108E-03,-71.77959E-03
-13.50000E-03,-116.22667E-03,-125.56E-06,+33.67871E-03,-45.10055E-03
-13.47500E-03,+9.17097E-03,-62.21097E-03,+33.06529E-03,+16.98485E-03
-13.45000E-03,-16.89464E-03,-125.56E-06,+51.38189E-03,-125.50256E-03
-13.42500E-03,-71.23104E-03,-125.56E-06,-19.06594E-03,+25.34728E-03
-13.40000E-03,+43.59902E-03,-34.55361E-03,-63.44816E-03,-45.10055E-03
-13.37500E-03,-69.63929E-03,-125.56E-06,+49.79015E-03,-43.50881E-03
-13.35000E-03,-71.23104E-03,-42.91604E-03,+51.38189E-03,-45.10055E-03
-13.32500E-03,-64.46035E-03,-73.75689E-03,+44.61121E-03,-51.87124E-03
-13.30000E-03,-41.98193E-03,-51.27847E-03,-29.02012E-03,-15.85145E-03
-13.27500E-03,-56.09792E-03,-15.25868E-03,+36.24878E-03,-45.10055E-03
-13.25000E-03,-11.71570E-03,-80.52757E-03,+51.38189E-03,-45.10055E-03
-13.22500E-03,+9.17097E-03,+56.78090E-03,+27.88635E-03,-45.10055E-03
-13.20000E-03,+77.04874E-03,+55.22796E-03,-41.54436E-03,-32.57631E-03
-13.17500E-03,-87.91710E-03,-48.66960E-03,-29.02012E-03,-61.78661E-03
-13.15000E-03,-71.23104E-03,-76.36576E-03,+51.38189E-03,-121.34075E-03
-13.12500E-03,-31.04943E-03,-125.56E-06,-69.24052E-03,-4.88015E-03
-13.10000E-03,-151.63305E-03,-4.32618E-03,-33.22073E-03,+31.10084E-03
-13.07500E-03,-39.41186E-03,-31.94474E-03,+19.56272E-03,-45.10055E-03
-13.05000E-03,-3.39207E-03,-67.96453E-03,+38.81885E-03,-45.10055E-03
-13.02500E-03,+9.17097E-03,+56.81970E-03,-29.02012E-03,-45.10055E-03
-13.00000E-03,-11.75450E-03,-125.56E-06,-8.09464E-03,+14.37598E-03
-12.97500E-03,+9.17097E-03,-65.43326E-03,+36.28758E-03,+35.30145E-03
-12.95000E-03,-20.11693E-03,-80.52757E-03,+51.38189E-03,-45.10055E-03
-12.92500E-03,+9.17097E-03,-125.56E-06,+44.65001E-03,-45.10055E-03
-12.90000E-03,+9.17097E-03,+42.62611E-03,-29.02012E-03,-45.10055E-03
-12.87500E-03,-72.86158E-03,-125.56E-06,+126.89227E-03,-122.24147E-03
-12.85000E-03,-25.21827E-03,-125.56E-06,+5.36913E-03,-10.71131E-03
-12.82500E-03,-71.23104E-03,-70.53460E-03,+51.38189E-03,-45.10055E-03
-12.80000E-03,+9.17097E-03,-80.52757E-03,+25.35508E-03,-73.44893E-03
-12.77500E-03,+9.17097E-03,-18.48097E-03,-10.66471E-03,-45.10055E-03
-12.75000E-03,+26.83536E-03,-125.56E-06,-29.02012E-03,-62.76494E-03
-12.72500E-03,+9.17097E-03,-53.80974E-03,-29.02012E-03,-18.13421E-03
-12.70000E-03,-130.98E-06,-125.56E-06,-29.02012E-03,-45.10055E-03
-12.67500E-03,-36.15077E-03,-125.56E-06,+51.38189E-03,+221.19E-06
-12.65000E-03,+87.69393E-03,-125.56E-06,-28.08059E-03,-45.10055E-03
-12.62500E-03,-34.27172E-03,-43.56826E-03,+14.42258E-03,-88.54325E-03
-12.60000E-03,-63.80813E-03,-7.54847E-03,-29.02012E-03,-45.10055E-03
-12.57500E-03,-42.63415E-03,-80.52757E-03,+22.78501E-03,-96.90568E-03
-12.55000E-03,-22.39970E-03,-64.74224E-03,-13.23478E-03,+19.51612E-03
-12.52500E-03,-31.29794E-03,-125.56E-06,-8.78566E-03,-45.10055E-03
-12.50000E-03,-71.23104E-03,-125.56E-06,-29.02012E-03,-45.10055E-03
-12.47500E-03,+9.17097E-03,-125.56E-06,-97.55010E-03,+23.42943E-03
-12.45000E-03,-38.72084E-03,-125.56E-06,-76.91193E-03,-45.10055E-03
-12.42500E-03,-67.72144E-03,+3.38403E-03,+47.87230E-03,-45.10055E-03
-12.40000E-03,-30.35841E-03,-125.56E-06,+10.50927E-03,-45.10055E-03
-12.37500E-03,+4.31814E-03,-80.52757E-03,+41.67623E-03,-45.10055E-03
-12.35000E-03,-40.06408E-03,-31.29252E-03,-29.02012E-03,-45.10055E-03
-12.32500E-03,+9.17097E-03,-54.09705E-03,-15.80485E-03,-45.10055E-03
-12.30000E-03,+9.17097E-03,-57.72305E-03,+28.57737E-03,-67.90508E-03
-12.27500E-03,-49.65334E-03,-125.56E-06,-7.44242E-03,+13.72376E-03
-12.25000E-03,-71.23104E-03,+14.31653E-03,+36.93980E-03,-59.54265E-03
-12.22500E-03,-121.69292E-03,-50.58745E-03,+21.44177E-03,-45.10055E-03
-12.20000E-03,+3.09130E-03,-125.56E-06,-22.94045E-03,+29.22179E-03
-12.17500E-03,-71.23104E-03,-125.56E-06,-32.81702E-03,-45.10055E-03
-12.15000E-03,-71.23104E-03,-78.24481E-03,-24.45459E-03,+30.73593E-03
-12.12500E-03,-24.56606E-03,-125.56E-06,+51.38189E-03,-58.02851E-03
-12.10000E-03,-1.47422E-03,-125.56E-06,-29.02012E-03,-45.10055E-03
-12.07500E-03,+9.17097E-03,-125.56E-06,-54.39471E-03,-45.10055E-03
-12.05000E-03,+70.56536E-03,-19.13319E-03,-10.01249E-03,-45.10055E-03
-12.02500E-03,-54.21887E-03,-125.56E-06,+34.36973E-03,-45.10055E-03
-12.00000E-03,-18.19908E-03,-27.49562E-03,+24.01184E-03,-72.47061E-03
-11.97500E-03,+9.17097E-03,+8.52417E-03,-29.02012E-03,-45.10055E-03
-11.95000E-03,-151.63305E-03,-80.52757E-03,+15.64941E-03,-45.10055E-03
-11.92500E-03,+9.17097E-03,-125.56E-06,+51.09459E-03,+35.01415E-03
-11.90000E-03,+9.17097E-03,-80.52757E-03,+15.07480E-03,+35.30145E-03
-11.87500E-03,-63.15592E-03,-125.56E-06,+43.30677E-03,-125.50256E-03
-11.85000E-03,-71.23104E-03,-52.58291E-03,-29.02012E-03,-97.55790E-03
-11.82500E-03,+9.17097E-03,-16.56312E-03,-29.02012E-03,+18.86390E-03
-11.80000E-03,-51.64880E-03,-19.70780E-03,+31.79966E-03,-145.08480E-03
-11.77500E-03,+33.97095E-03,-125.56E-06,+26.58191E-03,-69.90054E-03
-11.75000E-03,-60.01123E-03,-125.56E-06,-40.23992E-03,+35.30145E-03
-11.72500E-03,-38.06863E-03,-47.36516E-03,+18.21948E-03,-78.26297E-03
-11.70000E-03,-68.37366E-03,-125.56E-06,+126.06914E-03,-45.10055E-03
-11.67500E-03,-71.23104E-03,-41.65041E-03,-29.02012E-03,+35.30145E-03
-11.65000E-03,-65.72599E-03,-75.02252E-03,-98.41202E-03,-45.10055E-03
-11.62500E-03,-21.34377E-03,-80.52757E-03,+20.86715E-03,-45.10055E-03
-11.60000E-03,-4.69651E-03,-125.56E-06,-15.15264E-03,-58.96804E-03
-11.57500E-03,-12.98134E-03,+22.02674E-03,-6.86781E-03,-22.94825E-03
-11.55000E-03,-13.05894E-03,-125.56E-06,-6.79021E-03,+13.07154E-03
-11.52500E-03,+9.17097E-03,-125.56E-06,-29.02012E-03,-45.10055E-03
-11.50000E-03,+9.17097E-03,-125.56E-06,+70.59922E-03,-45.10055E-03
-11.47500E-03,-65.80359E-03,-75.10012E-03,+51.38189E-03,-45.10055E-03
-11.45000E-03,-71.23104E-03,-41.57280E-03,-65.48242E-03,-45.10055E-03
-11.42500E-03,-71.23104E-03,-77.59259E-03,+48.44691E-03,+32.36647E-03
-11.40000E-03,+9.17097E-03,-125.56E-06,+18.29708E-03,-92.41775E-03
-11.37500E-03,+9.17097E-03,-11.42297E-03,-29.02012E-03,-45.10055E-03
-11.35000E-03,+9.17097E-03,-125.56E-06,+26.65951E-03,+10.57907E-03
-11.32500E-03,-71.23104E-03,-19.78540E-03,-9.36028E-03,-64.76039E-03
-11.30000E-03,-71.23104E-03,-125.56E-06,+35.02194E-03,-45.10055E-03
-11.27500E-03,-43.20877E-03,-125.56E-06,-997.85E-06,-73.12282E-03
-11.25000E-03,-71.23104E-03,-8.12308E-03,+35.38685E-03,-45.10055E-03
-11.22500E-03,-27.21373E-03,+36.25913E-03,-29.02012E-03,+35.30145E-03
-11.20000E-03,+8.80606E-03,-125.56E-06,-29.02012E-03,-45.46546E-03
-11.17500E-03,-62.13879E-03,+35.52932E-03,+15.72701E-03,-353.43E-06
-11.15000E-03,+9.17097E-03,-71.80023E-03,-29.02012E-03,-45.10055E-03
-11.12500E-03,+9.17097E-03,-125.56E-06,-1.72767E-03,-45.10055E-03
-11.10000E-03,-71.23104E-03,+63.18668E-03,+17.20236E-03,-28.01079E-03
-11.07500E-03,-9.75905E-03,-19.05559E-03,+32.45187E-03,-45.10055E-03
-11.05000E-03,-16.28123E-03,-25.57776E-03,+25.92969E-03,-74.59817E-03
-11.02500E-03,-60.66345E-03,-125.56E-06,-29.02012E-03,-34.53296E-03
-11.00000E-03,+9.17097E-03,-80.52757E-03,-29.02012E-03,-45.10055E-03
-10.97500E-03,-71.23104E-03,-2.33073E-03,+51.38189E-03,+30.89113E-03
-10.95000E-03,-29.05398E-03,-125.56E-06,-29.02012E-03,-45.10055E-03
-10.92500E-03,-71.23104E-03,-125.56E-06,-103.26486E-03,+22.98692E-03
-10.90000E-03,+9.17097E-03,-125.56E-06,+21.51937E-03,-65.77752E-03
-10.87500E-03,+23.69067E-03,-125.56E-06,-29.02012E-03,-45.10055E-03
-10.85000E-03,+9.17097E-03,-21.62566E-03,+51.38189E-03,-2.10037E-03
-10.82500E-03,-48.34891E-03,-23.00769E-03,+28.49977E-03,-45.10055E-03
-10.80000E-03,+9.17097E-03,+54.00112E-03,+51.38189E-03,-45.10055E-03
-10.77500E-03,-71.23104E-03,-125.56E-06,-29.02012E-03,+35.30145E-03
-10.75000E-03,-76.00627E-03,-75.75234E-03,+46.60666E-03,-45.10055E-03
-10.72500E-03,-70.04300E-03,-125.56E-06,-68.62710E-03,-4.30553E-03
-10.70000E-03,-71.23104E-03,-76.94038E-03,-21.84572E-03,-121.91537E-03
-10.67500E-03,-23.26162E-03,-125.56E-06,-29.02012E-03,-45.10055E-03
-10.65000E-03,-71.23104E-03,-12.07519E-03,-17.07049E-03,-101.60331E-03
-10.62500E-03,+9.17097E-03,-125.56E-06,+19.12021E-03,-21.03039E-03
-10.60000E-03,+9.17097E-03,-125.56E-06,+51.38189E-03,-45.10055E-03
-10.57500E-03,-55.52331E-03,-64.81984E-03,-29.02012E-03,+35.30145E-03
-10.55000E-03,-42.55655E-03,-125.56E-06,-29.02012E-03,-45.10055E-03
-10.52500E-03,+9.17097E-03,-7.47087E-03,-21.67481E-03,-37.75525E-03
-10.50000E-03,+2.84280E-03,-125.56E-06,+51.38189E-03,-45.10055E-03
-10.47500E-03,-70.21391E-03,-78.49332E-03,+49.34764E-03,-45.10055E-03
-10.45000E-03,+9.17097E-03,-45.52491E-03,-29.02012E-03,-55.49724E-03
-10.42500E-03,-61.85148E-03,-71.14802E-03,-29.02012E-03,-35.72100E-03
-10.40000E-03,+9.17097E-03,+53.63621E-03,+24.74166E-03,-18.46032E-03
-10.37500E-03,-8.57102E-03,-125.56E-06,+96.29993E-03,-62.84254E-03
-10.35000E-03,-27.38463E-03,-18.40337E-03,-29.02012E-03,-45.10055E-03
-10.32500E-03,+9.17097E-03,-26.22998E-03,-29.02012E-03,-45.10055E-03
-10.30000E-03,-744.40E-06,+60.44570E-03,+31.55115E-03,-45.10055E-03
-10.27500E-03,-71.23104E-03,-34.59241E-03,+85.84874E-03,-10.63371E-03
-10.25000E-03,+9.17097E-03,+1.42738E-03,-27.46717E-03,+33.74851E-03
-10.22500E-03,-28.40176E-03,-125.56E-06,+13.80916E-03,-7.52782E-03
-10.20000E-03,+2.36149E-03,-125.56E-06,+51.38189E-03,-125.50256E-03
-10.17500E-03,+9.17097E-03,-125.56E-06,+190.19E-06,-74.31086E-03
-10.15000E-03,-71.23104E-03,-65.35566E-03,-44.19203E-03,+35.30145E-03
-10.12500E-03,+30.01885E-03,-20.97344E-03,+30.53402E-03,+14.45358E-03
-10.10000E-03,-128.09870E-03,-23.65991E-03,+27.84755E-03,-45.10055E-03
-10.07500E-03,-3.31447E-03,-125.56E-06,+38.89645E-03,-45.10055E-03
-10.05000E-03,+9.17097E-03,-125.56E-06,+51.38189E-03,-13.20378E-03
-10.02500E-03,+9.17097E-03,-125.56E-06,-29.02012E-03,-121.37955E-03
-10.00000E-03,-30.97183E-03,-125.56E-06,+51.38189E-03,-45.10055E-03
-9.97500E-03,+9.17097E-03,-76.28816E-03,+47.14248E-03,-45.10055E-03
-9.95000E-03,-54.38978E-03,-31.90594E-03,+51.38189E-03,-13.32018E-03
-9.92500E-03,-58.62919E-03,+122.87292E-03,+38.78005E-03,+22.69961E-03
-9.90000E-03,+9.17097E-03,+23.29238E-03,+27.96395E-03,-45.10055E-03
-9.87500E-03,-50.26676E-03,-59.56330E-03,-29.02012E-03,+14.33718E-03
-9.85000E-03,-56.17552E-03,-65.47206E-03,+36.32638E-03,-45.10055E-03
-9.82500E-03,-71.23104E-03,-80.52757E-03,+51.38189E-03,-45.10055E-03
-9.80000E-03,-64.53795E-03,-125.56E-06,+44.68881E-03,-51.79364E-03
-9.77500E-03,-28.51816E-03,+42.58731E-03,+13.69276E-03,-82.78969E-03
-9.75000E-03,+9.17097E-03,-125.56E-06,-27.35077E-03,-125.50256E-03
-9.72500E-03,+9.17097E-03,-46.17713E-03,+51.38189E-03,+951.01E-06
-9.70000E-03,-61.19926E-03,-70.49580E-03,+41.35012E-03,-45.10055E-03
-9.67500E-03,-45.24302E-03,+54.28843E-03,-29.02012E-03,-45.10055E-03
-9.65000E-03,-9.22323E-03,-125.56E-06,-10.62591E-03,-26.70635E-03
-9.62500E-03,-71.23104E-03,+45.02527E-03,+114.15832E-03,-45.10055E-03
-9.60000E-03,+9.17097E-03,-125.56E-06,+24.49315E-03,-45.10055E-03
-9.57500E-03,-92.18E-06,-125.56E-06,-19.75696E-03,-45.10055E-03
-9.55000E-03,-81.39492E-03,-80.52757E-03,+51.38189E-03,-45.10055E-03
-9.52500E-03,-71.23104E-03,-1.02629E-03,-28.11939E-03,-45.10055E-03
-9.50000E-03,+9.17097E-03,-125.56E-06,-29.02012E-03,-45.10055E-03
-9.47500E-03,+1.70927E-03,-7.58727E-03,-14.09671E-03,-45.10055E-03
-9.45000E-03,+9.17097E-03,-125.56E-06,+74.66773E-03,+6.74337E-03
-9.42500E-03,-22.47730E-03,-125.56E-06,+19.73363E-03,-109.67843E-03
-9.40000E-03,-71.23104E-03,-80.52757E-03,+31.18624E-03,-165.51326E-03
-9.37500E-03,-15.01559E-03,+24.06100E-03,-29.02012E-03,-101.31600E-03
-9.35000E-03,+9.17097E-03,-80.52757E-03,+51.38189E-03,-45.10055E-03
-9.32500E-03,+9.17097E-03,-125.56E-06,-29.02012E-03,-12.55156E-03
-9.30000E-03,+12.64177E-03,-80.52757E-03,+47.91110E-03,-45.10055E-03
-9.27500E-03,+9.17097E-03,-80.52757E-03,+51.38189E-03,-45.10055E-03
-9.25000E-03,-71.23104E-03,-5.01720E-03,-99.63886E-03,-120.61093E-03
-9.22500E-03,+9.17097E-03,-49.39942E-03,-29.02012E-03,+4.17330E-03
-9.20000E-03,+9.17097E-03,-125.56E-06,-15.76605E-03,-31.84649E-03
-9.17500E-03,-71.23104E-03,-125.56E-06,+51.38189E-03,-102.73684E-03
-9.15000E-03,-49.61454E-03,-125.56E-06,-50.63661E-03,-45.10055E-03
-9.12500E-03,-5.23232E-03,-66.12428E-03,+117.38061E-03,-45.10055E-03
-9.10000E-03,+9.17097E-03,-30.10449E-03,+21.40297E-03,-95.52364E-03
-9.07500E-03,+3.13011E-03,+74.23558E-03,-22.97925E-03,-45.10055E-03
-9.05000E-03,-29.17038E-03,-125.56E-06,+13.04054E-03,-45.10055E-03
-9.02500E-03,-149.31148E-03,-125.56E-06,+49.06033E-03,-120.85944E-03
-9.00000E-03,+9.17097E-03,-125.56E-06,+17.68367E-03,+22.29590E-03
-8.97500E-03,-60.54704E-03,-80.52757E-03,+51.38189E-03,-114.81857E-03
-8.95000E-03,-16.16483E-03,-125.56E-06,-3.68432E-03,-19.76476E-03
-8.92500E-03,-9.87545E-03,-19.17199E-03,+13.28905E-03,-106.45614E-03
-8.90000E-03,+9.17097E-03,-17.09893E-03,-29.02012E-03,-45.10055E-03
-8.87500E-03,-45.64673E-03,-80.52757E-03,-1.61126E-03,+35.30145E-03
-8.85000E-03,+560.03E-06,+71.66551E-03,+51.38189E-03,-116.89163E-03
-8.82500E-03,-35.45976E-03,-44.75629E-03,+51.38189E-03,-36.24111E-03
-8.80000E-03,+8.92246E-03,-374.07E-06,-28.77161E-03,-125.00555E-03
-8.77500E-03,+9.17097E-03,-44.25928E-03,+51.38189E-03,-45.10055E-03
-8.75000E-03,-63.11712E-03,-8.23949E-03,-93.19428E-03,-45.10055E-03
-8.72500E-03,-18.73490E-03,-28.03143E-03,+103.87804E-03,-45.10055E-03
-8.70000E-03,-54.75469E-03,-64.05122E-03,-12.54376E-03,-45.10055E-03
-8.67500E-03,+9.17097E-03,-80.52757E-03,-9.47668E-03,-105.95913E-03
-8.65000E-03,-15.66781E-03,-24.96435E-03,-4.18133E-03,-69.93934E-03
-8.62500E-03,-2.01004E-03,-69.34657E-03,-17.83911E-03,-45.10055E-03
-8.60000E-03,-104.43225E-03,-125.56E-06,+18.18068E-03,-45.10055E-03
-8.57500E-03,+9.17097E-03,-125.56E-06,+51.38189E-03,-45.10055E-03
-8.55000E-03,+9.17097E-03,-125.56E-06,-29.02012E-03,-3.53691E-03
-8.52500E-03,+9.17097E-03,+74.73259E-03,-29.02012E-03,+24.21375E-03
-8.50000E-03,-71.23104E-03,-80.52757E-03,+20.90596E-03,-45.10055E-03
-8.47500E-03,-4.73531E-03,-125.56E-06,+51.38189E-03,-111.59628E-03
-8.45000E-03,-71.23104E-03,-58.41407E-03,+15.20690E-03,+13.18795E-03
-8.42500E-03,-129.36434E-03,-58.25886E-03,+6.84447E-03,+35.30145E-03
-8.40000E-03,-57.47996E-03,-66.77650E-03,-29.02012E-03,-111.75149E-03
-8.37500E-03,+9.17097E-03,-80.52757E-03,+51.38189E-03,-94.87142E-03
-8.35000E-03,+3.78232E-03,-5.51421E-03,-23.63147E-03,-45.10055E-03
-8.32500E-03,+9.17097E-03,-39.11914E-03,+9.97345E-03,-6.10698E-03
-8.30000E-03,-151.63305E-03,-80.52757E-03,+125.83634E-03,-45.10055E-03
-8.27500E-03,-23.87504E-03,-47.48157E-03,+51.38189E-03,+2.25545E-03
-8.25000E-03,+9.17097E-03,-57.85515E-03,-29.02012E-03,-56.43677E-03
-8.22500E-03,-46.54746E-03,-125.56E-06,-84.73855E-03,-45.10055E-03
-8.20000E-03,-71.23104E-03,-19.82421E-03,+51.38189E-03,-45.10055E-03
-8.17500E-03,+9.17097E-03,-64.20642E-03,-12.69897E-03,-61.42170E-03
-8.15000E-03,-71.23104E-03,-52.46650E-03,+51.38189E-03,-45.10055E-03
-8.12500E-03,-63.27232E-03,-8.08428E-03,-101.46341E-03,-45.10055E-03
-8.10000E-03,-34.80754E-03,+80.27644E-03,+14.95839E-03,-45.10055E-03
-8.07500E-03,-150.82563E-03,-80.12386E-03,-29.02012E-03,-45.10055E-03
-8.05000E-03,+18.34082E-03,-125.56E-06,+51.38189E-03,-125.50256E-03
-8.02500E-03,+9.17097E-03,+71.51030E-03,+51.38189E-03,-188.37229E-03
-8.00000E-03,+35.06568E-03,+27.12809E-03,+104.53025E-03,-45.10055E-03
-7.97500E-03,+9.17097E-03,-125.56E-06,+34.25332E-03,-45.10055E-03
-7.95000E-03,+9.17097E-03,-19.01678E-03,-10.12890E-03,-26.20933E-03
-7.92500E-03,-71.23104E-03,-25.61656E-03,-32.94913E-03,-45.10055E-03
-7.90000E-03,-11.88661E-03,-125.56E-06,-29.02012E-03,-55.62934E-03
-7.87500E-03,-24.68246E-03,-33.97899E-03,+4.83331E-03,-45.10055E-03
-7.85000E-03,+9.17097E-03,-125.56E-06,-29.02012E-03,-42.93419E-03
-7.82500E-03,-71.23104E-03,-125.56E-06,+13.19574E-03,-125.50256E-03
-7.80000E-03,-145.43698E-03,-125.56E-06,+45.18582E-03,+29.10538E-03
-7.77500E-03,+9.17097E-03,-125.56E-06,-29.02012E-03,+5.47773E-03
-7.75000E-03,-5.38753E-03,+51.15945E-03,-80.30513E-03,-30.54206E-03
-7.72500E-03,+9.17097E-03,-80.52757E-03,+51.38189E-03,+13.84016E-03
-7.70000E-03,-48.31011E-03,-23.04649E-03,+28.46096E-03,+12.38053E-03
-7.67500E-03,-3.92789E-03,-125.56E-06,-29.02012E-03,-45.10055E-03
-7.65000E-03,+9.17097E-03,-125.56E-06,+51.38189E-03,-13.81720E-03
-7.62500E-03,+9.17097E-03,-125.56E-06,+51.38189E-03,-45.10055E-03
-7.60000E-03,+9.17097E-03,-125.56E-06,+51.38189E-03,-45.10055E-03
-7.57500E-03,-67.60504E-03,-76.90158E-03,+128.15790E-03,+31.67546E-03
-7.55000E-03,-103.62483E-03,-125.56E-06,-61.41391E-03,-29.48613E-03
-7.52500E-03,+9.17097E-03,-125.56E-06,-29.02012E-03,+11.32460E-03
-7.50000E-03,-14.86039E-03,-56.49621E-03,+51.38189E-03,-45.10055E-03
-7.47500E-03,+9.17097E-03,-125.56E-06,-29.02012E-03,-65.45141E-03
-7.45000E-03,+9.17097E-03,-125.56E-06,+51.38189E-03,-29.43162E-03
-7.42500E-03,-42.51775E-03,-51.81429E-03,+51.38189E-03,-45.10055E-03
-7.40000E-03,-78.53754E-03,-125.56E-06,-21.71361E-03,-45.10055E-03
-7.37500E-03,-27.90475E-03,-43.45186E-03,+51.38189E-03,-8.02484E-03
-7.35000E-03,-71.23104E-03,-125.56E-06,+50.32597E-03,+35.30145E-03
-7.32500E-03,-71.23104E-03,+45.31258E-03,+16.41803E-03,-45.10055E-03
-7.30000E-03,-247.39E-06,-80.52757E-03,+41.96354E-03,-125.50256E-03
-7.27500E-03,+9.17097E-03,-26.72700E-03,-29.02012E-03,-17.90141E-03
-7.25000E-03,-71.23104E-03,-62.74679E-03,+33.60111E-03,-62.88134E-03
-7.22500E-03,+9.17097E-03,+62.03744E-03,-10.78111E-03,-45.10055E-03
-7.20000E-03,+9.17097E-03,+26.01765E-03,-29.02012E-03,-45.10055E-03
-7.17500E-03,-61.35447E-03,-60.77443E-03,-29.02012E-03,-45.10055E-03
-7.15000E-03,-25.33468E-03,-80.52757E-03,+51.38189E-03,-10.59491E-03
-7.12500E-03,+7.65683E-03,-125.56E-06,-29.02012E-03,-45.10055E-03
-7.10000E-03,+52.03905E-03,-125.56E-06,-29.02012E-03,-45.10055E-03
-7.07500E-03,-64.38275E-03,-73.67929E-03,-29.02012E-03,-45.10055E-03
-7.05000E-03,-71.23104E-03,-125.56E-06,-29.02012E-03,-74.27206E-03
-7.02500E-03,-136.42233E-03,-15.33628E-03,+20.96046E-03,-29.88984E-03
-7.00000E-03,-110.01490E-03,-59.71850E-03,+51.38189E-03,-65.90963E-03
-6.97500E-03,-47.65789E-03,-23.69871E-03,-62.27583E-03,-45.10055E-03
-6.95000E-03,-3.27567E-03,-80.52757E-03,+38.93525E-03,+35.30145E-03
-6.92500E-03,+9.17097E-03,-125.56E-06,+19.44632E-03,+3.36588E-03
-6.90000E-03,+5.08676E-03,-125.56E-06,+47.29768E-03,-45.10055E-03
-6.87500E-03,-31.12703E-03,-125.56E-06,+51.38189E-03,-44.90655E-03
-6.85000E-03,+4.89276E-03,-125.56E-06,-24.74190E-03,-121.22435E-03
-6.82500E-03,+9.17097E-03,-48.78600E-03,-60.76169E-03,+52.22032E-03
-6.80000E-03,-71.23104E-03,-125.56E-06,+38.74125E-03,-32.45991E-03
-6.77500E-03,+9.17097E-03,-80.52757E-03,-5.64097E-03,-45.10055E-03
-6.75000E-03,-11.83210E-03,-59.52450E-03,+30.37882E-03,-24.09748E-03
-6.72500E-03,-56.21432E-03,-15.14228E-03,-79.38870E-03,-60.11727E-03
-6.70000E-03,+9.17097E-03,-125.56E-06,+22.01639E-03,-125.50256E-03
-6.67500E-03,-71.23104E-03,-6.77985E-03,-29.02012E-03,-45.10055E-03
-6.65000E-03,+9.17097E-03,-42.79964E-03,-29.02012E-03,-45.10055E-03
-6.62500E-03,+7.46283E-03,-1.83371E-03,-29.02012E-03,-45.10055E-03
-6.60000E-03,-25.14067E-03,+45.96480E-03,-17.24139E-03,-91.19092E-03
-6.57500E-03,-61.16046E-03,-70.45700E-03,+101.57218E-03,-45.10055E-03
-6.55000E-03,+9.17097E-03,-125.56E-06,+25.43268E-03,-45.10055E-03
-6.52500E-03,-9.26203E-03,-80.52757E-03,+51.38189E-03,-45.10055E-03
-6.50000E-03,+9.17097E-03,-62.94079E-03,+51.38189E-03,-27.51377E-03
-6.47500E-03,-17.62446E-03,-26.92100E-03,-29.02012E-03,-45.10055E-03
-6.45000E-03,+9.17097E-03,-71.30322E-03,+60.60625E-03,-45.10055E-03
-6.42500E-03,-36.07317E-03,-125.56E-06,-29.02012E-03,-9.94269E-03
-6.40000E-03,+9.17097E-03,-125.56E-06,-29.02012E-03,-45.10055E-03
-6.37500E-03,+9.17097E-03,-43.64586E-03,+14.50018E-03,-81.98227E-03
-6.35000E-03,-144.13254E-03,-125.56E-06,+43.88139E-03,-45.10055E-03
-6.32500E-03,-76.38688E-03,-28.64485E-03,-5.65668E-03,-73.61984E-03
-6.30000E-03,-119.90718E-03,-80.52757E-03,+51.38189E-03,+19.43852E-03
-6.27500E-03,-51.07418E-03,-60.37072E-03,+31.22504E-03,-85.18885E-03
-6.25000E-03,-71.23104E-03,-125.56E-06,+27.15653E-03,+35.30145E-03
-6.22500E-03,-2.62345E-03,+11.66886E-03,-29.02012E-03,-33.30613E-03
-6.20000E-03,+9.17097E-03,+15.10086E-03,+51.38189E-03,-125.50256E-03
-6.17500E-03,-71.23104E-03,-3.55756E-03,+51.38189E-03,-48.53255E-03
-6.15000E-03,-31.77925E-03,-125.56E-06,+11.93011E-03,-45.10055E-03
-6.12500E-03,-71.23104E-03,-75.59714E-03,+41.52102E-03,-115.64170E-03
-6.10000E-03,+9.17097E-03,-49.43822E-03,+51.38189E-03,+4.21210E-03
-6.07500E-03,+76.28012E-03,-67.23471E-03,+51.38189E-03,-45.10055E-03
-6.05000E-03,+9.17097E-03,-57.80065E-03,+28.65497E-03,-80.04871E-03
-6.02500E-03,-12.48432E-03,+58.62115E-03,+8.07131E-03,-45.10055E-03
-6.00000E-03,+9.17097E-03,-14.49006E-03,+51.38189E-03,-30.73606E-03
-5.97500E-03,-20.84675E-03,-80.52757E-03,+21.36417E-03,+5.28373E-03
-5.95000E-03,-2.83316E-03,-6.12763E-03,+51.38189E-03,+29.29939E-03
-5.92500E-03,-29.20918E-03,-38.50572E-03,+13.00174E-03,-45.10055E-03
-5.90000E-03,+9.17097E-03,-2.48593E-03,-26.65975E-03,+30.58073E-03
-5.87500E-03,-24.48845E-03,-46.86815E-03,-29.02012E-03,-58.18371E-03
-5.85000E-03,-1.55182E-03,-10.84836E-03,-18.29732E-03,-45.10055E-03
-5.82500E-03,-16.12602E-03,-125.56E-06,-29.02012E-03,-70.39755E-03
-5.80000E-03,+9.17097E-03,-19.21079E-03,+51.38189E-03,-45.10055E-03
-5.77500E-03,+9.17097E-03,+63.34188E-03,-45.95468E-03,-45.10055E-03
-5.75000E-03,-43.78338E-03,-125.56E-06,-29.02012E-03,-45.10055E-03
-5.72500E-03,+9.17097E-03,-80.52757E-03,+42.80976E-03,+18.15718E-03
-5.70000E-03,+9.17097E-03,-125.56E-06,+6.78997E-03,-45.10055E-03
-5.67500E-03,+9.17097E-03,-125.56E-06,+51.38189E-03,-45.10055E-03
-5.65000E-03,-35.00154E-03,-125.56E-06,+15.15240E-03,-45.10055E-03
-5.62500E-03,-63.07831E-03,-80.52757E-03,-93.11668E-03,-45.10055E-03
-5.60000E-03,-95.89891E-03,-27.99263E-03,-29.02012E-03,-72.96762E-03
-5.57500E-03,+56.54268E-03,-80.52757E-03,+51.38189E-03,-108.98741E-03
-5.55000E-03,-71.23104E-03,-61.02294E-03,+31.87726E-03,-105.99793E-03
-5.52500E-03,+9.17097E-03,-125.56E-06,+51.38189E-03,-20.22297E-03
-5.50000E-03,-71.23104E-03,-69.38537E-03,+51.38189E-03,-33.95835E-03
-5.47500E-03,+9.17097E-03,-14.04755E-03,+18.14188E-03,-45.10055E-03
-5.45000E-03,-71.23104E-03,-77.74780E-03,+48.60212E-03,-45.10055E-03
-5.42500E-03,+9.17097E-03,-125.56E-06,+9.77945E-03,-45.10055E-03
-5.40000E-03,+9.17097E-03,-5.70822E-03,+51.38189E-03,-45.10055E-03
-5.37500E-03,-71.23104E-03,-125.56E-06,+1.41702E-03,-45.10055E-03
-5.35000E-03,-71.23104E-03,-66.58249E-03,-29.02012E-03,-45.10055E-03
-5.32500E-03,-71.23104E-03,+36.12703E-03,-51.09482E-03,-103.42786E-03
-5.30000E-03,-13.13654E-03,-58.22006E-03,-6.71260E-03,-45.10055E-03
-5.27500E-03,-84.94332E-03,-13.83784E-03,-29.02012E-03,-58.81283E-03
-5.25000E-03,-9.89115E-03,-49.85763E-03,+20.71195E-03,-45.10055E-03
-5.22500E-03,+14.52082E-03,-5.47541E-03,+121.08421E-03,-45.10055E-03
-5.20000E-03,+9.17097E-03,+38.90681E-03,+51.38189E-03,-45.10055E-03
-5.17500E-03,+6.15839E-03,-125.56E-06,-22.99495E-03,+35.30145E-03
-5.15000E-03,-23.83624E-03,-125.56E-06,+3.98709E-03,+2.29425E-03
-5.12500E-03,+9.17097E-03,-11.50058E-03,-29.02012E-03,-102.75254E-03
-5.10000E-03,-71.23104E-03,-55.88280E-03,-29.02012E-03,-69.74533E-03
-5.07500E-03,-10.56647E-03,-60.79013E-03,+51.38189E-03,-45.10055E-03
-5.05000E-03,-54.94869E-03,-125.56E-06,+35.09954E-03,-28.81821E-03
-5.02500E-03,-43.13117E-03,-125.56E-06,-29.02012E-03,-97.40269E-03
-5.00000E-03,-63.31112E-03,-72.60766E-03,+35.54206E-03,-45.10055E-03
-4.97500E-03,-71.23104E-03,-44.06527E-03,+22.39700E-03,-45.10055E-03
-4.95000E-03,+8.72846E-03,-125.56E-06,+50.93938E-03,+34.85894E-03
-4.92500E-03,-71.23104E-03,-125.56E-06,+15.80461E-03,-45.10055E-03
-4.90000E-03,-62.42610E-03,-80.52757E-03,-29.02012E-03,-45.10055E-03
-4.87500E-03,-71.23104E-03,-125.56E-06,+24.16704E-03,-98.28772E-03
-4.85000E-03,-36.89630E-03,-125.56E-06,+51.38189E-03,-45.10055E-03
-4.82500E-03,+70.72056E-03,-125.56E-06,+51.38189E-03,-125.50256E-03
-4.80000E-03,-71.23104E-03,-54.99777E-03,-54.54992E-03,-45.10055E-03
-4.77500E-03,+9.17097E-03,-125.56E-06,+40.89190E-03,-55.59054E-03
-4.75000E-03,+9.17097E-03,+12.49198E-03,-29.02012E-03,-45.10055E-03
-4.72500E-03,+9.17097E-03,-125.56E-06,+49.25433E-03,+31.04634E-03
-4.70000E-03,-33.08369E-03,+3.98175E-03,+13.23454E-03,-45.10055E-03
-4.67500E-03,-64.99617E-03,-125.56E-06,-22.78525E-03,+29.06658E-03
-4.65000E-03,-20.61395E-03,+20.70661E-03,-37.97287E-03,-45.10055E-03
-4.62500E-03,-5.42633E-03,-14.72286E-03,+51.38189E-03,-45.10055E-03
-4.60000E-03,+9.17097E-03,-125.56E-06,+51.38189E-03,-66.52304E-03
-4.57500E-03,-13.78876E-03,-125.56E-06,+51.38189E-03,-68.06028E-03
-4.55000E-03,-3.88909E-03,-80.52757E-03,-15.96006E-03,-45.10055E-03
-4.52500E-03,-71.23104E-03,-49.20541E-03,+20.05973E-03,-45.10055E-03
-4.50000E-03,-71.23104E-03,-125.56E-06,+46.68426E-03,-45.10055E-03
-4.47500E-03,-31.54645E-03,-125.56E-06,-68.70470E-03,-5.41597E-03
-4.45000E-03,+9.17097E-03,-125.56E-06,+51.38189E-03,+35.30145E-03
-4.42500E-03,-23.18402E-03,-125.56E-06,+3.33487E-03,-77.45555E-03
-4.40000E-03,+21.19820E-03,-68.50034E-03,+39.35466E-03,+23.27423E-03
-4.37500E-03,-47.23848E-03,-56.53501E-03,+107.79134E-03,-101.51000E-03
-4.35000E-03,+9.17097E-03,-20.51522E-03,+111.39424E-03,-65.49021E-03
-4.32500E-03,+9.17097E-03,-125.56E-06,+51.38189E-03,-45.10055E-03
-4.30000E-03,-71.23104E-03,-28.87765E-03,-268.03E-06,-45.10055E-03
-4.27500E-03,-71.23104E-03,+7.14214E-03,-29.02012E-03,-45.10055E-03
-4.25000E-03,-65.05807E-03,+6.04741E-03,+1.92143E-03,-88.38805E-03
-4.22500E-03,+10.26570E-03,-1.22029E-03,+51.38189E-03,-46.19528E-03
-4.20000E-03,-36.30598E-03,-35.05063E-03,+16.45683E-03,-45.10055E-03
-4.17500E-03,-151.63305E-03,-125.56E-06,-19.56296E-03,-45.10055E-03
-4.15000E-03,-17.39166E-03,-53.96494E-03,+51.38189E-03,-98.93993E-03
-4.12500E-03,-53.41145E-03,-125.56E-06,+51.38189E-03,-107.68298E-03
-4.10000E-03,+9.17097E-03,+62.07624E-03,+33.18169E-03,-45.10055E-03
-4.07500E-03,-125.45103E-03,-125.56E-06,-57.05809E-03,-45.10055E-03
-4.05000E-03,+9.17097E-03,-9.96334E-03,-160.31082E-03,-45.10055E-03
-4.02500E-03,+9.17097E-03,-45.98313E-03,+51.38189E-03,-45.10055E-03
-4.00000E-03,+6.22029E-03,-1.60091E-03,+51.38189E-03,-124.02722E-03
-3.97500E-03,+9.17097E-03,-43.03244E-03,+51.38189E-03,+40.71320E-03
-3.95000E-03,-4.60320E-03,-73.64049E-03,-22.13303E-03,-45.10055E-03
-3.92500E-03,-42.09834E-03,-29.25827E-03,+112.59E-06,-74.23326E-03
-3.90000E-03,-55.98152E-03,-15.37508E-03,+36.13238E-03,-45.10055E-03
-3.87500E-03,-50.46077E-03,-125.56E-06,+90.24336E-03,-45.10055E-03
-3.85000E-03,+42.34909E-03,+23.48638E-03,+27.76995E-03,-45.10055E-03
-3.82500E-03,+9.17097E-03,-125.56E-06,+38.97405E-03,+22.89361E-03
-3.80000E-03,-39.25666E-03,-112.50195E-03,+51.38189E-03,-45.10055E-03
-3.77500E-03,-67.18562E-03,-80.52757E-03,-105.37671E-03,-45.10055E-03
-3.75000E-03,-71.50264E-03,-40.46237E-03,+51.38189E-03,-85.43736E-03
-3.72500E-03,-71.23104E-03,-76.21056E-03,+51.38189E-03,-45.10055E-03
-3.70000E-03,-71.23104E-03,-125.56E-06,-46.01658E-03,+35.30145E-03
-3.67500E-03,-3.50848E-03,-80.52757E-03,+119.10446E-03,-32.42111E-03
-3.65000E-03,-14.16937E-03,-57.18723E-03,+28.04155E-03,+11.96111E-03
-3.62500E-03,-11.87091E-03,-125.56E-06,+30.34002E-03,-45.10055E-03
-3.60000E-03,+9.17097E-03,-15.10348E-03,-14.04220E-03,-45.10055E-03
-3.57500E-03,-41.82673E-03,-125.56E-06,+21.97759E-03,-45.10055E-03
-3.55000E-03,+9.17097E-03,+6.48992E-03,+44.76641E-03,-45.10055E-03
-3.52500E-03,-28.59576E-03,-125.56E-06,+8.74662E-03,-45.10055E-03
-3.50000E-03,+7.42403E-03,-125.56E-06,+49.63495E-03,-45.10055E-03
-3.47500E-03,+43.44381E-03,-125.56E-06,-29.02012E-03,-45.10055E-03
-3.45000E-03,-938.40E-06,-125.56E-06,+31.16314E-03,-45.10055E-03
-3.42500E-03,-45.32062E-03,-125.56E-06,-29.02012E-03,-45.10055E-03
-3.40000E-03,+9.17097E-03,-125.56E-06,-29.02012E-03,-45.10055E-03
-3.37500E-03,+9.17097E-03,-17.67355E-03,-109.42212E-03,+17.75347E-03
-3.35000E-03,-17.66326E-03,-53.69334E-03,+24.54766E-03,+35.30145E-03
-3.32500E-03,-14.58E-06,-125.56E-06,-19.83456E-03,-54.28611E-03
-3.30000E-03,-106.42770E-03,-35.32223E-03,-29.02012E-03,-55.10923E-03
-3.27500E-03,-70.40791E-03,+697.56E-06,-29.02012E-03,+34.47833E-03
-3.25000E-03,-27.67194E-03,-80.52757E-03,+7.82280E-03,-45.10055E-03
-3.22500E-03,-63.69173E-03,-72.98827E-03,+43.84259E-03,-37.56125E-03
-3.20000E-03,-19.30951E-03,-28.60605E-03,+51.38189E-03,-45.10055E-03
-3.17500E-03,-6.73076E-03,-125.56E-06,+19.57842E-03,-45.10055E-03
-3.15000E-03,-51.11298E-03,-20.24362E-03,-8.90206E-03,-45.10055E-03
-3.12500E-03,-127.36888E-03,-24.38973E-03,-85.15796E-03,-45.10055E-03
-3.10000E-03,+77.81736E-03,-125.56E-06,-17.26449E-03,-56.85618E-03
-3.07500E-03,-38.60444E-03,-80.52757E-03,+66.53071E-03,+35.30145E-03
-3.05000E-03,-64.44465E-03,-80.52757E-03,-29.02012E-03,-122.10937E-03
-3.02500E-03,-110.64402E-03,-41.11459E-03,+11.96891E-03,-45.10055E-03
-3.00000E-03,-71.23104E-03,-75.55834E-03,+51.38189E-03,-45.10055E-03
-2.97500E-03,-71.23104E-03,-49.47702E-03,+51.38189E-03,+35.30145E-03
-2.95000E-03,-57.89937E-03,-93.85924E-03,-15.68845E-03,-45.10055E-03
-2.92500E-03,-93.91916E-03,-125.56E-06,+6.00564E-03,-45.10055E-03
-2.90000E-03,-12.52312E-03,-125.56E-06,-7.32602E-03,+13.60736E-03
-2.87500E-03,-56.90534E-03,-125.56E-06,+37.05620E-03,+20.97576E-03
-2.85000E-03,+9.17097E-03,-125.56E-06,-29.02012E-03,-24.81159E-03
-2.82500E-03,-83.15757E-03,-6.08883E-03,-29.02012E-03,-45.10055E-03
-2.80000E-03,-32.81208E-03,-76.96347E-03,-71.00317E-03,-125.50256E-03
-2.77500E-03,-71.23104E-03,-156.13125E-03,-26.62095E-03,-127.90173E-03
-2.75000E-03,-138.47229E-03,-67.36682E-03,-109.42212E-03,-78.72118E-03
-2.72500E-03,-71.23104E-03,-150.16799E-03,-120.18372E-03,-136.26416E-03
-2.70000E-03,-126.37485E-03,-135.67139E-03,-109.42212E-03,-205.90457E-03
-2.67500E-03,-151.63305E-03,-160.92958E-03,-128.54615E-03,-205.90457E-03
-2.65000E-03,-151.63305E-03,-160.92958E-03,-109.42212E-03,-205.90457E-03
-2.62500E-03,-153.69040E-03,-160.92958E-03,-162.33768E-03,-205.90457E-03
-2.60000E-03,-232.03506E-03,-160.92958E-03,-37.55345E-03,-205.90457E-03
-2.57500E-03,-232.03506E-03,-160.92958E-03,-136.56677E-03,-205.90457E-03
-2.55000E-03,-232.03506E-03,-241.33159E-03,-189.82413E-03,-286.30658E-03
-2.52500E-03,-268.22575E-03,-241.33159E-03,-145.61282E-03,-286.30658E-03
-2.50000E-03,-240.22658E-03,-233.14007E-03,-270.22614E-03,-205.90457E-03
-2.47500E-03,-259.86332E-03,-269.15986E-03,-189.82413E-03,-258.47832E-03
-2.45000E-03,-312.43706E-03,-241.33159E-03,-334.07420E-03,-286.30658E-03
-2.42500E-03,-232.03506E-03,-260.79743E-03,-231.29447E-03,-286.30658E-03
-2.40000E-03,-287.52068E-03,-241.33159E-03,-295.14253E-03,-286.30658E-03
-2.37500E-03,-301.33366E-03,-252.43500E-03,-270.22614E-03,-286.30658E-03
-2.35000E-03,-312.43706E-03,-321.73360E-03,-317.34934E-03,-413.83179E-03
-2.32500E-03,-234.77603E-03,-241.33159E-03,-347.88718E-03,-366.70859E-03
-2.30000E-03,-389.95860E-03,-360.49437E-03,-311.86739E-03,-405.46936E-03
-2.27500E-03,-387.21762E-03,-396.51416E-03,-275.84760E-03,-366.70859E-03
-2.25000E-03,-362.44074E-03,-352.13194E-03,-300.62448E-03,-397.10693E-03
-2.22500E-03,-473.24108E-03,-388.15173E-03,-350.62815E-03,-433.12672E-03
-2.20000E-03,-451.20518E-03,-321.73360E-03,-314.29796E-03,-425.07469E-03
-2.17500E-03,-450.89477E-03,-379.78930E-03,-408.68385E-03,-424.76429E-03
-2.15000E-03,-459.56761E-03,-402.13561E-03,-283.89962E-03,-366.70859E-03
-2.12500E-03,-454.25656E-03,-432.84435E-03,-381.33689E-03,-447.11060E-03
-2.10000E-03,-473.24108E-03,-407.44666E-03,-355.93920E-03,-447.11060E-03
-2.07500E-03,-473.24108E-03,-443.46645E-03,-431.03016E-03,-486.18177E-03
-2.05000E-03,-395.89046E-03,-405.18699E-03,-427.97878E-03,-450.16198E-03
-2.02500E-03,-506.20949E-03,-449.56921E-03,-511.43217E-03,-447.11060E-03
-2.00000E-03,-461.82727E-03,-471.12381E-03,-442.44397E-03,-527.51261E-03
-1.97500E-03,-497.84706E-03,-482.53762E-03,-431.03016E-03,-496.32256E-03
-1.95000E-03,-533.86685E-03,-462.76138E-03,-491.65593E-03,-447.11060E-03
-1.92500E-03,-456.99754E-03,-482.53762E-03,-511.43217E-03,-463.35415E-03
-1.90000E-03,-445.10241E-03,-510.67629E-03,-459.16883E-03,-579.77595E-03
-1.87500E-03,-553.64309E-03,-562.93963E-03,-511.43217E-03,-519.63149E-03
-1.85000E-03,-509.74218E-03,-519.03872E-03,-547.93327E-03,-607.91462E-03
-1.82500E-03,-553.64309E-03,-562.93963E-03,-671.27357E-03,-607.91462E-03
-1.80000E-03,-598.50662E-03,-607.80316E-03,-546.97065E-03,-643.45310E-03
-1.77500E-03,-634.04510E-03,-625.65416E-03,-591.83418E-03,-599.07088E-03
-1.75000E-03,-500.41713E-03,-616.16559E-03,-591.83418E-03,-607.91462E-03
-1.72500E-03,-553.64309E-03,-643.34164E-03,-609.04035E-03,-671.11046E-03
-1.70000E-03,-634.04510E-03,-624.52802E-03,-591.83418E-03,-688.31663E-03
-1.67500E-03,-579.21169E-03,-668.91024E-03,-591.83418E-03,-607.91462E-03
-1.65000E-03,-714.44711E-03,-653.79283E-03,-602.28537E-03,-607.91462E-03
-1.62500E-03,-634.04510E-03,-677.27267E-03,-638.30516E-03,-688.31663E-03
-1.60000E-03,-636.13386E-03,-643.34164E-03,-513.52093E-03,-607.91462E-03
-1.57500E-03,-634.04510E-03,-681.45019E-03,-634.12764E-03,-646.02317E-03
-1.55000E-03,-708.17344E-03,-723.74365E-03,-746.36453E-03,-762.44497E-03
-1.52500E-03,-663.79122E-03,-723.74365E-03,-621.58030E-03,-688.31663E-03
-1.50000E-03,-648.68120E-03,-657.97774E-03,-657.60009E-03,-688.31663E-03
-1.47500E-03,-735.83080E-03,-702.35996E-03,-650.85250E-03,-629.29831E-03
-1.45000E-03,-737.44564E-03,-723.74365E-03,-787.04315E-03,-711.31516E-03
-1.42500E-03,-714.44711E-03,-723.74365E-03,-604.85544E-03,-755.69738E-03
-1.40000E-03,-794.84912E-03,-723.74365E-03,-721.27724E-03,-768.71864E-03
-1.37500E-03,-714.44711E-03,-728.40248E-03,-672.23619E-03,-839.80299E-03
-1.35000E-03,-794.84912E-03,-764.42227E-03,-711.95958E-03,-728.99525E-03
-1.32500E-03,-794.84912E-03,-804.14566E-03,-675.93979E-03,-692.02023E-03
-1.30000E-03,-762.53293E-03,-771.82947E-03,-800.72402E-03,-768.71864E-03
-1.27500E-03,-806.91515E-03,-804.14566E-03,-684.30222E-03,-768.71864E-03
-1.25000E-03,-794.84912E-03,-747.69741E-03,-776.59196E-03,-849.12065E-03
-1.22500E-03,-815.27758E-03,-764.60057E-03,-732.20974E-03,-828.69219E-03
-1.20000E-03,-730.03844E-03,-739.33498E-03,-752.63820E-03,-864.71198E-03
-1.17500E-03,-794.84912E-03,-804.14566E-03,-752.63820E-03,-849.12065E-03
-1.15000E-03,-802.07802E-03,-884.54767E-03,-752.63820E-03,-849.12065E-03
-1.12500E-03,-832.00244E-03,-841.29898E-03,-833.04021E-03,-811.96733E-03
-1.10000E-03,-795.98265E-03,-804.14566E-03,-753.77173E-03,-849.12065E-03
-1.07500E-03,-875.25113E-03,-804.14566E-03,-822.41072E-03,-849.12065E-03
-1.05000E-03,-884.74709E-03,-955.45372E-03,-833.04021E-03,-920.02670E-03
-1.02500E-03,-875.25113E-03,-938.42584E-03,-886.91839E-03,-795.24247E-03
-1.00000E-03,-875.25113E-03,-866.68928E-03,-895.58383E-03,-866.97904E-03
-975.00E-06,-893.41253E-03,-884.54767E-03,-770.79960E-03,-929.52266E-03
-950.00E-06,-929.43232E-03,-964.94967E-03,-887.22140E-03,-957.48303E-03
-925.00E-06,-955.65314E-03,-894.34664E-03,-842.83918E-03,-1.00012569E+00
-900.00E-06,-955.65314E-03,-919.13091E-03,-913.44222E-03,-883.70390E-03
-875.00E-06,-955.65314E-03,-963.51313E-03,-833.04021E-03,-929.52266E-03
-850.00E-06,-880.74048E-03,-964.94967E-03,-913.44222E-03,-929.52266E-03
-825.00E-06,-962.57903E-03,-891.47355E-03,-979.99245E-03,-929.52266E-03
-800.00E-06,-1.00696125E+00,-964.94967E-03,-1.04515233E+00,-929.52266E-03
-775.00E-06,-1.02076683E+00,-964.94967E-03,-978.55591E-03,-1.00992467E+00
-750.00E-06,-916.71407E-03,-964.94967E-03,-934.17369E-03,-908.79118E-03
-725.00E-06,-932.00239E-03,-964.94967E-03,-970.19348E-03,-986.27392E-03
-700.00E-06,-1.02368611E+00,-1.04535168E+00,-913.44222E-03,-1.00992467E+00
-675.00E-06,-987.66632E-03,-964.94967E-03,-993.84423E-03,-961.53583E-03
-650.00E-06,-1.03605515E+00,-1.04535168E+00,-993.84423E-03,-1.08632006E+00
-625.00E-06,-995.67954E-03,-1.00532528E+00,-993.84423E-03,-1.05030027E+00
-600.00E-06,-1.04041097E+00,-969.30549E-03,-1.06989042E+00,-1.00992467E+00
-575.00E-06,-1.01898108E+00,-996.61365E-03,-945.10619E-03,-1.09032667E+00
-550.00E-06,-1.02333690E+00,-1.04535168E+00,-1.06152799E+00,-1.09032667E+00
-525.00E-06,-1.01275361E+00,-1.04535168E+00,-960.04530E-03,-1.09032667E+00
-500.00E-06,-1.05713583E+00,-1.10467302E+00,-1.01492490E+00,-1.00992467E+00
-475.00E-06,-1.05099426E+00,-1.11081458E+00,-1.02372245E+00,-1.09032667E+00
-450.00E-06,-1.03605515E+00,-1.09631059E+00,-993.84423E-03,-1.09032667E+00
-425.00E-06,-1.18370580E+00,-1.11917701E+00,-1.07424624E+00,-1.08374999E+00
-400.00E-06,-1.07386068E+00,-1.08315722E+00,-1.06945530E+00,-1.17072868E+00
-375.00E-06,-1.03784089E+00,-1.12575369E+00,-1.07424624E+00,-1.24755920E+00
-350.00E-06,-1.11645716E+00,-1.04535168E+00,-1.07424624E+00,-1.05609263E+00
-325.00E-06,-1.04620332E+00,-1.05549986E+00,-1.07424624E+00,-1.09032667E+00
-300.00E-06,-1.14232877E+00,-1.15441248E+00,-1.01971584E+00,-1.19660030E+00
-275.00E-06,-1.09794655E+00,-1.18764510E+00,-1.01235483E+00,-1.17072868E+00
-250.00E-06,-1.11645716E+00,-1.08037005E+00,-1.09175542E+00,-1.17072868E+00
-225.00E-06,-1.11645716E+00,-1.20615570E+00,-1.12777521E+00,-1.09032667E+00
-200.00E-06,-1.05434865E+00,-1.12575369E+00,-1.15464824E+00,-1.23283719E+00
-175.00E-06,-1.15169262E+00,-1.08058715E+00,-1.09955063E+00,-1.13549322E+00
-150.00E-06,-1.19607484E+00,-1.20615570E+00,-1.07503056E+00,-1.16994436E+00
-125.00E-06,-1.16005505E+00,-1.20615570E+00,-1.19824614E+00,-1.20753280E+00
-100.00E-06,-1.11645716E+00,-1.20615570E+00,-1.22747215E+00,-1.23597448E+00
-75.00E-06,-1.24881949E+00,-1.20615570E+00,-1.20660857E+00,-1.22268901E+00
-50.00E-06,-1.21279970E+00,-1.22209624E+00,-1.17058878E+00,-1.23519016E+00
-25.00E-06,-1.15661566E+00,-1.14583295E+00,-1.13456899E+00,-1.23105144E+00
+0.0E+00,-1.19685917E+00,-1.17435963E+00,-1.15464824E+00,-1.25113069E+00
+25.00E-06,-1.18514234E+00,-1.20615570E+00,-1.15464824E+00,-1.23941387E+00
+50.00E-06,-1.27726118E+00,-1.25389232E+00,-1.15464824E+00,-1.25113069E+00
+75.00E-06,-1.19685917E+00,-1.28655771E+00,-1.22834147E+00,-1.33153270E+00
+100.00E-06,-1.23623335E+00,-1.28655771E+00,-1.27442444E+00,-1.25113069E+00
+125.00E-06,-1.19685917E+00,-1.28655771E+00,-1.23505025E+00,-1.25113069E+00
+150.00E-06,-1.22787092E+00,-1.20615570E+00,-1.26606201E+00,-1.25113069E+00
+175.00E-06,-1.26389071E+00,-1.20615570E+00,-1.16801871E+00,-1.33153270E+00
+200.00E-06,-1.21950849E+00,-1.28655771E+00,-1.19994689E+00,-1.25113069E+00
+225.00E-06,-1.29899407E+00,-1.30829061E+00,-1.23505025E+00,-1.27286359E+00
+250.00E-06,-1.21114606E+00,-1.28655771E+00,-1.15464824E+00,-1.33153270E+00
+275.00E-06,-1.32756786E+00,-1.31665304E+00,-1.20495493E+00,-1.28122602E+00
+300.00E-06,-1.27133671E+00,-1.28655771E+00,-1.23505025E+00,-1.33745717E+00
+325.00E-06,-1.27726118E+00,-1.32850197E+00,-1.27699451E+00,-1.33153270E+00
+350.00E-06,-1.20173510E+00,-1.28655771E+00,-1.23505025E+00,-1.33153270E+00
+375.00E-06,-1.35766318E+00,-1.32013954E+00,-1.31545226E+00,-1.36511453E+00
+400.00E-06,-1.27726118E+00,-1.35615933E+00,-1.24585065E+00,-1.27273148E+00
+425.00E-06,-1.33244379E+00,-1.28655771E+00,-1.23505025E+00,-1.30631331E+00
+450.00E-06,-1.39973954E+00,-1.30572054E+00,-1.29628944E+00,-1.33153270E+00
+475.00E-06,-1.29411814E+00,-1.30341468E+00,-1.25190722E+00,-1.45862279E+00
+500.00E-06,-1.30478643E+00,-1.44736173E+00,-1.26257551E+00,-1.33153270E+00
+525.00E-06,-1.35766318E+00,-1.37545426E+00,-1.32394680E+00,-1.33153270E+00
+550.00E-06,-1.36628983E+00,-1.37558636E+00,-1.31545226E+00,-1.36742039E+00
+575.00E-06,-1.43793309E+00,-1.36695972E+00,-1.31545226E+00,-1.33179691E+00
+600.00E-06,-1.31341307E+00,-1.32270961E+00,-1.32355048E+00,-1.44808661E+00
+625.00E-06,-1.36589351E+00,-1.37519005E+00,-1.32368259E+00,-1.40370439E+00
+650.00E-06,-1.35766318E+00,-1.39474919E+00,-1.31545226E+00,-1.41193471E+00
+675.00E-06,-1.42147244E+00,-1.36695972E+00,-1.33204502E+00,-1.39534196E+00
+700.00E-06,-1.35766318E+00,-1.40850766E+00,-1.31545226E+00,-1.47290968E+00
+725.00E-06,-1.38261837E+00,-1.41687009E+00,-1.37089909E+00,-1.44242635E+00
+750.00E-06,-1.36872779E+00,-1.37802433E+00,-1.39585427E+00,-1.42299932E+00
+775.00E-06,-1.40474758E+00,-1.41404412E+00,-1.39585427E+00,-1.41193471E+00
+800.00E-06,-1.43806519E+00,-1.44465955E+00,-1.39585427E+00,-1.48963454E+00
+825.00E-06,-1.43806519E+00,-1.44736173E+00,-1.35713231E+00,-1.45361475E+00
+850.00E-06,-1.35766318E+00,-1.37261997E+00,-1.39585427E+00,-1.41759496E+00
+875.00E-06,-1.46842473E+00,-1.44736173E+00,-1.42621381E+00,-1.46197718E+00
+900.00E-06,-1.50444452E+00,-1.44736173E+00,-1.39585427E+00,-1.42595739E+00
+925.00E-06,-1.47447299E+00,-1.44736173E+00,-1.41785138E+00,-1.49233672E+00
+950.00E-06,-1.40243341E+00,-1.44736173E+00,-1.39585427E+00,-1.43431982E+00
+975.00E-06,-1.43806519E+00,-1.44736173E+00,-1.48989096E+00,-1.49233672E+00
+1.00000E-03,-1.40731765E+00,-1.49701620E+00,-1.42660181E+00,-1.52308426E+00
+1.02500E-03,-1.44333744E+00,-1.44736173E+00,-1.40112652E+00,-1.49233672E+00
+1.05000E-03,-1.43806519E+00,-1.48647170E+00,-1.43714631E+00,-1.53144669E+00
+1.07500E-03,-1.51537702E+00,-1.52467356E+00,-1.47316610E+00,-1.49233672E+00
+1.10000E-03,-1.53301000E+00,-1.49483413E+00,-1.47625628E+00,-1.49233672E+00
+1.12500E-03,-1.44951781E+00,-1.52776374E+00,-1.46480367E+00,-1.50378933E+00
+1.15000E-03,-1.51846720E+00,-1.39152690E+00,-1.47625628E+00,-1.57273873E+00
+1.17500E-03,-1.51846720E+00,-1.50794870E+00,-1.53684325E+00,-1.51215176E+00
+1.20000E-03,-1.50226246E+00,-1.52776374E+00,-1.49246103E+00,-1.49233672E+00
+1.22500E-03,-1.49028973E+00,-1.57998828E+00,-1.50443375E+00,-1.49233672E+00
+1.25000E-03,-1.51846720E+00,-1.60032343E+00,-1.48409860E+00,-1.56489641E+00
+1.27500E-03,-1.48192730E+00,-1.52776374E+00,-1.43971638E+00,-1.52887662E+00
+1.30000E-03,-1.51846720E+00,-1.44788184E+00,-1.47625628E+00,-1.57221862E+00
+1.32500E-03,-1.51846720E+00,-1.60816575E+00,-1.51175596E+00,-1.57273873E+00
+1.35000E-03,-1.50958466E+00,-1.52776374E+00,-1.48513882E+00,-1.50121926E+00
+1.37500E-03,-1.51846720E+00,-1.58102850E+00,-1.50339353E+00,-1.59886624E+00
+1.40000E-03,-1.58162424E+00,-1.59092078E+00,-1.53941332E+00,-1.58998370E+00
+1.42500E-03,-1.51846720E+00,-1.58939093E+00,-1.55665829E+00,-1.57273873E+00
+1.45000E-03,-1.62805642E+00,-1.61174555E+00,-1.55665829E+00,-1.62753334E+00
+1.47500E-03,-1.52887959E+00,-1.53817613E+00,-1.48666867E+00,-1.57273873E+00
+1.50000E-03,-1.64530139E+00,-1.57419592E+00,-1.55665829E+00,-1.58520108E+00
+1.52500E-03,-1.59681925E+00,-1.52776374E+00,-1.63501034E+00,-1.57478869E+00
+1.55000E-03,-1.59886921E+00,-1.52350123E+00,-1.55665829E+00,-1.65314074E+00
+1.57500E-03,-1.59886921E+00,-1.60816575E+00,-1.56297076E+00,-1.58536367E+00
+1.60000E-03,-1.62857653E+00,-1.60816575E+00,-1.60735298E+00,-1.65314074E+00
+1.62500E-03,-1.66459632E+00,-1.67389286E+00,-1.62238540E+00,-1.71886785E+00
+1.65000E-03,-1.65792633E+00,-1.60816575E+00,-1.61571541E+00,-1.57273873E+00
+1.67500E-03,-1.59886921E+00,-1.66553043E+00,-1.55665829E+00,-1.65314074E+00
+1.70000E-03,-1.59886921E+00,-1.52776374E+00,-1.63706030E+00,-1.70757783E+00
+1.72500E-03,-1.64787146E+00,-1.63956551E+00,-1.66846006E+00,-1.65314074E+00
+1.75000E-03,-1.67927122E+00,-1.60816575E+00,-1.70822225E+00,-1.65314074E+00
+1.77500E-03,-1.63863140E+00,-1.64792794E+00,-1.59642048E+00,-1.61250092E+00
+1.80000E-03,-1.67552882E+00,-1.60816575E+00,-1.63706030E+00,-1.65314074E+00
+1.82500E-03,-1.72739584E+00,-1.68856776E+00,-1.68518492E+00,-1.65314074E+00
+1.85000E-03,-1.73546357E+00,-1.60816575E+00,-1.63706030E+00,-1.66524557E+00
+1.87500E-03,-1.65535626E+00,-1.60816575E+00,-1.63706030E+00,-1.67705570E+00
+1.90000E-03,-1.59886921E+00,-1.68856776E+00,-1.65752756E+00,-1.67360800E+00
+1.92500E-03,-1.67927122E+00,-1.67301523E+00,-1.70190978E+00,-1.65314074E+00
+1.95000E-03,-1.67927122E+00,-1.68856776E+00,-1.66588999E+00,-1.70471306E+00
+1.97500E-03,-1.75967323E+00,-1.61535585E+00,-1.78348412E+00,-1.65314074E+00
+2.00000E-03,-1.71646334E+00,-1.68856776E+00,-1.63706030E+00,-1.73354275E+00
+2.02500E-03,-1.67927122E+00,-1.68974009E+00,-1.63823263E+00,-1.65314074E+00
+2.05000E-03,-1.67927122E+00,-1.73412231E+00,-1.63706030E+00,-1.73354275E+00
+2.07500E-03,-1.75013847E+00,-1.68856776E+00,-1.70792755E+00,-1.73354275E+00
+2.10000E-03,-1.70575625E+00,-1.71505279E+00,-1.71746231E+00,-1.73354275E+00
+2.12500E-03,-1.67927122E+00,-1.68856776E+00,-1.77996713E+00,-1.73354275E+00
+2.15000E-03,-1.69739382E+00,-1.70669036E+00,-1.63706030E+00,-1.65314074E+00
+2.17500E-03,-1.75967323E+00,-1.68856776E+00,-1.66331992E+00,-1.75980237E+00
+2.20000E-03,-1.75967323E+00,-1.68856776E+00,-1.77834398E+00,-1.73354275E+00
+2.22500E-03,-1.72505118E+00,-1.76896977E+00,-1.63706030E+00,-1.65314074E+00
+2.25000E-03,-1.76107097E+00,-1.68856776E+00,-1.71886005E+00,-1.73494049E+00
+2.27500E-03,-1.72225570E+00,-1.73155224E+00,-1.68004478E+00,-1.73354275E+00
+2.30000E-03,-1.68623591E+00,-1.69553245E+00,-1.71049762E+00,-1.74050744E+00
+2.32500E-03,-1.73061813E+00,-1.76896977E+00,-1.63706030E+00,-1.83623657E+00
+2.35000E-03,-1.69459834E+00,-1.76896977E+00,-1.73278943E+00,-1.74886987E+00
+2.37500E-03,-1.79868990E+00,-1.74827710E+00,-1.69676964E+00,-1.79325209E+00
+2.40000E-03,-1.75967323E+00,-1.79265932E+00,-1.71746231E+00,-1.87065722E+00
+2.42500E-03,-1.69160146E+00,-1.76896977E+00,-1.78553408E+00,-1.81394476E+00
+2.45000E-03,-1.79172521E+00,-1.76896977E+00,-1.74951429E+00,-1.81394476E+00
+2.47500E-03,-1.68323903E+00,-1.76896977E+00,-1.79389651E+00,-1.81394476E+00
+2.50000E-03,-1.79966083E+00,-1.76896977E+00,-1.71746231E+00,-1.81394476E+00
+2.52500E-03,-1.84007524E+00,-1.69735699E+00,-1.72185693E+00,-1.80955014E+00
+2.55000E-03,-1.72804806E+00,-1.81774660E+00,-1.71746231E+00,-1.79679309E+00
+2.57500E-03,-1.82731819E+00,-1.83661473E+00,-1.78510727E+00,-1.88158972E+00
+2.60000E-03,-1.87395177E+00,-1.82610903E+00,-1.71746231E+00,-1.81394476E+00
+2.62500E-03,-1.75967323E+00,-1.79008924E+00,-1.79786432E+00,-1.83506424E+00
+2.65000E-03,-1.77457354E+00,-1.83447146E+00,-1.73236262E+00,-1.82884507E+00
+2.67500E-03,-1.84007524E+00,-1.81988987E+00,-1.68798040E+00,-1.84342666E+00
+2.70000E-03,-1.84007524E+00,-1.84283389E+00,-1.79786432E+00,-1.81394476E+00
+2.72500E-03,-1.84007524E+00,-1.88721611E+00,-1.76001998E+00,-1.89434677E+00
+2.75000E-03,-1.83825069E+00,-1.77079431E+00,-1.79603977E+00,-1.89252222E+00
+2.77500E-03,-1.84007524E+00,-1.81517653E+00,-1.75165755E+00,-1.81394476E+00
+2.80000E-03,-1.84007524E+00,-1.84937178E+00,-1.78767734E+00,-1.81394476E+00
+2.82500E-03,-1.78550604E+00,-1.79480258E+00,-1.79786432E+00,-1.78520837E+00
+2.85000E-03,-1.84007524E+00,-1.84937178E+00,-1.73601172E+00,-1.89434677E+00
+2.87500E-03,-1.84007524E+00,-1.84937178E+00,-1.73493269E+00,-1.83141514E+00
+2.90000E-03,-1.78658507E+00,-1.82245994E+00,-1.77128598E+00,-1.89434677E+00
+2.92500E-03,-1.92047725E+00,-1.85847973E+00,-1.86915837E+00,-1.89434677E+00
+2.95000E-03,-1.92047725E+00,-1.84937178E+00,-1.84299206E+00,-1.84921902E+00
+2.97500E-03,-1.91973173E+00,-1.84937178E+00,-1.79786432E+00,-1.81469028E+00
+3.00000E-03,-1.87684055E+00,-1.81260646E+00,-1.87826633E+00,-1.81394476E+00
+3.02500E-03,-1.84007524E+00,-1.77658667E+00,-1.87826633E+00,-1.89434677E+00
+3.05000E-03,-1.94407349E+00,-1.82577553E+00,-1.90186257E+00,-1.89434677E+00
+3.07500E-03,-1.84007524E+00,-1.92977379E+00,-1.86228699E+00,-1.95876944E+00
+3.10000E-03,-1.90043680E+00,-1.86941223E+00,-1.87826633E+00,-1.85402566E+00
+3.12500E-03,-1.92047725E+00,-1.90543202E+00,-1.87826633E+00,-1.91868853E+00
+3.15000E-03,-1.92047725E+00,-1.92977379E+00,-1.86658830E+00,-1.89434677E+00
+3.17500E-03,-1.88777305E+00,-1.92977379E+00,-1.87826633E+00,-1.94204458E+00
+3.20000E-03,-1.92047725E+00,-1.85268737E+00,-1.87826633E+00,-1.89434677E+00
+3.22500E-03,-1.92047725E+00,-1.84937178E+00,-1.83546846E+00,-1.89434677E+00
+3.25000E-03,-1.92552409E+00,-1.84937178E+00,-1.87826633E+00,-1.89434677E+00
+3.27500E-03,-1.93893335E+00,-1.97920284E+00,-1.92769538E+00,-1.94377582E+00
+3.30000E-03,-1.92047725E+00,-1.99676653E+00,-1.86485706E+00,-1.90775603E+00
+3.32500E-03,-1.92047725E+00,-1.92977379E+00,-1.90087685E+00,-1.87173624E+00
+3.35000E-03,-1.97910756E+00,-1.98840410E+00,-1.93689664E+00,-1.87257507E+00
+3.37500E-03,-1.92047725E+00,-2.01017579E+00,-1.86401823E+00,-1.90859486E+00
+3.40000E-03,-1.94061101E+00,-1.92977379E+00,-1.84813220E+00,-1.97474878E+00
+3.42500E-03,-1.84596090E+00,-1.86114310E+00,-1.95278267E+00,-1.89434677E+00
+3.45000E-03,-1.95556491E+00,-1.92977379E+00,-1.91676288E+00,-1.97474878E+00
+3.47500E-03,-1.92295401E+00,-1.92977379E+00,-1.96114510E+00,-2.05019725E+00
+3.50000E-03,-1.96733623E+00,-1.96331681E+00,-1.92512531E+00,-1.89434677E+00
+3.52500E-03,-1.99004006E+00,-1.84937178E+00,-1.94782914E+00,-1.97474878E+00
+3.55000E-03,-1.92047725E+00,-1.95495438E+00,-1.93348774E+00,-1.91952736E+00
+3.57500E-03,-1.92047725E+00,-1.94897541E+00,-1.95866834E+00,-1.89434677E+00
+3.60000E-03,-1.93729541E+00,-1.99335763E+00,-1.95866834E+00,-1.97474878E+00
+3.62500E-03,-2.02615316E+00,-1.95504768E+00,-1.93110428E+00,-1.94718472E+00
+3.65000E-03,-1.92893298E+00,-2.00172006E+00,-1.95866834E+00,-1.97474878E+00
+3.67500E-03,-1.92047725E+00,-1.92977379E+00,-2.00314386E+00,-2.01922430E+00
+3.70000E-03,-2.00087926E+00,-2.01017579E+00,-1.95866834E+00,-1.97474878E+00
+3.72500E-03,-2.00087926E+00,-2.01017579E+00,-1.95866834E+00,-2.01086187E+00
+3.75000E-03,-1.99261013E+00,-2.00190667E+00,-1.87826633E+00,-1.97474878E+00
+3.77500E-03,-2.05353060E+00,-2.06282714E+00,-1.93091767E+00,-1.94984810E+00
+3.80000E-03,-1.93710880E+00,-1.91314223E+00,-1.95866834E+00,-1.99138033E+00
+3.82500E-03,-2.02026749E+00,-2.01017579E+00,-1.95866834E+00,-1.97474878E+00
+3.85000E-03,-2.05628728E+00,-1.95476777E+00,-1.95866834E+00,-1.94975479E+00
+3.87500E-03,-1.98985345E+00,-1.99914999E+00,-1.95866834E+00,-1.97474878E+00
+3.90000E-03,-2.00087926E+00,-2.01017579E+00,-1.95866834E+00,-2.05515078E+00
+3.92500E-03,-2.07595452E+00,-1.93243716E+00,-1.96133171E+00,-2.05515078E+00
+3.95000E-03,-2.03956242E+00,-2.01017579E+00,-1.99735150E+00,-1.97474878E+00
+3.97500E-03,-2.00087926E+00,-2.01587485E+00,-1.95866834E+00,-1.97474878E+00
+4.00000E-03,-2.00087926E+00,-1.97985506E+00,-1.95866834E+00,-2.00506951E+00
+4.02500E-03,-2.05315830E+00,-2.01017579E+00,-2.03907035E+00,-1.97474878E+00
+4.05000E-03,-2.00087926E+00,-2.06861950E+00,-1.98062664E+00,-2.01123417E+00
+4.07500E-03,-2.05885735E+00,-2.01017579E+00,-1.95866834E+00,-2.05515078E+00
+4.10000E-03,-2.00087926E+00,-2.01017579E+00,-2.03907035E+00,-2.13555279E+00
+4.12500E-03,-2.00087926E+00,-1.99134647E+00,-1.92788199E+00,-2.03632146E+00
+4.15000E-03,-2.07604782E+00,-2.08534436E+00,-1.96390178E+00,-2.06038423E+00
+4.17500E-03,-2.04213249E+00,-2.01017579E+00,-1.99992157E+00,-2.01600201E+00
+4.20000E-03,-2.00400824E+00,-2.01017579E+00,-1.96492630E+00,-2.05515078E+00
+4.22500E-03,-2.03377006E+00,-2.01017579E+00,-2.03907035E+00,-2.05515078E+00
+4.25000E-03,-2.00087926E+00,-2.02166721E+00,-2.06205317E+00,-1.99773160E+00
+4.27500E-03,-2.00087926E+00,-2.09057780E+00,-2.03907035E+00,-2.03062241E+00
+4.30000E-03,-2.08128127E+00,-2.09057780E+00,-1.97852218E+00,-2.05515078E+00
+4.32500E-03,-2.01704520E+00,-2.07441186E+00,-2.02290440E+00,-2.05515078E+00
+4.35000E-03,-2.08128127E+00,-2.06236153E+00,-2.01085407E+00,-2.10733652E+00
+4.37500E-03,-2.00868277E+00,-2.01017579E+00,-2.03907035E+00,-2.12774928E+00
+4.40000E-03,-2.12510457E+00,-2.01017579E+00,-2.00249164E+00,-2.05515078E+00
+4.42500E-03,-2.08072235E+00,-2.09057780E+00,-2.03907035E+00,-2.05515078E+00
+4.45000E-03,-2.08128127E+00,-2.09057780E+00,-2.02959009E+00,-2.10009192E+00
+4.47500E-03,-2.15276193E+00,-2.01017579E+00,-2.04799169E+00,-2.04622944E+00
+4.50000E-03,-2.08128127E+00,-2.09057780E+00,-2.03907035E+00,-2.08224923E+00
+4.52500E-03,-2.08128127E+00,-2.09057780E+00,-2.03907035E+00,-2.07243456E+00
+4.55000E-03,-2.03835129E+00,-2.07184179E+00,-1.99614037E+00,-2.07388680E+00
+4.57500E-03,-2.05563506E+00,-2.03582200E+00,-2.06471655E+00,-2.05515078E+00
+4.60000E-03,-2.08128127E+00,-2.02054938E+00,-2.03907035E+00,-2.06552437E+00
+4.62500E-03,-2.10290515E+00,-2.09057780E+00,-2.07307898E+00,-2.10154416E+00
+4.65000E-03,-2.08329242E+00,-2.01218695E+00,-2.12148351E+00,-2.13354164E+00
+4.67500E-03,-2.12365233E+00,-2.09057780E+00,-2.00103940E+00,-2.05515078E+00
+4.70000E-03,-2.08763254E+00,-2.01652707E+00,-2.11312108E+00,-2.06150206E+00
+4.72500E-03,-2.11094978E+00,-2.06090929E+00,-2.08980384E+00,-2.08481930E+00
+4.75000E-03,-2.06656757E+00,-2.14155241E+00,-2.05378405E+00,-2.13555279E+00
+4.77500E-03,-2.08128127E+00,-2.11188389E+00,-2.09816627E+00,-2.13555279E+00
+4.80000E-03,-2.10435740E+00,-2.11365394E+00,-2.11947235E+00,-2.11247666E+00
+4.82500E-03,-2.14873962E+00,-2.17097981E+00,-2.10652870E+00,-2.13555279E+00
+4.85000E-03,-2.11271983E+00,-2.12201636E+00,-2.07050891E+00,-2.18451624E+00
+4.87500E-03,-2.08128127E+00,-2.16639858E+00,-2.11947235E+00,-2.13555279E+00
+4.90000E-03,-2.16168328E+00,-2.17097981E+00,-2.11947235E+00,-2.13555279E+00
+4.92500E-03,-2.15790207E+00,-2.09057780E+00,-2.19231196E+00,-2.21217360E+00
+4.95000E-03,-2.08128127E+00,-2.09057780E+00,-2.11947235E+00,-2.16779138E+00
+4.97500E-03,-2.14953965E+00,-2.09057780E+00,-2.10732872E+00,-2.06729442E+00
+5.00000E-03,-2.13780712E+00,-2.09057780E+00,-2.15212205E+00,-2.11167664E+00
+5.02500E-03,-2.22157922E+00,-2.11108386E+00,-2.11947235E+00,-2.15605885E+00
+5.05000E-03,-2.14616955E+00,-2.02568952E+00,-2.11947235E+00,-2.13555279E+00
+5.07500E-03,-2.13901825E+00,-2.11944629E+00,-2.11947235E+00,-2.13555279E+00
+5.10000E-03,-2.16168328E+00,-2.09772910E+00,-2.04622164E+00,-2.20880350E+00
+5.12500E-03,-2.11851219E+00,-2.09057780E+00,-2.11947235E+00,-2.13555279E+00
+5.15000E-03,-2.08249240E+00,-2.09057780E+00,-2.11947235E+00,-2.13555279E+00
+5.17500E-03,-2.16168328E+00,-2.17097981E+00,-2.15428101E+00,-2.21595480E+00
+5.20000E-03,-2.23251172E+00,-2.17097981E+00,-2.19030080E+00,-2.20638124E+00
+5.22500E-03,-2.16168328E+00,-2.14453358E+00,-2.14698191E+00,-2.18950857E+00
+5.25000E-03,-2.09921726E+00,-2.15304382E+00,-2.11947235E+00,-2.09102277E+00
+5.27500E-03,-2.09936507E+00,-2.17097981E+00,-2.11947235E+00,-2.17978720E+00
+5.30000E-03,-2.08128127E+00,-2.17097981E+00,-2.11947235E+00,-2.16185121E+00
+5.32500E-03,-2.10072401E+00,-2.11002054E+00,-2.11947235E+00,-2.14527416E+00
+5.35000E-03,-2.20742444E+00,-2.17097981E+00,-2.16521351E+00,-2.18129395E+00
+5.37500E-03,-2.16168328E+00,-2.16962087E+00,-2.19987436E+00,-2.21595480E+00
+5.40000E-03,-2.16168328E+00,-2.17097981E+00,-2.12511690E+00,-2.21595480E+00
+5.42500E-03,-2.08828476E+00,-2.17097981E+00,-2.28027637E+00,-2.28234983E+00
+5.45000E-03,-2.24208529E+00,-2.11959410E+00,-2.11947235E+00,-2.16456909E+00
+5.47500E-03,-2.22671937E+00,-2.17097981E+00,-2.18450844E+00,-2.21595480E+00
+5.50000E-03,-2.16168328E+00,-2.17097981E+00,-2.16078009E+00,-2.13555279E+00
+5.52500E-03,-2.21835694E+00,-2.20392512E+00,-2.19987436E+00,-2.21595480E+00
+5.55000E-03,-2.16168328E+00,-2.17097981E+00,-2.11947235E+00,-2.21595480E+00
+5.57500E-03,-2.11337205E+00,-2.17097981E+00,-2.15156313E+00,-2.26426603E+00
+5.60000E-03,-2.16561229E+00,-2.17490882E+00,-2.11947235E+00,-2.13555279E+00
+5.62500E-03,-2.16168328E+00,-2.21092861E+00,-2.07901915E+00,-2.21595480E+00
+5.65000E-03,-2.16168328E+00,-2.25138182E+00,-2.20430778E+00,-2.29192339E+00
+5.67500E-03,-2.21049892E+00,-2.25138182E+00,-2.24869000E+00,-2.21595480E+00
+5.70000E-03,-2.17447913E+00,-2.18377566E+00,-2.13226820E+00,-2.28356096E+00
+5.72500E-03,-2.16168328E+00,-2.22815788E+00,-2.06229429E+00,-2.21595480E+00
+5.75000E-03,-2.16168328E+00,-2.17097981E+00,-2.14063063E+00,-2.27519853E+00
+5.77500E-03,-2.22722377E+00,-2.18584132E+00,-2.14919538E+00,-2.21595480E+00
+5.80000E-03,-2.26344588E+00,-2.17097981E+00,-2.19987436E+00,-2.24547551E+00
+5.82500E-03,-2.30948913E+00,-2.24488274E+00,-2.19987436E+00,-2.22245388E+00
+5.85000E-03,-2.19956641E+00,-2.21349868E+00,-2.15735549E+00,-2.17343593E+00
+5.87500E-03,-2.16168328E+00,-2.25138182E+00,-2.19801102E+00,-2.21595480E+00
+5.90000E-03,-2.22999616E+00,-2.21722538E+00,-2.16571792E+00,-2.21595480E+00
+5.92500E-03,-2.24208529E+00,-2.25138182E+00,-2.19987436E+00,-2.29635681E+00
+5.95000E-03,-2.24208529E+00,-2.22558781E+00,-2.19987436E+00,-2.27056280E+00
+5.97500E-03,-2.16168328E+00,-2.25138182E+00,-2.19987436E+00,-2.27776860E+00
+6.00000E-03,-2.24208529E+00,-2.25138182E+00,-2.19987436E+00,-2.23338638E+00
+6.02500E-03,-2.21513465E+00,-2.25138182E+00,-2.19987436E+00,-2.21595480E+00
+6.05000E-03,-2.16168328E+00,-2.24231267E+00,-2.19987436E+00,-2.28728766E+00
+6.07500E-03,-2.23230941E+00,-2.20629288E+00,-2.24496331E+00,-2.25126787E+00
+6.10000E-03,-2.24279201E+00,-2.17097981E+00,-2.19916764E+00,-2.13696624E+00
+6.12500E-03,-2.12495676E+00,-2.17097981E+00,-2.19987436E+00,-2.29635681E+00
+6.15000E-03,-2.24208529E+00,-2.24372611E+00,-2.13478377E+00,-2.21595480E+00
+6.17500E-03,-2.29412321E+00,-2.25138182E+00,-2.22823845E+00,-2.26799273E+00
+6.20000E-03,-2.29045102E+00,-2.23536368E+00,-2.26425824E+00,-2.29635681E+00
+6.22500E-03,-2.18168493E+00,-2.19098146E+00,-2.26027472E+00,-2.29635681E+00
+6.25000E-03,-2.26646585E+00,-2.25138182E+00,-2.19987436E+00,-2.24033537E+00
+6.27500E-03,-2.31084807E+00,-2.18261904E+00,-2.22315281E+00,-2.22759403E+00
+6.30000E-03,-2.24208529E+00,-2.20372281E+00,-2.23261736E+00,-2.24869780E+00
+6.32500E-03,-2.24208529E+00,-2.25138182E+00,-2.19987436E+00,-2.29635681E+00
+6.35000E-03,-2.24208529E+00,-2.29248725E+00,-2.27846753E+00,-2.21595480E+00
+6.37500E-03,-2.31740166E+00,-2.24629618E+00,-2.27519074E+00,-2.22104044E+00
+6.40000E-03,-2.24208529E+00,-2.25138182E+00,-2.24934222E+00,-2.26542266E+00
+6.42500E-03,-2.33593536E+00,-2.18442788E+00,-2.19987436E+00,-2.29635681E+00
+6.45000E-03,-2.18425500E+00,-2.25138182E+00,-2.25770465E+00,-2.27378509E+00
+6.47500E-03,-2.26389578E+00,-2.11238830E+00,-2.25846588E+00,-2.29635681E+00
+6.50000E-03,-2.22787599E+00,-2.26559111E+00,-2.26606708E+00,-2.31056611E+00
+6.52500E-03,-2.37271638E+00,-2.28155475E+00,-2.19987436E+00,-2.21595480E+00
+6.55000E-03,-2.24793215E+00,-2.33178383E+00,-2.27442951E+00,-2.29635681E+00
+6.57500E-03,-2.32248729E+00,-2.25138182E+00,-2.28027637E+00,-2.37675882E+00
+6.60000E-03,-2.39785817E+00,-2.25389739E+00,-2.27776081E+00,-2.29635681E+00
+6.62500E-03,-2.20858106E+00,-2.29827961E+00,-2.23337859E+00,-2.32986104E+00
+6.65000E-03,-2.24208529E+00,-2.19273581E+00,-2.26939838E+00,-2.28547882E+00
+6.67500E-03,-2.24208529E+00,-2.27652362E+00,-2.22501616E+00,-2.29635681E+00
+6.70000E-03,-2.24208529E+00,-2.27062225E+00,-2.21911479E+00,-2.29635681E+00
+6.72500E-03,-2.32248729E+00,-2.25138182E+00,-2.21665373E+00,-2.37675882E+00
+6.75000E-03,-2.37528645E+00,-2.25138182E+00,-2.25267352E+00,-2.29635681E+00
+6.77500E-03,-2.32248729E+00,-2.32336690E+00,-2.19987436E+00,-2.29635681E+00
+6.80000E-03,-2.27805057E+00,-2.21541654E+00,-2.24431109E+00,-2.34079354E+00
+6.82500E-03,-2.40278030E+00,-2.25138182E+00,-2.28027637E+00,-2.21600931E+00
+6.85000E-03,-2.27815958E+00,-2.33178383E+00,-2.19987436E+00,-2.30461023E+00
+6.87500E-03,-2.32248729E+00,-2.32347591E+00,-2.33575461E+00,-2.30466474E+00
+6.90000E-03,-2.32248729E+00,-2.30407197E+00,-2.25529809E+00,-2.34904696E+00
+6.92500E-03,-2.32248729E+00,-2.31511348E+00,-2.26360602E+00,-2.36008847E+00
+6.95000E-03,-2.26143472E+00,-2.19032925E+00,-2.28027637E+00,-2.37675882E+00
+6.97500E-03,-2.32248729E+00,-2.30675105E+00,-2.28027637E+00,-2.32138960E+00
+7.00000E-03,-2.31150029E+00,-2.39021183E+00,-2.22184837E+00,-2.36577182E+00
+7.02500E-03,-2.28909208E+00,-2.33178383E+00,-2.29388795E+00,-2.24935002E+00
+7.05000E-03,-2.32248729E+00,-2.33178383E+00,-2.28027637E+00,-2.37675882E+00
+7.07500E-03,-2.32248729E+00,-2.29313947E+00,-2.28027637E+00,-2.33811446E+00
+7.10000E-03,-2.24782314E+00,-2.33178383E+00,-2.28027637E+00,-2.37102097E+00
+7.12500E-03,-2.27236722E+00,-2.33178383E+00,-2.28027637E+00,-2.27651867E+00
+7.15000E-03,-2.30838701E+00,-2.31768355E+00,-2.36067838E+00,-2.37675882E+00
+7.17500E-03,-2.38096980E+00,-2.29522083E+00,-2.28027637E+00,-2.37675882E+00
+7.20000E-03,-2.34495001E+00,-2.33178383E+00,-2.33821567E+00,-2.29635681E+00
+7.22500E-03,-2.32248729E+00,-2.25138182E+00,-2.28027637E+00,-2.30991389E+00
+7.25000E-03,-2.32248729E+00,-2.33178383E+00,-2.32985324E+00,-2.29635681E+00
+7.27500E-03,-2.32248729E+00,-2.32658919E+00,-2.28027637E+00,-2.38195347E+00
+7.30000E-03,-2.36167487E+00,-2.33178383E+00,-2.28027637E+00,-2.25514238E+00
+7.32500E-03,-2.32565508E+00,-2.33178383E+00,-2.28344416E+00,-2.37675882E+00
+7.35000E-03,-2.37003730E+00,-2.33178383E+00,-2.32782638E+00,-2.34390682E+00
+7.37500E-03,-2.32248729E+00,-2.33178383E+00,-2.34914817E+00,-2.30788703E+00
+7.40000E-03,-2.34697687E+00,-2.33178383E+00,-2.30476595E+00,-2.32084639E+00
+7.42500E-03,-2.32248729E+00,-2.35167647E+00,-2.30016902E+00,-2.29635681E+00
+7.45000E-03,-2.27433958E+00,-2.33178383E+00,-2.29640352E+00,-2.36063168E+00
+7.47500E-03,-2.37463423E+00,-2.33178383E+00,-2.33242331E+00,-2.29635681E+00
+7.50000E-03,-2.33025201E+00,-2.41218584E+00,-2.28027637E+00,-2.30412153E+00
+7.52500E-03,-2.27870279E+00,-2.37556834E+00,-2.31689388E+00,-2.41337632E+00
+7.55000E-03,-2.40229159E+00,-2.41218584E+00,-2.36067838E+00,-2.29755224E+00
+7.57500E-03,-2.32248729E+00,-2.28680390E+00,-2.31569845E+00,-2.36720096E+00
+7.60000E-03,-2.39392916E+00,-2.33178383E+00,-2.42316010E+00,-2.38571896E+00
+7.62500E-03,-2.34954694E+00,-2.38512619E+00,-2.33439567E+00,-2.32341646E+00
+7.65000E-03,-2.38556673E+00,-2.33178383E+00,-2.36067838E+00,-2.37675882E+00
+7.67500E-03,-2.40288930E+00,-2.33178383E+00,-2.42238317E+00,-2.37675882E+00
+7.70000E-03,-2.34817230E+00,-2.33178383E+00,-2.33499338E+00,-2.43147583E+00
+7.72500E-03,-2.40288930E+00,-2.33178383E+00,-2.28027637E+00,-2.44682604E+00
+7.75000E-03,-2.43693674E+00,-2.37813841E+00,-2.36067838E+00,-2.37675882E+00
+7.77500E-03,-2.40091695E+00,-2.33375619E+00,-2.36067838E+00,-2.37675882E+00
+7.80000E-03,-2.35606173E+00,-2.36977598E+00,-2.36067838E+00,-2.41475097E+00
+7.82500E-03,-2.40288930E+00,-2.41218584E+00,-2.36067838E+00,-2.45077076E+00
+7.85000E-03,-2.40288930E+00,-2.41218584E+00,-2.33104867E+00,-2.32598653E+00
+7.87500E-03,-2.33723980E+00,-2.39743334E+00,-2.28027637E+00,-2.37675882E+00
+7.90000E-03,-2.36502187E+00,-2.39091855E+00,-2.30154366E+00,-2.37675882E+00
+7.92500E-03,-2.34560223E+00,-2.35489876E+00,-2.36067838E+00,-2.43404590E+00
+7.95000E-03,-2.33539215E+00,-2.33178383E+00,-2.42817553E+00,-2.37675882E+00
+7.97500E-03,-2.40288930E+00,-2.36326119E+00,-2.28027637E+00,-2.42568347E+00
+8.00000E-03,-2.39834688E+00,-2.41218584E+00,-2.43653796E+00,-2.37675882E+00
+8.02500E-03,-2.40288930E+00,-2.37162362E+00,-2.40051817E+00,-2.37748125E+00
+8.05000E-03,-2.40670931E+00,-2.33560383E+00,-2.43344039E+00,-2.37675882E+00
+8.07500E-03,-2.37068952E+00,-2.37998605E+00,-2.29627881E+00,-2.42496104E+00
+8.10000E-03,-2.40288930E+00,-2.41218584E+00,-2.37286081E+00,-2.30853924E+00
+8.12500E-03,-2.32248729E+00,-2.41218584E+00,-2.36067838E+00,-2.45716083E+00
+8.15000E-03,-2.42343417E+00,-2.41218584E+00,-2.40176811E+00,-2.45716083E+00
+8.17500E-03,-2.38741438E+00,-2.34725876E+00,-2.36067838E+00,-2.44168590E+00
+8.20000E-03,-2.43179660E+00,-2.41218584E+00,-2.36067838E+00,-2.37675882E+00
+8.22500E-03,-2.39577681E+00,-2.41218584E+00,-2.51436990E+00,-2.45004833E+00
+8.25000E-03,-2.40288930E+00,-2.36905355E+00,-2.36067838E+00,-2.41402854E+00
+8.27500E-03,-2.40413924E+00,-2.41218584E+00,-2.36192831E+00,-2.29760674E+00
+8.30000E-03,-2.39202701E+00,-2.42304813E+00,-2.32590852E+00,-2.42239097E+00
+8.32500E-03,-2.47367895E+00,-2.40257348E+00,-2.36067838E+00,-2.44754847E+00
+8.35000E-03,-2.34889472E+00,-2.35819126E+00,-2.36067838E+00,-2.40316625E+00
+8.37500E-03,-2.40288930E+00,-2.33178383E+00,-2.31622596E+00,-2.43918604E+00
+8.40000E-03,-2.46524631E+00,-2.34982883E+00,-2.36067838E+00,-2.50147284E+00
+8.42500E-03,-2.42922652E+00,-2.38584862E+00,-2.44108039E+00,-2.45716083E+00
+8.45000E-03,-2.33216986E+00,-2.41218584E+00,-2.42171525E+00,-2.38644139E+00
+8.47500E-03,-2.40288930E+00,-2.41218584E+00,-2.44108039E+00,-2.42246118E+00
+8.50000E-03,-2.40420944E+00,-2.49126771E+00,-2.36067838E+00,-2.45584069E+00
+8.52500E-03,-2.40288930E+00,-2.41218584E+00,-2.36067838E+00,-2.41409875E+00
+8.55000E-03,-2.40993159E+00,-2.34586841E+00,-2.36067838E+00,-2.45011854E+00
+8.57500E-03,-2.43186680E+00,-2.41218584E+00,-2.36067838E+00,-2.45716083E+00
+8.60000E-03,-2.41829402E+00,-2.47718313E+00,-2.44108039E+00,-2.37675882E+00
+8.62500E-03,-2.40288930E+00,-2.47197278E+00,-2.36067838E+00,-2.39737389E+00
+8.65000E-03,-2.40288930E+00,-2.38841869E+00,-2.36067838E+00,-2.37675882E+00
+8.67500E-03,-2.47103867E+00,-2.41218584E+00,-2.42882775E+00,-2.40126410E+00
+8.70000E-03,-2.40288930E+00,-2.36391341E+00,-2.39280796E+00,-2.42503125E+00
+8.72500E-03,-2.40677951E+00,-2.41218584E+00,-2.36067838E+00,-2.45716083E+00
+8.75000E-03,-2.44279930E+00,-2.45267785E+00,-2.40058838E+00,-2.45716083E+00
+8.77500E-03,-2.40288930E+00,-2.41218584E+00,-2.51253796E+00,-2.38570326E+00
+8.80000E-03,-2.40288930E+00,-2.41218584E+00,-2.36067838E+00,-2.45716083E+00
+8.82500E-03,-2.39005465E+00,-2.47975320E+00,-2.36067838E+00,-2.38959347E+00
+8.85000E-03,-2.42607444E+00,-2.35496897E+00,-2.44108039E+00,-2.43397569E+00
+8.87500E-03,-2.34368437E+00,-2.35298091E+00,-2.36067838E+00,-2.37675882E+00
+8.90000E-03,-2.46846860E+00,-2.47776514E+00,-2.44108039E+00,-2.50791742E+00
+8.92500E-03,-2.43244881E+00,-2.36134334E+00,-2.36067838E+00,-2.50800333E+00
+8.95000E-03,-2.47683103E+00,-2.41864612E+00,-2.36067838E+00,-2.52464228E+00
+8.97500E-03,-2.44081124E+00,-2.41218584E+00,-2.44108039E+00,-2.45716083E+00
+9.00000E-03,-2.40288930E+00,-2.41218584E+00,-2.36258053E+00,-2.53566069E+00
+9.02500E-03,-2.44917367E+00,-2.41218584E+00,-2.39479602E+00,-2.41087646E+00
+9.05000E-03,-2.34301645E+00,-2.42245042E+00,-2.37094296E+00,-2.38702340E+00
+9.07500E-03,-2.42864451E+00,-2.41218584E+00,-2.44108039E+00,-2.42826924E+00
+9.10000E-03,-2.48329131E+00,-2.49258785E+00,-2.42245338E+00,-2.45716083E+00
+9.12500E-03,-2.40288930E+00,-2.36656939E+00,-2.36067838E+00,-2.39415160E+00
+9.15000E-03,-2.40288930E+00,-2.41218584E+00,-2.49449296E+00,-2.43073770E+00
+9.17500E-03,-2.48329131E+00,-2.40315549E+00,-2.44108039E+00,-2.38578917E+00
+9.20000E-03,-2.44793944E+00,-2.44753771E+00,-2.40572852E+00,-2.41211069E+00
+9.22500E-03,-2.40288930E+00,-2.41285376E+00,-2.44041247E+00,-2.45716083E+00
+9.25000E-03,-2.43957701E+00,-2.41218584E+00,-2.44108039E+00,-2.49384854E+00
+9.27500E-03,-2.48329131E+00,-2.49258785E+00,-2.44108039E+00,-2.45716083E+00
+9.30000E-03,-2.40288930E+00,-2.41218584E+00,-2.36067838E+00,-2.45716083E+00
+9.32500E-03,-2.48329131E+00,-2.42824278E+00,-2.47319427E+00,-2.52150590E+00
+9.35000E-03,-2.46332846E+00,-2.55302701E+00,-2.38064123E+00,-2.51759999E+00
+9.37500E-03,-2.45887195E+00,-2.43660521E+00,-2.41666102E+00,-2.48158020E+00
+9.40000E-03,-2.48329131E+00,-2.49258785E+00,-2.37227880E+00,-2.45716083E+00
+9.42500E-03,-2.43567110E+00,-2.44496764E+00,-2.44108039E+00,-2.45716083E+00
+9.45000E-03,-2.48329131E+00,-2.41542383E+00,-2.44108039E+00,-2.53756284E+00
+9.47500E-03,-2.48140487E+00,-2.45144362E+00,-2.44108039E+00,-2.45716083E+00
+9.50000E-03,-2.48329131E+00,-2.49258785E+00,-2.37092726E+00,-2.45203639E+00
+9.52500E-03,-2.40288930E+00,-2.49258785E+00,-2.47197574E+00,-2.42626548E+00
+9.55000E-03,-2.48329131E+00,-2.54601612E+00,-2.42759352E+00,-2.52407597E+00
+9.57500E-03,-2.46075839E+00,-2.51512077E+00,-2.44108039E+00,-2.47969375E+00
+9.60000E-03,-2.54184402E+00,-2.49258785E+00,-2.49963310E+00,-2.45716083E+00
+9.62500E-03,-2.48329131E+00,-2.42635633E+00,-2.52148240E+00,-2.39092931E+00
+9.65000E-03,-2.48329131E+00,-2.49258785E+00,-2.44108039E+00,-2.50735111E+00
+9.67500E-03,-2.40288930E+00,-2.41799390E+00,-2.36648644E+00,-2.45716083E+00
+9.70000E-03,-2.44471716E+00,-2.45076000E+00,-2.44108039E+00,-2.49898868E+00
+9.72500E-03,-2.40288930E+00,-2.41474021E+00,-2.44108039E+00,-2.45716083E+00
+9.75000E-03,-2.48329131E+00,-2.45912243E+00,-2.47454581E+00,-2.45716083E+00
+9.77500E-03,-2.48329131E+00,-2.48167105E+00,-2.38251198E+00,-2.46807763E+00
+9.80000E-03,-2.53859033E+00,-2.46748486E+00,-2.47127642E+00,-2.45716083E+00
+9.82500E-03,-2.48329131E+00,-2.41218584E+00,-2.46035962E+00,-2.47644006E+00
+9.85000E-03,-2.48329131E+00,-2.49258785E+00,-2.52148240E+00,-2.45716083E+00
+9.87500E-03,-2.53605167E+00,-2.49258785E+00,-2.46619909E+00,-2.53756284E+00
+9.90000E-03,-2.48329131E+00,-2.49258785E+00,-2.36905652E+00,-2.45716083E+00
+9.92500E-03,-2.49168515E+00,-2.49258785E+00,-2.44108039E+00,-2.50155875E+00
+9.95000E-03,-2.48329131E+00,-2.49257215E+00,-2.44108039E+00,-2.53754714E+00
+9.97500E-03,-2.44725582E+00,-2.49258785E+00,-2.44108039E+00,-2.45716083E+00
+10.00000E-03,-2.48329131E+00,-2.48424112E+00,-2.44108039E+00,-2.52921611E+00
+10.02500E-03,-2.48329131E+00,-2.49258785E+00,-2.41602451E+00,-2.48483389E+00
+10.05000E-03,-2.54698417E+00,-2.49258785E+00,-2.50477324E+00,-2.45716083E+00
+10.07500E-03,-2.54438269E+00,-2.49258785E+00,-2.42176976E+00,-2.51825221E+00
+10.10000E-03,-2.51355015E+00,-2.49258785E+00,-2.44108039E+00,-2.48223242E+00
+10.12500E-03,-2.49423952E+00,-2.48163965E+00,-2.45202860E+00,-2.53756284E+00
+10.15000E-03,-2.53025931E+00,-2.41218584E+00,-2.52148240E+00,-2.49059485E+00
+10.17500E-03,-2.48329131E+00,-2.49258785E+00,-2.44108039E+00,-2.45716083E+00
+10.20000E-03,-2.52508776E+00,-2.49258785E+00,-2.48287684E+00,-2.53756284E+00
+10.22500E-03,-2.48906797E+00,-2.49258785E+00,-2.37223169E+00,-2.46293749E+00
+10.25000E-03,-2.61385220E+00,-2.49258785E+00,-2.52148240E+00,-2.53756284E+00
+10.27500E-03,-2.49743040E+00,-2.55885077E+00,-2.38895655E+00,-2.52342375E+00
+10.30000E-03,-2.48329131E+00,-2.49258785E+00,-2.44108039E+00,-2.51568214E+00
+10.32500E-03,-2.51869029E+00,-2.49258785E+00,-2.52148240E+00,-2.51506132E+00
+10.35000E-03,-2.49680959E+00,-2.49258785E+00,-2.44108039E+00,-2.45716083E+00
+10.37500E-03,-2.53282938E+00,-2.54212591E+00,-2.49061846E+00,-2.53756284E+00
+10.40000E-03,-2.55853748E+00,-2.49258785E+00,-2.51632656E+00,-2.46231668E+00
+10.42500E-03,-2.48329131E+00,-2.41218584E+00,-2.48225603E+00,-2.61796485E+00
+10.45000E-03,-2.40930247E+00,-2.49258785E+00,-2.44108039E+00,-2.46036742E+00
+10.47500E-03,-2.48329131E+00,-2.54017665E+00,-2.50670680E+00,-2.58515164E+00
+10.50000E-03,-2.48329131E+00,-2.56142084E+00,-2.45264941E+00,-2.53756284E+00
+10.52500E-03,-2.50774209E+00,-2.49258785E+00,-2.52148240E+00,-2.53756284E+00
+10.55000E-03,-2.54376188E+00,-2.49258785E+00,-2.46101184E+00,-2.51763140E+00
+10.57500E-03,-2.56369332E+00,-2.50867619E+00,-2.40894342E+00,-2.52147449E+00
+10.60000E-03,-2.51158519E+00,-2.52088172E+00,-2.46937427E+00,-2.58967097E+00
+10.62500E-03,-2.49101723E+00,-2.50031376E+00,-2.52920832E+00,-2.53756284E+00
+10.65000E-03,-2.52703702E+00,-2.57298986E+00,-2.47773670E+00,-2.53756284E+00
+10.67500E-03,-2.48329131E+00,-2.49258785E+00,-2.52084589E+00,-2.53756284E+00
+10.70000E-03,-2.52831005E+00,-2.48295239E+00,-2.48609913E+00,-2.49254411E+00
+10.72500E-03,-2.41188825E+00,-2.57298986E+00,-2.45007934E+00,-2.59996696E+00
+10.75000E-03,-2.51031216E+00,-2.49258785E+00,-2.54784272E+00,-2.51120252E+00
+10.77500E-03,-2.54633195E+00,-2.55562848E+00,-2.45844177E+00,-2.53756284E+00
+10.80000E-03,-2.52637649E+00,-2.49258785E+00,-2.44108039E+00,-2.41407565E+00
+10.82500E-03,-2.56369332E+00,-2.49258785E+00,-2.46680420E+00,-2.51183904E+00
+10.85000E-03,-2.56369332E+00,-2.50288384E+00,-2.52148240E+00,-2.54785883E+00
+10.87500E-03,-2.48329131E+00,-2.53890363E+00,-2.52148240E+00,-2.53756284E+00
+10.90000E-03,-2.48329131E+00,-2.49452141E+00,-2.51954884E+00,-2.53756284E+00
+10.92500E-03,-2.56369332E+00,-2.57298986E+00,-2.52148240E+00,-2.53756284E+00
+10.95000E-03,-2.55726445E+00,-2.56656099E+00,-2.52148240E+00,-2.53113397E+00
+10.97500E-03,-2.48329131E+00,-2.54339894E+00,-2.47067131E+00,-2.53756284E+00
+11.00000E-03,-2.46850001E+00,-2.50737915E+00,-2.58709311E+00,-2.52277154E+00
+11.02500E-03,-2.62286684E+00,-2.51381634E+00,-2.52148240E+00,-2.53756284E+00
+11.05000E-03,-2.56369332E+00,-2.57298986E+00,-2.48738786E+00,-2.53756284E+00
+11.07500E-03,-2.52188948E+00,-2.49258785E+00,-2.52148240E+00,-2.47002689E+00
+11.10000E-03,-2.53217716E+00,-2.49258785E+00,-2.47259655E+00,-2.48867699E+00
+11.12500E-03,-2.56369332E+00,-2.57298986E+00,-2.52598603E+00,-2.61346122E+00
+11.15000E-03,-2.52381473E+00,-2.49194303E+00,-2.52212722E+00,-2.57808626E+00
+11.17500E-03,-2.48329131E+00,-2.57298986E+00,-2.44493919E+00,-2.53370404E+00
+11.20000E-03,-2.56369332E+00,-2.52474884E+00,-2.47324138E+00,-2.53756284E+00
+11.22500E-03,-2.51995501E+00,-2.56076863E+00,-2.52148240E+00,-2.60574362E+00
+11.25000E-03,-2.56369332E+00,-2.49258785E+00,-2.52148240E+00,-2.45716083E+00
+11.27500E-03,-2.56369332E+00,-2.45335317E+00,-2.52148240E+00,-2.47774449E+00
+11.30000E-03,-2.49872744E+00,-2.55755373E+00,-2.52148240E+00,-2.52212671E+00
+11.32500E-03,-2.53474723E+00,-2.52153394E+00,-2.52148240E+00,-2.53756284E+00
+11.35000E-03,-2.56369332E+00,-2.56591616E+00,-2.44815409E+00,-2.53756284E+00
+11.37500E-03,-2.52638480E+00,-2.53568134E+00,-2.48417388E+00,-2.53756284E+00
+11.40000E-03,-2.48329131E+00,-2.57298986E+00,-2.44108039E+00,-2.53756284E+00
+11.42500E-03,-2.52896226E+00,-2.57298986E+00,-2.52148240E+00,-2.53756284E+00
+11.45000E-03,-2.55404216E+00,-2.50223901E+00,-2.53113356E+00,-2.60831369E+00
+11.47500E-03,-2.56369332E+00,-2.57298986E+00,-2.52148240E+00,-2.53756284E+00
+11.50000E-03,-2.50130490E+00,-2.51060144E+00,-2.53949599E+00,-2.53756284E+00
+11.52500E-03,-2.62608913E+00,-2.49258785E+00,-2.50347620E+00,-2.55556904E+00
+11.55000E-03,-2.56369332E+00,-2.51896387E+00,-2.57550839E+00,-2.48353685E+00
+11.57500E-03,-2.56369332E+00,-2.50223162E+00,-2.60188441E+00,-2.60832108E+00
+11.60000E-03,-2.56369332E+00,-2.53825141E+00,-2.52148240E+00,-2.58322640E+00
+11.62500E-03,-2.64409533E+00,-2.57298986E+00,-2.52148240E+00,-2.61796485E+00
+11.65000E-03,-2.56369332E+00,-2.53568873E+00,-2.48418127E+00,-2.58646347E+00
+11.67500E-03,-2.63701424E+00,-2.56590877E+00,-2.51440131E+00,-2.47132301E+00
+11.70000E-03,-2.53475462E+00,-2.54405116E+00,-2.49254370E+00,-2.48609953E+00
+11.72500E-03,-2.54824980E+00,-2.50803137E+00,-2.52148240E+00,-2.53756284E+00
+11.75000E-03,-2.54311705E+00,-2.49258785E+00,-2.60188441E+00,-2.53756284E+00
+11.77500E-03,-2.58749927E+00,-2.54918391E+00,-2.54528835E+00,-2.50477273E+00
+11.80000E-03,-2.55147948E+00,-2.50480169E+00,-2.45329423E+00,-2.60575101E+00
+11.82500E-03,-2.51545969E+00,-2.57298986E+00,-2.52148240E+00,-2.66619848E+00
+11.85000E-03,-2.56369332E+00,-2.49643926E+00,-2.44493180E+00,-2.61796485E+00
+11.87500E-03,-2.60356452E+00,-2.57298986E+00,-2.60188441E+00,-2.57809365E+00
+11.90000E-03,-2.55918230E+00,-2.49709887E+00,-2.59286237E+00,-2.60894281E+00
+11.92500E-03,-2.56369332E+00,-2.54148109E+00,-2.57037564E+00,-2.58645608E+00
+11.95000E-03,-2.57656677E+00,-2.57298986E+00,-2.53435585E+00,-2.53756284E+00
+11.97500E-03,-2.50643765E+00,-2.54984352E+00,-2.52148240E+00,-2.56070918E+00
+12.00000E-03,-2.58492920E+00,-2.49258785E+00,-2.54271828E+00,-2.63465922E+00
+12.02500E-03,-2.57847723E+00,-2.57298986E+00,-2.53626631E+00,-2.60318094E+00
+12.05000E-03,-2.56369332E+00,-2.54339155E+00,-2.51308948E+00,-2.56716115E+00
+12.07500E-03,-2.63767385E+00,-2.57298986E+00,-2.58904145E+00,-2.53756284E+00
+12.10000E-03,-2.56369332E+00,-2.57298986E+00,-2.55944314E+00,-2.53756284E+00
+12.12500E-03,-2.56175237E+00,-2.57493081E+00,-2.44302134E+00,-2.61602390E+00
+12.15000E-03,-2.56369332E+00,-2.57298986E+00,-2.52148240E+00,-2.57164168E+00
+12.17500E-03,-2.64409533E+00,-2.50289123E+00,-2.45138377E+00,-2.54786622E+00
+12.20000E-03,-2.56369332E+00,-2.54727345E+00,-2.46679680E+00,-2.56327925E+00
+12.22500E-03,-2.56369332E+00,-2.55432405E+00,-2.45974620E+00,-2.67970105E+00
+12.25000E-03,-2.48329131E+00,-2.63603789E+00,-2.53883638E+00,-2.61796485E+00
+12.27500E-03,-2.56369332E+00,-2.57298986E+00,-2.52148240E+00,-2.59161932E+00
+12.30000E-03,-2.56369332E+00,-2.63540877E+00,-2.53047395E+00,-2.60897330E+00
+12.32500E-03,-2.56369332E+00,-2.57298986E+00,-2.44108039E+00,-2.58257418E+00
+12.35000E-03,-2.48392043E+00,-2.57298986E+00,-2.60188441E+00,-2.53819196E+00
+12.37500E-03,-2.56369332E+00,-2.57298986E+00,-2.60188441E+00,-2.61796485E+00
+12.40000E-03,-2.49102462E+00,-2.64565856E+00,-2.52148240E+00,-2.61023154E+00
+12.42500E-03,-2.59197980E+00,-2.54470338E+00,-2.54976888E+00,-2.53756284E+00
+12.45000E-03,-2.56369332E+00,-2.55689412E+00,-2.52148240E+00,-2.58577337E+00
+12.47500E-03,-2.56369332E+00,-2.57298986E+00,-2.64243832E+00,-2.55748689E+00
+12.50000E-03,-2.59517899E+00,-2.59744803E+00,-2.57742624E+00,-2.61796485E+00
+12.52500E-03,-2.56369332E+00,-2.64183025E+00,-2.52148240E+00,-2.61796485E+00
+12.55000E-03,-2.56369332E+00,-2.60581046E+00,-2.52148240E+00,-2.58514425E+00
+12.57500E-03,-2.56369332E+00,-2.57298986E+00,-2.44427958E+00,-2.54076203E+00
+12.60000E-03,-2.64409533E+00,-2.57298986E+00,-2.51951835E+00,-2.65914788E+00
+12.62500E-03,-2.63893209E+00,-2.57298986E+00,-2.60188441E+00,-2.54272608E+00
+12.65000E-03,-2.53283677E+00,-2.52344440E+00,-2.52148240E+00,-2.59927594E+00
+12.67500E-03,-2.52386832E+00,-2.57298986E+00,-2.53500807E+00,-2.55108851E+00
+12.70000E-03,-2.56369332E+00,-2.57298986E+00,-2.52148240E+00,-2.56005696E+00
+12.72500E-03,-2.62220723E+00,-2.61676605E+00,-2.57999631E+00,-2.59607675E+00
+12.75000E-03,-2.56369332E+00,-2.63926018E+00,-2.52148240E+00,-2.53756284E+00
+12.77500E-03,-2.56369332E+00,-2.54273933E+00,-2.54138335E+00,-2.58771432E+00
+12.80000E-03,-2.56369332E+00,-2.57875912E+00,-2.59611515E+00,-2.54910136E+00
+12.82500E-03,-2.48329131E+00,-2.53437690E+00,-2.56009536E+00,-2.62114094E+00
+12.85000E-03,-2.56369332E+00,-2.57298986E+00,-2.67710008E+00,-2.61796485E+00
+12.87500E-03,-2.59711994E+00,-2.65339187E+00,-2.52148240E+00,-2.57098946E+00
+12.90000E-03,-2.50520251E+00,-2.57298986E+00,-2.52148240E+00,-2.61796485E+00
+12.92500E-03,-2.66915952E+00,-2.59805405E+00,-2.60188441E+00,-2.61796485E+00
+12.95000E-03,-2.56369332E+00,-2.57298986E+00,-2.52148240E+00,-2.63728288E+00
+12.97500E-03,-2.56369332E+00,-2.58969162E+00,-2.53818416E+00,-2.60126309E+00
+13.00000E-03,-2.59137378E+00,-2.57298986E+00,-2.52148240E+00,-2.61796485E+00
+13.02500E-03,-2.56369332E+00,-2.57298986E+00,-2.52982173E+00,-2.60962552E+00
+13.05000E-03,-2.56369332E+00,-2.57298986E+00,-2.60188441E+00,-2.58192196E+00
+13.07500E-03,-2.56369332E+00,-2.49261095E+00,-2.60186131E+00,-2.69832066E+00
+13.10000E-03,-2.60809864E+00,-2.58139848E+00,-2.55747909E+00,-2.54597146E+00
+13.12500E-03,-2.56369332E+00,-2.58137539E+00,-2.60188441E+00,-2.60957932E+00
+13.15000E-03,-2.61646107E+00,-2.60062412E+00,-2.52148240E+00,-2.64559911E+00
+13.17500E-03,-2.64409533E+00,-2.57298986E+00,-2.58513645E+00,-2.61796485E+00
+13.20000E-03,-2.56369332E+00,-2.51185968E+00,-2.52148240E+00,-2.63723668E+00
+13.22500E-03,-2.56369332E+00,-2.57298986E+00,-2.60188441E+00,-2.53756284E+00
+13.25000E-03,-2.57460273E+00,-2.57298986E+00,-2.53239180E+00,-2.68745745E+00
+13.27500E-03,-2.56369332E+00,-2.61991905E+00,-2.55495522E+00,-2.58449203E+00
+13.30000E-03,-2.56369332E+00,-2.57298986E+00,-2.52402937E+00,-2.53501587E+00
+13.32500E-03,-2.64409533E+00,-2.61482510E+00,-2.60188441E+00,-2.61796485E+00
+13.35000E-03,-2.64409533E+00,-2.57298986E+00,-2.60188441E+00,-2.61214939E+00
+13.37500E-03,-2.66408867E+00,-2.57298986E+00,-2.60188441E+00,-2.61796485E+00
+13.40000E-03,-2.56369332E+00,-2.57298986E+00,-2.58770652E+00,-2.55174073E+00
+13.42500E-03,-2.58553523E+00,-2.57298986E+00,-2.62372631E+00,-2.53756284E+00
+13.45000E-03,-2.62155502E+00,-2.51512817E+00,-2.65974610E+00,-2.61796485E+00
+13.47500E-03,-2.56369332E+00,-2.58646933E+00,-2.60188441E+00,-2.61796485E+00
+13.50000E-03,-2.59459607E+00,-2.62248912E+00,-2.58328789E+00,-2.61796485E+00
+13.52500E-03,-2.56369332E+00,-2.65339187E+00,-2.60188441E+00,-2.54267988E+00
+13.55000E-03,-2.64222367E+00,-2.57298986E+00,-2.56261923E+00,-2.57682802E+00
+13.57500E-03,-2.64734072E+00,-2.65014648E+00,-2.60188441E+00,-2.61471946E+00
+13.60000E-03,-2.69172294E+00,-2.60576426E+00,-2.52148240E+00,-2.61796485E+00
+13.62500E-03,-2.64409533E+00,-2.66499968E+00,-2.59027659E+00,-2.60635703E+00
+13.65000E-03,-2.64409533E+00,-2.57298986E+00,-2.63346247E+00,-2.61796485E+00
+13.67500E-03,-2.50326156E+00,-2.63342162E+00,-2.60188441E+00,-2.55753308E+00
+13.70000E-03,-2.56369332E+00,-2.63734232E+00,-2.61793395E+00,-2.61796485E+00
+13.72500E-03,-2.62035867E+00,-2.62505919E+00,-2.54981508E+00,-2.64170151E+00
+13.75000E-03,-2.57138044E+00,-2.64570475E+00,-2.60188441E+00,-2.55293707E+00
+13.77500E-03,-2.68780224E+00,-2.65339187E+00,-2.60188441E+00,-2.65465995E+00
+13.80000E-03,-2.64274470E+00,-2.57366517E+00,-2.60188441E+00,-2.61796485E+00
+13.82500E-03,-2.59903780E+00,-2.57298986E+00,-2.55682688E+00,-2.58262037E+00
+13.85000E-03,-2.57273107E+00,-2.58202760E+00,-2.59284666E+00,-2.62700259E+00
+13.87500E-03,-2.64409533E+00,-2.65339187E+00,-2.52148240E+00,-2.64440277E+00
+13.90000E-03,-2.62669516E+00,-2.65339187E+00,-2.53888258E+00,-2.60056467E+00
+13.92500E-03,-2.62547572E+00,-2.63477225E+00,-2.62050402E+00,-2.61796485E+00
+13.95000E-03,-2.58945593E+00,-2.60186666E+00,-2.60188441E+00,-2.67260425E+00
+13.97500E-03,-2.57395051E+00,-2.57298986E+00,-2.53173959E+00,-2.62822203E+00
+14.00000E-03,-2.64409533E+00,-2.60711489E+00,-2.60188441E+00,-2.63011679E+00
+14.02500E-03,-2.56369332E+00,-2.57298986E+00,-2.60188441E+00,-2.61796485E+00
+14.05000E-03,-2.64409533E+00,-2.61090440E+00,-2.55939695E+00,-2.57547738E+00
+14.07500E-03,-2.48975899E+00,-2.57298986E+00,-2.60188441E+00,-2.61149717E+00
+14.10000E-03,-2.64409533E+00,-2.57298986E+00,-2.57233229E+00,-2.64751696E+00
+14.12500E-03,-2.56369332E+00,-2.58781996E+00,-2.53631250E+00,-2.68353675E+00
+14.15000E-03,-2.64409533E+00,-2.57298986E+00,-2.62307410E+00,-2.61796485E+00
+14.17500E-03,-2.62090280E+00,-2.57298986E+00,-2.63590135E+00,-2.61796485E+00
+14.20000E-03,-2.56369332E+00,-2.58581711E+00,-2.66945916E+00,-2.53756284E+00
+14.22500E-03,-2.56369332E+00,-2.60454482E+00,-2.57032945E+00,-2.56911780E+00
+14.25000E-03,-2.64409533E+00,-2.57745468E+00,-2.60188441E+00,-2.61796485E+00
+14.27500E-03,-2.56369332E+00,-2.61347447E+00,-2.64236903E+00,-2.65788224E+00
+14.30000E-03,-2.64019773E+00,-2.65339187E+00,-2.60188441E+00,-2.62186245E+00
+14.32500E-03,-2.61197315E+00,-2.60511204E+00,-2.60188441E+00,-2.66624467E+00
+14.35000E-03,-2.58821339E+00,-2.64113183E+00,-2.58962438E+00,-2.61796485E+00
+14.37500E-03,-2.62033558E+00,-2.59674962E+00,-2.60188441E+00,-2.67460710E+00
+14.40000E-03,-2.64409533E+00,-2.57298986E+00,-2.62250687E+00,-2.59734239E+00
+14.42500E-03,-2.64409533E+00,-2.65339187E+00,-2.66688909E+00,-2.68296953E+00
+14.45000E-03,-2.64409533E+00,-2.65339187E+00,-2.63086930E+00,-2.58897996E+00
+14.47500E-03,-2.56369332E+00,-2.58002476E+00,-2.60188441E+00,-2.69836686E+00
+14.50000E-03,-2.60674801E+00,-2.61604455E+00,-2.63923173E+00,-2.58061753E+00
+14.52500E-03,-2.64409533E+00,-2.65339187E+00,-2.67963135E+00,-2.61929238E+00
+14.55000E-03,-2.56369332E+00,-2.65339187E+00,-2.60188441E+00,-2.65265711E+00
+14.57500E-03,-2.65378529E+00,-2.57298986E+00,-2.54086233E+00,-2.68867690E+00
+14.60000E-03,-2.61635298E+00,-2.54524750E+00,-2.52148240E+00,-2.61796485E+00
+14.62500E-03,-2.58174571E+00,-2.69768909E+00,-2.60188441E+00,-2.55561523E+00
+14.65000E-03,-2.62612793E+00,-2.63542447E+00,-2.60188441E+00,-2.61796485E+00
+14.67500E-03,-2.64409533E+00,-2.57298986E+00,-2.65587160E+00,-2.61796485E+00
+14.70000E-03,-2.57329829E+00,-2.65339187E+00,-2.59227944E+00,-2.61796485E+00
+14.72500E-03,-2.64409533E+00,-2.61861462E+00,-2.60188441E+00,-2.65274210E+00
+14.75000E-03,-2.56493586E+00,-2.73255134E+00,-2.60064187E+00,-2.61796485E+00
+14.77500E-03,-2.64997269E+00,-2.69653155E+00,-2.64502409E+00,-2.61796485E+00
+14.80000E-03,-2.57081321E+00,-2.64627198E+00,-2.68940631E+00,-2.62508474E+00
+14.82500E-03,-2.69559744E+00,-2.65339187E+00,-2.60188441E+00,-2.64686475E+00
+14.85000E-03,-2.69353270E+00,-2.65339187E+00,-2.61736673E+00,-2.68288454E+00
+14.87500E-03,-2.56369332E+00,-2.63285440E+00,-2.58134694E+00,-2.61796485E+00
+14.90000E-03,-2.50713606E+00,-2.65339187E+00,-2.60188441E+00,-2.64180960E+00
+14.92500E-03,-2.56369332E+00,-2.59733994E+00,-2.58970937E+00,-2.68619182E+00
+14.95000E-03,-2.69229016E+00,-2.65339187E+00,-2.55368958E+00,-2.58575767E+00
+14.97500E-03,-2.64028272E+00,-2.65339187E+00,-2.60188441E+00,-2.62177746E+00
+15.00000E-03,-2.64409533E+00,-2.57298986E+00,-2.60188441E+00,-2.65853446E+00
+15.02500E-03,-2.63954551E+00,-2.64429223E+00,-2.60188441E+00,-2.69381704E+00
+15.05000E-03,-2.59516329E+00,-2.60445983E+00,-2.65081645E+00,-2.63542692E+00
+15.07500E-03,-2.64409533E+00,-2.64047962E+00,-2.61479666E+00,-2.68545461E+00
+15.10000E-03,-2.62098779E+00,-2.65339187E+00,-2.56769748E+00,-2.61796485E+00
+15.12500E-03,-2.70322266E+00,-2.57298986E+00,-2.58060973E+00,-2.69836686E+00
+15.15000E-03,-2.62935022E+00,-2.65339187E+00,-2.60188441E+00,-2.63270996E+00
+15.17500E-03,-2.59333043E+00,-2.65339187E+00,-2.57224730E+00,-2.74913176E+00
+15.20000E-03,-2.57645868E+00,-2.65339187E+00,-2.68228642E+00,-2.69198418E+00
+15.22500E-03,-2.60169286E+00,-2.69579434E+00,-2.68228642E+00,-2.65596439E+00
+15.25000E-03,-2.64607508E+00,-2.65339187E+00,-2.52346215E+00,-2.61796485E+00
+15.27500E-03,-2.59773336E+00,-2.60702990E+00,-2.64824638E+00,-2.66432682E+00
+15.30000E-03,-2.64409533E+00,-2.65339187E+00,-2.62256877E+00,-2.68802468E+00
+15.32500E-03,-2.64409533E+00,-2.59866747E+00,-2.60188441E+00,-2.61796485E+00
+15.35000E-03,-2.60110254E+00,-2.61039908E+00,-2.60188441E+00,-2.63666946E+00
+15.37500E-03,-2.64409533E+00,-2.65339187E+00,-2.60188441E+00,-2.68105168E+00
+15.40000E-03,-2.67116237E+00,-2.57298986E+00,-2.60188441E+00,-2.67129982E+00
+15.42500E-03,-2.64409533E+00,-2.65339187E+00,-2.60188441E+00,-2.61796485E+00
+15.45000E-03,-2.65363840E+00,-2.65339187E+00,-2.64685695E+00,-2.61796485E+00
+15.47500E-03,-2.56428364E+00,-2.73320356E+00,-2.52207272E+00,-2.69836686E+00
+15.50000E-03,-2.60748522E+00,-2.65339187E+00,-2.56527430E+00,-2.61796485E+00
+15.52500E-03,-2.64409533E+00,-2.57298986E+00,-2.75491632E+00,-2.53756284E+00
+15.55000E-03,-2.67234301E+00,-2.65339187E+00,-2.60188441E+00,-2.69836686E+00
+15.57500E-03,-2.64409533E+00,-2.65339187E+00,-2.60188441E+00,-2.56983192E+00
+15.60000E-03,-2.64409533E+00,-2.63350662E+00,-2.58199916E+00,-2.69836686E+00
+15.62500E-03,-2.56369332E+00,-2.68479994E+00,-2.65778945E+00,-2.61796485E+00
+15.65000E-03,-2.56369332E+00,-2.65339187E+00,-2.61340723E+00,-2.61796485E+00
+15.67500E-03,-2.59655272E+00,-2.68625127E+00,-2.68228642E+00,-2.61796485E+00
+15.70000E-03,-2.64409533E+00,-2.65339187E+00,-2.60188441E+00,-2.69520647E+00
+15.72500E-03,-2.64409533E+00,-2.61217004E+00,-2.56270423E+00,-2.65918668E+00
+15.75000E-03,-2.63889329E+00,-2.57298986E+00,-2.60708645E+00,-2.61796485E+00
+15.77500E-03,-2.67491308E+00,-2.57298986E+00,-2.60188441E+00,-2.59919834E+00
+15.80000E-03,-2.57725779E+00,-2.63982740E+00,-2.60188441E+00,-2.60440038E+00
+15.82500E-03,-2.64409533E+00,-2.63093655E+00,-2.54393772E+00,-2.69836686E+00
+15.85000E-03,-2.58562022E+00,-2.61684366E+00,-2.60188441E+00,-2.61796485E+00
+15.87500E-03,-2.64409533E+00,-2.65339187E+00,-2.66819353E+00,-2.61796485E+00
+15.90000E-03,-2.64409533E+00,-2.62310254E+00,-2.60188441E+00,-2.69836686E+00
+15.92500E-03,-2.72449734E+00,-2.65339187E+00,-2.60761487E+00,-2.61223439E+00
+15.95000E-03,-2.64099684E+00,-2.65339187E+00,-2.60188441E+00,-2.61796485E+00
+15.97500E-03,-2.56369332E+00,-2.65075990E+00,-2.67702248E+00,-2.61796485E+00
+16.00000E-03,-2.56369332E+00,-2.65339187E+00,-2.63527223E+00,-2.69836686E+00
+16.02500E-03,-2.56369332E+00,-2.64239747E+00,-2.60188441E+00,-2.68737246E+00
+16.05000E-03,-2.66912072E+00,-2.65339187E+00,-2.60188441E+00,-2.64299024E+00
+16.07500E-03,-2.66345216E+00,-2.71443705E+00,-2.60188441E+00,-2.63732168E+00
+16.10000E-03,-2.66075829E+00,-2.65339187E+00,-2.61854737E+00,-2.68170390E+00
+16.12500E-03,-2.64409533E+00,-2.68111113E+00,-2.57692092E+00,-2.69836686E+00
+16.15000E-03,-2.63579480E+00,-2.65339187E+00,-2.52978293E+00,-2.69006633E+00
+16.17500E-03,-2.64409533E+00,-2.61731018E+00,-2.63796610E+00,-2.61796485E+00
+16.20000E-03,-2.72437354E+00,-2.65339187E+00,-2.68222452E+00,-2.61796485E+00
+16.22500E-03,-2.64409533E+00,-2.69783599E+00,-2.60188441E+00,-2.61796485E+00
+16.25000E-03,-2.66094399E+00,-2.64496754E+00,-2.60188441E+00,-2.62638918E+00
+16.27500E-03,-2.64409533E+00,-2.60058532E+00,-2.62947987E+00,-2.61796485E+00
+16.30000E-03,-2.64409533E+00,-2.58977662E+00,-2.66549966E+00,-2.68158010E+00
+16.32500E-03,-2.62486230E+00,-2.65339187E+00,-2.62111744E+00,-2.69836686E+00
+16.35000E-03,-2.61894614E+00,-2.65339187E+00,-2.60188441E+00,-2.69836686E+00
+16.37500E-03,-2.65496593E+00,-2.58386046E+00,-2.61275501E+00,-2.68749626E+00
+16.40000E-03,-2.63071656E+00,-2.65339187E+00,-2.68228642E+00,-2.61796485E+00
+16.42500E-03,-2.64660350E+00,-2.73379388E+00,-2.60439258E+00,-2.69836686E+00
+16.45000E-03,-2.60556737E+00,-2.69191983E+00,-2.60188441E+00,-2.61796485E+00
+16.47500E-03,-2.71278883E+00,-2.64753761E+00,-2.68228642E+00,-2.77291461E+00
+16.50000E-03,-2.64409533E+00,-2.62322634E+00,-2.60188441E+00,-2.66820133E+00
+16.52500E-03,-2.72449734E+00,-2.65339187E+00,-2.66806973E+00,-2.69836686E+00
+16.55000E-03,-2.70269424E+00,-2.65339187E+00,-2.70408952E+00,-2.67656376E+00
+16.57500E-03,-2.68925356E+00,-2.65339187E+00,-2.68228642E+00,-2.61796485E+00
+16.60000E-03,-2.59057467E+00,-2.65339187E+00,-2.53492307E+00,-2.68492618E+00
+16.62500E-03,-2.64409533E+00,-2.65339187E+00,-2.60188441E+00,-2.69836686E+00
+16.65000E-03,-2.64409533E+00,-2.65339187E+00,-2.60696265E+00,-2.69328861E+00
+16.67500E-03,-2.68339931E+00,-2.65339187E+00,-2.72159040E+00,-2.61796485E+00
+16.70000E-03,-2.64409533E+00,-2.57627405E+00,-2.60188441E+00,-2.62124904E+00
+16.72500E-03,-2.64409533E+00,-2.57298986E+00,-2.60188441E+00,-2.61796485E+00
+16.75000E-03,-2.58698655E+00,-2.65339187E+00,-2.61353103E+00,-2.54920946E+00
+16.77500E-03,-2.58806650E+00,-2.65339187E+00,-2.54585557E+00,-2.69836686E+00
+16.80000E-03,-2.58370237E+00,-2.63338282E+00,-2.58187536E+00,-2.61796485E+00
+16.82500E-03,-2.62808459E+00,-2.65339187E+00,-2.66627568E+00,-2.68235611E+00
+16.85000E-03,-2.67246681E+00,-2.65339187E+00,-2.63025589E+00,-2.69836686E+00
+16.87500E-03,-2.72449734E+00,-2.66104018E+00,-2.60188441E+00,-2.63326148E+00
+16.90000E-03,-2.73143154E+00,-2.64645767E+00,-2.72595452E+00,-2.66163295E+00
+16.92500E-03,-2.72306911E+00,-2.65267775E+00,-2.68157230E+00,-2.69765274E+00
+16.95000E-03,-2.64409533E+00,-2.65339187E+00,-2.60188441E+00,-2.69836686E+00
+16.97500E-03,-2.72449734E+00,-2.65339187E+00,-2.60188441E+00,-2.76061578E+00
+17.00000E-03,-2.64409533E+00,-2.65339187E+00,-2.65534317E+00,-2.67142361E+00
+17.02500E-03,-2.64409533E+00,-2.65339187E+00,-2.74524945E+00,-2.63540382E+00
+17.05000E-03,-2.66267615E+00,-2.65339187E+00,-2.68228642E+00,-2.67978604E+00
+17.07500E-03,-2.64409533E+00,-2.68219107E+00,-2.65648501E+00,-2.67256545E+00
+17.10000E-03,-2.50372808E+00,-2.57298986E+00,-2.67206803E+00,-2.67793009E+00
+17.12500E-03,-2.69033351E+00,-2.65339187E+00,-2.60188441E+00,-2.65212868E+00
+17.15000E-03,-2.64595129E+00,-2.65339187E+00,-2.60188441E+00,-2.69836686E+00
+17.17500E-03,-2.68662160E+00,-2.65339187E+00,-2.60188441E+00,-2.58008910E+00
+17.20000E-03,-2.73100382E+00,-2.64688539E+00,-2.60839088E+00,-2.62447132E+00
+17.22500E-03,-2.72449734E+00,-2.65339187E+00,-2.60188441E+00,-2.69836686E+00
+17.25000E-03,-2.70962844E+00,-2.65339187E+00,-2.60188441E+00,-2.68349795E+00
+17.27500E-03,-2.72449734E+00,-2.67454275E+00,-2.62303529E+00,-2.67721597E+00
+17.30000E-03,-2.64409533E+00,-2.67662320E+00,-2.60188441E+00,-2.61796485E+00
+17.32500E-03,-2.71170889E+00,-2.72100542E+00,-2.61467287E+00,-2.69836686E+00
+17.35000E-03,-2.67568910E+00,-2.68498563E+00,-2.60188441E+00,-2.64955861E+00
+17.37500E-03,-2.64409533E+00,-2.72936785E+00,-2.60188441E+00,-2.70279288E+00
+17.40000E-03,-2.68454115E+00,-2.69334806E+00,-2.60188441E+00,-2.65841066E+00
+17.42500E-03,-2.72449734E+00,-2.65339187E+00,-2.68228642E+00,-2.61796485E+00
+17.45000E-03,-2.67617872E+00,-2.68547525E+00,-2.63396780E+00,-2.58588146E+00
+17.47500E-03,-2.64409533E+00,-2.58528869E+00,-2.60188441E+00,-2.63026368E+00
+17.50000E-03,-2.66781629E+00,-2.65339187E+00,-2.60188441E+00,-2.67464590E+00
+17.52500E-03,-2.70383608E+00,-2.61431239E+00,-2.74202716E+00,-2.67770559E+00
+17.55000E-03,-2.60976890E+00,-2.63803334E+00,-2.61724294E+00,-2.69836686E+00
+17.57500E-03,-2.69547365E+00,-2.68241556E+00,-2.65326273E+00,-2.66934316E+00
+17.60000E-03,-2.64409533E+00,-2.73379388E+00,-2.60888051E+00,-2.69137076E+00
+17.62500E-03,-2.60670921E+00,-2.57298986E+00,-2.64490030E+00,-2.61796485E+00
+17.65000E-03,-2.72313101E+00,-2.65339187E+00,-2.68092009E+00,-2.61796485E+00
+17.67500E-03,-2.68984388E+00,-2.60764331E+00,-2.64763296E+00,-2.66371340E+00
+17.70000E-03,-2.64409533E+00,-2.65339187E+00,-2.61161317E+00,-2.69836686E+00
+17.72500E-03,-2.72449734E+00,-2.70750285E+00,-2.65599539E+00,-2.59014489E+00
+17.75000E-03,-2.59987571E+00,-2.60917224E+00,-2.70037761E+00,-2.69836686E+00
+17.77500E-03,-2.64409533E+00,-2.71586528E+00,-2.60188441E+00,-2.76084027E+00
+17.80000E-03,-2.72449734E+00,-2.59944348E+00,-2.60188441E+00,-2.69836686E+00
+17.82500E-03,-2.65366150E+00,-2.58255603E+00,-2.62101674E+00,-2.68880069E+00
+17.85000E-03,-2.59850937E+00,-2.61857582E+00,-2.64747037E+00,-2.65278090E+00
+17.87500E-03,-2.64529907E+00,-2.65459560E+00,-2.68108268E+00,-2.61796485E+00
+17.90000E-03,-2.72449734E+00,-2.69061539E+00,-2.68228642E+00,-2.65518838E+00
+17.92500E-03,-2.64409533E+00,-2.65339187E+00,-2.60904310E+00,-2.61796485E+00
+17.95000E-03,-2.61523423E+00,-2.68225296E+00,-2.60188441E+00,-2.64682595E+00
+17.97500E-03,-2.72449734E+00,-2.65339187E+00,-2.61740553E+00,-2.69836686E+00
+18.00000E-03,-2.64409533E+00,-2.71329521E+00,-2.60188441E+00,-2.67786819E+00
+18.02500E-03,-2.75713225E+00,-2.59687341E+00,-2.65840287E+00,-2.67448331E+00
+18.05000E-03,-2.78062687E+00,-2.73379388E+00,-2.61402065E+00,-2.76663263E+00
+18.07500E-03,-2.64409533E+00,-2.65339187E+00,-2.63413039E+00,-2.66612088E+00
+18.10000E-03,-2.64032152E+00,-2.73379388E+00,-2.67851261E+00,-2.69836686E+00
+18.12500E-03,-2.64409533E+00,-2.65420668E+00,-2.64167801E+00,-2.69836686E+00
+18.15000E-03,-2.64409533E+00,-2.73379388E+00,-2.60188441E+00,-2.69377824E+00
+18.17500E-03,-2.67552650E+00,-2.60442103E+00,-2.63331558E+00,-2.64939602E+00
+18.20000E-03,-2.72449734E+00,-2.64044082E+00,-2.60188441E+00,-2.68541581E+00
+18.22500E-03,-2.70142860E+00,-2.65339187E+00,-2.65921768E+00,-2.65222938E+00
+18.25000E-03,-2.64409533E+00,-2.65339187E+00,-2.68228642E+00,-2.69836686E+00
+18.27500E-03,-2.59310594E+00,-2.60240247E+00,-2.66758011E+00,-2.69836686E+00
+18.30000E-03,-2.67377124E+00,-2.70411797E+00,-2.63156032E+00,-2.61796485E+00
+18.32500E-03,-2.65043921E+00,-2.65339187E+00,-2.60822829E+00,-2.69836686E+00
+18.35000E-03,-2.68645900E+00,-2.65339187E+00,-2.68228642E+00,-2.65600319E+00
+18.37500E-03,-2.64409533E+00,-2.65137332E+00,-2.52350095E+00,-2.69836686E+00
+18.40000E-03,-2.65649486E+00,-2.65339187E+00,-2.64828518E+00,-2.65196609E+00
+18.42500E-03,-2.72449734E+00,-2.65339187E+00,-2.74192647E+00,-2.63872681E+00
+18.45000E-03,-2.77926054E+00,-2.65339187E+00,-2.71141081E+00,-2.64360366E+00
+18.47500E-03,-2.70575393E+00,-2.71505047E+00,-2.60188441E+00,-2.63670826E+00
+18.50000E-03,-2.66137171E+00,-2.65339187E+00,-2.66501004E+00,-2.69836686E+00
+18.52500E-03,-2.64409533E+00,-2.65339187E+00,-2.60188441E+00,-2.69836686E+00
+18.55000E-03,-2.65300928E+00,-2.66230582E+00,-2.68228642E+00,-2.69836686E+00
+18.57500E-03,-2.69849454E+00,-2.64392640E+00,-2.60188441E+00,-2.66289859E+00
+18.60000E-03,-2.64409533E+00,-2.65394339E+00,-2.68173490E+00,-2.69836686E+00
+18.62500E-03,-2.68792603E+00,-2.69722257E+00,-2.68228642E+00,-2.61796485E+00
+18.65000E-03,-2.65190624E+00,-2.72598297E+00,-2.67447551E+00,-2.62577576E+00
+18.67500E-03,-2.64409533E+00,-2.68160075E+00,-2.57790016E+00,-2.69836686E+00
+18.70000E-03,-2.64409533E+00,-2.73379388E+00,-2.58571107E+00,-2.69836686E+00
+18.72500E-03,-2.72449734E+00,-2.65339187E+00,-2.60188441E+00,-2.69836686E+00
+18.75000E-03,-2.69996157E+00,-2.70925811E+00,-2.68228642E+00,-2.67383109E+00
+18.77500E-03,-2.64409533E+00,-2.65339187E+00,-2.65931838E+00,-2.61796485E+00
+18.80000E-03,-2.70989173E+00,-2.68629007E+00,-2.60188441E+00,-2.71297247E+00
+18.82500E-03,-2.64409533E+00,-2.65339187E+00,-2.60188441E+00,-2.62108644E+00
+18.85000E-03,-2.72449734E+00,-2.65339187E+00,-2.72354705E+00,-2.65710623E+00
+18.87500E-03,-2.64933617E+00,-2.65339187E+00,-2.67180474E+00,-2.62844653E+00
+18.90000E-03,-2.59447227E+00,-2.68417082E+00,-2.68228642E+00,-2.69836686E+00
+18.92500E-03,-2.65769860E+00,-2.66699514E+00,-2.66868315E+00,-2.69836686E+00
+18.95000E-03,-2.70208082E+00,-2.73379388E+00,-2.71785539E+00,-2.64038137E+00
+18.97500E-03,-2.70253164E+00,-2.65339187E+00,-2.74072273E+00,-2.61796485E+00
+19.00000E-03,-2.67220351E+00,-2.71973979E+00,-2.60188441E+00,-2.63201894E+00
+19.02500E-03,-2.67442346E+00,-2.68372000E+00,-2.65195829E+00,-2.69836686E+00
+19.05000E-03,-2.72449734E+00,-2.65908353E+00,-2.83170712E+00,-2.61796485E+00
+19.07500E-03,-2.64409533E+00,-2.61470131E+00,-2.64359586E+00,-2.61796485E+00
+19.10000E-03,-2.64409533E+00,-2.80885435E+00,-2.68228642E+00,-2.77342733E+00
+19.12500E-03,-2.72449734E+00,-2.65339187E+00,-2.71563544E+00,-2.65131387E+00
+19.15000E-03,-2.64409533E+00,-2.65339187E+00,-2.61291761E+00,-2.69836686E+00
+19.17500E-03,-2.64409533E+00,-2.70880729E+00,-2.60188441E+00,-2.72335345E+00
+19.20000E-03,-2.64409533E+00,-2.67278750E+00,-2.68228642E+00,-2.73997761E+00
+19.22500E-03,-2.59694164E+00,-2.67001603E+00,-2.68228642E+00,-2.69836686E+00
+19.25000E-03,-2.61920944E+00,-2.65339187E+00,-2.65452836E+00,-2.72325275E+00
+19.27500E-03,-2.65235706E+00,-2.65339187E+00,-2.68228642E+00,-2.77050714E+00
+19.30000E-03,-2.59981381E+00,-2.73379388E+00,-2.63800490E+00,-2.65408534E+00
+19.32500E-03,-2.64419603E+00,-2.73379388E+00,-2.68228642E+00,-2.61806555E+00
+19.35000E-03,-2.64409533E+00,-2.65339187E+00,-2.69085025E+00,-2.65388394E+00
+19.37500E-03,-2.71603421E+00,-2.73379388E+00,-2.60188441E+00,-2.62642798E+00
+19.40000E-03,-2.64409533E+00,-2.70623722E+00,-2.65472976E+00,-2.61796485E+00
+19.42500E-03,-2.66092089E+00,-2.67021743E+00,-2.69911198E+00,-2.68154130E+00
+19.45000E-03,-2.72449734E+00,-2.67258610E+00,-2.68228642E+00,-2.71756109E+00
+19.47500E-03,-2.64409533E+00,-2.65339187E+00,-2.70747441E+00,-2.69836686E+00
+19.50000E-03,-2.71366554E+00,-2.66422367E+00,-2.61271621E+00,-2.68753506E+00
+19.52500E-03,-2.59724374E+00,-2.68694229E+00,-2.63543483E+00,-2.69836686E+00
+19.55000E-03,-2.64409533E+00,-2.73379388E+00,-2.68228642E+00,-2.69589749E+00
+19.57500E-03,-2.64409533E+00,-2.65339187E+00,-2.64379726E+00,-2.69836686E+00
+19.60000E-03,-2.64409533E+00,-2.65928493E+00,-2.68228642E+00,-2.68658074E+00
+19.62500E-03,-2.72449734E+00,-2.62326514E+00,-2.68228642E+00,-2.66824013E+00
+19.65000E-03,-2.71024185E+00,-2.73379388E+00,-2.66803093E+00,-2.69836686E+00
+19.67500E-03,-2.66585963E+00,-2.73379388E+00,-2.66052212E+00,-2.75700457E+00
+19.70000E-03,-2.64409533E+00,-2.65339187E+00,-2.76268843E+00,-2.73353303E+00
+19.72500E-03,-2.71109547E+00,-2.73379388E+00,-2.62868815E+00,-2.69836686E+00
+19.75000E-03,-2.77391900E+00,-2.71535256E+00,-2.65130607E+00,-2.69836686E+00
+19.77500E-03,-2.64913477E+00,-2.72875443E+00,-2.60692385E+00,-2.69836686E+00
+19.80000E-03,-2.72449734E+00,-2.65339187E+00,-2.72334565E+00,-2.61968130E+00
+19.82500E-03,-2.64409533E+00,-2.73047089E+00,-2.60520740E+00,-2.61796485E+00
+19.85000E-03,-2.64409533E+00,-2.73379388E+00,-2.68228642E+00,-2.65066165E+00
+19.87500E-03,-2.64409533E+00,-2.65339187E+00,-2.75100301E+00,-2.62965027E+00
+19.90000E-03,-2.72449734E+00,-2.67772624E+00,-2.60188441E+00,-2.69836686E+00
+19.92500E-03,-2.66414318E+00,-2.69369818E+00,-2.68228642E+00,-2.65827116E+00
+19.95000E-03,-2.72449734E+00,-2.73379388E+00,-2.61785635E+00,-2.61796485E+00
+19.97500E-03,-2.64409533E+00,-2.70538360E+00,-2.65870496E+00,-2.61796485E+00
+20.00000E-03,-2.78968032E+00,-2.72618436E+00,-2.68228642E+00,-2.69836686E+00
+20.02500E-03,-2.68086804E+00,-2.69016457E+00,-2.68228642E+00,-2.69836686E+00
+20.05000E-03,-2.72374442E+00,-2.73379388E+00,-2.68153350E+00,-2.69761394E+00
+20.07500E-03,-2.72449734E+00,-2.61812499E+00,-2.63715128E+00,-2.69836686E+00
+20.10000E-03,-2.58192401E+00,-2.65339187E+00,-2.68228642E+00,-2.61796485E+00
+20.12500E-03,-2.67099977E+00,-2.65339187E+00,-2.62878885E+00,-2.64486929E+00
+20.15000E-03,-2.72449734E+00,-2.67086964E+00,-2.72773288E+00,-2.74381332E+00
+20.17500E-03,-2.64409533E+00,-2.67193388E+00,-2.62042642E+00,-2.77876887E+00
+20.20000E-03,-2.64121394E+00,-2.70795367E+00,-2.62772462E+00,-2.64380505E+00
+20.22500E-03,-2.64409533E+00,-2.72361429E+00,-2.60188441E+00,-2.61796485E+00
+20.25000E-03,-2.72449734E+00,-2.68759450E+00,-2.72848579E+00,-2.66416422E+00
+20.27500E-03,-2.72449734E+00,-2.73197672E+00,-2.60188441E+00,-2.69654970E+00
+20.30000E-03,-2.72449734E+00,-2.69595693E+00,-2.67755830E+00,-2.66052991E+00
+20.32500E-03,-2.65064061E+00,-2.65339187E+00,-2.68228642E+00,-2.77222359E+00
+20.35000E-03,-2.69502283E+00,-2.70431936E+00,-2.65281190E+00,-2.64743936E+00
+20.37500E-03,-2.70958964E+00,-2.65339187E+00,-2.68228642E+00,-2.63287255E+00
+20.40000E-03,-2.76267518E+00,-2.71268179E+00,-2.60188441E+00,-2.67725477E+00
+20.42500E-03,-2.66736547E+00,-2.71052374E+00,-2.64842468E+00,-2.69836686E+00
+20.45000E-03,-2.66959464E+00,-2.73379388E+00,-2.74993877E+00,-2.71111651E+00
+20.47500E-03,-2.72449734E+00,-2.68502443E+00,-2.63351697E+00,-2.74713630E+00
+20.50000E-03,-2.72011012E+00,-2.72940665E+00,-2.60627163E+00,-2.77438164E+00
+20.52500E-03,-2.64409533E+00,-2.69338686E+00,-2.60188441E+00,-2.73877387E+00
+20.55000E-03,-2.64807054E+00,-2.65736707E+00,-2.67831121E+00,-2.77479366E+00
+20.57500E-03,-2.75654193E+00,-2.70174929E+00,-2.73064384E+00,-2.73041144E+00
+20.60000E-03,-2.72449734E+00,-2.73379388E+00,-2.61422204E+00,-2.75409360E+00
+20.62500E-03,-2.66777749E+00,-2.65339187E+00,-2.62556656E+00,-2.69836686E+00
+20.65000E-03,-2.72449734E+00,-2.65339187E+00,-2.62258447E+00,-2.57896297E+00
+20.67500E-03,-2.64409533E+00,-2.65339187E+00,-2.69760614E+00,-2.71368658E+00
+20.70000E-03,-2.67315783E+00,-2.68245436E+00,-2.65322392E+00,-2.72742935E+00
+20.72500E-03,-2.80489935E+00,-2.57994715E+00,-2.75573113E+00,-2.69140956E+00
+20.75000E-03,-2.68152026E+00,-2.73379388E+00,-2.63930933E+00,-2.66094193E+00
+20.77500E-03,-2.72449734E+00,-2.73238874E+00,-2.68088128E+00,-2.77736373E+00
+20.80000E-03,-2.64409533E+00,-2.68800652E+00,-2.63649907E+00,-2.73298151E+00
+20.82500E-03,-2.72449734E+00,-2.73379388E+00,-2.68228642E+00,-2.69836686E+00
+20.85000E-03,-2.72449734E+00,-2.67964409E+00,-2.65603419E+00,-2.69836686E+00
+20.87500E-03,-2.70636735E+00,-2.65339187E+00,-2.60188441E+00,-2.76063887E+00
+20.90000E-03,-2.70660754E+00,-2.65339187E+00,-2.68228642E+00,-2.69836686E+00
+20.92500E-03,-2.67058776E+00,-2.70730145E+00,-2.60188441E+00,-2.72485928E+00
+20.95000E-03,-2.64409533E+00,-2.65339187E+00,-2.67275905E+00,-2.61796485E+00
+20.97500E-03,-2.75935219E+00,-2.69893902E+00,-2.68228642E+00,-2.69836686E+00
+21.00000E-03,-2.64526027E+00,-2.65339187E+00,-2.68228642E+00,-2.77760393E+00
+21.02500E-03,-2.68128006E+00,-2.69660915E+00,-2.71947115E+00,-2.69836686E+00
+21.05000E-03,-2.65129282E+00,-2.58018735E+00,-2.68228642E+00,-2.76437388E+00
+21.07500E-03,-2.80489935E+00,-2.73379388E+00,-2.65952900E+00,-2.72112427E+00
+21.10000E-03,-2.70893742E+00,-2.66895179E+00,-2.66672650E+00,-2.64908470E+00
+21.12500E-03,-2.66455520E+00,-2.67385173E+00,-2.62234428E+00,-2.67790699E+00
+21.15000E-03,-2.72449734E+00,-2.67731422E+00,-2.62580676E+00,-2.77876887E+00
+21.17500E-03,-2.65619277E+00,-2.72169644E+00,-2.61398185E+00,-2.63006229E+00
+21.20000E-03,-2.64409533E+00,-2.70150909E+00,-2.71457120E+00,-2.65024963E+00
+21.22500E-03,-2.72449734E+00,-2.73379388E+00,-2.68228642E+00,-2.62169986E+00
+21.25000E-03,-2.64409533E+00,-2.65339187E+00,-2.64163921E+00,-2.69836686E+00
+21.27500E-03,-2.72449734E+00,-2.72916645E+00,-2.60651183E+00,-2.69836686E+00
+21.30000E-03,-2.77350698E+00,-2.68478423E+00,-2.73129606E+00,-2.72975923E+00
+21.32500E-03,-2.72449734E+00,-2.66638172E+00,-2.68228642E+00,-2.69836686E+00
+21.35000E-03,-2.66712527E+00,-2.71076394E+00,-2.62491435E+00,-2.69836686E+00
+21.37500E-03,-2.72449734E+00,-2.63203959E+00,-2.60188441E+00,-2.67701458E+00
+21.40000E-03,-2.73916485E+00,-2.79952838E+00,-2.68228642E+00,-2.63263236E+00
+21.42500E-03,-2.70352476E+00,-2.65339187E+00,-2.68228642E+00,-2.64767956E+00
+21.45000E-03,-2.72449734E+00,-2.72748880E+00,-2.60188441E+00,-2.69206178E+00
+21.47500E-03,-2.60177046E+00,-2.65339187E+00,-2.68228642E+00,-2.74069173E+00
+21.50000E-03,-2.72243999E+00,-2.73379388E+00,-2.68228642E+00,-2.62002220E+00
+21.52500E-03,-2.77093691E+00,-2.69983144E+00,-2.66980928E+00,-2.74480643E+00
+21.55000E-03,-2.78405979E+00,-2.73379388E+00,-2.68228642E+00,-2.69836686E+00
+21.57500E-03,-2.72809933E+00,-2.70819387E+00,-2.68228642E+00,-2.69836686E+00
+21.60000E-03,-2.66287754E+00,-2.73379388E+00,-2.63944883E+00,-2.57512726E+00
+21.62500E-03,-2.70725976E+00,-2.65339187E+00,-2.60188441E+00,-2.71560444E+00
+21.65000E-03,-2.72449734E+00,-2.62624723E+00,-2.65514178E+00,-2.72551150E+00
+21.67500E-03,-2.72449734E+00,-2.66226702E+00,-2.67341127E+00,-2.68949171E+00
+21.70000E-03,-2.68899027E+00,-2.65339187E+00,-2.76268843E+00,-2.69836686E+00
+21.72500E-03,-2.72449734E+00,-2.65339187E+00,-2.60239713E+00,-2.69836686E+00
+21.75000E-03,-2.64409533E+00,-2.65339187E+00,-2.68228642E+00,-2.69836686E+00
+21.77500E-03,-2.64409533E+00,-2.72594417E+00,-2.60973412E+00,-2.69836686E+00
+21.80000E-03,-2.72449734E+00,-2.73379388E+00,-2.70634827E+00,-2.69836686E+00
+21.82500E-03,-2.66030747E+00,-2.66960401E+00,-2.66607428E+00,-2.63417699E+00
+21.85000E-03,-2.64409533E+00,-2.71398623E+00,-2.68228642E+00,-2.63777250E+00
+21.87500E-03,-2.78032478E+00,-2.65339187E+00,-2.65771185E+00,-2.69836686E+00
+21.90000E-03,-2.71305212E+00,-2.73379388E+00,-2.68228642E+00,-2.69836686E+00
+21.92500E-03,-2.72449734E+00,-2.65339187E+00,-2.68228642E+00,-2.69836686E+00
+21.95000E-03,-2.72141455E+00,-2.73379388E+00,-2.60496720E+00,-2.69836686E+00
+21.97500E-03,-2.64409533E+00,-2.73379388E+00,-2.64098699E+00,-2.65706743E+00
+22.00000E-03,-2.64937497E+00,-2.65339187E+00,-2.68228642E+00,-2.62324449E+00
+22.02500E-03,-2.72449734E+00,-2.70305373E+00,-2.71302657E+00,-2.69836686E+00
+22.05000E-03,-2.72449734E+00,-2.73379388E+00,-2.60188441E+00,-2.69836686E+00
+22.07500E-03,-2.72449734E+00,-2.65339187E+00,-2.64663985E+00,-2.75639115E+00
+22.10000E-03,-2.72449734E+00,-2.73379388E+00,-2.74068393E+00,-2.75676437E+00
+22.12500E-03,-2.79088406E+00,-2.71977859E+00,-2.68228642E+00,-2.77876887E+00
+22.15000E-03,-2.72449734E+00,-2.67306002E+00,-2.68228642E+00,-2.69836686E+00
+22.17500E-03,-2.65540105E+00,-2.65904473E+00,-2.67663356E+00,-2.69836686E+00
+22.20000E-03,-2.72449734E+00,-2.65339187E+00,-2.68228642E+00,-2.69836686E+00
+22.22500E-03,-2.72449734E+00,-2.57569943E+00,-2.68228642E+00,-2.85375174E+00
+22.25000E-03,-2.64409533E+00,-2.73379388E+00,-2.64897620E+00,-2.65127507E+00
+22.27500E-03,-2.72449734E+00,-2.73379388E+00,-2.67121442E+00,-2.76769687E+00
+22.30000E-03,-2.69954955E+00,-2.70884609E+00,-2.62683220E+00,-2.69836686E+00
+22.32500E-03,-2.76603049E+00,-2.73379388E+00,-2.68228642E+00,-2.71780129E+00
+22.35000E-03,-2.66068069E+00,-2.73379388E+00,-2.65164049E+00,-2.69836686E+00
+22.37500E-03,-2.72449734E+00,-2.73379388E+00,-2.62968127E+00,-2.67355857E+00
+22.40000E-03,-2.71627441E+00,-2.74201681E+00,-2.52970533E+00,-2.77876887E+00
+22.42500E-03,-2.68833805E+00,-2.69763459E+00,-2.60188441E+00,-2.69836686E+00
+22.45000E-03,-2.64451383E+00,-2.73365438E+00,-2.60216341E+00,-2.69836686E+00
+22.47500E-03,-2.64409533E+00,-2.73379388E+00,-2.63776470E+00,-2.74288858E+00
+22.50000E-03,-2.64409533E+00,-2.72529195E+00,-2.61888827E+00,-2.69836686E+00
+22.52500E-03,-2.67161319E+00,-2.65339187E+00,-2.73517057E+00,-2.75125101E+00
+22.55000E-03,-2.72449734E+00,-2.65339187E+00,-2.66542206E+00,-2.71523122E+00
+22.57500E-03,-2.64409533E+00,-2.65339187E+00,-2.74353300E+00,-2.69836686E+00
+22.60000E-03,-2.72449734E+00,-2.65339187E+00,-2.73746164E+00,-2.69836686E+00
+22.62500E-03,-2.63330233E+00,-2.73379388E+00,-2.60188441E+00,-2.69836686E+00
+22.65000E-03,-2.73772091E+00,-2.68698109E+00,-2.76268843E+00,-2.74517965E+00
+22.67500E-03,-2.64895647E+00,-2.73136331E+00,-2.68228642E+00,-2.77633830E+00
+22.70000E-03,-2.64409533E+00,-2.69534352E+00,-2.68578771E+00,-2.65641521E+00
+22.72500E-03,-2.72449734E+00,-2.64746001E+00,-2.68228642E+00,-2.77283701E+00
+22.75000E-03,-2.75458527E+00,-2.68347980E+00,-2.71237435E+00,-2.69836686E+00
+22.77500E-03,-2.71020305E+00,-2.63909758E+00,-2.61617870E+00,-2.69836686E+00
+22.80000E-03,-2.64409533E+00,-2.67511737E+00,-2.68228642E+00,-2.72009236E+00
+22.82500E-03,-2.72449734E+00,-2.73379388E+00,-2.64719785E+00,-2.64062157E+00
+22.85000E-03,-2.72449734E+00,-2.73379388E+00,-2.60188441E+00,-2.69836686E+00
+22.87500E-03,-2.72449734E+00,-2.68441102E+00,-2.68228642E+00,-2.66734771E+00
+22.90000E-03,-2.64909597E+00,-2.65839251E+00,-2.67728578E+00,-2.62296549E+00
+22.92500E-03,-2.68511576E+00,-2.69277345E+00,-2.60188441E+00,-2.73774844E+00
+22.95000E-03,-2.79817577E+00,-2.73043209E+00,-2.60524620E+00,-2.77204529E+00
+22.97500E-03,-2.72449734E+00,-2.70113588E+00,-2.66720041E+00,-2.74611087E+00
+23.00000E-03,-2.65581955E+00,-2.65339187E+00,-2.61360863E+00,-2.69836686E+00
+23.02500E-03,-2.72449734E+00,-2.65339187E+00,-2.65047555E+00,-2.69836686E+00
+23.05000E-03,-2.66418198E+00,-2.65339187E+00,-2.64211312E+00,-2.65813814E+00
+23.07500E-03,-2.67596162E+00,-2.73379388E+00,-2.71415270E+00,-2.61796485E+00
+23.10000E-03,-2.69604826E+00,-2.73379388E+00,-2.68228642E+00,-2.72681594E+00
+23.12500E-03,-2.64409533E+00,-2.72622316E+00,-2.68228642E+00,-2.69836686E+00
+23.15000E-03,-2.72449734E+00,-2.77738438E+00,-2.60188441E+00,-2.74195736E+00
+23.17500E-03,-2.64567877E+00,-2.65418359E+00,-2.76268843E+00,-2.69757514E+00
+23.20000E-03,-2.72449734E+00,-2.73379388E+00,-2.71751449E+00,-2.69836686E+00
+23.22500E-03,-2.72449734E+00,-2.79588759E+00,-2.60188441E+00,-2.70752100E+00
+23.25000E-03,-2.72449734E+00,-2.73379388E+00,-2.68228642E+00,-2.72523250E+00
+23.27500E-03,-2.64409533E+00,-2.73379388E+00,-2.68228642E+00,-2.68085028E+00
+23.30000E-03,-2.72449734E+00,-2.67189508E+00,-2.72568200E+00,-2.71687007E+00
+23.32500E-03,-2.75314134E+00,-2.73379388E+00,-2.68228642E+00,-2.77876887E+00
+23.35000E-03,-2.73463812E+00,-2.73379388E+00,-2.55190475E+00,-2.48758318E+00
+23.37500E-03,-2.67833677E+00,-2.73379388E+00,-2.71652786E+00,-2.69836686E+00
+23.40000E-03,-2.72271899E+00,-2.65517022E+00,-2.68228642E+00,-2.77699051E+00
+23.42500E-03,-2.76710121E+00,-2.73379388E+00,-2.68228642E+00,-2.65576299E+00
+23.45000E-03,-2.72449734E+00,-2.65339187E+00,-2.74952028E+00,-2.69836686E+00
+23.47500E-03,-2.75393305E+00,-2.68282758E+00,-2.65285071E+00,-2.66893114E+00
+23.50000E-03,-2.65904184E+00,-2.66833837E+00,-2.68228642E+00,-2.71331336E+00
+23.52500E-03,-2.70342406E+00,-2.67446515E+00,-2.62295769E+00,-2.69836686E+00
+23.55000E-03,-2.80489935E+00,-2.73379388E+00,-2.62519335E+00,-2.69836686E+00
+23.57500E-03,-2.72449734E+00,-2.73379388E+00,-2.74997757E+00,-2.71107771E+00
+23.60000E-03,-2.75616871E+00,-2.73379388E+00,-2.68228642E+00,-2.73003822E+00
+23.62500E-03,-2.72014892E+00,-2.65774029E+00,-2.67793799E+00,-2.69401843E+00
+23.65000E-03,-2.68412913E+00,-2.69342566E+00,-2.68228642E+00,-2.73873507E+00
+23.67500E-03,-2.72048334E+00,-2.72977987E+00,-2.68228642E+00,-2.69836686E+00
+23.70000E-03,-2.75650312E+00,-2.73379388E+00,-2.63389019E+00,-2.69836686E+00
+23.72500E-03,-2.80489935E+00,-2.72141744E+00,-2.76268843E+00,-2.68599042E+00
+23.75000E-03,-2.72449734E+00,-2.73379388E+00,-2.62552776E+00,-2.69836686E+00
+23.77500E-03,-2.80489935E+00,-2.71305501E+00,-2.68228642E+00,-2.75803000E+00
+23.80000E-03,-2.64409533E+00,-2.73379388E+00,-2.66700549E+00,-2.69836686E+00
+23.82500E-03,-2.69539605E+00,-2.70469258E+00,-2.71138771E+00,-2.72056628E+00
+23.85000E-03,-2.64409533E+00,-2.66031036E+00,-2.68228642E+00,-2.70528535E+00
+23.87500E-03,-2.76743563E+00,-2.61045358E+00,-2.72522470E+00,-2.69836686E+00
+23.90000E-03,-2.64698320E+00,-2.65339187E+00,-2.60188441E+00,-2.77732493E+00
+23.92500E-03,-2.67867119E+00,-2.65339187E+00,-2.68228642E+00,-2.69836686E+00
+23.95000E-03,-2.72449734E+00,-2.79458316E+00,-2.62149714E+00,-2.62777121E+00
+23.97500E-03,-2.72449734E+00,-2.62717844E+00,-2.68228642E+00,-2.69836686E+00
+24.00000E-03,-2.72449734E+00,-2.71562508E+00,-2.70045521E+00,-2.69836686E+00
+24.02500E-03,-2.72449734E+00,-2.73379388E+00,-2.61973540E+00,-2.69836686E+00
+24.05000E-03,-2.72449734E+00,-2.67992309E+00,-2.68228642E+00,-2.69836686E+00
+24.07500E-03,-2.78592222E+00,-2.66288043E+00,-2.74371130E+00,-2.76928030E+00
+24.10000E-03,-2.68960369E+00,-2.68828552E+00,-2.63677806E+00,-2.77876887E+00
+24.12500E-03,-2.64634760E+00,-2.73379388E+00,-2.60188441E+00,-2.69724072E+00
+24.15000E-03,-2.64409533E+00,-2.73379388E+00,-2.68228642E+00,-2.77876887E+00
+24.17500E-03,-2.79042676E+00,-2.65339187E+00,-2.68228642E+00,-2.77876887E+00
+24.20000E-03,-2.77611585E+00,-2.65339187E+00,-2.68228642E+00,-2.64674834E+00
+24.22500E-03,-2.72449734E+00,-2.66899059E+00,-2.66668770E+00,-2.71396558E+00
+24.25000E-03,-2.66451640E+00,-2.67381293E+00,-2.68228642E+00,-2.73792674E+00
+24.27500E-03,-2.72449734E+00,-2.73379388E+00,-2.62584556E+00,-2.69836686E+00
+24.30000E-03,-2.64409533E+00,-2.72173524E+00,-2.62600168E+00,-2.63002348E+00
+24.32500E-03,-2.67641891E+00,-2.73379388E+00,-2.64996284E+00,-2.66604327E+00
+24.35000E-03,-2.72080113E+00,-2.73379388E+00,-2.60188441E+00,-2.62166106E+00
+24.37500E-03,-2.72449734E+00,-2.73379388E+00,-2.64160041E+00,-2.77973888E+00
+24.40000E-03,-2.64876155E+00,-2.73379388E+00,-2.60655063E+00,-2.70303308E+00
+24.42500E-03,-2.75585091E+00,-2.70244031E+00,-2.71363999E+00,-2.69836686E+00
+24.45000E-03,-2.65712398E+00,-2.73379388E+00,-2.69531507E+00,-2.76574021E+00
+24.47500E-03,-2.66708647E+00,-2.73379388E+00,-2.68228642E+00,-2.75577773E+00
+24.50000E-03,-2.64409533E+00,-2.73379388E+00,-2.68228642E+00,-2.71975794E+00
+24.52500E-03,-2.65872404E+00,-2.65339187E+00,-2.61651312E+00,-2.77876887E+00
+24.55000E-03,-2.72449734E+00,-2.70404036E+00,-2.60188441E+00,-2.72812037E+00
+24.57500E-03,-2.79863307E+00,-2.73379388E+00,-2.68855270E+00,-2.77876887E+00
+24.60000E-03,-2.72449734E+00,-2.73379388E+00,-2.60188441E+00,-2.69836686E+00
+24.62500E-03,-2.72449734E+00,-2.73379388E+00,-2.68438257E+00,-2.69627071E+00
+24.65000E-03,-2.72449734E+00,-2.68731550E+00,-2.60188441E+00,-2.71092159E+00
+24.67500E-03,-2.71403876E+00,-2.73379388E+00,-2.68228642E+00,-2.68790828E+00
+24.70000E-03,-2.77933814E+00,-2.62411227E+00,-2.65672521E+00,-2.67280565E+00
+24.72500E-03,-2.72449734E+00,-2.65339187E+00,-2.74386742E+00,-2.71718787E+00
+24.75000E-03,-2.72449734E+00,-2.71659510E+00,-2.68228642E+00,-2.63516363E+00
+24.77500E-03,-2.72449734E+00,-2.70661043E+00,-2.68228642E+00,-2.59192972E+00
+24.80000E-03,-2.64409533E+00,-2.65339187E+00,-2.60188441E+00,-2.63563754E+00
+24.82500E-03,-2.72449734E+00,-2.65339187E+00,-2.63743028E+00,-2.77876887E+00
+24.85000E-03,-2.72449734E+00,-2.73331996E+00,-2.76221451E+00,-2.61843877E+00
+24.87500E-03,-2.73191193E+00,-2.73379388E+00,-2.63837812E+00,-2.74227516E+00
+24.90000E-03,-2.70872032E+00,-2.73379388E+00,-2.60188441E+00,-2.77088036E+00
+24.92500E-03,-2.72449734E+00,-2.68152315E+00,-2.65415514E+00,-2.72250631E+00
+24.95000E-03,-2.64409533E+00,-2.65339187E+00,-2.68228642E+00,-2.69836686E+00
+24.97500E-03,-2.68363303E+00,-2.73379388E+00,-2.74291958E+00,-2.69836686E+00
+25.00000E-03,-2.72449734E+00,-2.65339187E+00,-2.76268843E+00,-2.75415550E+00
+25.02500E-03,-2.72449734E+00,-2.66479829E+00,-2.61329083E+00,-2.62937127E+00
+25.05000E-03,-2.72449734E+00,-2.73379388E+00,-2.68228642E+00,-2.69836686E+00
+25.07500E-03,-2.72145335E+00,-2.73683787E+00,-2.60492840E+00,-2.69532287E+00
+25.10000E-03,-2.68315911E+00,-2.69473010E+00,-2.64094819E+00,-2.73743064E+00
+25.12500E-03,-2.64941377E+00,-2.65871031E+00,-2.68760486E+00,-2.69836686E+00
+25.15000E-03,-2.72449734E+00,-2.73379388E+00,-2.65158507E+00,-2.72906821E+00
+25.17500E-03,-2.72449734E+00,-2.65339187E+00,-2.74900756E+00,-2.76508800E+00
+25.20000E-03,-2.70215842E+00,-2.67573079E+00,-2.74034951E+00,-2.72070578E+00
+25.22500E-03,-2.66613863E+00,-2.67543517E+00,-2.64597101E+00,-2.66205145E+00
+25.25000E-03,-2.64409533E+00,-2.71981739E+00,-2.68228642E+00,-2.76479238E+00
+25.27500E-03,-2.69409161E+00,-2.68379760E+00,-2.71269215E+00,-2.69836686E+00
+25.30000E-03,-2.72449734E+00,-2.65339187E+00,-2.60749847E+00,-2.62357891E+00
+25.32500E-03,-2.64409533E+00,-2.73665957E+00,-2.72392027E+00,-2.74000071E+00
+25.35000E-03,-2.72449734E+00,-2.65614024E+00,-2.76268843E+00,-2.69836686E+00
+25.37500E-03,-2.72449734E+00,-2.73379388E+00,-2.64901500E+00,-2.66509544E+00
+25.40000E-03,-2.71338654E+00,-2.73379388E+00,-2.60188441E+00,-2.62907565E+00
+25.42500E-03,-2.75508137E+00,-2.65339187E+00,-2.76268843E+00,-2.75385988E+00
+25.45000E-03,-2.72449734E+00,-2.71432065E+00,-2.68228642E+00,-2.75929564E+00
+25.47500E-03,-2.72449734E+00,-2.71724732E+00,-2.68228642E+00,-2.71491342E+00
+25.50000E-03,-2.59152898E+00,-2.68122753E+00,-2.73485277E+00,-2.75093321E+00
+25.52500E-03,-2.65227946E+00,-2.66157600E+00,-2.68228642E+00,-2.69018273E+00
+25.55000E-03,-2.71649151E+00,-2.73379388E+00,-2.71848451E+00,-2.77876887E+00
+25.57500E-03,-2.72449734E+00,-2.73379388E+00,-2.68228642E+00,-2.77841227E+00
+25.60000E-03,-2.76033883E+00,-2.73379388E+00,-2.71812791E+00,-2.68964783E+00
+25.62500E-03,-2.71595661E+00,-2.72525315E+00,-2.68228642E+00,-2.77022814E+00
+25.65000E-03,-2.75197640E+00,-2.73379388E+00,-2.68228642E+00,-2.69836686E+00
+25.67500E-03,-2.66099849E+00,-2.67029503E+00,-2.68228642E+00,-2.82536456E+00
+25.70000E-03,-2.76666609E+00,-2.71467725E+00,-2.70140305E+00,-2.71748349E+00
+25.72500E-03,-2.66936092E+00,-2.70852829E+00,-2.68228642E+00,-2.64323044E+00
+25.75000E-03,-2.73525154E+00,-2.66414607E+00,-2.69304062E+00,-2.70912106E+00
+25.77500E-03,-2.72449734E+00,-2.73379388E+00,-2.71591444E+00,-2.82554286E+00
+25.80000E-03,-2.64887887E+00,-2.73379388E+00,-2.60427618E+00,-2.77876887E+00
+25.82500E-03,-2.64409533E+00,-2.69180343E+00,-2.64029597E+00,-2.77876887E+00
+25.85000E-03,-2.72449734E+00,-2.73379388E+00,-2.75671777E+00,-2.62990617E+00
+25.87500E-03,-2.75454647E+00,-2.70374475E+00,-2.76268843E+00,-2.74871974E+00
+25.90000E-03,-2.72449734E+00,-2.66772496E+00,-2.69661951E+00,-2.76443578E+00
+25.92500E-03,-2.62240863E+00,-2.71210718E+00,-2.62357111E+00,-2.75708217E+00
+25.95000E-03,-2.70180182E+00,-2.67608739E+00,-2.62457993E+00,-2.75607335E+00
+25.97500E-03,-2.65741960E+00,-2.66671614E+00,-2.69561069E+00,-2.75212033E+00
+26.00000E-03,-2.69343939E+00,-2.73379388E+00,-2.73163048E+00,-2.64902280E+00
+26.02500E-03,-2.72449734E+00,-2.73379388E+00,-2.68228642E+00,-2.69340502E+00
+26.05000E-03,-2.64409533E+00,-2.65339187E+00,-2.68384767E+00,-2.73778724E+00
+26.07500E-03,-2.72449734E+00,-2.73379388E+00,-2.60868559E+00,-2.69836686E+00
+26.10000E-03,-2.67671453E+00,-2.70117468E+00,-2.71490562E+00,-2.77876887E+00
+26.12500E-03,-2.71273432E+00,-2.66515489E+00,-2.68228642E+00,-2.65325390E+00
+26.15000E-03,-2.70024057E+00,-2.73379388E+00,-2.68228642E+00,-2.77876887E+00
+26.17500E-03,-2.70437189E+00,-2.73379388E+00,-2.68228642E+00,-2.71849231E+00
+26.20000E-03,-2.72449734E+00,-2.73379388E+00,-2.63367309E+00,-2.69836686E+00
+26.22500E-03,-2.67258321E+00,-2.68187975E+00,-2.68228642E+00,-2.69836686E+00
+26.25000E-03,-2.72449734E+00,-2.72626197E+00,-2.60188441E+00,-2.62549676E+00
+26.27500E-03,-2.64409533E+00,-2.73379388E+00,-2.64543611E+00,-2.65481516E+00
+26.30000E-03,-2.72449734E+00,-2.73379388E+00,-2.76185791E+00,-2.69836686E+00
+26.32500E-03,-2.72449734E+00,-2.68858114E+00,-2.67226295E+00,-2.69836686E+00
+26.35000E-03,-2.66248123E+00,-2.65339187E+00,-2.69147937E+00,-2.84078498E+00
+26.37500E-03,-2.75124567E+00,-2.70696703E+00,-2.68228642E+00,-2.77876887E+00
+26.40000E-03,-2.72449734E+00,-2.71623850E+00,-2.66473104E+00,-2.69836686E+00
+26.42500E-03,-2.72449734E+00,-2.73379388E+00,-2.68228642E+00,-2.71683127E+00
+26.45000E-03,-2.69857953E+00,-2.65339187E+00,-2.62780222E+00,-2.72428467E+00
+26.47500E-03,-2.72449734E+00,-2.72369189E+00,-2.69238840E+00,-2.69836686E+00
+26.50000E-03,-2.71265581E+00,-2.73379388E+00,-2.68228642E+00,-2.69836686E+00
+26.52500E-03,-2.72449734E+00,-2.65339187E+00,-2.68054687E+00,-2.69836686E+00
+26.55000E-03,-2.72449734E+00,-2.77643654E+00,-2.72004576E+00,-2.74100952E+00
+26.57500E-03,-2.72449734E+00,-2.73379388E+00,-2.82984468E+00,-2.62458773E+00
+26.60000E-03,-2.72449734E+00,-2.73379388E+00,-2.68228642E+00,-2.72776377E+00
+26.62500E-03,-2.72449734E+00,-2.71880857E+00,-2.73271781E+00,-2.69836686E+00
+26.65000E-03,-2.64409533E+00,-2.73379388E+00,-2.68228642E+00,-2.75773438E+00
+26.67500E-03,-2.72449734E+00,-2.73379388E+00,-2.62523215E+00,-2.77876887E+00
+26.70000E-03,-2.79222730E+00,-2.73379388E+00,-2.61455646E+00,-2.77876887E+00
+26.72500E-03,-2.67580550E+00,-2.73379388E+00,-2.71399659E+00,-2.69836686E+00
+26.75000E-03,-2.72449734E+00,-2.65770149E+00,-2.75837880E+00,-2.69405723E+00
+26.77500E-03,-2.68442474E+00,-2.69346446E+00,-2.68254324E+00,-2.73869627E+00
+26.80000E-03,-2.72044453E+00,-2.65744467E+00,-2.67823361E+00,-2.77471606E+00
+26.82500E-03,-2.72449734E+00,-2.65339187E+00,-2.69875446E+00,-2.76230082E+00
+26.85000E-03,-2.73691258E+00,-2.73379388E+00,-2.60188441E+00,-2.69836686E+00
+26.87500E-03,-2.66769989E+00,-2.73379388E+00,-2.73908387E+00,-2.75516431E+00
+26.90000E-03,-2.66487300E+00,-2.77264055E+00,-2.66150875E+00,-2.63874251E+00
+26.92500E-03,-2.77441510E+00,-2.71855175E+00,-2.74744630E+00,-2.69836686E+00
+26.95000E-03,-2.80489935E+00,-2.70465378E+00,-2.70440824E+00,-2.74962877E+00
+26.97500E-03,-2.72449734E+00,-2.66027156E+00,-2.68916611E+00,-2.69836686E+00
+27.00000E-03,-2.68159786E+00,-2.73379388E+00,-2.68228642E+00,-2.74126634E+00
+27.02500E-03,-2.72598008E+00,-2.65487460E+00,-2.68376915E+00,-2.77580340E+00
+27.05000E-03,-2.72449734E+00,-2.73379388E+00,-2.68228642E+00,-2.74423181E+00
+27.07500E-03,-2.72449734E+00,-2.80435072E+00,-2.69213158E+00,-2.75907854E+00
+27.10000E-03,-2.67026996E+00,-2.78802126E+00,-2.76268843E+00,-2.64413947E+00
+27.12500E-03,-2.68051052E+00,-2.67159946E+00,-2.74448083E+00,-2.71657445E+00
+27.15000E-03,-2.68887295E+00,-2.71598168E+00,-2.68228642E+00,-2.69836686E+00
+27.17500E-03,-2.72449734E+00,-2.73379388E+00,-2.65502446E+00,-2.67110490E+00
+27.20000E-03,-2.72449734E+00,-2.65339187E+00,-2.68228642E+00,-2.77876887E+00
+27.22500E-03,-2.67902779E+00,-2.69886142E+00,-2.64735396E+00,-2.69836686E+00
+27.25000E-03,-2.72449734E+00,-2.65339187E+00,-2.68228642E+00,-2.69727952E+00
+27.27500E-03,-2.64409533E+00,-2.73379388E+00,-2.63899153E+00,-2.73547398E+00
+27.30000E-03,-2.72449734E+00,-2.73379388E+00,-2.68228642E+00,-2.77876887E+00
+27.32500E-03,-2.80489935E+00,-2.68213656E+00,-2.65354172E+00,-2.77876887E+00
+27.35000E-03,-2.70885982E+00,-2.71815635E+00,-2.68228642E+00,-2.71400438E+00
+27.37500E-03,-2.66447760E+00,-2.73379388E+00,-2.68228642E+00,-2.69836686E+00
+27.40000E-03,-2.72449734E+00,-2.67739182E+00,-2.65828646E+00,-2.75476891E+00
+27.42500E-03,-2.72449734E+00,-2.74581371E+00,-2.68228642E+00,-2.76674903E+00
+27.45000E-03,-2.72449734E+00,-2.73379388E+00,-2.69796366E+00,-2.69836686E+00
+27.47500E-03,-2.72815475E+00,-2.65339187E+00,-2.68228642E+00,-2.70202426E+00
+27.50000E-03,-2.76522215E+00,-2.73379388E+00,-2.72196361E+00,-2.69836686E+00
+27.52500E-03,-2.64880036E+00,-2.73849890E+00,-2.75798340E+00,-2.62266987E+00
+27.55000E-03,-2.72449734E+00,-2.68470663E+00,-2.68228642E+00,-2.77876887E+00
+27.57500E-03,-2.64409533E+00,-2.73379388E+00,-2.68228642E+00,-2.63103230E+00
+27.60000E-03,-2.66704767E+00,-2.65339187E+00,-2.70523875E+00,-2.75581653E+00
+27.62500E-03,-2.72449734E+00,-2.65339187E+00,-2.68228642E+00,-2.77876887E+00
+27.65000E-03,-2.85612155E+00,-2.65339187E+00,-2.73350862E+00,-2.71295676E+00
+27.67500E-03,-2.80489935E+00,-2.70400156E+00,-2.73289611E+00,-2.69836686E+00
+27.70000E-03,-2.71826986E+00,-2.65961934E+00,-2.67605894E+00,-2.62419233E+00
+27.72500E-03,-2.72449734E+00,-2.69563913E+00,-2.67819390E+00,-2.66021211E+00
+27.75000E-03,-2.80489935E+00,-2.73379388E+00,-2.68442137E+00,-2.70050181E+00
+27.77500E-03,-2.73712968E+00,-2.76767871E+00,-2.72880359E+00,-2.69836686E+00
+27.80000E-03,-2.72449734E+00,-2.72329649E+00,-2.70328119E+00,-2.77876887E+00
+27.82500E-03,-2.72449734E+00,-2.67891427E+00,-2.60188441E+00,-2.75324646E+00
+27.85000E-03,-2.64409533E+00,-2.73379388E+00,-2.68228642E+00,-2.77876887E+00
+27.87500E-03,-2.72449734E+00,-2.73379388E+00,-2.61904439E+00,-2.63512483E+00
+27.90000E-03,-2.69853982E+00,-2.65339187E+00,-2.68228642E+00,-2.75154662E+00
+27.92500E-03,-2.73329489E+00,-2.72499633E+00,-2.69108397E+00,-2.63555994E+00
+27.95000E-03,-2.64409533E+00,-2.73379388E+00,-2.68228642E+00,-2.77876887E+00
+27.97500E-03,-2.72449734E+00,-2.73335876E+00,-2.76225331E+00,-2.77789863E+00
+28.00000E-03,-2.76095225E+00,-2.69733897E+00,-2.71874133E+00,-2.69836686E+00
+28.02500E-03,-2.65202264E+00,-2.72586656E+00,-2.60188441E+00,-2.77084155E+00
+28.05000E-03,-2.69640486E+00,-2.76188635E+00,-2.75881301E+00,-2.72645934E+00
+28.07500E-03,-2.72449734E+00,-2.73379388E+00,-2.63446389E+00,-2.69836686E+00
+28.10000E-03,-2.64409533E+00,-2.67312192E+00,-2.68228642E+00,-2.69836686E+00
+28.12500E-03,-2.72449734E+00,-2.67804404E+00,-2.68228642E+00,-2.72946452E+00
+28.15000E-03,-2.78216411E+00,-2.72242626E+00,-2.68228642E+00,-2.69836686E+00
+28.17500E-03,-2.71012454E+00,-2.73379388E+00,-2.71530102E+00,-2.73138146E+00
+28.20000E-03,-2.72149215E+00,-2.65639706E+00,-2.68228642E+00,-2.77576368E+00
+28.22500E-03,-2.72449734E+00,-2.65339187E+00,-2.76268843E+00,-2.82014590E+00
+28.25000E-03,-2.71914010E+00,-2.72843664E+00,-2.60724165E+00,-2.77876887E+00
+28.27500E-03,-2.72449734E+00,-2.70313133E+00,-2.73202588E+00,-2.72902941E+00
+28.30000E-03,-2.72449734E+00,-2.66711154E+00,-2.68228642E+00,-2.77876887E+00
+28.32500E-03,-2.70219722E+00,-2.71149376E+00,-2.62418453E+00,-2.64026497E+00
+28.35000E-03,-2.78281725E+00,-2.73379388E+00,-2.68228642E+00,-2.75668677E+00
+28.37500E-03,-2.71055965E+00,-2.73379388E+00,-2.61582210E+00,-2.76483118E+00
+28.40000E-03,-2.77445482E+00,-2.73379388E+00,-2.60188441E+00,-2.72881139E+00
+28.42500E-03,-2.79932409E+00,-2.73379388E+00,-2.76268843E+00,-2.69836686E+00
+28.45000E-03,-2.68569038E+00,-2.69219883E+00,-2.64347946E+00,-2.73717382E+00
+28.47500E-03,-2.80211218E+00,-2.73100671E+00,-2.68228642E+00,-2.70115403E+00
+28.50000E-03,-2.71056057E+00,-2.73379388E+00,-2.71551904E+00,-2.73159948E+00
+28.52500E-03,-2.72449734E+00,-2.72264428E+00,-2.75153883E+00,-2.77876887E+00
+28.55000E-03,-2.78002916E+00,-2.70313225E+00,-2.76268843E+00,-2.72323705E+00
+28.57500E-03,-2.72449734E+00,-2.71428185E+00,-2.72366437E+00,-2.71787889E+00
+28.60000E-03,-2.66060309E+00,-2.66989963E+00,-2.68228642E+00,-2.63447261E+00
+28.62500E-03,-2.64409533E+00,-2.73379388E+00,-2.68228642E+00,-2.77876887E+00
+28.65000E-03,-2.71635201E+00,-2.65339187E+00,-2.68228642E+00,-2.77062354E+00
+28.67500E-03,-2.76866246E+00,-2.73379388E+00,-2.72645154E+00,-2.69836686E+00
+28.70000E-03,-2.72471444E+00,-2.65360897E+00,-2.76247133E+00,-2.69836686E+00
+28.72500E-03,-2.76030003E+00,-2.77839320E+00,-2.71808911E+00,-2.77876887E+00
+28.75000E-03,-2.72449734E+00,-2.73379388E+00,-2.67370689E+00,-2.69836686E+00
+28.77500E-03,-2.72449734E+00,-2.68083213E+00,-2.60188441E+00,-2.75132861E+00
+28.80000E-03,-2.77101543E+00,-2.68727579E+00,-2.60188441E+00,-2.74488495E+00
+28.82500E-03,-2.70541951E+00,-2.73379388E+00,-2.62096224E+00,-2.71744469E+00
+28.85000E-03,-2.77959496E+00,-2.65339187E+00,-2.76268843E+00,-2.69836686E+00
+28.87500E-03,-2.71378194E+00,-2.65339187E+00,-2.75197303E+00,-2.70908226E+00
+28.90000E-03,-2.72449734E+00,-2.70012706E+00,-2.68228642E+00,-2.69836686E+00
+28.92500E-03,-2.72449734E+00,-2.73144091E+00,-2.68228642E+00,-2.70071983E+00
+28.95000E-03,-2.72084085E+00,-2.69542112E+00,-2.72431567E+00,-2.73673962E+00
+28.97500E-03,-2.72449734E+00,-2.72778442E+00,-2.75667897E+00,-2.77876887E+00
+29.00000E-03,-2.72449734E+00,-2.70378355E+00,-2.66190507E+00,-2.64797518E+00
+29.02500E-03,-2.77615557E+00,-2.74816577E+00,-2.76268843E+00,-2.69836686E+00
+29.05000E-03,-2.80489935E+00,-2.73379388E+00,-2.62353231E+00,-2.69836686E+00
+29.07500E-03,-2.80489935E+00,-2.75652820E+00,-2.68228642E+00,-2.72110118E+00
+29.10000E-03,-2.72449734E+00,-2.73379388E+00,-2.68228642E+00,-2.69836686E+00
+29.12500E-03,-2.67519208E+00,-2.68448862E+00,-2.68228642E+00,-2.72946361E+00
+29.15000E-03,-2.71957430E+00,-2.73379388E+00,-2.75776539E+00,-2.62781093E+00
+29.17500E-03,-2.76544017E+00,-2.69285105E+00,-2.72322925E+00,-2.81822805E+00
+29.20000E-03,-2.72449734E+00,-2.65683126E+00,-2.67884703E+00,-2.77532948E+00
+29.22500E-03,-2.72449734E+00,-2.73379388E+00,-2.68228642E+00,-2.71360807E+00
+29.25000E-03,-2.71269552E+00,-2.72199206E+00,-2.68228642E+00,-2.69836686E+00
+29.27500E-03,-2.72449734E+00,-2.73379388E+00,-2.70650439E+00,-2.75455090E+00
+29.30000E-03,-2.72449734E+00,-2.71362963E+00,-2.70245067E+00,-2.63812910E+00
+29.32500E-03,-2.77318827E+00,-2.73379388E+00,-2.74683289E+00,-2.68251132E+00
+29.35000E-03,-2.75302402E+00,-2.73379388E+00,-2.76268843E+00,-2.69836686E+00
+29.37500E-03,-2.79740624E+00,-2.72630077E+00,-2.61687063E+00,-2.77127576E+00
+29.40000E-03,-2.71787355E+00,-2.69028098E+00,-2.68228642E+00,-2.74187976E+00
+29.42500E-03,-2.80403003E+00,-2.73379388E+00,-2.76268843E+00,-2.77876887E+00
+29.45000E-03,-2.75964781E+00,-2.73379388E+00,-2.68228642E+00,-2.65311532E+00
+29.47500E-03,-2.65332708E+00,-2.72456213E+00,-2.76268843E+00,-2.69836686E+00
+29.50000E-03,-2.72449734E+00,-2.65339187E+00,-2.73590039E+00,-2.69836686E+00
+29.52500E-03,-2.66168951E+00,-2.67098605E+00,-2.66469224E+00,-2.76117469E+00
+29.55000E-03,-2.78647374E+00,-2.73379388E+00,-2.68228642E+00,-2.76034326E+00
+29.57500E-03,-2.77894274E+00,-2.73379388E+00,-2.68228642E+00,-2.69836686E+00
+29.60000E-03,-2.79483617E+00,-2.73379388E+00,-2.67222324E+00,-2.69836686E+00
+29.62500E-03,-2.69017830E+00,-2.77987685E+00,-2.68228642E+00,-2.77876887E+00
+29.65000E-03,-2.64579608E+00,-2.73209312E+00,-2.68228642E+00,-2.85747012E+00
+29.67500E-03,-2.76221788E+00,-2.73379388E+00,-2.72000696E+00,-2.69836686E+00
+29.70000E-03,-2.79823767E+00,-2.73379388E+00,-2.75602675E+00,-2.69836686E+00
+29.72500E-03,-2.67345344E+00,-2.73379388E+00,-2.73333032E+00,-2.69836686E+00
+29.75000E-03,-2.65911944E+00,-2.73379388E+00,-2.68228642E+00,-2.82912266E+00
+29.77500E-03,-2.72449734E+00,-2.67438755E+00,-2.62288009E+00,-2.75777318E+00
+29.80000E-03,-2.72449734E+00,-2.79080935E+00,-2.68228642E+00,-2.77876887E+00
+29.82500E-03,-2.77963284E+00,-2.67865837E+00,-2.73742192E+00,-2.64323135E+00
+29.85000E-03,-2.69274837E+00,-2.73379388E+00,-2.71403539E+00,-2.69836686E+00
+29.87500E-03,-2.72876816E+00,-2.73379388E+00,-2.67801560E+00,-2.69836686E+00
+29.90000E-03,-2.76460874E+00,-2.73397309E+00,-2.68210720E+00,-2.69836686E+00
+29.92500E-03,-2.72858895E+00,-2.80601267E+00,-2.76268843E+00,-2.77876887E+00
+29.95000E-03,-2.77297117E+00,-2.68532005E+00,-2.76268843E+00,-2.69836686E+00
+29.97500E-03,-2.71204330E+00,-2.73379388E+00,-2.66983238E+00,-2.75386079E+00
+30.00000E-03,-2.78133360E+00,-2.73379388E+00,-2.73912268E+00,-2.64153060E+00
+30.02500E-03,-2.74531381E+00,-2.67420833E+00,-2.68228642E+00,-2.69836686E+00
+30.05000E-03,-2.73970066E+00,-2.73379388E+00,-2.76268843E+00,-2.68316353E+00
+30.07500E-03,-2.70245312E+00,-2.68257076E+00,-2.65310752E+00,-2.69836686E+00
+30.10000E-03,-2.72449734E+00,-2.80735499E+00,-2.76268843E+00,-2.69836686E+00
+30.12500E-03,-2.72449734E+00,-2.73379388E+00,-2.64474509E+00,-2.69836686E+00
+30.15000E-03,-2.80337781E+00,-2.81115281E+00,-2.68228642E+00,-2.77876887E+00
+30.17500E-03,-2.75899559E+00,-2.68789012E+00,-2.68228642E+00,-2.66386860E+00
+30.20000E-03,-2.73438131E+00,-2.65339187E+00,-2.68228642E+00,-2.69836686E+00
+30.22500E-03,-2.67023116E+00,-2.67952769E+00,-2.68228642E+00,-2.75263304E+00
+30.25000E-03,-2.66234173E+00,-2.73379388E+00,-2.53972880E+00,-2.77876887E+00
+30.27500E-03,-2.74227073E+00,-2.73379388E+00,-2.68228642E+00,-2.76099547E+00
+30.30000E-03,-2.75110617E+00,-2.73379388E+00,-2.76268843E+00,-2.75216004E+00
+30.32500E-03,-2.72449734E+00,-2.72438291E+00,-2.68228642E+00,-2.69836686E+00
+30.35000E-03,-2.75946860E+00,-2.68836312E+00,-2.68228642E+00,-2.66339560E+00
+30.37500E-03,-2.72449734E+00,-2.73379388E+00,-2.68228642E+00,-2.69941539E+00
+30.40000E-03,-2.76156566E+00,-2.73379388E+00,-2.71935474E+00,-2.73543518E+00
+30.42500E-03,-2.72449734E+00,-2.65339187E+00,-2.75537453E+00,-2.77145497E+00
+30.45000E-03,-2.69579145E+00,-2.76249977E+00,-2.68228642E+00,-2.72135708E+00
+30.47500E-03,-2.72449734E+00,-2.71811755E+00,-2.68228642E+00,-2.69836686E+00
+30.50000E-03,-2.74484081E+00,-2.73379388E+00,-2.66194295E+00,-2.75842540E+00
+30.52500E-03,-2.75682184E+00,-2.67743062E+00,-2.68228642E+00,-2.66604236E+00
+30.55000E-03,-2.72449734E+00,-2.80221485E+00,-2.68228642E+00,-2.69836686E+00
+30.57500E-03,-2.77249817E+00,-2.73379388E+00,-2.64988523E+00,-2.74636768E+00
+30.60000E-03,-2.72811595E+00,-2.65701047E+00,-2.76630703E+00,-2.70198546E+00
+30.62500E-03,-2.72562256E+00,-2.77455749E+00,-2.68228642E+00,-2.81840726E+00
+30.65000E-03,-2.64409533E+00,-2.73379388E+00,-2.68703024E+00,-2.69836686E+00
+30.67500E-03,-2.72449734E+00,-2.75164396E+00,-2.63316037E+00,-2.71621694E+00
+30.70000E-03,-2.72449734E+00,-2.72068762E+00,-2.68228642E+00,-2.69836686E+00
+30.72500E-03,-2.64409533E+00,-2.73379388E+00,-2.76268843E+00,-2.69836686E+00
+30.75000E-03,-2.68703270E+00,-2.65339187E+00,-2.70375510E+00,-2.69836686E+00
+30.77500E-03,-2.79034824E+00,-2.66794297E+00,-2.73358622E+00,-2.69836686E+00
+30.80000E-03,-2.75432845E+00,-2.73379388E+00,-2.68228642E+00,-2.74893775E+00
+30.82500E-03,-2.73068602E+00,-2.73379388E+00,-2.68228642E+00,-2.69836686E+00
+30.85000E-03,-2.68228888E+00,-2.69158541E+00,-2.72449488E+00,-2.73656040E+00
+30.87500E-03,-2.72232359E+00,-2.73162012E+00,-2.68228642E+00,-2.69836686E+00
+30.90000E-03,-2.72449734E+00,-2.68723790E+00,-2.69499636E+00,-2.71107680E+00
+30.92500E-03,-2.80489935E+00,-2.73379388E+00,-2.76268843E+00,-2.70890304E+00
+30.95000E-03,-2.77941574E+00,-2.67887547E+00,-2.65680281E+00,-2.67288325E+00
+30.97500E-03,-2.66299395E+00,-2.71489526E+00,-2.66338781E+00,-2.69836686E+00
+31.00000E-03,-2.74161852E+00,-2.73379388E+00,-2.74556725E+00,-2.63508602E+00
+31.02500E-03,-2.72449734E+00,-2.68065291E+00,-2.68228642E+00,-2.75150782E+00
+31.05000E-03,-2.71573859E+00,-2.72503513E+00,-2.69104517E+00,-2.69836686E+00
+31.07500E-03,-2.72449734E+00,-2.68901534E+00,-2.68228642E+00,-2.69836686E+00
+31.10000E-03,-2.64409533E+00,-2.73339756E+00,-2.60188441E+00,-2.69836686E+00
+31.12500E-03,-2.76091345E+00,-2.73379388E+00,-2.67471662E+00,-2.74235276E+00
+31.15000E-03,-2.79693324E+00,-2.66135798E+00,-2.75472231E+00,-2.69836686E+00
+31.17500E-03,-2.72449734E+00,-2.70574020E+00,-2.71034010E+00,-2.75071519E+00
+31.20000E-03,-2.72449734E+00,-2.73379388E+00,-2.61821295E+00,-2.69836686E+00
+31.22500E-03,-2.70480609E+00,-2.73379388E+00,-2.72330593E+00,-2.69836686E+00
+31.25000E-03,-2.78020838E+00,-2.67808284E+00,-2.68228642E+00,-2.72305783E+00
+31.27500E-03,-2.72449734E+00,-2.59564749E+00,-2.68228642E+00,-2.70969567E+00
+31.30000E-03,-2.64409533E+00,-2.68644527E+00,-2.68228642E+00,-2.76001067E+00
+31.32500E-03,-2.80193296E+00,-2.73082749E+00,-2.67932003E+00,-2.62389762E+00
+31.35000E-03,-2.72449734E+00,-2.69237804E+00,-2.72127260E+00,-2.73735303E+00
+31.37500E-03,-2.71910130E+00,-2.65339187E+00,-2.60728045E+00,-2.69836686E+00
+31.40000E-03,-2.62494082E+00,-2.62276812E+00,-2.65166267E+00,-2.69836686E+00
+31.42500E-03,-2.72449734E+00,-2.74755235E+00,-2.68228642E+00,-2.71212533E+00
+31.45000E-03,-2.72449734E+00,-2.73379388E+00,-2.74042711E+00,-2.75650755E+00
+31.47500E-03,-2.68833714E+00,-2.65339187E+00,-2.68228642E+00,-2.83704997E+00
+31.50000E-03,-2.72449734E+00,-2.66729076E+00,-2.74878954E+00,-2.63186374E+00
+31.52500E-03,-2.64409533E+00,-2.68387520E+00,-2.73220510E+00,-2.69836686E+00
+31.55000E-03,-2.73003380E+00,-2.73379388E+00,-2.61295733E+00,-2.69836686E+00
+31.57500E-03,-2.72178685E+00,-2.69494812E+00,-2.76268843E+00,-2.73721262E+00
+31.60000E-03,-2.64974728E+00,-2.73379388E+00,-2.68511239E+00,-2.77876887E+00
+31.62500E-03,-2.72449734E+00,-2.70060006E+00,-2.72949461E+00,-2.77876887E+00
+31.65000E-03,-2.64409533E+00,-2.66458027E+00,-2.75150003E+00,-2.77876887E+00
+31.67500E-03,-2.74932873E+00,-2.81419589E+00,-2.73785704E+00,-2.72319825E+00
+31.70000E-03,-2.76579769E+00,-2.73379388E+00,-2.68228642E+00,-2.69836686E+00
+31.72500E-03,-2.74096630E+00,-2.78125797E+00,-2.74621947E+00,-2.69836686E+00
+31.75000E-03,-2.77698609E+00,-2.65339187E+00,-2.73477517E+00,-2.69836686E+00
+31.77500E-03,-2.72449734E+00,-2.72568735E+00,-2.68228642E+00,-2.77876887E+00
+31.80000E-03,-2.72449734E+00,-2.68966756E+00,-2.68228642E+00,-2.74249318E+00
+31.82500E-03,-2.72449734E+00,-2.73353798E+00,-2.68228642E+00,-2.69862276E+00
+31.85000E-03,-2.72449734E+00,-2.73379388E+00,-2.76268843E+00,-2.65372874E+00
+31.87500E-03,-2.80489935E+00,-2.72517555E+00,-2.76268843E+00,-2.69836686E+00
+31.90000E-03,-2.69889825E+00,-2.65339187E+00,-2.76268843E+00,-2.75136741E+00
+31.92500E-03,-2.66107609E+00,-2.71681312E+00,-2.68228642E+00,-2.69836686E+00
+31.95000E-03,-2.72449734E+00,-2.71475485E+00,-2.70132545E+00,-2.75972984E+00
+31.97500E-03,-2.69915415E+00,-2.78885270E+00,-2.68228642E+00,-2.67302367E+00
+32.00000E-03,-2.78354615E+00,-2.73379388E+00,-2.68228642E+00,-2.77876887E+00
+32.02500E-03,-2.77119373E+00,-2.68709749E+00,-2.71599204E+00,-2.73207248E+00
+32.05000E-03,-2.72449734E+00,-2.73379388E+00,-2.68228642E+00,-2.70068103E+00
+32.07500E-03,-2.68616338E+00,-2.65339187E+00,-2.64021837E+00,-2.77876887E+00
+32.10000E-03,-2.65014359E+00,-2.65944013E+00,-2.68228642E+00,-2.84707436E+00
+32.12500E-03,-2.72449734E+00,-2.73379388E+00,-2.68228642E+00,-2.64793638E+00
+32.15000E-03,-2.73890803E+00,-2.73379388E+00,-2.68228642E+00,-2.64678623E+00
+32.17500E-03,-2.66570443E+00,-2.73379388E+00,-2.76268843E+00,-2.63957395E+00
+32.20000E-03,-2.78212623E+00,-2.73379388E+00,-2.62465753E+00,-2.67559374E+00
+32.22500E-03,-2.80489935E+00,-2.80094922E+00,-2.74944176E+00,-2.76552220E+00
+32.25000E-03,-2.67523088E+00,-2.75192479E+00,-2.66415551E+00,-2.69836686E+00
+32.27500E-03,-2.64897957E+00,-2.73379388E+00,-2.75780419E+00,-2.77876887E+00
+32.30000E-03,-2.76399532E+00,-2.73379388E+00,-2.72178440E+00,-2.69836686E+00
+32.32500E-03,-2.57064970E+00,-2.57646805E+00,-2.68228642E+00,-2.77876887E+00
+32.35000E-03,-2.72449734E+00,-2.70125228E+00,-2.68228642E+00,-2.73090846E+00
+32.37500E-03,-2.79305873E+00,-2.73379388E+00,-2.68228642E+00,-2.71020748E+00
+32.40000E-03,-2.70031817E+00,-2.70961471E+00,-2.70646559E+00,-2.64214402E+00
+32.42500E-03,-2.72449734E+00,-2.65339187E+00,-2.68228642E+00,-2.75856582E+00
+32.45000E-03,-2.72449734E+00,-2.73379388E+00,-2.68228642E+00,-2.71418360E+00
+32.47500E-03,-2.75306282E+00,-2.73379388E+00,-2.71085190E+00,-2.69836686E+00
+32.50000E-03,-2.72449734E+00,-2.73379388E+00,-2.67483211E+00,-2.69836686E+00
+32.52500E-03,-2.76142525E+00,-2.73379388E+00,-2.63881232E+00,-2.69836686E+00
+32.55000E-03,-2.80399123E+00,-2.81237965E+00,-2.76178031E+00,-2.69836686E+00
+32.57500E-03,-2.73467601E+00,-2.73379388E+00,-2.64717475E+00,-2.73347853E+00
+32.60000E-03,-2.71522679E+00,-2.80492534E+00,-2.70082752E+00,-2.69836686E+00
+32.62500E-03,-2.67084457E+00,-2.68014111E+00,-2.70918995E+00,-2.69836686E+00
+32.65000E-03,-2.74213032E+00,-2.67102485E+00,-2.71755238E+00,-2.77876887E+00
+32.67500E-03,-2.72449734E+00,-2.79580908E+00,-2.74430162E+00,-2.73514048E+00
+32.70000E-03,-2.72449734E+00,-2.73379388E+00,-2.70828183E+00,-2.69836686E+00
+32.72500E-03,-2.65411971E+00,-2.73379388E+00,-2.62193317E+00,-2.69836686E+00
+32.75000E-03,-2.75885518E+00,-2.73379388E+00,-2.72833059E+00,-2.69836686E+00
+32.77500E-03,-2.72449734E+00,-2.65339187E+00,-2.60520831E+00,-2.77876887E+00
+32.80000E-03,-2.72449734E+00,-2.73379388E+00,-2.76268843E+00,-2.73604860E+00
+32.82500E-03,-2.72449734E+00,-2.80749541E+00,-2.61528537E+00,-2.69836686E+00
+32.85000E-03,-2.67341464E+00,-2.65339187E+00,-2.65296711E+00,-2.77876887E+00
+32.87500E-03,-2.77477353E+00,-2.73379388E+00,-2.76268843E+00,-2.76370596E+00
+32.90000E-03,-2.70354046E+00,-2.67434875E+00,-2.68228642E+00,-2.69836686E+00
+32.92500E-03,-2.70107200E+00,-2.73379388E+00,-2.65886108E+00,-2.69836686E+00
+32.95000E-03,-2.84751800E+00,-2.66598632E+00,-2.75009398E+00,-2.69836686E+00
+32.97500E-03,-2.67588310E+00,-2.73379388E+00,-2.71407419E+00,-2.71519333E+00
+33.00000E-03,-2.80066733E+00,-2.72956185E+00,-2.68228642E+00,-2.69836686E+00
+33.02500E-03,-2.76474915E+00,-2.73379388E+00,-2.72243662E+00,-2.73851706E+00
+33.05000E-03,-2.72862775E+00,-2.65752228E+00,-2.68228642E+00,-2.77463846E+00
+33.07500E-03,-2.69260796E+00,-2.73379388E+00,-2.71417580E+00,-2.69836686E+00
+33.10000E-03,-2.80489935E+00,-2.66588471E+00,-2.75019559E+00,-2.69836686E+00
+33.12500E-03,-2.78137240E+00,-2.73379388E+00,-2.64893831E+00,-2.72189381E+00
+33.15000E-03,-2.74535261E+00,-2.75464914E+00,-2.68228642E+00,-2.69836686E+00
+33.17500E-03,-2.72449734E+00,-2.71862935E+00,-2.68228642E+00,-2.76360434E+00
+33.20000E-03,-2.75371504E+00,-2.70457618E+00,-2.71150412E+00,-2.72758456E+00
+33.22500E-03,-2.64409533E+00,-2.66019396E+00,-2.76268843E+00,-2.69836686E+00
+33.25000E-03,-2.68167546E+00,-2.69097199E+00,-2.76268843E+00,-2.77876887E+00
+33.27500E-03,-2.72293700E+00,-2.73379388E+00,-2.76268843E+00,-2.69836686E+00
+33.30000E-03,-2.72449734E+00,-2.68785132E+00,-2.67080332E+00,-2.69836686E+00
+33.32500E-03,-2.72449734E+00,-2.66331463E+00,-2.69220919E+00,-2.76884610E+00
+33.35000E-03,-2.72449734E+00,-2.73379388E+00,-2.70838344E+00,-2.67226984E+00
+33.37500E-03,-2.68066572E+00,-2.65339187E+00,-2.63845480E+00,-2.69836686E+00
+33.40000E-03,-2.66182992E+00,-2.73379388E+00,-2.68228642E+00,-2.77876887E+00
+33.42500E-03,-2.80489935E+00,-2.78754826E+00,-2.65517966E+00,-2.75212124E+00
+33.45000E-03,-2.65346749E+00,-2.72442171E+00,-2.62062874E+00,-2.70773902E+00
+33.47500E-03,-2.72449734E+00,-2.73379388E+00,-2.68228642E+00,-2.73337691E+00
+33.50000E-03,-2.72449734E+00,-2.65339187E+00,-2.68329615E+00,-2.69836686E+00
+33.52500E-03,-2.68112485E+00,-2.77716636E+00,-2.71931594E+00,-2.74173934E+00
+33.55000E-03,-2.72449734E+00,-2.66074456E+00,-2.68228642E+00,-2.55226823E+00
+33.57500E-03,-2.75316443E+00,-2.68205896E+00,-2.63055150E+00,-2.69836686E+00
+33.60000E-03,-2.72449734E+00,-2.73379388E+00,-2.61759954E+00,-2.77876887E+00
+33.62500E-03,-2.72449734E+00,-2.71348921E+00,-2.70259108E+00,-2.69836686E+00
+33.65000E-03,-2.66817289E+00,-2.70154698E+00,-2.68228642E+00,-2.77876887E+00
+33.67500E-03,-2.72449734E+00,-2.73379388E+00,-2.76268843E+00,-2.77876887E+00
+33.70000E-03,-2.72449734E+00,-2.68583185E+00,-2.68228642E+00,-2.74632888E+00
+33.72500E-03,-2.72449734E+00,-2.65339187E+00,-2.68228642E+00,-2.77876887E+00
+33.75000E-03,-2.68369493E+00,-2.69299146E+00,-2.68228642E+00,-2.73796645E+00
+33.77500E-03,-2.80489935E+00,-2.80941326E+00,-2.68228642E+00,-2.69358423E+00
+33.80000E-03,-2.72449734E+00,-2.73379388E+00,-2.66435874E+00,-2.69836686E+00
+33.82500E-03,-2.79175429E+00,-2.72064882E+00,-2.82994538E+00,-2.76562381E+00
+33.85000E-03,-2.72449734E+00,-2.65339187E+00,-2.68228642E+00,-2.77876887E+00
+33.87500E-03,-2.70298986E+00,-2.79268840E+00,-2.60188441E+00,-2.67685937E+00
+33.90000E-03,-2.77587474E+00,-2.79968358E+00,-2.68228642E+00,-2.69836686E+00
+33.92500E-03,-2.69462743E+00,-2.71313170E+00,-2.68228642E+00,-2.72823677E+00
+33.95000E-03,-2.71834747E+00,-2.73379388E+00,-2.68228642E+00,-2.69836686E+00
+33.97500E-03,-2.76272969E+00,-2.73379388E+00,-2.67834910E+00,-2.69836686E+00
+34.00000E-03,-2.72449734E+00,-2.73379388E+00,-2.68228642E+00,-2.69836686E+00
+34.02500E-03,-2.72449734E+00,-2.73379388E+00,-2.71609365E+00,-2.73217409E+00
+34.05000E-03,-2.72449734E+00,-2.72321889E+00,-2.69286140E+00,-2.69836686E+00
+34.07500E-03,-2.72449734E+00,-2.73379388E+00,-2.68228642E+00,-2.75332406E+00
+34.10000E-03,-2.66303275E+00,-2.73379388E+00,-2.70122383E+00,-2.77876887E+00
+34.12500E-03,-2.72449734E+00,-2.73379388E+00,-2.68228642E+00,-2.76168649E+00
+34.15000E-03,-2.77759951E+00,-2.73379388E+00,-2.76268843E+00,-2.69836686E+00
+34.17500E-03,-2.65281528E+00,-2.73379388E+00,-2.68228642E+00,-2.61796485E+00
+34.20000E-03,-2.68883507E+00,-2.69813160E+00,-2.72702615E+00,-2.73402913E+00
+34.22500E-03,-2.64409533E+00,-2.65410690E+00,-2.76233091E+00,-2.61832236E+00
+34.25000E-03,-2.72449734E+00,-2.73379388E+00,-2.64590911E+00,-2.69071946E+00
+34.27500E-03,-2.65210025E+00,-2.65339187E+00,-2.68228642E+00,-2.70637177E+00
+34.30000E-03,-2.72449734E+00,-2.73379388E+00,-2.65427154E+00,-2.69836686E+00
+34.32500E-03,-2.72449734E+00,-2.78146120E+00,-2.66591908E+00,-2.69836686E+00
+34.35000E-03,-2.72449734E+00,-2.65339187E+00,-2.72338354E+00,-2.67871441E+00
+34.37500E-03,-2.72449734E+00,-2.65339187E+00,-2.73795865E+00,-2.69836686E+00
+34.40000E-03,-2.72449734E+00,-2.67597190E+00,-2.68228642E+00,-2.70965687E+00
+34.42500E-03,-2.81911695E+00,-2.76688608E+00,-2.72959622E+00,-2.73145906E+00
+34.45000E-03,-2.72742493E+00,-2.65631945E+00,-2.68228642E+00,-2.69543927E+00
+34.47500E-03,-2.68554996E+00,-2.73379388E+00,-2.68228642E+00,-2.73982149E+00
+34.50000E-03,-2.72993218E+00,-2.80876104E+00,-2.61275410E+00,-2.69836686E+00
+34.52500E-03,-2.80489935E+00,-2.73379388E+00,-2.68228642E+00,-2.74818392E+00
+34.55000E-03,-2.72449734E+00,-2.71999660E+00,-2.70988097E+00,-2.76497159E+00
+34.57500E-03,-2.70227482E+00,-2.67561438E+00,-2.64632944E+00,-2.72058937E+00
+34.60000E-03,-2.72449734E+00,-2.79203618E+00,-2.66012672E+00,-2.69836686E+00
+34.62500E-03,-2.65795542E+00,-2.66725195E+00,-2.68228642E+00,-2.72608703E+00
+34.65000E-03,-2.75501947E+00,-2.73379388E+00,-2.71280855E+00,-2.77876887E+00
+34.67500E-03,-2.72999500E+00,-2.73379388E+00,-2.76818609E+00,-2.69836686E+00
+34.70000E-03,-2.72449734E+00,-2.69490931E+00,-2.68228642E+00,-2.69836686E+00
+34.72500E-03,-2.80203458E+00,-2.73092910E+00,-2.75982366E+00,-2.69836686E+00
+34.75000E-03,-2.72449734E+00,-2.68654688E+00,-2.68228642E+00,-2.69836686E+00
+34.77500E-03,-2.72449734E+00,-2.73379388E+00,-2.68228642E+00,-2.64041925E+00
+34.80000E-03,-2.74928993E+00,-2.75858646E+00,-2.65749383E+00,-2.75397628E+00
+34.82500E-03,-2.72449734E+00,-2.69257113E+00,-2.70187605E+00,-2.69836686E+00
+34.85000E-03,-2.72449734E+00,-2.66982203E+00,-2.66585626E+00,-2.76233871E+00
+34.87500E-03,-2.64409533E+00,-2.70584182E+00,-2.70678430E+00,-2.83121881E+00
+34.90000E-03,-2.72449734E+00,-2.73379388E+00,-2.75462070E+00,-2.70643459E+00
+34.92500E-03,-2.72449734E+00,-2.66116489E+00,-2.68228642E+00,-2.65427934E+00
+34.95000E-03,-2.64439003E+00,-2.73379388E+00,-2.68258112E+00,-2.69836686E+00
+34.97500E-03,-2.76917426E+00,-2.69806879E+00,-2.68228642E+00,-2.74304378E+00
+35.00000E-03,-2.72449734E+00,-2.66204900E+00,-2.68228642E+00,-2.62662198E+00
+35.02500E-03,-2.77753669E+00,-2.73379388E+00,-2.68228642E+00,-2.75140621E+00
+35.05000E-03,-2.72449734E+00,-2.67041143E+00,-2.69930598E+00,-2.69836686E+00
+35.07500E-03,-2.70549711E+00,-2.75279411E+00,-2.66328619E+00,-2.74076841E+00
+35.10000E-03,-2.80489935E+00,-2.73379388E+00,-2.76268843E+00,-2.69836686E+00
+35.12500E-03,-2.78362375E+00,-2.66402967E+00,-2.76268843E+00,-2.69836686E+00
+35.15000E-03,-2.71158417E+00,-2.78045147E+00,-2.63562883E+00,-2.77876887E+00
+35.17500E-03,-2.72449734E+00,-2.73379388E+00,-2.76268843E+00,-2.77649350E+00
+35.20000E-03,-2.76279250E+00,-2.69168703E+00,-2.68228642E+00,-2.74047371E+00
+35.22500E-03,-2.73058440E+00,-2.73379388E+00,-2.76268843E+00,-2.77876887E+00
+35.25000E-03,-2.72449734E+00,-2.76372661E+00,-2.76268843E+00,-2.72829959E+00
+35.27500E-03,-2.77600037E+00,-2.73379388E+00,-2.76268843E+00,-2.69836686E+00
