x-axis,1,2,3,4
second,Volt,Volt,Volt,Volt
-12.00000E-06,+1.34481781354E+00,+1.02547110245E+00,+1.04073493363E+00,+982.60048783E-03
-11.95000E-06,+1.37119972281E+00,+1.03426507220E+00,+1.00995603949E+00,+1.02908289939E+00
-11.90000E-06,+1.35423992400E+00,+1.04557160474E+00,+1.03068468248E+00,+993.27887967E-03
-11.85000E-06,+1.34104896936E+00,+1.04557160474E+00,+1.03570980806E+00,+1.01903264824E+00
-11.80000E-06,+1.34607409494E+00,+1.04682788614E+00,+1.00995603949E+00,+1.01337938197E+00
-11.75000E-06,+1.35549620539E+00,+1.03426507220E+00,+1.01435302437E+00,+997.67586455E-03
-11.70000E-06,+1.35486806469E+00,+1.04557160474E+00,+1.04952890339E+00,+1.01337938197E+00
-11.65000E-06,+1.34984293912E+00,+1.02547110245E+00,+1.04450377781E+00,+1.02217335172E+00
-11.60000E-06,+1.34481781354E+00,+1.03489321290E+00,+1.00995603949E+00,+993.27887967E-03
-11.55000E-06,+1.32408917055E+00,+1.02107411757E+00,+1.04576005921E+00,+1.00898239709E+00
-11.50000E-06,+1.37496856699E+00,+1.04494346405E+00,+1.03068468248E+00,+993.27887967E-03
-11.45000E-06,+1.36114947166E+00,+1.03112436872E+00,+1.04450377781E+00,+998.93214594E-03
-11.40000E-06,+1.36491831584E+00,+1.02547110245E+00,+1.03947865224E+00,+1.01212310058E+00
-11.35000E-06,+1.35989319027E+00,+1.04117461987E+00,+1.02565955691E+00,+1.02468591451E+00
-11.30000E-06,+1.33539570309E+00,+1.04557160474E+00,+1.00995603949E+00,+1.01275124127E+00
-11.25000E-06,+1.37559670769E+00,+1.04557160474E+00,+1.01560930576E+00,+993.27887967E-03
-11.20000E-06,+1.34607409494E+00,+1.03489321290E+00,+1.03947865224E+00,+993.27887967E-03
-11.15000E-06,+1.38690324023E+00,+1.01416456990E+00,+1.03005654179E+00,+1.01337938197E+00
-11.10000E-06,+1.35549620539E+00,+1.02547110245E+00,+1.03005654179E+00,+1.01337938197E+00
-11.05000E-06,+1.35549620539E+00,+1.03991833847E+00,+1.03885051154E+00,+998.93214594E-03
-11.00000E-06,+1.35423992400E+00,+1.04431532335E+00,+1.03947865224E+00,+1.00270099012E+00
-10.95000E-06,+1.35549620539E+00,+1.05687813729E+00,+1.04576005921E+00,+997.67586455E-03
-10.90000E-06,+1.33602384379E+00,+1.04494346405E+00,+1.01058418018E+00,+1.01337938197E+00
-10.85000E-06,+1.35549620539E+00,+1.03991833847E+00,+1.02440327551E+00,+1.02782661800E+00
-10.80000E-06,+1.34607409494E+00,+1.02672738384E+00,+1.02880026039E+00,+1.00270099012E+00
-10.75000E-06,+1.32848615543E+00,+1.01416456990E+00,+1.03005654179E+00,+997.67586455E-03
-10.70000E-06,+1.33665198449E+00,+1.04557160474E+00,+1.03005654179E+00,+993.90702037E-03
-10.65000E-06,+1.35549620539E+00,+1.02547110245E+00,+1.03005654179E+00,+993.27887967E-03
-10.60000E-06,+1.35549620539E+00,+1.03614949429E+00,+1.03131282318E+00,+1.02280149242E+00
-10.55000E-06,+1.35989319027E+00,+1.02547110245E+00,+1.03005654179E+00,+1.00898239709E+00
-10.50000E-06,+1.35549620539E+00,+1.02609924314E+00,+1.02942840109E+00,+995.16330176E-03
-10.45000E-06,+1.34984293912E+00,+1.03426507220E+00,+1.03005654179E+00,+998.93214594E-03
-10.40000E-06,+1.34481781354E+00,+1.03614949429E+00,+1.04073493363E+00,+1.00270099012E+00
-10.35000E-06,+1.35549620539E+00,+1.02547110245E+00,+1.03005654179E+00,+993.27887967E-03
-10.30000E-06,+1.35549620539E+00,+1.02547110245E+00,+1.03068468248E+00,+992.65073898E-03
-10.25000E-06,+1.36114947166E+00,+1.03991833847E+00,+1.01560930576E+00,+998.93214594E-03
-10.20000E-06,+1.35675248678E+00,+1.02421482105E+00,+1.02880026039E+00,+982.60048783E-03
-10.15000E-06,+1.35549620539E+00,+1.04117461987E+00,+1.01435302437E+00,+997.67586455E-03
-10.10000E-06,+1.37496856699E+00,+1.02609924314E+00,+1.02880026039E+00,+993.90702037E-03
-10.05000E-06,+1.36429017515E+00,+1.03112436872E+00,+1.03570980806E+00,+1.02782661800E+00
-10.00000E-06,+1.35549620539E+00,+1.03614949429E+00,+1.00995603949E+00,+1.01463566336E+00
-9.95000E-06,+1.35989319027E+00,+1.02986808732E+00,+1.03005654179E+00,+1.00898239709E+00
-9.90000E-06,+1.37496856699E+00,+1.02609924314E+00,+1.00932789879E+00,+993.90702037E-03
-9.85000E-06,+1.36994344142E+00,+1.02547110245E+00,+1.03005654179E+00,+987.62561340E-03
-9.80000E-06,+1.35549620539E+00,+1.03489321290E+00,+1.03005654179E+00,+1.01212310058E+00
-9.75000E-06,+1.35989319027E+00,+1.02107411757E+00,+1.00995603949E+00,+993.27887967E-03
-9.70000E-06,+1.35549620539E+00,+1.00599874085E+00,+1.05015704408E+00,+1.01337938197E+00
-9.65000E-06,+1.34984293912E+00,+1.01981783618E+00,+1.02440327551E+00,+1.00772611570E+00
-9.60000E-06,+1.35675248678E+00,+1.04682788614E+00,+1.03947865224E+00,+1.01337938197E+00
-9.55000E-06,+1.35549620539E+00,+1.02547110245E+00,+1.01435302437E+00,+1.01337938197E+00
-9.50000E-06,+1.35612434609E+00,+1.02547110245E+00,+1.01058418018E+00,+1.03285174357E+00
-9.45000E-06,+1.35549620539E+00,+1.03112436872E+00,+1.00995603949E+00,+998.93214594E-03
-9.40000E-06,+1.36491831584E+00,+1.03614949429E+00,+1.00995603949E+00,+993.27887967E-03
-9.35000E-06,+1.35989319027E+00,+1.04557160474E+00,+1.02565955691E+00,+997.67586455E-03
-9.30000E-06,+1.33602384379E+00,+1.02547110245E+00,+1.04952890339E+00,+993.27887967E-03
-9.25000E-06,+1.34984293912E+00,+1.02547110245E+00,+1.01560930576E+00,+1.01337938197E+00
-9.20000E-06,+1.34607409494E+00,+1.03614949429E+00,+1.03131282318E+00,+1.01337938197E+00
-9.15000E-06,+1.35109922051E+00,+1.04557160474E+00,+1.03005654179E+00,+997.67586455E-03
-9.10000E-06,+1.35549620539E+00,+1.02484296175E+00,+1.01058418018E+00,+993.90702037E-03
-9.05000E-06,+1.35549620539E+00,+1.03991833847E+00,+1.03005654179E+00,+993.27887967E-03
-9.00000E-06,+1.35423992400E+00,+1.03489321290E+00,+1.03131282318E+00,+1.00270099012E+00
-8.95000E-06,+1.35549620539E+00,+1.04557160474E+00,+1.03005654179E+00,+1.01337938197E+00
-8.90000E-06,+1.33602384379E+00,+1.04494346405E+00,+1.03068468248E+00,+993.90702037E-03
-8.85000E-06,+1.34104896936E+00,+1.03991833847E+00,+1.03885051154E+00,+993.27887967E-03
-8.80000E-06,+1.36491831584E+00,+1.02547110245E+00,+1.01937814994E+00,+1.01337938197E+00
-8.75000E-06,+1.37119972281E+00,+1.02547110245E+00,+1.03445352666E+00,+1.00898239709E+00
-8.70000E-06,+1.35549620539E+00,+1.00599874085E+00,+1.01058418018E+00,+1.01337938197E+00
-8.65000E-06,+1.34104896936E+00,+1.02547110245E+00,+1.03885051154E+00,+993.27887967E-03
-8.60000E-06,+1.34481781354E+00,+1.04557160474E+00,+1.00053392904E+00,+993.27887967E-03
-8.55000E-06,+1.35109922051E+00,+1.02986808732E+00,+1.03445352666E+00,+1.00898239709E+00
-8.50000E-06,+1.33539570309E+00,+1.02484296175E+00,+1.05015704408E+00,+993.27887967E-03
-8.45000E-06,+1.35549620539E+00,+1.03112436872E+00,+1.02126257203E+00,+1.01337938197E+00
-8.40000E-06,+1.33539570309E+00,+1.03489321290E+00,+1.03947865224E+00,+1.00270099012E+00
-8.35000E-06,+1.35109922051E+00,+1.02986808732E+00,+1.01435302437E+00,+1.01337938197E+00
-8.30000E-06,+1.35486806469E+00,+1.02547110245E+00,+1.02942840109E+00,+993.27887967E-03
-8.25000E-06,+1.34104896936E+00,+1.03112436872E+00,+1.05015704408E+00,+993.27887967E-03
-8.20000E-06,+1.34607409494E+00,+1.03489321290E+00,+1.03005654179E+00,+1.00395727152E+00
-8.15000E-06,+1.35109922051E+00,+1.03426507220E+00,+1.02565955691E+00,+988.88189479E-03
-8.10000E-06,+1.35549620539E+00,+1.04494346405E+00,+1.00995603949E+00,+1.01337938197E+00
-8.05000E-06,+1.36994344142E+00,+1.03112436872E+00,+995.50880346E-03,+1.01337938197E+00
-8.00000E-06,+1.34481781354E+00,+1.03489321290E+00,+1.04073493363E+00,+993.27887967E-03
-7.95000E-06,+1.33979268797E+00,+1.04117461987E+00,+1.03005654179E+00,+981.97234713E-03
-7.90000E-06,+1.33539570309E+00,+1.04557160474E+00,+1.03068468248E+00,+1.01275124127E+00
-7.85000E-06,+1.35549620539E+00,+1.02547110245E+00,+1.03005654179E+00,+1.01337938197E+00
-7.80000E-06,+1.36617459723E+00,+1.03614949429E+00,+1.02063443133E+00,+1.01337938197E+00
-7.75000E-06,+1.35109922051E+00,+1.02986808732E+00,+1.01435302437E+00,+993.27887967E-03
-7.70000E-06,+1.33539570309E+00,+1.02547110245E+00,+1.03005654179E+00,+1.01337938197E+00
-7.65000E-06,+1.34984293912E+00,+1.03991833847E+00,+1.03570980806E+00,+1.01337938197E+00
-7.60000E-06,+1.34607409494E+00,+1.02547110245E+00,+1.03005654179E+00,+1.02405777381E+00
-7.55000E-06,+1.35549620539E+00,+1.02986808732E+00,+1.03005654179E+00,+1.01337938197E+00
-7.50000E-06,+1.35549620539E+00,+1.06441582565E+00,+1.03005654179E+00,+1.01337938197E+00
-7.45000E-06,+1.35549620539E+00,+1.01667713269E+00,+1.03570980806E+00,+978.83164365E-03
-7.40000E-06,+1.36617459723E+00,+1.03489321290E+00,+1.03005654179E+00,+1.00270099012E+00
-7.35000E-06,+1.33979268797E+00,+1.04117461987E+00,+1.01875000924E+00,+1.04478641681E+00
-7.30000E-06,+1.37496856699E+00,+1.04494346405E+00,+1.03005654179E+00,+974.43465877E-03
-7.25000E-06,+1.34418967285E+00,+1.02547110245E+00,+1.02440327552E+00,+1.00458541221E+00
-7.20000E-06,+1.35549620539E+00,+1.03489321290E+00,+1.03005654179E+00,+993.27887967E-03
-7.15000E-06,+1.37119972281E+00,+1.02986808732E+00,+1.02565955691E+00,+1.01337938197E+00
-7.10000E-06,+1.37559670769E+00,+1.04557160474E+00,+1.03005654179E+00,+1.01337938197E+00
-7.05000E-06,+1.34104896936E+00,+1.02547110245E+00,+1.03005654179E+00,+1.00772611570E+00
-7.00000E-06,+1.33539570309E+00,+1.03614949429E+00,+1.03131282318E+00,+993.27887967E-03
-6.95000E-06,+1.33979268797E+00,+1.02547110245E+00,+1.03005654179E+00,+997.67586455E-03
-6.90000E-06,+1.33539570309E+00,+1.04494346405E+00,+1.04890076269E+00,+1.03285174357E+00
-6.85000E-06,+1.34984293912E+00,+1.03991833847E+00,+1.02440327551E+00,+1.01337938197E+00
-6.80000E-06,+1.34607409494E+00,+1.02547110245E+00,+1.03005654179E+00,+994.53516106E-03
-6.75000E-06,+1.35109922051E+00,+1.02547110245E+00,+1.03005654179E+00,+1.00898239709E+00
-6.70000E-06,+1.37496856699E+00,+1.04494346405E+00,+1.03005654179E+00,+1.03285174357E+00
-6.65000E-06,+1.34984293912E+00,+1.02547110245E+00,+1.03005654179E+00,+1.00772611570E+00
-6.60000E-06,+1.36491831584E+00,+1.01479271060E+00,+1.04073493363E+00,+1.00270099012E+00
-6.55000E-06,+1.33539570309E+00,+1.02547110245E+00,+1.02565955691E+00,+997.67586455E-03
-6.50000E-06,+1.35549620539E+00,+1.02609924314E+00,+1.04952890339E+00,+993.27887967E-03
-6.45000E-06,+1.34418967285E+00,+1.02547110245E+00,+1.01560930576E+00,+993.27887967E-03
-6.40000E-06,+1.36491831584E+00,+1.01479271060E+00,+1.02880026039E+00,+1.00270099012E+00
-6.35000E-06,+1.37119972281E+00,+1.02547110245E+00,+1.04576005920E+00,+997.67586455E-03
-6.30000E-06,+1.35549620539E+00,+1.06504396634E+00,+1.04952890339E+00,+993.90702037E-03
-6.25000E-06,+1.34104896936E+00,+1.02547110245E+00,+1.02440327551E+00,+1.01903264824E+00
-6.20000E-06,+1.32471731125E+00,+1.04557160474E+00,+1.01937814994E+00,+993.27887967E-03
-6.15000E-06,+1.35989319027E+00,+1.04557160474E+00,+1.04576005920E+00,+997.67586455E-03
-6.10000E-06,+1.31655148219E+00,+1.04557160474E+00,+1.04890076269E+00,+1.01337938197E+00
-6.05000E-06,+1.35549620539E+00,+1.02547110245E+00,+1.02126257203E+00,+1.00772611570E+00
-6.00000E-06,+1.35549620539E+00,+1.02672738384E+00,+1.04073493363E+00,+1.00270099012E+00
-5.95000E-06,+1.35109922051E+00,+1.02986808732E+00,+1.03005654179E+00,+1.01337938197E+00
-5.90000E-06,+1.35612434609E+00,+1.02484296175E+00,+1.03005654179E+00,+993.90702037E-03
-5.85000E-06,+1.35549620539E+00,+1.01102386642E+00,+1.01560930576E+00,+1.00772611570E+00
-5.80000E-06,+1.36617459723E+00,+1.01479271060E+00,+1.01937814994E+00,+1.02405777381E+00
-5.75000E-06,+1.37119972281E+00,+1.04117461987E+00,+1.02126257203E+00,+1.01337938197E+00
-5.70000E-06,+1.33602384379E+00,+1.02609924314E+00,+1.01058418018E+00,+993.27887967E-03
-5.65000E-06,+1.34104896936E+00,+1.03991833847E+00,+1.01560930576E+00,+993.27887967E-03
-5.60000E-06,+1.35549620539E+00,+1.01604899199E+00,+1.05015704408E+00,+1.00270099012E+00
-5.55000E-06,+1.34418967285E+00,+1.02547110245E+00,+1.04576005920E+00,+997.67586455E-03
-5.50000E-06,+1.35549620539E+00,+1.04494346405E+00,+1.03005654179E+00,+1.01337938197E+00
-5.45000E-06,+1.35549620539E+00,+1.03112436872E+00,+1.02440327551E+00,+998.93214594E-03
-5.40000E-06,+1.33413942170E+00,+1.02547110245E+00,+1.02063443133E+00,+1.01337938197E+00
-5.35000E-06,+1.35549620539E+00,+1.02547110245E+00,+1.05015704408E+00,+997.67586455E-03
-5.30000E-06,+1.35549620539E+00,+1.04431532335E+00,+1.04890076269E+00,+993.90702037E-03
-5.25000E-06,+1.35549620539E+00,+1.01981783618E+00,+1.00116206973E+00,+1.01337938197E+00
-5.20000E-06,+1.33413942170E+00,+1.02547110245E+00,+1.02189071273E+00,+1.02280149242E+00
-5.15000E-06,+1.35549620539E+00,+1.02986808732E+00,+1.00995603949E+00,+993.27887967E-03
-5.10000E-06,+1.35549620539E+00,+1.04557160474E+00,+1.01058418018E+00,+993.27887967E-03
-5.05000E-06,+1.34670223563E+00,+1.01981783618E+00,+1.03570980806E+00,+1.00772611570E+00
-5.00000E-06,+1.35549620539E+00,+1.03489321290E+00,+1.01937814994E+00,+993.27887967E-03
-4.95000E-06,+1.33539570309E+00,+1.02547110245E+00,+1.05706659175E+00,+1.00458541221E+00
-4.90000E-06,+1.33602384379E+00,+1.04557160474E+00,+1.01121232088E+00,+993.90702037E-03
-4.85000E-06,+1.32660173334E+00,+1.03991833847E+00,+1.01560930576E+00,+998.93214594E-03
-4.80000E-06,+1.35675248678E+00,+1.04557160474E+00,+1.05957915454E+00,+1.01337938197E+00
-4.75000E-06,+1.35109922051E+00,+1.04557160474E+00,+1.04136307433E+00,+1.01337938197E+00
-4.70000E-06,+1.35486806469E+00,+1.02547110245E+00,+1.04952890339E+00,+993.90702037E-03
-4.65000E-06,+1.33539570309E+00,+1.03112436872E+00,+1.00681533600E+00,+1.00458541221E+00
-4.60000E-06,+1.35423992400E+00,+1.02672738384E+00,+1.01937814994E+00,+1.00270099012E+00
-4.55000E-06,+1.37559670769E+00,+1.02547110245E+00,+1.00995603949E+00,+1.01777636685E+00
-4.50000E-06,+1.33665198449E+00,+1.02547110245E+00,+1.04952890339E+00,+993.27887967E-03
-4.45000E-06,+1.34984293912E+00,+1.04557160474E+00,+1.03570980806E+00,+1.01337938197E+00
-4.40000E-06,+1.34607409494E+00,+1.03489321290E+00,+1.03005654179E+00,+1.00270099012E+00
-4.35000E-06,+1.33539570309E+00,+1.02986808732E+00,+1.03445352666E+00,+1.00898239709E+00
-4.30000E-06,+1.35486806469E+00,+1.02547110245E+00,+1.04890076269E+00,+993.27887967E-03
-4.25000E-06,+1.34984293912E+00,+1.03991833847E+00,+1.03885051154E+00,+993.27887967E-03
-4.20000E-06,+1.34481781354E+00,+1.04557160474E+00,+1.02063443133E+00,+993.27887967E-03
-4.15000E-06,+1.33979268797E+00,+1.05248115241E+00,+1.03005654179E+00,+997.67586455E-03
-4.10000E-06,+1.33665198449E+00,+1.00599874085E+00,+1.02942840109E+00,+974.43465877E-03
-4.05000E-06,+1.34104896936E+00,+1.05122487101E+00,+1.03005654179E+00,+987.62561340E-03
-4.00000E-06,+1.34607409494E+00,+1.04557160474E+00,+1.03005654179E+00,+993.27887967E-03
-3.95000E-06,+1.35549620539E+00,+1.02986808732E+00,+1.01435302437E+00,+1.01337938197E+00
-3.90000E-06,+1.35549620539E+00,+1.04431532335E+00,+1.02942840109E+00,+1.01337938197E+00
-3.85000E-06,+1.34984293912E+00,+1.04557160474E+00,+986.71483371E-03,+1.01337938197E+00
-3.80000E-06,+1.35423992400E+00,+1.01604899199E+00,+1.01937814994E+00,+1.00395727152E+00
-3.75000E-06,+1.35989319027E+00,+1.02107411757E+00,+1.04576005921E+00,+1.02908289939E+00
-3.70000E-06,+1.35612434609E+00,+1.04494346405E+00,+1.05015704408E+00,+973.80651807E-03
-3.65000E-06,+1.35549620539E+00,+1.03991833847E+00,+1.00681533600E+00,+1.00772611570E+00
-3.60000E-06,+1.35549620539E+00,+1.01479271060E+00,+1.03947865224E+00,+1.00395727152E+00
-3.55000E-06,+1.33979268797E+00,+1.04557160474E+00,+1.01875000924E+00,+1.02908289939E+00
-3.50000E-06,+1.35423992400E+00,+1.02547110245E+00,+1.03005654179E+00,+993.90702037E-03
-3.45000E-06,+1.35549620539E+00,+1.04557160474E+00,+1.05015704408E+00,+1.00207284943E+00
-3.40000E-06,+1.35549620539E+00,+1.04431532335E+00,+1.04073493363E+00,+993.27887967E-03
-3.35000E-06,+1.35109922051E+00,+1.02986808732E+00,+1.00995603949E+00,+997.67586455E-03
-3.30000E-06,+1.35486806469E+00,+1.00599874085E+00,+1.03005654179E+00,+1.01400752267E+00
-3.25000E-06,+1.34984293912E+00,+1.03991833847E+00,+1.03885051154E+00,+987.62561340E-03
-3.20000E-06,+1.34733037633E+00,+1.03489321290E+00,+1.03005654179E+00,+993.27887967E-03
-3.15000E-06,+1.35549620539E+00,+1.02547110245E+00,+1.02565955691E+00,+1.01337938197E+00
-3.10000E-06,+1.35549620539E+00,+1.04431532335E+00,+1.01058418018E+00,+1.01275124127E+00
-3.05000E-06,+1.33539570309E+00,+1.01102386642E+00,+1.01560930576E+00,+1.01337938197E+00
-3.00000E-06,+1.34481781354E+00,+1.02547110245E+00,+1.00995603949E+00,+1.00395727152E+00
-2.95000E-06,+1.34418967285E+00,+1.06127512216E+00,+1.03005654179E+00,+993.27887967E-03
-2.90000E-06,+1.37559670769E+00,+1.04494346405E+00,+1.02942840109E+00,+1.01337938197E+00
-2.85000E-06,+1.36114947166E+00,+1.03112436872E+00,+1.01560930576E+00,+1.01337938197E+00
-2.80000E-06,+1.34607409494E+00,+1.03489321290E+00,+1.04073493363E+00,+1.02405777381E+00
-2.75000E-06,+1.33099871821E+00,+1.02986808732E+00,+1.04576005921E+00,+1.00898239709E+00
-2.70000E-06,+1.35549620539E+00,+1.04557160474E+00,+1.03005654179E+00,+993.27887967E-03
-2.65000E-06,+1.34984293912E+00,+1.01981783618E+00,+1.03005654179E+00,+1.00772611570E+00
-2.60000E-06,+1.32346102985E+00,+1.02547110245E+00,+1.03005654179E+00,+993.27887967E-03
-2.55000E-06,+1.35109922051E+00,+1.02547110245E+00,+1.00995603949E+00,+1.01337938197E+00
-2.50000E-06,+1.35486806469E+00,+1.02547110245E+00,+1.01121232088E+00,+994.53516107E-03
-2.45000E-06,+1.34984293912E+00,+1.03426507220E+00,+1.02440327551E+00,+973.17837738E-03
-2.40000E-06,+1.35549620539E+00,+1.02547110245E+00,+1.02063443133E+00,+1.02280149242E+00
-2.35000E-06,+1.33979268797E+00,+1.01416456990E+00,+1.04576005921E+00,+1.00898239709E+00
-2.30000E-06,+1.37496856699E+00,+1.04494346405E+00,+1.03068468248E+00,+993.27887967E-03
-2.25000E-06,+1.36994344142E+00,+1.02547110245E+00,+1.03005654179E+00,+1.00458541221E+00
-2.20000E-06,+1.33539570309E+00,+1.03614949429E+00,+1.03822237084E+00,+993.27887967E-03
-2.15000E-06,+1.34670223563E+00,+1.00976758503E+00,+1.03445352666E+00,+997.67586455E-03
-2.10000E-06,+1.31655148219E+00,+1.06504396634E+00,+1.06900126499E+00,+1.01337938197E+00
-2.05000E-06,+1.34104896936E+00,+1.04557160474E+00,+1.00995603949E+00,+1.01903264824E+00
-2.00000E-06,+1.34481781354E+00,+1.02547110245E+00,+1.00995603949E+00,+1.00395727152E+00
-1.95000E-06,+1.34418967285E+00,+1.02986808732E+00,+1.03445352666E+00,+1.00898239709E+00
-1.90000E-06,+1.33476756240E+00,+1.04557160474E+00,+1.04890076269E+00,+1.01400752267E+00
-1.85000E-06,+1.34104896936E+00,+1.01102386642E+00,+1.03570980806E+00,+998.93214594E-03
-1.80000E-06,+1.34481781354E+00,+1.05499371520E+00,+1.03947865224E+00,+1.01337938197E+00
-1.75000E-06,+1.37119972281E+00,+1.04557160474E+00,+1.00555905461E+00,+1.01337938197E+00
-1.70000E-06,+1.33602384379E+00,+1.00662688154E+00,+1.03005654179E+00,+1.01337938197E+00
-1.65000E-06,+1.34984293912E+00,+1.04557160474E+00,+1.03885051154E+00,+1.00772611570E+00
-1.60000E-06,+1.35675248678E+00,+1.03489321290E+00,+1.03005654179E+00,+993.27887967E-03
-1.55000E-06,+1.33979268797E+00,+1.01416456990E+00,+1.04136307433E+00,+1.01337938197E+00
-1.50000E-06,+1.35486806469E+00,+1.06504396634E+00,+991.11181858E-03,+993.27887967E-03
-1.45000E-06,+1.35549620539E+00,+1.03991833847E+00,+1.03005654179E+00,+1.01903264824E+00
-1.40000E-06,+1.33539570309E+00,+1.03489321290E+00,+1.03131282318E+00,+1.00395727152E+00
-1.35000E-06,+1.35109922051E+00,+1.05687813729E+00,+1.03005654179E+00,+993.27887967E-03
-1.30000E-06,+1.35486806469E+00,+1.02609924314E+00,+1.03005654179E+00,+1.01337938197E+00
-1.25000E-06,+1.34984293912E+00,+1.03112436872E+00,+1.03005654179E+00,+1.02217335173E+00
-1.20000E-06,+1.35549620539E+00,+1.02421482105E+00,+1.01121232088E+00,+1.00395727152E+00
-1.15000E-06,+1.35549620539E+00,+1.02986808732E+00,+1.04576005921E+00,+1.01337938197E+00
-1.10000E-06,+1.33476756240E+00,+1.02484296175E+00,+1.02942840109E+00,+1.01337938197E+00
-1.05000E-06,+1.36429017514E+00,+1.01102386642E+00,+1.03570980806E+00,+1.00772611570E+00
-1.00000E-06,+1.34481781354E+00,+1.02547110245E+00,+1.02063443133E+00,+1.00395727152E+00
-950.00E-09,+1.35109922051E+00,+1.02547110245E+00,+1.01435302437E+00,+1.02468591451E+00
-900.00E-09,+1.33539570309E+00,+1.02547110245E+00,+1.03005654179E+00,+974.43465877E-03
-850.00E-09,+1.36429017515E+00,+1.02547110245E+00,+1.03570980806E+00,+987.62561340E-03
-800.00E-09,+1.35549620539E+00,+1.01604899199E+00,+1.02063443133E+00,+1.01337938197E+00
-750.00E-09,+1.35549620539E+00,+1.04557160474E+00,+1.03005654179E+00,+1.01777636685E+00
-700.00E-09,+1.35486806469E+00,+1.04494346405E+00,+1.03068468248E+00,+993.27887967E-03
-650.00E-09,+1.36114947166E+00,+1.03991833847E+00,+1.00116206973E+00,+1.01337938197E+00
-600.00E-09,+1.34481781354E+00,+1.03614949429E+00,+1.03822237084E+00,+1.00395727152E+00
-550.00E-09,+1.35109922051E+00,+1.04117461987E+00,+1.03005654179E+00,+993.27887967E-03
-500.00E-09,+1.35549620539E+00,+1.02547110245E+00,+1.03005654179E+00,+993.90702037E-03
-450.00E-09,+1.35549620539E+00,+1.04557160474E+00,+1.04450377781E+00,+1.01337938197E+00
-400.00E-09,+1.35549620539E+00,+1.02547110245E+00,+1.04073493363E+00,+1.00395727152E+00
-350.00E-09,+1.33539570309E+00,+1.04557160474E+00,+1.00995603949E+00,+997.67586455E-03
-300.00E-09,+1.35423992400E+00,+1.02609924314E+00,+1.02942840109E+00,+1.01275124127E+00
-250.00E-09,+1.36429017514E+00,+1.03112436872E+00,+1.02691583830E+00,+998.93214594E-03
-200.00E-09,+1.34607409494E+00,+1.03489321290E+00,+1.04073493363E+00,+1.00270099012E+00
-150.00E-09,+1.33539570309E+00,+1.04557160474E+00,+1.01435302437E+00,+1.02908289939E+00
-100.00E-09,+1.35612434609E+00,+1.02484296175E+00,+1.01058418018E+00,+1.01337938197E+00
-50.00E-09,+1.35549620539E+00,+1.02547110245E+00,+1.03005654179E+00,+1.01652008545E+00
-0.0E+00,+1.06341078138E+00,+1.04557160474E+00,+1.00995603949E+00,+962.49998553E-03
+50.00E-09,+1.01818465121E+00,+1.04808416753E+00,+1.03005654179E+00,+1.01337938197E+00
+100.00E-09,+1.01441580703E+00,+1.04494346405E+00,+1.01058418018E+00,+1.03285174357E+00
+150.00E-09,+1.01944093261E+00,+1.03991833847E+00,+1.02440327551E+00,+1.01337938197E+00
+200.00E-09,+1.01378766634E+00,+1.04557160474E+00,+1.02880026039E+00,+1.01463566336E+00
+250.00E-09,+1.03388816863E+00,+1.02547110245E+00,+1.00995603949E+00,+993.27887967E-03
+300.00E-09,+1.01378766634E+00,+1.02547110245E+00,+1.03005654179E+00,+993.27887967E-03
+350.00E-09,+1.02258163609E+00,+1.02547110245E+00,+1.03005654179E+00,+1.01337938197E+00
+400.00E-09,+1.01378766634E+00,+1.02672738384E+00,+1.03947865224E+00,+993.27887967E-03
+450.00E-09,+1.01378766634E+00,+1.02547110245E+00,+1.02565955691E+00,+988.88189479E-03
+500.00E-09,+1.03326002794E+00,+1.02609924314E+00,+1.02942840109E+00,+994.53516107E-03
+550.00E-09,+1.01944093261E+00,+1.05436557450E+00,+1.03005654179E+00,+998.93214594E-03
+600.00E-09,+1.03388816863E+00,+1.02547110245E+00,+1.03005654179E+00,+1.01337938197E+00
+650.00E-09,+1.03388816863E+00,+1.02547110245E+00,+1.04136307433E+00,+1.00898239709E+00
+700.00E-09,+1.03388816863E+00,+1.04494346405E+00,+1.01121232088E+00,+1.01275124127E+00
+750.00E-09,+999.34043031E-03,+1.03991833847E+00,+1.01875000924E+00,+1.02782661800E+00
+800.00E-09,+1.00310927449E+00,+1.04557160474E+00,+1.02063443133E+00,+993.27887967E-03
+850.00E-09,+1.04079771630E+00,+998.46105249E-03,+1.03005654179E+00,+1.00207284943E+00
+900.00E-09,+1.01378766634E+00,+1.04431532335E+00,+1.01121232088E+00,+1.01400752267E+00
+950.00E-09,+1.02509419888E+00,+1.02547110245E+00,+1.01560930576E+00,+984.48490992E-03
+1.00000E-06,+1.03388816863E+00,+1.04557160474E+00,+1.01937814994E+00,+1.01337938197E+00
+1.05000E-06,+1.01818465121E+00,+1.04117461987E+00,+1.03005654179E+00,+997.67586455E-03
+1.10000E-06,+993.68716404E-03,+1.00725502224E+00,+1.02942840109E+00,+993.27887967E-03
+1.15000E-06,+1.01378766634E+00,+1.02547110245E+00,+1.01560930576E+00,+993.27887967E-03
+1.20000E-06,+1.02320977679E+00,+1.00537060015E+00,+1.01937814994E+00,+994.53516107E-03
+1.25000E-06,+1.01378766634E+00,+1.00976758503E+00,+1.02565955691E+00,+997.67586455E-03
+1.30000E-06,+1.01441580703E+00,+1.04431532335E+00,+1.02942840109E+00,+992.65073898E-03
+1.35000E-06,+1.02823490236E+00,+1.04557160474E+00,+1.05581031035E+00,+1.00772611570E+00
+1.40000E-06,+1.03514445003E+00,+1.02547110245E+00,+1.03947865224E+00,+1.01337938197E+00
+1.45000E-06,+1.03388816863E+00,+1.04117461987E+00,+1.02126257203E+00,+1.00898239709E+00
+1.50000E-06,+1.01441580703E+00,+1.02547110245E+00,+1.02942840109E+00,+993.90702037E-03
+1.55000E-06,+1.02823490236E+00,+1.02547110245E+00,+1.01560930576E+00,+1.00772611570E+00
+1.60000E-06,+1.02446605818E+00,+1.04557160474E+00,+1.03947865224E+00,+982.60048783E-03
+1.65000E-06,+1.03388816863E+00,+1.02547110245E+00,+1.02565955691E+00,+997.67586455E-03
+1.70000E-06,+1.01441580703E+00,+1.04557160474E+00,+1.03005654179E+00,+1.01275124127E+00
+1.75000E-06,+1.01944093261E+00,+1.05122487101E+00,+1.02126257203E+00,+1.00772611570E+00
+1.80000E-06,+1.02320977679E+00,+1.01479271060E+00,+1.02063443133E+00,+1.01337938197E+00
+1.85000E-06,+1.01818465121E+00,+1.02986808732E+00,+1.03005654179E+00,+1.01337938197E+00
+1.90000E-06,+1.03388816863E+00,+1.02547110245E+00,+1.03005654179E+00,+993.90702037E-03
+1.95000E-06,+1.01378766634E+00,+1.04557160474E+00,+1.03005654179E+00,+998.93214594E-03
+2.00000E-06,+1.02320977679E+00,+1.02672738384E+00,+1.01937814994E+00,+1.00395727152E+00
+2.05000E-06,+1.02949118376E+00,+1.03426507220E+00,+1.05015704408E+00,+1.02908289939E+00
+2.10000E-06,+1.01378766634E+00,+1.04431532335E+00,+1.03005654179E+00,+992.65073898E-03
+2.15000E-06,+1.03388816863E+00,+1.02547110245E+00,+1.03885051154E+00,+1.01337938197E+00
+2.20000E-06,+1.02320977679E+00,+1.03614949429E+00,+1.05015704408E+00,+1.01337938197E+00
+2.25000E-06,+1.01818465121E+00,+1.00537060015E+00,+1.02565955691E+00,+1.01337938197E+00
+2.30000E-06,+1.03388816863E+00,+1.04494346405E+00,+1.04952890339E+00,+1.01275124127E+00
+2.35000E-06,+1.03954143490E+00,+1.02547110245E+00,+1.03005654179E+00,+1.00207284943E+00
+2.40000E-06,+1.03388816863E+00,+1.01604899199E+00,+1.03947865224E+00,+993.27887967E-03
+2.45000E-06,+1.00248113379E+00,+1.02547110245E+00,+1.05015704408E+00,+1.01777636685E+00
+2.50000E-06,+1.01441580703E+00,+1.02547110245E+00,+1.01058418018E+00,+1.03285174357E+00
+2.55000E-06,+999.34043031E-03,+1.03112436872E+00,+1.01560930576E+00,+1.00458541221E+00
+2.60000E-06,+1.01378766634E+00,+1.04557160474E+00,+1.01937814994E+00,+1.00395727152E+00
+2.65000E-06,+1.04959168605E+00,+1.02547110245E+00,+1.03005654179E+00,+997.67586455E-03
+2.70000E-06,+1.01441580703E+00,+1.02547110245E+00,+1.04952890339E+00,+992.65073898E-03
+2.75000E-06,+1.02823490236E+00,+1.03677763499E+00,+1.03885051154E+00,+1.02217335173E+00
+2.80000E-06,+1.02320977679E+00,+1.03614949429E+00,+1.01937814994E+00,+982.60048783E-03
+2.85000E-06,+982.38063150E-03,+1.02547110245E+00,+1.01435302437E+00,+1.01337938197E+00
+2.90000E-06,+994.31530473E-03,+1.04557160474E+00,+1.02880026039E+00,+993.27887967E-03
+2.95000E-06,+1.01378766634E+00,+1.02547110245E+00,+1.04450377781E+00,+1.00772611570E+00
+3.00000E-06,+1.02446605818E+00,+1.01479271060E+00,+1.02063443133E+00,+994.53516107E-03
+3.05000E-06,+1.01378766634E+00,+1.04996858962E+00,+1.04576005921E+00,+993.27887967E-03
+3.10000E-06,+1.01378766634E+00,+1.04494346405E+00,+1.01058418018E+00,+1.01400752267E+00
+3.15000E-06,+1.01378766634E+00,+1.06001884077E+00,+1.03005654179E+00,+978.83164365E-03
+3.20000E-06,+1.03388816863E+00,+1.02547110245E+00,+1.01937814994E+00,+1.01337938197E+00
+3.25000E-06,+1.02949118376E+00,+1.02547110245E+00,+1.02565955691E+00,+1.01337938197E+00
+3.30000E-06,+994.94344543E-03,+1.04494346405E+00,+1.03068468248E+00,+993.27887967E-03
+3.35000E-06,+1.03388816863E+00,+1.02547110245E+00,+1.03005654179E+00,+998.93214594E-03
+3.40000E-06,+1.01378766634E+00,+1.01479271060E+00,+1.02880026039E+00,+994.53516107E-03
+3.45000E-06,+1.01818465121E+00,+1.02986808732E+00,+1.03005654179E+00,+993.27887967E-03
+3.50000E-06,+1.05273238954E+00,+1.02547110245E+00,+1.05015704408E+00,+993.27887967E-03
+3.55000E-06,+1.03388816863E+00,+1.02547110245E+00,+1.03005654179E+00,+1.01337938197E+00
+3.60000E-06,+1.05524495232E+00,+1.02421482105E+00,+1.02063443133E+00,+1.01337938197E+00
+3.65000E-06,+1.01378766634E+00,+1.02986808732E+00,+1.03445352666E+00,+1.00898239709E+00
+3.70000E-06,+1.03326002794E+00,+1.02547110245E+00,+1.01058418018E+00,+1.01400752267E+00
+3.75000E-06,+1.00499369658E+00,+1.04557160474E+00,+1.03005654179E+00,+993.27887967E-03
+3.80000E-06,+1.03514445003E+00,+1.03489321290E+00,+1.04073493363E+00,+1.01463566336E+00
+3.85000E-06,+1.03388816863E+00,+1.06567210704E+00,+1.00555905461E+00,+1.01777636685E+00
+3.90000E-06,+994.31530473E-03,+1.02609924314E+00,+1.02942840109E+00,+1.01337938197E+00
+3.95000E-06,+1.00813440006E+00,+1.03991833847E+00,+1.03885051154E+00,+978.83164365E-03
+4.00000E-06,+1.01504394773E+00,+1.05624999659E+00,+1.05015704408E+00,+1.01212310058E+00
+4.05000E-06,+1.01818465121E+00,+1.04117461987E+00,+1.04136307433E+00,+997.67586455E-03
+4.10000E-06,+1.01441580703E+00,+1.02547110245E+00,+1.03005654179E+00,+1.01275124127E+00
+4.15000E-06,+1.03388816863E+00,+1.03991833847E+00,+1.03885051154E+00,+1.00772611570E+00
+4.20000E-06,+1.02320977679E+00,+1.03489321290E+00,+1.03005654179E+00,+992.02259828E-03
+4.25000E-06,+1.03388816863E+00,+1.00537060015E+00,+1.01435302437E+00,+997.67586455E-03
+4.30000E-06,+1.03451630933E+00,+1.02547110245E+00,+1.03005654179E+00,+993.27887967E-03
+4.35000E-06,+999.34043031E-03,+1.04557160474E+00,+1.03005654179E+00,+1.01337938197E+00
+4.40000E-06,+1.00562183728E+00,+1.04682788614E+00,+1.02063443133E+00,+1.02280149242E+00
+4.45000E-06,+1.02949118376E+00,+1.02547110245E+00,+1.00995603949E+00,+1.01337938197E+00
+4.50000E-06,+1.05273238954E+00,+1.02547110245E+00,+1.01058418018E+00,+993.90702037E-03
+4.55000E-06,+1.03388816863E+00,+1.02547110245E+00,+1.01560930576E+00,+1.00772611570E+00
+4.60000E-06,+1.02446605818E+00,+1.03614949429E+00,+1.03005654179E+00,+1.00395727152E+00
+4.65000E-06,+1.00939068146E+00,+1.02547110245E+00,+1.05015704408E+00,+977.57536225E-03
+4.70000E-06,+1.03388816863E+00,+1.04557160474E+00,+1.03005654179E+00,+974.43465877E-03
+4.75000E-06,+1.04268213839E+00,+1.01667713269E+00,+1.01560930576E+00,+984.48490992E-03
+4.80000E-06,+1.02320977679E+00,+1.03489321290E+00,+1.02063443133E+00,+1.00395727152E+00
+4.85000E-06,+1.00939068146E+00,+1.02986808732E+00,+1.02565955691E+00,+1.01337938197E+00
+4.90000E-06,+1.05273238954E+00,+1.00725502224E+00,+1.04952890339E+00,+993.90702037E-03
+4.95000E-06,+1.01378766634E+00,+1.00537060015E+00,+1.00430277322E+00,+998.93214594E-03
+5.00000E-06,+1.03388816863E+00,+1.01604899199E+00,+1.03005654179E+00,+1.00395727152E+00
+5.05000E-06,+1.00248113379E+00,+1.03677763499E+00,+1.03005654179E+00,+993.27887967E-03
+5.10000E-06,+1.03388816863E+00,+1.04494346405E+00,+1.03068468248E+00,+993.90702037E-03
+5.15000E-06,+1.01944093261E+00,+1.03991833847E+00,+1.03005654179E+00,+1.01337938197E+00
+5.20000E-06,+1.01253138494E+00,+1.02547110245E+00,+1.03005654179E+00,+993.27887967E-03
+5.25000E-06,+1.03388816863E+00,+1.03426507220E+00,+1.04576005921E+00,+993.27887967E-03
+5.30000E-06,+1.03388816863E+00,+1.02609924314E+00,+1.03005654179E+00,+1.01337938197E+00
+5.35000E-06,+1.03388816863E+00,+1.02547110245E+00,+1.03005654179E+00,+993.27887967E-03
+5.40000E-06,+1.01504394773E+00,+1.02547110245E+00,+1.02063443133E+00,+1.00270099012E+00
+5.45000E-06,+1.01378766634E+00,+1.02547110245E+00,+1.01875000924E+00,+993.27887967E-03
+5.50000E-06,+1.03388816863E+00,+1.04494346405E+00,+1.01058418018E+00,+993.90702037E-03
+5.55000E-06,+1.01378766634E+00,+1.03112436872E+00,+1.03005654179E+00,+1.00772611570E+00
+5.60000E-06,+1.02446605818E+00,+1.02547110245E+00,+1.02063443133E+00,+993.27887967E-03
+5.65000E-06,+1.00939068146E+00,+1.00537060015E+00,+1.03005654179E+00,+1.01337938197E+00
+5.70000E-06,+1.01378766634E+00,+1.02547110245E+00,+1.02942840109E+00,+1.01337938197E+00
+5.75000E-06,+1.00499369658E+00,+1.03112436872E+00,+1.01560930576E+00,+998.93214594E-03
+5.80000E-06,+1.03388816863E+00,+1.05499371520E+00,+1.05141332548E+00,+993.27887967E-03
+5.85000E-06,+1.04959168605E+00,+1.02547110245E+00,+1.03005654179E+00,+993.27887967E-03
+5.90000E-06,+994.94344543E-03,+1.04557160474E+00,+1.05015704408E+00,+1.01275124127E+00
+5.95000E-06,+1.02823490236E+00,+1.06001884077E+00,+1.04450377781E+00,+1.00772611570E+00
+6.00000E-06,+1.01253138494E+00,+1.02421482105E+00,+1.01937814994E+00,+983.85676922E-03
+6.05000E-06,+1.01378766634E+00,+1.02547110245E+00,+1.03005654179E+00,+1.02468591451E+00
+6.10000E-06,+1.01441580703E+00,+1.04557160474E+00,+1.03005654179E+00,+973.80651807E-03
+6.15000E-06,+1.03954143490E+00,+1.03112436872E+00,+1.03005654179E+00,+998.93214594E-03
+6.20000E-06,+1.03388816863E+00,+1.01604899199E+00,+1.03005654179E+00,+993.27887967E-03
+6.25000E-06,+1.01818465121E+00,+1.01416456990E+00,+1.00555905461E+00,+1.00207284943E+00
+6.30000E-06,+1.01378766634E+00,+1.02547110245E+00,+1.02942840109E+00,+993.90702037E-03
+6.35000E-06,+1.01944093261E+00,+1.01102386642E+00,+1.03005654179E+00,+998.93214594E-03
+6.40000E-06,+1.03388816863E+00,+1.04557160474E+00,+1.04073493363E+00,+993.27887967E-03
+6.45000E-06,+993.68716404E-03,+1.04117461987E+00,+1.03005654179E+00,+1.00898239709E+00
+6.50000E-06,+1.05398867093E+00,+1.02547110245E+00,+1.01058418019E+00,+993.27887967E-03
+6.55000E-06,+1.01378766634E+00,+1.02547110245E+00,+1.04450377781E+00,+1.00772611570E+00
+6.60000E-06,+1.01378766634E+00,+1.04431532335E+00,+1.02880026039E+00,+1.01337938197E+00
+6.65000E-06,+1.01818465121E+00,+1.02547110245E+00,+1.04576005921E+00,+993.27887967E-03
+6.70000E-06,+1.05336053023E+00,+1.00662688154E+00,+1.04952890339E+00,+1.01337938197E+00
+6.75000E-06,+1.02823490236E+00,+1.03112436872E+00,+1.03570980806E+00,+1.02782661800E+00
+6.80000E-06,+1.03388816863E+00,+1.02547110245E+00,+1.03005654179E+00,+1.00395727152E+00
+6.85000E-06,+998.08414892E-03,+1.01856155478E+00,+1.01435302437E+00,+993.27887967E-03
+6.90000E-06,+1.01378766634E+00,+1.00599874085E+00,+1.02880026039E+00,+1.01337938197E+00
+6.95000E-06,+1.02823490236E+00,+1.02547110245E+00,+1.03005654179E+00,+998.93214594E-03
+7.00000E-06,+1.04331027908E+00,+1.01604899199E+00,+1.03005654179E+00,+1.00395727152E+00
+7.05000E-06,+998.08414892E-03,+1.02986808732E+00,+1.02565955691E+00,+997.67586455E-03
+7.10000E-06,+1.03326002794E+00,+1.04494346405E+00,+1.03131282318E+00,+993.90702037E-03
+7.15000E-06,+1.03388816863E+00,+1.03991833847E+00,+1.03885051154E+00,+998.93214594E-03
+7.20000E-06,+1.02446605818E+00,+1.02547110245E+00,+1.03005654179E+00,+993.27887967E-03
+7.25000E-06,+1.05398867093E+00,+1.02986808732E+00,+1.03005654179E+00,+997.67586455E-03
+7.30000E-06,+1.03326002794E+00,+1.04557160474E+00,+1.03068468248E+00,+993.27887967E-03
+7.35000E-06,+1.00499369658E+00,+1.03112436872E+00,+1.03005654179E+00,+998.93214594E-03
+7.40000E-06,+1.05398867093E+00,+1.02547110245E+00,+1.03005654179E+00,+1.00395727152E+00
+7.45000E-06,+1.02258163609E+00,+1.02547110245E+00,+1.03005654179E+00,+997.67586455E-03
+7.50000E-06,+1.03388816863E+00,+1.04557160474E+00,+1.05015704408E+00,+1.01275124127E+00
+7.55000E-06,+1.02509419888E+00,+1.05436557450E+00,+1.03005654179E+00,+1.00772611570E+00
+7.60000E-06,+1.02320977679E+00,+1.03489321290E+00,+1.03005654179E+00,+994.53516107E-03
+7.65000E-06,+1.00687811867E+00,+1.02547110245E+00,+1.04576005921E+00,+997.67586455E-03
+7.70000E-06,+1.03388816863E+00,+1.04557160474E+00,+1.02942840109E+00,+1.01275124127E+00
+7.75000E-06,+1.02823490236E+00,+1.03112436872E+00,+1.02440327551E+00,+1.01337938197E+00
+7.80000E-06,+1.01378766634E+00,+1.04557160474E+00,+1.04073493363E+00,+1.00270099012E+00
+7.85000E-06,+1.04519470118E+00,+1.03677763499E+00,+1.02565955691E+00,+1.01337938197E+00
+7.90000E-06,+1.03388816863E+00,+1.00662688154E+00,+1.03005654179E+00,+974.43465877E-03
+7.95000E-06,+1.04268213839E+00,+1.03991833847E+00,+1.03005654179E+00,+1.01337938197E+00
+8.00000E-06,+1.02320977679E+00,+1.01479271060E+00,+1.03005654179E+00,+993.27887967E-03
+8.05000E-06,+1.03388816863E+00,+1.03426507220E+00,+1.05015704408E+00,+1.01337938197E+00
+8.10000E-06,+1.03388816863E+00,+1.00599874085E+00,+1.02942840109E+00,+1.01337938197E+00
+8.15000E-06,+999.34043031E-03,+1.03112436872E+00,+1.03005654179E+00,+990.13817619E-03
+8.20000E-06,+1.02320977679E+00,+1.02672738384E+00,+1.01937814994E+00,+993.27887967E-03
+8.25000E-06,+1.03388816863E+00,+1.02986808732E+00,+1.04576005921E+00,+993.27887967E-03
+8.30000E-06,+1.03326002794E+00,+1.02547110245E+00,+1.02880026039E+00,+1.01275124127E+00
+8.35000E-06,+1.01378766634E+00,+1.04557160474E+00,+1.03570980806E+00,+1.01337938197E+00
+8.40000E-06,+1.02320977679E+00,+1.03489321290E+00,+1.03005654179E+00,+993.27887967E-03
+8.45000E-06,+1.01818465121E+00,+1.02547110245E+00,+1.03445352666E+00,+1.01337938197E+00
+8.50000E-06,+1.03451630933E+00,+1.02609924314E+00,+1.02942840109E+00,+1.01337938197E+00
+8.55000E-06,+1.01944093261E+00,+1.04557160474E+00,+1.03005654179E+00,+998.93214594E-03
+8.60000E-06,+1.01253138494E+00,+1.03614949429E+00,+1.03005654179E+00,+993.27887967E-03
+8.65000E-06,+1.02258163609E+00,+1.04117461987E+00,+1.00995603949E+00,+997.67586455E-03
+8.70000E-06,+1.03326002794E+00,+1.04431532335E+00,+1.01058418019E+00,+974.43465877E-03
+8.75000E-06,+1.04268213839E+00,+1.03112436872E+00,+995.50880346E-03,+1.00772611570E+00
+8.80000E-06,+1.03388816863E+00,+1.03489321290E+00,+1.03005654179E+00,+1.00395727152E+00
+8.85000E-06,+1.02949118376E+00,+1.04557160474E+00,+1.06146357663E+00,+1.00207284943E+00
+8.90000E-06,+1.03326002794E+00,+1.02609924314E+00,+1.04952890339E+00,+1.01275124127E+00
+8.95000E-06,+999.34043031E-03,+1.03112436872E+00,+1.02440327551E+00,+1.02782661800E+00
+9.00000E-06,+1.04331027908E+00,+1.02547110245E+00,+1.03005654179E+00,+982.60048783E-03
+9.05000E-06,+1.03388816863E+00,+1.04117461987E+00,+1.01435302437E+00,+997.67586455E-03
+9.10000E-06,+1.05336053023E+00,+1.02547110245E+00,+1.04952890339E+00,+1.01275124127E+00
+9.15000E-06,+1.03954143490E+00,+1.03112436872E+00,+1.02126257203E+00,+1.00772611570E+00
+9.20000E-06,+1.01378766634E+00,+1.01604899199E+00,+1.03131282318E+00,+1.00395727152E+00
+9.25000E-06,+1.01818465121E+00,+1.02547110245E+00,+1.03005654179E+00,+997.67586455E-03
+9.30000E-06,+1.03388816863E+00,+1.02484296175E+00,+1.03005654179E+00,+1.01337938197E+00
+9.35000E-06,+1.03388816863E+00,+1.01102386642E+00,+1.03005654179E+00,+1.00772611570E+00
+9.40000E-06,+1.02320977679E+00,+1.02547110245E+00,+1.03005654179E+00,+1.01212310058E+00
+9.45000E-06,+1.00939068146E+00,+1.02547110245E+00,+1.00995603949E+00,+993.27887967E-03
+9.50000E-06,+1.01441580703E+00,+1.02609924314E+00,+1.02942840109E+00,+993.90702037E-03
+9.55000E-06,+1.01378766634E+00,+1.05436557450E+00,+1.03885051154E+00,+978.83164365E-03
+9.60000E-06,+1.02320977679E+00,+1.05624999659E+00,+1.03005654179E+00,+992.02259828E-03
+9.65000E-06,+1.01818465121E+00,+1.02986808732E+00,+1.03005654179E+00,+1.00898239709E+00
+9.70000E-06,+1.03388816863E+00,+1.00537060015E+00,+1.03005654179E+00,+1.03222360287E+00
+9.75000E-06,+1.01944093261E+00,+1.04557160474E+00,+1.04450377781E+00,+993.27887967E-03
+9.80000E-06,+1.03388816863E+00,+1.02547110245E+00,+1.03005654179E+00,+992.02259828E-03
+9.85000E-06,+1.04959168605E+00,+1.02547110245E+00,+1.03005654179E+00,+1.01337938197E+00
+9.90000E-06,+1.01504394773E+00,+1.02547110245E+00,+1.04952890339E+00,+993.90702037E-03
+9.95000E-06,+1.03388816863E+00,+1.02547110245E+00,+1.03005654179E+00,+1.00772611570E+00
+10.00000E-06,+1.02320977679E+00,+1.02421482105E+00,+1.03947865224E+00,+1.00395727152E+00
+10.05000E-06,+1.00248113379E+00,+1.04117461987E+00,+998.64950695E-03,+1.00207284943E+00
+10.10000E-06,+1.03263188724E+00,+1.04494346405E+00,+1.02942840109E+00,+993.90702037E-03
+10.15000E-06,+1.03388816863E+00,+1.04871230823E+00,+1.03005654179E+00,+993.27887967E-03
+10.20000E-06,+1.03388816863E+00,+1.03489321290E+00,+1.04073493363E+00,+1.01337938197E+00
+10.25000E-06,+1.02949118376E+00,+1.04557160474E+00,+1.04576005921E+00,+1.02908289939E+00
+10.30000E-06,+993.68716404E-03,+1.04494346405E+00,+1.03005654179E+00,+993.27887967E-03
+10.35000E-06,+1.01944093261E+00,+1.01981783618E+00,+1.03005654179E+00,+987.62561340E-03
+10.40000E-06,+1.01504394773E+00,+1.02547110245E+00,+1.03947865224E+00,+994.53516107E-03
+10.45000E-06,+1.04959168605E+00,+1.02986808732E+00,+1.00555905461E+00,+1.01337938197E+00
+10.50000E-06,+1.03326002794E+00,+1.04431532335E+00,+1.03068468248E+00,+1.01400752267E+00
+10.55000E-06,+1.01944093261E+00,+1.03112436872E+00,+1.03005654179E+00,+998.93214594E-03
+10.60000E-06,+1.02320977679E+00,+1.04682788614E+00,+1.03005654179E+00,+1.00270099012E+00
+10.65000E-06,+1.03388816863E+00,+1.02986808732E+00,+1.01435302437E+00,+977.57536225E-03
+10.70000E-06,+1.03388816863E+00,+1.04494346405E+00,+1.03005654179E+00,+1.01400752267E+00
+10.75000E-06,+1.02823490236E+00,+1.03112436872E+00,+1.03005654179E+00,+998.93214594E-03
+10.80000E-06,+1.02446605818E+00,+1.04557160474E+00,+1.02063443133E+00,+1.02405777381E+00
+10.85000E-06,+1.03388816863E+00,+1.03426507220E+00,+1.00304649182E+00,+1.01337938197E+00
+10.90000E-06,+1.03326002794E+00,+1.02609924314E+00,+1.02880026039E+00,+993.90702037E-03
+10.95000E-06,+1.01378766634E+00,+1.02547110245E+00,+1.03570980806E+00,+1.01337938197E+00
+11.00000E-06,+1.03514445003E+00,+1.03489321290E+00,+1.01937814994E+00,+1.00270099012E+00
+11.05000E-06,+1.00248113379E+00,+1.06567210704E+00,+1.00995603949E+00,+1.00898239709E+00
+11.10000E-06,+1.03388816863E+00,+1.04557160474E+00,+1.02942840109E+00,+1.01337938197E+00
+11.15000E-06,+1.02258163609E+00,+1.03112436872E+00,+1.01875000924E+00,+1.00458541221E+00
+11.20000E-06,+1.02320977679E+00,+1.02547110245E+00,+1.01121232088E+00,+982.60048783E-03
+11.25000E-06,+1.01378766634E+00,+1.02547110245E+00,+1.03005654179E+00,+997.67586455E-03
+11.30000E-06,+1.03326002794E+00,+1.02547110245E+00,+1.01058418018E+00,+1.01337938197E+00
+11.35000E-06,+1.04268213839E+00,+1.03991833847E+00,+1.03005654179E+00,+1.01337938197E+00
+11.40000E-06,+1.03263188724E+00,+1.03489321290E+00,+1.01937814994E+00,+1.03347988427E+00
+11.45000E-06,+1.06969218835E+00,+1.02547110245E+00,+1.03445352666E+00,+1.01337938197E+00
+11.50000E-06,+994.94344543E-03,+1.04494346405E+00,+1.01058418018E+00,+994.53516107E-03
+11.55000E-06,+1.01378766634E+00,+1.03991833847E+00,+1.01560930576E+00,+1.00458541221E+00
+11.60000E-06,+993.68716404E-03,+1.03614949429E+00,+1.02063443133E+00,+1.02405777381E+00
+11.65000E-06,+1.01818465121E+00,+1.02547110245E+00,+1.05015704408E+00,+1.01337938197E+00
+11.70000E-06,+1.03326002794E+00,+1.04619974544E+00,+1.02942840109E+00,+993.90702037E-03
+11.75000E-06,+1.04833540466E+00,+1.03112436872E+00,+1.03005654179E+00,+1.00207284943E+00
+11.80000E-06,+1.03388816863E+00,+1.04557160474E+00,+1.03947865224E+00,+1.03347988427E+00
+11.85000E-06,+1.03388816863E+00,+1.04557160474E+00,+1.02565955691E+00,+993.27887967E-03
+11.90000E-06,+994.31530473E-03,+1.00662688154E+00,+1.03005654179E+00,+993.27887967E-03
+11.95000E-06,+1.01378766634E+00,+1.03426507220E+00,+1.04450377781E+00,+993.27887967E-03
+12.00000E-06,+1.04331027909E+00,+1.01604899199E+00,+1.05141332548E+00,+992.02259828E-03
+12.05000E-06,+1.02258163609E+00,+1.02547110245E+00,+1.03005654179E+00,+1.01337938197E+00
+12.10000E-06,+1.01441580703E+00,+1.04431532335E+00,+990.48367789E-03,+1.03285174357E+00
+12.15000E-06,+1.03388816863E+00,+1.02547110245E+00,+1.03005654179E+00,+998.93214594E-03
+12.20000E-06,+1.04331027909E+00,+1.03489321290E+00,+1.03131282318E+00,+1.00270099012E+00
+12.25000E-06,+1.03388816863E+00,+1.02547110245E+00,+1.00304649182E+00,+993.27887967E-03
+12.30000E-06,+1.01441580703E+00,+1.04494346405E+00,+1.03005654179E+00,+993.27887967E-03
+12.35000E-06,+1.02509419888E+00,+1.01981783618E+00,+1.03005654179E+00,+1.01337938197E+00
+12.40000E-06,+1.00436555588E+00,+1.02547110245E+00,+980.43342674E-03,+973.17837738E-03
+12.45000E-06,+998.08414892E-03,+1.02986808732E+00,+1.01875000924E+00,+997.67586455E-03
+12.50000E-06,+1.05273238954E+00,+1.04494346405E+00,+1.04952890339E+00,+993.90702037E-03
+12.55000E-06,+1.01944093261E+00,+1.03991833847E+00,+1.03005654179E+00,+1.01337938197E+00
+12.60000E-06,+1.03388816863E+00,+1.05499371520E+00,+1.03131282318E+00,+1.01337938197E+00
+12.65000E-06,+1.03828515351E+00,+1.02107411757E+00,+1.03445352666E+00,+1.00898239709E+00
+12.70000E-06,+1.03326002794E+00,+1.02609924314E+00,+1.03005654179E+00,+993.90702037E-03
+12.75000E-06,+1.02823490236E+00,+1.03112436872E+00,+1.03005654179E+00,+998.93214594E-03
+12.80000E-06,+1.01378766634E+00,+1.01479271060E+00,+1.05015704408E+00,+992.02259828E-03
+12.85000E-06,+1.04959168605E+00,+1.04557160474E+00,+1.02565955691E+00,+1.00207284943E+00
+12.90000E-06,+1.03326002794E+00,+1.02609924314E+00,+1.03068468248E+00,+993.27887967E-03
+12.95000E-06,+1.01378766634E+00,+1.03426507220E+00,+1.00430277322E+00,+1.01337938197E+00
+13.00000E-06,+1.05398867093E+00,+1.03614949429E+00,+1.06083543593E+00,+1.02280149242E+00
+13.05000E-06,+1.03388816863E+00,+1.04996858962E+00,+1.06146357662E+00,+988.88189479E-03
+13.10000E-06,+1.03451630933E+00,+1.00662688154E+00,+1.02942840109E+00,+993.90702037E-03
+13.15000E-06,+1.01378766634E+00,+1.02547110245E+00,+1.02126257203E+00,+1.00772611570E+00
+13.20000E-06,+1.02446605818E+00,+1.01479271060E+00,+1.02063443133E+00,+1.01337938197E+00
+13.25000E-06,+1.01378766634E+00,+1.02986808732E+00,+1.02565955691E+00,+993.27887967E-03
+13.30000E-06,+1.03326002794E+00,+1.06441582565E+00,+1.03005654179E+00,+1.01275124127E+00
+13.35000E-06,+1.01944093261E+00,+1.05436557450E+00,+1.03005654179E+00,+1.00772611570E+00
+13.40000E-06,+1.02320977679E+00,+1.02547110245E+00,+1.03005654179E+00,+983.85676922E-03
+13.45000E-06,+1.00939068146E+00,+1.02986808732E+00,+1.02565955691E+00,+997.67586455E-03
+13.50000E-06,+1.03388816863E+00,+1.04557160474E+00,+1.03068468248E+00,+1.01337938197E+00
+13.55000E-06,+1.04833540466E+00,+1.01102386642E+00,+1.03570980806E+00,+1.01337938197E+00
+13.60000E-06,+1.03388816863E+00,+1.01604899199E+00,+1.01121232088E+00,+973.17837738E-03
+13.65000E-06,+1.02949118375E+00,+1.02547110245E+00,+1.05015704408E+00,+1.00646983431E+00
+13.70000E-06,+1.03388816863E+00,+1.02484296175E+00,+1.02942840109E+00,+1.01337938197E+00
+13.75000E-06,+1.02823490236E+00,+1.05122487101E+00,+995.50880346E-03,+993.27887967E-03
+13.80000E-06,+1.03388816863E+00,+1.02547110245E+00,+1.03005654179E+00,+1.02405777381E+00
+13.85000E-06,+1.02949118375E+00,+1.02986808732E+00,+1.04136307433E+00,+997.67586455E-03
+13.90000E-06,+1.03388816863E+00,+1.04494346405E+00,+1.04952890339E+00,+1.01275124127E+00
+13.95000E-06,+1.02509419888E+00,+1.02547110245E+00,+1.03005654179E+00,+1.01337938197E+00
+14.00000E-06,+1.04331027909E+00,+1.04682788614E+00,+1.00995603949E+00,+1.00270099012E+00
+14.05000E-06,+1.02509419888E+00,+1.04557160474E+00,+1.04576005920E+00,+1.00898239709E+00
+14.10000E-06,+1.03388816863E+00,+1.02609924314E+00,+1.03005654179E+00,+993.90702037E-03
+14.15000E-06,+1.04268213839E+00,+1.03112436872E+00,+1.03005654179E+00,+1.01337938197E+00
+14.20000E-06,+1.06341078138E+00,+1.03614949429E+00,+1.05015704408E+00,+1.06300249702E+00
+14.25000E-06,+1.02258163609E+00,+1.02547110245E+00,+1.03445352666E+00,+1.00898239709E+00
+14.30000E-06,+1.01441580703E+00,+1.02484296175E+00,+1.02942840109E+00,+974.43465877E-03
+14.35000E-06,+1.02823490236E+00,+1.03112436872E+00,+1.02440327552E+00,+998.93214594E-03
+14.40000E-06,+1.01378766634E+00,+1.02547110245E+00,+1.03005654179E+00,+983.85676922E-03
+14.45000E-06,+998.08414892E-03,+1.04557160474E+00,+1.03445352666E+00,+997.67586455E-03
+14.50000E-06,+1.03326002794E+00,+1.04494346405E+00,+1.01058418018E+00,+1.01275124127E+00
+14.55000E-06,+1.02509419888E+00,+1.01102386642E+00,+1.02440327552E+00,+990.13817619E-03
+14.60000E-06,+1.04456656048E+00,+1.03614949429E+00,+1.02880026039E+00,+993.27887967E-03
+14.65000E-06,+1.02949118375E+00,+1.02547110245E+00,+1.01875000924E+00,+1.00898239709E+00
+14.70000E-06,+1.03388816863E+00,+1.02609924314E+00,+1.03068468248E+00,+992.65073898E-03
+14.75000E-06,+1.01944093261E+00,+1.03426507220E+00,+1.03570980806E+00,+1.01337938197E+00
+14.80000E-06,+1.02446605818E+00,+1.04682788614E+00,+1.01246860227E+00,+974.43465877E-03
+14.85000E-06,+1.03388816863E+00,+1.04117461987E+00,+1.05015704408E+00,+1.01777636685E+00
+14.90000E-06,+1.05273238954E+00,+1.02547110245E+00,+1.03005654179E+00,+1.01337938197E+00
+14.95000E-06,+1.04268213839E+00,+1.03112436872E+00,+1.03570980806E+00,+1.00772611570E+00
+15.00000E-06,+1.03263188724E+00,+1.04557160474E+00,+1.04073493363E+00,+1.00270099012E+00
+15.05000E-06,+1.02949118375E+00,+1.02547110245E+00,+1.02565955691E+00,+993.27887967E-03
+15.10000E-06,+1.01441580703E+00,+1.00662688154E+00,+1.00995603949E+00,+974.43465877E-03
+15.15000E-06,+1.02258163609E+00,+1.02547110245E+00,+1.03005654179E+00,+1.00772611570E+00
+15.20000E-06,+1.02446605818E+00,+1.02547110245E+00,+1.01937814994E+00,+993.27887967E-03
+15.25000E-06,+1.04959168605E+00,+1.02547110245E+00,+1.03005654179E+00,+1.01337938197E+00
+15.30000E-06,+1.03388816863E+00,+1.02547110245E+00,+1.03068468248E+00,+1.01337938197E+00
+15.35000E-06,+1.03954143490E+00,+1.02547110245E+00,+1.04450377781E+00,+1.01337938197E+00
+15.40000E-06,+1.02320977679E+00,+1.02547110245E+00,+1.01937814994E+00,+1.01212310058E+00
+15.45000E-06,+1.00248113379E+00,+1.04117461987E+00,+1.00995603949E+00,+993.27887967E-03
+15.50000E-06,+1.05398867093E+00,+1.02547110245E+00,+1.02942840109E+00,+993.27887967E-03
+15.55000E-06,+1.02258163609E+00,+1.02547110245E+00,+1.04450377781E+00,+1.00772611570E+00
+15.60000E-06,+1.02320977679E+00,+1.03489321290E+00,+1.04890076269E+00,+1.01337938197E+00
+15.65000E-06,+1.02949118375E+00,+1.04117461987E+00,+1.02565955691E+00,+1.00898239709E+00
+15.70000E-06,+1.03388816863E+00,+1.06441582565E+00,+1.05015704408E+00,+973.17837738E-03
+15.75000E-06,+1.03388816863E+00,+1.02547110245E+00,+1.02440327552E+00,+1.00772611570E+00
+15.80000E-06,+1.02320977679E+00,+1.03614949429E+00,+1.05141332548E+00,+1.01337938197E+00
+15.85000E-06,+1.02949118375E+00,+1.02986808732E+00,+1.01435302437E+00,+1.00898239709E+00
+15.90000E-06,+1.03326002794E+00,+1.02547110245E+00,+1.04890076269E+00,+1.01400752267E+00
+15.95000E-06,+1.03388816863E+00,+1.02547110245E+00,+1.03005654179E+00,+993.27887967E-03
+16.00000E-06,+1.02446605818E+00,+1.01479271060E+00,+1.00995603949E+00,+954.33415647E-03
+16.05000E-06,+1.02509419888E+00,+1.02107411757E+00,+1.04576005920E+00,+1.01337938197E+00
+16.10000E-06,+1.01441580703E+00,+1.04557160474E+00,+1.03005654179E+00,+995.16330176E-03
+16.15000E-06,+1.02823490236E+00,+1.05436557450E+00,+1.04450377781E+00,+998.93214594E-03
+16.20000E-06,+1.03388816863E+00,+1.03614949429E+00,+1.04073493363E+00,+1.00395727152E+00
+16.25000E-06,+1.02949118375E+00,+1.04117461987E+00,+1.05015704408E+00,+993.27887967E-03
+16.30000E-06,+1.03388816863E+00,+1.00599874085E+00,+1.05015704408E+00,+1.01275124127E+00
+16.35000E-06,+1.03954143490E+00,+1.03112436872E+00,+1.00995603949E+00,+993.27887967E-03
+16.40000E-06,+1.00436555588E+00,+1.01479271060E+00,+1.00995603949E+00,+1.00395727152E+00
+16.45000E-06,+1.01818465121E+00,+1.04117461987E+00,+1.01435302437E+00,+977.57536225E-03
+16.50000E-06,+1.03326002794E+00,+1.02547110245E+00,+1.01058418018E+00,+1.01337938197E+00
+16.55000E-06,+1.02823490236E+00,+1.04557160474E+00,+1.04136307433E+00,+1.00458541221E+00
+16.60000E-06,+1.02446605818E+00,+1.05624999659E+00,+1.05015704408E+00,+1.03347988427E+00
+16.65000E-06,+1.03388816863E+00,+1.02547110245E+00,+1.03005654179E+00,+973.17837738E-03
+16.70000E-06,+993.68716404E-03,+1.02547110245E+00,+1.03068468248E+00,+993.27887967E-03
+16.75000E-06,+1.04268213839E+00,+1.03991833847E+00,+1.01560930576E+00,+998.93214594E-03
+16.80000E-06,+1.01378766634E+00,+1.04557160474E+00,+1.03005654179E+00,+1.00270099012E+00
+16.85000E-06,+1.00248113379E+00,+998.46105249E-03,+1.04576005921E+00,+1.01337938197E+00
+16.90000E-06,+1.03388816863E+00,+1.04557160474E+00,+1.04952890339E+00,+974.43465877E-03
+16.95000E-06,+1.02509419888E+00,+1.03991833847E+00,+1.04450377781E+00,+1.01337938197E+00
+17.00000E-06,+1.01378766634E+00,+1.03614949429E+00,+1.01812186855E+00,+993.27887967E-03
+17.05000E-06,+1.00248113379E+00,+1.00976758503E+00,+1.01875000924E+00,+993.27887967E-03
+17.10000E-06,+1.05336053023E+00,+1.02609924314E+00,+1.01121232088E+00,+992.65073898E-03
+17.15000E-06,+1.03388816863E+00,+1.03991833847E+00,+1.04450377781E+00,+993.27887967E-03
+17.20000E-06,+1.01378766634E+00,+1.00537060015E+00,+1.00179021043E+00,+983.85676922E-03
+17.25000E-06,+1.03388816863E+00,+1.04557160474E+00,+1.04576005921E+00,+997.67586455E-03
+17.30000E-06,+1.03388816863E+00,+1.04494346405E+00,+1.03068468248E+00,+994.53516107E-03
+17.35000E-06,+1.01378766634E+00,+1.02547110245E+00,+1.03005654179E+00,+993.27887967E-03
+17.40000E-06,+1.03388816863E+00,+1.01479271060E+00,+1.03131282318E+00,+1.00270099012E+00
+17.45000E-06,+1.03388816863E+00,+1.02107411757E+00,+1.03005654179E+00,+1.00458541221E+00
+17.50000E-06,+994.94344543E-03,+1.02547110245E+00,+1.01058418018E+00,+993.90702037E-03
+17.55000E-06,+1.02823490236E+00,+1.02547110245E+00,+1.02440327551E+00,+993.27887967E-03
+17.60000E-06,+1.01378766634E+00,+1.04557160474E+00,+1.03947865224E+00,+993.27887967E-03
+17.65000E-06,+1.03388816863E+00,+1.00976758503E+00,+1.02565955691E+00,+1.00898239709E+00
+17.70000E-06,+1.01378766634E+00,+1.02609924314E+00,+1.00995603949E+00,+1.01275124127E+00
+17.75000E-06,+1.01944093261E+00,+1.03991833847E+00,+1.01560930576E+00,+1.02782661800E+00
+17.80000E-06,+1.03263188724E+00,+1.04431532335E+00,+1.04764448130E+00,+1.04290199472E+00
+17.85000E-06,+1.03828515351E+00,+1.04117461987E+00,+1.00995603949E+00,+993.27887967E-03
+17.90000E-06,+1.03388816863E+00,+986.52637925E-03,+1.03005654179E+00,+973.80651807E-03
+17.95000E-06,+1.01378766634E+00,+1.02547110245E+00,+1.03570980806E+00,+987.62561340E-03
+18.00000E-06,+1.02446605818E+00,+1.03614949429E+00,+1.00053392904E+00,+993.27887967E-03
+18.05000E-06,+1.01818465121E+00,+1.02547110245E+00,+1.04576005921E+00,+1.00898239709E+00
+18.10000E-06,+1.05336053023E+00,+1.02547110245E+00,+1.02942840109E+00,+1.01400752267E+00
+18.15000E-06,+1.02823490236E+00,+1.06001884077E+00,+1.04450377781E+00,+1.01337938197E+00
+18.20000E-06,+1.02446605818E+00,+1.02421482105E+00,+1.05141332548E+00,+1.01337938197E+00
+18.25000E-06,+1.01378766634E+00,+1.04117461987E+00,+1.02565955691E+00,+997.67586455E-03
+18.30000E-06,+1.03388816863E+00,+1.04557160474E+00,+1.05015704408E+00,+1.01337938197E+00
+18.35000E-06,+1.03388816863E+00,+1.04557160474E+00,+1.00995603949E+00,+993.27887967E-03
+18.40000E-06,+1.03263188724E+00,+1.03614949429E+00,+1.04199121503E+00,+982.60048783E-03
+18.45000E-06,+1.00248113379E+00,+1.03677763499E+00,+1.04576005921E+00,+1.01337938197E+00
+18.50000E-06,+1.03451630933E+00,+1.04557160474E+00,+1.03005654179E+00,+1.03285174357E+00
+18.55000E-06,+1.02823490236E+00,+1.05122487101E+00,+1.03005654179E+00,+1.01337938197E+00
+18.60000E-06,+1.00310927449E+00,+1.03489321290E+00,+1.04890076269E+00,+982.60048783E-03
+18.65000E-06,+1.02258163609E+00,+1.04557160474E+00,+1.06146357663E+00,+993.27887967E-03
+18.70000E-06,+994.94344543E-03,+1.06441582565E+00,+1.03005654179E+00,+1.01275124127E+00
+18.75000E-06,+1.02823490236E+00,+1.03112436872E+00,+1.05581031035E+00,+1.00772611570E+00
+18.80000E-06,+1.02446605818E+00,+1.01479271060E+00,+1.00053392904E+00,+1.01337938197E+00
+18.85000E-06,+1.02949118376E+00,+1.01856155478E+00,+1.03005654179E+00,+1.01337938197E+00
+18.90000E-06,+1.03388816863E+00,+1.04557160474E+00,+1.01121232088E+00,+1.01275124127E+00
+18.95000E-06,+1.02509419888E+00,+1.03991833847E+00,+1.03885051154E+00,+1.00207284943E+00
+19.00000E-06,+1.05398867093E+00,+1.03489321290E+00,+1.03947865224E+00,+1.03222360287E+00
+19.05000E-06,+1.02258163609E+00,+1.00976758503E+00,+1.04576005921E+00,+997.67586455E-03
+19.10000E-06,+1.01315952564E+00,+1.00599874085E+00,+1.02942840109E+00,+993.27887967E-03
+19.15000E-06,+1.02823490236E+00,+1.02547110245E+00,+1.03885051154E+00,+993.27887967E-03
+19.20000E-06,+1.03263188724E+00,+1.03489321290E+00,+1.04073493363E+00,+992.02259828E-03
+19.25000E-06,+1.03388816863E+00,+1.04117461987E+00,+1.03005654179E+00,+1.00898239709E+00
+19.30000E-06,+1.03451630933E+00,+1.02609924314E+00,+1.01058418019E+00,+1.01337938197E+00
+19.35000E-06,+1.01378766634E+00,+1.03991833847E+00,+1.05015704408E+00,+1.01337938197E+00
+19.40000E-06,+1.01378766634E+00,+1.03489321290E+00,+999.27764764E-03,+1.00395727152E+00
+19.45000E-06,+1.01818465121E+00,+1.02986808732E+00,+1.03445352666E+00,+1.00898239709E+00
+19.50000E-06,+1.01441580703E+00,+1.04557160474E+00,+1.03005654179E+00,+993.27887967E-03
+19.55000E-06,+1.03388816863E+00,+1.02547110245E+00,+1.04450377781E+00,+1.01337938197E+00
+19.60000E-06,+1.03388816863E+00,+1.03614949429E+00,+1.00053392904E+00,+994.53516107E-03
+19.65000E-06,+1.01378766634E+00,+1.00976758503E+00,+1.02314699412E+00,+997.67586455E-03
+19.70000E-06,+1.03388816863E+00,+1.04494346405E+00,+1.05015704408E+00,+1.01337938197E+00
+19.75000E-06,+1.04833540466E+00,+1.02547110245E+00,+1.03570980806E+00,+1.00772611570E+00
+19.80000E-06,+1.02446605818E+00,+1.02547110245E+00,+1.04890076269E+00,+983.85676922E-03
+19.85000E-06,+1.02949118376E+00,+1.02547110245E+00,+1.03005654179E+00,+1.00898239709E+00
+19.90000E-06,+1.01378766634E+00,+1.04557160474E+00,+1.02942840109E+00,+994.53516107E-03
+19.95000E-06,+1.04268213839E+00,+1.02547110245E+00,+1.00995603949E+00,+998.93214594E-03
+20.00000E-06,+1.03388816863E+00,+1.02547110245E+00,+1.02063443133E+00,+994.53516107E-03
+20.05000E-06,+1.01378766634E+00,+1.02547110245E+00,+1.03005654179E+00,+1.01337938197E+00
+20.10000E-06,+1.05273238954E+00,+1.04494346405E+00,+1.03005654179E+00,+1.01337938197E+00
+20.15000E-06,+1.01378766634E+00,+1.06001884077E+00,+1.03005654179E+00,+998.93214594E-03
+20.20000E-06,+1.04331027908E+00,+1.04431532335E+00,+1.05015704408E+00,+1.03347988427E+00
+20.25000E-06,+1.01378766634E+00,+1.02986808732E+00,+1.03445352666E+00,+977.57536225E-03
+20.30000E-06,+1.01378766634E+00,+1.02609924314E+00,+1.03068468248E+00,+1.01337938197E+00
+20.35000E-06,+1.02823490236E+00,+1.01981783617E+00,+1.03005654179E+00,+993.27887967E-03
+20.40000E-06,+1.03388816863E+00,+1.04557160474E+00,+1.04073493363E+00,+993.27887967E-03
+20.45000E-06,+1.02258163609E+00,+1.04117461987E+00,+998.64950694E-03,+993.27887967E-03
+20.50000E-06,+1.03326002794E+00,+1.04494346405E+00,+1.03068468248E+00,+1.01337938197E+00
+20.55000E-06,+1.03388816863E+00,+1.03991833847E+00,+1.03005654179E+00,+1.00207284943E+00
+20.60000E-06,+1.01378766634E+00,+1.03614949429E+00,+1.02063443133E+00,+1.01212310057E+00
+20.65000E-06,+1.03388816863E+00,+1.03677763499E+00,+1.03005654179E+00,+1.00898239709E+00
+20.70000E-06,+1.01441580703E+00,+1.02484296175E+00,+1.03005654179E+00,+993.90702037E-03
+20.75000E-06,+1.01944093261E+00,+1.03991833847E+00,+1.03005654179E+00,+1.01337938197E+00
+20.80000E-06,+1.01378766634E+00,+1.01604899200E+00,+1.00995603949E+00,+983.85676922E-03
+20.85000E-06,+1.01378766634E+00,+1.02547110245E+00,+1.04576005921E+00,+1.02908289939E+00
+20.90000E-06,+1.01441580703E+00,+1.04494346405E+00,+1.03005654179E+00,+993.90702037E-03
+20.95000E-06,+1.01378766634E+00,+1.02547110245E+00,+1.02440327551E+00,+1.01337938197E+00
+21.00000E-06,+1.00310927449E+00,+1.02547110245E+00,+1.00995603949E+00,+1.00270099012E+00
+21.05000E-06,+1.04959168605E+00,+1.02547110245E+00,+1.03005654179E+00,+993.27887967E-03
+21.10000E-06,+1.03388816863E+00,+1.00599874085E+00,+1.03068468248E+00,+1.01212310057E+00
+21.15000E-06,+1.02823490236E+00,+1.03112436872E+00,+1.01560930576E+00,+1.02217335172E+00
+21.20000E-06,+1.01378766634E+00,+1.02547110245E+00,+1.01937814994E+00,+993.27887967E-03
+21.25000E-06,+1.03388816863E+00,+1.02986808732E+00,+1.01435302436E+00,+1.01337938197E+00
+21.30000E-06,+1.01378766634E+00,+1.02609924314E+00,+1.02942840109E+00,+1.01337938197E+00
+21.35000E-06,+1.05398867093E+00,+1.01102386642E+00,+1.00995603949E+00,+1.00772611570E+00
+21.40000E-06,+1.05524495233E+00,+1.04682788614E+00,+1.01937814994E+00,+1.00395727152E+00
+21.45000E-06,+1.03388816863E+00,+1.05687813729E+00,+1.04576005921E+00,+1.00898239709E+00
+21.50000E-06,+1.03326002794E+00,+1.02672738384E+00,+1.01058418019E+00,+1.01337938197E+00
+21.55000E-06,+1.02823490236E+00,+1.02547110245E+00,+1.03005654179E+00,+998.93214594E-03
+21.60000E-06,+1.00310927449E+00,+1.05499371519E+00,+1.05015704408E+00,+993.27887967E-03
+21.65000E-06,+1.03388816863E+00,+1.04117461987E+00,+1.04576005921E+00,+1.01777636685E+00
+21.70000E-06,+1.03388816863E+00,+1.04494346405E+00,+1.02942840109E+00,+992.65073897E-03
+21.75000E-06,+1.01944093261E+00,+1.06001884077E+00,+1.00116206974E+00,+1.02217335172E+00
+21.80000E-06,+1.02320977679E+00,+1.04557160474E+00,+1.04073493363E+00,+1.00395727152E+00
+21.85000E-06,+998.08414891E-03,+1.02547110245E+00,+1.03005654179E+00,+1.00898239709E+00
+21.90000E-06,+995.57158613E-03,+1.04557160474E+00,+1.04952890338E+00,+993.27887967E-03
+21.95000E-06,+1.02823490236E+00,+1.05122487102E+00,+1.03005654179E+00,+1.02217335172E+00
+22.00000E-06,+1.00310927449E+00,+1.02547110245E+00,+1.00179021043E+00,+973.17837738E-03
+22.05000E-06,+1.02949118376E+00,+1.04117461987E+00,+1.03885051154E+00,+981.97234713E-03
+22.10000E-06,+1.01441580703E+00,+1.02547110245E+00,+1.03005654179E+00,+1.01275124127E+00
+22.15000E-06,+1.04833540466E+00,+1.03112436872E+00,+1.02126257203E+00,+1.00772611570E+00
+22.20000E-06,+1.03388816863E+00,+1.02547110245E+00,+1.03005654179E+00,+1.03347988427E+00
+22.25000E-06,+1.02949118376E+00,+1.02986808732E+00,+1.03005654179E+00,+1.00898239709E+00
+22.30000E-06,+1.01441580703E+00,+1.02609924314E+00,+1.04890076269E+00,+1.01337938197E+00
+22.35000E-06,+1.02823490236E+00,+1.04557160474E+00,+1.03005654179E+00,+978.83164365E-03
+22.40000E-06,+1.03388816863E+00,+1.03489321290E+00,+1.04073493363E+00,+993.27887967E-03
+22.45000E-06,+1.03388816863E+00,+1.04557160474E+00,+1.03005654179E+00,+1.01777636685E+00
+22.50000E-06,+1.03326002793E+00,+1.02609924314E+00,+1.04952890338E+00,+1.01337938197E+00
+22.55000E-06,+1.01378766634E+00,+1.04557160474E+00,+1.03005654179E+00,+1.01337938197E+00
+22.60000E-06,+1.04331027908E+00,+1.00537060015E+00,+1.03947865224E+00,+1.02280149242E+00
+22.65000E-06,+1.02258163609E+00,+1.04996858962E+00,+1.03005654179E+00,+977.57536225E-03
+22.70000E-06,+1.03388816863E+00,+1.04494346405E+00,+1.02942840109E+00,+993.90702037E-03
+22.75000E-06,+1.01944093261E+00,+1.03991833847E+00,+1.00995603949E+00,+987.62561340E-03
+22.80000E-06,+1.02320977679E+00,+1.02421482105E+00,+1.01121232088E+00,+1.00395727152E+00
+22.85000E-06,+1.02949118376E+00,+1.04557160474E+00,+1.05015704408E+00,+993.27887967E-03
+22.90000E-06,+1.03388816863E+00,+1.04494346405E+00,+1.00932789879E+00,+993.27887967E-03
+22.95000E-06,+1.01378766634E+00,+1.03991833847E+00,+1.06460428011E+00,+987.62561340E-03
+23.00000E-06,+1.02320977679E+00,+1.04557160474E+00,+1.04073493363E+00,+1.00270099012E+00
+23.05000E-06,+1.01378766634E+00,+1.04557160474E+00,+1.01435302436E+00,+1.00898239709E+00
+23.10000E-06,+1.01441580703E+00,+1.02547110245E+00,+1.03068468248E+00,+993.90702037E-03
+23.15000E-06,+1.01944093261E+00,+1.05436557450E+00,+1.03570980806E+00,+1.00772611570E+00
+23.20000E-06,+1.02320977679E+00,+1.03489321290E+00,+1.04199121503E+00,+973.17837738E-03
+23.25000E-06,+1.03828515351E+00,+1.02986808732E+00,+1.04576005921E+00,+997.67586455E-03
+23.30000E-06,+1.03326002793E+00,+1.04494346405E+00,+1.03005654179E+00,+1.03222360287E+00
+23.35000E-06,+1.02823490236E+00,+1.03112436872E+00,+1.03005654179E+00,+1.01337938197E+00
+23.40000E-06,+1.01378766634E+00,+1.03614949429E+00,+1.05015704408E+00,+1.00395727152E+00
+23.45000E-06,+1.01378766634E+00,+1.02547110245E+00,+1.04136307433E+00,+997.67586455E-03
+23.50000E-06,+1.03388816863E+00,+1.02547110245E+00,+1.03068468248E+00,+1.01275124127E+00
+23.55000E-06,+1.01944093261E+00,+1.02547110245E+00,+1.01560930576E+00,+998.93214595E-03
+23.60000E-06,+1.04456656048E+00,+1.02421482105E+00,+1.03947865224E+00,+1.00521355292E+00
+23.65000E-06,+1.01818465121E+00,+1.02547110245E+00,+1.05015704408E+00,+993.27887967E-03
+23.70000E-06,+1.03326002793E+00,+1.04494346405E+00,+1.01058418019E+00,+1.01337938197E+00
+23.75000E-06,+1.01944093261E+00,+1.04557160474E+00,+1.03885051154E+00,+993.27887967E-03
+23.80000E-06,+1.02320977679E+00,+1.03614949429E+00,+1.03947865224E+00,+1.05358038656E+00
+23.85000E-06,+1.03388816863E+00,+1.02547110245E+00,+1.03005654179E+00,+1.01337938197E+00
+23.90000E-06,+975.47108384E-03,+1.00662688155E+00,+1.04952890338E+00,+993.27887967E-03
+23.95000E-06,+1.01378766634E+00,+1.03991833847E+00,+1.04450377781E+00,+1.00772611570E+00
+24.00000E-06,+1.02446605818E+00,+1.03614949429E+00,+1.03947865224E+00,+1.00270099012E+00
+24.05000E-06,+1.03388816863E+00,+1.02107411757E+00,+1.02565955691E+00,+1.00207284942E+00
+24.10000E-06,+1.01504394773E+00,+1.02547110245E+00,+1.03068468248E+00,+993.27887967E-03
+24.15000E-06,+1.01944093261E+00,+1.03112436872E+00,+1.02440327551E+00,+998.93214595E-03
+24.20000E-06,+1.04331027908E+00,+1.02547110245E+00,+1.00869975809E+00,+1.00395727152E+00
+24.25000E-06,+1.03388816863E+00,+1.02107411757E+00,+1.05015704408E+00,+993.27887967E-03
+24.30000E-06,+1.01441580703E+00,+1.02547110245E+00,+1.03005654179E+00,+993.27887967E-03
+24.35000E-06,+1.01378766634E+00,+1.05436557449E+00,+1.01560930576E+00,+998.93214595E-03
+24.40000E-06,+1.00310927449E+00,+1.01479271060E+00,+1.01121232089E+00,+974.43465877E-03
+24.45000E-06,+993.68716404E-03,+1.03426507220E+00,+1.03885051154E+00,+1.01337938197E+00
+24.50000E-06,+1.01378766634E+00,+1.04557160474E+00,+1.00932789879E+00,+994.53516107E-03
+24.55000E-06,+1.03388816863E+00,+1.05122487102E+00,+1.04450377781E+00,+1.01337938197E+00
+24.60000E-06,+1.01504394773E+00,+1.02547110245E+00,+1.03005654179E+00,+993.27887967E-03
+24.65000E-06,+1.00939068146E+00,+1.02547110245E+00,+1.03005654179E+00,+993.27887967E-03
+24.70000E-06,+994.94344544E-03,+1.02609924315E+00,+1.03005654179E+00,+994.53516107E-03
+24.75000E-06,+1.04268213838E+00,+1.02547110245E+00,+1.02440327551E+00,+998.93214595E-03
+24.80000E-06,+993.68716404E-03,+1.04557160474E+00,+1.01937814994E+00,+1.01337938197E+00
+24.85000E-06,+1.02949118376E+00,+1.04117461987E+00,+1.02126257203E+00,+1.00898239709E+00
+24.90000E-06,+1.05336053023E+00,+1.02547110245E+00,+1.03005654179E+00,+1.01337938197E+00
+24.95000E-06,+1.04833540466E+00,+1.03112436872E+00,+1.03005654179E+00,+998.93214595E-03
+25.00000E-06,+1.02446605818E+00,+1.03614949429E+00,+1.03822237084E+00,+1.02280149242E+00
+25.05000E-06,+1.01378766634E+00,+1.04557160474E+00,+1.04576005921E+00,+1.00207284942E+00
+25.10000E-06,+1.05398867093E+00,+1.02609924315E+00,+1.04952890338E+00,+993.27887967E-03
+25.15000E-06,+1.01378766634E+00,+1.01102386642E+00,+1.02126257203E+00,+1.01337938197E+00
+25.20000E-06,+1.02446605818E+00,+1.04557160474E+00,+1.03947865224E+00,+1.01337938197E+00
+25.25000E-06,+1.03388816863E+00,+1.02986808732E+00,+1.00995603949E+00,+1.00898239709E+00
+25.30000E-06,+1.01378766634E+00,+1.02609924315E+00,+1.02880026039E+00,+994.53516107E-03
+25.35000E-06,+1.01378766634E+00,+1.04557160474E+00,+1.03005654179E+00,+993.27887967E-03
+25.40000E-06,+1.02446605818E+00,+1.02547110245E+00,+1.02063443134E+00,+1.00270099012E+00
+25.45000E-06,+1.00939068146E+00,+1.04117461987E+00,+1.03005654179E+00,+1.02908289939E+00
+25.50000E-06,+1.01441580703E+00,+1.04557160474E+00,+1.02942840109E+00,+994.53516107E-03
+25.55000E-06,+1.02823490236E+00,+1.03677763499E+00,+1.02440327551E+00,+993.27887967E-03
+25.60000E-06,+1.01378766634E+00,+1.03489321290E+00,+1.00995603949E+00,+982.60048782E-03
+25.65000E-06,+1.02949118376E+00,+1.02547110245E+00,+1.05015704408E+00,+1.01777636684E+00
+25.70000E-06,+1.03388816863E+00,+1.06504396634E+00,+1.03005654179E+00,+1.03285174357E+00
+25.75000E-06,+1.03388816863E+00,+1.03112436872E+00,+1.00995603949E+00,+1.01903264824E+00
+25.80000E-06,+1.00310927449E+00,+1.04431532335E+00,+1.02063443134E+00,+1.00270099012E+00
+25.85000E-06,+1.01818465121E+00,+1.02986808732E+00,+1.05015704408E+00,+1.01337938197E+00
+25.90000E-06,+1.03451630933E+00,+1.00599874085E+00,+1.00995603949E+00,+993.90702037E-03
+25.95000E-06,+1.03388816863E+00,+1.01102386642E+00,+1.02440327551E+00,+1.00772611570E+00
+26.00000E-06,+1.03388816863E+00,+1.02547110245E+00,+1.03005654179E+00,+1.00395727152E+00
+26.05000E-06,+1.00248113379E+00,+1.02547110245E+00,+1.03005654179E+00,+1.01337938197E+00
+26.10000E-06,+1.01315952564E+00,+1.02547110245E+00,+1.04952890338E+00,+974.43465877E-03
+26.15000E-06,+1.05398867093E+00,+1.01102386642E+00,+1.03005654179E+00,+1.00772611570E+00
+26.20000E-06,+1.02446605818E+00,+1.03489321290E+00,+1.05957915453E+00,+1.02405777382E+00
+26.25000E-06,+1.03388816863E+00,+1.04117461987E+00,+1.02565955691E+00,+993.27887967E-03
+26.30000E-06,+993.68716404E-03,+1.04494346404E+00,+1.00995603949E+00,+1.01275124127E+00
+26.35000E-06,+1.03388816863E+00,+1.03112436872E+00,+1.01560930576E+00,+993.27887967E-03
+26.40000E-06,+1.01378766634E+00,+1.01604899200E+00,+1.01937814994E+00,+1.00270099012E+00
+26.45000E-06,+1.01378766634E+00,+1.03426507220E+00,+1.05015704408E+00,+997.67586455E-03
+26.50000E-06,+1.03326002793E+00,+1.00599874085E+00,+1.01058418019E+00,+1.01337938197E+00
+26.55000E-06,+1.01944093261E+00,+1.02547110245E+00,+1.01560930576E+00,+998.93214595E-03
+26.60000E-06,+1.02446605818E+00,+1.01479271060E+00,+1.05957915453E+00,+982.60048782E-03
+26.65000E-06,+1.04959168606E+00,+1.02547110245E+00,+1.02565955691E+00,+1.02468591452E+00
+26.70000E-06,+1.03388816863E+00,+1.02547110245E+00,+1.03005654179E+00,+994.53516107E-03
+26.75000E-06,+1.01378766634E+00,+1.01102386642E+00,+1.03005654179E+00,+1.02782661799E+00
+26.80000E-06,+1.03263188723E+00,+1.00537060015E+00,+1.00053392904E+00,+983.85676922E-03
+26.85000E-06,+1.00248113379E+00,+1.03426507220E+00,+1.01875000924E+00,+981.97234712E-03
+26.90000E-06,+1.05210424883E+00,+1.04494346404E+00,+1.03005654179E+00,+994.53516107E-03
+26.95000E-06,+1.01944093261E+00,+1.06001884077E+00,+1.03570980806E+00,+1.01337938197E+00
+27.00000E-06,+1.04456656048E+00,+1.03489321290E+00,+1.03005654179E+00,+1.02280149242E+00
+27.05000E-06,+1.03388816863E+00,+1.04117461987E+00,+994.25252207E-03,+1.00458541222E+00
+27.10000E-06,+1.01378766634E+00,+1.02547110245E+00,+1.01058418019E+00,+1.01337938197E+00
+27.15000E-06,+1.01944093261E+00,+1.03112436872E+00,+1.00995603949E+00,+1.00207284942E+00
+27.20000E-06,+1.03388816863E+00,+1.01479271060E+00,+1.03005654179E+00,+1.01337938197E+00
+27.25000E-06,+1.00939068146E+00,+1.04557160474E+00,+1.01435302436E+00,+1.01337938197E+00
+27.30000E-06,+1.03388816863E+00,+1.02547110245E+00,+1.03068468249E+00,+1.01337938197E+00
+27.35000E-06,+1.01378766634E+00,+1.03991833847E+00,+1.00116206974E+00,+1.01337938197E+00
+27.40000E-06,+1.02320977678E+00,+1.03614949429E+00,+1.05015704408E+00,+1.02280149242E+00
+27.45000E-06,+1.02949118376E+00,+1.04557160474E+00,+1.03005654179E+00,+1.00898239709E+00
+27.50000E-06,+1.03388816863E+00,+1.02672738385E+00,+1.03068468249E+00,+973.80651807E-03
+27.55000E-06,+1.04833540466E+00,+1.03991833847E+00,+1.01560930576E+00,+987.62561340E-03
+27.60000E-06,+1.01504394774E+00,+1.02672738385E+00,+1.02063443134E+00,+993.27887967E-03
+27.65000E-06,+1.01378766634E+00,+1.02986808732E+00,+1.03885051153E+00,+1.00898239709E+00
+27.70000E-06,+1.01441580704E+00,+1.02547110245E+00,+1.05015704408E+00,+993.27887967E-03
+27.75000E-06,+1.01944093261E+00,+1.03991833847E+00,+1.04450377781E+00,+987.62561340E-03
+27.80000E-06,+1.02446605818E+00,+1.03489321290E+00,+1.04073493363E+00,+1.02280149242E+00
+27.85000E-06,+998.08414891E-03,+1.02547110245E+00,+1.04576005921E+00,+993.27887967E-03
+27.90000E-06,+995.57158614E-03,+1.00599874085E+00,+1.00995603949E+00,+993.90702037E-03
+27.95000E-06,+1.01378766634E+00,+1.02547110245E+00,+1.02440327551E+00,+1.01337938197E+00
+28.00000E-06,+1.02446605818E+00,+1.05624999659E+00,+999.27764764E-03,+993.27887967E-03
+28.05000E-06,+998.08414891E-03,+1.02547110245E+00,+1.04576005921E+00,+1.02217335172E+00
+28.10000E-06,+1.01504394774E+00,+1.04494346404E+00,+1.03005654179E+00,+1.03285174357E+00
+28.15000E-06,+1.02823490236E+00,+1.06001884077E+00,+995.50880347E-03,+1.01337938197E+00
+28.20000E-06,+1.01378766634E+00,+1.03614949429E+00,+1.02063443134E+00,+1.00395727152E+00
+28.25000E-06,+1.01378766634E+00,+1.02986808732E+00,+1.03005654179E+00,+1.00898239710E+00
+28.30000E-06,+1.03326002793E+00,+1.02547110245E+00,+1.03005654179E+00,+1.01337938197E+00
+28.35000E-06,+1.00813440006E+00,+1.03112436872E+00,+1.00995603949E+00,+1.00772611570E+00
+28.40000E-06,+1.03388816863E+00,+1.02547110245E+00,+1.03947865223E+00,+1.02405777382E+00
+28.45000E-06,+998.08414891E-03,+1.03426507219E+00,+1.01435302436E+00,+993.27887967E-03
+28.50000E-06,+1.01378766634E+00,+1.02609924315E+00,+1.00995603949E+00,+1.01337938197E+00
+28.55000E-06,+1.01944093261E+00,+1.03991833847E+00,+1.03005654179E+00,+1.00772611570E+00
+28.60000E-06,+1.04456656048E+00,+1.04557160474E+00,+1.03947865223E+00,+1.01337938197E+00
+28.65000E-06,+1.03388816863E+00,+1.02107411757E+00,+1.04576005921E+00,+1.00898239710E+00
+28.70000E-06,+1.01378766634E+00,+1.04557160474E+00,+1.02942840109E+00,+993.90702037E-03
+28.75000E-06,+1.02823490236E+00,+1.04557160474E+00,+1.01875000924E+00,+993.27887967E-03
+28.80000E-06,+1.01378766634E+00,+1.02547110245E+00,+1.04073493363E+00,+1.00395727152E+00
+28.85000E-06,+1.03388816863E+00,+1.02986808732E+00,+1.04576005921E+00,+993.27887967E-03
+28.90000E-06,+1.03388816863E+00,+1.02609924315E+00,+1.03068468249E+00,+1.01400752267E+00
+28.95000E-06,+1.01944093261E+00,+1.03426507219E+00,+1.03005654179E+00,+1.01337938197E+00
+29.00000E-06,+1.02446605818E+00,+1.04557160474E+00,+1.01937814994E+00,+993.27887967E-03
+29.05000E-06,+1.02949118376E+00,+1.02986808732E+00,+1.01875000924E+00,+993.27887967E-03
+29.10000E-06,+1.03326002793E+00,+1.02547110245E+00,+1.03005654179E+00,+993.27887967E-03
+29.15000E-06,+1.03388816863E+00,+1.03991833847E+00,+1.00116206974E+00,+1.01337938197E+00
+29.20000E-06,+1.01253138494E+00,+1.04557160474E+00,+1.01121232089E+00,+983.85676922E-03
+29.25000E-06,+1.00687811866E+00,+1.02547110245E+00,+1.03005654179E+00,+1.00898239710E+00
+29.30000E-06,+1.05273238953E+00,+1.00599874085E+00,+1.00932789879E+00,+1.01337938197E+00
+29.35000E-06,+1.01378766634E+00,+1.03112436872E+00,+1.03005654179E+00,+1.00772611569E+00
+29.40000E-06,+1.01504394774E+00,+1.03614949430E+00,+1.03005654179E+00,+1.02280149242E+00
+29.45000E-06,+1.00939068146E+00,+1.04117461987E+00,+1.03005654179E+00,+1.00898239710E+00
+29.50000E-06,+1.01378766634E+00,+1.00599874085E+00,+1.00995603949E+00,+973.80651808E-03
+29.55000E-06,+1.01378766634E+00,+1.04557160474E+00,+1.03319724526E+00,+984.48490992E-03
+29.60000E-06,+1.03388816863E+00,+1.03614949430E+00,+1.01937814994E+00,+1.01337938197E+00
+29.65000E-06,+1.02949118376E+00,+1.02547110245E+00,+1.01435302436E+00,+993.27887967E-03
+29.70000E-06,+995.57158614E-03,+1.04431532334E+00,+1.01058418019E+00,+1.01275124127E+00
+29.75000E-06,+1.04833540466E+00,+1.03677763500E+00,+1.00681533602E+00,+1.01903264824E+00
+29.80000E-06,+1.03263188723E+00,+1.04431532334E+00,+1.04890076268E+00,+1.00395727152E+00
+29.85000E-06,+1.03388816863E+00,+1.05687813729E+00,+1.03005654179E+00,+984.48490992E-03
+29.90000E-06,+1.03326002793E+00,+1.02609924315E+00,+1.03005654179E+00,+1.01212310057E+00
+29.95000E-06,+1.01944093261E+00,+1.03991833847E+00,+1.03005654179E+00,+998.93214595E-03
+30.00000E-06,+1.00436555589E+00,+1.01604899200E+00,+1.05015704408E+00,+1.02280149242E+00
+30.05000E-06,+1.01378766634E+00,+1.04117461987E+00,+998.64950694E-03,+993.27887967E-03
+30.10000E-06,+1.03263188723E+00,+1.02609924315E+00,+1.02880026038E+00,+973.80651808E-03
+30.15000E-06,+1.03954143491E+00,+1.02547110245E+00,+1.03570980806E+00,+1.02217335172E+00
+30.20000E-06,+1.05398867093E+00,+1.02547110245E+00,+1.03947865223E+00,+1.01337938197E+00
+30.25000E-06,+1.02949118376E+00,+1.02986808732E+00,+1.03005654179E+00,+993.27887967E-03
+30.30000E-06,+1.03326002793E+00,+1.02609924315E+00,+1.04890076268E+00,+993.27887967E-03
+30.35000E-06,+1.02258163608E+00,+1.02547110245E+00,+1.03005654179E+00,+987.62561340E-03
+30.40000E-06,+1.01253138493E+00,+1.03614949430E+00,+1.02063443134E+00,+982.60048782E-03
+30.45000E-06,+1.01378766634E+00,+1.02986808732E+00,+1.02565955691E+00,+1.02908289939E+00
+30.50000E-06,+1.01378766634E+00,+1.06441582564E+00,+1.03005654179E+00,+1.05295224586E+00
+30.55000E-06,+1.03954143491E+00,+1.01102386642E+00,+1.03885051153E+00,+998.93214595E-03
+30.60000E-06,+1.02446605818E+00,+1.02421482105E+00,+1.03947865223E+00,+1.00395727152E+00
+30.65000E-06,+1.03388816863E+00,+1.02107411757E+00,+1.02126257204E+00,+993.27887967E-03
+30.70000E-06,+1.03388816863E+00,+1.02547110245E+00,+1.01058418019E+00,+1.01275124127E+00
+30.75000E-06,+1.03388816863E+00,+1.03426507219E+00,+1.03005654179E+00,+1.00772611569E+00
+30.80000E-06,+1.02572233959E+00,+1.02547110245E+00,+1.02063443134E+00,+1.00270099012E+00
+30.85000E-06,+1.01378766634E+00,+1.02547110245E+00,+1.03005654179E+00,+993.27887967E-03
+30.90000E-06,+1.01504394774E+00,+1.06504396634E+00,+1.00995603949E+00,+993.90702037E-03
+30.95000E-06,+1.03388816863E+00,+1.01102386642E+00,+1.03005654179E+00,+1.02782661799E+00
+31.00000E-06,+1.04456656048E+00,+1.02547110245E+00,+1.03947865223E+00,+1.03347988427E+00
+31.05000E-06,+1.03388816863E+00,+1.02547110245E+00,+1.01435302436E+00,+993.27887967E-03
+31.10000E-06,+994.94344544E-03,+1.04494346404E+00,+1.02942840108E+00,+1.01275124127E+00
+31.15000E-06,+1.03388816863E+00,+1.04557160474E+00,+1.04450377781E+00,+987.62561340E-03
+31.20000E-06,+1.02320977678E+00,+1.03614949430E+00,+1.03947865223E+00,+993.27887967E-03
+31.25000E-06,+1.03388816863E+00,+1.04557160474E+00,+1.03005654179E+00,+993.27887967E-03
+31.30000E-06,+1.03451630933E+00,+1.02547110245E+00,+1.03005654179E+00,+993.27887967E-03
+31.35000E-06,+1.00499369659E+00,+1.03112436872E+00,+1.03005654179E+00,+1.01337938197E+00
+31.40000E-06,+1.03388816863E+00,+1.03489321289E+00,+1.03005654179E+00,+992.02259827E-03
+31.45000E-06,+1.04519470118E+00,+1.04557160474E+00,+1.03445352666E+00,+977.57536225E-03
+31.50000E-06,+1.03388816863E+00,+1.04494346404E+00,+1.03068468249E+00,+992.65073897E-03
+31.55000E-06,+1.02258163608E+00,+1.02547110245E+00,+1.02126257204E+00,+993.27887967E-03
+31.60000E-06,+1.01378766634E+00,+1.03489321289E+00,+1.01937814994E+00,+983.85676922E-03
+31.65000E-06,+1.01818465121E+00,+1.04557160474E+00,+1.05455402896E+00,+1.00898239710E+00
+31.70000E-06,+1.03326002793E+00,+1.04494346404E+00,+1.03005654179E+00,+993.90702037E-03
+31.75000E-06,+1.01944093261E+00,+1.02547110245E+00,+1.04450377781E+00,+1.00772611569E+00
+31.80000E-06,+1.00310927449E+00,+1.02547110245E+00,+1.03005654179E+00,+993.27887967E-03
+31.85000E-06,+1.02949118376E+00,+1.04557160474E+00,+1.00555905462E+00,+1.00898239710E+00
+31.90000E-06,+1.01441580704E+00,+1.02547110245E+00,+1.02942840108E+00,+993.90702037E-03
+31.95000E-06,+1.00499369659E+00,+1.02547110245E+00,+1.04450377781E+00,+998.93214595E-03
+32.00000E-06,+1.01378766634E+00,+1.04557160474E+00,+1.04073493364E+00,+1.01337938197E+00
+32.05000E-06,+1.01818465121E+00,+1.02547110245E+00,+1.00995603949E+00,+997.67586455E-03
+32.10000E-06,+1.01504394774E+00,+1.04494346404E+00,+1.01058418019E+00,+1.03285174357E+00
+32.15000E-06,+1.03388816863E+00,+1.04557160474E+00,+1.00995603949E+00,+993.27887967E-03
+32.20000E-06,+1.01378766634E+00,+1.04682788615E+00,+1.02880026038E+00,+1.00270099012E+00
+32.25000E-06,+1.01818465121E+00,+1.02547110245E+00,+1.07277010918E+00,+977.57536225E-03
+32.30000E-06,+1.05336053023E+00,+1.02547110245E+00,+1.03068468249E+00,+1.01275124127E+00
+32.35000E-06,+1.01378766634E+00,+1.04557160474E+00,+1.03005654179E+00,+1.02217335172E+00
+32.40000E-06,+1.00436555589E+00,+1.06567210704E+00,+1.00995603949E+00,+1.01212310057E+00
+32.45000E-06,+1.00248113378E+00,+1.02547110245E+00,+1.01435302436E+00,+993.27887967E-03
+32.50000E-06,+1.01441580704E+00,+1.02609924315E+00,+1.02942840108E+00,+974.43465878E-03
+32.55000E-06,+1.02823490236E+00,+1.03991833847E+00,+1.02126257204E+00,+978.83164365E-03
+32.60000E-06,+1.02446605819E+00,+1.04557160474E+00,+1.00995603949E+00,+1.01212310057E+00
+32.65000E-06,+1.04959168606E+00,+1.02986808732E+00,+1.03445352666E+00,+1.00898239710E+00
+32.70000E-06,+994.94344544E-03,+1.04494346404E+00,+1.01058418019E+00,+1.01275124127E+00
+32.75000E-06,+1.01378766634E+00,+1.05436557449E+00,+1.03005654179E+00,+1.01337938197E+00
+32.80000E-06,+1.02320977678E+00,+1.03614949430E+00,+1.00053392904E+00,+982.60048782E-03
+32.85000E-06,+1.04519470118E+00,+1.02986808732E+00,+1.04576005921E+00,+1.01337938197E+00
+32.90000E-06,+1.03388816863E+00,+1.04431532334E+00,+1.03005654179E+00,+993.90702037E-03
+32.95000E-06,+1.01378766634E+00,+1.03112436872E+00,+1.03570980806E+00,+998.93214595E-03
+33.00000E-06,+1.04456656048E+00,+1.03489321289E+00,+1.01937814994E+00,+993.27887967E-03
+33.05000E-06,+1.02949118376E+00,+1.07697863959E+00,+1.04576005921E+00,+1.00898239710E+00
+33.10000E-06,+1.03326002793E+00,+1.02672738385E+00,+1.02942840108E+00,+992.65073897E-03
+33.15000E-06,+1.03388816863E+00,+1.02547110245E+00,+1.03005654179E+00,+1.00772611569E+00
+33.20000E-06,+1.01378766634E+00,+1.03489321289E+00,+1.03947865223E+00,+994.53516108E-03
+33.25000E-06,+1.01378766634E+00,+1.02986808732E+00,+1.03445352666E+00,+993.27887967E-03
+33.30000E-06,+1.03326002793E+00,+1.02547110245E+00,+991.11181859E-03,+1.03285174357E+00
+33.35000E-06,+1.01378766634E+00,+1.05122487102E+00,+1.04450377781E+00,+993.27887967E-03
+33.40000E-06,+1.04456656048E+00,+1.01479271060E+00,+1.05957915453E+00,+1.06425877841E+00
+33.45000E-06,+1.02949118376E+00,+1.04117461987E+00,+1.02565955691E+00,+1.02908289939E+00
+33.50000E-06,+1.01441580704E+00,+1.00537060015E+00,+1.03005654179E+00,+993.90702037E-03
+33.55000E-06,+1.02823490236E+00,+1.03426507219E+00,+1.04450377781E+00,+993.27887967E-03
+33.60000E-06,+1.02320977678E+00,+1.02547110245E+00,+1.03947865223E+00,+1.01337938197E+00
+33.65000E-06,+1.02949118376E+00,+1.04117461987E+00,+1.06146357663E+00,+993.27887967E-03
+33.70000E-06,+1.01441580704E+00,+1.00599874085E+00,+1.02942840108E+00,+1.01275124127E+00
+33.75000E-06,+1.04268213838E+00,+1.05122487102E+00,+1.04450377781E+00,+998.93214595E-03
+33.80000E-06,+1.02446605819E+00,+1.03489321289E+00,+1.03947865223E+00,+992.02259827E-03
+33.85000E-06,+1.03388816863E+00,+1.01667713270E+00,+1.03005654179E+00,+993.27887967E-03
+33.90000E-06,+1.01441580704E+00,+1.04494346404E+00,+1.04890076268E+00,+993.90702037E-03
+33.95000E-06,+1.03388816863E+00,+1.03112436872E+00,+1.03005654179E+00,+1.01337938197E+00
+34.00000E-06,+1.03263188723E+00,+1.02547110245E+00,+1.00053392904E+00,+983.85676923E-03
+34.05000E-06,+1.05398867093E+00,+1.01416456989E+00,+1.01875000923E+00,+1.01337938197E+00
+34.10000E-06,+994.31530474E-03,+1.02547110245E+00,+1.03068468249E+00,+1.01337938197E+00
+34.15000E-06,+1.03388816863E+00,+1.03991833847E+00,+1.02440327551E+00,+987.62561340E-03
+34.20000E-06,+1.02320977678E+00,+1.03489321289E+00,+1.02063443134E+00,+1.01212310057E+00
+34.25000E-06,+1.02258163608E+00,+1.02986808732E+00,+1.03005654179E+00,+1.01337938197E+00
+34.30000E-06,+1.01441580704E+00,+1.02609924315E+00,+991.11181859E-03,+1.01400752267E+00
+34.35000E-06,+1.01944093261E+00,+1.03112436872E+00,+1.03570980806E+00,+1.02217335171E+00
+34.40000E-06,+1.02446605819E+00,+1.02547110245E+00,+1.03947865223E+00,+993.27887967E-03
+34.45000E-06,+998.08414891E-03,+1.04117461987E+00,+1.02565955691E+00,+981.97234712E-03
+34.50000E-06,+1.01504394774E+00,+1.00599874085E+00,+1.01058418019E+00,+1.01275124127E+00
+34.55000E-06,+1.01378766634E+00,+1.03112436872E+00,+1.00995603949E+00,+993.27887967E-03
+34.60000E-06,+1.03388816863E+00,+1.03489321289E+00,+1.05957915453E+00,+1.02280149242E+00
+34.65000E-06,+1.01818465121E+00,+1.02986808732E+00,+1.04136307434E+00,+993.27887967E-03
+34.70000E-06,+994.31530474E-03,+1.04557160474E+00,+1.01121232089E+00,+993.27887967E-03
+34.75000E-06,+1.01944093261E+00,+1.04557160474E+00,+1.03005654179E+00,+993.27887967E-03
+34.80000E-06,+1.01378766634E+00,+1.02547110245E+00,+1.00995603949E+00,+1.01463566337E+00
+34.85000E-06,+1.01818465121E+00,+1.02547110245E+00,+1.00995603949E+00,+1.00207284942E+00
+34.90000E-06,+1.01378766634E+00,+1.02609924315E+00,+1.03005654179E+00,+1.01275124127E+00
+34.95000E-06,+1.02823490236E+00,+1.03112436872E+00,+1.04136307434E+00,+1.00772611569E+00
+35.00000E-06,+1.02446605819E+00,+1.01479271060E+00,+1.03947865223E+00,+1.00270099012E+00
+35.05000E-06,+1.02949118376E+00,+1.02986808732E+00,+1.00995603949E+00,+1.02468591452E+00
+35.10000E-06,+1.01441580704E+00,+1.02609924315E+00,+1.03068468249E+00,+993.90702037E-03
+35.15000E-06,+1.02258163608E+00,+1.01981783617E+00,+1.01875000923E+00,+993.27887967E-03
+35.20000E-06,+1.02320977678E+00,+1.02547110245E+00,+1.03005654179E+00,+953.07787508E-03
+35.25000E-06,+1.01818465121E+00,+1.02986808732E+00,+1.05015704408E+00,+997.67586454E-03
+35.30000E-06,+1.01378766634E+00,+1.04494346404E+00,+1.03068468249E+00,+1.01275124127E+00
+35.35000E-06,+1.01944093261E+00,+1.02547110245E+00,+1.00995603949E+00,+1.01337938197E+00
+35.40000E-06,+1.01378766634E+00,+1.03614949430E+00,+999.27764764E-03,+1.01337938197E+00
+35.45000E-06,+1.01818465121E+00,+1.05687813730E+00,+1.04576005921E+00,+1.01337938197E+00
+35.50000E-06,+1.03326002793E+00,+1.04557160474E+00,+1.00995603949E+00,+1.01275124127E+00
+35.55000E-06,+1.01944093261E+00,+1.03991833847E+00,+1.04450377781E+00,+998.93214595E-03
+35.60000E-06,+1.04331027908E+00,+1.02672738385E+00,+1.03005654179E+00,+1.02405777382E+00
+35.65000E-06,+1.01818465121E+00,+1.04996858962E+00,+1.00995603949E+00,+977.57536225E-03
+35.70000E-06,+1.05210424882E+00,+1.06441582564E+00,+1.03005654179E+00,+993.90702037E-03
+35.75000E-06,+1.01944093261E+00,+1.03991833847E+00,+1.04450377781E+00,+998.93214595E-03
+35.80000E-06,+1.03388816863E+00,+1.03489321289E+00,+1.04073493364E+00,+1.03347988427E+00
+35.85000E-06,+1.01378766634E+00,+994.06406760E-03,+1.01435302436E+00,+1.00898239710E+00
+35.90000E-06,+1.03326002793E+00,+1.04557160474E+00,+1.02942840108E+00,+1.01337938197E+00
+35.95000E-06,+1.00813440006E+00,+1.03991833847E+00,+1.02440327551E+00,+1.00772611569E+00
+36.00000E-06,+1.02446605819E+00,+1.04557160474E+00,+1.03005654179E+00,+982.60048782E-03
+36.05000E-06,+1.02949118376E+00,+1.03426507219E+00,+1.00995603949E+00,+997.67586454E-03
+36.10000E-06,+1.01441580704E+00,+1.02547110245E+00,+1.03005654179E+00,+1.01337938197E+00
+36.15000E-06,+1.03388816863E+00,+1.03991833847E+00,+1.03570980806E+00,+1.00458541223E+00
+36.20000E-06,+1.02320977678E+00,+1.03489321289E+00,+1.01937814993E+00,+993.27887967E-03
+36.25000E-06,+1.03828515350E+00,+1.00976758502E+00,+1.03005654179E+00,+997.67586454E-03
+36.30000E-06,+1.01315952563E+00,+1.04494346404E+00,+1.02942840108E+00,+993.90702037E-03
+36.35000E-06,+1.03388816863E+00,+1.01102386643E+00,+1.03570980806E+00,+987.62561340E-03
+36.40000E-06,+1.02320977678E+00,+1.04557160474E+00,+1.02189071274E+00,+973.17837738E-03
+36.45000E-06,+1.02949118376E+00,+1.04557160474E+00,+1.04576005921E+00,+1.00207284942E+00
+36.50000E-06,+1.03326002793E+00,+1.02609924315E+00,+1.03068468249E+00,+1.03285174356E+00
+36.55000E-06,+1.01944093261E+00,+1.03112436872E+00,+1.03570980806E+00,+1.02217335171E+00
+36.60000E-06,+1.02320977678E+00,+1.04557160474E+00,+1.03131282319E+00,+1.01463566337E+00
+36.65000E-06,+1.00248113378E+00,+1.05687813730E+00,+1.02126257204E+00,+1.01337938197E+00
+36.70000E-06,+994.31530474E-03,+1.02609924315E+00,+1.03005654179E+00,+1.01337938197E+00
+36.75000E-06,+1.01944093261E+00,+1.03112436872E+00,+1.01560930577E+00,+993.27887967E-03
+36.80000E-06,+1.02320977678E+00,+1.03614949430E+00,+1.05141332549E+00,+1.00395727152E+00
+36.85000E-06,+1.01818465121E+00,+1.04117461987E+00,+1.04136307434E+00,+997.67586454E-03
+36.90000E-06,+1.01441580704E+00,+1.00537060015E+00,+1.03068468249E+00,+993.90702037E-03
+36.95000E-06,+1.01378766634E+00,+1.03991833847E+00,+1.03005654179E+00,+1.01337938197E+00
+37.00000E-06,+1.02320977678E+00,+1.04557160474E+00,+1.03947865223E+00,+993.27887967E-03
+37.05000E-06,+1.03388816863E+00,+1.02547110245E+00,+1.03445352666E+00,+977.57536225E-03
+37.10000E-06,+1.05398867093E+00,+1.02609924315E+00,+1.03005654179E+00,+1.01275124127E+00
+37.15000E-06,+1.02823490236E+00,+1.01102386643E+00,+1.02126257204E+00,+1.00207284942E+00
+37.20000E-06,+1.02572233959E+00,+1.02547110245E+00,+1.01121232089E+00,+1.01337938197E+00
+37.25000E-06,+1.01818465121E+00,+1.02547110245E+00,+1.00995603949E+00,+1.02908289940E+00
+37.30000E-06,+993.68716404E-03,+1.06504396634E+00,+1.03005654179E+00,+993.27887967E-03
+37.35000E-06,+1.04833540465E+00,+1.02547110245E+00,+1.04450377781E+00,+990.13817621E-03
+37.40000E-06,+1.05398867093E+00,+1.02547110245E+00,+1.01937814993E+00,+1.00395727152E+00
+37.45000E-06,+1.02949118376E+00,+1.00537060015E+00,+1.02565955691E+00,+1.00458541223E+00
+37.50000E-06,+1.01378766634E+00,+1.00599874085E+00,+1.03005654179E+00,+1.01337938197E+00
+37.55000E-06,+1.00813440006E+00,+1.03426507219E+00,+1.03885051153E+00,+998.93214595E-03
+37.60000E-06,+1.02320977678E+00,+1.01479271059E+00,+1.01121232089E+00,+982.60048782E-03
+37.65000E-06,+1.02949118376E+00,+1.01416456989E+00,+1.04576005921E+00,+1.02908289940E+00
+37.70000E-06,+1.07346103252E+00,+1.04431532334E+00,+1.01058418019E+00,+1.03285174356E+00
+37.75000E-06,+1.04268213838E+00,+1.01667713270E+00,+1.03005654179E+00,+1.00772611569E+00
+37.80000E-06,+1.03388816863E+00,+1.03489321289E+00,+1.00869975808E+00,+1.00395727152E+00
+37.85000E-06,+1.01818465121E+00,+1.02547110245E+00,+1.03005654179E+00,+981.97234712E-03
+37.90000E-06,+1.03388816863E+00,+1.02672738385E+00,+1.03068468249E+00,+1.01337938197E+00
+37.95000E-06,+1.03388816863E+00,+1.04871230821E+00,+1.03570980806E+00,+1.01337938197E+00
+38.00000E-06,+1.01378766634E+00,+1.02547110245E+00,+1.03005654179E+00,+1.01337938197E+00
+38.05000E-06,+1.02949118376E+00,+1.04996858961E+00,+1.04136307434E+00,+997.67586454E-03
+38.10000E-06,+1.03326002793E+00,+1.02609924315E+00,+1.02880026038E+00,+1.01400752267E+00
+38.15000E-06,+1.03388816863E+00,+1.01102386643E+00,+1.03005654179E+00,+1.01337938197E+00
+38.20000E-06,+1.04456656048E+00,+1.03614949430E+00,+1.03005654179E+00,+1.00270099012E+00
+38.25000E-06,+993.68716404E-03,+1.02547110245E+00,+1.02126257204E+00,+988.88189480E-03
+38.30000E-06,+994.94344544E-03,+1.04431532334E+00,+1.04952890338E+00,+1.01275124127E+00
+38.35000E-06,+1.02823490236E+00,+1.03991833847E+00,+1.03885051153E+00,+993.27887967E-03
+38.40000E-06,+1.02320977678E+00,+1.02547110245E+00,+1.04073493364E+00,+1.00270099012E+00
+38.45000E-06,+1.02509419889E+00,+1.02107411758E+00,+1.03005654179E+00,+1.01337938197E+00
+38.50000E-06,+1.03326002793E+00,+1.06504396634E+00,+1.03005654179E+00,+1.01337938197E+00
+38.55000E-06,+1.03388816863E+00,+1.03991833847E+00,+1.04450377781E+00,+998.93214595E-03
+38.60000E-06,+1.01378766634E+00,+1.03614949430E+00,+1.03005654179E+00,+983.85676923E-03
+38.65000E-06,+1.01818465121E+00,+1.00976758502E+00,+1.03445352666E+00,+1.00207284941E+00
+38.70000E-06,+1.01378766634E+00,+1.06567210704E+00,+1.03005654179E+00,+1.01337938197E+00
+38.75000E-06,+1.01378766634E+00,+1.02547110245E+00,+1.03005654179E+00,+993.27887967E-03
+38.80000E-06,+994.94344544E-03,+1.02547110245E+00,+1.00053392904E+00,+983.85676923E-03
+38.85000E-06,+1.01818465121E+00,+1.04557160474E+00,+1.05015704408E+00,+1.00898239710E+00
+38.90000E-06,+1.01378766634E+00,+1.02484296174E+00,+1.05015704408E+00,+993.27887967E-03
+38.95000E-06,+1.01378766634E+00,+1.03112436872E+00,+1.06460428010E+00,+1.01337938197E+00
+39.00000E-06,+1.02446605819E+00,+1.04557160474E+00,+1.03005654179E+00,+1.00270099012E+00
+39.05000E-06,+1.01378766634E+00,+1.04117461987E+00,+1.01435302436E+00,+1.00898239710E+00
+39.10000E-06,+1.01378766634E+00,+1.04494346404E+00,+1.03005654179E+00,+1.01400752267E+00
+39.15000E-06,+1.03388816863E+00,+1.05436557449E+00,+1.03005654179E+00,+998.93214595E-03
+39.20000E-06,+1.03388816863E+00,+1.02672738385E+00,+1.02063443134E+00,+993.27887967E-03
+39.25000E-06,+1.04959168606E+00,+1.04117461987E+00,+1.00995603949E+00,+1.01337938197E+00
+39.30000E-06,+1.01504394774E+00,+1.02547110245E+00,+1.03005654179E+00,+1.03285174356E+00
+39.35000E-06,+1.01944093261E+00,+1.02547110245E+00,+1.03005654179E+00,+998.93214595E-03
+39.40000E-06,+1.03263188723E+00,+1.04557160474E+00,+1.03822237082E+00,+1.04415827612E+00
+39.45000E-06,+1.03828515350E+00,+1.06127512217E+00,+1.03445352666E+00,+993.27887967E-03
+39.50000E-06,+1.03388816863E+00,+1.02547110245E+00,+1.02942840108E+00,+993.27887967E-03
+39.55000E-06,+1.02258163608E+00,+1.01667713270E+00,+1.03005654179E+00,+993.27887967E-03
+39.60000E-06,+1.01504394774E+00,+1.02547110245E+00,+1.04073493364E+00,+1.01337938197E+00
+39.65000E-06,+1.01818465121E+00,+1.02107411758E+00,+1.03005654179E+00,+997.67586454E-03
+39.70000E-06,+1.03326002793E+00,+1.02609924315E+00,+1.03005654179E+00,+992.65073897E-03
+39.75000E-06,+1.04268213837E+00,+1.03991833847E+00,+1.02440327551E+00,+998.93214595E-03
+39.80000E-06,+1.01378766634E+00,+1.03489321289E+00,+1.03005654179E+00,+993.27887967E-03
+39.85000E-06,+1.02949118376E+00,+1.02547110245E+00,+1.03696608947E+00,+997.67586454E-03
+39.90000E-06,+1.01441580704E+00,+1.02547110245E+00,+1.04952890338E+00,+1.01400752267E+00
+39.95000E-06,+1.02823490236E+00,+1.03112436872E+00,+995.50880347E-03,+1.01337938197E+00
+40.00000E-06,+1.02320977678E+00,+1.04557160474E+00,+1.01121232090E+00,+982.60048782E-03
+40.05000E-06,+1.00248113378E+00,+1.02986808732E+00,+1.03005654179E+00,+997.67586454E-03
+40.10000E-06,+1.03263188723E+00,+1.04494346404E+00,+1.03005654179E+00,+1.03285174356E+00
+40.15000E-06,+1.00813440006E+00,+1.02547110245E+00,+995.50880347E-03,+1.02217335171E+00
+40.20000E-06,+1.02320977678E+00,+1.05624999660E+00,+1.01937814993E+00,+993.27887967E-03
+40.25000E-06,+1.02949118376E+00,+1.04117461987E+00,+1.05015704408E+00,+981.97234712E-03
+40.30000E-06,+1.01441580704E+00,+1.04557160474E+00,+1.04952890338E+00,+993.27887967E-03
+40.35000E-06,+1.03954143491E+00,+1.02547110245E+00,+1.01560930577E+00,+998.93214595E-03
+40.40000E-06,+1.03388816863E+00,+1.03740577571E+00,+1.01937814993E+00,+1.01337938197E+00
+40.45000E-06,+1.05398867093E+00,+1.01416456989E+00,+1.02565955691E+00,+1.01337938197E+00
+40.50000E-06,+1.03388816863E+00,+1.00662688156E+00,+1.03005654179E+00,+993.27887967E-03
+40.55000E-06,+1.04833540465E+00,+1.03112436872E+00,+1.01560930577E+00,+1.01337938197E+00
+40.60000E-06,+1.04331027908E+00,+1.03489321289E+00,+1.05015704408E+00,+1.02280149241E+00
+40.65000E-06,+1.01378766634E+00,+1.04557160474E+00,+1.02565955691E+00,+988.88189480E-03
+40.70000E-06,+1.01504394774E+00,+1.02547110245E+00,+1.02942840108E+00,+993.90702038E-03
+40.75000E-06,+1.02258163608E+00,+1.02547110245E+00,+1.02440327551E+00,+993.27887967E-03
+40.80000E-06,+1.02320977678E+00,+1.02547110245E+00,+1.03947865223E+00,+1.00395727152E+00
+40.85000E-06,+1.01818465121E+00,+1.02547110245E+00,+1.03005654179E+00,+1.00898239710E+00
+40.90000E-06,+1.03388816863E+00,+1.04557160474E+00,+1.03005654179E+00,+1.01212310056E+00
+40.95000E-06,+1.01944093261E+00,+1.03112436872E+00,+1.02126257204E+00,+978.83164365E-03
+41.00000E-06,+1.02320977678E+00,+1.02547110245E+00,+1.05015704408E+00,+993.27887967E-03
+41.05000E-06,+1.03388816863E+00,+1.02547110245E+00,+1.04576005921E+00,+993.27887967E-03
+41.10000E-06,+1.01504394774E+00,+1.02547110245E+00,+1.02942840108E+00,+1.01337938197E+00
+41.15000E-06,+1.03388816863E+00,+1.01102386643E+00,+1.03570980806E+00,+1.01337938197E+00
+41.20000E-06,+1.00436555589E+00,+1.01479271059E+00,+1.00995603949E+00,+993.27887967E-03
+41.25000E-06,+1.01818465121E+00,+1.02986808732E+00,+1.00304649180E+00,+1.02468591453E+00
+41.30000E-06,+1.01378766634E+00,+1.02484296174E+00,+1.04890076267E+00,+1.03222360286E+00
+41.35000E-06,+1.01944093261E+00,+1.05122487102E+00,+1.03005654179E+00,+1.02782661799E+00
+41.40000E-06,+1.03388816863E+00,+1.05499371519E+00,+1.04073493364E+00,+1.01337938197E+00
+41.45000E-06,+1.01818465121E+00,+1.02547110245E+00,+1.01435302436E+00,+1.00018842736E+00
+41.50000E-06,+1.03388816863E+00,+1.00599874085E+00,+1.04952890338E+00,+1.01337938197E+00
+41.55000E-06,+1.02258163608E+00,+1.03991833847E+00,+1.01560930577E+00,+1.00772611569E+00
+41.60000E-06,+1.02572233960E+00,+1.01604899200E+00,+1.03005654179E+00,+1.00395727152E+00
+41.65000E-06,+1.02258163608E+00,+1.02547110245E+00,+1.02565955692E+00,+997.67586454E-03
+41.70000E-06,+1.01378766634E+00,+1.02547110245E+00,+1.03068468249E+00,+1.01275124127E+00
+41.75000E-06,+1.00813440006E+00,+1.01667713271E+00,+1.04450377780E+00,+993.27887967E-03
+41.80000E-06,+1.02320977678E+00,+1.02547110245E+00,+1.01937814993E+00,+973.17837738E-03
+41.85000E-06,+1.02949118376E+00,+1.02986808732E+00,+1.00995603949E+00,+988.88189480E-03
+41.90000E-06,+1.03388816863E+00,+1.02547110245E+00,+1.04890076267E+00,+993.90702038E-03
+41.95000E-06,+1.01378766634E+00,+1.04557160474E+00,+1.04136307434E+00,+1.00772611569E+00
+42.00000E-06,+1.02446605819E+00,+1.03614949430E+00,+1.02063443134E+00,+1.00395727153E+00
+42.05000E-06,+1.01818465121E+00,+1.00537060015E+00,+1.02565955692E+00,+1.01337938197E+00
+42.10000E-06,+1.05461681163E+00,+1.00599874085E+00,+1.00995603949E+00,+994.53516108E-03
+42.15000E-06,+1.02823490235E+00,+1.02547110245E+00,+1.03005654179E+00,+1.00772611569E+00
+42.20000E-06,+1.02320977678E+00,+1.03489321289E+00,+1.05015704408E+00,+1.02280149241E+00
+42.25000E-06,+1.02509419889E+00,+1.05248115243E+00,+1.04576005921E+00,+993.27887967E-03
+42.30000E-06,+993.68716404E-03,+1.02547110245E+00,+1.01058418019E+00,+1.01337938197E+00
+42.35000E-06,+1.03388816863E+00,+1.01981783617E+00,+1.01560930577E+00,+993.27887967E-03
+42.40000E-06,+1.01378766634E+00,+1.03489321289E+00,+1.01121232090E+00,+943.65576463E-03
+42.45000E-06,+1.03828515350E+00,+1.04117461987E+00,+1.04576005921E+00,+981.97234712E-03
+42.50000E-06,+1.03326002793E+00,+1.00662688156E+00,+1.03005654179E+00,+1.03222360286E+00
+42.55000E-06,+1.01944093261E+00,+1.02547110245E+00,+1.03005654179E+00,+1.00458541223E+00
+42.60000E-06,+1.03388816863E+00,+1.04431532334E+00,+1.05957915453E+00,+993.27887967E-03
+42.65000E-06,+1.01378766634E+00,+1.06567210704E+00,+1.03445352666E+00,+1.00898239710E+00
+42.70000E-06,+1.01441580704E+00,+1.02609924315E+00,+1.03068468249E+00,+1.01337938197E+00
+42.75000E-06,+1.01944093261E+00,+1.04557160474E+00,+1.01560930577E+00,+993.27887967E-03
+42.80000E-06,+1.02446605819E+00,+1.03614949430E+00,+1.00995603949E+00,+1.01337938197E+00
+42.85000E-06,+1.01818465121E+00,+1.04557160474E+00,+1.01875000923E+00,+988.88189480E-03
+42.90000E-06,+1.01441580704E+00,+1.02547110245E+00,+1.03068468249E+00,+1.01337938197E+00
+42.95000E-06,+1.02823490235E+00,+1.02547110245E+00,+1.03005654179E+00,+1.02217335171E+00
+43.00000E-06,+1.03388816863E+00,+1.04557160474E+00,+1.03947865223E+00,+1.01212310056E+00
+43.05000E-06,+1.02949118376E+00,+1.03426507219E+00,+1.03005654179E+00,+1.01337938197E+00
+43.10000E-06,+1.01441580704E+00,+1.02547110245E+00,+1.00995603949E+00,+993.90702038E-03
+43.15000E-06,+1.03388816863E+00,+1.02547110245E+00,+1.01560930577E+00,+993.27887967E-03
+43.20000E-06,+1.04456656049E+00,+1.01479271059E+00,+1.03005654179E+00,+1.00395727153E+00
+43.25000E-06,+1.01378766634E+00,+1.02986808732E+00,+1.04136307434E+00,+1.01337938197E+00
+43.30000E-06,+1.03326002793E+00,+1.02547110245E+00,+1.03068468249E+00,+1.01400752267E+00
+43.35000E-06,+1.01944093261E+00,+1.02547110245E+00,+1.02440327551E+00,+998.93214595E-03
+43.40000E-06,+1.01378766634E+00,+1.03614949430E+00,+1.02880026038E+00,+983.85676923E-03
+43.45000E-06,+1.01378766634E+00,+1.04557160474E+00,+1.04576005921E+00,+993.27887967E-03
+43.50000E-06,+1.05336053023E+00,+1.00599874085E+00,+1.01121232090E+00,+1.01275124127E+00
+43.55000E-06,+1.03388816863E+00,+1.03991833846E+00,+1.03005654179E+00,+1.02782661799E+00
+43.60000E-06,+1.02446605819E+00,+1.02547110245E+00,+1.01121232090E+00,+983.85676923E-03
+43.65000E-06,+982.38063148E-03,+1.02547110245E+00,+1.03445352666E+00,+993.27887967E-03
+43.70000E-06,+1.01378766634E+00,+1.06441582563E+00,+1.04952890338E+00,+993.27887967E-03
+43.75000E-06,+1.00499369660E+00,+1.06001884076E+00,+1.03570980806E+00,+1.02217335171E+00
+43.80000E-06,+1.03388816863E+00,+1.03489321289E+00,+1.04073493364E+00,+1.01337938197E+00
+43.85000E-06,+1.02949118376E+00,+1.00976758502E+00,+1.00995603949E+00,+1.01337938197E+00
+43.90000E-06,+1.01441580704E+00,+1.04494346404E+00,+1.03005654179E+00,+993.90702038E-03
+43.95000E-06,+1.03388816863E+00,+1.03112436873E+00,+1.05015704408E+00,+993.27887967E-03
+44.00000E-06,+1.02446605819E+00,+1.02547110245E+00,+1.03005654179E+00,+1.01337938197E+00
+44.05000E-06,+1.03388816863E+00,+1.02986808732E+00,+1.03005654179E+00,+1.01777636684E+00
+44.10000E-06,+1.05398867093E+00,+1.04494346404E+00,+1.03068468249E+00,+1.01275124126E+00
+44.15000E-06,+1.02823490235E+00,+1.03426507219E+00,+1.00995603949E+00,+1.03347988427E+00
+44.20000E-06,+1.02320977678E+00,+1.05499371519E+00,+1.01812186852E+00,+1.03347988427E+00
+44.25000E-06,+1.01818465121E+00,+1.04557160474E+00,+1.05015704408E+00,+993.27887967E-03
+44.30000E-06,+1.03326002793E+00,+1.02609924315E+00,+1.01058418019E+00,+973.17837738E-03
+44.35000E-06,+1.03388816863E+00,+1.02547110245E+00,+1.03570980806E+00,+998.93214595E-03
+44.40000E-06,+1.02446605819E+00,+1.03489321289E+00,+1.01121232090E+00,+1.01337938197E+00
+44.45000E-06,+993.68716404E-03,+1.03426507219E+00,+1.00995603949E+00,+977.57536224E-03
+44.50000E-06,+1.01315952563E+00,+1.04494346404E+00,+1.01058418019E+00,+1.01337938197E+00
+44.55000E-06,+1.02823490235E+00,+1.03112436873E+00,+1.05015704408E+00,+1.00772611569E+00
+44.60000E-06,+1.02320977678E+00,+1.02547110245E+00,+1.03005654179E+00,+1.01337938197E+00
+44.65000E-06,+1.05398867093E+00,+1.03677763500E+00,+1.02565955692E+00,+1.02468591453E+00
+44.70000E-06,+1.01378766634E+00,+1.04494346404E+00,+1.01121232090E+00,+1.01275124126E+00
+44.75000E-06,+1.03954143491E+00,+1.03112436873E+00,+1.05581031036E+00,+1.01337938197E+00
+44.80000E-06,+1.02320977678E+00,+1.02547110245E+00,+1.02063443134E+00,+963.75626693E-03
+44.85000E-06,+1.03388816863E+00,+1.02547110245E+00,+1.03005654179E+00,+1.00207284941E+00
+44.90000E-06,+1.01441580704E+00,+1.04557160474E+00,+1.03005654179E+00,+1.03285174356E+00
+44.95000E-06,+1.01944093262E+00,+1.03112436873E+00,+1.03570980806E+00,+1.01903264825E+00
+45.00000E-06,+1.02446605819E+00,+1.03489321289E+00,+1.02880026038E+00,+1.01463566338E+00
+45.05000E-06,+1.04519470119E+00,+1.02986808732E+00,+1.00304649180E+00,+993.27887967E-03
+45.10000E-06,+1.03388816863E+00,+1.00599874085E+00,+1.01058418019E+00,+1.01337938197E+00
+45.15000E-06,+1.03954143491E+00,+1.01102386643E+00,+1.01560930577E+00,+1.02782661799E+00
+45.20000E-06,+1.01378766634E+00,+1.03489321289E+00,+1.02063443134E+00,+993.27887967E-03
+45.25000E-06,+1.01818465120E+00,+1.00976758502E+00,+1.01875000923E+00,+977.57536224E-03
+45.30000E-06,+1.03388816863E+00,+1.02547110245E+00,+1.03005654179E+00,+992.65073897E-03
+45.35000E-06,+1.03388816863E+00,+1.04557160474E+00,+1.05015704408E+00,+1.01337938197E+00
+45.40000E-06,+1.04331027908E+00,+1.02421482104E+00,+1.05957915453E+00,+1.06425877842E+00
+45.45000E-06,+1.01818465120E+00,+1.06127512217E+00,+1.03005654179E+00,+1.02028892966E+00
+45.50000E-06,+993.68716404E-03,+1.02547110245E+00,+1.01058418019E+00,+994.53516108E-03
+45.55000E-06,+1.02823490235E+00,+1.01102386643E+00,+1.02440327551E+00,+978.83164365E-03
+45.60000E-06,+1.03388816863E+00,+1.01604899200E+00,+1.04073493364E+00,+1.00270099012E+00
+45.65000E-06,+1.01378766634E+00,+1.04117461987E+00,+1.04576005921E+00,+993.27887967E-03
+45.70000E-06,+1.01441580704E+00,+1.02547110245E+00,+1.01058418019E+00,+1.01337938197E+00
+45.75000E-06,+1.01378766634E+00,+1.02547110245E+00,+1.03570980807E+00,+998.93214595E-03
+45.80000E-06,+1.02320977678E+00,+1.04431532333E+00,+1.02063443134E+00,+1.00270099012E+00
+45.85000E-06,+1.00248113378E+00,+1.04117461987E+00,+1.03005654179E+00,+997.67586454E-03
+45.90000E-06,+1.05273238952E+00,+1.02547110245E+00,+1.06962940567E+00,+993.27887967E-03
+45.95000E-06,+1.01378766634E+00,+1.02547110245E+00,+1.03005654179E+00,+1.01337938197E+00
+46.00000E-06,+1.00436555589E+00,+1.03614949430E+00,+1.02189071275E+00,+983.85676923E-03
+46.05000E-06,+1.01818465120E+00,+1.06127512217E+00,+1.00304649180E+00,+1.01777636684E+00
+46.10000E-06,+1.01315952563E+00,+1.02547110245E+00,+1.00932789878E+00,+1.03347988427E+00
+46.15000E-06,+1.01378766634E+00,+1.04557160474E+00,+1.03005654179E+00,+1.02782661799E+00
+46.20000E-06,+1.03388816863E+00,+1.02547110245E+00,+1.04073493364E+00,+1.01337938197E+00
+46.25000E-06,+1.03388816863E+00,+1.02986808732E+00,+1.03445352665E+00,+1.02908289940E+00
+46.30000E-06,+1.03388816863E+00,+1.02609924315E+00,+1.03005654179E+00,+1.01337938197E+00
+46.35000E-06,+1.03388816863E+00,+1.03991833846E+00,+1.02440327551E+00,+987.62561339E-03
+46.40000E-06,+1.02446605819E+00,+1.05499371519E+00,+1.04890076267E+00,+1.00270099012E+00
+46.45000E-06,+1.02949118376E+00,+1.02547110245E+00,+1.02565955692E+00,+1.01777636684E+00
+46.50000E-06,+1.05398867093E+00,+1.00537060015E+00,+1.02942840108E+00,+1.01275124126E+00
+46.55000E-06,+1.03388816863E+00,+1.03991833846E+00,+1.04450377780E+00,+984.48490993E-03
+46.60000E-06,+1.01378766634E+00,+1.03614949430E+00,+1.00869975808E+00,+1.02280149241E+00
+46.65000E-06,+1.03388816863E+00,+1.04557160474E+00,+1.04576005921E+00,+988.88189480E-03
+46.70000E-06,+1.05336053022E+00,+1.02547110245E+00,+1.03005654179E+00,+1.03285174356E+00
+46.75000E-06,+1.01944093262E+00,+1.02547110245E+00,+1.02126257205E+00,+993.27887967E-03
+46.80000E-06,+1.01378766634E+00,+1.03614949430E+00,+1.03005654179E+00,+1.00270099012E+00
+46.85000E-06,+1.04959168606E+00,+1.04117461987E+00,+1.03005654179E+00,+1.00898239710E+00
+46.90000E-06,+1.01441580704E+00,+1.04494346404E+00,+1.04890076267E+00,+993.90702038E-03
+46.95000E-06,+1.01378766634E+00,+1.02547110245E+00,+1.04450377780E+00,+993.27887967E-03
+47.00000E-06,+1.02320977678E+00,+1.04557160474E+00,+1.02063443134E+00,+1.01337938197E+00
+47.05000E-06,+1.03388816863E+00,+1.00976758502E+00,+1.03445352665E+00,+1.00898239710E+00
+47.10000E-06,+1.03388816863E+00,+1.04494346404E+00,+1.02942840108E+00,+974.43465879E-03
+47.15000E-06,+1.01944093262E+00,+1.02547110245E+00,+1.01560930577E+00,+1.01337938197E+00
+47.20000E-06,+993.68716404E-03,+1.03489321289E+00,+1.02063443134E+00,+983.85676923E-03
+47.25000E-06,+1.02949118376E+00,+1.02986808731E+00,+1.05015704408E+00,+1.01337938197E+00
+47.30000E-06,+1.01504394775E+00,+1.02484296174E+00,+1.00995603949E+00,+1.03347988427E+00
+47.35000E-06,+1.01378766634E+00,+1.04557160474E+00,+1.03570980807E+00,+1.01337938197E+00
+47.40000E-06,+1.04331027908E+00,+1.02547110245E+00,+1.00869975808E+00,+1.00395727153E+00
+47.45000E-06,+1.03828515350E+00,+1.02547110245E+00,+1.04576005921E+00,+977.57536224E-03
+47.50000E-06,+1.01441580704E+00,+1.02609924315E+00,+1.05015704408E+00,+993.27887967E-03
+47.55000E-06,+1.03388816863E+00,+1.02547110245E+00,+1.02440327551E+00,+1.01337938197E+00
+47.60000E-06,+1.02320977678E+00,+1.03489321289E+00,+1.01937814993E+00,+994.53516108E-03
+47.65000E-06,+1.01818465120E+00,+1.04557160474E+00,+1.03005654179E+00,+993.27887967E-03
+47.70000E-06,+1.01315952563E+00,+1.04557160474E+00,+1.04890076267E+00,+993.27887967E-03
+47.75000E-06,+1.02823490235E+00,+1.02547110245E+00,+1.03570980807E+00,+1.00772611569E+00
+47.80000E-06,+1.03388816863E+00,+1.03614949430E+00,+1.03947865223E+00,+1.03222360286E+00
+47.85000E-06,+1.03388816863E+00,+1.03677763501E+00,+1.04136307435E+00,+988.88189480E-03
+47.90000E-06,+1.01504394775E+00,+1.02547110245E+00,+1.03005654179E+00,+1.01400752268E+00
+47.95000E-06,+1.00813440006E+00,+1.03112436873E+00,+1.03005654179E+00,+987.62561339E-03
+48.00000E-06,+1.04456656049E+00,+1.04431532333E+00,+1.01812186852E+00,+1.01337938197E+00
+48.05000E-06,+1.01378766634E+00,+1.02986808731E+00,+1.03005654179E+00,+1.00898239710E+00
+48.10000E-06,+1.01378766634E+00,+1.02547110245E+00,+1.03005654179E+00,+993.90702038E-03
+48.15000E-06,+1.01378766634E+00,+1.01102386643E+00,+1.01560930577E+00,+998.93214595E-03
+48.20000E-06,+1.01253138492E+00,+1.02672738386E+00,+1.00995603949E+00,+1.00270099011E+00
+48.25000E-06,+1.02949118376E+00,+1.02547110245E+00,+1.01435302436E+00,+1.01337938197E+00
+48.30000E-06,+1.03388816863E+00,+1.02547110245E+00,+1.03005654179E+00,+1.01275124126E+00
+48.35000E-06,+1.01378766634E+00,+1.01981783617E+00,+1.03005654179E+00,+1.01337938197E+00
+48.40000E-06,+993.68716404E-03,+1.03614949430E+00,+989.85553719E-03,+962.49998552E-03
+48.45000E-06,+982.38063148E-03,+1.02107411758E+00,+1.01875000922E+00,+1.01337938197E+00
+48.50000E-06,+1.01378766634E+00,+1.06504396633E+00,+1.05015704408E+00,+1.01337938197E+00
+48.55000E-06,+1.00813440006E+00,+1.04557160474E+00,+1.03005654179E+00,+1.01337938197E+00
+48.60000E-06,+1.01378766634E+00,+1.02547110245E+00,+1.01937814993E+00,+1.01337938197E+00
+48.65000E-06,+1.01818465120E+00,+1.02547110245E+00,+1.02565955692E+00,+1.01337938197E+00
+48.70000E-06,+994.31530474E-03,+1.02547110245E+00,+1.00995603949E+00,+1.03285174356E+00
+48.75000E-06,+1.02823490235E+00,+1.01981783617E+00,+1.04450377780E+00,+998.93214595E-03
+48.80000E-06,+1.02320977678E+00,+1.04557160474E+00,+1.04073493364E+00,+1.00270099011E+00
+48.85000E-06,+1.02949118376E+00,+1.01416456989E+00,+1.03005654179E+00,+1.01337938197E+00
+48.90000E-06,+1.01441580704E+00,+1.02609924315E+00,+1.01121232090E+00,+1.03347988427E+00
+48.95000E-06,+1.03388816863E+00,+1.01667713271E+00,+1.01560930577E+00,+1.01337938197E+00
+49.00000E-06,+1.03263188722E+00,+1.02547110245E+00,+1.00869975808E+00,+992.02259826E-03
+49.05000E-06,+1.04519470119E+00,+1.00976758502E+00,+1.03005654179E+00,+1.00898239710E+00
+49.10000E-06,+1.03326002793E+00,+1.02484296174E+00,+1.03131282320E+00,+993.27887967E-03
+49.15000E-06,+1.01944093262E+00,+1.01981783617E+00,+1.01560930577E+00,+998.93214595E-03
+49.20000E-06,+1.03263188722E+00,+1.03489321289E+00,+1.01121232090E+00,+1.02405777382E+00
+49.25000E-06,+1.01378766634E+00,+1.00976758502E+00,+1.04576005921E+00,+997.67586454E-03
+49.30000E-06,+1.01441580704E+00,+1.02484296174E+00,+1.05015704408E+00,+993.27887967E-03
+49.35000E-06,+1.04268213837E+00,+1.02547110245E+00,+1.04450377780E+00,+993.27887967E-03
+49.40000E-06,+1.00436555589E+00,+1.05624999660E+00,+1.03005654179E+00,+993.27887967E-03
+49.45000E-06,+1.00939068147E+00,+1.02547110245E+00,+1.02565955692E+00,+1.01337938197E+00
+49.50000E-06,+1.01504394775E+00,+1.02547110245E+00,+1.01058418019E+00,+1.01275124126E+00
+49.55000E-06,+1.01378766634E+00,+1.03112436873E+00,+1.05015704408E+00,+987.62561339E-03
+49.60000E-06,+1.00310927448E+00,+1.01479271059E+00,+999.27764763E-03,+954.33415649E-03
+49.65000E-06,+1.00248113377E+00,+1.04117461988E+00,+1.03445352665E+00,+997.67586454E-03
+49.70000E-06,+994.31530474E-03,+1.04494346404E+00,+1.00995603949E+00,+1.01275124126E+00
+49.75000E-06,+999.34043032E-03,+1.03112436873E+00,+1.01875000922E+00,+1.01903264825E+00
+49.80000E-06,+1.01378766634E+00,+1.01479271059E+00,+1.02880026037E+00,+983.85676923E-03
+49.85000E-06,+1.01818465120E+00,+1.05248115244E+00,+1.06146357664E+00,+1.01337938197E+00
+49.90000E-06,+1.01378766634E+00,+1.02609924315E+00,+1.01058418019E+00,+993.90702038E-03
+49.95000E-06,+1.00499369660E+00,+1.04557160474E+00,+1.01560930577E+00,+1.00772611569E+00
+50.00000E-06,+1.02446605819E+00,+1.03614949430E+00,+1.01937814993E+00,+1.00395727153E+00
+50.05000E-06,+1.01818465120E+00,+1.03677763501E+00,+1.01435302436E+00,+1.00898239710E+00
+50.10000E-06,+1.05273238952E+00,+1.02609924315E+00,+1.02880026037E+00,+993.90702038E-03
+50.15000E-06,+1.03388816863E+00,+1.02547110245E+00,+1.02440327550E+00,+1.00772611569E+00
+50.20000E-06,+1.04331027908E+00,+1.03614949430E+00,+1.03947865223E+00,+1.03347988427E+00
+50.25000E-06,+1.01378766634E+00,+1.04117461988E+00,+1.02565955692E+00,+1.02908289940E+00
+50.30000E-06,+1.03388816863E+00,+1.02547110245E+00,+991.11181860E-03,+1.01337938197E+00
+50.35000E-06,+1.02823490235E+00,+1.03112436873E+00,+1.05015704408E+00,+1.00207284941E+00
+50.40000E-06,+1.02320977678E+00,+1.01604899200E+00,+1.03005654179E+00,+1.00270099011E+00
+50.45000E-06,+1.01378766634E+00,+1.06567210704E+00,+1.02565955692E+00,+1.01337938197E+00
+50.50000E-06,+1.03388816863E+00,+1.04494346404E+00,+1.03005654179E+00,+1.01275124126E+00
+50.55000E-06,+1.03388816863E+00,+1.01981783617E+00,+1.03005654179E+00,+998.93214595E-03
+50.60000E-06,+1.02446605819E+00,+1.02421482103E+00,+1.01937814993E+00,+1.00270099011E+00
+50.65000E-06,+1.03828515350E+00,+1.04117461988E+00,+1.00304649179E+00,+1.00898239710E+00
+50.70000E-06,+1.05273238952E+00,+1.02547110245E+00,+1.03005654179E+00,+993.27887967E-03
+50.75000E-06,+1.02823490235E+00,+1.03991833846E+00,+1.03005654179E+00,+1.04227385400E+00
+50.80000E-06,+1.00310927448E+00,+1.02547110245E+00,+1.01246860232E+00,+994.53516109E-03
+50.85000E-06,+1.01818465120E+00,+1.04117461988E+00,+1.00304649179E+00,+997.67586454E-03
+50.90000E-06,+1.01441580704E+00,+1.06504396633E+00,+1.04890076267E+00,+1.03222360285E+00
+50.95000E-06,+1.01944093262E+00,+1.04557160474E+00,+1.00995603949E+00,+984.48490994E-03
+51.00000E-06,+1.02446605819E+00,+1.04431532333E+00,+1.03131282320E+00,+993.27887967E-03
+51.05000E-06,+1.00939068147E+00,+1.02547110245E+00,+1.00995603949E+00,+1.00898239710E+00
+51.10000E-06,+994.94344545E-03,+1.02609924315E+00,+1.02942840108E+00,+1.01337938197E+00
+51.15000E-06,+1.03388816863E+00,+1.02547110245E+00,+1.03005654179E+00,+987.62561339E-03
+51.20000E-06,+1.01378766634E+00,+1.03614949430E+00,+1.04073493364E+00,+1.01212310056E+00
+51.25000E-06,+1.01378766634E+00,+1.04996858961E+00,+1.04576005922E+00,+1.00898239710E+00
+51.30000E-06,+1.03388816863E+00,+1.02609924315E+00,+1.01058418020E+00,+1.01337938197E+00
+51.35000E-06,+1.03388816863E+00,+1.03991833846E+00,+1.03005654179E+00,+1.00458541223E+00
+51.40000E-06,+1.02446605819E+00,+1.05499371519E+00,+1.03822237081E+00,+1.05358038656E+00
+51.45000E-06,+1.04959168606E+00,+1.04117461988E+00,+1.06146357665E+00,+997.67586454E-03
+51.50000E-06,+1.03326002793E+00,+1.00599874086E+00,+1.05015704408E+00,+1.01212310056E+00
+51.55000E-06,+1.03954143491E+00,+1.01102386643E+00,+1.00995603949E+00,+1.00207284941E+00
+51.60000E-06,+1.01378766634E+00,+1.02547110245E+00,+1.00995603949E+00,+1.00395727153E+00
+51.65000E-06,+1.01818465120E+00,+1.04117461988E+00,+1.02565955692E+00,+977.57536224E-03
+51.70000E-06,+1.03326002793E+00,+1.02609924315E+00,+1.00995603949E+00,+992.65073897E-03
+51.75000E-06,+1.04833540465E+00,+1.02547110245E+00,+1.04136307435E+00,+993.27887967E-03
+51.80000E-06,+1.04456656049E+00,+1.03489321289E+00,+1.03005654179E+00,+1.02280149241E+00
+51.85000E-06,+1.01378766634E+00,+1.02107411758E+00,+1.02565955692E+00,+1.00458541224E+00
+51.90000E-06,+1.05273238952E+00,+1.02609924315E+00,+1.01058418020E+00,+993.90702038E-03
+51.95000E-06,+1.02258163607E+00,+1.00537060015E+00,+1.01560930577E+00,+998.93214595E-03
+52.00000E-06,+1.03388816863E+00,+1.04682788616E+00,+1.00053392905E+00,+963.75626693E-03
+52.05000E-06,+1.01818465120E+00,+1.04117461988E+00,+1.04576005922E+00,+997.67586454E-03
+52.10000E-06,+1.03388816863E+00,+1.04494346404E+00,+1.03068468249E+00,+1.01275124126E+00
+52.15000E-06,+1.03388816863E+00,+1.04557160474E+00,+1.01560930577E+00,+1.01337938197E+00
+52.20000E-06,+1.00310927448E+00,+1.03489321289E+00,+1.01937814993E+00,+1.01337938197E+00
+52.25000E-06,+1.02509419890E+00,+1.02986808731E+00,+1.04576005922E+00,+993.27887967E-03
+52.30000E-06,+1.01378766634E+00,+1.00662688156E+00,+1.03005654179E+00,+994.53516109E-03
+52.35000E-06,+1.01378766634E+00,+1.02547110245E+00,+1.01560930577E+00,+1.00772611569E+00
+52.40000E-06,+1.03388816863E+00,+1.00537060015E+00,+1.01937814993E+00,+1.01337938197E+00
+52.45000E-06,+1.01818465120E+00,+1.02547110245E+00,+1.03005654179E+00,+1.00898239710E+00
+52.50000E-06,+1.03326002793E+00,+1.04494346404E+00,+1.03068468249E+00,+974.43465879E-03
+52.55000E-06,+1.01944093262E+00,+1.03991833846E+00,+1.03570980807E+00,+998.93214595E-03
+52.60000E-06,+1.02446605819E+00,+1.02547110245E+00,+1.03947865223E+00,+1.03347988427E+00
+52.65000E-06,+1.01378766634E+00,+1.02986808731E+00,+1.00555905462E+00,+1.01337938197E+00
+52.70000E-06,+1.03326002793E+00,+1.02484296174E+00,+1.02942840108E+00,+993.27887967E-03
+52.75000E-06,+1.01944093262E+00,+1.01102386643E+00,+1.03570980807E+00,+993.27887967E-03
+52.80000E-06,+1.03388816863E+00,+1.02547110245E+00,+1.04890076267E+00,+993.27887967E-03
+52.85000E-06,+998.08414891E-03,+1.02547110245E+00,+1.02565955692E+00,+1.00207284941E+00
+52.90000E-06,+1.03388816863E+00,+1.00599874086E+00,+1.04952890338E+00,+1.01337938197E+00
+52.95000E-06,+1.00499369660E+00,+1.02547110245E+00,+1.02440327550E+00,+1.01337938197E+00
+53.00000E-06,+1.02320977678E+00,+1.03614949430E+00,+1.02880026037E+00,+993.27887967E-03
+53.05000E-06,+1.01378766634E+00,+1.02986808731E+00,+1.05015704408E+00,+1.01337938197E+00
+53.10000E-06,+1.01441580704E+00,+1.02609924315E+00,+1.02942840108E+00,+1.01337938197E+00
+53.15000E-06,+1.02509419890E+00,+1.01102386643E+00,+1.02126257205E+00,+1.01337938197E+00
+53.20000E-06,+1.02320977678E+00,+1.01604899201E+00,+1.00995603949E+00,+983.85676923E-03
+53.25000E-06,+1.00939068147E+00,+1.04557160474E+00,+1.01435302436E+00,+981.97234711E-03
+53.30000E-06,+1.01378766634E+00,+1.02547110245E+00,+1.00995603949E+00,+974.43465879E-03
+53.35000E-06,+1.03388816863E+00,+1.03677763501E+00,+1.04450377780E+00,+1.02782661798E+00
+53.40000E-06,+1.04456656049E+00,+1.02547110245E+00,+1.02063443134E+00,+1.00270099011E+00
+53.45000E-06,+1.02509419890E+00,+1.02547110245E+00,+1.02565955692E+00,+1.02908289940E+00
+53.50000E-06,+974.84294316E-03,+1.04431532333E+00,+1.03005654179E+00,+993.27887967E-03
+53.55000E-06,+1.01944093262E+00,+1.06001884076E+00,+1.00995603949E+00,+1.01337938197E+00
+53.60000E-06,+1.01378766634E+00,+1.03614949430E+00,+1.05015704408E+00,+1.00270099011E+00
+53.65000E-06,+1.01378766634E+00,+1.06127512217E+00,+1.02565955692E+00,+993.27887967E-03
+53.70000E-06,+1.03326002793E+00,+1.04557160474E+00,+1.03068468249E+00,+1.01337938197E+00
+53.75000E-06,+1.03954143492E+00,+1.02547110245E+00,+1.03005654179E+00,+1.00772611569E+00
+53.80000E-06,+1.03263188722E+00,+1.01479271059E+00,+1.02880026037E+00,+1.03347988427E+00
+53.85000E-06,+1.03388816863E+00,+1.02107411758E+00,+1.03005654179E+00,+1.00458541224E+00
+53.90000E-06,+1.03388816863E+00,+1.02547110245E+00,+1.04952890338E+00,+993.90702038E-03
+53.95000E-06,+1.03388816863E+00,+1.03426507218E+00,+1.02440327550E+00,+998.93214595E-03
+54.00000E-06,+1.02446605819E+00,+1.02547110245E+00,+1.03005654179E+00,+1.01337938197E+00
+54.05000E-06,+1.01818465120E+00,+1.04117461988E+00,+998.64950692E-03,+1.01337938197E+00
+54.10000E-06,+975.47108386E-03,+1.02484296174E+00,+1.03068468249E+00,+974.43465879E-03
+54.15000E-06,+1.02823490235E+00,+1.02547110245E+00,+1.04450377780E+00,+998.93214595E-03
+54.20000E-06,+1.00436555589E+00,+1.03614949430E+00,+1.00995603949E+00,+993.27887967E-03
+54.25000E-06,+1.02949118377E+00,+1.02547110245E+00,+1.03005654179E+00,+1.00898239710E+00
+54.30000E-06,+1.01441580704E+00,+1.02547110245E+00,+1.04952890337E+00,+1.01337938197E+00
+54.35000E-06,+1.01378766634E+00,+1.04557160474E+00,+1.01875000922E+00,+990.13817622E-03
+54.40000E-06,+1.01378766634E+00,+1.03489321289E+00,+1.04073493364E+00,+993.27887967E-03
+54.45000E-06,+1.05398867093E+00,+1.04557160474E+00,+1.03445352665E+00,+1.01337938197E+00
+54.50000E-06,+1.03326002793E+00,+1.06504396633E+00,+1.01121232090E+00,+1.03285174356E+00
+54.55000E-06,+1.01378766634E+00,+1.04557160474E+00,+1.01560930577E+00,+1.01337938197E+00
+54.60000E-06,+1.03263188722E+00,+1.04431532333E+00,+1.04073493364E+00,+993.27887967E-03
+54.65000E-06,+1.04959168606E+00,+1.01416456988E+00,+1.03005654179E+00,+993.27887967E-03
+54.70000E-06,+1.03451630934E+00,+1.04494346404E+00,+1.05015704408E+00,+974.43465879E-03
+54.75000E-06,+1.01378766634E+00,+1.03112436873E+00,+1.01560930577E+00,+1.01337938197E+00
+54.80000E-06,+1.00310927448E+00,+1.03489321289E+00,+1.03005654179E+00,+1.00395727153E+00
+54.85000E-06,+1.00248113377E+00,+1.02547110245E+00,+1.01875000922E+00,+1.01337938197E+00
+54.90000E-06,+1.03326002792E+00,+1.04494346404E+00,+1.01058418020E+00,+1.01400752268E+00
+54.95000E-06,+999.34043032E-03,+1.01667713271E+00,+1.05015704408E+00,+993.27887967E-03
+55.00000E-06,+1.05398867093E+00,+1.02547110245E+00,+1.04073493364E+00,+1.01337938197E+00
+55.05000E-06,+1.02949118377E+00,+1.02547110245E+00,+1.03005654179E+00,+1.02908289940E+00
+55.10000E-06,+1.01378766634E+00,+1.02547110245E+00,+1.04952890337E+00,+993.27887967E-03
+55.15000E-06,+1.01378766634E+00,+1.05436557448E+00,+1.01560930577E+00,+1.00772611569E+00
+55.20000E-06,+1.01378766634E+00,+1.04682788616E+00,+1.03947865223E+00,+1.01463566339E+00
+55.25000E-06,+998.08414890E-03,+1.04557160474E+00,+1.04576005922E+00,+1.01337938197E+00
+55.30000E-06,+1.01504394775E+00,+1.04494346404E+00,+1.04952890337E+00,+1.03285174356E+00
+55.35000E-06,+999.34043032E-03,+1.02233039900E+00,+1.00995603949E+00,+1.01337938197E+00
+55.40000E-06,+1.00436555590E+00,+1.04557160474E+00,+1.02063443135E+00,+1.01337938197E+00
+55.45000E-06,+1.03388816863E+00,+1.02986808731E+00,+1.04576005922E+00,+993.27887967E-03
+55.50000E-06,+1.03388816863E+00,+1.02547110245E+00,+1.03005654179E+00,+993.90702038E-03
+55.55000E-06,+1.01944093262E+00,+1.03991833846E+00,+1.00995603949E+00,+998.93214595E-03
+55.60000E-06,+1.01378766634E+00,+1.02547110245E+00,+1.02063443135E+00,+963.75626693E-03
+55.65000E-06,+1.01378766634E+00,+1.04557160474E+00,+1.03445352665E+00,+981.97234711E-03
+55.70000E-06,+1.01378766634E+00,+1.06504396633E+00,+1.04890076267E+00,+1.01337938197E+00
+55.75000E-06,+1.01944093262E+00,+1.03991833846E+00,+1.03005654179E+00,+1.00458541224E+00
+55.80000E-06,+1.03514445005E+00,+1.01604899201E+00,+1.02063443135E+00,+1.01337938197E+00
+55.85000E-06,+1.02949118377E+00,+1.02547110245E+00,+1.01435302435E+00,+1.00898239710E+00
+55.90000E-06,+1.01441580704E+00,+1.04494346404E+00,+1.03005654179E+00,+1.01400752268E+00
+55.95000E-06,+1.04833540465E+00,+1.02547110245E+00,+1.02440327550E+00,+1.00772611569E+00
+56.00000E-06,+1.03514445005E+00,+1.03489321289E+00,+1.05015704408E+00,+1.01337938197E+00
+56.05000E-06,+1.03388816863E+00,+1.02986808731E+00,+1.04576005922E+00,+1.01337938197E+00
+56.10000E-06,+1.01441580704E+00,+1.02547110245E+00,+1.02942840108E+00,+1.01275124126E+00
+56.15000E-06,+1.00499369660E+00,+1.01102386643E+00,+1.03005654179E+00,+998.93214596E-03
+56.20000E-06,+1.02446605819E+00,+1.03363693147E+00,+1.03947865223E+00,+1.03222360285E+00
+56.25000E-06,+1.03828515350E+00,+1.04117461988E+00,+1.00995603949E+00,+981.97234711E-03
+56.30000E-06,+1.03388816863E+00,+1.04557160474E+00,+1.03068468249E+00,+993.27887967E-03
+56.35000E-06,+1.02823490235E+00,+1.04557160474E+00,+1.02126257205E+00,+1.00772611569E+00
+56.40000E-06,+1.02446605819E+00,+1.02547110245E+00,+1.03005654179E+00,+1.01337938197E+00
+56.45000E-06,+998.08414890E-03,+1.00976758501E+00,+1.02565955692E+00,+993.27887967E-03
+56.50000E-06,+1.01378766634E+00,+1.02547110245E+00,+1.02942840108E+00,+1.01275124126E+00
+56.55000E-06,+1.03388816863E+00,+1.03991833846E+00,+1.03005654179E+00,+998.93214596E-03
+56.60000E-06,+1.02320977678E+00,+1.01604899201E+00,+1.04073493364E+00,+1.00270099011E+00
+56.65000E-06,+1.01378766634E+00,+1.02547110245E+00,+1.03005654179E+00,+1.01337938197E+00
+56.70000E-06,+1.01378766634E+00,+1.00662688157E+00,+1.02942840108E+00,+993.90702038E-03
+56.75000E-06,+1.03954143492E+00,+1.03991833846E+00,+1.03005654179E+00,+978.83164366E-03
+56.80000E-06,+1.03388816863E+00,+1.02547110245E+00,+1.02063443135E+00,+973.17837738E-03
+56.85000E-06,+1.01818465120E+00,+1.04557160474E+00,+1.04576005922E+00,+1.01337938197E+00
+56.90000E-06,+1.03451630934E+00,+1.04368718262E+00,+1.03005654179E+00,+1.01400752268E+00
+56.95000E-06,+1.01064696289E+00,+1.01102386643E+00,+1.00430277321E+00,+1.00772611569E+00
+57.00000E-06,+1.01378766634E+00,+1.03489321289E+00,+1.01812186851E+00,+993.27887967E-03
+57.05000E-06,+1.03388816863E+00,+1.04117461988E+00,+1.00995603949E+00,+993.27887967E-03
+57.10000E-06,+1.01441580704E+00,+1.04494346403E+00,+1.02942840108E+00,+1.01275124126E+00
+57.15000E-06,+1.03388816863E+00,+1.03991833846E+00,+1.03570980807E+00,+1.01337938197E+00
+57.20000E-06,+1.03388816863E+00,+1.01604899201E+00,+1.03005654179E+00,+1.01337938197E+00
+57.25000E-06,+1.01818465120E+00,+1.04996858961E+00,+998.64950692E-03,+1.00898239710E+00
+57.30000E-06,+1.03388816863E+00,+1.06504396633E+00,+1.03005654179E+00,+993.90702038E-03
+57.35000E-06,+1.03388816863E+00,+1.02547110245E+00,+1.00995603949E+00,+1.01903264825E+00
+57.40000E-06,+1.03388816863E+00,+1.04557160474E+00,+1.03947865223E+00,+1.03222360285E+00
+57.45000E-06,+1.04959168606E+00,+1.01416456988E+00,+1.02126257205E+00,+1.00458541224E+00
+57.50000E-06,+993.68716404E-03,+1.02609924316E+00,+1.03005654179E+00,+993.27887967E-03
+57.55000E-06,+1.02823490235E+00,+1.03112436873E+00,+1.00430277321E+00,+998.93214596E-03
+57.60000E-06,+1.04456656049E+00,+1.02421482103E+00,+1.04073493364E+00,+1.00270099011E+00
+57.65000E-06,+1.01818465120E+00,+1.04557160474E+00,+1.04136307435E+00,+1.01337938197E+00
+57.70000E-06,+1.01441580704E+00,+1.02484296174E+00,+1.03005654179E+00,+1.01337938197E+00
+57.75000E-06,+1.04833540465E+00,+1.02547110245E+00,+1.04450377780E+00,+1.02782661798E+00
+57.80000E-06,+1.01253138492E+00,+1.01479271059E+00,+1.03005654179E+00,+982.60048781E-03
+57.85000E-06,+1.02258163607E+00,+1.02547110245E+00,+1.04136307435E+00,+997.67586454E-03
+57.90000E-06,+1.03326002792E+00,+1.04494346403E+00,+1.01121232091E+00,+1.01337938197E+00
+57.95000E-06,+1.02823490235E+00,+1.04557160474E+00,+1.03005654179E+00,+1.01337938197E+00
+58.00000E-06,+1.02446605819E+00,+1.02421482103E+00,+1.01121232091E+00,+982.60048781E-03
+58.05000E-06,+1.01378766634E+00,+1.02547110245E+00,+1.03445352665E+00,+1.01777636683E+00
+58.10000E-06,+1.05273238951E+00,+1.02547110245E+00,+1.03005654179E+00,+994.53516109E-03
+58.15000E-06,+1.05398867093E+00,+1.02547110245E+00,+1.03005654179E+00,+1.01903264825E+00
+58.20000E-06,+1.01378766634E+00,+1.03489321289E+00,+1.04073493364E+00,+1.01337938197E+00
+58.25000E-06,+1.03828515350E+00,+1.04117461988E+00,+1.00995603949E+00,+1.02468591454E+00
+58.30000E-06,+1.03326002792E+00,+1.02547110245E+00,+1.03005654179E+00,+1.01275124126E+00
+58.35000E-06,+1.04268213836E+00,+1.02547110245E+00,+1.03005654179E+00,+998.93214596E-03
+58.40000E-06,+1.03263188721E+00,+1.01604899201E+00,+1.04073493364E+00,+1.01337938197E+00
+58.45000E-06,+1.01378766634E+00,+1.05687813731E+00,+1.04136307435E+00,+993.27887967E-03
+58.50000E-06,+1.01441580704E+00,+1.02547110245E+00,+1.00995603949E+00,+1.03222360285E+00
+58.55000E-06,+1.02823490235E+00,+1.01981783616E+00,+1.02440327550E+00,+993.27887967E-03
+58.60000E-06,+1.03263188721E+00,+1.02547110245E+00,+1.01937814993E+00,+1.05232410515E+00
+58.65000E-06,+1.02949118377E+00,+1.04117461988E+00,+1.01435302435E+00,+1.00898239710E+00
+58.70000E-06,+1.03326002792E+00,+1.02547110245E+00,+1.04952890337E+00,+1.01337938197E+00
+58.75000E-06,+1.03954143492E+00,+1.03426507218E+00,+1.01560930577E+00,+998.93214596E-03
+58.80000E-06,+1.03388816863E+00,+1.03489321289E+00,+1.01121232091E+00,+1.02280149241E+00
+58.85000E-06,+1.01378766634E+00,+1.04557160474E+00,+1.02565955692E+00,+997.67586454E-03
+58.90000E-06,+1.03388816863E+00,+1.02547110245E+00,+1.04952890337E+00,+1.01275124126E+00
+58.95000E-06,+1.01944093262E+00,+1.04557160474E+00,+1.05015704408E+00,+1.02782661798E+00
+59.00000E-06,+1.02320977677E+00,+1.02547110245E+00,+1.04073493364E+00,+1.02280149241E+00
+59.05000E-06,+1.02949118377E+00,+1.02986808731E+00,+1.02126257206E+00,+1.00898239710E+00
+59.10000E-06,+1.03388816863E+00,+1.00599874086E+00,+1.03005654179E+00,+993.90702038E-03
+59.15000E-06,+1.02823490235E+00,+1.02547110245E+00,+1.01875000922E+00,+998.93214596E-03
+59.20000E-06,+1.01378766634E+00,+1.01604899201E+00,+1.01937814993E+00,+983.85676923E-03
+59.25000E-06,+1.02949118377E+00,+1.03426507218E+00,+1.04576005922E+00,+1.01337938197E+00
+59.30000E-06,+1.03388816863E+00,+1.02609924316E+00,+1.01058418020E+00,+1.01400752268E+00
+59.35000E-06,+1.02823490235E+00,+1.02547110245E+00,+1.01560930577E+00,+998.93214596E-03
+59.40000E-06,+1.01253138492E+00,+1.02547110245E+00,+1.01937814993E+00,+1.00270099011E+00
+59.45000E-06,+1.01378766634E+00,+1.02547110245E+00,+1.01875000922E+00,+1.00898239710E+00
+59.50000E-06,+1.05398867093E+00,+1.00537060015E+00,+1.03005654179E+00,+1.01275124126E+00
+59.55000E-06,+1.03388816863E+00,+1.01981783616E+00,+1.03885051152E+00,+1.01337938197E+00
+59.60000E-06,+1.01504394775E+00,+1.01479271059E+00,+1.03005654179E+00,+1.01337938197E+00
+59.65000E-06,+1.00687811863E+00,+1.04117461988E+00,+1.01435302435E+00,+993.27887967E-03
+59.70000E-06,+1.01441580705E+00,+1.04494346403E+00,+1.04952890337E+00,+1.01212310055E+00
+59.75000E-06,+1.02509419890E+00,+1.03991833846E+00,+1.03885051152E+00,+1.00772611569E+00
+59.80000E-06,+1.03514445005E+00,+1.02547110245E+00,+1.03005654179E+00,+982.60048781E-03
+59.85000E-06,+1.01818465120E+00,+1.02986808731E+00,+1.02565955692E+00,+997.67586454E-03
+59.90000E-06,+1.03263188721E+00,+1.04494346403E+00,+1.01058418020E+00,+1.01337938197E+00
+59.95000E-06,+1.01944093262E+00,+1.03991833846E+00,+1.05015704408E+00,+1.01337938197E+00
+60.00000E-06,+1.03514445005E+00,+1.02547110245E+00,+1.03005654179E+00,+1.00270099011E+00
+60.05000E-06,+1.01818465120E+00,+1.02547110245E+00,+1.02565955692E+00,+1.01337938197E+00
+60.10000E-06,+1.01441580705E+00,+1.02547110245E+00,+1.01121232091E+00,+1.01212310055E+00
+60.15000E-06,+1.01944093262E+00,+1.03112436873E+00,+1.00995603949E+00,+998.93214596E-03
+60.20000E-06,+1.01253138492E+00,+1.03614949430E+00,+1.03005654179E+00,+994.53516109E-03
+60.25000E-06,+1.02949118377E+00,+1.02547110245E+00,+1.03005654179E+00,+1.01337938197E+00
+60.30000E-06,+1.01378766634E+00,+1.00662688157E+00,+1.05015704408E+00,+993.90702038E-03
+60.35000E-06,+1.04833540465E+00,+1.03991833846E+00,+1.03570980807E+00,+1.01337938197E+00
+60.40000E-06,+1.01378766634E+00,+1.03489321289E+00,+1.00995603949E+00,+974.43465879E-03
+60.45000E-06,+1.00687811863E+00,+1.04117461988E+00,+1.03445352665E+00,+997.67586454E-03
+60.50000E-06,+1.03326002792E+00,+1.02547110245E+00,+1.00995603949E+00,+1.03347988427E+00
+60.55000E-06,+1.02823490235E+00,+1.02547110245E+00,+1.04450377780E+00,+1.01337938197E+00
+60.60000E-06,+1.02446605819E+00,+1.04431532332E+00,+1.04073493364E+00,+1.01337938197E+00
+60.65000E-06,+1.03388816863E+00,+1.00976758501E+00,+1.02565955692E+00,+993.27887967E-03
+60.70000E-06,+1.01441580705E+00,+1.00537060015E+00,+1.01058418020E+00,+1.01400752268E+00
+60.75000E-06,+1.02823490235E+00,+1.02547110245E+00,+1.01560930577E+00,+1.01337938197E+00
+60.80000E-06,+1.02446605819E+00,+1.03614949430E+00,+1.03947865222E+00,+1.00395727153E+00
+60.85000E-06,+1.03388816863E+00,+1.04996858961E+00,+1.00995603949E+00,+993.27887967E-03
+60.90000E-06,+1.03451630934E+00,+1.04494346403E+00,+1.01121232091E+00,+1.01275124126E+00
+60.95000E-06,+1.01944093262E+00,+1.01667713272E+00,+995.50880348E-03,+998.93214596E-03
+61.00000E-06,+1.05398867093E+00,+1.03614949430E+00,+1.03947865222E+00,+1.02280149241E+00
+61.05000E-06,+1.03388816863E+00,+1.04117461988E+00,+1.04136307435E+00,+993.27887967E-03
+61.10000E-06,+1.03451630934E+00,+1.02547110245E+00,+1.02942840108E+00,+993.90702038E-03
+61.15000E-06,+1.03388816863E+00,+1.02547110245E+00,+1.04450377780E+00,+978.83164366E-03
+61.20000E-06,+1.01378766634E+00,+1.01730527343E+00,+1.02063443135E+00,+993.27887967E-03
+61.25000E-06,+1.01818465120E+00,+1.02986808731E+00,+998.64950692E-03,+1.02908289940E+00
+61.30000E-06,+1.05336053022E+00,+1.02484296174E+00,+1.02880026037E+00,+993.90702038E-03
+61.35000E-06,+1.03388816863E+00,+1.03991833846E+00,+1.03005654179E+00,+1.00458541224E+00
+61.40000E-06,+1.01253138492E+00,+1.05624999660E+00,+1.03005654179E+00,+993.27887967E-03
+61.45000E-06,+1.01378766634E+00,+1.02547110245E+00,+1.05015704408E+00,+1.00898239711E+00
+61.50000E-06,+994.31530475E-03,+1.00662688157E+00,+1.04890076266E+00,+1.01212310055E+00
+61.55000E-06,+1.02258163606E+00,+1.03991833846E+00,+1.02440327550E+00,+1.01337938197E+00
+61.60000E-06,+1.00310927448E+00,+1.02547110245E+00,+1.00179021047E+00,+953.07787508E-03
+61.65000E-06,+1.02509419890E+00,+1.04557160474E+00,+1.03005654179E+00,+1.01337938197E+00
+61.70000E-06,+1.03326002792E+00,+1.04557160474E+00,+1.03005654179E+00,+1.01400752268E+00
+61.75000E-06,+1.04268213836E+00,+1.04557160474E+00,+1.00995603949E+00,+1.01337938197E+00
+61.80000E-06,+1.02320977677E+00,+1.02547110245E+00,+1.03947865222E+00,+993.27887967E-03
+61.85000E-06,+1.03388816863E+00,+1.04117461988E+00,+1.03445352665E+00,+1.00898239711E+00
+61.90000E-06,+1.05273238951E+00,+1.06504396633E+00,+1.01058418020E+00,+1.01275124126E+00
+61.95000E-06,+1.00813440005E+00,+1.01102386643E+00,+1.03570980807E+00,+984.48490994E-03
+62.00000E-06,+1.01378766634E+00,+1.03489321288E+00,+1.02063443135E+00,+1.01337938197E+00
+62.05000E-06,+1.01818465120E+00,+1.02107411758E+00,+1.03005654179E+00,+1.01337938197E+00
+62.10000E-06,+1.01378766634E+00,+1.04557160474E+00,+1.03005654179E+00,+993.90702038E-03
+62.15000E-06,+1.02823490235E+00,+1.02547110245E+00,+1.00995603949E+00,+1.01337938197E+00
+62.20000E-06,+1.05398867093E+00,+1.04557160474E+00,+1.05015704408E+00,+1.02405777383E+00
+62.25000E-06,+1.03388816863E+00,+1.02547110245E+00,+1.01435302435E+00,+981.97234710E-03
+62.30000E-06,+1.03388816863E+00,+1.02484296174E+00,+1.03068468250E+00,+974.43465880E-03
+62.35000E-06,+1.04268213836E+00,+1.01102386643E+00,+1.01560930577E+00,+993.27887967E-03
+62.40000E-06,+1.01378766634E+00,+1.04682788616E+00,+1.03947865222E+00,+993.27887967E-03
+62.45000E-06,+1.03388816863E+00,+1.00537060015E+00,+1.04136307435E+00,+997.67586454E-03
+62.50000E-06,+1.01378766634E+00,+1.00599874086E+00,+1.01058418020E+00,+994.53516109E-03
+62.55000E-06,+1.04833540465E+00,+1.02547110245E+00,+1.03005654179E+00,+1.00772611569E+00
+62.60000E-06,+1.03388816863E+00,+1.02547110245E+00,+1.01812186851E+00,+1.01337938197E+00
+62.65000E-06,+1.02949118377E+00,+1.04557160474E+00,+1.01875000922E+00,+1.00898239711E+00
+62.70000E-06,+1.03326002792E+00,+1.04494346403E+00,+1.04952890337E+00,+1.01275124126E+00
+62.75000E-06,+1.03388816863E+00,+1.04557160474E+00,+1.01560930577E+00,+1.01903264825E+00
+62.80000E-06,+1.00310927448E+00,+1.01604899201E+00,+1.02063443135E+00,+963.75626694E-03
+62.85000E-06,+1.01818465120E+00,+1.04557160474E+00,+1.01875000922E+00,+981.97234710E-03
+62.90000E-06,+1.03326002792E+00,+1.02547110245E+00,+1.02880026036E+00,+1.03285174356E+00
+62.95000E-06,+1.02823490235E+00,+1.02547110245E+00,+1.02126257206E+00,+1.00772611568E+00
+63.00000E-06,+1.00310927448E+00,+1.05499371518E+00,+1.03131282321E+00,+1.00395727153E+00
+63.05000E-06,+1.01818465120E+00,+1.02986808731E+00,+1.03005654179E+00,+1.00898239711E+00
+63.10000E-06,+1.01378766634E+00,+1.02609924316E+00,+1.02942840108E+00,+1.01400752268E+00
+63.15000E-06,+1.02823490235E+00,+1.05436557447E+00,+1.04450377780E+00,+1.00772611568E+00
+63.20000E-06,+1.04331027907E+00,+1.02421482103E+00,+1.03005654179E+00,+993.27887967E-03
+63.25000E-06,+1.03388816863E+00,+1.02547110245E+00,+1.02565955692E+00,+973.17837738E-03
+63.30000E-06,+1.03326002792E+00,+1.00599874086E+00,+1.04952890337E+00,+1.03285174356E+00
+63.35000E-06,+1.02509419891E+00,+1.03112436873E+00,+1.03005654179E+00,+1.01337938197E+00
+63.40000E-06,+1.04456656049E+00,+1.05499371518E+00,+1.04073493364E+00,+1.02280149241E+00
+63.45000E-06,+998.08414890E-03,+1.05687813731E+00,+1.01435302435E+00,+1.00898239711E+00
+63.50000E-06,+1.03326002792E+00,+1.04494346403E+00,+1.02942840108E+00,+993.27887967E-03
+63.55000E-06,+1.01944093262E+00,+1.03112436873E+00,+1.03005654179E+00,+1.00458541224E+00
+63.60000E-06,+1.02446605820E+00,+1.04557160474E+00,+1.00995603949E+00,+1.01337938197E+00
+63.65000E-06,+1.01818465120E+00,+1.02986808731E+00,+1.03005654179E+00,+1.00898239711E+00
+63.70000E-06,+1.03326002792E+00,+1.06441582562E+00,+1.03005654179E+00,+974.43465880E-03
+63.75000E-06,+1.02823490235E+00,+1.01102386643E+00,+1.03570980807E+00,+993.27887967E-03
+63.80000E-06,+1.03388816863E+00,+1.03489321288E+00,+1.03005654179E+00,+1.00270099011E+00
+63.85000E-06,+1.01818465120E+00,+1.02986808731E+00,+1.01435302435E+00,+1.01337938197E+00
+63.90000E-06,+1.01441580705E+00,+1.02547110245E+00,+1.01058418020E+00,+1.01337938197E+00
+63.95000E-06,+1.02823490235E+00,+1.03991833846E+00,+1.02126257206E+00,+993.27887967E-03
+64.00000E-06,+1.01378766634E+00,+1.00537060015E+00,+1.04073493365E+00,+963.75626694E-03
+64.05000E-06,+1.01378766634E+00,+1.04557160474E+00,+1.03005654179E+00,+1.01337938197E+00
+64.10000E-06,+1.01504394776E+00,+1.06504396633E+00,+1.03005654179E+00,+993.90702038E-03
+64.15000E-06,+1.02509419891E+00,+1.03112436873E+00,+1.03005654179E+00,+998.93214596E-03
+64.20000E-06,+1.03388816863E+00,+1.02547110245E+00,+1.03131282321E+00,+1.03347988427E+00
+64.25000E-06,+1.03828515350E+00,+1.04557160474E+00,+1.03445352665E+00,+977.57536224E-03
+64.30000E-06,+1.01441580705E+00,+1.02547110245E+00,+1.00995603949E+00,+993.90702038E-03
+64.35000E-06,+1.03388816863E+00,+1.03112436873E+00,+1.03005654179E+00,+998.93214596E-03
+64.40000E-06,+1.00436555590E+00,+1.01604899201E+00,+1.03005654179E+00,+1.00395727153E+00
+64.45000E-06,+1.01378766634E+00,+1.04557160474E+00,+1.01435302435E+00,+1.01337938197E+00
+64.50000E-06,+1.01378766634E+00,+1.06441582562E+00,+1.03005654179E+00,+974.43465880E-03
+64.55000E-06,+1.01378766634E+00,+1.02547110245E+00,+1.04450377780E+00,+1.00458541224E+00
+64.60000E-06,+1.04456656049E+00,+1.03489321288E+00,+1.03005654179E+00,+1.02280149241E+00
+64.65000E-06,+1.03388816863E+00,+1.03677763502E+00,+1.02565955692E+00,+993.27887967E-03
+64.70000E-06,+1.03388816863E+00,+1.00599874086E+00,+1.02942840107E+00,+993.90702038E-03
+64.75000E-06,+1.01944093262E+00,+1.01102386643E+00,+1.02440327550E+00,+973.17837738E-03
+64.80000E-06,+1.01378766634E+00,+1.04557160474E+00,+1.03005654179E+00,+1.01337938197E+00
+64.85000E-06,+1.01818465120E+00,+1.04117461988E+00,+1.02565955692E+00,+997.67586454E-03
+64.90000E-06,+1.03451630934E+00,+1.02484296174E+00,+1.02942840107E+00,+1.03347988427E+00
+64.95000E-06,+999.34043032E-03,+1.03112436873E+00,+1.03005654179E+00,+993.27887967E-03
+65.00000E-06,+1.01378766634E+00,+1.03489321288E+00,+1.01812186850E+00,+1.00395727153E+00
+65.05000E-06,+1.01378766634E+00,+1.06567210704E+00,+1.04576005922E+00,+993.27887967E-03
+65.10000E-06,+1.01441580705E+00,+1.02609924316E+00,+1.03068468250E+00,+993.27887967E-03
+65.15000E-06,+1.01378766634E+00,+1.02547110245E+00,+1.03005654179E+00,+1.00772611568E+00
+65.20000E-06,+1.01253138491E+00,+1.05624999660E+00,+1.01937814993E+00,+971.92209595E-03
+65.25000E-06,+1.01818465120E+00,+1.04117461988E+00,+998.64950692E-03,+997.67586454E-03
+65.30000E-06,+1.01441580705E+00,+1.02609924316E+00,+1.03068468250E+00,+993.90702038E-03
+65.35000E-06,+1.03388816863E+00,+1.03991833846E+00,+1.03570980807E+00,+1.02782661798E+00
+65.40000E-06,+1.02320977677E+00,+1.03489321288E+00,+1.03005654179E+00,+1.00395727153E+00
+65.45000E-06,+1.02949118377E+00,+1.02547110245E+00,+1.02565955692E+00,+1.00458541224E+00
+65.50000E-06,+1.01378766634E+00,+1.04494346403E+00,+1.02942840107E+00,+993.90702038E-03
+65.55000E-06,+1.01378766634E+00,+1.01981783616E+00,+1.03005654179E+00,+998.93214596E-03
+65.60000E-06,+1.04456656049E+00,+1.03614949431E+00,+1.03947865222E+00,+993.27887967E-03
+65.65000E-06,+1.03388816863E+00,+1.02986808731E+00,+1.04136307436E+00,+1.01777636683E+00
+65.70000E-06,+1.01378766634E+00,+1.04557160474E+00,+1.03068468250E+00,+1.01337938197E+00
+65.75000E-06,+1.02823490235E+00,+1.02547110245E+00,+1.02440327550E+00,+1.01337938197E+00
+65.80000E-06,+1.03388816863E+00,+1.04557160474E+00,+1.04890076266E+00,+1.01337938197E+00
+65.85000E-06,+1.02949118377E+00,+1.04557160474E+00,+1.05015704408E+00,+1.01337938197E+00
+65.90000E-06,+1.03451630934E+00,+1.02547110245E+00,+1.01058418020E+00,+973.80651809E-03
+65.95000E-06,+1.03388816863E+00,+1.02547110245E+00,+1.02440327550E+00,+1.01337938197E+00
+66.00000E-06,+1.01378766634E+00,+1.03489321288E+00,+1.00995603949E+00,+1.01337938197E+00
+66.05000E-06,+1.03828515350E+00,+1.04557160474E+00,+1.03005654179E+00,+993.27887967E-03
+66.10000E-06,+1.03451630934E+00,+1.06441582562E+00,+1.04952890337E+00,+993.27887967E-03
+66.15000E-06,+1.04833540464E+00,+1.03677763502E+00,+1.02440327550E+00,+1.00772611568E+00
+66.20000E-06,+1.03514445006E+00,+1.02547110245E+00,+1.01121232091E+00,+1.01337938197E+00
+66.25000E-06,+1.03388816863E+00,+1.04117461988E+00,+1.02565955692E+00,+997.67586454E-03
+66.30000E-06,+995.57158617E-03,+1.04557160474E+00,+1.04890076266E+00,+1.01337938197E+00
+66.35000E-06,+1.03388816863E+00,+1.02547110245E+00,+1.02440327550E+00,+1.02217335170E+00
+66.40000E-06,+1.00310927448E+00,+1.02547110245E+00,+1.03382538605E+00,+963.75626694E-03
+66.45000E-06,+1.01378766634E+00,+1.02547110245E+00,+1.03005654179E+00,+961.87184480E-03
+66.50000E-06,+1.01504394776E+00,+1.00662688157E+00,+1.03068468250E+00,+1.03222360284E+00
+66.55000E-06,+1.02823490235E+00,+1.04557160474E+00,+1.02440327550E+00,+1.01337938197E+00
+66.60000E-06,+1.02320977677E+00,+1.03614949431E+00,+1.02063443135E+00,+993.27887967E-03
+66.65000E-06,+1.02949118377E+00,+1.04557160474E+00,+1.05015704408E+00,+1.01337938197E+00
+66.70000E-06,+1.03326002792E+00,+1.00599874086E+00,+1.04952890337E+00,+1.01275124126E+00
+66.75000E-06,+1.01944093262E+00,+1.01667713272E+00,+1.03005654179E+00,+1.01337938197E+00
+66.80000E-06,+1.00562183732E+00,+1.03614949431E+00,+1.02063443135E+00,+994.53516110E-03
+66.85000E-06,+1.02949118377E+00,+1.02547110245E+00,+1.04136307436E+00,+1.01337938197E+00
+66.90000E-06,+1.03326002792E+00,+1.02547110245E+00,+1.06900126496E+00,+993.90702038E-03
+66.95000E-06,+1.03954143492E+00,+1.03991833846E+00,+1.04450377780E+00,+993.27887967E-03
+67.00000E-06,+1.03388816863E+00,+1.04557160474E+00,+1.03005654179E+00,+1.04290199470E+00
+67.05000E-06,+1.02949118377E+00,+1.04117461988E+00,+1.02565955692E+00,+1.00898239711E+00
+67.10000E-06,+1.01441580705E+00,+1.04494346403E+00,+1.02942840107E+00,+993.90702038E-03
+67.15000E-06,+1.00813440005E+00,+1.03991833846E+00,+1.02440327550E+00,+987.62561339E-03
+67.20000E-06,+1.02320977677E+00,+1.04557160474E+00,+1.04073493365E+00,+1.01337938197E+00
+67.25000E-06,+1.01818465120E+00,+1.02547110245E+00,+1.04136307436E+00,+993.27887967E-03
+67.30000E-06,+1.03326002792E+00,+1.04619974546E+00,+1.03068468250E+00,+1.01275124126E+00
+67.35000E-06,+1.01378766634E+00,+1.04557160474E+00,+1.03570980807E+00,+993.27887967E-03
+67.40000E-06,+1.00310927448E+00,+1.02547110245E+00,+1.05957915452E+00,+1.00395727153E+00
+67.45000E-06,+1.00687811863E+00,+1.04117461988E+00,+1.03005654179E+00,+1.00898239711E+00
+67.50000E-06,+1.01441580705E+00,+1.04494346403E+00,+1.03005654179E+00,+992.65073896E-03
+67.55000E-06,+1.01378766634E+00,+1.02547110245E+00,+1.03570980807E+00,+1.02217335169E+00
+67.60000E-06,+1.00436555590E+00,+1.02547110245E+00,+1.02063443135E+00,+973.17837738E-03
+67.65000E-06,+1.03388816863E+00,+1.04117461988E+00,+1.03005654179E+00,+997.67586453E-03
+67.70000E-06,+1.01378766634E+00,+1.04557160474E+00,+1.05078518479E+00,+1.01275124126E+00
+67.75000E-06,+1.01944093262E+00,+1.02547110245E+00,+1.05015704408E+00,+1.01337938197E+00
+67.80000E-06,+1.03388816863E+00,+1.00537060015E+00,+1.03005654179E+00,+1.02280149241E+00
+67.85000E-06,+1.03388816863E+00,+1.02986808731E+00,+1.03005654179E+00,+1.00458541224E+00
+67.90000E-06,+1.03388816863E+00,+1.02547110245E+00,+1.05015704408E+00,+1.01337938197E+00
+67.95000E-06,+1.00813440005E+00,+1.03112436873E+00,+1.01560930577E+00,+993.27887967E-03
+68.00000E-06,+1.02446605820E+00,+1.03489321288E+00,+1.03005654179E+00,+1.00395727153E+00
+68.05000E-06,+1.02949118377E+00,+1.03677763502E+00,+1.04576005922E+00,+1.00898239711E+00
+68.10000E-06,+1.01378766634E+00,+1.04557160474E+00,+1.02942840107E+00,+1.03347988427E+00
+68.15000E-06,+999.34043032E-03,+1.01667713272E+00,+1.01560930577E+00,+993.27887967E-03
+68.20000E-06,+1.04456656049E+00,+1.04557160474E+00,+1.03947865222E+00,+1.01337938197E+00
+68.25000E-06,+1.03388816863E+00,+1.02986808731E+00,+1.05015704408E+00,+997.67586453E-03
+68.30000E-06,+1.03388816863E+00,+1.00599874086E+00,+1.04890076266E+00,+1.01275124126E+00
+68.35000E-06,+1.03954143492E+00,+1.03991833846E+00,+1.03005654179E+00,+1.01337938197E+00
+68.40000E-06,+1.01378766634E+00,+1.03614949431E+00,+1.02880026036E+00,+1.01337938197E+00
+68.45000E-06,+1.01378766634E+00,+1.03426507217E+00,+1.00995603949E+00,+993.27887967E-03
+68.50000E-06,+1.03326002792E+00,+1.04494346403E+00,+1.04890076266E+00,+993.27887967E-03
+68.55000E-06,+1.01944093262E+00,+1.03991833846E+00,+1.03005654179E+00,+984.48490995E-03
+68.60000E-06,+1.01378766634E+00,+1.02672738387E+00,+1.05015704408E+00,+1.01337938197E+00
+68.65000E-06,+1.03388816863E+00,+1.02547110245E+00,+1.00995603949E+00,+997.67586453E-03
+68.70000E-06,+1.03326002792E+00,+1.02547110245E+00,+1.02942840107E+00,+973.80651809E-03
+68.75000E-06,+1.01378766634E+00,+1.02547110245E+00,+1.02440327550E+00,+998.93214596E-03
+68.80000E-06,+1.01378766634E+00,+1.02547110245E+00,+1.01121232091E+00,+953.07787508E-03
+68.85000E-06,+1.02949118377E+00,+1.02986808731E+00,+1.04576005922E+00,+1.00898239711E+00
+68.90000E-06,+1.01315952562E+00,+1.02547110245E+00,+1.03005654179E+00,+1.01275124126E+00
+68.95000E-06,+1.03388816863E+00,+1.03112436873E+00,+1.03005654179E+00,+1.01903264826E+00
+69.00000E-06,+1.01378766634E+00,+1.05499371518E+00,+1.00869975806E+00,+1.02405777383E+00
+69.05000E-06,+1.01378766634E+00,+1.02547110245E+00,+1.03445352665E+00,+1.00898239711E+00
+69.10000E-06,+1.01378766634E+00,+1.02547110245E+00,+1.03068468250E+00,+1.01275124126E+00
+69.15000E-06,+1.03954143492E+00,+1.03991833846E+00,+1.03570980807E+00,+1.00772611568E+00
+69.20000E-06,+1.03263188721E+00,+1.04557160474E+00,+1.03947865222E+00,+1.01337938197E+00
+69.25000E-06,+1.01818465120E+00,+1.04996858961E+00,+1.03005654179E+00,+993.27887967E-03
+69.30000E-06,+1.03326002792E+00,+1.02547110245E+00,+1.02942840107E+00,+1.01337938197E+00
+69.35000E-06,+1.03954143492E+00,+1.04557160474E+00,+1.03885051151E+00,+998.93214596E-03
+69.40000E-06,+1.05398867093E+00,+1.03614949431E+00,+1.05015704408E+00,+1.05232410514E+00
+69.45000E-06,+1.00939068147E+00,+1.05248115246E+00,+1.04576005922E+00,+988.88189481E-03
+69.50000E-06,+1.03388816863E+00,+1.04494346403E+00,+1.03005654179E+00,+1.01212310054E+00
+69.55000E-06,+1.01378766634E+00,+1.03112436873E+00,+1.03885051151E+00,+998.93214596E-03
+69.60000E-06,+1.00436555590E+00,+1.02421482102E+00,+1.03947865222E+00,+1.00270099011E+00
+69.65000E-06,+1.01378766634E+00,+1.04117461988E+00,+1.02565955692E+00,+993.27887967E-03
+69.70000E-06,+1.01441580705E+00,+1.00537060015E+00,+1.03068468250E+00,+1.01275124126E+00
+69.75000E-06,+1.01944093262E+00,+1.05436557447E+00,+1.01560930578E+00,+998.93214596E-03
+69.80000E-06,+1.01378766634E+00,+1.02547110245E+00,+1.03005654179E+00,+1.01212310054E+00
+69.85000E-06,+1.04959168607E+00,+1.02547110245E+00,+1.03445352665E+00,+997.67586453E-03
+69.90000E-06,+1.05336053022E+00,+1.02672738387E+00,+1.02942840107E+00,+993.90702038E-03
+69.95000E-06,+1.02823490235E+00,+1.03112436873E+00,+1.02126257206E+00,+1.00772611568E+00
+70.00000E-06,+1.03263188721E+00,+1.02421482102E+00,+989.85553719E-03,+974.43465880E-03
+70.05000E-06,+1.04959168607E+00,+1.01416456987E+00,+1.03445352665E+00,+997.67586453E-03
+70.10000E-06,+994.94344546E-03,+1.04431532332E+00,+1.03068468250E+00,+1.03285174355E+00
+70.15000E-06,+1.01944093262E+00,+1.03112436873E+00,+1.03005654179E+00,+1.00772611568E+00
+70.20000E-06,+1.01378766634E+00,+1.05624999660E+00,+1.03005654179E+00,+1.01337938197E+00
+70.25000E-06,+1.01818465120E+00,+1.02107411758E+00,+1.02565955692E+00,+1.00458541225E+00
+70.30000E-06,+1.01378766634E+00,+1.00599874086E+00,+1.01058418020E+00,+1.01337938197E+00
+70.35000E-06,+1.02509419891E+00,+1.05436557447E+00,+1.02440327550E+00,+1.01337938197E+00
+70.40000E-06,+1.02446605820E+00,+1.03614949431E+00,+1.03005654179E+00,+1.01212310054E+00
+70.45000E-06,+1.02949118377E+00,+1.00976758501E+00,+1.02565955692E+00,+1.01337938197E+00
+70.50000E-06,+1.03388816863E+00,+1.04494346403E+00,+1.05015704408E+00,+1.01337938197E+00
+70.55000E-06,+1.01944093262E+00,+1.02547110245E+00,+1.03885051151E+00,+1.01337938197E+00
+70.60000E-06,+1.02320977677E+00,+1.02421482102E+00,+1.03947865222E+00,+1.02280149241E+00
+70.65000E-06,+1.01378766634E+00,+1.02107411758E+00,+1.04576005922E+00,+988.88189481E-03
+70.70000E-06,+1.03388816863E+00,+1.04557160474E+00,+1.03005654179E+00,+993.27887967E-03
+70.75000E-06,+1.01944093262E+00,+1.03426507217E+00,+1.01560930578E+00,+1.01903264826E+00
+70.80000E-06,+1.02446605820E+00,+1.02547110245E+00,+1.03947865222E+00,+1.00395727153E+00
+70.85000E-06,+993.68716404E-03,+1.01416456987E+00,+1.03885051151E+00,+993.27887967E-03
+70.90000E-06,+1.01378766634E+00,+1.02547110245E+00,+1.02942840107E+00,+993.27887967E-03
+70.95000E-06,+1.01378766634E+00,+1.03112436873E+00,+1.03570980807E+00,+1.00772611568E+00
+71.00000E-06,+1.04331027907E+00,+1.03614949431E+00,+1.04073493365E+00,+983.85676924E-03
+71.05000E-06,+1.04519470121E+00,+1.02547110245E+00,+1.00995603949E+00,+997.67586453E-03
+71.10000E-06,+994.94344546E-03,+1.02547110245E+00,+1.03068468250E+00,+1.01275124126E+00
+71.15000E-06,+1.01378766634E+00,+1.01981783616E+00,+1.03005654179E+00,+978.83164366E-03
+71.20000E-06,+1.00436555590E+00,+1.02547110245E+00,+1.03131282321E+00,+954.33415650E-03
+71.25000E-06,+1.01818465120E+00,+1.04117461988E+00,+1.03005654179E+00,+997.67586453E-03
+71.30000E-06,+1.03388816863E+00,+1.04494346403E+00,+1.02942840107E+00,+1.01337938197E+00
+71.35000E-06,+1.02823490235E+00,+1.02547110245E+00,+1.04450377780E+00,+1.01903264826E+00
+71.40000E-06,+1.02320977677E+00,+1.03489321288E+00,+999.27764763E-03,+1.01212310054E+00
+71.45000E-06,+1.03388816863E+00,+1.02547110245E+00,+1.03445352665E+00,+1.00898239711E+00
+71.50000E-06,+1.01378766634E+00,+1.00725502229E+00,+1.04952890337E+00,+1.01337938197E+00
+71.55000E-06,+1.00499369661E+00,+1.03991833846E+00,+1.04450377780E+00,+993.27887967E-03
+71.60000E-06,+1.02320977677E+00,+1.03614949431E+00,+1.00995603949E+00,+1.01337938197E+00
+71.65000E-06,+1.01378766634E+00,+1.02986808731E+00,+998.64950691E-03,+1.01337938197E+00
+71.70000E-06,+1.05336053022E+00,+1.04557160474E+00,+1.04952890337E+00,+993.90702039E-03
+71.75000E-06,+1.04833540464E+00,+1.03677763502E+00,+1.03005654179E+00,+1.01337938197E+00
+71.80000E-06,+1.02446605820E+00,+1.03489321288E+00,+1.03947865222E+00,+1.02280149241E+00
+71.85000E-06,+1.02949118377E+00,+1.04117461988E+00,+1.02565955692E+00,+993.27887967E-03
+71.90000E-06,+994.31530475E-03,+1.02547110245E+00,+1.03005654179E+00,+1.03285174355E+00
+71.95000E-06,+1.01944093262E+00,+1.03426507217E+00,+1.02440327550E+00,+998.93214596E-03
+72.00000E-06,+1.02446605820E+00,+1.04557160474E+00,+1.03947865222E+00,+1.01337938197E+00
+72.05000E-06,+1.00939068147E+00,+1.02547110245E+00,+1.02126257206E+00,+1.01337938197E+00
+72.10000E-06,+1.01378766634E+00,+1.04494346403E+00,+1.01058418020E+00,+1.03285174355E+00
+72.15000E-06,+1.04833540464E+00,+1.03112436873E+00,+1.03005654179E+00,+984.48490995E-03
+72.20000E-06,+1.01378766634E+00,+1.03614949431E+00,+1.01937814992E+00,+1.02405777383E+00
+72.25000E-06,+1.02949118377E+00,+1.02547110245E+00,+1.03005654179E+00,+993.27887967E-03
+72.30000E-06,+1.05336053022E+00,+1.02609924316E+00,+1.03005654179E+00,+1.01337938197E+00
+72.35000E-06,+1.01944093262E+00,+1.02547110245E+00,+1.01560930578E+00,+1.01903264826E+00
+72.40000E-06,+994.94344547E-03,+1.02547110245E+00,+1.00995603949E+00,+963.75626694E-03
+72.45000E-06,+1.02949118377E+00,+1.02547110245E+00,+1.05015704408E+00,+986.36933196E-03
+72.50000E-06,+1.03326002792E+00,+1.06441582561E+00,+1.04890076266E+00,+1.01337938197E+00
+72.55000E-06,+1.01944093262E+00,+1.03112436873E+00,+1.03005654179E+00,+1.01903264826E+00
+72.60000E-06,+1.03388816863E+00,+1.03614949431E+00,+1.02189071278E+00,+1.01212310054E+00
+72.65000E-06,+1.02258163606E+00,+1.02107411759E+00,+1.00995603949E+00,+993.27887967E-03
+72.70000E-06,+1.01378766634E+00,+1.00662688158E+00,+1.00995603949E+00,+994.53516110E-03
+72.75000E-06,+1.01378766634E+00,+1.03991833846E+00,+1.05015704408E+00,+1.00458541225E+00
+72.80000E-06,+1.03388816863E+00,+1.03489321288E+00,+1.03005654179E+00,+993.27887967E-03
+72.85000E-06,+1.01818465120E+00,+1.02986808731E+00,+1.04576005922E+00,+1.01337938197E+00
+72.90000E-06,+1.03388816863E+00,+1.02547110245E+00,+1.02942840107E+00,+1.01337938197E+00
+72.95000E-06,+1.03954143492E+00,+1.04557160474E+00,+1.01560930578E+00,+1.03347988427E+00
+73.00000E-06,+1.03388816863E+00,+1.02547110245E+00,+1.05015704408E+00,+1.02405777383E+00
+73.05000E-06,+1.01818465120E+00,+1.06127512218E+00,+1.03445352665E+00,+993.27887967E-03
+73.10000E-06,+1.05273238950E+00,+1.02609924316E+00,+1.03005654179E+00,+993.90702039E-03
+73.15000E-06,+1.01378766634E+00,+1.02547110245E+00,+1.01560930578E+00,+1.01337938197E+00
+73.20000E-06,+1.02320977677E+00,+1.03740577574E+00,+1.02063443135E+00,+1.01337938197E+00
+73.25000E-06,+1.03388816863E+00,+1.02107411759E+00,+1.04576005922E+00,+1.01777636683E+00
+73.30000E-06,+1.01441580705E+00,+1.02547110245E+00,+1.04827262194E+00,+993.90702039E-03
+73.35000E-06,+1.01378766634E+00,+1.03112436873E+00,+1.02440327550E+00,+1.01337938197E+00
+73.40000E-06,+1.03388816863E+00,+1.01479271058E+00,+1.04073493365E+00,+1.00270099011E+00
+73.45000E-06,+1.01818465120E+00,+1.02547110245E+00,+1.01435302435E+00,+1.00898239711E+00
+73.50000E-06,+1.01378766634E+00,+1.02547110245E+00,+1.02942840107E+00,+1.01400752268E+00
+73.55000E-06,+1.01944093262E+00,+1.03112436873E+00,+1.02440327550E+00,+993.27887967E-03
+73.60000E-06,+1.00436555590E+00,+1.02547110245E+00,+1.03005654179E+00,+983.85676924E-03
+73.65000E-06,+1.02949118377E+00,+1.02986808731E+00,+1.03005654179E+00,+1.01777636683E+00
+73.70000E-06,+1.01441580705E+00,+1.04431532332E+00,+1.03005654179E+00,+1.01337938197E+00
+73.75000E-06,+1.01944093262E+00,+1.03112436873E+00,+1.02440327550E+00,+1.01337938197E+00
+73.80000E-06,+1.02446605820E+00,+1.02547110245E+00,+1.02063443135E+00,+1.00395727153E+00
+73.85000E-06,+1.04519470121E+00,+1.02986808731E+00,+1.03445352665E+00,+1.00898239711E+00
+73.90000E-06,+1.01378766634E+00,+1.02547110245E+00,+1.03005654179E+00,+1.01337938197E+00
+73.95000E-06,+1.00813440005E+00,+1.04557160474E+00,+1.03570980807E+00,+1.00772611568E+00
+74.00000E-06,+1.02320977677E+00,+1.03489321288E+00,+1.01937814992E+00,+983.85676924E-03
+74.05000E-06,+1.03388816863E+00,+1.02547110245E+00,+1.00995603949E+00,+1.00898239711E+00
+74.10000E-06,+1.03263188721E+00,+1.02547110245E+00,+1.03005654179E+00,+993.27887967E-03
+74.15000E-06,+1.01378766634E+00,+1.03112436873E+00,+1.01560930578E+00,+1.01337938197E+00
+74.20000E-06,+1.03388816863E+00,+1.02672738387E+00,+1.04073493365E+00,+1.05232410514E+00
+74.25000E-06,+1.02258163606E+00,+1.04117461988E+00,+1.02126257206E+00,+993.27887967E-03
+74.30000E-06,+1.01441580705E+00,+1.02547110245E+00,+1.03005654179E+00,+974.43465880E-03
+74.35000E-06,+1.01944093262E+00,+1.03991833846E+00,+1.03005654179E+00,+993.27887967E-03
+74.40000E-06,+1.01378766634E+00,+1.03614949431E+00,+1.03005654179E+00,+1.00270099011E+00
+74.45000E-06,+1.02949118377E+00,+1.00976758501E+00,+1.03005654179E+00,+1.01337938197E+00
+74.50000E-06,+1.01504394776E+00,+1.04494346403E+00,+1.02942840107E+00,+1.03285174355E+00
+74.55000E-06,+1.01378766634E+00,+1.03991833846E+00,+1.00116206977E+00,+1.00772611568E+00
+74.60000E-06,+1.02320977677E+00,+1.03614949431E+00,+1.01937814992E+00,+973.17837738E-03
+74.65000E-06,+1.01818465120E+00,+1.02107411759E+00,+1.03445352665E+00,+993.27887967E-03
+74.70000E-06,+1.05336053022E+00,+1.02547110245E+00,+1.02942840107E+00,+1.01275124126E+00
+74.75000E-06,+1.01944093262E+00,+1.02547110245E+00,+1.03005654179E+00,+1.02782661798E+00
+74.80000E-06,+1.01504394776E+00,+1.02672738387E+00,+1.03131282321E+00,+963.75626694E-03
+74.85000E-06,+1.01818465120E+00,+1.02986808731E+00,+1.03445352665E+00,+981.97234710E-03
+74.90000E-06,+1.05273238950E+00,+1.02609924316E+00,+1.02942840107E+00,+1.05295224585E+00
+74.95000E-06,+1.03388816863E+00,+1.03677763502E+00,+1.04450377779E+00,+1.01337938197E+00
+75.00000E-06,+1.02446605820E+00,+1.02547110245E+00,+1.04073493365E+00,+1.00270099011E+00
+75.05000E-06,+1.03388816863E+00,+1.03426507217E+00,+1.03445352665E+00,+1.00898239711E+00
+75.10000E-06,+1.01378766634E+00,+986.52637928E-03,+1.02942840107E+00,+1.01400752268E+00
+75.15000E-06,+1.01944093262E+00,+1.01981783616E+00,+1.02126257207E+00,+1.01337938197E+00
+75.20000E-06,+1.01378766634E+00,+1.02547110245E+00,+1.05015704408E+00,+1.00395727154E+00
+75.25000E-06,+1.02949118377E+00,+1.01416456987E+00,+1.04136307436E+00,+1.02028892969E+00
+75.30000E-06,+994.31530475E-03,+1.02609924316E+00,+1.04952890337E+00,+993.90702039E-03
+75.35000E-06,+1.01378766634E+00,+1.03112436873E+00,+1.01560930578E+00,+1.01337938197E+00
+75.40000E-06,+1.03263188720E+00,+1.02547110245E+00,+1.02880026036E+00,+1.02280149240E+00
+75.45000E-06,+1.03388816863E+00,+1.02986808731E+00,+1.01435302435E+00,+1.00898239711E+00
+75.50000E-06,+1.01441580705E+00,+1.02547110245E+00,+1.03005654179E+00,+992.65073896E-03
+75.55000E-06,+1.03388816863E+00,+1.02547110245E+00,+1.03570980807E+00,+1.01337938197E+00
+75.60000E-06,+1.01504394776E+00,+1.03614949431E+00,+1.01937814992E+00,+1.01337938197E+00
+75.65000E-06,+1.01818465120E+00,+1.04117461988E+00,+1.02126257207E+00,+1.00898239711E+00
+75.70000E-06,+1.03388816863E+00,+1.02547110245E+00,+1.03005654179E+00,+993.27887967E-03
+75.75000E-06,+1.01378766634E+00,+1.04557160474E+00,+1.05015704408E+00,+993.27887967E-03
+75.80000E-06,+1.02446605820E+00,+1.02547110245E+00,+1.04073493365E+00,+1.01337938197E+00
+75.85000E-06,+1.00939068148E+00,+1.04117461988E+00,+1.00995603949E+00,+1.01337938197E+00
+75.90000E-06,+1.03388816863E+00,+1.04494346403E+00,+1.03005654179E+00,+994.53516110E-03
+75.95000E-06,+999.34043033E-03,+1.04557160474E+00,+1.03885051151E+00,+993.27887967E-03
+76.00000E-06,+1.01378766634E+00,+1.02547110245E+00,+1.00053392905E+00,+983.85676924E-03
+76.05000E-06,+1.00939068148E+00,+1.02986808731E+00,+1.04576005922E+00,+997.67586453E-03
+76.10000E-06,+1.03326002792E+00,+1.04557160474E+00,+1.03005654179E+00,+1.01275124126E+00
+76.15000E-06,+1.03388816863E+00,+1.05122487103E+00,+1.03005654179E+00,+998.93214596E-03
+76.20000E-06,+1.02320977677E+00,+1.02672738388E+00,+1.01937814992E+00,+1.01337938197E+00
+76.25000E-06,+1.04959168607E+00,+1.03677763502E+00,+1.02565955693E+00,+997.67586453E-03
+76.30000E-06,+994.31530475E-03,+1.02547110245E+00,+1.00995603949E+00,+1.01275124125E+00
+76.35000E-06,+1.02823490234E+00,+1.04557160474E+00,+1.04136307436E+00,+998.93214596E-03
+76.40000E-06,+1.01378766634E+00,+1.04557160474E+00,+1.00053392905E+00,+993.27887967E-03
+76.45000E-06,+977.98364660E-03,+1.04557160474E+00,+1.02565955693E+00,+993.27887967E-03
+76.50000E-06,+1.03388816863E+00,+1.02609924316E+00,+1.02942840107E+00,+1.03222360284E+00
+76.55000E-06,+1.02509419891E+00,+1.03426507217E+00,+1.03005654179E+00,+1.00772611568E+00
+76.60000E-06,+1.02446605820E+00,+1.03489321288E+00,+1.03005654179E+00,+1.02280149240E+00
+76.65000E-06,+1.01378766634E+00,+1.03677763502E+00,+1.03005654179E+00,+1.00898239711E+00
+76.70000E-06,+1.01441580705E+00,+1.00537060015E+00,+1.04952890337E+00,+974.43465880E-03
+76.75000E-06,+1.02823490234E+00,+1.02547110245E+00,+1.02440327550E+00,+987.62561338E-03
+76.80000E-06,+1.04456656050E+00,+1.02547110245E+00,+1.03005654179E+00,+1.00270099011E+00
+76.85000E-06,+998.08414890E-03,+1.04117461988E+00,+1.01435302435E+00,+993.27887967E-03
+76.90000E-06,+1.01378766634E+00,+1.02609924316E+00,+1.03005654179E+00,+1.01337938197E+00
+76.95000E-06,+1.01944093262E+00,+1.03991833845E+00,+1.03005654179E+00,+978.83164366E-03
+77.00000E-06,+1.01378766634E+00,+1.02421482102E+00,+1.00995603949E+00,+1.01337938197E+00
+77.05000E-06,+1.03828515349E+00,+1.02547110245E+00,+1.01875000921E+00,+993.27887967E-03
+77.10000E-06,+994.94344547E-03,+1.02609924316E+00,+1.05015704408E+00,+1.01337938197E+00
+77.15000E-06,+1.03388816863E+00,+1.03991833845E+00,+1.03570980807E+00,+1.01337938197E+00
+77.20000E-06,+983.00877217E-03,+1.03614949431E+00,+1.01121232092E+00,+983.85676924E-03
+77.25000E-06,+1.01818465120E+00,+1.02107411759E+00,+1.03005654179E+00,+981.97234709E-03
+77.30000E-06,+1.01315952562E+00,+1.02609924316E+00,+1.02942840107E+00,+1.01275124125E+00
+77.35000E-06,+1.02509419891E+00,+1.01981783616E+00,+1.03005654179E+00,+1.01337938197E+00
+77.40000E-06,+1.01378766634E+00,+1.04557160474E+00,+1.03005654179E+00,+1.02405777383E+00
+77.45000E-06,+1.04079771635E+00,+1.02547110245E+00,+1.03445352664E+00,+1.00898239711E+00
+77.50000E-06,+1.01378766634E+00,+1.02609924316E+00,+990.48367791E-03,+1.01337938197E+00
+77.55000E-06,+1.00813440005E+00,+1.03991833845E+00,+1.03005654179E+00,+978.83164366E-03
+77.60000E-06,+1.00310927447E+00,+1.03614949431E+00,+1.01937814992E+00,+993.27887967E-03
+77.65000E-06,+1.01818465120E+00,+1.04557160474E+00,+1.04576005922E+00,+1.01337938197E+00
+77.70000E-06,+1.01378766634E+00,+1.02609924316E+00,+1.03005654179E+00,+1.01275124125E+00
+77.75000E-06,+1.00499369662E+00,+1.02547110245E+00,+1.03005654179E+00,+998.93214596E-03
+77.80000E-06,+1.04331027907E+00,+1.04557160474E+00,+1.04073493365E+00,+1.02405777383E+00
+77.85000E-06,+1.00687811862E+00,+1.04117461988E+00,+1.03005654179E+00,+961.87184480E-03
+77.90000E-06,+994.31530475E-03,+1.02609924316E+00,+1.04952890337E+00,+1.01275124125E+00
+77.95000E-06,+1.02509419891E+00,+1.01102386644E+00,+1.04450377779E+00,+993.27887967E-03
+78.00000E-06,+1.01504394777E+00,+1.02547110245E+00,+1.02063443135E+00,+1.01337938197E+00
+78.05000E-06,+1.04959168607E+00,+1.03677763503E+00,+1.00995603949E+00,+977.57536223E-03
+78.10000E-06,+1.03326002792E+00,+1.02547110245E+00,+1.02942840107E+00,+993.90702039E-03
+78.15000E-06,+1.02823490234E+00,+1.04557160474E+00,+1.03005654179E+00,+1.04227385399E+00
+78.20000E-06,+1.04456656050E+00,+1.03489321288E+00,+1.02063443135E+00,+1.00270099011E+00
+78.25000E-06,+1.01818465119E+00,+1.02547110245E+00,+1.03005654179E+00,+997.67586453E-03
+78.30000E-06,+1.03326002792E+00,+1.04557160474E+00,+1.00995603949E+00,+1.01275124125E+00
+78.35000E-06,+1.02823490234E+00,+1.01667713273E+00,+1.04450377779E+00,+993.27887967E-03
+78.40000E-06,+1.02320977677E+00,+1.03614949431E+00,+1.03131282322E+00,+973.17837738E-03
+78.45000E-06,+1.03388816863E+00,+1.02986808731E+00,+1.03005654179E+00,+1.01777636683E+00
+78.50000E-06,+1.03388816863E+00,+1.02672738388E+00,+1.01121232092E+00,+1.01275124125E+00
+78.55000E-06,+1.01944093263E+00,+1.02547110245E+00,+1.02440327550E+00,+998.93214596E-03
+78.60000E-06,+1.02320977677E+00,+1.02547110245E+00,+1.03005654179E+00,+1.02280149240E+00
+78.65000E-06,+1.03388816863E+00,+1.02986808731E+00,+1.01435302435E+00,+997.67586453E-03
+78.70000E-06,+1.03388816863E+00,+1.02547110245E+00,+1.04952890337E+00,+1.01400752268E+00
+78.75000E-06,+1.03954143492E+00,+1.03426507216E+00,+1.03005654179E+00,+1.01337938197E+00
+78.80000E-06,+1.02446605820E+00,+1.02547110245E+00,+1.03005654179E+00,+1.00395727154E+00
+78.85000E-06,+1.02949118377E+00,+1.03426507216E+00,+1.03005654179E+00,+997.67586453E-03
+78.90000E-06,+1.01441580705E+00,+1.02484296173E+00,+1.06900126495E+00,+993.27887967E-03
+78.95000E-06,+1.02509419892E+00,+1.02547110245E+00,+1.03570980808E+00,+1.01337938197E+00
+79.00000E-06,+1.04331027907E+00,+1.05499371518E+00,+1.03005654179E+00,+1.02405777383E+00
+79.05000E-06,+998.08414890E-03,+1.02547110245E+00,+1.02565955693E+00,+993.27887967E-03
+79.10000E-06,+1.03451630935E+00,+1.00662688158E+00,+1.03005654179E+00,+973.80651809E-03
+79.15000E-06,+1.00813440005E+00,+1.02547110245E+00,+1.02440327550E+00,+998.93214596E-03
+79.20000E-06,+1.02446605820E+00,+1.03489321288E+00,+1.02880026035E+00,+1.00395727154E+00
+79.25000E-06,+1.03388816863E+00,+1.02107411759E+00,+1.03005654179E+00,+1.01337938197E+00
+79.30000E-06,+1.03326002792E+00,+1.04494346403E+00,+1.03005654179E+00,+1.01275124125E+00
+79.35000E-06,+1.01378766634E+00,+1.05436557446E+00,+1.05895101380E+00,+998.93214596E-03
+79.40000E-06,+1.01378766634E+00,+1.03614949431E+00,+1.03005654179E+00,+1.00270099011E+00
+79.45000E-06,+1.01378766634E+00,+1.03677763503E+00,+1.03005654179E+00,+1.00898239711E+00
+79.50000E-06,+1.03388816863E+00,+1.02547110245E+00,+1.04952890337E+00,+993.27887967E-03
+79.55000E-06,+1.01944093263E+00,+1.01981783616E+00,+1.04450377779E+00,+1.00772611568E+00
+79.60000E-06,+1.01378766634E+00,+1.03614949431E+00,+1.03131282322E+00,+1.00395727154E+00
+79.65000E-06,+1.01378766634E+00,+1.02547110245E+00,+1.03445352664E+00,+993.27887967E-03
+79.70000E-06,+1.01378766634E+00,+1.06504396633E+00,+1.05015704408E+00,+1.01275124125E+00
+79.75000E-06,+1.03954143492E+00,+1.04557160474E+00,+1.01560930578E+00,+1.02217335169E+00
+79.80000E-06,+1.03263188720E+00,+1.03489321288E+00,+1.03005654179E+00,+1.02405777383E+00
+79.85000E-06,+1.04959168607E+00,+1.04557160474E+00,+1.04136307437E+00,+988.88189481E-03
+79.90000E-06,+1.03388816863E+00,+1.02547110245E+00,+1.03005654179E+00,+1.01337938197E+00
+79.95000E-06,+1.01944093263E+00,+1.01981783616E+00,+1.05329774751E+00,+998.93214596E-03
+80.00000E-06,+1.02320977677E+00,+1.03489321288E+00,+1.04073493365E+00,+993.27887967E-03
+80.05000E-06,+1.01378766634E+00,+1.02547110245E+00,+1.02565955693E+00,+997.67586453E-03
+80.10000E-06,+1.01441580705E+00,+1.02547110245E+00,+1.01121232092E+00,+1.01337938197E+00
+80.15000E-06,+1.01944093263E+00,+1.03112436874E+00,+1.03005654179E+00,+1.01337938197E+00
+80.20000E-06,+1.02320977677E+00,+1.05499371518E+00,+1.01937814992E+00,+1.03222360284E+00
+80.25000E-06,+1.01818465119E+00,+1.02986808730E+00,+1.02565955693E+00,+1.00458541225E+00
+80.30000E-06,+1.03388816863E+00,+1.04494346403E+00,+1.03068468250E+00,+1.01275124125E+00
+80.35000E-06,+1.02823490234E+00,+1.01667713273E+00,+1.03005654179E+00,+1.01337938197E+00
+80.40000E-06,+1.00436555590E+00,+1.00411431872E+00,+1.02063443135E+00,+1.01337938197E+00
+80.45000E-06,+1.03388816863E+00,+1.02986808730E+00,+1.05015704408E+00,+993.27887967E-03
+80.50000E-06,+1.05336053021E+00,+1.00662688158E+00,+1.00995603949E+00,+1.01337938197E+00
+80.55000E-06,+1.04833540464E+00,+1.01102386644E+00,+1.03885051150E+00,+993.27887967E-03
+80.60000E-06,+1.02572233963E+00,+1.03489321288E+00,+1.02063443135E+00,+1.00270099011E+00
+80.65000E-06,+1.01378766634E+00,+1.02547110245E+00,+1.00995603949E+00,+1.02468591455E+00
+80.70000E-06,+1.03388816863E+00,+1.04494346403E+00,+1.01058418020E+00,+994.53516110E-03
+80.75000E-06,+1.04268213835E+00,+1.02547110245E+00,+1.04450377779E+00,+1.01337938197E+00
+80.80000E-06,+1.00436555590E+00,+1.02547110245E+00,+1.04073493365E+00,+943.65576465E-03
+80.85000E-06,+1.01818465119E+00,+1.04117461989E+00,+1.04576005922E+00,+1.01337938197E+00
+80.90000E-06,+1.03388816863E+00,+1.00662688158E+00,+1.03068468250E+00,+1.01337938197E+00
+80.95000E-06,+1.01944093263E+00,+1.02547110245E+00,+1.01560930578E+00,+1.01903264826E+00
+81.00000E-06,+1.00310927447E+00,+1.02547110245E+00,+1.02880026035E+00,+1.00270099010E+00
+81.05000E-06,+1.02258163605E+00,+1.06127512218E+00,+1.05015704408E+00,+1.00898239711E+00
+81.10000E-06,+1.01378766634E+00,+1.02609924316E+00,+1.05078518480E+00,+1.01275124125E+00
+81.15000E-06,+1.00499369662E+00,+1.03991833845E+00,+1.05015704408E+00,+993.27887967E-03
+81.20000E-06,+1.00436555590E+00,+1.01479271058E+00,+1.03131282322E+00,+1.01337938197E+00
+81.25000E-06,+1.02949118377E+00,+1.03426507216E+00,+1.03005654179E+00,+1.01337938197E+00
+81.30000E-06,+1.03388816863E+00,+1.02547110245E+00,+1.04890076265E+00,+993.90702039E-03
+81.35000E-06,+1.02823490234E+00,+1.03991833845E+00,+1.04450377779E+00,+993.27887967E-03
+81.40000E-06,+1.05398867093E+00,+1.03614949431E+00,+1.03947865222E+00,+1.02280149240E+00
+81.45000E-06,+1.02949118377E+00,+1.03677763503E+00,+1.01435302435E+00,+1.00898239711E+00
+81.50000E-06,+1.01315952562E+00,+1.00537060015E+00,+1.04952890337E+00,+993.90702039E-03
+81.55000E-06,+1.03702887206E+00,+1.03426507216E+00,+1.02440327550E+00,+993.27887967E-03
+81.60000E-06,+1.03514445007E+00,+1.01604899201E+00,+1.02880026035E+00,+993.27887967E-03
+81.65000E-06,+1.01818465119E+00,+1.04117461989E+00,+1.05015704408E+00,+997.67586453E-03
+81.70000E-06,+1.03326002792E+00,+1.02547110245E+00,+1.03005654179E+00,+1.03222360283E+00
+81.75000E-06,+1.01944093263E+00,+1.04557160474E+00,+1.03005654179E+00,+1.00772611568E+00
+81.80000E-06,+1.00436555590E+00,+1.02421482101E+00,+1.03005654179E+00,+982.60048781E-03
+81.85000E-06,+1.02258163605E+00,+1.02547110245E+00,+1.01435302435E+00,+1.00898239711E+00
+81.90000E-06,+1.03388816863E+00,+1.02609924316E+00,+1.05015704408E+00,+993.27887967E-03
+81.95000E-06,+1.01378766634E+00,+1.02547110245E+00,+1.03005654179E+00,+1.01337938197E+00
+82.00000E-06,+1.01378766634E+00,+1.01604899201E+00,+1.00995603949E+00,+993.27887967E-03
+82.05000E-06,+1.01818465119E+00,+1.02986808730E+00,+998.64950691E-03,+1.01337938197E+00
+82.10000E-06,+1.01315952562E+00,+1.06441582561E+00,+1.03005654179E+00,+993.90702039E-03
+82.15000E-06,+1.03388816863E+00,+1.03991833845E+00,+1.05015704408E+00,+1.00772611568E+00
+82.20000E-06,+1.01378766634E+00,+1.02547110245E+00,+1.02063443135E+00,+1.02280149240E+00
+82.25000E-06,+1.01818465119E+00,+1.02986808730E+00,+1.03445352664E+00,+1.00898239711E+00
+82.30000E-06,+1.01441580705E+00,+1.06504396632E+00,+1.00995603949E+00,+993.27887967E-03
+82.35000E-06,+1.03388816863E+00,+1.02547110245E+00,+1.03885051150E+00,+998.93214596E-03
+82.40000E-06,+1.01378766634E+00,+1.02672738388E+00,+1.02063443135E+00,+1.00270099010E+00
+82.45000E-06,+1.05398867093E+00,+1.02547110245E+00,+1.03005654179E+00,+1.01337938197E+00
+82.50000E-06,+1.03326002792E+00,+1.04494346403E+00,+1.03068468250E+00,+1.01275124125E+00
+82.55000E-06,+1.01944093263E+00,+1.01981783616E+00,+1.02126257207E+00,+1.01903264826E+00
+82.60000E-06,+1.02320977677E+00,+1.01604899201E+00,+1.01937814992E+00,+1.02280149240E+00
+82.65000E-06,+1.03388816863E+00,+1.04117461989E+00,+1.03005654179E+00,+993.27887967E-03
+82.70000E-06,+1.03388816863E+00,+1.02609924316E+00,+1.02942840107E+00,+993.27887967E-03
+82.75000E-06,+1.03702887206E+00,+1.02547110245E+00,+1.03570980808E+00,+987.62561338E-03
+82.80000E-06,+1.03388816863E+00,+1.03614949431E+00,+1.02063443135E+00,+1.01337938197E+00
+82.85000E-06,+1.01818465119E+00,+1.02986808730E+00,+1.03005654179E+00,+993.27887967E-03
+82.90000E-06,+1.01378766634E+00,+1.04557160474E+00,+1.02942840107E+00,+993.90702039E-03
+82.95000E-06,+1.04833540464E+00,+1.03991833845E+00,+1.03005654179E+00,+1.01337938197E+00
+83.00000E-06,+1.03388816863E+00,+1.04557160474E+00,+1.03005654179E+00,+1.01337938197E+00
+83.05000E-06,+1.02258163605E+00,+1.02986808730E+00,+1.00995603949E+00,+993.27887967E-03
+83.10000E-06,+1.03388816863E+00,+1.00599874087E+00,+1.00995603949E+00,+1.01275124125E+00
+83.15000E-06,+1.01944093263E+00,+1.03991833845E+00,+1.03570980808E+00,+998.93214596E-03
+83.20000E-06,+1.02320977677E+00,+1.03614949431E+00,+1.05266960695E+00,+963.75626694E-03
+83.25000E-06,+1.01818465119E+00,+1.02986808730E+00,+1.03005654179E+00,+1.01777636683E+00
+83.30000E-06,+1.01504394777E+00,+1.00599874087E+00,+1.01058418021E+00,+1.03347988427E+00
+83.35000E-06,+1.01378766634E+00,+1.05122487103E+00,+1.01560930578E+00,+1.01337938197E+00
+83.40000E-06,+1.01253138490E+00,+1.03363693144E+00,+1.01937814992E+00,+1.00395727154E+00
+83.45000E-06,+1.01378766634E+00,+1.02986808730E+00,+1.04576005923E+00,+1.01337938197E+00
+83.50000E-06,+1.03388816863E+00,+1.02609924316E+00,+1.03068468250E+00,+993.27887967E-03
+83.55000E-06,+1.01944093263E+00,+1.02547110245E+00,+1.03005654179E+00,+1.02782661798E+00
+83.60000E-06,+1.02446605820E+00,+1.02547110245E+00,+1.03947865222E+00,+1.00395727154E+00
+83.65000E-06,+1.03388816863E+00,+1.04557160474E+00,+1.00995603949E+00,+981.97234709E-03
+83.70000E-06,+1.05273238950E+00,+1.02672738388E+00,+1.02942840107E+00,+1.01337938197E+00
+83.75000E-06,+1.01944093263E+00,+1.04557160474E+00,+1.04136307437E+00,+998.93214596E-03
+83.80000E-06,+1.04331027906E+00,+1.04682788618E+00,+1.04073493365E+00,+1.03347988427E+00
+83.85000E-06,+1.03388816863E+00,+1.03677763503E+00,+1.01435302435E+00,+1.00898239711E+00
+83.90000E-06,+1.01441580705E+00,+1.00662688158E+00,+1.02942840107E+00,+994.53516111E-03
+83.95000E-06,+1.03388816863E+00,+1.03112436874E+00,+1.03005654179E+00,+998.93214596E-03
+84.00000E-06,+1.01378766634E+00,+1.02547110245E+00,+1.05015704408E+00,+1.01337938197E+00
+84.05000E-06,+1.04959168607E+00,+1.04557160474E+00,+1.03445352664E+00,+1.01337938197E+00
+84.10000E-06,+1.03326002792E+00,+1.04494346403E+00,+1.03005654179E+00,+1.01275124125E+00
+84.15000E-06,+999.34043033E-03,+1.02547110245E+00,+1.01560930578E+00,+1.00772611568E+00
+84.20000E-06,+1.03388816863E+00,+1.02547110245E+00,+1.03005654179E+00,+1.00270099010E+00
+84.25000E-06,+1.02949118378E+00,+1.04117461989E+00,+1.04576005923E+00,+993.27887967E-03
+84.30000E-06,+1.03388816863E+00,+1.04431532331E+00,+1.06900126495E+00,+993.90702039E-03
+84.35000E-06,+1.02509419892E+00,+1.01416456986E+00,+1.03570980808E+00,+1.02782661798E+00
+84.40000E-06,+1.01504394777E+00,+1.02421482101E+00,+1.00179021049E+00,+973.17837738E-03
+84.45000E-06,+1.01818465119E+00,+1.02547110245E+00,+1.02565955693E+00,+997.67586453E-03
+84.50000E-06,+1.03326002792E+00,+1.04557160474E+00,+1.03005654179E+00,+1.03285174355E+00
+84.55000E-06,+1.01378766634E+00,+1.02547110245E+00,+1.03005654179E+00,+998.93214596E-03
+84.60000E-06,+1.01378766634E+00,+1.03614949431E+00,+1.04073493365E+00,+1.01337938197E+00
+84.65000E-06,+1.01378766634E+00,+1.06127512218E+00,+1.02126257207E+00,+1.00898239711E+00
+84.70000E-06,+1.01378766634E+00,+1.04557160474E+00,+1.00995603949E+00,+993.90702039E-03
+84.75000E-06,+1.01378766634E+00,+1.05436557446E+00,+1.02440327549E+00,+998.93214596E-03
+84.80000E-06,+1.03388816863E+00,+1.03489321288E+00,+1.00995603949E+00,+1.01463566340E+00
+84.85000E-06,+1.04959168607E+00,+1.01416456986E+00,+1.03445352664E+00,+1.00898239711E+00
+84.90000E-06,+1.03326002792E+00,+1.02609924316E+00,+1.01121232092E+00,+992.65073896E-03
+84.95000E-06,+1.00499369662E+00,+1.01981783615E+00,+1.01560930578E+00,+1.01337938197E+00
+85.00000E-06,+1.02446605820E+00,+1.02547110245E+00,+1.01812186849E+00,+1.02280149240E+00
+85.05000E-06,+1.03388816863E+00,+1.02107411759E+00,+1.02565955693E+00,+993.27887967E-03
+85.10000E-06,+1.01378766634E+00,+1.02547110245E+00,+1.03005654179E+00,+993.27887967E-03
+85.15000E-06,+1.01944093263E+00,+1.01981783615E+00,+1.03005654179E+00,+1.00772611568E+00
+85.20000E-06,+1.01504394777E+00,+1.01479271058E+00,+1.03005654179E+00,+1.00395727154E+00
+85.25000E-06,+1.01818465119E+00,+1.02547110245E+00,+1.05015704408E+00,+1.01337938197E+00
+85.30000E-06,+1.03326002792E+00,+1.04494346403E+00,+1.02942840107E+00,+993.90702039E-03
+85.35000E-06,+1.02823490234E+00,+1.01981783615E+00,+1.03570980808E+00,+993.27887967E-03
+85.40000E-06,+1.02320977677E+00,+1.03614949431E+00,+1.04073493365E+00,+1.01337938197E+00
+85.45000E-06,+1.01818465119E+00,+1.02547110245E+00,+1.01435302435E+00,+1.02028892970E+00
+85.50000E-06,+1.01441580705E+00,+1.02547110245E+00,+1.03005654179E+00,+1.01337938197E+00
+85.55000E-06,+999.34043033E-03,+1.01667713273E+00,+1.05329774750E+00,+1.00772611568E+00
+85.60000E-06,+1.02320977677E+00,+1.02547110245E+00,+1.04073493365E+00,+962.49998551E-03
+85.65000E-06,+1.01818465119E+00,+1.01416456986E+00,+1.03445352664E+00,+997.67586453E-03
+85.70000E-06,+1.01441580705E+00,+1.02547110245E+00,+1.04952890337E+00,+1.01337938197E+00
+85.75000E-06,+1.02823490234E+00,+1.02547110245E+00,+1.01560930578E+00,+1.03347988427E+00
+85.80000E-06,+1.02320977677E+00,+1.02547110245E+00,+1.04890076265E+00,+1.01463566340E+00
+85.85000E-06,+1.04959168607E+00,+1.02547110245E+00,+1.03445352664E+00,+993.27887967E-03
+85.90000E-06,+1.03451630935E+00,+1.02484296173E+00,+1.02942840107E+00,+1.01337938197E+00
+85.95000E-06,+1.03388816863E+00,+1.03991833845E+00,+1.01560930578E+00,+998.93214596E-03
+86.00000E-06,+1.02446605820E+00,+1.04557160474E+00,+1.00995603949E+00,+1.00395727154E+00
+86.05000E-06,+1.02949118378E+00,+1.04557160474E+00,+1.01435302435E+00,+993.27887967E-03
+86.10000E-06,+1.01378766634E+00,+1.06504396632E+00,+1.04890076265E+00,+1.01337938197E+00
+86.15000E-06,+1.02258163605E+00,+1.03112436874E+00,+1.02440327549E+00,+1.00772611568E+00
+86.20000E-06,+1.01253138490E+00,+1.03489321288E+00,+1.03005654179E+00,+1.02280149240E+00
+86.25000E-06,+1.04519470122E+00,+1.02986808730E+00,+1.04136307437E+00,+1.00458541226E+00
+86.30000E-06,+994.31530476E-03,+1.02547110245E+00,+1.03005654179E+00,+974.43465881E-03
+86.35000E-06,+1.02258163605E+00,+1.02547110245E+00,+1.03005654179E+00,+1.01652008539E+00
+86.40000E-06,+1.01378766634E+00,+1.03614949431E+00,+1.04073493365E+00,+974.43465881E-03
+86.45000E-06,+1.02949118378E+00,+1.02107411759E+00,+1.05015704408E+00,+973.17837738E-03
+86.50000E-06,+1.05398867093E+00,+1.06441582561E+00,+1.04952890337E+00,+1.01337938197E+00
+86.55000E-06,+1.01378766634E+00,+1.01102386644E+00,+1.03005654179E+00,+993.27887967E-03
+86.60000E-06,+1.01378766634E+00,+1.03614949431E+00,+1.02063443135E+00,+1.00270099010E+00
+86.65000E-06,+1.02949118378E+00,+1.04117461989E+00,+1.00304649176E+00,+997.67586453E-03
+86.70000E-06,+1.05336053021E+00,+1.02547110245E+00,+1.03005654179E+00,+993.90702039E-03
+86.75000E-06,+1.03954143493E+00,+1.02547110245E+00,+1.03570980808E+00,+1.01337938197E+00
+86.80000E-06,+1.01378766634E+00,+1.02547110245E+00,+1.00053392906E+00,+983.85676924E-03
+86.85000E-06,+1.01818465119E+00,+1.02547110245E+00,+1.00744347662E+00,+1.00898239711E+00
+86.90000E-06,+1.01315952562E+00,+1.06378768489E+00,+1.04952890337E+00,+1.01275124125E+00
+86.95000E-06,+1.05398867093E+00,+1.02547110245E+00,+1.03005654179E+00,+1.02782661797E+00
+87.00000E-06,+1.01378766634E+00,+1.04557160474E+00,+1.04073493365E+00,+1.00270099010E+00
+87.05000E-06,+1.01818465119E+00,+1.04117461989E+00,+1.00995603949E+00,+1.01337938197E+00
+87.10000E-06,+1.01378766634E+00,+1.02547110245E+00,+1.04952890337E+00,+1.01337938197E+00
+87.15000E-06,+1.01944093263E+00,+1.04557160474E+00,+1.03005654179E+00,+993.27887967E-03
+87.20000E-06,+1.02446605820E+00,+1.04557160474E+00,+1.03005654179E+00,+1.00395727154E+00
+87.25000E-06,+1.03388816863E+00,+1.02547110245E+00,+1.00995603949E+00,+1.01337938197E+00
+87.30000E-06,+1.03451630935E+00,+1.02547110245E+00,+1.04890076265E+00,+1.01275124125E+00
+87.35000E-06,+1.01944093263E+00,+1.04557160474E+00,+1.03005654179E+00,+998.93214596E-03
+87.40000E-06,+1.03388816863E+00,+1.03489321288E+00,+1.03822237078E+00,+1.03347988427E+00
+87.45000E-06,+1.03388816863E+00,+1.02547110245E+00,+1.02565955693E+00,+997.67586453E-03
+87.50000E-06,+1.03388816863E+00,+1.02547110245E+00,+1.01058418021E+00,+993.27887967E-03
+87.55000E-06,+1.02823490234E+00,+1.01102386644E+00,+1.03570980808E+00,+1.01337938197E+00
+87.60000E-06,+1.02320977677E+00,+1.03614949431E+00,+1.01121232092E+00,+1.00395727154E+00
+87.65000E-06,+1.03828515349E+00,+1.04117461989E+00,+1.01435302434E+00,+1.00898239711E+00
+87.70000E-06,+1.01378766634E+00,+1.04494346403E+00,+1.02880026035E+00,+993.90702039E-03
+87.75000E-06,+1.03954143493E+00,+1.02547110245E+00,+1.03005654179E+00,+1.00772611568E+00
+87.80000E-06,+1.01378766634E+00,+1.03614949431E+00,+1.04073493365E+00,+1.01212310053E+00
+87.85000E-06,+1.01818465119E+00,+1.02986808730E+00,+1.00995603949E+00,+1.00458541226E+00
+87.90000E-06,+1.01441580705E+00,+1.04494346403E+00,+1.03005654179E+00,+1.01337938197E+00
+87.95000E-06,+1.01378766634E+00,+1.03112436874E+00,+1.03319724521E+00,+1.00772611568E+00
