x-axis,1,2,3,4
second,Volt,Volt,Volt,Volt
-20.00000E-06,+1.35728649050E+00,+1.00464820862E+00,+1.01959801465E+00,+1.32204766572E+00
-19.95000E-06,+1.35728649050E+00,+1.01469845977E+00,+1.02964826580E+00,+1.35219841916E+00
-19.90000E-06,+1.31708548591E+00,+984.54770632E-03,+1.01959801465E+00,+1.36224867031E+00
-19.85000E-06,+1.37738699280E+00,+1.03479896206E+00,+1.01959801465E+00,+1.32204766572E+00
-19.80000E-06,+1.35728649050E+00,+1.00464820862E+00,+1.01959801465E+00,+1.32204766572E+00
-19.75000E-06,+1.34723623935E+00,+1.03479896206E+00,+1.05979901925E+00,+1.32204766572E+00
-19.70000E-06,+1.37738699280E+00,+1.02474871092E+00,+1.03969851695E+00,+1.34214816801E+00
-19.65000E-06,+1.31708548591E+00,+1.00464820862E+00,+1.04974876810E+00,+1.33209791686E+00
-19.60000E-06,+1.35728649050E+00,+1.00464820862E+00,+1.01959801465E+00,+1.36224867031E+00
-19.55000E-06,+1.35728649050E+00,+1.00464820862E+00,+1.06984927040E+00,+1.31199741457E+00
-19.50000E-06,+1.31708548591E+00,+1.00464820862E+00,+1.03969851695E+00,+1.32204766572E+00
-19.45000E-06,+1.35728649050E+00,+1.00464820862E+00,+1.04974876810E+00,+1.32204766572E+00
-19.40000E-06,+1.35728649050E+00,+1.00464820862E+00,+1.01959801465E+00,+1.32204766572E+00
-19.35000E-06,+1.35728649050E+00,+1.01469845977E+00,+989.44726121E-03,+1.33209791686E+00
-19.30000E-06,+1.33718598820E+00,+1.02474871092E+00,+1.03969851695E+00,+1.36224867031E+00
-19.25000E-06,+1.34723623935E+00,+1.00464820862E+00,+1.02964826580E+00,+1.36224867031E+00
-19.20000E-06,+1.35728649050E+00,+1.04484921321E+00,+1.01959801465E+00,+1.36224867031E+00
-19.15000E-06,+1.35728649050E+00,+1.04484921321E+00,+1.05979901925E+00,+1.32204766572E+00
-19.10000E-06,+1.31708548591E+00,+1.02474871091E+00,+1.05979901925E+00,+1.32204766572E+00
-19.05000E-06,+1.34723623935E+00,+1.01469845977E+00,+1.01959801465E+00,+1.33209791686E+00
-19.00000E-06,+1.35728649050E+00,+1.04484921321E+00,+1.01959801465E+00,+1.36224867031E+00
-18.95000E-06,+1.32713573705E+00,+1.03479896206E+00,+1.05979901925E+00,+1.32204766572E+00
-18.90000E-06,+1.33718598820E+00,+1.02474871092E+00,+1.03969851695E+00,+1.32204766572E+00
-18.85000E-06,+1.31708548591E+00,+1.01469845977E+00,+989.44726121E-03,+1.33209791686E+00
-18.80000E-06,+1.31708548591E+00,+1.00464820862E+00,+1.01959801465E+00,+1.36224867031E+00
-18.75000E-06,+1.31708548591E+00,+1.00464820862E+00,+1.01959801465E+00,+1.35219841916E+00
-18.70000E-06,+1.31708548591E+00,+1.00464820862E+00,+1.03969851695E+00,+1.34214816801E+00
-18.65000E-06,+1.35728649050E+00,+1.03479896206E+00,+1.04974876810E+00,+1.36224867031E+00
-18.60000E-06,+1.31708548591E+00,+1.00464820862E+00,+1.01959801465E+00,+1.36224867031E+00
-18.55000E-06,+1.35728649050E+00,+1.03479896206E+00,+1.01959801465E+00,+1.33209791686E+00
-18.50000E-06,+1.31708548591E+00,+1.00464820862E+00,+1.01959801465E+00,+1.34214816801E+00
-18.45000E-06,+1.34723623935E+00,+1.03479896206E+00,+1.08994977269E+00,+1.32204766572E+00
-18.40000E-06,+1.31708548591E+00,+1.00464820862E+00,+1.05979901925E+00,+1.32204766572E+00
-18.35000E-06,+1.32713573706E+00,+1.03479896206E+00,+959.29650776E-03,+1.32204766572E+00
-18.30000E-06,+1.31708548591E+00,+984.54770632E-03,+1.03969851695E+00,+1.34214816801E+00
-18.25000E-06,+1.32713573705E+00,+1.00464820862E+00,+1.01959801465E+00,+1.31199741457E+00
-18.20000E-06,+1.31708548591E+00,+1.04484921321E+00,+1.05979901924E+00,+1.32204766572E+00
-18.15000E-06,+1.37738699279E+00,+1.03479896206E+00,+1.02964826580E+00,+1.36224867031E+00
-18.10000E-06,+1.37738699280E+00,+1.00464820862E+00,+1.01959801465E+00,+1.32204766572E+00
-18.05000E-06,+1.35728649050E+00,+1.02474871092E+00,+1.04974876810E+00,+1.32204766572E+00
-18.00000E-06,+1.31708548591E+00,+1.00464820862E+00,+1.05979901925E+00,+1.32204766572E+00
-17.95000E-06,+1.31708548591E+00,+974.49745517E-03,+1.02964826580E+00,+1.32204766572E+00
-17.90000E-06,+1.33718598820E+00,+1.00464820862E+00,+1.03969851695E+00,+1.32204766572E+00
-17.85000E-06,+1.31708548591E+00,+1.01469845977E+00,+1.01959801465E+00,+1.36224867031E+00
-17.80000E-06,+1.35728649050E+00,+1.00464820862E+00,+1.05979901925E+00,+1.32204766572E+00
-17.75000E-06,+1.31708548591E+00,+1.03479896206E+00,+959.29650776E-03,+1.35219841916E+00
-17.70000E-06,+1.35728649050E+00,+1.00464820862E+00,+1.03969851695E+00,+1.34214816801E+00
-17.65000E-06,+1.35728649050E+00,+1.01469845977E+00,+1.04974876810E+00,+1.29189691227E+00
-17.60000E-06,+1.35728649050E+00,+1.00464820862E+00,+1.01959801465E+00,+1.32204766571E+00
-17.55000E-06,+1.32713573706E+00,+1.00464820862E+00,+1.02964826580E+00,+1.32204766572E+00
-17.50000E-06,+1.33718598820E+00,+1.00464820862E+00,+1.01959801465E+00,+1.32204766572E+00
-17.45000E-06,+1.32713573705E+00,+1.01469845977E+00,+1.01959801465E+00,+1.39239942376E+00
-17.40000E-06,+1.31708548591E+00,+1.00464820862E+00,+1.01959801465E+00,+1.36224867031E+00
-17.35000E-06,+1.34723623935E+00,+1.00464820862E+00,+1.05979901925E+00,+1.31199741456E+00
-17.30000E-06,+1.33718598820E+00,+1.02474871092E+00,+1.05979901925E+00,+1.34214816801E+00
-17.25000E-06,+1.34723623935E+00,+984.54770632E-03,+1.00954776351E+00,+1.36224867031E+00
-17.20000E-06,+1.35728649050E+00,+1.00464820862E+00,+1.01959801465E+00,+1.32204766572E+00
-17.15000E-06,+1.31708548591E+00,+1.02474871091E+00,+1.04974876810E+00,+1.30194716342E+00
-17.10000E-06,+1.33718598820E+00,+1.00464820862E+00,+1.03969851695E+00,+1.32204766572E+00
-17.05000E-06,+1.31708548591E+00,+1.00464820862E+00,+1.04974876810E+00,+1.33209791686E+00
-17.00000E-06,+1.31708548591E+00,+1.00464820862E+00,+1.01959801465E+00,+1.32204766572E+00
-16.95000E-06,+1.33718598821E+00,+1.01469845977E+00,+989.44726121E-03,+1.35219841916E+00
-16.90000E-06,+1.35728649050E+00,+1.02474871092E+00,+999.49751235E-03,+1.36224867031E+00
-16.85000E-06,+1.32713573705E+00,+1.00464820862E+00,+999.49751235E-03,+1.32204766572E+00
-16.80000E-06,+1.31708548591E+00,+1.00464820862E+00,+1.01959801465E+00,+1.36224867031E+00
-16.75000E-06,+1.35728649050E+00,+1.00464820862E+00,+1.04974876810E+00,+1.32204766572E+00
-16.70000E-06,+1.31708548591E+00,+1.00464820862E+00,+999.49751235E-03,+1.34214816801E+00
-16.65000E-06,+1.32713573705E+00,+1.00464820862E+00,+999.49751235E-03,+1.35219841916E+00
-16.60000E-06,+1.31708548591E+00,+1.04484921321E+00,+1.01959801465E+00,+1.32204766572E+00
-16.55000E-06,+1.35728649050E+00,+1.03479896206E+00,+1.05979901925E+00,+1.32204766572E+00
-16.50000E-06,+1.35728649050E+00,+1.00464820862E+00,+999.49751236E-03,+1.34214816801E+00
-16.45000E-06,+1.35728649050E+00,+1.00464820862E+00,+1.01959801465E+00,+1.39239942376E+00
-16.40000E-06,+1.31708548591E+00,+1.00464820862E+00,+1.01959801465E+00,+1.36224867031E+00
-16.35000E-06,+1.34723623935E+00,+1.00464820862E+00,+1.05979901925E+00,+1.32204766572E+00
-16.30000E-06,+1.33718598820E+00,+1.02474871091E+00,+1.03969851695E+00,+1.32204766572E+00
-16.25000E-06,+1.33718598820E+00,+1.03479896207E+00,+1.01959801465E+00,+1.32204766572E+00
-16.20000E-06,+1.35728649050E+00,+1.04484921321E+00,+1.05979901925E+00,+1.32204766572E+00
-16.15000E-06,+1.30703523475E+00,+1.00464820862E+00,+1.01959801465E+00,+1.35219841916E+00
-16.10000E-06,+1.33718598820E+00,+964.44720402E-03,+1.03969851695E+00,+1.32204766572E+00
-16.05000E-06,+1.32713573705E+00,+1.01469845976E+00,+1.04974876810E+00,+1.33209791686E+00
-16.00000E-06,+1.31708548590E+00,+1.04484921321E+00,+1.05979901924E+00,+1.36224867031E+00
-15.95000E-06,+1.34723623935E+00,+1.01469845977E+00,+1.02964826580E+00,+1.36224867031E+00
-15.90000E-06,+1.33718598821E+00,+1.00464820862E+00,+1.03969851695E+00,+1.34214816801E+00
-15.85000E-06,+1.35728649050E+00,+1.01469845976E+00,+1.01959801465E+00,+1.33209791686E+00
-15.80000E-06,+1.27688448131E+00,+1.04484921321E+00,+1.05979901924E+00,+1.32204766572E+00
-15.75000E-06,+1.31708548591E+00,+1.00464820862E+00,+1.01959801465E+00,+1.32204766572E+00
-15.70000E-06,+1.33718598820E+00,+1.02474871092E+00,+999.49751236E-03,+1.34214816801E+00
-15.65000E-06,+1.35728649050E+00,+1.01469845976E+00,+1.04974876810E+00,+1.37229892146E+00
-15.60000E-06,+1.31708548591E+00,+1.00464820862E+00,+1.05979901925E+00,+1.36224867031E+00
-15.55000E-06,+1.34723623935E+00,+1.01469845977E+00,+1.00954776350E+00,+1.33209791687E+00
-15.50000E-06,+1.31708548591E+00,+1.00464820862E+00,+1.03969851695E+00,+1.34214816801E+00
-15.45000E-06,+1.34723623935E+00,+1.00464820862E+00,+1.01959801465E+00,+1.35219841916E+00
-15.40000E-06,+1.31708548591E+00,+1.04484921321E+00,+1.01959801465E+00,+1.32204766572E+00
-15.35000E-06,+1.32713573706E+00,+1.04484921321E+00,+979.39701006E-03,+1.32204766572E+00
-15.30000E-06,+1.31708548591E+00,+1.00464820862E+00,+1.01959801465E+00,+1.36224867030E+00
-15.25000E-06,+1.32713573705E+00,+1.00464820862E+00,+1.04974876810E+00,+1.32204766572E+00
-15.20000E-06,+1.35728649050E+00,+1.04484921321E+00,+1.05979901925E+00,+1.32204766572E+00
-15.15000E-06,+1.33718598821E+00,+984.54770633E-03,+989.44726121E-03,+1.33209791687E+00
-15.10000E-06,+1.33718598820E+00,+1.00464820862E+00,+999.49751236E-03,+1.34214816802E+00
-15.05000E-06,+1.30703523476E+00,+1.03479896207E+00,+1.01959801465E+00,+1.35219841916E+00
-15.00000E-06,+1.31708548591E+00,+1.00464820862E+00,+1.01959801465E+00,+1.36224867031E+00
-14.95000E-06,+1.31708548591E+00,+984.54770633E-03,+1.05979901925E+00,+1.35219841916E+00
-14.90000E-06,+1.33718598820E+00,+1.02474871091E+00,+1.01959801465E+00,+1.34214816801E+00
-14.85000E-06,+1.32713573705E+00,+1.00464820862E+00,+1.00954776351E+00,+1.33209791686E+00
-14.80000E-06,+1.31708548591E+00,+1.00464820862E+00,+979.39701006E-03,+1.36224867031E+00
-14.75000E-06,+1.34723623935E+00,+994.59795747E-03,+1.00954776350E+00,+1.36224867031E+00
-14.70000E-06,+1.31708548590E+00,+1.00464820862E+00,+999.49751236E-03,+1.34214816801E+00
-14.65000E-06,+1.37738699280E+00,+1.02474871092E+00,+1.04974876810E+00,+1.33209791686E+00
-14.60000E-06,+1.31708548591E+00,+1.00464820862E+00,+1.01959801465E+00,+1.36224867031E+00
-14.55000E-06,+1.31708548591E+00,+994.59795747E-03,+1.01959801465E+00,+1.36224867031E+00
-14.50000E-06,+1.33718598821E+00,+1.00464820862E+00,+1.01959801465E+00,+1.30194716342E+00
-14.45000E-06,+1.30703523475E+00,+1.01469845976E+00,+1.04974876810E+00,+1.32204766572E+00
-14.40000E-06,+1.31708548591E+00,+1.00464820862E+00,+1.01959801466E+00,+1.32204766571E+00
-14.35000E-06,+1.31708548591E+00,+1.01469845977E+00,+1.03969851696E+00,+1.33209791687E+00
-14.30000E-06,+1.31708548591E+00,+984.54770632E-03,+999.49751236E-03,+1.34214816802E+00
-14.25000E-06,+1.31708548591E+00,+1.01469845976E+00,+1.04974876810E+00,+1.35219841916E+00
-14.20000E-06,+1.31708548591E+00,+1.00464820862E+00,+1.01959801466E+00,+1.36224867031E+00
-14.15000E-06,+1.30703523475E+00,+1.04484921321E+00,+1.04974876810E+00,+1.32204766572E+00
-14.10000E-06,+1.33718598820E+00,+1.00464820862E+00,+1.03969851695E+00,+1.34214816801E+00
-14.05000E-06,+1.34723623935E+00,+1.00464820862E+00,+1.00954776351E+00,+1.33209791686E+00
-14.00000E-06,+1.35728649050E+00,+1.04484921321E+00,+979.39701006E-03,+1.32204766572E+00
-13.95000E-06,+1.32713573706E+00,+994.59795747E-03,+1.00954776350E+00,+1.32204766572E+00
-13.90000E-06,+1.35728649050E+00,+1.02474871091E+00,+1.03969851695E+00,+1.34214816801E+00
-13.85000E-06,+1.31708548591E+00,+964.44720402E-03,+1.01959801465E+00,+1.35219841916E+00
-13.80000E-06,+1.31708548591E+00,+1.00464820862E+00,+1.10000002384E+00,+1.36224867031E+00
-13.75000E-06,+1.32713573706E+00,+1.00464820862E+00,+1.04974876810E+00,+1.32204766572E+00
-13.70000E-06,+1.33718598820E+00,+1.00464820862E+00,+1.01959801465E+00,+1.32204766572E+00
-13.65000E-06,+1.28693473246E+00,+1.07499996666E+00,+1.04974876810E+00,+1.36224867031E+00
-13.60000E-06,+1.31708548591E+00,+1.00464820862E+00,+1.05979901924E+00,+1.28184666112E+00
-13.55000E-06,+1.35728649050E+00,+1.00464820862E+00,+1.01959801465E+00,+1.29189691227E+00
-13.50000E-06,+1.35728649050E+00,+984.54770632E-03,+1.01959801465E+00,+1.32204766572E+00
-13.45000E-06,+1.31708548591E+00,+1.00464820862E+00,+989.44726120E-03,+1.38234917261E+00
-13.40000E-06,+1.27688448132E+00,+1.00464820862E+00,+1.05979901924E+00,+1.32204766572E+00
-13.35000E-06,+1.33718598820E+00,+1.01469845977E+00,+1.01959801465E+00,+1.32204766572E+00
-13.30000E-06,+1.35728649050E+00,+1.02474871091E+00,+1.03969851695E+00,+1.34214816801E+00
-13.25000E-06,+1.35728649050E+00,+1.01469845976E+00,+1.00954776351E+00,+1.36224867031E+00
-13.20000E-06,+1.35728649050E+00,+1.04484921321E+00,+979.39701006E-03,+1.32204766572E+00
-13.15000E-06,+1.32713573706E+00,+1.03479896206E+00,+1.04974876810E+00,+1.32204766572E+00
-13.10000E-06,+1.31708548591E+00,+1.04484921322E+00,+1.03969851695E+00,+1.32204766572E+00
-13.05000E-06,+1.32713573705E+00,+1.03479896207E+00,+1.01959801465E+00,+1.36224867031E+00
-13.00000E-06,+1.35728649050E+00,+1.00464820862E+00,+1.05979901925E+00,+1.32204766571E+00
-12.95000E-06,+1.32713573706E+00,+1.00464820862E+00,+1.04974876810E+00,+1.35219841916E+00
-12.90000E-06,+1.33718598821E+00,+1.00464820862E+00,+1.03969851695E+00,+1.34214816801E+00
-12.85000E-06,+1.35728649050E+00,+1.00464820862E+00,+1.04974876810E+00,+1.32204766572E+00
-12.80000E-06,+1.31708548590E+00,+1.00464820862E+00,+1.01959801466E+00,+1.36224867031E+00
-12.75000E-06,+1.33718598820E+00,+1.00464820862E+00,+1.02964826580E+00,+1.35219841916E+00
-12.70000E-06,+1.33718598820E+00,+1.00464820862E+00,+1.01959801465E+00,+1.36224867031E+00
-12.65000E-06,+1.35728649050E+00,+1.03479896207E+00,+989.44726120E-03,+1.32204766572E+00
-12.60000E-06,+1.31708548591E+00,+1.00464820862E+00,+1.10000002384E+00,+1.32204766572E+00
-12.55000E-06,+1.35728649050E+00,+994.59795747E-03,+999.49751236E-03,+1.36224867031E+00
-12.50000E-06,+1.31708548591E+00,+1.00464820862E+00,+1.05979901925E+00,+1.34214816801E+00
-12.45000E-06,+1.31708548591E+00,+1.01469845976E+00,+999.49751236E-03,+1.33209791686E+00
-12.40000E-06,+1.35728649050E+00,+1.04484921321E+00,+1.01959801465E+00,+1.32204766572E+00
-12.35000E-06,+1.34723623935E+00,+1.00464820862E+00,+1.01959801465E+00,+1.33209791687E+00
-12.30000E-06,+1.29698498361E+00,+984.54770632E-03,+1.05979901925E+00,+1.32204766572E+00
-12.25000E-06,+1.35728649050E+00,+1.00464820862E+00,+1.04974876810E+00,+1.33209791686E+00
-12.20000E-06,+1.35728649050E+00,+1.00464820862E+00,+1.01959801465E+00,+1.40244967490E+00
-12.15000E-06,+1.31708548591E+00,+994.59795747E-03,+989.44726121E-03,+1.36224867031E+00
-12.10000E-06,+1.33718598820E+00,+1.00464820862E+00,+1.05979901924E+00,+1.32204766572E+00
-12.05000E-06,+1.32713573705E+00,+1.04484921321E+00,+1.01959801465E+00,+1.35219841916E+00
-12.00000E-06,+1.31708548590E+00,+1.00464820862E+00,+1.05979901925E+00,+1.32204766572E+00
-11.95000E-06,+1.33718598821E+00,+1.00464820862E+00,+1.00954776350E+00,+1.32204766572E+00
-11.90000E-06,+1.33718598820E+00,+1.00464820862E+00,+999.49751236E-03,+1.34214816801E+00
-11.85000E-06,+1.29698498361E+00,+1.01469845976E+00,+1.02964826580E+00,+1.32204766572E+00
-11.80000E-06,+1.35728649050E+00,+1.00464820862E+00,+1.01959801465E+00,+1.32204766572E+00
-11.75000E-06,+1.34723623935E+00,+1.04484921321E+00,+989.44726121E-03,+1.36224867031E+00
-11.70000E-06,+1.31708548591E+00,+1.02474871092E+00,+999.49751235E-03,+1.34214816801E+00
-11.65000E-06,+1.31708548591E+00,+1.00464820862E+00,+1.02964826580E+00,+1.32204766572E+00
-11.60000E-06,+1.31708548591E+00,+1.04484921321E+00,+979.39701006E-03,+1.32204766572E+00
-11.55000E-06,+1.31708548591E+00,+1.03479896206E+00,+1.03969851695E+00,+1.33209791687E+00
-11.50000E-06,+1.33718598820E+00,+1.00464820862E+00,+1.01959801465E+00,+1.32204766572E+00
-11.45000E-06,+1.31708548591E+00,+1.02474871092E+00,+1.01959801465E+00,+1.36224867031E+00
-11.40000E-06,+1.31708548591E+00,+1.00464820862E+00,+1.01959801465E+00,+1.32204766571E+00
-11.35000E-06,+1.31708548591E+00,+1.03479896206E+00,+1.02964826580E+00,+1.35219841916E+00
-11.30000E-06,+1.31708548591E+00,+1.00464820861E+00,+1.01959801465E+00,+1.36224867031E+00
-11.25000E-06,+1.31708548591E+00,+1.03479896207E+00,+1.04974876810E+00,+1.37229892146E+00
-11.20000E-06,+1.31708548591E+00,+1.00464820862E+00,+1.01959801466E+00,+1.32204766572E+00
-11.15000E-06,+1.31708548591E+00,+1.03479896206E+00,+1.02964826580E+00,+1.35219841916E+00
-11.10000E-06,+1.29698498361E+00,+1.02474871091E+00,+1.05979901925E+00,+1.36224867031E+00
-11.05000E-06,+1.35728649050E+00,+1.00464820862E+00,+1.00954776351E+00,+1.32204766572E+00
-11.00000E-06,+1.27688448131E+00,+1.00464820862E+00,+1.01959801465E+00,+1.32204766572E+00
-10.95000E-06,+1.36733674165E+00,+1.03479896206E+00,+1.01959801465E+00,+1.35219841916E+00
-10.90000E-06,+1.35728649050E+00,+1.00464820862E+00,+1.03969851695E+00,+1.32204766572E+00
-10.85000E-06,+1.31708548591E+00,+1.04484921321E+00,+1.00954776351E+00,+1.35219841916E+00
-10.80000E-06,+1.35728649050E+00,+964.44720403E-03,+1.01959801465E+00,+1.36224867031E+00
-10.75000E-06,+1.31708548591E+00,+994.59795747E-03,+1.01959801465E+00,+1.36224867031E+00
-10.70000E-06,+1.33718598820E+00,+1.00464820862E+00,+1.05979901925E+00,+1.32204766572E+00
-10.65000E-06,+1.35728649050E+00,+1.00464820862E+00,+1.05979901925E+00,+1.33209791686E+00
-10.60000E-06,+1.35728649050E+00,+964.44720403E-03,+1.01959801465E+00,+1.36224867031E+00
-10.55000E-06,+1.35728649050E+00,+1.00464820862E+00,+989.44726121E-03,+1.35219841916E+00
-10.50000E-06,+1.29698498361E+00,+1.02474871092E+00,+1.01959801465E+00,+1.36224867031E+00
-10.45000E-06,+1.35728649050E+00,+1.01469845977E+00,+1.01959801465E+00,+1.36224867031E+00
-10.40000E-06,+1.31708548591E+00,+1.00464820862E+00,+1.05979901925E+00,+1.32204766572E+00
-10.35000E-06,+1.29698498361E+00,+1.01469845977E+00,+1.02964826580E+00,+1.32204766572E+00
-10.30000E-06,+1.33718598820E+00,+984.54770632E-03,+1.01959801465E+00,+1.36224867031E+00
-10.25000E-06,+1.31708548591E+00,+1.03479896207E+00,+1.04974876810E+00,+1.32204766572E+00
-10.20000E-06,+1.27688448131E+00,+964.44720403E-03,+1.05979901925E+00,+1.32204766572E+00
-10.15000E-06,+1.34723623935E+00,+1.03479896206E+00,+1.07989952154E+00,+1.36224867031E+00
-10.10000E-06,+1.35728649050E+00,+1.00464820862E+00,+1.03969851695E+00,+1.30194716342E+00
-10.05000E-06,+1.34723623935E+00,+1.04484921321E+00,+1.00954776351E+00,+1.33209791686E+00
-10.00000E-06,+1.31708548591E+00,+1.00464820862E+00,+1.01959801465E+00,+1.36224867031E+00
-9.95000E-06,+1.32713573706E+00,+1.00464820862E+00,+1.03969851695E+00,+1.33209791687E+00
-9.90000E-06,+1.35728649050E+00,+1.02474871091E+00,+1.05979901925E+00,+1.32204766572E+00
-9.85000E-06,+1.35728649050E+00,+994.59795747E-03,+1.05979901925E+00,+1.33209791686E+00
-9.80000E-06,+1.35728649050E+00,+1.00464820862E+00,+1.05979901925E+00,+1.32204766572E+00
-9.75000E-06,+1.34723623935E+00,+1.02474871091E+00,+1.02964826580E+00,+1.35219841916E+00
-9.70000E-06,+1.33718598820E+00,+1.02474871091E+00,+999.49751235E-03,+1.34214816801E+00
-9.65000E-06,+1.32713573705E+00,+1.00464820862E+00,+1.05979901925E+00,+1.31199741457E+00
-9.60000E-06,+1.31708548591E+00,+1.04484921321E+00,+1.05979901925E+00,+1.32204766571E+00
-9.55000E-06,+1.32713573706E+00,+1.03479896206E+00,+1.01959801465E+00,+1.33209791687E+00
-9.50000E-06,+1.35728649050E+00,+1.00464820862E+00,+1.01959801465E+00,+1.32204766572E+00
-9.45000E-06,+1.34723623935E+00,+1.00464820862E+00,+1.01959801465E+00,+1.35219841916E+00
-9.40000E-06,+1.27688448131E+00,+1.00464820862E+00,+1.05979901925E+00,+1.32204766572E+00
-9.35000E-06,+1.34723623935E+00,+1.00464820862E+00,+1.02964826580E+00,+1.32204766572E+00
-9.30000E-06,+1.35728649050E+00,+1.02474871092E+00,+979.39701006E-03,+1.32204766572E+00
-9.25000E-06,+1.35728649050E+00,+1.00464820862E+00,+989.44726121E-03,+1.36224867031E+00
-9.20000E-06,+1.31708548591E+00,+1.00464820862E+00,+1.01959801465E+00,+1.36224867031E+00
-9.15000E-06,+1.31708548591E+00,+1.00464820862E+00,+1.01959801465E+00,+1.37229892145E+00
-9.10000E-06,+1.31708548591E+00,+1.00464820862E+00,+1.03969851695E+00,+1.32204766572E+00
-9.05000E-06,+1.38743724395E+00,+1.03479896207E+00,+1.02964826580E+00,+1.33209791686E+00
-9.00000E-06,+1.31708548591E+00,+964.44720402E-03,+1.01959801465E+00,+1.32204766572E+00
-8.95000E-06,+1.34723623935E+00,+1.00464820862E+00,+1.01959801465E+00,+1.33209791687E+00
-8.90000E-06,+1.31708548591E+00,+1.02474871091E+00,+1.01959801465E+00,+1.34214816801E+00
-8.85000E-06,+1.29698498361E+00,+1.00464820862E+00,+1.02964826580E+00,+1.32204766572E+00
-8.80000E-06,+1.31708548591E+00,+964.44720403E-03,+1.01959801465E+00,+1.32204766572E+00
-8.75000E-06,+1.34723623935E+00,+984.54770632E-03,+999.49751236E-03,+1.35219841916E+00
-8.70000E-06,+1.35728649050E+00,+1.00464820862E+00,+1.01959801465E+00,+1.34214816801E+00
-8.65000E-06,+1.31708548591E+00,+984.54770632E-03,+1.00954776351E+00,+1.35219841916E+00
-8.60000E-06,+1.27688448131E+00,+1.00464820862E+00,+1.01959801465E+00,+1.36224867031E+00
-8.55000E-06,+1.31708548591E+00,+1.04484921321E+00,+1.03969851695E+00,+1.31199741457E+00
-8.50000E-06,+1.35728649050E+00,+1.02474871092E+00,+999.49751236E-03,+1.34214816801E+00
-8.45000E-06,+1.35728649050E+00,+974.49745517E-03,+989.44726121E-03,+1.35219841916E+00
-8.40000E-06,+1.35728649050E+00,+1.00464820862E+00,+1.01959801465E+00,+1.32204766572E+00
-8.35000E-06,+1.31708548591E+00,+1.00464820862E+00,+989.44726121E-03,+1.36224867031E+00
-8.30000E-06,+1.33718598820E+00,+1.00464820862E+00,+1.03969851695E+00,+1.36224867031E+00
-8.25000E-06,+1.31708548591E+00,+974.49745517E-03,+1.03969851695E+00,+1.33209791686E+00
-8.20000E-06,+1.35728649050E+00,+1.00464820862E+00,+1.01959801465E+00,+1.36224867031E+00
-8.15000E-06,+1.31708548591E+00,+1.02474871091E+00,+1.01959801465E+00,+1.38234917260E+00
-8.10000E-06,+1.33718598820E+00,+1.00464820862E+00,+1.01959801465E+00,+1.32204766572E+00
-8.05000E-06,+1.34723623935E+00,+1.00464820862E+00,+1.01959801465E+00,+1.32204766572E+00
-8.00000E-06,+1.31708548591E+00,+1.00464820862E+00,+1.05979901924E+00,+1.28184666112E+00
-7.95000E-06,+1.31708548591E+00,+984.54770632E-03,+1.02964826580E+00,+1.32204766572E+00
-7.90000E-06,+1.31708548591E+00,+1.00464820862E+00,+1.05979901925E+00,+1.34214816801E+00
-7.85000E-06,+1.35728649050E+00,+1.01469845977E+00,+1.02964826580E+00,+1.35219841916E+00
-7.80000E-06,+1.35728649050E+00,+1.04484921321E+00,+1.01959801465E+00,+1.32204766572E+00
-7.75000E-06,+1.32713573706E+00,+1.01469845977E+00,+1.00954776350E+00,+1.35219841916E+00
-7.70000E-06,+1.33718598820E+00,+1.02474871091E+00,+1.03969851695E+00,+1.32204766572E+00
-7.65000E-06,+1.33718598820E+00,+1.00464820862E+00,+1.01959801465E+00,+1.35219841916E+00
-7.60000E-06,+1.31708548591E+00,+1.00464820862E+00,+979.39701006E-03,+1.32204766572E+00
-7.55000E-06,+1.35728649050E+00,+1.01469845977E+00,+1.04974876810E+00,+1.33209791687E+00
-7.50000E-06,+1.31708548591E+00,+1.00464820862E+00,+1.03969851695E+00,+1.34214816801E+00
-7.45000E-06,+1.34723623935E+00,+984.54770632E-03,+1.04974876810E+00,+1.35219841916E+00
-7.40000E-06,+1.31708548591E+00,+1.00464820862E+00,+1.05979901925E+00,+1.32204766571E+00
-7.35000E-06,+1.32713573706E+00,+1.00464820862E+00,+1.04974876810E+00,+1.36224867031E+00
-7.30000E-06,+1.31708548591E+00,+1.02474871091E+00,+1.01959801465E+00,+1.32204766572E+00
-7.25000E-06,+1.32713573705E+00,+1.03479896207E+00,+1.05979901925E+00,+1.32204766572E+00
-7.20000E-06,+1.39748749509E+00,+1.04484921321E+00,+1.01959801465E+00,+1.32204766572E+00
-7.15000E-06,+1.34723623935E+00,+1.00464820862E+00,+989.44726121E-03,+1.36224867031E+00
-7.10000E-06,+1.37738699280E+00,+984.54770632E-03,+1.01959801465E+00,+1.34214816801E+00
-7.05000E-06,+1.32713573705E+00,+1.00464820862E+00,+1.04974876810E+00,+1.36224867031E+00
-7.00000E-06,+1.31708548591E+00,+1.00464820862E+00,+1.01959801465E+00,+1.32204766572E+00
-6.95000E-06,+1.33718598820E+00,+1.03479896206E+00,+1.01959801465E+00,+1.32204766572E+00
-6.90000E-06,+1.31708548591E+00,+1.02474871092E+00,+1.03969851695E+00,+1.32204766571E+00
-6.85000E-06,+1.34723623935E+00,+1.00464820862E+00,+1.01959801465E+00,+1.33209791686E+00
-6.80000E-06,+1.31708548591E+00,+1.00464820862E+00,+1.01959801465E+00,+1.32204766572E+00
-6.75000E-06,+1.34723623935E+00,+1.00464820862E+00,+999.49751236E-03,+1.35219841916E+00
-6.70000E-06,+1.31708548591E+00,+1.00464820862E+00,+1.01959801465E+00,+1.34214816801E+00
-6.65000E-06,+1.34723623935E+00,+1.00464820862E+00,+1.05979901925E+00,+1.29189691227E+00
-6.60000E-06,+1.31708548591E+00,+1.00464820862E+00,+1.05979901925E+00,+1.32204766571E+00
-6.55000E-06,+1.31708548591E+00,+1.04484921321E+00,+1.01959801465E+00,+1.35219841916E+00
-6.50000E-06,+1.33718598820E+00,+964.44720402E-03,+1.01959801465E+00,+1.32204766572E+00
-6.45000E-06,+1.31708548591E+00,+1.03479896207E+00,+1.04974876810E+00,+1.32204766572E+00
-6.40000E-06,+1.35728649050E+00,+1.04484921321E+00,+1.05979901925E+00,+1.36224867031E+00
-6.35000E-06,+1.38743724394E+00,+1.01469845977E+00,+1.01959801465E+00,+1.32204766572E+00
-6.30000E-06,+1.33718598820E+00,+984.54770632E-03,+1.01959801465E+00,+1.34214816801E+00
-6.25000E-06,+1.32713573705E+00,+974.49745517E-03,+1.01959801465E+00,+1.35219841916E+00
-6.20000E-06,+1.31708548591E+00,+1.00464820862E+00,+1.01959801465E+00,+1.28184666112E+00
-6.15000E-06,+1.31708548591E+00,+974.49745517E-03,+1.04974876810E+00,+1.32204766572E+00
-6.10000E-06,+1.35728649050E+00,+1.02474871092E+00,+1.03969851695E+00,+1.32204766572E+00
-6.05000E-06,+1.35728649050E+00,+1.00464820862E+00,+989.44726121E-03,+1.35219841916E+00
-6.00000E-06,+1.31708548591E+00,+1.00464820862E+00,+979.39701006E-03,+1.36224867031E+00
-5.95000E-06,+1.31708548591E+00,+1.00464820862E+00,+989.44726121E-03,+1.36224867031E+00
-5.90000E-06,+1.35728649050E+00,+1.04484921321E+00,+1.05979901925E+00,+1.32204766572E+00
-5.85000E-06,+1.30703523476E+00,+1.03479896207E+00,+1.04974876810E+00,+1.32204766572E+00
-5.80000E-06,+1.35728649050E+00,+1.00464820862E+00,+979.39701006E-03,+1.32204766572E+00
-5.75000E-06,+1.35728649050E+00,+1.01469845977E+00,+1.00954776350E+00,+1.32204766572E+00
-5.70000E-06,+1.29698498361E+00,+1.00464820862E+00,+1.03969851695E+00,+1.30194716342E+00
-5.65000E-06,+1.34723623935E+00,+1.00464820862E+00,+1.01959801465E+00,+1.35219841916E+00
-5.60000E-06,+1.31708548590E+00,+1.04484921321E+00,+1.01959801465E+00,+1.36224867031E+00
-5.55000E-06,+1.32713573706E+00,+1.06494971551E+00,+1.02964826580E+00,+1.32204766572E+00
-5.50000E-06,+1.31708548591E+00,+1.00464820862E+00,+1.01959801465E+00,+1.32204766572E+00
-5.45000E-06,+1.34723623935E+00,+1.01469845977E+00,+1.05979901925E+00,+1.33209791686E+00
-5.40000E-06,+1.35728649050E+00,+1.04484921321E+00,+1.05979901924E+00,+1.28184666112E+00
-5.35000E-06,+1.34723623935E+00,+1.03479896206E+00,+1.06984927040E+00,+1.34214816801E+00
-5.30000E-06,+1.35728649050E+00,+1.02474871092E+00,+1.05979901925E+00,+1.32204766572E+00
-5.25000E-06,+1.34723623935E+00,+984.54770632E-03,+1.03969851695E+00,+1.33209791686E+00
-5.20000E-06,+1.31708548591E+00,+1.00464820862E+00,+1.01959801465E+00,+1.36224867031E+00
-5.15000E-06,+1.28693473246E+00,+1.00464820862E+00,+1.04974876810E+00,+1.32204766572E+00
-5.10000E-06,+1.33718598820E+00,+1.02474871092E+00,+1.01959801465E+00,+1.32204766572E+00
-5.05000E-06,+1.35728649050E+00,+1.01469845977E+00,+1.00954776351E+00,+1.33209791686E+00
-5.00000E-06,+1.39748749509E+00,+1.00464820862E+00,+979.39701006E-03,+1.32204766572E+00
-4.95000E-06,+1.29698498361E+00,+1.03479896206E+00,+1.02964826580E+00,+1.36224867031E+00
-4.90000E-06,+1.29698498361E+00,+1.02474871092E+00,+999.49751235E-03,+1.34214816801E+00
-4.85000E-06,+1.29698498360E+00,+1.00464820862E+00,+1.01959801465E+00,+1.32204766572E+00
-4.80000E-06,+1.35728649050E+00,+1.00464820862E+00,+1.01959801465E+00,+1.32204766572E+00
-4.75000E-06,+1.31708548591E+00,+1.03479896206E+00,+1.01959801465E+00,+1.35219841916E+00
-4.70000E-06,+1.33718598820E+00,+1.00464820862E+00,+1.01959801465E+00,+1.36224867031E+00
-4.65000E-06,+1.34723623935E+00,+1.00464820862E+00,+1.01959801465E+00,+1.32204766572E+00
-4.60000E-06,+1.35728649050E+00,+1.00464820862E+00,+1.05979901925E+00,+1.32204766572E+00
-4.55000E-06,+1.31708548591E+00,+1.00464820862E+00,+1.03969851695E+00,+1.31199741456E+00
-4.50000E-06,+1.33718598820E+00,+1.02474871092E+00,+1.03969851695E+00,+1.34214816801E+00
-4.45000E-06,+1.31708548591E+00,+974.49745517E-03,+1.00954776351E+00,+1.39239942376E+00
-4.40000E-06,+1.31708548591E+00,+1.00464820862E+00,+979.39701006E-03,+1.36224867031E+00
-4.35000E-06,+1.31708548591E+00,+1.00464820862E+00,+1.01959801465E+00,+1.36224867031E+00
-4.30000E-06,+1.29698498361E+00,+1.00464820862E+00,+1.03969851695E+00,+1.34214816801E+00
-4.25000E-06,+1.28693473246E+00,+1.00464820862E+00,+1.04974876810E+00,+1.35219841916E+00
-4.20000E-06,+1.35728649050E+00,+1.00464820862E+00,+979.39701006E-03,+1.36224867031E+00
-4.15000E-06,+1.35728649050E+00,+1.00464820862E+00,+1.01959801465E+00,+1.35219841916E+00
-4.10000E-06,+1.33718598820E+00,+984.54770632E-03,+1.01959801465E+00,+1.36224867031E+00
-4.05000E-06,+1.32713573705E+00,+1.01469845977E+00,+1.00954776351E+00,+1.32204766572E+00
-4.00000E-06,+1.31708548591E+00,+1.00464820862E+00,+1.10000002384E+00,+1.32204766572E+00
-3.95000E-06,+1.35728649050E+00,+1.01469845977E+00,+1.02964826580E+00,+1.35219841916E+00
-3.90000E-06,+1.33718598820E+00,+984.54770632E-03,+1.01959801465E+00,+1.34214816801E+00
-3.85000E-06,+1.35728649050E+00,+1.00464820862E+00,+1.01959801465E+00,+1.36224867031E+00
-3.80000E-06,+1.39748749509E+00,+1.00464820862E+00,+1.01959801465E+00,+1.36224867031E+00
-3.75000E-06,+1.33718598820E+00,+1.03479896206E+00,+1.01959801465E+00,+1.35219841916E+00
-3.70000E-06,+1.35728649050E+00,+1.02474871092E+00,+1.03969851695E+00,+1.32204766571E+00
-3.65000E-06,+1.31708548591E+00,+1.00464820862E+00,+1.00954776351E+00,+1.35219841916E+00
-3.60000E-06,+1.31708548591E+00,+1.04484921321E+00,+1.05979901925E+00,+1.32204766572E+00
-3.55000E-06,+1.32713573706E+00,+1.01469845977E+00,+1.01959801465E+00,+1.35219841916E+00
-3.50000E-06,+1.33718598820E+00,+1.02474871091E+00,+1.01959801465E+00,+1.32204766572E+00
-3.45000E-06,+1.35728649050E+00,+1.04484921321E+00,+1.04974876810E+00,+1.29189691227E+00
-3.40000E-06,+1.31708548591E+00,+1.04484921321E+00,+1.01959801465E+00,+1.36224867031E+00
-3.35000E-06,+1.35728649050E+00,+1.00464820862E+00,+1.04974876810E+00,+1.33209791687E+00
-3.30000E-06,+1.31708548591E+00,+984.54770632E-03,+1.03969851695E+00,+1.36224867031E+00
-3.25000E-06,+1.32713573705E+00,+1.03479896207E+00,+1.01959801465E+00,+1.33209791686E+00
-3.20000E-06,+1.35728649050E+00,+1.04484921321E+00,+1.05979901925E+00,+1.32204766572E+00
-3.15000E-06,+1.38743724394E+00,+1.03479896206E+00,+1.02964826580E+00,+1.32204766572E+00
-3.10000E-06,+1.33718598820E+00,+984.54770632E-03,+1.03969851695E+00,+1.32204766572E+00
-3.05000E-06,+1.30703523476E+00,+1.03479896207E+00,+1.01959801465E+00,+1.32204766572E+00
-3.00000E-06,+1.27688448131E+00,+1.04484921321E+00,+1.01959801465E+00,+1.32204766572E+00
-2.95000E-06,+1.35728649050E+00,+1.04484921321E+00,+1.02964826580E+00,+1.32204766572E+00
-2.90000E-06,+1.33718598820E+00,+1.00464820862E+00,+999.49751235E-03,+1.34214816801E+00
-2.85000E-06,+1.34723623935E+00,+1.00464820862E+00,+999.49751235E-03,+1.35219841916E+00
-2.80000E-06,+1.31708548591E+00,+964.44720403E-03,+1.01959801465E+00,+1.32204766572E+00
-2.75000E-06,+1.31708548591E+00,+1.03479896206E+00,+1.01959801465E+00,+1.33209791687E+00
-2.70000E-06,+1.31708548590E+00,+1.00464820862E+00,+1.01959801465E+00,+1.32204766572E+00
-2.65000E-06,+1.31708548591E+00,+1.02474871092E+00,+1.04974876810E+00,+1.33209791686E+00
-2.60000E-06,+1.35728649050E+00,+1.00464820862E+00,+1.01959801465E+00,+1.36224867031E+00
-2.55000E-06,+1.32713573706E+00,+1.01469845977E+00,+1.00954776350E+00,+1.32204766572E+00
-2.50000E-06,+1.33718598820E+00,+1.02474871092E+00,+1.03969851695E+00,+1.34214816801E+00
-2.45000E-06,+1.29698498360E+00,+1.03479896207E+00,+1.01959801465E+00,+1.33209791686E+00
-2.40000E-06,+1.35728649050E+00,+1.00464820862E+00,+1.05979901925E+00,+1.32204766572E+00
-2.35000E-06,+1.35728649050E+00,+1.00464820862E+00,+1.01959801465E+00,+1.32204766572E+00
-2.30000E-06,+1.35728649050E+00,+1.02474871091E+00,+979.39701006E-03,+1.36224867031E+00
-2.25000E-06,+1.30703523476E+00,+1.00464820862E+00,+1.01959801465E+00,+1.35219841916E+00
-2.20000E-06,+1.31708548591E+00,+1.00464820862E+00,+1.01959801465E+00,+1.32204766572E+00
-2.15000E-06,+1.33718598820E+00,+1.02474871091E+00,+1.04974876810E+00,+1.32204766572E+00
-2.10000E-06,+1.33718598820E+00,+1.02474871092E+00,+1.01959801465E+00,+1.34214816801E+00
-2.05000E-06,+1.32713573705E+00,+1.00464820862E+00,+1.04974876810E+00,+1.32204766572E+00
-2.00000E-06,+1.35728649050E+00,+1.00464820862E+00,+1.01959801465E+00,+1.28184666112E+00
-1.95000E-06,+1.31708548591E+00,+1.00464820862E+00,+1.01959801465E+00,+1.33209791687E+00
-1.90000E-06,+1.31708548591E+00,+1.02474871092E+00,+1.03969851695E+00,+1.34214816801E+00
-1.85000E-06,+1.34723623935E+00,+1.00464820862E+00,+1.04974876810E+00,+1.32204766572E+00
-1.80000E-06,+1.39748749509E+00,+1.04484921321E+00,+1.01959801465E+00,+1.36224867031E+00
-1.75000E-06,+1.32713573706E+00,+1.00464820862E+00,+1.01959801465E+00,+1.29189691227E+00
-1.70000E-06,+1.35728649050E+00,+1.02474871091E+00,+1.03969851695E+00,+1.34214816801E+00
-1.65000E-06,+1.34723623935E+00,+1.01469845977E+00,+1.05979901925E+00,+1.29189691227E+00
-1.60000E-06,+1.31708548591E+00,+1.00464820862E+00,+1.05979901925E+00,+1.32204766572E+00
-1.55000E-06,+1.32713573706E+00,+1.01469845977E+00,+1.05979901925E+00,+1.32204766572E+00
-1.50000E-06,+1.33718598820E+00,+1.02474871092E+00,+999.49751235E-03,+1.36224867031E+00
-1.45000E-06,+1.32713573705E+00,+1.00464820862E+00,+1.03969851695E+00,+1.35219841916E+00
-1.40000E-06,+1.31708548591E+00,+1.00464820862E+00,+979.39701006E-03,+1.36224867031E+00
-1.35000E-06,+1.30703523476E+00,+1.01469845977E+00,+1.01959801465E+00,+1.32204766572E+00
-1.30000E-06,+1.33718598820E+00,+1.00464820862E+00,+1.01959801466E+00,+1.32204766572E+00
-1.25000E-06,+1.32713573705E+00,+974.49745517E-03,+1.01959801465E+00,+1.32204766572E+00
-1.20000E-06,+1.31708548591E+00,+1.04484921321E+00,+979.39701006E-03,+1.36224867031E+00
-1.15000E-06,+1.28693473246E+00,+1.03479896206E+00,+1.02964826580E+00,+1.32204766572E+00
-1.10000E-06,+1.35728649050E+00,+1.00464820862E+00,+1.03969851695E+00,+1.30194716342E+00
-1.05000E-06,+1.31708548591E+00,+1.00464820862E+00,+1.04974876810E+00,+1.33209791686E+00
-1.00000E-06,+1.35728649050E+00,+1.00464820862E+00,+979.39701006E-03,+1.36224867031E+00
-950.00E-09,+1.28693473246E+00,+974.49745517E-03,+1.01959801465E+00,+1.35219841916E+00
-900.00E-09,+1.33718598820E+00,+1.02474871091E+00,+1.01959801465E+00,+1.34214816801E+00
-850.00E-09,+1.31708548591E+00,+974.49745517E-03,+1.02964826580E+00,+1.32204766572E+00
-800.00E-09,+1.31708548591E+00,+1.04484921321E+00,+1.05979901925E+00,+1.32204766572E+00
-750.00E-09,+1.31708548591E+00,+1.01469845977E+00,+1.02964826580E+00,+1.32204766572E+00
-700.00E-09,+1.33718598820E+00,+1.02474871091E+00,+1.01959801465E+00,+1.32204766572E+00
-650.00E-09,+1.31708548591E+00,+1.01469845977E+00,+1.04974876810E+00,+1.33209791686E+00
-600.00E-09,+1.31708548591E+00,+1.00464820862E+00,+1.01959801465E+00,+1.36224867031E+00
-550.00E-09,+1.31708548591E+00,+1.02474871091E+00,+1.04974876810E+00,+1.32204766572E+00
-500.00E-09,+1.35728649050E+00,+1.00464820862E+00,+1.03969851695E+00,+1.34214816801E+00
-450.00E-09,+1.34723623935E+00,+1.06494971551E+00,+1.01959801465E+00,+1.35219841916E+00
-400.00E-09,+1.31708548591E+00,+1.00464820862E+00,+979.39701006E-03,+1.32204766572E+00
-350.00E-09,+1.34723623935E+00,+1.03479896206E+00,+1.04974876810E+00,+1.30194716342E+00
-300.00E-09,+1.33718598820E+00,+1.02474871091E+00,+1.01959801465E+00,+1.30194716342E+00
-250.00E-09,+1.32713573705E+00,+1.00464820862E+00,+1.04974876810E+00,+1.32204766572E+00
-200.00E-09,+1.35728649050E+00,+1.04484921321E+00,+1.05979901925E+00,+1.32204766572E+00
-150.00E-09,+1.34723623935E+00,+1.02474871091E+00,+1.01959801465E+00,+1.36224867031E+00
-100.00E-09,+1.31708548591E+00,+1.00464820862E+00,+1.01959801465E+00,+1.32204766572E+00
-50.00E-09,+1.31708548591E+00,+1.00464820862E+00,+989.44726121E-03,+1.29189691227E+00
+0.0E+00,+1.03567845374E+00,+1.00464820862E+00,+1.01959801465E+00,+1.32204766572E+00
+50.00E-09,+1.03567845374E+00,+1.00464820862E+00,+1.05979901925E+00,+1.36224867031E+00
+100.00E-09,+1.01557795144E+00,+1.02474871091E+00,+1.01959801466E+00,+1.36224867031E+00
+150.00E-09,+1.03567845374E+00,+1.03479896207E+00,+989.44726121E-03,+1.35219841916E+00
+200.00E-09,+995.47744915E-03,+1.04484921321E+00,+1.05979901925E+00,+1.32204766572E+00
+250.00E-09,+995.47744915E-03,+1.02474871091E+00,+1.04974876810E+00,+1.32204766572E+00
+300.00E-09,+1.03567845374E+00,+1.00464820862E+00,+1.03969851695E+00,+1.32204766572E+00
+350.00E-09,+1.02562820260E+00,+1.00464820862E+00,+1.04974876810E+00,+1.32204766572E+00
+400.00E-09,+995.47744915E-03,+1.00464820862E+00,+1.05979901925E+00,+1.36224867031E+00
+450.00E-09,+975.37694686E-03,+1.01469845977E+00,+1.04974876810E+00,+1.32204766572E+00
+500.00E-09,+1.01557795144E+00,+1.02474871092E+00,+1.05979901925E+00,+1.32204766572E+00
+550.00E-09,+985.42719800E-03,+1.03479896207E+00,+1.03969851695E+00,+1.33209791686E+00
+600.00E-09,+1.07587945834E+00,+1.00464820862E+00,+1.01959801465E+00,+1.36224867031E+00
+650.00E-09,+1.03567845374E+00,+1.00464820862E+00,+1.01959801465E+00,+1.35219841916E+00
+700.00E-09,+1.03567845374E+00,+1.02474871092E+00,+1.03969851694E+00,+1.32204766572E+00
+750.00E-09,+965.32669570E-03,+1.03479896207E+00,+1.05979901925E+00,+1.32204766572E+00
+800.00E-09,+995.47744915E-03,+1.00464820862E+00,+1.01959801465E+00,+1.32204766571E+00
+850.00E-09,+1.03567845374E+00,+1.01469845977E+00,+1.01959801465E+00,+1.32204766572E+00
+900.00E-09,+1.05577895604E+00,+1.02474871092E+00,+1.03969851695E+00,+1.32204766572E+00
+950.00E-09,+1.03567845374E+00,+1.03479896207E+00,+1.00954776351E+00,+1.32204766572E+00
+1.00000E-06,+1.03567845374E+00,+1.00464820862E+00,+1.01959801465E+00,+1.32204766572E+00
+1.05000E-06,+1.03567845374E+00,+1.00464820862E+00,+1.07989952154E+00,+1.32204766572E+00
+1.10000E-06,+995.47744915E-03,+1.04484921321E+00,+1.03969851695E+00,+1.34214816801E+00
+1.15000E-06,+1.02562820260E+00,+1.00464820862E+00,+1.04974876810E+00,+1.33209791686E+00
+1.20000E-06,+995.47744915E-03,+1.00464820862E+00,+1.01959801465E+00,+1.32204766572E+00
+1.25000E-06,+965.32669570E-03,+1.01469845977E+00,+1.01959801465E+00,+1.37229892146E+00
+1.30000E-06,+1.01557795145E+00,+1.04484921321E+00,+999.49751236E-03,+1.36224867031E+00
+1.35000E-06,+1.04572870489E+00,+1.00464820862E+00,+1.01959801465E+00,+1.29189691227E+00
+1.40000E-06,+955.27644456E-03,+1.00464820862E+00,+1.05979901924E+00,+1.36224867031E+00
+1.45000E-06,+1.02562820259E+00,+1.00464820862E+00,+1.01959801465E+00,+1.35219841916E+00
+1.50000E-06,+1.01557795145E+00,+1.00464820862E+00,+999.49751235E-03,+1.36224867031E+00
+1.55000E-06,+965.32669570E-03,+1.01469845977E+00,+1.04974876810E+00,+1.32204766572E+00
+1.60000E-06,+1.07587945833E+00,+1.00464820862E+00,+1.01959801465E+00,+1.36224867031E+00
+1.65000E-06,+1.06582920719E+00,+1.00464820862E+00,+1.01959801465E+00,+1.32204766572E+00
+1.70000E-06,+1.03567845374E+00,+1.00464820862E+00,+1.03969851695E+00,+1.32204766572E+00
+1.75000E-06,+995.47744915E-03,+1.00464820862E+00,+1.04974876810E+00,+1.33209791686E+00
+1.80000E-06,+995.47744915E-03,+1.04484921321E+00,+1.01959801465E+00,+1.32204766572E+00
+1.85000E-06,+1.00552770030E+00,+1.02474871091E+00,+1.02964826580E+00,+1.31199741456E+00
+1.90000E-06,+1.05577895604E+00,+1.00464820862E+00,+1.03969851695E+00,+1.36224867031E+00
+1.95000E-06,+1.00552770030E+00,+1.03479896207E+00,+1.01959801465E+00,+1.35219841916E+00
+2.00000E-06,+1.03567845374E+00,+1.00464820862E+00,+1.01959801465E+00,+1.32204766572E+00
+2.05000E-06,+1.03567845374E+00,+1.00464820862E+00,+1.00954776350E+00,+1.32204766572E+00
+2.10000E-06,+1.01557795145E+00,+1.02474871091E+00,+1.03969851695E+00,+1.30194716342E+00
+2.15000E-06,+965.32669570E-03,+1.03479896207E+00,+1.05979901925E+00,+1.32204766572E+00
+2.20000E-06,+995.47744915E-03,+1.00464820862E+00,+1.01959801465E+00,+1.36224867031E+00
+2.25000E-06,+1.06582920719E+00,+984.54770632E-03,+1.04974876810E+00,+1.35219841916E+00
+2.30000E-06,+1.03567845374E+00,+1.00464820862E+00,+1.03969851695E+00,+1.32204766572E+00
+2.35000E-06,+1.02562820260E+00,+1.01469845977E+00,+1.04974876810E+00,+1.33209791686E+00
+2.40000E-06,+1.03567845374E+00,+1.04484921321E+00,+1.01959801465E+00,+1.28184666112E+00
+2.45000E-06,+955.27644455E-03,+974.49745517E-03,+1.01959801465E+00,+1.32204766572E+00
+2.50000E-06,+1.01557795145E+00,+1.02474871091E+00,+979.39701006E-03,+1.36224867031E+00
+2.55000E-06,+985.42719800E-03,+994.59795747E-03,+1.01959801465E+00,+1.32204766572E+00
+2.60000E-06,+995.47744915E-03,+1.00464820862E+00,+1.05979901925E+00,+1.32204766572E+00
+2.65000E-06,+1.00552770030E+00,+1.01469845977E+00,+1.05979901925E+00,+1.35219841916E+00
+2.70000E-06,+1.01557795144E+00,+984.54770632E-03,+1.03969851695E+00,+1.36224867031E+00
+2.75000E-06,+1.02562820260E+00,+1.03479896207E+00,+1.02964826580E+00,+1.32204766572E+00
+2.80000E-06,+995.47744915E-03,+1.00464820862E+00,+1.05979901925E+00,+1.32204766572E+00
+2.85000E-06,+1.03567845374E+00,+1.01469845977E+00,+1.00954776350E+00,+1.36224867031E+00
+2.90000E-06,+1.01557795144E+00,+1.02474871091E+00,+1.03969851695E+00,+1.32204766572E+00
+2.95000E-06,+1.03567845374E+00,+1.00464820862E+00,+1.04974876810E+00,+1.30194716341E+00
+3.00000E-06,+995.47744915E-03,+964.44720403E-03,+1.01959801465E+00,+1.36224867031E+00
+3.05000E-06,+1.03567845374E+00,+1.04484921321E+00,+1.02964826580E+00,+1.35219841916E+00
+3.10000E-06,+995.47744915E-03,+1.00464820862E+00,+1.01959801465E+00,+1.32204766572E+00
+3.15000E-06,+995.47744915E-03,+1.03479896207E+00,+1.01959801465E+00,+1.36224867031E+00
+3.20000E-06,+995.47744915E-03,+1.00464820862E+00,+1.05979901925E+00,+1.32204766572E+00
+3.25000E-06,+1.03567845374E+00,+974.49745517E-03,+1.02964826580E+00,+1.34214816801E+00
+3.30000E-06,+1.01557795144E+00,+1.02474871091E+00,+1.01959801466E+00,+1.36224867031E+00
+3.35000E-06,+1.02562820260E+00,+1.03479896207E+00,+1.03969851695E+00,+1.32204766572E+00
+3.40000E-06,+1.03567845374E+00,+1.00464820862E+00,+1.05979901925E+00,+1.32204766572E+00
+3.45000E-06,+1.02562820259E+00,+1.03479896206E+00,+1.03969851695E+00,+1.33209791687E+00
+3.50000E-06,+1.01557795145E+00,+984.54770632E-03,+1.01959801465E+00,+1.36224867031E+00
+3.55000E-06,+1.00552770030E+00,+1.03479896207E+00,+1.01959801465E+00,+1.36224867031E+00
+3.60000E-06,+995.47744915E-03,+1.00464820862E+00,+979.39701006E-03,+1.36224867031E+00
+3.65000E-06,+995.47744915E-03,+1.04484921321E+00,+1.04974876810E+00,+1.33209791687E+00
+3.70000E-06,+975.37694685E-03,+1.00464820862E+00,+1.03969851695E+00,+1.32204766572E+00
+3.75000E-06,+1.00552770030E+00,+1.00464820862E+00,+1.01959801465E+00,+1.32204766572E+00
+3.80000E-06,+995.47744915E-03,+964.44720402E-03,+1.05979901925E+00,+1.40244967490E+00
+3.85000E-06,+965.32669570E-03,+1.04484921321E+00,+979.39701006E-03,+1.39239942375E+00
+3.90000E-06,+995.47744915E-03,+1.00464820862E+00,+979.39701006E-03,+1.34214816801E+00
+3.95000E-06,+1.03567845374E+00,+1.00464820862E+00,+1.05979901925E+00,+1.35219841916E+00
+4.00000E-06,+995.47744915E-03,+1.00464820862E+00,+1.01959801465E+00,+1.36224867031E+00
+4.05000E-06,+1.03567845374E+00,+1.01469845977E+00,+1.01959801465E+00,+1.33209791687E+00
+4.10000E-06,+1.01557795145E+00,+984.54770632E-03,+1.03969851695E+00,+1.34214816801E+00
+4.15000E-06,+1.03567845374E+00,+1.00464820862E+00,+1.01959801465E+00,+1.32204766572E+00
+4.20000E-06,+995.47744915E-03,+1.04484921321E+00,+1.01959801465E+00,+1.32204766572E+00
+4.25000E-06,+1.02562820259E+00,+1.00464820862E+00,+1.04974876810E+00,+1.32204766572E+00
+4.30000E-06,+1.03567845374E+00,+1.02474871092E+00,+1.03969851695E+00,+1.34214816801E+00
+4.35000E-06,+1.00552770030E+00,+1.00464820862E+00,+1.00954776351E+00,+1.32204766572E+00
+4.40000E-06,+1.03567845374E+00,+1.00464820862E+00,+979.39701006E-03,+1.32204766572E+00
+4.45000E-06,+975.37694685E-03,+1.00464820862E+00,+1.04974876810E+00,+1.32204766572E+00
+4.50000E-06,+995.47744915E-03,+1.00464820861E+00,+1.01959801465E+00,+1.32204766572E+00
+4.55000E-06,+1.01557795145E+00,+1.03479896207E+00,+1.04974876810E+00,+1.32204766572E+00
+4.60000E-06,+1.03567845374E+00,+1.04484921321E+00,+1.01959801465E+00,+1.32204766572E+00
+4.65000E-06,+1.03567845374E+00,+1.00464820862E+00,+1.02964826580E+00,+1.37229892146E+00
+4.70000E-06,+1.01557795145E+00,+1.02474871092E+00,+1.01959801465E+00,+1.34214816801E+00
+4.75000E-06,+1.00552770030E+00,+1.03479896207E+00,+1.02964826580E+00,+1.32204766572E+00
+4.80000E-06,+1.03567845374E+00,+1.04484921321E+00,+1.05979901925E+00,+1.28184666112E+00
+4.85000E-06,+1.02562820259E+00,+984.54770632E-03,+1.02964826580E+00,+1.32204766572E+00
+4.90000E-06,+995.47744915E-03,+1.00464820862E+00,+1.01959801465E+00,+1.36224867031E+00
+4.95000E-06,+985.42719800E-03,+1.01469845976E+00,+1.04974876810E+00,+1.33209791686E+00
+5.00000E-06,+995.47744915E-03,+964.44720403E-03,+1.01959801465E+00,+1.32204766572E+00
+5.05000E-06,+1.02562820259E+00,+1.00464820862E+00,+999.49751236E-03,+1.35219841916E+00
+5.10000E-06,+1.03567845374E+00,+1.00464820862E+00,+1.05979901925E+00,+1.34214816801E+00
+5.15000E-06,+1.00552770030E+00,+1.00464820862E+00,+1.05979901925E+00,+1.35219841916E+00
+5.20000E-06,+995.47744915E-03,+964.44720403E-03,+1.05979901925E+00,+1.36224867031E+00
+5.25000E-06,+1.03567845374E+00,+1.00464820862E+00,+1.01959801465E+00,+1.32204766572E+00
+5.30000E-06,+995.47744915E-03,+1.00464820862E+00,+1.05979901925E+00,+1.34214816801E+00
+5.35000E-06,+985.42719799E-03,+1.03479896207E+00,+1.04974876810E+00,+1.32204766572E+00
+5.40000E-06,+995.47744915E-03,+1.04484921321E+00,+1.01959801465E+00,+1.32204766572E+00
+5.45000E-06,+1.03567845374E+00,+1.00464820862E+00,+1.04974876810E+00,+1.30194716342E+00
+5.50000E-06,+1.03567845374E+00,+1.00464820862E+00,+1.03969851695E+00,+1.32204766572E+00
+5.55000E-06,+1.02562820260E+00,+1.00464820862E+00,+1.07989952155E+00,+1.32204766572E+00
+5.60000E-06,+995.47744915E-03,+1.00464820862E+00,+1.05979901925E+00,+1.32204766572E+00
+5.65000E-06,+1.00552770030E+00,+974.49745517E-03,+1.01959801465E+00,+1.32204766572E+00
+5.70000E-06,+1.01557795145E+00,+1.02474871091E+00,+1.01959801465E+00,+1.38234917261E+00
+5.75000E-06,+1.03567845374E+00,+1.00464820862E+00,+1.02964826580E+00,+1.32204766572E+00
+5.80000E-06,+995.47744915E-03,+1.00464820862E+00,+1.01959801465E+00,+1.36224867031E+00
+5.85000E-06,+1.06582920719E+00,+1.00464820862E+00,+989.44726121E-03,+1.35219841916E+00
+5.90000E-06,+1.01557795145E+00,+1.02474871092E+00,+1.03969851695E+00,+1.32204766572E+00
+5.95000E-06,+995.47744915E-03,+1.03479896207E+00,+1.00954776351E+00,+1.33209791686E+00
+6.00000E-06,+995.47744915E-03,+1.04484921321E+00,+979.39701006E-03,+1.36224867031E+00
+6.05000E-06,+1.00552770030E+00,+1.03479896206E+00,+1.01959801465E+00,+1.32204766572E+00
+6.10000E-06,+995.47744915E-03,+1.04484921321E+00,+1.01959801465E+00,+1.32204766572E+00
+6.15000E-06,+1.02562820260E+00,+1.03479896207E+00,+1.01959801465E+00,+1.32204766572E+00
+6.20000E-06,+995.47744915E-03,+1.00464820862E+00,+1.05979901925E+00,+1.32204766572E+00
+6.25000E-06,+1.00552770030E+00,+1.03479896206E+00,+1.01959801465E+00,+1.32204766572E+00
+6.30000E-06,+1.03567845374E+00,+1.00464820862E+00,+1.03969851695E+00,+1.32204766572E+00
+6.35000E-06,+1.00552770030E+00,+1.00464820862E+00,+1.02964826580E+00,+1.32204766572E+00
+6.40000E-06,+1.03567845374E+00,+1.00464820862E+00,+1.05979901925E+00,+1.32204766572E+00
+6.45000E-06,+985.42719800E-03,+1.01469845977E+00,+1.02964826580E+00,+1.33209791687E+00
+6.50000E-06,+1.03567845374E+00,+1.00464820862E+00,+1.01959801465E+00,+1.32204766572E+00
+6.55000E-06,+1.03567845374E+00,+1.01469845976E+00,+959.29650776E-03,+1.35219841916E+00
+6.60000E-06,+955.27644456E-03,+1.00464820862E+00,+1.05979901925E+00,+1.32204766572E+00
+6.65000E-06,+995.47744915E-03,+1.04484921321E+00,+1.04974876810E+00,+1.32204766572E+00
+6.70000E-06,+1.01557795144E+00,+1.00464820862E+00,+1.01959801465E+00,+1.34214816801E+00
+6.75000E-06,+995.47744915E-03,+1.00464820862E+00,+1.01959801465E+00,+1.33209791686E+00
+6.80000E-06,+1.03567845374E+00,+1.00464820862E+00,+979.39701006E-03,+1.32204766572E+00
+6.85000E-06,+1.02562820259E+00,+1.00464820862E+00,+1.06984927039E+00,+1.32204766572E+00
+6.90000E-06,+1.01557795144E+00,+1.02474871092E+00,+1.05979901925E+00,+1.34214816801E+00
+6.95000E-06,+1.02562820260E+00,+1.00464820862E+00,+1.02964826580E+00,+1.33209791686E+00
+7.00000E-06,+995.47744915E-03,+1.00464820862E+00,+1.01959801465E+00,+1.32204766572E+00
+7.05000E-06,+975.37694686E-03,+1.03479896206E+00,+1.02964826580E+00,+1.38234917260E+00
+7.10000E-06,+995.47744915E-03,+1.02474871092E+00,+1.01959801465E+00,+1.34214816801E+00
+7.15000E-06,+1.00552770030E+00,+1.03479896207E+00,+1.01959801465E+00,+1.34214816801E+00
+7.20000E-06,+995.47744915E-03,+1.00464820862E+00,+1.01959801465E+00,+1.28184666112E+00
+7.25000E-06,+1.00552770030E+00,+1.00464820862E+00,+1.06984927040E+00,+1.32204766572E+00
+7.30000E-06,+1.01557795144E+00,+1.00464820862E+00,+1.01959801465E+00,+1.32204766572E+00
+7.35000E-06,+1.00552770030E+00,+1.00464820862E+00,+1.03969851695E+00,+1.32204766572E+00
+7.40000E-06,+995.47744915E-03,+964.44720403E-03,+1.05979901924E+00,+1.32204766572E+00
+7.45000E-06,+995.47744915E-03,+1.03479896206E+00,+1.04974876810E+00,+1.31199741456E+00
+7.50000E-06,+1.01557795145E+00,+984.54770632E-03,+1.03969851695E+00,+1.34214816801E+00
+7.55000E-06,+1.06582920719E+00,+1.00464820862E+00,+1.01959801465E+00,+1.33209791686E+00
+7.60000E-06,+955.27644456E-03,+1.00464820862E+00,+1.01959801465E+00,+1.36224867031E+00
+7.65000E-06,+1.03567845374E+00,+994.59795747E-03,+979.39701006E-03,+1.33209791687E+00
+7.70000E-06,+1.01557795145E+00,+1.02474871091E+00,+1.07989952154E+00,+1.32204766572E+00
+7.75000E-06,+1.03567845374E+00,+1.00464820862E+00,+1.01959801465E+00,+1.39239942376E+00
+7.80000E-06,+995.47744915E-03,+964.44720403E-03,+1.01959801465E+00,+1.36224867031E+00
+7.85000E-06,+1.00552770030E+00,+974.49745517E-03,+1.02964826580E+00,+1.36224867031E+00
+7.90000E-06,+1.01557795145E+00,+1.00464820862E+00,+1.01959801465E+00,+1.30194716342E+00
+7.95000E-06,+975.37694685E-03,+1.00464820862E+00,+1.02964826580E+00,+1.33209791686E+00
+8.00000E-06,+1.03567845374E+00,+1.04484921321E+00,+1.05979901925E+00,+1.32204766572E+00
+8.05000E-06,+1.07587945834E+00,+1.00464820862E+00,+1.04974876810E+00,+1.35219841916E+00
+8.10000E-06,+1.03567845375E+00,+984.54770632E-03,+1.07989952155E+00,+1.34214816801E+00
+8.15000E-06,+1.02562820260E+00,+1.04484921321E+00,+989.44726120E-03,+1.32204766572E+00
+8.20000E-06,+995.47744915E-03,+964.44720403E-03,+1.01959801465E+00,+1.32204766572E+00
+8.25000E-06,+1.02562820259E+00,+1.00464820862E+00,+1.04974876810E+00,+1.33209791687E+00
+8.30000E-06,+995.47744915E-03,+1.02474871092E+00,+1.03969851695E+00,+1.28184666112E+00
+8.35000E-06,+1.03567845374E+00,+1.00464820862E+00,+1.00954776351E+00,+1.36224867031E+00
+8.40000E-06,+955.27644456E-03,+1.00464820862E+00,+1.01959801465E+00,+1.32204766572E+00
+8.45000E-06,+985.42719800E-03,+1.00464820862E+00,+1.04974876810E+00,+1.32204766572E+00
+8.50000E-06,+1.01557795144E+00,+1.02474871091E+00,+1.01959801465E+00,+1.32204766572E+00
+8.55000E-06,+995.47744915E-03,+1.04484921321E+00,+1.05979901925E+00,+1.32204766572E+00
+8.60000E-06,+995.47744915E-03,+1.00464820862E+00,+1.01959801465E+00,+1.28184666112E+00
+8.65000E-06,+1.00552770030E+00,+1.03479896206E+00,+999.49751236E-03,+1.35219841916E+00
+8.70000E-06,+975.37694685E-03,+1.02474871091E+00,+1.01959801465E+00,+1.32204766572E+00
+8.75000E-06,+1.00552770030E+00,+1.01469845976E+00,+1.02964826580E+00,+1.35219841916E+00
+8.80000E-06,+955.27644455E-03,+1.00464820862E+00,+1.01959801465E+00,+1.32204766572E+00
+8.85000E-06,+1.03567845374E+00,+1.01469845977E+00,+1.02964826580E+00,+1.31199741456E+00
+8.90000E-06,+995.47744915E-03,+984.54770632E-03,+999.49751236E-03,+1.32204766572E+00
+8.95000E-06,+1.00552770030E+00,+1.00464820862E+00,+1.02964826580E+00,+1.36224867031E+00
+9.00000E-06,+995.47744915E-03,+1.00464820862E+00,+1.05979901925E+00,+1.28184666112E+00
+9.05000E-06,+1.03567845374E+00,+1.04484921321E+00,+1.01959801465E+00,+1.31199741456E+00
+9.10000E-06,+995.47744914E-03,+1.00464820862E+00,+1.03969851695E+00,+1.32204766572E+00
+9.15000E-06,+1.01557795145E+00,+1.03479896207E+00,+1.02964826580E+00,+1.33209791686E+00
+9.20000E-06,+995.47744915E-03,+1.04484921321E+00,+1.01959801465E+00,+1.32204766572E+00
+9.25000E-06,+1.00552770030E+00,+1.01469845977E+00,+1.01959801465E+00,+1.32204766572E+00
+9.30000E-06,+1.01557795144E+00,+1.02474871091E+00,+1.03969851695E+00,+1.34214816801E+00
+9.35000E-06,+1.02562820260E+00,+1.04484921321E+00,+1.05979901925E+00,+1.32204766572E+00
+9.40000E-06,+1.03567845374E+00,+1.00464820862E+00,+979.39701006E-03,+1.36224867031E+00
+9.45000E-06,+995.47744915E-03,+1.00464820862E+00,+989.44726121E-03,+1.35219841916E+00
+9.50000E-06,+1.01557795145E+00,+1.02474871092E+00,+1.01959801465E+00,+1.32204766572E+00
+9.55000E-06,+1.03567845374E+00,+1.00464820862E+00,+1.02964826580E+00,+1.29189691227E+00
+9.60000E-06,+995.47744915E-03,+1.00464820862E+00,+1.05979901925E+00,+1.32204766572E+00
+9.65000E-06,+1.02562820259E+00,+1.00464820862E+00,+1.01959801465E+00,+1.35219841916E+00
+9.70000E-06,+1.01557795145E+00,+1.00464820862E+00,+999.49751235E-03,+1.36224867031E+00
+9.75000E-06,+995.47744915E-03,+1.04484921321E+00,+1.04974876810E+00,+1.32204766572E+00
+9.80000E-06,+1.03567845374E+00,+1.00464820862E+00,+1.05979901924E+00,+1.32204766572E+00
+9.85000E-06,+1.03567845374E+00,+1.00464820862E+00,+1.05979901925E+00,+1.32204766572E+00
+9.90000E-06,+1.03567845374E+00,+1.02474871092E+00,+1.01959801466E+00,+1.34214816801E+00
+9.95000E-06,+1.03567845374E+00,+1.00464820862E+00,+1.00954776351E+00,+1.35219841916E+00
+10.00000E-06,+995.47744915E-03,+1.04484921321E+00,+1.01959801465E+00,+1.36224867031E+00
+10.05000E-06,+1.00552770030E+00,+1.03479896206E+00,+1.04974876810E+00,+1.33209791687E+00
+10.10000E-06,+1.01557795145E+00,+1.02474871091E+00,+1.03969851695E+00,+1.32204766572E+00
+10.15000E-06,+995.47744915E-03,+1.03479896207E+00,+1.07989952155E+00,+1.33209791686E+00
+10.20000E-06,+995.47744915E-03,+1.00464820862E+00,+1.05979901925E+00,+1.36224867031E+00
+10.25000E-06,+1.00552770030E+00,+994.59795747E-03,+1.01959801465E+00,+1.33209791687E+00
+10.30000E-06,+1.03567845374E+00,+1.00464820862E+00,+1.01959801465E+00,+1.32204766572E+00
+10.35000E-06,+995.47744915E-03,+1.00464820862E+00,+1.04974876810E+00,+1.32204766572E+00
+10.40000E-06,+995.47744915E-03,+1.04484921321E+00,+1.01959801465E+00,+1.36224867031E+00
+10.45000E-06,+1.02562820259E+00,+1.01469845977E+00,+1.02964826580E+00,+1.35219841916E+00
+10.50000E-06,+995.47744915E-03,+1.02474871091E+00,+1.01959801465E+00,+1.32204766572E+00
+10.55000E-06,+1.02562820260E+00,+1.06494971551E+00,+1.01959801465E+00,+1.35219841916E+00
+10.60000E-06,+1.03567845374E+00,+1.24585423619E+00,+1.01959801465E+00,+1.32204766572E+00
+10.65000E-06,+1.02562820259E+00,+1.32625624537E+00,+1.06984927040E+00,+1.29189691227E+00
+10.70000E-06,+975.37694685E-03,+1.34635674767E+00,+1.01959801465E+00,+1.32204766572E+00
+10.75000E-06,+985.42719800E-03,+1.33630649652E+00,+999.49751235E-03,+1.33209791686E+00
+10.80000E-06,+1.03567845374E+00,+1.36645724997E+00,+1.01959801465E+00,+1.32204766572E+00
+10.85000E-06,+995.47744915E-03,+1.32625624537E+00,+1.00954776350E+00,+1.32204766572E+00
+10.90000E-06,+1.01557795144E+00,+1.36645724997E+00,+1.05979901925E+00,+1.32204766572E+00
+10.95000E-06,+1.02562820260E+00,+1.35640699882E+00,+1.01959801465E+00,+1.33209791686E+00
+11.00000E-06,+1.03567845374E+00,+1.32625624538E+00,+1.01959801465E+00,+1.36224867031E+00
+11.05000E-06,+995.47744915E-03,+1.35640699882E+00,+989.44726121E-03,+1.32204766572E+00
+11.10000E-06,+995.47744915E-03,+1.32625624537E+00,+1.01959801465E+00,+1.32204766572E+00
+11.15000E-06,+965.32669570E-03,+1.30615574307E+00,+999.49751235E-03,+1.34214816802E+00
+11.20000E-06,+1.03567845374E+00,+1.04484921321E+00,+979.39701006E-03,+1.28184666112E+00
+11.25000E-06,+1.02562820259E+00,+1.00464820862E+00,+1.01959801465E+00,+1.32204766572E+00
+11.30000E-06,+1.01557795145E+00,+1.00464820862E+00,+1.01959801465E+00,+1.38234917261E+00
+11.35000E-06,+995.47744915E-03,+1.01469845977E+00,+1.04974876810E+00,+1.32204766572E+00
+11.40000E-06,+1.03567845374E+00,+1.00464820862E+00,+1.01959801465E+00,+1.32204766572E+00
+11.45000E-06,+985.42719800E-03,+1.01469845977E+00,+1.02964826580E+00,+1.33209791687E+00
+11.50000E-06,+1.01557795145E+00,+1.00464820862E+00,+1.01959801465E+00,+1.34214816801E+00
+11.55000E-06,+1.02562820260E+00,+1.00464820862E+00,+1.01959801465E+00,+1.32204766572E+00
+11.60000E-06,+1.03567845374E+00,+1.00464820862E+00,+1.01959801465E+00,+1.36224867031E+00
+11.65000E-06,+995.47744915E-03,+994.59795747E-03,+1.04974876810E+00,+1.31199741457E+00
+11.70000E-06,+1.01557795145E+00,+1.02474871091E+00,+1.03969851695E+00,+1.32204766572E+00
+11.75000E-06,+1.03567845374E+00,+1.03479896207E+00,+1.04974876810E+00,+1.35219841916E+00
+11.80000E-06,+1.03567845374E+00,+1.32625624538E+00,+1.05979901925E+00,+1.32204766572E+00
+11.85000E-06,+985.42719800E-03,+1.35640699882E+00,+1.05979901925E+00,+1.33209791687E+00
+11.90000E-06,+995.47744915E-03,+1.34635674767E+00,+1.01959801465E+00,+1.30194716342E+00
+11.95000E-06,+1.01557795144E+00,+1.32625624537E+00,+1.03969851695E+00,+1.32204766572E+00
+12.00000E-06,+955.27644456E-03,+1.36645724997E+00,+1.05979901924E+00,+1.28184666112E+00
+12.05000E-06,+1.02562820259E+00,+1.35640699882E+00,+1.01959801465E+00,+1.35219841916E+00
+12.10000E-06,+1.05577895604E+00,+1.32625624538E+00,+1.01959801465E+00,+1.34214816801E+00
+12.15000E-06,+1.03567845374E+00,+1.30615574308E+00,+989.44726121E-03,+1.35219841916E+00
+12.20000E-06,+995.47744915E-03,+1.32625624537E+00,+1.01959801465E+00,+1.36224867031E+00
+12.25000E-06,+995.47744915E-03,+1.29610549193E+00,+1.01959801465E+00,+1.33209791687E+00
+12.30000E-06,+1.03567845374E+00,+1.34635674767E+00,+1.03969851695E+00,+1.34214816801E+00
+12.35000E-06,+1.02562820260E+00,+1.32625624537E+00,+1.01959801465E+00,+1.36224867031E+00
+12.40000E-06,+1.03567845374E+00,+1.12525122240E+00,+898.99500087E-03,+1.32204766572E+00
+12.45000E-06,+1.03567845374E+00,+1.00464820862E+00,+1.03969851695E+00,+1.32204766572E+00
+12.50000E-06,+1.01557795145E+00,+1.02474871091E+00,+1.01959801465E+00,+1.34214816801E+00
+12.55000E-06,+1.03567845374E+00,+1.03479896207E+00,+1.04974876810E+00,+1.33209791686E+00
+12.60000E-06,+1.03567845374E+00,+964.44720403E-03,+1.05979901925E+00,+1.36224867031E+00
+12.65000E-06,+1.02562820259E+00,+1.00464820862E+00,+989.44726121E-03,+1.36224867031E+00
+12.70000E-06,+1.03567845374E+00,+1.00464820862E+00,+999.49751235E-03,+1.34214816801E+00
+12.75000E-06,+1.00552770030E+00,+1.00464820862E+00,+1.02964826580E+00,+1.32204766572E+00
+12.80000E-06,+1.03567845374E+00,+1.04484921321E+00,+1.01959801465E+00,+1.28184666112E+00
+12.85000E-06,+1.03567845374E+00,+1.00464820862E+00,+1.04974876810E+00,+1.32204766572E+00
+12.90000E-06,+1.03567845374E+00,+1.00464820862E+00,+1.03969851695E+00,+1.36224867031E+00
+12.95000E-06,+1.02562820260E+00,+1.01469845977E+00,+1.01959801465E+00,+1.39239942376E+00
+13.00000E-06,+1.03567845374E+00,+1.28605524078E+00,+1.01959801465E+00,+1.36224867031E+00
+13.05000E-06,+1.04572870489E+00,+1.35640699882E+00,+1.05979901925E+00,+1.33209791686E+00
+13.10000E-06,+1.01557795145E+00,+1.34635674767E+00,+1.07989952154E+00,+1.32204766571E+00
+13.15000E-06,+1.03567845374E+00,+1.31620599423E+00,+1.01959801465E+00,+1.35219841916E+00
+13.20000E-06,+995.47744915E-03,+1.32625624537E+00,+979.39701006E-03,+1.32204766572E+00
+13.25000E-06,+995.47744915E-03,+1.36645724997E+00,+1.08994977269E+00,+1.32204766572E+00
+13.30000E-06,+1.03567845374E+00,+1.34635674767E+00,+1.01959801465E+00,+1.32204766572E+00
+13.35000E-06,+1.03567845374E+00,+1.32625624537E+00,+1.02964826580E+00,+1.32204766572E+00
+13.40000E-06,+955.27644456E-03,+1.36645724997E+00,+1.01959801465E+00,+1.36224867031E+00
+13.45000E-06,+1.01557795145E+00,+1.35640699882E+00,+999.49751236E-03,+1.32204766572E+00
+13.50000E-06,+995.47744915E-03,+1.32625624537E+00,+1.03969851695E+00,+1.32204766572E+00
+13.55000E-06,+1.00552770030E+00,+1.33630649652E+00,+1.05979901925E+00,+1.28184666112E+00
+13.60000E-06,+1.03567845374E+00,+1.08505021781E+00,+1.01959801465E+00,+1.28184666112E+00
+13.65000E-06,+1.02562820259E+00,+974.49745517E-03,+1.01959801465E+00,+1.36224867031E+00
+13.70000E-06,+1.01557795145E+00,+1.02474871091E+00,+1.03969851695E+00,+1.34214816801E+00
+13.75000E-06,+995.47744915E-03,+1.00464820862E+00,+989.44726121E-03,+1.41249992605E+00
+13.80000E-06,+955.27644456E-03,+964.44720402E-03,+1.01959801465E+00,+1.32204766572E+00
+13.85000E-06,+1.02562820259E+00,+974.49745517E-03,+1.01959801465E+00,+1.36224867031E+00
+13.90000E-06,+1.03567845374E+00,+984.54770632E-03,+1.03969851695E+00,+1.30194716342E+00
+13.95000E-06,+1.05577895604E+00,+1.03479896206E+00,+1.01959801465E+00,+1.33209791686E+00
+14.00000E-06,+1.03567845374E+00,+1.00464820862E+00,+1.01959801465E+00,+1.28184666112E+00
+14.05000E-06,+1.00552770030E+00,+1.00464820862E+00,+989.44726121E-03,+1.35219841916E+00
+14.10000E-06,+1.03567845374E+00,+1.02474871091E+00,+999.49751235E-03,+1.34214816801E+00
+14.15000E-06,+995.47744915E-03,+1.00464820862E+00,+1.01959801465E+00,+1.36224867031E+00
+14.20000E-06,+1.03567845374E+00,+1.28605524078E+00,+1.05979901925E+00,+1.40244967490E+00
+14.25000E-06,+1.03567845374E+00,+1.32625624537E+00,+1.01959801465E+00,+1.33209791686E+00
+14.30000E-06,+1.01557795145E+00,+1.32625624537E+00,+1.01959801465E+00,+1.32204766572E+00
+14.35000E-06,+995.47744915E-03,+1.31620599423E+00,+1.05979901925E+00,+1.29189691227E+00
+14.40000E-06,+1.03567845374E+00,+1.32625624537E+00,+1.05979901925E+00,+1.36224867031E+00
+14.45000E-06,+1.03567845374E+00,+1.33630649652E+00,+1.05979901925E+00,+1.32204766572E+00
+14.50000E-06,+995.47744915E-03,+1.32625624537E+00,+1.01959801465E+00,+1.32204766572E+00
+14.55000E-06,+1.02562820260E+00,+1.32625624537E+00,+1.04974876810E+00,+1.33209791686E+00
+14.60000E-06,+995.47744915E-03,+1.32625624537E+00,+1.01959801465E+00,+1.32204766572E+00
+14.65000E-06,+1.02562820259E+00,+1.36645724997E+00,+989.44726121E-03,+1.32204766572E+00
+14.70000E-06,+1.01557795145E+00,+1.34635674767E+00,+1.05979901925E+00,+1.34214816801E+00
+14.75000E-06,+1.02562820260E+00,+1.35640699882E+00,+999.49751236E-03,+1.33209791686E+00
+14.80000E-06,+995.47744915E-03,+1.20565323159E+00,+1.01959801465E+00,+1.36224867031E+00
+14.85000E-06,+975.37694685E-03,+1.03479896206E+00,+1.00954776350E+00,+1.33209791686E+00
+14.90000E-06,+1.01557795145E+00,+1.02474871092E+00,+1.03969851695E+00,+1.34214816801E+00
+14.95000E-06,+985.42719800E-03,+1.04484921321E+00,+1.00954776350E+00,+1.33209791686E+00
+15.00000E-06,+995.47744915E-03,+1.00464820862E+00,+1.01959801465E+00,+1.36224867031E+00
+15.05000E-06,+1.00552770030E+00,+994.59795747E-03,+1.04974876810E+00,+1.29189691227E+00
+15.10000E-06,+975.37694685E-03,+1.00464820862E+00,+1.01959801465E+00,+1.34214816801E+00
+15.15000E-06,+1.03567845374E+00,+974.49745517E-03,+1.02964826580E+00,+1.35219841916E+00
+15.20000E-06,+995.47744915E-03,+1.04484921321E+00,+1.01959801465E+00,+1.32204766572E+00
+15.25000E-06,+1.03567845374E+00,+1.03479896206E+00,+1.04974876810E+00,+1.35219841916E+00
+15.30000E-06,+1.01557795145E+00,+1.00464820862E+00,+1.01959801465E+00,+1.36224867031E+00
+15.35000E-06,+1.02562820260E+00,+1.04484921321E+00,+1.00954776350E+00,+1.33209791686E+00
+15.40000E-06,+995.47744915E-03,+1.32625624538E+00,+1.01959801465E+00,+1.32204766572E+00
+15.45000E-06,+985.42719800E-03,+1.35640699882E+00,+1.04974876810E+00,+1.32204766572E+00
+15.50000E-06,+1.01557795145E+00,+1.32625624537E+00,+1.01959801465E+00,+1.34214816801E+00
+15.55000E-06,+985.42719800E-03,+1.32625624537E+00,+1.01959801465E+00,+1.33209791686E+00
+15.60000E-06,+1.03567845374E+00,+1.36645724997E+00,+979.39701006E-03,+1.36224867031E+00
+15.65000E-06,+965.32669570E-03,+1.33630649652E+00,+1.00954776350E+00,+1.33209791686E+00
+15.70000E-06,+995.47744915E-03,+1.32625624537E+00,+1.03969851695E+00,+1.30194716342E+00
+15.75000E-06,+1.00552770030E+00,+1.33630649652E+00,+1.04974876810E+00,+1.32204766572E+00
+15.80000E-06,+1.03567845374E+00,+1.36645724997E+00,+1.01959801465E+00,+1.32204766572E+00
+15.85000E-06,+1.02562820259E+00,+1.35640699882E+00,+1.01959801465E+00,+1.36224867031E+00
+15.90000E-06,+1.01557795145E+00,+1.32625624537E+00,+1.01959801465E+00,+1.32204766572E+00
+15.95000E-06,+995.47744915E-03,+1.36645724997E+00,+1.05979901925E+00,+1.33209791686E+00
+16.00000E-06,+1.03567845374E+00,+1.08505021781E+00,+1.05979901925E+00,+1.28184666112E+00
+16.05000E-06,+995.47744915E-03,+974.49745517E-03,+1.01959801465E+00,+1.32204766572E+00
+16.10000E-06,+1.03567845374E+00,+1.02474871092E+00,+999.49751235E-03,+1.32204766572E+00
+16.15000E-06,+1.00552770030E+00,+1.00464820862E+00,+989.44726121E-03,+1.39239942376E+00
+16.20000E-06,+995.47744915E-03,+964.44720402E-03,+1.01959801465E+00,+1.32204766572E+00
+16.25000E-06,+1.03567845374E+00,+994.59795747E-03,+1.04974876810E+00,+1.35219841916E+00
+16.30000E-06,+1.01557795145E+00,+1.02474871091E+00,+999.49751235E-03,+1.34214816801E+00
+16.35000E-06,+1.03567845374E+00,+1.00464820862E+00,+1.01959801465E+00,+1.32204766572E+00
+16.40000E-06,+1.03567845374E+00,+1.00464820862E+00,+1.01959801465E+00,+1.36224867031E+00
+16.45000E-06,+1.00552770030E+00,+1.03479896206E+00,+1.01959801465E+00,+1.32204766572E+00
+16.50000E-06,+1.01557795145E+00,+1.04484921321E+00,+1.01959801465E+00,+1.32204766571E+00
+16.55000E-06,+1.00552770030E+00,+1.00464820862E+00,+1.02964826580E+00,+1.33209791686E+00
+16.60000E-06,+1.03567845374E+00,+1.28605524078E+00,+1.05979901924E+00,+1.32204766572E+00
+16.65000E-06,+1.00552770030E+00,+1.34635674767E+00,+989.44726121E-03,+1.29189691227E+00
+16.70000E-06,+975.37694685E-03,+1.34635674767E+00,+1.03969851695E+00,+1.34214816801E+00
+16.75000E-06,+1.05577895604E+00,+1.35640699882E+00,+1.02964826580E+00,+1.35219841916E+00
+16.80000E-06,+995.47744915E-03,+1.36645724997E+00,+1.05979901925E+00,+1.32204766571E+00
+16.85000E-06,+1.02562820259E+00,+1.32625624537E+00,+1.05979901925E+00,+1.32204766572E+00
+16.90000E-06,+995.47744915E-03,+1.34635674767E+00,+1.03969851695E+00,+1.34214816801E+00
+16.95000E-06,+1.00552770030E+00,+1.35640699882E+00,+959.29650776E-03,+1.36224867031E+00
+17.00000E-06,+955.27644456E-03,+1.36645724997E+00,+979.39701006E-03,+1.32204766572E+00
+17.05000E-06,+1.01557795144E+00,+1.33630649652E+00,+1.02964826580E+00,+1.35219841916E+00
+17.10000E-06,+1.01557795144E+00,+1.32625624537E+00,+999.49751236E-03,+1.30194716342E+00
+17.15000E-06,+1.00552770030E+00,+1.32625624537E+00,+1.01959801465E+00,+1.32204766572E+00
+17.20000E-06,+995.47744915E-03,+1.04484921321E+00,+1.01959801465E+00,+1.32204766572E+00
+17.25000E-06,+995.47744915E-03,+1.01469845977E+00,+1.01959801465E+00,+1.32204766572E+00
+17.30000E-06,+995.47744915E-03,+1.02474871092E+00,+1.01959801466E+00,+1.36224867031E+00
+17.35000E-06,+1.01557795144E+00,+1.03479896207E+00,+1.04974876810E+00,+1.36224867031E+00
+17.40000E-06,+995.47744915E-03,+1.00464820862E+00,+1.05979901924E+00,+1.36224867031E+00
+17.45000E-06,+1.03567845374E+00,+1.00464820862E+00,+979.39701006E-03,+1.36224867031E+00
+17.50000E-06,+995.47744915E-03,+984.54770632E-03,+999.49751235E-03,+1.34214816801E+00
+17.55000E-06,+985.42719799E-03,+984.54770632E-03,+1.03969851695E+00,+1.32204766572E+00
+17.60000E-06,+1.03567845374E+00,+1.00464820862E+00,+1.05979901925E+00,+1.32204766572E+00
+17.65000E-06,+1.03567845374E+00,+974.49745517E-03,+1.02964826580E+00,+1.31199741456E+00
+17.70000E-06,+1.01557795144E+00,+1.02474871091E+00,+1.01959801465E+00,+1.32204766572E+00
+17.75000E-06,+995.47744915E-03,+1.00464820862E+00,+1.02964826580E+00,+1.38234917261E+00
+17.80000E-06,+995.47744915E-03,+1.32625624538E+00,+1.01959801465E+00,+1.36224867031E+00
+17.85000E-06,+995.47744915E-03,+1.33630649653E+00,+1.05979901925E+00,+1.38234917260E+00
+17.90000E-06,+1.01557795144E+00,+1.28605524078E+00,+1.05979901925E+00,+1.34214816801E+00
+17.95000E-06,+1.03567845374E+00,+1.32625624537E+00,+1.01959801465E+00,+1.32204766572E+00
+18.00000E-06,+1.03567845375E+00,+1.32625624537E+00,+1.01959801465E+00,+1.36224867031E+00
+18.05000E-06,+1.00552770030E+00,+1.32625624537E+00,+1.01959801465E+00,+1.31199741457E+00
+18.10000E-06,+1.01557795144E+00,+1.34635674767E+00,+999.49751236E-03,+1.32204766571E+00
+18.15000E-06,+1.03567845374E+00,+1.32625624537E+00,+1.01959801465E+00,+1.32204766572E+00
+18.20000E-06,+995.47744915E-03,+1.32625624538E+00,+1.01959801466E+00,+1.36224867031E+00
+18.25000E-06,+1.04572870489E+00,+1.32625624537E+00,+1.02964826580E+00,+1.36224867031E+00
+18.30000E-06,+975.37694685E-03,+1.34635674767E+00,+999.49751236E-03,+1.32204766572E+00
+18.35000E-06,+995.47744915E-03,+1.33630649652E+00,+1.01959801465E+00,+1.32204766572E+00
+18.40000E-06,+995.47744914E-03,+1.08505021780E+00,+1.01959801466E+00,+1.36224867031E+00
+18.45000E-06,+1.00552770030E+00,+1.00464820862E+00,+1.01959801465E+00,+1.36224867031E+00
+18.50000E-06,+1.03567845374E+00,+1.00464820862E+00,+1.03969851695E+00,+1.34214816801E+00
+18.55000E-06,+995.47744915E-03,+1.00464820862E+00,+1.02964826580E+00,+1.35219841916E+00
+18.60000E-06,+1.03567845374E+00,+1.00464820862E+00,+1.01959801465E+00,+1.32204766572E+00
+18.65000E-06,+995.47744915E-03,+1.04484921321E+00,+979.39701006E-03,+1.36224867031E+00
+18.70000E-06,+1.01557795145E+00,+1.02474871092E+00,+1.01959801465E+00,+1.32204766572E+00
+18.75000E-06,+1.03567845374E+00,+994.59795747E-03,+1.04974876810E+00,+1.35219841916E+00
+18.80000E-06,+995.47744915E-03,+1.00464820862E+00,+979.39701006E-03,+1.36224867031E+00
+18.85000E-06,+975.37694686E-03,+994.59795747E-03,+1.02964826580E+00,+1.29189691227E+00
+18.90000E-06,+995.47744915E-03,+1.02474871091E+00,+1.03969851695E+00,+1.32204766572E+00
+18.95000E-06,+1.02562820260E+00,+1.04484921321E+00,+1.03969851696E+00,+1.33209791686E+00
+19.00000E-06,+995.47744915E-03,+1.28605524079E+00,+1.05979901925E+00,+1.36224867031E+00
+19.05000E-06,+975.37694686E-03,+1.32625624537E+00,+989.44726121E-03,+1.33209791687E+00
+19.10000E-06,+1.01557795144E+00,+1.30615574307E+00,+999.49751236E-03,+1.34214816801E+00
+19.15000E-06,+1.00552770029E+00,+1.33630649652E+00,+1.04974876810E+00,+1.33209791686E+00
+19.20000E-06,+1.03567845374E+00,+1.32625624537E+00,+1.05979901924E+00,+1.32204766572E+00
+19.25000E-06,+1.02562820259E+00,+1.33630649653E+00,+1.02964826580E+00,+1.35219841916E+00
+19.30000E-06,+1.03567845374E+00,+1.32625624537E+00,+1.03969851695E+00,+1.32204766572E+00
+19.35000E-06,+995.47744915E-03,+1.32625624537E+00,+1.05979901925E+00,+1.36224867031E+00
+19.40000E-06,+995.47744915E-03,+1.36645724997E+00,+1.10000002384E+00,+1.32204766572E+00
+19.45000E-06,+1.00552770030E+00,+1.36645724997E+00,+1.05979901925E+00,+1.28184666112E+00
+19.50000E-06,+1.01557795144E+00,+1.34635674768E+00,+1.01959801466E+00,+1.32204766572E+00
+19.55000E-06,+1.02562820260E+00,+1.33630649652E+00,+1.00954776351E+00,+1.35219841916E+00
+19.60000E-06,+1.03567845374E+00,+1.12525122239E+00,+939.19600547E-03,+1.32204766571E+00
+19.65000E-06,+985.42719800E-03,+1.00464820862E+00,+1.04974876810E+00,+1.35219841916E+00
+19.70000E-06,+995.47744915E-03,+1.00464820862E+00,+1.03969851695E+00,+1.34214816802E+00
+19.75000E-06,+1.00552770029E+00,+1.03479896207E+00,+1.04974876810E+00,+1.36224867031E+00
+19.80000E-06,+1.03567845374E+00,+1.00464820862E+00,+1.01959801466E+00,+1.32204766572E+00
+19.85000E-06,+985.42719801E-03,+1.00464820862E+00,+1.04974876810E+00,+1.35219841916E+00
+19.90000E-06,+1.01557795144E+00,+1.00464820862E+00,+979.39701005E-03,+1.34214816802E+00
+19.95000E-06,+995.47744915E-03,+1.00464820862E+00,+1.02964826580E+00,+1.35219841916E+00
+20.00000E-06,+1.07587945833E+00,+1.00464820862E+00,+1.01959801466E+00,+1.36224867031E+00
+20.05000E-06,+1.03567845374E+00,+1.04484921321E+00,+999.49751236E-03,+1.35219841916E+00
+20.10000E-06,+1.01557795144E+00,+984.54770632E-03,+1.01959801465E+00,+1.34214816802E+00
+20.15000E-06,+995.47744915E-03,+1.03479896207E+00,+1.01959801465E+00,+1.29189691227E+00
+20.20000E-06,+995.47744915E-03,+1.24585423620E+00,+1.01959801465E+00,+1.32204766572E+00
+20.25000E-06,+985.42719800E-03,+1.36645724997E+00,+1.04974876810E+00,+1.33209791687E+00
+20.30000E-06,+995.47744915E-03,+1.34635674768E+00,+999.49751235E-03,+1.32204766572E+00
+20.35000E-06,+995.47744915E-03,+1.32625624537E+00,+1.01959801465E+00,+1.35219841916E+00
+20.40000E-06,+995.47744916E-03,+1.28605524078E+00,+1.05979901924E+00,+1.32204766572E+00
+20.45000E-06,+1.00552770030E+00,+1.32625624537E+00,+1.01959801465E+00,+1.33209791687E+00
+20.50000E-06,+1.03567845374E+00,+1.32625624537E+00,+1.05979901925E+00,+1.32204766572E+00
+20.55000E-06,+1.03567845374E+00,+1.35640699882E+00,+1.04974876810E+00,+1.33209791686E+00
+20.60000E-06,+1.03567845374E+00,+1.32625624538E+00,+1.01959801466E+00,+1.32204766572E+00
+20.65000E-06,+995.47744915E-03,+1.32625624537E+00,+1.01959801465E+00,+1.36224867031E+00
+20.70000E-06,+995.47744915E-03,+1.32625624537E+00,+1.01959801465E+00,+1.34214816802E+00
+20.75000E-06,+1.00552770029E+00,+1.32625624537E+00,+1.07989952155E+00,+1.32204766572E+00
+20.80000E-06,+995.47744915E-03,+1.08505021780E+00,+1.01959801465E+00,+1.32204766572E+00
+20.85000E-06,+995.47744915E-03,+1.00464820862E+00,+1.05979901925E+00,+1.32204766572E+00
+20.90000E-06,+1.01557795145E+00,+1.00464820861E+00,+979.39701006E-03,+1.34214816802E+00
+20.95000E-06,+995.47744915E-03,+1.00464820862E+00,+969.34675890E-03,+1.35219841917E+00
+21.00000E-06,+955.27644456E-03,+1.00464820862E+00,+1.01959801465E+00,+1.32204766572E+00
+21.05000E-06,+995.47744915E-03,+1.03479896206E+00,+1.05979901925E+00,+1.32204766572E+00
+21.10000E-06,+1.01557795144E+00,+1.02474871092E+00,+1.03969851695E+00,+1.34214816801E+00
+21.15000E-06,+1.03567845374E+00,+974.49745517E-03,+1.01959801465E+00,+1.32204766572E+00
+21.20000E-06,+1.03567845374E+00,+964.44720402E-03,+1.01959801466E+00,+1.36224867031E+00
+21.25000E-06,+995.47744915E-03,+1.00464820862E+00,+1.04974876809E+00,+1.32204766572E+00
+21.30000E-06,+1.01557795144E+00,+1.04484921321E+00,+1.03969851695E+00,+1.32204766572E+00
+21.35000E-06,+1.02562820260E+00,+1.02474871092E+00,+1.08994977270E+00,+1.32204766572E+00
+21.40000E-06,+995.47744915E-03,+1.28605524079E+00,+1.01959801465E+00,+1.32204766572E+00
+21.45000E-06,+995.47744915E-03,+1.35640699882E+00,+1.02964826581E+00,+1.32204766572E+00
+21.50000E-06,+975.37694686E-03,+1.34635674767E+00,+1.01959801465E+00,+1.34214816802E+00
+21.55000E-06,+1.00552770029E+00,+1.33630649652E+00,+1.05979901925E+00,+1.32204766572E+00
+21.60000E-06,+1.03567845374E+00,+1.36645724996E+00,+1.01959801466E+00,+1.36224867031E+00
+21.65000E-06,+995.47744915E-03,+1.32625624537E+00,+1.02964826581E+00,+1.35219841916E+00
+21.70000E-06,+1.01557795144E+00,+1.34635674768E+00,+1.05979901925E+00,+1.34214816802E+00
+21.75000E-06,+1.01557795145E+00,+1.32625624537E+00,+1.02964826580E+00,+1.29189691226E+00
+21.80000E-06,+995.47744915E-03,+1.28605524078E+00,+1.01959801465E+00,+1.36224867031E+00
+21.85000E-06,+975.37694686E-03,+1.35640699882E+00,+1.05979901925E+00,+1.29189691227E+00
+21.90000E-06,+995.47744915E-03,+1.34635674768E+00,+999.49751236E-03,+1.36224867031E+00
+21.95000E-06,+1.03567845374E+00,+1.36645724997E+00,+969.34675891E-03,+1.33209791686E+00
+22.00000E-06,+1.03567845374E+00,+1.16545222698E+00,+979.39701007E-03,+1.28184666113E+00
+22.05000E-06,+1.00552770030E+00,+1.03479896206E+00,+1.01959801465E+00,+1.32204766572E+00
+22.10000E-06,+1.01557795145E+00,+1.00464820862E+00,+999.49751236E-03,+1.36224867031E+00
+22.15000E-06,+1.02562820260E+00,+1.03479896207E+00,+1.01959801465E+00,+1.36224867031E+00
+22.20000E-06,+1.07587945833E+00,+1.00464820862E+00,+1.01959801465E+00,+1.32204766572E+00
+22.25000E-06,+1.02562820259E+00,+1.01469845977E+00,+989.44726121E-03,+1.32204766572E+00
+22.30000E-06,+1.01557795144E+00,+1.00464820862E+00,+999.49751235E-03,+1.32204766572E+00
+22.35000E-06,+1.01557795144E+00,+974.49745517E-03,+1.02964826580E+00,+1.33209791686E+00
+22.40000E-06,+1.03567845374E+00,+1.04484921321E+00,+1.01959801465E+00,+1.32204766572E+00
+22.45000E-06,+1.03567845374E+00,+974.49745518E-03,+1.02964826581E+00,+1.32204766572E+00
+22.50000E-06,+1.01557795144E+00,+1.00464820862E+00,+1.01959801465E+00,+1.34214816801E+00
+22.55000E-06,+985.42719801E-03,+1.03479896207E+00,+979.39701006E-03,+1.35219841917E+00
+22.60000E-06,+1.07587945833E+00,+1.20565323161E+00,+1.10000002382E+00,+1.36224867031E+00
+22.65000E-06,+1.02562820259E+00,+1.35640699882E+00,+1.05979901925E+00,+1.32204766572E+00
+22.70000E-06,+1.01557795144E+00,+1.34635674767E+00,+1.03969851695E+00,+1.34214816802E+00
+22.75000E-06,+1.05577895605E+00,+1.30615574307E+00,+1.01959801465E+00,+1.35219841917E+00
+22.80000E-06,+1.03567845374E+00,+1.32625624538E+00,+1.01959801465E+00,+1.32204766572E+00
+22.85000E-06,+1.00552770030E+00,+1.32625624537E+00,+1.07989952153E+00,+1.32204766572E+00
+22.90000E-06,+1.03567845374E+00,+1.34635674767E+00,+1.03969851694E+00,+1.34214816802E+00
+22.95000E-06,+1.03567845374E+00,+1.35640699883E+00,+1.02964826580E+00,+1.33209791686E+00
+23.00000E-06,+1.03567845374E+00,+1.32625624538E+00,+1.05979901925E+00,+1.32204766571E+00
+23.05000E-06,+995.47744915E-03,+1.31620599422E+00,+999.49751237E-03,+1.32204766572E+00
+23.10000E-06,+1.03567845374E+00,+1.34635674768E+00,+999.49751234E-03,+1.34214816802E+00
+23.15000E-06,+995.47744915E-03,+1.35640699883E+00,+1.01959801465E+00,+1.32204766572E+00
+23.20000E-06,+995.47744914E-03,+1.08505021779E+00,+1.01959801466E+00,+1.32204766572E+00
+23.25000E-06,+1.00552770030E+00,+1.00464820862E+00,+1.02964826581E+00,+1.32204766572E+00
+23.30000E-06,+995.47744915E-03,+984.54770632E-03,+1.01959801465E+00,+1.38234917260E+00
+23.35000E-06,+1.02562820260E+00,+1.03479896207E+00,+989.44726120E-03,+1.36224867031E+00
+23.40000E-06,+1.03567845374E+00,+1.00464820861E+00,+1.01959801465E+00,+1.32204766572E+00
+23.45000E-06,+1.02562820259E+00,+1.03479896206E+00,+1.01959801465E+00,+1.35219841916E+00
+23.50000E-06,+1.01557795145E+00,+1.02474871092E+00,+1.01959801465E+00,+1.36224867032E+00
+23.55000E-06,+1.02562820260E+00,+1.01469845976E+00,+1.03969851696E+00,+1.32204766572E+00
+23.60000E-06,+995.47744915E-03,+964.44720403E-03,+1.01959801465E+00,+1.32204766572E+00
+23.65000E-06,+1.00552770030E+00,+1.00464820862E+00,+1.00954776350E+00,+1.40244967490E+00
+23.70000E-06,+1.01557795144E+00,+1.04484921320E+00,+1.05979901925E+00,+1.30194716342E+00
+23.75000E-06,+1.03567845374E+00,+1.00464820862E+00,+1.01959801465E+00,+1.32204766572E+00
+23.80000E-06,+955.27644457E-03,+1.32625624537E+00,+1.01959801466E+00,+1.40244967490E+00
+23.85000E-06,+1.01557795146E+00,+1.35640699881E+00,+979.39701006E-03,+1.33209791687E+00
+23.90000E-06,+1.01557795145E+00,+1.30615574308E+00,+1.01959801465E+00,+1.34214816801E+00
+23.95000E-06,+1.03567845374E+00,+1.35640699883E+00,+1.01959801465E+00,+1.31199741457E+00
+24.00000E-06,+995.47744915E-03,+1.32625624537E+00,+1.05979901925E+00,+1.32204766572E+00
+24.05000E-06,+1.03567845374E+00,+1.33630649653E+00,+1.05979901925E+00,+1.35219841916E+00
+24.10000E-06,+995.47744914E-03,+1.34635674767E+00,+1.01959801465E+00,+1.34214816801E+00
+24.15000E-06,+995.47744915E-03,+1.35640699883E+00,+1.06984927041E+00,+1.32204766572E+00
+24.20000E-06,+955.27644457E-03,+1.32625624537E+00,+1.01959801465E+00,+1.32204766572E+00
+24.25000E-06,+995.47744915E-03,+1.32625624537E+00,+1.04974876809E+00,+1.29189691228E+00
+24.30000E-06,+995.47744915E-03,+1.34635674768E+00,+1.03969851696E+00,+1.34214816801E+00
+24.35000E-06,+1.03567845374E+00,+1.29610549192E+00,+1.01959801465E+00,+1.36224867031E+00
+24.40000E-06,+995.47744914E-03,+1.12525122238E+00,+979.39701006E-03,+1.36224867030E+00
+24.45000E-06,+995.47744915E-03,+1.04484921321E+00,+1.00954776350E+00,+1.36224867031E+00
+24.50000E-06,+1.01557795143E+00,+1.02474871091E+00,+1.05979901925E+00,+1.32204766572E+00
+24.55000E-06,+1.03567845374E+00,+1.04484921321E+00,+1.01959801465E+00,+1.36224867031E+00
+24.60000E-06,+1.03567845374E+00,+1.04484921321E+00,+979.39701006E-03,+1.32204766572E+00
+24.65000E-06,+1.03567845374E+00,+1.00464820862E+00,+999.49751237E-03,+1.38234917259E+00
+24.70000E-06,+1.01557795145E+00,+1.00464820862E+00,+1.07989952154E+00,+1.34214816802E+00
+24.75000E-06,+1.01557795146E+00,+1.03479896207E+00,+1.02964826580E+00,+1.32204766572E+00
+24.80000E-06,+995.47744915E-03,+1.00464820862E+00,+1.01959801466E+00,+1.32204766572E+00
+24.85000E-06,+995.47744915E-03,+1.00464820862E+00,+1.01959801465E+00,+1.36224867031E+00
+24.90000E-06,+1.03567845374E+00,+1.04484921321E+00,+1.01959801465E+00,+1.34214816802E+00
+24.95000E-06,+955.27644455E-03,+1.04484921321E+00,+989.44726120E-03,+1.35219841917E+00
+25.00000E-06,+1.03567845374E+00,+1.32625624538E+00,+1.10000002383E+00,+1.32204766573E+00
+25.05000E-06,+1.03567845374E+00,+1.35640699881E+00,+1.00954776350E+00,+1.31199741456E+00
+25.10000E-06,+1.01557795145E+00,+1.34635674768E+00,+1.05979901925E+00,+1.32204766572E+00
+25.15000E-06,+1.03567845374E+00,+1.35640699883E+00,+989.44726120E-03,+1.35219841917E+00
+25.20000E-06,+1.03567845374E+00,+1.32625624537E+00,+898.99500089E-03,+1.36224867030E+00
+25.25000E-06,+995.47744915E-03,+1.33630649653E+00,+989.44726121E-03,+1.37229892147E+00
+25.30000E-06,+1.01557795144E+00,+1.34635674767E+00,+1.01959801464E+00,+1.32204766572E+00
+25.35000E-06,+1.02562820260E+00,+1.32625624537E+00,+1.04974876811E+00,+1.36224867031E+00
+25.40000E-06,+1.03567845374E+00,+1.32625624538E+00,+1.01959801466E+00,+1.32204766572E+00
+25.45000E-06,+995.47744915E-03,+1.32625624537E+00,+999.49751237E-03,+1.38234917259E+00
+25.50000E-06,+1.01557795144E+00,+1.34635674768E+00,+1.03969851696E+00,+1.36224867031E+00
+25.55000E-06,+1.03567845374E+00,+1.32625624537E+00,+1.02964826579E+00,+1.32204766572E+00
+25.60000E-06,+995.47744915E-03,+1.04484921321E+00,+979.39701007E-03,+1.28184666113E+00
+25.65000E-06,+1.03567845374E+00,+984.54770633E-03,+1.01959801465E+00,+1.35219841915E+00
+25.70000E-06,+1.03567845376E+00,+984.54770631E-03,+1.01959801465E+00,+1.36224867031E+00
+25.75000E-06,+1.02562820260E+00,+1.03479896207E+00,+1.01959801465E+00,+1.32204766572E+00
+25.80000E-06,+1.03567845374E+00,+1.00464820862E+00,+1.01959801465E+00,+1.32204766573E+00
+25.85000E-06,+1.03567845374E+00,+1.01469845977E+00,+1.01959801465E+00,+1.36224867031E+00
+25.90000E-06,+1.01557795144E+00,+1.04484921321E+00,+1.01959801465E+00,+1.36224867031E+00
+25.95000E-06,+995.47744915E-03,+1.01469845976E+00,+989.44726120E-03,+1.32204766572E+00
+26.00000E-06,+995.47744916E-03,+1.00464820861E+00,+1.01959801466E+00,+1.32204766572E+00
+26.05000E-06,+1.02562820259E+00,+1.00464820862E+00,+1.00954776350E+00,+1.32204766572E+00
+26.10000E-06,+1.03567845374E+00,+1.04484921321E+00,+1.05979901925E+00,+1.30194716341E+00
+26.15000E-06,+1.02562820260E+00,+1.00464820862E+00,+1.03969851696E+00,+1.33209791686E+00
+26.20000E-06,+1.03567845374E+00,+1.32625624537E+00,+1.01959801466E+00,+1.36224867031E+00
+26.25000E-06,+1.02562820259E+00,+1.32625624537E+00,+999.49751237E-03,+1.37229892144E+00
+26.30000E-06,+995.47744915E-03,+1.32625624537E+00,+1.01959801465E+00,+1.34214816801E+00
+26.35000E-06,+995.47744915E-03,+1.33630649652E+00,+1.02964826579E+00,+1.28184666112E+00
+26.40000E-06,+995.47744915E-03,+1.32625624537E+00,+1.01959801465E+00,+1.36224867030E+00
+26.45000E-06,+995.47744915E-03,+1.36645724997E+00,+1.02964826581E+00,+1.32204766572E+00
+26.50000E-06,+1.01557795144E+00,+1.34635674768E+00,+999.49751235E-03,+1.34214816802E+00
+26.55000E-06,+1.02562820260E+00,+1.30615574306E+00,+989.44726120E-03,+1.35219841917E+00
+26.60000E-06,+1.03567845374E+00,+1.32625624538E+00,+1.01959801465E+00,+1.32204766573E+00
+26.65000E-06,+1.03567845374E+00,+1.35640699881E+00,+1.01959801465E+00,+1.36224867031E+00
+26.70000E-06,+1.03567845374E+00,+1.32625624537E+00,+1.01959801467E+00,+1.34214816801E+00
+26.75000E-06,+955.27644455E-03,+1.32625624537E+00,+1.04974876811E+00,+1.35219841917E+00
+26.80000E-06,+1.03567845374E+00,+1.08505021779E+00,+939.19600548E-03,+1.32204766571E+00
+26.85000E-06,+995.47744915E-03,+1.00464820862E+00,+1.00954776350E+00,+1.34214816800E+00
+26.90000E-06,+1.01557795144E+00,+1.00464820862E+00,+999.49751235E-03,+1.36224867031E+00
+26.95000E-06,+1.03567845374E+00,+1.01469845976E+00,+1.01959801465E+00,+1.32204766572E+00
+27.00000E-06,+1.03567845374E+00,+1.00464820862E+00,+1.01959801465E+00,+1.36224867032E+00
+27.05000E-06,+1.03567845374E+00,+994.59795746E-03,+1.04974876809E+00,+1.33209791687E+00
+27.10000E-06,+995.47744915E-03,+1.02474871092E+00,+1.01959801467E+00,+1.34214816800E+00
+27.15000E-06,+1.00552770029E+00,+1.01469845976E+00,+1.05979901925E+00,+1.29189691226E+00
+27.20000E-06,+1.03567845372E+00,+1.04484921321E+00,+1.05979901925E+00,+1.32204766572E+00
+27.25000E-06,+1.03567845374E+00,+1.01469845977E+00,+1.02964826581E+00,+1.35219841915E+00
+27.30000E-06,+1.01557795145E+00,+1.02474871092E+00,+999.49751235E-03,+1.34214816800E+00
+27.35000E-06,+1.02562820260E+00,+974.49745516E-03,+1.01959801465E+00,+1.33209791686E+00
+27.40000E-06,+1.03567845374E+00,+1.24585423620E+00,+1.05979901923E+00,+1.32204766572E+00
+27.45000E-06,+1.00552770031E+00,+1.35640699881E+00,+1.04974876809E+00,+1.33209791687E+00
+27.50000E-06,+1.01557795145E+00,+1.30615574309E+00,+999.49751236E-03,+1.34214816802E+00
+27.55000E-06,+1.02562820260E+00,+1.35640699883E+00,+1.01959801465E+00,+1.32204766572E+00
+27.60000E-06,+995.47744916E-03,+1.36645724996E+00,+979.39701007E-03,+1.36224867030E+00
+27.65000E-06,+975.37694687E-03,+1.33630649653E+00,+1.01959801465E+00,+1.30194716343E+00
+27.70000E-06,+1.03567845374E+00,+1.34635674766E+00,+1.03969851694E+00,+1.32204766573E+00
+27.75000E-06,+1.03567845374E+00,+1.32625624537E+00,+1.01959801465E+00,+1.36224867031E+00
+27.80000E-06,+1.03567845374E+00,+1.32625624537E+00,+1.05979901924E+00,+1.32204766572E+00
+27.85000E-06,+1.00552770031E+00,+1.35640699881E+00,+959.29650778E-03,+1.32204766572E+00
+27.90000E-06,+995.47744915E-03,+1.34635674768E+00,+1.01959801465E+00,+1.32204766572E+00
+27.95000E-06,+975.37694683E-03,+1.33630649651E+00,+1.02964826579E+00,+1.31199741457E+00
+28.00000E-06,+1.03567845374E+00,+1.04484921320E+00,+1.01959801465E+00,+1.28184666113E+00
+28.05000E-06,+1.03567845374E+00,+1.01469845978E+00,+1.01959801465E+00,+1.36224867031E+00
+28.10000E-06,+1.01557795144E+00,+1.00464820862E+00,+999.49751236E-03,+1.34214816802E+00
+28.15000E-06,+1.02562820260E+00,+1.00464820862E+00,+1.04974876811E+00,+1.31199741454E+00
+28.20000E-06,+955.27644457E-03,+964.44720404E-03,+1.01959801465E+00,+1.32204766572E+00
+28.25000E-06,+1.06582920718E+00,+1.03479896206E+00,+1.04974876809E+00,+1.32204766572E+00
+28.30000E-06,+1.01557795145E+00,+1.00464820862E+00,+1.05979901925E+00,+1.36224867031E+00
+28.35000E-06,+1.02562820260E+00,+1.00464820862E+00,+1.04974876811E+00,+1.32204766572E+00
+28.40000E-06,+1.03567845374E+00,+1.00464820862E+00,+1.01959801465E+00,+1.32204766572E+00
+28.45000E-06,+995.47744915E-03,+1.00464820862E+00,+1.00954776350E+00,+1.33209791687E+00
+28.50000E-06,+995.47744915E-03,+1.00464820862E+00,+1.03969851696E+00,+1.30194716341E+00
+28.55000E-06,+985.42719801E-03,+1.00464820862E+00,+1.05979901925E+00,+1.35219841917E+00
+28.60000E-06,+995.47744916E-03,+1.28605524080E+00,+1.01959801465E+00,+1.36224867030E+00
+28.65000E-06,+1.01557795146E+00,+1.36645724997E+00,+1.04974876809E+00,+1.36224867031E+00
+28.70000E-06,+975.37694686E-03,+1.34635674768E+00,+1.01959801464E+00,+1.32204766572E+00
+28.75000E-06,+975.37694683E-03,+1.33630649651E+00,+1.02964826579E+00,+1.34214816799E+00
+28.80000E-06,+995.47744914E-03,+1.36645724996E+00,+1.05979901924E+00,+1.32204766571E+00
+28.85000E-06,+1.00552770031E+00,+1.35640699881E+00,+1.02964826581E+00,+1.35219841915E+00
+28.90000E-06,+995.47744915E-03,+1.34635674766E+00,+1.03969851696E+00,+1.30194716343E+00
+28.95000E-06,+1.03567845374E+00,+1.32625624537E+00,+989.44726120E-03,+1.31199741458E+00
+29.00000E-06,+1.03567845373E+00,+1.28605524079E+00,+1.01959801466E+00,+1.36224867030E+00
+29.05000E-06,+1.02562820259E+00,+1.35640699881E+00,+989.44726122E-03,+1.35219841915E+00
+29.10000E-06,+1.03567845374E+00,+1.34635674766E+00,+1.03969851696E+00,+1.34214816800E+00
+29.15000E-06,+1.00552770029E+00,+1.34635674769E+00,+1.01959801465E+00,+1.33209791685E+00
+29.20000E-06,+1.03567845374E+00,+1.08505021780E+00,+898.99500090E-03,+1.28184666112E+00
+29.25000E-06,+995.47744915E-03,+1.02474871090E+00,+1.04974876809E+00,+1.33209791687E+00
+29.30000E-06,+975.37694684E-03,+984.54770631E-03,+999.49751236E-03,+1.34214816800E+00
+29.35000E-06,+1.03567845374E+00,+1.00464820862E+00,+1.04974876811E+00,+1.37229892145E+00
+29.40000E-06,+995.47744916E-03,+1.00464820862E+00,+979.39701008E-03,+1.28184666113E+00
+29.45000E-06,+975.37694687E-03,+1.00464820862E+00,+1.02964826581E+00,+1.33209791687E+00
+29.50000E-06,+995.47744915E-03,+1.00464820862E+00,+999.49751235E-03,+1.34214816802E+00
+29.55000E-06,+1.00552770029E+00,+1.03479896207E+00,+1.02964826579E+00,+1.32204766572E+00
+29.60000E-06,+995.47744916E-03,+1.00464820862E+00,+1.05979901924E+00,+1.32204766572E+00
+29.65000E-06,+975.37694687E-03,+1.01469845978E+00,+1.02964826581E+00,+1.35219841915E+00
+29.70000E-06,+995.47744917E-03,+1.00464820862E+00,+1.03969851694E+00,+1.34214816802E+00
+29.75000E-06,+1.00552770033E+00,+1.00464820862E+00,+1.02964826579E+00,+1.32204766572E+00
+29.80000E-06,+955.27644456E-03,+1.32625624538E+00,+1.05979901925E+00,+1.32204766572E+00
+29.85000E-06,+1.03567845374E+00,+1.38655775225E+00,+1.04974876809E+00,+1.32204766572E+00
+29.90000E-06,+1.05577895603E+00,+1.32625624537E+00,+1.03969851696E+00,+1.34214816800E+00
+29.95000E-06,+1.00552770029E+00,+1.33630649651E+00,+1.00954776351E+00,+1.32204766572E+00
+30.00000E-06,+1.03567845374E+00,+1.32625624537E+00,+979.39701007E-03,+1.28184666114E+00
+30.05000E-06,+995.47744915E-03,+1.34635674765E+00,+1.05979901925E+00,+1.35219841915E+00
+30.10000E-06,+995.47744915E-03,+1.34635674766E+00,+999.49751237E-03,+1.36224867031E+00
+30.15000E-06,+1.00552770029E+00,+1.35640699883E+00,+1.04974876811E+00,+1.36224867031E+00
+30.20000E-06,+1.03567845374E+00,+1.36645724997E+00,+1.01959801466E+00,+1.36224867030E+00
+30.25000E-06,+995.47744915E-03,+1.35640699881E+00,+959.29650778E-03,+1.32204766572E+00
+30.30000E-06,+1.01557795146E+00,+1.34635674766E+00,+1.01959801463E+00,+1.32204766572E+00
+30.35000E-06,+1.00552770029E+00,+1.33630649651E+00,+1.01959801465E+00,+1.32204766572E+00
+30.40000E-06,+995.47744915E-03,+1.08505021779E+00,+1.05979901924E+00,+1.28184666112E+00
+30.45000E-06,+1.00552770031E+00,+1.00464820862E+00,+1.03969851693E+00,+1.36224867031E+00
+30.50000E-06,+995.47744917E-03,+1.04484921321E+00,+1.01959801465E+00,+1.36224867031E+00
+30.55000E-06,+1.00552770029E+00,+1.00464820862E+00,+1.01959801465E+00,+1.35219841917E+00
+30.60000E-06,+995.47744915E-03,+1.00464820863E+00,+1.01959801465E+00,+1.28184666113E+00
+30.65000E-06,+985.42719799E-03,+1.03479896205E+00,+1.05979901925E+00,+1.32204766572E+00
+30.70000E-06,+1.01557795144E+00,+1.00464820862E+00,+1.01959801467E+00,+1.32204766572E+00
+30.75000E-06,+1.00552770029E+00,+1.00464820862E+00,+1.01959801465E+00,+1.32204766572E+00
+30.80000E-06,+955.27644457E-03,+1.00464820863E+00,+1.05979901925E+00,+1.32204766573E+00
+30.85000E-06,+995.47744915E-03,+1.00464820862E+00,+979.39701006E-03,+1.36224867031E+00
+30.90000E-06,+1.03567845374E+00,+1.00464820862E+00,+1.03969851696E+00,+1.34214816800E+00
+30.95000E-06,+995.47744915E-03,+1.00464820862E+00,+1.01959801465E+00,+1.32204766572E+00
+31.00000E-06,+1.07587945833E+00,+1.32625624538E+00,+1.01959801464E+00,+1.36224867031E+00
+31.05000E-06,+1.03567845374E+00,+1.30615574310E+00,+989.44726122E-03,+1.35219841915E+00
+31.10000E-06,+995.47744915E-03,+1.32625624537E+00,+1.01959801465E+00,+1.32204766572E+00
+31.15000E-06,+975.37694683E-03,+1.36645724997E+00,+1.02964826579E+00,+1.29189691226E+00
+31.20000E-06,+995.47744915E-03,+1.36645724996E+00,+1.05979901924E+00,+1.32204766570E+00
+31.25000E-06,+1.00552770031E+00,+1.33630649653E+00,+1.04974876809E+00,+1.33209791687E+00
+31.30000E-06,+1.03567845372E+00,+1.36645724997E+00,+999.49751237E-03,+1.32204766572E+00
+31.35000E-06,+1.02562820261E+00,+1.33630649651E+00,+1.02964826579E+00,+1.32204766572E+00
+31.40000E-06,+995.47744916E-03,+1.28605524079E+00,+1.01959801464E+00,+1.32204766573E+00
+31.45000E-06,+1.02562820258E+00,+1.36645724997E+00,+1.02964826581E+00,+1.35219841915E+00
+31.50000E-06,+975.37694684E-03,+1.34635674768E+00,+1.03969851696E+00,+1.32204766572E+00
+31.55000E-06,+995.47744915E-03,+1.33630649651E+00,+1.01959801465E+00,+1.36224867031E+00
+31.60000E-06,+995.47744916E-03,+1.12525122238E+00,+979.39701006E-03,+1.28184666113E+00
+31.65000E-06,+1.03567845374E+00,+1.00464820862E+00,+1.02964826577E+00,+1.32204766572E+00
+31.70000E-06,+975.37694682E-03,+984.54770631E-03,+1.05979901925E+00,+1.34214816800E+00
+31.75000E-06,+995.47744915E-03,+1.04484921321E+00,+1.04974876811E+00,+1.32204766572E+00
+31.80000E-06,+1.03567845374E+00,+1.00464820862E+00,+1.01959801465E+00,+1.32204766572E+00
+31.85000E-06,+1.03567845374E+00,+1.01469845978E+00,+1.01959801465E+00,+1.29189691228E+00
+31.90000E-06,+1.01557795146E+00,+1.00464820862E+00,+1.01959801465E+00,+1.32204766572E+00
+31.95000E-06,+1.00552770029E+00,+1.01469845976E+00,+1.05979901925E+00,+1.32204766572E+00
+32.00000E-06,+1.03567845373E+00,+1.00464820862E+00,+1.05979901924E+00,+1.28184666113E+00
+32.05000E-06,+1.01557795142E+00,+1.00464820862E+00,+1.01959801465E+00,+1.32204766572E+00
+32.10000E-06,+1.03567845374E+00,+1.00464820860E+00,+1.01959801465E+00,+1.34214816802E+00
+32.15000E-06,+985.42719801E-03,+994.59795748E-03,+1.03969851697E+00,+1.32204766572E+00
+32.20000E-06,+1.03567845374E+00,+1.32625624539E+00,+1.05979901924E+00,+1.32204766572E+00
+32.25000E-06,+1.03567845374E+00,+1.36645724997E+00,+1.01959801465E+00,+1.32204766572E+00
+32.30000E-06,+975.37694686E-03,+1.34635674768E+00,+1.03969851696E+00,+1.32204766572E+00
+32.35000E-06,+1.00552770029E+00,+1.31620599424E+00,+1.02964826579E+00,+1.35219841917E+00
+32.40000E-06,+995.47744915E-03,+1.32625624537E+00,+979.39701006E-03,+1.40244967489E+00
+32.45000E-06,+1.01557795142E+00,+1.31620599421E+00,+1.03969851697E+00,+1.32204766572E+00
+32.50000E-06,+1.01557795144E+00,+1.30615574307E+00,+1.03969851694E+00,+1.30194716343E+00
+32.55000E-06,+995.47744915E-03,+1.32625624537E+00,+1.01959801465E+00,+1.35219841917E+00
+32.60000E-06,+1.03567845374E+00,+1.28605524080E+00,+1.01959801466E+00,+1.32204766570E+00
+32.65000E-06,+1.00552770031E+00,+1.30615574310E+00,+1.04974876809E+00,+1.33209791687E+00
+32.70000E-06,+995.47744915E-03,+1.32625624537E+00,+1.01959801465E+00,+1.34214816802E+00
+32.75000E-06,+975.37694683E-03,+1.33630649651E+00,+1.02964826579E+00,+1.32204766572E+00
+32.80000E-06,+955.27644457E-03,+1.16545222694E+00,+1.01959801465E+00,+1.28184666112E+00
+32.85000E-06,+1.02562820258E+00,+1.04484921321E+00,+1.00954776349E+00,+1.32204766572E+00
+32.90000E-06,+1.03567845374E+00,+1.02474871090E+00,+999.49751237E-03,+1.34214816800E+00
+32.95000E-06,+1.02562820261E+00,+1.04484921321E+00,+989.44726120E-03,+1.32204766572E+00
+33.00000E-06,+1.03567845374E+00,+1.00464820861E+00,+1.05979901924E+00,+1.32204766573E+00
+33.05000E-06,+995.47744915E-03,+1.03479896205E+00,+1.02964826581E+00,+1.31199741456E+00
+33.10000E-06,+995.47744913E-03,+1.02474871090E+00,+1.03969851696E+00,+1.32204766572E+00
+33.15000E-06,+1.02562820261E+00,+1.00464820862E+00,+1.02964826579E+00,+1.35219841917E+00
+33.20000E-06,+995.47744916E-03,+1.00464820862E+00,+1.01959801465E+00,+1.36224867030E+00
+33.25000E-06,+965.32669571E-03,+974.49745518E-03,+989.44726122E-03,+1.32204766572E+00
+33.30000E-06,+1.01557795143E+00,+984.54770631E-03,+1.01959801463E+00,+1.38234917262E+00
+33.35000E-06,+1.03567845374E+00,+1.03479896208E+00,+1.05979901925E+00,+1.32204766572E+00
+33.40000E-06,+995.47744916E-03,+1.32625624539E+00,+1.05979901922E+00,+1.36224867031E+00
+33.45000E-06,+1.03567845374E+00,+1.33630649654E+00,+1.02964826581E+00,+1.35219841915E+00
+33.50000E-06,+975.37694686E-03,+1.32625624537E+00,+1.05979901925E+00,+1.30194716343E+00
+33.55000E-06,+995.47744915E-03,+1.32625624537E+00,+1.01959801465E+00,+1.26174615880E+00
+33.60000E-06,+995.47744916E-03,+1.36645724996E+00,+1.01959801465E+00,+1.32204766573E+00
+33.65000E-06,+1.03567845374E+00,+1.32625624537E+00,+1.01959801465E+00,+1.31199741455E+00
+33.70000E-06,+1.03567845374E+00,+1.36645724997E+00,+1.01959801468E+00,+1.38234917260E+00
+33.75000E-06,+1.02562820261E+00,+1.29610549192E+00,+1.05979901925E+00,+1.32204766572E+00
+33.80000E-06,+955.27644457E-03,+1.32625624537E+00,+1.05979901922E+00,+1.32204766572E+00
+33.85000E-06,+1.00552770031E+00,+1.35640699881E+00,+1.01959801465E+00,+1.32204766572E+00
+33.90000E-06,+1.01557795146E+00,+1.30615574307E+00,+999.49751237E-03,+1.34214816800E+00
+33.95000E-06,+1.02562820261E+00,+1.29610549192E+00,+1.00954776352E+00,+1.35219841917E+00
+34.00000E-06,+1.03567845374E+00,+1.04484921320E+00,+1.01959801465E+00,+1.32204766572E+00
+34.05000E-06,+965.32669571E-03,+1.03479896205E+00,+1.04974876809E+00,+1.36224867031E+00
+34.10000E-06,+995.47744915E-03,+1.02474871090E+00,+1.01959801465E+00,+1.32204766572E+00
+34.15000E-06,+1.03567845374E+00,+1.02474871094E+00,+1.05979901925E+00,+1.35219841917E+00
+34.20000E-06,+1.03567845374E+00,+1.00464820863E+00,+1.01959801465E+00,+1.36224867030E+00
+34.25000E-06,+1.00552770031E+00,+1.03479896205E+00,+1.01959801465E+00,+1.35219841915E+00
+34.30000E-06,+995.47744915E-03,+1.00464820862E+00,+1.01959801465E+00,+1.32204766572E+00
+34.35000E-06,+935.17594223E-03,+1.00464820862E+00,+1.05979901925E+00,+1.32204766572E+00
+34.40000E-06,+1.03567845373E+00,+1.00464820861E+00,+1.05979901926E+00,+1.32204766572E+00
+34.45000E-06,+1.04572870490E+00,+1.01469845978E+00,+1.02964826581E+00,+1.31199741455E+00
+34.50000E-06,+975.37694686E-03,+1.02474871093E+00,+1.03969851696E+00,+1.34214816802E+00
+34.55000E-06,+1.03567845374E+00,+1.00464820862E+00,+1.01959801465E+00,+1.32204766572E+00
+34.60000E-06,+1.03567845374E+00,+1.28605524080E+00,+1.01959801464E+00,+1.36224867031E+00
+34.65000E-06,+995.47744915E-03,+1.29610549194E+00,+1.04974876809E+00,+1.33209791688E+00
+34.70000E-06,+995.47744915E-03,+1.32625624537E+00,+1.03969851699E+00,+1.34214816800E+00
+34.75000E-06,+1.00552770028E+00,+1.35640699883E+00,+1.01959801465E+00,+1.35219841917E+00
+34.80000E-06,+995.47744915E-03,+1.32625624539E+00,+979.39701008E-03,+1.32204766572E+00
+34.85000E-06,+1.00552770031E+00,+1.33630649654E+00,+1.03969851692E+00,+1.29189691228E+00
+34.90000E-06,+975.37694681E-03,+1.32625624535E+00,+1.03969851694E+00,+1.32204766572E+00
+34.95000E-06,+1.03567845374E+00,+1.36645724997E+00,+1.04974876811E+00,+1.35219841917E+00
+35.00000E-06,+1.03567845374E+00,+1.28605524081E+00,+1.01959801465E+00,+1.36224867030E+00
+35.05000E-06,+995.47744915E-03,+1.32625624537E+00,+1.01959801465E+00,+1.35219841915E+00
+35.10000E-06,+1.01557795146E+00,+1.32625624537E+00,+1.01959801463E+00,+1.32204766572E+00
+35.15000E-06,+1.00552770028E+00,+1.33630649651E+00,+1.00954776352E+00,+1.33209791685E+00
+35.20000E-06,+1.03567845370E+00,+1.04484921319E+00,+979.39701008E-03,+1.32204766570E+00
+35.25000E-06,+995.47744915E-03,+1.00464820862E+00,+1.01959801465E+00,+1.32204766572E+00
+35.30000E-06,+1.03567845374E+00,+984.54770633E-03,+999.49751234E-03,+1.36224867031E+00
+35.35000E-06,+995.47744915E-03,+1.00464820862E+00,+1.04974876811E+00,+1.33209791685E+00
+35.40000E-06,+955.27644457E-03,+1.00464820863E+00,+1.01959801465E+00,+1.32204766573E+00
+35.45000E-06,+995.47744915E-03,+1.00464820862E+00,+1.04974876809E+00,+1.33209791688E+00
+35.50000E-06,+995.47744915E-03,+1.02474871090E+00,+1.03969851696E+00,+1.34214816800E+00
+35.55000E-06,+1.04572870493E+00,+974.49745516E-03,+1.01959801465E+00,+1.36224867031E+00
+35.60000E-06,+1.07587945833E+00,+1.00464820862E+00,+1.01959801464E+00,+1.32204766573E+00
+35.65000E-06,+995.47744915E-03,+1.01469845978E+00,+959.29650779E-03,+1.32204766572E+00
+35.70000E-06,+1.01557795143E+00,+1.04484921321E+00,+1.01959801465E+00,+1.32204766569E+00
+35.75000E-06,+1.02562820261E+00,+1.00464820862E+00,+1.02964826579E+00,+1.35219841917E+00
+35.80000E-06,+995.47744916E-03,+1.32625624539E+00,+1.01959801464E+00,+1.36224867030E+00
+35.85000E-06,+1.02562820258E+00,+1.35640699881E+00,+1.01959801465E+00,+1.36224867031E+00
+35.90000E-06,+1.05577895603E+00,+1.30615574309E+00,+1.01959801465E+00,+1.34214816800E+00
+35.95000E-06,+1.03567845374E+00,+1.32625624537E+00,+1.01959801465E+00,+1.32204766572E+00
+36.00000E-06,+1.03567845374E+00,+1.32625624537E+00,+1.05979901923E+00,+1.32204766573E+00
+36.05000E-06,+1.02562820258E+00,+1.35640699881E+00,+1.04974876809E+00,+1.35219841915E+00
+36.10000E-06,+1.01557795143E+00,+1.32625624535E+00,+979.39701006E-03,+1.36224867028E+00
+36.15000E-06,+995.47744915E-03,+1.32625624537E+00,+989.44726119E-03,+1.36224867031E+00
+36.20000E-06,+995.47744915E-03,+1.32625624537E+00,+1.01959801467E+00,+1.32204766572E+00
+36.25000E-06,+1.02562820258E+00,+1.38655775224E+00,+1.05979901925E+00,+1.32204766572E+00
+36.30000E-06,+995.47744915E-03,+1.34635674769E+00,+1.05979901927E+00,+1.30194716340E+00
+36.35000E-06,+1.03567845374E+00,+1.35640699883E+00,+989.44726119E-03,+1.37229892144E+00
+36.40000E-06,+1.03567845372E+00,+1.12525122236E+00,+939.19600550E-03,+1.36224867030E+00
+36.45000E-06,+1.02562820258E+00,+994.59795746E-03,+1.01959801465E+00,+1.32204766572E+00
+36.50000E-06,+1.03567845374E+00,+1.00464820862E+00,+1.03969851694E+00,+1.34214816803E+00
+36.55000E-06,+975.37694682E-03,+1.01469845975E+00,+1.04974876811E+00,+1.33209791685E+00
+36.60000E-06,+995.47744914E-03,+924.24619946E-03,+1.01959801467E+00,+1.32204766572E+00
+36.65000E-06,+1.02562820258E+00,+1.03479896205E+00,+1.01959801465E+00,+1.33209791688E+00
+36.70000E-06,+1.01557795143E+00,+1.00464820862E+00,+1.01959801465E+00,+1.34214816803E+00
+36.75000E-06,+975.37694682E-03,+1.01469845975E+00,+1.00954776352E+00,+1.29189691226E+00
+36.80000E-06,+995.47744916E-03,+1.04484921321E+00,+1.01959801467E+00,+1.36224867031E+00
+36.85000E-06,+1.00552770031E+00,+1.00464820862E+00,+1.05979901925E+00,+1.32204766572E+00
+36.90000E-06,+995.47744918E-03,+964.44720402E-03,+1.03969851694E+00,+1.36224867031E+00
+36.95000E-06,+1.03567845374E+00,+1.00464820862E+00,+989.44726119E-03,+1.31199741458E+00
+37.00000E-06,+995.47744916E-03,+1.28605524079E+00,+1.01959801465E+00,+1.36224867031E+00
+37.05000E-06,+1.02562820258E+00,+1.36645724997E+00,+1.04974876808E+00,+1.33209791688E+00
+37.10000E-06,+1.01557795143E+00,+1.32625624537E+00,+1.01959801465E+00,+1.34214816803E+00
+37.15000E-06,+1.05577895607E+00,+1.32625624537E+00,+1.00954776352E+00,+1.36224867031E+00
+37.20000E-06,+995.47744916E-03,+1.32625624536E+00,+1.05979901923E+00,+1.32204766573E+00
+37.25000E-06,+1.02562820258E+00,+1.32625624537E+00,+1.04974876808E+00,+1.32204766572E+00
+37.30000E-06,+995.47744915E-03,+1.34635674766E+00,+1.05979901928E+00,+1.34214816800E+00
+37.35000E-06,+1.06582920720E+00,+1.36645724997E+00,+1.04974876811E+00,+1.36224867031E+00
+37.40000E-06,+955.27644458E-03,+1.32625624539E+00,+1.01959801465E+00,+1.36224867030E+00
+37.45000E-06,+1.00552770031E+00,+1.30615574311E+00,+1.04974876808E+00,+1.36224867031E+00
+37.50000E-06,+1.01557795143E+00,+1.34635674769E+00,+1.01959801465E+00,+1.34214816803E+00
+37.55000E-06,+1.03567845374E+00,+1.32625624537E+00,+989.44726119E-03,+1.35219841918E+00
+37.60000E-06,+1.03567845374E+00,+1.12525122236E+00,+979.39701007E-03,+1.32204766572E+00
+37.65000E-06,+1.00552770031E+00,+1.01469845978E+00,+1.05979901925E+00,+1.29189691228E+00
+37.70000E-06,+1.03567845374E+00,+1.00464820862E+00,+1.01959801465E+00,+1.34214816803E+00
+37.75000E-06,+975.37694682E-03,+1.00464820862E+00,+999.49751233E-03,+1.33209791685E+00
+37.80000E-06,+1.03567845374E+00,+1.00464820860E+00,+1.05979901923E+00,+1.32204766573E+00
+37.85000E-06,+1.02562820258E+00,+1.03479896205E+00,+1.04974876808E+00,+1.33209791688E+00
+37.90000E-06,+1.01557795146E+00,+1.02474871093E+00,+1.03969851696E+00,+1.34214816800E+00
+37.95000E-06,+975.37694682E-03,+1.01469845975E+00,+1.03969851698E+00,+1.35219841918E+00
+38.00000E-06,+995.47744915E-03,+1.00464820862E+00,+1.01959801465E+00,+1.36224867030E+00
+38.05000E-06,+995.47744915E-03,+1.03479896205E+00,+1.01959801465E+00,+1.33209791688E+00
+38.10000E-06,+1.01557795143E+00,+1.04484921321E+00,+1.01959801465E+00,+1.32204766572E+00
+38.15000E-06,+965.32669569E-03,+974.49745516E-03,+1.05979901925E+00,+1.33209791685E+00
+38.20000E-06,+995.47744916E-03,+1.32625624537E+00,+1.01959801465E+00,+1.32204766572E+00
+38.25000E-06,+1.03567845374E+00,+1.35640699881E+00,+1.01959801465E+00,+1.35219841915E+00
+38.30000E-06,+1.01557795143E+00,+1.32625624537E+00,+1.01959801465E+00,+1.32204766572E+00
+38.35000E-06,+1.02562820261E+00,+1.33630649651E+00,+1.02964826579E+00,+1.36224867031E+00
+38.40000E-06,+1.03567845374E+00,+1.32625624537E+00,+1.05979901923E+00,+1.32204766573E+00
+38.45000E-06,+1.04572870491E+00,+1.35640699881E+00,+1.04974876808E+00,+1.36224867031E+00
+38.50000E-06,+1.01557795146E+00,+1.34635674766E+00,+999.49751237E-03,+1.36224867031E+00
+38.55000E-06,+1.03567845374E+00,+1.34635674770E+00,+999.49751233E-03,+1.35219841918E+00
+38.60000E-06,+995.47744916E-03,+1.32625624537E+00,+1.01959801465E+00,+1.32204766573E+00
+38.65000E-06,+1.00552770031E+00,+1.35640699881E+00,+1.04974876808E+00,+1.32204766572E+00
+38.70000E-06,+975.37694687E-03,+1.34635674769E+00,+999.49751237E-03,+1.32204766572E+00
+38.75000E-06,+1.03567845374E+00,+1.32625624537E+00,+1.01959801465E+00,+1.36224867031E+00
+38.80000E-06,+915.07544000E-03,+1.12525122237E+00,+939.19600548E-03,+1.28184666114E+00
+38.85000E-06,+1.02562820258E+00,+1.00464820862E+00,+1.03969851692E+00,+1.32204766572E+00
+38.90000E-06,+995.47744912E-03,+1.02474871090E+00,+999.49751234E-03,+1.36224867031E+00
+38.95000E-06,+995.47744915E-03,+1.00464820862E+00,+989.44726119E-03,+1.33209791685E+00
+39.00000E-06,+1.03567845373E+00,+1.00464820863E+00,+1.01959801467E+00,+1.36224867031E+00
+39.05000E-06,+1.03567845374E+00,+1.03479896205E+00,+1.00954776349E+00,+1.32204766572E+00
+39.10000E-06,+1.01557795146E+00,+984.54770634E-03,+1.05979901925E+00,+1.30194716340E+00
+39.15000E-06,+1.00552770028E+00,+1.03479896208E+00,+1.05979901925E+00,+1.32204766572E+00
+39.20000E-06,+1.03567845371E+00,+1.00464820862E+00,+1.05979901923E+00,+1.32204766572E+00
+39.25000E-06,+1.02562820258E+00,+1.00464820862E+00,+1.01959801465E+00,+1.35219841915E+00
+39.30000E-06,+1.01557795146E+00,+1.02474871090E+00,+999.49751237E-03,+1.34214816800E+00
+39.35000E-06,+1.03567845374E+00,+974.49745516E-03,+1.01959801465E+00,+1.34214816798E+00
+39.40000E-06,+955.27644457E-03,+1.32625624537E+00,+1.05979901923E+00,+1.36224867032E+00
+39.45000E-06,+965.32669572E-03,+1.33630649654E+00,+1.01959801465E+00,+1.30194716345E+00
+39.50000E-06,+1.01557795146E+00,+1.32625624537E+00,+999.49751234E-03,+1.34214816803E+00
+39.55000E-06,+1.01557795148E+00,+1.31620599424E+00,+1.01959801465E+00,+1.32204766572E+00
+39.60000E-06,+1.03567845374E+00,+1.28605524080E+00,+1.01959801465E+00,+1.28184666115E+00
+39.65000E-06,+1.00552770031E+00,+1.32625624537E+00,+1.00954776349E+00,+1.32204766572E+00
+39.70000E-06,+1.03567845374E+00,+1.34635674766E+00,+999.49751237E-03,+1.34214816800E+00
+39.75000E-06,+1.01557795142E+00,+1.34635674770E+00,+1.05979901925E+00,+1.33209791685E+00
+39.80000E-06,+1.03567845373E+00,+1.32625624537E+00,+1.01959801467E+00,+1.32204766572E+00
+39.85000E-06,+975.37694688E-03,+1.32625624537E+00,+1.02964826582E+00,+1.35219841915E+00
+39.90000E-06,+975.37694687E-03,+1.32625624537E+00,+1.03969851693E+00,+1.34214816800E+00
+39.95000E-06,+1.02562820261E+00,+1.33630649651E+00,+1.03969851698E+00,+1.31199741458E+00
+40.00000E-06,+1.03567845373E+00,+1.04484921318E+00,+1.01959801465E+00,+1.32204766572E+00
+40.05000E-06,+1.04572870491E+00,+1.00464820862E+00,+1.01959801465E+00,+1.34214816798E+00
+40.10000E-06,+1.01557795146E+00,+1.02474871090E+00,+1.03969851697E+00,+1.32204766572E+00
+40.15000E-06,+985.42719802E-03,+1.01469845975E+00,+1.01959801465E+00,+1.36224867031E+00
+40.20000E-06,+995.47744915E-03,+1.00464820863E+00,+1.01959801467E+00,+1.36224867031E+00
+40.25000E-06,+1.02562820258E+00,+1.03479896205E+00,+1.02964826582E+00,+1.32204766572E+00
+40.30000E-06,+1.01557795146E+00,+1.00464820865E+00,+999.49751237E-03,+1.32204766572E+00
+40.35000E-06,+1.03567845374E+00,+1.03479896208E+00,+1.01959801465E+00,+1.33209791685E+00
+40.40000E-06,+1.03567845373E+00,+1.00464820862E+00,+939.19600548E-03,+1.36224867031E+00
+40.45000E-06,+995.47744915E-03,+994.59795745E-03,+1.04974876808E+00,+1.32204766572E+00
+40.50000E-06,+995.47744915E-03,+1.02474871090E+00,+1.01959801465E+00,+1.30194716343E+00
+40.55000E-06,+1.03567845374E+00,+1.00464820862E+00,+1.03969851698E+00,+1.33209791685E+00
+40.60000E-06,+1.03567845374E+00,+1.32625624539E+00,+1.05979901923E+00,+1.36224867029E+00
+40.65000E-06,+1.02562820258E+00,+1.32625624537E+00,+999.49751239E-03,+1.35219841915E+00
+40.70000E-06,+995.47744915E-03,+1.32625624537E+00,+999.49751234E-03,+1.34214816803E+00
+40.75000E-06,+1.00552770028E+00,+1.33630649651E+00,+1.02964826579E+00,+1.39239942377E+00
+40.80000E-06,+1.03567845374E+00,+1.36645724994E+00,+1.01959801465E+00,+1.32204766575E+00
+40.85000E-06,+975.37694688E-03,+1.29610549194E+00,+1.05979901925E+00,+1.30194716345E+00
+40.90000E-06,+1.03567845378E+00,+1.34635674769E+00,+979.39701006E-03,+1.36224867031E+00
+40.95000E-06,+1.06582920721E+00,+1.32625624537E+00,+1.01959801465E+00,+1.33209791685E+00
+41.00000E-06,+995.47744915E-03,+1.32625624537E+00,+1.01959801465E+00,+1.32204766573E+00
+41.05000E-06,+1.00552770031E+00,+1.32625624537E+00,+1.04974876808E+00,+1.33209791688E+00
+41.10000E-06,+995.47744912E-03,+1.34635674766E+00,+1.01959801465E+00,+1.34214816803E+00
+41.15000E-06,+1.03567845374E+00,+1.33630649651E+00,+1.02964826578E+00,+1.32204766572E+00
+41.20000E-06,+995.47744915E-03,+1.12525122237E+00,+979.39701007E-03,+1.36224867029E+00
+41.25000E-06,+1.02562820258E+00,+1.00464820862E+00,+1.01959801465E+00,+1.36224867031E+00
+41.30000E-06,+995.47744915E-03,+1.00464820862E+00,+1.01959801465E+00,+1.32204766572E+00
+41.35000E-06,+1.03567845374E+00,+974.49745516E-03,+1.00954776352E+00,+1.33209791685E+00
+41.40000E-06,+1.03567845374E+00,+1.00464820863E+00,+1.01959801465E+00,+1.36224867029E+00
+41.45000E-06,+995.47744915E-03,+1.00464820862E+00,+1.01959801465E+00,+1.32204766572E+00
+41.50000E-06,+995.47744918E-03,+1.02474871090E+00,+1.01959801465E+00,+1.34214816803E+00
+41.55000E-06,+1.00552770028E+00,+1.00464820862E+00,+1.02964826578E+00,+1.32204766572E+00
+41.60000E-06,+1.03567845373E+00,+1.04484921320E+00,+1.05979901926E+00,+1.36224867029E+00
+41.65000E-06,+1.02562820258E+00,+1.01469845978E+00,+1.02964826582E+00,+1.35219841914E+00
+41.70000E-06,+1.01557795146E+00,+964.44720402E-03,+999.49751237E-03,+1.36224867031E+00
+41.75000E-06,+1.02562820261E+00,+1.00464820862E+00,+1.02964826578E+00,+1.32204766572E+00
+41.80000E-06,+995.47744917E-03,+1.32625624539E+00,+1.01959801464E+00,+1.32204766573E+00
+41.85000E-06,+1.02562820258E+00,+1.32625624537E+00,+1.05979901925E+00,+1.35219841914E+00
+41.90000E-06,+1.01557795143E+00,+1.34635674766E+00,+999.49751237E-03,+1.34214816800E+00
+41.95000E-06,+995.47744915E-03,+1.28605524078E+00,+1.02964826578E+00,+1.33209791685E+00
+42.00000E-06,+995.47744915E-03,+1.32625624537E+00,+979.39701008E-03,+1.32204766573E+00
+42.05000E-06,+1.02562820258E+00,+1.32625624537E+00,+1.00954776349E+00,+1.36224867031E+00
+42.10000E-06,+1.01557795143E+00,+1.32625624537E+00,+1.01959801465E+00,+1.34214816800E+00
+42.15000E-06,+1.02562820261E+00,+1.35640699884E+00,+1.02964826578E+00,+1.35219841918E+00
+42.20000E-06,+1.03567845374E+00,+1.32625624537E+00,+1.01959801467E+00,+1.36224867029E+00
+42.25000E-06,+1.00552770031E+00,+1.35640699880E+00,+999.49751239E-03,+1.32204766572E+00
+42.30000E-06,+1.01557795146E+00,+1.32625624537E+00,+1.03969851693E+00,+1.30194716340E+00
+42.35000E-06,+1.00552770028E+00,+1.37650750110E+00,+1.03969851698E+00,+1.30194716338E+00
+42.40000E-06,+995.47744911E-03,+1.04484921318E+00,+979.39701009E-03,+1.32204766570E+00
+42.45000E-06,+1.03567845374E+00,+1.00464820862E+00,+1.02964826582E+00,+1.38234917257E+00
+42.50000E-06,+1.03567845374E+00,+1.00464820862E+00,+1.01959801465E+00,+1.34214816803E+00
+42.55000E-06,+1.02562820261E+00,+1.00464820862E+00,+1.01959801465E+00,+1.37229892144E+00
+42.60000E-06,+995.47744915E-03,+1.04484921320E+00,+979.39701008E-03,+1.32204766573E+00
+42.65000E-06,+1.02562820258E+00,+1.04484921321E+00,+1.01959801465E+00,+1.35219841914E+00
+42.70000E-06,+1.01557795143E+00,+1.00464820862E+00,+1.03969851697E+00,+1.32204766572E+00
+42.75000E-06,+1.02562820261E+00,+1.01469845975E+00,+1.01959801465E+00,+1.32204766572E+00
+42.80000E-06,+1.03567845373E+00,+1.00464820862E+00,+1.01959801465E+00,+1.32204766572E+00
+42.85000E-06,+995.47744915E-03,+1.00464820862E+00,+1.01959801465E+00,+1.35219841914E+00
+42.90000E-06,+1.01557795146E+00,+1.02474871093E+00,+1.03969851693E+00,+1.34214816803E+00
+42.95000E-06,+1.03567845374E+00,+1.00464820862E+00,+1.04974876812E+00,+1.32204766572E+00
+43.00000E-06,+1.07587945832E+00,+1.32625624539E+00,+1.01959801465E+00,+1.36224867031E+00
+43.05000E-06,+1.00552770032E+00,+1.32625624537E+00,+989.44726122E-03,+1.33209791688E+00
+43.10000E-06,+975.37694687E-03,+1.30615574306E+00,+1.03969851693E+00,+1.32204766572E+00
+43.15000E-06,+1.03567845374E+00,+1.35640699884E+00,+1.07989952158E+00,+1.32204766572E+00
+43.20000E-06,+1.03567845371E+00,+1.32625624537E+00,+1.01959801465E+00,+1.36224867031E+00
+43.25000E-06,+1.00552770032E+00,+1.32625624537E+00,+1.02964826582E+00,+1.32204766572E+00
+43.30000E-06,+1.03567845374E+00,+1.32625624537E+00,+1.01959801465E+00,+1.32204766572E+00
+43.35000E-06,+985.42719802E-03,+1.35640699884E+00,+1.05979901925E+00,+1.32204766572E+00
+43.40000E-06,+1.03567845374E+00,+1.36645724995E+00,+979.39701008E-03,+1.36224867029E+00
+43.45000E-06,+1.02562820258E+00,+1.32625624537E+00,+1.04974876808E+00,+1.32204766572E+00
+43.50000E-06,+1.01557795143E+00,+1.30615574310E+00,+999.49751234E-03,+1.32204766575E+00
+43.55000E-06,+1.00552770028E+00,+1.33630649651E+00,+1.01959801465E+00,+1.35219841918E+00
+43.60000E-06,+955.27644457E-03,+1.04484921321E+00,+979.39701008E-03,+1.28184666114E+00
+43.65000E-06,+1.00552770032E+00,+1.00464820862E+00,+1.04974876808E+00,+1.31199741455E+00
+43.70000E-06,+975.37694683E-03,+1.00464820862E+00,+1.05979901925E+00,+1.34214816803E+00
+43.75000E-06,+1.03567845374E+00,+1.02474871095E+00,+1.00954776352E+00,+1.32204766572E+00
+43.80000E-06,+1.03567845374E+00,+964.44720404E-03,+1.01959801467E+00,+1.36224867029E+00
+43.85000E-06,+1.02562820258E+00,+1.01469845978E+00,+1.01959801465E+00,+1.32204766572E+00
+43.90000E-06,+995.47744915E-03,+1.00464820865E+00,+999.49751234E-03,+1.34214816803E+00
+43.95000E-06,+1.00552770028E+00,+1.03479896208E+00,+1.00954776352E+00,+1.33209791685E+00
+44.00000E-06,+1.03567845374E+00,+1.00464820862E+00,+1.05979901923E+00,+1.32204766573E+00
+44.05000E-06,+1.06582920717E+00,+1.00464820862E+00,+1.01959801465E+00,+1.29189691229E+00
+44.10000E-06,+1.01557795146E+00,+1.02474871090E+00,+1.01959801462E+00,+1.34214816799E+00
+44.15000E-06,+1.02562820261E+00,+1.03479896208E+00,+989.44726119E-03,+1.36224867031E+00
+44.20000E-06,+1.03567845373E+00,+1.24585423622E+00,+1.05979901923E+00,+1.32204766572E+00
+44.25000E-06,+1.03567845374E+00,+1.35640699880E+00,+1.04974876808E+00,+1.33209791688E+00
+44.30000E-06,+1.01557795143E+00,+1.32625624537E+00,+1.05979901925E+00,+1.32204766572E+00
+44.35000E-06,+1.00552770028E+00,+1.35640699884E+00,+979.39701006E-03,+1.36224867031E+00
+44.40000E-06,+995.47744913E-03,+1.32625624537E+00,+979.39701008E-03,+1.32204766573E+00
+44.45000E-06,+1.00552770032E+00,+1.33630649654E+00,+1.01959801465E+00,+1.40244967490E+00
+44.50000E-06,+975.37694683E-03,+1.36645724993E+00,+1.05979901925E+00,+1.32204766572E+00
+44.55000E-06,+995.47744915E-03,+1.38655775230E+00,+1.02964826578E+00,+1.32204766572E+00
+44.60000E-06,+1.03567845374E+00,+1.36645724997E+00,+1.01959801467E+00,+1.36224867031E+00
+44.65000E-06,+1.02562820258E+00,+1.35640699880E+00,+1.00954776349E+00,+1.33209791688E+00
+44.70000E-06,+1.01557795146E+00,+1.32625624537E+00,+999.49751237E-03,+1.34214816799E+00
+44.75000E-06,+965.32669568E-03,+1.32625624537E+00,+1.02964826578E+00,+1.32204766572E+00
+44.80000E-06,+1.03567845374E+00,+1.04484921318E+00,+979.39701010E-03,+1.32204766572E+00
+44.85000E-06,+975.37694689E-03,+1.00464820862E+00,+999.49751239E-03,+1.35219841914E+00
+44.90000E-06,+1.01557795143E+00,+1.00464820862E+00,+1.03969851693E+00,+1.36224867031E+00
+44.95000E-06,+1.03567845374E+00,+1.00464820862E+00,+1.02964826578E+00,+1.32204766572E+00
+45.00000E-06,+955.27644459E-03,+1.00464820862E+00,+1.01959801465E+00,+1.32204766572E+00
+45.05000E-06,+1.03567845374E+00,+1.00464820862E+00,+1.06984927041E+00,+1.32204766572E+00
+45.10000E-06,+1.03567845374E+00,+1.02474871093E+00,+1.03969851697E+00,+1.36224867031E+00
+45.15000E-06,+1.03567845374E+00,+1.07499996668E+00,+1.01959801465E+00,+1.33209791685E+00
+45.20000E-06,+1.03567845374E+00,+1.00464820860E+00,+1.01959801465E+00,+1.36224867031E+00
+45.25000E-06,+995.47744915E-03,+1.00464820862E+00,+1.03969851691E+00,+1.34214816805E+00
+45.30000E-06,+1.01557795139E+00,+984.54770630E-03,+1.03969851693E+00,+1.32204766572E+00
+45.35000E-06,+995.47744915E-03,+1.00464820862E+00,+1.03969851699E+00,+1.33209791684E+00
+45.40000E-06,+1.03567845374E+00,+1.36645724997E+00,+1.05979901925E+00,+1.40244967489E+00
+45.45000E-06,+1.03567845374E+00,+1.33630649654E+00,+1.02964826582E+00,+1.33209791688E+00
+45.50000E-06,+975.37694687E-03,+1.30615574310E+00,+1.03969851697E+00,+1.34214816803E+00
+45.55000E-06,+1.00552770028E+00,+1.36645724997E+00,+999.49751232E-03,+1.32204766572E+00
+45.60000E-06,+995.47744915E-03,+1.36645724995E+00,+1.05979901923E+00,+1.36224867029E+00
+45.65000E-06,+1.00552770032E+00,+1.32625624537E+00,+1.01959801465E+00,+1.33209791688E+00
+45.70000E-06,+1.03567845374E+00,+1.34635674765E+00,+1.03969851697E+00,+1.34214816803E+00
+45.75000E-06,+1.03567845374E+00,+1.32625624537E+00,+1.02964826578E+00,+1.31199741459E+00
+45.80000E-06,+955.27644457E-03,+1.32625624537E+00,+1.01959801467E+00,+1.32204766572E+00
+45.85000E-06,+995.47744915E-03,+1.35640699880E+00,+1.10000002384E+00,+1.32204766572E+00
+45.90000E-06,+1.01557795147E+00,+1.34635674769E+00,+1.03969851697E+00,+1.34214816799E+00
+45.95000E-06,+1.02562820261E+00,+1.35640699884E+00,+999.49751232E-03,+1.35219841918E+00
+46.00000E-06,+995.47744915E-03,+1.08505021777E+00,+1.01959801465E+00,+1.32204766570E+00
+46.05000E-06,+1.03567845374E+00,+1.01469845979E+00,+969.34675889E-03,+1.34214816805E+00
+46.10000E-06,+1.03567845374E+00,+1.02474871090E+00,+1.05979901925E+00,+1.32204766572E+00
+46.15000E-06,+1.00552770028E+00,+1.00464820862E+00,+1.03969851699E+00,+1.33209791684E+00
+46.20000E-06,+1.03567845374E+00,+1.00464820862E+00,+979.39701008E-03,+1.36224867029E+00
+46.25000E-06,+1.03567845374E+00,+1.00464820862E+00,+1.01959801465E+00,+1.36224867031E+00
+46.30000E-06,+995.47744911E-03,+1.00464820862E+00,+1.05979901925E+00,+1.34214816799E+00
+46.35000E-06,+1.00552770028E+00,+1.00464820862E+00,+1.04974876812E+00,+1.33209791684E+00
+46.40000E-06,+955.27644455E-03,+1.00464820864E+00,+1.05979901925E+00,+1.36224867027E+00
+46.45000E-06,+1.00552770032E+00,+1.00464820862E+00,+1.01959801465E+00,+1.32204766572E+00
+46.50000E-06,+1.01557795147E+00,+1.02474871094E+00,+979.39701010E-03,+1.34214816803E+00
+46.55000E-06,+1.02562820261E+00,+974.49745515E-03,+1.01959801465E+00,+1.32204766572E+00
+46.60000E-06,+1.03567845374E+00,+1.24585423623E+00,+1.05979901919E+00,+1.32204766576E+00
+46.65000E-06,+1.02562820257E+00,+1.36645724997E+00,+989.44726123E-03,+1.35219841914E+00
+46.70000E-06,+1.01557795147E+00,+1.32625624541E+00,+1.03969851697E+00,+1.32204766572E+00
+46.75000E-06,+995.47744915E-03,+1.32625624537E+00,+1.04974876812E+00,+1.32204766572E+00
+46.80000E-06,+995.47744915E-03,+1.32625624537E+00,+1.01959801467E+00,+1.32204766572E+00
+46.85000E-06,+995.47744915E-03,+1.32625624537E+00,+1.04974876808E+00,+1.29189691229E+00
+46.90000E-06,+1.03567845374E+00,+1.32625624537E+00,+1.05979901925E+00,+1.34214816803E+00
+46.95000E-06,+1.03567845374E+00,+1.31620599425E+00,+1.00954776352E+00,+1.33209791684E+00
+47.00000E-06,+1.03567845374E+00,+1.32625624539E+00,+979.39701010E-03,+1.32204766572E+00
+47.05000E-06,+1.03567845374E+00,+1.35640699880E+00,+1.00954776348E+00,+1.38234917257E+00
+47.10000E-06,+995.47744919E-03,+1.38655775229E+00,+999.49751234E-03,+1.36224867031E+00
+47.15000E-06,+975.37694681E-03,+1.36645724997E+00,+1.05979901925E+00,+1.32204766572E+00
+47.20000E-06,+995.47744915E-03,+1.08505021779E+00,+1.01959801467E+00,+1.32204766570E+00
+47.25000E-06,+1.00552770032E+00,+984.54770636E-03,+1.02964826582E+00,+1.33209791688E+00
+47.30000E-06,+1.01557795147E+00,+1.00464820862E+00,+1.01959801465E+00,+1.38234917263E+00
+47.35000E-06,+1.02562820262E+00,+1.00464820862E+00,+979.39701006E-03,+1.32204766572E+00
+47.40000E-06,+995.47744917E-03,+1.00464820862E+00,+1.05979901923E+00,+1.32204766572E+00
+47.45000E-06,+1.01557795141E+00,+974.49745519E-03,+1.02964826582E+00,+1.32204766572E+00
+47.50000E-06,+1.01557795143E+00,+1.02474871094E+00,+1.03969851697E+00,+1.34214816799E+00
+47.55000E-06,+1.03567845374E+00,+1.00464820862E+00,+1.02964826578E+00,+1.33209791684E+00
+47.60000E-06,+1.03567845372E+00,+1.00464820864E+00,+1.05979901921E+00,+1.32204766572E+00
+47.65000E-06,+1.02562820257E+00,+1.00464820862E+00,+1.02964826582E+00,+1.32204766572E+00
+47.70000E-06,+995.47744911E-03,+1.02474871094E+00,+1.01959801465E+00,+1.32204766572E+00
+47.75000E-06,+1.06582920721E+00,+1.00464820862E+00,+1.01959801465E+00,+1.33209791684E+00
+47.80000E-06,+1.03567845374E+00,+1.32625624537E+00,+1.05979901923E+00,+1.40244967488E+00
+47.85000E-06,+965.32669572E-03,+1.35640699880E+00,+1.02964826582E+00,+1.36224867031E+00
+47.90000E-06,+955.27644460E-03,+1.34635674769E+00,+1.01959801461E+00,+1.32204766572E+00
+47.95000E-06,+985.42719802E-03,+1.32625624537E+00,+1.01959801465E+00,+1.35219841918E+00
+48.00000E-06,+1.03567845372E+00,+1.32625624537E+00,+1.01959801463E+00,+1.36224867031E+00
+48.05000E-06,+1.02562820257E+00,+1.32625624537E+00,+1.01959801465E+00,+1.36224867031E+00
+48.10000E-06,+1.01557795147E+00,+1.34635674765E+00,+999.49751238E-03,+1.34214816799E+00
+48.15000E-06,+1.00552770028E+00,+1.35640699884E+00,+1.04974876812E+00,+1.33209791684E+00
+48.20000E-06,+995.47744913E-03,+1.32625624540E+00,+1.01959801463E+00,+1.28184666114E+00
+48.25000E-06,+985.42719798E-03,+1.32625624537E+00,+1.01959801465E+00,+1.33209791688E+00
+48.30000E-06,+1.01557795143E+00,+1.34635674769E+00,+999.49751238E-03,+1.34214816799E+00
+48.35000E-06,+995.47744915E-03,+1.31620599425E+00,+1.03969851691E+00,+1.39239942378E+00
+48.40000E-06,+995.47744913E-03,+1.04484921317E+00,+979.39701010E-03,+1.28184666114E+00
+48.45000E-06,+1.00552770032E+00,+1.03479896204E+00,+1.03969851691E+00,+1.33209791688E+00
+48.50000E-06,+1.01557795143E+00,+1.00464820862E+00,+1.01959801469E+00,+1.34214816799E+00
+48.55000E-06,+1.05577895608E+00,+1.04484921321E+00,+1.01959801465E+00,+1.36224867031E+00
+48.60000E-06,+995.47744915E-03,+1.00464820862E+00,+1.05979901925E+00,+1.36224867029E+00
+48.65000E-06,+995.47744915E-03,+1.00464820862E+00,+1.01959801465E+00,+1.32204766572E+00
+48.70000E-06,+1.03567845374E+00,+1.02474871089E+00,+1.01959801465E+00,+1.34214816803E+00
+48.75000E-06,+995.47744915E-03,+1.01469845975E+00,+1.04974876812E+00,+1.29189691225E+00
+48.80000E-06,+995.47744915E-03,+1.00464820862E+00,+1.01959801463E+00,+1.32204766574E+00
+48.85000E-06,+1.00552770032E+00,+1.01469845979E+00,+1.01959801465E+00,+1.32204766572E+00
+48.90000E-06,+995.47744915E-03,+1.00464820862E+00,+1.03969851693E+00,+1.34214816799E+00
+48.95000E-06,+985.42719802E-03,+964.44720402E-03,+1.02964826578E+00,+1.32204766572E+00
+49.00000E-06,+995.47744917E-03,+1.28605524082E+00,+979.39701008E-03,+1.36224867031E+00
+49.05000E-06,+1.01557795140E+00,+1.36645724997E+00,+999.49751240E-03,+1.35219841914E+00
+49.10000E-06,+1.01557795147E+00,+1.34635674765E+00,+1.01959801465E+00,+1.32204766567E+00
+49.15000E-06,+975.37694681E-03,+1.32625624537E+00,+1.00954776353E+00,+1.36224867031E+00
+49.20000E-06,+995.47744917E-03,+1.36645724995E+00,+979.39701008E-03,+1.36224867029E+00
+49.25000E-06,+965.32669572E-03,+1.32625624537E+00,+1.04974876808E+00,+1.32204766572E+00
+49.30000E-06,+995.47744919E-03,+1.34635674765E+00,+1.03969851693E+00,+1.36224867035E+00
+49.35000E-06,+1.02562820262E+00,+1.32625624537E+00,+1.01959801465E+00,+1.31199741459E+00
+49.40000E-06,+995.47744917E-03,+1.32625624537E+00,+979.39701008E-03,+1.36224867027E+00
+49.45000E-06,+995.47744915E-03,+1.32625624537E+00,+1.01959801465E+00,+1.33209791689E+00
+49.50000E-06,+1.01557795147E+00,+1.32625624537E+00,+1.03969851693E+00,+1.32204766572E+00
+49.55000E-06,+965.32669568E-03,+1.32625624537E+00,+1.01959801465E+00,+1.30194716337E+00
+49.60000E-06,+955.27644460E-03,+1.12525122236E+00,+1.05979901927E+00,+1.28184666112E+00
+49.65000E-06,+1.00552770032E+00,+974.49745519E-03,+1.05979901925E+00,+1.32204766572E+00
+49.70000E-06,+1.03567845379E+00,+1.02474871094E+00,+1.03969851693E+00,+1.36224867031E+00
+49.75000E-06,+1.00552770028E+00,+1.03479896209E+00,+979.39701006E-03,+1.32204766572E+00
+49.80000E-06,+1.03567845372E+00,+1.00464820862E+00,+1.10000002380E+00,+1.32204766572E+00
+49.85000E-06,+995.47744915E-03,+1.01469845979E+00,+1.01959801465E+00,+1.32204766572E+00
+49.90000E-06,+995.47744915E-03,+1.00464820857E+00,+999.49751238E-03,+1.34214816799E+00
+49.95000E-06,+1.03567845374E+00,+1.00464820862E+00,+1.01959801465E+00,+1.32204766572E+00
+50.00000E-06,+995.47744913E-03,+1.00464820862E+00,+1.01959801465E+00,+1.36224867029E+00
+50.05000E-06,+995.47744915E-03,+1.04484921321E+00,+1.03969851691E+00,+1.33209791689E+00
+50.10000E-06,+1.05577895602E+00,+1.02474871089E+00,+999.49751238E-03,+1.36224867035E+00
+50.15000E-06,+995.47744915E-03,+1.04484921321E+00,+1.00954776353E+00,+1.36224867031E+00
+50.20000E-06,+1.03567845372E+00,+1.32625624540E+00,+1.05979901923E+00,+1.36224867031E+00
+50.25000E-06,+1.03567845374E+00,+1.33630649655E+00,+989.44726123E-03,+1.33209791689E+00
+50.30000E-06,+1.01557795142E+00,+1.34635674769E+00,+999.49751233E-03,+1.30194716348E+00
+50.35000E-06,+1.00552770028E+00,+1.30615574303E+00,+1.00954776353E+00,+1.36224867031E+00
+50.40000E-06,+1.03567845372E+00,+1.36645724995E+00,+1.01959801465E+00,+1.36224867029E+00
+50.45000E-06,+985.42719798E-03,+1.31620599420E+00,+1.04974876808E+00,+1.31199741454E+00
+50.50000E-06,+1.01557795147E+00,+1.32625624537E+00,+1.01959801465E+00,+1.32204766572E+00
+50.55000E-06,+1.03567845374E+00,+1.35640699884E+00,+1.01959801465E+00,+1.32204766572E+00
+50.60000E-06,+955.27644458E-03,+1.32625624537E+00,+1.01959801463E+00,+1.32204766572E+00
+50.65000E-06,+1.02562820257E+00,+1.32625624537E+00,+1.05979901925E+00,+1.32204766572E+00
+50.70000E-06,+1.01557795147E+00,+1.34635674769E+00,+1.03969851693E+00,+1.34214816803E+00
+50.75000E-06,+1.03567845374E+00,+1.29610549191E+00,+999.49751231E-03,+1.35219841918E+00
+50.80000E-06,+995.47744915E-03,+1.04484921317E+00,+1.01959801467E+00,+1.32204766572E+00
+50.85000E-06,+1.02562820257E+00,+1.00464820862E+00,+1.01959801465E+00,+1.32204766572E+00
+50.90000E-06,+1.01557795142E+00,+1.02474871089E+00,+999.49751233E-03,+1.34214816799E+00
+50.95000E-06,+995.47744915E-03,+1.00464820862E+00,+1.01959801465E+00,+1.36224867031E+00
+51.00000E-06,+1.03567845374E+00,+1.00464820862E+00,+1.01959801467E+00,+1.32204766572E+00
+51.05000E-06,+985.42719798E-03,+1.00464820862E+00,+999.49751240E-03,+1.39239942373E+00
+51.10000E-06,+1.03567845374E+00,+1.00464820862E+00,+1.03969851693E+00,+1.36224867031E+00
+51.15000E-06,+995.47744915E-03,+1.00464820862E+00,+1.02964826578E+00,+1.35219841918E+00
+51.20000E-06,+995.47744915E-03,+1.00464820864E+00,+1.05979901925E+00,+1.32204766572E+00
+51.25000E-06,+1.03567845374E+00,+1.01469845979E+00,+1.02964826582E+00,+1.35219841914E+00
+51.30000E-06,+1.01557795147E+00,+984.54770634E-03,+999.49751238E-03,+1.32204766572E+00
+51.35000E-06,+1.02562820262E+00,+1.00464820862E+00,+1.02964826578E+00,+1.35219841918E+00
+51.40000E-06,+1.03567845374E+00,+1.28605524080E+00,+1.05979901922E+00,+1.32204766576E+00
+51.45000E-06,+1.01557795140E+00,+1.36645724997E+00,+1.05979901925E+00,+1.32204766572E+00
+51.50000E-06,+1.03567845370E+00,+1.32625624537E+00,+1.01959801465E+00,+1.34214816799E+00
+51.55000E-06,+1.02562820262E+00,+1.35640699884E+00,+1.01959801465E+00,+1.33209791684E+00
+51.60000E-06,+995.47744915E-03,+1.32625624535E+00,+1.05979901922E+00,+1.32204766569E+00
+51.65000E-06,+1.02562820257E+00,+1.31620599420E+00,+1.07989952150E+00,+1.32204766572E+00
+51.70000E-06,+995.47744910E-03,+1.38655775224E+00,+1.03969851693E+00,+1.32204766572E+00
+51.75000E-06,+1.03567845374E+00,+1.32625624537E+00,+1.03969851700E+00,+1.36224867031E+00
+51.80000E-06,+1.03567845374E+00,+1.28605524080E+00,+1.01959801465E+00,+1.36224867029E+00
+51.85000E-06,+1.00552770032E+00,+1.35640699880E+00,+1.01959801465E+00,+1.33209791689E+00
+51.90000E-06,+975.37694687E-03,+1.34635674765E+00,+1.03969851697E+00,+1.34214816804E+00
+51.95000E-06,+1.02562820262E+00,+1.33630649650E+00,+1.05979901925E+00,+1.29189691225E+00
+52.00000E-06,+995.47744915E-03,+1.08505021774E+00,+1.05979901925E+00,+1.32204766572E+00
+52.05000E-06,+1.03567845374E+00,+1.01469845979E+00,+1.01959801465E+00,+1.32204766572E+00
+52.10000E-06,+975.37694683E-03,+1.00464820862E+00,+999.49751238E-03,+1.34214816799E+00
+52.15000E-06,+1.00552770027E+00,+994.59795749E-03,+989.44726118E-03,+1.35219841918E+00
+52.20000E-06,+995.47744913E-03,+1.00464820862E+00,+1.05979901922E+00,+1.28184666114E+00
+52.25000E-06,+985.42719798E-03,+1.02474871087E+00,+1.04974876808E+00,+1.29189691229E+00
+52.30000E-06,+1.03567845374E+00,+1.00464820862E+00,+1.01959801465E+00,+1.32204766572E+00
+52.35000E-06,+1.03567845374E+00,+994.59795749E-03,+1.02964826578E+00,+1.35219841918E+00
+52.40000E-06,+995.47744915E-03,+1.00464820862E+00,+1.05979901922E+00,+1.32204766572E+00
+52.45000E-06,+1.03567845374E+00,+1.01469845979E+00,+1.02964826582E+00,+1.32204766572E+00
+52.50000E-06,+1.03567845374E+00,+984.54770630E-03,+1.05979901929E+00,+1.34214816799E+00
+52.55000E-06,+1.03567845374E+00,+994.59795749E-03,+1.02964826578E+00,+1.32204766572E+00
+52.60000E-06,+995.47744917E-03,+1.32625624537E+00,+1.05979901925E+00,+1.36224867031E+00
+52.65000E-06,+1.04572870492E+00,+1.35640699880E+00,+1.01959801465E+00,+1.33209791689E+00
+52.70000E-06,+1.03567845374E+00,+1.34635674770E+00,+1.01959801465E+00,+1.32204766572E+00
+52.75000E-06,+975.37694680E-03,+1.36645724997E+00,+1.01959801465E+00,+1.26174615878E+00
+52.80000E-06,+955.27644460E-03,+1.36645724995E+00,+1.05979901925E+00,+1.36224867029E+00
+52.85000E-06,+1.03567845374E+00,+1.36645724997E+00,+999.49751240E-03,+1.28184666112E+00
+52.90000E-06,+1.03567845374E+00,+1.32625624537E+00,+979.39701006E-03,+1.34214816804E+00
+52.95000E-06,+1.01557795149E+00,+1.32625624537E+00,+1.03969851690E+00,+1.32204766572E+00
+53.00000E-06,+955.27644460E-03,+1.32625624540E+00,+1.01959801465E+00,+1.32204766572E+00
+53.05000E-06,+1.02562820257E+00,+1.35640699880E+00,+1.02964826583E+00,+1.33209791689E+00
+53.10000E-06,+995.47744910E-03,+1.34635674770E+00,+1.03969851697E+00,+1.34214816799E+00
+53.15000E-06,+1.03567845374E+00,+1.34635674772E+00,+1.00954776353E+00,+1.36224867031E+00
+53.20000E-06,+995.47744917E-03,+1.12525122235E+00,+1.01959801465E+00,+1.32204766572E+00
+53.25000E-06,+1.00552770032E+00,+994.59795745E-03,+1.03969851690E+00,+1.32204766572E+00
+53.30000E-06,+995.47744915E-03,+1.02474871089E+00,+1.03969851697E+00,+1.34214816804E+00
+53.35000E-06,+1.00552770027E+00,+1.00464820862E+00,+1.00954776353E+00,+1.36224867031E+00
+53.40000E-06,+995.47744917E-03,+1.00464820864E+00,+1.01959801465E+00,+1.36224867031E+00
+53.45000E-06,+1.02562820257E+00,+1.01469845979E+00,+989.44726123E-03,+1.33209791689E+00
+53.50000E-06,+955.27644455E-03,+1.00464820862E+00,+1.01959801465E+00,+1.30194716344E+00
+53.55000E-06,+965.32669568E-03,+1.04484921321E+00,+1.01959801465E+00,+1.33209791684E+00
+53.60000E-06,+1.03567845370E+00,+1.00464820862E+00,+1.05979901922E+00,+1.32204766574E+00
+53.65000E-06,+1.02562820257E+00,+1.01469845979E+00,+1.05979901925E+00,+1.29189691229E+00
+53.70000E-06,+1.01557795142E+00,+1.00464820862E+00,+999.49751238E-03,+1.36224867026E+00
+53.75000E-06,+1.01557795149E+00,+1.00464820862E+00,+1.02964826578E+00,+1.32204766572E+00
+53.80000E-06,+995.47744917E-03,+1.28605524083E+00,+1.05979901920E+00,+1.36224867031E+00
+53.85000E-06,+1.02562820257E+00,+1.35640699880E+00,+1.02964826583E+00,+1.32204766572E+00
+53.90000E-06,+1.01557795147E+00,+1.32625624537E+00,+1.03969851697E+00,+1.34214816799E+00
+53.95000E-06,+1.02562820262E+00,+1.32625624537E+00,+1.04974876812E+00,+1.32204766572E+00
+54.00000E-06,+995.47744915E-03,+1.32625624537E+00,+1.01959801465E+00,+1.32204766572E+00
+54.05000E-06,+995.47744915E-03,+1.35640699880E+00,+1.00954776348E+00,+1.35219841914E+00
+54.10000E-06,+1.01557795142E+00,+1.32625624537E+00,+1.03969851693E+00,+1.34214816804E+00
+54.15000E-06,+1.03567845374E+00,+1.32625624537E+00,+1.01959801465E+00,+1.33209791684E+00
+54.20000E-06,+995.47744917E-03,+1.32625624540E+00,+979.39701008E-03,+1.32204766572E+00
+54.25000E-06,+1.03567845374E+00,+1.35640699880E+00,+1.01959801465E+00,+1.35219841914E+00
+54.30000E-06,+995.47744920E-03,+1.32625624537E+00,+1.03969851693E+00,+1.32204766572E+00
+54.35000E-06,+1.00552770027E+00,+1.33630649650E+00,+1.05979901925E+00,+1.32204766572E+00
+54.40000E-06,+1.03567845369E+00,+1.12525122230E+00,+1.01959801468E+00,+1.32204766572E+00
+54.45000E-06,+995.47744915E-03,+1.00464820862E+00,+1.02964826583E+00,+1.38234917256E+00
+54.50000E-06,+1.03567845374E+00,+984.54770630E-03,+1.01959801470E+00,+1.38234917258E+00
+54.55000E-06,+965.32669568E-03,+1.00464820862E+00,+1.01959801465E+00,+1.32204766572E+00
+54.60000E-06,+1.03567845372E+00,+1.00464820864E+00,+1.05979901922E+00,+1.32204766576E+00
+54.65000E-06,+1.01557795140E+00,+1.01469845979E+00,+989.44726123E-03,+1.33209791689E+00
+54.70000E-06,+1.01557795147E+00,+1.02474871094E+00,+1.01959801465E+00,+1.28184666112E+00
+54.75000E-06,+995.47744915E-03,+1.01469845974E+00,+999.49751240E-03,+1.37229892143E+00
+54.80000E-06,+995.47744915E-03,+964.44720405E-03,+979.39701006E-03,+1.36224867031E+00
+54.85000E-06,+1.03567845374E+00,+1.01469845979E+00,+979.39701006E-03,+1.32204766572E+00
+54.90000E-06,+995.47744915E-03,+1.00464820862E+00,+999.49751233E-03,+1.34214816804E+00
+54.95000E-06,+1.03567845374E+00,+1.03479896209E+00,+989.44726118E-03,+1.30194716337E+00
+55.00000E-06,+1.03567845372E+00,+1.28605524080E+00,+1.01959801463E+00,+1.28184666115E+00
+55.05000E-06,+1.03567845374E+00,+1.32625624537E+00,+1.02964826583E+00,+1.32204766572E+00
+55.10000E-06,+1.01557795147E+00,+1.34635674770E+00,+979.39701006E-03,+1.32204766572E+00
+55.15000E-06,+935.17594221E-03,+1.35640699885E+00,+1.03969851690E+00,+1.32204766572E+00
+55.20000E-06,+1.03567845372E+00,+1.32625624537E+00,+1.01959801465E+00,+1.32204766577E+00
+55.25000E-06,+995.47744915E-03,+1.36645724997E+00,+1.02964826583E+00,+1.35219841914E+00
+55.30000E-06,+1.05577895607E+00,+1.34635674770E+00,+1.03969851692E+00,+1.30194716344E+00
+55.35000E-06,+995.47744915E-03,+1.35640699885E+00,+1.00954776353E+00,+1.32204766572E+00
+55.40000E-06,+1.03567845374E+00,+1.28605524081E+00,+1.01959801468E+00,+1.32204766572E+00
+55.45000E-06,+1.02562820257E+00,+1.36645724997E+00,+1.06984927042E+00,+1.35219841914E+00
+55.50000E-06,+1.03567845374E+00,+1.34635674770E+00,+1.01959801465E+00,+1.34214816804E+00
+55.55000E-06,+1.00552770027E+00,+1.32625624537E+00,+979.39701006E-03,+1.34214816806E+00
+55.60000E-06,+915.07543998E-03,+1.00464820862E+00,+1.05979901925E+00,+1.32204766572E+00
+55.65000E-06,+945.22619348E-03,+1.00464820862E+00,+1.01959801465E+00,+1.37229892148E+00
+55.70000E-06,+1.01557795137E+00,+1.02474871089E+00,+1.03969851698E+00,+1.34214816799E+00
+55.75000E-06,+1.00552770027E+00,+1.00464820862E+00,+1.05979901925E+00,+1.30194716337E+00
+55.80000E-06,+1.03567845374E+00,+1.00464820862E+00,+1.01959801468E+00,+1.36224867028E+00
+55.85000E-06,+1.03567845374E+00,+1.04484921321E+00,+1.00954776348E+00,+1.33209791689E+00
+55.90000E-06,+1.01557795142E+00,+1.00464820862E+00,+1.05979901925E+00,+1.30194716344E+00
+55.95000E-06,+975.37694680E-03,+1.00464820862E+00,+1.04974876812E+00,+1.32204766572E+00
+56.00000E-06,+1.03567845369E+00,+1.00464820862E+00,+1.05979901922E+00,+1.32204766572E+00
+56.05000E-06,+1.05577895599E+00,+1.01469845979E+00,+1.01959801465E+00,+1.35219841914E+00
+56.10000E-06,+995.47744915E-03,+1.00464820862E+00,+1.01959801465E+00,+1.32204766572E+00
+56.15000E-06,+985.42719803E-03,+1.03479896209E+00,+1.02964826578E+00,+1.32204766572E+00
+56.20000E-06,+995.47744917E-03,+1.28605524081E+00,+1.01959801463E+00,+1.32204766574E+00
+56.25000E-06,+995.47744915E-03,+1.35640699879E+00,+1.00954776348E+00,+1.33209791689E+00
+56.30000E-06,+1.01557795147E+00,+1.32625624537E+00,+1.03969851698E+00,+1.36224867031E+00
+56.35000E-06,+1.00552770027E+00,+1.29610549190E+00,+1.02964826578E+00,+1.35219841919E+00
+56.40000E-06,+1.03567845374E+00,+1.32625624540E+00,+1.01959801465E+00,+1.40244967485E+00
+56.45000E-06,+1.03567845374E+00,+1.32625624537E+00,+1.04974876807E+00,+1.33209791689E+00
+56.50000E-06,+1.01557795147E+00,+1.36645724997E+00,+1.03969851698E+00,+1.30194716339E+00
+56.55000E-06,+1.03567845374E+00,+1.35640699885E+00,+1.04974876812E+00,+1.36224867031E+00
+56.60000E-06,+1.03567845372E+00,+1.32625624540E+00,+1.05979901925E+00,+1.32204766572E+00
+56.65000E-06,+1.00552770032E+00,+1.32625624537E+00,+1.02964826583E+00,+1.39239942373E+00
+56.70000E-06,+1.01557795147E+00,+1.34635674770E+00,+1.03969851687E+00,+1.34214816804E+00
+56.75000E-06,+1.04572870487E+00,+1.33630649650E+00,+1.07989952160E+00,+1.33209791684E+00
+56.80000E-06,+995.47744912E-03,+1.12525122230E+00,+979.39701011E-03,+1.28184666115E+00
+56.85000E-06,+1.00552770032E+00,+974.49745520E-03,+1.05979901925E+00,+1.32204766572E+00
+56.90000E-06,+1.01557795147E+00,+1.02474871094E+00,+979.39701006E-03,+1.38234917258E+00
+56.95000E-06,+1.03567845374E+00,+1.00464820862E+00,+1.02964826578E+00,+1.35219841919E+00
+57.00000E-06,+995.47744917E-03,+1.00464820864E+00,+1.01959801460E+00,+1.32204766574E+00
+57.05000E-06,+995.47744915E-03,+1.04484921321E+00,+1.01959801465E+00,+1.37229892148E+00
+57.10000E-06,+1.03567845374E+00,+1.00464820862E+00,+1.03969851698E+00,+1.32204766572E+00
+57.15000E-06,+1.03567845374E+00,+1.00464820862E+00,+1.01959801465E+00,+1.32204766572E+00
+57.20000E-06,+1.03567845374E+00,+964.44720408E-03,+1.01959801465E+00,+1.32204766572E+00
+57.25000E-06,+995.47744915E-03,+1.00464820862E+00,+1.01959801465E+00,+1.33209791689E+00
+57.30000E-06,+1.01557795142E+00,+1.00464820862E+00,+1.01959801465E+00,+1.32204766572E+00
+57.35000E-06,+1.03567845374E+00,+1.00464820862E+00,+1.01959801465E+00,+1.33209791684E+00
+57.40000E-06,+995.47744920E-03,+1.28605524083E+00,+1.05979901925E+00,+1.36224867028E+00
+57.45000E-06,+1.06582920716E+00,+1.36645724997E+00,+1.00954776348E+00,+1.33209791689E+00
+57.50000E-06,+1.01557795147E+00,+1.32625624537E+00,+1.03969851692E+00,+1.30194716339E+00
+57.55000E-06,+1.04572870487E+00,+1.35640699885E+00,+1.02964826578E+00,+1.35219841919E+00
+57.60000E-06,+995.47744915E-03,+1.32625624540E+00,+1.05979901922E+00,+1.32204766574E+00
+57.65000E-06,+1.02562820257E+00,+1.35640699879E+00,+1.02964826583E+00,+1.35219841913E+00
+57.70000E-06,+1.03567845374E+00,+1.32625624537E+00,+1.01959801465E+00,+1.36224867031E+00
+57.75000E-06,+1.02562820262E+00,+1.35640699885E+00,+1.01959801465E+00,+1.33209791684E+00
+57.80000E-06,+995.47744915E-03,+1.32625624537E+00,+1.01959801463E+00,+1.32204766574E+00
+57.85000E-06,+985.42719797E-03,+1.32625624537E+00,+1.05979901925E+00,+1.35219841913E+00
+57.90000E-06,+1.03567845374E+00,+1.34635674770E+00,+1.03969851698E+00,+1.32204766572E+00
+57.95000E-06,+995.47744915E-03,+1.29610549190E+00,+1.00954776353E+00,+1.33209791684E+00
+58.00000E-06,+1.03567845372E+00,+1.12525122232E+00,+939.19600552E-03,+1.36224867028E+00
+58.05000E-06,+985.42719797E-03,+964.44720402E-03,+1.00954776348E+00,+1.36224867031E+00
+58.10000E-06,+1.01557795142E+00,+1.00464820862E+00,+1.03969851692E+00,+1.32204766572E+00
+58.15000E-06,+995.47744915E-03,+1.03479896209E+00,+1.01959801465E+00,+1.36224867031E+00
+58.20000E-06,+995.47744918E-03,+1.00464820865E+00,+979.39701011E-03,+1.36224867031E+00
+58.25000E-06,+1.03567845374E+00,+1.00464820862E+00,+959.29650781E-03,+1.36224867031E+00
+58.30000E-06,+995.47744920E-03,+1.00464820862E+00,+1.01959801465E+00,+1.32204766572E+00
+58.35000E-06,+1.02562820262E+00,+1.00464820862E+00,+1.08994977272E+00,+1.35219841919E+00
+58.40000E-06,+1.03567845372E+00,+1.04484921319E+00,+1.05979901922E+00,+1.36224867028E+00
+58.45000E-06,+1.03567845374E+00,+1.04484921321E+00,+1.02964826583E+00,+1.32204766572E+00
+58.50000E-06,+1.01557795147E+00,+1.00464820862E+00,+999.49751233E-03,+1.32204766572E+00
+58.55000E-06,+995.47744915E-03,+1.00464820862E+00,+1.04974876813E+00,+1.33209791684E+00
+58.60000E-06,+995.47744918E-03,+1.28605524081E+00,+1.05979901919E+00,+1.36224867031E+00
+58.65000E-06,+1.03567845374E+00,+1.36645724997E+00,+1.01959801465E+00,+1.35219841913E+00
+58.70000E-06,+995.47744915E-03,+1.32625624537E+00,+1.03969851698E+00,+1.32204766572E+00
+58.75000E-06,+1.03567845374E+00,+1.32625624537E+00,+1.01959801465E+00,+1.36224867031E+00
+58.80000E-06,+1.03567845372E+00,+1.32625624537E+00,+1.05979901922E+00,+1.32204766574E+00
+58.85000E-06,+1.00552770032E+00,+1.35640699879E+00,+1.04974876807E+00,+1.32204766572E+00
+58.90000E-06,+995.47744909E-03,+1.32625624537E+00,+1.05979901925E+00,+1.32204766572E+00
+58.95000E-06,+1.03567845374E+00,+1.35640699885E+00,+1.01959801465E+00,+1.36224867031E+00
+59.00000E-06,+995.47744915E-03,+1.32625624540E+00,+1.05979901925E+00,+1.32204766572E+00
+59.05000E-06,+1.00552770033E+00,+1.35640699879E+00,+1.06984927042E+00,+1.32204766572E+00
+59.10000E-06,+995.47744915E-03,+1.32625624543E+00,+1.01959801471E+00,+1.34214816804E+00
+59.15000E-06,+995.47744915E-03,+1.32625624537E+00,+1.00954776353E+00,+1.35219841919E+00
+59.20000E-06,+995.47744915E-03,+1.08505021772E+00,+1.01959801468E+00,+1.32204766574E+00
+59.25000E-06,+995.47744915E-03,+1.00464820862E+00,+1.02964826583E+00,+1.35219841913E+00
+59.30000E-06,+1.01557795147E+00,+1.02474871094E+00,+1.01959801465E+00,+1.36224867031E+00
+59.35000E-06,+1.02562820262E+00,+1.00464820862E+00,+1.00954776353E+00,+1.33209791684E+00
+59.40000E-06,+1.03567845372E+00,+1.00464820862E+00,+1.01959801465E+00,+1.40244967485E+00
+59.45000E-06,+1.02562820257E+00,+1.03479896204E+00,+1.07989952149E+00,+1.33209791689E+00
+59.50000E-06,+1.03567845374E+00,+984.54770635E-03,+1.03969851698E+00,+1.32204766572E+00
+59.55000E-06,+1.03567845374E+00,+1.01469845974E+00,+989.44726118E-03,+1.36224867031E+00
+59.60000E-06,+1.03567845372E+00,+1.04484921319E+00,+1.05979901922E+00,+1.32204766572E+00
+59.65000E-06,+1.02562820257E+00,+974.49745520E-03,+1.03969851690E+00,+1.33209791689E+00
+59.70000E-06,+1.01557795142E+00,+1.02474871094E+00,+1.01959801460E+00,+1.32204766572E+00
+59.75000E-06,+995.47744915E-03,+1.00464820862E+00,+1.04974876813E+00,+1.29189691224E+00
+59.80000E-06,+1.03567845374E+00,+1.28605524084E+00,+1.05979901922E+00,+1.32204766572E+00
+59.85000E-06,+1.03567845374E+00,+1.34635674762E+00,+999.49751241E-03,+1.32204766572E+00
+59.90000E-06,+995.47744921E-03,+1.34635674770E+00,+1.03969851692E+00,+1.34214816804E+00
+59.95000E-06,+975.37694680E-03,+1.32625624537E+00,+1.01959801465E+00,+1.32204766572E+00
+60.00000E-06,+1.07587945825E+00,+1.36645724994E+00,+1.05979901925E+00,+1.36224867028E+00
+60.05000E-06,+975.37694691E-03,+1.32625624537E+00,+1.01959801465E+00,+1.35219841913E+00
+60.10000E-06,+995.47744921E-03,+1.32625624537E+00,+1.01959801471E+00,+1.32204766572E+00
+60.15000E-06,+1.03567845374E+00,+1.29610549190E+00,+989.44726118E-03,+1.34214816807E+00
+60.20000E-06,+1.03567845372E+00,+1.32625624535E+00,+1.01959801468E+00,+1.36224867028E+00
+60.25000E-06,+995.47744915E-03,+1.35640699879E+00,+999.49751241E-03,+1.35219841913E+00
+60.30000E-06,+1.03567845374E+00,+1.34635674770E+00,+1.01959801465E+00,+1.34214816804E+00
+60.35000E-06,+1.03567845374E+00,+1.29610549190E+00,+1.01959801465E+00,+1.35219841919E+00
+60.40000E-06,+1.03567845372E+00,+1.12525122229E+00,+979.39701011E-03,+1.32204766569E+00
+60.45000E-06,+965.32669573E-03,+1.00464820862E+00,+1.00954776348E+00,+1.33209791689E+00
+60.50000E-06,+975.37694682E-03,+1.02474871089E+00,+1.05979901925E+00,+1.32204766572E+00
+60.55000E-06,+1.07587945834E+00,+1.00464820862E+00,+1.02964826577E+00,+1.36224867031E+00
+60.60000E-06,+1.03567845374E+00,+1.00464820862E+00,+1.01959801465E+00,+1.36224867028E+00
+60.65000E-06,+1.00552770033E+00,+974.49745520E-03,+979.39701006E-03,+1.32204766572E+00
+60.70000E-06,+1.01557795147E+00,+1.02474871094E+00,+1.01959801465E+00,+1.34214816804E+00
+60.75000E-06,+985.42719803E-03,+1.00464820862E+00,+1.01959801465E+00,+1.36224867031E+00
+60.80000E-06,+955.27644458E-03,+1.00464820862E+00,+1.05979901919E+00,+1.28184666118E+00
+60.85000E-06,+1.03567845374E+00,+1.01469845980E+00,+989.44726124E-03,+1.35219841913E+00
+60.90000E-06,+955.27644455E-03,+984.54770635E-03,+1.03969851698E+00,+1.32204766572E+00
+60.95000E-06,+995.47744915E-03,+974.49745514E-03,+1.01959801465E+00,+1.36224867031E+00
+61.00000E-06,+1.03567845374E+00,+1.32625624540E+00,+1.05979901922E+00,+1.36224867031E+00
+61.05000E-06,+1.01557795139E+00,+1.35640699879E+00,+1.02964826583E+00,+1.33209791689E+00
+61.10000E-06,+1.01557795147E+00,+1.32625624537E+00,+1.01959801465E+00,+1.34214816798E+00
+61.15000E-06,+1.03567845374E+00,+1.32625624537E+00,+989.44726118E-03,+1.35219841919E+00
+61.20000E-06,+995.47744915E-03,+1.32625624535E+00,+1.01959801465E+00,+1.32204766572E+00
+61.25000E-06,+995.47744915E-03,+1.33630649655E+00,+989.44726124E-03,+1.33209791689E+00
+61.30000E-06,+1.01557795142E+00,+1.34635674770E+00,+1.01959801465E+00,+1.32204766572E+00
+61.35000E-06,+1.04572870498E+00,+1.35640699885E+00,+1.01959801465E+00,+1.33209791684E+00
+61.40000E-06,+995.47744915E-03,+1.32625624535E+00,+1.01959801468E+00,+1.28184666115E+00
+61.45000E-06,+1.03567845374E+00,+1.32625624537E+00,+959.29650782E-03,+1.33209791689E+00
+61.50000E-06,+995.47744915E-03,+1.32625624537E+00,+999.49751227E-03,+1.32204766572E+00
+61.55000E-06,+975.37694679E-03,+1.36645724997E+00,+1.05979901925E+00,+1.33209791684E+00
+61.60000E-06,+1.03567845374E+00,+1.12525122231E+00,+1.01959801471E+00,+1.32204766572E+00
+61.65000E-06,+975.37694691E-03,+964.44720402E-03,+989.44726124E-03,+1.35219841913E+00
+61.70000E-06,+1.05577895601E+00,+1.04484921321E+00,+1.01959801465E+00,+1.36224867025E+00
+61.75000E-06,+1.03567845374E+00,+1.04484921321E+00,+1.01959801465E+00,+1.32204766572E+00
+61.80000E-06,+995.47744918E-03,+1.04484921321E+00,+1.01959801462E+00,+1.32204766574E+00
+61.85000E-06,+1.02562820257E+00,+1.03479896203E+00,+1.04974876807E+00,+1.32204766572E+00
+61.90000E-06,+1.01557795142E+00,+1.02474871094E+00,+1.03969851698E+00,+1.34214816798E+00
+61.95000E-06,+1.02562820262E+00,+1.01469845974E+00,+1.00954776353E+00,+1.32204766572E+00
+62.00000E-06,+995.47744918E-03,+1.00464820865E+00,+1.01959801465E+00,+1.36224867025E+00
+62.05000E-06,+965.32669573E-03,+974.49745520E-03,+1.01959801465E+00,+1.34214816807E+00
+62.10000E-06,+995.47744909E-03,+1.04484921321E+00,+1.01959801465E+00,+1.32204766572E+00
+62.15000E-06,+1.00552770027E+00,+1.00464820862E+00,+1.05979901925E+00,+1.33209791683E+00
+62.20000E-06,+1.07587945831E+00,+1.32625624540E+00,+1.05979901919E+00,+1.36224867034E+00
+62.25000E-06,+1.01557795139E+00,+1.32625624537E+00,+989.44726124E-03,+1.32204766572E+00
+62.30000E-06,+1.03567845374E+00,+1.32625624537E+00,+999.49751233E-03,+1.34214816804E+00
+62.35000E-06,+965.32669567E-03,+1.32625624537E+00,+1.00954776353E+00,+1.36224867031E+00
+62.40000E-06,+1.07587945831E+00,+1.32625624537E+00,+1.05979901925E+00,+1.32204766572E+00
+62.45000E-06,+965.32669573E-03,+1.32625624537E+00,+1.01959801465E+00,+1.35219841913E+00
+62.50000E-06,+1.01557795142E+00,+1.32625624532E+00,+1.03969851698E+00,+1.36224867025E+00
+62.55000E-06,+995.47744915E-03,+1.35640699885E+00,+1.02964826577E+00,+1.38234917267E+00
+62.60000E-06,+1.03567845371E+00,+1.32625624537E+00,+1.01959801468E+00,+1.32204766574E+00
+62.65000E-06,+1.00552770033E+00,+1.32625624537E+00,+1.05979901925E+00,+1.32204766572E+00
+62.70000E-06,+1.01557795142E+00,+1.32625624537E+00,+1.01959801465E+00,+1.34214816804E+00
+62.75000E-06,+1.00552770027E+00,+1.34635674761E+00,+979.39701006E-03,+1.35219841919E+00
+62.80000E-06,+1.03567845371E+00,+1.04484921318E+00,+1.01959801468E+00,+1.28184666115E+00
+62.85000E-06,+1.03567845374E+00,+1.03479896203E+00,+1.01959801465E+00,+1.32204766572E+00
+62.90000E-06,+1.01557795148E+00,+1.00464820862E+00,+999.49751233E-03,+1.32204766572E+00
+62.95000E-06,+1.02562820262E+00,+1.00464820862E+00,+1.02964826577E+00,+1.33209791683E+00
+63.00000E-06,+995.47744918E-03,+1.00464820862E+00,+1.01959801465E+00,+1.32204766572E+00
+63.05000E-06,+1.00552770033E+00,+1.00464820862E+00,+1.00954776347E+00,+1.35219841913E+00
+63.10000E-06,+955.27644455E-03,+1.02474871095E+00,+1.03969851698E+00,+1.32204766572E+00
+63.15000E-06,+1.00552770027E+00,+1.00464820862E+00,+1.02964826577E+00,+1.31199741460E+00
+63.20000E-06,+995.47744912E-03,+1.04484921315E+00,+1.05979901922E+00,+1.32204766569E+00
+63.25000E-06,+1.02562820256E+00,+1.00464820862E+00,+1.01959801465E+00,+1.32204766572E+00
+63.30000E-06,+1.03567845380E+00,+1.00464820862E+00,+1.01959801465E+00,+1.32204766577E+00
+63.35000E-06,+995.47744915E-03,+1.00464820862E+00,+1.03969851689E+00,+1.38234917267E+00
+63.40000E-06,+1.03567845374E+00,+1.32625624537E+00,+1.01959801462E+00,+1.40244967490E+00
+63.45000E-06,+1.04572870492E+00,+1.35640699879E+00,+1.01959801465E+00,+1.35219841913E+00
+63.50000E-06,+995.47744915E-03,+1.32625624537E+00,+1.03969851698E+00,+1.34214816798E+00
+63.55000E-06,+965.32669567E-03,+1.33630649649E+00,+1.01959801465E+00,+1.32204766572E+00
+63.60000E-06,+995.47744915E-03,+1.28605524084E+00,+1.05979901919E+00,+1.36224867034E+00
+63.65000E-06,+1.01557795139E+00,+1.29610549196E+00,+1.02964826583E+00,+1.36224867031E+00
+63.70000E-06,+1.01557795142E+00,+1.32625624537E+00,+1.03969851692E+00,+1.34214816804E+00
+63.75000E-06,+995.47744915E-03,+1.36645724997E+00,+1.01959801465E+00,+1.33209791683E+00
+63.80000E-06,+995.47744915E-03,+1.36645724994E+00,+1.01959801465E+00,+1.32204766572E+00
+63.85000E-06,+1.03567845374E+00,+1.32625624537E+00,+1.01959801465E+00,+1.36224867031E+00
+63.90000E-06,+975.37694688E-03,+1.36645724997E+00,+1.03969851692E+00,+1.34214816804E+00
+63.95000E-06,+965.32669567E-03,+1.36645724997E+00,+1.05979901925E+00,+1.32204766572E+00
+64.00000E-06,+1.03567845371E+00,+1.04484921318E+00,+979.39701009E-03,+1.36224867028E+00
+64.05000E-06,+1.00552770033E+00,+1.00464820862E+00,+1.01959801465E+00,+1.35219841913E+00
+64.10000E-06,+995.47744915E-03,+1.00464820862E+00,+1.03969851692E+00,+1.36224867031E+00
+64.15000E-06,+1.00552770027E+00,+1.00464820862E+00,+989.44726118E-03,+1.33209791683E+00
+64.20000E-06,+995.47744921E-03,+1.00464820862E+00,+1.01959801465E+00,+1.36224867031E+00
+64.25000E-06,+1.02562820256E+00,+1.03479896203E+00,+1.06984927043E+00,+1.32204766572E+00
+64.30000E-06,+1.01557795148E+00,+1.02474871095E+00,+1.03969851698E+00,+1.32204766572E+00
+64.35000E-06,+1.02562820263E+00,+1.01469845974E+00,+979.39701006E-03,+1.32204766572E+00
+64.40000E-06,+995.47744915E-03,+964.44720405E-03,+1.05979901922E+00,+1.32204766575E+00
+64.45000E-06,+1.02562820256E+00,+1.03479896203E+00,+989.44726124E-03,+1.33209791689E+00
+64.50000E-06,+1.01557795142E+00,+1.00464820856E+00,+1.05979901925E+00,+1.32204766572E+00
+64.55000E-06,+1.03567845374E+00,+1.03479896209E+00,+1.03969851701E+00,+1.36224867031E+00
+64.60000E-06,+1.03567845374E+00,+1.32625624541E+00,+1.05979901925E+00,+1.36224867028E+00
+64.65000E-06,+1.00552770033E+00,+1.33630649655E+00,+1.01959801465E+00,+1.29189691230E+00
+64.70000E-06,+995.47744915E-03,+1.34635674764E+00,+1.01959801465E+00,+1.34214816798E+00
+64.75000E-06,+975.37694679E-03,+1.32625624537E+00,+1.02964826577E+00,+1.32204766572E+00
+64.80000E-06,+1.03567845371E+00,+1.32625624537E+00,+1.01959801465E+00,+1.36224867028E+00
+64.85000E-06,+1.03567845374E+00,+1.35640699879E+00,+1.01959801465E+00,+1.35219841913E+00
+64.90000E-06,+1.01557795142E+00,+1.32625624537E+00,+1.01959801465E+00,+1.34214816798E+00
+64.95000E-06,+1.03567845374E+00,+1.32625624537E+00,+1.01959801465E+00,+1.33209791683E+00
+65.00000E-06,+995.47744918E-03,+1.32625624537E+00,+1.01959801462E+00,+1.36224867025E+00
+65.05000E-06,+1.00552770033E+00,+1.36645724997E+00,+1.02964826583E+00,+1.31199741454E+00
+65.10000E-06,+1.01557795148E+00,+1.32625624537E+00,+1.01959801459E+00,+1.34214816804E+00
+65.15000E-06,+1.03567845374E+00,+1.32625624537E+00,+1.01959801465E+00,+1.32204766572E+00
+65.20000E-06,+1.03567845374E+00,+1.04484921318E+00,+1.01959801468E+00,+1.32204766572E+00
+65.25000E-06,+995.47744915E-03,+1.03479896203E+00,+1.00954776347E+00,+1.32204766572E+00
+65.30000E-06,+1.03567845374E+00,+1.02474871088E+00,+1.03969851692E+00,+1.34214816804E+00
+65.35000E-06,+1.01557795138E+00,+1.01469845974E+00,+1.02964826577E+00,+1.31199741460E+00
+65.40000E-06,+995.47744915E-03,+964.44720405E-03,+1.01959801468E+00,+1.36224867028E+00
+65.45000E-06,+1.02562820256E+00,+1.01469845980E+00,+989.44726124E-03,+1.32204766572E+00
+65.50000E-06,+995.47744909E-03,+1.02474871088E+00,+1.03969851692E+00,+1.32204766572E+00
+65.55000E-06,+1.02562820263E+00,+1.01469845974E+00,+1.02964826577E+00,+1.35219841919E+00
+65.60000E-06,+995.47744912E-03,+1.04484921318E+00,+1.05979901922E+00,+1.28184666115E+00
+65.65000E-06,+1.03567845374E+00,+1.01469845980E+00,+1.02964826583E+00,+1.35219841913E+00
+65.70000E-06,+995.47744915E-03,+1.02474871095E+00,+1.01959801465E+00,+1.34214816804E+00
+65.75000E-06,+995.47744915E-03,+994.59795750E-03,+1.01959801465E+00,+1.38234917267E+00
+65.80000E-06,+995.47744918E-03,+1.32625624537E+00,+1.05979901918E+00,+1.32204766578E+00
+65.85000E-06,+995.47744915E-03,+1.35640699879E+00,+1.05979901925E+00,+1.32204766572E+00
+65.90000E-06,+1.03567845374E+00,+1.32625624537E+00,+1.03969851692E+00,+1.34214816798E+00
+65.95000E-06,+1.02562820263E+00,+1.32625624537E+00,+1.02964826577E+00,+1.35219841919E+00
+66.00000E-06,+995.47744918E-03,+1.28605524078E+00,+1.05979901925E+00,+1.32204766572E+00
+66.05000E-06,+1.03567845374E+00,+1.33630649655E+00,+999.49751229E-03,+1.36224867031E+00
+66.10000E-06,+1.01557795141E+00,+1.34635674764E+00,+1.03969851692E+00,+1.30194716339E+00
+66.15000E-06,+1.02562820263E+00,+1.35640699885E+00,+1.04974876813E+00,+1.33209791683E+00
+66.20000E-06,+1.03567845374E+00,+1.32625624541E+00,+1.05979901925E+00,+1.32204766572E+00
+66.25000E-06,+1.02562820256E+00,+1.31620599419E+00,+989.44726124E-03,+1.36224867031E+00
+66.30000E-06,+1.01557795141E+00,+1.32625624537E+00,+1.03969851692E+00,+1.32204766572E+00
+66.35000E-06,+1.00552770027E+00,+1.33630649649E+00,+1.05979901925E+00,+1.28184666112E+00
+66.40000E-06,+955.27644459E-03,+1.00464820862E+00,+1.01959801465E+00,+1.32204766572E+00
+66.45000E-06,+1.00552770033E+00,+1.00464820862E+00,+1.01959801465E+00,+1.31199741453E+00
+66.50000E-06,+995.47744921E-03,+1.00464820855E+00,+1.01959801472E+00,+1.34214816804E+00
+66.55000E-06,+985.42719803E-03,+1.03479896210E+00,+1.05979901925E+00,+1.32204766572E+00
+66.60000E-06,+995.47744918E-03,+1.00464820862E+00,+1.01959801465E+00,+1.32204766575E+00
+66.65000E-06,+1.06582920716E+00,+1.04484921321E+00,+1.01959801465E+00,+1.36224867031E+00
+66.70000E-06,+1.01557795141E+00,+1.02474871095E+00,+999.49751239E-03,+1.34214816798E+00
+66.75000E-06,+1.02562820263E+00,+1.00464820862E+00,+1.04974876813E+00,+1.34214816808E+00
+66.80000E-06,+1.03567845371E+00,+1.00464820862E+00,+1.01959801465E+00,+1.32204766572E+00
+66.85000E-06,+995.47744915E-03,+964.44720402E-03,+1.01959801465E+00,+1.33209791690E+00
+66.90000E-06,+995.47744915E-03,+1.00464820862E+00,+1.03969851698E+00,+1.34214816798E+00
+66.95000E-06,+1.03567845374E+00,+1.03479896210E+00,+1.06984927049E+00,+1.32204766572E+00
+67.00000E-06,+1.03567845374E+00,+1.32625624541E+00,+1.01959801468E+00,+1.36224867031E+00
+67.05000E-06,+1.03567845374E+00,+1.35640699879E+00,+1.02964826583E+00,+1.32204766572E+00
+67.10000E-06,+1.01557795148E+00,+1.32625624537E+00,+1.01959801465E+00,+1.34214816804E+00
+67.15000E-06,+1.00552770027E+00,+1.33630649649E+00,+1.01959801465E+00,+1.35219841919E+00
+67.20000E-06,+1.03567845374E+00,+1.32625624537E+00,+1.05979901922E+00,+1.32204766572E+00
+67.25000E-06,+1.00552770033E+00,+1.29610549196E+00,+1.02964826583E+00,+1.33209791690E+00
+67.30000E-06,+995.47744915E-03,+1.34635674764E+00,+1.01959801465E+00,+1.32204766572E+00
+67.35000E-06,+995.47744915E-03,+1.32625624537E+00,+1.01959801465E+00,+1.35219841919E+00
+67.40000E-06,+1.03567845374E+00,+1.36645724994E+00,+1.05979901918E+00,+1.32204766578E+00
+67.45000E-06,+1.02562820256E+00,+1.35640699879E+00,+1.02964826583E+00,+1.31199741453E+00
+67.50000E-06,+975.37694682E-03,+1.36645724997E+00,+1.05979901925E+00,+1.32204766565E+00
+67.55000E-06,+1.00552770026E+00,+1.32625624537E+00,+1.01959801465E+00,+1.35219841919E+00
+67.60000E-06,+995.47744918E-03,+1.00464820865E+00,+979.39701009E-03,+1.28184666112E+00
+67.65000E-06,+1.00552770033E+00,+974.49745521E-03,+1.00954776347E+00,+1.32204766572E+00
+67.70000E-06,+1.03567845374E+00,+1.00464820862E+00,+1.05979901925E+00,+1.34214816805E+00
+67.75000E-06,+1.02562820263E+00,+1.03479896210E+00,+1.05979901925E+00,+1.32204766572E+00
+67.80000E-06,+1.03567845371E+00,+964.44720406E-03,+1.01959801469E+00,+1.32204766575E+00
+67.85000E-06,+1.00552770033E+00,+1.01469845980E+00,+979.39701006E-03,+1.32204766572E+00
+67.90000E-06,+995.47744915E-03,+984.54770635E-03,+1.01959801465E+00,+1.32204766572E+00
+67.95000E-06,+965.32669567E-03,+1.04484921321E+00,+1.02964826577E+00,+1.32204766572E+00
+68.00000E-06,+1.03567845371E+00,+1.00464820859E+00,+1.10000002378E+00,+1.32204766572E+00
+68.05000E-06,+995.47744915E-03,+1.00464820862E+00,+1.01959801465E+00,+1.34214816795E+00
+68.10000E-06,+975.37694688E-03,+1.00464820862E+00,+1.03969851692E+00,+1.34214816805E+00
+68.15000E-06,+985.42719803E-03,+1.00464820862E+00,+1.02964826577E+00,+1.36224867031E+00
+68.20000E-06,+1.07587945831E+00,+1.32625624537E+00,+979.39701009E-03,+1.36224867031E+00
+68.25000E-06,+1.03567845374E+00,+1.35640699879E+00,+1.01959801465E+00,+1.33209791690E+00
+68.30000E-06,+995.47744921E-03,+1.34635674771E+00,+1.03969851692E+00,+1.32204766572E+00
+68.35000E-06,+1.02562820263E+00,+1.33630649649E+00,+979.39701006E-03,+1.35219841919E+00
+68.40000E-06,+995.47744918E-03,+1.32625624537E+00,+1.01959801465E+00,+1.36224867028E+00
+68.45000E-06,+995.47744915E-03,+1.37650750115E+00,+1.00954776347E+00,+1.32204766572E+00
+68.50000E-06,+1.03567845374E+00,+1.32625624537E+00,+1.03969851692E+00,+1.36224867038E+00
+68.55000E-06,+1.02562820263E+00,+1.31620599426E+00,+1.04974876813E+00,+1.32204766572E+00
+68.60000E-06,+995.47744918E-03,+1.32625624537E+00,+1.01959801472E+00,+1.36224867028E+00
+68.65000E-06,+1.03567845374E+00,+1.32625624537E+00,+1.01959801465E+00,+1.32204766572E+00
+68.70000E-06,+1.01557795141E+00,+1.34635674771E+00,+979.39700999E-03,+1.32204766572E+00
+68.75000E-06,+995.47744915E-03,+1.32625624537E+00,+1.05979901925E+00,+1.32204766572E+00
+68.80000E-06,+1.03567845371E+00,+1.04484921318E+00,+1.01959801465E+00,+1.32204766575E+00
+68.85000E-06,+1.03567845374E+00,+974.49745521E-03,+1.01959801465E+00,+1.35219841913E+00
+68.90000E-06,+995.47744915E-03,+984.54770629E-03,+1.01959801465E+00,+1.32204766572E+00
+68.95000E-06,+1.02562820263E+00,+1.00464820862E+00,+1.02964826577E+00,+1.32204766572E+00
+69.00000E-06,+955.27644462E-03,+1.00464820865E+00,+1.01959801459E+00,+1.32204766578E+00
+69.05000E-06,+1.02562820256E+00,+994.59795744E-03,+1.04974876807E+00,+1.33209791690E+00
+69.10000E-06,+995.47744915E-03,+1.00464820868E+00,+1.03969851698E+00,+1.32204766572E+00
+69.15000E-06,+1.00552770026E+00,+964.44720402E-03,+1.01959801465E+00,+1.33209791683E+00
+69.20000E-06,+995.47744918E-03,+1.00464820858E+00,+1.01959801462E+00,+1.32204766572E+00
+69.25000E-06,+1.03567845374E+00,+1.00464820862E+00,+1.01959801465E+00,+1.32204766572E+00
+69.30000E-06,+995.47744915E-03,+1.02474871088E+00,+1.03969851692E+00,+1.34214816805E+00
+69.35000E-06,+1.03567845374E+00,+1.03479896210E+00,+1.01959801465E+00,+1.35219841919E+00
+69.40000E-06,+995.47744918E-03,+1.32625624544E+00,+1.01959801469E+00,+1.36224867031E+00
+69.45000E-06,+1.00552770033E+00,+1.35640699879E+00,+1.02964826584E+00,+1.36224867031E+00
+69.50000E-06,+995.47744915E-03,+1.32625624537E+00,+1.01959801465E+00,+1.34214816805E+00
+69.55000E-06,+1.00552770026E+00,+1.32625624537E+00,+1.02964826577E+00,+1.33209791683E+00
+69.60000E-06,+995.47744915E-03,+1.36645724997E+00,+1.01959801469E+00,+1.32204766572E+00
+69.65000E-06,+1.00552770033E+00,+1.33630649656E+00,+1.02964826584E+00,+1.31199741453E+00
+69.70000E-06,+995.47744915E-03,+1.32625624537E+00,+1.03969851698E+00,+1.34214816798E+00
+69.75000E-06,+995.47744915E-03,+1.32625624537E+00,+1.01959801465E+00,+1.33209791683E+00
+69.80000E-06,+995.47744918E-03,+1.32625624541E+00,+1.05979901918E+00,+1.32204766575E+00
+69.85000E-06,+985.42719797E-03,+1.35640699879E+00,+1.05979901925E+00,+1.32204766572E+00
+69.90000E-06,+1.03567845374E+00,+1.34635674764E+00,+1.01959801465E+00,+1.34214816805E+00
+69.95000E-06,+1.01557795151E+00,+1.33630649649E+00,+1.02964826577E+00,+1.33209791683E+00
+70.00000E-06,+1.03567845371E+00,+1.12525122227E+00,+979.39701009E-03,+1.36224867028E+00
+70.05000E-06,+1.03567845374E+00,+1.01469845980E+00,+1.01959801465E+00,+1.32204766572E+00
+70.10000E-06,+1.01557795141E+00,+1.00464820862E+00,+1.01959801465E+00,+1.36224867031E+00
+70.15000E-06,+1.03567845374E+00,+1.00464820862E+00,+1.04974876813E+00,+1.34214816794E+00
+70.20000E-06,+1.03567845374E+00,+1.04484921321E+00,+1.01959801469E+00,+1.36224867031E+00
+70.25000E-06,+1.03567845374E+00,+1.00464820862E+00,+1.01959801465E+00,+1.35219841913E+00
+70.30000E-06,+1.01557795148E+00,+984.54770636E-03,+1.01959801465E+00,+1.34214816805E+00
+70.35000E-06,+1.02562820263E+00,+1.00464820862E+00,+1.05979901925E+00,+1.32204766572E+00
+70.40000E-06,+995.47744915E-03,+1.00464820862E+00,+1.01959801472E+00,+1.32204766572E+00
+70.45000E-06,+975.37694692E-03,+974.49745521E-03,+1.01959801465E+00,+1.36224867031E+00
+70.50000E-06,+1.01557795148E+00,+984.54770636E-03,+1.01959801465E+00,+1.36224867031E+00
+70.55000E-06,+1.02562820263E+00,+1.00464820862E+00,+1.01959801465E+00,+1.38234917268E+00
+70.60000E-06,+1.03567845374E+00,+1.32625624541E+00,+1.01959801462E+00,+1.36224867034E+00
+70.65000E-06,+1.03567845374E+00,+1.36645724997E+00,+1.02964826584E+00,+1.35219841913E+00
+70.70000E-06,+1.01557795141E+00,+1.32625624544E+00,+1.03969851698E+00,+1.34214816798E+00
+70.75000E-06,+1.01557795152E+00,+1.35640699886E+00,+1.02964826577E+00,+1.36224867031E+00
+70.80000E-06,+995.47744918E-03,+1.32625624531E+00,+1.01959801465E+00,+1.40244967487E+00
+70.85000E-06,+995.47744915E-03,+1.32625624537E+00,+999.49751242E-03,+1.35219841913E+00
+70.90000E-06,+1.01557795141E+00,+1.32625624537E+00,+999.49751239E-03,+1.32204766572E+00
+70.95000E-06,+1.03567845374E+00,+1.36645724997E+00,+1.01959801465E+00,+1.35219841920E+00
+71.00000E-06,+1.03567845374E+00,+1.32625624541E+00,+1.01959801469E+00,+1.28184666116E+00
+71.05000E-06,+995.47744915E-03,+1.35640699879E+00,+1.02964826584E+00,+1.32204766572E+00
+71.10000E-06,+995.47744915E-03,+1.30615574311E+00,+999.49751239E-03,+1.34214816798E+00
+71.15000E-06,+975.37694678E-03,+1.33630649649E+00,+1.04974876813E+00,+1.33209791683E+00
+71.20000E-06,+995.47744908E-03,+1.12525122230E+00,+979.39701016E-03,+1.32204766572E+00
+71.25000E-06,+995.47744915E-03,+1.01469845980E+00,+1.01959801465E+00,+1.34214816794E+00
+71.30000E-06,+1.03567845374E+00,+1.02474871088E+00,+979.39701013E-03,+1.36224867031E+00
+71.35000E-06,+985.42719804E-03,+1.00464820862E+00,+1.02964826577E+00,+1.35219841920E+00
+71.40000E-06,+995.47744918E-03,+1.00464820862E+00,+1.01959801465E+00,+1.32204766575E+00
+71.45000E-06,+1.03567845374E+00,+1.01469845980E+00,+1.04974876806E+00,+1.32204766572E+00
+71.50000E-06,+1.01557795141E+00,+984.54770636E-03,+1.05979901925E+00,+1.34214816805E+00
+71.55000E-06,+1.00552770026E+00,+1.00464820862E+00,+999.49751243E-03,+1.37229892142E+00
+71.60000E-06,+1.03567845371E+00,+1.00464820865E+00,+1.01959801465E+00,+1.36224867031E+00
+71.65000E-06,+1.00552770033E+00,+1.00464820862E+00,+1.01959801465E+00,+1.33209791690E+00
+71.70000E-06,+975.37694689E-03,+1.00464820862E+00,+1.03969851691E+00,+1.34214816805E+00
+71.75000E-06,+1.02562820263E+00,+1.00464820862E+00,+1.04974876813E+00,+1.33209791683E+00
+71.80000E-06,+995.47744918E-03,+1.32625624537E+00,+1.05979901921E+00,+1.40244967487E+00
+71.85000E-06,+1.02562820256E+00,+1.32625624537E+00,+1.02964826584E+00,+1.32204766572E+00
+71.90000E-06,+995.47744922E-03,+1.32625624537E+00,+1.01959801465E+00,+1.32204766572E+00
+71.95000E-06,+1.00552770026E+00,+1.35640699886E+00,+1.02964826577E+00,+1.32204766572E+00
+72.00000E-06,+995.47744915E-03,+1.36645724993E+00,+1.05979901925E+00,+1.32204766568E+00
+72.05000E-06,+1.00552770033E+00,+1.36645724997E+00,+1.02964826584E+00,+1.32204766572E+00
+72.10000E-06,+1.01557795148E+00,+1.34635674764E+00,+999.49751239E-03,+1.34214816798E+00
+72.15000E-06,+995.47744915E-03,+1.35640699886E+00,+1.06984927036E+00,+1.35219841920E+00
+72.20000E-06,+1.03567845374E+00,+1.32625624537E+00,+1.01959801462E+00,+1.32204766575E+00
+72.25000E-06,+995.47744915E-03,+1.35640699879E+00,+1.01959801465E+00,+1.36224867031E+00
+72.30000E-06,+1.01557795148E+00,+1.36645724997E+00,+1.05979901925E+00,+1.34214816798E+00
+72.35000E-06,+975.37694692E-03,+1.32625624537E+00,+1.01959801465E+00,+1.33209791683E+00
+72.40000E-06,+995.47744911E-03,+1.12525122226E+00,+979.39701013E-03,+1.32204766572E+00
+72.45000E-06,+965.32669574E-03,+1.00464820862E+00,+1.02964826584E+00,+1.32204766572E+00
+72.50000E-06,+1.03567845374E+00,+1.00464820855E+00,+1.01959801465E+00,+1.32204766572E+00
+72.55000E-06,+1.04572870486E+00,+1.04484921321E+00,+989.44726117E-03,+1.32204766572E+00
+72.60000E-06,+1.03567845371E+00,+964.44720409E-03,+1.05979901921E+00,+1.32204766572E+00
+72.65000E-06,+1.03567845374E+00,+1.00464820862E+00,+959.29650783E-03,+1.35219841913E+00
+72.70000E-06,+1.01557795141E+00,+1.00464820862E+00,+1.03969851699E+00,+1.32204766572E+00
+72.75000E-06,+1.00552770026E+00,+1.03479896210E+00,+1.01959801465E+00,+1.33209791683E+00
+72.80000E-06,+995.47744911E-03,+1.00464820862E+00,+1.05979901925E+00,+1.32204766572E+00
+72.85000E-06,+1.03567845374E+00,+1.00464820862E+00,+1.02964826584E+00,+1.32204766572E+00
+72.90000E-06,+1.01557795141E+00,+984.54770629E-03,+999.49751239E-03,+1.32204766572E+00
+72.95000E-06,+995.47744915E-03,+1.00464820862E+00,+1.02964826577E+00,+1.35219841920E+00
+73.00000E-06,+1.03567845371E+00,+1.32625624534E+00,+1.05979901918E+00,+1.32204766572E+00
+73.05000E-06,+1.00552770033E+00,+1.34635674760E+00,+1.05979901925E+00,+1.32204766572E+00
+73.10000E-06,+1.01557795141E+00,+1.32625624537E+00,+1.01959801465E+00,+1.34214816798E+00
+73.15000E-06,+1.00552770026E+00,+1.33630649649E+00,+1.01959801465E+00,+1.29189691223E+00
+73.20000E-06,+955.27644459E-03,+1.32625624537E+00,+1.01959801469E+00,+1.32204766572E+00
+73.25000E-06,+995.47744915E-03,+1.33630649656E+00,+1.01959801465E+00,+1.33209791690E+00
+73.30000E-06,+955.27644448E-03,+1.34635674771E+00,+1.03969851699E+00,+1.38234917257E+00
+73.35000E-06,+1.03567845374E+00,+1.35640699886E+00,+1.01959801465E+00,+1.35219841920E+00
+73.40000E-06,+1.03567845374E+00,+1.28605524085E+00,+1.01959801465E+00,+1.32204766572E+00
+73.45000E-06,+1.03567845374E+00,+1.28605524078E+00,+1.02964826584E+00,+1.32204766572E+00
+73.50000E-06,+995.47744922E-03,+1.34635674771E+00,+999.49751232E-03,+1.30194716345E+00
+73.55000E-06,+965.32669567E-03,+1.33630649649E+00,+1.05979901925E+00,+1.32204766572E+00
+73.60000E-06,+1.07587945827E+00,+1.04484921318E+00,+1.01959801465E+00,+1.28184666119E+00
+73.65000E-06,+1.03567845374E+00,+1.01469845980E+00,+1.00954776347E+00,+1.32204766572E+00
+73.70000E-06,+1.01557795148E+00,+1.02474871095E+00,+999.49751239E-03,+1.32204766572E+00
+73.75000E-06,+975.37694678E-03,+1.03479896210E+00,+1.04974876813E+00,+1.36224867031E+00
+73.80000E-06,+1.03567845378E+00,+1.00464820862E+00,+979.39701009E-03,+1.36224867027E+00
+73.85000E-06,+1.06582920715E+00,+1.03479896203E+00,+989.44726124E-03,+1.35219841912E+00
+73.90000E-06,+1.01557795148E+00,+984.54770636E-03,+1.03969851699E+00,+1.34214816805E+00
+73.95000E-06,+1.01557795152E+00,+1.03479896210E+00,+979.39701006E-03,+1.35219841920E+00
+74.00000E-06,+995.47744915E-03,+1.00464820862E+00,+1.01959801465E+00,+1.36224867027E+00
+74.05000E-06,+995.47744915E-03,+1.00464820862E+00,+1.03969851688E+00,+1.31199741468E+00
+74.10000E-06,+1.01557795148E+00,+1.00464820862E+00,+1.05979901925E+00,+1.34214816805E+00
+74.15000E-06,+1.03567845374E+00,+984.54770639E-03,+989.44726117E-03,+1.35219841920E+00
+74.20000E-06,+1.07587945830E+00,+1.28605524082E+00,+1.01959801465E+00,+1.36224867031E+00
+74.25000E-06,+1.00552770033E+00,+1.35640699878E+00,+1.04974876806E+00,+1.36224867031E+00
+74.30000E-06,+1.01557795148E+00,+1.34635674771E+00,+1.01959801465E+00,+1.34214816798E+00
+74.35000E-06,+1.03567845374E+00,+1.32625624537E+00,+1.01959801465E+00,+1.32204766572E+00
+74.40000E-06,+1.03567845367E+00,+1.36645724993E+00,+1.05979901925E+00,+1.28184666116E+00
+74.45000E-06,+995.47744915E-03,+1.32625624537E+00,+1.02964826584E+00,+1.32204766572E+00
+74.50000E-06,+995.47744915E-03,+1.36645724997E+00,+999.49751232E-03,+1.32204766572E+00
+74.55000E-06,+1.02562820263E+00,+1.35640699886E+00,+1.01959801465E+00,+1.35219841920E+00
+74.60000E-06,+995.47744915E-03,+1.36645724997E+00,+1.01959801465E+00,+1.36224867031E+00
+74.65000E-06,+1.00552770033E+00,+1.32625624537E+00,+1.04974876806E+00,+1.33209791690E+00
+74.70000E-06,+1.01557795148E+00,+1.32625624537E+00,+1.03969851691E+00,+1.32204766572E+00
+74.75000E-06,+1.03567845374E+00,+1.37650750108E+00,+989.44726117E-03,+1.33209791683E+00
+74.80000E-06,+955.27644455E-03,+1.04484921318E+00,+939.19600554E-03,+1.32204766572E+00
+74.85000E-06,+1.01557795152E+00,+1.00464820862E+00,+1.04974876806E+00,+1.31199741453E+00
+74.90000E-06,+1.01557795141E+00,+1.02474871088E+00,+1.03969851691E+00,+1.36224867031E+00
+74.95000E-06,+1.00552770026E+00,+1.00464820862E+00,+1.04974876814E+00,+1.32204766572E+00
+75.00000E-06,+995.47744919E-03,+1.00464820862E+00,+979.39701013E-03,+1.32204766572E+00
+75.05000E-06,+1.03567845374E+00,+1.00464820862E+00,+1.01959801465E+00,+1.33209791690E+00
+75.10000E-06,+995.47744907E-03,+1.04484921321E+00,+999.49751232E-03,+1.34214816805E+00
+75.15000E-06,+1.00552770026E+00,+1.00464820862E+00,+1.01959801465E+00,+1.35219841920E+00
+75.20000E-06,+1.07587945823E+00,+964.44720406E-03,+979.39701010E-03,+1.36224867027E+00
+75.25000E-06,+1.00552770033E+00,+1.00464820862E+00,+1.01959801465E+00,+1.36224867031E+00
+75.30000E-06,+1.01557795148E+00,+1.02474871088E+00,+1.01959801465E+00,+1.34214816798E+00
+75.35000E-06,+1.00552770026E+00,+1.03479896210E+00,+1.01959801465E+00,+1.35219841920E+00
+75.40000E-06,+995.47744919E-03,+1.36645724997E+00,+1.01959801462E+00,+1.32204766579E+00
+75.45000E-06,+995.47744915E-03,+1.35640699878E+00,+1.05979901925E+00,+1.33209791690E+00
+75.50000E-06,+995.47744915E-03,+1.32625624545E+00,+1.03969851699E+00,+1.32204766572E+00
+75.55000E-06,+1.03567845374E+00,+1.32625624537E+00,+1.00954776354E+00,+1.37229892142E+00
+75.60000E-06,+995.47744919E-03,+1.32625624537E+00,+979.39701010E-03,+1.36224867027E+00
+75.65000E-06,+995.47744915E-03,+1.32625624537E+00,+1.01959801465E+00,+1.30194716349E+00
+75.70000E-06,+1.01557795141E+00,+1.32625624537E+00,+1.03969851691E+00,+1.32204766572E+00
+75.75000E-06,+1.02562820263E+00,+1.36645724997E+00,+1.01959801465E+00,+1.36224867031E+00
+75.80000E-06,+995.47744915E-03,+1.32625624545E+00,+979.39701013E-03,+1.32204766572E+00
+75.85000E-06,+1.03567845374E+00,+1.33630649656E+00,+1.04974876806E+00,+1.36224867031E+00
+75.90000E-06,+1.03567845374E+00,+1.34635674763E+00,+1.05979901917E+00,+1.32204766572E+00
+75.95000E-06,+995.47744915E-03,+1.32625624537E+00,+1.02964826576E+00,+1.35219841920E+00
+76.00000E-06,+995.47744911E-03,+1.00464820858E+00,+1.01959801469E+00,+1.32204766572E+00
+76.05000E-06,+995.47744915E-03,+1.00464820862E+00,+1.05979901925E+00,+1.32204766572E+00
+76.10000E-06,+995.47744915E-03,+984.54770628E-03,+1.01959801465E+00,+1.34214816797E+00
+76.15000E-06,+985.42719804E-03,+1.00464820862E+00,+999.49751228E-03,+1.35219841920E+00
+76.20000E-06,+995.47744919E-03,+1.00464820862E+00,+1.01959801465E+00,+1.36224867027E+00
+76.25000E-06,+1.01557795137E+00,+1.03479896203E+00,+1.05979901925E+00,+1.32204766572E+00
+76.30000E-06,+1.03567845374E+00,+1.00464820862E+00,+1.03969851699E+00,+1.36224867031E+00
+76.35000E-06,+1.05577895612E+00,+1.00464820862E+00,+1.02964826576E+00,+1.33209791683E+00
+76.40000E-06,+1.03567845371E+00,+1.00464820858E+00,+979.39701010E-03,+1.36224867027E+00
+76.45000E-06,+965.32669574E-03,+974.49745521E-03,+1.04974876806E+00,+1.32204766572E+00
+76.50000E-06,+1.01557795148E+00,+1.00464820862E+00,+1.05979901925E+00,+1.34214816797E+00
+76.55000E-06,+1.00552770026E+00,+1.03479896210E+00,+1.01959801465E+00,+1.33209791683E+00
+76.60000E-06,+995.47744919E-03,+1.32625624541E+00,+1.01959801461E+00,+1.36224867031E+00
+76.65000E-06,+1.01557795152E+00,+1.31620599419E+00,+1.02964826584E+00,+1.32204766572E+00
+76.70000E-06,+975.37694689E-03,+1.34635674763E+00,+1.01959801465E+00,+1.34214816805E+00
+76.75000E-06,+1.00552770026E+00,+1.36645724997E+00,+1.02964826576E+00,+1.32204766572E+00
+76.80000E-06,+1.03567845367E+00,+1.32625624537E+00,+1.01959801469E+00,+1.32204766572E+00
+76.85000E-06,+1.03567845374E+00,+1.32625624537E+00,+989.44726125E-03,+1.36224867031E+00
+76.90000E-06,+1.03567845374E+00,+1.32625624537E+00,+1.03969851699E+00,+1.34214816805E+00
+76.95000E-06,+995.47744915E-03,+1.32625624537E+00,+1.04974876814E+00,+1.33209791683E+00
+77.00000E-06,+1.03567845374E+00,+1.28605524082E+00,+1.01959801458E+00,+1.32204766575E+00
+77.05000E-06,+1.02562820256E+00,+1.32625624537E+00,+1.04974876806E+00,+1.34214816809E+00
+77.10000E-06,+1.03567845382E+00,+1.34635674771E+00,+1.03969851699E+00,+1.34214816805E+00
+77.15000E-06,+1.06582920723E+00,+1.30615574300E+00,+1.00954776354E+00,+1.33209791683E+00
+77.20000E-06,+955.27644459E-03,+1.00464820858E+00,+979.39701010E-03,+1.28184666116E+00
+77.25000E-06,+995.47744915E-03,+1.03479896203E+00,+1.04974876806E+00,+1.35219841912E+00
+77.30000E-06,+995.47744915E-03,+1.02474871088E+00,+1.01959801458E+00,+1.34214816805E+00
+77.35000E-06,+1.04572870485E+00,+1.03479896210E+00,+1.05979901925E+00,+1.33209791683E+00
+77.40000E-06,+1.03567845374E+00,+1.04484921321E+00,+979.39701006E-03,+1.36224867031E+00
+77.45000E-06,+1.00552770034E+00,+1.01469845981E+00,+1.01959801465E+00,+1.32204766572E+00
+77.50000E-06,+975.37694681E-03,+1.02474871095E+00,+1.03969851699E+00,+1.32204766572E+00
+77.55000E-06,+1.02562820263E+00,+1.04484921321E+00,+1.07989952162E+00,+1.32204766572E+00
+77.60000E-06,+1.03567845374E+00,+1.00464820866E+00,+1.05979901925E+00,+1.32204766572E+00
+77.65000E-06,+965.32669574E-03,+984.54770640E-03,+1.01959801465E+00,+1.32204766572E+00
+77.70000E-06,+1.03567845374E+00,+1.00464820862E+00,+1.01959801465E+00,+1.34214816797E+00
+77.75000E-06,+1.02562820263E+00,+1.01469845973E+00,+1.06984927036E+00,+1.32204766572E+00
+77.80000E-06,+1.03567845378E+00,+1.24585423626E+00,+1.01959801461E+00,+1.32204766575E+00
+77.85000E-06,+1.00552770034E+00,+1.33630649656E+00,+1.04974876806E+00,+1.33209791690E+00
+77.90000E-06,+1.03567845374E+00,+1.30615574312E+00,+1.05979901925E+00,+1.32204766572E+00
+77.95000E-06,+995.47744915E-03,+1.32625624537E+00,+1.01959801465E+00,+1.35219841920E+00
+78.00000E-06,+995.47744919E-03,+1.32625624537E+00,+1.01959801469E+00,+1.36224867031E+00
+78.05000E-06,+995.47744915E-03,+1.32625624537E+00,+1.01959801465E+00,+1.33209791690E+00
+78.10000E-06,+1.01557795141E+00,+1.34635674771E+00,+1.03969851691E+00,+1.32204766572E+00
+78.15000E-06,+1.03567845374E+00,+1.32625624537E+00,+989.44726117E-03,+1.36224867031E+00
+78.20000E-06,+1.03567845378E+00,+1.32625624541E+00,+1.01959801469E+00,+1.32204766572E+00
+78.25000E-06,+1.03567845374E+00,+1.31620599419E+00,+1.05979901925E+00,+1.32204766572E+00
+78.30000E-06,+1.01557795149E+00,+1.34635674771E+00,+1.01959801465E+00,+1.32204766572E+00
+78.35000E-06,+1.00552770026E+00,+1.32625624537E+00,+1.05979901925E+00,+1.31199741461E+00
+78.40000E-06,+995.47744915E-03,+1.04484921313E+00,+1.01959801469E+00,+1.28184666116E+00
+78.45000E-06,+1.02562820256E+00,+984.54770640E-03,+1.05979901925E+00,+1.35219841912E+00
+78.50000E-06,+995.47744915E-03,+1.00464820862E+00,+999.49751239E-03,+1.32204766564E+00
+78.55000E-06,+1.02562820263E+00,+1.00464820862E+00,+1.02964826576E+00,+1.35219841920E+00
+78.60000E-06,+995.47744915E-03,+1.00464820862E+00,+1.01959801465E+00,+1.36224867027E+00
+78.65000E-06,+995.47744915E-03,+1.03479896202E+00,+1.01959801465E+00,+1.33209791690E+00
+78.70000E-06,+1.01557795149E+00,+984.54770628E-03,+1.03969851699E+00,+1.34214816797E+00
+78.75000E-06,+1.03567845374E+00,+974.49745513E-03,+1.02964826576E+00,+1.35219841920E+00
+78.80000E-06,+1.03567845374E+00,+1.04484921317E+00,+939.19600550E-03,+1.36224867023E+00
+78.85000E-06,+995.47744915E-03,+964.44720402E-03,+1.02964826584E+00,+1.37229892134E+00
+78.90000E-06,+975.37694681E-03,+1.04484921321E+00,+1.05979901925E+00,+1.32204766572E+00
+78.95000E-06,+1.02562820263E+00,+1.00464820862E+00,+1.04974876814E+00,+1.33209791682E+00
+79.00000E-06,+1.07587945830E+00,+1.28605524086E+00,+1.01959801469E+00,+1.36224867035E+00
+79.05000E-06,+1.03567845374E+00,+1.35640699878E+00,+1.01959801465E+00,+1.32204766572E+00
+79.10000E-06,+995.47744915E-03,+1.32625624537E+00,+1.01959801465E+00,+1.32204766572E+00
+79.15000E-06,+1.00552770026E+00,+1.39660800345E+00,+1.05979901925E+00,+1.32204766572E+00
+79.20000E-06,+1.03567845370E+00,+1.36645724989E+00,+1.05979901921E+00,+1.36224867035E+00
+79.25000E-06,+995.47744915E-03,+1.33630649656E+00,+1.02964826584E+00,+1.31199741453E+00
+79.30000E-06,+1.01557795149E+00,+1.34635674763E+00,+1.01959801473E+00,+1.34214816797E+00
+79.35000E-06,+1.00552770026E+00,+1.36645724997E+00,+1.02964826576E+00,+1.31199741461E+00
+79.40000E-06,+995.47744919E-03,+1.32625624541E+00,+1.01959801465E+00,+1.32204766576E+00
+79.45000E-06,+1.00552770034E+00,+1.35640699878E+00,+1.07989952147E+00,+1.29189691231E+00
+79.50000E-06,+995.47744923E-03,+1.34635674771E+00,+1.03969851691E+00,+1.32204766579E+00
+79.55000E-06,+995.47744915E-03,+1.32625624537E+00,+1.00954776354E+00,+1.32204766572E+00
+79.60000E-06,+995.47744915E-03,+1.08505021773E+00,+979.39701010E-03,+1.32204766572E+00
+79.65000E-06,+1.04572870493E+00,+1.04484921321E+00,+1.00954776346E+00,+1.32204766572E+00
+79.70000E-06,+1.03567845374E+00,+1.02474871088E+00,+1.03969851691E+00,+1.32204766572E+00
+79.75000E-06,+1.00552770026E+00,+994.59795751E-03,+1.01959801465E+00,+1.39239942380E+00
+79.80000E-06,+995.47744919E-03,+1.00464820862E+00,+1.05979901925E+00,+1.36224867027E+00
+79.85000E-06,+1.01557795153E+00,+994.59795743E-03,+1.01959801465E+00,+1.35219841912E+00
+79.90000E-06,+1.01557795149E+00,+1.02474871096E+00,+1.01959801465E+00,+1.36224867039E+00
+79.95000E-06,+995.47744915E-03,+1.01469845973E+00,+979.39701006E-03,+1.35219841920E+00
