x-axis,1,2,3,4
second,Volt,Volt,Volt,Volt
-20.00000E-06,+979.33416814E-03,+1.35907660984E+00,+1.37396357395E+00,+991.08038656E-03
-19.95000E-06,+1.02958542388E+00,+1.33897610754E+00,+1.34883794608E+00,+991.08038656E-03
-19.90000E-06,+1.03963567503E+00,+1.34902635869E+00,+1.33376256935E+00,+991.08038656E-03
-19.85000E-06,+1.00445979601E+00,+1.33897610754E+00,+1.34883794608E+00,+1.03128139116E+00
-19.80000E-06,+1.01953517273E+00,+1.33897610754E+00,+1.35386307165E+00,+991.08038656E-03
-19.75000E-06,+1.01953517273E+00,+1.35907660984E+00,+1.34883794608E+00,+996.10551214E-03
-19.70000E-06,+1.00948492158E+00,+1.34902635869E+00,+1.33376256935E+00,+1.00113063771E+00
-19.65000E-06,+1.02456029830E+00,+1.33897610754E+00,+1.33376256935E+00,+996.10551214E-03
-19.60000E-06,+1.03963567503E+00,+1.35907660983E+00,+1.33376256935E+00,+991.08038656E-03
-19.55000E-06,+1.01451004716E+00,+1.35907660984E+00,+1.32371231820E+00,+1.02123114001E+00
-19.50000E-06,+1.01953517273E+00,+1.34902635869E+00,+1.33376256935E+00,+991.08038656E-03
-19.45000E-06,+1.02456029830E+00,+1.34902635869E+00,+1.35386307165E+00,+991.08038656E-03
-19.40000E-06,+1.03963567503E+00,+1.37917711213E+00,+1.35386307165E+00,+1.01118088886E+00
-19.35000E-06,+1.02958542388E+00,+1.35907660984E+00,+1.34883794608E+00,+1.01118088886E+00
-19.30000E-06,+1.02958542388E+00,+1.34902635869E+00,+1.33376256935E+00,+1.01118088886E+00
-19.25000E-06,+1.01451004716E+00,+1.35907660984E+00,+1.35386307165E+00,+991.08038656E-03
-19.20000E-06,+1.01953517273E+00,+1.33897610754E+00,+1.39406407624E+00,+991.08038656E-03
-19.15000E-06,+1.03963567503E+00,+1.35405148426E+00,+1.37396357395E+00,+1.01118088886E+00
-19.10000E-06,+1.03963567503E+00,+1.36912686098E+00,+1.34381282050E+00,+1.00113063771E+00
-19.05000E-06,+1.02456029830E+00,+1.35907660984E+00,+1.33878769493E+00,+996.10551214E-03
-19.00000E-06,+1.01953517273E+00,+1.35907660984E+00,+1.35386307165E+00,+991.08038656E-03
-18.95000E-06,+1.03461054945E+00,+1.35907660984E+00,+1.33878769493E+00,+1.00615576329E+00
-18.90000E-06,+1.03963567503E+00,+1.35907660984E+00,+1.33376256935E+00,+1.00113063771E+00
-18.85000E-06,+1.03963567503E+00,+1.35907660984E+00,+1.35386307165E+00,+996.10551214E-03
-18.80000E-06,+1.01953517273E+00,+1.33897610754E+00,+1.35386307165E+00,+1.01118088886E+00
-18.75000E-06,+1.01953517273E+00,+1.35405148426E+00,+1.33376256935E+00,+981.03013542E-03
-18.70000E-06,+1.02958542388E+00,+1.34902635869E+00,+1.33376256935E+00,+1.00113063771E+00
-18.65000E-06,+1.01953517273E+00,+1.35907660984E+00,+1.34381282050E+00,+996.10551214E-03
-18.60000E-06,+1.01953517273E+00,+1.33897610754E+00,+1.35386307165E+00,+991.08038656E-03
-18.55000E-06,+1.00948492158E+00,+1.36410173541E+00,+1.34883794608E+00,+1.00615576329E+00
-18.50000E-06,+1.00948492158E+00,+1.35907660984E+00,+1.34381282050E+00,+1.01118088886E+00
-18.45000E-06,+1.02456029830E+00,+1.33897610754E+00,+1.35386307165E+00,+1.00615576329E+00
-18.40000E-06,+1.01953517273E+00,+1.35907660984E+00,+1.33376256935E+00,+1.01118088886E+00
-18.35000E-06,+1.01451004716E+00,+1.35907660984E+00,+1.35386307165E+00,+986.05526099E-03
-18.30000E-06,+1.03963567503E+00,+1.34902635869E+00,+1.34381282050E+00,+1.01118088886E+00
-18.25000E-06,+1.03461054945E+00,+1.34400123311E+00,+1.34883794608E+00,+981.03013541E-03
-18.20000E-06,+1.01953517273E+00,+1.35907660984E+00,+1.33376256935E+00,+991.08038657E-03
-18.15000E-06,+1.01953517273E+00,+1.33897610754E+00,+1.32371231821E+00,+1.01620601444E+00
-18.10000E-06,+1.01953517273E+00,+1.35907660984E+00,+1.35386307165E+00,+1.01118088886E+00
-18.05000E-06,+1.02456029830E+00,+1.34400123311E+00,+1.35888819722E+00,+996.10551214E-03
-18.00000E-06,+1.01953517273E+00,+1.35907660983E+00,+1.35386307165E+00,+970.97988427E-03
-17.95000E-06,+1.01953517273E+00,+1.35405148426E+00,+1.33878769493E+00,+1.00615576329E+00
-17.90000E-06,+1.00948492158E+00,+1.35907660984E+00,+1.34381282050E+00,+1.00113063771E+00
-17.85000E-06,+1.00445979601E+00,+1.35907660984E+00,+1.33878769493E+00,+1.02123114001E+00
-17.80000E-06,+1.05973617732E+00,+1.33897610754E+00,+1.35386307165E+00,+1.03128139116E+00
-17.75000E-06,+1.01451004716E+00,+1.33897610754E+00,+1.32873744378E+00,+1.02625626558E+00
-17.70000E-06,+1.02958542388E+00,+1.35907660984E+00,+1.36391332280E+00,+1.00113063771E+00
-17.65000E-06,+1.01953517273E+00,+1.35405148426E+00,+1.34883794608E+00,+996.10551214E-03
-17.60000E-06,+1.03963567503E+00,+1.35907660984E+00,+1.35386307165E+00,+1.01118088886E+00
-17.55000E-06,+1.02958542388E+00,+1.34400123311E+00,+1.33376256935E+00,+1.00615576329E+00
-17.50000E-06,+1.02958542388E+00,+1.35907660984E+00,+1.35386307165E+00,+981.03013541E-03
-17.45000E-06,+1.03461054945E+00,+1.34400123311E+00,+1.34381282050E+00,+1.01620601443E+00
-17.40000E-06,+1.01953517273E+00,+1.33897610754E+00,+1.35386307165E+00,+991.08038656E-03
-17.35000E-06,+1.03461054945E+00,+1.34400123311E+00,+1.33878769493E+00,+1.01118088886E+00
-17.30000E-06,+1.01953517273E+00,+1.36912686098E+00,+1.36391332280E+00,+1.00113063771E+00
-17.25000E-06,+1.03963567503E+00,+1.34902635869E+00,+1.34883794608E+00,+1.00615576329E+00
-17.20000E-06,+1.03963567503E+00,+1.35907660984E+00,+1.37396357395E+00,+1.01118088886E+00
-17.15000E-06,+1.03461054945E+00,+1.34400123311E+00,+1.35386307165E+00,+1.01118088886E+00
-17.10000E-06,+1.01953517273E+00,+1.33897610754E+00,+1.33376256935E+00,+991.08038656E-03
-17.05000E-06,+1.00948492158E+00,+1.35405148426E+00,+1.35386307165E+00,+981.03013541E-03
-17.00000E-06,+1.01953517273E+00,+1.37917711213E+00,+1.35386307165E+00,+1.03128139116E+00
-16.95000E-06,+1.03963567503E+00,+1.33897610754E+00,+1.36893844837E+00,+1.01118088886E+00
-16.90000E-06,+1.01953517273E+00,+1.34902635869E+00,+1.34381282050E+00,+991.08038657E-03
-16.85000E-06,+1.02958542388E+00,+1.35405148426E+00,+1.32873744378E+00,+1.02625626559E+00
-16.80000E-06,+999.43467043E-03,+1.33897610754E+00,+1.33376256935E+00,+1.01118088886E+00
-16.75000E-06,+1.02958542388E+00,+1.33897610754E+00,+1.33878769493E+00,+1.00615576329E+00
-16.70000E-06,+1.00948492158E+00,+1.33897610754E+00,+1.34381282050E+00,+991.08038656E-03
-16.65000E-06,+1.02456029830E+00,+1.35907660984E+00,+1.33878769493E+00,+996.10551214E-03
-16.60000E-06,+1.01953517273E+00,+1.37917711213E+00,+1.35386307165E+00,+1.01118088886E+00
-16.55000E-06,+1.03461054945E+00,+1.33897610754E+00,+1.34381282050E+00,+991.08038656E-03
-16.50000E-06,+1.03963567503E+00,+1.34902635869E+00,+1.34381282050E+00,+1.01118088886E+00
-16.45000E-06,+1.04466080060E+00,+1.34400123311E+00,+1.35386307165E+00,+1.00615576329E+00
-16.40000E-06,+1.03963567503E+00,+1.33897610754E+00,+1.35386307165E+00,+991.08038657E-03
-16.35000E-06,+1.00948492158E+00,+1.33897610754E+00,+1.32873744378E+00,+1.01620601443E+00
-16.30000E-06,+1.01953517273E+00,+1.35907660984E+00,+1.34381282050E+00,+1.01118088886E+00
-16.25000E-06,+1.03963567503E+00,+1.34400123311E+00,+1.33376256935E+00,+1.01620601443E+00
-16.20000E-06,+1.05973617732E+00,+1.37917711213E+00,+1.37396357395E+00,+991.08038657E-03
-16.15000E-06,+1.01451004716E+00,+1.35405148426E+00,+1.34381282050E+00,+1.00615576329E+00
-16.10000E-06,+1.02958542388E+00,+1.34902635869E+00,+1.34381282050E+00,+991.08038656E-03
-16.05000E-06,+1.03461054945E+00,+1.33897610754E+00,+1.33376256935E+00,+1.01118088886E+00
-16.00000E-06,+1.03963567503E+00,+1.35907660983E+00,+1.35386307165E+00,+991.08038656E-03
-15.95000E-06,+1.02456029831E+00,+1.36410173541E+00,+1.33878769493E+00,+1.01118088886E+00
-15.90000E-06,+1.03963567503E+00,+1.35907660984E+00,+1.35386307165E+00,+1.00113063771E+00
-15.85000E-06,+1.02456029830E+00,+1.34400123311E+00,+1.34883794608E+00,+1.00615576329E+00
-15.80000E-06,+1.03963567503E+00,+1.33897610754E+00,+1.35386307165E+00,+1.01118088886E+00
-15.75000E-06,+1.01953517273E+00,+1.34400123311E+00,+1.33878769493E+00,+1.00615576329E+00
-15.70000E-06,+1.03963567503E+00,+1.37917711213E+00,+1.35386307165E+00,+991.08038656E-03
-15.65000E-06,+1.02958542388E+00,+1.36410173541E+00,+1.34883794608E+00,+996.10551214E-03
-15.60000E-06,+1.01953517273E+00,+1.33897610754E+00,+1.35386307165E+00,+1.01118088886E+00
-15.55000E-06,+1.00445979601E+00,+1.34400123311E+00,+1.34883794607E+00,+1.00113063772E+00
-15.50000E-06,+1.00948492158E+00,+1.34902635869E+00,+1.32371231820E+00,+1.01118088886E+00
-15.45000E-06,+1.03461054946E+00,+1.36410173541E+00,+1.34883794608E+00,+976.00500984E-03
-15.40000E-06,+1.01953517273E+00,+1.33897610754E+00,+1.33376256935E+00,+991.08038657E-03
-15.35000E-06,+1.03963567503E+00,+1.34400123311E+00,+1.33878769493E+00,+1.00615576329E+00
-15.30000E-06,+1.01953517273E+00,+1.32892585639E+00,+1.34381282050E+00,+991.08038656E-03
-15.25000E-06,+1.01451004716E+00,+1.34902635868E+00,+1.33878769493E+00,+1.01620601443E+00
-15.20000E-06,+999.43467044E-03,+1.31887560524E+00,+1.33376256935E+00,+991.08038657E-03
-15.15000E-06,+1.01451004715E+00,+1.35405148426E+00,+1.31868719263E+00,+996.10551214E-03
-15.10000E-06,+1.01953517273E+00,+1.34902635869E+00,+1.34381282050E+00,+1.00113063771E+00
-15.05000E-06,+1.02456029830E+00,+1.35907660984E+00,+1.31868719263E+00,+986.05526099E-03
-15.00000E-06,+1.01953517273E+00,+1.33897610754E+00,+1.33376256935E+00,+1.01118088886E+00
-14.95000E-06,+1.02456029831E+00,+1.35907660984E+00,+1.35386307165E+00,+996.10551214E-03
-14.90000E-06,+1.01953517273E+00,+1.34902635869E+00,+1.33376256935E+00,+1.00113063771E+00
-14.85000E-06,+1.03963567503E+00,+1.35907660984E+00,+1.33878769493E+00,+1.00615576329E+00
-14.80000E-06,+1.03963567503E+00,+1.35907660984E+00,+1.37396357395E+00,+991.08038657E-03
-14.75000E-06,+1.02456029831E+00,+1.34400123311E+00,+1.35386307165E+00,+1.02123114001E+00
-14.70000E-06,+1.00948492158E+00,+1.35907660984E+00,+1.32371231820E+00,+1.01118088886E+00
-14.65000E-06,+1.01953517273E+00,+1.35405148426E+00,+1.34883794608E+00,+986.05526099E-03
-14.60000E-06,+1.03963567503E+00,+1.37917711213E+00,+1.35386307165E+00,+991.08038657E-03
-14.55000E-06,+1.03461054945E+00,+1.36410173541E+00,+1.33376256935E+00,+991.08038656E-03
-14.50000E-06,+1.01953517273E+00,+1.34902635869E+00,+1.34381282050E+00,+991.08038656E-03
-14.45000E-06,+1.01451004716E+00,+1.34400123311E+00,+1.35386307165E+00,+1.00615576329E+00
-14.40000E-06,+1.03963567503E+00,+1.33897610754E+00,+1.33376256935E+00,+991.08038657E-03
-14.35000E-06,+1.01953517273E+00,+1.31887560524E+00,+1.32371231821E+00,+991.08038656E-03
-14.30000E-06,+1.03963567503E+00,+1.33897610754E+00,+1.33376256935E+00,+991.08038656E-03
-14.25000E-06,+1.02456029830E+00,+1.37415198656E+00,+1.32873744378E+00,+1.01118088886E+00
-14.20000E-06,+999.43467043E-03,+1.33897610754E+00,+1.35386307165E+00,+991.08038656E-03
-14.15000E-06,+1.03461054945E+00,+1.34400123311E+00,+1.36391332280E+00,+1.01118088886E+00
-14.10000E-06,+1.02958542388E+00,+1.33897610754E+00,+1.35386307165E+00,+1.01118088886E+00
-14.05000E-06,+1.02456029830E+00,+1.33897610754E+00,+1.33878769493E+00,+1.01118088886E+00
-14.00000E-06,+1.01953517273E+00,+1.33897610754E+00,+1.33376256936E+00,+991.08038657E-03
-13.95000E-06,+1.03963567503E+00,+1.34400123311E+00,+1.33878769493E+00,+1.00615576329E+00
-13.90000E-06,+1.02958542388E+00,+1.33897610754E+00,+1.34381282050E+00,+1.01118088886E+00
-13.85000E-06,+1.03461054945E+00,+1.35405148426E+00,+1.33376256935E+00,+1.00615576329E+00
-13.80000E-06,+1.05973617732E+00,+1.35907660983E+00,+1.33376256935E+00,+1.01118088886E+00
-13.75000E-06,+1.03963567503E+00,+1.35405148426E+00,+1.36893844837E+00,+996.10551214E-03
-13.70000E-06,+1.01953517273E+00,+1.34902635869E+00,+1.34381282050E+00,+1.00113063771E+00
-13.65000E-06,+1.02958542388E+00,+1.36912686099E+00,+1.34381282050E+00,+1.01118088886E+00
-13.60000E-06,+1.01953517273E+00,+1.33897610754E+00,+1.33376256935E+00,+991.08038656E-03
-13.55000E-06,+1.01953517273E+00,+1.33897610754E+00,+1.34381282050E+00,+981.03013542E-03
-13.50000E-06,+1.00948492158E+00,+1.33897610754E+00,+1.36391332280E+00,+1.00113063771E+00
-13.45000E-06,+1.01953517273E+00,+1.34400123311E+00,+1.33878769493E+00,+1.01118088886E+00
-13.40000E-06,+1.01953517273E+00,+1.37917711213E+00,+1.35386307165E+00,+1.01118088886E+00
-13.35000E-06,+1.02958542388E+00,+1.35907660984E+00,+1.33878769493E+00,+1.01620601444E+00
-13.30000E-06,+1.03963567503E+00,+1.34902635869E+00,+1.34381282051E+00,+991.08038656E-03
-13.25000E-06,+1.04466080060E+00,+1.34400123311E+00,+1.33878769493E+00,+1.00615576329E+00
-13.20000E-06,+1.03963567503E+00,+1.35907660983E+00,+1.33376256935E+00,+1.03128139115E+00
-13.15000E-06,+1.01953517273E+00,+1.35405148426E+00,+1.32371231821E+00,+1.01118088886E+00
-13.10000E-06,+1.01953517273E+00,+1.33897610754E+00,+1.32371231820E+00,+1.00113063771E+00
-13.05000E-06,+1.02456029830E+00,+1.35405148426E+00,+1.33376256935E+00,+1.00615576329E+00
-13.00000E-06,+1.03963567503E+00,+1.35907660983E+00,+1.35386307165E+00,+991.08038656E-03
-12.95000E-06,+1.03461054945E+00,+1.32390073082E+00,+1.35386307165E+00,+996.10551214E-03
-12.90000E-06,+1.01953517273E+00,+1.33897610754E+00,+1.35386307165E+00,+981.03013541E-03
-12.85000E-06,+1.02456029830E+00,+1.33897610754E+00,+1.32371231820E+00,+1.02625626559E+00
-12.80000E-06,+999.43467043E-03,+1.35907660984E+00,+1.31366206706E+00,+991.08038656E-03
-12.75000E-06,+1.03963567503E+00,+1.34400123311E+00,+1.34381282050E+00,+1.00615576329E+00
-12.70000E-06,+1.02958542388E+00,+1.35907660984E+00,+1.36391332280E+00,+991.08038656E-03
-12.65000E-06,+1.00445979601E+00,+1.36410173541E+00,+1.36391332280E+00,+996.10551214E-03
-12.60000E-06,+1.01953517273E+00,+1.35907660983E+00,+1.31366206706E+00,+991.08038657E-03
-12.55000E-06,+1.01953517273E+00,+1.34400123311E+00,+1.33376256935E+00,+1.01118088886E+00
-12.50000E-06,+1.01953517273E+00,+1.35907660983E+00,+1.34381282050E+00,+1.00113063771E+00
-12.45000E-06,+1.02456029830E+00,+1.33897610754E+00,+1.32873744378E+00,+1.01118088886E+00
-12.40000E-06,+1.03963567503E+00,+1.35907660984E+00,+1.35386307165E+00,+1.01118088886E+00
-12.35000E-06,+1.02456029831E+00,+1.35405148426E+00,+1.32371231821E+00,+1.01118088886E+00
-12.30000E-06,+1.04968592618E+00,+1.33897610754E+00,+1.34381282050E+00,+1.01118088886E+00
-12.25000E-06,+1.02456029830E+00,+1.35907660984E+00,+1.33878769493E+00,+996.10551214E-03
-12.20000E-06,+1.01953517273E+00,+1.37917711213E+00,+1.37396357395E+00,+1.03128139116E+00
-12.15000E-06,+1.03461054945E+00,+1.33897610754E+00,+1.35386307165E+00,+1.01118088886E+00
-12.10000E-06,+1.00948492158E+00,+1.34902635869E+00,+1.35386307165E+00,+981.03013542E-03
-12.05000E-06,+1.01451004716E+00,+1.36912686099E+00,+1.33376256935E+00,+1.00615576329E+00
-12.00000E-06,+1.01953517273E+00,+1.35907660984E+00,+1.35386307165E+00,+991.08038657E-03
-11.95000E-06,+1.01451004716E+00,+1.35907660984E+00,+1.33878769493E+00,+991.08038656E-03
-11.90000E-06,+1.02958542388E+00,+1.32892585639E+00,+1.36391332280E+00,+1.01118088886E+00
-11.85000E-06,+1.01451004716E+00,+1.35907660984E+00,+1.36893844837E+00,+1.01118088886E+00
-11.80000E-06,+1.01953517273E+00,+1.33897610754E+00,+1.33376256935E+00,+1.03128139116E+00
-11.75000E-06,+1.00445979601E+00,+1.34400123311E+00,+1.35888819722E+00,+1.01620601444E+00
-11.70000E-06,+1.00948492158E+00,+1.35907660983E+00,+1.32371231821E+00,+1.01118088886E+00
-11.65000E-06,+1.01953517273E+00,+1.36912686098E+00,+1.33878769493E+00,+996.10551214E-03
-11.60000E-06,+1.03963567503E+00,+1.35907660983E+00,+1.35386307165E+00,+1.01118088886E+00
-11.55000E-06,+1.03963567503E+00,+1.34400123311E+00,+1.35386307165E+00,+1.00615576329E+00
-11.50000E-06,+1.02958542388E+00,+1.34902635869E+00,+1.34381282050E+00,+1.00113063771E+00
-11.45000E-06,+1.01451004716E+00,+1.37415198656E+00,+1.34883794608E+00,+1.01118088886E+00
-11.40000E-06,+999.43467043E-03,+1.33897610754E+00,+1.31366206706E+00,+970.97988427E-03
-11.35000E-06,+1.03461054945E+00,+1.37415198656E+00,+1.35386307165E+00,+1.02123114001E+00
-11.30000E-06,+1.02958542388E+00,+1.32892585639E+00,+1.33376256935E+00,+1.00113063771E+00
-11.25000E-06,+1.00445979601E+00,+1.35907660984E+00,+1.34883794608E+00,+1.00615576329E+00
-11.20000E-06,+1.01953517273E+00,+1.33897610754E+00,+1.33376256935E+00,+1.01118088886E+00
-11.15000E-06,+1.03461054945E+00,+1.35405148426E+00,+1.34883794608E+00,+981.03013542E-03
-11.10000E-06,+1.03963567503E+00,+1.35907660984E+00,+1.35386307165E+00,+981.03013542E-03
-11.05000E-06,+999.43467043E-03,+1.30882535409E+00,+1.34883794608E+00,+996.10551214E-03
-11.00000E-06,+1.05973617732E+00,+1.33897610754E+00,+1.33376256935E+00,+991.08038657E-03
-10.95000E-06,+1.00445979601E+00,+1.35907660984E+00,+1.33878769493E+00,+996.10551214E-03
-10.90000E-06,+1.01953517273E+00,+1.35907660984E+00,+1.36391332280E+00,+991.08038656E-03
-10.85000E-06,+1.02456029830E+00,+1.34400123311E+00,+1.35888819722E+00,+981.03013541E-03
-10.80000E-06,+1.01953517273E+00,+1.35907660984E+00,+1.35386307165E+00,+1.01118088886E+00
-10.75000E-06,+1.01451004716E+00,+1.35907660984E+00,+1.32371231821E+00,+991.08038656E-03
-10.70000E-06,+1.00948492158E+00,+1.34902635869E+00,+1.33376256935E+00,+1.01118088886E+00
-10.65000E-06,+1.02456029830E+00,+1.36410173541E+00,+1.35386307165E+00,+1.02123114001E+00
-10.60000E-06,+1.01953517273E+00,+1.35907660984E+00,+1.33376256935E+00,+1.01118088886E+00
-10.55000E-06,+1.01953517273E+00,+1.35907660984E+00,+1.33878769493E+00,+1.01118088886E+00
-10.50000E-06,+1.03963567503E+00,+1.36912686098E+00,+1.34381282050E+00,+1.03128139116E+00
-10.45000E-06,+1.00948492158E+00,+1.35405148426E+00,+1.33878769493E+00,+1.00615576329E+00
-10.40000E-06,+1.01953517273E+00,+1.35907660984E+00,+1.33376256935E+00,+1.01118088886E+00
-10.35000E-06,+1.00445979601E+00,+1.32892585639E+00,+1.33878769493E+00,+976.00500984E-03
-10.30000E-06,+1.02958542388E+00,+1.35907660984E+00,+1.35386307165E+00,+1.00113063771E+00
-10.25000E-06,+1.01953517273E+00,+1.36912686099E+00,+1.34883794608E+00,+996.10551214E-03
-10.20000E-06,+1.01953517273E+00,+1.33897610754E+00,+1.37396357395E+00,+1.01118088886E+00
-10.15000E-06,+1.01451004716E+00,+1.33897610754E+00,+1.33878769493E+00,+1.01620601444E+00
-10.10000E-06,+1.00948492158E+00,+1.35907660984E+00,+1.36391332280E+00,+1.01118088886E+00
-10.05000E-06,+1.03963567503E+00,+1.34902635869E+00,+1.33878769493E+00,+981.03013541E-03
-10.00000E-06,+1.03963567503E+00,+1.35907660984E+00,+1.35386307165E+00,+991.08038656E-03
-9.95000E-06,+1.02456029831E+00,+1.35405148426E+00,+1.33376256935E+00,+1.01118088886E+00
-9.90000E-06,+1.00948492158E+00,+1.36912686098E+00,+1.34381282050E+00,+1.00113063771E+00
-9.85000E-06,+1.02456029830E+00,+1.35405148426E+00,+1.35386307165E+00,+996.10551214E-03
-9.80000E-06,+1.03963567503E+00,+1.35907660984E+00,+1.29356156476E+00,+1.03128139116E+00
-9.75000E-06,+1.02456029831E+00,+1.36912686098E+00,+1.34883794608E+00,+1.01620601444E+00
-9.70000E-06,+1.03963567503E+00,+1.34902635869E+00,+1.35386307165E+00,+1.02123114001E+00
-9.65000E-06,+1.01953517273E+00,+1.33897610754E+00,+1.33376256935E+00,+991.08038656E-03
-9.60000E-06,+1.01953517273E+00,+1.33897610754E+00,+1.35386307165E+00,+991.08038656E-03
-9.55000E-06,+1.01953517273E+00,+1.33897610754E+00,+1.35888819722E+00,+1.01118088886E+00
-9.50000E-06,+1.02958542388E+00,+1.33897610754E+00,+1.34381282050E+00,+1.00113063771E+00
-9.45000E-06,+1.01953517273E+00,+1.34902635868E+00,+1.34381282050E+00,+1.01118088886E+00
-9.40000E-06,+1.05973617732E+00,+1.33897610754E+00,+1.35386307165E+00,+1.01118088886E+00
-9.35000E-06,+1.03461054945E+00,+1.35405148426E+00,+1.34883794608E+00,+1.01118088886E+00
-9.30000E-06,+1.02958542388E+00,+1.35907660984E+00,+1.35386307165E+00,+991.08038656E-03
-9.25000E-06,+1.02958542388E+00,+1.33897610754E+00,+1.34883794608E+00,+996.10551214E-03
-9.20000E-06,+1.03963567503E+00,+1.33897610754E+00,+1.35386307165E+00,+1.01118088886E+00
-9.15000E-06,+1.01953517273E+00,+1.35405148426E+00,+1.34883794608E+00,+996.10551214E-03
-9.10000E-06,+1.02958542388E+00,+1.33897610754E+00,+1.34381282050E+00,+1.01118088886E+00
-9.05000E-06,+1.02456029830E+00,+1.36410173541E+00,+1.34381282050E+00,+1.02625626559E+00
-9.00000E-06,+1.03963567503E+00,+1.31887560524E+00,+1.33376256935E+00,+991.08038657E-03
-8.95000E-06,+1.03963567503E+00,+1.34400123311E+00,+1.33376256935E+00,+1.00615576329E+00
-8.90000E-06,+1.01953517273E+00,+1.35907660983E+00,+1.33376256935E+00,+1.01118088886E+00
-8.85000E-06,+1.01451004716E+00,+1.35907660984E+00,+1.35386307165E+00,+1.00615576329E+00
-8.80000E-06,+1.03963567503E+00,+1.35907660984E+00,+1.33376256935E+00,+1.01118088886E+00
-8.75000E-06,+1.03963567503E+00,+1.35907660984E+00,+1.34883794608E+00,+991.08038656E-03
-8.70000E-06,+999.43467043E-03,+1.34902635869E+00,+1.35386307165E+00,+1.00113063771E+00
-8.65000E-06,+1.02958542388E+00,+1.33897610754E+00,+1.33376256935E+00,+996.10551214E-03
-8.60000E-06,+1.03963567503E+00,+1.35907660984E+00,+1.31366206706E+00,+1.01118088886E+00
-8.55000E-06,+1.01953517273E+00,+1.33897610754E+00,+1.33376256935E+00,+996.10551214E-03
-8.50000E-06,+1.02958542388E+00,+1.34902635869E+00,+1.34381282050E+00,+991.08038657E-03
-8.45000E-06,+1.03963567503E+00,+1.35907660984E+00,+1.35386307165E+00,+996.10551214E-03
-8.40000E-06,+999.43467043E-03,+1.31887560524E+00,+1.35386307165E+00,+1.01118088886E+00
-8.35000E-06,+1.02456029831E+00,+1.33897610754E+00,+1.33376256935E+00,+996.10551214E-03
-8.30000E-06,+1.02958542388E+00,+1.35907660984E+00,+1.34381282050E+00,+1.01118088886E+00
-8.25000E-06,+1.00445979601E+00,+1.35907660984E+00,+1.38401382510E+00,+981.03013541E-03
-8.20000E-06,+1.01953517273E+00,+1.33897610754E+00,+1.35386307165E+00,+1.01118088886E+00
-8.15000E-06,+1.02958542388E+00,+1.36410173541E+00,+1.34381282050E+00,+1.00615576329E+00
-8.10000E-06,+1.01953517273E+00,+1.34902635869E+00,+1.34381282050E+00,+1.00113063771E+00
-8.05000E-06,+1.01451004716E+00,+1.34400123311E+00,+1.33878769493E+00,+1.02625626558E+00
-8.00000E-06,+1.01953517273E+00,+1.31887560524E+00,+1.35386307165E+00,+991.08038656E-03
-7.95000E-06,+1.01953517273E+00,+1.33897610754E+00,+1.32371231821E+00,+996.10551214E-03
-7.90000E-06,+1.01953517273E+00,+1.35907660984E+00,+1.35386307165E+00,+991.08038656E-03
-7.85000E-06,+1.02456029830E+00,+1.31887560524E+00,+1.35386307165E+00,+991.08038656E-03
-7.80000E-06,+1.01953517273E+00,+1.35907660984E+00,+1.31366206706E+00,+1.03128139116E+00
-7.75000E-06,+1.01953517273E+00,+1.36410173541E+00,+1.33878769493E+00,+1.00615576329E+00
-7.70000E-06,+1.01953517273E+00,+1.35907660983E+00,+1.34381282050E+00,+1.01118088886E+00
-7.65000E-06,+1.03461054945E+00,+1.35907660984E+00,+1.35888819722E+00,+976.00500984E-03
-7.60000E-06,+1.01953517273E+00,+1.37917711213E+00,+1.33376256935E+00,+1.01118088886E+00
-7.55000E-06,+1.02958542388E+00,+1.33897610754E+00,+1.32371231821E+00,+1.02123114001E+00
-7.50000E-06,+1.01953517273E+00,+1.35907660984E+00,+1.36391332280E+00,+991.08038656E-03
-7.45000E-06,+1.01953517273E+00,+1.35405148426E+00,+1.33376256935E+00,+1.00615576329E+00
-7.40000E-06,+1.03963567503E+00,+1.37917711213E+00,+1.35386307165E+00,+1.01118088886E+00
-7.35000E-06,+1.01953517273E+00,+1.35405148426E+00,+1.34883794608E+00,+1.01118088886E+00
-7.30000E-06,+1.00948492158E+00,+1.34902635869E+00,+1.34381282050E+00,+1.00113063771E+00
-7.25000E-06,+1.03461054945E+00,+1.35907660984E+00,+1.35386307165E+00,+991.08038656E-03
-7.20000E-06,+999.43467043E-03,+1.35907660984E+00,+1.33376256935E+00,+1.01118088886E+00
-7.15000E-06,+1.02456029831E+00,+1.32390073082E+00,+1.34883794608E+00,+1.01118088886E+00
-7.10000E-06,+1.02958542388E+00,+1.34902635869E+00,+1.33376256935E+00,+1.02123114001E+00
-7.05000E-06,+1.03963567503E+00,+1.35405148426E+00,+1.36391332280E+00,+996.10551214E-03
-7.00000E-06,+999.43467043E-03,+1.33897610754E+00,+1.35386307165E+00,+1.01118088886E+00
-6.95000E-06,+1.03963567503E+00,+1.35907660984E+00,+1.33878769493E+00,+1.01118088886E+00
-6.90000E-06,+1.00948492158E+00,+1.34902635869E+00,+1.35386307165E+00,+991.08038656E-03
-6.85000E-06,+1.03963567503E+00,+1.34400123311E+00,+1.33878769493E+00,+991.08038656E-03
-6.80000E-06,+1.01953517273E+00,+1.33897610754E+00,+1.35386307165E+00,+991.08038656E-03
-6.75000E-06,+1.01953517273E+00,+1.35907660984E+00,+1.33878769493E+00,+1.02123114001E+00
-6.70000E-06,+1.01953517273E+00,+1.36912686098E+00,+1.35386307165E+00,+1.00113063771E+00
-6.65000E-06,+1.00445979601E+00,+1.34902635869E+00,+1.34883794608E+00,+1.00615576329E+00
-6.60000E-06,+1.03963567503E+00,+1.35907660984E+00,+1.35386307165E+00,+1.01118088886E+00
-6.55000E-06,+1.05471105175E+00,+1.33897610754E+00,+1.33878769493E+00,+986.05526099E-03
-6.50000E-06,+1.03963567503E+00,+1.32892585639E+00,+1.34381282050E+00,+1.01118088886E+00
-6.45000E-06,+1.01451004716E+00,+1.35907660984E+00,+1.33376256935E+00,+1.01620601444E+00
-6.40000E-06,+1.01953517273E+00,+1.33897610754E+00,+1.33376256935E+00,+991.08038656E-03
-6.35000E-06,+1.01953517273E+00,+1.34400123311E+00,+1.32371231821E+00,+1.01118088886E+00
-6.30000E-06,+1.03963567503E+00,+1.37917711213E+00,+1.35386307165E+00,+1.00113063771E+00
-6.25000E-06,+1.02958542388E+00,+1.33897610754E+00,+1.33376256935E+00,+991.08038656E-03
-6.20000E-06,+1.03963567503E+00,+1.35907660984E+00,+1.35386307165E+00,+1.01118088886E+00
-6.15000E-06,+1.00445979601E+00,+1.34400123311E+00,+1.33376256935E+00,+996.10551214E-03
-6.10000E-06,+1.02958542388E+00,+1.35907660984E+00,+1.34381282050E+00,+991.08038657E-03
-6.05000E-06,+1.03461054945E+00,+1.34400123311E+00,+1.33878769493E+00,+991.08038656E-03
-6.00000E-06,+1.03963567503E+00,+1.33897610754E+00,+1.33376256935E+00,+991.08038656E-03
-5.95000E-06,+1.01953517273E+00,+1.35907660984E+00,+1.35386307165E+00,+991.08038656E-03
-5.90000E-06,+1.01953517273E+00,+1.37917711213E+00,+1.33376256935E+00,+1.00113063771E+00
-5.85000E-06,+1.01953517273E+00,+1.37415198656E+00,+1.33878769493E+00,+991.08038656E-03
-5.80000E-06,+1.03963567503E+00,+1.35907660984E+00,+1.33376256935E+00,+991.08038656E-03
-5.75000E-06,+1.00948492158E+00,+1.34400123311E+00,+1.33878769493E+00,+991.08038656E-03
-5.70000E-06,+1.02958542388E+00,+1.34902635869E+00,+1.36391332280E+00,+991.08038656E-03
-5.65000E-06,+1.00445979601E+00,+1.34400123311E+00,+1.35386307165E+00,+1.00615576329E+00
-5.60000E-06,+1.01953517273E+00,+1.35907660984E+00,+1.35386307165E+00,+970.97988427E-03
-5.55000E-06,+1.01953517273E+00,+1.35907660984E+00,+1.33376256935E+00,+1.01118088886E+00
-5.50000E-06,+1.02958542388E+00,+1.34902635869E+00,+1.34381282050E+00,+991.08038656E-03
-5.45000E-06,+1.01953517273E+00,+1.34400123311E+00,+1.34883794608E+00,+996.10551214E-03
-5.40000E-06,+1.01953517273E+00,+1.35907660984E+00,+1.33376256935E+00,+1.01118088886E+00
-5.35000E-06,+1.02456029831E+00,+1.34400123311E+00,+1.33878769493E+00,+996.10551214E-03
-5.30000E-06,+999.43467043E-03,+1.34902635869E+00,+1.33376256935E+00,+1.00113063771E+00
-5.25000E-06,+1.02456029830E+00,+1.33395098196E+00,+1.33376256935E+00,+976.00500984E-03
-5.20000E-06,+1.01953517273E+00,+1.33897610754E+00,+1.33376256935E+00,+1.01118088886E+00
-5.15000E-06,+1.03461054945E+00,+1.36912686098E+00,+1.36391332280E+00,+1.01118088886E+00
-5.10000E-06,+1.02958542388E+00,+1.33897610754E+00,+1.35386307165E+00,+1.00113063771E+00
-5.05000E-06,+1.01451004715E+00,+1.34400123311E+00,+1.33878769493E+00,+1.01118088886E+00
-5.00000E-06,+1.03963567503E+00,+1.35907660983E+00,+1.35386307165E+00,+1.01118088886E+00
-4.95000E-06,+1.03963567503E+00,+1.35405148426E+00,+1.34381282050E+00,+996.10551214E-03
-4.90000E-06,+1.03963567503E+00,+1.35907660984E+00,+1.35386307165E+00,+1.01118088886E+00
-4.85000E-06,+1.02456029830E+00,+1.33897610754E+00,+1.33878769493E+00,+1.00615576329E+00
-4.80000E-06,+1.01953517273E+00,+1.33897610754E+00,+1.35386307165E+00,+991.08038656E-03
-4.75000E-06,+1.01953517273E+00,+1.35907660984E+00,+1.34883794608E+00,+981.03013542E-03
-4.70000E-06,+1.02958542388E+00,+1.36912686098E+00,+1.33376256935E+00,+1.01118088886E+00
-4.65000E-06,+1.00445979601E+00,+1.34400123311E+00,+1.35386307165E+00,+1.00113063771E+00
-4.60000E-06,+1.01953517273E+00,+1.35907660983E+00,+1.35386307165E+00,+991.08038656E-03
-4.55000E-06,+1.03461054945E+00,+1.35907660984E+00,+1.33878769493E+00,+991.08038656E-03
-4.50000E-06,+999.43467043E-03,+1.35907660984E+00,+1.35386307165E+00,+1.01118088886E+00
-4.45000E-06,+1.01451004716E+00,+1.35405148426E+00,+1.35386307165E+00,+991.08038656E-03
-4.40000E-06,+1.03963567503E+00,+1.35907660983E+00,+1.33376256935E+00,+1.03128139116E+00
-4.35000E-06,+999.43467043E-03,+1.35405148426E+00,+1.33376256935E+00,+996.10551214E-03
-4.30000E-06,+1.01953517273E+00,+1.36912686098E+00,+1.34381282050E+00,+1.00113063771E+00
-4.25000E-06,+1.00445979601E+00,+1.37415198656E+00,+1.35386307165E+00,+996.10551214E-03
-4.20000E-06,+999.43467044E-03,+1.33897610754E+00,+1.35386307165E+00,+1.01118088886E+00
-4.15000E-06,+1.04968592617E+00,+1.35907660984E+00,+1.35888819723E+00,+991.08038656E-03
-4.10000E-06,+1.02958542388E+00,+1.34902635869E+00,+1.34381282050E+00,+991.08038656E-03
-4.05000E-06,+1.01451004716E+00,+1.35405148426E+00,+1.33376256935E+00,+991.08038656E-03
-4.00000E-06,+1.03963567503E+00,+1.35907660984E+00,+1.35386307165E+00,+1.03128139116E+00
-3.95000E-06,+1.03461054945E+00,+1.34902635869E+00,+1.33878769493E+00,+991.08038656E-03
-3.90000E-06,+1.02958542388E+00,+1.34902635869E+00,+1.36391332280E+00,+1.00113063771E+00
-3.85000E-06,+1.00445979601E+00,+1.34400123311E+00,+1.35386307165E+00,+991.08038656E-03
-3.80000E-06,+1.01953517273E+00,+1.35907660984E+00,+1.31366206706E+00,+1.03128139116E+00
-3.75000E-06,+1.01953517273E+00,+1.33897610754E+00,+1.32371231821E+00,+1.02625626558E+00
-3.70000E-06,+1.01953517273E+00,+1.34902635869E+00,+1.33376256935E+00,+981.03013542E-03
-3.65000E-06,+1.03963567503E+00,+1.34400123311E+00,+1.33376256935E+00,+1.01118088886E+00
-3.60000E-06,+1.03963567503E+00,+1.33897610754E+00,+1.35386307165E+00,+991.08038656E-03
-3.55000E-06,+1.00948492158E+00,+1.35405148426E+00,+1.35386307165E+00,+986.05526099E-03
-3.50000E-06,+1.01953517273E+00,+1.33897610754E+00,+1.32371231820E+00,+1.00113063771E+00
-3.45000E-06,+1.02456029830E+00,+1.35405148426E+00,+1.36893844837E+00,+991.08038656E-03
-3.40000E-06,+1.01953517273E+00,+1.33897610754E+00,+1.33376256935E+00,+1.01118088886E+00
-3.35000E-06,+1.03963567503E+00,+1.35907660984E+00,+1.35386307165E+00,+996.10551214E-03
-3.30000E-06,+1.02958542388E+00,+1.34902635869E+00,+1.35386307165E+00,+1.01118088886E+00
-3.25000E-06,+1.03461054945E+00,+1.34902635869E+00,+1.32371231820E+00,+996.10551214E-03
-3.20000E-06,+979.33416814E-03,+1.33897610754E+00,+1.35386307165E+00,+991.08038657E-03
-3.15000E-06,+999.43467043E-03,+1.34400123311E+00,+1.33376256935E+00,+1.02625626558E+00
-3.10000E-06,+1.01953517273E+00,+1.34902635869E+00,+1.35386307165E+00,+1.00113063771E+00
-3.05000E-06,+1.01953517273E+00,+1.34902635868E+00,+1.35386307165E+00,+1.00615576329E+00
-3.00000E-06,+1.01953517273E+00,+1.33897610754E+00,+1.35386307165E+00,+1.01118088886E+00
-2.95000E-06,+1.01953517273E+00,+1.35907660984E+00,+1.32873744378E+00,+1.01118088886E+00
-2.90000E-06,+1.02958542388E+00,+1.35907660984E+00,+1.35386307165E+00,+1.01118088886E+00
-2.85000E-06,+1.01953517273E+00,+1.34400123311E+00,+1.32371231820E+00,+976.00500984E-03
-2.80000E-06,+1.01953517273E+00,+1.31887560524E+00,+1.33376256935E+00,+991.08038657E-03
-2.75000E-06,+1.01451004716E+00,+1.35405148426E+00,+1.31868719263E+00,+996.10551214E-03
-2.70000E-06,+1.02958542388E+00,+1.34902635869E+00,+1.34381282050E+00,+1.01118088886E+00
-2.65000E-06,+1.01953517273E+00,+1.34400123311E+00,+1.35386307165E+00,+991.08038656E-03
-2.60000E-06,+1.03963567503E+00,+1.37917711213E+00,+1.35386307165E+00,+1.01118088886E+00
-2.55000E-06,+1.01953517273E+00,+1.35907660984E+00,+1.33878769493E+00,+996.10551214E-03
-2.50000E-06,+1.02958542388E+00,+1.33897610754E+00,+1.34381282050E+00,+1.01118088886E+00
-2.45000E-06,+1.01953517273E+00,+1.35907660984E+00,+1.33878769493E+00,+1.01118088886E+00
-2.40000E-06,+1.03963567503E+00,+1.33897610754E+00,+1.37396357395E+00,+991.08038657E-03
-2.35000E-06,+1.03461054945E+00,+1.33897610754E+00,+1.34883794608E+00,+1.01118088886E+00
-2.30000E-06,+1.04968592618E+00,+1.36912686098E+00,+1.35386307165E+00,+991.08038656E-03
-2.25000E-06,+1.00948492158E+00,+1.34400123311E+00,+1.34381282050E+00,+1.01118088886E+00
-2.20000E-06,+1.01953517273E+00,+1.33897610754E+00,+1.31366206706E+00,+1.03128139116E+00
-2.15000E-06,+1.01451004716E+00,+1.34902635869E+00,+1.33878769493E+00,+1.01118088886E+00
-2.10000E-06,+1.02958542388E+00,+1.36912686098E+00,+1.35386307165E+00,+1.00113063771E+00
-2.05000E-06,+1.02456029830E+00,+1.31887560524E+00,+1.33376256935E+00,+976.00500984E-03
-2.00000E-06,+1.01953517273E+00,+1.35907660983E+00,+1.35386307165E+00,+1.01118088886E+00
-1.95000E-06,+1.00948492158E+00,+1.33897610754E+00,+1.31868719263E+00,+1.01118088886E+00
-1.90000E-06,+1.02958542388E+00,+1.33897610754E+00,+1.34381282050E+00,+1.00113063771E+00
-1.85000E-06,+1.00445979601E+00,+1.35405148426E+00,+1.33376256935E+00,+1.00615576329E+00
-1.80000E-06,+1.05973617732E+00,+1.37917711213E+00,+1.31366206706E+00,+991.08038656E-03
-1.75000E-06,+1.01953517273E+00,+1.36912686098E+00,+1.34883794608E+00,+1.01620601444E+00
-1.70000E-06,+1.01953517273E+00,+1.34902635869E+00,+1.33376256935E+00,+1.01118088886E+00
-1.65000E-06,+1.02456029830E+00,+1.33897610754E+00,+1.34381282050E+00,+1.02123114001E+00
-1.60000E-06,+1.01953517273E+00,+1.35907660983E+00,+1.35386307165E+00,+991.08038657E-03
-1.55000E-06,+1.01451004716E+00,+1.36912686098E+00,+1.34381282050E+00,+991.08038656E-03
-1.50000E-06,+1.00948492158E+00,+1.35907660984E+00,+1.35386307165E+00,+1.00113063771E+00
-1.45000E-06,+1.03963567503E+00,+1.35405148426E+00,+1.34883794608E+00,+1.01118088886E+00
-1.40000E-06,+1.01953517273E+00,+1.33897610754E+00,+1.31366206706E+00,+1.01118088886E+00
-1.35000E-06,+1.03963567503E+00,+1.35907660984E+00,+1.35386307165E+00,+996.10551214E-03
-1.30000E-06,+999.43467043E-03,+1.35907660984E+00,+1.34381282050E+00,+1.00113063771E+00
-1.25000E-06,+999.43467043E-03,+1.32892585639E+00,+1.33878769493E+00,+996.10551214E-03
-1.20000E-06,+1.01953517273E+00,+1.33897610754E+00,+1.33376256935E+00,+1.01118088886E+00
-1.15000E-06,+1.01953517273E+00,+1.35405148426E+00,+1.31868719263E+00,+1.00615576329E+00
-1.10000E-06,+1.03963567503E+00,+1.35907660984E+00,+1.34381282050E+00,+991.08038656E-03
-1.05000E-06,+1.01953517273E+00,+1.33395098196E+00,+1.35386307165E+00,+996.10551214E-03
-1.00000E-06,+1.01953517273E+00,+1.35907660983E+00,+1.35386307165E+00,+991.08038656E-03
-950.00E-09,+1.03461054945E+00,+1.34902635868E+00,+1.34381282050E+00,+986.05526099E-03
-900.00E-09,+1.01953517273E+00,+1.35907660984E+00,+1.32371231821E+00,+991.08038656E-03
-850.00E-09,+1.03963567503E+00,+1.35907660984E+00,+1.32873744378E+00,+1.00615576329E+00
-800.00E-09,+1.03963567503E+00,+1.33897610754E+00,+1.33376256935E+00,+991.08038657E-03
-750.00E-09,+1.01953517273E+00,+1.35907660984E+00,+1.33878769493E+00,+981.03013542E-03
-700.00E-09,+1.02958542388E+00,+1.35907660983E+00,+1.36391332280E+00,+1.00113063771E+00
-650.00E-09,+1.01953517273E+00,+1.35405148426E+00,+1.36391332280E+00,+1.01118088886E+00
-600.00E-09,+1.01953517273E+00,+1.33897610754E+00,+1.35386307165E+00,+991.08038656E-03
-550.00E-09,+1.02456029831E+00,+1.36912686098E+00,+1.35386307165E+00,+991.08038656E-03
-500.00E-09,+999.43467043E-03,+1.35907660984E+00,+1.35386307165E+00,+1.00113063771E+00
-450.00E-09,+1.02958542388E+00,+1.35907660984E+00,+1.35888819722E+00,+991.08038656E-03
-400.00E-09,+1.05973617732E+00,+1.33897610754E+00,+1.33376256935E+00,+1.01118088886E+00
-350.00E-09,+1.03461054945E+00,+1.34400123311E+00,+1.33878769493E+00,+991.08038656E-03
-300.00E-09,+1.00948492158E+00,+1.33897610754E+00,+1.34381282050E+00,+1.00113063771E+00
-250.00E-09,+1.02456029830E+00,+1.37415198656E+00,+1.35386307165E+00,+996.10551214E-03
-200.00E-09,+1.03963567503E+00,+1.37917711213E+00,+1.33376256935E+00,+991.08038656E-03
-150.00E-09,+999.43467043E-03,+1.33897610754E+00,+1.34883794608E+00,+1.01118088886E+00
-100.00E-09,+1.01953517273E+00,+1.34902635869E+00,+1.34381282050E+00,+1.00113063771E+00
-50.00E-09,+1.02456029830E+00,+1.34400123311E+00,+1.32371231820E+00,+1.03128139116E+00
+0.0E+00,+1.28084170260E+00,+1.33897610754E+00,+1.31366206706E+00,+950.87938197E-03
+50.00E-09,+1.35621858621E+00,+1.36410173541E+00,+1.33878769493E+00,+991.08038656E-03
+100.00E-09,+1.37129396293E+00,+1.34902635869E+00,+1.33376256935E+00,+1.03128139116E+00
+150.00E-09,+1.37129396293E+00,+1.36410173541E+00,+1.34381282050E+00,+1.02123114001E+00
+200.00E-09,+1.36124371178E+00,+1.33897610754E+00,+1.33376256935E+00,+1.03128139116E+00
+250.00E-09,+1.35621858621E+00,+1.35907660984E+00,+1.34883794608E+00,+1.00113063771E+00
+300.00E-09,+1.35119346064E+00,+1.33897610754E+00,+1.34381282050E+00,+1.01118088886E+00
+350.00E-09,+1.36124371178E+00,+1.32892585639E+00,+1.33878769493E+00,+996.10551214E-03
+400.00E-09,+1.32104270719E+00,+1.31887560524E+00,+1.33376256935E+00,+1.01118088886E+00
+450.00E-09,+1.37631908851E+00,+1.33897610754E+00,+1.32371231821E+00,+1.01118088886E+00
+500.00E-09,+1.36124371178E+00,+1.35907660984E+00,+1.33376256935E+00,+991.08038656E-03
+550.00E-09,+1.33109295834E+00,+1.35405148426E+00,+1.34883794608E+00,+1.00615576329E+00
+600.00E-09,+1.36124371178E+00,+1.33897610754E+00,+1.35386307165E+00,+1.01118088886E+00
+650.00E-09,+1.37631908851E+00,+1.35907660984E+00,+1.36893844837E+00,+1.02123114001E+00
+700.00E-09,+1.36124371178E+00,+1.35907660984E+00,+1.34381282050E+00,+1.00113063771E+00
+750.00E-09,+1.35621858621E+00,+1.35907660984E+00,+1.34883794608E+00,+996.10551214E-03
+800.00E-09,+1.36124371178E+00,+1.35907660984E+00,+1.37396357395E+00,+1.03128139116E+00
+850.00E-09,+1.35621858621E+00,+1.34400123311E+00,+1.32371231821E+00,+1.01118088886E+00
+900.00E-09,+1.36124371178E+00,+1.33897610754E+00,+1.35386307165E+00,+991.08038656E-03
+950.00E-09,+1.37631908851E+00,+1.33897610754E+00,+1.34381282050E+00,+991.08038656E-03
+1.00000E-06,+1.34114320949E+00,+1.35907660984E+00,+1.31366206706E+00,+991.08038656E-03
+1.05000E-06,+1.36124371178E+00,+1.35907660984E+00,+1.35386307165E+00,+1.00615576329E+00
+1.10000E-06,+1.35119346063E+00,+1.35907660983E+00,+1.35386307165E+00,+1.00113063771E+00
+1.15000E-06,+1.36626883736E+00,+1.33897610754E+00,+1.36893844837E+00,+1.03128139116E+00
+1.20000E-06,+1.32104270719E+00,+1.35907660983E+00,+1.35386307165E+00,+1.01118088886E+00
+1.25000E-06,+1.36626883736E+00,+1.33395098196E+00,+1.31868719263E+00,+1.00615576329E+00
+1.30000E-06,+1.36124371179E+00,+1.35907660984E+00,+1.35386307165E+00,+1.02123114001E+00
+1.35000E-06,+1.34616833506E+00,+1.33897610754E+00,+1.33376256935E+00,+996.10551214E-03
+1.40000E-06,+1.36124371178E+00,+1.33897610754E+00,+1.33376256935E+00,+991.08038656E-03
+1.45000E-06,+1.36124371178E+00,+1.32892585639E+00,+1.32873744378E+00,+991.08038656E-03
+1.50000E-06,+1.34114320949E+00,+1.36912686098E+00,+1.33376256935E+00,+1.03128139116E+00
+1.55000E-06,+1.34114320949E+00,+1.36410173541E+00,+1.33878769493E+00,+1.00615576329E+00
+1.60000E-06,+1.34114320949E+00,+1.33897610754E+00,+1.35386307165E+00,+1.01118088886E+00
+1.65000E-06,+1.35621858621E+00,+1.35907660984E+00,+1.35386307165E+00,+996.10551214E-03
+1.70000E-06,+1.36124371178E+00,+1.34902635869E+00,+1.35386307165E+00,+1.00113063771E+00
+1.75000E-06,+1.36124371178E+00,+1.34400123311E+00,+1.34883794608E+00,+991.08038656E-03
+1.80000E-06,+1.36124371178E+00,+1.33897610754E+00,+1.33376256935E+00,+1.03128139116E+00
+1.85000E-06,+1.34616833506E+00,+1.34400123311E+00,+1.33878769493E+00,+991.08038656E-03
+1.90000E-06,+1.34114320949E+00,+1.34902635869E+00,+1.34381282050E+00,+1.00113063771E+00
+1.95000E-06,+1.33611808391E+00,+1.32390073081E+00,+1.35386307165E+00,+996.10551214E-03
+2.00000E-06,+1.32104270719E+00,+1.33897610754E+00,+1.35386307165E+00,+1.01118088886E+00
+2.05000E-06,+1.34114320949E+00,+1.37415198656E+00,+1.33878769493E+00,+1.01118088886E+00
+2.10000E-06,+1.36124371178E+00,+1.33897610754E+00,+1.33376256935E+00,+1.02123114001E+00
+2.15000E-06,+1.34616833506E+00,+1.35405148426E+00,+1.35386307165E+00,+996.10551214E-03
+2.20000E-06,+1.36124371178E+00,+1.33897610754E+00,+1.37396357395E+00,+970.97988427E-03
+2.25000E-06,+1.36124371178E+00,+1.32390073082E+00,+1.33878769493E+00,+996.10551214E-03
+2.30000E-06,+1.36124371178E+00,+1.35907660984E+00,+1.34381282050E+00,+1.00113063771E+00
+2.35000E-06,+1.35621858621E+00,+1.33897610754E+00,+1.32371231820E+00,+1.01118088886E+00
+2.40000E-06,+1.32104270719E+00,+1.35907660984E+00,+1.33376256935E+00,+1.01118088886E+00
+2.45000E-06,+1.35119346063E+00,+1.35405148426E+00,+1.32873744378E+00,+981.03013542E-03
+2.50000E-06,+1.36124371178E+00,+1.35907660984E+00,+1.34381282050E+00,+1.02123114001E+00
+2.55000E-06,+1.36124371178E+00,+1.35907660984E+00,+1.34883794608E+00,+991.08038656E-03
+2.60000E-06,+1.34114320949E+00,+1.35907660984E+00,+1.35386307165E+00,+991.08038657E-03
+2.65000E-06,+1.35621858621E+00,+1.35405148426E+00,+1.33376256935E+00,+991.08038656E-03
+2.70000E-06,+1.35119346064E+00,+1.33897610754E+00,+1.32371231820E+00,+1.00113063771E+00
+2.75000E-06,+1.34114320949E+00,+1.34400123311E+00,+1.35888819722E+00,+996.10551214E-03
+2.80000E-06,+1.36124371179E+00,+1.35907660984E+00,+1.35386307165E+00,+1.01118088886E+00
+2.85000E-06,+1.34114320949E+00,+1.35907660984E+00,+1.33878769493E+00,+996.10551214E-03
+2.90000E-06,+1.34114320949E+00,+1.35907660983E+00,+1.35386307165E+00,+991.08038656E-03
+2.95000E-06,+1.34616833506E+00,+1.36410173541E+00,+1.36893844837E+00,+1.00113063771E+00
+3.00000E-06,+1.32104270719E+00,+1.33897610754E+00,+1.33376256935E+00,+991.08038656E-03
+3.05000E-06,+1.34616833506E+00,+1.32892585639E+00,+1.35386307165E+00,+1.01118088886E+00
+3.10000E-06,+1.34114320949E+00,+1.35907660984E+00,+1.35386307165E+00,+1.00113063771E+00
+3.15000E-06,+1.33611808391E+00,+1.34400123311E+00,+1.34883794608E+00,+1.00615576329E+00
+3.20000E-06,+1.36124371178E+00,+1.33897610754E+00,+1.35386307165E+00,+991.08038657E-03
+3.25000E-06,+1.34114320949E+00,+1.33897610754E+00,+1.33376256935E+00,+1.03128139116E+00
+3.30000E-06,+1.36124371178E+00,+1.32892585639E+00,+1.35386307165E+00,+1.01118088886E+00
+3.35000E-06,+1.34616833506E+00,+1.34902635868E+00,+1.33878769493E+00,+996.10551214E-03
+3.40000E-06,+1.34114320949E+00,+1.35907660983E+00,+1.35386307165E+00,+1.01118088886E+00
+3.45000E-06,+1.32104270719E+00,+1.34400123311E+00,+1.32873744378E+00,+976.00500984E-03
+3.50000E-06,+1.34114320949E+00,+1.34902635869E+00,+1.34381282050E+00,+1.01118088886E+00
+3.55000E-06,+1.35621858621E+00,+1.35907660984E+00,+1.36893844837E+00,+991.08038656E-03
+3.60000E-06,+1.36124371178E+00,+1.33897610754E+00,+1.33376256935E+00,+1.01118088886E+00
+3.65000E-06,+1.34616833506E+00,+1.34400123311E+00,+1.33376256935E+00,+1.00615576329E+00
+3.70000E-06,+1.38134421408E+00,+1.36912686098E+00,+1.34381282050E+00,+1.00113063771E+00
+3.75000E-06,+1.36626883736E+00,+1.34400123311E+00,+1.33878769493E+00,+1.02123114001E+00
+3.80000E-06,+1.36124371179E+00,+1.33897610754E+00,+1.33376256935E+00,+1.01118088886E+00
+3.85000E-06,+1.36124371178E+00,+1.35405148426E+00,+1.35386307165E+00,+1.01118088886E+00
+3.90000E-06,+1.36124371178E+00,+1.35907660983E+00,+1.34381282050E+00,+1.00113063771E+00
+3.95000E-06,+1.34616833506E+00,+1.35907660984E+00,+1.33878769493E+00,+1.01118088886E+00
+4.00000E-06,+1.32104270719E+00,+1.35907660984E+00,+1.35386307165E+00,+991.08038656E-03
+4.05000E-06,+1.36124371178E+00,+1.34400123311E+00,+1.35386307165E+00,+1.01118088886E+00
+4.10000E-06,+1.36124371178E+00,+1.34902635869E+00,+1.32371231820E+00,+1.01118088886E+00
+4.15000E-06,+1.35621858621E+00,+1.35907660984E+00,+1.33376256935E+00,+996.10551214E-03
+4.20000E-06,+1.36124371178E+00,+1.35907660983E+00,+1.35386307165E+00,+1.03128139116E+00
+4.25000E-06,+1.35119346063E+00,+1.35907660984E+00,+1.33376256935E+00,+996.10551214E-03
+4.30000E-06,+1.35119346064E+00,+1.34902635869E+00,+1.35386307165E+00,+1.00113063771E+00
+4.35000E-06,+1.36124371178E+00,+1.37415198656E+00,+1.34883794608E+00,+1.03128139116E+00
+4.40000E-06,+1.36124371178E+00,+1.37917711213E+00,+1.35386307165E+00,+991.08038656E-03
+4.45000E-06,+1.35621858621E+00,+1.34902635868E+00,+1.35386307165E+00,+991.08038656E-03
+4.50000E-06,+1.35119346064E+00,+1.33897610754E+00,+1.33376256935E+00,+1.01118088886E+00
+4.55000E-06,+1.36124371178E+00,+1.35405148426E+00,+1.33376256935E+00,+981.03013541E-03
+4.60000E-06,+1.36124371178E+00,+1.33897610754E+00,+1.35386307165E+00,+1.01118088886E+00
+4.65000E-06,+1.36124371178E+00,+1.35405148426E+00,+1.33878769493E+00,+996.10551214E-03
+4.70000E-06,+1.36124371179E+00,+1.36912686098E+00,+1.33376256935E+00,+1.02123114001E+00
+4.75000E-06,+1.37129396293E+00,+1.35405148426E+00,+1.32873744378E+00,+991.08038656E-03
+4.80000E-06,+1.34114320949E+00,+1.35907660983E+00,+1.35386307165E+00,+991.08038657E-03
+4.85000E-06,+1.36124371178E+00,+1.32390073082E+00,+1.34381282050E+00,+1.02123114001E+00
+4.90000E-06,+1.36124371178E+00,+1.33897610754E+00,+1.34381282050E+00,+1.00113063771E+00
+4.95000E-06,+1.34114320949E+00,+1.35907660984E+00,+1.36391332280E+00,+996.10551214E-03
+5.00000E-06,+1.32104270719E+00,+1.33897610754E+00,+1.33376256935E+00,+1.03128139116E+00
+5.05000E-06,+1.34616833506E+00,+1.34400123311E+00,+1.32873744378E+00,+991.08038656E-03
+5.10000E-06,+1.34114320949E+00,+1.34902635869E+00,+1.36391332280E+00,+1.00113063771E+00
+5.15000E-06,+1.35621858621E+00,+1.34400123311E+00,+1.35888819722E+00,+1.01118088886E+00
+5.20000E-06,+1.32104270719E+00,+1.35907660984E+00,+1.37396357395E+00,+1.01118088886E+00
+5.25000E-06,+1.36124371178E+00,+1.35907660984E+00,+1.31868719263E+00,+1.02625626558E+00
+5.30000E-06,+1.35119346064E+00,+1.35907660984E+00,+1.33376256935E+00,+991.08038656E-03
+5.35000E-06,+1.34616833506E+00,+1.35405148426E+00,+1.36391332280E+00,+986.05526099E-03
+5.40000E-06,+1.34114320949E+00,+1.33897610754E+00,+1.31366206706E+00,+1.03128139116E+00
+5.45000E-06,+1.35621858621E+00,+1.32390073082E+00,+1.35386307165E+00,+991.08038656E-03
+5.50000E-06,+1.37129396293E+00,+1.35907660984E+00,+1.33376256935E+00,+1.00113063771E+00
+5.55000E-06,+1.35621858621E+00,+1.34400123311E+00,+1.34883794608E+00,+996.10551214E-03
+5.60000E-06,+1.36124371178E+00,+1.35907660984E+00,+1.33376256935E+00,+1.01118088886E+00
+5.65000E-06,+1.34114320949E+00,+1.33897610754E+00,+1.33878769493E+00,+991.08038656E-03
+5.70000E-06,+1.36124371178E+00,+1.35907660984E+00,+1.34381282050E+00,+991.08038656E-03
+5.75000E-06,+1.34616833506E+00,+1.34400123311E+00,+1.33376256935E+00,+1.01118088886E+00
+5.80000E-06,+1.34114320949E+00,+1.35907660983E+00,+1.35386307165E+00,+1.01118088886E+00
+5.85000E-06,+1.35621858621E+00,+1.35405148426E+00,+1.33376256935E+00,+1.01118088886E+00
+5.90000E-06,+1.35119346063E+00,+1.34902635869E+00,+1.35386307165E+00,+1.02123114001E+00
+5.95000E-06,+1.35621858621E+00,+1.33897610754E+00,+1.34883794608E+00,+1.01118088886E+00
+6.00000E-06,+1.34114320949E+00,+1.33897610754E+00,+1.33376256935E+00,+1.01118088886E+00
+6.05000E-06,+1.36124371178E+00,+1.35907660984E+00,+1.33878769493E+00,+1.02123114001E+00
+6.10000E-06,+1.36124371178E+00,+1.35907660984E+00,+1.32371231820E+00,+1.02123114001E+00
+6.15000E-06,+1.32104270719E+00,+1.35907660984E+00,+1.34883794608E+00,+991.08038656E-03
+6.20000E-06,+1.34114320949E+00,+1.33897610754E+00,+1.33376256935E+00,+991.08038657E-03
+6.25000E-06,+1.34616833506E+00,+1.35907660984E+00,+1.36391332280E+00,+976.00500984E-03
+6.30000E-06,+1.35119346064E+00,+1.33897610754E+00,+1.34381282050E+00,+1.00113063771E+00
+6.35000E-06,+1.36626883736E+00,+1.33897610754E+00,+1.35386307165E+00,+1.00615576329E+00
+6.40000E-06,+1.32104270719E+00,+1.35907660984E+00,+1.33376256935E+00,+991.08038656E-03
+6.45000E-06,+1.34616833506E+00,+1.33395098196E+00,+1.33376256935E+00,+1.01118088886E+00
+6.50000E-06,+1.35119346064E+00,+1.31887560524E+00,+1.33376256935E+00,+991.08038656E-03
+6.55000E-06,+1.34114320949E+00,+1.35907660984E+00,+1.34883794608E+00,+1.00615576329E+00
+6.60000E-06,+1.36124371178E+00,+1.35907660983E+00,+1.31366206706E+00,+991.08038657E-03
+6.65000E-06,+1.35621858621E+00,+1.35907660984E+00,+1.34883794607E+00,+1.00113063771E+00
+6.70000E-06,+1.35119346063E+00,+1.33897610754E+00,+1.36391332280E+00,+981.03013541E-03
+6.75000E-06,+1.35621858621E+00,+1.35907660984E+00,+1.33878769493E+00,+1.00615576329E+00
+6.80000E-06,+1.34114320949E+00,+1.33897610754E+00,+1.35386307165E+00,+1.01118088886E+00
+6.85000E-06,+1.37631908851E+00,+1.33395098196E+00,+1.32873744378E+00,+1.00113063771E+00
+6.90000E-06,+1.36124371178E+00,+1.33897610754E+00,+1.34381282050E+00,+1.00113063771E+00
+6.95000E-06,+1.33109295834E+00,+1.34400123311E+00,+1.35386307165E+00,+996.10551214E-03
+7.00000E-06,+1.36124371178E+00,+1.33897610754E+00,+1.33376256935E+00,+991.08038657E-03
+7.05000E-06,+1.36124371178E+00,+1.34400123311E+00,+1.33878769493E+00,+1.01118088886E+00
+7.10000E-06,+1.35119346064E+00,+1.34902635869E+00,+1.33376256935E+00,+1.00113063771E+00
+7.15000E-06,+1.34114320949E+00,+1.34400123311E+00,+1.33878769493E+00,+991.08038656E-03
+7.20000E-06,+1.34114320949E+00,+1.33897610754E+00,+1.35386307165E+00,+1.01118088886E+00
+7.25000E-06,+1.33611808391E+00,+1.34400123311E+00,+1.35386307165E+00,+1.01620601444E+00
+7.30000E-06,+1.34114320949E+00,+1.33897610754E+00,+1.34381282050E+00,+1.00113063771E+00
+7.35000E-06,+1.35119346064E+00,+1.36410173541E+00,+1.34883794608E+00,+996.10551214E-03
+7.40000E-06,+1.36124371178E+00,+1.35907660984E+00,+1.35386307165E+00,+1.01118088886E+00
+7.45000E-06,+1.34616833506E+00,+1.33897610754E+00,+1.33376256935E+00,+996.10551214E-03
+7.50000E-06,+1.33109295834E+00,+1.35907660984E+00,+1.34381282050E+00,+991.08038656E-03
+7.55000E-06,+1.34114320949E+00,+1.34400123311E+00,+1.33878769493E+00,+1.00113063772E+00
+7.60000E-06,+1.36124371178E+00,+1.35907660983E+00,+1.35386307165E+00,+1.01118088886E+00
+7.65000E-06,+1.32104270719E+00,+1.35907660984E+00,+1.33376256935E+00,+996.10551214E-03
+7.70000E-06,+1.36124371178E+00,+1.33897610754E+00,+1.33376256935E+00,+1.01118088886E+00
+7.75000E-06,+1.34616833506E+00,+1.34400123311E+00,+1.33376256935E+00,+1.02123114001E+00
+7.80000E-06,+1.34114320949E+00,+1.33897610754E+00,+1.35386307165E+00,+1.01118088886E+00
+7.85000E-06,+1.34616833506E+00,+1.36410173541E+00,+1.34381282050E+00,+986.05526099E-03
+7.90000E-06,+1.37129396293E+00,+1.32892585639E+00,+1.33376256935E+00,+1.00113063771E+00
+7.95000E-06,+1.34616833506E+00,+1.35907660984E+00,+1.33878769493E+00,+1.01118088886E+00
+8.00000E-06,+1.32104270719E+00,+1.33897610754E+00,+1.37396357395E+00,+1.01118088886E+00
+8.05000E-06,+1.36626883736E+00,+1.34400123311E+00,+1.35386307165E+00,+1.00113063771E+00
+8.10000E-06,+1.35119346063E+00,+1.37917711213E+00,+1.33376256935E+00,+1.01118088886E+00
+8.15000E-06,+1.36124371178E+00,+1.36410173541E+00,+1.34883794608E+00,+1.00615576329E+00
+8.20000E-06,+1.36124371179E+00,+1.35907660984E+00,+1.35386307165E+00,+1.01118088886E+00
+8.25000E-06,+1.34616833506E+00,+1.33897610754E+00,+1.34883794607E+00,+1.01118088886E+00
+8.30000E-06,+1.33109295834E+00,+1.33897610754E+00,+1.33376256935E+00,+1.00113063771E+00
+8.35000E-06,+1.36124371178E+00,+1.33897610754E+00,+1.33376256935E+00,+986.05526099E-03
+8.40000E-06,+1.34114320949E+00,+1.33897610754E+00,+1.33376256935E+00,+1.01118088886E+00
+8.45000E-06,+1.34114320949E+00,+1.37415198656E+00,+1.33878769493E+00,+1.00113063771E+00
+8.50000E-06,+1.33109295834E+00,+1.35907660984E+00,+1.34381282050E+00,+1.00113063771E+00
+8.55000E-06,+1.36124371178E+00,+1.34902635868E+00,+1.33376256935E+00,+1.00615576329E+00
+8.60000E-06,+1.36124371178E+00,+1.33897610754E+00,+1.33376256935E+00,+991.08038656E-03
+8.65000E-06,+1.36124371178E+00,+1.33897610754E+00,+1.35386307165E+00,+1.00615576329E+00
+8.70000E-06,+1.33109295834E+00,+1.34902635869E+00,+1.33376256936E+00,+1.01118088886E+00
+8.75000E-06,+1.35621858621E+00,+1.34400123311E+00,+1.35386307165E+00,+991.08038656E-03
+8.80000E-06,+1.36124371178E+00,+1.31887560524E+00,+1.35386307165E+00,+991.08038656E-03
+8.85000E-06,+1.35621858621E+00,+1.34400123311E+00,+1.33878769493E+00,+1.02123114001E+00
+8.90000E-06,+1.35119346064E+00,+1.34902635869E+00,+1.34381282050E+00,+991.08038656E-03
+8.95000E-06,+1.37129396294E+00,+1.32390073081E+00,+1.34883794608E+00,+996.10551214E-03
+9.00000E-06,+1.36124371178E+00,+1.33897610754E+00,+1.33376256935E+00,+1.01118088886E+00
+9.05000E-06,+1.37631908851E+00,+1.35907660984E+00,+1.34883794607E+00,+996.10551214E-03
+9.10000E-06,+1.36124371178E+00,+1.36912686098E+00,+1.34381282050E+00,+1.02123114001E+00
+9.15000E-06,+1.34114320949E+00,+1.38420223771E+00,+1.35386307165E+00,+991.08038656E-03
+9.20000E-06,+1.38134421408E+00,+1.35907660984E+00,+1.33376256935E+00,+991.08038656E-03
+9.25000E-06,+1.35119346063E+00,+1.36410173541E+00,+1.34883794608E+00,+1.01118088886E+00
+9.30000E-06,+1.33109295834E+00,+1.37917711213E+00,+1.33376256935E+00,+1.01118088886E+00
+9.35000E-06,+1.32606783276E+00,+1.35907660984E+00,+1.34381282050E+00,+991.08038656E-03
+9.40000E-06,+1.34114320949E+00,+1.35907660984E+00,+1.33376256935E+00,+991.08038657E-03
+9.45000E-06,+1.36626883736E+00,+1.34400123311E+00,+1.33376256935E+00,+996.10551214E-03
+9.50000E-06,+1.36124371178E+00,+1.35907660984E+00,+1.33376256935E+00,+1.01118088886E+00
+9.55000E-06,+1.35621858621E+00,+1.35907660984E+00,+1.32873744378E+00,+1.00615576329E+00
+9.60000E-06,+1.36124371178E+00,+1.35907660983E+00,+1.37396357395E+00,+991.08038657E-03
+9.65000E-06,+1.36124371178E+00,+1.34400123311E+00,+1.33878769493E+00,+981.03013542E-03
+9.70000E-06,+1.35119346063E+00,+1.35907660984E+00,+1.34381282050E+00,+1.01118088886E+00
+9.75000E-06,+1.35621858621E+00,+1.35907660984E+00,+1.35386307165E+00,+991.08038656E-03
+9.80000E-06,+1.34114320949E+00,+1.37917711213E+00,+1.33376256935E+00,+1.01118088886E+00
+9.85000E-06,+1.32606783277E+00,+1.34400123311E+00,+1.34381282050E+00,+996.10551214E-03
+9.90000E-06,+1.35119346063E+00,+1.35907660984E+00,+1.36391332280E+00,+1.01118088886E+00
+9.95000E-06,+1.32104270719E+00,+1.35405148426E+00,+1.35386307165E+00,+981.03013541E-03
+10.00000E-06,+1.34114320949E+00,+1.33897610754E+00,+1.37396357395E+00,+1.01118088886E+00
+10.05000E-06,+1.36124371178E+00,+1.35907660984E+00,+1.33878769493E+00,+991.08038656E-03
+10.10000E-06,+1.35119346063E+00,+1.34902635869E+00,+1.35386307165E+00,+1.00113063771E+00
+10.15000E-06,+1.34616833506E+00,+1.36410173541E+00,+1.36893844837E+00,+1.00615576329E+00
+10.20000E-06,+1.34114320949E+00,+1.35907660983E+00,+1.35386307165E+00,+1.01118088886E+00
+10.25000E-06,+1.36124371178E+00,+1.35907660984E+00,+1.35888819722E+00,+976.00500984E-03
+10.30000E-06,+1.33109295834E+00,+1.34902635869E+00,+1.33376256935E+00,+1.00113063771E+00
+10.35000E-06,+1.34114320949E+00,+1.34400123311E+00,+1.33376256935E+00,+991.08038656E-03
+10.40000E-06,+1.38134421408E+00,+1.35907660984E+00,+1.35386307165E+00,+991.08038656E-03
+10.45000E-06,+1.32606783277E+00,+1.33897610754E+00,+1.33878769493E+00,+976.00500984E-03
+10.50000E-06,+1.36124371178E+00,+1.35907660984E+00,+1.37396357395E+00,+991.08038656E-03
+10.55000E-06,+1.34616833506E+00,+1.34400123311E+00,+1.33376256935E+00,+1.00615576329E+00
+10.60000E-06,+1.34114320949E+00,+1.09777007997E+00,+1.31366206706E+00,+1.05138189345E+00
+10.65000E-06,+1.36124371178E+00,+1.03244344750E+00,+1.31868719263E+00,+1.01118088886E+00
+10.70000E-06,+1.35119346064E+00,+1.01736807078E+00,+1.33376256935E+00,+991.08038656E-03
+10.75000E-06,+1.34616833506E+00,+1.04751882423E+00,+1.34883794608E+00,+991.08038656E-03
+10.80000E-06,+1.32104270719E+00,+997.26756848E-03,+1.35386307165E+00,+991.08038656E-03
+10.85000E-06,+1.35119346064E+00,+1.03244344750E+00,+1.33376256935E+00,+996.10551214E-03
+10.90000E-06,+1.34114320949E+00,+1.00731781963E+00,+1.32371231820E+00,+1.00113063771E+00
+10.95000E-06,+1.33611808391E+00,+1.00229269406E+00,+1.33878769493E+00,+1.01118088886E+00
+11.00000E-06,+1.34114320949E+00,+1.01736807078E+00,+1.35386307165E+00,+1.01118088886E+00
+11.05000E-06,+1.36124371178E+00,+1.01736807078E+00,+1.35386307165E+00,+991.08038656E-03
+11.10000E-06,+1.36124371178E+00,+1.00731781963E+00,+1.34381282050E+00,+991.08038656E-03
+11.15000E-06,+1.35621858621E+00,+1.03746857308E+00,+1.33878769493E+00,+996.10551214E-03
+11.20000E-06,+1.32104270719E+00,+1.27867460065E+00,+1.33376256935E+00,+970.97988427E-03
+11.25000E-06,+1.37129396293E+00,+1.35907660984E+00,+1.33376256935E+00,+991.08038656E-03
+11.30000E-06,+1.36124371178E+00,+1.36912686098E+00,+1.35386307165E+00,+991.08038656E-03
+11.35000E-06,+1.35621858621E+00,+1.36912686098E+00,+1.36391332280E+00,+1.01620601444E+00
+11.40000E-06,+1.36124371178E+00,+1.33897610754E+00,+1.33376256935E+00,+1.01118088886E+00
+11.45000E-06,+1.36124371178E+00,+1.33897610754E+00,+1.33878769493E+00,+1.00615576329E+00
+11.50000E-06,+1.33109295834E+00,+1.35907660984E+00,+1.32371231820E+00,+1.00113063771E+00
+11.55000E-06,+1.35119346064E+00,+1.35405148426E+00,+1.34883794608E+00,+1.02625626559E+00
+11.60000E-06,+1.36124371179E+00,+1.31887560524E+00,+1.33376256935E+00,+1.01118088886E+00
+11.65000E-06,+1.37631908851E+00,+1.35405148426E+00,+1.33376256935E+00,+1.02123114001E+00
+11.70000E-06,+1.36124371178E+00,+1.35907660984E+00,+1.35386307165E+00,+991.08038656E-03
+11.75000E-06,+1.34114320949E+00,+1.35405148426E+00,+1.33376256935E+00,+1.01620601444E+00
+11.80000E-06,+1.36124371178E+00,+1.01736807078E+00,+1.35386307165E+00,+991.08038656E-03
+11.85000E-06,+1.33109295834E+00,+1.03244344750E+00,+1.35386307165E+00,+991.08038656E-03
+11.90000E-06,+1.36124371178E+00,+1.01736807078E+00,+1.36391332280E+00,+991.08038656E-03
+11.95000E-06,+1.34114320949E+00,+1.03244344750E+00,+1.35386307165E+00,+1.00615576329E+00
+12.00000E-06,+1.34114320949E+00,+1.03746857308E+00,+1.33376256935E+00,+1.01118088886E+00
+12.05000E-06,+1.36124371178E+00,+1.02741832193E+00,+1.34381282050E+00,+1.00615576329E+00
+12.10000E-06,+1.36124371178E+00,+1.02741832193E+00,+1.36391332280E+00,+1.00113063771E+00
+12.15000E-06,+1.36626883736E+00,+1.01736807078E+00,+1.34381282050E+00,+1.02625626558E+00
+12.20000E-06,+1.36124371178E+00,+997.26756848E-03,+1.35386307165E+00,+1.01118088886E+00
+12.25000E-06,+1.36124371178E+00,+1.03746857308E+00,+1.33878769493E+00,+986.05526099E-03
+12.30000E-06,+1.35119346064E+00,+1.02741832193E+00,+1.33376256935E+00,+991.08038656E-03
+12.35000E-06,+1.36124371178E+00,+1.02239319635E+00,+1.35386307165E+00,+996.10551214E-03
+12.40000E-06,+1.34114320949E+00,+1.25857409835E+00,+1.31366206706E+00,+950.87938197E-03
+12.45000E-06,+1.35621858621E+00,+1.36410173541E+00,+1.34883794608E+00,+996.10551214E-03
+12.50000E-06,+1.36124371178E+00,+1.36912686098E+00,+1.36391332280E+00,+1.01118088886E+00
+12.55000E-06,+1.35119346063E+00,+1.37917711213E+00,+1.35888819723E+00,+1.01620601444E+00
+12.60000E-06,+1.36124371178E+00,+1.33897610754E+00,+1.33376256935E+00,+1.01118088886E+00
+12.65000E-06,+1.36124371178E+00,+1.34902635869E+00,+1.33376256935E+00,+1.00615576329E+00
+12.70000E-06,+1.36124371178E+00,+1.35907660984E+00,+1.35386307165E+00,+1.00113063771E+00
+12.75000E-06,+1.35119346064E+00,+1.35405148426E+00,+1.35386307165E+00,+1.00615576329E+00
+12.80000E-06,+1.32104270719E+00,+1.35907660984E+00,+1.33376256935E+00,+1.01118088886E+00
+12.85000E-06,+1.35621858621E+00,+1.33897610754E+00,+1.35386307165E+00,+1.00615576329E+00
+12.90000E-06,+1.36124371178E+00,+1.34902635869E+00,+1.33376256935E+00,+1.00113063771E+00
+12.95000E-06,+1.35621858621E+00,+1.33395098196E+00,+1.34883794608E+00,+1.00113063771E+00
+13.00000E-06,+1.36124371178E+00,+1.05756907537E+00,+1.35386307165E+00,+1.03128139116E+00
+13.05000E-06,+1.37631908851E+00,+1.01736807078E+00,+1.36893844837E+00,+1.01620601444E+00
+13.10000E-06,+1.34114320949E+00,+1.01736807078E+00,+1.34381282050E+00,+981.03013542E-03
+13.15000E-06,+1.34616833506E+00,+1.03244344750E+00,+1.33878769493E+00,+1.00113063771E+00
+13.20000E-06,+1.36124371178E+00,+1.01736807078E+00,+1.33376256935E+00,+1.03128139116E+00
+13.25000E-06,+1.33109295834E+00,+1.02239319636E+00,+1.33878769493E+00,+991.08038656E-03
+13.30000E-06,+1.35119346064E+00,+1.01736807078E+00,+1.34381282050E+00,+1.01118088886E+00
+13.35000E-06,+1.34616833506E+00,+1.03746857308E+00,+1.34381282050E+00,+1.00615576329E+00
+13.40000E-06,+1.36124371178E+00,+1.03746857308E+00,+1.35386307165E+00,+991.08038657E-03
+13.45000E-06,+1.35621858621E+00,+1.02239319636E+00,+1.35386307165E+00,+996.10551214E-03
+13.50000E-06,+1.35119346064E+00,+1.04751882423E+00,+1.35386307165E+00,+1.01118088886E+00
+13.55000E-06,+1.34114320949E+00,+1.03746857308E+00,+1.34381282050E+00,+1.00615576329E+00
+13.60000E-06,+1.32104270719E+00,+1.25857409835E+00,+1.31366206706E+00,+930.77887967E-03
+13.65000E-06,+1.35119346063E+00,+1.35405148426E+00,+1.34883794608E+00,+1.01118088886E+00
+13.70000E-06,+1.36124371179E+00,+1.35907660984E+00,+1.34381282050E+00,+1.02123114001E+00
+13.75000E-06,+1.37129396293E+00,+1.35405148426E+00,+1.33878769493E+00,+1.01118088886E+00
+13.80000E-06,+1.34114320949E+00,+1.35907660984E+00,+1.35386307165E+00,+1.01118088886E+00
+13.85000E-06,+1.34616833506E+00,+1.37415198656E+00,+1.33376256935E+00,+1.00615576329E+00
+13.90000E-06,+1.35119346064E+00,+1.34902635869E+00,+1.35386307165E+00,+991.08038656E-03
+13.95000E-06,+1.36124371178E+00,+1.36410173541E+00,+1.35386307165E+00,+1.01118088886E+00
+14.00000E-06,+1.32104270719E+00,+1.33897610754E+00,+1.35386307165E+00,+991.08038656E-03
+14.05000E-06,+1.35621858621E+00,+1.34902635869E+00,+1.34883794608E+00,+996.10551214E-03
+14.10000E-06,+1.32104270719E+00,+1.35907660984E+00,+1.33376256935E+00,+1.00113063771E+00
+14.15000E-06,+1.34114320949E+00,+1.37415198656E+00,+1.34381282050E+00,+996.10551214E-03
+14.20000E-06,+1.40144471638E+00,+1.11787058227E+00,+1.39406407624E+00,+1.05138189346E+00
+14.25000E-06,+1.34616833506E+00,+1.02239319636E+00,+1.34883794608E+00,+1.01118088886E+00
+14.30000E-06,+1.32104270719E+00,+1.00731781963E+00,+1.33376256935E+00,+991.08038656E-03
+14.35000E-06,+1.33109295834E+00,+1.02239319636E+00,+1.33376256935E+00,+1.00615576329E+00
+14.40000E-06,+1.34114320949E+00,+997.26756848E-03,+1.33376256935E+00,+1.01118088886E+00
+14.45000E-06,+1.35621858621E+00,+1.02239319636E+00,+1.32873744378E+00,+986.05526099E-03
+14.50000E-06,+1.36124371178E+00,+1.04751882423E+00,+1.33376256935E+00,+1.01118088886E+00
+14.55000E-06,+1.35621858621E+00,+1.01736807078E+00,+1.34381282050E+00,+1.01620601444E+00
+14.60000E-06,+1.34114320949E+00,+1.03746857308E+00,+1.31366206706E+00,+1.01118088886E+00
+14.65000E-06,+1.35621858621E+00,+1.02239319636E+00,+1.33878769493E+00,+996.10551214E-03
+14.70000E-06,+1.36124371178E+00,+1.01736807078E+00,+1.35386307165E+00,+1.01118088886E+00
+14.75000E-06,+1.35621858621E+00,+1.02239319636E+00,+1.33878769493E+00,+996.10551214E-03
+14.80000E-06,+1.36124371178E+00,+1.21837309376E+00,+1.33376256935E+00,+950.87938197E-03
+14.85000E-06,+1.35621858621E+00,+1.35907660984E+00,+1.33376256935E+00,+1.00615576329E+00
+14.90000E-06,+1.35119346064E+00,+1.36912686098E+00,+1.35386307165E+00,+1.03128139116E+00
+14.95000E-06,+1.35119346064E+00,+1.37415198656E+00,+1.33878769493E+00,+1.01118088886E+00
+15.00000E-06,+1.34114320949E+00,+1.37917711213E+00,+1.35386307165E+00,+1.01118088886E+00
+15.05000E-06,+1.36124371178E+00,+1.35405148426E+00,+1.33376256935E+00,+1.00113063771E+00
+15.10000E-06,+1.35119346064E+00,+1.34902635869E+00,+1.36391332280E+00,+981.03013542E-03
+15.15000E-06,+1.35119346064E+00,+1.35405148426E+00,+1.32371231820E+00,+1.01118088886E+00
+15.20000E-06,+1.34114320949E+00,+1.33897610754E+00,+1.35386307165E+00,+1.01118088886E+00
+15.25000E-06,+1.34616833506E+00,+1.34400123311E+00,+1.31868719263E+00,+1.01118088886E+00
+15.30000E-06,+1.36124371178E+00,+1.35907660984E+00,+1.35386307165E+00,+1.01118088886E+00
+15.35000E-06,+1.35621858621E+00,+1.35907660984E+00,+1.35888819722E+00,+1.01118088886E+00
+15.40000E-06,+1.36124371178E+00,+1.05756907538E+00,+1.33376256935E+00,+1.01118088886E+00
+15.45000E-06,+1.33611808391E+00,+1.00229269406E+00,+1.33376256935E+00,+1.00615576329E+00
+15.50000E-06,+1.35119346064E+00,+997.26756848E-03,+1.33376256935E+00,+1.00113063771E+00
+15.55000E-06,+1.32606783276E+00,+1.00731781963E+00,+1.33878769493E+00,+996.10551214E-03
+15.60000E-06,+1.38134421408E+00,+1.03746857308E+00,+1.35386307165E+00,+1.01118088886E+00
+15.65000E-06,+1.36124371178E+00,+1.02239319636E+00,+1.34883794608E+00,+1.00615576329E+00
+15.70000E-06,+1.34114320949E+00,+1.03746857308E+00,+1.34381282050E+00,+1.00113063771E+00
+15.75000E-06,+1.34616833506E+00,+1.03244344750E+00,+1.35386307165E+00,+1.01118088886E+00
+15.80000E-06,+1.34114320949E+00,+1.03746857308E+00,+1.33376256935E+00,+991.08038656E-03
+15.85000E-06,+1.33611808391E+00,+1.03244344750E+00,+1.36893844837E+00,+1.01620601444E+00
+15.90000E-06,+1.35119346064E+00,+1.01736807078E+00,+1.33376256935E+00,+1.00113063771E+00
+15.95000E-06,+1.34616833506E+00,+1.03244344750E+00,+1.34381282050E+00,+1.01118088886E+00
+16.00000E-06,+1.32104270719E+00,+1.25857409835E+00,+1.31366206706E+00,+930.77887967E-03
+16.05000E-06,+1.35621858621E+00,+1.37917711213E+00,+1.32873744378E+00,+1.01118088886E+00
+16.10000E-06,+1.34114320949E+00,+1.36912686098E+00,+1.34381282050E+00,+1.01118088886E+00
+16.15000E-06,+1.37631908851E+00,+1.34902635869E+00,+1.33376256935E+00,+1.01118088886E+00
+16.20000E-06,+1.34114320949E+00,+1.35907660984E+00,+1.35386307165E+00,+1.01118088886E+00
+16.25000E-06,+1.35621858621E+00,+1.35907660984E+00,+1.35386307165E+00,+996.10551214E-03
+16.30000E-06,+1.35119346064E+00,+1.34902635869E+00,+1.35386307165E+00,+1.01118088886E+00
+16.35000E-06,+1.35621858621E+00,+1.36912686098E+00,+1.34883794608E+00,+1.01118088886E+00
+16.40000E-06,+1.38134421408E+00,+1.33897610754E+00,+1.35386307165E+00,+991.08038656E-03
+16.45000E-06,+1.35119346063E+00,+1.35907660984E+00,+1.32371231821E+00,+1.02123114001E+00
+16.50000E-06,+1.35119346064E+00,+1.34902635869E+00,+1.33376256935E+00,+1.01118088886E+00
+16.55000E-06,+1.34114320949E+00,+1.35405148426E+00,+1.33376256935E+00,+1.01118088886E+00
+16.60000E-06,+1.36124371178E+00,+1.09777007997E+00,+1.39406407624E+00,+1.05138189345E+00
+16.65000E-06,+1.33109295834E+00,+1.01234294521E+00,+1.35386307165E+00,+996.10551214E-03
+16.70000E-06,+1.35119346064E+00,+1.02741832193E+00,+1.36391332280E+00,+991.08038656E-03
+16.75000E-06,+1.34114320949E+00,+1.02239319635E+00,+1.35386307165E+00,+1.00615576329E+00
+16.80000E-06,+1.32104270719E+00,+1.01736807078E+00,+1.37396357395E+00,+991.08038656E-03
+16.85000E-06,+1.35621858621E+00,+1.01736807078E+00,+1.33376256935E+00,+991.08038656E-03
+16.90000E-06,+1.36124371178E+00,+1.03746857308E+00,+1.33376256935E+00,+1.00113063771E+00
+16.95000E-06,+1.34114320949E+00,+1.01736807078E+00,+1.33376256935E+00,+996.10551214E-03
+17.00000E-06,+1.38134421408E+00,+1.03746857308E+00,+1.33376256935E+00,+1.01118088886E+00
+17.05000E-06,+1.34616833506E+00,+1.03746857308E+00,+1.33376256935E+00,+1.01118088886E+00
+17.10000E-06,+1.35119346064E+00,+1.01736807078E+00,+1.34381282050E+00,+1.01118088886E+00
+17.15000E-06,+1.34616833506E+00,+1.02239319635E+00,+1.33376256935E+00,+996.10551214E-03
+17.20000E-06,+1.34114320949E+00,+1.27867460065E+00,+1.35386307165E+00,+930.77887967E-03
+17.25000E-06,+1.36124371178E+00,+1.37415198656E+00,+1.33376256935E+00,+1.00615576329E+00
+17.30000E-06,+1.34114320949E+00,+1.36912686098E+00,+1.35386307165E+00,+1.01118088886E+00
+17.35000E-06,+1.32606783276E+00,+1.35907660984E+00,+1.35386307165E+00,+1.01118088886E+00
+17.40000E-06,+1.36124371178E+00,+1.35907660984E+00,+1.33376256935E+00,+991.08038657E-03
+17.45000E-06,+1.36124371178E+00,+1.33897610754E+00,+1.33376256935E+00,+1.01118088886E+00
+17.50000E-06,+1.34114320949E+00,+1.33897610754E+00,+1.34381282050E+00,+1.01118088886E+00
+17.55000E-06,+1.35621858621E+00,+1.35907660984E+00,+1.35888819722E+00,+996.10551214E-03
+17.60000E-06,+1.36124371178E+00,+1.35907660984E+00,+1.35386307165E+00,+991.08038657E-03
+17.65000E-06,+1.35621858621E+00,+1.36410173541E+00,+1.35386307165E+00,+1.01118088886E+00
+17.70000E-06,+1.36124371178E+00,+1.34902635869E+00,+1.34381282050E+00,+991.08038656E-03
+17.75000E-06,+1.34616833506E+00,+1.36410173541E+00,+1.33376256935E+00,+996.10551214E-03
+17.80000E-06,+1.36124371178E+00,+1.05756907537E+00,+1.37396357395E+00,+1.05138189345E+00
+17.85000E-06,+1.35119346064E+00,+1.02239319636E+00,+1.35386307165E+00,+1.01620601444E+00
+17.90000E-06,+1.35119346063E+00,+1.01736807078E+00,+1.33376256935E+00,+970.97988427E-03
+17.95000E-06,+1.35119346064E+00,+1.01234294521E+00,+1.34883794608E+00,+991.08038656E-03
+18.00000E-06,+1.32104270719E+00,+997.26756848E-03,+1.37396357395E+00,+991.08038657E-03
+18.05000E-06,+1.34616833506E+00,+1.01736807078E+00,+1.33878769493E+00,+1.00615576329E+00
+18.10000E-06,+1.34114320949E+00,+1.00731781963E+00,+1.33376256936E+00,+981.03013541E-03
+18.15000E-06,+1.36124371178E+00,+1.02741832193E+00,+1.35386307165E+00,+996.10551214E-03
+18.20000E-06,+1.34114320949E+00,+997.26756849E-03,+1.35386307165E+00,+1.01118088886E+00
+18.25000E-06,+1.36124371178E+00,+1.02239319636E+00,+1.34883794607E+00,+1.01118088886E+00
+18.30000E-06,+1.35119346063E+00,+1.02741832193E+00,+1.36391332280E+00,+981.03013541E-03
+18.35000E-06,+1.36626883736E+00,+1.02239319635E+00,+1.31868719263E+00,+1.01118088886E+00
+18.40000E-06,+1.32104270719E+00,+1.29877510295E+00,+1.33376256935E+00,+970.97988427E-03
+18.45000E-06,+1.33611808391E+00,+1.35907660984E+00,+1.36893844837E+00,+1.00615576329E+00
+18.50000E-06,+1.35119346063E+00,+1.34902635869E+00,+1.35386307165E+00,+1.00113063771E+00
+18.55000E-06,+1.35119346064E+00,+1.37415198656E+00,+1.35386307165E+00,+991.08038656E-03
+18.60000E-06,+1.34114320949E+00,+1.33897610754E+00,+1.31366206706E+00,+991.08038656E-03
+18.65000E-06,+1.34114320949E+00,+1.35907660984E+00,+1.32371231821E+00,+1.02625626558E+00
+18.70000E-06,+1.35119346063E+00,+1.36912686098E+00,+1.34381282050E+00,+1.00113063771E+00
+18.75000E-06,+1.35621858621E+00,+1.36410173541E+00,+1.30361181590E+00,+1.01118088886E+00
+18.80000E-06,+1.34114320949E+00,+1.37917711213E+00,+1.33376256935E+00,+1.01118088886E+00
+18.85000E-06,+1.37129396293E+00,+1.35405148426E+00,+1.35386307165E+00,+1.02123114001E+00
+18.90000E-06,+1.36124371178E+00,+1.35907660984E+00,+1.33376256935E+00,+991.08038656E-03
+18.95000E-06,+1.34616833506E+00,+1.35405148426E+00,+1.36391332280E+00,+991.08038656E-03
+19.00000E-06,+1.38134421408E+00,+1.05756907537E+00,+1.35386307165E+00,+1.03128139116E+00
+19.05000E-06,+1.34114320949E+00,+1.02239319636E+00,+1.33376256935E+00,+1.00615576329E+00
+19.10000E-06,+1.35119346064E+00,+1.02741832193E+00,+1.33376256935E+00,+1.01118088886E+00
+19.15000E-06,+1.34616833506E+00,+1.01736807078E+00,+1.33878769493E+00,+1.00113063772E+00
+19.20000E-06,+1.34114320949E+00,+1.01736807078E+00,+1.37396357395E+00,+991.08038657E-03
+19.25000E-06,+1.34114320949E+00,+1.01736807078E+00,+1.33878769493E+00,+991.08038656E-03
+19.30000E-06,+1.35119346064E+00,+1.01736807078E+00,+1.35386307165E+00,+1.00113063771E+00
+19.35000E-06,+1.36626883736E+00,+1.03746857308E+00,+1.34883794608E+00,+1.01118088886E+00
+19.40000E-06,+1.36124371178E+00,+1.01736807078E+00,+1.33376256935E+00,+991.08038656E-03
+19.45000E-06,+1.33611808392E+00,+1.03244344750E+00,+1.33376256935E+00,+1.01118088886E+00
+19.50000E-06,+1.34114320949E+00,+1.03746857308E+00,+1.35386307165E+00,+991.08038656E-03
+19.55000E-06,+1.34114320949E+00,+1.02239319635E+00,+1.36893844837E+00,+991.08038656E-03
+19.60000E-06,+1.36124371178E+00,+1.21837309376E+00,+1.33376256936E+00,+970.97988427E-03
+19.65000E-06,+1.34114320949E+00,+1.37415198656E+00,+1.33376256935E+00,+1.00615576329E+00
+19.70000E-06,+1.38134421408E+00,+1.34902635868E+00,+1.34381282050E+00,+1.02123114001E+00
+19.75000E-06,+1.36124371178E+00,+1.35907660984E+00,+1.35888819722E+00,+996.10551214E-03
+19.80000E-06,+1.36124371178E+00,+1.33897610754E+00,+1.33376256935E+00,+991.08038656E-03
+19.85000E-06,+1.34616833506E+00,+1.36410173541E+00,+1.35386307165E+00,+996.10551214E-03
+19.90000E-06,+1.35119346064E+00,+1.35907660984E+00,+1.36391332280E+00,+1.01118088886E+00
+19.95000E-06,+1.36124371178E+00,+1.35405148426E+00,+1.33376256935E+00,+996.10551214E-03
+20.00000E-06,+1.34114320949E+00,+1.35907660983E+00,+1.35386307165E+00,+1.01118088886E+00
+20.05000E-06,+1.34616833506E+00,+1.37415198656E+00,+1.33878769493E+00,+991.08038656E-03
+20.10000E-06,+1.37129396293E+00,+1.34902635868E+00,+1.33376256935E+00,+1.01118088886E+00
+20.15000E-06,+1.34616833506E+00,+1.34400123311E+00,+1.36893844837E+00,+1.01118088886E+00
+20.20000E-06,+1.38134421408E+00,+1.07766957767E+00,+1.33376256935E+00,+1.07148239575E+00
+20.25000E-06,+1.34114320949E+00,+1.03746857308E+00,+1.35386307165E+00,+981.03013542E-03
+20.30000E-06,+1.34114320949E+00,+1.00731781963E+00,+1.34381282050E+00,+991.08038656E-03
+20.35000E-06,+1.35621858621E+00,+1.02239319635E+00,+1.33878769493E+00,+991.08038656E-03
+20.40000E-06,+1.36124371178E+00,+1.03746857308E+00,+1.35386307165E+00,+1.01118088886E+00
+20.45000E-06,+1.33611808391E+00,+1.03746857308E+00,+1.32371231821E+00,+1.00615576329E+00
+20.50000E-06,+1.35119346064E+00,+1.02741832193E+00,+1.32371231820E+00,+991.08038656E-03
+20.55000E-06,+1.36124371178E+00,+1.03244344751E+00,+1.35386307165E+00,+986.05526099E-03
+20.60000E-06,+1.34114320949E+00,+1.01736807078E+00,+1.35386307165E+00,+991.08038657E-03
+20.65000E-06,+1.35621858621E+00,+1.01234294521E+00,+1.34883794607E+00,+991.08038656E-03
+20.70000E-06,+1.35119346063E+00,+1.01736807078E+00,+1.35386307165E+00,+1.00113063771E+00
+20.75000E-06,+1.35119346064E+00,+1.01736807078E+00,+1.31868719263E+00,+1.00615576329E+00
+20.80000E-06,+1.32104270719E+00,+1.23847359606E+00,+1.35386307165E+00,+950.87938197E-03
+20.85000E-06,+1.33611808391E+00,+1.35405148426E+00,+1.36893844837E+00,+1.00615576329E+00
+20.90000E-06,+1.35119346063E+00,+1.34902635868E+00,+1.34381282050E+00,+1.03128139116E+00
+20.95000E-06,+1.34114320949E+00,+1.35907660984E+00,+1.34883794608E+00,+1.01118088886E+00
+21.00000E-06,+1.34114320949E+00,+1.37917711213E+00,+1.35386307165E+00,+1.01118088886E+00
+21.05000E-06,+1.32606783277E+00,+1.33897610754E+00,+1.33878769493E+00,+996.10551214E-03
+21.10000E-06,+1.35119346063E+00,+1.34902635868E+00,+1.37396357395E+00,+991.08038656E-03
+21.15000E-06,+1.35621858621E+00,+1.35907660984E+00,+1.35386307165E+00,+986.05526099E-03
+21.20000E-06,+1.36124371178E+00,+1.33897610754E+00,+1.33376256936E+00,+1.01118088886E+00
+21.25000E-06,+1.34114320949E+00,+1.37415198656E+00,+1.32371231821E+00,+991.08038656E-03
+21.30000E-06,+1.34114320949E+00,+1.36912686098E+00,+1.34381282050E+00,+1.01118088886E+00
+21.35000E-06,+1.31601758161E+00,+1.37917711213E+00,+1.34381282050E+00,+996.10551214E-03
+21.40000E-06,+1.38134421408E+00,+1.05756907537E+00,+1.33376256935E+00,+1.01118088886E+00
+21.45000E-06,+1.35119346063E+00,+1.01736807078E+00,+1.31868719263E+00,+991.08038656E-03
+21.50000E-06,+1.36124371178E+00,+1.02741832193E+00,+1.33376256935E+00,+991.08038656E-03
+21.55000E-06,+1.33109295834E+00,+1.02239319635E+00,+1.35888819722E+00,+1.00615576329E+00
+21.60000E-06,+1.32104270719E+00,+1.01736807078E+00,+1.35386307165E+00,+991.08038657E-03
+21.65000E-06,+1.35621858621E+00,+1.02741832193E+00,+1.35386307165E+00,+996.10551214E-03
+21.70000E-06,+1.35119346064E+00,+1.02741832193E+00,+1.34381282050E+00,+981.03013541E-03
+21.75000E-06,+1.34114320949E+00,+1.00731781963E+00,+1.34883794608E+00,+1.00113063771E+00
+21.80000E-06,+1.36124371178E+00,+1.01736807078E+00,+1.35386307165E+00,+1.01118088886E+00
+21.85000E-06,+1.35621858621E+00,+1.03746857308E+00,+1.35386307165E+00,+1.01118088886E+00
+21.90000E-06,+1.34114320949E+00,+1.03746857308E+00,+1.35386307165E+00,+991.08038656E-03
+21.95000E-06,+1.36124371178E+00,+1.03244344751E+00,+1.36391332280E+00,+1.01118088886E+00
+22.00000E-06,+1.34114320949E+00,+1.21837309376E+00,+1.31366206706E+00,+970.97988427E-03
+22.05000E-06,+1.36124371178E+00,+1.37917711213E+00,+1.31868719263E+00,+1.02123114001E+00
+22.10000E-06,+1.34114320949E+00,+1.35907660983E+00,+1.33376256935E+00,+1.03128139116E+00
+22.15000E-06,+1.34616833506E+00,+1.35907660984E+00,+1.35386307165E+00,+1.01118088886E+00
+22.20000E-06,+1.36124371178E+00,+1.33897610754E+00,+1.33376256935E+00,+1.01118088886E+00
+22.25000E-06,+1.34616833506E+00,+1.33897610754E+00,+1.36391332279E+00,+1.01118088886E+00
+22.30000E-06,+1.36124371178E+00,+1.34902635868E+00,+1.35386307165E+00,+1.01118088886E+00
+22.35000E-06,+1.34616833506E+00,+1.35907660984E+00,+1.32873744378E+00,+1.01118088886E+00
+22.40000E-06,+1.32104270719E+00,+1.35907660983E+00,+1.37396357395E+00,+991.08038657E-03
+22.45000E-06,+1.34616833506E+00,+1.35405148426E+00,+1.33376256935E+00,+996.10551214E-03
+22.50000E-06,+1.35119346063E+00,+1.35907660984E+00,+1.34381282050E+00,+981.03013541E-03
+22.55000E-06,+1.37129396294E+00,+1.37415198656E+00,+1.35386307165E+00,+991.08038656E-03
+22.60000E-06,+1.40144471637E+00,+1.13797108455E+00,+1.33376256936E+00,+1.01118088886E+00
+22.65000E-06,+1.35119346064E+00,+1.01736807078E+00,+1.36391332279E+00,+981.03013542E-03
+22.70000E-06,+1.35119346064E+00,+1.01736807078E+00,+1.36391332280E+00,+1.01118088886E+00
+22.75000E-06,+1.35621858621E+00,+1.00229269406E+00,+1.35386307165E+00,+1.00113063772E+00
+22.80000E-06,+1.36124371178E+00,+1.03746857308E+00,+1.33376256936E+00,+1.01118088886E+00
+22.85000E-06,+1.36626883736E+00,+1.02239319636E+00,+1.35888819723E+00,+1.01620601444E+00
+22.90000E-06,+1.35119346063E+00,+1.02741832193E+00,+1.33376256936E+00,+1.00113063771E+00
+22.95000E-06,+1.34616833506E+00,+1.00229269406E+00,+1.35386307165E+00,+1.01118088886E+00
+23.00000E-06,+1.36124371178E+00,+1.01736807078E+00,+1.35386307165E+00,+991.08038656E-03
+23.05000E-06,+1.36124371178E+00,+1.03244344750E+00,+1.33376256935E+00,+1.00615576328E+00
+23.10000E-06,+1.36124371179E+00,+1.01736807078E+00,+1.31366206706E+00,+1.01118088886E+00
+23.15000E-06,+1.33109295833E+00,+1.01736807078E+00,+1.31868719263E+00,+991.08038656E-03
+23.20000E-06,+1.32104270720E+00,+1.27867460066E+00,+1.31366206706E+00,+991.08038657E-03
+23.25000E-06,+1.35621858621E+00,+1.37415198656E+00,+1.35386307165E+00,+1.00615576328E+00
+23.30000E-06,+1.36124371178E+00,+1.36912686099E+00,+1.32371231821E+00,+1.02123114001E+00
+23.35000E-06,+1.37129396294E+00,+1.35907660984E+00,+1.34883794608E+00,+996.10551214E-03
+23.40000E-06,+1.32104270720E+00,+1.35907660983E+00,+1.33376256936E+00,+1.01118088886E+00
+23.45000E-06,+1.34616833506E+00,+1.33897610754E+00,+1.33376256935E+00,+1.01118088886E+00
+23.50000E-06,+1.34114320949E+00,+1.33897610754E+00,+1.34381282050E+00,+1.00113063772E+00
+23.55000E-06,+1.38134421408E+00,+1.35405148426E+00,+1.34883794608E+00,+1.01118088886E+00
+23.60000E-06,+1.34114320949E+00,+1.37917711213E+00,+1.35386307165E+00,+991.08038657E-03
+23.65000E-06,+1.35621858621E+00,+1.35405148426E+00,+1.33878769493E+00,+1.01118088886E+00
+23.70000E-06,+1.34114320949E+00,+1.35907660984E+00,+1.36391332280E+00,+1.01118088887E+00
+23.75000E-06,+1.35119346063E+00,+1.34400123311E+00,+1.33878769492E+00,+996.10551214E-03
+23.80000E-06,+1.36124371178E+00,+1.01736807078E+00,+1.35386307166E+00,+1.01118088886E+00
+23.85000E-06,+1.36626883736E+00,+1.03746857308E+00,+1.35386307165E+00,+1.00113063772E+00
+23.90000E-06,+1.34114320949E+00,+997.26756848E-03,+1.35386307165E+00,+991.08038656E-03
+23.95000E-06,+1.34616833506E+00,+1.00731781963E+00,+1.32371231820E+00,+986.05526099E-03
+24.00000E-06,+1.36124371178E+00,+1.01736807078E+00,+1.33376256936E+00,+991.08038656E-03
+24.05000E-06,+1.35119346063E+00,+1.03746857308E+00,+1.34883794607E+00,+991.08038656E-03
+24.10000E-06,+1.34114320949E+00,+1.01736807078E+00,+1.32371231820E+00,+991.08038656E-03
+24.15000E-06,+1.34114320949E+00,+1.03244344751E+00,+1.36391332280E+00,+1.01118088886E+00
+24.20000E-06,+1.34114320949E+00,+1.01736807078E+00,+1.37396357394E+00,+1.01118088886E+00
+24.25000E-06,+1.34114320949E+00,+1.02239319636E+00,+1.33878769493E+00,+1.01118088886E+00
+24.30000E-06,+1.35119346064E+00,+1.01736807078E+00,+1.33376256935E+00,+991.08038656E-03
+24.35000E-06,+1.33611808392E+00,+1.02239319635E+00,+1.35386307165E+00,+981.03013541E-03
+24.40000E-06,+1.34114320949E+00,+1.21837309377E+00,+1.31366206706E+00,+950.87938198E-03
+24.45000E-06,+1.34114320949E+00,+1.37415198655E+00,+1.34883794607E+00,+1.00615576328E+00
+24.50000E-06,+1.34114320949E+00,+1.36912686098E+00,+1.33376256935E+00,+1.01118088886E+00
+24.55000E-06,+1.32606783276E+00,+1.36410173541E+00,+1.33878769492E+00,+1.01118088886E+00
+24.60000E-06,+1.36124371178E+00,+1.37917711213E+00,+1.35386307165E+00,+991.08038657E-03
+24.65000E-06,+1.38636933965E+00,+1.35907660984E+00,+1.32873744378E+00,+991.08038656E-03
+24.70000E-06,+1.36124371178E+00,+1.35907660984E+00,+1.34381282050E+00,+1.00113063771E+00
+24.75000E-06,+1.35621858621E+00,+1.33897610754E+00,+1.32371231820E+00,+1.01118088886E+00
+24.80000E-06,+1.34114320949E+00,+1.35907660984E+00,+1.35386307165E+00,+1.01118088886E+00
+24.85000E-06,+1.34114320949E+00,+1.35405148426E+00,+1.33376256935E+00,+981.03013542E-03
+24.90000E-06,+1.36124371178E+00,+1.36912686098E+00,+1.35386307165E+00,+991.08038656E-03
+24.95000E-06,+1.35621858621E+00,+1.35907660984E+00,+1.32873744378E+00,+996.10551214E-03
+25.00000E-06,+1.38134421408E+00,+1.05756907537E+00,+1.35386307165E+00,+1.01118088886E+00
+25.05000E-06,+1.36124371178E+00,+1.01736807078E+00,+1.33376256935E+00,+1.01118088886E+00
+25.10000E-06,+1.34114320949E+00,+1.02741832193E+00,+1.35386307165E+00,+981.03013541E-03
+25.15000E-06,+1.33611808392E+00,+1.01736807078E+00,+1.35386307165E+00,+976.00500984E-03
+25.20000E-06,+1.34114320949E+00,+1.01736807078E+00,+1.35386307165E+00,+1.01118088886E+00
+25.25000E-06,+1.35119346064E+00,+1.02239319636E+00,+1.35386307165E+00,+981.03013542E-03
+25.30000E-06,+1.34114320949E+00,+1.02741832193E+00,+1.34381282050E+00,+1.00113063772E+00
+25.35000E-06,+1.34114320949E+00,+1.01736807078E+00,+1.32873744378E+00,+991.08038656E-03
+25.40000E-06,+1.36124371178E+00,+1.01736807078E+00,+1.35386307165E+00,+1.01118088886E+00
+25.45000E-06,+1.36124371178E+00,+1.03244344750E+00,+1.33878769493E+00,+1.01620601444E+00
+25.50000E-06,+1.34114320949E+00,+997.26756848E-03,+1.35386307166E+00,+1.01118088886E+00
+25.55000E-06,+1.34114320949E+00,+1.03244344751E+00,+1.32873744377E+00,+1.00615576329E+00
+25.60000E-06,+1.32104270719E+00,+1.29877510294E+00,+1.33376256935E+00,+970.97988427E-03
+25.65000E-06,+1.34616833505E+00,+1.31887560524E+00,+1.32873744378E+00,+996.10551214E-03
+25.70000E-06,+1.36124371178E+00,+1.33897610753E+00,+1.34381282050E+00,+1.02123114001E+00
+25.75000E-06,+1.36124371178E+00,+1.37917711213E+00,+1.35386307165E+00,+996.10551214E-03
+25.80000E-06,+1.36124371178E+00,+1.35907660983E+00,+1.35386307165E+00,+1.01118088886E+00
+25.85000E-06,+1.32606783277E+00,+1.34400123312E+00,+1.33376256935E+00,+1.01118088886E+00
+25.90000E-06,+1.34114320949E+00,+1.34902635869E+00,+1.35386307164E+00,+1.01118088887E+00
+25.95000E-06,+1.34616833506E+00,+1.35405148426E+00,+1.34883794608E+00,+991.08038656E-03
+26.00000E-06,+1.32104270720E+00,+1.33897610754E+00,+1.35386307165E+00,+991.08038656E-03
+26.05000E-06,+1.33611808391E+00,+1.34400123312E+00,+1.35888819723E+00,+991.08038656E-03
+26.10000E-06,+1.37129396294E+00,+1.34902635869E+00,+1.35386307165E+00,+991.08038656E-03
+26.15000E-06,+1.32606783276E+00,+1.35405148426E+00,+1.35888819722E+00,+970.97988427E-03
+26.20000E-06,+1.34114320949E+00,+1.01736807078E+00,+1.39406407624E+00,+991.08038657E-03
+26.25000E-06,+1.34114320949E+00,+1.02239319636E+00,+1.32873744378E+00,+1.01118088886E+00
+26.30000E-06,+1.33109295833E+00,+1.01736807078E+00,+1.33376256936E+00,+1.01118088885E+00
+26.35000E-06,+1.33611808392E+00,+1.01736807078E+00,+1.32371231820E+00,+991.08038656E-03
+26.40000E-06,+1.36124371178E+00,+1.03746857308E+00,+1.35386307165E+00,+991.08038657E-03
+26.45000E-06,+1.34114320949E+00,+1.03244344750E+00,+1.35386307165E+00,+1.00615576328E+00
+26.50000E-06,+1.34114320949E+00,+1.01736807077E+00,+1.34381282050E+00,+1.00113063771E+00
+26.55000E-06,+1.32606783276E+00,+1.00731781963E+00,+1.34381282051E+00,+1.00113063771E+00
+26.60000E-06,+1.36124371179E+00,+1.01736807078E+00,+1.33376256936E+00,+1.01118088886E+00
+26.65000E-06,+1.32606783277E+00,+1.01736807078E+00,+1.34381282049E+00,+1.00615576328E+00
+26.70000E-06,+1.33109295833E+00,+1.00731781964E+00,+1.34381282050E+00,+1.00113063772E+00
+26.75000E-06,+1.35621858621E+00,+1.03746857308E+00,+1.34381282049E+00,+986.05526099E-03
+26.80000E-06,+1.34114320948E+00,+1.23847359607E+00,+1.33376256935E+00,+950.87938197E-03
+26.85000E-06,+1.34114320949E+00,+1.35907660984E+00,+1.35386307165E+00,+1.02123114000E+00
+26.90000E-06,+1.35119346063E+00,+1.34902635869E+00,+1.33376256935E+00,+991.08038656E-03
+26.95000E-06,+1.34616833506E+00,+1.36410173541E+00,+1.34883794608E+00,+1.01620601443E+00
+27.00000E-06,+1.36124371178E+00,+1.33897610754E+00,+1.33376256935E+00,+1.01118088886E+00
+27.05000E-06,+1.32606783277E+00,+1.34400123312E+00,+1.34883794607E+00,+996.10551214E-03
+27.10000E-06,+1.35119346064E+00,+1.36912686099E+00,+1.35386307165E+00,+1.00113063772E+00
+27.15000E-06,+1.32606783276E+00,+1.35405148426E+00,+1.33878769492E+00,+1.02625626559E+00
+27.20000E-06,+1.34114320949E+00,+1.33897610754E+00,+1.37396357394E+00,+1.01118088887E+00
+27.25000E-06,+1.35621858621E+00,+1.33897610754E+00,+1.36893844837E+00,+1.00615576328E+00
+27.30000E-06,+1.35119346063E+00,+1.34902635869E+00,+1.36391332280E+00,+991.08038656E-03
+27.35000E-06,+1.36124371178E+00,+1.35405148426E+00,+1.33376256935E+00,+996.10551213E-03
+27.40000E-06,+1.36124371178E+00,+1.09777007996E+00,+1.33376256935E+00,+1.05138189345E+00
+27.45000E-06,+1.34114320949E+00,+1.01736807078E+00,+1.36893844837E+00,+981.03013542E-03
+27.50000E-06,+1.35119346063E+00,+1.01736807078E+00,+1.34381282050E+00,+1.00113063772E+00
+27.55000E-06,+1.36124371178E+00,+1.03244344751E+00,+1.35386307165E+00,+986.05526099E-03
+27.60000E-06,+1.34114320949E+00,+1.03746857308E+00,+1.35386307165E+00,+1.01118088886E+00
+27.65000E-06,+1.34114320949E+00,+1.01736807078E+00,+1.34883794607E+00,+1.02123114000E+00
+27.70000E-06,+1.34114320949E+00,+1.02741832193E+00,+1.33376256935E+00,+981.03013542E-03
+27.75000E-06,+1.34114320949E+00,+1.02239319635E+00,+1.33878769492E+00,+1.03128139116E+00
+27.80000E-06,+1.34114320949E+00,+1.01736807079E+00,+1.31366206706E+00,+991.08038658E-03
+27.85000E-06,+1.36124371178E+00,+1.03746857308E+00,+1.34883794607E+00,+1.00113063772E+00
+27.90000E-06,+1.36124371178E+00,+1.01736807078E+00,+1.34381282050E+00,+991.08038656E-03
+27.95000E-06,+1.33611808392E+00,+1.01736807078E+00,+1.33878769492E+00,+1.01118088886E+00
+28.00000E-06,+1.32104270719E+00,+1.29877510295E+00,+1.33376256936E+00,+991.08038656E-03
+28.05000E-06,+1.35119346063E+00,+1.37917711213E+00,+1.37396357393E+00,+1.00615576328E+00
+28.10000E-06,+1.36124371178E+00,+1.35907660984E+00,+1.34381282051E+00,+1.00113063772E+00
+28.15000E-06,+1.35621858621E+00,+1.33897610754E+00,+1.35386307165E+00,+1.01118088886E+00
+28.20000E-06,+1.36124371178E+00,+1.37917711213E+00,+1.35386307165E+00,+1.03128139115E+00
+28.25000E-06,+1.35621858621E+00,+1.34902635869E+00,+1.34381282049E+00,+991.08038656E-03
+28.30000E-06,+1.37129396293E+00,+1.34902635868E+00,+1.36391332281E+00,+981.03013542E-03
+28.35000E-06,+1.36124371178E+00,+1.35405148426E+00,+1.35386307165E+00,+1.01118088886E+00
+28.40000E-06,+1.32104270720E+00,+1.33897610754E+00,+1.35386307165E+00,+991.08038657E-03
+28.45000E-06,+1.36626883736E+00,+1.36912686098E+00,+1.32371231821E+00,+1.02625626558E+00
+28.50000E-06,+1.36124371178E+00,+1.34902635868E+00,+1.36391332279E+00,+991.08038656E-03
+28.55000E-06,+1.36124371178E+00,+1.34400123311E+00,+1.33376256935E+00,+981.03013541E-03
+28.60000E-06,+1.34114320949E+00,+1.01736807078E+00,+1.35386307165E+00,+1.01118088886E+00
+28.65000E-06,+1.36124371178E+00,+1.02741832192E+00,+1.35386307165E+00,+996.10551214E-03
+28.70000E-06,+1.37129396293E+00,+1.02741832193E+00,+1.35386307166E+00,+1.01118088887E+00
+28.75000E-06,+1.36124371178E+00,+1.01736807078E+00,+1.31366206706E+00,+1.00615576329E+00
+28.80000E-06,+1.30094220491E+00,+1.03746857308E+00,+1.33376256936E+00,+1.01118088886E+00
+28.85000E-06,+1.35119346063E+00,+1.03244344750E+00,+1.35386307165E+00,+991.08038656E-03
+28.90000E-06,+1.34114320949E+00,+1.00731781963E+00,+1.35386307164E+00,+1.00113063772E+00
+28.95000E-06,+1.36124371178E+00,+1.01736807078E+00,+1.34883794608E+00,+1.00113063772E+00
+29.00000E-06,+1.34114320949E+00,+1.01736807079E+00,+1.35386307165E+00,+1.01118088886E+00
+29.05000E-06,+1.33611808393E+00,+1.00731781964E+00,+1.33376256935E+00,+1.01118088886E+00
+29.10000E-06,+1.36124371178E+00,+1.01736807078E+00,+1.34381282051E+00,+1.01118088886E+00
+29.15000E-06,+1.35621858621E+00,+1.06259420096E+00,+1.35386307165E+00,+996.10551213E-03
+29.20000E-06,+1.34114320948E+00,+1.21837309378E+00,+1.33376256936E+00,+950.87938197E-03
+29.25000E-06,+1.34114320949E+00,+1.35907660984E+00,+1.31868719263E+00,+1.00615576328E+00
+29.30000E-06,+1.34114320949E+00,+1.34902635869E+00,+1.35386307165E+00,+1.02123114001E+00
+29.35000E-06,+1.35621858621E+00,+1.34400123311E+00,+1.35386307165E+00,+1.00615576329E+00
+29.40000E-06,+1.34114320949E+00,+1.33897610754E+00,+1.35386307165E+00,+1.03128139116E+00
+29.45000E-06,+1.34616833507E+00,+1.36410173541E+00,+1.35386307165E+00,+1.01118088886E+00
+29.50000E-06,+1.35119346063E+00,+1.35907660984E+00,+1.33376256935E+00,+1.02123114001E+00
+29.55000E-06,+1.34114320949E+00,+1.35907660984E+00,+1.34883794606E+00,+1.00615576329E+00
+29.60000E-06,+1.36124371179E+00,+1.35907660984E+00,+1.33376256936E+00,+991.08038656E-03
+29.65000E-06,+1.33109295835E+00,+1.34400123312E+00,+1.33878769493E+00,+1.00615576328E+00
+29.70000E-06,+1.35119346063E+00,+1.35907660984E+00,+1.36391332279E+00,+1.00113063771E+00
+29.75000E-06,+1.35621858621E+00,+1.34400123311E+00,+1.33878769492E+00,+1.01620601443E+00
+29.80000E-06,+1.36124371179E+00,+1.05756907536E+00,+1.35386307165E+00,+1.01118088886E+00
+29.85000E-06,+1.32606783277E+00,+1.01736807078E+00,+1.35888819723E+00,+976.00500985E-03
+29.90000E-06,+1.34114320948E+00,+1.00731781964E+00,+1.35386307166E+00,+991.08038657E-03
+29.95000E-06,+1.34616833506E+00,+1.03746857308E+00,+1.33376256935E+00,+981.03013541E-03
+30.00000E-06,+1.36124371178E+00,+1.03746857308E+00,+1.33376256936E+00,+970.97988427E-03
+30.05000E-06,+1.34616833507E+00,+1.03746857308E+00,+1.35386307165E+00,+996.10551214E-03
+30.10000E-06,+1.33109295834E+00,+1.02741832193E+00,+1.33376256935E+00,+1.01118088886E+00
+30.15000E-06,+1.34114320949E+00,+1.01736807078E+00,+1.33878769492E+00,+1.01620601445E+00
+30.20000E-06,+1.36124371178E+00,+1.03746857308E+00,+1.35386307165E+00,+970.97988427E-03
+30.25000E-06,+1.37631908850E+00,+1.02239319636E+00,+1.33376256935E+00,+1.01118088886E+00
+30.30000E-06,+1.35119346064E+00,+1.01736807078E+00,+1.33376256935E+00,+1.01118088886E+00
+30.35000E-06,+1.34114320949E+00,+1.03244344751E+00,+1.31868719263E+00,+1.02625626559E+00
+30.40000E-06,+1.30094220490E+00,+1.25857409836E+00,+1.33376256935E+00,+950.87938197E-03
+30.45000E-06,+1.34114320949E+00,+1.35907660984E+00,+1.32873744377E+00,+1.00113063772E+00
+30.50000E-06,+1.34114320949E+00,+1.34902635868E+00,+1.37396357395E+00,+1.00113063771E+00
+30.55000E-06,+1.35621858622E+00,+1.35907660984E+00,+1.34883794608E+00,+1.01620601443E+00
+30.60000E-06,+1.34114320949E+00,+1.33897610754E+00,+1.31366206707E+00,+1.01118088886E+00
+30.65000E-06,+1.35621858621E+00,+1.35907660984E+00,+1.32371231819E+00,+991.08038656E-03
+30.70000E-06,+1.34114320949E+00,+1.35907660984E+00,+1.35386307165E+00,+981.03013542E-03
+30.75000E-06,+1.34616833506E+00,+1.32390073081E+00,+1.33376256935E+00,+976.00500984E-03
+30.80000E-06,+1.32104270720E+00,+1.35907660983E+00,+1.37396357394E+00,+991.08038656E-03
+30.85000E-06,+1.34114320949E+00,+1.35907660984E+00,+1.36893844837E+00,+996.10551214E-03
+30.90000E-06,+1.35119346064E+00,+1.35907660984E+00,+1.33376256935E+00,+1.00113063771E+00
+30.95000E-06,+1.37631908851E+00,+1.35405148427E+00,+1.35386307165E+00,+996.10551213E-03
+31.00000E-06,+1.40144471636E+00,+1.07766957765E+00,+1.39406407623E+00,+1.03128139115E+00
+31.05000E-06,+1.34114320949E+00,+1.01234294520E+00,+1.32873744377E+00,+1.01118088886E+00
+31.10000E-06,+1.33109295834E+00,+1.01736807078E+00,+1.32371231820E+00,+991.08038656E-03
+31.15000E-06,+1.34616833506E+00,+1.01736807078E+00,+1.35386307165E+00,+991.08038656E-03
+31.20000E-06,+1.32104270720E+00,+1.01736807079E+00,+1.33376256935E+00,+991.08038657E-03
+31.25000E-06,+1.36124371178E+00,+1.00229269406E+00,+1.35386307165E+00,+996.10551214E-03
+31.30000E-06,+1.35119346064E+00,+1.02741832194E+00,+1.36391332279E+00,+1.00113063771E+00
+31.35000E-06,+1.36124371178E+00,+1.01736807078E+00,+1.34883794608E+00,+996.10551213E-03
+31.40000E-06,+1.36124371178E+00,+1.01736807078E+00,+1.33376256936E+00,+991.08038657E-03
+31.45000E-06,+1.34616833507E+00,+1.03244344750E+00,+1.33878769493E+00,+1.00615576328E+00
+31.50000E-06,+1.36124371178E+00,+1.01736807078E+00,+1.33376256935E+00,+1.00113063771E+00
+31.55000E-06,+1.36124371178E+00,+1.02239319635E+00,+1.35386307165E+00,+1.01118088886E+00
+31.60000E-06,+1.32104270719E+00,+1.21837309379E+00,+1.31366206707E+00,+970.97988427E-03
+31.65000E-06,+1.34114320949E+00,+1.36410173539E+00,+1.33878769493E+00,+1.01118088886E+00
+31.70000E-06,+1.37129396293E+00,+1.34902635868E+00,+1.35386307165E+00,+1.01118088886E+00
+31.75000E-06,+1.34114320949E+00,+1.34902635870E+00,+1.36893844838E+00,+1.02123114002E+00
+31.80000E-06,+1.36124371178E+00,+1.33897610754E+00,+1.33376256935E+00,+1.01118088885E+00
+31.85000E-06,+1.33109295835E+00,+1.34400123312E+00,+1.33878769493E+00,+996.10551212E-03
+31.90000E-06,+1.36124371178E+00,+1.34902635868E+00,+1.34381282050E+00,+1.01118088886E+00
+31.95000E-06,+1.33109295833E+00,+1.34400123311E+00,+1.31868719262E+00,+1.00615576329E+00
+32.00000E-06,+1.34114320949E+00,+1.35907660984E+00,+1.35386307164E+00,+991.08038657E-03
+32.05000E-06,+1.35621858620E+00,+1.36410173539E+00,+1.36391332279E+00,+996.10551214E-03
+32.10000E-06,+1.36124371178E+00,+1.34902635869E+00,+1.35386307165E+00,+1.01118088886E+00
+32.15000E-06,+1.36124371178E+00,+1.37917711213E+00,+1.35888819722E+00,+976.00500984E-03
+32.20000E-06,+1.38134421408E+00,+1.07766957765E+00,+1.33376256936E+00,+991.08038656E-03
+32.25000E-06,+1.36124371178E+00,+1.01234294520E+00,+1.33878769493E+00,+1.01118088886E+00
+32.30000E-06,+1.34114320949E+00,+1.02741832194E+00,+1.33376256935E+00,+991.08038656E-03
+32.35000E-06,+1.35119346065E+00,+1.03746857308E+00,+1.35386307165E+00,+1.01620601445E+00
+32.40000E-06,+1.38134421408E+00,+1.01736807078E+00,+1.33376256935E+00,+1.01118088886E+00
+32.45000E-06,+1.37129396292E+00,+1.03244344750E+00,+1.33878769493E+00,+1.01118088886E+00
+32.50000E-06,+1.34114320950E+00,+1.01736807078E+00,+1.34381282050E+00,+1.01118088886E+00
+32.55000E-06,+1.36124371178E+00,+1.02239319635E+00,+1.33376256935E+00,+1.00615576329E+00
+32.60000E-06,+1.36124371177E+00,+1.01736807078E+00,+1.33376256936E+00,+1.01118088886E+00
+32.65000E-06,+1.35621858620E+00,+1.01736807078E+00,+1.35386307165E+00,+991.08038656E-03
+32.70000E-06,+1.36124371178E+00,+1.03746857308E+00,+1.34381282051E+00,+1.00113063771E+00
+32.75000E-06,+1.35119346065E+00,+1.03746857308E+00,+1.36391332281E+00,+991.08038656E-03
+32.80000E-06,+1.32104270719E+00,+1.23847359608E+00,+1.33376256936E+00,+950.87938198E-03
+32.85000E-06,+1.33611808391E+00,+1.35907660984E+00,+1.36391332279E+00,+1.01118088886E+00
+32.90000E-06,+1.35119346063E+00,+1.37917711213E+00,+1.36391332280E+00,+1.01118088886E+00
+32.95000E-06,+1.34114320949E+00,+1.34902635867E+00,+1.34883794608E+00,+1.01118088886E+00
+33.00000E-06,+1.36124371178E+00,+1.37917711213E+00,+1.31366206706E+00,+1.03128139115E+00
+33.05000E-06,+1.35621858620E+00,+1.35907660984E+00,+1.36391332279E+00,+965.95475871E-03
+33.10000E-06,+1.35119346064E+00,+1.36912686099E+00,+1.33376256935E+00,+1.02123114000E+00
+33.15000E-06,+1.35621858622E+00,+1.35907660984E+00,+1.33878769492E+00,+1.02123114002E+00
+33.20000E-06,+1.34114320949E+00,+1.33897610754E+00,+1.37396357394E+00,+1.01118088886E+00
+33.25000E-06,+1.34114320949E+00,+1.33897610754E+00,+1.33376256935E+00,+991.08038656E-03
+33.30000E-06,+1.34114320949E+00,+1.36912686098E+00,+1.35386307165E+00,+1.00113063772E+00
+33.35000E-06,+1.34616833506E+00,+1.35907660984E+00,+1.33878769492E+00,+1.01118088886E+00
+33.40000E-06,+1.36124371177E+00,+1.05756907535E+00,+1.37396357394E+00,+1.05138189344E+00
+33.45000E-06,+1.35119346065E+00,+1.02741832194E+00,+1.35386307165E+00,+1.01620601444E+00
+33.50000E-06,+1.34114320950E+00,+1.02741832194E+00,+1.35386307166E+00,+1.00113063771E+00
+33.55000E-06,+1.36124371178E+00,+1.03244344751E+00,+1.31868719262E+00,+991.08038656E-03
+33.60000E-06,+1.34114320949E+00,+1.01736807078E+00,+1.35386307164E+00,+991.08038658E-03
+33.65000E-06,+1.34616833507E+00,+1.00731781964E+00,+1.35386307165E+00,+991.08038656E-03
+33.70000E-06,+1.38134421408E+00,+1.02741832195E+00,+1.35386307166E+00,+1.00113063771E+00
+33.75000E-06,+1.34616833506E+00,+1.03244344751E+00,+1.36391332281E+00,+991.08038656E-03
+33.80000E-06,+1.34114320949E+00,+1.01736807078E+00,+1.33376256936E+00,+1.01118088887E+00
+33.85000E-06,+1.34616833507E+00,+1.03746857308E+00,+1.32873744377E+00,+981.03013543E-03
+33.90000E-06,+1.36124371178E+00,+1.02741832194E+00,+1.35386307165E+00,+1.00113063771E+00
+33.95000E-06,+1.35621858622E+00,+1.01736807078E+00,+1.35888819722E+00,+991.08038656E-03
+34.00000E-06,+1.32104270720E+00,+1.29877510297E+00,+1.37396357394E+00,+950.87938198E-03
+34.05000E-06,+1.34114320949E+00,+1.36410173542E+00,+1.36391332279E+00,+1.02625626558E+00
+34.10000E-06,+1.36124371178E+00,+1.35907660984E+00,+1.33376256934E+00,+991.08038658E-03
+34.15000E-06,+1.35621858622E+00,+1.35907660984E+00,+1.33878769492E+00,+1.01118088886E+00
+34.20000E-06,+1.36124371177E+00,+1.35907660984E+00,+1.35386307165E+00,+1.01118088886E+00
+34.25000E-06,+1.34616833507E+00,+1.36912686097E+00,+1.32873744377E+00,+1.00113063770E+00
+34.30000E-06,+1.34114320949E+00,+1.35907660984E+00,+1.33376256937E+00,+1.02123114000E+00
+34.35000E-06,+1.34616833506E+00,+1.35907660984E+00,+1.33878769492E+00,+1.00615576329E+00
+34.40000E-06,+1.34114320949E+00,+1.35907660983E+00,+1.35386307164E+00,+991.08038656E-03
+34.45000E-06,+1.35621858620E+00,+1.35405148425E+00,+1.31868719264E+00,+996.10551214E-03
+34.50000E-06,+1.35119346063E+00,+1.35907660985E+00,+1.34381282051E+00,+1.01118088886E+00
+34.55000E-06,+1.32606783276E+00,+1.36410173540E+00,+1.33878769495E+00,+1.01118088886E+00
+34.60000E-06,+1.34114320949E+00,+1.03746857306E+00,+1.35386307166E+00,+1.03128139115E+00
+34.65000E-06,+1.34616833507E+00,+1.03244344750E+00,+1.33376256935E+00,+1.00113063770E+00
+34.70000E-06,+1.34114320949E+00,+1.02741832192E+00,+1.34381282050E+00,+1.01118088886E+00
+34.75000E-06,+1.36124371178E+00,+997.26756848E-03,+1.33376256935E+00,+970.97988427E-03
+34.80000E-06,+1.36124371180E+00,+1.01736807077E+00,+1.33376256936E+00,+1.01118088886E+00
+34.85000E-06,+1.36124371178E+00,+1.02239319636E+00,+1.33376256935E+00,+991.08038656E-03
+34.90000E-06,+1.34114320949E+00,+1.02741832192E+00,+1.37396357393E+00,+1.00113063772E+00
+34.95000E-06,+1.34114320949E+00,+1.01736807078E+00,+1.35386307165E+00,+991.08038656E-03
+35.00000E-06,+1.36124371178E+00,+1.01736807079E+00,+1.33376256936E+00,+991.08038656E-03
+35.05000E-06,+1.35621858620E+00,+1.03244344750E+00,+1.35888819723E+00,+996.10551214E-03
+35.10000E-06,+1.37129396294E+00,+1.03746857308E+00,+1.34381282051E+00,+991.08038656E-03
+35.15000E-06,+1.33109295833E+00,+1.01736807078E+00,+1.34883794608E+00,+981.03013540E-03
+35.20000E-06,+1.34114320949E+00,+1.29877510297E+00,+1.33376256936E+00,+970.97988429E-03
+35.25000E-06,+1.36124371178E+00,+1.36410173542E+00,+1.33878769493E+00,+991.08038656E-03
+35.30000E-06,+1.35119346063E+00,+1.36912686099E+00,+1.34381282050E+00,+1.01118088886E+00
+35.35000E-06,+1.34114320949E+00,+1.37415198656E+00,+1.33878769492E+00,+1.00615576329E+00
+35.40000E-06,+1.36124371178E+00,+1.37917711213E+00,+1.35386307164E+00,+991.08038658E-03
+35.45000E-06,+1.35119346065E+00,+1.35907660984E+00,+1.33878769493E+00,+996.10551214E-03
+35.50000E-06,+1.35119346063E+00,+1.35907660984E+00,+1.36391332279E+00,+991.08038656E-03
+35.55000E-06,+1.36124371178E+00,+1.34400123311E+00,+1.32371231819E+00,+1.00615576329E+00
+35.60000E-06,+1.34114320949E+00,+1.33897610754E+00,+1.35386307165E+00,+991.08038657E-03
+35.65000E-06,+1.34616833507E+00,+1.35907660984E+00,+1.35888819723E+00,+1.01118088886E+00
+35.70000E-06,+1.35119346064E+00,+1.34902635869E+00,+1.35386307165E+00,+1.00113063772E+00
+35.75000E-06,+1.34616833505E+00,+1.33897610754E+00,+1.33878769492E+00,+1.02625626559E+00
+35.80000E-06,+1.40144471636E+00,+1.03746857307E+00,+1.33376256935E+00,+1.05138189344E+00
+35.85000E-06,+1.37631908850E+00,+1.00229269406E+00,+1.33376256935E+00,+1.00113063770E+00
+35.90000E-06,+1.35119346064E+00,+1.00731781963E+00,+1.35386307165E+00,+1.00113063771E+00
+35.95000E-06,+1.34616833505E+00,+1.03244344751E+00,+1.33376256935E+00,+1.00615576329E+00
+36.00000E-06,+1.34114320949E+00,+1.01736807078E+00,+1.35386307165E+00,+991.08038656E-03
+36.05000E-06,+1.34114320949E+00,+1.02239319636E+00,+1.34883794607E+00,+1.01118088886E+00
+36.10000E-06,+1.36124371177E+00,+1.01736807078E+00,+1.34381282050E+00,+1.02123114000E+00
+36.15000E-06,+1.35621858622E+00,+1.01736807078E+00,+1.33878769492E+00,+996.10551213E-03
+36.20000E-06,+1.34114320949E+00,+1.01736807078E+00,+1.35386307165E+00,+1.01118088885E+00
+36.25000E-06,+1.35621858620E+00,+1.01736807078E+00,+1.34883794607E+00,+976.00500985E-03
+36.30000E-06,+1.34114320947E+00,+1.01736807078E+00,+1.36391332281E+00,+981.03013541E-03
+36.35000E-06,+1.35621858622E+00,+1.05254394981E+00,+1.33878769492E+00,+996.10551213E-03
+36.40000E-06,+1.34114320949E+00,+1.21837309380E+00,+1.33376256937E+00,+930.77887969E-03
+36.45000E-06,+1.34114320949E+00,+1.35907660984E+00,+1.35386307165E+00,+1.02625626558E+00
+36.50000E-06,+1.36124371177E+00,+1.34902635869E+00,+1.35386307165E+00,+1.02123114002E+00
+36.55000E-06,+1.36124371178E+00,+1.37415198656E+00,+1.33376256935E+00,+1.00615576329E+00
+36.60000E-06,+1.34114320948E+00,+1.31887560525E+00,+1.33376256936E+00,+991.08038657E-03
+36.65000E-06,+1.34616833507E+00,+1.34400123312E+00,+1.35386307165E+00,+996.10551215E-03
+36.70000E-06,+1.34114320949E+00,+1.35907660984E+00,+1.34381282051E+00,+1.00113063772E+00
+36.75000E-06,+1.35119346065E+00,+1.35907660984E+00,+1.33376256935E+00,+1.01620601443E+00
+36.80000E-06,+1.34114320948E+00,+1.35907660984E+00,+1.31366206706E+00,+1.01118088887E+00
+36.85000E-06,+1.35621858620E+00,+1.35405148425E+00,+1.36893844837E+00,+1.00113063773E+00
+36.90000E-06,+1.35119346064E+00,+1.34902635868E+00,+1.36391332279E+00,+1.01118088886E+00
+36.95000E-06,+1.35621858622E+00,+1.36410173540E+00,+1.34381282052E+00,+996.10551213E-03
+37.00000E-06,+1.38134421407E+00,+1.05756907536E+00,+1.35386307164E+00,+1.01118088886E+00
+37.05000E-06,+1.32606783277E+00,+1.01736807078E+00,+1.33878769493E+00,+1.01620601442E+00
+37.10000E-06,+1.34114320949E+00,+1.01736807078E+00,+1.34381282051E+00,+1.00113063772E+00
+37.15000E-06,+1.36626883735E+00,+1.01234294519E+00,+1.35386307165E+00,+1.00113063770E+00
+37.20000E-06,+1.36124371178E+00,+997.26756849E-03,+1.35386307165E+00,+970.97988428E-03
+37.25000E-06,+1.34616833507E+00,+1.01736807078E+00,+1.33376256935E+00,+1.00615576328E+00
+37.30000E-06,+1.35119346064E+00,+1.01736807078E+00,+1.34381282049E+00,+991.08038656E-03
+37.35000E-06,+1.36124371178E+00,+1.03244344751E+00,+1.33878769492E+00,+1.01118088886E+00
+37.40000E-06,+1.36124371178E+00,+1.01736807079E+00,+1.33376256936E+00,+991.08038656E-03
+37.45000E-06,+1.34616833507E+00,+1.01234294520E+00,+1.35386307165E+00,+991.08038656E-03
+37.50000E-06,+1.34114320949E+00,+1.02741832194E+00,+1.34381282051E+00,+991.08038656E-03
+37.55000E-06,+1.36124371178E+00,+1.02239319635E+00,+1.34883794608E+00,+991.08038656E-03
+37.60000E-06,+1.34114320949E+00,+1.19827259151E+00,+1.35386307165E+00,+930.77887969E-03
+37.65000E-06,+1.35621858620E+00,+1.37917711213E+00,+1.38401382508E+00,+1.00615576328E+00
+37.70000E-06,+1.35119346064E+00,+1.35907660984E+00,+1.36391332279E+00,+1.00113063772E+00
+37.75000E-06,+1.36124371178E+00,+1.33897610754E+00,+1.34883794608E+00,+1.01620601443E+00
+37.80000E-06,+1.34114320949E+00,+1.33897610755E+00,+1.33376256936E+00,+1.01118088886E+00
+37.85000E-06,+1.32606783277E+00,+1.35405148425E+00,+1.36893844837E+00,+991.08038656E-03
+37.90000E-06,+1.34114320949E+00,+1.34902635868E+00,+1.35386307165E+00,+991.08038656E-03
+37.95000E-06,+1.35621858622E+00,+1.33897610754E+00,+1.33376256935E+00,+981.03013540E-03
+38.00000E-06,+1.36124371178E+00,+1.37917711213E+00,+1.35386307164E+00,+991.08038657E-03
+38.05000E-06,+1.35119346065E+00,+1.35907660984E+00,+1.35386307165E+00,+1.01118088886E+00
+38.10000E-06,+1.34114320949E+00,+1.34902635869E+00,+1.32371231820E+00,+1.02123114002E+00
+38.15000E-06,+1.34114320949E+00,+1.33897610754E+00,+1.33376256935E+00,+1.00615576329E+00
+38.20000E-06,+1.36124371177E+00,+1.07766957764E+00,+1.33376256935E+00,+1.01118088885E+00
+38.25000E-06,+1.33611808391E+00,+1.01736807078E+00,+1.35386307165E+00,+976.00500985E-03
+38.30000E-06,+1.34114320949E+00,+1.00731781963E+00,+1.35386307165E+00,+1.00113063771E+00
+38.35000E-06,+1.35621858622E+00,+1.00731781962E+00,+1.36391332281E+00,+1.00113063773E+00
+38.40000E-06,+1.34114320948E+00,+1.01736807078E+00,+1.35386307164E+00,+970.97988427E-03
+38.45000E-06,+1.34114320949E+00,+1.01234294520E+00,+1.33376256935E+00,+1.01118088886E+00
+38.50000E-06,+1.36124371178E+00,+1.02741832192E+00,+1.35386307165E+00,+1.00113063769E+00
+38.55000E-06,+1.34616833505E+00,+1.01234294521E+00,+1.33376256935E+00,+1.01118088886E+00
+38.60000E-06,+1.34114320949E+00,+1.01736807079E+00,+1.31366206706E+00,+1.01118088886E+00
+38.65000E-06,+1.34114320949E+00,+1.03746857308E+00,+1.34883794607E+00,+1.00113063773E+00
+38.70000E-06,+1.36124371178E+00,+1.02741832192E+00,+1.35386307167E+00,+991.08038656E-03
+38.75000E-06,+1.34114320949E+00,+1.01736807078E+00,+1.35386307165E+00,+991.08038656E-03
+38.80000E-06,+1.34114320948E+00,+1.21837309379E+00,+1.31366206706E+00,+930.77887969E-03
+38.85000E-06,+1.34114320949E+00,+1.37415198655E+00,+1.35386307165E+00,+986.05526098E-03
+38.90000E-06,+1.35119346064E+00,+1.37917711213E+00,+1.35386307165E+00,+1.02123114002E+00
+38.95000E-06,+1.34616833505E+00,+1.36410173540E+00,+1.34883794608E+00,+1.01118088886E+00
+39.00000E-06,+1.36124371178E+00,+1.33897610755E+00,+1.35386307165E+00,+991.08038656E-03
+39.05000E-06,+1.35621858620E+00,+1.34400123312E+00,+1.34381282049E+00,+981.03013543E-03
+39.10000E-06,+1.34114320949E+00,+1.34902635868E+00,+1.35386307165E+00,+1.01118088885E+00
+39.15000E-06,+1.34114320949E+00,+1.37415198657E+00,+1.33878769492E+00,+1.01118088886E+00
+39.20000E-06,+1.34114320949E+00,+1.35907660984E+00,+1.33376256936E+00,+991.08038657E-03
+39.25000E-06,+1.34114320949E+00,+1.35907660984E+00,+1.34883794610E+00,+991.08038656E-03
+39.30000E-06,+1.35119346064E+00,+1.33897610754E+00,+1.32371231820E+00,+991.08038656E-03
+39.35000E-06,+1.35621858622E+00,+1.34400123310E+00,+1.33376256935E+00,+1.01118088886E+00
+39.40000E-06,+1.34114320949E+00,+1.01736807078E+00,+1.35386307165E+00,+1.05138189344E+00
+39.45000E-06,+1.36626883737E+00,+1.01736807078E+00,+1.34381282052E+00,+1.00113063773E+00
+39.50000E-06,+1.35119346063E+00,+1.01736807078E+00,+1.33376256937E+00,+991.08038656E-03
+39.55000E-06,+1.35119346065E+00,+1.01736807078E+00,+1.33878769492E+00,+991.08038656E-03
+39.60000E-06,+1.32104270721E+00,+1.01736807079E+00,+1.33376256936E+00,+991.08038656E-03
+39.65000E-06,+1.36124371178E+00,+1.01234294520E+00,+1.34883794607E+00,+1.01118088886E+00
+39.70000E-06,+1.33109295833E+00,+1.01736807078E+00,+1.32371231820E+00,+1.02123114000E+00
+39.75000E-06,+1.31601758159E+00,+1.02239319635E+00,+1.32873744379E+00,+1.01118088886E+00
+39.80000E-06,+1.34114320949E+00,+1.03746857308E+00,+1.35386307164E+00,+991.08038657E-03
+39.85000E-06,+1.35621858620E+00,+1.00229269407E+00,+1.36391332278E+00,+1.00615576328E+00
+39.90000E-06,+1.34114320947E+00,+1.02741832194E+00,+1.37396357395E+00,+1.00113063771E+00
+39.95000E-06,+1.35621858622E+00,+1.02239319635E+00,+1.34883794608E+00,+996.10551213E-03
+40.00000E-06,+1.32104270720E+00,+1.31887560526E+00,+1.31366206707E+00,+950.87938199E-03
+40.05000E-06,+1.35621858620E+00,+1.35907660984E+00,+1.34381282049E+00,+1.00615576328E+00
+40.10000E-06,+1.35119346064E+00,+1.36912686098E+00,+1.34381282051E+00,+1.02123114000E+00
+40.15000E-06,+1.36124371178E+00,+1.35907660984E+00,+1.35386307165E+00,+996.10551213E-03
+40.20000E-06,+1.36124371178E+00,+1.35907660984E+00,+1.35386307166E+00,+1.01118088885E+00
+40.25000E-06,+1.36124371178E+00,+1.36410173542E+00,+1.33376256935E+00,+996.10551215E-03
+40.30000E-06,+1.36124371178E+00,+1.36912686098E+00,+1.35386307163E+00,+1.01118088886E+00
+40.35000E-06,+1.34616833505E+00,+1.34902635870E+00,+1.35386307165E+00,+991.08038656E-03
+40.40000E-06,+1.38134421407E+00,+1.31887560526E+00,+1.35386307165E+00,+1.03128139115E+00
+40.45000E-06,+1.34616833507E+00,+1.36912686097E+00,+1.31868719264E+00,+1.02625626558E+00
+40.50000E-06,+1.34114320950E+00,+1.34902635868E+00,+1.34381282049E+00,+1.02123114000E+00
+40.55000E-06,+1.34616833505E+00,+1.33897610754E+00,+1.35386307165E+00,+1.00113063773E+00
+40.60000E-06,+1.36124371177E+00,+1.07766957765E+00,+1.35386307164E+00,+1.03128139114E+00
+40.65000E-06,+1.36124371178E+00,+1.03244344750E+00,+1.35888819723E+00,+991.08038656E-03
+40.70000E-06,+1.34114320949E+00,+1.02741832192E+00,+1.33376256935E+00,+991.08038655E-03
+40.75000E-06,+1.34114320949E+00,+1.01736807078E+00,+1.35386307165E+00,+1.01118088886E+00
+40.80000E-06,+1.34114320948E+00,+1.01736807079E+00,+1.33376256936E+00,+991.08038657E-03
+40.85000E-06,+1.35621858620E+00,+1.01736807078E+00,+1.34381282052E+00,+991.08038656E-03
+40.90000E-06,+1.36124371178E+00,+1.03746857308E+00,+1.35386307165E+00,+1.01118088885E+00
+40.95000E-06,+1.35621858622E+00,+1.02239319635E+00,+1.33878769492E+00,+996.10551213E-03
+41.00000E-06,+1.34114320950E+00,+1.03746857308E+00,+1.33376256936E+00,+1.01118088885E+00
+41.05000E-06,+1.35119346065E+00,+1.03746857308E+00,+1.33376256935E+00,+991.08038656E-03
+41.10000E-06,+1.35119346063E+00,+1.01736807078E+00,+1.35386307165E+00,+1.00113063772E+00
+41.15000E-06,+1.37129396295E+00,+1.02239319635E+00,+1.35386307165E+00,+1.02625626559E+00
+41.20000E-06,+1.34114320949E+00,+1.21837309380E+00,+1.31366206706E+00,+930.77887969E-03
+41.25000E-06,+1.34114320949E+00,+1.35405148425E+00,+1.34883794607E+00,+1.02625626558E+00
+41.30000E-06,+1.36124371178E+00,+1.34902635868E+00,+1.35386307165E+00,+1.01118088886E+00
+41.35000E-06,+1.34114320949E+00,+1.37415198657E+00,+1.33376256935E+00,+1.02625626559E+00
+41.40000E-06,+1.36124371178E+00,+1.35907660984E+00,+1.33376256935E+00,+1.03128139115E+00
+41.45000E-06,+1.35119346065E+00,+1.36410173542E+00,+1.35888819720E+00,+1.00615576328E+00
+41.50000E-06,+1.35119346064E+00,+1.35907660984E+00,+1.35386307165E+00,+991.08038656E-03
+41.55000E-06,+1.34114320949E+00,+1.35907660984E+00,+1.35386307165E+00,+986.05526100E-03
+41.60000E-06,+1.32104270721E+00,+1.33897610755E+00,+1.33376256936E+00,+991.08038657E-03
+41.65000E-06,+1.35621858620E+00,+1.35405148425E+00,+1.31868719264E+00,+1.01620601441E+00
+41.70000E-06,+1.36124371178E+00,+1.33897610754E+00,+1.34381282051E+00,+1.02123114002E+00
+41.75000E-06,+1.35119346062E+00,+1.35907660984E+00,+1.34381282052E+00,+1.01620601443E+00
+41.80000E-06,+1.36124371178E+00,+1.01736807078E+00,+1.35386307164E+00,+1.01118088885E+00
+41.85000E-06,+1.34616833507E+00,+1.00229269407E+00,+1.33878769494E+00,+1.01118088886E+00
+41.90000E-06,+1.34114320950E+00,+1.01736807078E+00,+1.34381282049E+00,+981.03013541E-03
+41.95000E-06,+1.35119346065E+00,+1.02239319635E+00,+1.34883794608E+00,+1.00615576330E+00
+42.00000E-06,+1.36124371178E+00,+1.01736807079E+00,+1.35386307164E+00,+1.03128139115E+00
+42.05000E-06,+1.35621858620E+00,+1.02239319636E+00,+1.33878769494E+00,+1.01118088886E+00
+42.10000E-06,+1.35119346064E+00,+1.03746857310E+00,+1.34381282051E+00,+1.01118088884E+00
+42.15000E-06,+1.34616833505E+00,+1.02239319635E+00,+1.34883794608E+00,+1.01118088886E+00
+42.20000E-06,+1.34114320948E+00,+1.03746857307E+00,+1.35386307163E+00,+970.97988427E-03
+42.25000E-06,+1.32606783277E+00,+1.03244344750E+00,+1.36893844836E+00,+1.00615576328E+00
+42.30000E-06,+1.36124371178E+00,+1.02741832192E+00,+1.35386307165E+00,+1.00113063770E+00
+42.35000E-06,+1.33611808392E+00,+1.03746857308E+00,+1.33376256935E+00,+981.03013540E-03
+42.40000E-06,+1.34114320949E+00,+1.27867460069E+00,+1.29356156478E+00,+930.77887970E-03
+42.45000E-06,+1.35621858620E+00,+1.37415198655E+00,+1.34883794607E+00,+1.00615576328E+00
+42.50000E-06,+1.34114320947E+00,+1.36912686098E+00,+1.34381282049E+00,+1.04133164232E+00
+42.55000E-06,+1.36124371178E+00,+1.35907660984E+00,+1.35386307165E+00,+1.00113063770E+00
+42.60000E-06,+1.36124371179E+00,+1.35907660984E+00,+1.35386307165E+00,+1.01118088886E+00
+42.65000E-06,+1.33109295836E+00,+1.35907660984E+00,+1.32873744377E+00,+1.03128139116E+00
+42.70000E-06,+1.34114320947E+00,+1.36912686098E+00,+1.34381282049E+00,+991.08038658E-03
+42.75000E-06,+1.35119346062E+00,+1.35405148427E+00,+1.34883794608E+00,+991.08038656E-03
+42.80000E-06,+1.32104270721E+00,+1.33897610755E+00,+1.33376256934E+00,+991.08038656E-03
+42.85000E-06,+1.34616833507E+00,+1.35405148425E+00,+1.33878769494E+00,+1.00615576328E+00
+42.90000E-06,+1.34114320950E+00,+1.35907660984E+00,+1.34381282049E+00,+1.00113063770E+00
+42.95000E-06,+1.35621858622E+00,+1.34400123310E+00,+1.33878769492E+00,+996.10551213E-03
+43.00000E-06,+1.42154521863E+00,+1.07766957765E+00,+1.37396357393E+00,+1.03128139114E+00
+43.05000E-06,+1.37129396292E+00,+1.01234294520E+00,+1.33376256935E+00,+1.00615576328E+00
+43.10000E-06,+1.35119346063E+00,+1.01736807078E+00,+1.34381282051E+00,+1.01118088884E+00
+43.15000E-06,+1.35621858622E+00,+1.01234294522E+00,+1.33878769492E+00,+991.08038656E-03
+43.20000E-06,+1.34114320949E+00,+1.01736807077E+00,+1.33376256935E+00,+991.08038657E-03
+43.25000E-06,+1.35119346062E+00,+1.01736807078E+00,+1.35888819723E+00,+1.00615576328E+00
+43.30000E-06,+1.37129396292E+00,+1.01736807076E+00,+1.35386307165E+00,+1.00113063772E+00
+43.35000E-06,+1.36124371178E+00,+1.03746857308E+00,+1.35888819725E+00,+991.08038656E-03
+43.40000E-06,+1.34114320950E+00,+1.01736807079E+00,+1.35386307165E+00,+1.03128139115E+00
+43.45000E-06,+1.36124371178E+00,+1.02239319636E+00,+1.36893844836E+00,+991.08038656E-03
+43.50000E-06,+1.35119346063E+00,+1.02741832192E+00,+1.34381282051E+00,+1.02123114002E+00
+43.55000E-06,+1.34616833505E+00,+1.02741832195E+00,+1.35386307165E+00,+1.00615576330E+00
+43.60000E-06,+1.34114320948E+00,+1.27867460067E+00,+1.35386307164E+00,+930.77887970E-03
+43.65000E-06,+1.36626883733E+00,+1.35405148425E+00,+1.32873744377E+00,+1.01118088886E+00
+43.70000E-06,+1.36124371177E+00,+1.36912686099E+00,+1.35386307163E+00,+1.01118088888E+00
+43.75000E-06,+1.34616833505E+00,+1.35907660984E+00,+1.34883794609E+00,+1.01118088886E+00
+43.80000E-06,+1.36124371178E+00,+1.31887560525E+00,+1.33376256935E+00,+991.08038657E-03
+43.85000E-06,+1.34616833507E+00,+1.35907660984E+00,+1.36893844836E+00,+991.08038656E-03
+43.90000E-06,+1.37129396294E+00,+1.35907660984E+00,+1.33376256935E+00,+1.01118088886E+00
+43.95000E-06,+1.35621858622E+00,+1.36410173540E+00,+1.34883794609E+00,+996.10551213E-03
+44.00000E-06,+1.36124371178E+00,+1.37917711212E+00,+1.33376256935E+00,+1.03128139113E+00
+44.05000E-06,+1.37129396291E+00,+1.35405148425E+00,+1.33376256935E+00,+1.01118088886E+00
+44.10000E-06,+1.33109295833E+00,+1.35907660984E+00,+1.35386307165E+00,+991.08038656E-03
+44.15000E-06,+1.36124371178E+00,+1.33897610754E+00,+1.36893844838E+00,+991.08038656E-03
+44.20000E-06,+1.40144471634E+00,+1.07766957765E+00,+1.35386307165E+00,+1.05138189343E+00
+44.25000E-06,+1.33109295836E+00,+1.02239319636E+00,+1.33878769494E+00,+986.05526098E-03
+44.30000E-06,+1.35119346064E+00,+1.02741832192E+00,+1.33376256933E+00,+1.00113063770E+00
+44.35000E-06,+1.35621858622E+00,+1.03746857308E+00,+1.31868719262E+00,+991.08038656E-03
+44.40000E-06,+1.38134421408E+00,+1.03746857307E+00,+1.33376256935E+00,+1.01118088885E+00
+44.45000E-06,+1.34114320949E+00,+1.02239319636E+00,+1.33376256935E+00,+996.10551215E-03
+44.50000E-06,+1.36124371178E+00,+1.03746857308E+00,+1.33376256933E+00,+991.08038656E-03
+44.55000E-06,+1.34616833505E+00,+1.03244344751E+00,+1.35386307165E+00,+991.08038656E-03
+44.60000E-06,+1.36124371177E+00,+1.03746857308E+00,+1.35386307164E+00,+1.01118088885E+00
+44.65000E-06,+1.34616833507E+00,+1.03746857308E+00,+1.35386307165E+00,+1.01118088886E+00
+44.70000E-06,+1.34114320949E+00,+1.03746857308E+00,+1.35386307165E+00,+970.97988427E-03
+44.75000E-06,+1.35119346065E+00,+1.02239319635E+00,+1.34883794609E+00,+1.01118088886E+00
+44.80000E-06,+1.32104270719E+00,+1.29877510297E+00,+1.33376256936E+00,+970.97988429E-03
+44.85000E-06,+1.35621858620E+00,+1.35405148425E+00,+1.36893844836E+00,+1.00615576328E+00
+44.90000E-06,+1.33109295833E+00,+1.34902635870E+00,+1.34381282049E+00,+991.08038656E-03
+44.95000E-06,+1.35621858622E+00,+1.34400123310E+00,+1.34381282052E+00,+1.01620601443E+00
+45.00000E-06,+1.36124371178E+00,+1.37917711211E+00,+1.31366206707E+00,+1.03128139114E+00
+45.05000E-06,+1.34114320949E+00,+1.35907660984E+00,+1.31366206706E+00,+991.08038656E-03
+45.10000E-06,+1.35119346063E+00,+1.36912686099E+00,+1.36391332279E+00,+1.01118088884E+00
+45.15000E-06,+1.34616833505E+00,+1.34400123310E+00,+1.33376256935E+00,+1.00615576330E+00
+45.20000E-06,+1.34114320950E+00,+1.33897610755E+00,+1.33376256936E+00,+1.03128139116E+00
+45.25000E-06,+1.36124371178E+00,+1.37415198655E+00,+1.31868719264E+00,+996.10551215E-03
+45.30000E-06,+1.34114320951E+00,+1.34902635868E+00,+1.32371231819E+00,+1.01118088888E+00
+45.35000E-06,+1.34114320949E+00,+1.34400123310E+00,+1.33878769492E+00,+986.05526100E-03
+45.40000E-06,+1.38134421404E+00,+1.07766957764E+00,+1.35386307164E+00,+1.03128139115E+00
+45.45000E-06,+1.36124371178E+00,+1.02741832195E+00,+1.35888819723E+00,+1.00113063773E+00
+45.50000E-06,+1.36124371180E+00,+1.00731781964E+00,+1.33376256937E+00,+1.01118088886E+00
+45.55000E-06,+1.36626883739E+00,+1.01234294522E+00,+1.33878769492E+00,+991.08038656E-03
+45.60000E-06,+1.38134421407E+00,+1.01736807078E+00,+1.35386307165E+00,+970.97988428E-03
+45.65000E-06,+1.35621858620E+00,+1.02239319637E+00,+1.34883794607E+00,+981.03013543E-03
+45.70000E-06,+1.34114320949E+00,+1.02741832194E+00,+1.34381282051E+00,+1.02123114000E+00
+45.75000E-06,+1.35621858622E+00,+1.01736807078E+00,+1.34381282052E+00,+996.10551213E-03
+45.80000E-06,+1.34114320949E+00,+1.03746857307E+00,+1.35386307165E+00,+991.08038656E-03
+45.85000E-06,+1.32606783277E+00,+1.01736807078E+00,+1.34883794607E+00,+1.00615576328E+00
+45.90000E-06,+1.36124371178E+00,+1.00731781964E+00,+1.36391332281E+00,+1.03128139114E+00
+45.95000E-06,+1.36124371178E+00,+1.03746857308E+00,+1.35386307165E+00,+996.10551213E-03
+46.00000E-06,+1.34114320949E+00,+1.27867460068E+00,+1.37396357394E+00,+970.97988428E-03
+46.05000E-06,+1.36124371178E+00,+1.34902635867E+00,+1.33376256935E+00,+1.02625626557E+00
+46.10000E-06,+1.33109295833E+00,+1.33897610754E+00,+1.35386307165E+00,+1.00113063772E+00
+46.15000E-06,+1.34114320949E+00,+1.34400123310E+00,+1.33376256935E+00,+1.01118088886E+00
+46.20000E-06,+1.36124371176E+00,+1.35907660984E+00,+1.33376256935E+00,+991.08038657E-03
+46.25000E-06,+1.36124371178E+00,+1.35907660984E+00,+1.35386307165E+00,+996.10551215E-03
+46.30000E-06,+1.35119346063E+00,+1.33897610754E+00,+1.36391332281E+00,+1.00113063770E+00
+46.35000E-06,+1.36626883739E+00,+1.35907660984E+00,+1.31868719262E+00,+1.01118088886E+00
+46.40000E-06,+1.36124371177E+00,+1.33897610756E+00,+1.33376256935E+00,+1.01118088886E+00
+46.45000E-06,+1.34114320949E+00,+1.33395098199E+00,+1.33878769494E+00,+1.00113063773E+00
+46.50000E-06,+1.34114320949E+00,+1.35907660984E+00,+1.37396357395E+00,+1.01118088884E+00
+46.55000E-06,+1.34114320949E+00,+1.34902635867E+00,+1.35386307165E+00,+1.01118088886E+00
+46.60000E-06,+1.36124371178E+00,+1.09777007992E+00,+1.33376256935E+00,+1.05138189343E+00
+46.65000E-06,+1.34616833507E+00,+1.01736807078E+00,+1.33878769494E+00,+996.10551215E-03
+46.70000E-06,+1.36124371178E+00,+1.00731781964E+00,+1.33376256935E+00,+991.08038656E-03
+46.75000E-06,+1.34616833505E+00,+1.01736807078E+00,+1.33878769492E+00,+996.10551213E-03
+46.80000E-06,+1.32104270720E+00,+1.01736807078E+00,+1.35386307164E+00,+991.08038655E-03
+46.85000E-06,+1.35621858620E+00,+1.01234294520E+00,+1.33376256935E+00,+1.01118088886E+00
+46.90000E-06,+1.34114320951E+00,+1.02741832194E+00,+1.34381282049E+00,+1.00113063770E+00
+46.95000E-06,+1.34616833505E+00,+1.02239319635E+00,+1.32873744379E+00,+1.01118088886E+00
+47.00000E-06,+1.36124371177E+00,+1.03746857307E+00,+1.33376256936E+00,+1.01118088887E+00
+47.05000E-06,+1.36124371178E+00,+1.02239319637E+00,+1.35386307165E+00,+996.10551215E-03
+47.10000E-06,+1.34114320949E+00,+1.02741832194E+00,+1.35386307165E+00,+1.01118088886E+00
+47.15000E-06,+1.36124371178E+00,+1.02741832195E+00,+1.34883794609E+00,+991.08038656E-03
+47.20000E-06,+1.34114320948E+00,+1.25857409839E+00,+1.33376256934E+00,+950.87938198E-03
+47.25000E-06,+1.32104270719E+00,+1.33897610754E+00,+1.33376256935E+00,+991.08038656E-03
+47.30000E-06,+1.36124371178E+00,+1.34902635870E+00,+1.34381282051E+00,+991.08038658E-03
+47.35000E-06,+1.35621858622E+00,+1.36410173540E+00,+1.34883794609E+00,+1.03128139116E+00
+47.40000E-06,+1.36124371177E+00,+1.35907660982E+00,+1.33376256935E+00,+991.08038656E-03
+47.45000E-06,+1.35119346066E+00,+1.36410173542E+00,+1.33878769494E+00,+1.01118088886E+00
+47.50000E-06,+1.36124371178E+00,+1.36912686097E+00,+1.35386307165E+00,+1.01118088886E+00
+47.55000E-06,+1.35621858622E+00,+1.34400123310E+00,+1.34381282048E+00,+1.00615576330E+00
+47.60000E-06,+1.36124371177E+00,+1.33897610755E+00,+1.33376256935E+00,+991.08038657E-03
+47.65000E-06,+1.36124371178E+00,+1.34400123312E+00,+1.32873744381E+00,+1.01118088886E+00
+47.70000E-06,+1.36124371178E+00,+1.36912686097E+00,+1.35386307165E+00,+1.01118088888E+00
+47.75000E-06,+1.33611808388E+00,+1.34400123310E+00,+1.33878769492E+00,+1.02123114003E+00
+47.80000E-06,+1.40144471635E+00,+1.07766957763E+00,+1.35386307164E+00,+1.03128139115E+00
+47.85000E-06,+1.36124371178E+00,+1.02239319637E+00,+1.34883794607E+00,+1.00615576328E+00
+47.90000E-06,+1.34114320949E+00,+1.02741832192E+00,+1.34381282049E+00,+991.08038656E-03
+47.95000E-06,+1.36124371178E+00,+1.02239319635E+00,+1.35386307165E+00,+991.08038656E-03
+48.00000E-06,+1.34114320948E+00,+1.03746857307E+00,+1.33376256936E+00,+1.01118088886E+00
+48.05000E-06,+1.36124371178E+00,+1.03244344749E+00,+1.35386307165E+00,+1.00113063773E+00
+48.10000E-06,+1.35119346063E+00,+1.02741832192E+00,+1.32371231819E+00,+1.00113063772E+00
+48.15000E-06,+1.35621858622E+00,+1.01736807078E+00,+1.34381282052E+00,+1.01118088886E+00
+48.20000E-06,+1.34114320949E+00,+1.03746857308E+00,+1.33376256936E+00,+1.01118088885E+00
+48.25000E-06,+1.35621858620E+00,+1.01736807078E+00,+1.33376256935E+00,+996.10551215E-03
+48.30000E-06,+1.34114320949E+00,+1.02741832192E+00,+1.36391332279E+00,+1.00113063770E+00
+48.35000E-06,+1.35621858622E+00,+1.00229269405E+00,+1.36893844838E+00,+996.10551213E-03
+48.40000E-06,+1.34114320949E+00,+1.27867460069E+00,+1.35386307164E+00,+950.87938199E-03
+48.45000E-06,+1.33109295836E+00,+1.36912686096E+00,+1.35386307165E+00,+1.03128139116E+00
+48.50000E-06,+1.35119346065E+00,+1.38922736327E+00,+1.34381282051E+00,+1.01118088884E+00
+48.55000E-06,+1.34114320949E+00,+1.35907660984E+00,+1.31868719262E+00,+1.01118088886E+00
+48.60000E-06,+1.34114320949E+00,+1.37917711211E+00,+1.35386307165E+00,+1.01118088885E+00
+48.65000E-06,+1.37129396291E+00,+1.34400123312E+00,+1.34883794607E+00,+1.01118088886E+00
+48.70000E-06,+1.36124371181E+00,+1.33897610754E+00,+1.34381282051E+00,+1.01118088886E+00
+48.75000E-06,+1.37631908852E+00,+1.34400123310E+00,+1.35386307165E+00,+991.08038656E-03
+48.80000E-06,+1.36124371178E+00,+1.35907660984E+00,+1.35386307164E+00,+991.08038657E-03
+48.85000E-06,+1.35621858620E+00,+1.35907660984E+00,+1.33878769494E+00,+976.00500985E-03
+48.90000E-06,+1.35119346065E+00,+1.35907660984E+00,+1.35386307165E+00,+991.08038656E-03
+48.95000E-06,+1.35621858622E+00,+1.36912686100E+00,+1.34883794609E+00,+991.08038656E-03
+49.00000E-06,+1.36124371177E+00,+1.03746857305E+00,+1.35386307165E+00,+1.01118088883E+00
+49.05000E-06,+1.34114320949E+00,+1.00229269407E+00,+1.32371231823E+00,+991.08038656E-03
+49.10000E-06,+1.34114320947E+00,+1.01736807076E+00,+1.35386307165E+00,+981.03013543E-03
+49.15000E-06,+1.36124371178E+00,+1.00229269405E+00,+1.35888819721E+00,+1.01620601443E+00
+49.20000E-06,+1.38134421407E+00,+1.01736807078E+00,+1.33376256936E+00,+1.01118088884E+00
+49.25000E-06,+1.35621858620E+00,+1.01736807078E+00,+1.35386307165E+00,+1.02625626557E+00
+49.30000E-06,+1.35119346065E+00,+1.01736807078E+00,+1.34381282049E+00,+1.00113063772E+00
+49.35000E-06,+1.36124371178E+00,+1.03244344751E+00,+1.32873744379E+00,+955.90450753E-03
+49.40000E-06,+1.34114320949E+00,+1.01736807078E+00,+1.35386307164E+00,+970.97988428E-03
+49.45000E-06,+1.34114320949E+00,+1.01736807078E+00,+1.35386307165E+00,+1.00113063769E+00
+49.50000E-06,+1.35119346060E+00,+1.01736807076E+00,+1.34381282051E+00,+970.97988427E-03
+49.55000E-06,+1.33611808392E+00,+1.03244344752E+00,+1.33376256935E+00,+1.01118088886E+00
+49.60000E-06,+1.34114320949E+00,+1.27867460069E+00,+1.33376256936E+00,+970.97988428E-03
+49.65000E-06,+1.35621858620E+00,+1.35405148425E+00,+1.33376256935E+00,+981.03013544E-03
+49.70000E-06,+1.35119346065E+00,+1.36912686097E+00,+1.34381282049E+00,+1.01118088886E+00
+49.75000E-06,+1.34114320949E+00,+1.35907660984E+00,+1.34883794609E+00,+996.10551213E-03
+49.80000E-06,+1.36124371177E+00,+1.35907660984E+00,+1.35386307166E+00,+1.01118088886E+00
+49.85000E-06,+1.34616833507E+00,+1.36410173542E+00,+1.35888819719E+00,+996.10551215E-03
+49.90000E-06,+1.35119346065E+00,+1.33897610754E+00,+1.37396357395E+00,+981.03013543E-03
+49.95000E-06,+1.35621858622E+00,+1.35405148427E+00,+1.35386307165E+00,+1.01118088886E+00
+50.00000E-06,+1.36124371177E+00,+1.33897610754E+00,+1.35386307165E+00,+991.08038656E-03
+50.05000E-06,+1.34616833507E+00,+1.35907660984E+00,+1.35386307165E+00,+996.10551215E-03
+50.10000E-06,+1.34114320951E+00,+1.34902635868E+00,+1.34381282049E+00,+1.01118088886E+00
+50.15000E-06,+1.36124371178E+00,+1.33395098197E+00,+1.35386307165E+00,+1.00615576330E+00
+50.20000E-06,+1.40144471636E+00,+1.05756907535E+00,+1.35386307164E+00,+1.03128139115E+00
+50.25000E-06,+1.34114320949E+00,+1.02239319637E+00,+1.35386307165E+00,+991.08038656E-03
+50.30000E-06,+1.35119346065E+00,+1.02741832194E+00,+1.35386307167E+00,+991.08038654E-03
+50.35000E-06,+1.36124371178E+00,+997.26756848E-03,+1.34883794609E+00,+991.08038656E-03
+50.40000E-06,+1.34114320950E+00,+1.01736807078E+00,+1.33376256936E+00,+1.01118088885E+00
+50.45000E-06,+1.35621858620E+00,+1.03746857308E+00,+1.34883794606E+00,+1.01118088886E+00
+50.50000E-06,+1.36124371178E+00,+1.02741832192E+00,+1.34381282049E+00,+991.08038656E-03
+50.55000E-06,+1.33611808388E+00,+1.00731781961E+00,+1.33376256935E+00,+1.00615576330E+00
+50.60000E-06,+1.36124371178E+00,+1.03746857306E+00,+1.33376256935E+00,+1.03128139116E+00
+50.65000E-06,+1.34616833507E+00,+1.01736807078E+00,+1.34883794606E+00,+996.10551215E-03
+50.70000E-06,+1.36124371178E+00,+1.02741832192E+00,+1.35386307163E+00,+1.00113063770E+00
+50.75000E-06,+1.33611808392E+00,+1.01736807078E+00,+1.35386307165E+00,+996.10551213E-03
+50.80000E-06,+1.32104270721E+00,+1.31887560526E+00,+1.35386307165E+00,+970.97988429E-03
+50.85000E-06,+1.32606783278E+00,+1.37415198655E+00,+1.33878769494E+00,+1.01620601440E+00
+50.90000E-06,+1.34114320949E+00,+1.35907660986E+00,+1.33376256935E+00,+1.02123114000E+00
+50.95000E-06,+1.36124371178E+00,+1.33897610754E+00,+1.33878769492E+00,+1.01118088886E+00
+51.00000E-06,+1.34114320948E+00,+1.35907660984E+00,+1.31366206709E+00,+1.01118088886E+00
+51.05000E-06,+1.37129396291E+00,+1.35907660984E+00,+1.34883794606E+00,+1.00615576328E+00
+51.10000E-06,+1.36124371178E+00,+1.32892585638E+00,+1.34381282051E+00,+1.00113063770E+00
+51.15000E-06,+1.32606783275E+00,+1.35907660984E+00,+1.34883794609E+00,+1.00615576330E+00
+51.20000E-06,+1.32104270720E+00,+1.35907660982E+00,+1.33376256936E+00,+991.08038656E-03
+51.25000E-06,+1.34114320949E+00,+1.35405148425E+00,+1.35888819724E+00,+991.08038656E-03
+51.30000E-06,+1.34114320951E+00,+1.35907660986E+00,+1.34381282051E+00,+1.00113063772E+00
+51.35000E-06,+1.33109295832E+00,+1.35907660984E+00,+1.35386307165E+00,+1.01118088886E+00
+51.40000E-06,+1.36124371176E+00,+1.07766957763E+00,+1.37396357392E+00,+1.05138189343E+00
+51.45000E-06,+1.36124371178E+00,+1.01234294524E+00,+1.33376256935E+00,+1.01620601445E+00
+51.50000E-06,+1.35119346065E+00,+997.26756848E-03,+1.34381282049E+00,+981.03013540E-03
+51.55000E-06,+1.37631908852E+00,+1.01736807078E+00,+1.34883794609E+00,+1.00615576330E+00
+51.60000E-06,+1.34114320949E+00,+1.01736807079E+00,+1.35386307164E+00,+991.08038655E-03
+51.65000E-06,+1.36124371178E+00,+1.02239319637E+00,+1.34381282052E+00,+1.01118088886E+00
+51.70000E-06,+1.34114320949E+00,+1.02741832194E+00,+1.36391332279E+00,+1.00113063772E+00
+51.75000E-06,+1.36124371178E+00,+1.01736807078E+00,+1.32371231818E+00,+1.00615576330E+00
+51.80000E-06,+1.34114320949E+00,+1.01736807078E+00,+1.35386307164E+00,+1.03128139114E+00
+51.85000E-06,+1.34114320949E+00,+1.01736807078E+00,+1.35386307165E+00,+986.05526098E-03
+51.90000E-06,+1.36124371178E+00,+1.02741832194E+00,+1.35386307165E+00,+1.00113063770E+00
+51.95000E-06,+1.35119346061E+00,+1.02741832195E+00,+1.31868719262E+00,+1.00615576330E+00
+52.00000E-06,+1.32104270720E+00,+1.25857409841E+00,+1.35386307165E+00,+950.87938200E-03
+52.05000E-06,+1.33611808390E+00,+1.35907660984E+00,+1.35386307165E+00,+1.00615576328E+00
+52.10000E-06,+1.35119346062E+00,+1.35907660984E+00,+1.33376256935E+00,+981.03013543E-03
+52.15000E-06,+1.35621858622E+00,+1.37917711213E+00,+1.34381282052E+00,+996.10551213E-03
+52.20000E-06,+1.36124371177E+00,+1.35907660985E+00,+1.35386307165E+00,+991.08038656E-03
+52.25000E-06,+1.33109295836E+00,+1.36410173542E+00,+1.32873744377E+00,+1.01118088886E+00
+52.30000E-06,+1.34114320951E+00,+1.34902635870E+00,+1.35386307167E+00,+1.00113063770E+00
+52.35000E-06,+1.33611808392E+00,+1.35405148427E+00,+1.36893844838E+00,+1.01118088886E+00
+52.40000E-06,+1.36124371177E+00,+1.33897610754E+00,+1.35386307165E+00,+970.97988429E-03
+52.45000E-06,+1.35621858620E+00,+1.37415198655E+00,+1.34381282053E+00,+1.02625626557E+00
+52.50000E-06,+1.33109295833E+00,+1.35907660984E+00,+1.33376256935E+00,+1.00113063772E+00
+52.55000E-06,+1.36124371178E+00,+1.37415198657E+00,+1.33878769492E+00,+1.01118088886E+00
+52.60000E-06,+1.36124371177E+00,+1.01736807078E+00,+1.33376256935E+00,+991.08038658E-03
+52.65000E-06,+1.36124371178E+00,+1.00229269407E+00,+1.34883794606E+00,+981.03013544E-03
+52.70000E-06,+1.37129396294E+00,+1.03746857308E+00,+1.35386307165E+00,+991.08038656E-03
+52.75000E-06,+1.35621858622E+00,+1.01736807078E+00,+1.33878769492E+00,+991.08038656E-03
+52.80000E-06,+1.34114320950E+00,+1.03746857307E+00,+1.33376256936E+00,+991.08038656E-03
+52.85000E-06,+1.35119346061E+00,+1.03244344749E+00,+1.35888819724E+00,+1.00615576328E+00
+52.90000E-06,+1.33109295835E+00,+1.01736807078E+00,+1.35386307167E+00,+1.01118088886E+00
+52.95000E-06,+1.37631908852E+00,+1.01736807078E+00,+1.32371231818E+00,+991.08038656E-03
+53.00000E-06,+1.34114320950E+00,+1.03746857307E+00,+1.33376256936E+00,+1.01118088885E+00
+53.05000E-06,+1.32606783278E+00,+1.01736807078E+00,+1.33376256935E+00,+1.00615576328E+00
+53.10000E-06,+1.35119346065E+00,+1.02741832192E+00,+1.35386307165E+00,+981.03013543E-03
+53.15000E-06,+1.35621858622E+00,+1.01736807078E+00,+1.31868719262E+00,+981.03013539E-03
+53.20000E-06,+1.34114320949E+00,+1.23847359610E+00,+1.31366206707E+00,+970.97988428E-03
+53.25000E-06,+1.35621858620E+00,+1.35907660984E+00,+1.34883794606E+00,+1.02123113999E+00
+53.30000E-06,+1.37129396295E+00,+1.34902635867E+00,+1.35386307165E+00,+1.00113063772E+00
+53.35000E-06,+1.36626883735E+00,+1.36410173540E+00,+1.35386307165E+00,+996.10551213E-03
+53.40000E-06,+1.34114320948E+00,+1.35907660984E+00,+1.35386307164E+00,+1.01118088886E+00
+53.45000E-06,+1.34616833507E+00,+1.34400123312E+00,+1.35386307165E+00,+991.08038656E-03
+53.50000E-06,+1.35119346065E+00,+1.36912686100E+00,+1.36391332281E+00,+1.00113063772E+00
+53.55000E-06,+1.36124371178E+00,+1.33897610754E+00,+1.33376256935E+00,+996.10551213E-03
+53.60000E-06,+1.30094220493E+00,+1.35907660985E+00,+1.35386307164E+00,+991.08038658E-03
+53.65000E-06,+1.36124371178E+00,+1.36912686096E+00,+1.35386307165E+00,+1.01118088886E+00
+53.70000E-06,+1.36124371178E+00,+1.36912686100E+00,+1.31366206703E+00,+1.00113063772E+00
+53.75000E-06,+1.34616833505E+00,+1.32390073080E+00,+1.34381282053E+00,+991.08038656E-03
+53.80000E-06,+1.38134421407E+00,+1.09777007991E+00,+1.35386307165E+00,+1.05138189343E+00
+53.85000E-06,+1.32104270719E+00,+1.01736807078E+00,+1.32873744377E+00,+986.05526103E-03
+53.90000E-06,+1.33109295835E+00,+1.02741832192E+00,+1.32371231819E+00,+1.00113063770E+00
+53.95000E-06,+1.34114320949E+00,+1.04249369869E+00,+1.34883794609E+00,+1.01118088886E+00
+54.00000E-06,+1.38134421407E+00,+997.26756850E-03,+1.33376256937E+00,+1.01118088885E+00
+54.05000E-06,+1.34616833507E+00,+1.01736807078E+00,+1.33878769494E+00,+1.01118088886E+00
+54.10000E-06,+1.34114320946E+00,+1.02741832192E+00,+1.36391332279E+00,+991.08038656E-03
+54.15000E-06,+1.34616833505E+00,+1.03244344752E+00,+1.33376256935E+00,+976.00500983E-03
+54.20000E-06,+1.32104270721E+00,+1.01736807079E+00,+1.35386307164E+00,+1.01118088886E+00
+54.25000E-06,+1.32606783278E+00,+1.03244344749E+00,+1.33878769494E+00,+996.10551215E-03
+54.30000E-06,+1.33109295833E+00,+1.00731781962E+00,+1.34381282049E+00,+991.08038656E-03
+54.35000E-06,+1.36124371178E+00,+1.01736807078E+00,+1.33878769492E+00,+1.00615576330E+00
+54.40000E-06,+1.34114320950E+00,+1.21837309383E+00,+1.33376256937E+00,+950.87938201E-03
+54.45000E-06,+1.35621858620E+00,+1.38922736326E+00,+1.34381282048E+00,+996.10551215E-03
+54.50000E-06,+1.35119346065E+00,+1.34902635867E+00,+1.33376256935E+00,+1.02123114002E+00
+54.55000E-06,+1.34616833505E+00,+1.34400123310E+00,+1.34883794609E+00,+1.01118088886E+00
+54.60000E-06,+1.38134421407E+00,+1.35907660982E+00,+1.33376256935E+00,+1.03128139113E+00
+54.65000E-06,+1.34114320949E+00,+1.34400123312E+00,+1.34883794606E+00,+1.01620601445E+00
+54.70000E-06,+1.33109295835E+00,+1.34902635870E+00,+1.34381282051E+00,+991.08038656E-03
+54.75000E-06,+1.34114320949E+00,+1.33897610754E+00,+1.34883794609E+00,+1.00615576330E+00
+54.80000E-06,+1.34114320950E+00,+1.35907660984E+00,+1.31366206708E+00,+1.01118088885E+00
+54.85000E-06,+1.36626883737E+00,+1.35405148425E+00,+1.31868719264E+00,+1.01118088886E+00
+54.90000E-06,+1.35119346065E+00,+1.34902635867E+00,+1.33376256933E+00,+1.01118088886E+00
+54.95000E-06,+1.32606783275E+00,+1.35405148427E+00,+1.33878769491E+00,+1.00615576330E+00
+55.00000E-06,+1.36124371176E+00,+1.01736807078E+00,+1.33376256934E+00,+991.08038656E-03
+55.05000E-06,+1.34616833507E+00,+1.01736807078E+00,+1.33878769494E+00,+976.00500985E-03
+55.10000E-06,+1.37129396292E+00,+1.02741832194E+00,+1.33376256935E+00,+1.02123114000E+00
+55.15000E-06,+1.33109295831E+00,+1.01234294522E+00,+1.33376256935E+00,+1.00615576330E+00
+55.20000E-06,+1.36124371177E+00,+1.01736807078E+00,+1.33376256934E+00,+991.08038655E-03
+55.25000E-06,+1.33611808390E+00,+1.03746857308E+00,+1.34883794606E+00,+996.10551215E-03
+55.30000E-06,+1.33109295835E+00,+1.03746857310E+00,+1.35386307165E+00,+1.01118088886E+00
+55.35000E-06,+1.36124371178E+00,+1.03244344752E+00,+1.34883794609E+00,+996.10551213E-03
+55.40000E-06,+1.36124371178E+00,+1.03746857305E+00,+1.33376256937E+00,+1.03128139112E+00
+55.45000E-06,+1.34114320949E+00,+1.02741832190E+00,+1.34883794606E+00,+1.00113063769E+00
+55.50000E-06,+1.35119346062E+00,+1.02741832194E+00,+1.33376256935E+00,+1.00113063770E+00
+55.55000E-06,+1.34616833505E+00,+1.01736807078E+00,+1.35386307165E+00,+981.03013539E-03
+55.60000E-06,+1.32104270720E+00,+1.31887560528E+00,+1.35386307164E+00,+950.87938201E-03
+55.65000E-06,+1.34114320949E+00,+1.37415198655E+00,+1.33376256935E+00,+991.08038656E-03
+55.70000E-06,+1.34114320949E+00,+1.34902635870E+00,+1.33376256935E+00,+1.02123114002E+00
+55.75000E-06,+1.34616833505E+00,+1.36410173540E+00,+1.35386307165E+00,+1.01118088886E+00
+55.80000E-06,+1.34114320949E+00,+1.35907660984E+00,+1.35386307164E+00,+1.01118088884E+00
+55.85000E-06,+1.34114320949E+00,+1.36410173542E+00,+1.35888819724E+00,+996.10551215E-03
+55.90000E-06,+1.36124371178E+00,+1.35907660984E+00,+1.35386307165E+00,+991.08038656E-03
+55.95000E-06,+1.36124371178E+00,+1.35405148427E+00,+1.33376256935E+00,+1.01118088886E+00
+56.00000E-06,+1.36124371178E+00,+1.35907660984E+00,+1.33376256935E+00,+970.97988431E-03
+56.05000E-06,+1.34616833507E+00,+1.35907660984E+00,+1.35888819724E+00,+991.08038656E-03
+56.10000E-06,+1.34114320949E+00,+1.37917711213E+00,+1.33376256935E+00,+991.08038656E-03
+56.15000E-06,+1.33611808387E+00,+1.34400123310E+00,+1.35386307165E+00,+1.01118088886E+00
+56.20000E-06,+1.36124371176E+00,+1.09777007991E+00,+1.33376256937E+00,+1.03128139112E+00
+56.25000E-06,+1.33109295836E+00,+1.03746857308E+00,+1.35888819724E+00,+1.00615576327E+00
+56.30000E-06,+1.35119346062E+00,+1.00731781962E+00,+1.33376256935E+00,+1.00113063773E+00
+56.35000E-06,+1.37631908852E+00,+1.03746857308E+00,+1.34381282048E+00,+1.00615576330E+00
+56.40000E-06,+1.34114320949E+00,+1.01736807078E+00,+1.35386307165E+00,+970.97988427E-03
+56.45000E-06,+1.35119346061E+00,+1.02239319637E+00,+1.35386307165E+00,+1.02123113998E+00
+56.50000E-06,+1.36124371178E+00,+1.02741832192E+00,+1.36391332276E+00,+1.01118088889E+00
+56.55000E-06,+1.36124371178E+00,+1.02741832196E+00,+1.35386307165E+00,+996.10551213E-03
+56.60000E-06,+1.36124371178E+00,+1.03746857308E+00,+1.35386307165E+00,+1.01118088886E+00
+56.65000E-06,+1.36124371178E+00,+1.03746857308E+00,+1.34883794606E+00,+996.10551215E-03
+56.70000E-06,+1.37129396295E+00,+1.02741832194E+00,+1.34381282051E+00,+1.01118088886E+00
+56.75000E-06,+1.35621858622E+00,+1.03746857308E+00,+1.34883794609E+00,+1.01118088886E+00
+56.80000E-06,+1.34114320950E+00,+1.23847359616E+00,+1.33376256937E+00,+950.87938203E-03
+56.85000E-06,+1.35621858620E+00,+1.37917711213E+00,+1.33376256935E+00,+976.00500985E-03
+56.90000E-06,+1.36124371176E+00,+1.35907660984E+00,+1.35386307165E+00,+1.00113063770E+00
+56.95000E-06,+1.35621858622E+00,+1.34400123310E+00,+1.34381282053E+00,+1.01620601442E+00
+57.00000E-06,+1.38134421408E+00,+1.35907660985E+00,+1.35386307166E+00,+991.08038658E-03
+57.05000E-06,+1.34616833507E+00,+1.33897610754E+00,+1.35386307165E+00,+1.00615576327E+00
+57.10000E-06,+1.35119346065E+00,+1.37917711213E+00,+1.35386307165E+00,+991.08038656E-03
+57.15000E-06,+1.33611808393E+00,+1.33897610754E+00,+1.34883794609E+00,+1.01620601448E+00
+57.20000E-06,+1.36124371177E+00,+1.33897610754E+00,+1.35386307164E+00,+991.08038656E-03
+57.25000E-06,+1.36124371178E+00,+1.35907660984E+00,+1.35386307165E+00,+991.08038656E-03
+57.30000E-06,+1.34114320949E+00,+1.34902635873E+00,+1.34381282051E+00,+1.01118088886E+00
+57.35000E-06,+1.35621858622E+00,+1.35405148427E+00,+1.35386307165E+00,+996.10551213E-03
+57.40000E-06,+1.36124371176E+00,+1.01736807077E+00,+1.33376256937E+00,+1.05138189343E+00
+57.45000E-06,+1.32606783278E+00,+1.00229269407E+00,+1.35386307165E+00,+1.00615576327E+00
+57.50000E-06,+1.36124371178E+00,+1.02741832192E+00,+1.34381282051E+00,+1.00113063770E+00
+57.55000E-06,+1.34616833505E+00,+1.01736807078E+00,+1.35386307165E+00,+991.08038656E-03
+57.60000E-06,+1.32104270722E+00,+1.03746857307E+00,+1.35386307165E+00,+1.01118088885E+00
+57.65000E-06,+1.36124371178E+00,+1.02239319637E+00,+1.35888819724E+00,+1.00113063769E+00
+57.70000E-06,+1.34114320949E+00,+1.01736807078E+00,+1.35386307165E+00,+1.00113063773E+00
+57.75000E-06,+1.35621858622E+00,+997.26756848E-03,+1.33376256935E+00,+1.01118088886E+00
+57.80000E-06,+1.36124371178E+00,+1.03746857307E+00,+1.35386307165E+00,+1.03128139115E+00
+57.85000E-06,+1.32606783278E+00,+1.01234294519E+00,+1.34883794606E+00,+1.00113063774E+00
+57.90000E-06,+1.34114320946E+00,+1.03746857305E+00,+1.34381282049E+00,+991.08038656E-03
+57.95000E-06,+1.34616833505E+00,+1.02741832196E+00,+1.33878769491E+00,+1.02625626560E+00
+58.00000E-06,+1.34114320950E+00,+1.25857409842E+00,+1.33376256937E+00,+950.87938201E-03
+58.05000E-06,+1.34114320949E+00,+1.35907660984E+00,+1.35386307165E+00,+1.00615576327E+00
+58.10000E-06,+1.34114320949E+00,+1.36912686100E+00,+1.35386307165E+00,+1.01118088889E+00
+58.15000E-06,+1.33109295831E+00,+1.35907660984E+00,+1.33376256935E+00,+1.03128139116E+00
+58.20000E-06,+1.36124371178E+00,+1.35907660984E+00,+1.33376256935E+00,+991.08038658E-03
+58.25000E-06,+1.36124371178E+00,+1.34400123313E+00,+1.33376256935E+00,+996.10551215E-03
+58.30000E-06,+1.34114320946E+00,+1.35907660984E+00,+1.36391332281E+00,+1.00113063770E+00
+58.35000E-06,+1.36124371178E+00,+1.34902635866E+00,+1.35386307165E+00,+1.00615576330E+00
+58.40000E-06,+1.32104270723E+00,+1.35907660984E+00,+1.35386307165E+00,+1.01118088885E+00
+58.45000E-06,+1.35621858620E+00,+1.34400123313E+00,+1.35386307165E+00,+991.08038656E-03
+58.50000E-06,+1.34114320949E+00,+1.35907660984E+00,+1.35386307165E+00,+1.01118088886E+00
+58.55000E-06,+1.35621858622E+00,+1.35405148427E+00,+1.34883794609E+00,+991.08038656E-03
+58.60000E-06,+1.36124371176E+00,+1.09777007990E+00,+1.35386307164E+00,+1.07148239571E+00
+58.65000E-06,+1.34616833507E+00,+1.02239319637E+00,+1.33878769494E+00,+1.01620601445E+00
+58.70000E-06,+1.35119346062E+00,+1.01736807078E+00,+1.34381282052E+00,+1.00113063773E+00
+58.75000E-06,+1.34616833505E+00,+1.03746857308E+00,+1.33376256935E+00,+1.00615576330E+00
+58.80000E-06,+1.36124371178E+00,+1.01736807078E+00,+1.35386307164E+00,+991.08038656E-03
+58.85000E-06,+1.35621858620E+00,+1.01736807078E+00,+1.34883794606E+00,+1.01118088886E+00
+58.90000E-06,+1.33109295835E+00,+1.01736807078E+00,+1.34381282049E+00,+1.01118088889E+00
+58.95000E-06,+1.34616833505E+00,+1.03244344752E+00,+1.34381282053E+00,+1.01620601442E+00
+59.00000E-06,+1.36124371176E+00,+1.01736807078E+00,+1.35386307165E+00,+991.08038656E-03
+59.05000E-06,+1.37129396291E+00,+1.01736807078E+00,+1.35386307165E+00,+1.00615576327E+00
+59.10000E-06,+1.36124371178E+00,+1.01736807078E+00,+1.35386307165E+00,+1.01118088886E+00
+59.15000E-06,+1.34114320949E+00,+1.02239319634E+00,+1.34883794609E+00,+996.10551212E-03
+59.20000E-06,+1.32104270720E+00,+1.27867460071E+00,+1.33376256937E+00,+930.77887970E-03
+59.25000E-06,+1.33611808390E+00,+1.37415198654E+00,+1.34883794606E+00,+1.00615576327E+00
+59.30000E-06,+1.40144471638E+00,+1.36912686100E+00,+1.34381282052E+00,+1.01118088886E+00
+59.35000E-06,+1.35621858622E+00,+1.35405148427E+00,+1.33878769491E+00,+1.01118088886E+00
+59.40000E-06,+1.34114320950E+00,+1.35907660982E+00,+1.35386307164E+00,+991.08038656E-03
+59.45000E-06,+1.33109295837E+00,+1.35405148425E+00,+1.34883794606E+00,+996.10551215E-03
+59.50000E-06,+1.34114320946E+00,+1.35907660984E+00,+1.35386307165E+00,+1.00113063770E+00
+59.55000E-06,+1.35621858622E+00,+1.33897610754E+00,+1.35888819721E+00,+1.01118088886E+00
+59.60000E-06,+1.34114320950E+00,+1.35907660982E+00,+1.35386307164E+00,+1.01118088885E+00
+59.65000E-06,+1.35621858620E+00,+1.33897610754E+00,+1.33376256935E+00,+991.08038656E-03
+59.70000E-06,+1.34114320949E+00,+1.33897610754E+00,+1.33376256935E+00,+1.01118088886E+00
+59.75000E-06,+1.34616833505E+00,+1.35405148427E+00,+1.36893844839E+00,+1.01118088886E+00
+59.80000E-06,+1.38134421407E+00,+1.05756907535E+00,+1.35386307165E+00,+1.01118088883E+00
+59.85000E-06,+1.36626883732E+00,+1.02239319637E+00,+1.32873744376E+00,+1.00615576327E+00
+59.90000E-06,+1.36124371178E+00,+1.01736807078E+00,+1.34381282052E+00,+1.01118088886E+00
+59.95000E-06,+1.34114320949E+00,+1.01736807078E+00,+1.33376256935E+00,+1.02123114004E+00
+60.00000E-06,+1.32104270722E+00,+1.01736807078E+00,+1.35386307165E+00,+991.08038658E-03
+60.05000E-06,+1.34114320949E+00,+1.03244344749E+00,+1.36893844836E+00,+991.08038656E-03
+60.10000E-06,+1.35119346065E+00,+1.02741832192E+00,+1.33376256935E+00,+1.00113063770E+00
+60.15000E-06,+1.34616833505E+00,+1.03244344752E+00,+1.36893844839E+00,+986.05526100E-03
+60.20000E-06,+1.36124371177E+00,+1.03746857308E+00,+1.35386307166E+00,+1.01118088886E+00
+60.25000E-06,+1.34616833508E+00,+1.01736807078E+00,+1.33878769494E+00,+996.10551215E-03
+60.30000E-06,+1.36124371176E+00,+1.02741832194E+00,+1.35386307168E+00,+1.01118088889E+00
+60.35000E-06,+1.36124371178E+00,+1.02741832196E+00,+1.35386307165E+00,+1.01118088886E+00
+60.40000E-06,+1.36124371180E+00,+1.21837309387E+00,+1.31366206710E+00,+950.87938201E-03
+60.45000E-06,+1.35621858620E+00,+1.37415198654E+00,+1.34883794606E+00,+1.01118088886E+00
+60.50000E-06,+1.37129396292E+00,+1.34902635867E+00,+1.35386307165E+00,+1.00113063773E+00
+60.55000E-06,+1.36124371178E+00,+1.37415198657E+00,+1.31366206706E+00,+996.10551212E-03
+60.60000E-06,+1.36124371178E+00,+1.35907660984E+00,+1.33376256937E+00,+970.97988429E-03
+60.65000E-06,+1.34616833508E+00,+1.35405148425E+00,+1.35386307165E+00,+1.01118088886E+00
+60.70000E-06,+1.35119346065E+00,+1.34902635867E+00,+1.32371231822E+00,+1.02123114000E+00
+60.75000E-06,+1.34114320949E+00,+1.36912686101E+00,+1.35386307165E+00,+981.03013539E-03
+60.80000E-06,+1.36124371176E+00,+1.35907660982E+00,+1.33376256935E+00,+1.03128139113E+00
+60.85000E-06,+1.35621858620E+00,+1.37415198654E+00,+1.35386307165E+00,+1.01118088886E+00
+60.90000E-06,+1.35119346062E+00,+1.35907660981E+00,+1.35386307162E+00,+981.03013540E-03
+60.95000E-06,+1.36124371178E+00,+1.35907660984E+00,+1.35386307165E+00,+996.10551212E-03
+61.00000E-06,+1.36124371177E+00,+1.03746857305E+00,+1.35386307162E+00,+1.03128139113E+00
+61.05000E-06,+1.34616833508E+00,+1.00229269407E+00,+1.35386307165E+00,+996.10551215E-03
+61.10000E-06,+1.36124371178E+00,+1.02741832192E+00,+1.34381282052E+00,+991.08038656E-03
+61.15000E-06,+1.34616833505E+00,+1.03244344752E+00,+1.35386307165E+00,+976.00500983E-03
+61.20000E-06,+1.36124371177E+00,+1.01736807077E+00,+1.33376256935E+00,+991.08038656E-03
+61.25000E-06,+1.35621858620E+00,+1.01234294519E+00,+1.35386307165E+00,+1.00113063774E+00
+61.30000E-06,+1.33109295835E+00,+1.01736807078E+00,+1.35386307165E+00,+1.02123114002E+00
+61.35000E-06,+1.33109295831E+00,+1.01736807078E+00,+1.33376256935E+00,+986.05526100E-03
+61.40000E-06,+1.36124371178E+00,+1.01736807080E+00,+1.33376256937E+00,+991.08038656E-03
+61.45000E-06,+1.35621858620E+00,+1.01736807078E+00,+1.35386307165E+00,+1.01620601445E+00
+61.50000E-06,+1.38134421408E+00,+1.01736807075E+00,+1.34381282049E+00,+1.00113063770E+00
+61.55000E-06,+1.36124371178E+00,+1.02741832196E+00,+1.35386307165E+00,+1.01620601442E+00
+61.60000E-06,+1.32104270723E+00,+1.23847359612E+00,+1.33376256935E+00,+950.87938200E-03
+61.65000E-06,+1.34114320949E+00,+1.34400123313E+00,+1.33376256935E+00,+986.05526098E-03
+61.70000E-06,+1.36124371176E+00,+1.35907660984E+00,+1.35386307165E+00,+1.01118088886E+00
+61.75000E-06,+1.34616833505E+00,+1.35907660984E+00,+1.34883794609E+00,+996.10551212E-03
+61.80000E-06,+1.36124371180E+00,+1.37917711209E+00,+1.31366206708E+00,+1.03128139114E+00
+61.85000E-06,+1.36124371178E+00,+1.35907660984E+00,+1.34381282047E+00,+1.01118088886E+00
+61.90000E-06,+1.35119346062E+00,+1.36912686097E+00,+1.36391332281E+00,+991.08038653E-03
+61.95000E-06,+1.36626883734E+00,+1.35907660984E+00,+1.33376256935E+00,+1.01118088886E+00
+62.00000E-06,+1.36124371178E+00,+1.31887560527E+00,+1.33376256938E+00,+1.01118088886E+00
+62.05000E-06,+1.34616833508E+00,+1.35907660984E+00,+1.35386307165E+00,+1.01620601439E+00
+62.10000E-06,+1.34114320952E+00,+1.36912686097E+00,+1.33376256935E+00,+1.00113063773E+00
+62.15000E-06,+1.34616833505E+00,+1.33897610754E+00,+1.32873744379E+00,+1.02625626560E+00
+62.20000E-06,+1.38134421405E+00,+1.01736807078E+00,+1.37396357392E+00,+1.03128139113E+00
+62.25000E-06,+1.36124371178E+00,+1.01234294519E+00,+1.35386307165E+00,+986.05526098E-03
+62.30000E-06,+1.37129396292E+00,+1.00731781962E+00,+1.34381282052E+00,+991.08038653E-03
+62.35000E-06,+1.34114320949E+00,+1.01234294522E+00,+1.34381282053E+00,+986.05526100E-03
+62.40000E-06,+1.32104270720E+00,+1.01736807077E+00,+1.33376256935E+00,+1.01118088886E+00
+62.45000E-06,+1.32104270719E+00,+1.02239319637E+00,+1.33878769494E+00,+986.05526098E-03
+62.50000E-06,+1.36124371178E+00,+1.01736807078E+00,+1.35386307165E+00,+1.00113063770E+00
+62.55000E-06,+1.35621858622E+00,+1.03244344752E+00,+1.35386307165E+00,+1.01620601442E+00
+62.60000E-06,+1.34114320947E+00,+1.01736807078E+00,+1.31366206709E+00,+1.03128139113E+00
+62.65000E-06,+1.35621858620E+00,+1.03244344749E+00,+1.35888819718E+00,+981.03013545E-03
+62.70000E-06,+1.34114320946E+00,+1.01736807078E+00,+1.34381282049E+00,+991.08038656E-03
+62.75000E-06,+1.37129396296E+00,+1.03244344752E+00,+1.33376256935E+00,+1.01118088886E+00
+62.80000E-06,+1.32104270722E+00,+1.29877510300E+00,+1.35386307164E+00,+950.87938201E-03
+62.85000E-06,+1.34114320949E+00,+1.35405148425E+00,+1.33878769494E+00,+1.00615576327E+00
+62.90000E-06,+1.33109295835E+00,+1.35907660984E+00,+1.35386307162E+00,+1.00113063773E+00
+62.95000E-06,+1.34616833505E+00,+1.36410173539E+00,+1.33878769491E+00,+996.10551212E-03
+63.00000E-06,+1.34114320949E+00,+1.35907660984E+00,+1.33376256938E+00,+970.97988428E-03
+63.05000E-06,+1.34114320949E+00,+1.33897610754E+00,+1.34883794606E+00,+970.97988427E-03
+63.10000E-06,+1.36124371178E+00,+1.35907660984E+00,+1.36391332281E+00,+1.00113063770E+00
+63.15000E-06,+1.35119346067E+00,+1.36912686101E+00,+1.35386307165E+00,+1.00615576330E+00
+63.20000E-06,+1.34114320950E+00,+1.33897610754E+00,+1.37396357392E+00,+1.01118088888E+00
+63.25000E-06,+1.35621858620E+00,+1.34400123313E+00,+1.35386307165E+00,+1.00615576327E+00
+63.30000E-06,+1.36124371178E+00,+1.34902635867E+00,+1.33376256932E+00,+1.01118088886E+00
+63.35000E-06,+1.34616833505E+00,+1.35405148428E+00,+1.33376256935E+00,+991.08038656E-03
+63.40000E-06,+1.36124371178E+00,+1.03746857306E+00,+1.37396357390E+00,+1.01118088886E+00
+63.45000E-06,+1.35621858620E+00,+1.03746857308E+00,+1.34883794606E+00,+996.10551215E-03
+63.50000E-06,+1.34114320949E+00,+1.00731781965E+00,+1.36391332281E+00,+991.08038656E-03
+63.55000E-06,+1.34616833505E+00,+1.03244344752E+00,+1.33878769491E+00,+976.00500983E-03
+63.60000E-06,+1.36124371180E+00,+1.03746857308E+00,+1.35386307164E+00,+1.01118088885E+00
+63.65000E-06,+1.34114320949E+00,+1.02239319637E+00,+1.33878769494E+00,+1.00615576327E+00
+63.70000E-06,+1.34114320949E+00,+1.01736807078E+00,+1.34381282052E+00,+1.01118088886E+00
+63.75000E-06,+1.36626883734E+00,+1.02239319634E+00,+1.33878769491E+00,+1.00615576330E+00
+63.80000E-06,+1.34114320949E+00,+1.01736807077E+00,+1.33376256935E+00,+970.97988430E-03
+63.85000E-06,+1.35621858619E+00,+1.00229269407E+00,+1.33878769494E+00,+981.03013545E-03
+63.90000E-06,+1.33109295832E+00,+1.01736807078E+00,+1.32371231822E+00,+991.08038656E-03
+63.95000E-06,+1.36124371178E+00,+1.03244344752E+00,+1.32371231817E+00,+996.10551212E-03
+64.00000E-06,+1.32104270721E+00,+1.29877510299E+00,+1.31366206709E+00,+991.08038659E-03
+64.05000E-06,+1.36124371178E+00,+1.36410173542E+00,+1.34883794606E+00,+1.00615576327E+00
+64.10000E-06,+1.34114320949E+00,+1.35907660987E+00,+1.35386307165E+00,+1.02123113999E+00
+64.15000E-06,+1.36124371178E+00,+1.35405148428E+00,+1.36893844839E+00,+1.00113063768E+00
+64.20000E-06,+1.34114320949E+00,+1.37917711209E+00,+1.37396357393E+00,+1.01118088886E+00
+64.25000E-06,+1.31601758166E+00,+1.35907660984E+00,+1.35386307165E+00,+1.02625626557E+00
+64.30000E-06,+1.33109295832E+00,+1.34902635867E+00,+1.34381282052E+00,+1.00113063773E+00
+64.35000E-06,+1.34114320949E+00,+1.36410173539E+00,+1.37396357395E+00,+1.01118088886E+00
+64.40000E-06,+1.36124371177E+00,+1.35907660984E+00,+1.35386307165E+00,+1.01118088888E+00
+64.45000E-06,+1.37631908849E+00,+1.36912686095E+00,+1.33878769494E+00,+1.00615576327E+00
+64.50000E-06,+1.35119346065E+00,+1.35907660984E+00,+1.34381282049E+00,+1.01118088889E+00
+64.55000E-06,+1.36124371178E+00,+1.36912686101E+00,+1.36893844839E+00,+996.10551212E-03
+64.60000E-06,+1.34114320950E+00,+1.03746857306E+00,+1.35386307165E+00,+1.03128139116E+00
+64.65000E-06,+1.35621858619E+00,+1.02741832196E+00,+1.34381282047E+00,+991.08038656E-03
+64.70000E-06,+1.37129396292E+00,+997.26756848E-03,+1.35386307165E+00,+991.08038656E-03
+64.75000E-06,+1.33611808393E+00,+1.01736807078E+00,+1.34381282047E+00,+1.00615576330E+00
+64.80000E-06,+1.34114320950E+00,+1.03746857306E+00,+1.35386307165E+00,+1.01118088885E+00
+64.85000E-06,+1.32606783278E+00,+1.03244344749E+00,+1.35888819724E+00,+991.08038656E-03
+64.90000E-06,+1.37129396292E+00,+1.00731781965E+00,+1.36391332278E+00,+991.08038656E-03
+64.95000E-06,+1.33109295831E+00,+1.00731781960E+00,+1.33878769491E+00,+1.00615576330E+00
+65.00000E-06,+1.36124371177E+00,+997.26756850E-03,+1.33376256937E+00,+1.01118088886E+00
+65.05000E-06,+1.35621858619E+00,+1.01234294519E+00,+1.34883794606E+00,+991.08038656E-03
+65.10000E-06,+1.34114320949E+00,+1.01736807078E+00,+1.33376256935E+00,+1.01118088886E+00
+65.15000E-06,+1.34114320949E+00,+1.01234294522E+00,+1.33878769491E+00,+1.01118088886E+00
+65.20000E-06,+1.32104270722E+00,+1.27867460072E+00,+1.33376256934E+00,+970.97988430E-03
+65.25000E-06,+1.36124371178E+00,+1.37415198654E+00,+1.34883794606E+00,+1.00615576327E+00
+65.30000E-06,+1.34114320949E+00,+1.34902635870E+00,+1.33376256932E+00,+1.00113063773E+00
+65.35000E-06,+1.35621858623E+00,+1.35907660984E+00,+1.34883794609E+00,+991.08038656E-03
+65.40000E-06,+1.34114320950E+00,+1.35907660982E+00,+1.35386307163E+00,+1.01118088885E+00
+65.45000E-06,+1.36124371178E+00,+1.34902635872E+00,+1.34381282047E+00,+1.01118088886E+00
+65.50000E-06,+1.33109295835E+00,+1.32892585637E+00,+1.35386307168E+00,+1.01118088886E+00
+65.55000E-06,+1.33109295831E+00,+1.37917711213E+00,+1.31868719261E+00,+1.00615576330E+00
+65.60000E-06,+1.34114320950E+00,+1.35907660984E+00,+1.37396357392E+00,+1.03128139114E+00
+65.65000E-06,+1.35621858619E+00,+1.34902635872E+00,+1.35386307165E+00,+1.01118088886E+00
+65.70000E-06,+1.35119346065E+00,+1.34902635867E+00,+1.34381282049E+00,+1.00113063773E+00
+65.75000E-06,+1.35621858623E+00,+1.36912686102E+00,+1.34883794609E+00,+996.10551212E-03
+65.80000E-06,+1.34114320947E+00,+1.03746857305E+00,+1.35386307165E+00,+1.03128139111E+00
+65.85000E-06,+1.36626883737E+00,+1.02239319637E+00,+1.32371231824E+00,+996.10551215E-03
+65.90000E-06,+1.34114320949E+00,+1.03746857308E+00,+1.35386307162E+00,+1.00113063770E+00
+65.95000E-06,+1.34616833505E+00,+1.01234294522E+00,+1.33878769491E+00,+1.02123114004E+00
+66.00000E-06,+1.36124371178E+00,+1.03746857306E+00,+1.35386307163E+00,+991.08038655E-03
+66.05000E-06,+1.36626883737E+00,+1.01736807078E+00,+1.34883794606E+00,+991.08038656E-03
+66.10000E-06,+1.35119346065E+00,+1.01736807078E+00,+1.34381282049E+00,+1.00113063773E+00
+66.15000E-06,+1.31099245601E+00,+1.03746857308E+00,+1.32873744379E+00,+1.01118088886E+00
+66.20000E-06,+1.36124371175E+00,+1.03746857306E+00,+1.33376256935E+00,+991.08038656E-03
+66.25000E-06,+1.35119346060E+00,+1.03746857308E+00,+1.34883794606E+00,+1.01620601445E+00
+66.30000E-06,+1.35119346062E+00,+1.00731781962E+00,+1.34381282049E+00,+1.01118088886E+00
+66.35000E-06,+1.37129396297E+00,+1.01736807078E+00,+1.34883794609E+00,+996.10551212E-03
+66.40000E-06,+1.32104270721E+00,+1.31887560526E+00,+1.31366206710E+00,+970.97988430E-03
+66.45000E-06,+1.35621858619E+00,+1.35907660984E+00,+1.33376256935E+00,+991.08038656E-03
+66.50000E-06,+1.35119346065E+00,+1.35907660984E+00,+1.34381282049E+00,+1.00113063770E+00
+66.55000E-06,+1.36124371178E+00,+1.35907660984E+00,+1.34381282053E+00,+981.03013538E-03
+66.60000E-06,+1.32104270724E+00,+1.35907660985E+00,+1.33376256937E+00,+1.01118088885E+00
+66.65000E-06,+1.36124371178E+00,+1.34902635872E+00,+1.33376256935E+00,+1.00615576327E+00
+66.70000E-06,+1.37129396295E+00,+1.34902635867E+00,+1.36391332282E+00,+991.08038653E-03
+66.75000E-06,+1.37129396297E+00,+1.33897610754E+00,+1.35386307165E+00,+1.00615576330E+00
+66.80000E-06,+1.34114320950E+00,+1.35907660984E+00,+1.35386307165E+00,+1.01118088888E+00
+66.85000E-06,+1.36124371178E+00,+1.35907660984E+00,+1.32371231824E+00,+986.05526097E-03
+66.90000E-06,+1.35119346065E+00,+1.36912686097E+00,+1.34381282049E+00,+991.08038656E-03
+66.95000E-06,+1.36124371178E+00,+1.34400123310E+00,+1.38903895069E+00,+991.08038656E-03
+67.00000E-06,+1.36124371175E+00,+1.01736807078E+00,+1.37396357395E+00,+1.01118088886E+00
+67.05000E-06,+1.36124371178E+00,+1.01234294519E+00,+1.34883794606E+00,+1.00615576327E+00
+67.10000E-06,+1.37129396292E+00,+1.02741832191E+00,+1.35386307165E+00,+981.03013540E-03
+67.15000E-06,+1.33611808393E+00,+1.00229269404E+00,+1.33878769491E+00,+996.10551212E-03
+67.20000E-06,+1.34114320949E+00,+1.01736807078E+00,+1.37396357388E+00,+991.08038656E-03
+67.25000E-06,+1.35119346060E+00,+1.01234294519E+00,+1.33878769494E+00,+996.10551215E-03
+67.30000E-06,+1.35119346065E+00,+1.02741832191E+00,+1.35386307165E+00,+1.00113063773E+00
+67.35000E-06,+1.37129396297E+00,+1.01736807078E+00,+1.34381282053E+00,+1.01620601442E+00
+67.40000E-06,+1.34114320949E+00,+1.01736807078E+00,+1.31366206707E+00,+1.03128139114E+00
+67.45000E-06,+1.34616833508E+00,+1.03244344749E+00,+1.34883794606E+00,+1.02123114004E+00
+67.50000E-06,+1.36124371178E+00,+1.02741832191E+00,+1.35386307165E+00,+1.01118088886E+00
+67.55000E-06,+1.36124371178E+00,+1.03746857308E+00,+1.35386307165E+00,+1.01118088886E+00
+67.60000E-06,+1.34114320950E+00,+1.31887560529E+00,+1.35386307165E+00,+970.97988432E-03
+67.65000E-06,+1.36626883738E+00,+1.35405148424E+00,+1.34883794606E+00,+1.00615576327E+00
+67.70000E-06,+1.34114320949E+00,+1.35907660987E+00,+1.35386307162E+00,+1.01118088886E+00
+67.75000E-06,+1.34114320949E+00,+1.34400123310E+00,+1.34883794609E+00,+1.00615576330E+00
+67.80000E-06,+1.36124371177E+00,+1.35907660984E+00,+1.33376256934E+00,+1.01118088886E+00
+67.85000E-06,+1.36124371178E+00,+1.36410173543E+00,+1.35386307165E+00,+976.00500986E-03
+67.90000E-06,+1.35119346062E+00,+1.35907660984E+00,+1.35386307168E+00,+1.02123113999E+00
+67.95000E-06,+1.36626883734E+00,+1.35907660984E+00,+1.33878769491E+00,+1.00615576330E+00
+68.00000E-06,+1.36124371177E+00,+1.37917711210E+00,+1.35386307162E+00,+1.01118088886E+00
+68.05000E-06,+1.35119346060E+00,+1.37917711213E+00,+1.36391332277E+00,+996.10551215E-03
+68.10000E-06,+1.35119346065E+00,+1.34902635867E+00,+1.34381282045E+00,+1.01118088886E+00
+68.15000E-06,+1.34616833505E+00,+1.35405148428E+00,+1.35386307165E+00,+996.10551212E-03
+68.20000E-06,+1.36124371175E+00,+1.01736807076E+00,+1.35386307163E+00,+1.01118088883E+00
+68.25000E-06,+1.34114320949E+00,+1.00229269407E+00,+1.35386307165E+00,+976.00500986E-03
+68.30000E-06,+1.33109295832E+00,+1.01736807081E+00,+1.34381282052E+00,+1.00113063770E+00
+68.35000E-06,+1.35119346060E+00,+1.02239319634E+00,+1.33878769491E+00,+1.01118088886E+00
+68.40000E-06,+1.36124371178E+00,+1.01736807076E+00,+1.33376256937E+00,+1.01118088884E+00
+68.45000E-06,+1.37631908849E+00,+1.02239319637E+00,+1.33878769494E+00,+1.01118088886E+00
+68.50000E-06,+1.35119346062E+00,+1.01736807078E+00,+1.36391332278E+00,+981.03013540E-03
+68.55000E-06,+1.34616833504E+00,+1.02239319634E+00,+1.33878769491E+00,+1.01118088886E+00
+68.60000E-06,+1.36124371175E+00,+1.03746857306E+00,+1.35386307163E+00,+1.01118088886E+00
+68.65000E-06,+1.36124371178E+00,+1.02239319637E+00,+1.34883794606E+00,+976.00500986E-03
+68.70000E-06,+1.37129396292E+00,+1.02741832191E+00,+1.32371231822E+00,+1.01118088886E+00
+68.75000E-06,+1.34114320949E+00,+1.02239319634E+00,+1.35386307165E+00,+1.00615576330E+00
+68.80000E-06,+1.30094220494E+00,+1.31887560529E+00,+1.33376256937E+00,+991.08038656E-03
+68.85000E-06,+1.34616833508E+00,+1.35907660984E+00,+1.33376256935E+00,+996.10551216E-03
+68.90000E-06,+1.32104270716E+00,+1.37917711210E+00,+1.36391332282E+00,+1.01118088886E+00
+68.95000E-06,+1.32606783275E+00,+1.36410173539E+00,+1.33376256935E+00,+1.00113063768E+00
+69.00000E-06,+1.36124371178E+00,+1.37917711212E+00,+1.33376256937E+00,+1.01118088886E+00
+69.05000E-06,+1.34114320949E+00,+1.35405148424E+00,+1.32371231817E+00,+991.08038656E-03
+69.10000E-06,+1.36124371178E+00,+1.35907660987E+00,+1.34381282048E+00,+991.08038656E-03
+69.15000E-06,+1.35119346060E+00,+1.33897610754E+00,+1.33878769491E+00,+996.10551212E-03
+69.20000E-06,+1.34114320950E+00,+1.33897610755E+00,+1.35386307165E+00,+1.01118088886E+00
+69.25000E-06,+1.33109295837E+00,+1.36912686095E+00,+1.32873744376E+00,+1.02123113998E+00
+69.30000E-06,+1.34114320949E+00,+1.34902635870E+00,+1.34381282048E+00,+991.08038656E-03
+69.35000E-06,+1.37631908852E+00,+1.33395098198E+00,+1.33376256935E+00,+1.02625626560E+00
+69.40000E-06,+1.36124371173E+00,+1.03746857306E+00,+1.37396357391E+00,+1.03128139111E+00
+69.45000E-06,+1.36124371178E+00,+1.01736807078E+00,+1.36893844836E+00,+991.08038656E-03
+69.50000E-06,+1.35119346065E+00,+1.01736807078E+00,+1.35386307168E+00,+1.01118088886E+00
+69.55000E-06,+1.33611808393E+00,+1.01234294522E+00,+1.33376256935E+00,+981.03013538E-03
+69.60000E-06,+1.36124371178E+00,+1.03746857308E+00,+1.31366206707E+00,+991.08038658E-03
+69.65000E-06,+1.34114320949E+00,+1.01234294519E+00,+1.33878769494E+00,+996.10551216E-03
+69.70000E-06,+1.34114320949E+00,+1.02741832195E+00,+1.35386307165E+00,+1.01118088886E+00
+69.75000E-06,+1.35119346067E+00,+1.03746857308E+00,+1.34883794609E+00,+1.01118088886E+00
+69.80000E-06,+1.40144471635E+00,+997.26756850E-03,+1.35386307163E+00,+1.01118088888E+00
+69.85000E-06,+1.34114320949E+00,+1.03244344749E+00,+1.35386307165E+00,+1.00615576327E+00
+69.90000E-06,+1.38134421405E+00,+1.02741832195E+00,+1.35386307165E+00,+981.03013547E-03
+69.95000E-06,+1.35621858623E+00,+1.03244344752E+00,+1.32371231817E+00,+981.03013538E-03
+70.00000E-06,+1.34114320950E+00,+1.21837309386E+00,+1.33376256937E+00,+970.97988430E-03
+70.05000E-06,+1.35119346060E+00,+1.37415198654E+00,+1.33878769494E+00,+1.01620601438E+00
+70.10000E-06,+1.37129396295E+00,+1.36912686100E+00,+1.35386307165E+00,+1.00113063773E+00
+70.15000E-06,+1.36124371178E+00,+1.36912686102E+00,+1.35386307165E+00,+996.10551212E-03
+70.20000E-06,+1.34114320949E+00,+1.37917711210E+00,+1.35386307162E+00,+991.08038658E-03
+70.25000E-06,+1.37631908849E+00,+1.35907660984E+00,+1.33878769494E+00,+1.01118088886E+00
+70.30000E-06,+1.33109295832E+00,+1.33897610754E+00,+1.35386307165E+00,+991.08038656E-03
+70.35000E-06,+1.37631908852E+00,+1.34400123309E+00,+1.33376256935E+00,+991.08038656E-03
+70.40000E-06,+1.36124371178E+00,+1.33897610756E+00,+1.31366206707E+00,+991.08038656E-03
+70.45000E-06,+1.34114320949E+00,+1.33897610754E+00,+1.33376256935E+00,+981.03013545E-03
+70.50000E-06,+1.36124371178E+00,+1.35907660984E+00,+1.35386307165E+00,+1.00113063773E+00
+70.55000E-06,+1.34114320949E+00,+1.34400123309E+00,+1.34381282054E+00,+996.10551212E-03
+70.60000E-06,+1.34114320950E+00,+1.01736807078E+00,+1.37396357391E+00,+1.03128139114E+00
+70.65000E-06,+1.36124371178E+00,+1.02239319637E+00,+1.33878769494E+00,+991.08038656E-03
+70.70000E-06,+1.35119346065E+00,+1.01736807078E+00,+1.34381282052E+00,+981.03013540E-03
+70.75000E-06,+1.35621858623E+00,+1.02239319634E+00,+1.33878769491E+00,+991.08038656E-03
+70.80000E-06,+1.34114320954E+00,+997.26756848E-03,+1.33376256935E+00,+991.08038658E-03
+70.85000E-06,+1.34114320949E+00,+1.01736807078E+00,+1.35386307165E+00,+1.01118088886E+00
+70.90000E-06,+1.35119346065E+00,+1.01736807075E+00,+1.35386307165E+00,+991.08038656E-03
+70.95000E-06,+1.33109295830E+00,+1.02239319634E+00,+1.33878769491E+00,+1.03128139116E+00
+71.00000E-06,+1.36124371175E+00,+1.01736807078E+00,+1.35386307167E+00,+1.01118088884E+00
+71.05000E-06,+1.35119346060E+00,+1.02239319637E+00,+1.35888819724E+00,+986.05526097E-03
+71.10000E-06,+1.36124371178E+00,+1.01736807082E+00,+1.34381282048E+00,+1.00113063770E+00
+71.15000E-06,+1.35621858623E+00,+1.03244344752E+00,+1.32873744380E+00,+1.01118088886E+00
+71.20000E-06,+1.32104270722E+00,+1.23847359616E+00,+1.31366206707E+00,+950.87938202E-03
+71.25000E-06,+1.33611808390E+00,+1.33897610754E+00,+1.33376256935E+00,+991.08038656E-03
+71.30000E-06,+1.34114320949E+00,+1.36912686100E+00,+1.34381282052E+00,+1.00113063773E+00
+71.35000E-06,+1.34114320949E+00,+1.36410173539E+00,+1.34883794609E+00,+996.10551212E-03
+71.40000E-06,+1.34114320947E+00,+1.37917711210E+00,+1.31366206709E+00,+1.03128139114E+00
+71.45000E-06,+1.35621858619E+00,+1.34400123313E+00,+1.34381282047E+00,+1.03128139116E+00
+71.50000E-06,+1.35119346062E+00,+1.36912686100E+00,+1.34381282052E+00,+1.02123114003E+00
+71.55000E-06,+1.38134421408E+00,+1.34902635872E+00,+1.32873744380E+00,+1.01118088886E+00
+71.60000E-06,+1.36124371178E+00,+1.35907660984E+00,+1.33376256937E+00,+1.01118088884E+00
+71.65000E-06,+1.35621858619E+00,+1.33897610754E+00,+1.33376256935E+00,+991.08038656E-03
+71.70000E-06,+1.37129396295E+00,+1.35907660984E+00,+1.33376256935E+00,+1.02123114003E+00
+71.75000E-06,+1.34616833504E+00,+1.35907660984E+00,+1.33878769491E+00,+996.10551212E-03
+71.80000E-06,+1.32104270717E+00,+1.01736807076E+00,+1.33376256934E+00,+991.08038656E-03
+71.85000E-06,+1.35621858619E+00,+1.03244344749E+00,+1.36391332276E+00,+1.00113063768E+00
+71.90000E-06,+1.35119346065E+00,+1.02741832195E+00,+1.33376256939E+00,+1.01118088886E+00
+71.95000E-06,+1.36124371178E+00,+1.01736807078E+00,+1.33376256935E+00,+1.00615576330E+00
+72.00000E-06,+1.36124371177E+00,+1.05756907536E+00,+1.33376256934E+00,+991.08038656E-03
+72.05000E-06,+1.34616833508E+00,+1.01736807078E+00,+1.35386307165E+00,+976.00500986E-03
+72.10000E-06,+1.36124371178E+00,+1.03746857308E+00,+1.34381282048E+00,+1.02123114003E+00
+72.15000E-06,+1.36626883734E+00,+1.02741832197E+00,+1.35386307165E+00,+996.10551212E-03
+72.20000E-06,+1.36124371178E+00,+1.01736807078E+00,+1.35386307163E+00,+1.01118088884E+00
+72.25000E-06,+1.36124371178E+00,+1.01736807078E+00,+1.36893844836E+00,+991.08038656E-03
+72.30000E-06,+1.35119346062E+00,+1.02741832195E+00,+1.35386307169E+00,+991.08038660E-03
+72.35000E-06,+1.38134421408E+00,+1.03746857308E+00,+1.34883794609E+00,+1.01118088886E+00
+72.40000E-06,+1.34114320951E+00,+1.23847359618E+00,+1.33376256937E+00,+950.87938201E-03
+72.45000E-06,+1.35621858619E+00,+1.37415198654E+00,+1.33878769495E+00,+1.00615576327E+00
+72.50000E-06,+1.33109295832E+00,+1.35907660984E+00,+1.35386307161E+00,+1.04133164233E+00
+72.55000E-06,+1.36124371178E+00,+1.37415198658E+00,+1.33878769491E+00,+1.01620601442E+00
+72.60000E-06,+1.36124371178E+00,+1.33897610757E+00,+1.35386307165E+00,+991.08038656E-03
+72.65000E-06,+1.34616833508E+00,+1.35907660984E+00,+1.33878769495E+00,+1.00615576327E+00
+72.70000E-06,+1.33109295832E+00,+1.33897610757E+00,+1.34381282052E+00,+1.01118088886E+00
+72.75000E-06,+1.34114320949E+00,+1.34400123309E+00,+1.36893844839E+00,+1.00615576330E+00
+72.80000E-06,+1.34114320949E+00,+1.33897610756E+00,+1.35386307165E+00,+1.03128139116E+00
+72.85000E-06,+1.36124371171E+00,+1.37917711213E+00,+1.35888819724E+00,+991.08038656E-03
+72.90000E-06,+1.35119346065E+00,+1.31887560524E+00,+1.33376256932E+00,+1.00113063769E+00
+72.95000E-06,+1.34616833504E+00,+1.34902635865E+00,+1.34883794609E+00,+981.03013538E-03
+73.00000E-06,+1.36124371175E+00,+1.03746857306E+00,+1.33376256935E+00,+1.03128139109E+00
+73.05000E-06,+1.32606783278E+00,+1.02239319637E+00,+1.34883794606E+00,+1.00615576327E+00
+73.10000E-06,+1.33109295836E+00,+1.01736807078E+00,+1.34381282052E+00,+1.00113063773E+00
+73.15000E-06,+1.33109295830E+00,+1.01736807078E+00,+1.33376256935E+00,+1.01118088886E+00
+73.20000E-06,+1.36124371177E+00,+1.01736807080E+00,+1.35386307163E+00,+1.01118088884E+00
+73.25000E-06,+1.34616833508E+00,+1.03746857308E+00,+1.35386307165E+00,+996.10551216E-03
+73.30000E-06,+1.34114320949E+00,+1.02741832191E+00,+1.34381282052E+00,+1.01118088886E+00
+73.35000E-06,+1.32606783275E+00,+1.01736807078E+00,+1.34381282054E+00,+1.01118088886E+00
+73.40000E-06,+1.34114320949E+00,+1.01736807078E+00,+1.35386307165E+00,+970.97988430E-03
+73.45000E-06,+1.36124371178E+00,+1.04751882419E+00,+1.36893844836E+00,+991.08038656E-03
+73.50000E-06,+1.35119346062E+00,+1.03746857308E+00,+1.33376256935E+00,+1.02123114003E+00
+73.55000E-06,+1.37631908853E+00,+1.01736807078E+00,+1.33376256935E+00,+1.01118088886E+00
+73.60000E-06,+1.30094220491E+00,+1.29877510300E+00,+1.33376256939E+00,+950.87938202E-03
+73.65000E-06,+1.35621858619E+00,+1.37415198654E+00,+1.33376256935E+00,+1.03630651668E+00
+73.70000E-06,+1.34114320949E+00,+1.34902635867E+00,+1.36391332278E+00,+1.01118088886E+00
+73.75000E-06,+1.34616833504E+00,+1.35907660984E+00,+1.35386307165E+00,+1.00615576331E+00
+73.80000E-06,+1.34114320951E+00,+1.37917711211E+00,+1.35386307165E+00,+1.01118088886E+00
+73.85000E-06,+1.34616833508E+00,+1.34902635872E+00,+1.32873744376E+00,+1.02123113997E+00
+73.90000E-06,+1.35119346062E+00,+1.35907660984E+00,+1.34381282048E+00,+1.00113063769E+00
+73.95000E-06,+1.34616833504E+00,+1.35907660984E+00,+1.34883794609E+00,+996.10551212E-03
+74.00000E-06,+1.36124371178E+00,+1.37917711210E+00,+1.33376256937E+00,+991.08038656E-03
+74.05000E-06,+1.34616833508E+00,+1.33395098202E+00,+1.32873744376E+00,+1.01118088886E+00
+74.10000E-06,+1.35119346062E+00,+1.36912686100E+00,+1.34381282048E+00,+1.02123113999E+00
+74.15000E-06,+1.33611808393E+00,+1.35405148428E+00,+1.33878769491E+00,+1.01118088886E+00
+74.20000E-06,+1.36124371177E+00,+1.01736807076E+00,+1.35386307161E+00,+1.03128139114E+00
+74.25000E-06,+1.34616833508E+00,+1.01736807078E+00,+1.35386307165E+00,+976.00500986E-03
+74.30000E-06,+1.34114320949E+00,+1.01736807078E+00,+1.33376256939E+00,+981.03013540E-03
+74.35000E-06,+1.33611808393E+00,+1.01736807078E+00,+1.31868719261E+00,+981.03013538E-03
+74.40000E-06,+1.34114320951E+00,+1.03746857306E+00,+1.35386307165E+00,+1.03128139114E+00
+74.45000E-06,+1.35621858619E+00,+1.03244344749E+00,+1.32371231824E+00,+1.00615576327E+00
+74.50000E-06,+1.35119346062E+00,+1.01736807082E+00,+1.33376256935E+00,+981.03013540E-03
+74.55000E-06,+1.35621858623E+00,+1.03244344752E+00,+1.33376256935E+00,+986.05526101E-03
+74.60000E-06,+1.34114320951E+00,+1.01736807078E+00,+1.33376256937E+00,+1.01118088884E+00
+74.65000E-06,+1.34114320949E+00,+1.03244344749E+00,+1.33376256935E+00,+1.00615576327E+00
+74.70000E-06,+1.36124371178E+00,+1.03746857308E+00,+1.34381282048E+00,+1.01118088886E+00
+74.75000E-06,+1.33611808393E+00,+1.01234294523E+00,+1.35386307165E+00,+1.01620601442E+00
+74.80000E-06,+1.34114320951E+00,+1.23847359616E+00,+1.31366206711E+00,+970.97988429E-03
+74.85000E-06,+1.35119346060E+00,+1.35405148424E+00,+1.35386307165E+00,+996.10551216E-03
+74.90000E-06,+1.36124371178E+00,+1.36912686100E+00,+1.35386307165E+00,+1.02123114003E+00
+74.95000E-06,+1.36124371178E+00,+1.35907660984E+00,+1.33376256935E+00,+991.08038656E-03
+75.00000E-06,+1.36124371178E+00,+1.35907660984E+00,+1.33376256937E+00,+991.08038656E-03
+75.05000E-06,+1.34616833508E+00,+1.35907660984E+00,+1.35386307165E+00,+996.10551216E-03
+75.10000E-06,+1.35119346065E+00,+1.35907660984E+00,+1.34381282052E+00,+1.01118088886E+00
+75.15000E-06,+1.33611808393E+00,+1.35405148428E+00,+1.35386307165E+00,+1.00615576331E+00
+75.20000E-06,+1.34114320951E+00,+1.37917711209E+00,+1.35386307163E+00,+1.03128139112E+00
+75.25000E-06,+1.35621858619E+00,+1.35405148424E+00,+1.35386307165E+00,+1.01118088886E+00
+75.30000E-06,+1.37129396291E+00,+1.35907660987E+00,+1.34381282048E+00,+1.01118088886E+00
+75.35000E-06,+1.37129396297E+00,+1.33897610754E+00,+1.32873744380E+00,+1.01620601442E+00
+75.40000E-06,+1.34114320952E+00,+1.01736807076E+00,+1.35386307165E+00,+1.03128139114E+00
+75.45000E-06,+1.36124371178E+00,+1.01736807078E+00,+1.33878769495E+00,+1.00113063775E+00
+75.50000E-06,+1.36124371178E+00,+1.01736807078E+00,+1.34381282052E+00,+981.03013543E-03
+75.55000E-06,+1.35119346060E+00,+1.02239319634E+00,+1.34883794609E+00,+1.01620601442E+00
+75.60000E-06,+1.38134421406E+00,+997.26756850E-03,+1.33376256937E+00,+991.08038658E-03
+75.65000E-06,+1.35119346067E+00,+1.02239319637E+00,+1.35386307165E+00,+1.00113063775E+00
+75.70000E-06,+1.35119346065E+00,+1.02741832195E+00,+1.34381282048E+00,+1.00113063769E+00
+75.75000E-06,+1.36124371178E+00,+1.02239319634E+00,+1.35888819721E+00,+996.10551212E-03
+75.80000E-06,+1.34114320951E+00,+1.01736807080E+00,+1.33376256937E+00,+1.01118088884E+00
+75.85000E-06,+1.33611808389E+00,+1.01736807078E+00,+1.35386307165E+00,+1.01118088886E+00
+75.90000E-06,+1.36124371178E+00,+1.03746857308E+00,+1.36391332282E+00,+1.00113063769E+00
+75.95000E-06,+1.33611808393E+00,+1.02239319634E+00,+1.35386307165E+00,+1.01118088886E+00
+76.00000E-06,+1.32104270723E+00,+1.33897610758E+00,+1.33376256935E+00,+950.87938205E-03
+76.05000E-06,+1.34616833508E+00,+1.34400123313E+00,+1.31868719265E+00,+996.10551216E-03
+76.10000E-06,+1.35119346065E+00,+1.35907660984E+00,+1.35386307161E+00,+1.00113063773E+00
+76.15000E-06,+1.36124371178E+00,+1.35907660984E+00,+1.34883794609E+00,+1.02625626560E+00
+76.20000E-06,+1.34114320949E+00,+1.35907660984E+00,+1.35386307169E+00,+1.01118088884E+00
+76.25000E-06,+1.35621858619E+00,+1.35907660984E+00,+1.35386307165E+00,+981.03013545E-03
+76.30000E-06,+1.35119346062E+00,+1.33897610754E+00,+1.35386307165E+00,+1.01118088886E+00
+76.35000E-06,+1.35119346067E+00,+1.35907660984E+00,+1.36893844839E+00,+1.02625626560E+00
+76.40000E-06,+1.36124371177E+00,+1.35907660982E+00,+1.35386307163E+00,+991.08038658E-03
+76.45000E-06,+1.34616833508E+00,+1.35405148424E+00,+1.35386307165E+00,+1.02625626557E+00
+76.50000E-06,+1.36124371178E+00,+1.35907660984E+00,+1.34381282052E+00,+991.08038656E-03
+76.55000E-06,+1.34114320949E+00,+1.33395098198E+00,+1.35386307165E+00,+991.08038656E-03
+76.60000E-06,+1.34114320947E+00,+1.01736807078E+00,+1.35386307165E+00,+1.01118088884E+00
+76.65000E-06,+1.35621858619E+00,+1.01736807078E+00,+1.35386307165E+00,+991.08038656E-03
+76.70000E-06,+1.36124371178E+00,+1.01736807074E+00,+1.34381282048E+00,+1.00113063769E+00
+76.75000E-06,+1.34114320949E+00,+1.01736807078E+00,+1.31868719261E+00,+1.00113063775E+00
+76.80000E-06,+1.32104270725E+00,+1.01736807078E+00,+1.33376256937E+00,+1.01118088884E+00
+76.85000E-06,+1.33611808389E+00,+1.03244344749E+00,+1.33878769495E+00,+1.01118088886E+00
+76.90000E-06,+1.35119346066E+00,+1.00731781965E+00,+1.34381282052E+00,+991.08038656E-03
+76.95000E-06,+1.34114320949E+00,+1.01736807078E+00,+1.35386307165E+00,+1.00615576331E+00
+77.00000E-06,+1.34114320951E+00,+1.07766957762E+00,+1.31366206707E+00,+1.03128139114E+00
+77.05000E-06,+1.34114320949E+00,+1.03746857308E+00,+1.35386307165E+00,+991.08038656E-03
+77.10000E-06,+1.36124371175E+00,+1.01736807078E+00,+1.32371231822E+00,+1.01118088886E+00
+77.15000E-06,+1.36626883734E+00,+1.01736807078E+00,+1.33878769491E+00,+1.00615576331E+00
+77.20000E-06,+1.34114320951E+00,+1.31887560528E+00,+1.35386307161E+00,+970.97988429E-03
+77.25000E-06,+1.34114320949E+00,+1.36912686095E+00,+1.34883794606E+00,+1.00615576327E+00
+77.30000E-06,+1.35119346066E+00,+1.36912686096E+00,+1.35386307165E+00,+1.00113063773E+00
+77.35000E-06,+1.34616833504E+00,+1.35907660984E+00,+1.36391332284E+00,+1.01620601442E+00
+77.40000E-06,+1.34114320949E+00,+1.35907660984E+00,+1.35386307163E+00,+1.01118088886E+00
+77.45000E-06,+1.34616833508E+00,+1.36410173543E+00,+1.37396357395E+00,+1.00615576327E+00
+77.50000E-06,+1.35119346066E+00,+1.35907660984E+00,+1.35386307165E+00,+991.08038656E-03
+77.55000E-06,+1.36124371178E+00,+1.35405148428E+00,+1.34883794610E+00,+991.08038656E-03
+77.60000E-06,+1.34114320949E+00,+1.35907660984E+00,+1.35386307165E+00,+970.97988432E-03
+77.65000E-06,+1.34114320949E+00,+1.33897610754E+00,+1.31868719265E+00,+991.08038656E-03
+77.70000E-06,+1.34114320949E+00,+1.35907660984E+00,+1.35386307165E+00,+991.08038653E-03
+77.75000E-06,+1.36124371178E+00,+1.35907660984E+00,+1.34883794610E+00,+1.01118088886E+00
+77.80000E-06,+1.36124371177E+00,+1.07766957758E+00,+1.33376256935E+00,+1.03128139112E+00
+77.85000E-06,+1.36124371178E+00,+1.01736807078E+00,+1.35386307165E+00,+1.01118088886E+00
+77.90000E-06,+1.33109295836E+00,+1.01736807078E+00,+1.35386307165E+00,+981.03013543E-03
+77.95000E-06,+1.36124371178E+00,+1.01736807078E+00,+1.35386307165E+00,+1.01118088886E+00
+78.00000E-06,+1.34114320951E+00,+1.01736807076E+00,+1.35386307163E+00,+1.01118088884E+00
+78.05000E-06,+1.36124371178E+00,+1.02239319638E+00,+1.33376256935E+00,+1.00113063767E+00
+78.10000E-06,+1.33109295836E+00,+1.03746857308E+00,+1.34381282044E+00,+1.01118088890E+00
+78.15000E-06,+1.34114320949E+00,+1.01234294523E+00,+1.34883794610E+00,+1.00615576331E+00
+78.20000E-06,+1.34114320947E+00,+1.03746857306E+00,+1.35386307165E+00,+1.01118088886E+00
+78.25000E-06,+1.36124371178E+00,+1.01736807078E+00,+1.35386307165E+00,+991.08038656E-03
+78.30000E-06,+1.36124371178E+00,+1.01736807078E+00,+1.32371231822E+00,+991.08038656E-03
+78.35000E-06,+1.33611808393E+00,+1.01736807078E+00,+1.35386307165E+00,+1.03128139116E+00
+78.40000E-06,+1.32104270721E+00,+1.25857409845E+00,+1.31366206709E+00,+970.97988431E-03
+78.45000E-06,+1.36124371178E+00,+1.35907660984E+00,+1.33878769495E+00,+991.08038656E-03
+78.50000E-06,+1.34114320953E+00,+1.35907660980E+00,+1.33376256935E+00,+1.00113063773E+00
+78.55000E-06,+1.36124371178E+00,+1.35907660984E+00,+1.35386307165E+00,+1.01118088886E+00
+78.60000E-06,+1.34114320947E+00,+1.33897610754E+00,+1.33376256937E+00,+970.97988429E-03
+78.65000E-06,+1.34114320949E+00,+1.37415198654E+00,+1.35386307165E+00,+986.05526097E-03
+78.70000E-06,+1.34114320949E+00,+1.34902635871E+00,+1.34381282048E+00,+1.01118088886E+00
+78.75000E-06,+1.34114320949E+00,+1.35405148428E+00,+1.33878769491E+00,+1.01118088886E+00
+78.80000E-06,+1.36124371178E+00,+1.35907660985E+00,+1.35386307165E+00,+1.03128139114E+00
+78.85000E-06,+1.36124371178E+00,+1.33897610754E+00,+1.35386307165E+00,+1.00615576327E+00
+78.90000E-06,+1.34114320945E+00,+1.35907660980E+00,+1.34381282048E+00,+991.08038660E-03
+78.95000E-06,+1.35621858623E+00,+1.34400123309E+00,+1.32873744380E+00,+1.01118088886E+00
+79.00000E-06,+1.34114320947E+00,+1.05756907532E+00,+1.35386307163E+00,+1.01118088882E+00
+79.05000E-06,+1.36626883738E+00,+1.03244344748E+00,+1.34883794606E+00,+976.00500986E-03
+79.10000E-06,+1.34114320949E+00,+1.02741832195E+00,+1.35386307165E+00,+991.08038656E-03
+79.15000E-06,+1.35621858623E+00,+1.01736807078E+00,+1.32873744380E+00,+1.01118088886E+00
+79.20000E-06,+1.34114320951E+00,+997.26756850E-03,+1.33376256935E+00,+991.08038656E-03
+79.25000E-06,+1.35621858619E+00,+1.03746857308E+00,+1.34381282054E+00,+991.08038656E-03
+79.30000E-06,+1.36124371178E+00,+1.02741832195E+00,+1.35386307165E+00,+1.00113063769E+00
+79.35000E-06,+1.34114320949E+00,+1.02741832197E+00,+1.35386307165E+00,+991.08038656E-03
+79.40000E-06,+1.34114320949E+00,+1.01736807082E+00,+1.35386307165E+00,+991.08038656E-03
+79.45000E-06,+1.36626883738E+00,+1.03244344748E+00,+1.32873744376E+00,+1.01118088886E+00
+79.50000E-06,+1.34114320945E+00,+1.01736807078E+00,+1.33376256935E+00,+991.08038656E-03
+79.55000E-06,+1.37631908853E+00,+1.03746857308E+00,+1.35386307165E+00,+996.10551212E-03
+79.60000E-06,+1.34114320949E+00,+1.23847359619E+00,+1.31366206712E+00,+950.87938203E-03
+79.65000E-06,+1.34616833508E+00,+1.35907660984E+00,+1.33376256935E+00,+1.03630651667E+00
+79.70000E-06,+1.36124371174E+00,+1.35907660979E+00,+1.37396357391E+00,+1.00113063773E+00
+79.75000E-06,+1.34114320949E+00,+1.37917711213E+00,+1.33878769491E+00,+1.01620601442E+00
+79.80000E-06,+1.34114320949E+00,+1.33897610754E+00,+1.33376256935E+00,+991.08038658E-03
+79.85000E-06,+1.36124371178E+00,+1.36410173543E+00,+1.35386307165E+00,+986.05526105E-03
+79.90000E-06,+1.36124371182E+00,+1.36912686100E+00,+1.34381282048E+00,+991.08038656E-03
+79.95000E-06,+1.34616833504E+00,+1.35907660984E+00,+1.35888819720E+00,+1.00113063775E+00
