x-axis,1,2,3,4
second,Volt,Volt,Volt,Volt
-21.00000E-06,,,,
-20.95000E-06,,,,
-20.90000E-06,+547.73867689E-03,+533.51255797E-03,+543.59295324E-03,-6.47613464E-03
-20.85000E-06,+547.73867689E-03,+544.81909052E-03,+534.79898348E-03,-1.95352163E-03
-20.80000E-06,+547.73867689E-03,+525.97486961E-03,+515.95476258E-03,-1.19975279E-03
-20.75000E-06,+531.40701877E-03,+524.71858822E-03,+531.03013930E-03,-1.45100907E-03
-20.70000E-06,+547.73867689E-03,+544.81909052E-03,+546.10551603E-03,-10.99874766E-03
-20.65000E-06,+547.73867689E-03,+524.71858822E-03,+534.79898348E-03,-5.97362209E-03
-20.60000E-06,+565.32661640E-03,+524.71858822E-03,+536.05526488E-03,-4.71734069E-03
-20.55000E-06,+547.73867689E-03,+541.05024633E-03,+534.79898348E-03,-4.71734069E-03
-20.50000E-06,+547.73867689E-03,+533.51255797E-03,+526.00501373E-03,-2.95854674E-03
-20.45000E-06,+547.73867689E-03,+537.28140215E-03,+528.51757652E-03,-7.48115976E-03
-20.40000E-06,+547.73867689E-03,+543.56280912E-03,+554.89948578E-03,-8.48618487E-03
-20.35000E-06,+547.73867689E-03,+524.71858822E-03,+518.46732537E-03,-3.96357186E-03
-20.30000E-06,+536.43214435E-03,+524.71858822E-03,+543.59295324E-03,-5.21985325E-03
-20.25000E-06,+554.02008386E-03,+538.53768355E-03,+554.89948578E-03,-1.95352163E-03
-20.20000E-06,+548.99495828E-03,+524.71858822E-03,+534.79898348E-03,-4.71734069E-03
-20.15000E-06,+531.40701877E-03,+524.71858822E-03,+547.36179742E-03,+3.32286023E-03
-20.10000E-06,+550.25123968E-03,+544.81909052E-03,+526.00501373E-03,-4.71734069E-03
-20.05000E-06,+533.91958156E-03,+530.99999519E-03,+542.33667185E-03,-4.71734069E-03
-20.00000E-06,+528.89445599E-03,+524.71858822E-03,+534.79898348E-03,-8.48618487E-03
-19.95000E-06,+551.50752107E-03,+541.05024633E-03,+534.79898348E-03,-3.96357186E-03
-19.90000E-06,+547.73867689E-03,+536.02512076E-03,+534.79898348E-03,-697.24023E-06
-19.85000E-06,+547.73867689E-03,+524.71858822E-03,+541.08039045E-03,-697.24023E-06
-19.80000E-06,+546.48239550E-03,+563.66331142E-03,+534.79898348E-03,-8.48618487E-03
-19.75000E-06,+527.63817459E-03,+544.81909052E-03,+534.79898348E-03,-697.24023E-06
-19.70000E-06,+538.94470714E-03,+524.71858822E-03,+534.79898348E-03,-2.95854674E-03
-19.65000E-06,+541.45726992E-03,+524.71858822E-03,+528.51757652E-03,-4.71734069E-03
-19.60000E-06,+566.58289779E-03,+544.81909052E-03,+534.79898348E-03,-4.46608441E-03
-19.55000E-06,+531.40701877E-03,+544.81909052E-03,+531.03013930E-03,-4.71734069E-03
-19.50000E-06,+516.33164205E-03,+524.71858822E-03,+532.28642070E-03,-6.47613464E-03
-19.45000E-06,+533.91958156E-03,+558.63818585E-03,+527.26129512E-03,+810.29744E-06
-19.40000E-06,+566.58289779E-03,+524.71858822E-03,+534.79898348E-03,-4.71734069E-03
-19.35000E-06,+520.10048623E-03,+557.38190445E-03,+551.13064160E-03,-7.22990348E-03
-19.30000E-06,+527.63817459E-03,+544.81909052E-03,+534.79898348E-03,-8.73744115E-03
-19.25000E-06,+554.02008386E-03,+538.53768355E-03,+514.69848119E-03,-1.95352163E-03
-19.20000E-06,+548.99495828E-03,+543.56280912E-03,+515.95476258E-03,-5.21985325E-03
-19.15000E-06,+523.86933041E-03,+544.81909052E-03,+534.79898348E-03,-7.98367232E-03
-19.10000E-06,+538.94470714E-03,+553.61306027E-03,+526.00501373E-03,-6.97864720E-03
-19.05000E-06,+547.73867689E-03,+558.63818585E-03,+514.69848119E-03,-1.95352163E-03
-19.00000E-06,+547.73867689E-03,+543.56280912E-03,+553.64320439E-03,-4.46608441E-03
-18.95000E-06,+560.30149083E-03,+528.48743240E-03,+538.56782767E-03,+1.81532255E-03
-18.90000E-06,+538.94470714E-03,+524.71858822E-03,+523.49245094E-03,-4.71734069E-03
-18.85000E-06,+547.73867689E-03,+538.53768355E-03,+541.08039045E-03,-4.71734069E-03
-18.80000E-06,+547.73867689E-03,+544.81909052E-03,+536.05526488E-03,-4.71734069E-03
-18.75000E-06,+543.96983271E-03,+528.48743240E-03,+534.79898348E-03,-5.47110953E-03
-18.70000E-06,+547.73867689E-03,+533.51255797E-03,+534.79898348E-03,-2.45603418E-03
-18.65000E-06,+561.55777222E-03,+530.99999519E-03,+547.36179742E-03,-5.97362209E-03
-18.60000E-06,+528.89445599E-03,+525.97486961E-03,+515.95476258E-03,-4.46608441E-03
-18.55000E-06,+564.07033501E-03,+548.58793470E-03,+534.79898348E-03,-2.20477791E-03
-18.50000E-06,+536.43214435E-03,+553.61306027E-03,+526.00501373E-03,-6.47613464E-03
-18.45000E-06,+561.55777222E-03,+530.99999519E-03,+528.51757652E-03,-1.95352163E-03
-18.40000E-06,+547.73867689E-03,+525.97486961E-03,+533.54270209E-03,-8.73744115E-03
-18.35000E-06,+540.20098853E-03,+544.81909052E-03,+531.03013930E-03,-4.71734069E-03
-18.30000E-06,+559.04520943E-03,+564.91959281E-03,+534.79898348E-03,-2.45603418E-03
-18.25000E-06,+547.73867689E-03,+544.81909052E-03,+554.89948578E-03,-697.24023E-06
-18.20000E-06,+546.48239550E-03,+505.87436731E-03,+534.79898348E-03,-8.48618487E-03
-18.15000E-06,+535.17586296E-03,+561.15074863E-03,+522.23616955E-03,-3.20980302E-03
-18.10000E-06,+536.43214435E-03,+536.02512076E-03,+537.31154627E-03,-6.47613464E-03
-18.05000E-06,+547.73867689E-03,+530.99999519E-03,+520.97988815E-03,-7.48115976E-03
-18.00000E-06,+547.73867689E-03,+544.81909052E-03,+554.89948578E-03,-4.96859697E-03
-17.95000E-06,+531.40701878E-03,+524.71858822E-03,+551.13064160E-03,-7.98367232E-03
-17.90000E-06,+545.22611411E-03,+533.51255797E-03,+546.10551603E-03,-4.71734069E-03
-17.85000E-06,+541.45726992E-03,+558.63818585E-03,+548.61807881E-03,-3.20980302E-03
-17.80000E-06,+528.89445599E-03,+525.97486961E-03,+536.05526488E-03,-5.21985325E-03
-17.75000E-06,+547.73867689E-03,+524.71858822E-03,+551.13064160E-03,-8.73744115E-03
-17.70000E-06,+559.04520943E-03,+536.02512076E-03,+534.79898348E-03,+1.56406627E-03
-17.65000E-06,+567.83917919E-03,+537.28140215E-03,+547.36179742E-03,-2.20477791E-03
-17.60000E-06,+527.63817459E-03,+524.71858822E-03,+497.11054168E-03,-4.46608441E-03
-17.55000E-06,+547.73867689E-03,+541.05024633E-03,+531.03013930E-03,-4.71734069E-03
-17.50000E-06,+556.53264665E-03,+544.81909052E-03,+534.79898348E-03,-6.97864720E-03
-17.45000E-06,+554.02008386E-03,+538.53768355E-03,+534.79898348E-03,-4.71734069E-03
-17.40000E-06,+547.73867689E-03,+562.40703003E-03,+515.95476258E-03,-4.71734069E-03
-17.35000E-06,+543.96983271E-03,+524.71858822E-03,+531.03013930E-03,-697.24023E-06
-17.30000E-06,+545.22611411E-03,+524.71858822E-03,+546.10551603E-03,-2.95854674E-03
-17.25000E-06,+541.45726992E-03,+544.81909052E-03,+527.26129512E-03,-7.48115976E-03
-17.20000E-06,+547.73867689E-03,+544.81909052E-03,+534.79898348E-03,-8.23492860E-03
-17.15000E-06,+531.40701878E-03,+541.05024633E-03,+534.79898348E-03,-1.45100907E-03
-17.10000E-06,+547.73867689E-03,+524.71858822E-03,+523.49245094E-03,-697.24023E-06
-17.05000E-06,+527.63817459E-03,+538.53768355E-03,+541.08039045E-03,-1.95352163E-03
-17.00000E-06,+528.89445599E-03,+527.23115100E-03,+514.69848119E-03,-4.96859697E-03
-16.95000E-06,+515.07536066E-03,+544.81909052E-03,+554.89948578E-03,-4.71734069E-03
-16.90000E-06,+550.25123968E-03,+530.99999519E-03,+546.10551603E-03,-697.24023E-06
-16.85000E-06,+555.27636525E-03,+544.81909052E-03,+520.97988815E-03,-5.97362209E-03
-16.80000E-06,+526.38189320E-03,+562.40703003E-03,+536.05526488E-03,-8.73744115E-03
-16.75000E-06,+535.17586296E-03,+528.48743240E-03,+551.13064160E-03,-4.71734069E-03
-16.70000E-06,+538.94470713E-03,+562.40703003E-03,+534.79898348E-03,-8.73744115E-03
-16.65000E-06,+561.55777222E-03,+558.63818585E-03,+520.97988815E-03,-7.48115976E-03
-16.60000E-06,+527.63817459E-03,+546.07537191E-03,+552.38692300E-03,-4.71734069E-03
-16.55000E-06,+547.73867689E-03,+544.81909052E-03,+538.56782767E-03,-697.24023E-06
-16.50000E-06,+538.94470713E-03,+524.71858822E-03,+526.00501373E-03,-2.95854674E-03
-16.45000E-06,+547.73867689E-03,+530.99999518E-03,+547.36179742E-03,-697.24023E-06
-16.40000E-06,+566.58289780E-03,+543.56280912E-03,+534.79898348E-03,-4.46608441E-03
-16.35000E-06,+567.83917919E-03,+532.25627658E-03,+554.89948578E-03,-3.96357186E-03
-16.30000E-06,+547.73867689E-03,+533.51255797E-03,+557.41204857E-03,-4.71734069E-03
-16.25000E-06,+547.73867689E-03,+544.81909052E-03,+520.97988815E-03,-5.97362209E-03
-16.20000E-06,+510.05023508E-03,+524.71858822E-03,+534.79898348E-03,-948.49651E-06
-16.15000E-06,+540.20098853E-03,+541.05024633E-03,+554.89948578E-03,-4.71734069E-03
-16.10000E-06,+547.73867689E-03,+553.61306027E-03,+523.49245094E-03,-2.45603418E-03
-16.05000E-06,+561.55777222E-03,+538.53768355E-03,+528.51757652E-03,-1.95352163E-03
-16.00000E-06,+548.99495828E-03,+524.71858822E-03,+534.79898348E-03,-697.24023E-06
-15.95000E-06,+535.17586296E-03,+541.05024633E-03,+551.13064160E-03,-7.22990348E-03
-15.90000E-06,+547.73867689E-03,+536.02512076E-03,+543.59295324E-03,+1.06155372E-03
-15.85000E-06,+547.73867689E-03,+552.35677888E-03,+527.26129512E-03,-8.98869743E-03
-15.80000E-06,+548.99495828E-03,+544.81909052E-03,+534.79898348E-03,-4.96859697E-03
-15.75000E-06,+543.96983271E-03,+544.81909052E-03,+522.23616955E-03,-4.71734069E-03
-15.70000E-06,+525.12561181E-03,+524.71858822E-03,+526.00501373E-03,-2.95854674E-03
-15.65000E-06,+540.20098853E-03,+538.53768355E-03,+534.79898348E-03,-8.73744115E-03
-15.60000E-06,+566.58289780E-03,+525.97486961E-03,+536.05526488E-03,-5.21985325E-03
-15.55000E-06,+551.50752107E-03,+528.48743240E-03,+534.79898348E-03,-1.45100907E-03
-15.50000E-06,+556.53264665E-03,+544.81909052E-03,+523.49245094E-03,-697.24023E-06
-15.45000E-06,+561.55777222E-03,+524.71858822E-03,+534.79898348E-03,-5.97362209E-03
-15.40000E-06,+546.48239550E-03,+543.56280912E-03,+553.64320439E-03,-4.71734069E-03
-15.35000E-06,+564.07033501E-03,+544.81909052E-03,+551.13064160E-03,-4.71734069E-03
-15.30000E-06,+547.73867689E-03,+533.51255797E-03,+543.59295324E-03,-4.71734069E-03
-15.25000E-06,+555.27636526E-03,+530.99999518E-03,+548.61807882E-03,-697.24023E-06
-15.20000E-06,+547.73867689E-03,+543.56280912E-03,+536.05526488E-03,-4.96859697E-03
-15.15000E-06,+531.40701878E-03,+541.05024633E-03,+518.46732537E-03,-7.98367232E-03
-15.10000E-06,+525.12561181E-03,+524.71858822E-03,+543.59295324E-03,-697.24023E-06
-15.05000E-06,+527.63817459E-03,+544.81909052E-03,+534.79898348E-03,-3.46105930E-03
-15.00000E-06,+566.58289780E-03,+543.56280912E-03,+536.05526488E-03,-8.48618487E-03
-14.95000E-06,+547.73867689E-03,+524.71858822E-03,+518.46732537E-03,-4.71734069E-03
-14.90000E-06,+547.73867689E-03,+533.51255797E-03,+554.89948578E-03,-6.47613464E-03
-14.85000E-06,+540.20098853E-03,+530.99999518E-03,+528.51757652E-03,-4.71734069E-03
-14.80000E-06,+528.89445599E-03,+544.81909052E-03,+515.95476258E-03,-4.46608441E-03
-14.75000E-06,+547.73867689E-03,+524.71858822E-03,+534.79898348E-03,-697.24023E-06
-14.70000E-06,+527.63817459E-03,+536.02512076E-03,+523.49245094E-03,-8.23492860E-03
-14.65000E-06,+561.55777222E-03,+530.99999518E-03,+554.89948578E-03,-11.50126022E-03
-14.60000E-06,+528.89445599E-03,+524.71858822E-03,+534.79898348E-03,-8.73744115E-03
-14.55000E-06,+540.20098853E-03,+528.48743240E-03,+534.79898348E-03,-697.24023E-06
-14.50000E-06,+556.53264665E-03,+544.81909052E-03,+543.59295324E-03,-5.21985325E-03
-14.45000E-06,+527.63817459E-03,+544.81909052E-03,+534.79898348E-03,-7.48115976E-03
-14.40000E-06,+528.89445599E-03,+543.56280912E-03,+515.95476258E-03,-948.49651E-06
-14.35000E-06,+564.07033501E-03,+528.48743240E-03,+551.13064160E-03,-7.98367232E-03
-14.30000E-06,+527.63817459E-03,+536.02512076E-03,+534.79898348E-03,-697.24023E-06
-14.25000E-06,+555.27636526E-03,+544.81909052E-03,+534.79898348E-03,-697.24023E-06
-14.20000E-06,+547.73867689E-03,+562.40703003E-03,+554.89948578E-03,-4.21482814E-03
-14.15000E-06,+551.50752107E-03,+524.71858822E-03,+514.69848119E-03,-5.47110953E-03
-14.10000E-06,+536.43214435E-03,+536.02512076E-03,+526.00501373E-03,-6.97864720E-03
-14.05000E-06,+547.73867689E-03,+537.28140215E-03,+514.69848119E-03,-4.71734069E-03
-14.00000E-06,+546.48239550E-03,+524.71858822E-03,+554.89948578E-03,-8.48618487E-03
-13.95000E-06,+547.73867689E-03,+541.05024633E-03,+534.79898348E-03,-3.96357186E-03
-13.90000E-06,+547.73867689E-03,+524.71858822E-03,+523.49245094E-03,-6.47613464E-03
-13.85000E-06,+533.91958156E-03,+524.71858822E-03,+527.26129512E-03,-4.71734069E-03
-13.80000E-06,+530.15073738E-03,+544.81909052E-03,+536.05526488E-03,-4.71734069E-03
-13.75000E-06,+527.63817459E-03,+557.38190445E-03,+547.36179742E-03,-3.96357186E-03
-13.70000E-06,+559.04520943E-03,+536.02512076E-03,+523.49245094E-03,-4.21482814E-03
-13.65000E-06,+561.55777222E-03,+558.63818585E-03,+534.79898348E-03,-7.48115976E-03
-13.60000E-06,+547.73867689E-03,+544.81909052E-03,+553.64320439E-03,-1.19975279E-03
-13.55000E-06,+531.40701878E-03,+528.48743240E-03,+538.56782767E-03,-4.71734069E-03
-13.50000E-06,+536.43214435E-03,+536.02512076E-03,+523.49245094E-03,-4.71734069E-03
-13.45000E-06,+567.83917919E-03,+538.53768355E-03,+548.61807882E-03,-4.71734069E-03
-13.40000E-06,+548.99495828E-03,+563.66331142E-03,+534.79898348E-03,-948.49651E-06
-13.35000E-06,+547.73867689E-03,+544.81909052E-03,+522.23616955E-03,-3.96357186E-03
-13.30000E-06,+536.43214435E-03,+533.51255797E-03,+526.00501373E-03,-5.21985325E-03
-13.25000E-06,+533.91958156E-03,+524.71858822E-03,+528.51757652E-03,-5.97362209E-03
-13.20000E-06,+530.15073738E-03,+544.81909052E-03,+534.79898348E-03,-4.21482814E-03
-13.15000E-06,+531.40701878E-03,+544.81909052E-03,+551.13064160E-03,-9.49120999E-03
-13.10000E-06,+507.53767230E-03,+544.81909052E-03,+534.79898348E-03,-4.71734069E-03
-13.05000E-06,+535.17586296E-03,+524.71858822E-03,+548.61807882E-03,-1.95352163E-03
-13.00000E-06,+530.15073738E-03,+525.97486961E-03,+536.05526488E-03,-8.23492860E-03
-12.95000E-06,+547.73867689E-03,+544.81909052E-03,+531.03013930E-03,-4.71734069E-03
-12.90000E-06,+527.63817459E-03,+515.92461846E-03,+543.59295324E-03,-10.49623510E-03
-12.85000E-06,+567.83917919E-03,+538.53768355E-03,+542.33667185E-03,-4.71734069E-03
-12.80000E-06,+565.32661640E-03,+562.40703003E-03,+514.69848119E-03,-4.21482814E-03
-12.75000E-06,+551.50752107E-03,+541.05024633E-03,+534.79898348E-03,-3.96357186E-03
-12.70000E-06,+547.73867689E-03,+524.71858822E-03,+526.00501373E-03,-4.71734069E-03
-12.65000E-06,+540.20098853E-03,+552.35677888E-03,+533.54270209E-03,-3.46105930E-03
-12.60000E-06,+546.48239550E-03,+543.56280912E-03,+534.79898348E-03,-948.49651E-06
-12.55000E-06,+511.30651648E-03,+544.81909052E-03,+518.46732537E-03,-1.45100907E-03
-12.50000E-06,+527.63817459E-03,+524.71858822E-03,+546.10551603E-03,-2.95854674E-03
-12.45000E-06,+547.73867689E-03,+551.10049748E-03,+534.79898348E-03,-7.48115976E-03
-12.40000E-06,+547.73867689E-03,+543.56280912E-03,+534.79898348E-03,-12.25502905E-03
-12.35000E-06,+518.84420484E-03,+544.81909052E-03,+534.79898348E-03,-3.96357186E-03
-12.30000E-06,+527.63817459E-03,+533.51255797E-03,+534.79898348E-03,-4.21482814E-03
-12.25000E-06,+533.91958156E-03,+544.81909052E-03,+520.97988815E-03,-5.97362209E-03
-12.20000E-06,+530.15073738E-03,+562.40703003E-03,+554.89948578E-03,-697.24023E-06
-12.15000E-06,+540.20098853E-03,+544.81909052E-03,+514.69848119E-03,-7.98367232E-03
-12.10000E-06,+536.43214435E-03,+544.81909052E-03,+523.49245094E-03,-2.95854674E-03
-12.05000E-06,+547.73867689E-03,+544.81909052E-03,+528.51757652E-03,-4.71734069E-03
-12.00000E-06,+510.05023508E-03,+546.07537191E-03,+517.21104397E-03,-4.71734069E-03
-11.95000E-06,+543.96983271E-03,+544.81909052E-03,+534.79898348E-03,-4.71734069E-03
-11.90000E-06,+536.43214435E-03,+536.02512076E-03,+534.79898348E-03,-4.71734069E-03
-11.85000E-06,+541.45726992E-03,+524.71858822E-03,+534.79898348E-03,+810.29744E-06
-11.80000E-06,+548.99495828E-03,+544.81909052E-03,+533.54270209E-03,-8.48618487E-03
-11.75000E-06,+547.73867689E-03,+528.48743240E-03,+534.79898348E-03,-2.20477791E-03
-11.70000E-06,+536.43214435E-03,+533.51255797E-03,+537.31154627E-03,-6.97864720E-03
-11.65000E-06,+555.27636525E-03,+544.81909052E-03,+548.61807882E-03,-2.20477791E-03
-11.60000E-06,+530.15073738E-03,+544.81909052E-03,+534.79898348E-03,-8.23492860E-03
-11.55000E-06,+547.73867689E-03,+548.58793470E-03,+534.79898348E-03,-1.45100907E-03
-11.50000E-06,+527.63817459E-03,+524.71858822E-03,+534.79898348E-03,-2.95854674E-03
-11.45000E-06,+547.73867689E-03,+544.81909052E-03,+534.79898348E-03,-1.95352163E-03
-11.40000E-06,+547.73867689E-03,+544.81909052E-03,+534.79898348E-03,-4.96859697E-03
-11.35000E-06,+543.96983271E-03,+541.05024633E-03,+547.36179742E-03,-2.20477791E-03
-11.30000E-06,+536.43214435E-03,+536.02512076E-03,+543.59295324E-03,-697.24023E-06
-11.25000E-06,+533.91958156E-03,+524.71858822E-03,+548.61807882E-03,-697.24023E-06
-11.20000E-06,+548.99495828E-03,+525.97486961E-03,+517.21104397E-03,-4.96859697E-03
-11.15000E-06,+547.73867689E-03,+524.71858822E-03,+514.69848119E-03,-7.98367232E-03
-11.10000E-06,+547.73867689E-03,+536.02512076E-03,+534.79898348E-03,-4.21482814E-03
-11.05000E-06,+555.27636525E-03,+544.81909052E-03,+547.36179742E-03,-7.48115976E-03
-11.00000E-06,+528.89445599E-03,+524.71858822E-03,+553.64320439E-03,-8.48618487E-03
-10.95000E-06,+531.40701878E-03,+524.71858822E-03,+551.13064160E-03,-4.71734069E-03
-10.90000E-06,+527.63817459E-03,+553.61306027E-03,+546.10551603E-03,-8.73744115E-03
-10.85000E-06,+512.56279787E-03,+538.53768355E-03,+520.97988815E-03,-4.71734069E-03
-10.80000E-06,+547.73867689E-03,+527.23115100E-03,+515.95476258E-03,-8.48618487E-03
-10.75000E-06,+551.50752107E-03,+544.81909052E-03,+538.56782767E-03,-4.71734069E-03
-10.70000E-06,+536.43214435E-03,+544.81909052E-03,+546.10551603E-03,-10.99874766E-03
-10.65000E-06,+547.73867689E-03,+530.99999518E-03,+534.79898348E-03,-6.22487837E-03
-10.60000E-06,+530.15073738E-03,+544.81909052E-03,+515.95476258E-03,-8.48618487E-03
-10.55000E-06,+527.63817459E-03,+544.81909052E-03,+538.56782767E-03,-4.71734069E-03
-10.50000E-06,+559.04520943E-03,+524.71858822E-03,+534.79898348E-03,-2.95854674E-03
-10.45000E-06,+555.27636525E-03,+538.53768355E-03,+522.23616955E-03,-697.24023E-06
-10.40000E-06,+546.48239550E-03,+524.71858822E-03,+513.44219979E-03,-8.98869743E-03
-10.35000E-06,+547.73867689E-03,+524.71858822E-03,+534.79898348E-03,-6.47613464E-03
-10.30000E-06,+530.15073738E-03,+556.12562306E-03,+526.00501373E-03,-4.71734069E-03
-10.25000E-06,+547.73867689E-03,+530.99999518E-03,+534.79898348E-03,-2.20477791E-03
-10.20000E-06,+546.48239550E-03,+524.71858822E-03,+534.79898348E-03,-948.49651E-06
-10.15000E-06,+527.63817459E-03,+524.71858822E-03,+538.56782767E-03,-1.45100907E-03
-10.10000E-06,+545.22611411E-03,+524.71858822E-03,+526.00501373E-03,-4.71734069E-03
-10.05000E-06,+533.91958156E-03,+524.71858822E-03,+527.26129512E-03,-697.24023E-06
-10.00000E-06,+567.83917919E-03,+524.71858822E-03,+534.79898348E-03,-8.23492860E-03
-9.95000E-06,+535.17586296E-03,+508.38693010E-03,+534.79898348E-03,-1.45100907E-03
-9.90000E-06,+556.53264665E-03,+524.71858822E-03,+534.79898348E-03,-4.71734069E-03
-9.85000E-06,+535.17586296E-03,+524.71858822E-03,+514.69848119E-03,-4.71734069E-03
-9.80000E-06,+530.15073738E-03,+524.71858822E-03,+514.69848119E-03,-4.96859697E-03
-9.75000E-06,+564.07033501E-03,+544.81909052E-03,+551.13064160E-03,-12.00377278E-03
-9.70000E-06,+538.94470713E-03,+533.51255797E-03,+523.49245094E-03,-2.45603418E-03
-9.65000E-06,+535.17586296E-03,+518.43718125E-03,+534.79898348E-03,-948.49651E-06
-9.60000E-06,+528.89445599E-03,+543.56280912E-03,+515.95476258E-03,-8.23492860E-03
-9.55000E-06,+515.07536066E-03,+544.81909052E-03,+514.69848119E-03,-697.24023E-06
-9.50000E-06,+570.35174197E-03,+544.81909052E-03,+546.10551603E-03,-2.45603418E-03
-9.45000E-06,+561.55777222E-03,+537.28140215E-03,+548.61807881E-03,-5.97362209E-03
-9.40000E-06,+548.99495828E-03,+527.23115100E-03,+572.48742529E-03,-4.46608441E-03
-9.35000E-06,+518.84420484E-03,+528.48743240E-03,+518.46732537E-03,-8.73744115E-03
-9.30000E-06,+536.43214435E-03,+524.71858822E-03,+517.21104397E-03,-5.21985325E-03
-9.25000E-06,+541.45726992E-03,+524.71858822E-03,+548.61807881E-03,-1.95352163E-03
-9.20000E-06,+547.73867689E-03,+543.56280912E-03,+554.89948578E-03,-4.71734069E-03
-9.15000E-06,+564.07033501E-03,+544.81909052E-03,+554.89948578E-03,-1.45100907E-03
-9.10000E-06,+536.43214435E-03,+533.51255797E-03,+523.49245094E-03,-6.47613464E-03
-9.05000E-06,+547.73867689E-03,+544.81909052E-03,+528.51757652E-03,-3.46105930E-03
-9.00000E-06,+510.05023508E-03,+505.87436731E-03,+553.64320439E-03,-8.48618487E-03
-8.95000E-06,+531.40701878E-03,+524.71858822E-03,+534.79898348E-03,-1.45100907E-03
-8.90000E-06,+547.73867689E-03,+533.51255797E-03,+546.10551603E-03,-4.71734069E-03
-8.85000E-06,+541.45726992E-03,+538.53768355E-03,+528.51757652E-03,-697.24023E-06
-8.80000E-06,+528.89445599E-03,+525.97486961E-03,+534.79898348E-03,-4.21482814E-03
-8.75000E-06,+564.07033501E-03,+544.81909052E-03,+531.03013930E-03,-8.73744115E-03
-8.70000E-06,+527.63817459E-03,+524.71858822E-03,+537.31154627E-03,-6.47613464E-03
-8.65000E-06,+567.83917919E-03,+558.63818585E-03,+554.89948578E-03,-2.20477791E-03
-8.60000E-06,+547.73867689E-03,+544.81909052E-03,+552.38692300E-03,-697.24023E-06
-8.55000E-06,+560.30149082E-03,+541.05024633E-03,+538.56782767E-03,+1.81532255E-03
-8.50000E-06,+525.12561181E-03,+556.12562306E-03,+526.00501373E-03,-6.97864720E-03
-8.45000E-06,+547.73867689E-03,+530.99999519E-03,+548.61807881E-03,-9.99372255E-03
-8.40000E-06,+546.48239550E-03,+561.15074863E-03,+554.89948578E-03,-12.50628533E-03
-8.35000E-06,+543.96983271E-03,+544.81909052E-03,+542.33667185E-03,-4.71734069E-03
-8.30000E-06,+536.43214435E-03,+536.02512076E-03,+512.18591840E-03,-2.45603418E-03
-8.25000E-06,+533.91958156E-03,+524.71858822E-03,+520.97988815E-03,-1.95352163E-03
-8.20000E-06,+547.73867689E-03,+544.81909052E-03,+534.79898348E-03,-8.73744115E-03
-8.15000E-06,+540.20098853E-03,+528.48743240E-03,+498.36682307E-03,-1.45100907E-03
-8.10000E-06,+547.73867689E-03,+536.02512076E-03,+557.41204857E-03,-2.95854674E-03
-8.05000E-06,+561.55777222E-03,+538.53768355E-03,+528.51757652E-03,-697.24023E-06
-8.00000E-06,+528.89445599E-03,+524.71858822E-03,+534.79898348E-03,-948.49651E-06
-7.95000E-06,+531.40701877E-03,+524.71858822E-03,+510.92963701E-03,-3.96357186E-03
-7.90000E-06,+538.94470713E-03,+536.02512076E-03,+534.79898348E-03,-6.47613464E-03
-7.85000E-06,+547.73867689E-03,+544.81909052E-03,+534.79898348E-03,-3.46105930E-03
-7.80000E-06,+547.73867689E-03,+524.71858822E-03,+536.05526488E-03,-4.71734069E-03
-7.75000E-06,+547.73867689E-03,+524.71858822E-03,+551.13064160E-03,-3.96357186E-03
-7.70000E-06,+538.94470713E-03,+536.02512076E-03,+534.79898348E-03,-2.45603418E-03
-7.65000E-06,+541.45726992E-03,+530.99999519E-03,+533.54270209E-03,+810.29744E-06
-7.60000E-06,+548.99495828E-03,+524.71858822E-03,+534.79898348E-03,-5.21985325E-03
-7.55000E-06,+547.73867689E-03,+508.38693010E-03,+538.56782767E-03,-12.00377278E-03
-7.50000E-06,+527.63817459E-03,+527.23115100E-03,+534.79898348E-03,-6.47613464E-03
-7.45000E-06,+541.45726992E-03,+518.43718125E-03,+513.44219979E-03,-5.97362209E-03
-7.40000E-06,+530.15073738E-03,+524.71858822E-03,+537.31154627E-03,-12.25502905E-03
-7.35000E-06,+564.07033501E-03,+541.05024633E-03,+534.79898348E-03,-3.20980302E-03
-7.30000E-06,+538.94470713E-03,+553.61306027E-03,+532.28642070E-03,-2.45603418E-03
-7.25000E-06,+547.73867689E-03,+538.53768355E-03,+522.23616955E-03,-7.48115976E-03
-7.20000E-06,+547.73867689E-03,+525.97486961E-03,+515.95476258E-03,-8.73744115E-03
-7.15000E-06,+515.07536066E-03,+537.28140215E-03,+534.79898348E-03,-3.96357186E-03
-7.10000E-06,+547.73867689E-03,+547.33165330E-03,+534.79898348E-03,-1.95352163E-03
-7.05000E-06,+567.83917919E-03,+538.53768355E-03,+554.89948578E-03,-1.95352163E-03
-7.00000E-06,+527.63817459E-03,+525.97486961E-03,+553.64320439E-03,-8.48618487E-03
-6.95000E-06,+547.73867689E-03,+524.71858822E-03,+538.56782767E-03,-5.47110953E-03
-6.90000E-06,+556.53264665E-03,+544.81909052E-03,+526.00501373E-03,-2.45603418E-03
-6.85000E-06,+554.02008386E-03,+552.35677888E-03,+548.61807881E-03,-3.46105930E-03
-6.80000E-06,+527.63817459E-03,+524.71858822E-03,+536.05526488E-03,-4.71734069E-03
-6.75000E-06,+543.96983271E-03,+541.05024633E-03,+554.89948578E-03,-4.71734069E-03
-6.70000E-06,+536.43214435E-03,+533.51255797E-03,+523.49245094E-03,-194.72768E-06
-6.65000E-06,+554.02008386E-03,+530.99999519E-03,+514.69848119E-03,-11.50126022E-03
-6.60000E-06,+528.89445599E-03,+544.81909052E-03,+537.31154627E-03,-12.25502905E-03
-6.55000E-06,+527.63817459E-03,+532.25627658E-03,+563.69345553E-03,-4.71734069E-03
-6.50000E-06,+530.15073738E-03,+533.51255797E-03,+512.18591840E-03,-4.71734069E-03
-6.45000E-06,+554.02008386E-03,+524.71858822E-03,+554.89948578E-03,-1.95352163E-03
-6.40000E-06,+528.89445599E-03,+524.71858822E-03,+533.54270209E-03,-697.24023E-06
-6.35000E-06,+543.96983271E-03,+524.71858822E-03,+514.69848119E-03,-1.45100907E-03
-6.30000E-06,+530.15073738E-03,+524.71858822E-03,+546.10551603E-03,-8.23492860E-03
-6.25000E-06,+561.55777222E-03,+524.71858822E-03,+534.79898348E-03,-7.48115976E-03
-6.20000E-06,+547.73867689E-03,+524.71858822E-03,+534.79898348E-03,-697.24023E-06
-6.15000E-06,+547.73867689E-03,+544.81909052E-03,+502.13566725E-03,-3.96357186E-03
-6.10000E-06,+536.43214435E-03,+524.71858822E-03,+537.31154627E-03,-4.71734069E-03
-6.05000E-06,+527.63817459E-03,+544.81909052E-03,+520.97988815E-03,-8.73744115E-03
-6.00000E-06,+528.89445599E-03,+544.81909052E-03,+515.95476258E-03,-8.48618487E-03
-5.95000E-06,+564.07033501E-03,+528.48743240E-03,+518.46732537E-03,-2.20477791E-03
-5.90000E-06,+536.43214435E-03,+544.81909052E-03,+512.18591840E-03,-4.71734069E-03
-5.85000E-06,+535.17586296E-03,+530.99999519E-03,+554.89948578E-03,-4.71734069E-03
-5.80000E-06,+547.73867689E-03,+564.91959281E-03,+515.95476258E-03,-4.71734069E-03
-5.75000E-06,+547.73867689E-03,+541.05024633E-03,+534.79898348E-03,-5.47110953E-03
-5.70000E-06,+538.94470713E-03,+524.71858822E-03,+526.00501373E-03,-10.49623510E-03
-5.65000E-06,+561.55777222E-03,+551.10049748E-03,+541.08039045E-03,+810.29744E-06
-5.60000E-06,+527.63817459E-03,+524.71858822E-03,+553.64320439E-03,-4.96859697E-03
-5.55000E-06,+543.96983271E-03,+541.05024633E-03,+534.79898348E-03,+56.52860E-06
-5.50000E-06,+536.43214435E-03,+524.71858822E-03,+557.41204857E-03,-697.24023E-06
-5.45000E-06,+547.73867689E-03,+544.81909052E-03,+534.79898348E-03,-4.71734069E-03
-5.40000E-06,+527.63817459E-03,+525.97486961E-03,+552.38692300E-03,-8.23492860E-03
-5.35000E-06,+551.50752107E-03,+508.38693010E-03,+518.46732537E-03,-8.73744115E-03
-5.30000E-06,+547.73867689E-03,+515.92461846E-03,+534.79898348E-03,-2.45603418E-03
-5.25000E-06,+533.91958156E-03,+530.99999518E-03,+520.97988815E-03,-4.71734069E-03
-5.20000E-06,+548.99495828E-03,+544.81909052E-03,+533.54270209E-03,-4.46608441E-03
-5.15000E-06,+531.40701878E-03,+512.15577428E-03,+538.56782767E-03,-4.71734069E-03
-5.10000E-06,+536.43214435E-03,+536.02512076E-03,+514.69848119E-03,-4.71734069E-03
-5.05000E-06,+555.27636525E-03,+544.81909052E-03,+519.72360676E-03,-7.22990348E-03
-5.00000E-06,+547.73867689E-03,+508.38693010E-03,+536.05526488E-03,-4.96859697E-03
-4.95000E-06,+527.63817459E-03,+532.25627658E-03,+551.13064160E-03,-7.98367232E-03
-4.90000E-06,+547.73867689E-03,+544.81909052E-03,+554.89948578E-03,-2.95854674E-03
-4.85000E-06,+567.83917919E-03,+538.53768355E-03,+514.69848119E-03,-7.48115976E-03
-4.80000E-06,+545.22611411E-03,+525.97486961E-03,+534.79898348E-03,-4.71734069E-03
-4.75000E-06,+527.63817459E-03,+524.71858822E-03,+531.03013930E-03,-3.96357186E-03
-4.70000E-06,+550.25123968E-03,+536.02512076E-03,+526.00501373E-03,-6.47613464E-03
-4.65000E-06,+554.02008386E-03,+538.53768355E-03,+534.79898348E-03,-4.71734069E-03
-4.60000E-06,+547.73867689E-03,+543.56280912E-03,+515.95476258E-03,-948.49651E-06
-4.55000E-06,+551.50752107E-03,+528.48743240E-03,+518.46732537E-03,-3.96357186E-03
-4.50000E-06,+536.43214435E-03,+556.12562306E-03,+523.49245094E-03,-9.23995371E-03
-4.45000E-06,+527.63817459E-03,+524.71858822E-03,+561.18089275E-03,-4.71734069E-03
-4.40000E-06,+566.58289780E-03,+562.40703003E-03,+553.64320439E-03,-4.96859697E-03
-4.35000E-06,+547.73867689E-03,+524.71858822E-03,+522.23616955E-03,-697.24023E-06
-4.30000E-06,+525.12561181E-03,+524.71858822E-03,+514.69848119E-03,-2.45603418E-03
-4.25000E-06,+527.63817459E-03,+510.89949289E-03,+520.97988815E-03,-5.97362209E-03
-4.20000E-06,+547.73867689E-03,+507.13064871E-03,+533.54270209E-03,-8.23492860E-03
-4.15000E-06,+556.53264664E-03,+528.48743240E-03,+534.79898348E-03,-697.24023E-06
-4.10000E-06,+550.25123968E-03,+544.81909052E-03,+552.38692300E-03,-697.24023E-06
-4.05000E-06,+561.55777222E-03,+538.53768355E-03,+534.79898348E-03,-4.71734069E-03
-4.00000E-06,+546.48239550E-03,+563.66331142E-03,+536.05526488E-03,-948.49651E-06
-3.95000E-06,+543.96983271E-03,+524.71858822E-03,+518.46732537E-03,+56.52860E-06
-3.90000E-06,+541.45726992E-03,+533.51255797E-03,+532.28642070E-03,-4.71734069E-03
-3.85000E-06,+533.91958156E-03,+544.81909052E-03,+547.36179742E-03,-4.71734069E-03
-3.80000E-06,+546.48239550E-03,+543.56280912E-03,+534.79898348E-03,-1.45100907E-03
-3.75000E-06,+547.73867689E-03,+528.48743240E-03,+531.03013930E-03,-3.96357186E-03
-3.70000E-06,+559.04520943E-03,+533.51255797E-03,+548.61807881E-03,-4.71734069E-03
-3.65000E-06,+540.20098853E-03,+517.18089985E-03,+534.79898348E-03,+2.06657883E-03
-3.60000E-06,+527.63817459E-03,+543.56280912E-03,+534.79898348E-03,-948.49651E-06
-3.55000E-06,+547.73867689E-03,+541.05024633E-03,+538.56782767E-03,-4.71734069E-03
-3.50000E-06,+527.63817459E-03,+544.81909052E-03,+523.49245094E-03,-2.95854674E-03
-3.45000E-06,+561.55777222E-03,+551.10049748E-03,+548.61807882E-03,-3.20980302E-03
-3.40000E-06,+547.73867689E-03,+563.66331142E-03,+536.05526488E-03,-4.96859697E-03
-3.35000E-06,+523.86933041E-03,+541.05024633E-03,+534.79898348E-03,-4.71734069E-03
-3.30000E-06,+547.73867689E-03,+533.51255797E-03,+546.10551603E-03,-6.97864720E-03
-3.25000E-06,+547.73867689E-03,+544.81909052E-03,+522.23616955E-03,-1.95352163E-03
-3.20000E-06,+548.99495828E-03,+525.97486961E-03,+534.79898348E-03,-4.46608441E-03
-3.15000E-06,+567.83917919E-03,+524.71858822E-03,+567.46229972E-03,-10.49623510E-03
-3.10000E-06,+561.55777222E-03,+544.81909052E-03,+537.31154627E-03,-194.72768E-06
-3.05000E-06,+547.73867689E-03,+538.53768355E-03,+548.61807882E-03,-6.22487837E-03
-3.00000E-06,+548.99495828E-03,+543.56280912E-03,+533.54270209E-03,-1.19975279E-03
-2.95000E-06,+543.96983271E-03,+541.05024633E-03,+538.56782767E-03,-1.45100907E-03
-2.90000E-06,+518.84420484E-03,+544.81909052E-03,+526.00501373E-03,-697.24023E-06
-2.85000E-06,+547.73867689E-03,+538.53768355E-03,+527.26129512E-03,-6.22487837E-03
-2.80000E-06,+547.73867689E-03,+543.56280912E-03,+534.79898348E-03,-4.46608441E-03
-2.75000E-06,+564.07033501E-03,+557.38190445E-03,+531.03013930E-03,-1.45100907E-03
-2.70000E-06,+547.73867689E-03,+533.51255797E-03,+532.28642070E-03,-194.72768E-06
-2.65000E-06,+555.27636525E-03,+538.53768355E-03,+534.79898348E-03,-8.73744115E-03
-2.60000E-06,+548.99495828E-03,+525.97486961E-03,+553.64320439E-03,-697.24023E-06
-2.55000E-06,+547.73867689E-03,+524.71858822E-03,+534.79898348E-03,-7.98367232E-03
-2.50000E-06,+556.53264665E-03,+536.02512076E-03,+534.79898348E-03,-4.71734069E-03
-2.45000E-06,+554.02008386E-03,+530.99999518E-03,+568.71858111E-03,-4.71734069E-03
-2.40000E-06,+530.15073738E-03,+525.97486961E-03,+553.64320439E-03,-1.19975279E-03
-2.35000E-06,+564.07033501E-03,+528.48743240E-03,+551.13064160E-03,-1.45100907E-03
-2.30000E-06,+550.25123968E-03,+538.53768354E-03,+523.49245094E-03,-6.97864720E-03
-2.25000E-06,+547.73867689E-03,+544.81909052E-03,+520.97988815E-03,-4.71734069E-03
-2.20000E-06,+528.89445599E-03,+525.97486961E-03,+517.21104397E-03,-948.49651E-06
-2.15000E-06,+547.73867689E-03,+524.71858822E-03,+534.79898348E-03,-3.96357186E-03
-2.10000E-06,+536.43214435E-03,+524.71858822E-03,+526.00501373E-03,-2.95854674E-03
-2.05000E-06,+547.73867689E-03,+524.71858822E-03,+542.33667185E-03,-3.20980302E-03
-2.00000E-06,+548.99495828E-03,+543.56280912E-03,+556.15576717E-03,-8.48618487E-03
-1.95000E-06,+527.63817459E-03,+548.58793470E-03,+534.79898348E-03,-3.96357186E-03
-1.90000E-06,+559.04520943E-03,+533.51255797E-03,+534.79898348E-03,-5.97362209E-03
-1.85000E-06,+520.10048623E-03,+551.10049748E-03,+527.26129512E-03,-7.22990348E-03
-1.80000E-06,+510.05023508E-03,+527.23115100E-03,+533.54270209E-03,-8.98869743E-03
-1.75000E-06,+547.73867689E-03,+544.81909052E-03,+531.03013930E-03,-3.96357186E-03
-1.70000E-06,+547.73867689E-03,+536.02512076E-03,+543.59295324E-03,-2.95854674E-03
-1.65000E-06,+567.83917919E-03,+544.81909052E-03,+541.08039045E-03,-4.71734069E-03
-1.60000E-06,+527.63817459E-03,+525.97486961E-03,+536.05526488E-03,-948.49651E-06
-1.55000E-06,+527.63817459E-03,+541.05024633E-03,+514.69848119E-03,-5.47110953E-03
-1.50000E-06,+547.73867689E-03,+536.02512076E-03,+534.79898348E-03,-6.47613464E-03
-1.45000E-06,+561.55777222E-03,+524.71858822E-03,+548.61807881E-03,-10.24497883E-03
-1.40000E-06,+584.17083731E-03,+524.71858822E-03,+553.64320439E-03,-697.24023E-06
-1.35000E-06,+543.96983271E-03,+541.05024633E-03,+531.03013930E-03,-4.71734069E-03
-1.30000E-06,+538.94470713E-03,+544.81909052E-03,+526.00501373E-03,-6.47613464E-03
-1.25000E-06,+533.91958156E-03,+524.71858822E-03,+541.08039045E-03,-3.20980302E-03
-1.20000E-06,+566.58289780E-03,+525.97486961E-03,+533.54270209E-03,-697.24023E-06
-1.15000E-06,+560.30149082E-03,+544.81909052E-03,+554.89948578E-03,-4.71734069E-03
-1.10000E-06,+567.83917919E-03,+524.71858822E-03,+534.79898348E-03,-8.23492860E-03
-1.05000E-06,+541.45726992E-03,+524.71858822E-03,+520.97988815E-03,-948.49651E-06
-1.00000E-06,+547.73867689E-03,+525.97486961E-03,+536.05526488E-03,-948.49651E-06
-950.00E-09,+556.53264664E-03,+544.81909052E-03,+534.79898348E-03,-5.47110953E-03
-900.00E-09,+567.83917919E-03,+544.81909052E-03,+534.79898348E-03,-5.97362209E-03
-850.00E-09,+540.20098853E-03,+524.71858822E-03,+548.61807881E-03,-5.97362209E-03
-800.00E-09,+546.48239550E-03,+525.97486961E-03,+534.79898348E-03,-4.71734069E-03
-750.00E-09,+515.07536066E-03,+528.48743240E-03,+502.13566725E-03,-8.73744115E-03
-700.00E-09,+567.83917919E-03,+544.81909052E-03,+534.79898348E-03,-6.97864720E-03
-650.00E-09,+533.91958156E-03,+530.99999518E-03,+534.79898348E-03,-2.20477791E-03
-600.00E-09,+527.63817459E-03,+543.56280912E-03,+553.64320439E-03,-4.96859697E-03
-550.00E-09,+551.50752107E-03,+544.81909052E-03,+534.79898348E-03,-3.96357186E-03
-500.00E-09,+536.43214435E-03,+524.71858822E-03,+543.59295324E-03,-6.47613464E-03
-450.00E-09,+527.63817459E-03,+544.81909052E-03,+520.97988815E-03,-9.99372255E-03
-400.00E-09,+528.89445599E-03,+562.40703003E-03,+534.79898348E-03,-12.00377278E-03
-350.00E-09,+547.73867689E-03,+532.25627658E-03,+534.79898348E-03,-2.20477791E-03
-300.00E-09,+559.04520943E-03,+542.30652773E-03,+534.79898348E-03,-7.48115976E-03
-250.00E-09,+561.55777222E-03,+524.71858822E-03,+507.16079282E-03,-3.20980302E-03
-200.00E-09,+527.63817459E-03,+546.07537191E-03,+534.79898348E-03,-4.46608441E-03
-150.00E-09,+547.73867689E-03,+541.05024633E-03,+518.46732537E-03,-7.98367232E-03
-100.00E-09,+538.94470713E-03,+536.02512076E-03,+554.89948578E-03,-4.71734069E-03
-50.00E-09,+533.91958156E-03,+544.81909052E-03,+548.61807881E-03,-948.49651E-06
+0.0E+00,+546.48239550E-03,+524.71858822E-03,+517.21104397E-03,-8.73744115E-03
+50.00E-09,+567.83917919E-03,+544.81909052E-03,+518.46732537E-03,-3.20980302E-03
+100.00E-09,+547.73867689E-03,+533.51255797E-03,+546.10551603E-03,-4.71734069E-03
+150.00E-09,+547.73867689E-03,+524.71858822E-03,+527.26129512E-03,-697.24023E-06
+200.00E-09,+528.89445599E-03,+543.56280912E-03,+533.54270209E-03,-697.24023E-06
+250.00E-09,+567.83917919E-03,+524.71858822E-03,+518.46732537E-03,-4.71734069E-03
+300.00E-09,+547.73867689E-03,+524.71858822E-03,+526.00501373E-03,-194.72768E-06
+350.00E-09,+540.20098853E-03,+544.81909052E-03,+528.51757652E-03,-8.98869743E-03
+400.00E-09,+548.99495828E-03,+544.81909052E-03,+554.89948578E-03,-948.49651E-06
+450.00E-09,+547.73867689E-03,+541.05024633E-03,+534.79898348E-03,-4.71734069E-03
+500.00E-09,+556.53264665E-03,+524.71858822E-03,+546.10551603E-03,-2.95854674E-03
+550.00E-09,+541.45726992E-03,+530.99999518E-03,+534.79898348E-03,-4.71734069E-03
+600.00E-09,+491.20601418E-03,+525.97486961E-03,+533.54270209E-03,-4.46608441E-03
+650.00E-09,+547.73867689E-03,+508.38693010E-03,+551.13064160E-03,-7.22990348E-03
+700.00E-09,+545.22611411E-03,+533.51255797E-03,+546.10551603E-03,-4.71734069E-03
+750.00E-09,+554.02008386E-03,+544.81909052E-03,+536.05526488E-03,-6.22487837E-03
+800.00E-09,+566.58289780E-03,+524.71858822E-03,+514.69848119E-03,-4.96859697E-03
+850.00E-09,+543.96983271E-03,+528.48743240E-03,+543.59295324E-03,-3.96357186E-03
+900.00E-09,+538.94470713E-03,+524.71858822E-03,+534.79898348E-03,-2.45603418E-03
+950.00E-09,+561.55777222E-03,+524.71858822E-03,+568.71858111E-03,-4.71734069E-03
+1.00000E-06,+547.73867689E-03,+563.66331142E-03,+533.54270209E-03,-8.48618487E-03
+1.05000E-06,+547.73867689E-03,+528.48743240E-03,+534.79898348E-03,-7.98367232E-03
+1.10000E-06,+547.73867689E-03,+536.02512076E-03,+517.21104397E-03,-6.97864720E-03
+1.15000E-06,+561.55777222E-03,+544.81909052E-03,+528.51757652E-03,-4.96859697E-03
+1.20000E-06,+546.48239550E-03,+543.56280912E-03,+554.89948578E-03,-4.96859697E-03
+1.25000E-06,+567.83917919E-03,+512.15577428E-03,+518.46732537E-03,+1.81532255E-03
+1.30000E-06,+547.73867689E-03,+533.51255797E-03,+523.49245094E-03,-2.95854674E-03
+1.35000E-06,+527.63817459E-03,+544.81909052E-03,+514.69848119E-03,-3.46105930E-03
+1.40000E-06,+528.89445599E-03,+524.71858822E-03,+572.48742529E-03,-4.21482814E-03
+1.45000E-06,+547.73867689E-03,+544.81909052E-03,+554.89948578E-03,-1.45100907E-03
+1.50000E-06,+547.73867689E-03,+533.51255797E-03,+534.79898348E-03,-697.24023E-06
+1.55000E-06,+527.63817459E-03,+524.71858822E-03,+528.51757652E-03,-7.48115976E-03
+1.60000E-06,+528.89445599E-03,+562.40703003E-03,+514.69848119E-03,-697.24023E-06
+1.65000E-06,+551.50752107E-03,+524.71858822E-03,+522.23616955E-03,-4.71734069E-03
+1.70000E-06,+527.63817459E-03,+536.02512076E-03,+546.10551603E-03,-6.47613464E-03
+1.75000E-06,+554.02008386E-03,+530.99999518E-03,+548.61807881E-03,-10.24497883E-03
+1.80000E-06,+528.89445599E-03,+543.56280912E-03,+534.79898348E-03,-948.49651E-06
+1.85000E-06,+564.07033501E-03,+524.71858822E-03,+522.23616955E-03,-4.71734069E-03
+1.90000E-06,+547.73867689E-03,+524.71858822E-03,+523.49245094E-03,-6.97864720E-03
+1.95000E-06,+547.73867689E-03,+537.28140215E-03,+520.97988815E-03,-7.48115976E-03
+2.00000E-06,+510.05023508E-03,+524.71858822E-03,+553.64320439E-03,-8.48618487E-03
+2.05000E-06,+547.73867689E-03,+544.81909052E-03,+538.56782767E-03,+3.32286023E-03
+2.10000E-06,+536.43214435E-03,+524.71858822E-03,+514.69848119E-03,-6.47613464E-03
+2.15000E-06,+547.73867689E-03,+544.81909052E-03,+527.26129512E-03,-1.95352163E-03
+2.20000E-06,+546.48239550E-03,+524.71858822E-03,+517.21104397E-03,-4.96859697E-03
+2.25000E-06,+547.73867689E-03,+541.05024633E-03,+558.66832996E-03,-697.24023E-06
+2.30000E-06,+547.73867689E-03,+533.51255797E-03,+543.59295324E-03,-5.21985325E-03
+2.35000E-06,+555.27636525E-03,+538.53768355E-03,+534.79898348E-03,-5.97362209E-03
+2.40000E-06,+547.73867689E-03,+564.91959281E-03,+536.05526488E-03,-4.71734069E-03
+2.45000E-06,+531.40701878E-03,+544.81909052E-03,+531.03013930E-03,-11.25000394E-03
+2.50000E-06,+527.63817459E-03,+533.51255797E-03,+534.79898348E-03,-697.24023E-06
+2.55000E-06,+547.73867689E-03,+530.99999518E-03,+528.51757652E-03,+3.32286023E-03
+2.60000E-06,+547.73867689E-03,+524.71858822E-03,+534.79898348E-03,+2.82034767E-03
+2.65000E-06,+527.63817459E-03,+564.91959281E-03,+534.79898348E-03,-1.45100907E-03
+2.70000E-06,+547.73867689E-03,+533.51255797E-03,+534.79898348E-03,-4.71734069E-03
+2.75000E-06,+541.45726992E-03,+530.99999518E-03,+520.97988815E-03,-8.73744115E-03
+2.80000E-06,+546.48239550E-03,+544.81909052E-03,+553.64320439E-03,-697.24023E-06
+2.85000E-06,+547.73867689E-03,+544.81909052E-03,+551.13064160E-03,-3.96357186E-03
+2.90000E-06,+556.53264665E-03,+513.41205568E-03,+523.49245094E-03,-4.71734069E-03
+2.95000E-06,+547.73867689E-03,+538.53768355E-03,+528.51757652E-03,-1.95352163E-03
+3.00000E-06,+547.73867689E-03,+527.23115100E-03,+534.79898348E-03,-8.48618487E-03
+3.05000E-06,+547.73867689E-03,+577.48240675E-03,+531.03013930E-03,-4.71734069E-03
+3.10000E-06,+547.73867689E-03,+553.61306027E-03,+534.79898348E-03,-4.71734069E-03
+3.15000E-06,+533.91958156E-03,+524.71858822E-03,+534.79898348E-03,-4.71734069E-03
+3.20000E-06,+528.89445599E-03,+543.56280912E-03,+515.95476258E-03,-697.24023E-06
+3.25000E-06,+523.86933041E-03,+541.05024633E-03,+531.03013930E-03,-3.96357186E-03
+3.30000E-06,+536.43214435E-03,+544.81909052E-03,+552.38692300E-03,-5.21985325E-03
+3.35000E-06,+547.73867689E-03,+564.91959281E-03,+534.79898348E-03,-7.48115976E-03
+3.40000E-06,+527.63817459E-03,+524.71858822E-03,+534.79898348E-03,-948.49651E-06
+3.45000E-06,+531.40701878E-03,+541.05024633E-03,+534.79898348E-03,-1.45100907E-03
+3.50000E-06,+559.04520943E-03,+533.51255797E-03,+523.49245094E-03,-4.71734069E-03
+3.55000E-06,+533.91958156E-03,+530.99999518E-03,+541.08039045E-03,-3.46105930E-03
+3.60000E-06,+547.73867689E-03,+524.71858822E-03,+553.64320439E-03,-4.71734069E-03
+3.65000E-06,+531.40701878E-03,+544.81909052E-03,+534.79898348E-03,-11.25000394E-03
+3.70000E-06,+538.94470713E-03,+515.92461846E-03,+543.59295324E-03,-697.24023E-06
+3.75000E-06,+555.27636525E-03,+524.71858822E-03,+547.36179742E-03,-4.71734069E-03
+3.80000E-06,+527.63817459E-03,+563.66331142E-03,+534.79898348E-03,-4.71734069E-03
+3.85000E-06,+547.73867689E-03,+541.05024633E-03,+531.03013930E-03,-1.45100907E-03
+3.90000E-06,+556.53264665E-03,+524.71858822E-03,+543.59295324E-03,-4.71734069E-03
+3.95000E-06,+541.45726992E-03,+524.71858822E-03,+514.69848119E-03,-5.97362209E-03
+4.00000E-06,+528.89445599E-03,+544.81909052E-03,+517.21104397E-03,-948.49651E-06
+4.05000E-06,+564.07033501E-03,+524.71858822E-03,+551.13064160E-03,-1.45100907E-03
+4.10000E-06,+547.73867689E-03,+533.51255797E-03,+554.89948578E-03,-2.95854674E-03
+4.15000E-06,+526.38189320E-03,+510.89949289E-03,+542.33667185E-03,-697.24023E-06
+4.20000E-06,+546.48239550E-03,+524.71858822E-03,+534.79898348E-03,-948.49651E-06
+4.25000E-06,+543.96983271E-03,+544.81909052E-03,+518.46732537E-03,-4.71734069E-03
+4.30000E-06,+536.43214435E-03,+533.51255797E-03,+534.79898348E-03,+1.06155372E-03
+4.35000E-06,+547.73867689E-03,+530.99999518E-03,+554.89948578E-03,-5.97362209E-03
+4.40000E-06,+510.05023508E-03,+544.81909052E-03,+554.89948578E-03,-8.73744115E-03
+4.45000E-06,+567.83917919E-03,+528.48743240E-03,+538.56782767E-03,-1.45100907E-03
+4.50000E-06,+547.73867689E-03,+556.12562306E-03,+526.00501373E-03,-4.71734069E-03
+4.55000E-06,+533.91958156E-03,+524.71858822E-03,+534.79898348E-03,-3.20980302E-03
+4.60000E-06,+547.73867689E-03,+525.97486961E-03,+536.05526488E-03,-5.21985325E-03
+4.65000E-06,+535.17586296E-03,+541.05024633E-03,+534.79898348E-03,-697.24023E-06
+4.70000E-06,+559.04520943E-03,+524.71858822E-03,+543.59295324E-03,-4.71734069E-03
+4.75000E-06,+547.73867689E-03,+544.81909052E-03,+528.51757652E-03,-4.71734069E-03
+4.80000E-06,+566.58289780E-03,+563.66331142E-03,+534.79898348E-03,-4.71734069E-03
+4.85000E-06,+547.73867689E-03,+548.58793470E-03,+538.56782767E-03,-7.22990348E-03
+4.90000E-06,+547.73867689E-03,+536.02512076E-03,+534.79898348E-03,-6.47613464E-03
+4.95000E-06,+541.45726992E-03,+538.53768355E-03,+520.97988815E-03,-8.73744115E-03
+5.00000E-06,+566.58289780E-03,+544.81909052E-03,+533.54270209E-03,-4.71734069E-03
+5.05000E-06,+551.50752107E-03,+544.81909052E-03,+518.46732537E-03,-3.96357186E-03
+5.10000E-06,+556.53264665E-03,+544.81909052E-03,+534.79898348E-03,-4.71734069E-03
+5.15000E-06,+540.20098853E-03,+558.63818585E-03,+534.79898348E-03,-4.71734069E-03
+5.20000E-06,+564.07033501E-03,+542.30652773E-03,+534.79898348E-03,-1.19975279E-03
+5.25000E-06,+564.07033501E-03,+524.71858822E-03,+514.69848119E-03,-4.71734069E-03
+5.30000E-06,+550.25123968E-03,+547.33165330E-03,+546.10551603E-03,-2.45603418E-03
+5.35000E-06,+555.27636525E-03,+544.81909052E-03,+534.79898348E-03,-4.46608441E-03
+5.40000E-06,+548.99495828E-03,+524.71858822E-03,+534.79898348E-03,-4.71734069E-03
+5.45000E-06,+527.63817459E-03,+544.81909052E-03,+534.79898348E-03,-4.71734069E-03
+5.50000E-06,+547.73867689E-03,+542.30652773E-03,+523.49245094E-03,-8.23492860E-03
+5.55000E-06,+547.73867689E-03,+558.63818585E-03,+534.79898348E-03,+2.06657883E-03
+5.60000E-06,+547.73867689E-03,+546.07537191E-03,+515.95476258E-03,-948.49651E-06
+5.65000E-06,+527.63817459E-03,+524.71858822E-03,+534.79898348E-03,-10.49623510E-03
+5.70000E-06,+541.45726992E-03,+544.81909052E-03,+546.10551603E-03,-4.21482814E-03
+5.75000E-06,+547.73867689E-03,+510.89949289E-03,+541.08039045E-03,-8.73744115E-03
+5.80000E-06,+546.48239550E-03,+544.81909052E-03,+513.44219979E-03,+3.07160395E-03
+5.85000E-06,+547.73867689E-03,+524.71858822E-03,+502.13566725E-03,+5.83542301E-03
+5.90000E-06,+538.94470713E-03,+524.71858822E-03,+514.69848119E-03,-4.71734069E-03
+5.95000E-06,+547.73867689E-03,+530.99999518E-03,+528.51757652E-03,-3.46105930E-03
+6.00000E-06,+565.32661640E-03,+542.30652773E-03,+554.89948578E-03,-1.19975279E-03
+6.05000E-06,+531.40701878E-03,+528.48743240E-03,+551.13064160E-03,+307.78488E-06
+6.10000E-06,+536.43214435E-03,+533.51255797E-03,+514.69848119E-03,+1.06155372E-03
+6.15000E-06,+561.55777222E-03,+551.10049748E-03,+520.97988815E-03,-3.46105930E-03
+6.20000E-06,+528.89445599E-03,+525.97486961E-03,+534.79898348E-03,-12.50628533E-03
+6.25000E-06,+560.30149082E-03,+544.81909052E-03,+534.79898348E-03,-3.96357186E-03
+6.30000E-06,+547.73867689E-03,+533.51255797E-03,+554.89948578E-03,-1.95352163E-03
+6.35000E-06,+554.02008386E-03,+530.99999518E-03,+520.97988815E-03,-697.24023E-06
+6.40000E-06,+547.73867689E-03,+543.56280912E-03,+534.79898348E-03,-4.96859697E-03
+6.45000E-06,+531.40701878E-03,+541.05024633E-03,+531.03013930E-03,-7.98367232E-03
+6.50000E-06,+527.63817459E-03,+536.02512076E-03,+554.89948578E-03,-8.23492860E-03
+6.55000E-06,+547.73867689E-03,+544.81909052E-03,+528.51757652E-03,-3.20980302E-03
+6.60000E-06,+546.48239550E-03,+546.07537191E-03,+515.95476258E-03,-4.46608441E-03
+6.65000E-06,+567.83917919E-03,+528.48743240E-03,+551.13064160E-03,-5.47110953E-03
+6.70000E-06,+536.43214435E-03,+547.33165330E-03,+514.69848119E-03,+559.04116E-06
+6.75000E-06,+547.73867689E-03,+524.71858822E-03,+528.51757652E-03,-7.48115976E-03
+6.80000E-06,+547.73867689E-03,+524.71858822E-03,+536.05526488E-03,-4.71734069E-03
+6.85000E-06,+551.50752107E-03,+528.48743240E-03,+531.03013930E-03,-3.96357186E-03
+6.90000E-06,+547.73867689E-03,+524.71858822E-03,+532.28642070E-03,-2.95854674E-03
+6.95000E-06,+547.73867689E-03,+537.28140215E-03,+542.33667185E-03,-10.24497883E-03
+7.00000E-06,+547.73867689E-03,+525.97486961E-03,+534.79898348E-03,-8.73744115E-03
+7.05000E-06,+555.27636525E-03,+541.05024633E-03,+518.46732537E-03,-1.45100907E-03
+7.10000E-06,+547.73867689E-03,+551.10049749E-03,+546.10551603E-03,-2.45603418E-03
+7.15000E-06,+541.45726992E-03,+538.53768355E-03,+534.79898348E-03,-4.71734069E-03
+7.20000E-06,+547.73867689E-03,+544.81909052E-03,+534.79898348E-03,-4.96859697E-03
+7.25000E-06,+564.07033501E-03,+541.05024633E-03,+534.79898348E-03,-697.24023E-06
+7.30000E-06,+527.63817459E-03,+536.02512076E-03,+526.00501373E-03,-4.71734069E-03
+7.35000E-06,+541.45726992E-03,+517.18089985E-03,+554.89948578E-03,-7.48115976E-03
+7.40000E-06,+547.73867689E-03,+507.13064871E-03,+553.64320439E-03,-12.25502905E-03
+7.45000E-06,+567.83917919E-03,+544.81909052E-03,+518.46732537E-03,-4.71734069E-03
+7.50000E-06,+527.63817459E-03,+544.81909052E-03,+546.10551603E-03,-5.21985325E-03
+7.55000E-06,+527.63817459E-03,+524.71858822E-03,+533.54270209E-03,-3.46105930E-03
+7.60000E-06,+528.89445599E-03,+505.87436731E-03,+536.05526488E-03,-8.73744115E-03
+7.65000E-06,+531.40701878E-03,+528.48743240E-03,+531.03013930E-03,-2.20477791E-03
+7.70000E-06,+547.73867689E-03,+536.02512076E-03,+543.59295324E-03,-2.45603418E-03
+7.75000E-06,+541.45726992E-03,+544.81909052E-03,+500.87938586E-03,-9.99372255E-03
+7.80000E-06,+508.79395369E-03,+527.23115100E-03,+514.69848119E-03,-4.71734069E-03
+7.85000E-06,+547.73867689E-03,+557.38190445E-03,+547.36179742E-03,-7.22990348E-03
+7.90000E-06,+556.53264665E-03,+544.81909052E-03,+534.79898348E-03,-2.45603418E-03
+7.95000E-06,+547.73867689E-03,+524.71858822E-03,+528.51757652E-03,+2.06657883E-03
+8.00000E-06,+547.73867689E-03,+543.56280912E-03,+534.79898348E-03,-4.96859697E-03
+8.05000E-06,+560.30149082E-03,+528.48743240E-03,+547.36179742E-03,-8.73744115E-03
+8.10000E-06,+536.43214435E-03,+536.02512076E-03,+557.41204857E-03,-2.45603418E-03
+8.15000E-06,+541.45726992E-03,+530.99999518E-03,+541.08039045E-03,+559.04116E-06
+8.20000E-06,+547.73867689E-03,+544.81909052E-03,+553.64320439E-03,-1.19975279E-03
+8.25000E-06,+567.83917919E-03,+512.15577428E-03,+518.46732537E-03,-5.47110953E-03
+8.30000E-06,+550.25123968E-03,+524.71858822E-03,+546.10551603E-03,-4.71734069E-03
+8.35000E-06,+533.91958156E-03,+530.99999518E-03,+520.97988815E-03,-4.71734069E-03
+8.40000E-06,+548.99495828E-03,+524.71858822E-03,+534.79898348E-03,-697.24023E-06
+8.45000E-06,+564.07033501E-03,+544.81909052E-03,+534.79898348E-03,-3.96357186E-03
+8.50000E-06,+547.73867689E-03,+553.61306027E-03,+546.10551603E-03,-8.73744115E-03
+8.55000E-06,+547.73867689E-03,+538.53768355E-03,+554.89948578E-03,-8.73744115E-03
+8.60000E-06,+508.79395369E-03,+505.87436731E-03,+534.79898348E-03,-4.71734069E-03
+8.65000E-06,+531.40701878E-03,+557.38190445E-03,+534.79898348E-03,-8.73744115E-03
+8.70000E-06,+545.22611411E-03,+502.10552314E-03,+543.59295324E-03,-2.45603418E-03
+8.75000E-06,+547.73867689E-03,+538.53768355E-03,+528.51757652E-03,-8.98869743E-03
+8.80000E-06,+545.22611411E-03,+525.97486961E-03,+515.95476258E-03,-4.96859697E-03
+8.85000E-06,+551.50752107E-03,+524.71858822E-03,+534.79898348E-03,+2.56909139E-03
+8.90000E-06,+527.63817459E-03,+536.02512076E-03,+546.10551603E-03,-4.71734069E-03
+8.95000E-06,+541.45726992E-03,+544.81909052E-03,+547.36179742E-03,-8.73744115E-03
+9.00000E-06,+528.89445599E-03,+543.56280912E-03,+536.05526488E-03,-4.46608441E-03
+9.05000E-06,+527.63817459E-03,+544.81909052E-03,+534.79898348E-03,-7.22990348E-03
+9.10000E-06,+567.83917919E-03,+533.51255797E-03,+534.79898348E-03,-194.72768E-06
+9.15000E-06,+513.81907926E-03,+538.53768355E-03,+534.79898348E-03,-4.71734069E-03
+9.20000E-06,+547.73867689E-03,+542.30652773E-03,+534.79898348E-03,-8.23492860E-03
+9.25000E-06,+547.73867689E-03,+557.38190445E-03,+551.13064160E-03,-4.71734069E-03
+9.30000E-06,+545.22611411E-03,+533.51255797E-03,+534.79898348E-03,-4.71734069E-03
+9.35000E-06,+547.73867689E-03,+544.81909052E-03,+541.08039045E-03,-5.97362209E-03
+9.40000E-06,+547.73867689E-03,+525.97486961E-03,+536.05526488E-03,-697.24023E-06
+9.45000E-06,+543.96983271E-03,+541.05024633E-03,+534.79898348E-03,-7.98367232E-03
+9.50000E-06,+567.83917919E-03,+533.51255797E-03,+534.79898348E-03,-5.97362209E-03
+9.55000E-06,+541.45726992E-03,+524.71858822E-03,+527.26129512E-03,-4.71734069E-03
+9.60000E-06,+528.89445599E-03,+544.81909052E-03,+515.95476258E-03,-12.50628533E-03
+9.65000E-06,+543.96983271E-03,+524.71858822E-03,+551.13064160E-03,-4.71734069E-03
+9.70000E-06,+530.15073738E-03,+536.02512076E-03,+526.00501373E-03,-2.45603418E-03
+9.75000E-06,+520.10048623E-03,+538.53768355E-03,+534.79898348E-03,-4.71734069E-03
+9.80000E-06,+527.63817459E-03,+527.23115100E-03,+533.54270209E-03,-8.73744115E-03
+9.85000E-06,+543.96983271E-03,+528.48743240E-03,+522.23616955E-03,-4.71734069E-03
+9.90000E-06,+527.63817459E-03,+524.71858822E-03,+523.49245094E-03,-697.24023E-06
+9.95000E-06,+527.63817459E-03,+537.28140215E-03,+548.61807882E-03,-3.46105930E-03
+10.00000E-06,+567.83917919E-03,+542.30652773E-03,+554.89948578E-03,-1.19975279E-03
+10.05000E-06,+547.73867689E-03,+541.05024633E-03,+551.13064160E-03,-4.71734069E-03
+10.10000E-06,+545.22611411E-03,+504.61808592E-03,+534.79898348E-03,-2.95854674E-03
+10.15000E-06,+535.17586296E-03,+530.99999518E-03,+507.16079282E-03,-4.71734069E-03
+10.20000E-06,+528.89445599E-03,+544.81909052E-03,+515.95476258E-03,-8.48618487E-03
+10.25000E-06,+543.96983271E-03,+544.81909052E-03,+538.56782767E-03,-1.45100907E-03
+10.30000E-06,+536.43214435E-03,+536.02512076E-03,+543.59295324E-03,-6.47613464E-03
+10.35000E-06,+527.63817459E-03,+530.99999518E-03,+528.51757652E-03,-697.24023E-06
+10.40000E-06,+546.48239550E-03,+543.56280912E-03,+514.69848119E-03,-697.24023E-06
+10.45000E-06,+543.96983271E-03,+508.38693010E-03,+554.89948578E-03,-3.96357186E-03
+10.50000E-06,+559.04520943E-03,+524.71858822E-03,+534.79898348E-03,-4.71734069E-03
+10.55000E-06,+547.73867689E-03,+544.81909052E-03,+542.33667185E-03,-8.98869743E-03
+10.60000E-06,+527.63817459E-03,+524.71858822E-03,+533.54270209E-03,-4.71734069E-03
+10.65000E-06,+551.50752107E-03,+541.05024633E-03,+534.79898348E-03,-7.22990348E-03
+10.70000E-06,+550.25123968E-03,+573.71356257E-03,+526.00501373E-03,-697.24023E-06
+10.75000E-06,+527.63817459E-03,+558.63818585E-03,+534.79898348E-03,-6.22487837E-03
+10.80000E-06,+548.99495828E-03,+543.56280912E-03,+573.74370669E-03,-948.49651E-06
+10.85000E-06,+538.94470714E-03,+524.71858822E-03,+518.46732537E-03,-3.96357186E-03
+10.90000E-06,+516.33164205E-03,+533.51255797E-03,+523.49245094E-03,-6.47613464E-03
+10.95000E-06,+555.27636525E-03,+544.81909052E-03,+534.79898348E-03,-1.95352163E-03
+11.00000E-06,+530.15073738E-03,+544.81909052E-03,+533.54270209E-03,-3.96357186E-03
+11.05000E-06,+531.40701878E-03,+528.48743240E-03,+534.79898348E-03,-6.22487837E-03
+11.10000E-06,+556.53264665E-03,+513.41205568E-03,+543.59295324E-03,-4.71734069E-03
+11.15000E-06,+533.91958156E-03,+524.71858822E-03,+541.08039045E-03,-4.71734069E-03
+11.20000E-06,+566.58289780E-03,+525.97486961E-03,+534.79898348E-03,-4.71734069E-03
+11.25000E-06,+515.07536066E-03,+520.94974404E-03,+518.46732537E-03,-4.71734069E-03
+11.30000E-06,+530.15073738E-03,+547.33165330E-03,+546.10551603E-03,-4.71734069E-03
+11.35000E-06,+555.27636525E-03,+544.81909052E-03,+534.79898348E-03,-3.46105930E-03
+11.40000E-06,+527.63817459E-03,+543.56280912E-03,+533.54270209E-03,-8.23492860E-03
+11.45000E-06,+551.50752107E-03,+557.38190445E-03,+534.79898348E-03,-697.24023E-06
+11.50000E-06,+556.53264665E-03,+533.51255797E-03,+534.79898348E-03,-697.24023E-06
+11.55000E-06,+547.73867689E-03,+544.81909052E-03,+534.79898348E-03,-4.71734069E-03
+11.60000E-06,+548.99495828E-03,+563.66331142E-03,+515.95476258E-03,-4.96859697E-03
+11.65000E-06,+547.73867689E-03,+528.48743240E-03,+534.79898348E-03,-697.24023E-06
+11.70000E-06,+559.04520943E-03,+536.02512076E-03,+546.10551603E-03,-6.47613464E-03
+11.75000E-06,+547.73867689E-03,+530.99999519E-03,+534.79898348E-03,-5.97362209E-03
+11.80000E-06,+548.99495828E-03,+544.81909052E-03,+534.79898348E-03,+2.82034767E-03
+11.85000E-06,+527.63817459E-03,+528.48743240E-03,+551.13064160E-03,-7.98367232E-03
+11.90000E-06,+518.84420484E-03,+544.81909052E-03,+552.38692300E-03,-2.45603418E-03
+11.95000E-06,+554.02008386E-03,+524.71858822E-03,+548.61807881E-03,-6.22487837E-03
+12.00000E-06,+546.48239550E-03,+544.81909052E-03,+534.79898348E-03,-4.96859697E-03
+12.05000E-06,+531.40701878E-03,+544.81909052E-03,+531.03013930E-03,-697.24023E-06
+12.10000E-06,+550.25123968E-03,+536.02512076E-03,+554.89948578E-03,-697.24023E-06
+12.15000E-06,+527.63817459E-03,+537.28140215E-03,+542.33667185E-03,-3.46105930E-03
+12.20000E-06,+547.73867689E-03,+524.71858822E-03,+534.79898348E-03,-697.24023E-06
+12.25000E-06,+511.30651648E-03,+532.25627658E-03,+534.79898348E-03,-5.47110953E-03
+12.30000E-06,+536.43214435E-03,+524.71858822E-03,+526.00501373E-03,-6.97864720E-03
+12.35000E-06,+547.73867689E-03,+530.99999519E-03,+534.79898348E-03,-2.20477791E-03
+12.40000E-06,+565.32661640E-03,+562.40703003E-03,+554.89948578E-03,-8.73744115E-03
+12.45000E-06,+551.50752107E-03,+532.25627658E-03,+518.46732537E-03,-697.24023E-06
+12.50000E-06,+559.04520943E-03,+544.81909052E-03,+543.59295324E-03,-4.21482814E-03
+12.55000E-06,+554.02008386E-03,+530.99999519E-03,+548.61807881E-03,-2.20477791E-03
+12.60000E-06,+528.89445599E-03,+525.97486961E-03,+534.79898348E-03,-948.49651E-06
+12.65000E-06,+560.30149082E-03,+524.71858822E-03,+538.56782767E-03,-4.71734069E-03
+12.70000E-06,+536.43214435E-03,+504.61808592E-03,+543.59295324E-03,-2.45603418E-03
+12.75000E-06,+541.45726992E-03,+530.99999519E-03,+528.51757652E-03,-2.20477791E-03
+12.80000E-06,+546.48239550E-03,+524.71858822E-03,+515.95476258E-03,-4.96859697E-03
+12.85000E-06,+531.40701877E-03,+528.48743240E-03,+534.79898348E-03,-4.71734069E-03
+12.90000E-06,+538.94470713E-03,+536.02512076E-03,+532.28642070E-03,-4.71734069E-03
+12.95000E-06,+554.02008386E-03,+544.81909052E-03,+534.79898348E-03,-2.20477791E-03
+13.00000E-06,+528.89445599E-03,+544.81909052E-03,+553.64320439E-03,-697.24023E-06
+13.05000E-06,+560.30149082E-03,+524.71858822E-03,+531.03013930E-03,-1.45100907E-03
+13.10000E-06,+527.63817459E-03,+524.71858822E-03,+548.61807881E-03,-1.19975279E-03
+13.15000E-06,+533.91958156E-03,+530.99999519E-03,+541.08039045E-03,-6.22487837E-03
+13.20000E-06,+566.58289780E-03,+525.97486961E-03,+553.64320439E-03,-445.98395E-06
+13.25000E-06,+547.73867689E-03,+528.48743240E-03,+534.79898348E-03,-5.47110953E-03
+13.30000E-06,+536.43214435E-03,+556.12562306E-03,+523.49245094E-03,-4.21482814E-03
+13.35000E-06,+547.73867689E-03,+538.53768355E-03,+542.33667185E-03,-3.20980302E-03
+13.40000E-06,+527.63817459E-03,+524.71858822E-03,+554.89948578E-03,-4.46608441E-03
+13.45000E-06,+564.07033501E-03,+561.15074863E-03,+534.79898348E-03,-7.22990348E-03
+13.50000E-06,+550.25123968E-03,+533.51255797E-03,+543.59295324E-03,-4.71734069E-03
+13.55000E-06,+547.73867689E-03,+538.53768355E-03,+522.23616955E-03,+2.06657883E-03
+13.60000E-06,+547.73867689E-03,+544.81909052E-03,+515.95476258E-03,-194.72768E-06
+13.65000E-06,+567.83917919E-03,+544.81909052E-03,+534.79898348E-03,-7.98367232E-03
+13.70000E-06,+538.94470713E-03,+542.30652773E-03,+526.00501373E-03,-8.73744115E-03
+13.75000E-06,+533.91958156E-03,+558.63818585E-03,+554.89948578E-03,-4.71734069E-03
+13.80000E-06,+566.58289780E-03,+544.81909052E-03,+514.69848119E-03,-948.49651E-06
+13.85000E-06,+567.83917919E-03,+524.71858822E-03,+551.13064160E-03,-4.71734069E-03
+13.90000E-06,+547.73867689E-03,+524.71858822E-03,+537.31154627E-03,-4.71734069E-03
+13.95000E-06,+554.02008386E-03,+530.99999519E-03,+541.08039045E-03,-7.22990348E-03
+14.00000E-06,+530.15073738E-03,+525.97486961E-03,+553.64320439E-03,-194.72768E-06
+14.05000E-06,+540.20098853E-03,+564.91959281E-03,+534.79898348E-03,-3.96357186E-03
+14.10000E-06,+538.94470714E-03,+544.81909052E-03,+552.38692300E-03,-4.71734069E-03
+14.15000E-06,+540.20098853E-03,+538.53768355E-03,+520.97988815E-03,-1.95352163E-03
+14.20000E-06,+548.99495828E-03,+543.56280912E-03,+536.05526488E-03,-948.49651E-06
+14.25000E-06,+540.20098853E-03,+541.05024633E-03,+534.79898348E-03,-4.71734069E-03
+14.30000E-06,+559.04520943E-03,+556.12562306E-03,+554.89948578E-03,-1.95352163E-03
+14.35000E-06,+527.63817459E-03,+530.99999519E-03,+534.79898348E-03,-7.48115976E-03
+14.40000E-06,+528.89445599E-03,+524.71858822E-03,+534.79898348E-03,-4.96859697E-03
+14.45000E-06,+543.96983271E-03,+541.05024633E-03,+551.13064160E-03,-7.98367232E-03
+14.50000E-06,+556.53264665E-03,+536.02512076E-03,+546.10551603E-03,-2.95854674E-03
+14.55000E-06,+535.17586296E-03,+546.07537191E-03,+520.97988815E-03,-7.48115976E-03
+14.60000E-06,+547.73867689E-03,+524.71858822E-03,+552.38692300E-03,-4.71734069E-03
+14.65000E-06,+564.07033501E-03,+524.71858822E-03,+518.46732537E-03,-4.71734069E-03
+14.70000E-06,+518.84420484E-03,+524.71858822E-03,+526.00501373E-03,-6.97864720E-03
+14.75000E-06,+547.73867689E-03,+538.53768355E-03,+542.33667185E-03,-5.97362209E-03
+14.80000E-06,+528.89445599E-03,+543.56280912E-03,+553.64320439E-03,-4.71734069E-03
+14.85000E-06,+531.40701877E-03,+532.25627658E-03,+547.36179742E-03,-2.20477791E-03
+14.90000E-06,+547.73867689E-03,+524.71858822E-03,+523.49245094E-03,-8.73744115E-03
+14.95000E-06,+541.45726992E-03,+544.81909052E-03,+542.33667185E-03,-1.95352163E-03
+15.00000E-06,+567.83917919E-03,+544.81909052E-03,+534.79898348E-03,-8.23492860E-03
+15.05000E-06,+556.53264664E-03,+541.05024633E-03,+531.03013930E-03,-5.47110953E-03
+15.10000E-06,+547.73867689E-03,+544.81909052E-03,+543.59295324E-03,-2.45603418E-03
+15.15000E-06,+533.91958156E-03,+524.71858822E-03,+534.79898348E-03,-1.95352163E-03
+15.20000E-06,+545.22611410E-03,+525.97486961E-03,+515.95476258E-03,-5.21985325E-03
+15.25000E-06,+551.50752107E-03,+548.58793470E-03,+514.69848119E-03,-697.24023E-06
+15.30000E-06,+550.25123968E-03,+556.12562306E-03,+514.69848119E-03,-4.71734069E-03
+15.35000E-06,+567.83917919E-03,+538.53768355E-03,+534.79898348E-03,-5.97362209E-03
+15.40000E-06,+527.63817459E-03,+525.97486961E-03,+534.79898348E-03,-4.71734069E-03
+15.45000E-06,+547.73867689E-03,+561.15074863E-03,+534.79898348E-03,-6.47613464E-03
+15.50000E-06,+527.63817459E-03,+536.02512076E-03,+534.79898348E-03,-4.21482814E-03
+15.55000E-06,+561.55777222E-03,+544.81909052E-03,+548.61807881E-03,-3.46105930E-03
+15.60000E-06,+528.89445599E-03,+524.71858822E-03,+552.38692300E-03,-697.24023E-06
+15.65000E-06,+531.40701877E-03,+532.25627658E-03,+531.03013930E-03,-7.22990348E-03
+15.70000E-06,+536.43214435E-03,+533.51255797E-03,+523.49245094E-03,-9.23995371E-03
+15.75000E-06,+533.91958156E-03,+544.81909052E-03,+534.79898348E-03,-5.97362209E-03
+15.80000E-06,+548.99495828E-03,+525.97486961E-03,+552.38692300E-03,-8.23492860E-03
+15.85000E-06,+543.96983271E-03,+541.05024633E-03,+534.79898348E-03,-4.71734069E-03
+15.90000E-06,+538.94470713E-03,+544.81909052E-03,+554.89948578E-03,-2.95854674E-03
+15.95000E-06,+541.45726992E-03,+524.71858822E-03,+548.61807881E-03,-1.95352163E-03
+16.00000E-06,+528.89445599E-03,+562.40703003E-03,+534.79898348E-03,-5.21985325E-03
+16.05000E-06,+543.96983271E-03,+512.15577428E-03,+534.79898348E-03,-4.71734069E-03
+16.10000E-06,+547.73867689E-03,+544.81909052E-03,+523.49245094E-03,-8.73744115E-03
+16.15000E-06,+560.30149082E-03,+524.71858822E-03,+548.61807881E-03,-1.95352163E-03
+16.20000E-06,+566.58289780E-03,+543.56280912E-03,+534.79898348E-03,-4.96859697E-03
+16.25000E-06,+547.73867689E-03,+528.48743240E-03,+498.36682307E-03,-1.45100907E-03
+16.30000E-06,+538.94470713E-03,+524.71858822E-03,+523.49245094E-03,-2.45603418E-03
+16.35000E-06,+547.73867689E-03,+544.81909052E-03,+534.79898348E-03,-7.48115976E-03
+16.40000E-06,+547.73867689E-03,+543.56280912E-03,+534.79898348E-03,-12.25502905E-03
+16.45000E-06,+531.40701878E-03,+528.48743240E-03,+551.13064160E-03,-7.98367232E-03
+16.50000E-06,+547.73867689E-03,+533.51255797E-03,+546.10551603E-03,-4.21482814E-03
+16.55000E-06,+541.45726992E-03,+538.53768355E-03,+534.79898348E-03,-4.71734069E-03
+16.60000E-06,+546.48239550E-03,+525.97486961E-03,+534.79898348E-03,-8.48618487E-03
+16.65000E-06,+543.96983271E-03,+541.05024633E-03,+534.79898348E-03,-7.98367232E-03
+16.70000E-06,+527.63817459E-03,+536.02512076E-03,+543.59295324E-03,-6.97864720E-03
+16.75000E-06,+533.91958156E-03,+538.53768355E-03,+554.89948578E-03,-7.48115976E-03
+16.80000E-06,+547.73867689E-03,+525.97486961E-03,+553.64320439E-03,-1.19975279E-03
+16.85000E-06,+564.07033501E-03,+541.05024633E-03,+538.56782767E-03,-7.98367232E-03
+16.90000E-06,+518.84420484E-03,+524.71858822E-03,+534.79898348E-03,-697.24023E-06
+16.95000E-06,+533.91958156E-03,+544.81909052E-03,+548.61807881E-03,-3.46105930E-03
+17.00000E-06,+546.48239550E-03,+544.81909052E-03,+534.79898348E-03,-697.24023E-06
+17.05000E-06,+560.30149082E-03,+541.05024633E-03,+538.56782767E-03,-697.24023E-06
+17.10000E-06,+538.94470713E-03,+547.33165330E-03,+534.79898348E-03,-2.95854674E-03
+17.15000E-06,+554.02008386E-03,+538.53768355E-03,+548.61807881E-03,-6.22487837E-03
+17.20000E-06,+528.89445599E-03,+544.81909052E-03,+534.79898348E-03,-8.48618487E-03
+17.25000E-06,+564.07033501E-03,+532.25627658E-03,+534.79898348E-03,-697.24023E-06
+17.30000E-06,+547.73867689E-03,+536.02512076E-03,+517.21104397E-03,-2.95854674E-03
+17.35000E-06,+535.17586296E-03,+524.71858822E-03,+514.69848119E-03,+810.29744E-06
+17.40000E-06,+547.73867689E-03,+527.23115100E-03,+514.69848119E-03,-948.49651E-06
+17.45000E-06,+543.96983271E-03,+528.48743240E-03,+514.69848119E-03,-8.73744115E-03
+17.50000E-06,+536.43214435E-03,+527.23115100E-03,+526.00501373E-03,-2.45603418E-03
+17.55000E-06,+581.65827452E-03,+530.99999518E-03,+528.51757652E-03,-8.73744115E-03
+17.60000E-06,+546.48239550E-03,+505.87436731E-03,+534.79898348E-03,-4.71734069E-03
+17.65000E-06,+527.63817459E-03,+544.81909052E-03,+547.36179742E-03,-4.71734069E-03
+17.70000E-06,+567.83917919E-03,+524.71858822E-03,+534.79898348E-03,-4.71734069E-03
+17.75000E-06,+561.55777222E-03,+544.81909052E-03,+527.26129512E-03,-3.46105930E-03
+17.80000E-06,+547.73867689E-03,+563.66331142E-03,+534.79898348E-03,-8.73744115E-03
+17.85000E-06,+551.50752107E-03,+541.05024633E-03,+534.79898348E-03,-697.24023E-06
+17.90000E-06,+538.94470713E-03,+533.51255797E-03,+534.79898348E-03,-6.97864720E-03
+17.95000E-06,+513.81907926E-03,+544.81909052E-03,+548.61807882E-03,-697.24023E-06
+18.00000E-06,+566.58289780E-03,+525.97486961E-03,+515.95476258E-03,-1.19975279E-03
+18.05000E-06,+543.96983271E-03,+541.05024633E-03,+502.13566725E-03,-3.20980302E-03
+18.10000E-06,+547.73867689E-03,+536.02512076E-03,+512.18591840E-03,-697.24023E-06
+18.15000E-06,+547.73867689E-03,+538.53768355E-03,+528.51757652E-03,-5.97362209E-03
+18.20000E-06,+528.89445599E-03,+525.97486961E-03,+553.64320439E-03,-8.48618487E-03
+18.25000E-06,+523.86933041E-03,+544.81909052E-03,+518.46732537E-03,-7.98367232E-03
+18.30000E-06,+545.22611411E-03,+544.81909052E-03,+529.77385792E-03,-2.45603418E-03
+18.35000E-06,+555.27636526E-03,+524.71858822E-03,+534.79898348E-03,+559.04116E-06
+18.40000E-06,+547.73867689E-03,+543.56280912E-03,+498.36682307E-03,-8.48618487E-03
+18.45000E-06,+531.40701878E-03,+528.48743240E-03,+531.03013930E-03,-4.71734069E-03
+18.50000E-06,+527.63817459E-03,+533.51255797E-03,+534.79898348E-03,-12.75754161E-03
+18.55000E-06,+533.91958156E-03,+544.81909052E-03,+548.61807882E-03,-5.97362209E-03
+18.60000E-06,+546.48239550E-03,+525.97486961E-03,+552.38692300E-03,-4.71734069E-03
+18.65000E-06,+547.73867689E-03,+541.05024633E-03,+538.56782767E-03,-5.47110953E-03
+18.70000E-06,+547.73867689E-03,+533.51255797E-03,+526.00501373E-03,-5.21985325E-03
+18.75000E-06,+547.73867689E-03,+558.63818585E-03,+534.79898348E-03,-7.48115976E-03
+18.80000E-06,+567.83917919E-03,+563.66331142E-03,+534.79898348E-03,-8.73744115E-03
+18.85000E-06,+547.73867689E-03,+548.58793470E-03,+514.69848119E-03,-1.45100907E-03
+18.90000E-06,+536.43214435E-03,+542.30652773E-03,+523.49245094E-03,-6.47613464E-03
+18.95000E-06,+541.45726992E-03,+524.71858822E-03,+520.97988815E-03,-4.46608441E-03
+19.00000E-06,+547.73867689E-03,+546.07537191E-03,+553.64320439E-03,-8.73744115E-03
+19.05000E-06,+540.20098853E-03,+544.81909052E-03,+551.13064160E-03,-3.96357186E-03
+19.10000E-06,+536.43214435E-03,+524.71858822E-03,+543.59295324E-03,-10.99874766E-03
+19.15000E-06,+547.73867689E-03,+524.71858822E-03,+520.97988815E-03,-4.71734069E-03
+19.20000E-06,+547.73867689E-03,+543.56280912E-03,+536.05526488E-03,-4.96859697E-03
+19.25000E-06,+535.17586296E-03,+524.71858822E-03,+551.13064160E-03,-8.73744115E-03
+19.30000E-06,+538.94470713E-03,+533.51255797E-03,+534.79898348E-03,-2.95854674E-03
+19.35000E-06,+540.20098853E-03,+544.81909052E-03,+547.36179742E-03,-7.48115976E-03
+19.40000E-06,+547.73867689E-03,+524.71858822E-03,+497.11054167E-03,-697.24023E-06
+19.45000E-06,+543.96983271E-03,+541.05024633E-03,+518.46732537E-03,-4.71734069E-03
+19.50000E-06,+547.73867689E-03,+533.51255797E-03,+526.00501373E-03,-4.71734069E-03
+19.55000E-06,+540.20098853E-03,+538.53768355E-03,+528.51757652E-03,-4.71734069E-03
+19.60000E-06,+547.73867689E-03,+524.71858822E-03,+533.54270209E-03,-4.71734069E-03
+19.65000E-06,+547.73867689E-03,+548.58793470E-03,+551.13064160E-03,+1.81532255E-03
+19.70000E-06,+547.73867689E-03,+524.71858822E-03,+523.49245094E-03,-8.73744115E-03
+19.75000E-06,+541.45726992E-03,+524.71858822E-03,+534.79898348E-03,-5.97362209E-03
+19.80000E-06,+547.73867689E-03,+525.97486961E-03,+534.79898348E-03,-8.98869743E-03
+19.85000E-06,+543.96983271E-03,+528.48743240E-03,+518.46732537E-03,-7.98367232E-03
+19.90000E-06,+559.04520943E-03,+544.81909052E-03,+543.59295324E-03,-6.47613464E-03
+19.95000E-06,+547.73867689E-03,+538.53768355E-03,+541.08039045E-03,-1.95352163E-03
+20.00000E-06,+547.73867689E-03,+525.97486961E-03,+498.36682306E-03,-8.98869743E-03
+20.05000E-06,+535.17586296E-03,+541.05024633E-03,+567.46229971E-03,-4.71734069E-03
+20.10000E-06,+559.04520943E-03,+536.02512076E-03,+546.10551602E-03,-8.73744115E-03
+20.15000E-06,+541.45726992E-03,+524.71858822E-03,+548.61807882E-03,-4.71734069E-03
+20.20000E-06,+547.73867689E-03,+543.56280912E-03,+533.54270209E-03,-4.96859697E-03
+20.25000E-06,+547.73867689E-03,+557.38190445E-03,+534.79898348E-03,-5.47110953E-03
+20.30000E-06,+527.63817459E-03,+524.71858822E-03,+534.79898348E-03,-4.71734069E-03
+20.35000E-06,+547.73867689E-03,+544.81909052E-03,+520.97988815E-03,-7.48115976E-03
+20.40000E-06,+547.73867689E-03,+544.81909052E-03,+534.79898348E-03,-4.46608441E-03
+20.45000E-06,+547.73867689E-03,+548.58793470E-03,+551.13064160E-03,-2.20477791E-03
+20.50000E-06,+527.63817459E-03,+533.51255798E-03,+546.10551602E-03,-2.45603418E-03
+20.55000E-06,+561.55777222E-03,+538.53768355E-03,+534.79898348E-03,-5.97362209E-03
+20.60000E-06,+567.83917919E-03,+562.40703003E-03,+537.31154627E-03,-4.71734069E-03
+20.65000E-06,+547.73867689E-03,+541.05024633E-03,+554.89948578E-03,-7.98367232E-03
+20.70000E-06,+547.73867689E-03,+524.71858822E-03,+554.89948578E-03,-6.97864720E-03
+20.75000E-06,+541.45726993E-03,+524.71858822E-03,+548.61807882E-03,-4.71734069E-03
+20.80000E-06,+566.58289780E-03,+524.71858822E-03,+515.95476258E-03,-4.96859697E-03
+20.85000E-06,+515.07536066E-03,+544.81909052E-03,+534.79898348E-03,-697.24023E-06
+20.90000E-06,+536.43214435E-03,+544.81909052E-03,+534.79898348E-03,-8.23492860E-03
+20.95000E-06,+547.73867689E-03,+538.53768355E-03,+541.08039045E-03,-8.73744115E-03
+21.00000E-06,+547.73867689E-03,+543.56280912E-03,+534.79898348E-03,-948.49651E-06
+21.05000E-06,+564.07033500E-03,+532.25627658E-03,+518.46732537E-03,-3.96357186E-03
+21.10000E-06,+527.63817459E-03,+524.71858822E-03,+526.00501373E-03,-4.71734069E-03
+21.15000E-06,+547.73867689E-03,+524.71858822E-03,+534.79898348E-03,-4.71734069E-03
+21.20000E-06,+567.83917919E-03,+543.56280912E-03,+534.79898348E-03,-4.46608441E-03
+21.25000E-06,+531.40701878E-03,+541.05024633E-03,+551.13064160E-03,-7.98367232E-03
+21.30000E-06,+547.73867689E-03,+533.51255798E-03,+534.79898348E-03,-4.71734069E-03
+21.35000E-06,+547.73867689E-03,+530.99999518E-03,+527.26129512E-03,-7.48115976E-03
+21.40000E-06,+530.15073738E-03,+546.07537191E-03,+515.95476258E-03,-948.49651E-06
+21.45000E-06,+580.40199312E-03,+544.81909052E-03,+534.79898348E-03,-4.71734069E-03
+21.50000E-06,+545.22611411E-03,+536.02512076E-03,+537.31154627E-03,-697.24023E-06
+21.55000E-06,+533.91958156E-03,+532.25627658E-03,+548.61807882E-03,-3.46105930E-03
+21.60000E-06,+547.73867689E-03,+543.56280912E-03,+552.38692300E-03,-4.46608441E-03
+21.65000E-06,+547.73867689E-03,+561.15074863E-03,+531.03013930E-03,-3.96357186E-03
+21.70000E-06,+527.63817459E-03,+536.02512076E-03,+534.79898348E-03,-12.75754161E-03
+21.75000E-06,+547.73867689E-03,+538.53768355E-03,+507.16079282E-03,-4.71734069E-03
+21.80000E-06,+547.73867689E-03,+544.81909052E-03,+533.54270209E-03,-948.49651E-06
+21.85000E-06,+515.07536066E-03,+524.71858822E-03,+518.46732537E-03,-3.96357186E-03
+21.90000E-06,+538.94470713E-03,+544.81909052E-03,+543.59295324E-03,-8.73744115E-03
+21.95000E-06,+540.20098852E-03,+544.81909052E-03,+534.79898348E-03,-5.97362209E-03
+22.00000E-06,+548.99495828E-03,+525.97486961E-03,+534.79898348E-03,-4.71734069E-03
+22.05000E-06,+547.73867689E-03,+528.48743240E-03,+534.79898348E-03,-3.20980302E-03
+22.10000E-06,+547.73867689E-03,+527.23115100E-03,+534.79898348E-03,-2.45603418E-03
+22.15000E-06,+535.17586296E-03,+552.35677888E-03,+541.08039045E-03,-4.71734069E-03
+22.20000E-06,+548.99495828E-03,+546.07537191E-03,+553.64320439E-03,-4.71734069E-03
+22.25000E-06,+560.30149082E-03,+557.38190445E-03,+538.56782767E-03,-10.49623510E-03
+22.30000E-06,+547.73867689E-03,+515.92461846E-03,+554.89948578E-03,-6.47613464E-03
+22.35000E-06,+547.73867689E-03,+524.71858822E-03,+528.51757652E-03,-3.46105930E-03
+22.40000E-06,+546.48239550E-03,+544.81909052E-03,+534.79898348E-03,-4.71734069E-03
+22.45000E-06,+543.96983271E-03,+541.05024633E-03,+518.46732537E-03,-7.98367232E-03
+22.50000E-06,+550.25123967E-03,+533.51255798E-03,+537.31154627E-03,-4.71734069E-03
+22.55000E-06,+561.55777222E-03,+530.99999518E-03,+534.79898348E-03,-3.46105930E-03
+22.60000E-06,+547.73867689E-03,+563.66331142E-03,+534.79898348E-03,-8.48618487E-03
+22.65000E-06,+511.30651648E-03,+541.05024633E-03,+518.46732537E-03,-1.45100907E-03
+22.70000E-06,+525.12561181E-03,+536.02512076E-03,+534.79898348E-03,-2.95854674E-03
+22.75000E-06,+541.45726993E-03,+530.99999518E-03,+534.79898348E-03,+2.06657883E-03
+22.80000E-06,+547.73867689E-03,+562.40703003E-03,+534.79898348E-03,-948.49651E-06
+22.85000E-06,+531.40701878E-03,+544.81909052E-03,+551.13064160E-03,+1.81532255E-03
+22.90000E-06,+556.53264665E-03,+533.51255798E-03,+514.69848119E-03,-697.24023E-06
+22.95000E-06,+547.73867689E-03,+530.99999518E-03,+534.79898348E-03,-8.73744115E-03
+23.00000E-06,+528.89445598E-03,+544.81909052E-03,+533.54270209E-03,-4.71734069E-03
+23.05000E-06,+547.73867689E-03,+541.05024633E-03,+551.13064160E-03,-4.71734069E-03
+23.10000E-06,+547.73867689E-03,+544.81909052E-03,+526.00501373E-03,-6.47613464E-03
+23.15000E-06,+547.73867689E-03,+544.81909052E-03,+542.33667185E-03,-4.71734069E-03
+23.20000E-06,+566.58289780E-03,+524.71858822E-03,+515.95476258E-03,-1.19975279E-03
+23.25000E-06,+543.96983271E-03,+561.15074863E-03,+538.56782767E-03,-7.98367232E-03
+23.30000E-06,+559.04520943E-03,+544.81909052E-03,+543.59295324E-03,-4.71734069E-03
+23.35000E-06,+541.45726993E-03,+518.43718125E-03,+541.08039045E-03,-6.22487837E-03
+23.40000E-06,+546.48239550E-03,+543.56280912E-03,+534.79898348E-03,-697.24023E-06
+23.45000E-06,+547.73867689E-03,+541.05024633E-03,+534.79898348E-03,-1.45100907E-03
+23.50000E-06,+536.43214435E-03,+542.30652773E-03,+523.49245095E-03,-8.73744115E-03
+23.55000E-06,+526.38189319E-03,+524.71858822E-03,+527.26129512E-03,-6.22487837E-03
+23.60000E-06,+547.73867689E-03,+543.56280912E-03,+537.31154627E-03,-4.21482814E-03
+23.65000E-06,+531.40701878E-03,+528.48743240E-03,+534.79898348E-03,-3.96357186E-03
+23.70000E-06,+547.73867689E-03,+544.81909052E-03,+532.28642070E-03,-1.19975279E-03
+23.75000E-06,+535.17586296E-03,+530.99999518E-03,+500.87938585E-03,-1.95352163E-03
+23.80000E-06,+528.89445598E-03,+546.07537191E-03,+534.79898348E-03,-697.24023E-06
+23.85000E-06,+543.96983271E-03,+524.71858822E-03,+534.79898348E-03,-697.24023E-06
+23.90000E-06,+538.94470713E-03,+536.02512076E-03,+546.10551602E-03,-4.21482814E-03
+23.95000E-06,+533.91958156E-03,+530.99999518E-03,+534.79898348E-03,-697.24023E-06
+24.00000E-06,+566.58289780E-03,+525.97486961E-03,+553.64320439E-03,-4.71734069E-03
+24.05000E-06,+551.50752107E-03,+524.71858822E-03,+534.79898348E-03,-7.22990348E-03
+24.10000E-06,+547.73867689E-03,+527.23115100E-03,+554.89948578E-03,-4.71734069E-03
+24.15000E-06,+561.55777222E-03,+524.71858822E-03,+527.26129512E-03,-4.71734069E-03
+24.20000E-06,+527.63817459E-03,+542.30652773E-03,+534.79898348E-03,-948.49651E-06
+24.25000E-06,+564.07033500E-03,+528.48743240E-03,+538.56782767E-03,-4.71734069E-03
+24.30000E-06,+538.94470713E-03,+556.12562305E-03,+534.79898348E-03,+2.82034767E-03
+24.35000E-06,+526.38189319E-03,+524.71858822E-03,+513.44219978E-03,-1.95352163E-03
+24.40000E-06,+527.63817459E-03,+563.66331142E-03,+554.89948578E-03,-4.71734069E-03
+24.45000E-06,+547.73867689E-03,+532.25627659E-03,+547.36179741E-03,-6.22487837E-03
+24.50000E-06,+547.73867689E-03,+524.71858822E-03,+523.49245095E-03,-4.71734069E-03
+24.55000E-06,+533.91958156E-03,+530.99999518E-03,+534.79898348E-03,-8.73744115E-03
+24.60000E-06,+548.99495828E-03,+524.71858822E-03,+553.64320439E-03,-697.24023E-06
+24.65000E-06,+531.40701878E-03,+557.38190444E-03,+534.79898348E-03,-4.71734069E-03
+24.70000E-06,+538.94470713E-03,+553.61306027E-03,+526.00501373E-03,-4.71734069E-03
+24.75000E-06,+554.02008386E-03,+530.99999518E-03,+520.97988815E-03,-3.46105930E-03
+24.80000E-06,+547.73867689E-03,+525.97486961E-03,+534.79898348E-03,-1.19975279E-03
+24.85000E-06,+535.17586296E-03,+528.48743240E-03,+534.79898348E-03,-1.45100907E-03
+24.90000E-06,+559.04520943E-03,+524.71858822E-03,+523.49245095E-03,-6.47613464E-03
+24.95000E-06,+547.73867689E-03,+530.99999518E-03,+554.89948578E-03,-7.48115976E-03
+25.00000E-06,+511.30651647E-03,+507.13064870E-03,+533.54270209E-03,-4.46608441E-03
+25.05000E-06,+547.73867689E-03,+544.81909052E-03,+538.56782767E-03,-5.47110953E-03
+25.10000E-06,+538.94470713E-03,+544.81909052E-03,+546.10551602E-03,-6.97864720E-03
+25.15000E-06,+535.17586296E-03,+524.71858822E-03,+534.79898348E-03,-7.48115976E-03
+25.20000E-06,+566.58289780E-03,+524.71858822E-03,+536.05526487E-03,-8.48618487E-03
+25.25000E-06,+547.73867689E-03,+532.25627659E-03,+547.36179741E-03,-5.47110953E-03
+25.30000E-06,+556.53264665E-03,+544.81909052E-03,+546.10551602E-03,-5.21985325E-03
+25.35000E-06,+554.02008385E-03,+530.99999518E-03,+534.79898348E-03,-8.73744115E-03
+25.40000E-06,+547.73867689E-03,+525.97486961E-03,+572.48742530E-03,-8.48618487E-03
+25.45000E-06,+523.86933041E-03,+524.71858822E-03,+531.03013930E-03,-4.71734069E-03
+25.50000E-06,+547.73867689E-03,+556.12562305E-03,+566.20601832E-03,-4.71734069E-03
+25.55000E-06,+533.91958156E-03,+558.63818585E-03,+534.79898348E-03,-4.71734069E-03
+25.60000E-06,+547.73867689E-03,+543.56280913E-03,+515.95476258E-03,-1.19975279E-03
+25.65000E-06,+540.20098852E-03,+524.71858822E-03,+518.46732537E-03,-697.24023E-06
+25.70000E-06,+541.45726991E-03,+536.02512076E-03,+563.69345554E-03,-10.99874766E-03
+25.75000E-06,+555.27636526E-03,+537.28140215E-03,+527.26129512E-03,-3.46105930E-03
+25.80000E-06,+547.73867689E-03,+544.81909052E-03,+553.64320439E-03,-4.46608441E-03
+25.85000E-06,+551.50752108E-03,+528.48743240E-03,+538.56782767E-03,-3.96357186E-03
+25.90000E-06,+518.84420483E-03,+542.30652774E-03,+526.00501373E-03,-4.71734069E-03
+25.95000E-06,+533.91958156E-03,+538.53768355E-03,+534.79898348E-03,-12.75754161E-03
+26.00000E-06,+548.99495828E-03,+544.81909052E-03,+515.95476258E-03,-697.24023E-06
+26.05000E-06,+535.17586296E-03,+541.05024633E-03,+551.13064160E-03,-7.22990348E-03
+26.10000E-06,+556.53264665E-03,+515.92461846E-03,+543.59295324E-03,-4.21482814E-03
+26.15000E-06,+533.91958156E-03,+524.71858822E-03,+520.97988815E-03,-4.71734069E-03
+26.20000E-06,+528.89445598E-03,+524.71858822E-03,+534.79898348E-03,-8.48618487E-03
+26.25000E-06,+531.40701878E-03,+544.81909052E-03,+531.03013930E-03,-5.47110953E-03
+26.30000E-06,+556.53264665E-03,+513.41205568E-03,+543.59295324E-03,-4.71734069E-03
+26.35000E-06,+533.91958156E-03,+524.71858822E-03,+542.33667185E-03,-3.46105930E-03
+26.40000E-06,+528.89445598E-03,+563.66331142E-03,+515.95476258E-03,-1.19975279E-03
+26.45000E-06,+547.73867689E-03,+524.71858822E-03,+551.13064160E-03,-1.45100907E-03
+26.50000E-06,+547.73867689E-03,+547.33165329E-03,+546.10551602E-03,-6.97864720E-03
+26.55000E-06,+541.45726993E-03,+530.99999518E-03,+548.61807882E-03,-9.99372255E-03
+26.60000E-06,+545.22611411E-03,+546.07537190E-03,+533.54270209E-03,-8.73744115E-03
+26.65000E-06,+547.73867689E-03,+544.81909052E-03,+547.36179741E-03,-7.98367232E-03
+26.70000E-06,+547.73867689E-03,+556.12562305E-03,+523.49245095E-03,-5.21985325E-03
+26.75000E-06,+526.38189319E-03,+524.71858822E-03,+520.97988815E-03,-3.46105930E-03
+26.80000E-06,+547.73867689E-03,+562.40703003E-03,+572.48742530E-03,-4.46608441E-03
+26.85000E-06,+564.07033500E-03,+524.71858822E-03,+534.79898348E-03,-1.45100907E-03
+26.90000E-06,+536.43214435E-03,+522.20602544E-03,+546.10551602E-03,-697.24023E-06
+26.95000E-06,+541.45726993E-03,+530.99999518E-03,+534.79898348E-03,-3.20980302E-03
+27.00000E-06,+548.99495828E-03,+524.71858822E-03,+553.64320439E-03,-4.46608441E-03
+27.05000E-06,+543.96983271E-03,+528.48743240E-03,+551.13064160E-03,-7.22990348E-03
+27.10000E-06,+530.15073737E-03,+536.02512076E-03,+554.89948578E-03,+3.82537278E-03
+27.15000E-06,+547.73867689E-03,+538.53768355E-03,+554.89948578E-03,-697.24023E-06
+27.20000E-06,+527.63817459E-03,+543.56280913E-03,+533.54270210E-03,-1.19975279E-03
+27.25000E-06,+551.50752108E-03,+544.81909052E-03,+571.23114389E-03,-4.71734069E-03
+27.30000E-06,+530.15073737E-03,+536.02512076E-03,+532.28642071E-03,-4.71734069E-03
+27.35000E-06,+561.55777222E-03,+538.53768355E-03,+554.89948578E-03,-4.71734069E-03
+27.40000E-06,+547.73867689E-03,+525.97486961E-03,+571.23114391E-03,-4.46608442E-03
+27.45000E-06,+547.73867689E-03,+528.48743240E-03,+518.46732537E-03,-4.71734069E-03
+27.50000E-06,+536.43214435E-03,+533.51255798E-03,+523.49245095E-03,-4.71734069E-03
+27.55000E-06,+561.55777222E-03,+530.99999518E-03,+527.26129511E-03,-6.22487837E-03
+27.60000E-06,+547.73867689E-03,+563.66331142E-03,+534.79898348E-03,-4.71734069E-03
+27.65000E-06,+531.40701878E-03,+541.05024633E-03,+534.79898348E-03,-5.47110953E-03
+27.70000E-06,+538.94470713E-03,+524.71858822E-03,+526.00501373E-03,-2.95854674E-03
+27.75000E-06,+533.91958156E-03,+530.99999518E-03,+534.79898348E-03,-8.73744115E-03
+27.80000E-06,+547.73867689E-03,+544.81909052E-03,+552.38692300E-03,-8.48618487E-03
+27.85000E-06,+564.07033500E-03,+541.05024633E-03,+538.56782767E-03,-7.98367232E-03
+27.90000E-06,+536.43214435E-03,+533.51255798E-03,+534.79898348E-03,-6.97864720E-03
+27.95000E-06,+561.55777222E-03,+558.63818585E-03,+508.41707422E-03,-697.24023E-06
+28.00000E-06,+547.73867689E-03,+544.81909052E-03,+515.95476258E-03,-1.19975279E-03
+28.05000E-06,+547.73867689E-03,+561.15074863E-03,+522.23616956E-03,-7.98367232E-03
+28.10000E-06,+559.04520943E-03,+533.51255798E-03,+534.79898348E-03,-6.47613464E-03
+28.15000E-06,+533.91958156E-03,+524.71858822E-03,+541.08039045E-03,-4.71734069E-03
+28.20000E-06,+565.32661641E-03,+543.56280913E-03,+572.48742530E-03,-948.49651E-06
+28.25000E-06,+551.50752108E-03,+541.05024633E-03,+547.36179741E-03,+2.56909139E-03
+28.30000E-06,+536.43214435E-03,+536.02512076E-03,+537.31154626E-03,-4.71734069E-03
+28.35000E-06,+520.10048622E-03,+530.99999518E-03,+541.08039045E-03,-6.22487837E-03
+28.40000E-06,+546.48239550E-03,+562.40703003E-03,+536.05526487E-03,-1.19975279E-03
+28.45000E-06,+531.40701878E-03,+544.81909052E-03,+538.56782767E-03,-4.71734069E-03
+28.50000E-06,+556.53264665E-03,+533.51255798E-03,+514.69848119E-03,-2.45603419E-03
+28.55000E-06,+555.27636526E-03,+524.71858822E-03,+520.97988815E-03,-5.97362209E-03
+28.60000E-06,+528.89445598E-03,+544.81909052E-03,+515.95476258E-03,-4.71734069E-03
+28.65000E-06,+564.07033500E-03,+544.81909052E-03,+531.03013930E-03,+1.81532255E-03
+28.70000E-06,+547.73867689E-03,+533.51255798E-03,+514.69848119E-03,-4.71734069E-03
+28.75000E-06,+567.83917919E-03,+544.81909052E-03,+541.08039045E-03,-3.46105930E-03
+28.80000E-06,+566.58289780E-03,+524.71858822E-03,+534.79898348E-03,-948.49651E-06
+28.85000E-06,+560.30149082E-03,+524.71858822E-03,+514.69848119E-03,-4.71734069E-03
+28.90000E-06,+530.15073737E-03,+553.61306028E-03,+514.69848119E-03,+307.78488E-06
+28.95000E-06,+561.55777222E-03,+524.71858822E-03,+520.97988815E-03,-10.24497883E-03
+29.00000E-06,+565.32661641E-03,+543.56280913E-03,+534.79898348E-03,-697.24023E-06
+29.05000E-06,+531.40701878E-03,+561.15074863E-03,+534.79898348E-03,-697.24023E-06
+29.10000E-06,+536.43214435E-03,+533.51255798E-03,+557.41204856E-03,-2.45603419E-03
+29.15000E-06,+520.10048622E-03,+530.99999518E-03,+534.79898348E-03,-3.46105930E-03
+29.20000E-06,+546.48239550E-03,+525.97486961E-03,+533.54270210E-03,-4.46608442E-03
+29.25000E-06,+547.73867689E-03,+544.81909052E-03,+531.03013930E-03,-3.96357186E-03
+29.30000E-06,+547.73867689E-03,+524.71858822E-03,+512.18591841E-03,+1.56406627E-03
+29.35000E-06,+547.73867689E-03,+524.71858822E-03,+520.97988815E-03,-8.73744115E-03
+29.40000E-06,+547.73867689E-03,+546.07537190E-03,+553.64320439E-03,-4.96859697E-03
+29.45000E-06,+552.76380245E-03,+512.15577429E-03,+547.36179741E-03,-5.47110953E-03
+29.50000E-06,+547.73867689E-03,+544.81909052E-03,+526.00501372E-03,-697.24023E-06
+29.55000E-06,+541.45726993E-03,+530.99999518E-03,+534.79898348E-03,-1.95352163E-03
+29.60000E-06,+545.22611411E-03,+543.56280913E-03,+495.85426028E-03,-948.49651E-06
+29.65000E-06,+507.53767230E-03,+524.71858822E-03,+518.46732537E-03,-4.71734069E-03
+29.70000E-06,+538.94470713E-03,+536.02512076E-03,+534.79898348E-03,-6.97864720E-03
+29.75000E-06,+554.02008385E-03,+530.99999518E-03,+554.89948578E-03,-697.24023E-06
+29.80000E-06,+528.89445598E-03,+507.13064870E-03,+552.38692300E-03,-4.71734069E-03
+29.85000E-06,+547.73867689E-03,+524.71858822E-03,+538.56782767E-03,-697.24023E-06
+29.90000E-06,+533.91958158E-03,+536.02512076E-03,+546.10551602E-03,-4.71734069E-03
+29.95000E-06,+527.63817459E-03,+538.53768355E-03,+534.79898348E-03,-1.95352163E-03
+30.00000E-06,+527.63817459E-03,+544.81909052E-03,+553.64320439E-03,-4.46608442E-03
+30.05000E-06,+531.40701878E-03,+524.71858822E-03,+554.89948578E-03,-8.73744115E-03
+30.10000E-06,+550.25123967E-03,+524.71858822E-03,+534.79898348E-03,-6.97864720E-03
+30.15000E-06,+541.45726993E-03,+544.81909052E-03,+514.69848119E-03,-4.71734069E-03
+30.20000E-06,+528.89445598E-03,+524.71858822E-03,+536.05526487E-03,-697.24023E-06
+30.25000E-06,+547.73867689E-03,+544.81909052E-03,+518.46732537E-03,-5.47110953E-03
+30.30000E-06,+530.15073737E-03,+533.51255798E-03,+523.49245095E-03,-2.45603419E-03
+30.35000E-06,+555.27636526E-03,+558.63818585E-03,+494.59797889E-03,-3.46105930E-03
+30.40000E-06,+546.48239550E-03,+524.71858822E-03,+514.69848119E-03,-4.71734069E-03
+30.45000E-06,+535.17586297E-03,+544.81909052E-03,+534.79898348E-03,-7.22990348E-03
+30.50000E-06,+559.04520943E-03,+536.02512076E-03,+526.00501372E-03,-697.24023E-06
+30.55000E-06,+541.45726993E-03,+538.53768355E-03,+527.26129511E-03,-697.24023E-06
+30.60000E-06,+548.99495828E-03,+543.56280913E-03,+533.54270210E-03,-4.46608442E-03
+30.65000E-06,+560.30149082E-03,+544.81909052E-03,+522.23616956E-03,-4.71734069E-03
+30.70000E-06,+545.22611411E-03,+524.71858822E-03,+534.79898348E-03,-6.47613464E-03
+30.75000E-06,+554.02008385E-03,+530.99999518E-03,+520.97988815E-03,-4.71734069E-03
+30.80000E-06,+547.73867689E-03,+524.71858822E-03,+534.79898348E-03,-948.49651E-06
+30.85000E-06,+564.07033500E-03,+528.48743240E-03,+534.79898348E-03,-4.71734069E-03
+30.90000E-06,+538.94470713E-03,+536.02512076E-03,+543.59295324E-03,-6.47613464E-03
+30.95000E-06,+533.91958156E-03,+537.28140214E-03,+534.79898348E-03,-5.97362209E-03
+31.00000E-06,+547.73867689E-03,+562.40703004E-03,+536.05526487E-03,-8.48618487E-03
+31.05000E-06,+547.73867689E-03,+528.48743240E-03,+534.79898348E-03,-1.45100907E-03
+31.10000E-06,+538.94470713E-03,+544.81909052E-03,+543.59295324E-03,-2.45603419E-03
+31.15000E-06,+541.45726993E-03,+544.81909052E-03,+528.51757652E-03,-1.95352163E-03
+31.20000E-06,+527.63817459E-03,+543.56280913E-03,+533.54270210E-03,-4.96859697E-03
+31.25000E-06,+547.73867689E-03,+541.05024633E-03,+514.69848119E-03,-7.98367232E-03
+31.30000E-06,+547.73867689E-03,+533.51255798E-03,+554.89948578E-03,-6.97864720E-03
+31.35000E-06,+547.73867689E-03,+538.53768355E-03,+548.61807882E-03,-4.71734069E-03
+31.40000E-06,+527.63817459E-03,+543.56280913E-03,+533.54270210E-03,-948.49651E-06
+31.45000E-06,+535.17586297E-03,+541.05024633E-03,+518.46732537E-03,-7.22990348E-03
+31.50000E-06,+545.22611411E-03,+536.02512075E-03,+532.28642071E-03,-6.97864720E-03
+31.55000E-06,+541.45726993E-03,+544.81909052E-03,+541.08039045E-03,-6.22487837E-03
+31.60000E-06,+546.48239550E-03,+527.23115099E-03,+536.05526487E-03,-12.25502906E-03
+31.65000E-06,+543.96983270E-03,+544.81909052E-03,+554.89948578E-03,-7.98367232E-03
+31.70000E-06,+538.94470713E-03,+515.92461846E-03,+523.49245095E-03,-4.21482814E-03
+31.75000E-06,+547.73867689E-03,+551.10049748E-03,+520.97988815E-03,-1.95352163E-03
+31.80000E-06,+528.89445598E-03,+524.71858822E-03,+534.79898348E-03,-4.46608442E-03
+31.85000E-06,+527.63817459E-03,+524.71858822E-03,+531.03013930E-03,-3.96357186E-03
+31.90000E-06,+538.94470713E-03,+544.81909052E-03,+526.00501372E-03,-4.21482814E-03
+31.95000E-06,+554.02008385E-03,+538.53768355E-03,+541.08039045E-03,-7.22990348E-03
+32.00000E-06,+566.58289780E-03,+524.71858822E-03,+554.89948578E-03,-4.71734069E-03
+32.05000E-06,+498.74370256E-03,+524.71858822E-03,+534.79898348E-03,+56.52860E-06
+32.10000E-06,+559.04520943E-03,+536.02512075E-03,+523.49245095E-03,-4.71734069E-03
+32.15000E-06,+533.91958156E-03,+538.53768355E-03,+548.61807882E-03,-4.71734069E-03
+32.20000E-06,+528.89445598E-03,+524.71858822E-03,+534.79898348E-03,-4.96859697E-03
+32.25000E-06,+515.07536067E-03,+528.48743240E-03,+534.79898348E-03,-1.45100907E-03
+32.30000E-06,+547.73867689E-03,+513.41205568E-03,+543.59295325E-03,-4.71734069E-03
+32.35000E-06,+547.73867689E-03,+524.71858822E-03,+534.79898348E-03,-697.24023E-06
+32.40000E-06,+528.89445598E-03,+524.71858822E-03,+553.64320439E-03,-4.96859697E-03
+32.45000E-06,+564.07033500E-03,+528.48743240E-03,+538.56782767E-03,-5.47110953E-03
+32.50000E-06,+516.33164206E-03,+536.02512075E-03,+523.49245095E-03,-4.71734069E-03
+32.55000E-06,+541.45726993E-03,+544.81909052E-03,+534.79898348E-03,-5.97362209E-03
+32.60000E-06,+566.58289780E-03,+525.97486961E-03,+571.23114392E-03,-8.48618487E-03
+32.65000E-06,+543.96983270E-03,+524.71858822E-03,+551.13064160E-03,-697.24023E-06
+32.70000E-06,+559.04520943E-03,+544.81909052E-03,+526.00501372E-03,-2.45603419E-03
+32.75000E-06,+554.02008385E-03,+538.53768355E-03,+534.79898348E-03,+2.06657883E-03
+32.80000E-06,+547.73867689E-03,+524.71858822E-03,+517.21104396E-03,-4.71734069E-03
+32.85000E-06,+551.50752108E-03,+544.81909052E-03,+547.36179741E-03,-7.98367232E-03
+32.90000E-06,+547.73867689E-03,+544.81909052E-03,+534.79898348E-03,-2.95854674E-03
+32.95000E-06,+547.73867689E-03,+524.71858822E-03,+548.61807882E-03,-4.71734069E-03
+33.00000E-06,+547.73867689E-03,+525.97486961E-03,+553.64320439E-03,-8.23492860E-03
+33.05000E-06,+547.73867689E-03,+544.81909052E-03,+518.46732537E-03,-1.45100907E-03
+33.10000E-06,+516.33164206E-03,+533.51255798E-03,+537.31154626E-03,-6.97864720E-03
+33.15000E-06,+533.91958156E-03,+544.81909052E-03,+534.79898348E-03,-5.97362209E-03
+33.20000E-06,+547.73867689E-03,+544.81909052E-03,+515.95476257E-03,-4.21482814E-03
+33.25000E-06,+547.73867689E-03,+544.81909052E-03,+538.56782767E-03,-6.47613464E-03
+33.30000E-06,+536.43214435E-03,+533.51255798E-03,+534.79898348E-03,-2.45603419E-03
+33.35000E-06,+541.45726993E-03,+518.43718126E-03,+513.44219978E-03,-4.71734069E-03
+33.40000E-06,+547.73867689E-03,+525.97486961E-03,+517.21104396E-03,-8.48618487E-03
+33.45000E-06,+543.96983270E-03,+544.81909052E-03,+534.79898348E-03,-1.45100907E-03
+33.50000E-06,+536.43214435E-03,+533.51255798E-03,+546.10551602E-03,-2.95854674E-03
+33.55000E-06,+547.73867689E-03,+530.99999518E-03,+542.33667186E-03,-1.95352163E-03
+33.60000E-06,+545.22611412E-03,+544.81909052E-03,+553.64320439E-03,+2.82034767E-03
+33.65000E-06,+543.96983270E-03,+541.05024633E-03,+534.79898348E-03,-7.98367231E-03
+33.70000E-06,+550.25123967E-03,+536.02512075E-03,+534.79898348E-03,-4.71734069E-03
+33.75000E-06,+533.91958156E-03,+524.71858822E-03,+541.08039045E-03,-4.71734069E-03
+33.80000E-06,+546.48239550E-03,+525.97486961E-03,+536.05526487E-03,-697.24023E-06
+33.85000E-06,+527.63817459E-03,+528.48743240E-03,+518.46732537E-03,-3.96357186E-03
+33.90000E-06,+547.73867689E-03,+544.81909052E-03,+548.61807880E-03,-6.47613465E-03
+33.95000E-06,+554.02008385E-03,+537.28140214E-03,+527.26129511E-03,-4.46608441E-03
+34.00000E-06,+546.48239550E-03,+524.71858822E-03,+556.15576717E-03,-697.24023E-06
+34.05000E-06,+564.07033500E-03,+524.71858822E-03,+534.79898348E-03,-5.47110953E-03
+34.10000E-06,+536.43214435E-03,+536.02512075E-03,+534.79898348E-03,-6.97864720E-03
+34.15000E-06,+527.63817459E-03,+544.81909052E-03,+534.79898348E-03,-3.20980302E-03
+34.20000E-06,+547.73867689E-03,+543.56280913E-03,+534.79898348E-03,-4.46608442E-03
+34.25000E-06,+543.96983270E-03,+564.91959281E-03,+547.36179741E-03,-4.71734069E-03
+34.30000E-06,+536.43214435E-03,+533.51255798E-03,+534.79898348E-03,-6.47613465E-03
+34.35000E-06,+541.45726993E-03,+510.89949288E-03,+534.79898348E-03,-697.24023E-06
+34.40000E-06,+547.73867689E-03,+525.97486961E-03,+514.69848119E-03,-4.71734069E-03
+34.45000E-06,+523.86933041E-03,+524.71858822E-03,+522.23616956E-03,-7.98367231E-03
+34.50000E-06,+547.73867689E-03,+564.91959281E-03,+534.79898348E-03,-6.47613465E-03
+34.55000E-06,+555.27636527E-03,+538.53768355E-03,+522.23616956E-03,-3.46105930E-03
+34.60000E-06,+548.99495828E-03,+524.71858822E-03,+553.64320439E-03,-8.23492860E-03
+34.65000E-06,+547.73867689E-03,+541.05024633E-03,+502.13566726E-03,-1.45100907E-03
+34.70000E-06,+536.43214435E-03,+544.81909052E-03,+505.90451143E-03,-6.97864720E-03
+34.75000E-06,+547.73867689E-03,+551.10049748E-03,+514.69848119E-03,-3.46105930E-03
+34.80000E-06,+528.89445598E-03,+524.71858822E-03,+533.54270210E-03,-445.98396E-06
+34.85000E-06,+547.73867689E-03,+524.71858822E-03,+518.46732537E-03,-3.96357186E-03
+34.90000E-06,+525.12561182E-03,+536.02512075E-03,+514.69848119E-03,-2.95854674E-03
+34.95000E-06,+541.45726993E-03,+544.81909052E-03,+520.97988815E-03,-3.20980302E-03
+35.00000E-06,+528.89445598E-03,+544.81909052E-03,+534.79898348E-03,-8.23492860E-03
+35.05000E-06,+547.73867689E-03,+541.05024633E-03,+518.46732537E-03,-7.22990348E-03
+35.10000E-06,+547.73867689E-03,+544.81909052E-03,+532.28642071E-03,-2.45603419E-03
+35.15000E-06,+533.91958155E-03,+552.35677889E-03,+541.08039045E-03,-3.46105930E-03
+35.20000E-06,+526.38189321E-03,+525.97486961E-03,+554.89948578E-03,-4.71734069E-03
+35.25000E-06,+531.40701878E-03,+524.71858822E-03,+534.79898348E-03,-3.96357186E-03
+35.30000E-06,+550.25123966E-03,+556.12562305E-03,+526.00501372E-03,-4.71734069E-03
+35.35000E-06,+533.91958155E-03,+530.99999518E-03,+554.89948578E-03,-6.22487837E-03
+35.40000E-06,+527.63817459E-03,+525.97486960E-03,+553.64320439E-03,-948.49651E-06
+35.45000E-06,+547.73867689E-03,+528.48743241E-03,+551.13064159E-03,-1.45100907E-03
+35.50000E-06,+538.94470713E-03,+524.71858822E-03,+534.79898348E-03,-2.45603419E-03
+35.55000E-06,+533.91958155E-03,+524.71858822E-03,+520.97988815E-03,-4.71734069E-03
+35.60000E-06,+566.58289780E-03,+507.13064869E-03,+534.79898348E-03,-8.23492860E-03
+35.65000E-06,+531.40701878E-03,+532.25627659E-03,+551.13064159E-03,+56.52860E-06
+35.70000E-06,+559.04520943E-03,+533.51255798E-03,+532.28642071E-03,-2.95854674E-03
+35.75000E-06,+520.10048622E-03,+538.53768355E-03,+520.97988815E-03,-4.71734069E-03
+35.80000E-06,+510.05023507E-03,+525.97486960E-03,+515.95476257E-03,-4.96859697E-03
+35.85000E-06,+547.73867689E-03,+524.71858822E-03,+531.03013930E-03,-1.45100907E-03
+35.90000E-06,+538.94470713E-03,+536.02512075E-03,+546.10551602E-03,-1.19975279E-03
+35.95000E-06,+547.73867689E-03,+538.53768355E-03,+548.61807882E-03,-1.95352163E-03
+36.00000E-06,+528.89445598E-03,+505.87436731E-03,+533.54270210E-03,-1.19975279E-03
+36.05000E-06,+547.73867689E-03,+544.81909052E-03,+531.03013930E-03,+2.56909139E-03
+36.10000E-06,+538.94470713E-03,+558.63818582E-03,+514.69848119E-03,-2.45603419E-03
+36.15000E-06,+541.45726993E-03,+551.10049748E-03,+534.79898348E-03,-4.71734069E-03
+36.20000E-06,+528.89445598E-03,+524.71858822E-03,+553.64320440E-03,-697.24023E-06
+36.25000E-06,+547.73867689E-03,+528.48743241E-03,+551.13064159E-03,-697.24023E-06
+36.30000E-06,+527.63817459E-03,+536.02512075E-03,+543.59295325E-03,-5.21985325E-03
+36.35000E-06,+526.38189318E-03,+510.89949288E-03,+528.51757652E-03,-7.48115976E-03
+36.40000E-06,+546.48239550E-03,+523.46230683E-03,+536.05526487E-03,-4.96859697E-03
+36.45000E-06,+527.63817459E-03,+528.48743241E-03,+551.13064159E-03,-697.24023E-06
+36.50000E-06,+536.43214436E-03,+544.81909052E-03,+523.49245095E-03,-6.47613465E-03
+36.55000E-06,+527.63817459E-03,+538.53768355E-03,+528.51757652E-03,-5.97362209E-03
+36.60000E-06,+527.63817459E-03,+546.07537190E-03,+554.89948578E-03,-4.96859697E-03
+36.65000E-06,+547.73867689E-03,+541.05024633E-03,+518.46732537E-03,-2.20477791E-03
+36.70000E-06,+538.94470713E-03,+536.02512075E-03,+543.59295325E-03,-6.97864720E-03
+36.75000E-06,+527.63817459E-03,+564.91959281E-03,+554.89948578E-03,-4.71734069E-03
+36.80000E-06,+527.63817459E-03,+544.81909052E-03,+515.95476257E-03,-948.49651E-06
+36.85000E-06,+551.50752108E-03,+541.05024633E-03,+534.79898348E-03,-8.73744115E-03
+36.90000E-06,+559.04520943E-03,+536.02512075E-03,+534.79898348E-03,-4.71734069E-03
+36.95000E-06,+541.45726993E-03,+538.53768355E-03,+534.79898348E-03,-5.97362209E-03
+37.00000E-06,+565.32661642E-03,+527.23115099E-03,+534.79898348E-03,-4.21482814E-03
+37.05000E-06,+531.40701878E-03,+544.81909052E-03,+518.46732538E-03,-2.20477791E-03
+37.10000E-06,+538.94470713E-03,+564.91959281E-03,+514.69848119E-03,-3.46105929E-03
+37.15000E-06,+540.20098851E-03,+524.71858822E-03,+541.08039045E-03,-1.95352163E-03
+37.20000E-06,+547.73867689E-03,+543.56280913E-03,+515.95476257E-03,-948.49651E-06
+37.25000E-06,+527.63817459E-03,+544.81909052E-03,+538.56782767E-03,-4.71734069E-03
+37.30000E-06,+536.43214436E-03,+524.71858822E-03,+532.28642071E-03,-4.71734069E-03
+37.35000E-06,+547.73867689E-03,+524.71858822E-03,+534.79898348E-03,-7.48115976E-03
+37.40000E-06,+528.89445598E-03,+544.81909052E-03,+533.54270210E-03,-4.46608442E-03
+37.45000E-06,+547.73867689E-03,+544.81909052E-03,+531.03013930E-03,-4.71734069E-03
+37.50000E-06,+538.94470713E-03,+533.51255798E-03,+546.10551602E-03,+1.06155372E-03
+37.55000E-06,+547.73867689E-03,+538.53768355E-03,+534.79898348E-03,-1.95352163E-03
+37.60000E-06,+527.63817459E-03,+563.66331143E-03,+514.69848119E-03,-1.19975279E-03
+37.65000E-06,+551.50752108E-03,+524.71858822E-03,+514.69848119E-03,-697.24023E-06
+37.70000E-06,+536.43214436E-03,+533.51255798E-03,+546.10551602E-03,-10.99874766E-03
+37.75000E-06,+533.91958155E-03,+524.71858822E-03,+534.79898348E-03,-4.71734069E-03
+37.80000E-06,+528.89445598E-03,+544.81909052E-03,+514.69848119E-03,-4.71734069E-03
+37.85000E-06,+547.73867689E-03,+544.81909052E-03,+518.46732538E-03,-2.20477791E-03
+37.90000E-06,+538.94470713E-03,+544.81909052E-03,+526.00501372E-03,-7.48115975E-03
+37.95000E-06,+533.91958155E-03,+530.99999518E-03,+541.08039044E-03,-4.71734069E-03
+38.00000E-06,+548.99495828E-03,+524.71858822E-03,+553.64320440E-03,-4.21482814E-03
+38.05000E-06,+531.40701878E-03,+548.58793470E-03,+534.79898348E-03,-4.71734069E-03
+38.10000E-06,+567.83917919E-03,+547.33165329E-03,+526.00501372E-03,-2.95854674E-03
+38.15000E-06,+555.27636527E-03,+510.89949288E-03,+534.79898348E-03,-4.71734069E-03
+38.20000E-06,+547.73867689E-03,+544.81909052E-03,+554.89948578E-03,-4.96859697E-03
+38.25000E-06,+527.63817459E-03,+544.81909052E-03,+551.13064159E-03,-4.71734069E-03
+38.30000E-06,+536.43214436E-03,+524.71858822E-03,+534.79898348E-03,-2.95854674E-03
+38.35000E-06,+527.63817459E-03,+524.71858822E-03,+548.61807882E-03,-1.95352163E-03
+38.40000E-06,+546.48239550E-03,+544.81909052E-03,+497.11054166E-03,-4.71734069E-03
+38.45000E-06,+547.73867689E-03,+524.71858822E-03,+531.03013930E-03,-7.98367231E-03
+38.50000E-06,+559.04520943E-03,+544.81909052E-03,+546.10551602E-03,-4.71734069E-03
+38.55000E-06,+547.73867689E-03,+524.71858822E-03,+507.16079281E-03,-697.24023E-06
+38.60000E-06,+547.73867689E-03,+543.56280913E-03,+536.05526487E-03,-5.21985325E-03
+38.65000E-06,+564.07033500E-03,+541.05024633E-03,+538.56782767E-03,-3.96357186E-03
+38.70000E-06,+536.43214436E-03,+522.20602545E-03,+514.69848119E-03,-1.19975279E-03
+38.75000E-06,+547.73867689E-03,+530.99999518E-03,+548.61807882E-03,-8.73744115E-03
+38.80000E-06,+548.99495828E-03,+562.40703004E-03,+552.38692301E-03,-8.48618488E-03
+38.85000E-06,+527.63817459E-03,+528.48743241E-03,+547.36179740E-03,-7.98367231E-03
+38.90000E-06,+556.53264665E-03,+536.02512075E-03,+523.49245095E-03,-6.47613465E-03
+38.95000E-06,+547.73867689E-03,+530.99999518E-03,+528.51757652E-03,-8.73744115E-03
+39.00000E-06,+547.73867689E-03,+563.66331143E-03,+534.79898348E-03,-697.24023E-06
+39.05000E-06,+547.73867689E-03,+544.81909052E-03,+534.79898348E-03,-5.47110953E-03
+39.10000E-06,+536.43214436E-03,+553.61306028E-03,+514.69848119E-03,-4.71734069E-03
+39.15000E-06,+540.20098851E-03,+524.71858822E-03,+528.51757652E-03,-4.71734069E-03
+39.20000E-06,+547.73867689E-03,+544.81909052E-03,+515.95476257E-03,-4.96859697E-03
+39.25000E-06,+551.50752108E-03,+528.48743241E-03,+538.56782767E-03,+5.08165417E-03
+39.30000E-06,+527.63817459E-03,+524.71858822E-03,+537.31154626E-03,-4.71734069E-03
+39.35000E-06,+541.45726993E-03,+530.99999518E-03,+520.97988815E-03,-4.46608441E-03
+39.40000E-06,+530.15073736E-03,+544.81909052E-03,+533.54270210E-03,-697.24023E-06
+39.45000E-06,+551.50752108E-03,+528.48743241E-03,+551.13064159E-03,-3.96357186E-03
+39.50000E-06,+527.63817459E-03,+513.41205568E-03,+534.79898348E-03,-6.97864720E-03
+39.55000E-06,+547.73867689E-03,+544.81909052E-03,+541.08039044E-03,-5.97362208E-03
+39.60000E-06,+528.89445598E-03,+544.81909052E-03,+553.64320440E-03,-8.23492860E-03
+39.65000E-06,+564.07033500E-03,+512.15577430E-03,+551.13064159E-03,-4.71734069E-03
+39.70000E-06,+536.43214436E-03,+507.13064869E-03,+534.79898348E-03,-4.71734069E-03
+39.75000E-06,+521.35676763E-03,+544.81909052E-03,+528.51757652E-03,-4.71734069E-03
+39.80000E-06,+548.99495828E-03,+524.71858822E-03,+534.79898348E-03,-4.96859697E-03
+39.85000E-06,+531.40701878E-03,+541.05024633E-03,+554.89948578E-03,-1.45100907E-03
+39.90000E-06,+556.53264665E-03,+564.91959281E-03,+546.10551602E-03,-8.73744115E-03
+39.95000E-06,+547.73867689E-03,+538.53768356E-03,+528.51757652E-03,-3.20980302E-03
+40.00000E-06,+546.48239551E-03,+544.81909052E-03,+534.79898348E-03,-1.19975279E-03
+40.05000E-06,+560.30149081E-03,+544.81909052E-03,+534.79898348E-03,-7.22990348E-03
+40.10000E-06,+538.94470713E-03,+544.81909052E-03,+534.79898348E-03,-8.73744115E-03
+40.15000E-06,+547.73867689E-03,+544.81909052E-03,+528.51757652E-03,-4.71734069E-03
+40.20000E-06,+546.48239551E-03,+543.56280913E-03,+534.79898348E-03,-4.46608442E-03
+40.25000E-06,+527.63817459E-03,+544.81909052E-03,+518.46732538E-03,-3.96357186E-03
+40.30000E-06,+538.94470713E-03,+524.71858822E-03,+534.79898348E-03,-4.71734069E-03
+40.35000E-06,+521.35676763E-03,+552.35677889E-03,+541.08039044E-03,-7.48115976E-03
+40.40000E-06,+527.63817459E-03,+525.97486960E-03,+552.38692301E-03,-12.25502906E-03
+40.45000E-06,+551.50752108E-03,+548.58793470E-03,+534.79898348E-03,+2.56909139E-03
+40.50000E-06,+547.73867689E-03,+544.81909052E-03,+523.49245095E-03,+1.56406627E-03
+40.55000E-06,+547.73867689E-03,+544.81909052E-03,+561.18089274E-03,-4.71734069E-03
+40.60000E-06,+547.73867689E-03,+546.07537190E-03,+515.95476257E-03,-5.21985325E-03
+40.65000E-06,+543.96983270E-03,+528.48743241E-03,+547.36179740E-03,-8.73744115E-03
+40.70000E-06,+538.94470713E-03,+533.51255798E-03,+546.10551602E-03,-2.45603419E-03
+40.75000E-06,+535.17586297E-03,+530.99999518E-03,+528.51757652E-03,-1.95352163E-03
+40.80000E-06,+547.73867689E-03,+524.71858822E-03,+515.95476257E-03,-4.46608442E-03
+40.85000E-06,+527.63817459E-03,+524.71858822E-03,+531.03013930E-03,-3.96357186E-03
+40.90000E-06,+527.63817459E-03,+536.02512075E-03,+534.79898348E-03,-8.73744115E-03
+40.95000E-06,+561.55777223E-03,+538.53768356E-03,+534.79898348E-03,-1.95352163E-03
+41.00000E-06,+545.22611412E-03,+562.40703004E-03,+532.28642071E-03,-4.71734069E-03
+41.05000E-06,+543.96983270E-03,+508.38693011E-03,+554.89948578E-03,+56.52860E-06
+41.10000E-06,+530.15073736E-03,+544.81909052E-03,+517.21104396E-03,-5.21985325E-03
+41.15000E-06,+527.63817459E-03,+538.53768356E-03,+554.89948578E-03,-11.50126022E-03
+41.20000E-06,+547.73867689E-03,+544.81909052E-03,+533.54270210E-03,-12.00377278E-03
+41.25000E-06,+547.73867689E-03,+541.05024633E-03,+534.79898348E-03,-9.49120999E-03
+41.30000E-06,+538.94470713E-03,+524.71858822E-03,+523.49245095E-03,-4.71734069E-03
+41.35000E-06,+541.45726993E-03,+538.53768356E-03,+548.61807882E-03,-3.46105930E-03
+41.40000E-06,+530.15073736E-03,+524.71858822E-03,+534.79898348E-03,-8.23492860E-03
+41.45000E-06,+547.73867689E-03,+557.38190443E-03,+538.56782767E-03,-4.71734069E-03
+41.50000E-06,+559.04520942E-03,+536.02512075E-03,+543.59295325E-03,-194.72768E-06
+41.55000E-06,+533.91958155E-03,+538.53768356E-03,+514.69848119E-03,-1.95352163E-03
+41.60000E-06,+528.89445598E-03,+542.30652775E-03,+497.11054166E-03,-4.96859697E-03
+41.65000E-06,+567.83917919E-03,+541.05024633E-03,+538.56782767E-03,-5.47110953E-03
+41.70000E-06,+547.73867689E-03,+533.51255798E-03,+537.31154625E-03,-6.47613465E-03
+41.75000E-06,+561.55777223E-03,+538.53768356E-03,+534.79898348E-03,-6.22487837E-03
+41.80000E-06,+528.89445598E-03,+544.81909052E-03,+533.54270210E-03,+3.07160395E-03
+41.85000E-06,+531.40701878E-03,+532.25627660E-03,+538.56782767E-03,-7.22990348E-03
+41.90000E-06,+527.63817459E-03,+536.02512075E-03,+514.69848119E-03,-4.71734069E-03
+41.95000E-06,+554.02008385E-03,+524.71858822E-03,+534.79898348E-03,-4.71734069E-03
+42.00000E-06,+546.48239551E-03,+543.56280913E-03,+536.05526487E-03,-948.49651E-06
+42.05000E-06,+564.07033500E-03,+544.81909052E-03,+531.03013929E-03,-4.71734069E-03
+42.10000E-06,+547.73867689E-03,+533.51255798E-03,+546.10551602E-03,-2.45603419E-03
+42.15000E-06,+527.63817459E-03,+524.71858822E-03,+541.08039044E-03,-1.95352163E-03
+42.20000E-06,+548.99495828E-03,+505.87436731E-03,+517.21104396E-03,-948.49651E-06
+42.25000E-06,+547.73867689E-03,+557.38190443E-03,+518.46732538E-03,-5.47110953E-03
+42.30000E-06,+545.22611412E-03,+551.10049751E-03,+554.89948578E-03,-9.23995371E-03
+42.35000E-06,+547.73867689E-03,+518.43718126E-03,+528.51757653E-03,-4.71734069E-03
+42.40000E-06,+527.63817459E-03,+527.23115099E-03,+536.05526487E-03,-4.71734069E-03
+42.45000E-06,+543.96983270E-03,+541.05024633E-03,+547.36179740E-03,-11.25000394E-03
+42.50000E-06,+525.12561182E-03,+527.23115099E-03,+534.79898348E-03,-10.49623511E-03
+42.55000E-06,+567.83917919E-03,+530.99999518E-03,+554.89948578E-03,-4.71734069E-03
+42.60000E-06,+547.73867689E-03,+544.81909052E-03,+534.79898348E-03,-948.49651E-06
+42.65000E-06,+531.40701878E-03,+544.81909052E-03,+518.46732538E-03,-4.71734069E-03
+42.70000E-06,+536.43214436E-03,+524.71858822E-03,+543.59295325E-03,-6.97864720E-03
+42.75000E-06,+526.38189317E-03,+524.71858822E-03,+541.08039044E-03,-4.71734069E-03
+42.80000E-06,+567.83917919E-03,+525.97486960E-03,+533.54270210E-03,-4.96859697E-03
+42.85000E-06,+531.40701878E-03,+532.25627660E-03,+547.36179740E-03,-4.71734069E-03
+42.90000E-06,+538.94470713E-03,+515.92461845E-03,+534.79898348E-03,-2.95854674E-03
+42.95000E-06,+527.63817459E-03,+544.81909052E-03,+528.51757653E-03,-6.22487837E-03
+43.00000E-06,+547.73867689E-03,+543.56280913E-03,+554.89948578E-03,-4.71734069E-03
+43.05000E-06,+547.73867689E-03,+544.81909052E-03,+534.79898348E-03,-5.47110953E-03
+43.10000E-06,+547.73867689E-03,+536.02512075E-03,+534.79898348E-03,-1.95352163E-03
+43.15000E-06,+533.91958155E-03,+538.53768356E-03,+514.69848119E-03,-1.95352163E-03
+43.20000E-06,+547.73867689E-03,+504.61808592E-03,+517.21104396E-03,+2.56909140E-03
+43.25000E-06,+527.63817459E-03,+524.71858822E-03,+531.03013929E-03,-697.24023E-06
+43.30000E-06,+536.43214436E-03,+544.81909052E-03,+526.00501372E-03,-194.72768E-06
+43.35000E-06,+533.91958155E-03,+558.63818585E-03,+520.97988815E-03,-3.46105930E-03
+43.40000E-06,+566.58289780E-03,+543.56280913E-03,+534.79898348E-03,-4.46608442E-03
+43.45000E-06,+531.40701878E-03,+508.38693011E-03,+518.46732538E-03,-4.71734069E-03
+43.50000E-06,+527.63817459E-03,+533.51255798E-03,+517.21104396E-03,-2.95854674E-03
+43.55000E-06,+547.73867689E-03,+552.35677890E-03,+541.08039044E-03,-7.48115976E-03
+43.60000E-06,+546.48239551E-03,+562.40703004E-03,+533.54270210E-03,-697.24023E-06
+43.65000E-06,+547.73867689E-03,+541.05024633E-03,+538.56782767E-03,-697.24023E-06
+43.70000E-06,+536.43214436E-03,+544.81909052E-03,+543.59295325E-03,-6.47613465E-03
+43.75000E-06,+541.45726993E-03,+544.81909052E-03,+520.97988815E-03,-5.97362208E-03
+43.80000E-06,+547.73867689E-03,+544.81909052E-03,+517.21104396E-03,-4.71734069E-03
+43.85000E-06,+560.30149081E-03,+528.48743241E-03,+531.03013929E-03,-4.71734069E-03
+43.90000E-06,+536.43214436E-03,+533.51255798E-03,+534.79898348E-03,-2.45603419E-03
+43.95000E-06,+547.73867689E-03,+537.28140214E-03,+534.79898348E-03,-9.99372254E-03
+44.00000E-06,+546.48239551E-03,+524.71858822E-03,+536.05526487E-03,-4.71734069E-03
+44.05000E-06,+527.63817459E-03,+541.05024633E-03,+514.69848119E-03,-8.73744115E-03
+44.10000E-06,+547.73867689E-03,+524.71858822E-03,+523.49245095E-03,-4.71734069E-03
+44.15000E-06,+547.73867689E-03,+532.25627660E-03,+534.79898348E-03,-697.24023E-06
+44.20000E-06,+566.58289780E-03,+527.23115099E-03,+534.79898348E-03,-697.24023E-06
+44.25000E-06,+515.07536068E-03,+544.81909052E-03,+534.79898348E-03,-13.51131045E-03
+44.30000E-06,+556.53264666E-03,+542.30652775E-03,+534.79898348E-03,-5.21985325E-03
+44.35000E-06,+513.81907925E-03,+530.99999518E-03,+520.97988815E-03,-3.46105930E-03
+44.40000E-06,+548.99495827E-03,+524.71858822E-03,+553.64320440E-03,-4.71734069E-03
+44.45000E-06,+567.83917919E-03,+528.48743241E-03,+534.79898348E-03,-2.20477791E-03
+44.50000E-06,+536.43214436E-03,+556.12562305E-03,+532.28642072E-03,-4.21482814E-03
+44.55000E-06,+561.55777223E-03,+530.99999518E-03,+541.08039044E-03,-7.22990348E-03
+44.60000E-06,+528.89445598E-03,+544.81909052E-03,+515.95476257E-03,-8.48618488E-03
+44.65000E-06,+551.50752108E-03,+541.05024633E-03,+518.46732538E-03,-1.45100907E-03
+44.70000E-06,+536.43214436E-03,+533.51255798E-03,+557.41204855E-03,-4.71734069E-03
+44.75000E-06,+533.91958155E-03,+524.71858822E-03,+548.61807882E-03,-3.20980302E-03
+44.80000E-06,+548.99495827E-03,+524.71858822E-03,+515.95476257E-03,-697.24023E-06
+44.85000E-06,+560.30149081E-03,+524.71858822E-03,+527.26129510E-03,+2.56909139E-03
+44.90000E-06,+530.15073736E-03,+556.12562305E-03,+546.10551602E-03,-6.97864720E-03
+44.95000E-06,+554.02008385E-03,+524.71858822E-03,+548.61807882E-03,-3.46105930E-03
+45.00000E-06,+547.73867689E-03,+544.81909052E-03,+534.79898348E-03,-697.24023E-06
+45.05000E-06,+531.40701878E-03,+524.71858822E-03,+534.79898348E-03,-3.96357185E-03
+45.10000E-06,+559.04520942E-03,+536.02512075E-03,+537.31154625E-03,-2.95854674E-03
+45.15000E-06,+547.73867689E-03,+544.81909052E-03,+541.08039044E-03,-3.46105930E-03
+45.20000E-06,+566.58289780E-03,+524.71858822E-03,+515.95476257E-03,-4.71734069E-03
+45.25000E-06,+531.40701878E-03,+541.05024632E-03,+538.56782767E-03,-7.22990348E-03
+45.30000E-06,+536.43214436E-03,+533.51255798E-03,+534.79898348E-03,-4.71734069E-03
+45.35000E-06,+541.45726993E-03,+538.53768356E-03,+514.69848119E-03,-10.24497883E-03
+45.40000E-06,+546.48239551E-03,+544.81909052E-03,+534.79898348E-03,-8.23492860E-03
+45.45000E-06,+543.96983270E-03,+520.94974403E-03,+554.89948578E-03,-5.47110953E-03
+45.50000E-06,+536.43214436E-03,+544.81909052E-03,+546.10551602E-03,-4.21482814E-03
+45.55000E-06,+555.27636527E-03,+537.28140213E-03,+514.69848119E-03,-3.46105930E-03
+45.60000E-06,+565.32661642E-03,+563.66331143E-03,+534.79898348E-03,-8.23492860E-03
+45.65000E-06,+547.73867689E-03,+541.05024632E-03,+518.46732538E-03,-4.71734069E-03
+45.70000E-06,+547.73867689E-03,+533.51255798E-03,+546.10551602E-03,-8.73744115E-03
+45.75000E-06,+567.83917919E-03,+544.81909052E-03,+541.08039044E-03,-7.48115976E-03
+45.80000E-06,+548.99495827E-03,+544.81909052E-03,+534.79898348E-03,-8.73744115E-03
+45.85000E-06,+547.73867689E-03,+528.48743241E-03,+531.03013929E-03,-1.45100907E-03
+45.90000E-06,+547.73867689E-03,+542.30652775E-03,+534.79898348E-03,-6.47613465E-03
+45.95000E-06,+533.91958155E-03,+524.71858822E-03,+534.79898348E-03,-697.24023E-06
+46.00000E-06,+566.58289780E-03,+544.81909052E-03,+534.79898348E-03,-1.19975279E-03
+46.05000E-06,+564.07033500E-03,+528.48743241E-03,+551.13064159E-03,-1.45100907E-03
+46.10000E-06,+567.83917919E-03,+533.51255798E-03,+534.79898348E-03,-697.24023E-06
+46.15000E-06,+520.10048621E-03,+552.35677890E-03,+548.61807882E-03,-5.97362208E-03
+46.20000E-06,+510.05023506E-03,+524.71858822E-03,+514.69848119E-03,-948.49651E-06
+46.25000E-06,+564.07033500E-03,+541.05024632E-03,+522.23616957E-03,-4.71734069E-03
+46.30000E-06,+547.73867689E-03,+524.71858822E-03,+554.89948578E-03,-2.45603419E-03
+46.35000E-06,+541.45726993E-03,+538.53768356E-03,+520.97988815E-03,-7.48115976E-03
+46.40000E-06,+525.12561183E-03,+543.56280913E-03,+534.79898348E-03,-697.24023E-06
+46.45000E-06,+547.73867689E-03,+557.38190443E-03,+551.13064159E-03,-4.71734069E-03
+46.50000E-06,+538.94470713E-03,+544.81909052E-03,+554.89948578E-03,-4.21482814E-03
+46.55000E-06,+547.73867689E-03,+538.53768356E-03,+541.08039044E-03,-8.98869744E-03
+46.60000E-06,+547.73867689E-03,+546.07537190E-03,+514.69848119E-03,-697.24023E-06
+46.65000E-06,+538.94470717E-03,+541.05024632E-03,+534.79898348E-03,+56.52860E-06
+46.70000E-06,+547.73867689E-03,+533.51255798E-03,+514.69848119E-03,-2.95854674E-03
+46.75000E-06,+554.02008385E-03,+544.81909052E-03,+527.26129510E-03,-11.50126022E-03
+46.80000E-06,+567.83917919E-03,+523.46230683E-03,+553.64320440E-03,-8.23492860E-03
+46.85000E-06,+567.83917919E-03,+544.81909052E-03,+534.79898348E-03,+1.81532255E-03
+46.90000E-06,+538.94470713E-03,+536.02512075E-03,+534.79898348E-03,-2.95854674E-03
+46.95000E-06,+527.63817459E-03,+524.71858822E-03,+554.89948578E-03,-3.20980302E-03
+47.00000E-06,+528.89445598E-03,+527.23115098E-03,+536.05526487E-03,-8.73744115E-03
+47.05000E-06,+547.73867689E-03,+541.05024632E-03,+554.89948578E-03,-4.71734069E-03
+47.10000E-06,+559.04520942E-03,+536.02512075E-03,+534.79898348E-03,-1.19975279E-03
+47.15000E-06,+541.45726993E-03,+524.71858822E-03,+548.61807882E-03,-4.71734069E-03
+47.20000E-06,+527.63817459E-03,+524.71858822E-03,+537.31154625E-03,-697.24023E-06
+47.25000E-06,+527.63817459E-03,+528.48743241E-03,+531.03013929E-03,-6.47613464E-03
+47.30000E-06,+547.73867689E-03,+544.81909052E-03,+526.00501372E-03,-4.71734069E-03
+47.35000E-06,+547.73867689E-03,+524.71858822E-03,+534.79898348E-03,-1.95352162E-03
+47.40000E-06,+528.89445598E-03,+505.87436730E-03,+552.38692302E-03,-697.24023E-06
+47.45000E-06,+531.40701878E-03,+544.81909052E-03,+554.89948578E-03,-1.45100907E-03
+47.50000E-06,+545.22611412E-03,+524.71858822E-03,+526.00501372E-03,-2.95854674E-03
+47.55000E-06,+547.73867689E-03,+530.99999518E-03,+534.79898348E-03,-7.48115976E-03
+47.60000E-06,+547.73867689E-03,+524.71858822E-03,+534.79898348E-03,-697.24023E-06
+47.65000E-06,+547.73867689E-03,+544.81909052E-03,+551.13064159E-03,-6.22487837E-03
+47.70000E-06,+545.22611412E-03,+556.12562305E-03,+526.00501372E-03,-697.24023E-06
+47.75000E-06,+520.10048621E-03,+538.53768356E-03,+534.79898348E-03,-5.97362208E-03
+47.80000E-06,+528.89445598E-03,+524.71858822E-03,+554.89948578E-03,-697.24023E-06
+47.85000E-06,+547.73867689E-03,+541.05024632E-03,+534.79898348E-03,-3.96357185E-03
+47.90000E-06,+556.53264666E-03,+544.81909052E-03,+546.10551602E-03,-6.47613465E-03
+47.95000E-06,+555.27636527E-03,+538.53768356E-03,+522.23616957E-03,-2.20477791E-03
+48.00000E-06,+546.48239551E-03,+524.71858822E-03,+495.85426027E-03,-948.49651E-06
+48.05000E-06,+527.63817459E-03,+528.48743241E-03,+534.79898348E-03,-7.22990348E-03
+48.10000E-06,+550.25123966E-03,+536.02512075E-03,+534.79898348E-03,-9.23995371E-03
+48.15000E-06,+520.10048621E-03,+532.25627660E-03,+548.61807882E-03,-4.71734069E-03
+48.20000E-06,+546.48239551E-03,+524.71858822E-03,+533.54270210E-03,+3.07160395E-03
+48.25000E-06,+547.73867689E-03,+541.05024632E-03,+534.79898348E-03,-2.20477791E-03
+48.30000E-06,+536.43214436E-03,+524.71858822E-03,+526.00501372E-03,-4.71734069E-03
+48.35000E-06,+526.38189317E-03,+538.53768356E-03,+520.97988814E-03,-7.48115976E-03
+48.40000E-06,+547.73867689E-03,+562.40703005E-03,+534.79898348E-03,-8.23492860E-03
+48.45000E-06,+567.83917919E-03,+548.58793471E-03,+538.56782768E-03,-4.71734069E-03
+48.50000E-06,+559.04520942E-03,+524.71858822E-03,+534.79898348E-03,-2.95854674E-03
+48.55000E-06,+535.17586298E-03,+544.81909052E-03,+541.08039044E-03,-7.48115976E-03
+48.60000E-06,+528.89445598E-03,+525.97486960E-03,+552.38692302E-03,-4.71734069E-03
+48.65000E-06,+543.96983270E-03,+561.15074862E-03,+514.69848119E-03,-7.22990348E-03
+48.70000E-06,+536.43214436E-03,+533.51255798E-03,+554.89948578E-03,-4.21482814E-03
+48.75000E-06,+533.91958155E-03,+523.46230679E-03,+548.61807882E-03,-4.71734069E-03
+48.80000E-06,+528.89445598E-03,+543.56280913E-03,+515.95476257E-03,-4.71734069E-03
+48.85000E-06,+543.96983270E-03,+541.05024632E-03,+534.79898348E-03,-7.98367231E-03
+48.90000E-06,+550.25123966E-03,+556.12562305E-03,+554.89948578E-03,-6.97864720E-03
+48.95000E-06,+541.45726993E-03,+538.53768356E-03,+534.79898348E-03,-445.98395E-06
+49.00000E-06,+547.73867689E-03,+543.56280913E-03,+534.79898348E-03,-948.49651E-06
+49.05000E-06,+551.50752108E-03,+544.81909052E-03,+502.13566727E-03,-4.71734069E-03
+49.10000E-06,+536.43214436E-03,+536.02512075E-03,+546.10551602E-03,-2.45603419E-03
+49.15000E-06,+547.73867689E-03,+530.99999518E-03,+541.08039044E-03,-4.71734069E-03
+49.20000E-06,+585.42711872E-03,+543.56280913E-03,+536.05526487E-03,-4.71734069E-03
+49.25000E-06,+560.30149080E-03,+561.15074862E-03,+551.13064159E-03,-2.20477791E-03
+49.30000E-06,+547.73867689E-03,+533.51255798E-03,+534.79898348E-03,-2.95854674E-03
+49.35000E-06,+547.73867689E-03,+530.99999518E-03,+520.97988814E-03,-697.24023E-06
+49.40000E-06,+548.99495827E-03,+525.97486960E-03,+534.79898348E-03,-7.98367232E-03
+49.45000E-06,+547.73867689E-03,+541.05024632E-03,+514.69848119E-03,-1.45100907E-03
+49.50000E-06,+559.04520942E-03,+524.71858822E-03,+534.79898348E-03,-2.45603419E-03
+49.55000E-06,+555.27636527E-03,+544.81909052E-03,+536.05526491E-03,-3.20980302E-03
+49.60000E-06,+547.73867689E-03,+544.81909052E-03,+495.85426027E-03,-948.49651E-06
+49.65000E-06,+543.96983270E-03,+528.48743241E-03,+531.03013929E-03,-3.20980302E-03
+49.70000E-06,+545.22611413E-03,+515.92461845E-03,+534.79898348E-03,-2.45603419E-03
+49.75000E-06,+533.91958155E-03,+544.81909052E-03,+548.61807883E-03,-1.95352162E-03
+49.80000E-06,+528.89445598E-03,+544.81909052E-03,+517.21104395E-03,-948.49651E-06
+49.85000E-06,+543.96983270E-03,+524.71858822E-03,+538.56782768E-03,-2.20477791E-03
+49.90000E-06,+536.43214436E-03,+524.71858822E-03,+546.10551602E-03,-4.71734069E-03
+49.95000E-06,+547.73867689E-03,+530.99999517E-03,+548.61807883E-03,-5.97362208E-03
+50.00000E-06,+547.73867689E-03,+543.56280913E-03,+534.79898348E-03,-948.49651E-06
+50.05000E-06,+531.40701879E-03,+524.71858822E-03,+534.79898348E-03,-7.98367231E-03
+50.10000E-06,+559.04520942E-03,+533.51255798E-03,+534.79898348E-03,-697.24023E-06
+50.15000E-06,+533.91958155E-03,+524.71858822E-03,+534.79898348E-03,+2.06657883E-03
+50.20000E-06,+566.58289781E-03,+543.56280913E-03,+536.05526487E-03,-8.23492860E-03
+50.25000E-06,+531.40701879E-03,+520.94974403E-03,+534.79898348E-03,-3.96357185E-03
+50.30000E-06,+547.73867689E-03,+524.71858822E-03,+546.10551602E-03,-6.47613465E-03
+50.35000E-06,+547.73867689E-03,+551.10049747E-03,+548.61807883E-03,-4.71734069E-03
+50.40000E-06,+565.32661642E-03,+525.97486960E-03,+534.79898348E-03,-8.98869743E-03
+50.45000E-06,+547.73867689E-03,+528.48743241E-03,+551.13064159E-03,-7.98367231E-03
+50.50000E-06,+559.04520942E-03,+538.53768351E-03,+526.00501372E-03,-3.46105929E-03
+50.55000E-06,+567.83917919E-03,+558.63818586E-03,+534.79898348E-03,+2.06657883E-03
+50.60000E-06,+566.58289781E-03,+525.97486960E-03,+553.64320440E-03,-4.71734069E-03
+50.65000E-06,+567.83917919E-03,+541.05024632E-03,+534.79898348E-03,+1.81532255E-03
+50.70000E-06,+547.73867689E-03,+547.33165328E-03,+534.79898348E-03,-3.46105929E-03
+50.75000E-06,+540.20098851E-03,+530.99999517E-03,+528.51757653E-03,-6.22487837E-03
+50.80000E-06,+546.48239551E-03,+524.71858822E-03,+517.21104395E-03,-8.48618488E-03
+50.85000E-06,+531.40701879E-03,+541.05024632E-03,+534.79898348E-03,-1.45100907E-03
+50.90000E-06,+565.32661642E-03,+536.02512075E-03,+534.79898348E-03,-3.46105929E-03
+50.95000E-06,+541.45726993E-03,+551.10049747E-03,+554.89948578E-03,-4.71734069E-03
+51.00000E-06,+546.48239551E-03,+562.40703005E-03,+517.21104395E-03,-4.71734069E-03
+51.05000E-06,+551.50752108E-03,+528.48743241E-03,+534.79898348E-03,-4.71734069E-03
+51.10000E-06,+545.22611413E-03,+524.71858822E-03,+543.59295325E-03,-6.47613465E-03
+51.15000E-06,+547.73867689E-03,+551.10049747E-03,+562.43717417E-03,-3.46105930E-03
+51.20000E-06,+511.30651644E-03,+523.46230684E-03,+534.79898348E-03,-8.23492860E-03
+51.25000E-06,+527.63817459E-03,+548.58793471E-03,+538.56782768E-03,-7.22990348E-03
+51.30000E-06,+547.73867689E-03,+544.81909052E-03,+554.89948578E-03,-2.95854674E-03
+51.35000E-06,+527.63817459E-03,+517.18089983E-03,+528.51757653E-03,-7.48115976E-03
+51.40000E-06,+566.58289781E-03,+543.56280913E-03,+553.64320440E-03,-697.24023E-06
+51.45000E-06,+531.40701879E-03,+524.71858822E-03,+534.79898348E-03,-4.71734069E-03
+51.50000E-06,+536.43214436E-03,+515.92461845E-03,+532.28642072E-03,-6.97864720E-03
+51.55000E-06,+547.73867689E-03,+538.53768356E-03,+541.08039044E-03,-7.48115976E-03
+51.60000E-06,+566.58289781E-03,+543.56280913E-03,+551.13064164E-03,-4.46608442E-03
+51.65000E-06,+580.40199310E-03,+544.81909052E-03,+538.56782768E-03,-7.22990348E-03
+51.70000E-06,+547.73867689E-03,+547.33165328E-03,+543.59295325E-03,-4.71734069E-03
+51.75000E-06,+561.55777223E-03,+551.10049747E-03,+541.08039044E-03,-4.71734069E-03
+51.80000E-06,+528.89445598E-03,+527.23115098E-03,+534.79898348E-03,-445.98396E-06
+51.85000E-06,+543.96983270E-03,+537.28140213E-03,+554.89948578E-03,-4.71734069E-03
+51.90000E-06,+559.04520942E-03,+564.91959281E-03,+543.59295325E-03,+3.32286023E-03
+51.95000E-06,+527.63817459E-03,+538.53768356E-03,+513.44219976E-03,+559.04116E-06
+52.00000E-06,+566.58289781E-03,+544.81909052E-03,+554.89948578E-03,-4.96859697E-03
+52.05000E-06,+547.73867689E-03,+532.25627660E-03,+554.89948578E-03,-3.96357185E-03
+52.10000E-06,+538.94470712E-03,+533.51255798E-03,+526.00501372E-03,-697.24023E-06
+52.15000E-06,+547.73867689E-03,+538.53768356E-03,+542.33667187E-03,-697.24023E-06
+52.20000E-06,+547.73867689E-03,+525.97486960E-03,+552.38692302E-03,-4.46608442E-03
+52.25000E-06,+543.96983270E-03,+544.81909052E-03,+514.69848119E-03,+1.06155371E-03
+52.30000E-06,+536.43214436E-03,+533.51255799E-03,+514.69848119E-03,-6.97864720E-03
+52.35000E-06,+520.10048621E-03,+551.10049747E-03,+534.79898348E-03,-7.48115976E-03
+52.40000E-06,+546.48239551E-03,+542.30652775E-03,+536.05526487E-03,-12.25502906E-03
+52.45000E-06,+564.07033500E-03,+537.28140213E-03,+522.23616957E-03,-1.45100907E-03
+52.50000E-06,+559.04520942E-03,+556.12562305E-03,+526.00501372E-03,-2.45603419E-03
+52.55000E-06,+533.91958155E-03,+544.81909052E-03,+528.51757653E-03,-1.95352162E-03
+52.60000E-06,+528.89445598E-03,+543.56280913E-03,+534.79898348E-03,-5.21985325E-03
+52.65000E-06,+560.30149080E-03,+508.38693011E-03,+534.79898348E-03,-4.71734069E-03
+52.70000E-06,+556.53264666E-03,+524.71858822E-03,+546.10551601E-03,-697.24023E-06
+52.75000E-06,+555.27636528E-03,+524.71858822E-03,+542.33667187E-03,-4.71734069E-03
+52.80000E-06,+528.89445598E-03,+543.56280913E-03,+533.54270210E-03,-948.49651E-06
+52.85000E-06,+547.73867689E-03,+524.71858822E-03,+531.03013929E-03,+56.52861E-06
+52.90000E-06,+559.04520942E-03,+544.81909052E-03,+534.79898348E-03,-4.71734069E-03
+52.95000E-06,+555.27636528E-03,+544.81909052E-03,+527.26129510E-03,-7.48115976E-03
+53.00000E-06,+565.32661642E-03,+525.97486960E-03,+553.64320440E-03,-8.23492860E-03
+53.05000E-06,+531.40701879E-03,+524.71858822E-03,+518.46732538E-03,-8.73744115E-03
+53.10000E-06,+527.63817459E-03,+542.30652775E-03,+534.79898348E-03,-2.95854674E-03
+53.15000E-06,+520.10048621E-03,+551.10049747E-03,+527.26129510E-03,-5.97362208E-03
+53.20000E-06,+528.89445597E-03,+562.40703005E-03,+553.64320440E-03,-697.24023E-06
+53.25000E-06,+527.63817459E-03,+544.81909052E-03,+554.89948578E-03,-697.24023E-06
+53.30000E-06,+547.73867689E-03,+533.51255799E-03,+520.97988819E-03,-2.45603419E-03
+53.35000E-06,+541.45726993E-03,+524.71858822E-03,+534.79898348E-03,-697.24023E-06
+53.40000E-06,+530.15073736E-03,+525.97486960E-03,+556.15576716E-03,-948.49651E-06
+53.45000E-06,+567.83917919E-03,+557.38190443E-03,+518.46732538E-03,-4.71734069E-03
+53.50000E-06,+536.43214436E-03,+542.30652775E-03,+554.89948578E-03,-4.71734069E-03
+53.55000E-06,+547.73867689E-03,+530.99999517E-03,+534.79898348E-03,-697.24023E-06
+53.60000E-06,+546.48239551E-03,+525.97486960E-03,+553.64320440E-03,-697.24023E-06
+53.65000E-06,+551.50752108E-03,+541.05024632E-03,+538.56782768E-03,-6.47613464E-03
+53.70000E-06,+556.53264666E-03,+544.81909052E-03,+534.79898348E-03,-2.45603419E-03
+53.75000E-06,+533.91958155E-03,+530.99999517E-03,+548.61807883E-03,-3.46105930E-03
+53.80000E-06,+546.48239551E-03,+525.97486960E-03,+553.64320440E-03,-4.46608442E-03
+53.85000E-06,+551.50752108E-03,+524.71858822E-03,+534.79898348E-03,-5.47110953E-03
+53.90000E-06,+538.94470712E-03,+536.02512075E-03,+526.00501372E-03,-194.72768E-06
+53.95000E-06,+547.73867689E-03,+530.99999517E-03,+534.79898348E-03,+1.81532255E-03
+54.00000E-06,+569.09546057E-03,+562.40703005E-03,+534.79898348E-03,-8.73744115E-03
+54.05000E-06,+547.73867689E-03,+532.25627660E-03,+534.79898348E-03,-2.20477791E-03
+54.10000E-06,+556.53264666E-03,+524.71858822E-03,+543.59295325E-03,-2.95854674E-03
+54.15000E-06,+527.63817459E-03,+524.71858822E-03,+541.08039044E-03,+2.06657883E-03
+54.20000E-06,+530.15073736E-03,+524.71858822E-03,+534.79898348E-03,-8.48618488E-03
+54.25000E-06,+564.07033499E-03,+557.38190443E-03,+514.69848119E-03,-1.45100907E-03
+54.30000E-06,+559.04520942E-03,+536.02512075E-03,+534.79898348E-03,-4.71734069E-03
+54.35000E-06,+527.63817459E-03,+524.71858822E-03,+534.79898348E-03,-1.95352162E-03
+54.40000E-06,+567.83917919E-03,+562.40703005E-03,+534.79898348E-03,-445.98396E-06
+54.45000E-06,+547.73867689E-03,+524.71858822E-03,+538.56782768E-03,-4.71734069E-03
+54.50000E-06,+538.94470712E-03,+547.33165328E-03,+523.49245095E-03,-697.24023E-06
+54.55000E-06,+541.45726994E-03,+564.91959281E-03,+548.61807883E-03,-1.95352162E-03
+54.60000E-06,+566.58289781E-03,+543.56280913E-03,+534.79898348E-03,-948.49651E-06
+54.65000E-06,+551.50752108E-03,+541.05024632E-03,+534.79898348E-03,-5.47110953E-03
+54.70000E-06,+538.94470712E-03,+524.71858822E-03,+546.10551601E-03,-5.21985325E-03
+54.75000E-06,+547.73867689E-03,+544.81909052E-03,+541.08039044E-03,-3.46105930E-03
+54.80000E-06,+528.89445597E-03,+543.56280913E-03,+537.31154625E-03,-4.71734069E-03
+54.85000E-06,+531.40701879E-03,+544.81909052E-03,+554.89948578E-03,+2.56909139E-03
+54.90000E-06,+536.43214436E-03,+524.71858822E-03,+534.79898348E-03,+1.06155372E-03
+54.95000E-06,+527.63817459E-03,+558.63818586E-03,+541.08039044E-03,-1.95352162E-03
+55.00000E-06,+546.48239551E-03,+525.97486960E-03,+533.54270210E-03,-8.48618488E-03
+55.05000E-06,+540.20098850E-03,+528.48743241E-03,+531.03013929E-03,-7.22990347E-03
+55.10000E-06,+559.04520942E-03,+564.91959281E-03,+534.79898348E-03,+1.06155372E-03
+55.15000E-06,+521.35676764E-03,+510.89949288E-03,+522.23616957E-03,-5.97362208E-03
+55.20000E-06,+545.22611413E-03,+525.97486960E-03,+533.54270210E-03,-948.49651E-06
+55.25000E-06,+535.17586298E-03,+524.71858822E-03,+522.23616957E-03,-1.45100907E-03
+55.30000E-06,+538.94470712E-03,+524.71858822E-03,+526.00501372E-03,-6.47613465E-03
+55.35000E-06,+547.73867689E-03,+538.53768356E-03,+541.08039044E-03,-2.20477791E-03
+55.40000E-06,+546.48239551E-03,+544.81909052E-03,+533.54270210E-03,-4.46608442E-03
+55.45000E-06,+564.07033499E-03,+541.05024632E-03,+514.69848119E-03,-10.49623510E-03
+55.50000E-06,+545.22611413E-03,+533.51255799E-03,+537.31154625E-03,-2.95854674E-03
+55.55000E-06,+533.91958155E-03,+538.53768356E-03,+541.08039044E-03,-3.46105930E-03
+55.60000E-06,+528.89445597E-03,+544.81909052E-03,+553.64320440E-03,-4.71734069E-03
+55.65000E-06,+551.50752108E-03,+564.91959281E-03,+538.56782768E-03,-697.24023E-06
+55.70000E-06,+559.04520942E-03,+544.81909052E-03,+554.89948578E-03,-4.71734069E-03
+55.75000E-06,+521.35676764E-03,+517.18089983E-03,+528.51757653E-03,-1.95352162E-03
+55.80000E-06,+547.73867689E-03,+544.81909052E-03,+534.79898348E-03,-1.19975279E-03
+55.85000E-06,+540.20098850E-03,+528.48743241E-03,+534.79898348E-03,-1.45100907E-03
+55.90000E-06,+545.22611413E-03,+564.91959281E-03,+543.59295325E-03,-1.19975279E-03
+55.95000E-06,+547.73867689E-03,+544.81909052E-03,+508.41707423E-03,-3.46105930E-03
+56.00000E-06,+546.48239551E-03,+543.56280913E-03,+534.79898348E-03,-948.49651E-06
+56.05000E-06,+543.96983270E-03,+544.81909052E-03,+534.79898348E-03,+1.81532255E-03
+56.10000E-06,+538.94470712E-03,+553.61306028E-03,+534.79898348E-03,-4.21482814E-03
+56.15000E-06,+561.55777223E-03,+538.53768356E-03,+528.51757653E-03,-1.95352162E-03
+56.20000E-06,+546.48239551E-03,+524.71858822E-03,+533.54270210E-03,-8.48618488E-03
+56.25000E-06,+547.73867689E-03,+524.71858822E-03,+502.13566728E-03,+810.29744E-06
+56.30000E-06,+547.73867689E-03,+524.71858822E-03,+514.69848119E-03,-2.95854674E-03
+56.35000E-06,+533.91958155E-03,+530.99999517E-03,+548.61807883E-03,-1.95352162E-03
+56.40000E-06,+548.99495827E-03,+543.56280913E-03,+553.64320440E-03,-4.46608442E-03
+56.45000E-06,+531.40701879E-03,+528.48743241E-03,+534.79898348E-03,-3.96357185E-03
+56.50000E-06,+547.73867689E-03,+536.02512075E-03,+543.59295325E-03,-4.71734069E-03
+56.55000E-06,+547.73867689E-03,+538.53768356E-03,+528.51757653E-03,-4.71734069E-03
+56.60000E-06,+527.63817459E-03,+525.97486960E-03,+533.54270210E-03,-12.25502906E-03
+56.65000E-06,+564.07033499E-03,+528.48743241E-03,+514.69848119E-03,-3.96357185E-03
+56.70000E-06,+547.73867689E-03,+544.81909052E-03,+554.89948578E-03,-4.21482814E-03
+56.75000E-06,+541.45726994E-03,+538.53768356E-03,+554.89948578E-03,-4.71734069E-03
+56.80000E-06,+546.48239551E-03,+546.07537190E-03,+554.89948578E-03,-4.46608442E-03
+56.85000E-06,+523.86933040E-03,+541.05024632E-03,+534.79898348E-03,-3.96357185E-03
+56.90000E-06,+559.04520942E-03,+536.02512075E-03,+523.49245096E-03,-2.45603419E-03
+56.95000E-06,+527.63817459E-03,+524.71858822E-03,+548.61807883E-03,-4.71734069E-03
+57.00000E-06,+547.73867689E-03,+562.40703005E-03,+551.13064164E-03,-697.24023E-06
+57.05000E-06,+551.50752108E-03,+541.05024632E-03,+522.23616958E-03,-3.96357185E-03
+57.10000E-06,+536.43214436E-03,+524.71858822E-03,+517.21104395E-03,-6.47613465E-03
+57.15000E-06,+541.45726994E-03,+530.99999517E-03,+520.97988814E-03,-3.20980302E-03
+57.20000E-06,+548.99495827E-03,+524.71858822E-03,+553.64320440E-03,+2.82034767E-03
+57.25000E-06,+543.96983270E-03,+541.05024632E-03,+534.79898348E-03,-1.45100907E-03
+57.30000E-06,+547.73867689E-03,+556.12562304E-03,+505.90451142E-03,-2.45603419E-03
+57.35000E-06,+554.02008385E-03,+544.81909052E-03,+527.26129510E-03,-697.24023E-06
+57.40000E-06,+489.94973276E-03,+544.81909052E-03,+534.79898348E-03,-4.71734069E-03
+57.45000E-06,+547.73867689E-03,+524.71858822E-03,+554.89948578E-03,-8.73744115E-03
+57.50000E-06,+538.94470712E-03,+553.61306028E-03,+552.38692302E-03,-194.72768E-06
+57.55000E-06,+547.73867689E-03,+544.81909052E-03,+534.79898348E-03,-3.46105930E-03
+57.60000E-06,+528.89445597E-03,+525.97486960E-03,+514.69848119E-03,-4.46608442E-03
+57.65000E-06,+543.96983270E-03,+532.25627661E-03,+534.79898348E-03,-697.24023E-06
+57.70000E-06,+559.04520942E-03,+544.81909052E-03,+523.49245096E-03,-2.45603419E-03
+57.75000E-06,+533.91958155E-03,+538.53768356E-03,+534.79898348E-03,-4.71734069E-03
+57.80000E-06,+547.73867689E-03,+507.13064868E-03,+553.64320440E-03,-697.24023E-06
+57.85000E-06,+555.27636528E-03,+524.71858822E-03,+518.46732538E-03,-4.71734069E-03
+57.90000E-06,+547.73867689E-03,+524.71858822E-03,+543.59295325E-03,-6.97864720E-03
+57.95000E-06,+527.63817459E-03,+524.71858822E-03,+548.61807883E-03,+2.06657884E-03
+58.00000E-06,+547.73867689E-03,+525.97486960E-03,+536.05526486E-03,-4.71734069E-03
+58.05000E-06,+547.73867689E-03,+544.81909052E-03,+554.89948578E-03,-2.20477791E-03
+58.10000E-06,+538.94470712E-03,+536.02512075E-03,+503.39194866E-03,-2.95854674E-03
+58.15000E-06,+533.91958155E-03,+510.89949287E-03,+548.61807883E-03,-697.24023E-06
+58.20000E-06,+565.32661643E-03,+525.97486960E-03,+533.54270210E-03,-4.46608442E-03
+58.25000E-06,+543.96983270E-03,+532.25627661E-03,+518.46732538E-03,-3.96357185E-03
+58.30000E-06,+556.53264666E-03,+524.71858822E-03,+534.79898348E-03,-2.95854674E-03
+58.35000E-06,+547.73867689E-03,+544.81909052E-03,+542.33667187E-03,-697.24023E-06
+58.40000E-06,+547.73867689E-03,+544.81909052E-03,+514.69848119E-03,-1.19975279E-03
+58.45000E-06,+527.63817459E-03,+541.05024632E-03,+551.13064159E-03,-697.24023E-06
+58.50000E-06,+536.43214436E-03,+524.71858822E-03,+546.10551601E-03,-2.95854674E-03
+58.55000E-06,+547.73867689E-03,+551.10049747E-03,+542.33667187E-03,-5.97362208E-03
+58.60000E-06,+566.58289781E-03,+525.97486960E-03,+533.54270210E-03,-948.49651E-06
+58.65000E-06,+547.73867689E-03,+541.05024632E-03,+551.13064159E-03,-3.96357185E-03
+58.70000E-06,+538.94470712E-03,+524.71858822E-03,+534.79898348E-03,-5.21985324E-03
+58.75000E-06,+533.91958155E-03,+538.53768356E-03,+554.89948578E-03,-1.95352162E-03
+58.80000E-06,+566.58289781E-03,+524.71858822E-03,+553.64320440E-03,-697.24023E-06
+58.85000E-06,+547.73867689E-03,+532.25627661E-03,+538.56782768E-03,-4.71734069E-03
+58.90000E-06,+536.43214436E-03,+544.81909052E-03,+532.28642073E-03,-2.95854674E-03
+58.95000E-06,+547.73867689E-03,+551.10049747E-03,+534.79898348E-03,+559.04116E-06
+59.00000E-06,+547.73867689E-03,+525.97486960E-03,+534.79898348E-03,-4.71734069E-03
+59.05000E-06,+531.40701879E-03,+544.81909052E-03,+554.89948578E-03,-4.71734069E-03
+59.10000E-06,+547.73867689E-03,+533.51255799E-03,+534.79898348E-03,-4.71734069E-03
+59.15000E-06,+541.45726994E-03,+537.28140213E-03,+534.79898348E-03,-4.71734069E-03
+59.20000E-06,+527.63817459E-03,+543.56280914E-03,+534.79898348E-03,-1.19975279E-03
+59.25000E-06,+547.73867689E-03,+524.71858822E-03,+551.13064159E-03,-5.47110953E-03
+59.30000E-06,+550.25123965E-03,+533.51255799E-03,+526.00501372E-03,-4.71734069E-03
+59.35000E-06,+547.73867689E-03,+544.81909052E-03,+534.79898348E-03,-3.46105930E-03
+59.40000E-06,+545.22611413E-03,+524.71858822E-03,+572.48742532E-03,-8.48618488E-03
+59.45000E-06,+555.27636528E-03,+541.05024632E-03,+554.89948578E-03,-3.96357185E-03
+59.50000E-06,+527.63817459E-03,+536.02512075E-03,+534.79898348E-03,-8.73744115E-03
+59.55000E-06,+555.27636528E-03,+544.81909052E-03,+534.79898348E-03,-6.22487837E-03
+59.60000E-06,+547.73867689E-03,+542.30652776E-03,+534.79898348E-03,-12.00377278E-03
+59.65000E-06,+547.73867689E-03,+532.25627661E-03,+538.56782768E-03,-4.71734069E-03
+59.70000E-06,+527.63817459E-03,+544.81909052E-03,+534.79898348E-03,+1.56406627E-03
+59.75000E-06,+547.73867689E-03,+544.81909052E-03,+528.51757653E-03,-3.20980301E-03
+59.80000E-06,+530.15073735E-03,+527.23115098E-03,+515.95476257E-03,-4.46608442E-03
+59.85000E-06,+547.73867689E-03,+544.81909052E-03,+514.69848119E-03,-5.47110953E-03
+59.90000E-06,+547.73867689E-03,+547.33165327E-03,+543.59295325E-03,-4.21482814E-03
+59.95000E-06,+535.17586298E-03,+524.71858822E-03,+528.51757653E-03,-1.95352162E-03
+60.00000E-06,+564.07033505E-03,+543.56280914E-03,+553.64320440E-03,+3.07160395E-03
+60.05000E-06,+527.63817459E-03,+528.48743241E-03,+551.13064159E-03,-3.96357185E-03
+60.10000E-06,+547.73867689E-03,+524.71858822E-03,+546.10551601E-03,-2.45603419E-03
+60.15000E-06,+533.91958155E-03,+558.63818586E-03,+520.97988814E-03,-3.46105930E-03
+60.20000E-06,+528.89445597E-03,+524.71858822E-03,+552.38692302E-03,-948.49651E-06
+60.25000E-06,+555.27636528E-03,+524.71858822E-03,+567.46229969E-03,-3.96357185E-03
+60.30000E-06,+547.73867689E-03,+524.71858822E-03,+554.89948578E-03,-6.97864720E-03
+60.35000E-06,+554.02008384E-03,+530.99999517E-03,+528.51757653E-03,-7.48115976E-03
+60.40000E-06,+547.73867689E-03,+544.81909052E-03,+514.69848119E-03,-4.71734069E-03
+60.45000E-06,+547.73867689E-03,+561.15074862E-03,+518.46732538E-03,-5.47110953E-03
+60.50000E-06,+527.63817459E-03,+536.02512075E-03,+532.28642073E-03,-697.24023E-06
+60.55000E-06,+555.27636528E-03,+538.53768356E-03,+520.97988814E-03,-1.95352162E-03
+60.60000E-06,+565.32661643E-03,+524.71858822E-03,+534.79898348E-03,-4.46608442E-03
+60.65000E-06,+531.40701879E-03,+532.25627661E-03,+551.13064159E-03,-2.20477791E-03
+60.70000E-06,+547.73867689E-03,+544.81909052E-03,+543.59295325E-03,-697.24023E-06
+60.75000E-06,+554.02008384E-03,+551.10049747E-03,+528.51757653E-03,-697.24023E-06
+60.80000E-06,+528.89445597E-03,+543.56280914E-03,+515.95476257E-03,-4.71734069E-03
+60.85000E-06,+547.73867689E-03,+541.05024632E-03,+534.79898348E-03,-697.24023E-06
+60.90000E-06,+536.43214436E-03,+553.61306028E-03,+526.00501372E-03,-4.71734069E-03
+60.95000E-06,+561.55777223E-03,+538.53768356E-03,+514.69848119E-03,+559.04116E-06
+61.00000E-06,+527.63817459E-03,+544.81909052E-03,+515.95476257E-03,-4.46608442E-03
+61.05000E-06,+560.30149080E-03,+528.48743241E-03,+518.46732538E-03,-5.47110953E-03
+61.10000E-06,+538.94470712E-03,+536.02512075E-03,+543.59295325E-03,-5.21985324E-03
+61.15000E-06,+541.45726994E-03,+530.99999517E-03,+541.08039044E-03,-1.95352162E-03
+61.20000E-06,+546.48239551E-03,+544.81909052E-03,+534.79898348E-03,-4.46608442E-03
+61.25000E-06,+564.07033499E-03,+544.81909052E-03,+538.56782768E-03,-1.45100907E-03
+61.30000E-06,+547.73867689E-03,+524.71858822E-03,+534.79898348E-03,-6.97864720E-03
+61.35000E-06,+548.99495833E-03,+538.53768356E-03,+534.79898348E-03,-5.97362208E-03
+61.40000E-06,+491.20601414E-03,+524.71858822E-03,+515.95476257E-03,-4.71734069E-03
+61.45000E-06,+540.20098850E-03,+557.38190442E-03,+534.79898348E-03,-10.49623509E-03
+61.50000E-06,+547.73867689E-03,+536.02512075E-03,+543.59295325E-03,-6.47613465E-03
+61.55000E-06,+554.02008384E-03,+524.71858822E-03,+541.08039044E-03,-1.95352162E-03
+61.60000E-06,+545.22611413E-03,+524.71858822E-03,+534.79898348E-03,-4.46608442E-03
+61.65000E-06,+560.30149080E-03,+524.71858822E-03,+567.46229969E-03,-4.71734069E-03
+61.70000E-06,+538.94470712E-03,+536.02512075E-03,+546.10551601E-03,-4.71734069E-03
+61.75000E-06,+569.09546063E-03,+544.81909052E-03,+541.08039044E-03,-7.48115976E-03
+61.80000E-06,+567.83917919E-03,+508.38693006E-03,+552.38692302E-03,-1.19975279E-03
+61.85000E-06,+551.50752109E-03,+524.71858822E-03,+538.56782768E-03,-1.45100907E-03
+61.90000E-06,+547.73867689E-03,+536.02512075E-03,+528.51757647E-03,-4.71734069E-03
+61.95000E-06,+547.73867689E-03,+524.71858822E-03,+548.61807883E-03,-1.95352162E-03
+62.00000E-06,+547.73867689E-03,+524.71858822E-03,+534.79898348E-03,-4.71734069E-03
+62.05000E-06,+535.17586298E-03,+512.15577431E-03,+551.13064159E-03,-4.71734069E-03
+62.10000E-06,+516.33164207E-03,+536.02512075E-03,+534.79898348E-03,-2.45603419E-03
+62.15000E-06,+555.27636528E-03,+530.99999517E-03,+534.79898348E-03,-4.71734069E-03
+62.20000E-06,+547.73867689E-03,+524.71858822E-03,+515.95476257E-03,-8.73744115E-03
+62.25000E-06,+531.40701879E-03,+544.81909052E-03,+534.79898348E-03,-1.45100907E-03
+62.30000E-06,+547.73867689E-03,+533.51255799E-03,+526.00501371E-03,-2.95854674E-03
+62.35000E-06,+567.83917919E-03,+538.53768356E-03,+534.79898348E-03,-2.20477791E-03
+62.40000E-06,+547.73867689E-03,+543.56280914E-03,+553.64320440E-03,-697.24023E-06
+62.45000E-06,+531.40701879E-03,+544.81909052E-03,+534.79898348E-03,-1.45100907E-03
+62.50000E-06,+547.73867689E-03,+547.33165327E-03,+526.00501371E-03,-4.71734069E-03
+62.55000E-06,+541.45726994E-03,+532.25627661E-03,+548.61807883E-03,-3.46105930E-03
+62.60000E-06,+547.73867689E-03,+544.81909052E-03,+534.79898348E-03,-8.98869743E-03
+62.65000E-06,+535.17586298E-03,+524.71858822E-03,+534.79898348E-03,-697.24023E-06
+62.70000E-06,+538.94470712E-03,+536.02512075E-03,+534.79898348E-03,-2.95854674E-03
+62.75000E-06,+527.63817459E-03,+530.99999517E-03,+528.51757653E-03,+810.29744E-06
+62.80000E-06,+528.89445597E-03,+525.97486960E-03,+518.46732532E-03,-697.24023E-06
+62.85000E-06,+564.07033499E-03,+544.81909052E-03,+531.03013929E-03,-697.24023E-06
+62.90000E-06,+527.63817459E-03,+544.81909052E-03,+543.59295325E-03,-697.24023E-06
+62.95000E-06,+527.63817459E-03,+530.99999517E-03,+534.79898348E-03,-6.22487837E-03
+63.00000E-06,+546.48239551E-03,+524.71858822E-03,+554.89948578E-03,-4.71734069E-03
+63.05000E-06,+556.53264660E-03,+541.05024632E-03,+547.36179739E-03,-4.71734069E-03
+63.10000E-06,+547.73867689E-03,+533.51255799E-03,+523.49245096E-03,-2.95854674E-03
+63.15000E-06,+567.83917919E-03,+538.53768356E-03,+534.79898348E-03,-697.24023E-06
+63.20000E-06,+547.73867689E-03,+524.71858822E-03,+536.05526486E-03,-948.49651E-06
+63.25000E-06,+527.63817459E-03,+544.81909052E-03,+551.13064159E-03,-14.51633555E-03
+63.30000E-06,+538.94470712E-03,+536.02512075E-03,+543.59295325E-03,-4.71734069E-03
+63.35000E-06,+547.73867689E-03,+558.63818586E-03,+548.61807883E-03,-2.20477791E-03
+63.40000E-06,+547.73867689E-03,+524.71858822E-03,+552.38692303E-03,-8.48618488E-03
+63.45000E-06,+564.07033499E-03,+528.48743241E-03,+538.56782768E-03,-5.47110953E-03
+63.50000E-06,+536.43214436E-03,+536.02512075E-03,+517.21104394E-03,-2.95854674E-03
+63.55000E-06,+554.02008384E-03,+544.81909052E-03,+568.71858113E-03,-697.24023E-06
+63.60000E-06,+565.32661643E-03,+543.56280914E-03,+553.64320440E-03,-8.73744115E-03
+63.65000E-06,+547.73867689E-03,+561.15074862E-03,+567.46229969E-03,-5.47110953E-03
+63.70000E-06,+547.73867689E-03,+524.71858822E-03,+532.28642073E-03,-1.19975278E-03
+63.75000E-06,+547.73867689E-03,+530.99999517E-03,+548.61807883E-03,-8.73744115E-03
+63.80000E-06,+566.58289781E-03,+544.81909052E-03,+534.79898348E-03,-1.19975278E-03
+63.85000E-06,+564.07033499E-03,+561.15074862E-03,+538.56782768E-03,-7.98367231E-03
+63.90000E-06,+567.83917919E-03,+533.51255799E-03,+534.79898348E-03,-4.71734069E-03
+63.95000E-06,+547.73867689E-03,+530.99999517E-03,+548.61807883E-03,+559.04116E-06
+64.00000E-06,+547.73867689E-03,+524.71858822E-03,+515.95476257E-03,-4.96859697E-03
+64.05000E-06,+527.63817459E-03,+524.71858822E-03,+534.79898348E-03,-7.22990347E-03
+64.10000E-06,+527.63817459E-03,+536.02512074E-03,+526.00501371E-03,-4.21482814E-03
+64.15000E-06,+547.73867689E-03,+517.18089983E-03,+554.89948578E-03,+2.06657884E-03
+64.20000E-06,+528.89445597E-03,+544.81909052E-03,+534.79898348E-03,-4.46608442E-03
+64.25000E-06,+535.17586299E-03,+561.15074862E-03,+514.69848119E-03,-4.71734069E-03
+64.30000E-06,+559.04520942E-03,+533.51255799E-03,+537.31154624E-03,-2.95854674E-03
+64.35000E-06,+520.10048620E-03,+538.53768356E-03,+562.43717417E-03,-4.71734069E-03
+64.40000E-06,+547.73867689E-03,+563.66331143E-03,+514.69848119E-03,-8.48618488E-03
+64.45000E-06,+543.96983269E-03,+544.81909052E-03,+538.56782768E-03,-7.98367231E-03
+64.50000E-06,+547.73867689E-03,+536.02512074E-03,+523.49245096E-03,-2.45603419E-03
+64.55000E-06,+535.17586299E-03,+524.71858822E-03,+534.79898348E-03,-697.24023E-06
+64.60000E-06,+547.73867689E-03,+546.07537189E-03,+553.64320440E-03,-4.71734069E-03
+64.65000E-06,+560.30149080E-03,+524.71858822E-03,+531.03013929E-03,-697.24023E-06
+64.70000E-06,+536.43214436E-03,+544.81909052E-03,+532.28642073E-03,-2.95854674E-03
+64.75000E-06,+527.63817459E-03,+530.99999517E-03,+534.79898348E-03,-4.71734069E-03
+64.80000E-06,+546.48239551E-03,+525.97486960E-03,+534.79898348E-03,-948.49651E-06
+64.85000E-06,+543.96983269E-03,+528.48743241E-03,+534.79898348E-03,-3.96357185E-03
+64.90000E-06,+536.43214436E-03,+533.51255799E-03,+546.10551601E-03,-6.47613465E-03
+64.95000E-06,+561.55777224E-03,+538.53768356E-03,+520.97988814E-03,+2.06657884E-03
+65.00000E-06,+565.32661643E-03,+562.40703006E-03,+553.64320440E-03,-697.24023E-06
+65.05000E-06,+547.73867689E-03,+528.48743241E-03,+518.46732538E-03,-1.45100907E-03
+65.10000E-06,+547.73867689E-03,+556.12562304E-03,+526.00501371E-03,-4.71734069E-03
+65.15000E-06,+533.91958155E-03,+537.28140212E-03,+514.69848119E-03,-1.95352162E-03
+65.20000E-06,+548.99495827E-03,+524.71858822E-03,+552.38692303E-03,-948.49651E-06
+65.25000E-06,+535.17586299E-03,+544.81909052E-03,+531.03013929E-03,-4.71734069E-03
+65.30000E-06,+556.53264666E-03,+522.20602546E-03,+543.59295326E-03,-4.71734069E-03
+65.35000E-06,+541.45726994E-03,+544.81909052E-03,+527.26129509E-03,-1.95352162E-03
+65.40000E-06,+566.58289781E-03,+544.81909052E-03,+514.69848119E-03,+2.82034767E-03
+65.45000E-06,+531.40701879E-03,+524.71858822E-03,+551.13064159E-03,-4.71734069E-03
+65.50000E-06,+547.73867689E-03,+533.51255799E-03,+543.59295326E-03,-6.47613465E-03
+65.55000E-06,+567.83917919E-03,+524.71858822E-03,+548.61807883E-03,-8.73744115E-03
+65.60000E-06,+528.89445597E-03,+527.23115097E-03,+533.54270211E-03,-4.71734069E-03
+65.65000E-06,+515.07536069E-03,+524.71858822E-03,+538.56782768E-03,-4.71734069E-03
+65.70000E-06,+538.94470712E-03,+547.33165327E-03,+534.79898348E-03,-697.24023E-06
+65.75000E-06,+555.27636528E-03,+538.53768356E-03,+554.89948578E-03,-7.48115976E-03
+65.80000E-06,+566.58289781E-03,+544.81909052E-03,+536.05526486E-03,-4.21482814E-03
+65.85000E-06,+531.40701879E-03,+557.38190442E-03,+554.89948578E-03,-697.24023E-06
+65.90000E-06,+527.63817459E-03,+524.71858822E-03,+534.79898348E-03,-4.71734069E-03
+65.95000E-06,+520.10048620E-03,+551.10049747E-03,+534.79898348E-03,-8.73744115E-03
+66.00000E-06,+546.48239551E-03,+543.56280914E-03,+553.64320440E-03,-1.19975278E-03
+66.05000E-06,+560.30149079E-03,+544.81909052E-03,+534.79898348E-03,-1.45100907E-03
+66.10000E-06,+538.94470712E-03,+524.71858822E-03,+554.89948578E-03,-2.45603419E-03
+66.15000E-06,+533.91958155E-03,+544.81909052E-03,+541.08039044E-03,-1.95352162E-03
+66.20000E-06,+530.15073735E-03,+525.97486960E-03,+534.79898348E-03,-4.46608442E-03
+66.25000E-06,+531.40701879E-03,+524.71858822E-03,+534.79898348E-03,-1.45100907E-03
+66.30000E-06,+545.22611414E-03,+544.81909052E-03,+534.79898348E-03,-4.71734069E-03
+66.35000E-06,+555.27636528E-03,+538.53768356E-03,+520.97988814E-03,-7.48115976E-03
+66.40000E-06,+527.63817459E-03,+524.71858822E-03,+536.05526486E-03,-948.49651E-06
+66.45000E-06,+551.50752109E-03,+537.28140212E-03,+514.69848119E-03,-7.22990347E-03
+66.50000E-06,+550.25123965E-03,+544.81909052E-03,+526.00501371E-03,-4.21482814E-03
+66.55000E-06,+547.73867689E-03,+538.53768356E-03,+534.79898348E-03,-697.24023E-06
+66.60000E-06,+527.63817459E-03,+525.97486960E-03,+533.54270211E-03,-948.49651E-06
+66.65000E-06,+547.73867689E-03,+541.05024632E-03,+518.46732538E-03,-3.96357185E-03
+66.70000E-06,+538.94470712E-03,+533.51255799E-03,+528.51757647E-03,-5.21985324E-03
+66.75000E-06,+527.63817459E-03,+510.89949287E-03,+541.08039044E-03,+810.29745E-06
+66.80000E-06,+528.89445597E-03,+525.97486960E-03,+553.64320440E-03,-194.72768E-06
+66.85000E-06,+551.50752109E-03,+528.48743242E-03,+534.79898348E-03,-3.96357185E-03
+66.90000E-06,+538.94470712E-03,+544.81909052E-03,+526.00501371E-03,+1.56406627E-03
+66.95000E-06,+541.45726994E-03,+538.53768356E-03,+534.79898348E-03,-4.71734069E-03
+67.00000E-06,+530.15073735E-03,+544.81909052E-03,+534.79898348E-03,-8.23492860E-03
+67.05000E-06,+547.73867689E-03,+561.15074862E-03,+551.13064158E-03,-2.20477791E-03
+67.10000E-06,+527.63817459E-03,+536.02512074E-03,+546.10551601E-03,-1.19975278E-03
+67.15000E-06,+546.48239545E-03,+524.71858822E-03,+534.79898348E-03,-10.24497883E-03
+67.20000E-06,+546.48239551E-03,+524.71858822E-03,+534.79898348E-03,-4.96859697E-03
+67.25000E-06,+531.40701879E-03,+541.05024632E-03,+534.79898348E-03,-4.71734069E-03
+67.30000E-06,+547.73867689E-03,+536.02512074E-03,+554.89948578E-03,-9.23995370E-03
+67.35000E-06,+561.55777224E-03,+538.53768356E-03,+534.79898348E-03,-3.20980301E-03
+67.40000E-06,+528.89445597E-03,+544.81909052E-03,+517.21104394E-03,-4.71734069E-03
+67.45000E-06,+567.83917919E-03,+528.48743242E-03,+534.79898348E-03,+56.52861E-06
+67.50000E-06,+538.94470712E-03,+524.71858822E-03,+517.21104394E-03,-2.95854674E-03
+67.55000E-06,+540.20098850E-03,+551.10049747E-03,+534.79898348E-03,+810.29745E-06
+67.60000E-06,+548.99495827E-03,+525.97486960E-03,+536.05526486E-03,-1.19975278E-03
+67.65000E-06,+531.40701879E-03,+524.71858822E-03,+551.13064158E-03,-7.98367231E-03
+67.70000E-06,+559.04520942E-03,+533.51255799E-03,+546.10551601E-03,-6.97864720E-03
+67.75000E-06,+541.45726994E-03,+530.99999517E-03,+534.79898348E-03,-3.20980301E-03
+67.80000E-06,+548.99495827E-03,+524.71858822E-03,+552.38692303E-03,-697.24023E-06
+67.85000E-06,+543.96983269E-03,+544.81909052E-03,+518.46732538E-03,+5.83542301E-03
+67.90000E-06,+536.43214437E-03,+533.51255799E-03,+534.79898348E-03,-4.71734069E-03
+67.95000E-06,+527.63817459E-03,+544.81909052E-03,+508.41707424E-03,-697.24023E-06
+68.00000E-06,+584.17083735E-03,+525.97486960E-03,+515.95476256E-03,-948.49651E-06
+68.05000E-06,+543.96983269E-03,+528.48743242E-03,+534.79898348E-03,-1.45100907E-03
+68.10000E-06,+556.53264666E-03,+547.33165327E-03,+546.10551601E-03,-6.47613465E-03
+68.15000E-06,+541.45726994E-03,+538.53768356E-03,+534.79898348E-03,-4.71734069E-03
+68.20000E-06,+547.73867689E-03,+507.13064867E-03,+533.54270211E-03,-4.71734069E-03
+68.25000E-06,+535.17586299E-03,+548.58793471E-03,+547.36179739E-03,+2.56909139E-03
+68.30000E-06,+556.53264666E-03,+536.02512074E-03,+557.41204854E-03,-5.21985324E-03
+68.35000E-06,+526.38189315E-03,+544.81909052E-03,+514.69848119E-03,-7.48115976E-03
+68.40000E-06,+548.99495827E-03,+525.97486960E-03,+536.05526486E-03,-4.96859697E-03
+68.45000E-06,+547.73867689E-03,+508.38693012E-03,+538.56782768E-03,-3.96357185E-03
+68.50000E-06,+545.22611414E-03,+524.71858822E-03,+532.28642073E-03,-697.24023E-06
+68.55000E-06,+555.27636529E-03,+538.53768356E-03,+541.08039044E-03,-8.73744115E-03
+68.60000E-06,+548.99495827E-03,+525.97486959E-03,+552.38692303E-03,-4.46608442E-03
+68.65000E-06,+547.73867689E-03,+557.38190442E-03,+534.79898348E-03,-4.71734069E-03
+68.70000E-06,+536.43214437E-03,+524.71858822E-03,+554.89948578E-03,-4.71734069E-03
+68.75000E-06,+540.20098850E-03,+530.99999517E-03,+528.51757653E-03,-7.48115976E-03
+68.80000E-06,+564.07033506E-03,+543.56280914E-03,+534.79898348E-03,+2.82034768E-03
+68.85000E-06,+547.73867689E-03,+524.71858822E-03,+527.26129509E-03,-4.71734069E-03
+68.90000E-06,+518.84420482E-03,+530.99999524E-03,+557.41204854E-03,-4.21482814E-03
+68.95000E-06,+554.02008384E-03,+544.81909052E-03,+542.33667188E-03,-3.46105930E-03
+69.00000E-06,+528.89445597E-03,+525.97486959E-03,+514.69848119E-03,-948.49651E-06
+69.05000E-06,+547.73867689E-03,+528.48743242E-03,+531.03013929E-03,-4.71734069E-03
+69.10000E-06,+547.73867689E-03,+524.71858822E-03,+523.49245096E-03,-5.21985324E-03
+69.15000E-06,+560.30149079E-03,+524.71858822E-03,+561.18089273E-03,-697.24023E-06
+69.20000E-06,+547.73867689E-03,+525.97486959E-03,+554.89948578E-03,+2.82034768E-03
+69.25000E-06,+547.73867689E-03,+544.81909052E-03,+531.03013929E-03,-2.20477791E-03
+69.30000E-06,+525.12561184E-03,+544.81909052E-03,+512.18591843E-03,-2.45603419E-03
+69.35000E-06,+547.73867689E-03,+518.43718127E-03,+547.36179739E-03,-5.97362208E-03
+69.40000E-06,+547.73867689E-03,+544.81909052E-03,+554.89948578E-03,+2.56909140E-03
+69.45000E-06,+547.73867689E-03,+544.81909052E-03,+534.79898348E-03,-7.98367231E-03
+69.50000E-06,+527.63817459E-03,+524.71858822E-03,+546.10551601E-03,-6.47613465E-03
+69.55000E-06,+548.99495834E-03,+544.81909052E-03,+528.51757653E-03,+810.29745E-06
+69.60000E-06,+566.58289781E-03,+546.07537189E-03,+553.64320441E-03,-697.24023E-06
+69.65000E-06,+527.63817459E-03,+548.58793471E-03,+534.79898348E-03,-3.96357185E-03
+69.70000E-06,+538.94470712E-03,+533.51255799E-03,+512.18591843E-03,-2.95854674E-03
+69.75000E-06,+547.73867689E-03,+552.35677891E-03,+534.79898348E-03,-4.71734069E-03
+69.80000E-06,+527.63817459E-03,+546.07537189E-03,+553.64320441E-03,-4.46608442E-03
+69.85000E-06,+543.96983269E-03,+541.05024632E-03,+514.69848119E-03,-1.45100907E-03
+69.90000E-06,+538.94470712E-03,+536.02512074E-03,+534.79898348E-03,-4.71734069E-03
+69.95000E-06,+535.17586299E-03,+530.99999517E-03,+541.08039044E-03,+559.04116E-06
+70.00000E-06,+527.63817459E-03,+507.13064867E-03,+554.89948578E-03,-5.21985324E-03
+70.05000E-06,+543.96983269E-03,+541.05024632E-03,+538.56782768E-03,-4.71734069E-03
+70.10000E-06,+547.73867689E-03,+524.71858822E-03,+534.79898348E-03,-697.24023E-06
+70.15000E-06,+535.17586299E-03,+551.10049747E-03,+533.54270204E-03,-1.95352162E-03
+70.20000E-06,+548.99495827E-03,+527.23115097E-03,+534.79898348E-03,-8.48618488E-03
+70.25000E-06,+556.53264659E-03,+541.05024632E-03,+534.79898348E-03,-697.24023E-06
+70.30000E-06,+559.04520942E-03,+522.20602547E-03,+546.10551601E-03,-697.24023E-06
+70.35000E-06,+547.73867689E-03,+524.71858822E-03,+534.79898348E-03,-4.71734069E-03
+70.40000E-06,+567.83917919E-03,+544.81909052E-03,+515.95476256E-03,-1.19975278E-03
+70.45000E-06,+527.63817459E-03,+528.48743242E-03,+534.79898348E-03,-7.98367231E-03
+70.50000E-06,+538.94470712E-03,+524.71858822E-03,+543.59295326E-03,-2.45603419E-03
+70.55000E-06,+547.73867689E-03,+538.53768356E-03,+548.61807883E-03,+810.29745E-06
+70.60000E-06,+546.48239551E-03,+525.97486959E-03,+552.38692303E-03,+3.07160395E-03
+70.65000E-06,+535.17586299E-03,+524.71858822E-03,+518.46732539E-03,-7.22990347E-03
+70.70000E-06,+538.94470712E-03,+536.02512074E-03,+526.00501371E-03,-2.95854674E-03
+70.75000E-06,+547.73867689E-03,+578.73868816E-03,+541.08039043E-03,-5.97362208E-03
+70.80000E-06,+565.32661644E-03,+562.40703006E-03,+517.21104394E-03,-12.50628534E-03
+70.85000E-06,+511.30651649E-03,+524.71858822E-03,+534.79898348E-03,+56.52861E-06
+70.90000E-06,+556.53264666E-03,+536.02512074E-03,+532.28642073E-03,-2.95854674E-03
+70.95000E-06,+547.73867689E-03,+538.53768357E-03,+548.61807883E-03,-697.24023E-06
+71.00000E-06,+510.05023505E-03,+525.97486959E-03,+533.54270211E-03,-4.96859697E-03
+71.05000E-06,+560.30149079E-03,+544.81909052E-03,+534.79898348E-03,-2.20477791E-03
+71.10000E-06,+536.43214437E-03,+562.40703006E-03,+534.79898348E-03,-5.21985324E-03
+71.15000E-06,+527.63817459E-03,+544.81909052E-03,+541.08039043E-03,-3.20980301E-03
+71.20000E-06,+527.63817459E-03,+525.97486959E-03,+515.95476256E-03,-8.48618488E-03
+71.25000E-06,+531.40701879E-03,+524.71858822E-03,+554.89948578E-03,-1.45100907E-03
+71.30000E-06,+538.94470712E-03,+544.81909052E-03,+546.10551601E-03,-6.47613465E-03
+71.35000E-06,+547.73867689E-03,+544.81909052E-03,+527.26129509E-03,-3.46105930E-03
+71.40000E-06,+547.73867689E-03,+543.56280914E-03,+514.69848119E-03,-8.48618488E-03
+71.45000E-06,+551.50752109E-03,+541.05024632E-03,+518.46732539E-03,-3.96357185E-03
+71.50000E-06,+547.73867689E-03,+533.51255799E-03,+546.10551601E-03,-2.45603419E-03
+71.55000E-06,+547.73867689E-03,+544.81909052E-03,+534.79898348E-03,-6.22487837E-03
+71.60000E-06,+546.48239551E-03,+524.71858822E-03,+534.79898348E-03,-1.19975278E-03
+71.65000E-06,+531.40701879E-03,+528.48743242E-03,+551.13064158E-03,-4.71734069E-03
+71.70000E-06,+567.83917919E-03,+522.20602547E-03,+534.79898348E-03,-697.24023E-06
+71.75000E-06,+547.73867689E-03,+530.99999517E-03,+556.15576723E-03,-5.97362208E-03
+71.80000E-06,+510.05023505E-03,+546.07537189E-03,+497.11054164E-03,-5.21985324E-03
+71.85000E-06,+543.96983269E-03,+544.81909052E-03,+534.79898348E-03,-4.71734069E-03
+71.90000E-06,+538.94470712E-03,+533.51255799E-03,+543.59295326E-03,-10.99874766E-03
+71.95000E-06,+527.63817459E-03,+558.63818586E-03,+534.79898348E-03,-697.24023E-06
+72.00000E-06,+512.56279780E-03,+527.23115097E-03,+534.79898348E-03,-1.19975278E-03
+72.05000E-06,+531.40701879E-03,+528.48743242E-03,+534.79898348E-03,-697.24023E-06
+72.10000E-06,+559.04520942E-03,+524.71858822E-03,+543.59295326E-03,-2.45603419E-03
+72.15000E-06,+547.73867689E-03,+544.81909052E-03,+528.51757653E-03,-7.48115976E-03
+72.20000E-06,+547.73867689E-03,+544.81909052E-03,+536.05526486E-03,-8.23492860E-03
+72.25000E-06,+547.73867689E-03,+524.71858822E-03,+534.79898348E-03,-1.45100907E-03
+72.30000E-06,+567.83917919E-03,+536.02512074E-03,+526.00501371E-03,-6.97864720E-03
+72.35000E-06,+533.91958154E-03,+530.99999517E-03,+534.79898348E-03,-3.46105930E-03
+72.40000E-06,+528.89445597E-03,+525.97486959E-03,+554.89948578E-03,+3.07160395E-03
+72.45000E-06,+531.40701879E-03,+524.71858822E-03,+547.36179738E-03,-697.24023E-06
+72.50000E-06,+536.43214437E-03,+533.51255799E-03,+534.79898348E-03,+1.06155372E-03
+72.55000E-06,+520.10048620E-03,+518.43718127E-03,+534.79898348E-03,-3.20980301E-03
+72.60000E-06,+548.99495827E-03,+527.23115097E-03,+517.21104394E-03,-4.96859697E-03
+72.65000E-06,+551.50752109E-03,+561.15074861E-03,+567.46229968E-03,-4.71734069E-03
+72.70000E-06,+538.94470712E-03,+536.02512074E-03,+534.79898348E-03,-2.45603419E-03
+72.75000E-06,+541.45726994E-03,+530.99999517E-03,+542.33667188E-03,-4.71734069E-03
+72.80000E-06,+546.48239552E-03,+524.71858822E-03,+533.54270211E-03,-4.71734069E-03
+72.85000E-06,+543.96983269E-03,+541.05024632E-03,+531.03013929E-03,-7.98367231E-03
+72.90000E-06,+536.43214437E-03,+536.02512074E-03,+534.79898348E-03,-5.21985324E-03
+72.95000E-06,+547.73867689E-03,+544.81909052E-03,+534.79898348E-03,-3.20980301E-03
+73.00000E-06,+545.22611414E-03,+524.71858822E-03,+533.54270211E-03,+2.56909140E-03
+73.05000E-06,+547.73867689E-03,+524.71858822E-03,+551.13064158E-03,-697.24023E-06
+73.10000E-06,+547.73867689E-03,+533.51255799E-03,+534.79898348E-03,-6.97864720E-03
+73.15000E-06,+533.91958154E-03,+537.28140212E-03,+554.89948578E-03,-6.22487837E-03
+73.20000E-06,+528.89445597E-03,+525.97486959E-03,+536.05526486E-03,+6.58919186E-03
+73.25000E-06,+527.63817459E-03,+528.48743242E-03,+554.89948578E-03,-7.98367231E-03
+73.30000E-06,+547.73867689E-03,+536.02512074E-03,+512.18591844E-03,-2.95854674E-03
+73.35000E-06,+541.45726994E-03,+538.53768357E-03,+514.69848119E-03,-5.97362208E-03
+73.40000E-06,+547.73867689E-03,+544.81909052E-03,+554.89948578E-03,-8.48618488E-03
+73.45000E-06,+527.63817459E-03,+544.81909052E-03,+531.03013929E-03,-5.47110953E-03
+73.50000E-06,+518.84420482E-03,+533.51255799E-03,+526.00501371E-03,-697.24023E-06
+73.55000E-06,+541.45726994E-03,+524.71858822E-03,+534.79898348E-03,-1.95352162E-03
+73.60000E-06,+547.73867689E-03,+524.71858822E-03,+536.05526486E-03,+3.07160395E-03
+73.65000E-06,+531.40701879E-03,+524.71858822E-03,+531.03013929E-03,-7.22990347E-03
+73.70000E-06,+547.73867689E-03,+544.81909052E-03,+546.10551601E-03,-4.21482814E-03
+73.75000E-06,+533.91958154E-03,+530.99999517E-03,+528.51757654E-03,-697.24023E-06
+73.80000E-06,+527.63817459E-03,+543.56280914E-03,+534.79898348E-03,-697.24023E-06
+73.85000E-06,+543.96983269E-03,+541.05024632E-03,+534.79898348E-03,-697.24023E-06
+73.90000E-06,+547.73867689E-03,+556.12562304E-03,+537.31154623E-03,+1.06155372E-03
+73.95000E-06,+547.73867689E-03,+530.99999517E-03,+562.43717418E-03,-3.46105930E-03
+74.00000E-06,+547.73867689E-03,+563.66331144E-03,+554.89948578E-03,-8.23492860E-03
+74.05000E-06,+547.73867689E-03,+544.81909052E-03,+522.23616959E-03,-5.47110953E-03
+74.10000E-06,+527.63817459E-03,+524.71858822E-03,+543.59295326E-03,-4.21482814E-03
+74.15000E-06,+533.91958154E-03,+524.71858822E-03,+541.08039043E-03,-5.97362208E-03
+74.20000E-06,+530.15073734E-03,+525.97486959E-03,+533.54270211E-03,-8.73744115E-03
+74.25000E-06,+547.73867689E-03,+541.05024632E-03,+534.79898348E-03,-3.96357185E-03
+74.30000E-06,+556.53264666E-03,+536.02512074E-03,+534.79898348E-03,-5.21985324E-03
+74.35000E-06,+554.02008384E-03,+510.89949287E-03,+528.51757654E-03,+2.06657884E-03
+74.40000E-06,+528.89445597E-03,+523.46230684E-03,+534.79898348E-03,-4.71734069E-03
+74.45000E-06,+551.50752109E-03,+544.81909052E-03,+534.79898348E-03,-1.45100907E-03
+74.50000E-06,+556.53264666E-03,+553.61306029E-03,+534.79898348E-03,-6.47613465E-03
+74.55000E-06,+547.73867689E-03,+538.53768357E-03,+548.61807883E-03,-5.97362208E-03
+74.60000E-06,+528.89445597E-03,+524.71858822E-03,+572.48742533E-03,-4.46608442E-03
+74.65000E-06,+547.73867689E-03,+524.71858822E-03,+534.79898348E-03,-697.24023E-06
+74.70000E-06,+525.12561184E-03,+553.61306029E-03,+523.49245096E-03,-2.45603419E-03
+74.75000E-06,+533.91958154E-03,+537.28140212E-03,+534.79898348E-03,-7.48115976E-03
+74.80000E-06,+547.73867689E-03,+525.97486959E-03,+572.48742533E-03,-4.71734069E-03
+74.85000E-06,+527.63817459E-03,+528.48743242E-03,+518.46732539E-03,+1.81532255E-03
+74.90000E-06,+547.73867689E-03,+536.02512074E-03,+514.69848119E-03,-697.24023E-06
+74.95000E-06,+561.55777224E-03,+524.71858822E-03,+527.26129509E-03,-4.71734069E-03
+75.00000E-06,+547.73867689E-03,+546.07537189E-03,+534.79898348E-03,-4.46608442E-03
+75.05000E-06,+580.40199309E-03,+557.38190441E-03,+531.03013929E-03,-7.22990347E-03
+75.10000E-06,+545.22611414E-03,+533.51255799E-03,+554.89948578E-03,-7.48115975E-03
+75.15000E-06,+569.09546064E-03,+538.53768357E-03,+548.61807883E-03,-4.71734069E-03
+75.20000E-06,+547.73867689E-03,+524.71858822E-03,+536.05526486E-03,-4.71734069E-03
+75.25000E-06,+527.63817459E-03,+512.15577432E-03,+531.03013928E-03,-3.96357185E-03
+75.30000E-06,+538.94470712E-03,+547.33165326E-03,+534.79898348E-03,-5.21985324E-03
+75.35000E-06,+541.45726994E-03,+538.53768357E-03,+561.18089273E-03,-7.48115976E-03
+75.40000E-06,+528.89445597E-03,+527.23115097E-03,+534.79898348E-03,-697.24023E-06
+75.45000E-06,+551.50752109E-03,+528.48743242E-03,+531.03013928E-03,-697.24023E-06
+75.50000E-06,+536.43214437E-03,+524.71858822E-03,+534.79898348E-03,-4.71734069E-03
+75.55000E-06,+547.73867689E-03,+530.99999517E-03,+562.43717418E-03,-3.46105930E-03
+75.60000E-06,+550.25123964E-03,+546.07537189E-03,+534.79898348E-03,-697.24023E-06
+75.65000E-06,+547.73867689E-03,+544.81909052E-03,+518.46732539E-03,-7.98367231E-03
+75.70000E-06,+538.94470712E-03,+544.81909052E-03,+523.49245096E-03,-4.71734069E-03
+75.75000E-06,+567.83917919E-03,+538.53768357E-03,+514.69848119E-03,-3.46105930E-03
+75.80000E-06,+546.48239552E-03,+525.97486959E-03,+554.89948578E-03,-4.71734069E-03
+75.85000E-06,+540.20098849E-03,+524.71858822E-03,+531.03013928E-03,-3.96357185E-03
+75.90000E-06,+538.94470712E-03,+544.81909052E-03,+532.28642074E-03,-8.73744115E-03
+75.95000E-06,+561.55777224E-03,+538.53768357E-03,+534.79898348E-03,+3.32286023E-03
+76.00000E-06,+547.73867689E-03,+524.71858822E-03,+553.64320441E-03,-5.21985324E-03
+76.05000E-06,+531.40701879E-03,+528.48743242E-03,+534.79898348E-03,-4.71734069E-03
+76.10000E-06,+536.43214437E-03,+524.71858822E-03,+514.69848119E-03,-8.73744115E-03
+76.15000E-06,+547.73867689E-03,+552.35677891E-03,+541.08039043E-03,-697.24023E-06
+76.20000E-06,+528.89445597E-03,+524.71858822E-03,+533.54270211E-03,-948.49651E-06
+76.25000E-06,+531.40701879E-03,+537.28140212E-03,+534.79898348E-03,-8.73744115E-03
+76.30000E-06,+547.73867689E-03,+524.71858822E-03,+554.89948578E-03,-4.71734069E-03
+76.35000E-06,+547.73867689E-03,+538.53768357E-03,+528.51757654E-03,-7.48115976E-03
+76.40000E-06,+548.99495827E-03,+544.81909052E-03,+534.79898348E-03,-445.98396E-06
+76.45000E-06,+547.73867689E-03,+528.48743242E-03,+534.79898348E-03,+3.32286023E-03
+76.50000E-06,+547.73867689E-03,+536.02512074E-03,+534.79898348E-03,-8.73744115E-03
+76.55000E-06,+521.35676764E-03,+538.53768357E-03,+528.51757654E-03,-3.46105930E-03
+76.60000E-06,+547.73867689E-03,+544.81909052E-03,+552.38692303E-03,-1.19975278E-03
+76.65000E-06,+543.96983269E-03,+524.71858822E-03,+534.79898348E-03,-2.95854675E-03
+76.70000E-06,+545.22611414E-03,+542.30652777E-03,+546.10551601E-03,-2.95854674E-03
+76.75000E-06,+521.35676764E-03,+538.53768357E-03,+514.69848119E-03,-7.48115976E-03
+76.80000E-06,+545.22611414E-03,+524.71858822E-03,+515.95476256E-03,-948.49651E-06
+76.85000E-06,+543.96983269E-03,+524.71858822E-03,+547.36179738E-03,-7.22990347E-03
+76.90000E-06,+556.53264667E-03,+544.81909052E-03,+546.10551601E-03,-4.21482814E-03
+76.95000E-06,+567.83917919E-03,+530.99999517E-03,+542.33667188E-03,+559.04116E-06
+77.00000E-06,+567.83917919E-03,+543.56280914E-03,+536.05526486E-03,+3.07160395E-03
+77.05000E-06,+547.73867689E-03,+528.48743242E-03,+518.46732539E-03,-1.45100907E-03
+77.10000E-06,+536.43214437E-03,+536.02512074E-03,+526.00501371E-03,-6.97864720E-03
+77.15000E-06,+533.91958154E-03,+537.28140211E-03,+548.61807883E-03,-3.46105930E-03
+77.20000E-06,+510.05023504E-03,+524.71858822E-03,+534.79898348E-03,-4.96859697E-03
+77.25000E-06,+531.40701879E-03,+528.48743242E-03,+551.13064158E-03,-1.45100907E-03
+77.30000E-06,+567.83917919E-03,+524.71858822E-03,+546.10551601E-03,-2.95854674E-03
+77.35000E-06,+547.73867689E-03,+538.53768357E-03,+541.08039043E-03,-4.71734069E-03
+77.40000E-06,+567.83917919E-03,+544.81909052E-03,+534.79898348E-03,-4.46608442E-03
+77.45000E-06,+547.73867689E-03,+541.05024632E-03,+531.03013928E-03,-5.47110953E-03
+77.50000E-06,+538.94470712E-03,+567.43215556E-03,+563.69345556E-03,-4.21482814E-03
+77.55000E-06,+541.45726994E-03,+524.71858822E-03,+534.79898348E-03,-4.71734069E-03
+77.60000E-06,+546.48239552E-03,+546.07537189E-03,+534.79898348E-03,-1.45100906E-03
+77.65000E-06,+531.40701879E-03,+541.05024632E-03,+534.79898348E-03,-3.20980301E-03
+77.70000E-06,+538.94470712E-03,+553.61306029E-03,+546.10551601E-03,-4.21482814E-03
+77.75000E-06,+540.20098849E-03,+524.71858822E-03,+548.61807883E-03,-8.73744115E-03
+77.80000E-06,+545.22611414E-03,+544.81909052E-03,+533.54270211E-03,-4.71734069E-03
+77.85000E-06,+531.40701879E-03,+528.48743242E-03,+534.79898348E-03,-697.24023E-06
+77.90000E-06,+556.53264667E-03,+533.51255799E-03,+546.10551601E-03,-2.45603419E-03
+77.95000E-06,+547.73867689E-03,+524.71858822E-03,+554.89948578E-03,+2.06657884E-03
+78.00000E-06,+528.89445597E-03,+544.81909052E-03,+534.79898348E-03,-4.96859697E-03
+78.05000E-06,+543.96983269E-03,+528.48743242E-03,+554.89948578E-03,-7.98367231E-03
+78.10000E-06,+567.83917919E-03,+544.81909052E-03,+534.79898348E-03,-6.47613465E-03
+78.15000E-06,+540.20098849E-03,+544.81909052E-03,+534.79898348E-03,-3.20980301E-03
+78.20000E-06,+547.73867689E-03,+525.97486959E-03,+533.54270211E-03,-8.73744115E-03
+78.25000E-06,+547.73867689E-03,+524.71858822E-03,+538.56782768E-03,-697.24023E-06
+78.30000E-06,+547.73867689E-03,+536.02512074E-03,+534.79898348E-03,-2.45603419E-03
+78.35000E-06,+541.45726994E-03,+537.28140211E-03,+534.79898348E-03,-4.71734069E-03
+78.40000E-06,+547.73867689E-03,+544.81909052E-03,+533.54270211E-03,-4.71734069E-03
+78.45000E-06,+527.63817459E-03,+544.81909052E-03,+534.79898348E-03,-3.20980301E-03
+78.50000E-06,+547.73867689E-03,+544.81909052E-03,+543.59295326E-03,-4.71734069E-03
+78.55000E-06,+527.63817459E-03,+530.99999517E-03,+548.61807883E-03,+559.04116E-06
+78.60000E-06,+527.63817459E-03,+524.71858822E-03,+534.79898348E-03,-1.19975278E-03
+78.65000E-06,+543.96983269E-03,+524.71858822E-03,+534.79898348E-03,-4.71734069E-03
+78.70000E-06,+516.33164207E-03,+524.71858822E-03,+514.69848119E-03,-6.97864720E-03
+78.75000E-06,+526.38189314E-03,+517.18089982E-03,+541.08039043E-03,-7.48115976E-03
+78.80000E-06,+547.73867689E-03,+544.81909052E-03,+536.05526486E-03,-4.21482814E-03
+78.85000E-06,+567.83917919E-03,+544.81909052E-03,+551.13064158E-03,-11.25000393E-03
+78.90000E-06,+556.53264667E-03,+524.71858822E-03,+492.08541614E-03,-4.71734069E-03
+78.95000E-06,+554.02008384E-03,+530.99999517E-03,+527.26129508E-03,-1.95352162E-03
