x-axis,1,2,3,4
second,Volt,Volt,Volt,Volt
+1.800000E+00,+204.774E-03,-243.719E-03,-10.314071E+00,-446E-06
+1.805000E+00,+116.834E-03,-243.719E-03,-10.100503E+00,-1.577E-03
+1.810000E+00,-184.673E-03,-231.156E-03,-10.100503E+00,-8.486E-03
+1.815000E+00,+91.709E-03,-130.653E-03,-10.100503E+00,-4.717E-03
+1.820000E+00,+204.774E-03,-55.276E-03,-9.912060E+00,-8.989E-03
+1.825000E+00,-197.236E-03,+158.292E-03,-10.414573E+00,-3.838E-03
+1.830000E+00,-586.683E-03,-243.719E-03,-10.489950E+00,-948E-06
+1.835000E+00,+91.709E-03,-243.719E-03,-10.389447E+00,-3.587E-03
+1.840000E+00,+204.774E-03,-55.276E-03,-10.288945E+00,-6.853E-03
+1.845000E+00,-511.306E-03,-155.779E-03,-10.188442E+00,-2.456E-03
+1.850000E+00,+192.211E-03,-243.719E-03,-10.100503E+00,-8.737E-03
+1.855000E+00,+91.709E-03,-532.663E-03,-10.213568E+00,-1.828E-03
+1.860000E+00,+16.332E-03,-432.161E-03,-9.912060E+00,-6.853E-03
+1.865000E+00,+28.895E-03,-155.779E-03,-10.276382E+00,-4.717E-03
+1.870000E+00,-574.120E-03,-243.719E-03,-10.502513E+00,-4.466E-03
+1.875000E+00,-84.171E-03,+45.226E-03,-10.213568E+00,-3.587E-03
+1.880000E+00,+204.774E-03,-243.719E-03,-10.100503E+00,-4.717E-03
+1.885000E+00,+28.895E-03,-243.719E-03,-10.502513E+00,-4.717E-03
+1.890000E+00,+192.211E-03,-633.166E-03,-10.100503E+00,-4.717E-03
+1.895000E+00,-84.171E-03,-356.784E-03,-9.811558E+00,-7.607E-03
+1.900000E+00,-197.236E-03,-30.151E-03,-10.100503E+00,-4.969E-03
+1.905000E+00,+116.834E-03,+70.352E-03,-9.962312E+00,-6.979E-03
+1.910000E+00,-197.236E-03,-231.156E-03,-9.711055E+00,-4.717E-03
+1.915000E+00,-84.171E-03,-243.719E-03,-10.389447E+00,-6.476E-03
+1.920000E+00,-8.794E-03,-243.719E-03,-10.100503E+00,-2.330E-03
+1.925000E+00,-197.236E-03,-557.789E-03,-10.188442E+00,-9.240E-03
+1.930000E+00,+204.774E-03,-243.719E-03,-10.489950E+00,-4.592E-03
+1.935000E+00,+204.774E-03,-243.719E-03,-10.100503E+00,-69E-06
+1.940000E+00,-222.362E-03,-243.719E-03,-10.314071E+00,-697E-06
+1.945000E+00,-197.236E-03,-469.849E-03,-10.012563E+00,-6.979E-03
+1.950000E+00,-184.673E-03,-243.719E-03,-10.477387E+00,-4.717E-03
+1.955000E+00,+91.709E-03,-356.784E-03,-10.213568E+00,-7.607E-03
+1.960000E+00,-385.678E-03,-243.719E-03,-10.288945E+00,-4.466E-03
+1.965000E+00,-109.296E-03,-243.719E-03,-10.414573E+00,+1.564E-03
+1.970000E+00,-184.673E-03,+145.729E-03,-10.489950E+00,-4.592E-03
+1.975000E+00,-197.236E-03,-243.719E-03,-10.100503E+00,-6.476E-03
+1.980000E+00,-222.362E-03,-432.161E-03,-10.314071E+00,-4.717E-03
+1.985000E+00,-109.296E-03,-645.729E-03,-10.012563E+00,-697E-06
+1.990000E+00,-184.673E-03,-231.156E-03,-10.100503E+00,-823E-06
+1.995000E+00,-84.171E-03,-243.719E-03,-10.100503E+00,-697E-06
+2.000000E+00,-197.236E-03,-243.719E-03,-10.125628E+00,-6.602E-03
+2.005000E+00,-197.236E-03,-155.779E-03,-10.414573E+00,-4.717E-03
+2.010000E+00,-184.673E-03,+133.166E-03,-10.879397E+00,-4.340E-03
+2.015000E+00,+204.774E-03,+45.226E-03,-10.389447E+00,+2.192E-03
+2.020000E+00,-197.236E-03,-243.719E-03,-10.288945E+00,-6.853E-03
+2.025000E+00,-109.296E-03,-243.719E-03,-10.414573E+00,-5.597E-03
+2.030000E+00,+192.211E-03,+145.729E-03,-10.087940E+00,-4.592E-03
+2.035000E+00,+204.774E-03,-67.839E-03,-10.389447E+00,-6.979E-03
+2.040000E+00,-8.794E-03,-243.719E-03,-10.100503E+00,-446E-06
+2.045000E+00,-197.236E-03,-243.719E-03,-10.414573E+00,-1.577E-03
+2.050000E+00,-184.673E-03,+145.729E-03,-9.711055E+00,-572E-06
+2.055000E+00,-84.171E-03,-243.719E-03,-10.213568E+00,-1.828E-03
+2.060000E+00,+16.332E-03,+158.292E-03,-10.314071E+00,-6.853E-03
+2.065000E+00,-197.236E-03,-557.789E-03,-10.188442E+00,-3.838E-03
+2.070000E+00,-184.673E-03,-256.281E-03,-10.113065E+00,-4.466E-03
+2.075000E+00,-21.357E-03,-243.719E-03,-10.276382E+00,-7.607E-03
+2.080000E+00,-197.236E-03,-30.151E-03,-10.100503E+00,-4.466E-03
+2.085000E+00,-197.236E-03,+70.352E-03,-10.100503E+00,-4.717E-03
+2.090000E+00,-574.120E-03,+158.292E-03,-10.477387E+00,-4.843E-03
+2.095000E+00,-84.171E-03,+45.226E-03,-10.100503E+00,-5.848E-03
+2.100000E+00,-197.236E-03,-243.719E-03,-10.100503E+00,-8.486E-03
+2.105000E+00,-511.306E-03,-243.719E-03,-10.502513E+00,-4.717E-03
+2.110000E+00,-209.799E-03,+145.729E-03,-10.113065E+00,-823E-06
+2.115000E+00,-197.236E-03,-243.719E-03,-10.100503E+00,-3.587E-03
+2.120000E+00,+204.774E-03,-55.276E-03,-9.912060E+00,-6.853E-03
+2.125000E+00,+116.834E-03,+70.352E-03,-10.188442E+00,-1.577E-03
+2.130000E+00,-197.236E-03,-633.166E-03,-10.113065E+00,-948E-06
+2.135000E+00,+204.774E-03,-243.719E-03,-10.389447E+00,-6.979E-03
+2.140000E+00,-197.236E-03,-243.719E-03,-9.886935E+00,-697E-06
+2.145000E+00,-285.176E-03,-155.779E-03,-10.100503E+00,-7.858E-03
+2.150000E+00,+204.774E-03,-231.156E-03,-9.711055E+00,-8.486E-03
+2.155000E+00,-486.181E-03,-243.719E-03,-10.389447E+00,-4.717E-03
+2.160000E+00,-8.794E-03,+133.166E-03,-9.886935E+00,-8.737E-03
+2.165000E+00,+116.834E-03,-243.719E-03,-10.414573E+00,-4.717E-03
+2.170000E+00,-197.236E-03,+535.176E-03,-9.723618E+00,-697E-06
+2.175000E+00,+91.709E-03,+158.292E-03,-10.100503E+00,-697E-06
+2.180000E+00,-197.236E-03,-243.719E-03,-9.698493E+00,-6.853E-03
+2.185000E+00,+116.834E-03,-155.779E-03,-10.414573E+00,-10.119E-03
+2.190000E+00,+204.774E-03,+158.292E-03,-10.100503E+00,-4.717E-03
+2.195000E+00,+91.709E-03,-243.719E-03,-10.100503E+00,-5.848E-03
+2.200000E+00,-222.362E-03,-432.161E-03,-10.314071E+00,-4.969E-03
+2.205000E+00,+204.774E-03,-557.789E-03,-10.414573E+00,-1.577E-03
+2.210000E+00,-599.246E-03,-633.166E-03,-10.489950E+00,-4.717E-03
+2.215000E+00,+204.774E-03,-645.729E-03,-9.811558E+00,-6.476E-03
+2.220000E+00,-197.236E-03,-268.844E-03,-10.314071E+00,-2.833E-03
+2.225000E+00,+204.774E-03,-243.719E-03,-10.188442E+00,-6.979E-03
+2.230000E+00,-197.236E-03,+158.292E-03,-10.100503E+00,-4.717E-03
+2.235000E+00,+204.774E-03,-243.719E-03,-10.502513E+00,-7.607E-03
+2.240000E+00,+204.774E-03,-30.151E-03,-10.100503E+00,-6.853E-03
+2.245000E+00,-197.236E-03,-155.779E-03,-10.326633E+00,-3.838E-03
+2.250000E+00,-561.558E-03,-243.719E-03,-10.891960E+00,+3.072E-03
+2.255000E+00,-197.236E-03,-243.719E-03,-10.389447E+00,-4.717E-03
+2.260000E+00,-172.110E-03,-432.161E-03,-10.502513E+00,-2.582E-03
+2.265000E+00,-109.296E-03,-155.779E-03,-10.414573E+00,-8.737E-03
+2.270000E+00,-197.236E-03,-231.156E-03,-10.502513E+00,+2.946E-03
+2.275000E+00,+91.709E-03,+45.226E-03,-10.100503E+00,-69E-06
+2.280000E+00,-197.236E-03,+158.292E-03,-10.100503E+00,-4.717E-03
+2.285000E+00,-197.236E-03,-155.779E-03,-10.012563E+00,-7.858E-03
+2.290000E+00,+192.211E-03,+133.166E-03,-10.502513E+00,-8.737E-03
+2.295000E+00,-197.236E-03,-243.719E-03,-10.213568E+00,-3.587E-03
+2.300000E+00,+16.332E-03,+158.292E-03,-10.314071E+00,-697E-06
+2.305000E+00,-109.296E-03,-331.658E-03,-10.188442E+00,-6.979E-03
+2.310000E+00,-209.799E-03,-256.281E-03,-10.100503E+00,-823E-06
+2.315000E+00,-197.236E-03,-130.653E-03,-9.811558E+00,-8.737E-03
+2.320000E+00,-197.236E-03,-55.276E-03,-10.100503E+00,-4.717E-03
+2.325000E+00,+116.834E-03,-155.779E-03,-10.012563E+00,-1.577E-03
+2.330000E+00,+192.211E-03,+145.729E-03,-10.100503E+00,-697E-06
+2.335000E+00,+91.709E-03,-356.784E-03,-9.987437E+00,-7.607E-03
+2.340000E+00,+204.774E-03,-30.151E-03,-10.075377E+00,-6.602E-03
+2.345000E+00,+292.714E-03,-469.849E-03,-10.100503E+00,-4.717E-03
+2.350000E+00,+192.211E-03,-243.719E-03,-10.100503E+00,-8.486E-03
+2.355000E+00,-310.301E-03,-243.719E-03,-10.389447E+00,-5.848E-03
+2.360000E+00,+16.332E-03,-243.719E-03,-10.100503E+00,-2.582E-03
+2.365000E+00,-109.296E-03,+70.352E-03,-10.100503E+00,-3.838E-03
+2.370000E+00,+204.774E-03,-620.603E-03,-10.100503E+00,-4.843E-03
+2.375000E+00,-197.236E-03,-243.719E-03,-10.213568E+00,-4.717E-03
+2.380000E+00,+204.774E-03,+158.292E-03,-9.886935E+00,-4.717E-03
+2.385000E+00,-197.236E-03,-243.719E-03,-10.012563E+00,-7.858E-03
+2.390000E+00,+204.774E-03,-620.603E-03,-10.100503E+00,-697E-06
+2.395000E+00,-486.181E-03,-243.719E-03,-10.389447E+00,-7.607E-03
+2.400000E+00,-197.236E-03,-30.151E-03,-10.314071E+00,-4.969E-03
+2.405000E+00,-109.296E-03,-155.779E-03,-10.414573E+00,-4.717E-03
+2.410000E+00,-184.673E-03,+145.729E-03,-10.100503E+00,+3.072E-03
+2.415000E+00,-84.171E-03,-243.719E-03,-9.811558E+00,-3.587E-03
+2.420000E+00,-197.236E-03,-30.151E-03,-10.100503E+00,-2.833E-03
+2.425000E+00,-109.296E-03,-67.839E-03,-10.414573E+00,-697E-06
+2.430000E+00,-561.558E-03,+158.292E-03,-10.489950E+00,-4.717E-03
+2.435000E+00,-486.181E-03,+45.226E-03,-10.276382E+00,-6.476E-03
+2.440000E+00,-197.236E-03,-55.276E-03,-10.100503E+00,-3.084E-03
+2.445000E+00,+292.714E-03,-67.839E-03,-9.786432E+00,-6.476E-03
+2.450000E+00,+192.211E-03,+133.166E-03,-10.489950E+00,-4.592E-03
+2.455000E+00,+91.709E-03,-243.719E-03,-10.389447E+00,+1.062E-03
+2.460000E+00,+16.332E-03,-243.719E-03,-10.288945E+00,-2.582E-03
+2.465000E+00,+116.834E-03,-331.658E-03,-10.414573E+00,-7.858E-03
+2.470000E+00,-184.673E-03,+158.292E-03,-10.502513E+00,-948E-06
+2.475000E+00,-197.236E-03,-243.719E-03,-10.213568E+00,-697E-06
+2.480000E+00,-8.794E-03,-218.593E-03,-9.912060E+00,-4.969E-03
+2.485000E+00,-21.357E-03,-155.779E-03,-10.100503E+00,-5.597E-03
+2.490000E+00,+204.774E-03,-256.281E-03,-10.100503E+00,-8.612E-03
+2.495000E+00,+204.774E-03,+158.292E-03,-9.987437E+00,-3.587E-03
+2.500000E+00,-197.236E-03,-243.719E-03,-10.100503E+00,-948E-06
+2.505000E+00,-109.296E-03,-243.719E-03,-10.414573E+00,+1.564E-03
+2.510000E+00,-197.236E-03,-256.281E-03,-10.100503E+00,+3.197E-03
+2.515000E+00,-84.171E-03,-243.719E-03,-9.987437E+00,-5.848E-03
+2.520000E+00,-410.804E-03,-243.719E-03,-9.698493E+00,-4.969E-03
+2.525000E+00,-109.296E-03,+70.352E-03,-10.188442E+00,-4.717E-03
+2.530000E+00,-197.236E-03,-243.719E-03,-10.489950E+00,-8.486E-03
+2.535000E+00,-84.171E-03,-67.839E-03,-10.100503E+00,-2.456E-03
+2.540000E+00,-222.362E-03,-243.719E-03,-10.502513E+00,-8.486E-03
+2.545000E+00,+116.834E-03,+70.352E-03,-10.100503E+00,-4.717E-03
+2.550000E+00,-197.236E-03,-633.166E-03,-9.711055E+00,-4.843E-03
+2.555000E+00,+204.774E-03,+45.226E-03,-10.100503E+00,-11.627E-03
+2.560000E+00,-8.794E-03,-55.276E-03,-10.100503E+00,-4.717E-03
+2.565000E+00,+116.834E-03,-243.719E-03,-10.188442E+00,-1.577E-03
+2.570000E+00,-586.683E-03,-620.603E-03,-9.711055E+00,-4.843E-03
+2.575000E+00,-197.236E-03,-356.784E-03,-10.276382E+00,-1.828E-03
+2.580000E+00,-197.236E-03,-243.719E-03,-10.100503E+00,-697E-06
+2.585000E+00,-197.236E-03,-243.719E-03,-9.786432E+00,-3.838E-03
+2.590000E+00,+204.774E-03,+158.292E-03,-10.113065E+00,-823E-06
+2.595000E+00,+204.774E-03,+158.292E-03,-10.100503E+00,-7.607E-03
+2.600000E+00,+16.332E-03,-243.719E-03,-10.716081E+00,-6.853E-03
+2.605000E+00,-197.236E-03,-557.789E-03,-10.100503E+00,-697E-06
+2.610000E+00,+204.774E-03,+535.176E-03,-10.100503E+00,-8.737E-03
+2.615000E+00,-84.171E-03,+158.292E-03,-10.502513E+00,-4.717E-03
+2.620000E+00,+204.774E-03,-55.276E-03,-10.100503E+00,-697E-06
+2.625000E+00,-511.306E-03,-155.779E-03,-10.100503E+00,-3.838E-03
+2.630000E+00,-184.673E-03,-620.603E-03,-10.502513E+00,-697E-06
+2.635000E+00,-197.236E-03,-243.719E-03,-10.100503E+00,-4.717E-03
+2.640000E+00,+204.774E-03,+158.292E-03,-10.502513E+00,-6.853E-03
+2.645000E+00,-109.296E-03,-243.719E-03,-10.276382E+00,-4.717E-03
+2.650000E+00,+192.211E-03,+145.729E-03,-10.100503E+00,-572E-06
+2.655000E+00,+493.719E-03,-243.719E-03,-10.502513E+00,-3.587E-03
+2.660000E+00,+16.332E-03,-432.161E-03,-10.502513E+00,-4.466E-03
+2.665000E+00,+204.774E-03,-243.719E-03,-10.414573E+00,-4.717E-03
+2.670000E+00,-197.236E-03,-256.281E-03,-10.100503E+00,-4.717E-03
+2.675000E+00,-197.236E-03,-419.598E-03,-10.389447E+00,-6.476E-03
+2.680000E+00,-222.362E-03,-243.719E-03,-10.314071E+00,-4.969E-03
+2.685000E+00,-197.236E-03,+70.352E-03,-10.100503E+00,-3.838E-03
+2.690000E+00,+192.211E-03,+145.729E-03,-10.100503E+00,-8.486E-03
+2.695000E+00,+91.709E-03,-243.719E-03,-10.213568E+00,-1.828E-03
+2.700000E+00,-8.794E-03,-243.719E-03,-10.314071E+00,-2.582E-03
+2.705000E+00,-423.367E-03,+70.352E-03,-10.100503E+00,-7.858E-03
+2.710000E+00,+204.774E-03,-633.166E-03,-10.502513E+00,-4.592E-03
+2.715000E+00,-197.236E-03,-419.598E-03,-10.502513E+00,-5.848E-03
+2.720000E+00,-8.794E-03,-30.151E-03,-10.100503E+00,-2.833E-03
+2.725000E+00,-511.306E-03,-243.719E-03,-10.502513E+00,-3.838E-03
+2.730000E+00,-197.236E-03,-231.156E-03,-10.100503E+00,-948E-06
+2.735000E+00,-310.301E-03,+45.226E-03,-10.213568E+00,-4.717E-03
+2.740000E+00,-197.236E-03,-243.719E-03,-9.886935E+00,-6.602E-03
+2.745000E+00,+116.834E-03,-381.909E-03,-10.012563E+00,+2.443E-03
+2.750000E+00,+204.774E-03,-256.281E-03,-10.087940E+00,-8.612E-03
+2.755000E+00,-310.301E-03,-645.729E-03,-9.924623E+00,-3.587E-03
+2.760000E+00,+16.332E-03,-243.719E-03,-10.288945E+00,-4.717E-03
+2.765000E+00,+204.774E-03,-243.719E-03,-10.188442E+00,-6.979E-03
+2.770000E+00,-197.236E-03,-620.603E-03,-10.087940E+00,-572E-06
+2.775000E+00,-373.115E-03,-243.719E-03,-10.389447E+00,-1.828E-03
+2.780000E+00,+204.774E-03,-30.151E-03,-10.314071E+00,-2.582E-03
+2.785000E+00,+204.774E-03,+70.352E-03,-10.012563E+00,-3.838E-03
+2.790000E+00,+192.211E-03,-256.281E-03,-10.100503E+00,-4.717E-03
+2.795000E+00,-84.171E-03,-243.719E-03,-9.987437E+00,-697E-06
+2.800000E+00,-222.362E-03,-30.151E-03,-10.314071E+00,+1.187E-03
+2.805000E+00,-109.296E-03,-243.719E-03,-10.414573E+00,-2.079E-03
+2.810000E+00,+204.774E-03,+145.729E-03,-10.125628E+00,-4.466E-03
+2.815000E+00,+204.774E-03,-243.719E-03,-10.389447E+00,-697E-06
+2.820000E+00,-385.678E-03,-30.151E-03,-10.125628E+00,-6.853E-03
+2.825000E+00,-109.296E-03,-331.658E-03,-10.414573E+00,-1.577E-03
+2.830000E+00,-574.120E-03,-243.719E-03,-10.100503E+00,-823E-06
+2.835000E+00,-84.171E-03,-645.729E-03,-10.100503E+00,-5.848E-03
+2.840000E+00,+204.774E-03,-30.151E-03,-10.100503E+00,-4.717E-03
+2.845000E+00,-109.296E-03,-17.588E-03,-10.100503E+00,-7.858E-03
+2.850000E+00,-184.673E-03,-243.719E-03,-10.489950E+00,-4.717E-03
+2.855000E+00,+91.709E-03,-356.784E-03,-10.502513E+00,-4.717E-03
+2.860000E+00,+16.332E-03,-243.719E-03,-9.886935E+00,-4.466E-03
+2.865000E+00,+204.774E-03,-155.779E-03,-10.414573E+00,-6.979E-03
+2.870000E+00,-599.246E-03,-633.166E-03,-10.113065E+00,-4.717E-03
+2.875000E+00,-84.171E-03,-243.719E-03,-10.100503E+00,-697E-06
+2.880000E+00,+204.774E-03,-55.276E-03,-9.886935E+00,-2.833E-03
+2.885000E+00,-109.296E-03,-243.719E-03,-10.012563E+00,+2.443E-03
+2.890000E+00,-574.120E-03,-243.719E-03,-10.100503E+00,-4.592E-03
+2.895000E+00,+204.774E-03,-645.729E-03,-10.213568E+00,-697E-06
+2.900000E+00,+204.774E-03,-457.286E-03,-10.288945E+00,-4.717E-03
+2.905000E+00,-197.236E-03,-243.719E-03,-10.100503E+00,-2.456E-03
+2.910000E+00,-574.120E-03,-256.281E-03,-10.489950E+00,-8.486E-03
+2.915000E+00,+91.709E-03,-532.663E-03,-10.213568E+00,-5.345E-03
+2.920000E+00,-385.678E-03,-243.719E-03,-10.288945E+00,-4.717E-03
+2.925000E+00,-197.236E-03,-331.658E-03,-10.100503E+00,-697E-06
+2.930000E+00,-197.236E-03,-243.719E-03,-10.113065E+00,-4.592E-03
+2.935000E+00,-197.236E-03,-243.719E-03,-10.100503E+00,-7.607E-03
+2.940000E+00,+16.332E-03,-243.719E-03,-10.288945E+00,-6.602E-03
+2.945000E+00,+116.834E-03,-331.658E-03,-10.326633E+00,-4.717E-03
+2.950000E+00,-197.236E-03,+145.729E-03,-10.113065E+00,-8.737E-03
+2.955000E+00,-84.171E-03,-532.663E-03,-10.100503E+00,-69E-06
+2.960000E+00,-197.236E-03,-218.593E-03,-10.690955E+00,-697E-06
+2.965000E+00,-197.236E-03,-243.719E-03,-10.414573E+00,-1.577E-03
+2.970000E+00,-209.799E-03,-243.719E-03,-10.113065E+00,-8.612E-03
+2.975000E+00,+91.709E-03,-419.598E-03,-10.615578E+00,+433E-06
+2.980000E+00,-197.236E-03,-55.276E-03,-10.288945E+00,-6.602E-03
+2.985000E+00,+116.834E-03,+70.352E-03,-10.100503E+00,-2.456E-03
+2.990000E+00,-197.236E-03,+158.292E-03,-10.502513E+00,-4.592E-03
+2.995000E+00,-84.171E-03,+45.226E-03,-10.100503E+00,-4.717E-03
+3.000000E+00,-8.794E-03,-432.161E-03,-10.288945E+00,-2.582E-03
+3.005000E+00,+28.895E-03,+70.352E-03,-10.188442E+00,-1.577E-03
+3.010000E+00,-197.236E-03,-243.719E-03,-10.477387E+00,-4.717E-03
+3.015000E+00,+380.654E-03,-243.719E-03,-10.100503E+00,-1.828E-03
+3.020000E+00,-222.362E-03,-243.719E-03,-10.314071E+00,-948E-06
+3.025000E+00,-197.236E-03,-243.719E-03,-10.012563E+00,-697E-06
+3.030000E+00,-184.673E-03,-243.719E-03,-10.100503E+00,-8.737E-03
+3.035000E+00,-197.236E-03,-243.719E-03,-9.811558E+00,-3.587E-03
+3.040000E+00,-197.236E-03,-243.719E-03,-10.288945E+00,-2.833E-03
+3.045000E+00,-197.236E-03,-155.779E-03,-10.100503E+00,-7.858E-03
+3.050000E+00,-184.673E-03,-633.166E-03,-10.100503E+00,-948E-06
+3.055000E+00,-599.246E-03,-130.653E-03,-10.100503E+00,-4.717E-03
+3.060000E+00,+16.332E-03,-243.719E-03,-10.314071E+00,-8.737E-03
+3.065000E+00,-109.296E-03,+70.352E-03,-10.326633E+00,+685E-06
+3.070000E+00,+204.774E-03,-633.166E-03,-10.113065E+00,-4.592E-03
+3.075000E+00,+91.709E-03,-532.663E-03,-10.213568E+00,-7.607E-03
+3.080000E+00,-172.110E-03,-243.719E-03,-10.288945E+00,-6.602E-03
+3.085000E+00,+204.774E-03,-155.779E-03,-10.414573E+00,-697E-06
+3.090000E+00,+192.211E-03,-633.166E-03,-10.100503E+00,-4.843E-03
+3.095000E+00,-310.301E-03,-243.719E-03,-10.213568E+00,-7.607E-03
+3.100000E+00,+16.332E-03,-457.286E-03,-10.288945E+00,-2.833E-03
+3.105000E+00,-511.306E-03,+70.352E-03,-10.188442E+00,-697E-06
+3.110000E+00,-184.673E-03,-243.719E-03,-10.100503E+00,-4.466E-03
+3.115000E+00,+91.709E-03,-243.719E-03,-10.100503E+00,-7.607E-03
+3.120000E+00,+16.332E-03,-55.276E-03,-10.100503E+00,-6.853E-03
+3.125000E+00,-109.296E-03,-243.719E-03,-10.100503E+00,-697E-06
+3.130000E+00,-184.673E-03,-633.166E-03,-10.087940E+00,-4.717E-03
+3.135000E+00,+91.709E-03,+45.226E-03,-10.502513E+00,-4.717E-03
+3.140000E+00,-8.794E-03,-218.593E-03,-9.912060E+00,+1.187E-03
+3.145000E+00,+116.834E-03,-557.789E-03,-10.100503E+00,-10.999E-03
+3.150000E+00,+192.211E-03,-243.719E-03,-10.502513E+00,-8.486E-03
+3.155000E+00,-84.171E-03,-130.653E-03,-9.987437E+00,-1.828E-03
+3.160000E+00,+16.332E-03,-645.729E-03,-10.288945E+00,-4.717E-03
+3.165000E+00,-285.176E-03,-155.779E-03,-10.100503E+00,-697E-06
+3.170000E+00,+204.774E-03,+133.166E-03,-10.489950E+00,-8.612E-03
+3.175000E+00,+204.774E-03,-532.663E-03,-10.100503E+00,-4.717E-03
+3.180000E+00,-385.678E-03,-30.151E-03,-10.527638E+00,-4.717E-03
+3.185000E+00,-599.246E-03,-155.779E-03,-10.414573E+00,-3.838E-03
+3.190000E+00,-209.799E-03,-243.719E-03,-10.100503E+00,-8.612E-03
+3.195000E+00,+91.709E-03,+45.226E-03,-10.100503E+00,-1.828E-03
+3.200000E+00,-197.236E-03,-243.719E-03,-10.100503E+00,-8.737E-03
+3.205000E+00,-511.306E-03,-557.789E-03,-10.012563E+00,-8.737E-03
+3.210000E+00,-184.673E-03,+158.292E-03,-10.489950E+00,-4.592E-03
+3.215000E+00,-84.171E-03,-243.719E-03,-10.100503E+00,-3.587E-03
+3.220000E+00,-197.236E-03,-30.151E-03,-10.125628E+00,-4.717E-03
+3.225000E+00,+204.774E-03,-155.779E-03,-10.502513E+00,-3.838E-03
+3.230000E+00,+192.211E-03,-231.156E-03,-10.100503E+00,-4.843E-03
+3.235000E+00,-84.171E-03,-67.839E-03,-10.100503E+00,-6.476E-03
+3.240000E+00,-385.678E-03,-243.719E-03,-10.288945E+00,-2.582E-03
+3.245000E+00,+204.774E-03,+158.292E-03,-10.100503E+00,-6.979E-03
+3.250000E+00,-209.799E-03,-256.281E-03,-9.723618E+00,-823E-06
+3.255000E+00,+91.709E-03,-243.719E-03,-9.987437E+00,-4.717E-03
+3.260000E+00,+204.774E-03,-457.286E-03,-10.477387E+00,-3.084E-03
+3.265000E+00,-197.236E-03,-243.719E-03,-9.786432E+00,-4.717E-03
+3.270000E+00,-586.683E-03,-633.166E-03,-10.502513E+00,-4.717E-03
+3.275000E+00,-84.171E-03,+45.226E-03,-9.987437E+00,-697E-06
+3.280000E+00,-8.794E-03,-457.286E-03,-10.527638E+00,-4.717E-03
+3.285000E+00,-285.176E-03,+70.352E-03,-10.414573E+00,-7.858E-03
+3.290000E+00,-209.799E-03,-231.156E-03,-10.113065E+00,-4.843E-03
+3.295000E+00,-21.357E-03,+45.226E-03,-9.811558E+00,-3.587E-03
+3.300000E+00,+16.332E-03,-243.719E-03,-9.886935E+00,-6.853E-03
+3.305000E+00,-109.296E-03,-155.779E-03,-10.100503E+00,-1.577E-03
+3.310000E+00,-197.236E-03,-243.719E-03,-10.489950E+00,-4.717E-03
+3.315000E+00,-197.236E-03,-243.719E-03,-10.213568E+00,-4.717E-03
+3.320000E+00,-8.794E-03,-432.161E-03,-10.100503E+00,-697E-06
+3.325000E+00,-197.236E-03,-17.588E-03,-9.786432E+00,-1.577E-03
+3.330000E+00,-197.236E-03,-243.719E-03,-10.113065E+00,-4.717E-03
+3.335000E+00,+91.709E-03,-243.719E-03,-10.326633E+00,-3.587E-03
+3.340000E+00,+204.774E-03,-243.719E-03,-10.314071E+00,-2.833E-03
+3.345000E+00,-197.236E-03,-243.719E-03,-10.012563E+00,-5.597E-03
+3.350000E+00,-197.236E-03,-231.156E-03,-10.502513E+00,-8.486E-03
+3.355000E+00,-310.301E-03,-243.719E-03,-9.924623E+00,-3.587E-03
+3.360000E+00,+204.774E-03,-30.151E-03,-10.100503E+00,-4.717E-03
+3.365000E+00,-197.236E-03,-243.719E-03,-10.100503E+00,-5.597E-03
+3.370000E+00,-197.236E-03,-243.719E-03,-10.113065E+00,-4.717E-03
+3.375000E+00,+204.774E-03,-130.653E-03,-9.987437E+00,-697E-06
+3.380000E+00,+204.774E-03,-432.161E-03,-10.502513E+00,-4.717E-03
+3.385000E+00,+116.834E-03,-243.719E-03,-9.874372E+00,-4.717E-03
+3.390000E+00,-209.799E-03,-256.281E-03,-9.711055E+00,-823E-06
+3.395000E+00,-84.171E-03,+45.226E-03,-10.276382E+00,-1.828E-03
+3.400000E+00,-8.794E-03,-432.161E-03,-9.698493E+00,-2.582E-03
+3.405000E+00,-511.306E-03,-243.719E-03,-10.326633E+00,-8.737E-03
+3.410000E+00,-574.120E-03,-243.719E-03,-10.087940E+00,-697E-06
+3.415000E+00,-373.115E-03,-130.653E-03,-10.389447E+00,-4.717E-03
+3.420000E+00,-410.804E-03,-30.151E-03,-9.886935E+00,-2.833E-03
+3.425000E+00,-423.367E-03,-243.719E-03,-10.502513E+00,-6.099E-03
+3.430000E+00,-172.110E-03,+145.729E-03,-10.489950E+00,-12.506E-03
+3.435000E+00,-197.236E-03,-243.719E-03,-9.811558E+00,-1.828E-03
+3.440000E+00,-8.794E-03,-243.719E-03,-10.288945E+00,-2.833E-03
+3.445000E+00,-197.236E-03,-243.719E-03,-10.100503E+00,-2.456E-03
+3.450000E+00,-197.236E-03,-243.719E-03,-9.711055E+00,-4.466E-03
+3.455000E+00,-486.181E-03,-645.729E-03,-10.100503E+00,-4.717E-03
+3.460000E+00,-8.794E-03,-243.719E-03,-10.314071E+00,-8.737E-03
+3.465000E+00,+204.774E-03,-557.789E-03,-10.012563E+00,-3.838E-03
+3.470000E+00,-184.673E-03,-231.156E-03,-10.502513E+00,-4.843E-03
+3.475000E+00,-21.357E-03,-130.653E-03,-10.502513E+00,-3.587E-03
+3.480000E+00,-8.794E-03,-30.151E-03,-10.288945E+00,-8.737E-03
+3.485000E+00,+116.834E-03,-243.719E-03,-10.414573E+00,-3.838E-03
+3.490000E+00,-197.236E-03,-633.166E-03,-9.711055E+00,-4.592E-03
+3.495000E+00,-84.171E-03,-243.719E-03,-10.389447E+00,-5.848E-03
+3.500000E+00,+16.332E-03,-243.719E-03,-10.314071E+00,-697E-06
+3.505000E+00,+116.834E-03,-243.719E-03,-9.874372E+00,-3.838E-03
+3.510000E+00,+192.211E-03,-256.281E-03,-10.489950E+00,-8.737E-03
+3.515000E+00,-197.236E-03,-243.719E-03,-10.389447E+00,-10.496E-03
+3.520000E+00,-222.362E-03,-243.719E-03,-10.288945E+00,-2.833E-03
+3.525000E+00,+28.895E-03,-243.719E-03,-10.100503E+00,-4.717E-03
+3.530000E+00,-209.799E-03,-231.156E-03,-10.100503E+00,-4.717E-03
+3.535000E+00,-84.171E-03,-67.839E-03,-9.811558E+00,-5.345E-03
+3.540000E+00,-197.236E-03,-243.719E-03,-10.502513E+00,-2.833E-03
+3.545000E+00,-197.236E-03,-243.719E-03,-9.874372E+00,-4.717E-03
+3.550000E+00,-209.799E-03,-243.719E-03,-10.113065E+00,-823E-06
+3.555000E+00,-486.181E-03,-130.653E-03,-10.389447E+00,-3.587E-03
+3.560000E+00,-172.110E-03,-243.719E-03,-9.886935E+00,-2.833E-03
+3.565000E+00,-197.236E-03,-243.719E-03,-10.502513E+00,-8.737E-03
+3.570000E+00,+179.648E-03,-645.729E-03,-10.100503E+00,-948E-06
+3.575000E+00,-84.171E-03,+158.292E-03,-9.987437E+00,-3.587E-03
+3.580000E+00,-197.236E-03,+158.292E-03,-10.100503E+00,-6.602E-03
+3.585000E+00,+116.834E-03,-243.719E-03,-10.100503E+00,-1.577E-03
+3.590000E+00,-197.236E-03,+522.613E-03,-10.502513E+00,-4.592E-03
+3.595000E+00,-310.301E-03,-243.719E-03,-10.326633E+00,-4.717E-03
+3.600000E+00,-8.794E-03,-243.719E-03,-10.100503E+00,-2.582E-03
+3.605000E+00,-511.306E-03,-243.719E-03,-10.414573E+00,-3.838E-03
+3.610000E+00,-184.673E-03,+145.729E-03,-10.100503E+00,-4.592E-03
+3.615000E+00,-84.171E-03,-243.719E-03,-9.924623E+00,+433E-06
+3.620000E+00,-197.236E-03,-243.719E-03,-10.716081E+00,-697E-06
+3.625000E+00,-197.236E-03,-155.779E-03,-9.786432E+00,+2.443E-03
+3.630000E+00,-197.236E-03,-243.719E-03,-10.100503E+00,+7.092E-03
+3.635000E+00,+204.774E-03,-67.839E-03,-10.213568E+00,-8.737E-03
+3.640000E+00,-197.236E-03,-243.719E-03,-10.314071E+00,-4.969E-03
+3.645000E+00,+116.834E-03,-557.789E-03,-10.100503E+00,-3.838E-03
+3.650000E+00,+179.648E-03,-243.719E-03,-10.100503E+00,-4.592E-03
+3.655000E+00,-486.181E-03,-243.719E-03,-10.213568E+00,-4.717E-03
+3.660000E+00,-599.246E-03,-55.276E-03,-10.314071E+00,-4.466E-03
+3.665000E+00,-197.236E-03,-331.658E-03,-10.414573E+00,-4.717E-03
+3.670000E+00,-172.110E-03,-243.719E-03,-10.125628E+00,-4.717E-03
+3.675000E+00,-373.115E-03,-532.663E-03,-10.100503E+00,-6.476E-03
+3.680000E+00,-197.236E-03,-432.161E-03,-10.288945E+00,-2.582E-03
+3.685000E+00,+204.774E-03,-67.839E-03,-10.012563E+00,-7.858E-03
+3.690000E+00,+179.648E-03,-620.603E-03,-10.502513E+00,-823E-06
+3.695000E+00,-21.357E-03,-243.719E-03,-10.100503E+00,-1.828E-03
+3.700000E+00,-385.678E-03,-55.276E-03,-10.263819E+00,-6.853E-03
+3.705000E+00,+116.834E-03,-243.719E-03,-10.100503E+00,-7.858E-03
+3.710000E+00,-197.236E-03,+145.729E-03,-10.100503E+00,-4.717E-03
+3.715000E+00,-84.171E-03,-17.588E-03,-10.100503E+00,-4.717E-03
+3.720000E+00,-172.110E-03,-243.719E-03,-10.100503E+00,-4.466E-03
+3.725000E+00,+116.834E-03,-243.719E-03,-10.414573E+00,-1.577E-03
+3.730000E+00,+192.211E-03,-645.729E-03,-10.100503E+00,-948E-06
+3.735000E+00,+204.774E-03,-243.719E-03,-10.791457E+00,-1.828E-03
+3.740000E+00,-197.236E-03,-55.276E-03,-10.100503E+00,-2.833E-03
+3.745000E+00,+292.714E-03,+158.292E-03,-10.502513E+00,-1.577E-03
+3.750000E+00,-184.673E-03,-231.156E-03,-10.100503E+00,-8.612E-03
+3.755000E+00,+91.709E-03,-243.719E-03,-10.213568E+00,-3.587E-03
+3.760000E+00,-8.794E-03,-30.151E-03,-10.502513E+00,-697E-06
+3.765000E+00,-197.236E-03,+158.292E-03,-10.100503E+00,+2.443E-03
+3.770000E+00,+204.774E-03,-243.719E-03,-10.100503E+00,-4.717E-03
+3.775000E+00,-197.236E-03,-130.653E-03,-10.100503E+00,-6.476E-03
+3.780000E+00,-385.678E-03,-30.151E-03,-10.288945E+00,-4.717E-03
+3.785000E+00,-511.306E-03,-243.719E-03,-10.414573E+00,-2.959E-03
+3.790000E+00,+594.221E-03,-243.719E-03,-10.100503E+00,-8.361E-03
+3.795000E+00,-197.236E-03,+158.292E-03,-10.213568E+00,-4.717E-03
+3.800000E+00,-8.794E-03,-645.729E-03,-10.904523E+00,-4.466E-03
+3.805000E+00,+204.774E-03,+70.352E-03,-10.100503E+00,-7.858E-03
+3.810000E+00,-197.236E-03,-231.156E-03,-10.489950E+00,-4.843E-03
+3.815000E+00,+204.774E-03,-130.653E-03,-10.389447E+00,-697E-06
+3.820000E+00,+16.332E-03,-55.276E-03,-10.314071E+00,-697E-06
+3.825000E+00,-109.296E-03,+70.352E-03,-10.012563E+00,-6.979E-03
+3.830000E+00,-209.799E-03,-243.719E-03,-10.113065E+00,-12.632E-03
+3.835000E+00,+91.709E-03,+158.292E-03,-10.100503E+00,-697E-06
+3.840000E+00,-385.678E-03,-432.161E-03,-10.502513E+00,-6.853E-03
+3.845000E+00,-109.296E-03,-155.779E-03,-10.188442E+00,+1.564E-03
+3.850000E+00,+204.774E-03,-231.156E-03,-10.489950E+00,-823E-06
+3.855000E+00,-84.171E-03,-130.653E-03,-10.276382E+00,-697E-06
+3.860000E+00,+204.774E-03,-55.276E-03,-10.288945E+00,-8.737E-03
+3.865000E+00,+116.834E-03,-243.719E-03,-10.502513E+00,-4.717E-03
+3.870000E+00,+192.211E-03,-231.156E-03,-10.502513E+00,-4.466E-03
+3.875000E+00,-197.236E-03,+45.226E-03,-10.389447E+00,-1.828E-03
+3.880000E+00,-197.236E-03,-457.286E-03,-10.314071E+00,-2.833E-03
+3.885000E+00,-197.236E-03,-243.719E-03,-10.188442E+00,-697E-06
+3.890000E+00,-574.120E-03,-243.719E-03,-10.113065E+00,-823E-06
+3.895000E+00,+204.774E-03,+45.226E-03,-10.213568E+00,-6.476E-03
+3.900000E+00,-197.236E-03,-30.151E-03,-9.912060E+00,-4.969E-03
+3.905000E+00,-511.306E-03,-155.779E-03,-10.100503E+00,+2.443E-03
+3.910000E+00,+192.211E-03,-243.719E-03,-10.489950E+00,-4.592E-03
+3.915000E+00,-84.171E-03,+45.226E-03,-9.811558E+00,-1.828E-03
+3.920000E+00,-8.794E-03,-645.729E-03,-9.484925E+00,-8.737E-03
+3.925000E+00,-109.296E-03,-243.719E-03,-10.100503E+00,-3.838E-03
+3.930000E+00,+179.648E-03,-231.156E-03,-10.489950E+00,-4.592E-03
+3.935000E+00,-84.171E-03,+158.292E-03,-10.100503E+00,-1.828E-03
+3.940000E+00,-385.678E-03,-243.719E-03,-10.339196E+00,-4.717E-03
+3.945000E+00,-197.236E-03,-331.658E-03,-10.188442E+00,-6.979E-03
+3.950000E+00,+192.211E-03,-243.719E-03,-10.113065E+00,-823E-06
+3.955000E+00,+91.709E-03,+158.292E-03,-9.811558E+00,-8.737E-03
+3.960000E+00,+16.332E-03,-30.151E-03,-10.100503E+00,-4.717E-03
+3.965000E+00,-423.367E-03,-243.719E-03,-10.414573E+00,-8.737E-03
+3.970000E+00,-184.673E-03,-243.719E-03,-10.113065E+00,+3.197E-03
+3.975000E+00,-21.357E-03,-243.719E-03,-10.213568E+00,-3.587E-03
+3.980000E+00,+204.774E-03,-243.719E-03,-10.100503E+00,-7.104E-03
+3.985000E+00,-197.236E-03,+70.352E-03,-10.188442E+00,-7.858E-03
+3.990000E+00,-197.236E-03,+133.166E-03,-9.711055E+00,-697E-06
+3.995000E+00,-84.171E-03,-243.719E-03,-10.904523E+00,-2.959E-03
+4.000000E+00,-197.236E-03,-243.719E-03,-10.288945E+00,-4.717E-03
+4.005000E+00,+116.834E-03,-17.588E-03,-10.188442E+00,-4.717E-03
+4.010000E+00,+192.211E-03,-633.166E-03,-10.100503E+00,+3.197E-03
+4.015000E+00,-197.236E-03,-130.653E-03,-10.100503E+00,-5.220E-03
+4.020000E+00,+204.774E-03,-55.276E-03,-10.314071E+00,-4.466E-03
+4.025000E+00,-423.367E-03,-243.719E-03,-9.786432E+00,-3.838E-03
+4.030000E+00,+204.774E-03,-243.719E-03,-10.489950E+00,-4.592E-03
+4.035000E+00,-310.301E-03,-130.653E-03,-10.389447E+00,-1.828E-03
+4.040000E+00,+204.774E-03,-55.276E-03,-10.100503E+00,-4.969E-03
+4.045000E+00,-423.367E-03,-243.719E-03,-10.502513E+00,+2.443E-03
+4.050000E+00,-197.236E-03,-243.719E-03,-10.113065E+00,-4.717E-03
+4.055000E+00,-310.301E-03,-243.719E-03,-9.924623E+00,-1.828E-03
+4.060000E+00,-197.236E-03,-243.719E-03,-10.100503E+00,-4.466E-03
+4.065000E+00,+116.834E-03,+384.422E-03,-10.100503E+00,-2.456E-03
+4.070000E+00,-197.236E-03,+145.729E-03,-10.087940E+00,-8.737E-03
+4.075000E+00,-373.115E-03,-130.653E-03,-10.389447E+00,-3.587E-03
+4.080000E+00,-8.794E-03,+158.292E-03,-10.100503E+00,-4.717E-03
+4.085000E+00,-197.236E-03,+70.352E-03,-10.414573E+00,-1.577E-03
+4.090000E+00,-197.236E-03,-633.166E-03,-9.723618E+00,-4.717E-03
+4.095000E+00,+91.709E-03,-243.719E-03,-10.100503E+00,-4.717E-03
+4.100000E+00,-8.794E-03,-243.719E-03,-10.100503E+00,-4.717E-03
+4.105000E+00,-109.296E-03,-243.719E-03,-10.100503E+00,-4.717E-03
+4.110000E+00,-197.236E-03,-243.719E-03,-10.100503E+00,-697E-06
+4.115000E+00,-84.171E-03,+158.292E-03,-9.811558E+00,-4.717E-03
+4.120000E+00,-8.794E-03,-243.719E-03,-10.314071E+00,-697E-06
+4.125000E+00,-109.296E-03,+384.422E-03,-10.502513E+00,-7.858E-03
+4.130000E+00,-574.120E-03,-243.719E-03,-9.711055E+00,-823E-06
+4.135000E+00,-197.236E-03,-243.719E-03,-10.213568E+00,-5.345E-03
+4.140000E+00,+16.332E-03,-30.151E-03,-10.502513E+00,-6.602E-03
+4.145000E+00,-423.367E-03,-155.779E-03,-10.414573E+00,-4.717E-03
+4.150000E+00,+179.648E-03,+158.292E-03,-9.723618E+00,-4.717E-03
+4.155000E+00,-84.171E-03,-532.663E-03,-9.811558E+00,-1.828E-03
+4.160000E+00,+16.332E-03,+158.292E-03,-10.314071E+00,-697E-06
+4.165000E+00,-197.236E-03,-243.719E-03,-10.188442E+00,-6.979E-03
+4.170000E+00,-197.236E-03,-243.719E-03,-10.087940E+00,-4.843E-03
+4.175000E+00,+204.774E-03,-356.784E-03,-10.678392E+00,-697E-06
+4.180000E+00,-197.236E-03,-432.161E-03,-10.288945E+00,-2.833E-03
+4.185000E+00,-197.236E-03,+158.292E-03,-10.100503E+00,-5.597E-03
+4.190000E+00,-197.236E-03,+158.292E-03,-10.489950E+00,-8.486E-03
+4.195000E+00,-84.171E-03,+45.226E-03,-10.502513E+00,-3.587E-03
+4.200000E+00,+16.332E-03,-30.151E-03,-10.100503E+00,-697E-06
+4.205000E+00,-197.236E-03,+70.352E-03,-10.100503E+00,-4.717E-03
+4.210000E+00,+204.774E-03,-645.729E-03,-10.113065E+00,+3.197E-03
+4.215000E+00,+204.774E-03,-130.653E-03,-10.502513E+00,-2.456E-03
+4.220000E+00,-197.236E-03,-243.719E-03,-10.502513E+00,-6.853E-03
+4.225000E+00,-197.236E-03,-557.789E-03,-9.874372E+00,-697E-06
+4.230000E+00,-209.799E-03,-243.719E-03,-9.723618E+00,-4.717E-03
+4.235000E+00,+91.709E-03,-130.653E-03,-10.100503E+00,-4.717E-03
+4.240000E+00,-599.246E-03,-432.161E-03,-10.314071E+00,-2.833E-03
+4.245000E+00,+204.774E-03,-243.719E-03,-9.874372E+00,-5.597E-03
+4.250000E+00,-184.673E-03,-243.719E-03,-10.489950E+00,-8.486E-03
+4.255000E+00,+91.709E-03,-243.719E-03,-9.987437E+00,-5.848E-03
+4.260000E+00,-222.362E-03,-432.161E-03,-10.314071E+00,-4.717E-03
+4.265000E+00,-423.367E-03,-155.779E-03,-10.414573E+00,-3.335E-03
+4.270000E+00,-184.673E-03,-620.603E-03,-10.087940E+00,-4.717E-03
+4.275000E+00,+91.709E-03,-243.719E-03,-10.100503E+00,-11.627E-03
+4.280000E+00,-385.678E-03,-30.151E-03,-10.477387E+00,-8.737E-03
+4.285000E+00,-109.296E-03,-243.719E-03,-9.874372E+00,-1.577E-03
+4.290000E+00,-574.120E-03,-256.281E-03,-10.489950E+00,-697E-06
+4.295000E+00,+204.774E-03,-243.719E-03,-10.100503E+00,-8.737E-03
+4.300000E+00,-599.246E-03,-432.161E-03,-10.314071E+00,-4.969E-03
+4.305000E+00,-423.367E-03,-243.719E-03,-10.326633E+00,-5.597E-03
+4.310000E+00,-197.236E-03,-243.719E-03,-9.711055E+00,-8.486E-03
+4.315000E+00,-197.236E-03,-645.729E-03,-9.987437E+00,-1.828E-03
+4.320000E+00,-8.794E-03,-55.276E-03,-10.288945E+00,-2.582E-03
+4.325000E+00,+204.774E-03,-331.658E-03,-10.502513E+00,-1.577E-03
+4.330000E+00,-184.673E-03,-256.281E-03,-10.100503E+00,-4.592E-03
+4.335000E+00,-84.171E-03,+158.292E-03,-10.100503E+00,-4.717E-03
+4.340000E+00,-197.236E-03,-243.719E-03,-10.288945E+00,-2.582E-03
+4.345000E+00,+116.834E-03,-243.719E-03,-10.100503E+00,-2.456E-03
+4.350000E+00,-197.236E-03,-243.719E-03,-10.087940E+00,-8.361E-03
+4.355000E+00,+91.709E-03,+45.226E-03,-10.389447E+00,-6.476E-03
+4.360000E+00,-385.678E-03,-243.719E-03,-10.288945E+00,-4.717E-03
+4.365000E+00,+204.774E-03,+158.292E-03,-9.874372E+00,-5.597E-03
+4.370000E+00,+192.211E-03,-256.281E-03,-10.477387E+00,-8.612E-03
+4.375000E+00,-84.171E-03,-130.653E-03,-10.276382E+00,-1.828E-03
+4.380000E+00,-197.236E-03,-243.719E-03,-10.314071E+00,-4.717E-03
+4.385000E+00,-197.236E-03,-155.779E-03,-9.786432E+00,-6.979E-03
+4.390000E+00,-197.236E-03,-633.166E-03,-10.087940E+00,-4.717E-03
+4.395000E+00,+91.709E-03,-67.839E-03,-9.987437E+00,-5.848E-03
+4.400000E+00,-197.236E-03,-55.276E-03,-10.288945E+00,-8.486E-03
+4.405000E+00,+204.774E-03,+158.292E-03,-10.100503E+00,-697E-06
+4.410000E+00,+192.211E-03,-633.166E-03,-10.100503E+00,-4.592E-03
+4.415000E+00,+204.774E-03,-243.719E-03,-10.276382E+00,-4.717E-03
+4.420000E+00,-385.678E-03,-243.719E-03,-10.502513E+00,-446E-06
+4.425000E+00,-197.236E-03,-469.849E-03,-10.100503E+00,-2.959E-03
+4.430000E+00,-976.130E-03,+158.292E-03,-10.502513E+00,-4.592E-03
+4.435000E+00,+204.774E-03,+45.226E-03,-9.698493E+00,+433E-06
+4.440000E+00,+16.332E-03,-457.286E-03,-10.100503E+00,-6.853E-03
+4.445000E+00,-109.296E-03,-155.779E-03,-10.100503E+00,-6.979E-03
+4.450000E+00,-197.236E-03,-243.719E-03,-10.502513E+00,-4.717E-03
+4.455000E+00,+28.895E-03,-532.663E-03,-10.213568E+00,-3.587E-03
+4.460000E+00,-197.236E-03,-55.276E-03,-10.100503E+00,-6.602E-03
+4.465000E+00,-109.296E-03,-155.779E-03,-10.188442E+00,-7.858E-03
+4.470000E+00,-184.673E-03,-231.156E-03,-10.100503E+00,-697E-06
+4.475000E+00,+91.709E-03,-356.784E-03,-9.987437E+00,-697E-06
+4.480000E+00,+16.332E-03,-30.151E-03,-10.100503E+00,-2.833E-03
+4.485000E+00,+204.774E-03,-243.719E-03,-10.502513E+00,-6.099E-03
+4.490000E+00,-197.236E-03,-243.719E-03,-10.100503E+00,-8.612E-03
+4.495000E+00,+91.709E-03,-532.663E-03,-10.100503E+00,-697E-06
+4.500000E+00,+16.332E-03,-243.719E-03,-10.502513E+00,-446E-06
+4.505000E+00,+28.895E-03,-155.779E-03,-10.100503E+00,-2.456E-03
+4.510000E+00,+179.648E-03,-633.166E-03,-10.113065E+00,-572E-06
+4.515000E+00,-197.236E-03,-356.784E-03,-10.276382E+00,+433E-06
+4.520000E+00,+204.774E-03,-55.276E-03,-10.100503E+00,-6.602E-03
+4.525000E+00,-109.296E-03,-243.719E-03,-9.786432E+00,-3.838E-03
+4.530000E+00,-574.120E-03,-231.156E-03,-10.502513E+00,-8.737E-03
+4.535000E+00,-84.171E-03,-130.653E-03,-10.389447E+00,-5.848E-03
+4.540000E+00,+16.332E-03,-30.151E-03,-10.100503E+00,-6.853E-03
+4.545000E+00,+292.714E-03,-243.719E-03,-10.100503E+00,-4.717E-03
+4.550000E+00,-586.683E-03,+145.729E-03,-10.100503E+00,-697E-06
+4.555000E+00,-373.115E-03,-243.719E-03,-10.100503E+00,-6.476E-03
+4.560000E+00,+204.774E-03,-243.719E-03,-10.288945E+00,-6.602E-03
+4.565000E+00,-109.296E-03,-243.719E-03,-10.100503E+00,-1.577E-03
+4.570000E+00,-197.236E-03,-231.156E-03,-10.100503E+00,-4.592E-03
+4.575000E+00,-197.236E-03,-243.719E-03,-10.276382E+00,-5.848E-03
+4.580000E+00,-8.794E-03,-645.729E-03,-10.288945E+00,-3.084E-03
+4.585000E+00,-197.236E-03,-17.588E-03,-10.188442E+00,-2.456E-03
+4.590000E+00,-586.683E-03,-231.156E-03,-10.489950E+00,-4.592E-03
+4.595000E+00,-197.236E-03,-243.719E-03,-10.100503E+00,-5.848E-03
+4.600000E+00,-8.794E-03,-432.161E-03,-10.527638E+00,-697E-06
+4.605000E+00,-197.236E-03,+70.352E-03,-10.502513E+00,-3.838E-03
+4.610000E+00,-184.673E-03,-243.719E-03,-9.711055E+00,-4.592E-03
+4.615000E+00,-197.236E-03,+158.292E-03,-9.987437E+00,-10.496E-03
+4.620000E+00,-197.236E-03,-243.719E-03,-10.288945E+00,-4.466E-03
+4.625000E+00,-197.236E-03,-243.719E-03,-10.100503E+00,-697E-06
+4.630000E+00,-197.236E-03,-256.281E-03,-10.879397E+00,-948E-06
+4.635000E+00,-310.301E-03,-532.663E-03,-10.502513E+00,-7.607E-03
+4.640000E+00,+393.216E-03,-432.161E-03,-10.314071E+00,-4.717E-03
+4.645000E+00,-423.367E-03,-243.719E-03,-10.100503E+00,-2.959E-03
+4.650000E+00,-184.673E-03,-243.719E-03,-10.502513E+00,-4.717E-03
+4.655000E+00,-197.236E-03,-243.719E-03,-10.678392E+00,-2.959E-03
+4.660000E+00,-197.236E-03,+158.292E-03,-10.100503E+00,-8.235E-03
+4.665000E+00,-109.296E-03,-155.779E-03,-10.502513E+00,-1.577E-03
+4.670000E+00,-197.236E-03,-231.156E-03,-10.489950E+00,-823E-06
+4.675000E+00,+91.709E-03,-130.653E-03,-10.389447E+00,-4.717E-03
+4.680000E+00,-197.236E-03,-243.719E-03,-10.100503E+00,-4.717E-03
+4.685000E+00,-197.236E-03,-243.719E-03,-10.502513E+00,-7.858E-03
+4.690000E+00,-197.236E-03,-256.281E-03,-9.698493E+00,-697E-06
+4.695000E+00,-486.181E-03,-243.719E-03,-10.100503E+00,-8.737E-03
+4.700000E+00,-385.678E-03,-243.719E-03,-10.075377E+00,-2.582E-03
+4.705000E+00,-197.236E-03,-557.789E-03,-10.100503E+00,-1.577E-03
+4.710000E+00,+204.774E-03,-231.156E-03,-10.502513E+00,-4.843E-03
+4.715000E+00,-373.115E-03,-356.784E-03,-9.811558E+00,-6.476E-03
+4.720000E+00,-8.794E-03,-55.276E-03,-10.288945E+00,-6.602E-03
+4.725000E+00,+116.834E-03,-67.839E-03,-10.188442E+00,+182E-06
+4.730000E+00,-184.673E-03,-231.156E-03,-10.113065E+00,-4.592E-03
+4.735000E+00,-197.236E-03,-243.719E-03,-9.811558E+00,-8.737E-03
+4.740000E+00,-197.236E-03,-55.276E-03,-10.502513E+00,-697E-06
+4.745000E+00,-197.236E-03,-243.719E-03,-10.188442E+00,-5.597E-03
+4.750000E+00,-184.673E-03,+145.729E-03,-10.100503E+00,-8.486E-03
+4.755000E+00,+91.709E-03,-532.663E-03,-10.389447E+00,-697E-06
+4.760000E+00,+16.332E-03,-457.286E-03,-10.100503E+00,-2.582E-03
+4.765000E+00,+204.774E-03,-243.719E-03,-10.100503E+00,-8.737E-03
+4.770000E+00,-197.236E-03,+133.166E-03,-10.100503E+00,-697E-06
+4.775000E+00,+91.709E-03,+45.226E-03,-10.502513E+00,-6.476E-03
+4.780000E+00,+16.332E-03,-457.286E-03,-10.100503E+00,-8.737E-03
+4.785000E+00,-423.367E-03,-331.658E-03,-10.100503E+00,-1.577E-03
+4.790000E+00,-197.236E-03,-243.719E-03,-10.100503E+00,-12.632E-03
+4.795000E+00,-197.236E-03,+45.226E-03,-10.213568E+00,+433E-06
+4.800000E+00,-197.236E-03,-243.719E-03,-10.288945E+00,-4.717E-03
+4.805000E+00,+116.834E-03,-331.658E-03,-10.012563E+00,-10.119E-03
+4.810000E+00,+204.774E-03,-620.603E-03,-9.711055E+00,-4.717E-03
+4.815000E+00,-197.236E-03,-243.719E-03,-10.213568E+00,-7.607E-03
+4.820000E+00,+204.774E-03,-243.719E-03,-10.100503E+00,-697E-06
+4.825000E+00,+204.774E-03,-243.719E-03,-10.502513E+00,-4.717E-03
+4.830000E+00,-197.236E-03,-243.719E-03,-9.723618E+00,-4.717E-03
+4.835000E+00,-197.236E-03,-243.719E-03,-10.389447E+00,-2.959E-03
+4.840000E+00,-197.236E-03,-243.719E-03,-10.100503E+00,-4.466E-03
+4.845000E+00,-197.236E-03,-557.789E-03,-10.100503E+00,-5.597E-03
+4.850000E+00,-574.120E-03,-243.719E-03,-10.100503E+00,+3.072E-03
+4.855000E+00,+91.709E-03,+45.226E-03,-9.811558E+00,-7.607E-03
+4.860000E+00,-8.794E-03,-243.719E-03,-10.100503E+00,-2.582E-03
+4.865000E+00,+116.834E-03,-243.719E-03,-10.414573E+00,-4.717E-03
+4.870000E+00,-197.236E-03,-231.156E-03,-10.100503E+00,-4.592E-03
+4.875000E+00,-84.171E-03,-356.784E-03,-10.100503E+00,-4.717E-03
+4.880000E+00,-8.794E-03,-457.286E-03,-9.886935E+00,-4.466E-03
+4.885000E+00,-599.246E-03,+70.352E-03,-10.100503E+00,-1.577E-03
+4.890000E+00,+192.211E-03,-243.719E-03,-9.711055E+00,-823E-06
+4.895000E+00,-197.236E-03,+158.292E-03,-9.924623E+00,-1.828E-03
+4.900000E+00,-435.929E-03,-457.286E-03,-10.288945E+00,-4.717E-03
+4.905000E+00,+204.774E-03,+70.352E-03,-10.100503E+00,-1.577E-03
+4.910000E+00,-197.236E-03,-231.156E-03,-10.087940E+00,-4.592E-03
+4.915000E+00,+28.895E-03,-243.719E-03,-10.100503E+00,-1.828E-03
+4.920000E+00,-197.236E-03,-243.719E-03,-9.886935E+00,+936E-06
+4.925000E+00,-197.236E-03,-155.779E-03,-10.188442E+00,-4.717E-03
+4.930000E+00,-599.246E-03,+133.166E-03,-10.489950E+00,-823E-06
+4.935000E+00,+91.709E-03,-130.653E-03,-9.698493E+00,-11.627E-03
+4.940000E+00,-410.804E-03,-243.719E-03,-10.527638E+00,-10.622E-03
+4.945000E+00,-109.296E-03,-557.789E-03,-10.414573E+00,-697E-06
+4.950000E+00,-197.236E-03,-243.719E-03,-10.100503E+00,-4.843E-03
+4.955000E+00,+91.709E-03,-130.653E-03,-10.100503E+00,+1.062E-03
+4.960000E+00,-197.236E-03,-432.161E-03,-10.314071E+00,-6.602E-03
+4.965000E+00,-197.236E-03,+70.352E-03,-10.100503E+00,-4.717E-03
+4.970000E+00,-197.236E-03,+145.729E-03,-10.113065E+00,-823E-06
+4.975000E+00,-84.171E-03,-356.784E-03,-10.100503E+00,-69E-06
+4.980000E+00,-8.794E-03,-30.151E-03,-10.100503E+00,-2.582E-03
+4.985000E+00,-423.367E-03,-331.658E-03,-10.502513E+00,-4.717E-03
+4.990000E+00,-574.120E-03,-256.281E-03,-10.879397E+00,-4.466E-03
+4.995000E+00,-197.236E-03,+158.292E-03,-10.100503E+00,-7.607E-03
+5.000000E+00,-410.804E-03,-243.719E-03,-10.100503E+00,+936E-06
+5.005000E+00,-197.236E-03,-243.719E-03,-10.100503E+00,-1.577E-03
+5.010000E+00,-184.673E-03,-243.719E-03,-10.100503E+00,-823E-06
+5.015000E+00,-197.236E-03,+45.226E-03,-10.100503E+00,-697E-06
+5.020000E+00,-197.236E-03,-243.719E-03,-10.100503E+00,-2.582E-03
+5.025000E+00,-197.236E-03,-243.719E-03,-10.414573E+00,-5.597E-03
+5.030000E+00,-184.673E-03,+145.729E-03,-10.113065E+00,-4.843E-03
+5.035000E+00,-197.236E-03,-243.719E-03,-10.389447E+00,-697E-06
+5.040000E+00,-410.804E-03,-55.276E-03,-10.288945E+00,-4.717E-03
+5.045000E+00,-423.367E-03,-243.719E-03,-10.502513E+00,+3.323E-03
+5.050000E+00,+192.211E-03,-231.156E-03,-9.711055E+00,-4.592E-03
+5.055000E+00,-84.171E-03,-419.598E-03,-10.389447E+00,-1.325E-03
+5.060000E+00,-8.794E-03,-243.719E-03,-10.100503E+00,-697E-06
+5.065000E+00,-197.236E-03,-155.779E-03,-10.100503E+00,-7.858E-03
+5.070000E+00,+204.774E-03,-243.719E-03,-10.100503E+00,-4.843E-03
+5.075000E+00,+204.774E-03,-532.663E-03,-10.100503E+00,-5.848E-03
+5.080000E+00,-197.236E-03,-457.286E-03,-10.075377E+00,-4.717E-03
+5.085000E+00,+116.834E-03,-331.658E-03,-10.012563E+00,+1.564E-03
+5.090000E+00,+204.774E-03,-633.166E-03,-10.100503E+00,-4.592E-03
+5.095000E+00,-310.301E-03,-356.784E-03,-10.213568E+00,-7.607E-03
+5.100000E+00,-8.794E-03,-243.719E-03,-10.125628E+00,-2.833E-03
+5.105000E+00,-197.236E-03,-243.719E-03,-10.188442E+00,-1.577E-03
+5.110000E+00,+204.774E-03,-231.156E-03,-10.489950E+00,-697E-06
+5.115000E+00,+380.654E-03,-243.719E-03,-10.502513E+00,-3.587E-03
+5.120000E+00,-410.804E-03,-30.151E-03,-10.288945E+00,-4.466E-03
+5.125000E+00,+116.834E-03,-557.789E-03,-10.276382E+00,-4.717E-03
+5.130000E+00,-184.673E-03,+158.292E-03,-10.489950E+00,-4.717E-03
+5.135000E+00,-373.115E-03,-243.719E-03,-10.100503E+00,-1.828E-03
+5.140000E+00,+16.332E-03,-30.151E-03,-10.100503E+00,-697E-06
+5.145000E+00,-109.296E-03,-155.779E-03,-10.414573E+00,-4.717E-03
+5.150000E+00,-197.236E-03,-243.719E-03,-9.723618E+00,-4.717E-03
+5.155000E+00,+91.709E-03,-243.719E-03,-10.100503E+00,-2.959E-03
+5.160000E+00,+16.332E-03,-243.719E-03,-10.100503E+00,-6.602E-03
+5.165000E+00,+204.774E-03,-557.789E-03,-9.786432E+00,-4.717E-03
+5.170000E+00,-197.236E-03,-243.719E-03,-10.100503E+00,-4.592E-03
+5.175000E+00,-197.236E-03,-243.719E-03,-10.100503E+00,-1.828E-03
+5.180000E+00,-222.362E-03,-645.729E-03,-9.698493E+00,-4.717E-03
+5.185000E+00,-197.236E-03,-155.779E-03,-10.188442E+00,-4.717E-03
+5.190000E+00,-197.236E-03,+133.166E-03,-10.100503E+00,-8.737E-03
+5.195000E+00,+91.709E-03,-419.598E-03,-10.100503E+00,+2.192E-03
+5.200000E+00,-197.236E-03,-218.593E-03,-10.100503E+00,-2.582E-03
+5.205000E+00,+116.834E-03,-243.719E-03,-10.188442E+00,-1.577E-03
+5.210000E+00,+204.774E-03,-243.719E-03,-10.113065E+00,+10.986E-03
+5.215000E+00,-197.236E-03,-243.719E-03,-10.213568E+00,-6.476E-03
+5.220000E+00,-172.110E-03,-243.719E-03,-10.100503E+00,-6.602E-03
+5.225000E+00,+116.834E-03,-243.719E-03,-9.874372E+00,-7.858E-03
+5.230000E+00,-184.673E-03,+133.166E-03,-10.100503E+00,-4.717E-03
+5.235000E+00,+91.709E-03,-243.719E-03,-9.811558E+00,-7.607E-03
+5.240000E+00,-197.236E-03,-243.719E-03,-10.100503E+00,-6.853E-03
+5.245000E+00,-109.296E-03,-243.719E-03,-10.414573E+00,-7.858E-03
+5.250000E+00,-574.120E-03,-243.719E-03,-10.100503E+00,-823E-06
+5.255000E+00,+91.709E-03,-243.719E-03,-10.213568E+00,-5.848E-03
+5.260000E+00,+16.332E-03,-30.151E-03,-10.314071E+00,-2.582E-03
+5.265000E+00,+204.774E-03,-331.658E-03,-10.414573E+00,-4.717E-03
+5.270000E+00,+204.774E-03,-231.156E-03,-10.113065E+00,+3.072E-03
+5.275000E+00,-486.181E-03,-67.839E-03,-10.213568E+00,-697E-06
+5.280000E+00,-385.678E-03,-432.161E-03,-10.477387E+00,-2.582E-03
+5.285000E+00,-109.296E-03,-243.719E-03,-10.502513E+00,-4.717E-03
+5.290000E+00,-197.236E-03,+133.166E-03,-10.100503E+00,+3.197E-03
+5.295000E+00,-197.236E-03,-130.653E-03,-10.389447E+00,-5.848E-03
+5.300000E+00,-8.794E-03,-645.729E-03,-10.314071E+00,-4.717E-03
+5.305000E+00,-511.306E-03,-243.719E-03,-10.100503E+00,-1.577E-03
+5.310000E+00,+204.774E-03,-243.719E-03,-9.711055E+00,-823E-06
+5.315000E+00,+317.839E-03,+158.292E-03,-10.100503E+00,-697E-06
+5.320000E+00,-8.794E-03,-218.593E-03,-10.100503E+00,-2.582E-03
+5.325000E+00,+116.834E-03,+158.292E-03,-10.012563E+00,-3.838E-03
+5.330000E+00,-184.673E-03,+145.729E-03,-10.087940E+00,-8.612E-03
+5.335000E+00,-197.236E-03,-243.719E-03,-9.987437E+00,-697E-06
+5.340000E+00,+204.774E-03,-432.161E-03,-10.100503E+00,-8.737E-03
+5.345000E+00,-197.236E-03,-155.779E-03,-10.414573E+00,-4.717E-03
+5.350000E+00,-184.673E-03,-231.156E-03,-10.113065E+00,-948E-06
+5.355000E+00,-310.301E-03,-419.598E-03,-10.389447E+00,-697E-06
+5.360000E+00,-197.236E-03,-243.719E-03,-10.100503E+00,-697E-06
+5.365000E+00,+116.834E-03,+70.352E-03,-10.414573E+00,-4.717E-03
+5.370000E+00,+204.774E-03,-243.719E-03,-10.100503E+00,-8.612E-03
+5.375000E+00,+204.774E-03,+447.236E-03,-10.100503E+00,-4.717E-03
+5.380000E+00,+16.332E-03,-243.719E-03,-10.100503E+00,-697E-06
+5.385000E+00,-197.236E-03,-243.719E-03,-10.188442E+00,-3.838E-03
+5.390000E+00,+204.774E-03,+145.729E-03,-10.502513E+00,-4.717E-03
+5.395000E+00,+204.774E-03,-243.719E-03,-10.502513E+00,-1.828E-03
+5.400000E+00,-197.236E-03,-243.719E-03,-10.100503E+00,-8.486E-03
+5.405000E+00,+116.834E-03,-243.719E-03,-10.188442E+00,-697E-06
+5.410000E+00,+192.211E-03,+145.729E-03,-10.100503E+00,-823E-06
+5.415000E+00,+91.709E-03,-243.719E-03,-10.326633E+00,-4.717E-03
+5.420000E+00,+16.332E-03,-243.719E-03,-10.100503E+00,-697E-06
+5.425000E+00,-109.296E-03,-243.719E-03,-10.100503E+00,-2.456E-03
+5.430000E+00,-197.236E-03,-256.281E-03,-10.087940E+00,-4.843E-03
+5.435000E+00,-373.115E-03,-243.719E-03,-10.502513E+00,-8.737E-03
+5.440000E+00,-197.236E-03,-243.719E-03,-10.502513E+00,-4.717E-03
+5.445000E+00,-109.296E-03,-243.719E-03,-10.100503E+00,-697E-06
+5.450000E+00,+192.211E-03,-243.719E-03,-10.100503E+00,-8.612E-03
+5.455000E+00,+204.774E-03,-67.839E-03,-10.213568E+00,-4.717E-03
+5.460000E+00,-385.678E-03,-457.286E-03,-10.263819E+00,-697E-06
+5.465000E+00,-109.296E-03,-557.789E-03,-10.188442E+00,-4.717E-03
+5.470000E+00,-197.236E-03,-231.156E-03,-10.866834E+00,-4.592E-03
+5.475000E+00,+204.774E-03,-243.719E-03,-9.811558E+00,-4.717E-03
+5.480000E+00,-197.236E-03,-243.719E-03,-9.912060E+00,-2.833E-03
+5.485000E+00,-109.296E-03,-243.719E-03,-10.414573E+00,-3.838E-03
+5.490000E+00,-586.683E-03,-243.719E-03,-9.711055E+00,-4.717E-03
+5.495000E+00,-197.236E-03,-130.653E-03,-10.276382E+00,-3.587E-03
+5.500000E+00,+16.332E-03,-55.276E-03,-10.100503E+00,-2.833E-03
+5.505000E+00,-285.176E-03,-243.719E-03,-10.590452E+00,-4.717E-03
+5.510000E+00,-197.236E-03,-231.156E-03,-10.100503E+00,-823E-06
+5.515000E+00,+204.774E-03,-67.839E-03,-9.811558E+00,-5.345E-03
+5.520000E+00,+204.774E-03,-243.719E-03,-9.912060E+00,-4.717E-03
+5.525000E+00,+204.774E-03,-331.658E-03,-10.100503E+00,-697E-06
+5.530000E+00,-197.236E-03,-218.593E-03,-10.489950E+00,-8.863E-03
+5.535000E+00,+91.709E-03,-243.719E-03,-10.100503E+00,-6.476E-03
+5.540000E+00,+16.332E-03,-432.161E-03,-10.100503E+00,-2.833E-03
+5.545000E+00,+204.774E-03,+70.352E-03,-10.100503E+00,-1.577E-03
+5.550000E+00,-197.236E-03,-231.156E-03,-10.113065E+00,-8.737E-03
+5.555000E+00,+91.709E-03,-356.784E-03,-9.924623E+00,-1.828E-03
+5.560000E+00,-8.794E-03,-243.719E-03,-10.100503E+00,-4.717E-03
+5.565000E+00,+116.834E-03,+70.352E-03,-10.188442E+00,-4.717E-03
+5.570000E+00,-197.236E-03,+145.729E-03,-10.113065E+00,-1.074E-03
+5.575000E+00,+204.774E-03,+45.226E-03,-10.100503E+00,-8.737E-03
+5.580000E+00,-172.110E-03,-243.719E-03,-10.288945E+00,-6.853E-03
+5.585000E+00,-285.176E-03,-155.779E-03,-9.874372E+00,-4.717E-03
+5.590000E+00,-197.236E-03,-243.719E-03,-10.087940E+00,-697E-06
+5.595000E+00,-373.115E-03,-243.719E-03,-10.100503E+00,-4.717E-03
+5.600000E+00,+204.774E-03,-218.593E-03,-10.314071E+00,-6.602E-03
+5.605000E+00,+116.834E-03,-243.719E-03,-10.100503E+00,-697E-06
+5.610000E+00,+192.211E-03,-243.719E-03,-10.100503E+00,-823E-06
+5.615000E+00,-197.236E-03,-243.719E-03,-9.811558E+00,-1.828E-03
+5.620000E+00,-8.794E-03,-243.719E-03,-9.886935E+00,-2.833E-03
+5.625000E+00,-197.236E-03,-155.779E-03,-10.100503E+00,-697E-06
+5.630000E+00,-209.799E-03,-1.022613E+00,-9.711055E+00,-8.612E-03
+5.635000E+00,+204.774E-03,-130.653E-03,-9.698493E+00,-4.717E-03
+5.640000E+00,-8.794E-03,+158.292E-03,-9.698493E+00,-6.602E-03
+5.645000E+00,-511.306E-03,-243.719E-03,-10.100503E+00,+2.443E-03
+5.650000E+00,-197.236E-03,-243.719E-03,-10.087940E+00,-8.612E-03
+5.655000E+00,+91.709E-03,+45.226E-03,-9.296483E+00,+433E-06
+5.660000E+00,+16.332E-03,-243.719E-03,-9.698493E+00,-4.717E-03
+5.665000E+00,+116.834E-03,-243.719E-03,-9.786432E+00,-3.838E-03
+5.670000E+00,-197.236E-03,-243.719E-03,-10.087940E+00,-1.074E-03
+5.675000E+00,+204.774E-03,-532.663E-03,-9.409548E+00,-1.828E-03
+5.680000E+00,-197.236E-03,-243.719E-03,-9.886935E+00,-6.602E-03
+5.685000E+00,-109.296E-03,-557.789E-03,-10.100503E+00,-1.577E-03
+5.690000E+00,-197.236E-03,-243.719E-03,-9.698493E+00,-4.592E-03
+5.695000E+00,-84.171E-03,-243.719E-03,-10.100503E+00,-8.737E-03
+5.700000E+00,-197.236E-03,-55.276E-03,-10.100503E+00,-697E-06
+5.705000E+00,-109.296E-03,-243.719E-03,-9.786432E+00,-4.717E-03
+5.710000E+00,+192.211E-03,-243.719E-03,-9.309045E+00,-8.612E-03
+5.715000E+00,-197.236E-03,-243.719E-03,-9.522613E+00,+2.192E-03
+5.720000E+00,+16.332E-03,-432.161E-03,-9.912060E+00,-4.466E-03
+5.725000E+00,+116.834E-03,+70.352E-03,-9.296483E+00,-697E-06
+5.730000E+00,-197.236E-03,-231.156E-03,-9.698493E+00,-8.361E-03
+5.735000E+00,-197.236E-03,-243.719E-03,-9.698493E+00,+433E-06
+5.740000E+00,-197.236E-03,-55.276E-03,-9.296483E+00,-6.853E-03
+5.745000E+00,-285.176E-03,-243.719E-03,-9.698493E+00,-1.577E-03
+5.750000E+00,-184.673E-03,-243.719E-03,-9.698493E+00,-8.361E-03
+5.755000E+00,-197.236E-03,-356.784E-03,-9.698493E+00,-1.828E-03
+5.760000E+00,+16.332E-03,+158.292E-03,-9.484925E+00,-6.853E-03
+5.765000E+00,+204.774E-03,-155.779E-03,-9.384422E+00,-4.717E-03
+5.770000E+00,+192.211E-03,+145.729E-03,-9.698493E+00,-823E-06
+5.775000E+00,-197.236E-03,+45.226E-03,-9.585427E+00,-4.717E-03
+5.780000E+00,-599.246E-03,-30.151E-03,-9.510050E+00,-2.582E-03
+5.785000E+00,-511.306E-03,-243.719E-03,-9.522613E+00,-3.838E-03
+5.790000E+00,-197.236E-03,-243.719E-03,-9.296483E+00,-8.612E-03
+5.795000E+00,-84.171E-03,-243.719E-03,-9.296483E+00,-3.587E-03
+5.800000E+00,+204.774E-03,-243.719E-03,-9.296483E+00,-2.582E-03
+5.805000E+00,-197.236E-03,-243.719E-03,-9.472362E+00,-6.979E-03
+5.810000E+00,-184.673E-03,-256.281E-03,-9.296483E+00,-4.717E-03
+5.815000E+00,-197.236E-03,-243.719E-03,-9.296483E+00,-1.828E-03
+5.820000E+00,-8.794E-03,-243.719E-03,-9.296483E+00,-4.717E-03
+5.825000E+00,-109.296E-03,-243.719E-03,-9.698493E+00,-2.959E-03
+5.830000E+00,-184.673E-03,+535.176E-03,-9.673367E+00,-8.737E-03
+5.835000E+00,-197.236E-03,-243.719E-03,-9.296483E+00,-8.737E-03
+5.840000E+00,+179.648E-03,+158.292E-03,-9.082915E+00,+3.323E-03
+5.845000E+00,-109.296E-03,-243.719E-03,-9.610553E+00,-2.456E-03
+5.850000E+00,-197.236E-03,-243.719E-03,-9.309045E+00,-4.592E-03
+5.855000E+00,-197.236E-03,-356.784E-03,-9.296483E+00,-1.828E-03
+5.860000E+00,-197.236E-03,-243.719E-03,-9.296483E+00,-697E-06
+5.865000E+00,+204.774E-03,-557.789E-03,-9.296483E+00,-2.456E-03
+5.870000E+00,-197.236E-03,-243.719E-03,-8.907035E+00,-823E-06
+5.875000E+00,+91.709E-03,-130.653E-03,-9.007538E+00,-3.587E-03
+5.880000E+00,-197.236E-03,+346.734E-03,-9.108040E+00,-4.969E-03
+5.885000E+00,-197.236E-03,-243.719E-03,-9.208543E+00,-2.456E-03
+5.890000E+00,-197.236E-03,+145.729E-03,-8.907035E+00,-572E-06
+5.895000E+00,+204.774E-03,-243.719E-03,-9.296483E+00,-4.717E-03
+5.900000E+00,-410.804E-03,-457.286E-03,-9.108040E+00,-2.582E-03
+5.905000E+00,-197.236E-03,-155.779E-03,-8.982412E+00,-3.838E-03
+5.910000E+00,+192.211E-03,-243.719E-03,-8.894473E+00,-4.592E-03
+5.915000E+00,+91.709E-03,-243.719E-03,-9.120603E+00,-4.717E-03
+5.920000E+00,+204.774E-03,-243.719E-03,-9.108040E+00,-2.582E-03
+5.925000E+00,+342.965E-03,-155.779E-03,-9.070352E+00,+1.564E-03
+5.930000E+00,+204.774E-03,-243.719E-03,-9.296483E+00,-4.592E-03
+5.935000E+00,+91.709E-03,+45.226E-03,-8.894473E+00,-7.607E-03
+5.940000E+00,-410.804E-03,-432.161E-03,-9.082915E+00,-2.833E-03
+5.945000E+00,-197.236E-03,+70.352E-03,-9.208543E+00,+1.564E-03
+5.950000E+00,-197.236E-03,-243.719E-03,-9.296483E+00,-823E-06
+5.955000E+00,+204.774E-03,-243.719E-03,-8.894473E+00,-7.607E-03
+5.960000E+00,-385.678E-03,-243.719E-03,-9.271357E+00,-2.582E-03
+5.965000E+00,-197.236E-03,-243.719E-03,-8.894473E+00,-1.577E-03
+5.970000E+00,-209.799E-03,-243.719E-03,-8.894473E+00,-823E-06
+5.975000E+00,-197.236E-03,-243.719E-03,-8.894473E+00,-697E-06
+5.980000E+00,-8.794E-03,-30.151E-03,-8.894473E+00,-697E-06
+5.985000E+00,-599.246E-03,-243.719E-03,-9.208543E+00,-1.577E-03
+5.990000E+00,+204.774E-03,-243.719E-03,-9.296483E+00,-8.612E-03
+5.995000E+00,-197.236E-03,-419.598E-03,-8.605528E+00,-8.737E-03
+6.000000E+00,-197.236E-03,-55.276E-03,-8.894473E+00,-6.602E-03
+6.005000E+00,+116.834E-03,+70.352E-03,-8.806533E+00,-5.597E-03
+6.010000E+00,-197.236E-03,-256.281E-03,-8.505025E+00,-8.612E-03
+6.015000E+00,-197.236E-03,-243.719E-03,-8.894473E+00,+2.192E-03
+6.020000E+00,-197.236E-03,-55.276E-03,-8.706030E+00,-2.582E-03
+6.025000E+00,+116.834E-03,-155.779E-03,-8.580402E+00,-5.597E-03
+6.030000E+00,+192.211E-03,+158.292E-03,-9.283920E+00,-4.592E-03
+6.035000E+00,-486.181E-03,-243.719E-03,-8.781407E+00,-4.717E-03
+6.040000E+00,-410.804E-03,-243.719E-03,-9.108040E+00,-2.582E-03
+6.045000E+00,+204.774E-03,-243.719E-03,-8.894473E+00,+1.564E-03
+6.050000E+00,+204.774E-03,-231.156E-03,-8.894473E+00,-4.592E-03
+6.055000E+00,+91.709E-03,+45.226E-03,-8.492462E+00,-1.828E-03
+6.060000E+00,-8.794E-03,-55.276E-03,-8.706030E+00,-6.853E-03
+6.065000E+00,-511.306E-03,-155.779E-03,-8.580402E+00,-3.838E-03
+6.070000E+00,-197.236E-03,-633.166E-03,-8.894473E+00,-823E-06
+6.075000E+00,-21.357E-03,+45.226E-03,-8.605528E+00,-5.848E-03
+6.080000E+00,-8.794E-03,-457.286E-03,-8.680905E+00,-4.969E-03
+6.085000E+00,+116.834E-03,-243.719E-03,-8.580402E+00,-4.717E-03
+6.090000E+00,-197.236E-03,-231.156E-03,-8.881910E+00,-572E-06
+6.095000E+00,-310.301E-03,-243.719E-03,-8.605528E+00,-2.959E-03
+6.100000E+00,+16.332E-03,-55.276E-03,-8.492462E+00,-6.602E-03
+6.105000E+00,+518.844E-03,-243.719E-03,-8.806533E+00,-3.838E-03
+6.110000E+00,-197.236E-03,-243.719E-03,-8.869347E+00,-948E-06
+6.115000E+00,+91.709E-03,-243.719E-03,-8.203518E+00,-4.717E-03
+6.120000E+00,-8.794E-03,-243.719E-03,-8.680905E+00,-2.582E-03
+6.125000E+00,-109.296E-03,+70.352E-03,-8.492462E+00,-697E-06
+6.130000E+00,+204.774E-03,-231.156E-03,-8.492462E+00,-4.717E-03
+6.135000E+00,-197.236E-03,+45.226E-03,-8.492462E+00,-6.979E-03
+6.140000E+00,+16.332E-03,-55.276E-03,-8.492462E+00,-2.833E-03
+6.145000E+00,+204.774E-03,+70.352E-03,-8.178392E+00,-8.737E-03
+6.150000E+00,+594.221E-03,-633.166E-03,-8.492462E+00,-4.592E-03
+6.155000E+00,-197.236E-03,-243.719E-03,-8.492462E+00,-1.828E-03
+6.160000E+00,+16.332E-03,-30.151E-03,-8.492462E+00,-2.833E-03
+6.165000E+00,-511.306E-03,-243.719E-03,-8.718593E+00,-4.717E-03
+6.170000E+00,-184.673E-03,+145.729E-03,-8.103015E+00,-4.717E-03
+6.175000E+00,+204.774E-03,-532.663E-03,-8.605528E+00,-5.848E-03
+6.180000E+00,-8.794E-03,-243.719E-03,-8.680905E+00,-697E-06
+6.185000E+00,+116.834E-03,-645.729E-03,-8.266332E+00,-4.717E-03
+6.190000E+00,-197.236E-03,+145.729E-03,-8.881910E+00,-948E-06
+6.195000E+00,-423.367E-03,-130.653E-03,-8.203518E+00,-2.959E-03
+6.200000E+00,-197.236E-03,-243.719E-03,-8.304020E+00,-2.582E-03
+6.205000E+00,-109.296E-03,-155.779E-03,-7.776382E+00,-1.577E-03
+6.210000E+00,+204.774E-03,-243.719E-03,-8.479900E+00,-4.592E-03
+6.215000E+00,-373.115E-03,-243.719E-03,-8.090452E+00,-1.828E-03
+6.220000E+00,-8.794E-03,-243.719E-03,-8.090452E+00,-4.717E-03
+6.225000E+00,-197.236E-03,-331.658E-03,-8.090452E+00,-4.717E-03
+6.230000E+00,-184.673E-03,+145.729E-03,-8.492462E+00,-4.717E-03
+6.235000E+00,-197.236E-03,-243.719E-03,-8.090452E+00,-8.737E-03
+6.240000E+00,-8.794E-03,-243.719E-03,-7.876885E+00,-2.582E-03
+6.245000E+00,-423.367E-03,+158.292E-03,-8.090452E+00,-5.597E-03
+6.250000E+00,-197.236E-03,+133.166E-03,-7.688442E+00,-4.717E-03
+6.255000E+00,+91.709E-03,+45.226E-03,-8.379397E+00,-2.959E-03
+6.260000E+00,-8.794E-03,-243.719E-03,-7.876885E+00,-4.717E-03
+6.265000E+00,-511.306E-03,-155.779E-03,-7.688442E+00,-5.597E-03
+6.270000E+00,+192.211E-03,-243.719E-03,-7.688442E+00,-4.717E-03
+6.275000E+00,-197.236E-03,-243.719E-03,-7.801508E+00,-7.607E-03
+6.280000E+00,-222.362E-03,-55.276E-03,-8.090452E+00,-4.717E-03
+6.285000E+00,-197.236E-03,-243.719E-03,-7.776382E+00,-697E-06
+6.290000E+00,+204.774E-03,-243.719E-03,-8.090452E+00,-4.592E-03
+6.295000E+00,-197.236E-03,-243.719E-03,-8.203518E+00,-697E-06
+6.300000E+00,+16.332E-03,-243.719E-03,-8.090452E+00,-697E-06
+6.305000E+00,+204.774E-03,+158.292E-03,-7.688442E+00,-6.979E-03
+6.310000E+00,-197.236E-03,-231.156E-03,-8.090452E+00,-4.592E-03
+6.315000E+00,-84.171E-03,-130.653E-03,-8.090452E+00,-3.587E-03
+6.320000E+00,+16.332E-03,-243.719E-03,-7.902010E+00,-6.602E-03
+6.325000E+00,+116.834E-03,+158.292E-03,-7.688442E+00,-4.717E-03
+6.330000E+00,+192.211E-03,-256.281E-03,-7.688442E+00,-823E-06
+6.335000E+00,-84.171E-03,-243.719E-03,-7.688442E+00,-6.979E-03
+6.340000E+00,-8.794E-03,-243.719E-03,-7.902010E+00,-697E-06
+6.345000E+00,-197.236E-03,-155.779E-03,-7.776382E+00,-3.838E-03
+6.350000E+00,-184.673E-03,-633.166E-03,-7.688442E+00,-8.612E-03
+6.355000E+00,+204.774E-03,-243.719E-03,-7.512563E+00,-6.476E-03
+6.360000E+00,+204.774E-03,-243.719E-03,-7.876885E+00,-4.969E-03
+6.365000E+00,-109.296E-03,-243.719E-03,-8.002513E+00,-6.476E-03
+6.370000E+00,-197.236E-03,-231.156E-03,-7.688442E+00,-4.592E-03
+6.375000E+00,-21.357E-03,-243.719E-03,-7.977387E+00,-8.737E-03
+6.380000E+00,-172.110E-03,-55.276E-03,-7.688442E+00,-2.582E-03
+6.385000E+00,+116.834E-03,-645.729E-03,-7.600503E+00,-7.858E-03
+6.390000E+00,-586.683E-03,-243.719E-03,-7.688442E+00,-4.717E-03
+6.395000E+00,-197.236E-03,-243.719E-03,-7.688442E+00,-6.476E-03
+6.400000E+00,+16.332E-03,-55.276E-03,-7.902010E+00,-6.602E-03
+6.405000E+00,-197.236E-03,-469.849E-03,-7.374372E+00,-5.597E-03
+6.410000E+00,-209.799E-03,-243.719E-03,-7.688442E+00,-4.592E-03
+6.415000E+00,-21.357E-03,+45.226E-03,-7.977387E+00,-4.717E-03
+6.420000E+00,-8.794E-03,-243.719E-03,-7.902010E+00,+1.187E-03
+6.425000E+00,+204.774E-03,-557.789E-03,-7.374372E+00,+182E-06
+6.430000E+00,-197.236E-03,+145.729E-03,-7.688442E+00,+3.072E-03
+6.435000E+00,+204.774E-03,-532.663E-03,-7.575377E+00,-4.717E-03
+6.440000E+00,+204.774E-03,-645.729E-03,-7.713568E+00,-4.466E-03
+6.445000E+00,-197.236E-03,+70.352E-03,-7.286432E+00,-7.858E-03
+6.450000E+00,-586.683E-03,-243.719E-03,-7.298995E+00,-8.612E-03
+6.455000E+00,-197.236E-03,+45.226E-03,-7.688442E+00,-3.587E-03
+6.460000E+00,+204.774E-03,-268.844E-03,-7.500000E+00,-4.717E-03
+6.465000E+00,-197.236E-03,-17.588E-03,-7.776382E+00,-697E-06
+6.470000E+00,+179.648E-03,-243.719E-03,-7.311558E+00,-697E-06
+6.475000E+00,-486.181E-03,-243.719E-03,-7.801508E+00,-4.717E-03
+6.480000E+00,-197.236E-03,-243.719E-03,-7.072864E+00,-8.737E-03
+6.485000E+00,-197.236E-03,-243.719E-03,-7.286432E+00,-3.838E-03
+6.490000E+00,+192.211E-03,-243.719E-03,-7.675880E+00,-8.737E-03
+6.495000E+00,-197.236E-03,-130.653E-03,-7.575377E+00,-697E-06
+6.500000E+00,+204.774E-03,-5.025E-03,-7.500000E+00,-697E-06
+6.505000E+00,-197.236E-03,+70.352E-03,-7.286432E+00,-6.476E-03
+6.510000E+00,-184.673E-03,-243.719E-03,-6.896985E+00,-4.466E-03
+6.515000E+00,-84.171E-03,-130.653E-03,-7.286432E+00,-697E-06
+6.520000E+00,-197.236E-03,-243.719E-03,-7.474875E+00,-2.833E-03
+6.525000E+00,+28.895E-03,-243.719E-03,-7.286432E+00,-6.979E-03
+6.530000E+00,-197.236E-03,-633.166E-03,-7.663317E+00,-823E-06
+6.535000E+00,+204.774E-03,-243.719E-03,-7.223618E+00,-697E-06
+6.540000E+00,+16.332E-03,+158.292E-03,-7.286432E+00,-4.717E-03
+6.545000E+00,+204.774E-03,-243.719E-03,-6.972362E+00,-4.717E-03
+6.550000E+00,-197.236E-03,-243.719E-03,-7.286432E+00,-4.843E-03
+6.555000E+00,+91.709E-03,-532.663E-03,-6.884422E+00,-697E-06
+6.560000E+00,-8.794E-03,-30.151E-03,-6.909548E+00,-8.989E-03
+6.565000E+00,-511.306E-03,-557.789E-03,-6.972362E+00,-4.717E-03
+6.570000E+00,+204.774E-03,+145.729E-03,-7.286432E+00,+3.323E-03
+6.575000E+00,+91.709E-03,-243.719E-03,-7.462312E+00,-4.089E-03
+6.580000E+00,+16.332E-03,-218.593E-03,-7.097990E+00,-4.969E-03
+6.585000E+00,+116.834E-03,-243.719E-03,-7.286432E+00,-4.717E-03
+6.590000E+00,-184.673E-03,+145.729E-03,-7.286432E+00,-572E-06
+6.595000E+00,+204.774E-03,-243.719E-03,-7.173367E+00,-9.366E-03
+6.600000E+00,+16.332E-03,-243.719E-03,-7.286432E+00,+685E-06
+6.605000E+00,-197.236E-03,-331.658E-03,-6.884422E+00,-4.717E-03
+6.610000E+00,-197.236E-03,-633.166E-03,-6.884422E+00,-4.843E-03
+6.615000E+00,-486.181E-03,-243.719E-03,-6.884422E+00,-4.717E-03
+6.620000E+00,+16.332E-03,-55.276E-03,-6.884422E+00,-4.717E-03
+6.625000E+00,-197.236E-03,-243.719E-03,-7.198493E+00,+685E-06
+6.630000E+00,-197.236E-03,-231.156E-03,-7.663317E+00,-4.843E-03
+6.635000E+00,-197.236E-03,-130.653E-03,-6.595478E+00,-2.959E-03
+6.640000E+00,-172.110E-03,-243.719E-03,-6.859297E+00,-8.737E-03
+6.645000E+00,-197.236E-03,-243.719E-03,-6.884422E+00,-1.577E-03
+6.650000E+00,+204.774E-03,-231.156E-03,-7.286432E+00,-948E-06
+6.655000E+00,-260.050E-03,+158.292E-03,-6.884422E+00,-4.717E-03
+6.660000E+00,-8.794E-03,+133.166E-03,-7.286432E+00,-2.582E-03
+6.665000E+00,-285.176E-03,-243.719E-03,-7.198493E+00,-6.979E-03
+6.670000E+00,-184.673E-03,+158.292E-03,-6.884422E+00,-8.612E-03
+6.675000E+00,+91.709E-03,-243.719E-03,-6.884422E+00,-6.476E-03
+6.680000E+00,+16.332E-03,-243.719E-03,-6.695980E+00,-4.466E-03
+6.685000E+00,-423.367E-03,+246.231E-03,-7.110553E+00,-1.577E-03
+6.690000E+00,-184.673E-03,-243.719E-03,-6.884422E+00,-4.717E-03
+6.695000E+00,-84.171E-03,-243.719E-03,-6.884422E+00,-5.848E-03
+6.700000E+00,+16.332E-03,-243.719E-03,-6.884422E+00,-4.466E-03
+6.705000E+00,-197.236E-03,+70.352E-03,-6.884422E+00,-4.717E-03
+6.710000E+00,-184.673E-03,-231.156E-03,-6.482412E+00,-948E-06
+6.715000E+00,+204.774E-03,-130.653E-03,-6.771357E+00,-2.959E-03
+6.720000E+00,+16.332E-03,-30.151E-03,-6.859297E+00,-6.853E-03
+6.725000E+00,-423.367E-03,-243.719E-03,-6.482412E+00,-4.717E-03
+6.730000E+00,+204.774E-03,-243.719E-03,-7.261307E+00,-823E-06
+6.735000E+00,-197.236E-03,+45.226E-03,-6.997488E+00,-4.717E-03
+6.740000E+00,+16.332E-03,-243.719E-03,-6.695980E+00,-2.582E-03
+6.745000E+00,+116.834E-03,-105.528E-03,-6.482412E+00,+1.564E-03
+6.750000E+00,-184.673E-03,-256.281E-03,-6.884422E+00,-4.717E-03
+6.755000E+00,-197.236E-03,-130.653E-03,-6.884422E+00,-1.828E-03
+6.760000E+00,+204.774E-03,-645.729E-03,-6.482412E+00,-4.717E-03
+6.765000E+00,-109.296E-03,-243.719E-03,-6.482412E+00,-697E-06
+6.770000E+00,-197.236E-03,-231.156E-03,-6.482412E+00,-4.592E-03
+6.775000E+00,-310.301E-03,-243.719E-03,-6.595478E+00,-4.717E-03
+6.780000E+00,+16.332E-03,-55.276E-03,-6.884422E+00,-4.717E-03
+6.785000E+00,-197.236E-03,-557.789E-03,-6.482412E+00,-3.838E-03
+6.790000E+00,-197.236E-03,+145.729E-03,-6.507538E+00,-4.717E-03
+6.795000E+00,+91.709E-03,+45.226E-03,-6.369347E+00,-4.717E-03
+6.800000E+00,-8.794E-03,-55.276E-03,-6.293970E+00,-6.602E-03
+6.805000E+00,+116.834E-03,-243.719E-03,-6.482412E+00,-7.858E-03
+6.810000E+00,+192.211E-03,-231.156E-03,-6.482412E+00,-1.200E-03
+6.815000E+00,+204.774E-03,-130.653E-03,-6.658292E+00,-1.828E-03
+6.820000E+00,+204.774E-03,-30.151E-03,-6.482412E+00,-2.833E-03
+6.825000E+00,+116.834E-03,-243.719E-03,-6.482412E+00,-697E-06
+6.830000E+00,+192.211E-03,-645.729E-03,-6.469849E+00,-8.361E-03
+6.835000E+00,-197.236E-03,-130.653E-03,-6.482412E+00,+1.062E-03
+6.840000E+00,-172.110E-03,-457.286E-03,-6.268844E+00,-4.717E-03
+6.845000E+00,-109.296E-03,-67.839E-03,-6.620603E+00,-8.737E-03
+6.850000E+00,-988.693E-03,-243.719E-03,-6.482412E+00,-4.717E-03
+6.855000E+00,-310.301E-03,-130.653E-03,-6.306533E+00,-5.848E-03
+6.860000E+00,-197.236E-03,-30.151E-03,-6.670854E+00,-2.833E-03
+6.865000E+00,+204.774E-03,+70.352E-03,-6.482412E+00,-5.597E-03
+6.870000E+00,-184.673E-03,-633.166E-03,-6.080402E+00,-697E-06
+6.875000E+00,-197.236E-03,-243.719E-03,-6.193467E+00,-5.848E-03
+6.880000E+00,+418.342E-03,+158.292E-03,-6.293970E+00,-2.833E-03
+6.885000E+00,-109.296E-03,-243.719E-03,-6.168342E+00,-4.717E-03
+6.890000E+00,+569.096E-03,-243.719E-03,-6.067839E+00,-697E-06
+6.895000E+00,-197.236E-03,-532.663E-03,-6.193467E+00,-2.959E-03
+6.900000E+00,-8.794E-03,-30.151E-03,-6.055277E+00,-6.602E-03
+6.905000E+00,+28.895E-03,-243.719E-03,-6.080402E+00,-1.577E-03
+6.910000E+00,-586.683E-03,-231.156E-03,-6.494975E+00,-948E-06
+6.915000E+00,+91.709E-03,-130.653E-03,-6.080402E+00,-4.717E-03
+6.920000E+00,+16.332E-03,-55.276E-03,-6.080402E+00,-2.833E-03
+6.925000E+00,+116.834E-03,+70.352E-03,-6.080402E+00,-3.838E-03
+6.930000E+00,+204.774E-03,-243.719E-03,-5.690955E+00,-4.592E-03
+6.935000E+00,+91.709E-03,-243.719E-03,-6.595478E+00,-3.587E-03
+6.940000E+00,+16.332E-03,-243.719E-03,-5.866834E+00,+1.187E-03
+6.945000E+00,+116.834E-03,+158.292E-03,-6.394472E+00,-697E-06
+6.950000E+00,+204.774E-03,-633.166E-03,-5.690955E+00,+3.072E-03
+6.955000E+00,+204.774E-03,+45.226E-03,-5.678392E+00,-4.717E-03
+6.960000E+00,+204.774E-03,-55.276E-03,-6.105528E+00,-2.582E-03
+6.965000E+00,+116.834E-03,-331.658E-03,-6.080402E+00,-4.717E-03
+6.970000E+00,+192.211E-03,-256.281E-03,-6.080402E+00,-823E-06
+6.975000E+00,-486.181E-03,-243.719E-03,-5.678392E+00,-3.587E-03
+6.980000E+00,-197.236E-03,-30.151E-03,-5.866834E+00,-2.582E-03
+6.985000E+00,-197.236E-03,-243.719E-03,-5.678392E+00,-8.737E-03
+6.990000E+00,+204.774E-03,+133.166E-03,-5.678392E+00,-823E-06
+6.995000E+00,-197.236E-03,-532.663E-03,-5.678392E+00,-6.476E-03
+7.000000E+00,-197.236E-03,-30.151E-03,-5.866834E+00,-2.833E-03
+7.005000E+00,-197.236E-03,-243.719E-03,-5.678392E+00,-1.577E-03
+7.010000E+00,+204.774E-03,-256.281E-03,-5.690955E+00,-8.486E-03
+7.015000E+00,+91.709E-03,+45.226E-03,-5.678392E+00,-6.476E-03
+7.020000E+00,-197.236E-03,-243.719E-03,-5.891960E+00,-697E-06
+7.025000E+00,-197.236E-03,-243.719E-03,-5.364322E+00,-6.099E-03
+7.030000E+00,-197.236E-03,-243.719E-03,-5.288945E+00,-4.717E-03
+7.035000E+00,-84.171E-03,-243.719E-03,-5.791457E+00,-4.717E-03
+7.040000E+00,+16.332E-03,-268.844E-03,-5.866834E+00,-4.717E-03
+7.045000E+00,+204.774E-03,+158.292E-03,-5.992462E+00,-697E-06
+7.050000E+00,+179.648E-03,-243.719E-03,-5.703518E+00,-697E-06
+7.055000E+00,-84.171E-03,-243.719E-03,-5.967337E+00,-697E-06
+7.060000E+00,-410.804E-03,-243.719E-03,-5.703518E+00,-2.582E-03
+7.065000E+00,+204.774E-03,+246.231E-03,-5.276382E+00,-7.858E-03
+7.070000E+00,-184.673E-03,-256.281E-03,-5.690955E+00,-823E-06
+7.075000E+00,-197.236E-03,-243.719E-03,-5.389447E+00,+433E-06
+7.080000E+00,-172.110E-03,+183.417E-03,-5.866834E+00,-446E-06
+7.085000E+00,-109.296E-03,-331.658E-03,-5.678392E+00,-3.838E-03
+7.090000E+00,-586.683E-03,-256.281E-03,-6.067839E+00,-823E-06
+7.095000E+00,-197.236E-03,-243.719E-03,-5.854271E+00,-7.607E-03
+7.100000E+00,+16.332E-03,-30.151E-03,-5.464824E+00,-2.833E-03
+7.105000E+00,+204.774E-03,-243.719E-03,-5.904523E+00,-697E-06
+7.110000E+00,-184.673E-03,+133.166E-03,-5.678392E+00,-697E-06
+7.115000E+00,-84.171E-03,-243.719E-03,-5.276382E+00,-7.607E-03
+7.120000E+00,-197.236E-03,-243.719E-03,-5.464824E+00,-6.853E-03
+7.125000E+00,+116.834E-03,-155.779E-03,-5.678392E+00,-3.838E-03
+7.130000E+00,-197.236E-03,-243.719E-03,-6.055277E+00,-4.717E-03
+7.135000E+00,+204.774E-03,-243.719E-03,-5.276382E+00,-1.828E-03
+7.140000E+00,-222.362E-03,-55.276E-03,-5.062814E+00,-2.833E-03
+7.145000E+00,-913.316E-03,-557.789E-03,-5.364322E+00,-697E-06
+7.150000E+00,-574.120E-03,-243.719E-03,-5.288945E+00,-4.466E-03
+7.155000E+00,-84.171E-03,+45.226E-03,-5.276382E+00,-69E-06
+7.160000E+00,-197.236E-03,-243.719E-03,-5.464824E+00,-2.582E-03
+7.165000E+00,-109.296E-03,+158.292E-03,-5.276382E+00,-3.838E-03
+7.170000E+00,-209.799E-03,-243.719E-03,-5.678392E+00,-4.592E-03
+7.175000E+00,+204.774E-03,+158.292E-03,-5.276382E+00,-4.717E-03
+7.180000E+00,-385.678E-03,-30.151E-03,-5.464824E+00,-2.833E-03
+7.185000E+00,+116.834E-03,+70.352E-03,-4.874372E+00,-1.577E-03
+7.190000E+00,+204.774E-03,-243.719E-03,-5.276382E+00,-4.717E-03
+7.195000E+00,-21.357E-03,+45.226E-03,-5.276382E+00,-1.828E-03
+7.200000E+00,-197.236E-03,-243.719E-03,-5.276382E+00,-948E-06
+7.205000E+00,+116.834E-03,+70.352E-03,-5.188442E+00,-4.717E-03
+7.210000E+00,+179.648E-03,-243.719E-03,-5.678392E+00,-4.717E-03
+7.215000E+00,-84.171E-03,-532.663E-03,-5.678392E+00,+1.062E-03
+7.220000E+00,-197.236E-03,-243.719E-03,-5.087940E+00,-4.717E-03
+7.225000E+00,+116.834E-03,-243.719E-03,-5.364322E+00,-7.858E-03
+7.230000E+00,+192.211E-03,-243.719E-03,-5.276382E+00,-4.717E-03
+7.235000E+00,-197.236E-03,-130.653E-03,-5.854271E+00,-4.717E-03
+7.240000E+00,-222.362E-03,-457.286E-03,-5.062814E+00,-2.833E-03
+7.245000E+00,-109.296E-03,+70.352E-03,-5.502513E+00,+182E-06
+7.250000E+00,-209.799E-03,-256.281E-03,-4.899498E+00,-8.486E-03
+7.255000E+00,-21.357E-03,-243.719E-03,-4.874372E+00,-4.717E-03
+7.260000E+00,-385.678E-03,-30.151E-03,-5.276382E+00,-2.833E-03
+7.265000E+00,-197.236E-03,-243.719E-03,-4.874372E+00,-6.979E-03
+7.270000E+00,-197.236E-03,-243.719E-03,-4.874372E+00,-4.843E-03
+7.275000E+00,-197.236E-03,+45.226E-03,-5.276382E+00,-697E-06
+7.280000E+00,+16.332E-03,-243.719E-03,-5.087940E+00,-4.717E-03
+7.285000E+00,-109.296E-03,-17.588E-03,-4.874372E+00,-4.717E-03
+7.290000E+00,-197.236E-03,+133.166E-03,-4.886935E+00,-12.381E-03
+7.295000E+00,-84.171E-03,+45.226E-03,-4.874372E+00,-4.717E-03
+7.300000E+00,+229.900E-03,-243.719E-03,-5.087940E+00,-2.582E-03
+7.305000E+00,-109.296E-03,-155.779E-03,-4.962312E+00,-4.717E-03
+7.310000E+00,-197.236E-03,-633.166E-03,-4.886935E+00,-4.592E-03
+7.315000E+00,-197.236E-03,+45.226E-03,-4.987437E+00,-697E-06
+7.320000E+00,-385.678E-03,-30.151E-03,-5.276382E+00,-6.853E-03
+7.325000E+00,-109.296E-03,-243.719E-03,-4.962312E+00,-2.456E-03
+7.330000E+00,+192.211E-03,+145.729E-03,-4.886935E+00,-4.843E-03
+7.335000E+00,-486.181E-03,-243.719E-03,-4.874372E+00,-4.717E-03
+7.340000E+00,-197.236E-03,-268.844E-03,-5.062814E+00,-6.853E-03
+7.345000E+00,-511.306E-03,-331.658E-03,-4.874372E+00,-9.240E-03
+7.350000E+00,-197.236E-03,-243.719E-03,-5.665829E+00,-4.717E-03
+7.355000E+00,-197.236E-03,-532.663E-03,-5.276382E+00,+2.192E-03
+7.360000E+00,-8.794E-03,-30.151E-03,-4.849246E+00,-6.853E-03
+7.365000E+00,+204.774E-03,+70.352E-03,-4.874372E+00,-1.577E-03
+7.370000E+00,+204.774E-03,+158.292E-03,-4.874372E+00,-4.717E-03
+7.375000E+00,-84.171E-03,-243.719E-03,-4.698493E+00,-2.456E-03
+7.380000E+00,-599.246E-03,-55.276E-03,-5.062814E+00,-697E-06
+7.385000E+00,-197.236E-03,+70.352E-03,-5.188442E+00,-2.456E-03
+7.390000E+00,-184.673E-03,-231.156E-03,-4.484925E+00,-697E-06
+7.395000E+00,-373.115E-03,+45.226E-03,-5.163317E+00,-1.828E-03
+7.400000E+00,-197.236E-03,-243.719E-03,-4.849246E+00,-2.582E-03
+7.405000E+00,-825.377E-03,-243.719E-03,-4.874372E+00,-7.858E-03
+7.410000E+00,-209.799E-03,-243.719E-03,-4.497488E+00,-697E-06
+7.415000E+00,+91.709E-03,+45.226E-03,-4.585427E+00,-3.587E-03
+7.420000E+00,-8.794E-03,-243.719E-03,-4.660804E+00,-2.330E-03
+7.425000E+00,-511.306E-03,-243.719E-03,-5.012563E+00,-5.597E-03
+7.430000E+00,-574.120E-03,-243.719E-03,-4.472362E+00,-4.717E-03
+7.435000E+00,-84.171E-03,-243.719E-03,-4.648241E+00,-4.717E-03
+7.440000E+00,-385.678E-03,-30.151E-03,-4.660804E+00,-2.582E-03
+7.445000E+00,-109.296E-03,-243.719E-03,-4.874372E+00,-8.737E-03
+7.450000E+00,-197.236E-03,-243.719E-03,-4.459799E+00,-823E-06
+7.455000E+00,+91.709E-03,-243.719E-03,-4.698493E+00,-8.737E-03
+7.460000E+00,-197.236E-03,-243.719E-03,-4.283920E+00,-4.717E-03
+7.465000E+00,-197.236E-03,+70.352E-03,-4.698493E+00,-697E-06
+7.470000E+00,-197.236E-03,-218.593E-03,-4.472362E+00,-823E-06
+7.475000E+00,+204.774E-03,-243.719E-03,-4.472362E+00,+433E-06
+7.480000E+00,+179.648E-03,-243.719E-03,-4.472362E+00,-8.486E-03
+7.485000E+00,-197.236E-03,-243.719E-03,-4.158292E+00,-5.597E-03
+7.490000E+00,+192.211E-03,-256.281E-03,-4.472362E+00,-697E-06
+7.495000E+00,-197.236E-03,-243.719E-03,-4.472362E+00,-2.959E-03
+7.500000E+00,+16.332E-03,-55.276E-03,-4.660804E+00,-6.602E-03
+7.505000E+00,-599.246E-03,-557.789E-03,-4.472362E+00,-6.979E-03
+7.510000E+00,-574.120E-03,-645.729E-03,-4.472362E+00,-4.843E-03
+7.515000E+00,+91.709E-03,+45.226E-03,-4.359297E+00,-5.848E-03
+7.520000E+00,-8.794E-03,-55.276E-03,-4.899498E+00,-4.466E-03
+7.525000E+00,-109.296E-03,-331.658E-03,-4.246231E+00,-5.597E-03
+7.530000E+00,-586.683E-03,-243.719E-03,-4.861809E+00,-4.717E-03
+7.535000E+00,-197.236E-03,-243.719E-03,-4.359297E+00,-697E-06
+7.540000E+00,-385.678E-03,-243.719E-03,-4.472362E+00,-4.717E-03
+7.545000E+00,-423.367E-03,-243.719E-03,-4.070352E+00,-2.456E-03
+7.550000E+00,+192.211E-03,-243.719E-03,-4.082915E+00,-697E-06
+7.555000E+00,+91.709E-03,+158.292E-03,-4.648241E+00,-4.717E-03
+7.560000E+00,+16.332E-03,-243.719E-03,-4.258794E+00,-4.717E-03
+7.565000E+00,-285.176E-03,-243.719E-03,-4.472362E+00,-6.979E-03
+7.570000E+00,+204.774E-03,+145.729E-03,-4.484925E+00,-697E-06
+7.575000E+00,-197.236E-03,-130.653E-03,-4.183417E+00,+1.062E-03
+7.580000E+00,-172.110E-03,-243.719E-03,-4.283920E+00,-4.717E-03
+7.585000E+00,-197.236E-03,+70.352E-03,-4.246231E+00,-4.717E-03
+7.590000E+00,-197.236E-03,-243.719E-03,-4.095477E+00,-4.843E-03
+7.595000E+00,-84.171E-03,-243.719E-03,-4.183417E+00,-6.476E-03
+7.600000E+00,-8.794E-03,-243.719E-03,-4.258794E+00,-2.582E-03
+7.605000E+00,-511.306E-03,-243.719E-03,-4.384422E+00,-8.737E-03
+7.610000E+00,-184.673E-03,-243.719E-03,-4.070352E+00,-4.592E-03
+7.615000E+00,+204.774E-03,+45.226E-03,-4.183417E+00,-3.587E-03
+7.620000E+00,+204.774E-03,-432.161E-03,-4.070352E+00,-2.582E-03
+7.625000E+00,-285.176E-03,-243.719E-03,-4.384422E+00,-4.717E-03
+7.630000E+00,+192.211E-03,+133.166E-03,-4.082915E+00,-4.592E-03
+7.635000E+00,+91.709E-03,+334.171E-03,-4.359297E+00,-9.366E-03
+7.640000E+00,+204.774E-03,-432.161E-03,-3.881910E+00,-4.717E-03
+7.645000E+00,-285.176E-03,-243.719E-03,-4.070352E+00,-3.838E-03
+7.650000E+00,+204.774E-03,-620.603E-03,-4.070352E+00,-4.717E-03
+7.655000E+00,-310.301E-03,-356.784E-03,-4.183417E+00,-3.587E-03
+7.660000E+00,+16.332E-03,-457.286E-03,-3.856784E+00,-6.853E-03
+7.665000E+00,-197.236E-03,-557.789E-03,-3.756282E+00,-1.577E-03
+7.670000E+00,-184.673E-03,-256.281E-03,-3.668342E+00,-697E-06
+7.675000E+00,+204.774E-03,-356.784E-03,-3.957287E+00,+2.192E-03
+7.680000E+00,-172.110E-03,+158.292E-03,-4.472362E+00,+1.438E-03
+7.685000E+00,-197.236E-03,-243.719E-03,-3.982412E+00,-7.858E-03
+7.690000E+00,+204.774E-03,-231.156E-03,-3.668342E+00,-4.717E-03
+7.695000E+00,-84.171E-03,-243.719E-03,-3.957287E+00,-1.828E-03
+7.700000E+00,-197.236E-03,-55.276E-03,-3.856784E+00,-446E-06
+7.705000E+00,-109.296E-03,-331.658E-03,-3.982412E+00,-4.717E-03
+7.710000E+00,+204.774E-03,-243.719E-03,-3.668342E+00,-8.612E-03
+7.715000E+00,-599.246E-03,-243.719E-03,-3.668342E+00,-8.737E-03
+7.720000E+00,-410.804E-03,-243.719E-03,-3.668342E+00,-2.582E-03
+7.725000E+00,-423.367E-03,-155.779E-03,-3.982412E+00,-3.838E-03
+7.730000E+00,-184.673E-03,-231.156E-03,-4.057789E+00,-4.592E-03
+7.735000E+00,-84.171E-03,-243.719E-03,-3.668342E+00,-4.717E-03
+7.740000E+00,+16.332E-03,-243.719E-03,-3.881910E+00,-6.602E-03
+7.745000E+00,-109.296E-03,-557.789E-03,-3.668342E+00,-4.717E-03
+7.750000E+00,-586.683E-03,+145.729E-03,-3.680905E+00,-8.486E-03
+7.755000E+00,-197.236E-03,-243.719E-03,-3.781407E+00,+2.192E-03
+7.760000E+00,-8.794E-03,-243.719E-03,-3.668342E+00,-4.466E-03
+7.765000E+00,+116.834E-03,-243.719E-03,-3.982412E+00,-8.737E-03
+7.770000E+00,-184.673E-03,-231.156E-03,-3.668342E+00,-4.717E-03
+7.775000E+00,+91.709E-03,-243.719E-03,-3.668342E+00,-3.587E-03
+7.780000E+00,+16.332E-03,-243.719E-03,-3.454774E+00,+1.187E-03
+7.785000E+00,+204.774E-03,-243.719E-03,-3.668342E+00,-5.597E-03
+7.790000E+00,+192.211E-03,-231.156E-03,-4.057789E+00,-8.612E-03
+7.795000E+00,-84.171E-03,-243.719E-03,-3.668342E+00,-1.828E-03
+7.800000E+00,+229.900E-03,-243.719E-03,-3.643216E+00,-4.717E-03
+7.805000E+00,-197.236E-03,-243.719E-03,-3.982412E+00,-697E-06
+7.810000E+00,+569.096E-03,-243.719E-03,-3.668342E+00,-697E-06
+7.815000E+00,+91.709E-03,-243.719E-03,-3.379397E+00,-3.587E-03
+7.820000E+00,+204.774E-03,-243.719E-03,-3.454774E+00,-4.466E-03
+7.825000E+00,+116.834E-03,-243.719E-03,-3.354271E+00,-10.119E-03
+7.830000E+00,+179.648E-03,-243.719E-03,-3.266332E+00,-4.592E-03
+7.835000E+00,+91.709E-03,-356.784E-03,-3.266332E+00,-4.717E-03
+7.840000E+00,-8.794E-03,-55.276E-03,-3.266332E+00,-4.717E-03
+7.845000E+00,+204.774E-03,+158.292E-03,-3.668342E+00,-6.979E-03
+7.850000E+00,-184.673E-03,-256.281E-03,-3.266332E+00,-4.466E-03
+7.855000E+00,-486.181E-03,-243.719E-03,-3.668342E+00,-6.476E-03
+7.860000E+00,-8.794E-03,-432.161E-03,-3.693467E+00,-697E-06
+7.865000E+00,+204.774E-03,-243.719E-03,-3.266332E+00,-10.119E-03
+7.870000E+00,-197.236E-03,-231.156E-03,-3.253769E+00,-823E-06
+7.875000E+00,-84.171E-03,-130.653E-03,-3.668342E+00,-5.848E-03
+7.880000E+00,-410.804E-03,-243.719E-03,-3.831658E+00,-948E-06
+7.885000E+00,-109.296E-03,+70.352E-03,-3.266332E+00,+1.564E-03
+7.890000E+00,+204.774E-03,+158.292E-03,-3.655779E+00,-4.717E-03
+7.895000E+00,+91.709E-03,-67.839E-03,-2.864322E+00,-4.717E-03
+7.900000E+00,-197.236E-03,-55.276E-03,-3.454774E+00,-4.717E-03
+7.905000E+00,+204.774E-03,-155.779E-03,-3.492462E+00,-7.858E-03
+7.910000E+00,-184.673E-03,-231.156E-03,-3.266332E+00,-4.717E-03
+7.915000E+00,+204.774E-03,-130.653E-03,-3.040201E+00,-10.496E-03
+7.920000E+00,+204.774E-03,-243.719E-03,-3.266332E+00,-4.969E-03
+7.925000E+00,-197.236E-03,-155.779E-03,-3.266332E+00,-6.476E-03
+7.930000E+00,-197.236E-03,+145.729E-03,-2.876885E+00,-8.612E-03
+7.935000E+00,+91.709E-03,+158.292E-03,-3.266332E+00,-7.607E-03
+7.940000E+00,-222.362E-03,-243.719E-03,-3.266332E+00,-2.833E-03
+7.945000E+00,+116.834E-03,-557.789E-03,-3.894472E+00,+2.443E-03
+7.950000E+00,-197.236E-03,-243.719E-03,-2.889447E+00,-4.592E-03
+7.955000E+00,+204.774E-03,-243.719E-03,-3.266332E+00,-1.828E-03
+7.960000E+00,-197.236E-03,-30.151E-03,-3.052764E+00,-2.833E-03
+7.965000E+00,-109.296E-03,-155.779E-03,-3.354271E+00,-3.838E-03
+7.970000E+00,-574.120E-03,+158.292E-03,-3.253769E+00,-4.843E-03
+7.975000E+00,+204.774E-03,+45.226E-03,-2.864322E+00,-7.607E-03
+7.980000E+00,-222.362E-03,-30.151E-03,-3.052764E+00,-4.717E-03
+7.985000E+00,-423.367E-03,+70.352E-03,-3.178392E+00,-7.858E-03
+7.990000E+00,-574.120E-03,+145.729E-03,-2.864322E+00,-4.592E-03
+7.995000E+00,-197.236E-03,-532.663E-03,-2.864322E+00,-3.587E-03
+8.000000E+00,-197.236E-03,-243.719E-03,-2.864322E+00,-2.833E-03
+8.005000E+00,-109.296E-03,-243.719E-03,-2.864322E+00,+1.564E-03
+8.010000E+00,-197.236E-03,-243.719E-03,-2.864322E+00,-8.486E-03
+8.015000E+00,+91.709E-03,-532.663E-03,-2.462312E+00,-5.848E-03
+8.020000E+00,+204.774E-03,-243.719E-03,-2.864322E+00,-2.582E-03
+8.025000E+00,-197.236E-03,-243.719E-03,-2.864322E+00,-4.717E-03
+8.030000E+00,+204.774E-03,+158.292E-03,-3.643216E+00,-697E-06
+8.035000E+00,-486.181E-03,-243.719E-03,-3.153266E+00,-10.496E-03
+8.040000E+00,-222.362E-03,-432.161E-03,-3.266332E+00,-4.717E-03
+8.045000E+00,-511.306E-03,-243.719E-03,-3.178392E+00,-7.858E-03
+8.050000E+00,+192.211E-03,-633.166E-03,-2.864322E+00,-8.361E-03
+8.055000E+00,-310.301E-03,-645.729E-03,-2.864322E+00,-5.848E-03
+8.060000E+00,-172.110E-03,+158.292E-03,-2.864322E+00,-697E-06
+8.065000E+00,+204.774E-03,+70.352E-03,-2.550251E+00,-3.838E-03
+8.070000E+00,-197.236E-03,-256.281E-03,-2.474874E+00,-823E-06
+8.075000E+00,+91.709E-03,-243.719E-03,-2.751256E+00,-5.345E-03
+8.080000E+00,+16.332E-03,-243.719E-03,-2.462312E+00,-4.717E-03
+8.085000E+00,+116.834E-03,-17.588E-03,-2.462312E+00,-4.717E-03
+8.090000E+00,-209.799E-03,-633.166E-03,-2.864322E+00,-4.592E-03
+8.095000E+00,-373.115E-03,-243.719E-03,-2.864322E+00,+1.062E-03
+8.100000E+00,-385.678E-03,-30.151E-03,-3.266332E+00,-4.717E-03
+8.105000E+00,+204.774E-03,-331.658E-03,-3.090452E+00,+2.443E-03
+8.110000E+00,-197.236E-03,-243.719E-03,-2.474874E+00,-12.632E-03
+8.115000E+00,-197.236E-03,-243.719E-03,-2.751256E+00,-3.587E-03
+8.120000E+00,-197.236E-03,+158.292E-03,-2.462312E+00,-8.989E-03
+8.125000E+00,-511.306E-03,-243.719E-03,-2.638191E+00,-6.979E-03
+8.130000E+00,+204.774E-03,+145.729E-03,-2.462312E+00,-8.361E-03
+8.135000E+00,-310.301E-03,-243.719E-03,-2.575377E+00,-4.717E-03
+8.140000E+00,+204.774E-03,-55.276E-03,-2.060302E+00,-2.833E-03
+8.145000E+00,-109.296E-03,+70.352E-03,-2.462312E+00,-6.979E-03
+8.150000E+00,-184.673E-03,+145.729E-03,-2.462312E+00,-4.717E-03
+8.155000E+00,+91.709E-03,-243.719E-03,-2.462312E+00,-1.828E-03
+8.160000E+00,-197.236E-03,-218.593E-03,-2.462312E+00,-4.466E-03
+8.165000E+00,-197.236E-03,-331.658E-03,-2.462312E+00,-7.858E-03
+8.170000E+00,-172.110E-03,-231.156E-03,-2.462312E+00,-4.843E-03
+8.175000E+00,-310.301E-03,-243.719E-03,-2.462312E+00,-1.828E-03
+8.180000E+00,+204.774E-03,-30.151E-03,-2.060302E+00,-2.833E-03
+8.185000E+00,-197.236E-03,-557.789E-03,-2.688442E+00,-1.577E-03
+8.190000E+00,-197.236E-03,+158.292E-03,-2.462312E+00,-823E-06
+8.195000E+00,+204.774E-03,-243.719E-03,-2.349246E+00,-1.828E-03
+8.200000E+00,-410.804E-03,-243.719E-03,-2.462312E+00,-6.853E-03
+8.205000E+00,-109.296E-03,-243.719E-03,-2.462312E+00,-10.999E-03
+8.210000E+00,-184.673E-03,-633.166E-03,-2.851759E+00,-4.717E-03
+8.215000E+00,+204.774E-03,-130.653E-03,-2.575377E+00,-3.587E-03
+8.220000E+00,-8.794E-03,-432.161E-03,-2.273869E+00,+1.187E-03
+8.225000E+00,-197.236E-03,+70.352E-03,-2.148241E+00,-7.858E-03
+8.230000E+00,-197.236E-03,-243.719E-03,-2.047739E+00,-4.843E-03
+8.235000E+00,-486.181E-03,-243.719E-03,-2.462312E+00,-1.828E-03
+8.240000E+00,-172.110E-03,-30.151E-03,-2.248744E+00,-4.717E-03
+8.245000E+00,+204.774E-03,-645.729E-03,-2.374372E+00,-697E-06
+8.250000E+00,-184.673E-03,-633.166E-03,-2.826633E+00,-4.717E-03
+8.255000E+00,+91.709E-03,-243.719E-03,-2.462312E+00,-4.717E-03
+8.260000E+00,-197.236E-03,-243.719E-03,-1.846734E+00,-6.853E-03
+8.265000E+00,+116.834E-03,-243.719E-03,-2.374372E+00,-7.858E-03
+8.270000E+00,+179.648E-03,-231.156E-03,-2.060302E+00,-4.592E-03
+8.275000E+00,+204.774E-03,-532.663E-03,-2.173367E+00,-6.476E-03
+8.280000E+00,-8.794E-03,-243.719E-03,-2.462312E+00,-2.833E-03
+8.285000E+00,+28.895E-03,-243.719E-03,-2.148241E+00,-4.717E-03
+8.290000E+00,+192.211E-03,-243.719E-03,-2.060302E+00,+3.197E-03
+8.295000E+00,+91.709E-03,+158.292E-03,-1.771357E+00,-3.587E-03
+8.300000E+00,+16.332E-03,-243.719E-03,-2.060302E+00,-2.582E-03
+8.305000E+00,-197.236E-03,-155.779E-03,-2.060302E+00,-4.717E-03
+8.310000E+00,+192.211E-03,+145.729E-03,-1.670854E+00,-4.466E-03
+8.315000E+00,-197.236E-03,-243.719E-03,-2.060302E+00,-5.848E-03
+8.320000E+00,-8.794E-03,-243.719E-03,-1.871859E+00,-6.853E-03
+8.325000E+00,-197.236E-03,-243.719E-03,-2.060302E+00,-1.577E-03
+8.330000E+00,-197.236E-03,-243.719E-03,-2.047739E+00,-948E-06
+8.335000E+00,+91.709E-03,+45.226E-03,-2.060302E+00,-1.828E-03
+8.340000E+00,-385.678E-03,-55.276E-03,-2.248744E+00,-2.833E-03
+8.345000E+00,-109.296E-03,-155.779E-03,-1.972362E+00,+2.443E-03
+8.350000E+00,+192.211E-03,-620.603E-03,-1.658292E+00,-4.592E-03
+8.355000E+00,+204.774E-03,-243.719E-03,-1.771357E+00,-697E-06
+8.360000E+00,+204.774E-03,-457.286E-03,-1.871859E+00,-697E-06
+8.365000E+00,-511.306E-03,-557.789E-03,-1.972362E+00,-7.858E-03
+8.370000E+00,+192.211E-03,-243.719E-03,-2.060302E+00,-4.592E-03
+8.375000E+00,+493.719E-03,-356.784E-03,-1.947236E+00,-3.587E-03
+8.380000E+00,-197.236E-03,-55.276E-03,-1.871859E+00,-2.582E-03
+8.385000E+00,-197.236E-03,-155.779E-03,-2.060302E+00,-3.838E-03
+8.390000E+00,-197.236E-03,-231.156E-03,-2.060302E+00,-8.612E-03
+8.395000E+00,+204.774E-03,+45.226E-03,-1.771357E+00,-12.758E-03
+8.400000E+00,-197.236E-03,-30.151E-03,-1.469849E+00,-8.737E-03
+8.405000E+00,-285.176E-03,+158.292E-03,-1.658292E+00,-4.717E-03
+8.410000E+00,-172.110E-03,-243.719E-03,-1.670854E+00,-823E-06
+8.415000E+00,+204.774E-03,-67.839E-03,-1.545226E+00,-1.828E-03
+8.420000E+00,-197.236E-03,-243.719E-03,-1.469849E+00,-6.853E-03
+8.425000E+00,-109.296E-03,-331.658E-03,-1.344221E+00,-1.577E-03
+8.430000E+00,-197.236E-03,-633.166E-03,-1.658292E+00,-948E-06
+8.435000E+00,-197.236E-03,-243.719E-03,-1.658292E+00,-7.607E-03
+8.440000E+00,+16.332E-03,-30.151E-03,-1.658292E+00,-4.969E-03
+8.445000E+00,-825.377E-03,-243.719E-03,-1.570352E+00,-697E-06
+8.450000E+00,-197.236E-03,-243.719E-03,-1.268844E+00,-4.717E-03
+8.455000E+00,+91.709E-03,-243.719E-03,-1.771357E+00,-3.587E-03
+8.460000E+00,+16.332E-03,-55.276E-03,-1.658292E+00,-2.582E-03
+8.465000E+00,-109.296E-03,-243.719E-03,-1.570352E+00,-4.717E-03
+8.470000E+00,-197.236E-03,+145.729E-03,-879.397E-03,-8.486E-03
+8.475000E+00,-310.301E-03,-130.653E-03,-1.545226E+00,-6.476E-03
+8.480000E+00,-172.110E-03,-243.719E-03,-1.444724E+00,-4.717E-03
+8.485000E+00,-197.236E-03,-243.719E-03,-1.256281E+00,-3.838E-03
+8.490000E+00,+192.211E-03,-620.603E-03,-1.268844E+00,-4.843E-03
+8.495000E+00,-599.246E-03,+45.226E-03,-1.771357E+00,-1.828E-03
+8.500000E+00,-197.236E-03,-243.719E-03,-1.256281E+00,-4.969E-03
+8.505000E+00,+116.834E-03,-243.719E-03,-1.344221E+00,-2.456E-03
+8.510000E+00,+192.211E-03,+145.729E-03,-1.256281E+00,-8.612E-03
+8.515000E+00,-197.236E-03,-243.719E-03,-1.545226E+00,-4.717E-03
+8.520000E+00,-172.110E-03,-30.151E-03,-1.256281E+00,-6.853E-03
+8.525000E+00,-197.236E-03,-243.719E-03,-1.344221E+00,-5.597E-03
+8.530000E+00,-209.799E-03,-256.281E-03,-1.658292E+00,-4.717E-03
+8.535000E+00,+91.709E-03,-532.663E-03,-1.545226E+00,-5.848E-03
+8.540000E+00,-197.236E-03,-243.719E-03,-1.469849E+00,+1.690E-03
+8.545000E+00,-285.176E-03,-155.779E-03,-1.256281E+00,-1.577E-03
+8.550000E+00,-197.236E-03,+145.729E-03,-1.256281E+00,-4.717E-03
+8.555000E+00,+91.709E-03,-243.719E-03,-967.337E-03,-6.476E-03
+8.560000E+00,-197.236E-03,-55.276E-03,-1.042714E+00,-2.582E-03
+8.565000E+00,+204.774E-03,+70.352E-03,-1.570352E+00,-3.838E-03
+8.570000E+00,-197.236E-03,-243.719E-03,-1.268844E+00,+3.072E-03
+8.575000E+00,-197.236E-03,-243.719E-03,-1.256281E+00,-5.848E-03
+8.580000E+00,-385.678E-03,-432.161E-03,-1.256281E+00,-2.582E-03
+8.585000E+00,-197.236E-03,-243.719E-03,-1.168342E+00,-2.456E-03
+8.590000E+00,-599.246E-03,-231.156E-03,-1.658292E+00,-823E-06
+8.595000E+00,+91.709E-03,-356.784E-03,-967.337E-03,-4.717E-03
+8.600000E+00,+204.774E-03,-243.719E-03,-1.256281E+00,-6.853E-03
+8.605000E+00,-197.236E-03,-155.779E-03,-1.168342E+00,-1.577E-03
+8.610000E+00,+204.774E-03,-243.719E-03,-1.256281E+00,-4.843E-03
+8.615000E+00,+204.774E-03,+45.226E-03,-1.080402E+00,-1.828E-03
+8.620000E+00,-410.804E-03,-30.151E-03,-1.256281E+00,-2.833E-03
+8.625000E+00,-197.236E-03,-155.779E-03,-1.256281E+00,-2.456E-03
+8.630000E+00,+192.211E-03,-243.719E-03,-1.256281E+00,-4.592E-03
+8.635000E+00,-84.171E-03,-243.719E-03,-854.271E-03,-3.587E-03
+8.640000E+00,-197.236E-03,-268.844E-03,-1.444724E+00,-2.582E-03
+8.645000E+00,-197.236E-03,-243.719E-03,-1.344221E+00,-4.717E-03
+8.650000E+00,+192.211E-03,-243.719E-03,-866.834E-03,-8.486E-03
+8.655000E+00,+91.709E-03,+45.226E-03,-1.143216E+00,-3.587E-03
+8.660000E+00,+204.774E-03,-243.719E-03,-1.067839E+00,-4.466E-03
+8.665000E+00,-109.296E-03,-155.779E-03,-854.271E-03,-10.119E-03
+8.670000E+00,-197.236E-03,-243.719E-03,-854.271E-03,-4.843E-03
+8.675000E+00,+91.709E-03,-243.719E-03,-1.256281E+00,-2.959E-03
+8.680000E+00,-624.372E-03,-55.276E-03,-1.256281E+00,-8.737E-03
+8.685000E+00,-197.236E-03,-243.719E-03,-854.271E-03,-5.597E-03
+8.690000E+00,+204.774E-03,+145.729E-03,-854.271E-03,-4.717E-03
+8.695000E+00,-197.236E-03,-243.719E-03,-967.337E-03,-4.717E-03
+8.700000E+00,+16.332E-03,-55.276E-03,-1.042714E+00,-4.717E-03
+8.705000E+00,+116.834E-03,-469.849E-03,-942.211E-03,-2.959E-03
+8.710000E+00,+192.211E-03,-620.603E-03,-854.271E-03,-697E-06
+8.715000E+00,-84.171E-03,-356.784E-03,-854.271E-03,-4.717E-03
+8.720000E+00,-410.804E-03,-30.151E-03,-1.067839E+00,-4.717E-03
+8.725000E+00,-109.296E-03,-331.658E-03,-766.332E-03,-1.577E-03
+8.730000E+00,-586.683E-03,-243.719E-03,-854.271E-03,-948E-06
+8.735000E+00,+204.774E-03,+45.226E-03,-565.327E-03,-697E-06
+8.740000E+00,-197.236E-03,-457.286E-03,-854.271E-03,-4.969E-03
+8.745000E+00,-197.236E-03,+70.352E-03,-766.332E-03,-4.717E-03
+8.750000E+00,-197.236E-03,-620.603E-03,-452.261E-03,-4.717E-03
+8.755000E+00,-197.236E-03,-243.719E-03,-339.196E-03,-3.587E-03
+8.760000E+00,+204.774E-03,-55.276E-03,-263.819E-03,-697E-06
+8.765000E+00,+204.774E-03,-243.719E-03,-452.261E-03,-4.717E-03
+8.770000E+00,+192.211E-03,-243.719E-03,-841.709E-03,-4.717E-03
+8.775000E+00,-310.301E-03,-243.719E-03,-565.327E-03,-3.587E-03
+8.780000E+00,-197.236E-03,-670.854E-03,-640.704E-03,-4.969E-03
+8.785000E+00,-423.367E-03,-331.658E-03,-1.080402E+00,-1.577E-03
+8.790000E+00,+192.211E-03,-243.719E-03,-866.834E-03,-948E-06
+8.795000E+00,+91.709E-03,+45.226E-03,-452.261E-03,-1.828E-03
+8.800000E+00,-197.236E-03,-432.161E-03,-238.694E-03,-4.717E-03
+8.805000E+00,-511.306E-03,-243.719E-03,-854.271E-03,-697E-06
+8.810000E+00,-197.236E-03,-243.719E-03,-452.261E-03,-8.612E-03
+8.815000E+00,-84.171E-03,-243.719E-03,-1.143216E+00,-5.848E-03
+8.820000E+00,+16.332E-03,-457.286E-03,-665.829E-03,-2.833E-03
+8.825000E+00,+116.834E-03,-557.789E-03,-766.332E-03,-4.717E-03
+8.830000E+00,+192.211E-03,-231.156E-03,-464.824E-03,+3.197E-03
+8.835000E+00,+91.709E-03,-130.653E-03,-565.327E-03,-3.587E-03
+8.840000E+00,+204.774E-03,+158.292E-03,-238.694E-03,-2.833E-03
+8.845000E+00,+204.774E-03,-243.719E-03,-766.332E-03,-1.577E-03
+8.850000E+00,-184.673E-03,-243.719E-03,-452.261E-03,-8.486E-03
+8.855000E+00,-373.115E-03,-130.653E-03,-452.261E-03,-6.476E-03
+8.860000E+00,-172.110E-03,-268.844E-03,-452.261E-03,-2.582E-03
+8.865000E+00,-109.296E-03,-243.719E-03,-854.271E-03,+1.564E-03
+8.870000E+00,-197.236E-03,+145.729E-03,-854.271E-03,-4.592E-03
+8.875000E+00,-197.236E-03,-243.719E-03,-452.261E-03,-7.607E-03
+8.880000E+00,+16.332E-03,-243.719E-03,-452.261E-03,-8.737E-03
+8.885000E+00,-197.236E-03,+70.352E-03,-452.261E-03,-697E-06
+8.890000E+00,+192.211E-03,-243.719E-03,-452.261E-03,-697E-06
+8.895000E+00,-197.236E-03,-243.719E-03,-163.317E-03,-4.717E-03
+8.900000E+00,-410.804E-03,-243.719E-03,-452.261E-03,-3.084E-03
+8.905000E+00,+28.895E-03,-243.719E-03,-138.191E-03,-3.838E-03
+8.910000E+00,+192.211E-03,-231.156E-03,-452.261E-03,-697E-06
+8.915000E+00,-599.246E-03,-243.719E-03,-452.261E-03,-2.959E-03
+8.920000E+00,+16.332E-03,-268.844E-03,+163.317E-03,-2.833E-03
+8.925000E+00,-109.296E-03,-243.719E-03,-678.392E-03,-4.717E-03
+8.930000E+00,-209.799E-03,-243.719E-03,-427.136E-03,-8.486E-03
+8.935000E+00,+91.709E-03,-243.719E-03,-339.196E-03,-3.587E-03
+8.940000E+00,-197.236E-03,-30.151E-03,-75.377E-03,-8.989E-03
+8.945000E+00,-197.236E-03,-243.719E-03,-452.261E-03,-697E-06
+8.950000E+00,+204.774E-03,-256.281E-03,-50.251E-03,-8.486E-03
+8.955000E+00,-84.171E-03,-356.784E-03,-50.251E-03,-1.828E-03
+8.960000E+00,-172.110E-03,-645.729E-03,-238.694E-03,-4.717E-03
+8.965000E+00,-197.236E-03,-243.719E-03,-364.322E-03,-3.838E-03
+8.970000E+00,+192.211E-03,-243.719E-03,-62.814E-03,-4.717E-03
+8.975000E+00,-373.115E-03,-243.719E-03,-163.317E-03,-1.828E-03
+8.980000E+00,+16.332E-03,-243.719E-03,-238.694E-03,-4.717E-03
+8.985000E+00,-109.296E-03,-17.588E-03,-50.251E-03,-1.577E-03
+8.990000E+00,+204.774E-03,+158.292E-03,-452.261E-03,-8.612E-03
+8.995000E+00,-310.301E-03,-356.784E-03,-163.317E-03,-2.959E-03
+9.000000E+00,-197.236E-03,-243.719E-03,-452.261E-03,+1.438E-03
+9.005000E+00,-109.296E-03,-155.779E-03,-138.191E-03,-697E-06
+9.010000E+00,+204.774E-03,-243.719E-03,-50.251E-03,-4.592E-03
+9.015000E+00,-197.236E-03,-356.784E-03,-339.196E-03,-2.959E-03
+9.020000E+00,-33.919E-03,-30.151E-03,-263.819E-03,-4.466E-03
+9.025000E+00,-109.296E-03,-155.779E-03,-138.191E-03,-6.979E-03
+9.030000E+00,-197.236E-03,-243.719E-03,-452.261E-03,-823E-06
+9.035000E+00,-197.236E-03,-243.719E-03,-163.317E-03,-8.737E-03
+9.040000E+00,-8.794E-03,+158.292E-03,-25.126E-03,-2.582E-03
+9.045000E+00,+116.834E-03,-557.789E-03,-50.251E-03,-4.717E-03
+9.050000E+00,-184.673E-03,-243.719E-03,-50.251E-03,-4.717E-03
+9.055000E+00,-84.171E-03,+158.292E-03,-276.382E-03,-5.848E-03
+9.060000E+00,-8.794E-03,-432.161E-03,-50.251E-03,-697E-06
+9.065000E+00,+204.774E-03,-331.658E-03,-50.251E-03,-3.838E-03
+9.070000E+00,-197.236E-03,-243.719E-03,-439.699E-03,+2.946E-03
+9.075000E+00,-197.236E-03,-130.653E-03,-339.196E-03,+1.062E-03
+9.080000E+00,-222.362E-03,-30.151E-03,-75.377E-03,-2.833E-03
+9.085000E+00,+116.834E-03,+70.352E-03,-452.261E-03,-697E-06
+9.090000E+00,-184.673E-03,-256.281E-03,-50.251E-03,-4.717E-03
+9.095000E+00,-197.236E-03,-243.719E-03,-50.251E-03,-6.476E-03
+9.100000E+00,-197.236E-03,-55.276E-03,-263.819E-03,-4.717E-03
+9.105000E+00,-197.236E-03,-17.588E-03,-50.251E-03,-1.577E-03
+9.110000E+00,+192.211E-03,-243.719E-03,-50.251E-03,-8.361E-03
+9.115000E+00,+91.709E-03,-243.719E-03,+62.814E-03,-1.828E-03
+9.120000E+00,-8.794E-03,-218.593E-03,-238.694E-03,-4.969E-03
+9.125000E+00,-285.176E-03,-243.719E-03,-50.251E-03,-6.979E-03
+9.130000E+00,-184.673E-03,-243.719E-03,-439.699E-03,-4.592E-03
+9.135000E+00,-21.357E-03,-532.663E-03,-565.327E-03,-4.717E-03
+9.140000E+00,-172.110E-03,-243.719E-03,-452.261E-03,-2.833E-03
+9.145000E+00,+116.834E-03,-155.779E-03,-50.251E-03,-4.717E-03
+9.150000E+00,+192.211E-03,-256.281E-03,+326.633E-03,-4.717E-03
+9.155000E+00,+204.774E-03,+45.226E-03,-50.251E-03,-1.828E-03
+9.160000E+00,-385.678E-03,-457.286E-03,-25.126E-03,-6.853E-03
+9.165000E+00,-197.236E-03,+158.292E-03,-50.251E-03,-5.597E-03
+9.170000E+00,+204.774E-03,-243.719E-03,-439.699E-03,-823E-06
+9.175000E+00,-84.171E-03,-130.653E-03,-452.261E-03,-3.587E-03
+9.180000E+00,+229.900E-03,-55.276E-03,-263.819E-03,-4.717E-03
+9.185000E+00,-197.236E-03,-645.729E-03,-364.322E-03,-4.717E-03
+9.190000E+00,-197.236E-03,-243.719E-03,+339.196E-03,-1.074E-03
+9.195000E+00,+204.774E-03,+158.292E-03,-452.261E-03,-4.717E-03
+9.200000E+00,-8.794E-03,-243.719E-03,-50.251E-03,-2.582E-03
+9.205000E+00,+204.774E-03,+70.352E-03,-50.251E-03,-4.717E-03
+9.210000E+00,+192.211E-03,+133.166E-03,+339.196E-03,-4.969E-03
+9.215000E+00,-84.171E-03,+158.292E-03,-50.251E-03,-1.828E-03
+9.220000E+00,+16.332E-03,-432.161E-03,-75.377E-03,-6.602E-03
+9.225000E+00,-197.236E-03,-243.719E-03,-364.322E-03,-1.577E-03
+9.230000E+00,-561.558E-03,+133.166E-03,-452.261E-03,-4.592E-03
+9.235000E+00,+204.774E-03,-67.839E-03,-50.251E-03,-69E-06
+9.240000E+00,+16.332E-03,-457.286E-03,-50.251E-03,-7.104E-03
+9.245000E+00,-599.246E-03,-155.779E-03,-364.322E-03,+685E-06
+9.250000E+00,-586.683E-03,-633.166E-03,-452.261E-03,-4.717E-03
+9.255000E+00,-197.236E-03,-243.719E-03,+62.814E-03,-2.959E-03
+9.260000E+00,+16.332E-03,-243.719E-03,-452.261E-03,-2.833E-03
+9.265000E+00,+116.834E-03,-645.729E-03,-50.251E-03,-4.717E-03
+9.270000E+00,-197.236E-03,-633.166E-03,-50.251E-03,-4.717E-03
+9.275000E+00,+91.709E-03,+158.292E-03,-339.196E-03,-4.717E-03
+9.280000E+00,-8.794E-03,-30.151E-03,-50.251E-03,-2.582E-03
+9.285000E+00,+204.774E-03,-243.719E-03,-50.251E-03,-6.476E-03
+9.290000E+00,-197.236E-03,-231.156E-03,-452.261E-03,-4.717E-03
+9.295000E+00,+91.709E-03,-243.719E-03,-163.317E-03,-1.828E-03
+9.300000E+00,-8.794E-03,-243.719E-03,-50.251E-03,-697E-06
+9.305000E+00,+116.834E-03,-243.719E-03,-138.191E-03,-1.577E-03
+9.310000E+00,+204.774E-03,+133.166E-03,-62.814E-03,-8.612E-03
+9.315000E+00,+91.709E-03,-532.663E-03,-50.251E-03,-5.345E-03
+9.320000E+00,+16.332E-03,-243.719E-03,-640.704E-03,-6.602E-03
+9.325000E+00,-109.296E-03,-645.729E-03,+87.940E-03,+1.564E-03
+9.330000E+00,-184.673E-03,-243.719E-03,-62.814E-03,-823E-06
+9.335000E+00,-197.236E-03,-130.653E-03,-339.196E-03,-1.828E-03
+9.340000E+00,-385.678E-03,+158.292E-03,-238.694E-03,-2.582E-03
+9.345000E+00,-511.306E-03,-243.719E-03,-138.191E-03,-6.979E-03
+9.350000E+00,-599.246E-03,+145.729E-03,-439.699E-03,-823E-06
+9.355000E+00,-197.236E-03,-356.784E-03,-741.206E-03,-3.587E-03
+9.360000E+00,-410.804E-03,-243.719E-03,-452.261E-03,-6.602E-03
+9.365000E+00,+116.834E-03,-557.789E-03,+263.819E-03,-4.717E-03
+9.370000E+00,-209.799E-03,-243.719E-03,-50.251E-03,-4.717E-03
+9.375000E+00,+204.774E-03,-130.653E-03,-50.251E-03,-4.717E-03
+9.380000E+00,+16.332E-03,-243.719E-03,-50.251E-03,-7.104E-03
+9.385000E+00,-109.296E-03,-243.719E-03,-138.191E-03,-6.979E-03
+9.390000E+00,+204.774E-03,-243.719E-03,-50.251E-03,-8.612E-03
+9.395000E+00,-84.171E-03,-419.598E-03,-50.251E-03,-4.717E-03
+9.400000E+00,-222.362E-03,-457.286E-03,-263.819E-03,-697E-06
+9.405000E+00,+116.834E-03,-331.658E-03,-50.251E-03,-5.597E-03
+9.410000E+00,-184.673E-03,-243.719E-03,-50.251E-03,-4.717E-03
+9.415000E+00,+91.709E-03,-243.719E-03,-339.196E-03,-7.607E-03
+9.420000E+00,+204.774E-03,-243.719E-03,-238.694E-03,-4.717E-03
+9.425000E+00,-423.367E-03,-243.719E-03,-364.322E-03,-697E-06
+9.430000E+00,+192.211E-03,-633.166E-03,+339.196E-03,+3.072E-03
+9.435000E+00,+317.839E-03,-243.719E-03,-339.196E-03,-4.717E-03
+9.440000E+00,+204.774E-03,-243.719E-03,-50.251E-03,-3.084E-03
+9.445000E+00,+116.834E-03,-243.719E-03,-452.261E-03,-4.717E-03
+9.450000E+00,-197.236E-03,-231.156E-03,-50.251E-03,-4.592E-03
+9.455000E+00,-486.181E-03,-130.653E-03,-339.196E-03,-4.717E-03
+9.460000E+00,-8.794E-03,-55.276E-03,-50.251E-03,-8.737E-03
+9.465000E+00,+204.774E-03,+70.352E-03,+351.759E-03,-5.597E-03
+9.470000E+00,-209.799E-03,-243.719E-03,-62.814E-03,+3.072E-03
+9.475000E+00,-84.171E-03,-243.719E-03,-339.196E-03,-2.959E-03
+9.480000E+00,-8.794E-03,-432.161E-03,-263.819E-03,-6.602E-03
+9.485000E+00,-109.296E-03,-17.588E-03,+263.819E-03,-2.456E-03
+9.490000E+00,-197.236E-03,+145.729E-03,-62.814E-03,-8.612E-03
+9.495000E+00,+91.709E-03,-130.653E-03,-50.251E-03,-4.717E-03
+9.500000E+00,-197.236E-03,-432.161E-03,-25.126E-03,-2.833E-03
+9.505000E+00,+116.834E-03,-557.789E-03,-138.191E-03,-697E-06
+9.510000E+00,+204.774E-03,-243.719E-03,-37.689E-03,-4.717E-03
+9.515000E+00,+91.709E-03,-130.653E-03,-50.251E-03,-6.476E-03
+9.520000E+00,+204.774E-03,-243.719E-03,-452.261E-03,-697E-06
+9.525000E+00,-109.296E-03,-645.729E-03,-50.251E-03,+1.564E-03
+9.530000E+00,+204.774E-03,-243.719E-03,-62.814E-03,-4.592E-03
+9.535000E+00,-84.171E-03,-130.653E-03,-50.251E-03,-3.587E-03
+9.540000E+00,-197.236E-03,-243.719E-03,+138.191E-03,-6.602E-03
+9.545000E+00,-197.236E-03,+70.352E-03,-50.251E-03,-4.717E-03
+9.550000E+00,-197.236E-03,-633.166E-03,-62.814E-03,-4.717E-03
+9.555000E+00,-21.357E-03,-532.663E-03,-452.261E-03,+1.062E-03
+9.560000E+00,-385.678E-03,+158.292E-03,-452.261E-03,-6.602E-03
+9.565000E+00,+430.905E-03,-243.719E-03,-50.251E-03,-4.717E-03
+9.570000E+00,+204.774E-03,+133.166E-03,-37.689E-03,+6.966E-03
+9.575000E+00,-486.181E-03,-356.784E-03,-339.196E-03,-697E-06
+9.580000E+00,+204.774E-03,-243.719E-03,-238.694E-03,-2.833E-03
+9.585000E+00,-197.236E-03,-331.658E-03,-138.191E-03,-1.577E-03
+9.590000E+00,-184.673E-03,+145.729E-03,-50.251E-03,-948E-06
+9.595000E+00,+91.709E-03,+45.226E-03,-50.251E-03,-4.717E-03
+9.600000E+00,-410.804E-03,-55.276E-03,-50.251E-03,-8.486E-03
+9.605000E+00,+116.834E-03,-557.789E-03,-452.261E-03,-4.717E-03
+9.610000E+00,-574.120E-03,-243.719E-03,-50.251E-03,-12.506E-03
+9.615000E+00,-373.115E-03,+158.292E-03,-50.251E-03,-697E-06
+9.620000E+00,-197.236E-03,-30.151E-03,+163.317E-03,-4.969E-03
+9.625000E+00,+204.774E-03,+70.352E-03,+37.688E-03,-697E-06
+9.630000E+00,+204.774E-03,-243.719E-03,-50.251E-03,-697E-06
+9.635000E+00,-84.171E-03,-130.653E-03,-452.261E-03,-4.717E-03
+9.640000E+00,-197.236E-03,-30.151E-03,+376.884E-03,-6.853E-03
+9.645000E+00,-109.296E-03,-243.719E-03,-452.261E-03,-2.959E-03
+9.650000E+00,-197.236E-03,+145.729E-03,-439.699E-03,-948E-06
+9.655000E+00,+204.774E-03,+45.226E-03,+238.693E-03,-4.717E-03
+9.660000E+00,+16.332E-03,-243.719E-03,-452.261E-03,-2.582E-03
+9.665000E+00,-197.236E-03,-243.719E-03,-50.251E-03,-697E-06
+9.670000E+00,-599.246E-03,+145.729E-03,-452.261E-03,-823E-06
+9.675000E+00,+91.709E-03,-532.663E-03,-163.317E-03,-12.758E-03
+9.680000E+00,+393.216E-03,+158.292E-03,-263.819E-03,-697E-06
+9.685000E+00,-197.236E-03,-557.789E-03,+351.759E-03,-8.737E-03
+9.690000E+00,+192.211E-03,-633.166E-03,-37.689E-03,-823E-06
+9.695000E+00,+204.774E-03,-419.598E-03,-339.196E-03,-4.717E-03
+9.700000E+00,-8.794E-03,-55.276E-03,-238.694E-03,-697E-06
+9.705000E+00,-109.296E-03,-331.658E-03,-364.322E-03,-6.979E-03
+9.710000E+00,-197.236E-03,-256.281E-03,-50.251E-03,-4.843E-03
+9.715000E+00,-310.301E-03,-243.719E-03,-50.251E-03,-1.828E-03
+9.720000E+00,-8.794E-03,-55.276E-03,-452.261E-03,-4.717E-03
+9.725000E+00,+204.774E-03,-557.789E-03,-50.251E-03,-1.577E-03
+9.730000E+00,+179.648E-03,-231.156E-03,-452.261E-03,+2.820E-03
+9.735000E+00,+91.709E-03,-532.663E-03,+125.628E-03,-2.959E-03
+9.740000E+00,-197.236E-03,-243.719E-03,-50.251E-03,-2.833E-03
+9.745000E+00,-197.236E-03,-331.658E-03,-50.251E-03,+182E-06
+9.750000E+00,+192.211E-03,+145.729E-03,-50.251E-03,-4.843E-03
+9.755000E+00,+91.709E-03,+45.226E-03,-452.261E-03,-1.828E-03
+9.760000E+00,-8.794E-03,-243.719E-03,-238.694E-03,-2.582E-03
+9.765000E+00,-511.306E-03,-557.789E-03,-364.322E-03,-4.717E-03
+9.770000E+00,-599.246E-03,-243.719E-03,-439.699E-03,-697E-06
+9.775000E+00,-84.171E-03,-243.719E-03,-339.196E-03,-1.828E-03
+9.780000E+00,+204.774E-03,-218.593E-03,-50.251E-03,-4.717E-03
+9.785000E+00,+204.774E-03,-243.719E-03,-50.251E-03,-3.838E-03
+9.790000E+00,+192.211E-03,-243.719E-03,-62.814E-03,-12.255E-03
+9.795000E+00,-84.171E-03,-243.719E-03,+238.693E-03,-1.828E-03
+9.800000E+00,-197.236E-03,+158.292E-03,+163.317E-03,-4.969E-03
+9.805000E+00,-109.296E-03,-243.719E-03,-50.251E-03,-4.717E-03
+9.810000E+00,-197.236E-03,-243.719E-03,-62.814E-03,-697E-06
+9.815000E+00,+91.709E-03,-243.719E-03,-339.196E-03,-7.607E-03
+9.820000E+00,-222.362E-03,-55.276E-03,-50.251E-03,-2.833E-03
+9.825000E+00,+116.834E-03,-243.719E-03,-50.251E-03,-697E-06
+9.830000E+00,+192.211E-03,-633.166E-03,-439.699E-03,-4.717E-03
+9.835000E+00,-21.357E-03,-243.719E-03,-50.251E-03,+1.062E-03
+9.840000E+00,+16.332E-03,-243.719E-03,-263.819E-03,-6.853E-03
+9.845000E+00,+204.774E-03,+70.352E-03,-364.322E-03,-1.577E-03
+9.850000E+00,+192.211E-03,+145.729E-03,-439.699E-03,-4.843E-03
+9.855000E+00,-84.171E-03,+45.226E-03,-163.317E-03,-6.476E-03
+9.860000E+00,-410.804E-03,-30.151E-03,-238.694E-03,-4.717E-03
+9.865000E+00,-423.367E-03,+70.352E-03,-50.251E-03,-697E-06
+9.870000E+00,-184.673E-03,-243.719E-03,-62.814E-03,-4.717E-03
+9.875000E+00,+204.774E-03,-130.653E-03,-339.196E-03,-5.848E-03
+9.880000E+00,-8.794E-03,-243.719E-03,-263.819E-03,-2.582E-03
+9.885000E+00,-285.176E-03,-331.658E-03,-678.392E-03,-5.597E-03
+9.890000E+00,-197.236E-03,-645.729E-03,-439.699E-03,-697E-06
+9.895000E+00,-84.171E-03,-243.719E-03,-452.261E-03,-3.587E-03
+9.900000E+00,-410.804E-03,-243.719E-03,-263.819E-03,-2.582E-03
+9.905000E+00,-109.296E-03,-331.658E-03,-50.251E-03,-4.717E-03
+9.910000E+00,-197.236E-03,-218.593E-03,+339.196E-03,-4.592E-03
+9.915000E+00,-486.181E-03,-130.653E-03,-226.131E-03,-8.737E-03
+9.920000E+00,+204.774E-03,-243.719E-03,-50.251E-03,-948E-06
+9.925000E+00,-197.236E-03,-155.779E-03,-364.322E-03,-4.717E-03
+9.930000E+00,-197.236E-03,-256.281E-03,-50.251E-03,-8.737E-03
+9.935000E+00,-21.357E-03,-419.598E-03,-163.317E-03,-1.828E-03
+9.940000E+00,-8.794E-03,-243.719E-03,-238.694E-03,-2.833E-03
+9.945000E+00,-197.236E-03,-243.719E-03,+175.879E-03,-3.838E-03
+9.950000E+00,-574.120E-03,-633.166E-03,-439.699E-03,-4.717E-03
+9.955000E+00,-84.171E-03,-356.784E-03,-50.251E-03,-1.828E-03
+9.960000E+00,-385.678E-03,-243.719E-03,-50.251E-03,-2.833E-03
+9.965000E+00,-335.427E-03,-645.729E-03,-50.251E-03,-3.838E-03
+9.970000E+00,+204.774E-03,-243.719E-03,-37.689E-03,-4.843E-03
+9.975000E+00,+91.709E-03,-356.784E-03,-339.196E-03,-7.607E-03
+9.980000E+00,+204.774E-03,-243.719E-03,-238.694E-03,-2.833E-03
+9.985000E+00,+204.774E-03,-155.779E-03,-364.322E-03,-3.838E-03
+9.990000E+00,+192.211E-03,-243.719E-03,-841.709E-03,-4.843E-03
+9.995000E+00,-84.171E-03,+45.226E-03,-50.251E-03,-3.587E-03
+10.000000E+00,-8.794E-03,-243.719E-03,-452.261E-03,+1.187E-03
+10.005000E+00,-423.367E-03,-243.719E-03,-452.261E-03,-4.717E-03
+10.010000E+00,-197.236E-03,+145.729E-03,-62.814E-03,-948E-06
+10.015000E+00,+91.709E-03,-130.653E-03,-50.251E-03,-8.737E-03
+10.020000E+00,+16.332E-03,-55.276E-03,-452.261E-03,-4.466E-03
+10.025000E+00,+116.834E-03,-243.719E-03,-50.251E-03,-4.717E-03
+10.030000E+00,-197.236E-03,-243.719E-03,-50.251E-03,-948E-06
+10.035000E+00,-197.236E-03,-356.784E-03,-163.317E-03,-5.848E-03
+10.040000E+00,-385.678E-03,-243.719E-03,-452.261E-03,-8.737E-03
+10.045000E+00,+204.774E-03,-17.588E-03,-50.251E-03,-3.838E-03
+10.050000E+00,+192.211E-03,-231.156E-03,-439.699E-03,-4.969E-03
+10.055000E+00,-84.171E-03,+45.226E-03,-452.261E-03,-5.848E-03
+10.060000E+00,-197.236E-03,-243.719E-03,-452.261E-03,-446E-06
+10.065000E+00,-197.236E-03,-243.719E-03,-50.251E-03,-1.577E-03
+10.070000E+00,+192.211E-03,-243.719E-03,-62.814E-03,-697E-06
+10.075000E+00,+204.774E-03,+158.292E-03,-163.317E-03,-3.587E-03
+10.080000E+00,-197.236E-03,-243.719E-03,-238.694E-03,-2.833E-03
+10.085000E+00,-423.367E-03,-155.779E-03,-452.261E-03,-6.979E-03
+10.090000E+00,-184.673E-03,-256.281E-03,-50.251E-03,-4.717E-03
+10.095000E+00,+91.709E-03,+45.226E-03,-452.261E-03,-1.828E-03
+10.100000E+00,-197.236E-03,-243.719E-03,-238.694E-03,-2.582E-03
+10.105000E+00,+204.774E-03,-557.789E-03,-50.251E-03,-1.577E-03
+10.110000E+00,+192.211E-03,+145.729E-03,-62.814E-03,-697E-06
+10.115000E+00,-373.115E-03,-645.729E-03,-339.196E-03,-7.607E-03
+10.120000E+00,+204.774E-03,-243.719E-03,-50.251E-03,-4.466E-03
+10.125000E+00,+116.834E-03,-243.719E-03,-138.191E-03,-697E-06
+10.130000E+00,+581.659E-03,-231.156E-03,-439.699E-03,-4.843E-03
+10.135000E+00,+493.719E-03,-532.663E-03,-50.251E-03,-4.717E-03
+10.140000E+00,-8.794E-03,-55.276E-03,-263.819E-03,-8.737E-03
+10.145000E+00,-197.236E-03,-155.779E-03,-364.322E-03,-2.456E-03
+10.150000E+00,-184.673E-03,-620.603E-03,+326.633E-03,-4.592E-03
+10.155000E+00,-197.236E-03,-243.719E-03,-163.317E-03,-4.717E-03
+10.160000E+00,-197.236E-03,-243.719E-03,-50.251E-03,-2.833E-03
+10.165000E+00,-197.236E-03,-155.779E-03,-50.251E-03,-8.737E-03
+10.170000E+00,-184.673E-03,-243.719E-03,-62.814E-03,-948E-06
+10.175000E+00,+91.709E-03,-130.653E-03,-50.251E-03,-5.848E-03
+10.180000E+00,+16.332E-03,-457.286E-03,-50.251E-03,-4.969E-03
+10.185000E+00,+204.774E-03,-243.719E-03,-50.251E-03,-4.717E-03
+10.190000E+00,-574.120E-03,+158.292E-03,-50.251E-03,-12.381E-03
+10.195000E+00,+91.709E-03,-356.784E-03,-226.131E-03,-4.717E-03
+10.200000E+00,-410.804E-03,-243.719E-03,-50.251E-03,-4.717E-03
+10.205000E+00,+116.834E-03,-155.779E-03,-138.191E-03,-10.999E-03
+10.210000E+00,+179.648E-03,+145.729E-03,-62.814E-03,-8.612E-03
+10.215000E+00,-84.171E-03,-130.653E-03,-628.141E-03,-3.587E-03
+10.220000E+00,-410.804E-03,-243.719E-03,-238.694E-03,-2.833E-03
+10.225000E+00,-109.296E-03,-243.719E-03,-138.191E-03,-6.979E-03
+10.230000E+00,-197.236E-03,-231.156E-03,-50.251E-03,-697E-06
+10.235000E+00,-310.301E-03,-532.663E-03,-50.251E-03,-2.959E-03
+10.240000E+00,-8.794E-03,-268.844E-03,-50.251E-03,-4.466E-03
+10.245000E+00,-511.306E-03,-243.719E-03,-452.261E-03,-4.717E-03
+10.250000E+00,-184.673E-03,-231.156E-03,-50.251E-03,-697E-06
+10.255000E+00,+91.709E-03,-243.719E-03,-565.327E-03,-3.587E-03
+10.260000E+00,-197.236E-03,-30.151E-03,-75.377E-03,-4.717E-03
+10.265000E+00,-285.176E-03,+70.352E-03,-50.251E-03,-5.597E-03
+10.270000E+00,-197.236E-03,+145.729E-03,-50.251E-03,-4.843E-03
+10.275000E+00,-888.191E-03,+45.226E-03,-226.131E-03,-4.717E-03
+10.280000E+00,-197.236E-03,-30.151E-03,-50.251E-03,-4.717E-03
+10.285000E+00,-599.246E-03,-243.719E-03,-452.261E-03,-3.838E-03
+10.290000E+00,-184.673E-03,-243.719E-03,-50.251E-03,-12.506E-03
+10.295000E+00,-197.236E-03,+45.226E-03,-452.261E-03,+2.192E-03
+10.300000E+00,-8.794E-03,-243.719E-03,-50.251E-03,-948E-06
+10.305000E+00,-511.306E-03,-557.789E-03,-138.191E-03,-3.335E-03
+10.310000E+00,+179.648E-03,-231.156E-03,-452.261E-03,-8.737E-03
+10.315000E+00,-599.246E-03,-130.653E-03,+125.628E-03,-9.366E-03
+10.320000E+00,-8.794E-03,-243.719E-03,-665.829E-03,-2.833E-03
+10.325000E+00,-511.306E-03,-155.779E-03,-364.322E-03,-8.737E-03
+10.330000E+00,+192.211E-03,-633.166E-03,-62.814E-03,-8.737E-03
+10.335000E+00,-197.236E-03,-243.719E-03,-50.251E-03,-697E-06
+10.340000E+00,-197.236E-03,-268.844E-03,-50.251E-03,-4.717E-03
+10.345000E+00,+204.774E-03,+158.292E-03,-364.322E-03,-697E-06
+10.350000E+00,+179.648E-03,+145.729E-03,-62.814E-03,+3.072E-03
+10.355000E+00,-197.236E-03,-356.784E-03,-339.196E-03,-3.587E-03
+10.360000E+00,+16.332E-03,-55.276E-03,-665.829E-03,-2.582E-03
+10.365000E+00,-511.306E-03,-243.719E-03,+37.688E-03,-1.577E-03
+10.370000E+00,-197.236E-03,+145.729E-03,-452.261E-03,+3.197E-03
+10.375000E+00,+91.709E-03,-243.719E-03,-50.251E-03,-8.109E-03
+10.380000E+00,-222.362E-03,-243.719E-03,-452.261E-03,-2.833E-03
+10.385000E+00,-109.296E-03,-331.658E-03,+37.688E-03,-7.858E-03
+10.390000E+00,-209.799E-03,-256.281E-03,-87.940E-03,-8.486E-03
+10.395000E+00,-197.236E-03,+45.226E-03,-452.261E-03,-9.366E-03
+10.400000E+00,-8.794E-03,-30.151E-03,+138.191E-03,-2.833E-03
+10.405000E+00,-423.367E-03,-331.658E-03,+263.819E-03,-3.838E-03
+10.410000E+00,-209.799E-03,-231.156E-03,-464.824E-03,+3.072E-03
+10.415000E+00,-310.301E-03,-243.719E-03,-163.317E-03,+1.062E-03
+10.420000E+00,-8.794E-03,+133.166E-03,-477.387E-03,-697E-06
+10.425000E+00,+116.834E-03,+70.352E-03,-452.261E-03,-6.979E-03
+10.430000E+00,-184.673E-03,+145.729E-03,-829.146E-03,-4.592E-03
+10.435000E+00,+204.774E-03,-130.653E-03,-339.196E-03,-3.587E-03
+10.440000E+00,-197.236E-03,+158.292E-03,-238.694E-03,-4.466E-03
+10.445000E+00,-285.176E-03,-155.779E-03,-138.191E-03,-697E-06
+10.450000E+00,-197.236E-03,+145.729E-03,-50.251E-03,-4.592E-03
+10.455000E+00,-197.236E-03,-645.729E-03,-276.382E-03,-4.717E-03
+10.460000E+00,+204.774E-03,+158.292E-03,-50.251E-03,-4.717E-03
+10.465000E+00,+204.774E-03,-469.849E-03,-364.322E-03,+182E-06
+10.470000E+00,+192.211E-03,+145.729E-03,-452.261E-03,-4.843E-03
+10.475000E+00,-84.171E-03,-67.839E-03,-50.251E-03,-4.717E-03
+10.480000E+00,+16.332E-03,-432.161E-03,-263.819E-03,-697E-06
+10.485000E+00,-599.246E-03,-243.719E-03,-138.191E-03,-2.456E-03
+10.490000E+00,-184.673E-03,+158.292E-03,-439.699E-03,-4.717E-03
+10.495000E+00,-84.171E-03,-243.719E-03,-339.196E-03,-6.476E-03
+10.500000E+00,-574.120E-03,-243.719E-03,+163.317E-03,-2.833E-03
+10.505000E+00,-197.236E-03,-155.779E-03,-138.191E-03,-1.577E-03
+10.510000E+00,+204.774E-03,+158.292E-03,-50.251E-03,-4.717E-03
+10.515000E+00,+204.774E-03,-532.663E-03,-50.251E-03,+433E-06
+10.520000E+00,-197.236E-03,-243.719E-03,-452.261E-03,-6.853E-03
+10.525000E+00,-197.236E-03,-557.789E-03,-364.322E-03,-3.335E-03
+10.530000E+00,-586.683E-03,-256.281E-03,-427.136E-03,-823E-06
+10.535000E+00,-197.236E-03,-243.719E-03,-50.251E-03,-5.848E-03
+10.540000E+00,-8.794E-03,-218.593E-03,-263.819E-03,-4.717E-03
+10.545000E+00,-21.357E-03,-331.658E-03,-50.251E-03,-4.717E-03
+10.550000E+00,+204.774E-03,-243.719E-03,-62.814E-03,-823E-06
+10.555000E+00,-84.171E-03,-243.719E-03,-163.317E-03,-4.717E-03
+10.560000E+00,-8.794E-03,+158.292E-03,-50.251E-03,-2.582E-03
+10.565000E+00,-423.367E-03,-469.849E-03,-364.322E-03,-4.717E-03
+10.570000E+00,+192.211E-03,-633.166E-03,-62.814E-03,-4.717E-03
+10.575000E+00,-310.301E-03,-130.653E-03,-50.251E-03,-7.607E-03
+10.580000E+00,-8.794E-03,-243.719E-03,-238.694E-03,-4.466E-03
+10.585000E+00,-197.236E-03,-331.658E-03,-50.251E-03,-5.597E-03
+10.590000E+00,-197.236E-03,-256.281E-03,-50.251E-03,-4.969E-03
+10.595000E+00,+91.709E-03,-532.663E-03,+238.693E-03,-697E-06
+10.600000E+00,-197.236E-03,-30.151E-03,-50.251E-03,-697E-06
+10.605000E+00,+28.895E-03,+70.352E-03,+175.879E-03,-7.858E-03
+10.610000E+00,+204.774E-03,-243.719E-03,-452.261E-03,-4.717E-03
+10.615000E+00,+91.709E-03,-130.653E-03,-50.251E-03,-2.959E-03
+10.620000E+00,-172.110E-03,+158.292E-03,-50.251E-03,-697E-06
+10.625000E+00,+116.834E-03,-243.719E-03,-50.251E-03,-8.737E-03
+10.630000E+00,-197.236E-03,+133.166E-03,-452.261E-03,-823E-06
+10.635000E+00,+91.709E-03,+45.226E-03,-163.317E-03,-3.587E-03
+10.640000E+00,-8.794E-03,-243.719E-03,-263.819E-03,-697E-06
+10.645000E+00,+116.834E-03,-17.588E-03,+37.688E-03,-7.858E-03
+10.650000E+00,-197.236E-03,-243.719E-03,-50.251E-03,-8.486E-03
+10.655000E+00,-21.357E-03,-243.719E-03,-339.196E-03,-4.717E-03
+10.660000E+00,-8.794E-03,-243.719E-03,-452.261E-03,-6.853E-03
+10.665000E+00,+430.905E-03,-469.849E-03,-364.322E-03,-5.597E-03
+10.670000E+00,-197.236E-03,-256.281E-03,+339.196E-03,-4.843E-03
+10.675000E+00,-310.301E-03,+158.292E-03,-50.251E-03,-5.848E-03
+10.680000E+00,-222.362E-03,-243.719E-03,-452.261E-03,-446E-06
+10.685000E+00,+204.774E-03,-155.779E-03,-452.261E-03,-1.577E-03
+10.690000E+00,+204.774E-03,+158.292E-03,-37.689E-03,-823E-06
+10.695000E+00,-197.236E-03,-243.719E-03,-339.196E-03,-4.717E-03
+10.700000E+00,+418.342E-03,-218.593E-03,+163.317E-03,+1.690E-03
+10.705000E+00,-197.236E-03,-331.658E-03,-138.191E-03,-4.717E-03
+10.710000E+00,+192.211E-03,-231.156E-03,+351.759E-03,-4.843E-03
+10.715000E+00,-84.171E-03,-532.663E-03,-50.251E-03,-8.737E-03
+10.720000E+00,+16.332E-03,-243.719E-03,-238.694E-03,-2.582E-03
+10.725000E+00,+116.834E-03,+70.352E-03,-138.191E-03,-4.717E-03
+10.730000E+00,-574.120E-03,-243.719E-03,-50.251E-03,-4.592E-03
+10.735000E+00,-84.171E-03,-130.653E-03,-452.261E-03,-4.717E-03
+10.740000E+00,-197.236E-03,-243.719E-03,-75.377E-03,-8.737E-03
+10.745000E+00,+204.774E-03,-243.719E-03,-50.251E-03,-4.717E-03
+10.750000E+00,+569.096E-03,-243.719E-03,-439.699E-03,+3.197E-03
+10.755000E+00,-197.236E-03,+45.226E-03,-452.261E-03,-1.828E-03
+10.760000E+00,-197.236E-03,-457.286E-03,-50.251E-03,-3.084E-03
+10.765000E+00,+116.834E-03,-469.849E-03,-50.251E-03,+1.564E-03
+10.770000E+00,+192.211E-03,-231.156E-03,-25.126E-03,-4.843E-03
+10.775000E+00,-21.357E-03,-243.719E-03,-50.251E-03,-7.607E-03
+10.780000E+00,-197.236E-03,+158.292E-03,-50.251E-03,-2.833E-03
+10.785000E+00,-197.236E-03,-557.789E-03,-50.251E-03,-4.717E-03
+10.790000E+00,+179.648E-03,-243.719E-03,+326.633E-03,-8.612E-03
+10.795000E+00,+91.709E-03,+45.226E-03,-50.251E-03,-8.235E-03
+10.800000E+00,+204.774E-03,-243.719E-03,-263.819E-03,-2.833E-03
+10.805000E+00,+116.834E-03,-331.658E-03,-50.251E-03,-4.717E-03
+10.810000E+00,-209.799E-03,-243.719E-03,-62.814E-03,-1.074E-03
+10.815000E+00,+91.709E-03,-243.719E-03,-50.251E-03,-1.828E-03
+10.820000E+00,-172.110E-03,-243.719E-03,-50.251E-03,-4.717E-03
+10.825000E+00,+204.774E-03,-243.719E-03,+263.819E-03,-7.858E-03
+10.830000E+00,+192.211E-03,-243.719E-03,-50.251E-03,-697E-06
+10.835000E+00,-197.236E-03,+45.226E-03,+238.693E-03,-2.456E-03
+10.840000E+00,-197.236E-03,-243.719E-03,-238.694E-03,-6.853E-03
+10.845000E+00,+28.895E-03,+70.352E-03,+37.688E-03,-1.577E-03
+10.850000E+00,-197.236E-03,+158.292E-03,-62.814E-03,-948E-06
+10.855000E+00,-310.301E-03,-532.663E-03,-452.261E-03,-697E-06
+10.860000E+00,-8.794E-03,-457.286E-03,-50.251E-03,-2.833E-03
+10.865000E+00,-285.176E-03,-243.719E-03,-540.201E-03,-2.959E-03
+10.870000E+00,-184.673E-03,-243.719E-03,-50.251E-03,-697E-06
+10.875000E+00,-197.236E-03,-356.784E-03,-163.317E-03,-1.828E-03
+10.880000E+00,-8.794E-03,-30.151E-03,-50.251E-03,-8.486E-03
+10.885000E+00,-285.176E-03,-243.719E-03,-226.131E-03,-697E-06
+10.890000E+00,+179.648E-03,-633.166E-03,-50.251E-03,-4.717E-03
+10.895000E+00,+91.709E-03,-243.719E-03,-50.251E-03,-4.717E-03
+10.900000E+00,-222.362E-03,-457.286E-03,-452.261E-03,-2.833E-03
+10.905000E+00,-197.236E-03,-243.719E-03,+263.819E-03,-3.838E-03
+10.910000E+00,-184.673E-03,-633.166E-03,-50.251E-03,-4.717E-03
+10.915000E+00,-197.236E-03,-243.719E-03,-452.261E-03,-7.607E-03
+10.920000E+00,-197.236E-03,-30.151E-03,+138.191E-03,-6.602E-03
+10.925000E+00,-197.236E-03,+158.292E-03,-50.251E-03,-5.597E-03
+10.930000E+00,-586.683E-03,-243.719E-03,-62.814E-03,-823E-06
+10.935000E+00,-486.181E-03,-243.719E-03,-339.196E-03,-5.848E-03
+10.940000E+00,-197.236E-03,-55.276E-03,+163.317E-03,-8.737E-03
+10.945000E+00,-197.236E-03,-243.719E-03,-138.191E-03,-4.717E-03
+10.950000E+00,+179.648E-03,-243.719E-03,-50.251E-03,-823E-06
+10.955000E+00,-21.357E-03,+45.226E-03,+62.814E-03,-4.717E-03
+10.960000E+00,-197.236E-03,-268.844E-03,-25.126E-03,-2.582E-03
+10.965000E+00,-109.296E-03,-243.719E-03,-364.322E-03,-2.456E-03
+10.970000E+00,-574.120E-03,-231.156E-03,-50.251E-03,-4.717E-03
+10.975000E+00,-197.236E-03,+45.226E-03,-50.251E-03,-4.717E-03
+10.980000E+00,-197.236E-03,-243.719E-03,-452.261E-03,-2.833E-03
+10.985000E+00,-285.176E-03,-243.719E-03,-50.251E-03,-697E-06
+10.990000E+00,-197.236E-03,-243.719E-03,-62.814E-03,-4.592E-03
+10.995000E+00,+204.774E-03,-532.663E-03,-50.251E-03,-6.476E-03
+11.000000E+00,+204.774E-03,-55.276E-03,-263.819E-03,-2.833E-03
+11.005000E+00,-197.236E-03,-557.789E-03,-50.251E-03,-4.717E-03
+11.010000E+00,+204.774E-03,+145.729E-03,-439.699E-03,-4.843E-03
+11.015000E+00,-197.236E-03,-243.719E-03,+62.814E-03,-5.848E-03
+11.020000E+00,-8.794E-03,-30.151E-03,-452.261E-03,-6.602E-03
+11.025000E+00,+204.774E-03,-155.779E-03,+263.819E-03,-1.577E-03
+11.030000E+00,-184.673E-03,+145.729E-03,-439.699E-03,-948E-06
+11.035000E+00,-486.181E-03,-243.719E-03,-452.261E-03,-2.456E-03
+11.040000E+00,-8.794E-03,-243.719E-03,-238.694E-03,-446E-06
+11.045000E+00,-423.367E-03,+246.231E-03,-50.251E-03,-3.838E-03
+11.050000E+00,+594.221E-03,-243.719E-03,-452.261E-03,-697E-06
+11.055000E+00,-310.301E-03,+45.226E-03,-163.317E-03,-4.717E-03
+11.060000E+00,+16.332E-03,+346.734E-03,+163.317E-03,-1.200E-03
+11.065000E+00,-197.236E-03,-243.719E-03,-452.261E-03,-3.838E-03
+11.070000E+00,-209.799E-03,-243.719E-03,-439.699E-03,-8.486E-03
+11.075000E+00,+91.709E-03,-243.719E-03,-50.251E-03,-7.607E-03
+11.080000E+00,+16.332E-03,-457.286E-03,-665.829E-03,-4.717E-03
+11.085000E+00,+204.774E-03,-243.719E-03,-138.191E-03,-2.456E-03
+11.090000E+00,+192.211E-03,+145.729E-03,-50.251E-03,-4.717E-03
+11.095000E+00,-84.171E-03,-243.719E-03,-163.317E-03,-3.587E-03
+11.100000E+00,-8.794E-03,-55.276E-03,-452.261E-03,-4.969E-03
+11.105000E+00,+28.895E-03,-155.779E-03,-364.322E-03,+182E-06
+11.110000E+00,-209.799E-03,-243.719E-03,-50.251E-03,-8.486E-03
+11.115000E+00,-197.236E-03,+45.226E-03,-50.251E-03,-6.476E-03
+11.120000E+00,+16.332E-03,-243.719E-03,-263.819E-03,-4.466E-03
+11.125000E+00,+204.774E-03,-155.779E-03,-50.251E-03,-6.476E-03
+11.130000E+00,-197.236E-03,+158.292E-03,-75.377E-03,-823E-06
+11.135000E+00,+28.895E-03,-17.588E-03,-741.206E-03,+3.323E-03
+11.140000E+00,+204.774E-03,-30.151E-03,-238.694E-03,-2.582E-03
+11.145000E+00,-423.367E-03,-243.719E-03,-364.322E-03,-8.737E-03
+11.150000E+00,-197.236E-03,-620.603E-03,-50.251E-03,+3.072E-03
+11.155000E+00,-197.236E-03,-645.729E-03,-50.251E-03,-697E-06
+11.160000E+00,-8.794E-03,-55.276E-03,-263.819E-03,-4.717E-03
+11.165000E+00,+116.834E-03,+70.352E-03,-50.251E-03,+182E-06
+11.170000E+00,+204.774E-03,-256.281E-03,-50.251E-03,-8.612E-03
+11.175000E+00,-197.236E-03,-243.719E-03,-50.251E-03,-2.959E-03
+11.180000E+00,-197.236E-03,-243.719E-03,-50.251E-03,-4.466E-03
+11.185000E+00,-511.306E-03,-155.779E-03,-50.251E-03,-4.717E-03
+11.190000E+00,+204.774E-03,-243.719E-03,-439.699E-03,-697E-06
+11.195000E+00,-197.236E-03,-243.719E-03,+238.693E-03,-697E-06
+11.200000E+00,+204.774E-03,-243.719E-03,-50.251E-03,-2.833E-03
+11.205000E+00,-423.367E-03,-17.588E-03,-50.251E-03,-5.597E-03
+11.210000E+00,-184.673E-03,-243.719E-03,-50.251E-03,-697E-06
+11.215000E+00,-310.301E-03,-243.719E-03,+125.628E-03,-6.476E-03
+11.220000E+00,+179.648E-03,-432.161E-03,-263.819E-03,-2.833E-03
+11.225000E+00,+204.774E-03,-243.719E-03,-50.251E-03,-697E-06
+11.230000E+00,-184.673E-03,-231.156E-03,-50.251E-03,-4.843E-03
+11.235000E+00,+267.588E-03,-532.663E-03,-163.317E-03,-3.587E-03
+11.240000E+00,-197.236E-03,-55.276E-03,-25.126E-03,-8.737E-03
+11.245000E+00,-197.236E-03,-243.719E-03,+37.688E-03,-8.737E-03
+11.250000E+00,+204.774E-03,+158.292E-03,-452.261E-03,-823E-06
+11.255000E+00,+204.774E-03,-243.719E-03,-452.261E-03,-1.828E-03
+11.260000E+00,-8.794E-03,-457.286E-03,-238.694E-03,-6.602E-03
+11.265000E+00,+116.834E-03,-331.658E-03,+37.688E-03,-9.617E-03
+11.270000E+00,-184.673E-03,+145.729E-03,-50.251E-03,-697E-06
+11.275000E+00,+204.774E-03,-419.598E-03,-163.317E-03,-4.717E-03
+11.280000E+00,-197.236E-03,-243.719E-03,-75.377E-03,-4.717E-03
+11.285000E+00,-197.236E-03,-331.658E-03,-50.251E-03,-6.099E-03
+11.290000E+00,-184.673E-03,+145.729E-03,-50.251E-03,-4.717E-03
+11.295000E+00,+91.709E-03,+158.292E-03,-339.196E-03,-8.737E-03
+11.300000E+00,-8.794E-03,-55.276E-03,-452.261E-03,-4.466E-03
+11.305000E+00,-197.236E-03,-557.789E-03,-364.322E-03,-1.577E-03
+11.310000E+00,-184.673E-03,-243.719E-03,-439.699E-03,-4.592E-03
+11.315000E+00,+91.709E-03,+158.292E-03,-50.251E-03,-6.476E-03
+11.320000E+00,-8.794E-03,-30.151E-03,-50.251E-03,-6.602E-03
+11.325000E+00,-197.236E-03,+158.292E-03,-452.261E-03,-5.597E-03
+11.330000E+00,+179.648E-03,+145.729E-03,-452.261E-03,-823E-06
+11.335000E+00,-197.236E-03,-243.719E-03,+238.693E-03,-3.587E-03
+11.340000E+00,+16.332E-03,+183.417E-03,-50.251E-03,-8.989E-03
+11.345000E+00,-197.236E-03,-17.588E-03,-452.261E-03,-7.858E-03
+11.350000E+00,+192.211E-03,-243.719E-03,-50.251E-03,-4.843E-03
+11.355000E+00,-21.357E-03,-532.663E-03,-163.317E-03,-1.828E-03
+11.360000E+00,-8.794E-03,-432.161E-03,-50.251E-03,-6.602E-03
+11.365000E+00,-599.246E-03,-243.719E-03,-678.392E-03,-2.456E-03
+11.370000E+00,+204.774E-03,-243.719E-03,-452.261E-03,-948E-06
+11.375000E+00,-84.171E-03,-243.719E-03,-50.251E-03,+2.192E-03
+11.380000E+00,+204.774E-03,-243.719E-03,-263.819E-03,-2.833E-03
+11.385000E+00,+116.834E-03,-331.658E-03,+263.819E-03,-3.838E-03
+11.390000E+00,+192.211E-03,-243.719E-03,-50.251E-03,-823E-06
+11.395000E+00,-84.171E-03,-356.784E-03,-50.251E-03,-7.607E-03
+11.400000E+00,-197.236E-03,-55.276E-03,-50.251E-03,-4.717E-03
+11.405000E+00,-197.236E-03,-67.839E-03,-364.322E-03,-1.577E-03
+11.410000E+00,+192.211E-03,-243.719E-03,-50.251E-03,-446E-06
+11.415000E+00,+204.774E-03,-243.719E-03,-339.196E-03,-2.959E-03
+11.420000E+00,+16.332E-03,+158.292E-03,-50.251E-03,-4.717E-03
+11.425000E+00,-109.296E-03,-331.658E-03,-364.322E-03,-697E-06
+11.430000E+00,-209.799E-03,+547.739E-03,-62.814E-03,-4.592E-03
+11.435000E+00,-84.171E-03,-243.719E-03,-50.251E-03,-697E-06
+11.440000E+00,-197.236E-03,-457.286E-03,-50.251E-03,-2.833E-03
+11.445000E+00,-197.236E-03,-243.719E-03,-766.332E-03,-697E-06
+11.450000E+00,+217.337E-03,-243.719E-03,-50.251E-03,-4.592E-03
+11.455000E+00,-197.236E-03,-243.719E-03,-339.196E-03,-7.607E-03
+11.460000E+00,+16.332E-03,-457.286E-03,-452.261E-03,-4.717E-03
+11.465000E+00,-109.296E-03,-243.719E-03,-276.382E-03,-4.717E-03
+11.470000E+00,-586.683E-03,+158.292E-03,-50.251E-03,-4.843E-03
+11.475000E+00,-197.236E-03,+45.226E-03,-452.261E-03,-4.717E-03
+11.480000E+00,-8.794E-03,-243.719E-03,-640.704E-03,-697E-06
+11.485000E+00,+116.834E-03,-155.779E-03,-364.322E-03,-9.617E-03
+11.490000E+00,-586.683E-03,-243.719E-03,-62.814E-03,-12.506E-03
+11.495000E+00,-197.236E-03,-532.663E-03,-163.317E-03,-3.587E-03
+11.500000E+00,-8.794E-03,-55.276E-03,+163.317E-03,-4.717E-03
+11.505000E+00,-197.236E-03,-645.729E-03,-50.251E-03,-8.737E-03
+11.510000E+00,-172.110E-03,-243.719E-03,-75.377E-03,-697E-06
+11.515000E+00,-197.236E-03,+45.226E-03,-628.141E-03,-4.717E-03
+11.520000E+00,-410.804E-03,-55.276E-03,-238.694E-03,-10.622E-03
+11.525000E+00,-109.296E-03,-243.719E-03,-364.322E-03,-5.597E-03
+11.530000E+00,-586.683E-03,-243.719E-03,-439.699E-03,-823E-06
+11.535000E+00,-486.181E-03,-532.663E-03,-452.261E-03,-697E-06
+11.540000E+00,+16.332E-03,-30.151E-03,-25.126E-03,-2.833E-03
+11.545000E+00,-197.236E-03,-155.779E-03,-452.261E-03,-3.838E-03
+11.550000E+00,+192.211E-03,-243.719E-03,-62.814E-03,-4.717E-03
+11.555000E+00,-197.236E-03,-243.719E-03,-452.261E-03,-1.828E-03
+11.560000E+00,-197.236E-03,-457.286E-03,-452.261E-03,-4.717E-03
+11.565000E+00,-197.236E-03,-243.719E-03,-452.261E-03,-6.979E-03
+11.570000E+00,-197.236E-03,-243.719E-03,-452.261E-03,-823E-06
+11.575000E+00,-84.171E-03,-356.784E-03,+62.814E-03,+2.192E-03
+11.580000E+00,-8.794E-03,-243.719E-03,-263.819E-03,-697E-06
+11.585000E+00,-197.236E-03,-155.779E-03,-364.322E-03,-5.597E-03
+11.590000E+00,-197.236E-03,+133.166E-03,-439.699E-03,-4.466E-03
+11.595000E+00,-84.171E-03,-243.719E-03,-339.196E-03,-697E-06
+11.600000E+00,-410.804E-03,-243.719E-03,-263.819E-03,-697E-06
+11.605000E+00,+518.844E-03,-243.719E-03,-138.191E-03,-5.597E-03
+11.610000E+00,-586.683E-03,-231.156E-03,-841.709E-03,-948E-06
+11.615000E+00,+91.709E-03,-419.598E-03,+62.814E-03,-697E-06
+11.620000E+00,-599.246E-03,-55.276E-03,-452.261E-03,-4.717E-03
+11.625000E+00,-109.296E-03,-243.719E-03,-50.251E-03,-2.456E-03
+11.630000E+00,+204.774E-03,-243.719E-03,-464.824E-03,-4.592E-03
+11.635000E+00,-84.171E-03,-243.719E-03,-50.251E-03,+1.062E-03
+11.640000E+00,+16.332E-03,-243.719E-03,-238.694E-03,-2.582E-03
+11.645000E+00,-511.306E-03,+158.292E-03,-364.322E-03,-7.858E-03
+11.650000E+00,-599.246E-03,-243.719E-03,-464.824E-03,-4.592E-03
+11.655000E+00,+204.774E-03,-243.719E-03,-339.196E-03,-4.717E-03
+11.660000E+00,-222.362E-03,-55.276E-03,-238.694E-03,-2.582E-03
+11.665000E+00,+116.834E-03,-645.729E-03,-50.251E-03,-7.858E-03
+11.670000E+00,+192.211E-03,-243.719E-03,-50.251E-03,-8.361E-03
+11.675000E+00,+91.709E-03,-243.719E-03,-50.251E-03,-5.848E-03
+11.680000E+00,-197.236E-03,-55.276E-03,-238.694E-03,-6.602E-03
+11.685000E+00,-197.236E-03,-557.789E-03,+37.688E-03,-2.456E-03
+11.690000E+00,+204.774E-03,+133.166E-03,-50.251E-03,-4.717E-03
+11.695000E+00,-486.181E-03,-532.663E-03,-50.251E-03,-12.758E-03
+11.700000E+00,+16.332E-03,-55.276E-03,-263.819E-03,-4.717E-03
+11.705000E+00,-109.296E-03,-331.658E-03,-50.251E-03,-4.717E-03
+11.710000E+00,+204.774E-03,-256.281E-03,-439.699E-03,-823E-06
+11.715000E+00,+204.774E-03,+45.226E-03,-163.317E-03,-1.828E-03
+11.720000E+00,-222.362E-03,-432.161E-03,-263.819E-03,-2.833E-03
+11.725000E+00,+116.834E-03,+70.352E-03,-138.191E-03,-2.456E-03
+11.730000E+00,+179.648E-03,-231.156E-03,-439.699E-03,-12.506E-03
+11.735000E+00,-373.115E-03,-243.719E-03,+125.628E-03,-4.717E-03
+11.740000E+00,-222.362E-03,-243.719E-03,-238.694E-03,-2.833E-03
+11.745000E+00,-197.236E-03,-243.719E-03,-364.322E-03,+685E-06
+11.750000E+00,+204.774E-03,-231.156E-03,-62.814E-03,+3.197E-03
+11.755000E+00,-197.236E-03,-532.663E-03,-163.317E-03,-6.476E-03
+11.760000E+00,+16.332E-03,-30.151E-03,-238.694E-03,-4.717E-03
+11.765000E+00,-109.296E-03,-243.719E-03,-452.261E-03,-5.597E-03
+11.770000E+00,+192.211E-03,-243.719E-03,-50.251E-03,-4.843E-03
+11.775000E+00,+28.895E-03,-67.839E-03,-163.317E-03,-1.828E-03
+11.780000E+00,+16.332E-03,+158.292E-03,-263.819E-03,-6.853E-03
+11.785000E+00,+116.834E-03,-155.779E-03,-364.322E-03,-6.476E-03
+11.790000E+00,-197.236E-03,-231.156E-03,-439.699E-03,-4.843E-03
+11.795000E+00,-197.236E-03,+158.292E-03,+125.628E-03,-5.848E-03
