x-axis,1,2,3,4
second,Volt,Volt,Volt,Volt
+20.60000E-06,,,,
+20.62500E-06,+1.32273868285E+00,+1.01011307165E+00,+1.34375000000E+00,+1.34613691643E+00
+20.65000E-06,+1.35791456187E+00,+1.03523869952E+00,+1.34375000000E+00,+1.33106153971E+00
+20.67500E-06,+1.36293968745E+00,+1.03021357395E+00,+1.35380025115E+00,+1.32603641413E+00
+20.70000E-06,+1.34283918515E+00,+1.01011307165E+00,+1.35380025115E+00,+1.33106153971E+00
+20.72500E-06,+1.34283918515E+00,+1.03021357395E+00,+1.36385050230E+00,+1.32603641413E+00
+20.75000E-06,+1.35791456187E+00,+1.02518844837E+00,+1.34375000000E+00,+1.32101128856E+00
+20.77500E-06,+1.36293968745E+00,+1.02016332280E+00,+1.34375000000E+00,+1.32603641413E+00
+20.80000E-06,+1.35791456187E+00,+1.27141960152E+00,+1.29852386983E+00,+1.29588566069E+00
+20.82500E-06,+1.36293968745E+00,+1.37192211300E+00,+1.34375000000E+00,+1.34613691643E+00
+20.85000E-06,+1.34283918515E+00,+1.35182161070E+00,+1.35882537672E+00,+1.32603641413E+00
+20.87500E-06,+1.34283918515E+00,+1.35182161070E+00,+1.33369974885E+00,+1.32603641413E+00
+20.90000E-06,+1.34786431072E+00,+1.33674623398E+00,+1.35380025115E+00,+1.32603641413E+00
+20.92500E-06,+1.36293968745E+00,+1.35182161070E+00,+1.32364949770E+00,+1.30593591183E+00
+20.95000E-06,+1.36293968745E+00,+1.33172110841E+00,+1.34375000000E+00,+1.34613691643E+00
+20.97500E-06,+1.34283918515E+00,+1.37192211300E+00,+1.35380025115E+00,+1.34613691643E+00
+21.00000E-06,+1.34283918515E+00,+1.04026382510E+00,+1.34877512557E+00,+1.36121229315E+00
+21.02500E-06,+1.34283918515E+00,+1.03021357395E+00,+1.34375000000E+00,+1.28583540954E+00
+21.05000E-06,+1.38304018974E+00,+1.02518844837E+00,+1.32867462328E+00,+1.34613691643E+00
+21.07500E-06,+1.33278893400E+00,+1.03021357395E+00,+1.34375000000E+00,+1.32603641413E+00
+21.10000E-06,+1.32776380843E+00,+1.03021357395E+00,+1.33872487443E+00,+1.34613691643E+00
+21.12500E-06,+1.34283918515E+00,+1.03021357395E+00,+1.30354899541E+00,+1.30593591183E+00
+21.15000E-06,+1.35791456187E+00,+1.06036432739E+00,+1.32867462328E+00,+1.33106153971E+00
+21.17500E-06,+1.33278893400E+00,+1.03021357395E+00,+1.34375000000E+00,+1.32603641413E+00
+21.20000E-06,+1.36293968745E+00,+1.28146985266E+00,+1.32364949770E+00,+1.31096103741E+00
+21.22500E-06,+1.38304018974E+00,+1.37192211300E+00,+1.32364949770E+00,+1.36623741873E+00
+21.25000E-06,+1.32776380843E+00,+1.35182161070E+00,+1.34375000000E+00,+1.34111179085E+00
+21.27500E-06,+1.35288943630E+00,+1.37192211300E+00,+1.34375000000E+00,+1.32603641413E+00
+21.30000E-06,+1.36293968745E+00,+1.33674623398E+00,+1.33872487443E+00,+1.32101128856E+00
+21.32500E-06,+1.36293968744E+00,+1.35182161070E+00,+1.34375000000E+00,+1.34613691643E+00
+21.35000E-06,+1.35791456187E+00,+1.37192211300E+00,+1.34375000000E+00,+1.34613691643E+00
+21.37500E-06,+1.35288943630E+00,+1.35182161070E+00,+1.33369974885E+00,+1.33608666528E+00
+21.40000E-06,+1.34786431072E+00,+1.06538945297E+00,+1.33872487442E+00,+1.35618716758E+00
+21.42500E-06,+1.28253767826E+00,+1.03021357395E+00,+1.32364949770E+00,+1.30593591184E+00
+21.45000E-06,+1.36293968745E+00,+1.03021357395E+00,+1.31862437213E+00,+1.33106153971E+00
+21.47500E-06,+1.35288943630E+00,+1.02016332280E+00,+1.35380025115E+00,+1.35618716758E+00
+21.50000E-06,+1.34786431072E+00,+1.04026382510E+00,+1.34877512557E+00,+1.32603641413E+00
+21.52500E-06,+1.34283918515E+00,+1.01011307165E+00,+1.36385050230E+00,+1.32603641413E+00
+21.55000E-06,+1.34786431072E+00,+1.03021357395E+00,+1.35882537672E+00,+1.32101128856E+00
+21.57500E-06,+1.35288943630E+00,+1.01011307165E+00,+1.34375000000E+00,+1.32603641413E+00
+21.60000E-06,+1.34283918515E+00,+1.27644472709E+00,+1.29852386983E+00,+1.27578515839E+00
+21.62500E-06,+1.38304018974E+00,+1.35182161070E+00,+1.36385050230E+00,+1.32603641413E+00
+21.65000E-06,+1.34283918515E+00,+1.33172110841E+00,+1.32364949770E+00,+1.32101128856E+00
+21.67500E-06,+1.33278893400E+00,+1.36187186185E+00,+1.33369974885E+00,+1.34613691643E+00
+21.70000E-06,+1.32273868285E+00,+1.36689698743E+00,+1.35882537672E+00,+1.32101128856E+00
+21.72500E-06,+1.36293968744E+00,+1.37192211300E+00,+1.32364949770E+00,+1.32603641413E+00
+21.75000E-06,+1.34786431072E+00,+1.35182161070E+00,+1.32867462328E+00,+1.33608666528E+00
+21.77500E-06,+1.35288943630E+00,+1.35182161070E+00,+1.34375000000E+00,+1.33608666528E+00
+21.80000E-06,+1.34283918515E+00,+1.05031407624E+00,+1.34877512557E+00,+1.34111179086E+00
+21.82500E-06,+1.34283918515E+00,+1.01011307165E+00,+1.34375000000E+00,+1.32603641413E+00
+21.85000E-06,+1.36293968745E+00,+1.03021357395E+00,+1.33369974885E+00,+1.34613691643E+00
+21.87500E-06,+1.34283918515E+00,+1.03021357395E+00,+1.34375000000E+00,+1.34613691643E+00
+21.90000E-06,+1.35791456187E+00,+1.04026382510E+00,+1.34375000000E+00,+1.33106153971E+00
+21.92500E-06,+1.34283918515E+00,+1.01011307165E+00,+1.34375000000E+00,+1.34613691643E+00
+21.95000E-06,+1.33278893400E+00,+1.03523869952E+00,+1.34375000000E+00,+1.34613691643E+00
+21.97500E-06,+1.35288943630E+00,+1.02016332280E+00,+1.31359924655E+00,+1.31598616298E+00
+22.00000E-06,+1.36293968745E+00,+1.25131909922E+00,+1.32364949770E+00,+1.30593591183E+00
+22.02500E-06,+1.36293968744E+00,+1.35182161070E+00,+1.32364949770E+00,+1.34613691643E+00
+22.05000E-06,+1.35791456187E+00,+1.35182161070E+00,+1.34877512558E+00,+1.32101128856E+00
+22.07500E-06,+1.35288943630E+00,+1.35182161070E+00,+1.36385050230E+00,+1.33608666528E+00
+22.10000E-06,+1.33278893400E+00,+1.35182161070E+00,+1.34375000000E+00,+1.32603641413E+00
+22.12500E-06,+1.34283918515E+00,+1.37192211300E+00,+1.36385050230E+00,+1.32603641413E+00
+22.15000E-06,+1.34786431072E+00,+1.35182161070E+00,+1.33872487442E+00,+1.33106153971E+00
+22.17500E-06,+1.33278893400E+00,+1.35182161070E+00,+1.34375000000E+00,+1.34613691643E+00
+22.20000E-06,+1.35791456187E+00,+1.03523869952E+00,+1.35380025115E+00,+1.36623741873E+00
+22.22500E-06,+1.32273868285E+00,+1.01011307165E+00,+1.34375000000E+00,+1.32603641413E+00
+22.25000E-06,+1.36796481302E+00,+1.03021357395E+00,+1.32364949770E+00,+1.33608666528E+00
+22.27500E-06,+1.35288943630E+00,+1.01011307165E+00,+1.34375000000E+00,+1.31598616298E+00
+22.30000E-06,+1.34283918515E+00,+1.03021357395E+00,+1.34877512557E+00,+1.32603641413E+00
+22.32500E-06,+1.34283918515E+00,+1.01011307165E+00,+1.34375000000E+00,+1.32603641413E+00
+22.35000E-06,+1.36796481302E+00,+1.02518844837E+00,+1.34877512558E+00,+1.33608666528E+00
+22.37500E-06,+1.36293968745E+00,+1.02016332280E+00,+1.33369974885E+00,+1.34613691643E+00
+22.40000E-06,+1.35791456187E+00,+1.28146985267E+00,+1.30857412098E+00,+1.26070978167E+00
+22.42500E-06,+1.38304018974E+00,+1.35182161071E+00,+1.34375000000E+00,+1.38633792102E+00
+22.45000E-06,+1.35288943629E+00,+1.33674623398E+00,+1.34877512558E+00,+1.32101128856E+00
+22.47500E-06,+1.35288943630E+00,+1.35182161070E+00,+1.32364949770E+00,+1.31598616298E+00
+22.50000E-06,+1.32776380842E+00,+1.35684673628E+00,+1.35380025115E+00,+1.32101128856E+00
+22.52500E-06,+1.34283918515E+00,+1.37192211300E+00,+1.34375000000E+00,+1.32603641413E+00
+22.55000E-06,+1.35791456187E+00,+1.35182161070E+00,+1.36887562787E+00,+1.33106153971E+00
+22.57500E-06,+1.36293968745E+00,+1.37192211300E+00,+1.35380025115E+00,+1.33608666528E+00
+22.60000E-06,+1.33781405958E+00,+1.02016332280E+00,+1.34877512557E+00,+1.34613691643E+00
+22.62500E-06,+1.36293968744E+00,+1.03021357395E+00,+1.34375000000E+00,+1.30593591184E+00
+22.65000E-06,+1.37298993859E+00,+1.03021357395E+00,+1.32867462328E+00,+1.33106153971E+00
+22.67500E-06,+1.36293968745E+00,+1.02016332280E+00,+1.34375000000E+00,+1.34613691643E+00
+22.70000E-06,+1.34786431072E+00,+1.02518844837E+00,+1.31862437213E+00,+1.32603641413E+00
+22.72500E-06,+1.34283918515E+00,+1.03021357395E+00,+1.32364949770E+00,+1.34613691643E+00
+22.75000E-06,+1.33278893400E+00,+1.03021357395E+00,+1.33872487442E+00,+1.34111179085E+00
+22.77500E-06,+1.34283918515E+00,+1.04026382509E+00,+1.33369974885E+00,+1.33608666528E+00
+22.80000E-06,+1.34283918515E+00,+1.29152010382E+00,+1.33872487443E+00,+1.31096103741E+00
+22.82500E-06,+1.38304018974E+00,+1.37192211300E+00,+1.36385050230E+00,+1.36623741872E+00
+22.85000E-06,+1.34786431072E+00,+1.36689698743E+00,+1.34877512558E+00,+1.31096103741E+00
+22.87500E-06,+1.34283918515E+00,+1.35182161070E+00,+1.35380025115E+00,+1.31598616298E+00
+22.90000E-06,+1.35791456187E+00,+1.35684673628E+00,+1.32867462328E+00,+1.34613691643E+00
+22.92500E-06,+1.36293968744E+00,+1.35182161070E+00,+1.32364949770E+00,+1.32603641413E+00
+22.95000E-06,+1.35288943629E+00,+1.37694723858E+00,+1.34375000000E+00,+1.33106153971E+00
+22.97500E-06,+1.35288943630E+00,+1.35182161070E+00,+1.33369974885E+00,+1.34613691643E+00
+23.00000E-06,+1.34283918515E+00,+1.05031407624E+00,+1.32867462328E+00,+1.34613691643E+00
+23.02500E-06,+1.34283918515E+00,+1.01011307165E+00,+1.34375000000E+00,+1.34613691643E+00
+23.05000E-06,+1.35791456187E+00,+1.03523869952E+00,+1.34375000000E+00,+1.32603641413E+00
+23.07500E-06,+1.37298993859E+00,+1.03021357395E+00,+1.34375000000E+00,+1.30593591183E+00
+23.10000E-06,+1.36293968745E+00,+1.03021357395E+00,+1.32867462328E+00,+1.32101128856E+00
+23.12500E-06,+1.34283918515E+00,+1.01011307165E+00,+1.36385050230E+00,+1.32603641413E+00
+23.15000E-06,+1.35791456187E+00,+1.01011307165E+00,+1.36385050230E+00,+1.34111179085E+00
+23.17500E-06,+1.36293968745E+00,+1.03021357395E+00,+1.33369974885E+00,+1.32603641413E+00
+23.20000E-06,+1.35791456187E+00,+1.29654522939E+00,+1.34375000000E+00,+1.32101128856E+00
+23.22500E-06,+1.36293968745E+00,+1.33172110841E+00,+1.36385050229E+00,+1.34613691643E+00
+23.25000E-06,+1.34786431072E+00,+1.34679648513E+00,+1.33872487442E+00,+1.34613691643E+00
+23.27500E-06,+1.32273868285E+00,+1.35182161070E+00,+1.33369974885E+00,+1.33608666528E+00
+23.30000E-06,+1.34283918515E+00,+1.35182161070E+00,+1.33872487442E+00,+1.36121229315E+00
+23.32500E-06,+1.34283918515E+00,+1.39202261530E+00,+1.32364949770E+00,+1.32603641413E+00
+23.35000E-06,+1.34283918515E+00,+1.35182161070E+00,+1.35882537672E+00,+1.35618716757E+00
+23.37500E-06,+1.35288943630E+00,+1.34177135956E+00,+1.34375000000E+00,+1.32603641413E+00
+23.40000E-06,+1.36293968745E+00,+1.05031407624E+00,+1.35380025115E+00,+1.36121229315E+00
+23.42500E-06,+1.34283918515E+00,+1.01011307165E+00,+1.34375000000E+00,+1.32603641413E+00
+23.45000E-06,+1.36293968745E+00,+1.04528895067E+00,+1.34375000000E+00,+1.33106153971E+00
+23.47500E-06,+1.36293968745E+00,+1.02016332280E+00,+1.34375000000E+00,+1.30593591183E+00
+23.50000E-06,+1.38304018974E+00,+1.03021357395E+00,+1.35380025115E+00,+1.32603641413E+00
+23.52500E-06,+1.30263818056E+00,+1.03021357395E+00,+1.34375000000E+00,+1.34613691643E+00
+23.55000E-06,+1.32776380843E+00,+1.04528895067E+00,+1.32364949770E+00,+1.32603641413E+00
+23.57500E-06,+1.35288943630E+00,+1.01011307165E+00,+1.32364949770E+00,+1.30593591183E+00
+23.60000E-06,+1.36293968745E+00,+1.25634422480E+00,+1.31862437213E+00,+1.27076003281E+00
+23.62500E-06,+1.40314069204E+00,+1.37192211300E+00,+1.36385050230E+00,+1.34613691643E+00
+23.65000E-06,+1.32776380843E+00,+1.35182161070E+00,+1.34375000000E+00,+1.32603641413E+00
+23.67500E-06,+1.35288943630E+00,+1.33172110841E+00,+1.35380025115E+00,+1.32603641413E+00
+23.70000E-06,+1.34786431072E+00,+1.35182161070E+00,+1.33872487443E+00,+1.32603641413E+00
+23.72500E-06,+1.36293968745E+00,+1.37192211300E+00,+1.34375000000E+00,+1.32603641413E+00
+23.75000E-06,+1.35791456187E+00,+1.35684673628E+00,+1.35380025114E+00,+1.34613691643E+00
+23.77500E-06,+1.33278893400E+00,+1.35182161070E+00,+1.33369974885E+00,+1.32603641413E+00
+23.80000E-06,+1.33781405958E+00,+1.03523869952E+00,+1.33369974885E+00,+1.36623741873E+00
+23.82500E-06,+1.34283918514E+00,+1.03021357395E+00,+1.34375000000E+00,+1.32603641413E+00
+23.85000E-06,+1.37298993859E+00,+1.04528895067E+00,+1.35882537672E+00,+1.33106153971E+00
+23.87500E-06,+1.37298993859E+00,+1.03021357394E+00,+1.34375000000E+00,+1.33608666528E+00
+23.90000E-06,+1.35791456187E+00,+1.02518844838E+00,+1.34375000000E+00,+1.33608666528E+00
+23.92500E-06,+1.36293968744E+00,+1.03021357395E+00,+1.34375000000E+00,+1.32603641413E+00
+23.95000E-06,+1.34283918515E+00,+1.01513819723E+00,+1.35380025115E+00,+1.31096103741E+00
+23.97500E-06,+1.37298993859E+00,+1.03021357395E+00,+1.34375000000E+00,+1.33608666528E+00
+24.00000E-06,+1.35791456187E+00,+1.25634422480E+00,+1.29852386983E+00,+1.29588566069E+00
+24.02500E-06,+1.38304018974E+00,+1.37192211300E+00,+1.36385050230E+00,+1.36623741872E+00
+24.05000E-06,+1.34283918515E+00,+1.34679648513E+00,+1.35882537672E+00,+1.32603641413E+00
+24.07500E-06,+1.36293968745E+00,+1.35182161070E+00,+1.32364949770E+00,+1.33608666528E+00
+24.10000E-06,+1.31268843170E+00,+1.33674623398E+00,+1.33872487442E+00,+1.33608666528E+00
+24.12500E-06,+1.34283918515E+00,+1.35182161070E+00,+1.34375000000E+00,+1.34613691643E+00
+24.15000E-06,+1.36293968745E+00,+1.34679648513E+00,+1.36385050230E+00,+1.33106153971E+00
+24.17500E-06,+1.34283918515E+00,+1.37192211300E+00,+1.35380025115E+00,+1.33608666528E+00
+24.20000E-06,+1.34786431073E+00,+1.05533920182E+00,+1.34877512557E+00,+1.36623741873E+00
+24.22500E-06,+1.32273868285E+00,+1.01011307165E+00,+1.34375000000E+00,+1.32603641413E+00
+24.25000E-06,+1.37801506417E+00,+1.05031407624E+00,+1.34375000000E+00,+1.34111179085E+00
+24.27500E-06,+1.34283918515E+00,+1.02016332280E+00,+1.35380025115E+00,+1.33608666528E+00
+24.30000E-06,+1.33278893400E+00,+1.02016332280E+00,+1.34375000000E+00,+1.34613691643E+00
+24.32500E-06,+1.34283918515E+00,+1.01011307165E+00,+1.30354899541E+00,+1.34613691643E+00
+24.35000E-06,+1.32776380843E+00,+1.04528895067E+00,+1.32364949770E+00,+1.33106153971E+00
+24.37500E-06,+1.37298993860E+00,+1.04026382510E+00,+1.33369974885E+00,+1.33608666528E+00
+24.40000E-06,+1.36293968745E+00,+1.31664573169E+00,+1.33369974886E+00,+1.28583540954E+00
+24.42500E-06,+1.38304018975E+00,+1.33172110841E+00,+1.32364949771E+00,+1.38633792102E+00
+24.45000E-06,+1.34283918515E+00,+1.35182161070E+00,+1.34375000000E+00,+1.32603641413E+00
+24.47500E-06,+1.34283918515E+00,+1.35182161070E+00,+1.35380025115E+00,+1.31598616298E+00
+24.50000E-06,+1.37801506417E+00,+1.33674623398E+00,+1.35380025115E+00,+1.33106153970E+00
+24.52500E-06,+1.36293968745E+00,+1.35182161070E+00,+1.32364949771E+00,+1.34613691643E+00
+24.55000E-06,+1.35288943630E+00,+1.35684673628E+00,+1.35882537672E+00,+1.32101128855E+00
+24.57500E-06,+1.35288943630E+00,+1.37192211300E+00,+1.34375000000E+00,+1.34613691643E+00
+24.60000E-06,+1.34283918515E+00,+1.06036432739E+00,+1.35380025114E+00,+1.39136304660E+00
+24.62500E-06,+1.34283918515E+00,+1.03021357395E+00,+1.34375000000E+00,+1.32603641413E+00
+24.65000E-06,+1.36796481301E+00,+1.06036432739E+00,+1.36385050230E+00,+1.34111179085E+00
+24.67500E-06,+1.36293968745E+00,+1.02016332280E+00,+1.34375000000E+00,+1.32603641413E+00
+24.70000E-06,+1.35791456187E+00,+1.02518844838E+00,+1.34877512557E+00,+1.34111179086E+00
+24.72500E-06,+1.36293968745E+00,+1.03021357395E+00,+1.36385050229E+00,+1.30593591184E+00
+24.75000E-06,+1.34786431073E+00,+1.03021357395E+00,+1.35882537672E+00,+1.33608666528E+00
+24.77500E-06,+1.36293968744E+00,+1.04026382510E+00,+1.33369974885E+00,+1.32603641414E+00
+24.80000E-06,+1.35791456187E+00,+1.29654522939E+00,+1.31359924656E+00,+1.28583540954E+00
+24.82500E-06,+1.38304018974E+00,+1.39202261530E+00,+1.38395100459E+00,+1.38633792102E+00
+24.85000E-06,+1.34786431073E+00,+1.34177135956E+00,+1.32364949770E+00,+1.32603641413E+00
+24.87500E-06,+1.35288943631E+00,+1.36187186185E+00,+1.32364949770E+00,+1.32603641414E+00
+24.90000E-06,+1.32776380842E+00,+1.35182161070E+00,+1.33369974885E+00,+1.31096103741E+00
+24.92500E-06,+1.34283918515E+00,+1.37192211300E+00,+1.32364949770E+00,+1.30593591184E+00
+24.95000E-06,+1.35791456187E+00,+1.37192211300E+00,+1.35380025114E+00,+1.34613691643E+00
+24.97500E-06,+1.34283918515E+00,+1.37192211300E+00,+1.35380025115E+00,+1.32603641413E+00
+25.00000E-06,+1.34283918515E+00,+1.05031407624E+00,+1.37390075344E+00,+1.34613691643E+00
+25.02500E-06,+1.30263818056E+00,+1.01011307165E+00,+1.36385050230E+00,+1.30593591184E+00
+25.05000E-06,+1.37298993859E+00,+1.03021357395E+00,+1.32867462328E+00,+1.34613691643E+00
+25.07500E-06,+1.35288943630E+00,+1.03021357394E+00,+1.36385050230E+00,+1.31598616298E+00
+25.10000E-06,+1.35791456187E+00,+1.02016332279E+00,+1.32364949770E+00,+1.33106153970E+00
+25.12500E-06,+1.34283918514E+00,+1.03021357394E+00,+1.32364949771E+00,+1.34613691643E+00
+25.15000E-06,+1.34283918515E+00,+1.02518844837E+00,+1.31862437213E+00,+1.33106153971E+00
+25.17500E-06,+1.34283918515E+00,+1.04026382510E+00,+1.33369974885E+00,+1.33608666529E+00
+25.20000E-06,+1.36293968745E+00,+1.26639447594E+00,+1.28847361868E+00,+1.27076003281E+00
+25.22500E-06,+1.40314069204E+00,+1.37192211300E+00,+1.38395100459E+00,+1.36623741872E+00
+25.25000E-06,+1.35791456187E+00,+1.35684673628E+00,+1.34375000000E+00,+1.32101128855E+00
+25.27500E-06,+1.36293968745E+00,+1.36187186185E+00,+1.35380025115E+00,+1.32603641413E+00
+25.30000E-06,+1.37298993860E+00,+1.35182161070E+00,+1.33872487443E+00,+1.36121229315E+00
+25.32500E-06,+1.34283918515E+00,+1.35182161071E+00,+1.32364949771E+00,+1.36623741872E+00
+25.35000E-06,+1.35288943630E+00,+1.35182161070E+00,+1.32364949770E+00,+1.36121229315E+00
+25.37500E-06,+1.34283918515E+00,+1.37192211300E+00,+1.33369974885E+00,+1.34613691642E+00
+25.40000E-06,+1.36293968745E+00,+1.04528895066E+00,+1.36385050230E+00,+1.35116204200E+00
+25.42500E-06,+1.32273868285E+00,+1.05031407624E+00,+1.36385050229E+00,+1.32603641413E+00
+25.45000E-06,+1.36293968745E+00,+1.05031407624E+00,+1.33872487442E+00,+1.33106153971E+00
+25.47500E-06,+1.34283918515E+00,+1.04026382510E+00,+1.35380025115E+00,+1.30593591183E+00
+25.50000E-06,+1.34283918515E+00,+1.02016332280E+00,+1.33872487442E+00,+1.32101128856E+00
+25.52500E-06,+1.34283918515E+00,+1.01011307165E+00,+1.34375000000E+00,+1.32603641413E+00
+25.55000E-06,+1.36293968745E+00,+1.01011307165E+00,+1.33369974886E+00,+1.34111179085E+00
+25.57500E-06,+1.36293968745E+00,+1.03021357395E+00,+1.34375000000E+00,+1.32603641413E+00
+25.60000E-06,+1.35791456187E+00,+1.29152010382E+00,+1.31862437213E+00,+1.27076003281E+00
+25.62500E-06,+1.34283918515E+00,+1.37192211300E+00,+1.34375000000E+00,+1.36623741872E+00
+25.65000E-06,+1.32273868285E+00,+1.34679648513E+00,+1.35882537672E+00,+1.32101128855E+00
+25.67500E-06,+1.35288943629E+00,+1.36187186186E+00,+1.32364949770E+00,+1.34613691643E+00
+25.70000E-06,+1.34786431072E+00,+1.34679648513E+00,+1.32364949770E+00,+1.31096103741E+00
+25.72500E-06,+1.36293968745E+00,+1.35182161071E+00,+1.34375000000E+00,+1.32603641413E+00
+25.75000E-06,+1.36293968745E+00,+1.36689698742E+00,+1.34375000000E+00,+1.36121229315E+00
+25.77500E-06,+1.36293968745E+00,+1.36187186185E+00,+1.35380025115E+00,+1.32603641413E+00
+25.80000E-06,+1.34786431072E+00,+1.07041457854E+00,+1.36385050230E+00,+1.36623741873E+00
+25.82500E-06,+1.34283918515E+00,+1.01011307165E+00,+1.36385050229E+00,+1.30593591183E+00
+25.85000E-06,+1.38304018974E+00,+1.03021357395E+00,+1.32867462328E+00,+1.36121229315E+00
+25.87500E-06,+1.35288943629E+00,+1.03021357395E+00,+1.34375000000E+00,+1.35618716757E+00
+25.90000E-06,+1.37298993860E+00,+1.03021357395E+00,+1.35380025116E+00,+1.33106153970E+00
+25.92500E-06,+1.36293968744E+00,+1.03021357395E+00,+1.32364949771E+00,+1.34613691643E+00
+25.95000E-06,+1.34786431073E+00,+1.03021357395E+00,+1.32364949770E+00,+1.32603641413E+00
+25.97500E-06,+1.35288943630E+00,+1.03021357395E+00,+1.34374999999E+00,+1.34613691643E+00
+26.00000E-06,+1.35791456187E+00,+1.26136935037E+00,+1.30354899541E+00,+1.26070978167E+00
+26.02500E-06,+1.40314069204E+00,+1.39202261530E+00,+1.36385050229E+00,+1.36623741873E+00
+26.05000E-06,+1.33278893401E+00,+1.33674623398E+00,+1.34877512558E+00,+1.32101128855E+00
+26.07500E-06,+1.36293968744E+00,+1.36187186186E+00,+1.35380025115E+00,+1.34613691642E+00
+26.10000E-06,+1.34786431072E+00,+1.33674623398E+00,+1.33872487443E+00,+1.34613691643E+00
+26.12500E-06,+1.38304018974E+00,+1.37192211300E+00,+1.36385050230E+00,+1.30593591184E+00
+26.15000E-06,+1.35288943630E+00,+1.35182161070E+00,+1.34877512558E+00,+1.34613691643E+00
+26.17500E-06,+1.36293968745E+00,+1.36187186185E+00,+1.34375000001E+00,+1.33608666528E+00
+26.20000E-06,+1.36293968745E+00,+1.07041457853E+00,+1.34877512557E+00,+1.38633792102E+00
+26.22500E-06,+1.32273868285E+00,+1.03021357395E+00,+1.32364949771E+00,+1.34613691643E+00
+26.25000E-06,+1.36293968745E+00,+1.05031407624E+00,+1.33872487442E+00,+1.34613691643E+00
+26.27500E-06,+1.37298993860E+00,+1.03021357394E+00,+1.35380025115E+00,+1.30593591183E+00
+26.30000E-06,+1.36293968745E+00,+1.02518844838E+00,+1.34375000000E+00,+1.32101128856E+00
+26.32500E-06,+1.34283918515E+00,+990.01256936E-03,+1.34375000000E+00,+1.32603641414E+00
+26.35000E-06,+1.34283918515E+00,+1.01513819723E+00,+1.34877512558E+00,+1.30593591183E+00
+26.37500E-06,+1.34283918515E+00,+1.01011307164E+00,+1.34375000000E+00,+1.31598616299E+00
+26.40000E-06,+1.33781405958E+00,+1.30157035497E+00,+1.33872487443E+00,+1.29588566069E+00
+26.42500E-06,+1.36293968745E+00,+1.37192211300E+00,+1.36385050229E+00,+1.36623741873E+00
+26.45000E-06,+1.32776380843E+00,+1.34679648513E+00,+1.34375000000E+00,+1.34111179085E+00
+26.47500E-06,+1.31268843171E+00,+1.34177135955E+00,+1.34375000000E+00,+1.33608666528E+00
+26.50000E-06,+1.35791456188E+00,+1.33172110841E+00,+1.35380025116E+00,+1.32603641413E+00
+26.52500E-06,+1.36293968744E+00,+1.33172110841E+00,+1.34375000000E+00,+1.30593591184E+00
+26.55000E-06,+1.34283918515E+00,+1.36689698742E+00,+1.35882537672E+00,+1.32101128855E+00
+26.57500E-06,+1.35288943629E+00,+1.35182161070E+00,+1.35380025114E+00,+1.30593591183E+00
+26.60000E-06,+1.34786431072E+00,+1.09051508084E+00,+1.36887562787E+00,+1.35618716757E+00
+26.62500E-06,+1.32273868285E+00,+1.01011307165E+00,+1.34375000000E+00,+1.32603641413E+00
+26.65000E-06,+1.36293968745E+00,+1.04528895067E+00,+1.33369974884E+00,+1.33106153971E+00
+26.67500E-06,+1.34283918515E+00,+1.04026382509E+00,+1.34374999999E+00,+1.31598616298E+00
+26.70000E-06,+1.37298993860E+00,+1.03021357395E+00,+1.33369974886E+00,+1.34111179086E+00
+26.72500E-06,+1.34283918515E+00,+1.01011307165E+00,+1.32364949771E+00,+1.34613691642E+00
+26.75000E-06,+1.33781405957E+00,+1.03021357395E+00,+1.31359924656E+00,+1.33106153971E+00
+26.77500E-06,+1.35288943630E+00,+1.03021357395E+00,+1.35380025114E+00,+1.31598616299E+00
+26.80000E-06,+1.36293968745E+00,+1.25131909922E+00,+1.30354899541E+00,+1.26070978167E+00
+26.82500E-06,+1.38304018974E+00,+1.37192211300E+00,+1.36385050229E+00,+1.34613691643E+00
+26.85000E-06,+1.34786431073E+00,+1.33172110841E+00,+1.34375000000E+00,+1.31096103741E+00
+26.87500E-06,+1.35288943629E+00,+1.37192211301E+00,+1.34375000000E+00,+1.34613691643E+00
+26.90000E-06,+1.36293968745E+00,+1.35182161070E+00,+1.34375000000E+00,+1.34613691643E+00
+26.92500E-06,+1.40314069203E+00,+1.37192211300E+00,+1.34375000000E+00,+1.34613691643E+00
+26.95000E-06,+1.35791456187E+00,+1.35182161070E+00,+1.34375000000E+00,+1.34613691643E+00
+26.97500E-06,+1.35288943630E+00,+1.36187186186E+00,+1.34375000000E+00,+1.34613691643E+00
+27.00000E-06,+1.34283918515E+00,+1.36689698743E+00,+1.33369974884E+00,+1.35116204200E+00
+27.02500E-06,+1.36293968744E+00,+1.35182161070E+00,+1.36385050229E+00,+1.30593591184E+00
+27.05000E-06,+1.35288943629E+00,+1.35684673628E+00,+1.32364949770E+00,+1.30593591183E+00
+27.07500E-06,+1.35288943630E+00,+1.36187186185E+00,+1.35380025115E+00,+1.32603641413E+00
+27.10000E-06,+1.35791456188E+00,+1.35684673627E+00,+1.34877512557E+00,+1.35618716759E+00
+27.12500E-06,+1.34283918515E+00,+1.35182161070E+00,+1.36385050230E+00,+1.30593591184E+00
+27.15000E-06,+1.34283918515E+00,+1.33674623399E+00,+1.36385050230E+00,+1.34613691643E+00
+27.17500E-06,+1.37298993859E+00,+1.35182161070E+00,+1.31359924656E+00,+1.33608666528E+00
+27.20000E-06,+1.36796481302E+00,+1.36689698743E+00,+1.29852386984E+00,+1.32603641413E+00
+27.22500E-06,+1.34283918516E+00,+1.35182161071E+00,+1.36385050229E+00,+1.34613691643E+00
+27.25000E-06,+1.34283918515E+00,+1.35182161070E+00,+1.34375000000E+00,+1.33608666527E+00
+27.27500E-06,+1.34283918515E+00,+1.35182161070E+00,+1.33369974886E+00,+1.34613691643E+00
+27.30000E-06,+1.35791456188E+00,+1.36689698743E+00,+1.32364949770E+00,+1.33106153970E+00
+27.32500E-06,+1.36293968745E+00,+1.35182161071E+00,+1.36385050229E+00,+1.32603641413E+00
+27.35000E-06,+1.35791456187E+00,+1.37694723858E+00,+1.33872487442E+00,+1.33106153971E+00
+27.37500E-06,+1.34283918515E+00,+1.35182161070E+00,+1.35380025115E+00,+1.32603641412E+00
+27.40000E-06,+1.34283918515E+00,+1.34679648513E+00,+1.35882537673E+00,+1.34111179086E+00
+27.42500E-06,+1.36293968744E+00,+1.35182161071E+00,+1.34375000000E+00,+1.32603641413E+00
+27.45000E-06,+1.34786431073E+00,+1.35182161070E+00,+1.33369974886E+00,+1.33106153971E+00
+27.47500E-06,+1.35288943630E+00,+1.35182161070E+00,+1.33369974885E+00,+1.32603641413E+00
+27.50000E-06,+1.33781405958E+00,+1.35182161070E+00,+1.34375000000E+00,+1.34613691643E+00
+27.52500E-06,+1.34283918515E+00,+1.35182161070E+00,+1.34375000000E+00,+1.34613691642E+00
+27.55000E-06,+1.35791456187E+00,+1.37192211300E+00,+1.35380025114E+00,+1.31598616299E+00
+27.57500E-06,+1.33278893400E+00,+1.36187186186E+00,+1.35380025115E+00,+1.33608666528E+00
+27.60000E-06,+1.32776380842E+00,+1.35182161070E+00,+1.34877512557E+00,+1.32603641413E+00
+27.62500E-06,+1.32273868286E+00,+1.35182161070E+00,+1.32364949771E+00,+1.32603641413E+00
+27.65000E-06,+1.34786431073E+00,+1.35684673628E+00,+1.34877512558E+00,+1.32603641413E+00
+27.67500E-06,+1.35288943629E+00,+1.36187186185E+00,+1.34375000000E+00,+1.32603641414E+00
+27.70000E-06,+1.35791456188E+00,+1.34679648513E+00,+1.33872487443E+00,+1.32101128856E+00
+27.72500E-06,+1.34283918515E+00,+1.35182161070E+00,+1.34375000000E+00,+1.34613691643E+00
+27.75000E-06,+1.35791456187E+00,+1.34679648513E+00,+1.35882537672E+00,+1.32101128855E+00
+27.77500E-06,+1.34283918515E+00,+1.35182161070E+00,+1.33369974886E+00,+1.33608666528E+00
+27.80000E-06,+1.35791456188E+00,+1.35684673627E+00,+1.36385050230E+00,+1.35116204200E+00
+27.82500E-06,+1.36293968744E+00,+1.31162060611E+00,+1.34375000000E+00,+1.32603641413E+00
+27.85000E-06,+1.34283918515E+00,+1.35684673628E+00,+1.34375000000E+00,+1.32603641413E+00
+27.87500E-06,+1.35288943629E+00,+1.36187186185E+00,+1.35380025115E+00,+1.31598616298E+00
+27.90000E-06,+1.35791456188E+00,+1.35182161070E+00,+1.34375000000E+00,+1.34111179086E+00
+27.92500E-06,+1.34283918515E+00,+1.35182161071E+00,+1.36385050230E+00,+1.32603641413E+00
+27.95000E-06,+1.34786431073E+00,+1.35684673628E+00,+1.34877512558E+00,+1.31096103741E+00
+27.97500E-06,+1.35288943630E+00,+1.35182161070E+00,+1.35380025115E+00,+1.33608666528E+00
+28.00000E-06,+1.35791456188E+00,+1.35182161070E+00,+1.32364949770E+00,+1.30593591183E+00
+28.02500E-06,+1.36293968744E+00,+1.35182161071E+00,+1.34375000000E+00,+1.36623741872E+00
+28.05000E-06,+1.34283918515E+00,+1.33172110841E+00,+1.33369974886E+00,+1.32603641413E+00
+28.07500E-06,+1.35288943629E+00,+1.35182161070E+00,+1.33369974886E+00,+1.33608666528E+00
+28.10000E-06,+1.33781405956E+00,+1.36187186184E+00,+1.33369974884E+00,+1.34613691643E+00
+28.12500E-06,+1.32273868286E+00,+1.35182161070E+00,+1.34375000000E+00,+1.30593591184E+00
+28.15000E-06,+1.36293968745E+00,+1.37192211300E+00,+1.35882537672E+00,+1.31096103741E+00
+28.17500E-06,+1.37298993860E+00,+1.35182161070E+00,+1.35380025115E+00,+1.33608666528E+00
+28.20000E-06,+1.36293968745E+00,+1.03021357393E+00,+1.34877512557E+00,+1.34613691643E+00
+28.22500E-06,+1.34283918514E+00,+1.03021357395E+00,+1.36385050229E+00,+1.32603641413E+00
+28.25000E-06,+1.35791456187E+00,+1.05031407624E+00,+1.34375000000E+00,+1.32101128855E+00
+28.27500E-06,+1.37298993859E+00,+1.03021357395E+00,+1.32364949770E+00,+1.33608666528E+00
+28.30000E-06,+1.36293968745E+00,+1.03021357395E+00,+1.33369974886E+00,+1.33106153970E+00
+28.32500E-06,+1.34283918515E+00,+1.03021357395E+00,+1.32364949771E+00,+1.34613691642E+00
+28.35000E-06,+1.32776380843E+00,+1.01011307165E+00,+1.34375000000E+00,+1.34111179085E+00
+28.37500E-06,+1.34283918515E+00,+1.03021357396E+00,+1.33369974885E+00,+1.33608666528E+00
+28.40000E-06,+1.34283918515E+00,+1.27644472710E+00,+1.34375000000E+00,+1.30593591183E+00
+28.42500E-06,+1.38304018974E+00,+1.35182161071E+00,+1.34375000000E+00,+1.32603641413E+00
+28.45000E-06,+1.32776380843E+00,+1.35684673628E+00,+1.34877512558E+00,+1.31096103741E+00
+28.47500E-06,+1.35288943629E+00,+1.34177135956E+00,+1.33369974886E+00,+1.31598616299E+00
+28.50000E-06,+1.34786431072E+00,+1.35684673627E+00,+1.34375000000E+00,+1.33106153970E+00
+28.52500E-06,+1.36293968744E+00,+1.37192211300E+00,+1.34375000000E+00,+1.30593591183E+00
+28.55000E-06,+1.36293968745E+00,+1.35684673628E+00,+1.34375000000E+00,+1.33608666529E+00
+28.57500E-06,+1.34283918515E+00,+1.34177135956E+00,+1.34375000000E+00,+1.31598616299E+00
+28.60000E-06,+1.33781405958E+00,+1.05533920181E+00,+1.33369974884E+00,+1.32603641413E+00
+28.62500E-06,+1.32273868286E+00,+1.05031407624E+00,+1.34375000000E+00,+1.30593591184E+00
+28.65000E-06,+1.36293968745E+00,+1.03021357395E+00,+1.34375000000E+00,+1.34613691643E+00
+28.67500E-06,+1.36293968745E+00,+1.01011307165E+00,+1.36385050230E+00,+1.32603641413E+00
+28.70000E-06,+1.35288943631E+00,+1.01011307165E+00,+1.34375000000E+00,+1.32101128856E+00
+28.72500E-06,+1.34283918515E+00,+1.03021357395E+00,+1.32364949771E+00,+1.32603641413E+00
+28.75000E-06,+1.33278893401E+00,+1.03021357395E+00,+1.32867462328E+00,+1.32101128855E+00
+28.77500E-06,+1.37298993861E+00,+1.04026382509E+00,+1.33369974886E+00,+1.33608666528E+00
+28.80000E-06,+1.33781405958E+00,+1.26136935038E+00,+1.32364949770E+00,+1.30593591183E+00
+28.82500E-06,+1.34283918515E+00,+1.35182161071E+00,+1.36385050229E+00,+1.32603641414E+00
+28.85000E-06,+1.34283918515E+00,+1.35182161070E+00,+1.32364949770E+00,+1.32603641413E+00
+28.87500E-06,+1.34283918516E+00,+1.36187186185E+00,+1.34374999999E+00,+1.33608666529E+00
+28.90000E-06,+1.35791456188E+00,+1.35684673627E+00,+1.32867462327E+00,+1.34111179086E+00
+28.92500E-06,+1.36293968744E+00,+1.39202261529E+00,+1.34375000000E+00,+1.32603641413E+00
+28.95000E-06,+1.35791456187E+00,+1.36187186184E+00,+1.36385050230E+00,+1.34111179085E+00
+28.97500E-06,+1.36293968745E+00,+1.36187186185E+00,+1.35380025114E+00,+1.32603641413E+00
+29.00000E-06,+1.33278893399E+00,+1.05031407624E+00,+1.34375000000E+00,+1.34111179086E+00
+29.02500E-06,+1.34283918515E+00,+1.01011307165E+00,+1.32364949771E+00,+1.34613691642E+00
+29.05000E-06,+1.36293968745E+00,+1.02518844837E+00,+1.32867462328E+00,+1.33106153971E+00
+29.07500E-06,+1.37298993860E+00,+1.02016332279E+00,+1.31359924655E+00,+1.33608666527E+00
+29.10000E-06,+1.35791456188E+00,+1.02518844838E+00,+1.33872487443E+00,+1.34613691643E+00
+29.12500E-06,+1.34283918515E+00,+1.03021357394E+00,+1.32364949771E+00,+1.34613691642E+00
+29.15000E-06,+1.35791456187E+00,+1.01011307165E+00,+1.34877512556E+00,+1.31598616299E+00
+29.17500E-06,+1.35288943629E+00,+1.02016332279E+00,+1.32364949770E+00,+1.32603641413E+00
+29.20000E-06,+1.36293968745E+00,+1.27141960151E+00,+1.33369974886E+00,+1.28583540954E+00
+29.22500E-06,+1.38304018974E+00,+1.37192211300E+00,+1.34375000001E+00,+1.32603641414E+00
+29.25000E-06,+1.34283918515E+00,+1.35182161070E+00,+1.32867462328E+00,+1.32101128855E+00
+29.27500E-06,+1.36293968745E+00,+1.36187186186E+00,+1.34375000000E+00,+1.33608666527E+00
+29.30000E-06,+1.36293968745E+00,+1.34177135954E+00,+1.34877512557E+00,+1.34613691643E+00
+29.32500E-06,+1.34283918515E+00,+1.37192211300E+00,+1.32364949771E+00,+1.34613691643E+00
+29.35000E-06,+1.34283918515E+00,+1.37192211300E+00,+1.35882537672E+00,+1.33106153971E+00
+29.37500E-06,+1.35288943630E+00,+1.35182161070E+00,+1.33369974886E+00,+1.34613691643E+00
+29.40000E-06,+1.33781405958E+00,+1.04528895065E+00,+1.31359924654E+00,+1.32603641413E+00
+29.42500E-06,+1.32273868286E+00,+1.05031407624E+00,+1.34374999999E+00,+1.34613691643E+00
+29.45000E-06,+1.35791456187E+00,+1.02016332281E+00,+1.32867462328E+00,+1.34613691643E+00
+29.47500E-06,+1.36293968743E+00,+1.03021357395E+00,+1.33369974885E+00,+1.33608666527E+00
+29.50000E-06,+1.36293968745E+00,+1.02518844838E+00,+1.34877512557E+00,+1.33106153970E+00
+29.52500E-06,+1.34283918515E+00,+1.05031407623E+00,+1.34375000000E+00,+1.32603641414E+00
+29.55000E-06,+1.36293968745E+00,+1.03021357395E+00,+1.32867462328E+00,+1.35618716757E+00
+29.57500E-06,+1.34283918516E+00,+1.02016332280E+00,+1.35380025115E+00,+1.32603641414E+00
+29.60000E-06,+1.35791456188E+00,+1.28649497827E+00,+1.31862437213E+00,+1.31096103740E+00
+29.62500E-06,+1.36293968745E+00,+1.33172110842E+00,+1.34374999999E+00,+1.36623741873E+00
+29.65000E-06,+1.32776380843E+00,+1.33172110841E+00,+1.33369974886E+00,+1.34111179085E+00
+29.67500E-06,+1.32273868286E+00,+1.36187186185E+00,+1.35380025114E+00,+1.33608666529E+00
+29.70000E-06,+1.32776380842E+00,+1.35182161070E+00,+1.36887562787E+00,+1.33106153970E+00
+29.72500E-06,+1.34283918515E+00,+1.37192211300E+00,+1.34375000001E+00,+1.34613691642E+00
+29.75000E-06,+1.36293968745E+00,+1.33674623399E+00,+1.35882537672E+00,+1.34111179085E+00
+29.77500E-06,+1.34283918515E+00,+1.37192211300E+00,+1.35380025115E+00,+1.31598616298E+00
+29.80000E-06,+1.34283918515E+00,+1.04528895065E+00,+1.34877512557E+00,+1.35116204200E+00
+29.82500E-06,+1.34283918514E+00,+1.01011307167E+00,+1.34375000002E+00,+1.30593591183E+00
+29.85000E-06,+1.36293968745E+00,+1.01513819723E+00,+1.35882537672E+00,+1.33106153971E+00
+29.87500E-06,+1.34283918515E+00,+1.02016332279E+00,+1.34375000000E+00,+1.33608666527E+00
+29.90000E-06,+1.34283918515E+00,+1.02518844838E+00,+1.33872487443E+00,+1.33106153970E+00
+29.92500E-06,+1.34283918515E+00,+1.01011307164E+00,+1.34375000001E+00,+1.34613691642E+00
+29.95000E-06,+1.35791456187E+00,+1.03021357395E+00,+1.35380025114E+00,+1.34613691643E+00
+29.97500E-06,+1.36293968745E+00,+1.03021357395E+00,+1.33369974885E+00,+1.32603641413E+00
+30.00000E-06,+1.32776380842E+00,+1.29654522940E+00,+1.35882537673E+00,+1.31598616299E+00
+30.02500E-06,+1.38304018973E+00,+1.37192211301E+00,+1.34375000001E+00,+1.36623741872E+00
+30.05000E-06,+1.34283918515E+00,+1.37192211300E+00,+1.34375000000E+00,+1.32101128855E+00
+30.07500E-06,+1.35288943629E+00,+1.35182161072E+00,+1.35380025114E+00,+1.32603641412E+00
+30.10000E-06,+1.36293968745E+00,+1.37192211300E+00,+1.33872487443E+00,+1.33106153970E+00
+30.12500E-06,+1.34283918515E+00,+1.37192211300E+00,+1.32364949771E+00,+1.34613691642E+00
+30.15000E-06,+1.37298993858E+00,+1.35182161070E+00,+1.32364949770E+00,+1.33608666527E+00
+30.17500E-06,+1.33278893401E+00,+1.36187186186E+00,+1.34375000000E+00,+1.33608666527E+00
+30.20000E-06,+1.31268843169E+00,+1.06036432738E+00,+1.29349874425E+00,+1.35116204200E+00
+30.22500E-06,+1.32273868286E+00,+1.03021357395E+00,+1.34374999999E+00,+1.30593591185E+00
+30.25000E-06,+1.34283918515E+00,+1.03523869953E+00,+1.32867462328E+00,+1.33106153971E+00
+30.27500E-06,+1.34283918515E+00,+1.03021357395E+00,+1.33369974885E+00,+1.33608666527E+00
+30.30000E-06,+1.34283918515E+00,+1.03021357395E+00,+1.31359924654E+00,+1.33106153970E+00
+30.32500E-06,+1.34283918515E+00,+1.03021357394E+00,+1.36385050229E+00,+1.32603641414E+00
+30.35000E-06,+1.35791456187E+00,+1.02518844837E+00,+1.32867462328E+00,+1.32603641413E+00
+30.37500E-06,+1.35288943629E+00,+1.02016332280E+00,+1.32364949770E+00,+1.33608666527E+00
+30.40000E-06,+1.34283918515E+00,+1.26136935038E+00,+1.31862437213E+00,+1.29086053511E+00
+30.42500E-06,+1.36293968745E+00,+1.35182161070E+00,+1.34375000000E+00,+1.34613691643E+00
+30.45000E-06,+1.34283918515E+00,+1.35684673628E+00,+1.32867462328E+00,+1.33608666529E+00
+30.47500E-06,+1.34283918515E+00,+1.36187186186E+00,+1.33369974886E+00,+1.34613691643E+00
+30.50000E-06,+1.37801506417E+00,+1.33674623398E+00,+1.34877512557E+00,+1.34111179086E+00
+30.52500E-06,+1.34283918515E+00,+1.39202261529E+00,+1.36385050229E+00,+1.30593591184E+00
+30.55000E-06,+1.34283918515E+00,+1.36689698742E+00,+1.36887562788E+00,+1.34111179085E+00
+30.57500E-06,+1.34283918515E+00,+1.36187186186E+00,+1.33369974885E+00,+1.34613691643E+00
+30.60000E-06,+1.34283918515E+00,+1.05533920181E+00,+1.34375000000E+00,+1.36121229316E+00
+30.62500E-06,+1.32273868286E+00,+1.03021357394E+00,+1.36385050229E+00,+1.32603641413E+00
+30.65000E-06,+1.35288943631E+00,+1.03523869953E+00,+1.33369974886E+00,+1.32603641413E+00
+30.67500E-06,+1.36293968746E+00,+1.02016332279E+00,+1.32364949770E+00,+1.32603641413E+00
+30.70000E-06,+1.34283918515E+00,+1.02518844838E+00,+1.33872487443E+00,+1.34111179086E+00
+30.72500E-06,+1.34283918515E+00,+1.03021357394E+00,+1.34375000000E+00,+1.32603641413E+00
+30.75000E-06,+1.34283918515E+00,+1.01513819723E+00,+1.34877512556E+00,+1.33106153971E+00
+30.77500E-06,+1.36293968745E+00,+1.01011307165E+00,+1.32364949770E+00,+1.32603641414E+00
+30.80000E-06,+1.34283918515E+00,+1.31162060613E+00,+1.33369974886E+00,+1.30593591183E+00
+30.82500E-06,+1.38304018973E+00,+1.37192211300E+00,+1.34375000000E+00,+1.34613691642E+00
+30.85000E-06,+1.35791456187E+00,+1.37192211300E+00,+1.36385050230E+00,+1.32603641413E+00
+30.87500E-06,+1.36293968743E+00,+1.36187186186E+00,+1.35380025115E+00,+1.34613691643E+00
+30.90000E-06,+1.35288943631E+00,+1.35182161070E+00,+1.35882537673E+00,+1.32603641413E+00
+30.92500E-06,+1.34283918515E+00,+1.35182161071E+00,+1.36385050229E+00,+1.36623741871E+00
+30.95000E-06,+1.32776380843E+00,+1.35684673628E+00,+1.34375000000E+00,+1.36121229315E+00
+30.97500E-06,+1.34283918515E+00,+1.36187186185E+00,+1.34375000001E+00,+1.33608666529E+00
+31.00000E-06,+1.36293968745E+00,+1.04528895065E+00,+1.31359924654E+00,+1.33106153970E+00
+31.02500E-06,+1.36293968744E+00,+1.03021357395E+00,+1.36385050228E+00,+1.30593591184E+00
+31.05000E-06,+1.35791456187E+00,+1.03523869953E+00,+1.35380025114E+00,+1.31096103741E+00
+31.07500E-06,+1.34283918515E+00,+1.02016332281E+00,+1.32364949770E+00,+1.33608666527E+00
+31.10000E-06,+1.35288943631E+00,+1.02518844838E+00,+1.34375000000E+00,+1.32101128856E+00
+31.12500E-06,+1.34283918515E+00,+1.01011307165E+00,+1.36385050229E+00,+1.32603641413E+00
+31.15000E-06,+1.36293968745E+00,+1.07041457854E+00,+1.35882537672E+00,+1.34111179085E+00
+31.17500E-06,+1.36293968745E+00,+1.03021357395E+00,+1.32364949770E+00,+1.32603641413E+00
+31.20000E-06,+1.35791456188E+00,+1.28649497827E+00,+1.33872487443E+00,+1.32101128856E+00
+31.22500E-06,+1.36293968744E+00,+1.35182161070E+00,+1.32364949771E+00,+1.34613691643E+00
+31.25000E-06,+1.35791456186E+00,+1.33674623399E+00,+1.32364949770E+00,+1.32101128855E+00
+31.27500E-06,+1.33278893401E+00,+1.36187186186E+00,+1.33369974884E+00,+1.33608666529E+00
+31.30000E-06,+1.32776380842E+00,+1.34679648514E+00,+1.32867462327E+00,+1.34613691643E+00
+31.32500E-06,+1.38304018973E+00,+1.37192211300E+00,+1.34374999999E+00,+1.32603641413E+00
+31.35000E-06,+1.34283918515E+00,+1.36689698742E+00,+1.36385050230E+00,+1.33106153971E+00
+31.37500E-06,+1.35288943630E+00,+1.37192211300E+00,+1.34375000000E+00,+1.32603641413E+00
+31.40000E-06,+1.34786431072E+00,+1.04026382508E+00,+1.35882537673E+00,+1.33608666527E+00
+31.42500E-06,+1.34283918514E+00,+1.03021357395E+00,+1.36385050230E+00,+1.30593591184E+00
+31.45000E-06,+1.36293968745E+00,+1.01513819723E+00,+1.34375000000E+00,+1.32603641413E+00
+31.47500E-06,+1.35288943629E+00,+1.01011307165E+00,+1.32364949770E+00,+1.32603641413E+00
+31.50000E-06,+1.34283918515E+00,+1.03021357395E+00,+1.34375000000E+00,+1.34613691643E+00
+31.52500E-06,+1.34283918515E+00,+1.03021357395E+00,+1.32364949770E+00,+1.32603641414E+00
+31.55000E-06,+1.34786431073E+00,+1.03021357395E+00,+1.31862437212E+00,+1.33106153971E+00
+31.57500E-06,+1.35288943629E+00,+1.01011307165E+00,+1.34374999999E+00,+1.32603641413E+00
+31.60000E-06,+1.34283918515E+00,+1.27141960154E+00,+1.32364949770E+00,+1.32101128856E+00
+31.62500E-06,+1.40314069203E+00,+1.37192211300E+00,+1.36385050229E+00,+1.36623741872E+00
+31.65000E-06,+1.34786431073E+00,+1.35182161070E+00,+1.34375000000E+00,+1.30091078628E+00
+31.67500E-06,+1.34283918515E+00,+1.35182161070E+00,+1.35380025116E+00,+1.33608666527E+00
+31.70000E-06,+1.35288943631E+00,+1.37192211300E+00,+1.32364949770E+00,+1.31096103740E+00
+31.72500E-06,+1.36293968744E+00,+1.37192211300E+00,+1.32364949771E+00,+1.32603641413E+00
+31.75000E-06,+1.34283918515E+00,+1.34679648512E+00,+1.35882537672E+00,+1.34111179085E+00
+31.77500E-06,+1.33278893401E+00,+1.35182161072E+00,+1.34375000001E+00,+1.33608666527E+00
+31.80000E-06,+1.34283918515E+00,+1.05031407624E+00,+1.30857412097E+00,+1.34111179086E+00
+31.82500E-06,+1.32273868286E+00,+1.03021357395E+00,+1.34374999999E+00,+1.32603641414E+00
+31.85000E-06,+1.35791456186E+00,+1.01513819723E+00,+1.34877512558E+00,+1.31598616300E+00
+31.87500E-06,+1.36293968745E+00,+1.02016332279E+00,+1.35380025116E+00,+1.32603641413E+00
+31.90000E-06,+1.36796481301E+00,+1.01513819722E+00,+1.35882537673E+00,+1.32603641413E+00
+31.92500E-06,+1.32273868286E+00,+1.01011307165E+00,+1.34375000000E+00,+1.32603641413E+00
+31.95000E-06,+1.34283918515E+00,+1.00006282052E+00,+1.34375000000E+00,+1.32603641413E+00
+31.97500E-06,+1.34283918515E+00,+1.03021357393E+00,+1.34375000000E+00,+1.31598616299E+00
+32.00000E-06,+1.32273868285E+00,+1.26639447595E+00,+1.35380025116E+00,+1.32603641413E+00
+32.02500E-06,+1.36293968745E+00,+1.37192211300E+00,+1.34375000000E+00,+1.34613691643E+00
+32.05000E-06,+1.34283918515E+00,+1.34679648512E+00,+1.35882537672E+00,+1.31096103742E+00
+32.07500E-06,+1.33278893401E+00,+1.35182161069E+00,+1.33369974886E+00,+1.33608666529E+00
+32.10000E-06,+1.33278893399E+00,+1.33172110841E+00,+1.34375000000E+00,+1.34613691643E+00
+32.12500E-06,+1.36293968745E+00,+1.37192211299E+00,+1.32364949771E+00,+1.34613691643E+00
+32.15000E-06,+1.34283918515E+00,+1.37192211300E+00,+1.35380025113E+00,+1.33106153971E+00
+32.17500E-06,+1.35288943630E+00,+1.35182161070E+00,+1.34374999999E+00,+1.32603641413E+00
+32.20000E-06,+1.34786431072E+00,+1.03523869951E+00,+1.33872487443E+00,+1.35116204200E+00
+32.22500E-06,+1.36293968744E+00,+1.03021357395E+00,+1.34375000000E+00,+1.32603641413E+00
+32.25000E-06,+1.36293968745E+00,+1.03021357395E+00,+1.34877512558E+00,+1.34613691643E+00
+32.27500E-06,+1.33278893401E+00,+1.03021357395E+00,+1.33369974884E+00,+1.31598616298E+00
+32.30000E-06,+1.35791456188E+00,+1.03021357395E+00,+1.35380025116E+00,+1.34613691643E+00
+32.32500E-06,+1.36293968745E+00,+1.01011307165E+00,+1.34375000000E+00,+1.32603641413E+00
+32.35000E-06,+1.36293968745E+00,+1.04026382508E+00,+1.32867462328E+00,+1.33106153971E+00
+32.37500E-06,+1.35288943629E+00,+1.04026382509E+00,+1.35380025116E+00,+1.33608666529E+00
+32.40000E-06,+1.34786431072E+00,+1.29654522941E+00,+1.35380025116E+00,+1.30593591183E+00
+32.42500E-06,+1.40314069202E+00,+1.35182161070E+00,+1.36385050229E+00,+1.32603641414E+00
+32.45000E-06,+1.34786431073E+00,+1.33674623399E+00,+1.34877512558E+00,+1.31096103742E+00
+32.47500E-06,+1.34283918515E+00,+1.36187186186E+00,+1.35380025114E+00,+1.32603641413E+00
+32.50000E-06,+1.34283918515E+00,+1.33674623397E+00,+1.34375000000E+00,+1.34111179086E+00
+32.52500E-06,+1.34283918516E+00,+1.35182161070E+00,+1.32364949771E+00,+1.36623741872E+00
+32.55000E-06,+1.34786431073E+00,+1.34679648512E+00,+1.34375000000E+00,+1.33106153971E+00
+32.57500E-06,+1.34283918516E+00,+1.33172110841E+00,+1.32364949772E+00,+1.33608666527E+00
+32.60000E-06,+1.34786431072E+00,+1.03021357392E+00,+1.33369974884E+00,+1.36623741873E+00
+32.62500E-06,+1.34283918514E+00,+1.03021357395E+00,+1.32364949771E+00,+1.34613691643E+00
+32.65000E-06,+1.35288943628E+00,+1.02016332281E+00,+1.32867462328E+00,+1.34613691643E+00
+32.67500E-06,+1.37298993859E+00,+1.04026382510E+00,+1.36385050230E+00,+1.31598616298E+00
+32.70000E-06,+1.35791456188E+00,+1.01513819722E+00,+1.35882537673E+00,+1.32603641413E+00
+32.72500E-06,+1.34283918516E+00,+1.03021357395E+00,+1.34375000001E+00,+1.32603641413E+00
+32.75000E-06,+1.37298993858E+00,+1.03021357395E+00,+1.34375000000E+00,+1.32101128855E+00
+32.77500E-06,+1.35288943630E+00,+990.01256935E-03,+1.34375000001E+00,+1.33608666527E+00
+32.80000E-06,+1.34283918515E+00,+1.27141960151E+00,+1.34375000000E+00,+1.32101128856E+00
+32.82500E-06,+1.34283918515E+00,+1.33172110841E+00,+1.34374999999E+00,+1.34613691643E+00
+32.85000E-06,+1.34283918515E+00,+1.35182161070E+00,+1.34877512558E+00,+1.33608666527E+00
+32.87500E-06,+1.32273868287E+00,+1.35182161070E+00,+1.34374999999E+00,+1.33608666529E+00
+32.90000E-06,+1.34283918515E+00,+1.36689698743E+00,+1.35882537673E+00,+1.32603641413E+00
+32.92500E-06,+1.36293968743E+00,+1.35182161070E+00,+1.36385050230E+00,+1.32603641412E+00
+32.95000E-06,+1.36293968745E+00,+1.36689698742E+00,+1.36385050230E+00,+1.31096103742E+00
+32.97500E-06,+1.36293968743E+00,+1.35182161072E+00,+1.34375000000E+00,+1.33608666529E+00
+33.00000E-06,+1.32776380842E+00,+1.06036432738E+00,+1.34375000000E+00,+1.35116204200E+00
+33.02500E-06,+1.34283918514E+00,+1.03021357396E+00,+1.34375000000E+00,+1.30593591184E+00
+33.05000E-06,+1.36293968745E+00,+1.04528895066E+00,+1.32867462328E+00,+1.34111179085E+00
+33.07500E-06,+1.36293968745E+00,+1.03021357395E+00,+1.35380025114E+00,+1.35618716759E+00
+33.10000E-06,+1.34283918515E+00,+1.03021357395E+00,+1.33872487443E+00,+1.33106153970E+00
+33.12500E-06,+1.34283918516E+00,+1.03021357395E+00,+1.32364949771E+00,+1.32603641413E+00
+33.15000E-06,+1.34786431073E+00,+1.04528895066E+00,+1.33872487442E+00,+1.31598616300E+00
+33.17500E-06,+1.33278893399E+00,+1.03021357396E+00,+1.35380025116E+00,+1.33608666529E+00
+33.20000E-06,+1.36293968745E+00,+1.28146985268E+00,+1.33872487443E+00,+1.29086053510E+00
+33.22500E-06,+1.36293968744E+00,+1.33172110842E+00,+1.34375000001E+00,+1.34613691641E+00
+33.25000E-06,+1.34786431073E+00,+1.33674623399E+00,+1.32364949770E+00,+1.31598616300E+00
+33.27500E-06,+1.35288943629E+00,+1.35182161069E+00,+1.35380025116E+00,+1.34613691643E+00
+33.30000E-06,+1.35791456188E+00,+1.34679648514E+00,+1.33872487443E+00,+1.34613691643E+00
+33.32500E-06,+1.36293968743E+00,+1.37192211299E+00,+1.32364949771E+00,+1.34613691642E+00
+33.35000E-06,+1.34283918515E+00,+1.36689698742E+00,+1.33872487442E+00,+1.32603641413E+00
+33.37500E-06,+1.35288943630E+00,+1.34177135955E+00,+1.31359924658E+00,+1.34613691643E+00
+33.40000E-06,+1.33781405958E+00,+1.04528895065E+00,+1.33369974884E+00,+1.35116204200E+00
+33.42500E-06,+1.34283918514E+00,+1.03021357394E+00,+1.34374999999E+00,+1.32603641413E+00
+33.45000E-06,+1.35791456186E+00,+1.03021357395E+00,+1.34375000000E+00,+1.33608666526E+00
+33.47500E-06,+1.34283918515E+00,+1.03021357395E+00,+1.36385050230E+00,+1.31598616298E+00
+33.50000E-06,+1.34283918515E+00,+1.01513819722E+00,+1.36385050230E+00,+1.33106153970E+00
+33.52500E-06,+1.34283918515E+00,+1.03021357395E+00,+1.36385050228E+00,+1.32603641412E+00
+33.55000E-06,+1.34283918515E+00,+1.04026382511E+00,+1.35882537672E+00,+1.32603641413E+00
+33.57500E-06,+1.36293968745E+00,+1.02016332281E+00,+1.33369974886E+00,+1.34613691643E+00
+33.60000E-06,+1.35288943631E+00,+1.27141960151E+00,+1.32364949770E+00,+1.30593591183E+00
+33.62500E-06,+1.34283918516E+00,+1.35182161071E+00,+1.36385050230E+00,+1.36623741872E+00
+33.65000E-06,+1.34283918515E+00,+1.35182161070E+00,+1.34877512558E+00,+1.32101128855E+00
+33.67500E-06,+1.32273868287E+00,+1.36187186184E+00,+1.34375000000E+00,+1.33608666529E+00
+33.70000E-06,+1.32776380842E+00,+1.35684673627E+00,+1.34375000000E+00,+1.32603641413E+00
+33.72500E-06,+1.36293968743E+00,+1.37192211299E+00,+1.38395100457E+00,+1.32603641414E+00
+33.75000E-06,+1.36293968745E+00,+1.35684673629E+00,+1.34375000000E+00,+1.34111179085E+00
+33.77500E-06,+1.35288943629E+00,+1.35182161070E+00,+1.34375000000E+00,+1.32603641413E+00
+33.80000E-06,+1.34786431071E+00,+1.04528895065E+00,+1.33369974884E+00,+1.33106153970E+00
+33.82500E-06,+1.36293968744E+00,+1.05031407623E+00,+1.36385050230E+00,+1.32603641413E+00
+33.85000E-06,+1.36293968745E+00,+1.03021357395E+00,+1.32867462329E+00,+1.35618716756E+00
+33.87500E-06,+1.35288943631E+00,+1.00006282051E+00,+1.34375000000E+00,+1.32603641413E+00
+33.90000E-06,+1.34786431071E+00,+1.03021357395E+00,+1.35380025116E+00,+1.33106153970E+00
+33.92500E-06,+1.34283918515E+00,+1.01011307165E+00,+1.32364949772E+00,+1.34613691643E+00
+33.95000E-06,+1.37298993858E+00,+1.01011307165E+00,+1.34375000000E+00,+1.34111179085E+00
+33.97500E-06,+1.34283918515E+00,+1.04026382509E+00,+1.36385050230E+00,+1.31598616299E+00
+34.00000E-06,+1.34283918515E+00,+1.28146985268E+00,+1.33872487443E+00,+1.31598616300E+00
+34.02500E-06,+1.40314069202E+00,+1.35182161070E+00,+1.34374999999E+00,+1.32603641414E+00
+34.05000E-06,+1.34283918515E+00,+1.35684673629E+00,+1.33872487442E+00,+1.31096103742E+00
+34.07500E-06,+1.36293968745E+00,+1.35182161070E+00,+1.35380025114E+00,+1.33608666529E+00
+34.10000E-06,+1.34283918515E+00,+1.35684673627E+00,+1.35380025117E+00,+1.31598616297E+00
+34.12500E-06,+1.36293968744E+00,+1.37192211300E+00,+1.32364949771E+00,+1.32603641414E+00
+34.15000E-06,+1.34283918515E+00,+1.36689698742E+00,+1.33872487442E+00,+1.34613691643E+00
+34.17500E-06,+1.34283918515E+00,+1.36187186186E+00,+1.34375000002E+00,+1.33608666527E+00
+34.20000E-06,+1.37801506418E+00,+1.02016332278E+00,+1.33369974883E+00,+1.36121229316E+00
+34.22500E-06,+1.30263818057E+00,+1.03021357395E+00,+1.36385050227E+00,+1.30593591185E+00
+34.25000E-06,+1.34786431073E+00,+1.01513819723E+00,+1.33872487442E+00,+1.31096103742E+00
+34.27500E-06,+1.35288943629E+00,+1.03021357396E+00,+1.34374999998E+00,+1.33608666526E+00
+34.30000E-06,+1.35791456188E+00,+1.03021357395E+00,+1.32867462327E+00,+1.35618716759E+00
+34.32500E-06,+1.36293968744E+00,+1.03021357395E+00,+1.34375000000E+00,+1.32603641412E+00
+34.35000E-06,+1.32776380843E+00,+1.02016332282E+00,+1.33369974887E+00,+1.34111179085E+00
+34.37500E-06,+1.36293968745E+00,+1.01011307165E+00,+1.34374999998E+00,+1.31598616299E+00
+34.40000E-06,+1.34786431071E+00,+1.26136935038E+00,+1.31359924657E+00,+1.30593591183E+00
+34.42500E-06,+1.36293968745E+00,+1.37192211300E+00,+1.34375000000E+00,+1.34613691642E+00
+34.45000E-06,+1.34283918515E+00,+1.34679648512E+00,+1.36385050230E+00,+1.32101128855E+00
+34.47500E-06,+1.35288943631E+00,+1.35182161070E+00,+1.33369974884E+00,+1.32603641413E+00
+34.50000E-06,+1.32776380842E+00,+1.35182161070E+00,+1.35380025113E+00,+1.32603641413E+00
+34.52500E-06,+1.38304018973E+00,+1.37192211300E+00,+1.34375000000E+00,+1.32603641414E+00
+34.55000E-06,+1.34786431073E+00,+1.35182161070E+00,+1.34877512558E+00,+1.33608666526E+00
+34.57500E-06,+1.36293968745E+00,+1.35182161070E+00,+1.34375000000E+00,+1.32603641413E+00
+34.60000E-06,+1.37801506418E+00,+1.06538945294E+00,+1.32867462327E+00,+1.35116204199E+00
+34.62500E-06,+1.32273868285E+00,+1.03021357394E+00,+1.36385050229E+00,+1.34613691641E+00
+34.65000E-06,+1.34283918515E+00,+1.05031407624E+00,+1.32867462329E+00,+1.32603641413E+00
+34.67500E-06,+1.35288943631E+00,+1.00006282049E+00,+1.33369974884E+00,+1.33608666529E+00
+34.70000E-06,+1.35791456188E+00,+1.00508794608E+00,+1.32867462327E+00,+1.33106153970E+00
+34.72500E-06,+1.34283918514E+00,+1.03021357394E+00,+1.30354899543E+00,+1.34613691642E+00
+34.75000E-06,+1.36293968745E+00,+1.01011307165E+00,+1.32867462329E+00,+1.34613691643E+00
+34.77500E-06,+1.35288943631E+00,+1.03021357395E+00,+1.34375000000E+00,+1.32603641413E+00
+34.80000E-06,+1.34283918515E+00,+1.30157035498E+00,+1.32867462327E+00,+1.31598616297E+00
+34.82500E-06,+1.38304018973E+00,+1.35182161071E+00,+1.34375000000E+00,+1.34613691642E+00
+34.85000E-06,+1.36293968745E+00,+1.34679648512E+00,+1.33872487442E+00,+1.32603641413E+00
+34.87500E-06,+1.35288943629E+00,+1.37192211302E+00,+1.32364949770E+00,+1.32603641413E+00
+34.90000E-06,+1.34283918515E+00,+1.33674623397E+00,+1.33872487443E+00,+1.32603641413E+00
+34.92500E-06,+1.36293968745E+00,+1.37192211299E+00,+1.34375000000E+00,+1.34613691641E+00
+34.95000E-06,+1.34283918515E+00,+1.36689698742E+00,+1.33872487442E+00,+1.33106153971E+00
+34.97500E-06,+1.35288943629E+00,+1.36187186186E+00,+1.33369974886E+00,+1.34613691643E+00
+35.00000E-06,+1.34283918515E+00,+1.06538945294E+00,+1.34877512557E+00,+1.35618716756E+00
+35.02500E-06,+1.30263818057E+00,+1.05031407623E+00,+1.36385050228E+00,+1.32603641413E+00
+35.05000E-06,+1.35791456186E+00,+1.02518844836E+00,+1.34375000000E+00,+1.33106153971E+00
+35.07500E-06,+1.35288943629E+00,+1.02016332281E+00,+1.33369974886E+00,+1.31598616297E+00
+35.10000E-06,+1.37298993861E+00,+1.03523869951E+00,+1.32867462327E+00,+1.32603641413E+00
+35.12500E-06,+1.32273868287E+00,+1.03021357395E+00,+1.34374999999E+00,+1.32603641412E+00
+35.15000E-06,+1.36293968745E+00,+1.03021357395E+00,+1.34375000000E+00,+1.33106153971E+00
+35.17500E-06,+1.36293968745E+00,+1.03021357393E+00,+1.32364949772E+00,+1.33608666529E+00
+35.20000E-06,+1.34786431071E+00,+1.29654522941E+00,+1.33872487443E+00,+1.33608666530E+00
+35.22500E-06,+1.36293968745E+00,+1.33172110842E+00,+1.34375000000E+00,+1.34613691643E+00
+35.25000E-06,+1.34786431073E+00,+1.34679648512E+00,+1.32867462329E+00,+1.32603641413E+00
+35.27500E-06,+1.35288943631E+00,+1.37192211300E+00,+1.33369974884E+00,+1.34613691643E+00
+35.30000E-06,+1.36293968745E+00,+1.36689698744E+00,+1.33369974883E+00,+1.33106153970E+00
+35.32500E-06,+1.36293968744E+00,+1.35182161071E+00,+1.34374999999E+00,+1.30593591185E+00
+35.35000E-06,+1.35791456186E+00,+1.35182161070E+00,+1.32867462329E+00,+1.32101128855E+00
+35.37500E-06,+1.35288943631E+00,+1.34177135955E+00,+1.35380025114E+00,+1.33608666529E+00
+35.40000E-06,+1.34786431071E+00,+1.02518844835E+00,+1.33872487443E+00,+1.35116204199E+00
+35.42500E-06,+1.32273868286E+00,+1.03021357395E+00,+1.32364949771E+00,+1.32603641413E+00
+35.45000E-06,+1.35791456186E+00,+1.03021357395E+00,+1.32364949770E+00,+1.31598616300E+00
+35.47500E-06,+1.34283918515E+00,+1.03021357395E+00,+1.33369974884E+00,+1.34613691643E+00
+35.50000E-06,+1.34283918515E+00,+1.01513819722E+00,+1.34375000000E+00,+1.33608666526E+00
+35.52500E-06,+1.36293968742E+00,+1.03021357395E+00,+1.32364949772E+00,+1.34613691642E+00
+35.55000E-06,+1.36293968745E+00,+1.03021357395E+00,+1.33369974883E+00,+1.31598616300E+00
+35.57500E-06,+1.35288943631E+00,+1.04026382511E+00,+1.34375000000E+00,+1.31598616299E+00
+35.60000E-06,+1.36293968745E+00,+1.27141960151E+00,+1.32364949770E+00,+1.30593591183E+00
+35.62500E-06,+1.36293968744E+00,+1.37192211300E+00,+1.34375000000E+00,+1.32603641413E+00
+35.65000E-06,+1.34786431073E+00,+1.34177135957E+00,+1.34877512558E+00,+1.33608666526E+00
+35.67500E-06,+1.35288943629E+00,+1.35182161072E+00,+1.34375000000E+00,+1.33608666527E+00
+35.70000E-06,+1.35791456188E+00,+1.35684673627E+00,+1.33872487443E+00,+1.33106153970E+00
+35.72500E-06,+1.36293968745E+00,+1.37192211298E+00,+1.36385050230E+00,+1.30593591183E+00
+35.75000E-06,+1.34786431073E+00,+1.35684673629E+00,+1.35882537671E+00,+1.33106153972E+00
+35.77500E-06,+1.33278893401E+00,+1.35182161072E+00,+1.35380025116E+00,+1.32603641413E+00
+35.80000E-06,+1.35288943632E+00,+1.03523869951E+00,+1.31862437210E+00,+1.34613691643E+00
+35.82500E-06,+1.36293968744E+00,+1.05031407624E+00,+1.34375000000E+00,+1.32603641413E+00
+35.85000E-06,+1.35288943628E+00,+1.05031407624E+00,+1.33872487442E+00,+1.33106153972E+00
+35.87500E-06,+1.36293968745E+00,+1.03021357395E+00,+1.33369974886E+00,+1.31598616297E+00
+35.90000E-06,+1.33781405958E+00,+1.01513819722E+00,+1.35882537673E+00,+1.34111179086E+00
+35.92500E-06,+1.34283918516E+00,+1.03021357394E+00,+1.36385050228E+00,+1.34613691643E+00
+35.95000E-06,+1.37801506416E+00,+1.03021357395E+00,+1.34375000000E+00,+1.34613691643E+00
+35.97500E-06,+1.37298993860E+00,+1.03021357395E+00,+1.35380025116E+00,+1.34613691643E+00
+36.00000E-06,+1.33781405958E+00,+1.31162060615E+00,+1.33872487444E+00,+1.30091078627E+00
+36.02500E-06,+1.36293968745E+00,+1.37192211299E+00,+1.32364949771E+00,+1.34613691644E+00
+36.05000E-06,+1.34283918515E+00,+1.33674623399E+00,+1.32364949770E+00,+1.32101128855E+00
+36.07500E-06,+1.34283918515E+00,+1.35182161070E+00,+1.33369974884E+00,+1.34613691641E+00
+36.10000E-06,+1.34786431071E+00,+1.34679648514E+00,+1.34375000000E+00,+1.34111179086E+00
+36.12500E-06,+1.34283918516E+00,+1.35182161070E+00,+1.32364949770E+00,+1.32603641414E+00
+36.15000E-06,+1.37801506416E+00,+1.37192211300E+00,+1.34877512558E+00,+1.35618716756E+00
+36.17500E-06,+1.34283918515E+00,+1.36187186186E+00,+1.34375000000E+00,+1.33608666527E+00
+36.20000E-06,+1.33781405955E+00,+1.06036432737E+00,+1.34375000000E+00,+1.33106153970E+00
+36.22500E-06,+1.30263818057E+00,+1.03021357394E+00,+1.36385050229E+00,+1.34613691642E+00
+36.25000E-06,+1.35288943632E+00,+1.04528895066E+00,+1.32867462329E+00,+1.32603641413E+00
+36.27500E-06,+1.35288943629E+00,+1.04026382511E+00,+1.32364949770E+00,+1.31598616297E+00
+36.30000E-06,+1.32776380842E+00,+1.01513819721E+00,+1.31862437214E+00,+1.32603641413E+00
+36.32500E-06,+1.36293968744E+00,+1.03021357397E+00,+1.34374999999E+00,+1.34613691642E+00
+36.35000E-06,+1.32273868285E+00,+1.03021357395E+00,+1.33872487442E+00,+1.34613691643E+00
+36.37500E-06,+1.34283918515E+00,+1.03021357395E+00,+1.33369974886E+00,+1.32603641413E+00
+36.40000E-06,+1.34786431071E+00,+1.30659548058E+00,+1.33872487444E+00,+1.32101128857E+00
+36.42500E-06,+1.38304018972E+00,+1.35182161070E+00,+1.34374999999E+00,+1.34613691643E+00
+36.45000E-06,+1.34283918515E+00,+1.35182161070E+00,+1.36385050230E+00,+1.32101128855E+00
+36.47500E-06,+1.35288943631E+00,+1.35182161070E+00,+1.34375000000E+00,+1.32603641415E+00
+36.50000E-06,+1.34283918515E+00,+1.34177135954E+00,+1.34375000000E+00,+1.32603641413E+00
+36.52500E-06,+1.36293968745E+00,+1.37192211300E+00,+1.32364949771E+00,+1.32603641414E+00
+36.55000E-06,+1.34283918515E+00,+1.35684673629E+00,+1.35882537671E+00,+1.34613691643E+00
+36.57500E-06,+1.34283918515E+00,+1.36187186186E+00,+1.31359924656E+00,+1.34613691643E+00
+36.60000E-06,+1.33781405958E+00,+1.02016332278E+00,+1.31862437210E+00,+1.33106153970E+00
+36.62500E-06,+1.30263818057E+00,+1.03021357395E+00,+1.34374999999E+00,+1.30593591183E+00
+36.65000E-06,+1.34283918515E+00,+1.02016332282E+00,+1.37892587901E+00,+1.32603641413E+00
+36.67500E-06,+1.33278893399E+00,+1.03021357395E+00,+1.35380025114E+00,+1.33608666529E+00
+36.70000E-06,+1.37298993861E+00,+1.03523869951E+00,+1.32867462327E+00,+1.36121229316E+00
+36.72500E-06,+1.36293968745E+00,+1.03021357394E+00,+1.34375000000E+00,+1.34613691642E+00
+36.75000E-06,+1.34786431073E+00,+1.03021357395E+00,+1.32867462329E+00,+1.32603641413E+00
+36.77500E-06,+1.36293968745E+00,+1.02016332281E+00,+1.35380025116E+00,+1.34613691643E+00
+36.80000E-06,+1.34786431071E+00,+1.26136935039E+00,+1.32364949770E+00,+1.30593591183E+00
+36.82500E-06,+1.34283918515E+00,+1.35182161070E+00,+1.36385050228E+00,+1.34613691643E+00
+36.85000E-06,+1.37298993857E+00,+1.35182161070E+00,+1.30857412099E+00,+1.34111179084E+00
+36.87500E-06,+1.36293968745E+00,+1.34177135957E+00,+1.35380025114E+00,+1.33608666529E+00
+36.90000E-06,+1.34786431071E+00,+1.34679648514E+00,+1.33872487444E+00,+1.34111179086E+00
+36.92500E-06,+1.34283918514E+00,+1.35182161072E+00,+1.36385050229E+00,+1.34613691643E+00
+36.95000E-06,+1.35791456186E+00,+1.35182161070E+00,+1.34877512558E+00,+1.35618716756E+00
+36.97500E-06,+1.36293968747E+00,+1.36187186186E+00,+1.33369974886E+00,+1.33608666527E+00
+37.00000E-06,+1.36293968745E+00,+1.03021357391E+00,+1.35380025113E+00,+1.31598616296E+00
+37.02500E-06,+1.36293968744E+00,+1.03021357394E+00,+1.34375000001E+00,+1.32603641414E+00
+37.05000E-06,+1.36293968745E+00,+1.03021357395E+00,+1.33872487442E+00,+1.32603641413E+00
+37.07500E-06,+1.34283918515E+00,+1.03021357395E+00,+1.33369974884E+00,+1.34613691643E+00
+37.10000E-06,+1.33781405958E+00,+1.03021357395E+00,+1.33872487444E+00,+1.32101128857E+00
+37.12500E-06,+1.34283918515E+00,+1.03021357395E+00,+1.32364949771E+00,+1.32603641414E+00
+37.15000E-06,+1.38806531529E+00,+1.01011307165E+00,+1.32867462329E+00,+1.34111179084E+00
+37.17500E-06,+1.36293968745E+00,+1.03021357395E+00,+1.32364949770E+00,+1.34613691645E+00
+37.20000E-06,+1.35791456188E+00,+1.27141960151E+00,+1.31862437214E+00,+1.28081028397E+00
+37.22500E-06,+1.36293968745E+00,+1.37192211300E+00,+1.32364949771E+00,+1.36623741872E+00
+37.25000E-06,+1.34786431073E+00,+1.35182161070E+00,+1.35882537671E+00,+1.34613691643E+00
+37.27500E-06,+1.33278893401E+00,+1.34177135955E+00,+1.36385050230E+00,+1.31598616297E+00
+37.30000E-06,+1.34283918515E+00,+1.33674623397E+00,+1.33872487444E+00,+1.31598616296E+00
+37.32500E-06,+1.34283918516E+00,+1.35182161071E+00,+1.34375000000E+00,+1.32603641413E+00
+37.35000E-06,+1.35288943632E+00,+1.35182161070E+00,+1.35882537671E+00,+1.31096103742E+00
+37.37500E-06,+1.35288943629E+00,+1.34177135957E+00,+1.34375000002E+00,+1.34613691643E+00
+37.40000E-06,+1.35288943628E+00,+1.05533920181E+00,+1.34877512556E+00,+1.36623741873E+00
+37.42500E-06,+1.34283918514E+00,+1.01011307166E+00,+1.34374999999E+00,+1.32603641413E+00
+37.45000E-06,+1.35288943628E+00,+1.03021357395E+00,+1.37390075343E+00,+1.34111179084E+00
+37.47500E-06,+1.35288943631E+00,+1.02016332279E+00,+1.34375000000E+00,+1.33608666527E+00
+37.50000E-06,+1.34283918515E+00,+1.01513819721E+00,+1.34877512556E+00,+1.32603641413E+00
+37.52500E-06,+1.34283918515E+00,+1.01011307167E+00,+1.34375000001E+00,+1.32603641414E+00
+37.55000E-06,+1.34283918515E+00,+1.00006282052E+00,+1.34877512558E+00,+1.31096103742E+00
+37.57500E-06,+1.35288943631E+00,+1.02016332279E+00,+1.35380025116E+00,+1.34613691643E+00
+37.60000E-06,+1.36293968745E+00,+1.30157035498E+00,+1.33369974887E+00,+1.30593591183E+00
+37.62500E-06,+1.36293968746E+00,+1.33172110842E+00,+1.34375000000E+00,+1.34613691643E+00
+37.65000E-06,+1.34283918515E+00,+1.35182161070E+00,+1.34877512558E+00,+1.35618716756E+00
+37.67500E-06,+1.33278893401E+00,+1.36187186184E+00,+1.34375000000E+00,+1.29588566070E+00
+37.70000E-06,+1.36796481301E+00,+1.35182161070E+00,+1.32364949770E+00,+1.32603641413E+00
+37.72500E-06,+1.34283918516E+00,+1.39202261527E+00,+1.34374999999E+00,+1.32603641414E+00
+37.75000E-06,+1.34283918515E+00,+1.35684673629E+00,+1.35882537671E+00,+1.33106153972E+00
+37.77500E-06,+1.34283918515E+00,+1.36187186184E+00,+1.35380025116E+00,+1.33608666529E+00
+37.80000E-06,+1.34786431071E+00,+1.05031407624E+00,+1.33369974883E+00,+1.34613691643E+00
+37.82500E-06,+1.38304018973E+00,+1.03021357395E+00,+1.32364949772E+00,+1.34613691642E+00
+37.85000E-06,+1.36293968745E+00,+1.05031407624E+00,+1.34877512558E+00,+1.34613691643E+00
+37.87500E-06,+1.35288943631E+00,+1.02016332279E+00,+1.35380025114E+00,+1.32603641413E+00
+37.90000E-06,+1.34786431071E+00,+1.03021357395E+00,+1.30857412097E+00,+1.34613691643E+00
+37.92500E-06,+1.34283918516E+00,+990.01256937E-03,+1.34375000000E+00,+1.32603641413E+00
+37.95000E-06,+1.32776380844E+00,+1.03523869953E+00,+1.31862437212E+00,+1.32603641413E+00
+37.97500E-06,+1.36293968745E+00,+1.01011307165E+00,+1.32364949770E+00,+1.32603641413E+00
+38.00000E-06,+1.34283918515E+00,+1.30157035498E+00,+1.33872487444E+00,+1.33608666530E+00
+38.02500E-06,+1.38304018972E+00,+1.35182161070E+00,+1.36385050231E+00,+1.34613691642E+00
+38.05000E-06,+1.34283918515E+00,+1.35684673629E+00,+1.34375000000E+00,+1.31096103742E+00
+38.07500E-06,+1.34283918515E+00,+1.36187186186E+00,+1.34375000000E+00,+1.32603641413E+00
+38.10000E-06,+1.34283918515E+00,+1.33674623397E+00,+1.34375000000E+00,+1.32603641413E+00
+38.12500E-06,+1.36293968745E+00,+1.37192211300E+00,+1.34375000000E+00,+1.32603641412E+00
+38.15000E-06,+1.33278893402E+00,+1.35684673629E+00,+1.35380025113E+00,+1.36623741873E+00
+38.17500E-06,+1.36293968745E+00,+1.36187186184E+00,+1.34375000000E+00,+1.32603641411E+00
+38.20000E-06,+1.34786431071E+00,+1.03523869951E+00,+1.34877512556E+00,+1.36623741873E+00
+38.22500E-06,+1.30263818058E+00,+1.03021357394E+00,+1.34375000000E+00,+1.30593591186E+00
+38.25000E-06,+1.36293968745E+00,+1.01513819724E+00,+1.33872487441E+00,+1.34111179084E+00
+38.27500E-06,+1.35288943631E+00,+1.02016332279E+00,+1.35380025114E+00,+1.29588566067E+00
+38.30000E-06,+1.35791456188E+00,+1.05031407624E+00,+1.35882537673E+00,+1.32101128857E+00
+38.32500E-06,+1.34283918515E+00,+1.03021357395E+00,+1.34375000000E+00,+1.32603641412E+00
+38.35000E-06,+1.37298993857E+00,+1.03523869953E+00,+1.32867462329E+00,+1.32603641413E+00
+38.37500E-06,+1.35288943631E+00,+1.02016332281E+00,+1.34375000000E+00,+1.32603641413E+00
+38.40000E-06,+1.34283918515E+00,+1.30157035498E+00,+1.32364949770E+00,+1.30593591183E+00
+38.42500E-06,+1.36293968743E+00,+1.37192211299E+00,+1.36385050228E+00,+1.34613691644E+00
+38.45000E-06,+1.34283918515E+00,+1.35684673629E+00,+1.32867462329E+00,+1.34613691643E+00
+38.47500E-06,+1.34283918513E+00,+1.37192211298E+00,+1.34375000002E+00,+1.35618716759E+00
+38.50000E-06,+1.34283918515E+00,+1.35684673627E+00,+1.33369974883E+00,+1.34111179087E+00
+38.52500E-06,+1.34283918514E+00,+1.37192211299E+00,+1.34374999999E+00,+1.30593591186E+00
+38.55000E-06,+1.36293968745E+00,+1.34679648512E+00,+1.34877512559E+00,+1.35618716756E+00
+38.57500E-06,+1.34283918515E+00,+1.35182161070E+00,+1.33369974884E+00,+1.32603641413E+00
+38.60000E-06,+1.34786431071E+00,+1.03021357390E+00,+1.34375000000E+00,+1.35116204199E+00
+38.62500E-06,+1.34283918516E+00,+1.03021357395E+00,+1.34375000001E+00,+1.34613691642E+00
+38.65000E-06,+1.37298993862E+00,+1.01011307165E+00,+1.32364949770E+00,+1.35116204201E+00
+38.67500E-06,+1.36293968745E+00,+1.03021357395E+00,+1.34375000000E+00,+1.33608666529E+00
+38.70000E-06,+1.34283918515E+00,+1.03523869951E+00,+1.34375000000E+00,+1.34613691643E+00
+38.72500E-06,+1.34283918515E+00,+1.03021357394E+00,+1.32364949771E+00,+1.32603641413E+00
+38.75000E-06,+1.35288943627E+00,+1.04528895066E+00,+1.31862437216E+00,+1.36623741873E+00
+38.77500E-06,+1.33278893399E+00,+1.03021357395E+00,+1.35380025112E+00,+1.32603641415E+00
+38.80000E-06,+1.35791456188E+00,+1.26639447595E+00,+1.32364949770E+00,+1.30593591183E+00
+38.82500E-06,+1.40314069201E+00,+1.35182161072E+00,+1.32364949772E+00,+1.34613691643E+00
+38.85000E-06,+1.35791456186E+00,+1.35182161070E+00,+1.34375000000E+00,+1.31096103742E+00
+38.87500E-06,+1.34283918515E+00,+1.36187186186E+00,+1.33369974884E+00,+1.33608666529E+00
+38.90000E-06,+1.34786431071E+00,+1.34177135953E+00,+1.36385050230E+00,+1.32603641413E+00
+38.92500E-06,+1.34283918516E+00,+1.37192211299E+00,+1.34375000000E+00,+1.34613691642E+00
+38.95000E-06,+1.37801506416E+00,+1.37192211300E+00,+1.32364949770E+00,+1.34613691643E+00
+38.97500E-06,+1.34283918515E+00,+1.35182161068E+00,+1.32364949773E+00,+1.34613691641E+00
+39.00000E-06,+1.35791456188E+00,+1.07543970411E+00,+1.34375000000E+00,+1.36623741873E+00
+39.02500E-06,+1.34283918515E+00,+1.05031407623E+00,+1.32364949769E+00,+1.32603641413E+00
+39.05000E-06,+1.37801506416E+00,+1.05031407624E+00,+1.32867462329E+00,+1.33106153972E+00
+39.07500E-06,+1.34283918515E+00,+1.03021357397E+00,+1.36385050232E+00,+1.34613691643E+00
+39.10000E-06,+1.35791456188E+00,+1.04528895068E+00,+1.34877512556E+00,+1.34111179087E+00
+39.12500E-06,+1.34283918516E+00,+1.01011307165E+00,+1.34374999999E+00,+1.32603641413E+00
+39.15000E-06,+1.35791456186E+00,+1.01513819724E+00,+1.34375000000E+00,+1.32603641413E+00
+39.17500E-06,+1.34283918515E+00,+1.03021357395E+00,+1.34375000002E+00,+1.31598616299E+00
+39.20000E-06,+1.35791456188E+00,+1.29654522942E+00,+1.34375000000E+00,+1.31598616301E+00
+39.22500E-06,+1.34283918517E+00,+1.35182161072E+00,+1.34374999999E+00,+1.34613691644E+00
+39.25000E-06,+1.33781405956E+00,+1.33674623399E+00,+1.32867462329E+00,+1.34613691643E+00
+39.27500E-06,+1.35288943631E+00,+1.37192211300E+00,+1.34374999998E+00,+1.33608666529E+00
+39.30000E-06,+1.34786431071E+00,+1.34679648514E+00,+1.34375000000E+00,+1.34111179087E+00
+39.32500E-06,+1.36293968742E+00,+1.37192211300E+00,+1.34374999999E+00,+1.32603641414E+00
+39.35000E-06,+1.36293968745E+00,+1.34679648512E+00,+1.32364949770E+00,+1.32603641413E+00
+39.37500E-06,+1.35288943629E+00,+1.34177135954E+00,+1.34375000000E+00,+1.34613691645E+00
+39.40000E-06,+1.35791456188E+00,+1.03523869951E+00,+1.34375000000E+00,+1.35116204199E+00
+39.42500E-06,+1.36293968742E+00,+1.03021357394E+00,+1.34375000000E+00,+1.32603641412E+00
+39.45000E-06,+1.36293968745E+00,+1.02016332282E+00,+1.34375000000E+00,+1.34111179084E+00
+39.47500E-06,+1.36293968745E+00,+1.04026382508E+00,+1.34375000000E+00,+1.33608666527E+00
+39.50000E-06,+1.35791456188E+00,+1.03021357395E+00,+1.34877512556E+00,+1.34613691643E+00
+39.52500E-06,+1.34283918516E+00,+1.03021357394E+00,+1.34375000000E+00,+1.30593591185E+00
+39.55000E-06,+1.34283918515E+00,+1.03021357395E+00,+1.35380025113E+00,+1.36121229314E+00
+39.57500E-06,+1.34283918513E+00,+1.03021357395E+00,+1.32364949770E+00,+1.32603641411E+00
+39.60000E-06,+1.35791456188E+00,+1.26136935039E+00,+1.33872487444E+00,+1.28583540954E+00
+39.62500E-06,+1.36293968745E+00,+1.35182161070E+00,+1.36385050229E+00,+1.32603641414E+00
+39.65000E-06,+1.34786431073E+00,+1.36689698742E+00,+1.35882537671E+00,+1.32101128855E+00
+39.67500E-06,+1.34283918515E+00,+1.35182161070E+00,+1.36385050230E+00,+1.34613691643E+00
+39.70000E-06,+1.37298993862E+00,+1.33674623397E+00,+1.34375000000E+00,+1.33106153969E+00
+39.72500E-06,+1.36293968743E+00,+1.35182161070E+00,+1.32364949773E+00,+1.34613691643E+00
+39.75000E-06,+1.36293968745E+00,+1.34177135958E+00,+1.35882537671E+00,+1.33106153972E+00
+39.77500E-06,+1.37298993858E+00,+1.35182161070E+00,+1.33369974886E+00,+1.35618716759E+00
+39.80000E-06,+1.34786431076E+00,+1.04026382507E+00,+1.30857412097E+00,+1.36623741873E+00
+39.82500E-06,+1.32273868285E+00,+1.03021357395E+00,+1.32364949769E+00,+1.30593591185E+00
+39.85000E-06,+1.34786431073E+00,+1.03021357395E+00,+1.36385050230E+00,+1.34613691643E+00
+39.87500E-06,+1.37298993861E+00,+1.03021357395E+00,+1.35380025114E+00,+1.33608666529E+00
+39.90000E-06,+1.36293968745E+00,+1.02518844839E+00,+1.34375000000E+00,+1.34613691643E+00
+39.92500E-06,+1.36293968745E+00,+1.03021357396E+00,+1.34375000000E+00,+1.32603641413E+00
+39.95000E-06,+1.34283918515E+00,+1.01513819724E+00,+1.32867462329E+00,+1.34111179084E+00
+39.97500E-06,+1.34283918515E+00,+1.01011307165E+00,+1.34375000000E+00,+1.32603641411E+00
+40.00000E-06,+1.35791456188E+00,+1.27644472712E+00,+1.33872487444E+00,+1.32603641413E+00
+40.02500E-06,+1.38304018973E+00,+1.35182161072E+00,+1.32364949769E+00,+1.34613691643E+00
+40.05000E-06,+1.34283918515E+00,+1.34679648512E+00,+1.31359924658E+00,+1.34111179084E+00
+40.07500E-06,+1.33278893399E+00,+1.32167085727E+00,+1.33369974886E+00,+1.34613691643E+00
+40.10000E-06,+1.38304018974E+00,+1.35182161070E+00,+1.34375000000E+00,+1.34111179087E+00
+40.12500E-06,+1.36293968746E+00,+1.35182161070E+00,+1.30354899542E+00,+1.34613691642E+00
+40.15000E-06,+1.35791456186E+00,+1.35182161070E+00,+1.35380025117E+00,+1.33608666526E+00
+40.17500E-06,+1.36293968747E+00,+1.35182161070E+00,+1.35380025111E+00,+1.32603641416E+00
+40.20000E-06,+1.34786431071E+00,+1.06036432737E+00,+1.32867462327E+00,+1.35116204199E+00
+40.22500E-06,+1.34283918515E+00,+1.03021357396E+00,+1.34375000001E+00,+1.32603641412E+00
+40.25000E-06,+1.35791456186E+00,+1.03523869953E+00,+1.34877512559E+00,+1.35618716755E+00
+40.27500E-06,+1.36293968747E+00,+1.04026382511E+00,+1.31359924654E+00,+1.33608666529E+00
+40.30000E-06,+1.32776380841E+00,+1.02016332277E+00,+1.35882537674E+00,+1.34613691643E+00
+40.32500E-06,+1.34283918515E+00,+1.03021357394E+00,+1.34374999999E+00,+1.32603641413E+00
+40.35000E-06,+1.33278893402E+00,+1.04528895066E+00,+1.32364949770E+00,+1.32603641413E+00
+40.37500E-06,+1.35288943631E+00,+1.02016332281E+00,+1.35380025114E+00,+1.31598616300E+00
+40.40000E-06,+1.34786431071E+00,+1.28649497825E+00,+1.32364949770E+00,+1.29086053510E+00
+40.42500E-06,+1.36293968743E+00,+1.35182161070E+00,+1.36385050231E+00,+1.34613691642E+00
+40.45000E-06,+1.34283918515E+00,+1.33674623399E+00,+1.33872487441E+00,+1.31096103742E+00
+40.47500E-06,+1.34283918512E+00,+1.36187186186E+00,+1.36385050232E+00,+1.32603641413E+00
+40.50000E-06,+1.37801506418E+00,+1.33674623397E+00,+1.35882537674E+00,+1.32101128857E+00
+40.52500E-06,+1.36293968743E+00,+1.35182161070E+00,+1.32364949771E+00,+1.32603641413E+00
+40.55000E-06,+1.34283918515E+00,+1.35182161070E+00,+1.32364949770E+00,+1.33608666530E+00
+40.57500E-06,+1.36293968742E+00,+1.35182161070E+00,+1.34375000000E+00,+1.33608666529E+00
+40.60000E-06,+1.32273868285E+00,+1.05031407624E+00,+1.32364949770E+00,+1.35116204199E+00
+40.62500E-06,+1.30263818058E+00,+1.03021357395E+00,+1.34374999998E+00,+1.30593591185E+00
+40.65000E-06,+1.34283918515E+00,+1.03021357395E+00,+1.35882537671E+00,+1.33106153972E+00
+40.67500E-06,+1.34283918512E+00,+1.03021357395E+00,+1.35380025114E+00,+1.32603641413E+00
+40.70000E-06,+1.34786431071E+00,+1.03021357395E+00,+1.36385050230E+00,+1.31096103740E+00
+40.72500E-06,+1.34283918515E+00,+1.01011307166E+00,+1.32364949772E+00,+1.34613691643E+00
+40.75000E-06,+1.36293968745E+00,+1.02518844836E+00,+1.31359924658E+00,+1.34111179084E+00
+40.77500E-06,+1.37298993858E+00,+1.02016332281E+00,+1.34375000000E+00,+1.31598616300E+00
+40.80000E-06,+1.32776380841E+00,+1.29654522942E+00,+1.33369974888E+00,+1.30091078627E+00
+40.82500E-06,+1.34283918519E+00,+1.35182161070E+00,+1.32364949770E+00,+1.32603641414E+00
+40.85000E-06,+1.34786431074E+00,+1.37192211300E+00,+1.32867462329E+00,+1.34613691643E+00
+40.87500E-06,+1.33278893399E+00,+1.35182161070E+00,+1.33369974884E+00,+1.35618716757E+00
+40.90000E-06,+1.34283918515E+00,+1.34679648514E+00,+1.34375000000E+00,+1.35116204204E+00
+40.92500E-06,+1.38304018973E+00,+1.35182161072E+00,+1.36385050227E+00,+1.34613691642E+00
+40.95000E-06,+1.34283918515E+00,+1.35684673629E+00,+1.35882537671E+00,+1.32603641413E+00
+40.97500E-06,+1.35288943631E+00,+1.34177135957E+00,+1.34375000000E+00,+1.33608666529E+00
+41.00000E-06,+1.34786431071E+00,+1.04528895063E+00,+1.34375000000E+00,+1.34613691643E+00
+41.02500E-06,+1.36293968742E+00,+1.03021357397E+00,+1.32364949773E+00,+1.32603641413E+00
+41.05000E-06,+1.38304018974E+00,+1.04528895066E+00,+1.34375000000E+00,+1.31096103742E+00
+41.07500E-06,+1.34283918515E+00,+1.04026382508E+00,+1.35380025114E+00,+1.34613691643E+00
+41.10000E-06,+1.32776380841E+00,+1.02518844839E+00,+1.33369974888E+00,+1.34613691643E+00
+41.12500E-06,+1.34283918515E+00,+1.03021357393E+00,+1.30354899543E+00,+1.34613691642E+00
+41.15000E-06,+1.36293968745E+00,+1.02518844836E+00,+1.31862437212E+00,+1.32603641413E+00
+41.17500E-06,+1.35288943628E+00,+1.01011307165E+00,+1.33369974884E+00,+1.32603641416E+00
+41.20000E-06,+1.34283918515E+00,+1.26639447595E+00,+1.33369974888E+00,+1.30593591183E+00
+41.22500E-06,+1.38304018973E+00,+1.35182161070E+00,+1.36385050227E+00,+1.32603641414E+00
+41.25000E-06,+1.34786431074E+00,+1.34177135958E+00,+1.34375000000E+00,+1.32603641413E+00
+41.27500E-06,+1.31268843169E+00,+1.36187186187E+00,+1.35380025116E+00,+1.34613691643E+00
+41.30000E-06,+1.32776380841E+00,+1.35684673627E+00,+1.34375000000E+00,+1.34111179087E+00
+41.32500E-06,+1.36293968743E+00,+1.35182161069E+00,+1.32364949772E+00,+1.34613691643E+00
+41.35000E-06,+1.37801506416E+00,+1.35684673629E+00,+1.33872487441E+00,+1.32603641413E+00
+41.37500E-06,+1.35288943631E+00,+1.34177135952E+00,+1.32364949770E+00,+1.33608666527E+00
+41.40000E-06,+1.34283918515E+00,+1.04528895063E+00,+1.33369974883E+00,+1.35116204199E+00
+41.42500E-06,+1.32273868289E+00,+1.05031407623E+00,+1.32364949770E+00,+1.32603641414E+00
+41.45000E-06,+1.35791456186E+00,+1.02518844836E+00,+1.35380025112E+00,+1.34111179084E+00
+41.47500E-06,+1.33278893399E+00,+1.02016332279E+00,+1.34375000003E+00,+1.33608666527E+00
+41.50000E-06,+1.34283918515E+00,+1.03021357395E+00,+1.34375000000E+00,+1.33106153969E+00
+41.52500E-06,+1.34283918516E+00,+1.01011307165E+00,+1.36385050228E+00,+1.32603641414E+00
+41.55000E-06,+1.34283918515E+00,+1.03021357395E+00,+1.35882537671E+00,+1.32101128854E+00
+41.57500E-06,+1.34283918515E+00,+1.03021357395E+00,+1.34375000000E+00,+1.31598616297E+00
+41.60000E-06,+1.35288943632E+00,+1.30157035499E+00,+1.33872487444E+00,+1.30593591183E+00
+41.62500E-06,+1.38304018974E+00,+1.35182161072E+00,+1.34375000000E+00,+1.32603641414E+00
+41.65000E-06,+1.34786431074E+00,+1.34679648512E+00,+1.35380025112E+00,+1.34111179084E+00
+41.67500E-06,+1.34283918517E+00,+1.35182161070E+00,+1.33369974884E+00,+1.33608666529E+00
+41.70000E-06,+1.34283918515E+00,+1.35182161070E+00,+1.36385050230E+00,+1.33106153969E+00
+41.72500E-06,+1.36293968743E+00,+1.37192211300E+00,+1.32364949772E+00,+1.32603641412E+00
+41.75000E-06,+1.35791456186E+00,+1.34177135958E+00,+1.34375000000E+00,+1.34111179084E+00
+41.77500E-06,+1.35288943631E+00,+1.34177135957E+00,+1.34375000003E+00,+1.32603641411E+00
+41.80000E-06,+1.33278893397E+00,+1.06538945298E+00,+1.36385050230E+00,+1.36121229316E+00
+41.82500E-06,+1.34283918514E+00,+1.03021357395E+00,+1.34375000000E+00,+1.30593591183E+00
+41.85000E-06,+1.34786431074E+00,+1.04026382512E+00,+1.32867462329E+00,+1.32603641413E+00
+41.87500E-06,+1.35288943628E+00,+1.03021357395E+00,+1.31359924654E+00,+1.33608666527E+00
+41.90000E-06,+1.36293968745E+00,+1.01513819721E+00,+1.32867462326E+00,+1.33608666525E+00
+41.92500E-06,+1.34283918515E+00,+1.03021357393E+00,+1.34375000001E+00,+1.36623741870E+00
+41.95000E-06,+1.32776380844E+00,+1.01513819724E+00,+1.30857412099E+00,+1.34111179084E+00
+41.97500E-06,+1.34283918515E+00,+1.02016332279E+00,+1.33369974884E+00,+1.32603641413E+00
+42.00000E-06,+1.36293968745E+00,+1.25634422478E+00,+1.28847361867E+00,+1.28081028398E+00
+42.02500E-06,+1.38304018976E+00,+1.37192211301E+00,+1.34375000000E+00,+1.38633792101E+00
+42.05000E-06,+1.34283918515E+00,+1.34679648512E+00,+1.33872487441E+00,+1.30593591183E+00
+42.07500E-06,+1.34283918515E+00,+1.37192211300E+00,+1.36385050230E+00,+1.33608666529E+00
+42.10000E-06,+1.33278893397E+00,+1.33172110841E+00,+1.33872487444E+00,+1.32603641413E+00
+42.12500E-06,+1.36293968745E+00,+1.35182161070E+00,+1.34375000000E+00,+1.34613691642E+00
+42.15000E-06,+1.33278893403E+00,+1.33674623399E+00,+1.34375000000E+00,+1.34111179084E+00
+42.17500E-06,+1.34283918515E+00,+1.34177135954E+00,+1.35380025116E+00,+1.32603641413E+00
+42.20000E-06,+1.34283918515E+00,+1.05533920181E+00,+1.34877512556E+00,+1.35116204199E+00
+42.22500E-06,+1.30263818055E+00,+1.01011307166E+00,+1.36385050227E+00,+1.30593591185E+00
+42.25000E-06,+1.34786431074E+00,+1.03523869954E+00,+1.33872487441E+00,+1.34613691643E+00
+42.27500E-06,+1.36293968745E+00,+1.03021357395E+00,+1.34374999997E+00,+1.31598616297E+00
+42.30000E-06,+1.35791456188E+00,+1.02518844839E+00,+1.32364949770E+00,+1.32603641413E+00
+42.32500E-06,+1.34283918516E+00,+1.03021357393E+00,+1.34375000001E+00,+1.30593591185E+00
+42.35000E-06,+1.34283918515E+00,+1.03523869954E+00,+1.31359924658E+00,+1.32603641413E+00
+42.37500E-06,+1.35288943628E+00,+1.02016332279E+00,+1.34375000000E+00,+1.31598616300E+00
+42.40000E-06,+1.35791456188E+00,+1.30157035499E+00,+1.33369974888E+00,+1.28081028398E+00
+42.42500E-06,+1.36293968745E+00,+1.39202261529E+00,+1.36385050227E+00,+1.36623741873E+00
+42.45000E-06,+1.32776380844E+00,+1.35182161070E+00,+1.33872487441E+00,+1.32101128854E+00
+42.47500E-06,+1.35288943628E+00,+1.33172110843E+00,+1.33369974884E+00,+1.32603641413E+00
+42.50000E-06,+1.32776380841E+00,+1.34679648514E+00,+1.32867462326E+00,+1.32603641413E+00
+42.52500E-06,+1.34283918515E+00,+1.35182161070E+00,+1.36385050227E+00,+1.30593591185E+00
+42.55000E-06,+1.35791456186E+00,+1.34679648512E+00,+1.32364949770E+00,+1.34111179084E+00
+42.57500E-06,+1.33278893399E+00,+1.37192211300E+00,+1.36385050230E+00,+1.32603641413E+00
+42.60000E-06,+1.34786431071E+00,+1.06036432737E+00,+1.38395100459E+00,+1.35116204199E+00
+42.62500E-06,+1.34283918515E+00,+1.03021357393E+00,+1.36385050230E+00,+1.30593591183E+00
+42.65000E-06,+1.37801506416E+00,+1.03523869954E+00,+1.34877512559E+00,+1.32603641413E+00
+42.67500E-06,+1.37298993858E+00,+1.01011307165E+00,+1.33369974884E+00,+1.31598616297E+00
+42.70000E-06,+1.32776380841E+00,+1.02518844839E+00,+1.33872487444E+00,+1.35116204199E+00
+42.72500E-06,+1.36293968743E+00,+1.01011307165E+00,+1.32364949772E+00,+1.32603641413E+00
+42.75000E-06,+1.32776380844E+00,+1.03021357395E+00,+1.33872487441E+00,+1.34111179084E+00
+42.77500E-06,+1.33278893396E+00,+1.02016332281E+00,+1.33369974886E+00,+1.32603641413E+00
+42.80000E-06,+1.35791456189E+00,+1.29654522943E+00,+1.32867462332E+00,+1.27578515842E+00
+42.82500E-06,+1.36293968746E+00,+1.39202261530E+00,+1.36385050228E+00,+1.34613691642E+00
+42.85000E-06,+1.34283918515E+00,+1.35182161070E+00,+1.32364949770E+00,+1.31096103742E+00
+42.87500E-06,+1.37298993858E+00,+1.37192211300E+00,+1.33369974884E+00,+1.34613691643E+00
+42.90000E-06,+1.34283918515E+00,+1.35684673626E+00,+1.36887562791E+00,+1.32101128852E+00
+42.92500E-06,+1.34283918515E+00,+1.35182161070E+00,+1.34375000001E+00,+1.32603641413E+00
+42.95000E-06,+1.34283918515E+00,+1.34177135953E+00,+1.35882537671E+00,+1.34613691643E+00
+42.97500E-06,+1.35288943628E+00,+1.36187186184E+00,+1.33369974887E+00,+1.35618716759E+00
+43.00000E-06,+1.33278893403E+00,+1.06036432737E+00,+1.32364949765E+00,+1.37628766985E+00
+43.02500E-06,+1.32273868285E+00,+1.03021357395E+00,+1.32364949772E+00,+1.32603641412E+00
+43.05000E-06,+1.34283918515E+00,+1.04528895066E+00,+1.36385050230E+00,+1.34111179084E+00
+43.07500E-06,+1.36293968745E+00,+1.02016332281E+00,+1.34375000000E+00,+1.32603641413E+00
+43.10000E-06,+1.36293968745E+00,+1.03021357395E+00,+1.33369974882E+00,+1.34111179087E+00
+43.12500E-06,+1.36293968745E+00,+1.03021357395E+00,+1.36385050228E+00,+1.34613691643E+00
+43.15000E-06,+1.35288943627E+00,+1.03021357395E+00,+1.34877512559E+00,+1.32603641413E+00
+43.17500E-06,+1.35288943631E+00,+1.03021357395E+00,+1.32364949770E+00,+1.32603641416E+00
+43.20000E-06,+1.34283918515E+00,+1.26136935039E+00,+1.29852386984E+00,+1.29086053510E+00
+43.22500E-06,+1.34283918518E+00,+1.37192211300E+00,+1.36385050228E+00,+1.36623741874E+00
+43.25000E-06,+1.33781405956E+00,+1.31664573170E+00,+1.34375000000E+00,+1.34111179084E+00
+43.27500E-06,+1.32273868285E+00,+1.36187186187E+00,+1.35380025113E+00,+1.34613691643E+00
+43.30000E-06,+1.32776380841E+00,+1.36689698744E+00,+1.34877512556E+00,+1.33608666531E+00
+43.32500E-06,+1.34283918515E+00,+1.35182161070E+00,+1.32364949770E+00,+1.32603641415E+00
+43.35000E-06,+1.37801506415E+00,+1.36187186182E+00,+1.35882537671E+00,+1.34613691643E+00
+43.37500E-06,+1.34283918515E+00,+1.36187186187E+00,+1.35380025116E+00,+1.33608666529E+00
+43.40000E-06,+1.36796481301E+00,+1.05533920181E+00,+1.34877512556E+00,+1.35618716755E+00
+43.42500E-06,+1.32273868287E+00,+990.01256937E-03,+1.34375000003E+00,+1.30593591183E+00
+43.45000E-06,+1.38304018974E+00,+1.04528895066E+00,+1.34877512559E+00,+1.34613691643E+00
+43.47500E-06,+1.34283918515E+00,+1.03021357395E+00,+1.33369974884E+00,+1.33608666527E+00
+43.50000E-06,+1.34283918515E+00,+1.02518844839E+00,+1.33872487444E+00,+1.34613691643E+00
+43.52500E-06,+1.34283918512E+00,+1.03021357393E+00,+1.34375000003E+00,+1.34613691641E+00
+43.55000E-06,+1.32776380844E+00,+1.02518844836E+00,+1.34375000000E+00,+1.33106153972E+00
+43.57500E-06,+1.33278893399E+00,+1.02016332281E+00,+1.33369974884E+00,+1.32603641419E+00
+43.60000E-06,+1.34283918515E+00,+1.29152010387E+00,+1.34877512562E+00,+1.27578515842E+00
+43.62500E-06,+1.38304018973E+00,+1.37192211300E+00,+1.32364949772E+00,+1.36623741871E+00
+43.65000E-06,+1.32776380844E+00,+1.33172110841E+00,+1.35882537671E+00,+1.31096103742E+00
+43.67500E-06,+1.35288943628E+00,+1.36187186187E+00,+1.34375000000E+00,+1.34613691643E+00
+43.70000E-06,+1.36293968745E+00,+1.33674623397E+00,+1.36385050230E+00,+1.32603641413E+00
+43.72500E-06,+1.36293968745E+00,+1.35182161069E+00,+1.34375000000E+00,+1.32603641415E+00
+43.75000E-06,+1.34283918515E+00,+1.33674623400E+00,+1.35882537671E+00,+1.34613691643E+00
+43.77500E-06,+1.35288943631E+00,+1.35182161070E+00,+1.34374999997E+00,+1.34613691643E+00
+43.80000E-06,+1.35791456189E+00,+1.04528895063E+00,+1.33369974882E+00,+1.38633792102E+00
+43.82500E-06,+1.32273868287E+00,+1.03021357395E+00,+1.32364949772E+00,+1.30593591183E+00
+43.85000E-06,+1.36293968745E+00,+1.05031407624E+00,+1.33872487441E+00,+1.33608666531E+00
+43.87500E-06,+1.37298993861E+00,+1.03021357395E+00,+1.35380025113E+00,+1.30593591183E+00
+43.90000E-06,+1.33781405959E+00,+1.03021357395E+00,+1.36385050230E+00,+1.32603641413E+00
+43.92500E-06,+1.34283918516E+00,+1.01011307165E+00,+1.36385050228E+00,+1.30593591186E+00
+43.95000E-06,+1.34786431074E+00,+1.03021357395E+00,+1.34877512559E+00,+1.31096103742E+00
+43.97500E-06,+1.37298993861E+00,+1.03021357395E+00,+1.33369974887E+00,+1.33608666527E+00
+44.00000E-06,+1.34283918515E+00,+1.29152010387E+00,+1.32364949770E+00,+1.30091078627E+00
+44.02500E-06,+1.38304018974E+00,+1.35182161073E+00,+1.36385050227E+00,+1.36623741873E+00
+44.05000E-06,+1.32273868285E+00,+1.32669598282E+00,+1.34375000000E+00,+1.33608666525E+00
+44.07500E-06,+1.36293968745E+00,+1.35182161070E+00,+1.35380025113E+00,+1.34613691643E+00
+44.10000E-06,+1.34283918515E+00,+1.33674623397E+00,+1.35380025112E+00,+1.32101128857E+00
+44.12500E-06,+1.38304018971E+00,+1.35182161070E+00,+1.36385050227E+00,+1.32603641415E+00
+44.15000E-06,+1.34283918515E+00,+1.36689698741E+00,+1.36385050230E+00,+1.32603641413E+00
+44.17500E-06,+1.36293968745E+00,+1.36187186187E+00,+1.36385050230E+00,+1.33608666529E+00
+44.20000E-06,+1.36293968745E+00,+1.07543970410E+00,+1.36887562786E+00,+1.35116204199E+00
+44.22500E-06,+1.36293968743E+00,+1.03021357393E+00,+1.34375000000E+00,+1.30593591183E+00
+44.25000E-06,+1.37801506415E+00,+1.05031407624E+00,+1.34375000000E+00,+1.35116204202E+00
+44.27500E-06,+1.35288943634E+00,+1.02016332278E+00,+1.34374999997E+00,+1.33608666527E+00
+44.30000E-06,+1.34786431071E+00,+1.01011307165E+00,+1.34375000000E+00,+1.33106153969E+00
+44.32500E-06,+1.32273868288E+00,+1.03021357393E+00,+1.34375000001E+00,+1.34613691643E+00
+44.35000E-06,+1.35791456186E+00,+1.01011307165E+00,+1.32364949770E+00,+1.34111179084E+00
+44.37500E-06,+1.35288943628E+00,+1.03021357395E+00,+1.33369974884E+00,+1.30593591183E+00
+44.40000E-06,+1.32776380841E+00,+1.29654522943E+00,+1.35380025118E+00,+1.28583540954E+00
+44.42500E-06,+1.36293968745E+00,+1.37192211302E+00,+1.32364949773E+00,+1.36623741871E+00
+44.45000E-06,+1.34283918515E+00,+1.33172110841E+00,+1.36385050230E+00,+1.30593591183E+00
+44.47500E-06,+1.36293968742E+00,+1.34177135957E+00,+1.35380025116E+00,+1.34613691640E+00
+44.50000E-06,+1.35791456189E+00,+1.36689698744E+00,+1.33872487444E+00,+1.33106153969E+00
+44.52500E-06,+1.38304018971E+00,+1.37192211299E+00,+1.32364949772E+00,+1.34613691640E+00
+44.55000E-06,+1.34283918515E+00,+1.35684673629E+00,+1.35380025112E+00,+1.36121229314E+00
+44.57500E-06,+1.35288943628E+00,+1.35182161070E+00,+1.33369974887E+00,+1.33608666527E+00
+44.60000E-06,+1.34786431071E+00,+1.04026382507E+00,+1.31359924652E+00,+1.37126254429E+00
+44.62500E-06,+1.30263818058E+00,+1.03021357395E+00,+1.34375000000E+00,+1.28583540955E+00
+44.65000E-06,+1.39309044086E+00,+1.03021357395E+00,+1.31359924658E+00,+1.33106153972E+00
+44.67500E-06,+1.36293968742E+00,+1.03021357395E+00,+1.32364949770E+00,+1.33608666527E+00
+44.70000E-06,+1.36293968745E+00,+1.02518844839E+00,+1.33369974882E+00,+1.32101128857E+00
+44.72500E-06,+1.34283918515E+00,+1.01011307165E+00,+1.34375000001E+00,+1.32603641412E+00
+44.75000E-06,+1.36293968745E+00,+1.02518844836E+00,+1.33872487441E+00,+1.32603641413E+00
+44.77500E-06,+1.36293968745E+00,+1.02016332281E+00,+1.32364949770E+00,+1.31598616297E+00
+44.80000E-06,+1.36293968745E+00,+1.27644472713E+00,+1.33369974888E+00,+1.28583540954E+00
+44.82500E-06,+1.38304018976E+00,+1.37192211299E+00,+1.34374999999E+00,+1.34613691644E+00
+44.85000E-06,+1.32776380844E+00,+1.34679648511E+00,+1.32867462329E+00,+1.31096103742E+00
+44.87500E-06,+1.35288943628E+00,+1.36187186187E+00,+1.36385050230E+00,+1.35618716756E+00
+44.90000E-06,+1.34283918515E+00,+1.36689698744E+00,+1.33369974882E+00,+1.35618716761E+00
+44.92500E-06,+1.34283918516E+00,+1.35182161072E+00,+1.36385050227E+00,+1.34613691643E+00
+44.95000E-06,+1.35791456186E+00,+1.36689698741E+00,+1.34375000000E+00,+1.34613691643E+00
+44.97500E-06,+1.35288943631E+00,+1.36187186184E+00,+1.35380025116E+00,+1.33608666530E+00
+45.00000E-06,+1.35288943633E+00,+1.02518844833E+00,+1.36385050230E+00,+1.35116204199E+00
+45.02500E-06,+1.36293968745E+00,+1.01011307165E+00,+1.34375000000E+00,+1.28583540955E+00
+45.05000E-06,+1.37801506415E+00,+1.03523869954E+00,+1.34375000000E+00,+1.34613691643E+00
+45.07500E-06,+1.34283918515E+00,+1.04026382508E+00,+1.34374999997E+00,+1.34613691643E+00
+45.10000E-06,+1.32776380841E+00,+1.04026382513E+00,+1.35882537674E+00,+1.34613691643E+00
+45.12500E-06,+1.34283918515E+00,+1.01011307167E+00,+1.34375000001E+00,+1.34613691641E+00
+45.15000E-06,+1.33278893403E+00,+1.01513819724E+00,+1.32364949770E+00,+1.34613691643E+00
+45.17500E-06,+1.36293968745E+00,+1.02016332281E+00,+1.33369974887E+00,+1.32603641416E+00
+45.20000E-06,+1.34283918515E+00,+1.29152010387E+00,+1.33369974888E+00,+1.26070978168E+00
+45.22500E-06,+1.38304018976E+00,+1.39202261530E+00,+1.34375000000E+00,+1.36623741871E+00
+45.25000E-06,+1.32776380844E+00,+1.33674623400E+00,+1.36385050230E+00,+1.32101128854E+00
+45.27500E-06,+1.34283918515E+00,+1.34177135954E+00,+1.34375000000E+00,+1.32603641413E+00
+45.30000E-06,+1.34283918515E+00,+1.33172110841E+00,+1.35882537674E+00,+1.34613691643E+00
+45.32500E-06,+1.34283918518E+00,+1.37192211299E+00,+1.34375000000E+00,+1.32603641413E+00
+45.35000E-06,+1.34786431074E+00,+1.33674623400E+00,+1.35380025112E+00,+1.36121229314E+00
+45.37500E-06,+1.33278893398E+00,+1.34177135957E+00,+1.32364949773E+00,+1.32603641413E+00
+45.40000E-06,+1.35288943633E+00,+1.06036432736E+00,+1.35380025112E+00,+1.37126254429E+00
+45.42500E-06,+1.34283918515E+00,+1.01011307168E+00,+1.36385050227E+00,+1.32603641412E+00
+45.45000E-06,+1.34786431074E+00,+1.03523869954E+00,+1.35882537671E+00,+1.33608666531E+00
+45.47500E-06,+1.35288943631E+00,+1.04026382514E+00,+1.34375000000E+00,+1.31598616297E+00
+45.50000E-06,+1.35791456189E+00,+1.04026382513E+00,+1.32867462326E+00,+1.36121229317E+00
+45.52500E-06,+1.34283918515E+00,+1.01011307167E+00,+1.36385050228E+00,+1.32603641413E+00
+45.55000E-06,+1.35791456186E+00,+1.03021357395E+00,+1.34375000000E+00,+1.32101128854E+00
+45.57500E-06,+1.35288943628E+00,+1.02016332281E+00,+1.33369974887E+00,+1.33608666530E+00
+45.60000E-06,+1.32776380841E+00,+1.30157035499E+00,+1.33369974888E+00,+1.30091078628E+00
+45.62500E-06,+1.40314069204E+00,+1.35182161070E+00,+1.34374999998E+00,+1.34613691644E+00
+45.65000E-06,+1.32273868285E+00,+1.32669598282E+00,+1.34877512559E+00,+1.32101128854E+00
+45.67500E-06,+1.34283918518E+00,+1.36187186184E+00,+1.33369974884E+00,+1.33608666530E+00
+45.70000E-06,+1.34283918515E+00,+1.33674623397E+00,+1.36385050230E+00,+1.32603641413E+00
+45.72500E-06,+1.34283918516E+00,+1.39202261527E+00,+1.36385050228E+00,+1.32603641413E+00
+45.75000E-06,+1.35288943627E+00,+1.35182161070E+00,+1.35882537671E+00,+1.34613691643E+00
+45.77500E-06,+1.35288943631E+00,+1.36187186187E+00,+1.34375000000E+00,+1.32603641413E+00
+45.80000E-06,+1.35791456189E+00,+1.05533920180E+00,+1.36385050230E+00,+1.34613691643E+00
+45.82500E-06,+1.34283918515E+00,+1.03021357393E+00,+1.34375000000E+00,+1.32603641412E+00
+45.85000E-06,+1.36796481297E+00,+1.03523869954E+00,+1.33369974888E+00,+1.34613691643E+00
+45.87500E-06,+1.34283918518E+00,+1.03021357395E+00,+1.33369974887E+00,+1.34613691643E+00
+45.90000E-06,+1.34283918515E+00,+1.03021357395E+00,+1.35882537674E+00,+1.33106153969E+00
+45.92500E-06,+1.34283918512E+00,+1.01011307165E+00,+1.36385050230E+00,+1.34613691643E+00
+45.95000E-06,+1.35791456186E+00,+1.04528895066E+00,+1.32364949770E+00,+1.33106153972E+00
+45.97500E-06,+1.35288943628E+00,+1.03021357395E+00,+1.33369974887E+00,+1.32603641413E+00
+46.00000E-06,+1.34786431071E+00,+1.29654522943E+00,+1.31862437214E+00,+1.28081028398E+00
+46.02500E-06,+1.38304018973E+00,+1.35182161074E+00,+1.34375000000E+00,+1.36623741871E+00
+46.05000E-06,+1.34283918515E+00,+1.33172110841E+00,+1.34877512559E+00,+1.31096103742E+00
+46.07500E-06,+1.34283918515E+00,+1.35182161074E+00,+1.36385050230E+00,+1.32603641413E+00
+46.10000E-06,+1.35791456189E+00,+1.33674623397E+00,+1.35380025118E+00,+1.32101128857E+00
+46.12500E-06,+1.36293968745E+00,+1.35182161070E+00,+1.34375000002E+00,+1.30593591185E+00
+46.15000E-06,+1.34283918515E+00,+1.34177135959E+00,+1.34375000000E+00,+1.36121229314E+00
+46.17500E-06,+1.35288943628E+00,+1.34177135954E+00,+1.31359924657E+00,+1.34613691640E+00
+46.20000E-06,+1.34283918515E+00,+1.03523869951E+00,+1.33369974882E+00,+1.36623741873E+00
+46.22500E-06,+1.32273868285E+00,+1.03021357392E+00,+1.36385050228E+00,+1.32603641415E+00
+46.25000E-06,+1.35791456186E+00,+1.05031407624E+00,+1.34375000000E+00,+1.34613691643E+00
+46.27500E-06,+1.35288943628E+00,+1.04026382508E+00,+1.36385050233E+00,+1.32603641410E+00
+46.30000E-06,+1.34283918515E+00,+1.03021357395E+00,+1.36385050230E+00,+1.33106153969E+00
+46.32500E-06,+1.34283918516E+00,+1.03021357395E+00,+1.36385050228E+00,+1.30593591185E+00
+46.35000E-06,+1.33278893403E+00,+1.01011307165E+00,+1.34375000000E+00,+1.31096103742E+00
+46.37500E-06,+1.35288943628E+00,+1.03021357395E+00,+1.34375000000E+00,+1.33608666526E+00
+46.40000E-06,+1.35791456189E+00,+1.28146985270E+00,+1.31359924659E+00,+1.28081028398E+00
+46.42500E-06,+1.38304018974E+00,+1.37192211302E+00,+1.34374999997E+00,+1.38633792101E+00
+46.45000E-06,+1.32273868285E+00,+1.35182161070E+00,+1.33369974888E+00,+1.32101128854E+00
+46.47500E-06,+1.33278893402E+00,+1.36187186187E+00,+1.34375000003E+00,+1.33608666530E+00
+46.50000E-06,+1.32776380841E+00,+1.35182161070E+00,+1.33872487438E+00,+1.34613691643E+00
+46.52500E-06,+1.36293968745E+00,+1.37192211300E+00,+1.32364949770E+00,+1.32603641413E+00
+46.55000E-06,+1.35791456186E+00,+1.36689698741E+00,+1.37390075341E+00,+1.32603641413E+00
+46.57500E-06,+1.33278893402E+00,+1.37192211300E+00,+1.35380025113E+00,+1.32603641416E+00
+46.60000E-06,+1.32776380841E+00,+1.02016332277E+00,+1.34877512556E+00,+1.35116204199E+00
+46.62500E-06,+1.36293968741E+00,+1.03021357395E+00,+1.36385050227E+00,+1.34613691641E+00
+46.65000E-06,+1.35791456186E+00,+1.05031407624E+00,+1.34375000000E+00,+1.34613691643E+00
+46.67500E-06,+1.35288943631E+00,+1.01011307165E+00,+1.32364949770E+00,+1.33608666530E+00
+46.70000E-06,+1.35288943633E+00,+1.03021357395E+00,+1.35882537674E+00,+1.33106153969E+00
+46.72500E-06,+1.34283918515E+00,+1.01011307165E+00,+1.30354899544E+00,+1.34613691641E+00
+46.75000E-06,+1.34283918515E+00,+1.01513819724E+00,+1.30857412100E+00,+1.34111179084E+00
+46.77500E-06,+1.34283918515E+00,+1.02016332278E+00,+1.32364949770E+00,+1.31598616300E+00
+46.80000E-06,+1.34786431071E+00,+1.28649497825E+00,+1.31862437214E+00,+1.28583540954E+00
+46.82500E-06,+1.36293968746E+00,+1.37192211300E+00,+1.34375000000E+00,+1.36623741871E+00
+46.85000E-06,+1.34786431074E+00,+1.34679648511E+00,+1.34375000000E+00,+1.30593591183E+00
+46.87500E-06,+1.34283918515E+00,+1.37192211300E+00,+1.36385050230E+00,+1.34613691643E+00
+46.90000E-06,+1.34786431071E+00,+1.32167085723E+00,+1.33872487444E+00,+1.33106153969E+00
+46.92500E-06,+1.34283918515E+00,+1.37192211300E+00,+1.32364949773E+00,+1.30593591185E+00
+46.95000E-06,+1.34786431074E+00,+1.34177135952E+00,+1.35882537671E+00,+1.36121229314E+00
+46.97500E-06,+1.34283918515E+00,+1.33172110841E+00,+1.34374999997E+00,+1.34613691640E+00
+47.00000E-06,+1.34283918515E+00,+1.05031407618E+00,+1.33872487438E+00,+1.35618716754E+00
+47.02500E-06,+1.34283918512E+00,+1.05031407621E+00,+1.38395100456E+00,+1.30593591183E+00
+47.05000E-06,+1.35288943626E+00,+1.03021357395E+00,+1.32867462329E+00,+1.32603641413E+00
+47.07500E-06,+1.35288943631E+00,+1.02016332278E+00,+1.33369974884E+00,+1.30593591183E+00
+47.10000E-06,+1.35791456189E+00,+1.03021357395E+00,+1.32867462326E+00,+1.31096103739E+00
+47.12500E-06,+1.36293968743E+00,+1.01011307167E+00,+1.34375000002E+00,+1.34613691641E+00
+47.15000E-06,+1.36293968745E+00,+1.02518844836E+00,+1.34375000000E+00,+1.30593591183E+00
+47.17500E-06,+1.35288943628E+00,+1.03021357395E+00,+1.33369974887E+00,+1.31598616300E+00
+47.20000E-06,+1.34283918515E+00,+1.26639447596E+00,+1.29852386985E+00,+1.27076003280E+00
+47.22500E-06,+1.36293968745E+00,+1.35182161072E+00,+1.36385050228E+00,+1.38633792101E+00
+47.25000E-06,+1.35791456186E+00,+1.34679648511E+00,+1.32364949770E+00,+1.32101128854E+00
+47.27500E-06,+1.35288943631E+00,+1.35182161070E+00,+1.33369974887E+00,+1.34613691643E+00
+47.30000E-06,+1.32776380841E+00,+1.35182161070E+00,+1.36887562786E+00,+1.34613691643E+00
+47.32500E-06,+1.36293968745E+00,+1.35182161072E+00,+1.34374999998E+00,+1.30593591185E+00
+47.35000E-06,+1.34786431074E+00,+1.37192211300E+00,+1.35882537671E+00,+1.33106153972E+00
+47.37500E-06,+1.34283918515E+00,+1.36187186184E+00,+1.35380025113E+00,+1.34613691643E+00
+47.40000E-06,+1.34283918515E+00,+1.03523869951E+00,+1.34877512556E+00,+1.35116204199E+00
+47.42500E-06,+1.34283918515E+00,+1.01011307167E+00,+1.36385050230E+00,+1.32603641413E+00
+47.45000E-06,+1.36796481304E+00,+1.06538945295E+00,+1.32867462329E+00,+1.34111179084E+00
+47.47500E-06,+1.34283918515E+00,+1.01011307168E+00,+1.35380025113E+00,+1.36623741873E+00
+47.50000E-06,+1.34283918515E+00,+1.01513819721E+00,+1.35380025118E+00,+1.33106153969E+00
+47.52500E-06,+1.34283918515E+00,+1.03021357391E+00,+1.30354899546E+00,+1.32603641415E+00
+47.55000E-06,+1.35791456185E+00,+1.03021357395E+00,+1.34375000000E+00,+1.32603641413E+00
+47.57500E-06,+1.35288943628E+00,+1.03021357395E+00,+1.32364949770E+00,+1.31598616303E+00
+47.60000E-06,+1.35791456189E+00,+1.27644472714E+00,+1.30354899541E+00,+1.27076003280E+00
+47.62500E-06,+1.38304018974E+00,+1.39202261528E+00,+1.36385050230E+00,+1.36623741871E+00
+47.65000E-06,+1.32776380844E+00,+1.34177135959E+00,+1.37390075341E+00,+1.32101128854E+00
+47.67500E-06,+1.36293968745E+00,+1.34177135957E+00,+1.35380025117E+00,+1.34613691643E+00
+47.70000E-06,+1.34786431071E+00,+1.35182161070E+00,+1.34375000000E+00,+1.33608666525E+00
+47.72500E-06,+1.36293968745E+00,+1.37192211300E+00,+1.34375000000E+00,+1.34613691641E+00
+47.75000E-06,+1.34786431074E+00,+1.35684673630E+00,+1.36385050230E+00,+1.33106153972E+00
+47.77500E-06,+1.35288943631E+00,+1.36187186184E+00,+1.35380025113E+00,+1.34613691643E+00
+47.80000E-06,+1.33781405959E+00,+1.04026382506E+00,+1.31862437208E+00,+1.37126254428E+00
+47.82500E-06,+1.34283918512E+00,+1.05031407623E+00,+1.36385050228E+00,+1.32603641415E+00
+47.85000E-06,+1.35288943633E+00,+1.06538945295E+00,+1.33872487441E+00,+1.33106153972E+00
+47.87500E-06,+1.35288943628E+00,+1.02016332282E+00,+1.34375000000E+00,+1.32603641410E+00
+47.90000E-06,+1.36293968745E+00,+1.03021357395E+00,+1.34877512556E+00,+1.33106153969E+00
+47.92500E-06,+1.36293968743E+00,+1.03021357395E+00,+1.34374999998E+00,+1.30593591187E+00
+47.95000E-06,+1.34283918515E+00,+1.02518844842E+00,+1.34877512559E+00,+1.32603641413E+00
+47.97500E-06,+1.35288943628E+00,+1.03021357391E+00,+1.32364949774E+00,+1.33608666526E+00
+48.00000E-06,+1.34283918515E+00,+1.29152010388E+00,+1.32867462333E+00,+1.30091078628E+00
+48.02500E-06,+1.38304018976E+00,+1.37192211300E+00,+1.34375000000E+00,+1.38633792102E+00
+48.05000E-06,+1.33781405956E+00,+1.34679648511E+00,+1.31862437218E+00,+1.33106153972E+00
+48.07500E-06,+1.34283918515E+00,+1.36187186184E+00,+1.33369974883E+00,+1.35618716756E+00
+48.10000E-06,+1.35791456189E+00,+1.34177135952E+00,+1.34375000000E+00,+1.35618716761E+00
+48.12500E-06,+1.34283918517E+00,+1.39202261528E+00,+1.36385050228E+00,+1.34613691641E+00
+48.15000E-06,+1.34283918515E+00,+1.35182161070E+00,+1.38395100459E+00,+1.33106153972E+00
+48.17500E-06,+1.35288943631E+00,+1.36187186187E+00,+1.35380025113E+00,+1.33608666530E+00
+48.20000E-06,+1.34283918515E+00,+1.05533920180E+00,+1.35380025111E+00,+1.36623741873E+00
+48.22500E-06,+1.32273868287E+00,+1.01011307165E+00,+1.36385050230E+00,+1.30593591185E+00
+48.25000E-06,+1.38304018974E+00,+1.05031407624E+00,+1.36385050230E+00,+1.33106153972E+00
+48.27500E-06,+1.34283918515E+00,+1.03021357395E+00,+1.34375000000E+00,+1.34613691643E+00
+48.30000E-06,+1.34283918515E+00,+1.04528895069E+00,+1.35882537674E+00,+1.31598616295E+00
+48.32500E-06,+1.34283918515E+00,+1.03021357393E+00,+1.32364949775E+00,+1.34613691641E+00
+48.35000E-06,+1.37298993856E+00,+1.03021357395E+00,+1.35380025111E+00,+1.35116204202E+00
+48.37500E-06,+1.34283918515E+00,+1.03021357395E+00,+1.32364949770E+00,+1.33608666530E+00
+48.40000E-06,+1.36293968745E+00,+1.26639447596E+00,+1.30354899541E+00,+1.28081028398E+00
+48.42500E-06,+1.40314069204E+00,+1.37192211302E+00,+1.36385050226E+00,+1.36623741871E+00
+48.45000E-06,+1.32273868285E+00,+1.36689698741E+00,+1.35882537671E+00,+1.31096103743E+00
+48.47500E-06,+1.34283918515E+00,+1.35182161070E+00,+1.36385050230E+00,+1.33608666526E+00
+48.50000E-06,+1.36796481300E+00,+1.32167085722E+00,+1.34375000000E+00,+1.33106153969E+00
+48.52500E-06,+1.34283918517E+00,+1.37192211298E+00,+1.32364949772E+00,+1.34613691643E+00
+48.55000E-06,+1.35288943633E+00,+1.35684673630E+00,+1.34375000000E+00,+1.32101128854E+00
+48.57500E-06,+1.36293968745E+00,+1.37192211300E+00,+1.33369974887E+00,+1.35618716759E+00
+48.60000E-06,+1.36796481300E+00,+1.05031407618E+00,+1.33369974882E+00,+1.37628766984E+00
+48.62500E-06,+1.30263818059E+00,+1.03021357393E+00,+1.34375000000E+00,+1.30593591185E+00
+48.65000E-06,+1.35791456185E+00,+1.02016332283E+00,+1.32867462329E+00,+1.32603641413E+00
+48.67500E-06,+1.37298993858E+00,+1.02016332282E+00,+1.34375000003E+00,+1.32603641413E+00
+48.70000E-06,+1.35791456189E+00,+1.01011307165E+00,+1.32867462326E+00,+1.34111179087E+00
+48.72500E-06,+1.34283918517E+00,+1.01011307165E+00,+1.36385050228E+00,+1.32603641415E+00
+48.75000E-06,+1.36796481304E+00,+1.00006282054E+00,+1.34375000000E+00,+1.32603641413E+00
+48.77500E-06,+1.36293968745E+00,+1.03021357391E+00,+1.34375000000E+00,+1.32603641413E+00
+48.80000E-06,+1.36293968745E+00,+1.28146985270E+00,+1.32364949770E+00,+1.28583540954E+00
+48.82500E-06,+1.38304018974E+00,+1.35182161072E+00,+1.36385050226E+00,+1.36623741871E+00
+48.85000E-06,+1.32776380844E+00,+1.33674623400E+00,+1.32364949770E+00,+1.32603641413E+00
+48.87500E-06,+1.34283918515E+00,+1.35182161070E+00,+1.33369974887E+00,+1.36623741873E+00
+48.90000E-06,+1.31268843167E+00,+1.34679648515E+00,+1.35882537674E+00,+1.32101128857E+00
+48.92500E-06,+1.36293968743E+00,+1.37192211298E+00,+1.36385050226E+00,+1.32603641413E+00
+48.95000E-06,+1.35791456185E+00,+1.36689698741E+00,+1.35380025118E+00,+1.34613691643E+00
+48.97500E-06,+1.35288943628E+00,+1.37192211300E+00,+1.35380025117E+00,+1.34613691643E+00
+49.00000E-06,+1.35791456189E+00,+1.02016332276E+00,+1.34375000000E+00,+1.34111179087E+00
+49.02500E-06,+1.32273868287E+00,+1.03021357395E+00,+1.32364949772E+00,+1.30593591183E+00
+49.05000E-06,+1.38304018974E+00,+1.04528895065E+00,+1.32867462329E+00,+1.35116204202E+00
+49.07500E-06,+1.33278893402E+00,+1.02016332278E+00,+1.32364949770E+00,+1.32603641413E+00
+49.10000E-06,+1.34283918515E+00,+1.01513819721E+00,+1.33872487444E+00,+1.34613691643E+00
+49.12500E-06,+1.32273868287E+00,+1.01011307165E+00,+1.32364949772E+00,+1.34613691643E+00
+49.15000E-06,+1.36293968745E+00,+1.01011307165E+00,+1.32867462329E+00,+1.32603641413E+00
+49.17500E-06,+1.34283918511E+00,+1.03021357395E+00,+1.32364949770E+00,+1.31598616297E+00
+49.20000E-06,+1.36293968745E+00,+1.28146985270E+00,+1.31359924659E+00,+1.28583540954E+00
+49.22500E-06,+1.40314069201E+00,+1.37192211300E+00,+1.38395100458E+00,+1.36623741873E+00
+49.25000E-06,+1.34283918515E+00,+1.35182161070E+00,+1.34375000000E+00,+1.32101128854E+00
+49.27500E-06,+1.33278893402E+00,+1.35182161070E+00,+1.36385050230E+00,+1.32603641413E+00
+49.30000E-06,+1.34786431071E+00,+1.35684673626E+00,+1.35882537674E+00,+1.33106153969E+00
+49.32500E-06,+1.36293968745E+00,+1.37192211302E+00,+1.32364949776E+00,+1.32603641415E+00
+49.35000E-06,+1.34786431074E+00,+1.35684673630E+00,+1.35882537671E+00,+1.33106153972E+00
+49.37500E-06,+1.35288943628E+00,+1.36187186187E+00,+1.34375000000E+00,+1.32603641410E+00
+49.40000E-06,+1.34283918515E+00,+1.05031407624E+00,+1.31862437208E+00,+1.36623741873E+00
+49.42500E-06,+1.32273868289E+00,+1.05031407624E+00,+1.34374999998E+00,+1.34613691643E+00
+49.45000E-06,+1.34283918515E+00,+1.03021357395E+00,+1.35380025111E+00,+1.31598616302E+00
+49.47500E-06,+1.35288943628E+00,+1.02016332282E+00,+1.36385050230E+00,+1.33608666530E+00
+49.50000E-06,+1.34283918515E+00,+1.04528895069E+00,+1.34375000000E+00,+1.34613691643E+00
+49.52500E-06,+1.34283918517E+00,+1.01011307167E+00,+1.34375000000E+00,+1.32603641413E+00
+49.55000E-06,+1.35791456185E+00,+1.03021357395E+00,+1.35380025118E+00,+1.32603641413E+00
+49.57500E-06,+1.35288943631E+00,+1.03021357395E+00,+1.33369974887E+00,+1.34613691643E+00
+49.60000E-06,+1.34283918515E+00,+1.29654522944E+00,+1.32364949770E+00,+1.30593591183E+00
+49.62500E-06,+1.36293968745E+00,+1.33172110844E+00,+1.36385050228E+00,+1.32603641415E+00
+49.65000E-06,+1.34283918515E+00,+1.36689698741E+00,+1.31359924659E+00,+1.32603641413E+00
+49.67500E-06,+1.34283918515E+00,+1.36187186183E+00,+1.35380025117E+00,+1.34613691643E+00
+49.70000E-06,+1.32776380841E+00,+1.35182161070E+00,+1.36385050230E+00,+1.32101128858E+00
+49.72500E-06,+1.34283918515E+00,+1.37192211298E+00,+1.36385050226E+00,+1.30593591187E+00
+49.75000E-06,+1.37298993856E+00,+1.36689698741E+00,+1.35380025111E+00,+1.33106153972E+00
+49.77500E-06,+1.34283918515E+00,+1.36187186187E+00,+1.35380025117E+00,+1.31598616300E+00
+49.80000E-06,+1.36293968745E+00,+1.07543970410E+00,+1.35380025111E+00,+1.34111179080E+00
+49.82500E-06,+1.36293968743E+00,+1.03021357393E+00,+1.36385050228E+00,+1.30593591183E+00
+49.85000E-06,+1.37801506415E+00,+1.04528895065E+00,+1.34375000000E+00,+1.37126254425E+00
+49.87500E-06,+1.34283918515E+00,+1.03021357395E+00,+1.34375000000E+00,+1.31598616296E+00
+49.90000E-06,+1.34283918515E+00,+1.03021357395E+00,+1.35380025118E+00,+1.33106153969E+00
+49.92500E-06,+1.30263818059E+00,+1.03021357395E+00,+1.34375000000E+00,+1.34613691641E+00
+49.95000E-06,+1.34786431074E+00,+1.01513819724E+00,+1.34375000000E+00,+1.33106153972E+00
+49.97500E-06,+1.35288943632E+00,+1.03021357395E+00,+1.35380025117E+00,+1.32603641417E+00
+50.00000E-06,+1.33278893396E+00,+1.28146985270E+00,+1.30354899541E+00,+1.27076003280E+00
+50.02500E-06,+1.38304018973E+00,+1.37192211300E+00,+1.36385050228E+00,+1.34613691643E+00
+50.05000E-06,+1.34786431074E+00,+1.34177135952E+00,+1.34375000000E+00,+1.31096103743E+00
+50.07500E-06,+1.35288943632E+00,+1.35182161070E+00,+1.33369974887E+00,+1.33608666530E+00
+50.10000E-06,+1.36293968745E+00,+1.33674623396E+00,+1.33872487444E+00,+1.33106153969E+00
+50.12500E-06,+1.36293968745E+00,+1.35182161072E+00,+1.32364949774E+00,+1.32603641415E+00
+50.15000E-06,+1.35791456185E+00,+1.36689698741E+00,+1.35882537670E+00,+1.33106153972E+00
+50.17500E-06,+1.34283918515E+00,+1.36187186187E+00,+1.34375000000E+00,+1.33608666526E+00
+50.20000E-06,+1.34786431078E+00,+1.05031407624E+00,+1.33872487444E+00,+1.35618716761E+00
+50.22500E-06,+1.32273868289E+00,+1.03021357391E+00,+1.34375000000E+00,+1.34613691641E+00
+50.25000E-06,+1.37298993856E+00,+1.05031407624E+00,+1.34375000000E+00,+1.31096103743E+00
+50.27500E-06,+1.35288943628E+00,+1.03021357391E+00,+1.34375000000E+00,+1.30593591180E+00
+50.30000E-06,+1.36293968745E+00,+1.03021357395E+00,+1.35882537674E+00,+1.31096103739E+00
+50.32500E-06,+1.32273868287E+00,+1.03021357393E+00,+1.34375000000E+00,+1.32603641413E+00
+50.35000E-06,+1.34786431074E+00,+1.03021357395E+00,+1.34375000000E+00,+1.32603641413E+00
+50.37500E-06,+1.35288943632E+00,+1.02016332278E+00,+1.34375000000E+00,+1.32603641413E+00
+50.40000E-06,+1.35791456189E+00,+1.27644472707E+00,+1.32364949770E+00,+1.31096103739E+00
+50.42500E-06,+1.38304018974E+00,+1.35182161072E+00,+1.36385050226E+00,+1.32603641417E+00
+50.45000E-06,+1.36293968745E+00,+1.36689698741E+00,+1.32867462330E+00,+1.34111179084E+00
+50.47500E-06,+1.35288943632E+00,+1.35182161070E+00,+1.35380025113E+00,+1.34613691643E+00
+50.50000E-06,+1.34786431070E+00,+1.34679648515E+00,+1.34375000000E+00,+1.34111179087E+00
+50.52500E-06,+1.36293968743E+00,+1.33172110841E+00,+1.34374999998E+00,+1.34613691639E+00
+50.55000E-06,+1.34283918515E+00,+1.35182161070E+00,+1.37390075341E+00,+1.30593591183E+00
+50.57500E-06,+1.35288943628E+00,+1.36187186187E+00,+1.33369974883E+00,+1.33608666526E+00
+50.60000E-06,+1.36293968745E+00,+1.04528895062E+00,+1.36385050230E+00,+1.34111179080E+00
+50.62500E-06,+1.34283918513E+00,+1.01011307169E+00,+1.34375000000E+00,+1.32603641413E+00
+50.65000E-06,+1.38304018974E+00,+1.05031407624E+00,+1.32364949770E+00,+1.34111179084E+00
+50.67500E-06,+1.37298993861E+00,+1.03021357398E+00,+1.33369974883E+00,+1.33608666530E+00
+50.70000E-06,+1.36293968745E+00,+1.03021357395E+00,+1.32364949770E+00,+1.32603641413E+00
+50.72500E-06,+1.34283918511E+00,+1.03021357393E+00,+1.34375000002E+00,+1.32603641413E+00
+50.75000E-06,+1.32776380844E+00,+1.03523869954E+00,+1.32364949770E+00,+1.33106153972E+00
+50.77500E-06,+1.36293968745E+00,+1.03021357395E+00,+1.32364949770E+00,+1.32603641413E+00
+50.80000E-06,+1.34283918515E+00,+1.26136935040E+00,+1.30857412096E+00,+1.25568465613E+00
+50.82500E-06,+1.38304018976E+00,+1.37192211302E+00,+1.32364949770E+00,+1.36623741869E+00
+50.85000E-06,+1.34283918515E+00,+1.33674623400E+00,+1.37892587900E+00,+1.31598616295E+00
+50.87500E-06,+1.35288943632E+00,+1.36187186191E+00,+1.35380025113E+00,+1.32603641409E+00
+50.90000E-06,+1.36796481300E+00,+1.35684673626E+00,+1.34375000000E+00,+1.33608666524E+00
+50.92500E-06,+1.36293968745E+00,+1.35182161072E+00,+1.32364949772E+00,+1.30593591183E+00
+50.95000E-06,+1.38304018974E+00,+1.33674623400E+00,+1.33369974889E+00,+1.34613691643E+00
+50.97500E-06,+1.37298993858E+00,+1.36187186187E+00,+1.34375000000E+00,+1.33608666526E+00
+51.00000E-06,+1.36293968745E+00,+1.03021357395E+00,+1.34375000000E+00,+1.35116204198E+00
+51.02500E-06,+1.32273868289E+00,+1.05031407621E+00,+1.32364949770E+00,+1.32603641413E+00
+51.05000E-06,+1.36293968745E+00,+1.03021357395E+00,+1.35882537670E+00,+1.32603641413E+00
+51.07500E-06,+1.35288943628E+00,+1.02016332278E+00,+1.36385050230E+00,+1.30593591187E+00
+51.10000E-06,+1.36293968745E+00,+1.03523869950E+00,+1.34375000000E+00,+1.32603641413E+00
+51.12500E-06,+1.32273868289E+00,+1.01011307167E+00,+1.34375000004E+00,+1.30593591187E+00
+51.15000E-06,+1.35791456185E+00,+1.03523869954E+00,+1.34375000000E+00,+1.34111179084E+00
+51.17500E-06,+1.34283918515E+00,+1.04026382508E+00,+1.34375000000E+00,+1.32603641409E+00
+51.20000E-06,+1.33781405959E+00,+1.30157035500E+00,+1.32867462326E+00,+1.30593591183E+00
+51.22500E-06,+1.38304018971E+00,+1.33172110843E+00,+1.32364949772E+00,+1.34613691643E+00
+51.25000E-06,+1.34283918515E+00,+1.33674623400E+00,+1.32867462330E+00,+1.32603641413E+00
+51.27500E-06,+1.35288943632E+00,+1.35182161070E+00,+1.34374999996E+00,+1.34613691639E+00
+51.30000E-06,+1.32776380841E+00,+1.33674623396E+00,+1.34877512556E+00,+1.34111179087E+00
+51.32500E-06,+1.34283918515E+00,+1.37192211298E+00,+1.34374999998E+00,+1.32603641413E+00
+51.35000E-06,+1.34283918515E+00,+1.35182161070E+00,+1.34375000000E+00,+1.34111179084E+00
+51.37500E-06,+1.34283918515E+00,+1.36187186187E+00,+1.35380025117E+00,+1.32603641413E+00
+51.40000E-06,+1.35288943626E+00,+1.05533920180E+00,+1.34375000000E+00,+1.35618716754E+00
+51.42500E-06,+1.34283918517E+00,+1.03021357393E+00,+1.32364949772E+00,+1.30593591185E+00
+51.45000E-06,+1.34786431074E+00,+1.03021357395E+00,+1.32364949770E+00,+1.34613691643E+00
+51.47500E-06,+1.35288943628E+00,+1.02016332278E+00,+1.34375000000E+00,+1.34613691643E+00
+51.50000E-06,+1.32776380841E+00,+1.01513819721E+00,+1.33369974889E+00,+1.32603641413E+00
+51.52500E-06,+1.36293968743E+00,+1.03021357393E+00,+1.34375000002E+00,+1.34613691639E+00
+51.55000E-06,+1.34283918515E+00,+1.01513819724E+00,+1.30857412100E+00,+1.33106153972E+00
+51.57500E-06,+1.35288943628E+00,+1.01011307165E+00,+1.33369974887E+00,+1.32603641413E+00
+51.60000E-06,+1.34283918515E+00,+1.29654522944E+00,+1.34375000000E+00,+1.30593591183E+00
+51.62500E-06,+1.36293968746E+00,+1.35182161074E+00,+1.34375000000E+00,+1.32603641413E+00
+51.65000E-06,+1.34283918515E+00,+1.35684673630E+00,+1.35882537670E+00,+1.30593591183E+00
+51.67500E-06,+1.33278893402E+00,+1.34177135954E+00,+1.35380025117E+00,+1.33608666530E+00
+51.70000E-06,+1.31268843166E+00,+1.35182161070E+00,+1.34375000000E+00,+1.33608666524E+00
+51.72500E-06,+1.34283918515E+00,+1.37192211300E+00,+1.32364949772E+00,+1.34613691643E+00
+51.75000E-06,+1.34283918515E+00,+1.35684673630E+00,+1.32867462330E+00,+1.36121229313E+00
+51.77500E-06,+1.34283918515E+00,+1.34177135954E+00,+1.34375000000E+00,+1.33608666526E+00
+51.80000E-06,+1.37298993863E+00,+1.03523869950E+00,+1.34877512556E+00,+1.35116204198E+00
+51.82500E-06,+1.32273868287E+00,+1.03021357395E+00,+1.34374999996E+00,+1.32603641413E+00
+51.85000E-06,+1.35791456185E+00,+1.05031407624E+00,+1.33872487441E+00,+1.35116204202E+00
+51.87500E-06,+1.36293968745E+00,+1.01011307165E+00,+1.32364949770E+00,+1.32603641413E+00
+51.90000E-06,+1.35791456189E+00,+1.01513819721E+00,+1.34877512556E+00,+1.32101128858E+00
+51.92500E-06,+1.34283918515E+00,+1.01011307167E+00,+1.34375000000E+00,+1.30593591189E+00
+51.95000E-06,+1.35791456185E+00,+1.01513819724E+00,+1.34375000000E+00,+1.32603641413E+00
+51.97500E-06,+1.35288943632E+00,+1.03021357395E+00,+1.33369974887E+00,+1.33608666526E+00
+52.00000E-06,+1.35791456189E+00,+1.29152010389E+00,+1.31359924659E+00,+1.28081028398E+00
+52.02500E-06,+1.40314069202E+00,+1.37192211300E+00,+1.34375000000E+00,+1.36623741873E+00
+52.05000E-06,+1.34786431074E+00,+1.34679648511E+00,+1.33872487441E+00,+1.32603641413E+00
+52.07500E-06,+1.34283918515E+00,+1.35182161070E+00,+1.33369974887E+00,+1.35618716760E+00
+52.10000E-06,+1.33278893396E+00,+1.35182161070E+00,+1.34375000000E+00,+1.33106153969E+00
+52.12500E-06,+1.34283918515E+00,+1.35182161074E+00,+1.34374999998E+00,+1.34613691643E+00
+52.15000E-06,+1.36293968745E+00,+1.35182161070E+00,+1.34375000000E+00,+1.35618716754E+00
+52.17500E-06,+1.35288943632E+00,+1.37192211300E+00,+1.34375000000E+00,+1.32603641417E+00
+52.20000E-06,+1.35791456189E+00,+1.03523869950E+00,+1.34877512556E+00,+1.33106153969E+00
+52.22500E-06,+1.32273868287E+00,+1.01011307167E+00,+1.34375000002E+00,+1.30593591183E+00
+52.25000E-06,+1.36293968745E+00,+1.04528895065E+00,+1.34375000000E+00,+1.35116204195E+00
+52.27500E-06,+1.36293968745E+00,+1.02016332278E+00,+1.35380025117E+00,+1.31598616296E+00
+52.30000E-06,+1.34283918515E+00,+1.02016332276E+00,+1.33872487445E+00,+1.33106153969E+00
+52.32500E-06,+1.32273868287E+00,+990.01256939E-03,+1.32364949772E+00,+1.34613691641E+00
+52.35000E-06,+1.34283918515E+00,+1.03021357395E+00,+1.31862437211E+00,+1.34111179084E+00
+52.37500E-06,+1.34283918515E+00,+1.03021357399E+00,+1.34375000000E+00,+1.32603641413E+00
+52.40000E-06,+1.32776380841E+00,+1.27141960151E+00,+1.31359924659E+00,+1.27578515843E+00
+52.42500E-06,+1.40314069204E+00,+1.39202261526E+00,+1.34374999998E+00,+1.36623741871E+00
+52.45000E-06,+1.34283918515E+00,+1.36689698741E+00,+1.34375000000E+00,+1.32101128854E+00
+52.47500E-06,+1.34283918515E+00,+1.36187186187E+00,+1.35380025117E+00,+1.31598616296E+00
+52.50000E-06,+1.34283918515E+00,+1.33674623396E+00,+1.34877512555E+00,+1.34613691643E+00
+52.52500E-06,+1.36293968741E+00,+1.35182161070E+00,+1.34375000000E+00,+1.34613691641E+00
+52.55000E-06,+1.34283918515E+00,+1.35684673630E+00,+1.35882537670E+00,+1.34613691643E+00
+52.57500E-06,+1.35288943632E+00,+1.34177135954E+00,+1.33369974887E+00,+1.33608666526E+00
+52.60000E-06,+1.34283918515E+00,+1.05031407624E+00,+1.31359924651E+00,+1.35116204198E+00
+52.62500E-06,+1.30263818061E+00,+1.03021357393E+00,+1.36385050226E+00,+1.30593591185E+00
+52.65000E-06,+1.38304018974E+00,+1.04528895065E+00,+1.36887562781E+00,+1.33106153973E+00
+52.67500E-06,+1.36293968745E+00,+1.03021357395E+00,+1.34375000000E+00,+1.32603641409E+00
+52.70000E-06,+1.35791456189E+00,+1.04528895069E+00,+1.34375000000E+00,+1.32603641413E+00
+52.72500E-06,+1.36293968743E+00,+1.03021357393E+00,+1.34375000000E+00,+1.30593591187E+00
+52.75000E-06,+1.35288943626E+00,+1.03021357395E+00,+1.35882537670E+00,+1.31096103743E+00
+52.77500E-06,+1.36293968745E+00,+1.03021357395E+00,+1.34375000000E+00,+1.33608666526E+00
+52.80000E-06,+1.34283918515E+00,+1.28649497826E+00,+1.34877512563E+00,+1.29588566073E+00
+52.82500E-06,+1.38304018976E+00,+1.37192211300E+00,+1.34374999998E+00,+1.36623741871E+00
+52.85000E-06,+1.34786431074E+00,+1.32167085730E+00,+1.33872487441E+00,+1.32603641413E+00
+52.87500E-06,+1.36293968745E+00,+1.36187186183E+00,+1.32364949770E+00,+1.33608666526E+00
+52.90000E-06,+1.35791456189E+00,+1.35684673626E+00,+1.32364949770E+00,+1.33608666532E+00
+52.92500E-06,+1.34283918515E+00,+1.39202261528E+00,+1.36385050226E+00,+1.32603641415E+00
+52.95000E-06,+1.34786431074E+00,+1.36689698741E+00,+1.35380025111E+00,+1.33608666524E+00
+52.97500E-06,+1.36293968745E+00,+1.38197236417E+00,+1.34374999996E+00,+1.32603641413E+00
+53.00000E-06,+1.34786431070E+00,+1.02518844831E+00,+1.33369974881E+00,+1.34111179079E+00
+53.02500E-06,+1.34283918517E+00,+1.01011307167E+00,+1.34375000000E+00,+1.32603641415E+00
+53.05000E-06,+1.36796481304E+00,+1.03523869954E+00,+1.34375000000E+00,+1.35116204202E+00
+53.07500E-06,+1.36293968745E+00,+1.02016332282E+00,+1.35380025113E+00,+1.32603641413E+00
+53.10000E-06,+1.36293968745E+00,+1.01011307165E+00,+1.32867462326E+00,+1.34613691643E+00
+53.12500E-06,+1.36293968743E+00,+1.03021357393E+00,+1.32364949772E+00,+1.34613691641E+00
+53.15000E-06,+1.36293968745E+00,+1.03523869954E+00,+1.30354899541E+00,+1.33106153973E+00
+53.17500E-06,+1.35288943632E+00,+1.03021357399E+00,+1.35380025117E+00,+1.31598616300E+00
+53.20000E-06,+1.34283918515E+00,+1.27141960151E+00,+1.31862437215E+00,+1.28081028398E+00
+53.22500E-06,+1.38304018976E+00,+1.35182161070E+00,+1.34375000002E+00,+1.36623741869E+00
+53.25000E-06,+1.32776380845E+00,+1.34177135952E+00,+1.35882537670E+00,+1.31096103743E+00
+53.27500E-06,+1.35288943628E+00,+1.35182161070E+00,+1.34375000000E+00,+1.31598616300E+00
+53.30000E-06,+1.35791456189E+00,+1.34679648515E+00,+1.33872487445E+00,+1.33106153969E+00
+53.32500E-06,+1.36293968747E+00,+1.37192211298E+00,+1.32364949772E+00,+1.32603641415E+00
+53.35000E-06,+1.34786431074E+00,+1.35684673630E+00,+1.34375000000E+00,+1.34613691643E+00
+53.37500E-06,+1.34283918515E+00,+1.35182161070E+00,+1.33369974887E+00,+1.34613691643E+00
+53.40000E-06,+1.34283918515E+00,+1.05533920180E+00,+1.35380025111E+00,+1.37126254428E+00
+53.42500E-06,+1.34283918515E+00,+1.03021357395E+00,+1.36385050228E+00,+1.30593591185E+00
+53.45000E-06,+1.35791456185E+00,+1.05031407624E+00,+1.37390075341E+00,+1.31598616302E+00
+53.47500E-06,+1.35288943628E+00,+1.03021357395E+00,+1.36385050230E+00,+1.32603641413E+00
+53.50000E-06,+1.34786431070E+00,+1.03021357395E+00,+1.34375000000E+00,+1.31598616294E+00
+53.52500E-06,+1.34283918515E+00,+1.01011307167E+00,+1.32364949770E+00,+1.30593591185E+00
+53.55000E-06,+1.34283918515E+00,+1.01513819724E+00,+1.34877512559E+00,+1.33608666524E+00
+53.57500E-06,+1.34283918515E+00,+1.02016332278E+00,+1.34375000000E+00,+1.34613691643E+00
+53.60000E-06,+1.34283918515E+00,+1.30157035500E+00,+1.31862437215E+00,+1.28081028398E+00
+53.62500E-06,+1.36293968745E+00,+1.39202261528E+00,+1.34374999998E+00,+1.36623741873E+00
+53.65000E-06,+1.35791456185E+00,+1.34679648511E+00,+1.33369974889E+00,+1.32101128854E+00
+53.67500E-06,+1.35288943628E+00,+1.35182161070E+00,+1.33369974883E+00,+1.33608666530E+00
+53.70000E-06,+1.33278893396E+00,+1.35684673626E+00,+1.34375000000E+00,+1.34111179087E+00
+53.72500E-06,+1.34283918517E+00,+1.35182161072E+00,+1.34375000000E+00,+1.32603641415E+00
+53.75000E-06,+1.34786431074E+00,+1.35684673630E+00,+1.35380025111E+00,+1.33106153973E+00
+53.77500E-06,+1.35288943628E+00,+1.36187186183E+00,+1.35380025113E+00,+1.32603641413E+00
+53.80000E-06,+1.35791456189E+00,+1.01513819720E+00,+1.36385050230E+00,+1.33106153969E+00
+53.82500E-06,+1.32273868287E+00,+1.03021357395E+00,+1.36385050228E+00,+1.32603641411E+00
+53.85000E-06,+1.37298993855E+00,+1.03021357395E+00,+1.32867462330E+00,+1.34111179083E+00
+53.87500E-06,+1.35288943632E+00,+1.02016332278E+00,+1.35380025113E+00,+1.32603641413E+00
+53.90000E-06,+1.34283918515E+00,+1.02518844839E+00,+1.32867462326E+00,+1.33106153969E+00
+53.92500E-06,+1.32273868285E+00,+1.01011307165E+00,+1.34375000002E+00,+1.34613691641E+00
+53.95000E-06,+1.31268843174E+00,+1.03021357395E+00,+1.33872487441E+00,+1.33106153973E+00
+53.97500E-06,+1.35288943628E+00,+1.05031407624E+00,+1.33369974883E+00,+1.31598616300E+00
+54.00000E-06,+1.34283918515E+00,+1.28146985270E+00,+1.32867462334E+00,+1.27578515843E+00
+54.02500E-06,+1.38304018974E+00,+1.35182161072E+00,+1.36385050228E+00,+1.36623741869E+00
+54.05000E-06,+1.33278893404E+00,+1.35182161070E+00,+1.36385050230E+00,+1.32603641413E+00
+54.07500E-06,+1.35288943628E+00,+1.36187186187E+00,+1.34375000000E+00,+1.32603641413E+00
+54.10000E-06,+1.34786431070E+00,+1.33172110841E+00,+1.34375000000E+00,+1.33106153969E+00
+54.12500E-06,+1.34283918517E+00,+1.35182161070E+00,+1.34375000000E+00,+1.32603641413E+00
+54.15000E-06,+1.36293968745E+00,+1.35182161070E+00,+1.33872487441E+00,+1.35116204194E+00
+54.17500E-06,+1.35288943632E+00,+1.35182161070E+00,+1.33369974887E+00,+1.34613691643E+00
+54.20000E-06,+1.34283918515E+00,+1.04026382505E+00,+1.33872487436E+00,+1.35618716754E+00
+54.22500E-06,+1.32273868285E+00,+1.03021357393E+00,+1.32364949768E+00,+1.30593591185E+00
+54.25000E-06,+1.35288943634E+00,+1.06538945295E+00,+1.35380025111E+00,+1.31598616302E+00
+54.27500E-06,+1.36293968745E+00,+1.03021357391E+00,+1.35380025113E+00,+1.32603641413E+00
+54.30000E-06,+1.36293968745E+00,+1.03021357395E+00,+1.36385050230E+00,+1.34111179088E+00
+54.32500E-06,+1.36293968743E+00,+1.03021357393E+00,+1.36385050230E+00,+1.30593591188E+00
+54.35000E-06,+1.34283918515E+00,+1.02518844835E+00,+1.34877512559E+00,+1.33106153973E+00
+54.37500E-06,+1.34283918515E+00,+1.04026382508E+00,+1.35380025117E+00,+1.33608666526E+00
+54.40000E-06,+1.34283918515E+00,+1.27141960151E+00,+1.32364949770E+00,+1.28583540954E+00
+54.42500E-06,+1.40314069202E+00,+1.35182161072E+00,+1.34374999996E+00,+1.36623741873E+00
+54.45000E-06,+1.32776380845E+00,+1.35182161070E+00,+1.32867462330E+00,+1.32101128854E+00
+54.47500E-06,+1.34283918511E+00,+1.36187186187E+00,+1.34374999996E+00,+1.33608666530E+00
+54.50000E-06,+1.32776380840E+00,+1.34679648515E+00,+1.33369974881E+00,+1.30593591183E+00
+54.52500E-06,+1.34283918515E+00,+1.37192211298E+00,+1.34375000000E+00,+1.30593591183E+00
+54.55000E-06,+1.34283918515E+00,+1.37192211300E+00,+1.36385050230E+00,+1.33608666524E+00
+54.57500E-06,+1.34283918515E+00,+1.36187186183E+00,+1.34375000000E+00,+1.32603641413E+00
+54.60000E-06,+1.36293968745E+00,+1.03523869950E+00,+1.35882537674E+00,+1.36623741873E+00
+54.62500E-06,+1.32273868285E+00,+1.01011307169E+00,+1.36385050228E+00,+1.30593591186E+00
+54.65000E-06,+1.36293968745E+00,+1.03523869954E+00,+1.34375000000E+00,+1.36121229313E+00
+54.67500E-06,+1.37298993857E+00,+1.02016332282E+00,+1.32364949770E+00,+1.33608666530E+00
+54.70000E-06,+1.33781405960E+00,+1.00508794610E+00,+1.34375000000E+00,+1.34111179088E+00
+54.72500E-06,+1.34283918511E+00,+1.03021357393E+00,+1.32364949774E+00,+1.32603641411E+00
+54.75000E-06,+1.34283918515E+00,+1.03021357395E+00,+1.30857412100E+00,+1.32603641413E+00
+54.77500E-06,+1.36293968745E+00,+1.01011307165E+00,+1.33369974883E+00,+1.31598616296E+00
+54.80000E-06,+1.36293968745E+00,+1.28146985271E+00,+1.29852386985E+00,+1.26573490724E+00
+54.82500E-06,+1.38304018974E+00,+1.37192211300E+00,+1.34375000002E+00,+1.36623741871E+00
+54.85000E-06,+1.33278893404E+00,+1.35182161070E+00,+1.35882537670E+00,+1.30593591183E+00
+54.87500E-06,+1.33278893398E+00,+1.35182161070E+00,+1.35380025117E+00,+1.32603641417E+00
+54.90000E-06,+1.34786431070E+00,+1.33674623396E+00,+1.34375000000E+00,+1.33608666524E+00
+54.92500E-06,+1.34283918517E+00,+1.35182161070E+00,+1.34375000000E+00,+1.36623741871E+00
+54.95000E-06,+1.35288943634E+00,+1.35182161070E+00,+1.34375000000E+00,+1.34613691643E+00
+54.97500E-06,+1.34283918515E+00,+1.36187186187E+00,+1.35380025113E+00,+1.32603641413E+00
+55.00000E-06,+1.36293968745E+00,+1.04026382505E+00,+1.33369974881E+00,+1.35618716754E+00
+55.02500E-06,+1.32273868287E+00,+1.01011307165E+00,+1.36385050226E+00,+1.32603641411E+00
+55.05000E-06,+1.33278893404E+00,+1.03523869954E+00,+1.35882537670E+00,+1.32101128862E+00
+55.07500E-06,+1.36293968740E+00,+1.03021357395E+00,+1.33369974887E+00,+1.32603641413E+00
+55.10000E-06,+1.35791456189E+00,+1.03021357395E+00,+1.34877512555E+00,+1.33608666532E+00
+55.12500E-06,+1.32273868287E+00,+1.03021357395E+00,+1.36385050228E+00,+1.30593591183E+00
+55.15000E-06,+1.34283918515E+00,+1.03021357395E+00,+1.34877512560E+00,+1.30593591183E+00
+55.17500E-06,+1.35288943628E+00,+1.02016332282E+00,+1.33369974887E+00,+1.32603641413E+00
+55.20000E-06,+1.35791456189E+00,+1.29654522945E+00,+1.31359924660E+00,+1.28081028398E+00
+55.22500E-06,+1.38304018979E+00,+1.35182161073E+00,+1.34374999996E+00,+1.36623741870E+00
+55.25000E-06,+1.33781405955E+00,+1.34679648511E+00,+1.31359924660E+00,+1.33106153973E+00
+55.27500E-06,+1.33278893402E+00,+1.35182161070E+00,+1.34375000000E+00,+1.33608666530E+00
+55.30000E-06,+1.35791456189E+00,+1.35182161070E+00,+1.34375000000E+00,+1.32603641413E+00
+55.32500E-06,+1.36293968745E+00,+1.37192211300E+00,+1.32364949768E+00,+1.34613691643E+00
+55.35000E-06,+1.36293968745E+00,+1.35684673630E+00,+1.35882537670E+00,+1.32603641413E+00
+55.37500E-06,+1.34283918515E+00,+1.37192211300E+00,+1.35380025113E+00,+1.34613691647E+00
+55.40000E-06,+1.33781405960E+00,+1.34177135960E+00,+1.36385050230E+00,+1.33106153968E+00
+55.42500E-06,+1.34283918517E+00,+1.35182161070E+00,+1.34375000002E+00,+1.32603641413E+00
+55.45000E-06,+1.35288943634E+00,+1.37192211300E+00,+1.31359924660E+00,+1.34613691643E+00
+55.47500E-06,+1.36293968745E+00,+1.35182161070E+00,+1.34375000000E+00,+1.33608666530E+00
+55.50000E-06,+1.34283918515E+00,+1.34679648515E+00,+1.34375000000E+00,+1.32603641413E+00
+55.52500E-06,+1.34283918515E+00,+1.35182161068E+00,+1.32364949772E+00,+1.34613691641E+00
+55.55000E-06,+1.36293968745E+00,+1.35182161070E+00,+1.32867462330E+00,+1.34613691643E+00
+55.57500E-06,+1.37298993862E+00,+1.35182161066E+00,+1.34374999991E+00,+1.34613691643E+00
+55.60000E-06,+1.36293968745E+00,+1.33674623396E+00,+1.31862437215E+00,+1.30091078628E+00
+55.62500E-06,+1.34283918517E+00,+1.37192211300E+00,+1.36385050230E+00,+1.34613691643E+00
+55.65000E-06,+1.34786431074E+00,+1.35182161070E+00,+1.34375000000E+00,+1.31096103743E+00
+55.67500E-06,+1.36293968745E+00,+1.36187186183E+00,+1.34375000000E+00,+1.32603641409E+00
+55.70000E-06,+1.36796481300E+00,+1.35182161070E+00,+1.34375000000E+00,+1.34111179088E+00
+55.72500E-06,+1.34283918517E+00,+1.37192211296E+00,+1.34375000004E+00,+1.34613691643E+00
+55.75000E-06,+1.35791456185E+00,+1.37192211300E+00,+1.32867462330E+00,+1.34613691643E+00
+55.77500E-06,+1.35288943632E+00,+1.35182161066E+00,+1.32364949770E+00,+1.33608666526E+00
+55.80000E-06,+1.32273868285E+00,+1.34679648515E+00,+1.33872487445E+00,+1.33608666524E+00
+55.82500E-06,+1.32273868287E+00,+1.35182161070E+00,+1.34375000000E+00,+1.32603641415E+00
+55.85000E-06,+1.35288943625E+00,+1.35684673630E+00,+1.33369974881E+00,+1.34613691643E+00
+55.87500E-06,+1.35288943632E+00,+1.37192211300E+00,+1.33369974887E+00,+1.33608666526E+00
+55.90000E-06,+1.32776380840E+00,+1.37192211300E+00,+1.34877512555E+00,+1.30593591183E+00
+55.92500E-06,+1.36293968742E+00,+1.35182161070E+00,+1.34375000000E+00,+1.34613691643E+00
+55.95000E-06,+1.35791456185E+00,+1.36689698741E+00,+1.35380025119E+00,+1.33106153973E+00
+55.97500E-06,+1.36293968749E+00,+1.36187186187E+00,+1.35380025117E+00,+1.33608666526E+00
+56.00000E-06,+1.35791456189E+00,+1.35684673626E+00,+1.32364949770E+00,+1.32603641413E+00
+56.02500E-06,+1.36293968745E+00,+1.33172110845E+00,+1.34374999998E+00,+1.32603641415E+00
+56.05000E-06,+1.35288943625E+00,+1.35684673630E+00,+1.32867462330E+00,+1.34613691643E+00
+56.07500E-06,+1.33278893402E+00,+1.36187186183E+00,+1.34374999996E+00,+1.34613691647E+00
+56.10000E-06,+1.34786431070E+00,+1.33674623396E+00,+1.34375000000E+00,+1.32603641413E+00
+56.12500E-06,+1.36293968742E+00,+1.33172110843E+00,+1.34374999998E+00,+1.30593591188E+00
+56.15000E-06,+1.35791456185E+00,+1.35182161070E+00,+1.34877512560E+00,+1.34111179083E+00
+56.17500E-06,+1.35288943632E+00,+1.36187186187E+00,+1.39400125572E+00,+1.32603641413E+00
+56.20000E-06,+1.36293968745E+00,+1.34679648515E+00,+1.36385050230E+00,+1.34613691643E+00
+56.22500E-06,+1.36293968742E+00,+1.33172110843E+00,+1.34375000002E+00,+1.34613691639E+00
+56.25000E-06,+1.37801506415E+00,+1.35182161070E+00,+1.32364949770E+00,+1.33608666532E+00
+56.27500E-06,+1.36293968745E+00,+1.35182161075E+00,+1.34375000000E+00,+1.32603641418E+00
+56.30000E-06,+1.36293968745E+00,+1.33674623396E+00,+1.32364949770E+00,+1.34613691643E+00
+56.32500E-06,+1.34283918517E+00,+1.33172110843E+00,+1.32364949772E+00,+1.32603641413E+00
+56.35000E-06,+1.32776380845E+00,+1.37192211300E+00,+1.32364949770E+00,+1.33106153973E+00
+56.37500E-06,+1.35288943632E+00,+1.35182161070E+00,+1.34375000000E+00,+1.32603641413E+00
+56.40000E-06,+1.34786431070E+00,+1.34177135951E+00,+1.37892587904E+00,+1.29086053509E+00
+56.42500E-06,+1.36293968745E+00,+1.37192211300E+00,+1.38395100453E+00,+1.34613691638E+00
+56.45000E-06,+1.34786431074E+00,+1.35182161070E+00,+1.33872487440E+00,+1.32603641413E+00
+56.47500E-06,+1.36293968745E+00,+1.35182161070E+00,+1.36385050225E+00,+1.33608666526E+00
+56.50000E-06,+1.34283918515E+00,+1.35182161070E+00,+1.33872487445E+00,+1.31598616294E+00
+56.52500E-06,+1.34283918515E+00,+1.35182161070E+00,+1.34375000000E+00,+1.32603641415E+00
+56.55000E-06,+1.34283918515E+00,+1.35684673630E+00,+1.35380025110E+00,+1.36121229313E+00
+56.57500E-06,+1.36293968740E+00,+1.35182161070E+00,+1.34375000000E+00,+1.32603641413E+00
+56.60000E-06,+1.34786431070E+00,+1.02518844831E+00,+1.31862437206E+00,+1.35116204198E+00
+56.62500E-06,+1.32273868285E+00,+1.01011307169E+00,+1.36385050225E+00,+1.30593591188E+00
+56.65000E-06,+1.36293968745E+00,+1.05031407624E+00,+1.34877512560E+00,+1.33106153973E+00
+56.67500E-06,+1.36293968745E+00,+1.03021357395E+00,+1.34375000000E+00,+1.33608666526E+00
+56.70000E-06,+1.36293968745E+00,+1.03021357395E+00,+1.35882537675E+00,+1.34613691643E+00
+56.72500E-06,+1.34283918515E+00,+990.01256938E-03,+1.34375000002E+00,+1.32603641413E+00
+56.75000E-06,+1.35791456185E+00,+1.02518844835E+00,+1.34375000000E+00,+1.34613691643E+00
+56.77500E-06,+1.35288943632E+00,+1.03021357395E+00,+1.34374999996E+00,+1.32603641418E+00
+56.80000E-06,+1.34786431070E+00,+1.29152010390E+00,+1.32364949770E+00,+1.32603641413E+00
+56.82500E-06,+1.34283918517E+00,+1.35182161070E+00,+1.36385050225E+00,+1.32603641415E+00
+56.85000E-06,+1.34283918515E+00,+1.34679648511E+00,+1.34375000000E+00,+1.34111179083E+00
+56.87500E-06,+1.33278893407E+00,+1.33172110841E+00,+1.32364949770E+00,+1.31598616301E+00
+56.90000E-06,+1.32776380840E+00,+1.35684673626E+00,+1.34375000000E+00,+1.31096103739E+00
+56.92500E-06,+1.36293968745E+00,+1.37192211300E+00,+1.34375000000E+00,+1.32603641415E+00
+56.95000E-06,+1.36293968745E+00,+1.36689698740E+00,+1.36385050230E+00,+1.32101128853E+00
+56.97500E-06,+1.35288943632E+00,+1.36187186187E+00,+1.36385050225E+00,+1.31598616301E+00
+57.00000E-06,+1.35288943625E+00,+1.02518844831E+00,+1.34877512555E+00,+1.32101128849E+00
+57.02500E-06,+1.32273868290E+00,+1.03021357393E+00,+1.34375000002E+00,+1.30593591186E+00
+57.05000E-06,+1.33278893404E+00,+1.01011307165E+00,+1.34877512560E+00,+1.34613691643E+00
+57.07500E-06,+1.35288943627E+00,+1.03021357390E+00,+1.34375000000E+00,+1.32603641413E+00
+57.10000E-06,+1.34786431070E+00,+1.00006282046E+00,+1.33369974890E+00,+1.33106153968E+00
+57.12500E-06,+1.36293968742E+00,+1.03021357388E+00,+1.32364949773E+00,+1.34613691641E+00
+57.15000E-06,+1.34283918515E+00,+1.03523869954E+00,+1.35380025110E+00,+1.34111179083E+00
+57.17500E-06,+1.35288943632E+00,+1.03021357399E+00,+1.32364949766E+00,+1.31598616301E+00
+57.20000E-06,+1.34786431070E+00,+1.25634422477E+00,+1.34375000000E+00,+1.28583540954E+00
+57.22500E-06,+1.38304018974E+00,+1.35182161073E+00,+1.34375000002E+00,+1.32603641415E+00
+57.25000E-06,+1.36293968745E+00,+1.37192211300E+00,+1.34375000000E+00,+1.32603641413E+00
+57.27500E-06,+1.36293968745E+00,+1.35182161075E+00,+1.35380025117E+00,+1.33608666526E+00
+57.30000E-06,+1.36293968745E+00,+1.33674623396E+00,+1.35882537675E+00,+1.32603641413E+00
+57.32500E-06,+1.34283918515E+00,+1.35182161068E+00,+1.32364949773E+00,+1.34613691641E+00
+57.35000E-06,+1.34283918515E+00,+1.36689698740E+00,+1.33872487440E+00,+1.33106153973E+00
+57.37500E-06,+1.34283918510E+00,+1.36187186188E+00,+1.33369974887E+00,+1.33608666526E+00
+57.40000E-06,+1.33781405960E+00,+1.01513819720E+00,+1.32867462325E+00,+1.35116204198E+00
+57.42500E-06,+1.34283918515E+00,+1.01011307165E+00,+1.34375000000E+00,+1.34613691643E+00
+57.45000E-06,+1.35288943625E+00,+1.01513819725E+00,+1.34375000000E+00,+1.33106153973E+00
+57.47500E-06,+1.36293968745E+00,+1.02016332278E+00,+1.33369974883E+00,+1.32603641413E+00
+57.50000E-06,+1.34283918515E+00,+1.03021357395E+00,+1.36385050230E+00,+1.35618716762E+00
+57.52500E-06,+1.34283918517E+00,+1.05031407622E+00,+1.34375000000E+00,+1.32603641415E+00
+57.55000E-06,+1.37298993855E+00,+1.02518844835E+00,+1.35882537670E+00,+1.31096103743E+00
+57.57500E-06,+1.36293968745E+00,+1.02016332278E+00,+1.34375000005E+00,+1.31598616296E+00
+57.60000E-06,+1.35791456189E+00,+1.28649497835E+00,+1.33369974890E+00,+1.32603641413E+00
+57.62500E-06,+1.36293968747E+00,+1.33172110843E+00,+1.32364949770E+00,+1.32603641415E+00
+57.65000E-06,+1.34283918515E+00,+1.35684673630E+00,+1.31359924660E+00,+1.33608666523E+00
+57.67500E-06,+1.35288943632E+00,+1.35182161070E+00,+1.34375000000E+00,+1.35618716755E+00
+57.70000E-06,+1.35791456189E+00,+1.32167085721E+00,+1.32867462325E+00,+1.33106153968E+00
+57.72500E-06,+1.36293968740E+00,+1.37192211298E+00,+1.32364949770E+00,+1.30593591186E+00
+57.75000E-06,+1.36293968745E+00,+1.34679648511E+00,+1.33872487440E+00,+1.31096103743E+00
+57.77500E-06,+1.34283918519E+00,+1.36187186188E+00,+1.35380025113E+00,+1.31598616301E+00
+57.80000E-06,+1.35288943625E+00,+1.02518844830E+00,+1.34375000000E+00,+1.33106153968E+00
+57.82500E-06,+1.36293968742E+00,+1.01011307165E+00,+1.34375000000E+00,+1.34613691641E+00
+57.85000E-06,+1.37298993855E+00,+1.03523869954E+00,+1.34375000000E+00,+1.34613691643E+00
+57.87500E-06,+1.35288943632E+00,+1.04026382507E+00,+1.34375000000E+00,+1.35618716755E+00
+57.90000E-06,+1.34283918515E+00,+1.03021357395E+00,+1.33872487445E+00,+1.33106153968E+00
+57.92500E-06,+1.36293968742E+00,+1.03021357392E+00,+1.32364949775E+00,+1.34613691641E+00
+57.95000E-06,+1.34283918515E+00,+1.02016332284E+00,+1.32364949770E+00,+1.31598616303E+00
+57.97500E-06,+1.35288943632E+00,+1.03021357395E+00,+1.33369974883E+00,+1.33608666530E+00
+58.00000E-06,+1.34283918515E+00,+1.28146985271E+00,+1.33872487445E+00,+1.29588566064E+00
+58.02500E-06,+1.40314069202E+00,+1.35182161070E+00,+1.34374999998E+00,+1.34613691643E+00
+58.05000E-06,+1.36293968745E+00,+1.37192211300E+00,+1.35882537670E+00,+1.30593591183E+00
+58.07500E-06,+1.33278893398E+00,+1.35182161075E+00,+1.36385050230E+00,+1.32603641413E+00
+58.10000E-06,+1.35791456189E+00,+1.35182161070E+00,+1.32364949770E+00,+1.33106153968E+00
+58.12500E-06,+1.38304018970E+00,+1.35182161070E+00,+1.34375000000E+00,+1.34613691641E+00
+58.15000E-06,+1.34786431075E+00,+1.35182161070E+00,+1.35380025110E+00,+1.34613691643E+00
+58.17500E-06,+1.33278893398E+00,+1.36187186188E+00,+1.33369974887E+00,+1.33608666530E+00
+58.20000E-06,+1.35791456189E+00,+1.03523869950E+00,+1.34877512555E+00,+1.34613691643E+00
+58.22500E-06,+1.32273868285E+00,+1.03021357395E+00,+1.34375000000E+00,+1.32603641413E+00
+58.25000E-06,+1.34786431075E+00,+1.01513819725E+00,+1.35380025110E+00,+1.34613691643E+00
+58.27500E-06,+1.35288943627E+00,+1.03021357395E+00,+1.35380025117E+00,+1.33608666526E+00
+58.30000E-06,+1.35791456189E+00,+1.03021357395E+00,+1.35882537675E+00,+1.30593591183E+00
+58.32500E-06,+1.32273868287E+00,+1.03021357392E+00,+1.34374999998E+00,+1.32603641413E+00
+58.35000E-06,+1.34283918515E+00,+1.00006282055E+00,+1.32867462330E+00,+1.31598616303E+00
+58.37500E-06,+1.34283918515E+00,+1.02016332282E+00,+1.33369974887E+00,+1.32603641413E+00
+58.40000E-06,+1.34283918515E+00,+1.28146985271E+00,+1.33872487445E+00,+1.30091078628E+00
+58.42500E-06,+1.36293968745E+00,+1.35182161073E+00,+1.34374999998E+00,+1.34613691645E+00
+58.45000E-06,+1.34283918515E+00,+1.35182161070E+00,+1.32867462330E+00,+1.35116204193E+00
+58.47500E-06,+1.33278893402E+00,+1.35182161070E+00,+1.34375000000E+00,+1.34613691643E+00
+58.50000E-06,+1.33278893395E+00,+1.34679648515E+00,+1.31862437206E+00,+1.34111179088E+00
+58.52500E-06,+1.36293968742E+00,+1.35182161070E+00,+1.34374999998E+00,+1.32603641415E+00
+58.55000E-06,+1.34786431075E+00,+1.37192211300E+00,+1.35380025110E+00,+1.33608666523E+00
+58.57500E-06,+1.36293968745E+00,+1.36187186188E+00,+1.35380025117E+00,+1.32603641413E+00
+58.60000E-06,+1.33781405960E+00,+1.00006282046E+00,+1.36385050230E+00,+1.33106153968E+00
+58.62500E-06,+1.34283918515E+00,+1.03021357397E+00,+1.34375000000E+00,+1.34613691643E+00
+58.65000E-06,+1.36293968745E+00,+1.05031407624E+00,+1.33369974890E+00,+1.36121229313E+00
+58.67500E-06,+1.34283918515E+00,+1.02016332282E+00,+1.35380025113E+00,+1.33608666530E+00
+58.70000E-06,+1.34283918515E+00,+1.02518844840E+00,+1.35882537675E+00,+1.34613691643E+00
+58.72500E-06,+1.34283918515E+00,+1.03021357395E+00,+1.34375000000E+00,+1.34613691643E+00
+58.75000E-06,+1.35791456185E+00,+1.01513819725E+00,+1.32867462330E+00,+1.36121229313E+00
+58.77500E-06,+1.34283918510E+00,+1.01011307165E+00,+1.34375000000E+00,+1.30593591188E+00
+58.80000E-06,+1.34786431070E+00,+1.27644472707E+00,+1.30857412096E+00,+1.31598616294E+00
+58.82500E-06,+1.36293968745E+00,+1.37192211298E+00,+1.36385050227E+00,+1.34613691643E+00
+58.85000E-06,+1.34283918515E+00,+1.37192211300E+00,+1.33369974890E+00,+1.32603641413E+00
+58.87500E-06,+1.34283918510E+00,+1.34177135958E+00,+1.35380025113E+00,+1.35618716755E+00
+58.90000E-06,+1.36293968745E+00,+1.35182161070E+00,+1.34375000000E+00,+1.33106153968E+00
+58.92500E-06,+1.38304018972E+00,+1.37192211298E+00,+1.32364949773E+00,+1.34613691643E+00
+58.95000E-06,+1.35791456185E+00,+1.34679648511E+00,+1.32364949770E+00,+1.35116204203E+00
+58.97500E-06,+1.32273868285E+00,+1.35182161070E+00,+1.32364949770E+00,+1.34613691643E+00
+59.00000E-06,+1.33278893405E+00,+1.03523869950E+00,+1.30857412096E+00,+1.35116204198E+00
+59.02500E-06,+1.34283918512E+00,+1.01011307167E+00,+1.34375000000E+00,+1.34613691643E+00
+59.05000E-06,+1.34283918515E+00,+1.05031407624E+00,+1.35380025110E+00,+1.33106153973E+00
+59.07500E-06,+1.36293968745E+00,+1.03021357395E+00,+1.33369974887E+00,+1.32603641413E+00
+59.10000E-06,+1.36796481309E+00,+1.01513819720E+00,+1.34877512555E+00,+1.32603641413E+00
+59.12500E-06,+1.34283918517E+00,+1.01011307165E+00,+1.34375000005E+00,+1.34613691643E+00
+59.15000E-06,+1.34283918515E+00,+1.02016332285E+00,+1.33872487440E+00,+1.31096103743E+00
+59.17500E-06,+1.35288943632E+00,+1.03021357395E+00,+1.34375000005E+00,+1.30593591183E+00
+59.20000E-06,+1.33781405960E+00,+1.27644472716E+00,+1.32364949770E+00,+1.32101128858E+00
+59.22500E-06,+1.36293968745E+00,+1.35182161073E+00,+1.34374999998E+00,+1.34613691643E+00
+59.25000E-06,+1.34786431075E+00,+1.34679648511E+00,+1.30857412100E+00,+1.35618716753E+00
+59.27500E-06,+1.34283918520E+00,+1.35182161070E+00,+1.35380025112E+00,+1.33608666526E+00
+59.30000E-06,+1.35288943634E+00,+1.34177135951E+00,+1.32867462325E+00,+1.32603641413E+00
+59.32500E-06,+1.36293968745E+00,+1.35182161070E+00,+1.32364949768E+00,+1.30593591186E+00
+59.35000E-06,+1.34786431075E+00,+1.37192211300E+00,+1.35882537670E+00,+1.32603641413E+00
+59.37500E-06,+1.35288943632E+00,+1.36187186188E+00,+1.36385050230E+00,+1.32603641413E+00
+59.40000E-06,+1.35791456190E+00,+1.04026382505E+00,+1.35882537675E+00,+1.35618716762E+00
+59.42500E-06,+1.34283918515E+00,+1.01011307167E+00,+1.36385050230E+00,+1.32603641413E+00
+59.45000E-06,+1.36293968745E+00,+1.04528895065E+00,+1.34375000000E+00,+1.35618716762E+00
+59.47500E-06,+1.36293968745E+00,+1.03021357395E+00,+1.33369974888E+00,+1.33608666530E+00
+59.50000E-06,+1.34283918515E+00,+1.03021357395E+00,+1.33872487445E+00,+1.33106153968E+00
+59.52500E-06,+1.36293968745E+00,+1.01011307167E+00,+1.32364949773E+00,+1.34613691640E+00
+59.55000E-06,+1.36293968745E+00,+1.02518844835E+00,+1.34375000000E+00,+1.32101128853E+00
+59.57500E-06,+1.35288943632E+00,+1.05031407620E+00,+1.35380025117E+00,+1.31598616301E+00
+59.60000E-06,+1.35791456190E+00,+1.28146985271E+00,+1.32867462325E+00,+1.32101128858E+00
+59.62500E-06,+1.34283918517E+00,+1.37192211298E+00,+1.36385050225E+00,+1.32603641411E+00
+59.65000E-06,+1.32776380845E+00,+1.37192211300E+00,+1.32867462330E+00,+1.30593591183E+00
+59.67500E-06,+1.36293968745E+00,+1.36187186188E+00,+1.34375000000E+00,+1.33608666526E+00
+59.70000E-06,+1.34283918515E+00,+1.35182161070E+00,+1.35380025120E+00,+1.32603641413E+00
+59.72500E-06,+1.34283918515E+00,+1.39202261525E+00,+1.32364949773E+00,+1.32603641413E+00
+59.75000E-06,+1.34283918515E+00,+1.35684673630E+00,+1.35380025110E+00,+1.32603641413E+00
+59.77500E-06,+1.34283918515E+00,+1.34177135953E+00,+1.35380025117E+00,+1.34613691638E+00
+59.80000E-06,+1.35288943635E+00,+1.03523869950E+00,+1.29852386976E+00,+1.35116204198E+00
+59.82500E-06,+1.34283918512E+00,+1.05031407620E+00,+1.34374999998E+00,+1.32603641413E+00
+59.85000E-06,+1.34283918515E+00,+1.05031407624E+00,+1.36385050230E+00,+1.32101128853E+00
+59.87500E-06,+1.35288943632E+00,+1.03021357390E+00,+1.33369974883E+00,+1.33608666526E+00
+59.90000E-06,+1.34283918515E+00,+1.02016332275E+00,+1.34877512555E+00,+1.32603641413E+00
+59.92500E-06,+1.32273868288E+00,+1.03021357395E+00,+1.36385050227E+00,+1.32603641413E+00
+59.95000E-06,+1.34283918515E+00,+1.01011307165E+00,+1.34375000000E+00,+1.32603641413E+00
+59.97500E-06,+1.35288943632E+00,+1.04026382507E+00,+1.34375000000E+00,+1.33608666530E+00
+60.00000E-06,+1.34283918515E+00,+1.28146985271E+00,+1.31862437215E+00,+1.32101128858E+00
+60.02500E-06,+1.36293968747E+00,+1.35182161073E+00,+1.36385050225E+00,+1.34613691643E+00
+60.05000E-06,+1.36293968745E+00,+1.35684673630E+00,+1.32867462330E+00,+1.32603641413E+00
+60.07500E-06,+1.33278893402E+00,+1.35182161070E+00,+1.33369974888E+00,+1.32603641418E+00
+60.10000E-06,+1.31268843165E+00,+1.33674623396E+00,+1.33369974880E+00,+1.33106153968E+00
+60.12500E-06,+1.34283918515E+00,+1.37192211300E+00,+1.34375000000E+00,+1.30593591186E+00
+60.15000E-06,+1.36293968745E+00,+1.36187186190E+00,+1.34877512560E+00,+1.34111179083E+00
+60.17500E-06,+1.35288943627E+00,+1.37192211300E+00,+1.34375000000E+00,+1.33608666530E+00
+60.20000E-06,+1.35791456190E+00,+1.05031407624E+00,+1.34375000000E+00,+1.34613691643E+00
+60.22500E-06,+1.36293968742E+00,+1.05031407622E+00,+1.36385050227E+00,+1.30593591183E+00
+60.25000E-06,+1.36293968745E+00,+1.01513819725E+00,+1.32867462330E+00,+1.34613691643E+00
+60.27500E-06,+1.34283918515E+00,+1.02016332277E+00,+1.34374999995E+00,+1.32603641418E+00
+60.30000E-06,+1.34786431070E+00,+1.03021357395E+00,+1.34375000000E+00,+1.33106153968E+00
+60.32500E-06,+1.34283918517E+00,+1.01011307165E+00,+1.30354899543E+00,+1.34613691640E+00
+60.35000E-06,+1.32776380845E+00,+1.03021357395E+00,+1.32364949770E+00,+1.32101128853E+00
+60.37500E-06,+1.35288943627E+00,+1.03021357395E+00,+1.36385050225E+00,+1.32603641413E+00
+60.40000E-06,+1.34786431070E+00,+1.28649497826E+00,+1.33872487445E+00,+1.29086053509E+00
+60.42500E-06,+1.38304018972E+00,+1.35182161073E+00,+1.36385050230E+00,+1.36623741870E+00
+60.45000E-06,+1.32776380845E+00,+1.35684673630E+00,+1.34375000000E+00,+1.32101128853E+00
+60.47500E-06,+1.35288943627E+00,+1.36187186188E+00,+1.34375000000E+00,+1.33608666530E+00
+60.50000E-06,+1.35791456190E+00,+1.33674623396E+00,+1.32364949770E+00,+1.31096103738E+00
+60.52500E-06,+1.34283918520E+00,+1.37192211300E+00,+1.32364949773E+00,+1.32603641416E+00
+60.55000E-06,+1.34786431075E+00,+1.35182161070E+00,+1.35882537670E+00,+1.32603641413E+00
+60.57500E-06,+1.33278893398E+00,+1.36187186183E+00,+1.33369974893E+00,+1.33608666526E+00
+60.60000E-06,+1.33781405960E+00,+1.04026382505E+00,+1.31862437205E+00,+1.35116204198E+00
+60.62500E-06,+1.32273868288E+00,+1.03021357395E+00,+1.32364949773E+00,+1.32603641413E+00
+60.65000E-06,+1.35791456185E+00,+1.02518844835E+00,+1.37390075340E+00,+1.35116204203E+00
+60.67500E-06,+1.36293968740E+00,+1.02016332282E+00,+1.33369974883E+00,+1.33608666526E+00
+60.70000E-06,+1.36293968745E+00,+1.03021357395E+00,+1.35882537675E+00,+1.31096103738E+00
+60.72500E-06,+1.32273868290E+00,+1.03021357395E+00,+1.34375000000E+00,+1.34613691643E+00
+60.75000E-06,+1.34786431075E+00,+1.03523869955E+00,+1.34877512560E+00,+1.30593591183E+00
+60.77500E-06,+1.34283918515E+00,+1.02016332277E+00,+1.33369974888E+00,+1.33608666526E+00
+60.80000E-06,+1.33781405960E+00,+1.28146985271E+00,+1.33369974890E+00,+1.30091078628E+00
+60.82500E-06,+1.38304018974E+00,+1.35182161070E+00,+1.34375000000E+00,+1.34613691643E+00
+60.85000E-06,+1.34283918515E+00,+1.35182161070E+00,+1.34877512560E+00,+1.32603641413E+00
+60.87500E-06,+1.33278893402E+00,+1.37192211300E+00,+1.34374999995E+00,+1.32603641418E+00
+60.90000E-06,+1.33278893395E+00,+1.35182161070E+00,+1.33872487445E+00,+1.30091078628E+00
+60.92500E-06,+1.34283918512E+00,+1.35182161070E+00,+1.34374999998E+00,+1.32603641416E+00
+60.95000E-06,+1.34283918515E+00,+1.35684673630E+00,+1.36887562790E+00,+1.34111179083E+00
+60.97500E-06,+1.36293968750E+00,+1.36187186188E+00,+1.36385050230E+00,+1.32603641413E+00
+61.00000E-06,+1.34283918515E+00,+1.04026382505E+00,+1.34375000000E+00,+1.34111179088E+00
+61.02500E-06,+1.34283918515E+00,+1.03021357397E+00,+1.34375000000E+00,+1.32603641413E+00
+61.05000E-06,+1.36796481304E+00,+1.01011307165E+00,+1.32867462330E+00,+1.34111179083E+00
+61.07500E-06,+1.34283918520E+00,+1.03021357390E+00,+1.34375000000E+00,+1.31598616301E+00
+61.10000E-06,+1.35791456190E+00,+1.01513819720E+00,+1.33872487445E+00,+1.32603641413E+00
+61.12500E-06,+1.34283918517E+00,+1.03021357395E+00,+1.30354899546E+00,+1.34613691640E+00
+61.15000E-06,+1.34283918515E+00,+1.01513819725E+00,+1.34375000000E+00,+1.34111179083E+00
+61.17500E-06,+1.32273868280E+00,+1.02016332277E+00,+1.34374999995E+00,+1.33608666535E+00
+61.20000E-06,+1.35791456190E+00,+1.28146985271E+00,+1.34877512565E+00,+1.30593591183E+00
+61.22500E-06,+1.36293968742E+00,+1.37192211298E+00,+1.36385050230E+00,+1.32603641413E+00
+61.25000E-06,+1.34786431075E+00,+1.35182161070E+00,+1.34877512560E+00,+1.34111179083E+00
+61.27500E-06,+1.34283918515E+00,+1.37192211300E+00,+1.33369974888E+00,+1.33608666526E+00
+61.30000E-06,+1.34786431070E+00,+1.37192211300E+00,+1.35882537675E+00,+1.36121229318E+00
+61.32500E-06,+1.36293968747E+00,+1.35182161070E+00,+1.32364949773E+00,+1.34613691643E+00
+61.35000E-06,+1.32776380845E+00,+1.35684673630E+00,+1.33872487440E+00,+1.32603641413E+00
+61.37500E-06,+1.35288943632E+00,+1.35182161070E+00,+1.33369974888E+00,+1.33608666526E+00
+61.40000E-06,+1.33781405960E+00,+1.03523869950E+00,+1.33369974880E+00,+1.32603641413E+00
+61.42500E-06,+1.32273868290E+00,+1.05031407622E+00,+1.34374999997E+00,+1.32603641416E+00
+61.45000E-06,+1.33781405955E+00,+1.02518844835E+00,+1.37892587900E+00,+1.33106153973E+00
+61.47500E-06,+1.35288943627E+00,+1.01011307160E+00,+1.35380025112E+00,+1.34613691643E+00
+61.50000E-06,+1.33781405960E+00,+1.03021357395E+00,+1.35882537675E+00,+1.32101128858E+00
+61.52500E-06,+1.32273868288E+00,+1.07041457847E+00,+1.34375000000E+00,+1.34613691640E+00
+61.55000E-06,+1.34283918515E+00,+1.01513819725E+00,+1.34375000000E+00,+1.31598616303E+00
+61.57500E-06,+1.35288943632E+00,+1.03021357395E+00,+1.33369974888E+00,+1.35618716760E+00
+61.60000E-06,+1.33781405960E+00,+1.27141960151E+00,+1.33872487445E+00,+1.33608666533E+00
+61.62500E-06,+1.34283918520E+00,+1.37192211300E+00,+1.34375000000E+00,+1.34613691643E+00
+61.65000E-06,+1.34283918515E+00,+1.35182161070E+00,+1.32364949770E+00,+1.33106153973E+00
+61.67500E-06,+1.33278893402E+00,+1.36187186188E+00,+1.34374999995E+00,+1.33608666531E+00
+61.70000E-06,+1.33781405950E+00,+1.33674623396E+00,+1.34375000000E+00,+1.32603641413E+00
+61.72500E-06,+1.36293968742E+00,+1.37192211298E+00,+1.32364949770E+00,+1.30593591188E+00
+61.75000E-06,+1.35791456185E+00,+1.35182161070E+00,+1.33872487440E+00,+1.34111179083E+00
+61.77500E-06,+1.35288943627E+00,+1.35182161070E+00,+1.35380025117E+00,+1.31598616301E+00
+61.80000E-06,+1.37801506419E+00,+1.02016332275E+00,+1.36385050230E+00,+1.34613691643E+00
+61.82500E-06,+1.34283918517E+00,+1.03021357395E+00,+1.32364949770E+00,+1.32603641416E+00
+61.85000E-06,+1.34786431075E+00,+1.03021357395E+00,+1.34375000000E+00,+1.35618716753E+00
+61.87500E-06,+1.34283918515E+00,+1.03021357395E+00,+1.33369974888E+00,+1.33608666525E+00
+61.90000E-06,+1.35288943625E+00,+1.03021357395E+00,+1.32867462335E+00,+1.33608666523E+00
+61.92500E-06,+1.34283918515E+00,+1.03021357392E+00,+1.34375000000E+00,+1.36623741868E+00
+61.95000E-06,+1.36293968745E+00,+1.02016332275E+00,+1.33872487440E+00,+1.34613691643E+00
+61.97500E-06,+1.33278893397E+00,+1.02016332282E+00,+1.33369974883E+00,+1.31598616301E+00
+62.00000E-06,+1.36293968745E+00,+1.30157035501E+00,+1.33872487445E+00,+1.30593591183E+00
+62.02500E-06,+1.36293968745E+00,+1.35182161068E+00,+1.34374999997E+00,+1.34613691643E+00
+62.05000E-06,+1.34786431075E+00,+1.36689698740E+00,+1.34375000000E+00,+1.34111179083E+00
+62.07500E-06,+1.36293968745E+00,+1.34177135958E+00,+1.35380025112E+00,+1.33608666525E+00
+62.10000E-06,+1.36293968745E+00,+1.35182161070E+00,+1.34375000000E+00,+1.32603641413E+00
+62.12500E-06,+1.36293968745E+00,+1.37192211300E+00,+1.34375000003E+00,+1.30593591189E+00
+62.15000E-06,+1.36796481305E+00,+1.37192211300E+00,+1.33872487440E+00,+1.34111179083E+00
+62.17500E-06,+1.35288943627E+00,+1.36187186183E+00,+1.33369974888E+00,+1.33608666525E+00
+62.20000E-06,+1.34283918515E+00,+1.04026382505E+00,+1.32867462325E+00,+1.33608666523E+00
+62.22500E-06,+1.32273868288E+00,+1.01011307168E+00,+1.34374999992E+00,+1.34613691640E+00
+62.25000E-06,+1.36293968745E+00,+1.01011307165E+00,+1.34375000000E+00,+1.34613691643E+00
+62.27500E-06,+1.36293968745E+00,+1.04026382502E+00,+1.35380025117E+00,+1.33608666525E+00
+62.30000E-06,+1.34283918515E+00,+1.04528895070E+00,+1.35882537675E+00,+1.32603641413E+00
+62.32500E-06,+1.34283918517E+00,+1.01011307168E+00,+1.36385050227E+00,+1.32603641416E+00
+62.35000E-06,+1.35791456185E+00,+1.03021357395E+00,+1.34877512560E+00,+1.34111179083E+00
+62.37500E-06,+1.35288943632E+00,+1.02016332277E+00,+1.32364949775E+00,+1.34613691648E+00
+62.40000E-06,+1.35791456190E+00,+1.33172110851E+00,+1.33872487445E+00,+1.33608666533E+00
+62.42500E-06,+1.34283918520E+00,+1.35182161073E+00,+1.34374999997E+00,+1.34613691643E+00
+62.45000E-06,+1.35791456185E+00,+1.35182161070E+00,+1.36385050230E+00,+1.34111179083E+00
+62.47500E-06,+1.34283918515E+00,+1.34177135953E+00,+1.33369974888E+00,+1.32603641413E+00
+62.50000E-06,+1.33278893395E+00,+1.35182161070E+00,+1.34375000000E+00,+1.30593591183E+00
+62.52500E-06,+1.34283918515E+00,+1.35182161070E+00,+1.34375000000E+00,+1.32603641413E+00
+62.55000E-06,+1.36293968745E+00,+1.36187186180E+00,+1.35882537670E+00,+1.30593591183E+00
+62.57500E-06,+1.34283918515E+00,+1.35182161070E+00,+1.35380025112E+00,+1.32603641413E+00
+62.60000E-06,+1.34786431070E+00,+1.00508794600E+00,+1.34375000000E+00,+1.33608666523E+00
+62.62500E-06,+1.32273868288E+00,+1.03021357392E+00,+1.34375000003E+00,+1.32603641411E+00
+62.65000E-06,+1.38304018974E+00,+1.03021357395E+00,+1.32867462330E+00,+1.35116204203E+00
+62.67500E-06,+1.37298993862E+00,+1.02016332277E+00,+1.34375000000E+00,+1.35618716760E+00
+62.70000E-06,+1.33781405960E+00,+1.03021357395E+00,+1.33369974890E+00,+1.34613691643E+00
+62.72500E-06,+1.34283918517E+00,+1.03021357392E+00,+1.34375000000E+00,+1.34613691640E+00
+62.75000E-06,+1.35791456185E+00,+1.05031407624E+00,+1.34877512550E+00,+1.34613691643E+00
+62.77500E-06,+1.33278893397E+00,+1.04026382507E+00,+1.34375000000E+00,+1.30593591183E+00
+62.80000E-06,+1.34283918515E+00,+1.30157035501E+00,+1.31862437215E+00,+1.31096103738E+00
+62.82500E-06,+1.38304018974E+00,+1.33172110848E+00,+1.34375000000E+00,+1.34613691645E+00
+62.85000E-06,+1.32776380845E+00,+1.37192211300E+00,+1.36385050230E+00,+1.31096103743E+00
+62.87500E-06,+1.36293968745E+00,+1.36187186183E+00,+1.33369974883E+00,+1.34613691643E+00
+62.90000E-06,+1.36293968745E+00,+1.35182161070E+00,+1.34877512565E+00,+1.32603641413E+00
+62.92500E-06,+1.34283918515E+00,+1.37192211298E+00,+1.32364949775E+00,+1.34613691640E+00
+62.95000E-06,+1.34786431075E+00,+1.33674623401E+00,+1.32364949770E+00,+1.34613691643E+00
+62.97500E-06,+1.34283918515E+00,+1.35182161070E+00,+1.35380025117E+00,+1.34613691643E+00
+63.00000E-06,+1.34283918515E+00,+1.03523869950E+00,+1.32867462325E+00,+1.36121229318E+00
+63.02500E-06,+1.30263818061E+00,+1.03021357395E+00,+1.34375000000E+00,+1.32603641413E+00
+63.05000E-06,+1.36293968745E+00,+1.02518844835E+00,+1.34375000000E+00,+1.33106153973E+00
+63.07500E-06,+1.35288943627E+00,+1.02016332277E+00,+1.35380025112E+00,+1.31598616296E+00
+63.10000E-06,+1.34786431070E+00,+1.03021357395E+00,+1.35882537675E+00,+1.32603641413E+00
+63.12500E-06,+1.34283918517E+00,+1.03021357395E+00,+1.36385050230E+00,+1.32603641411E+00
+63.15000E-06,+1.35791456185E+00,+1.03021357395E+00,+1.32867462330E+00,+1.34111179083E+00
+63.17500E-06,+1.34283918515E+00,+1.00006282048E+00,+1.33369974888E+00,+1.33608666525E+00
+63.20000E-06,+1.34283918515E+00,+1.28146985272E+00,+1.32364949770E+00,+1.31096103738E+00
+63.22500E-06,+1.40314069201E+00,+1.31162060619E+00,+1.36385050227E+00,+1.34613691648E+00
+63.25000E-06,+1.35791456185E+00,+1.35182161070E+00,+1.34375000000E+00,+1.32101128853E+00
+63.27500E-06,+1.33278893408E+00,+1.37192211300E+00,+1.33369974883E+00,+1.32603641413E+00
+63.30000E-06,+1.34283918515E+00,+1.35182161070E+00,+1.34375000000E+00,+1.33106153968E+00
+63.32500E-06,+1.34283918512E+00,+1.37192211300E+00,+1.38395100457E+00,+1.30593591189E+00
+63.35000E-06,+1.36796481305E+00,+1.35684673630E+00,+1.33369974890E+00,+1.32603641413E+00
+63.37500E-06,+1.36293968745E+00,+1.37192211300E+00,+1.34375000000E+00,+1.31598616301E+00
+63.40000E-06,+1.34283918515E+00,+1.01513819709E+00,+1.34877512555E+00,+1.32603641413E+00
+63.42500E-06,+1.36293968739E+00,+1.03021357395E+00,+1.34375000000E+00,+1.32603641413E+00
+63.45000E-06,+1.36293968745E+00,+1.04026382504E+00,+1.34877512560E+00,+1.32603641413E+00
+63.47500E-06,+1.36293968745E+00,+1.03021357395E+00,+1.33369974883E+00,+1.32603641408E+00
+63.50000E-06,+1.35791456190E+00,+1.03021357395E+00,+1.34375000000E+00,+1.32603641413E+00
+63.52500E-06,+1.34283918515E+00,+1.01011307168E+00,+1.32364949773E+00,+1.32603641413E+00
+63.55000E-06,+1.34283918515E+00,+1.02016332285E+00,+1.34375000000E+00,+1.31096103743E+00
+63.57500E-06,+1.34283918510E+00,+1.01011307170E+00,+1.32364949770E+00,+1.33608666531E+00
+63.60000E-06,+1.32776380840E+00,+1.28146985272E+00,+1.32364949770E+00,+1.31096103749E+00
+63.62500E-06,+1.36293968745E+00,+1.33172110843E+00,+1.32364949778E+00,+1.34613691643E+00
+63.65000E-06,+1.34786431075E+00,+1.35182161070E+00,+1.33872487440E+00,+1.30593591183E+00
+63.67500E-06,+1.36293968745E+00,+1.36187186183E+00,+1.36385050230E+00,+1.32603641408E+00
+63.70000E-06,+1.36293968745E+00,+1.34679648516E+00,+1.34375000000E+00,+1.33608666533E+00
+63.72500E-06,+1.34283918517E+00,+1.35182161068E+00,+1.34375000000E+00,+1.34613691640E+00
+63.75000E-06,+1.34786431075E+00,+1.35182161070E+00,+1.33872487440E+00,+1.33106153973E+00
+63.77500E-06,+1.34283918520E+00,+1.35182161070E+00,+1.33369974882E+00,+1.33608666525E+00
+63.80000E-06,+1.37801506420E+00,+1.04026382504E+00,+1.31862437205E+00,+1.35116204198E+00
+63.82500E-06,+1.32273868288E+00,+1.03021357395E+00,+1.32364949770E+00,+1.32603641411E+00
+63.85000E-06,+1.34283918515E+00,+1.04528895064E+00,+1.33872487440E+00,+1.34111179083E+00
+63.87500E-06,+1.34283918515E+00,+1.04026382512E+00,+1.33369974888E+00,+1.32603641413E+00
+63.90000E-06,+1.34786431070E+00,+1.03021357395E+00,+1.34375000000E+00,+1.33106153968E+00
+63.92500E-06,+1.32273868288E+00,+1.03021357395E+00,+1.34375000003E+00,+1.32603641416E+00
+63.95000E-06,+1.35791456184E+00,+1.02016332285E+00,+1.33872487440E+00,+1.32603641413E+00
+63.97500E-06,+1.35288943627E+00,+1.02016332283E+00,+1.32364949770E+00,+1.32603641413E+00
+64.00000E-06,+1.35791456190E+00,+1.29654522947E+00,+1.31862437216E+00,+1.32101128858E+00
+64.02500E-06,+1.36293968745E+00,+1.35182161073E+00,+1.32364949770E+00,+1.36623741873E+00
+64.05000E-06,+1.34786431075E+00,+1.35684673631E+00,+1.34877512560E+00,+1.32101128853E+00
+64.07500E-06,+1.34283918515E+00,+1.35182161076E+00,+1.32364949765E+00,+1.33608666531E+00
+64.10000E-06,+1.33781405960E+00,+1.35684673625E+00,+1.35882537675E+00,+1.33608666533E+00
+64.12500E-06,+1.36293968745E+00,+1.37192211297E+00,+1.34375000003E+00,+1.34613691640E+00
+64.15000E-06,+1.34283918515E+00,+1.35684673631E+00,+1.34877512560E+00,+1.33608666523E+00
+64.17500E-06,+1.35288943632E+00,+1.38197236412E+00,+1.36385050230E+00,+1.33608666525E+00
+64.20000E-06,+1.33278893395E+00,+1.03523869950E+00,+1.32867462325E+00,+1.35618716763E+00
+64.22500E-06,+1.32273868288E+00,+1.03021357392E+00,+1.34375000000E+00,+1.32603641413E+00
+64.25000E-06,+1.35791456184E+00,+1.03523869955E+00,+1.34877512560E+00,+1.31598616304E+00
+64.27500E-06,+1.35288943627E+00,+1.02016332277E+00,+1.34375000000E+00,+1.33608666525E+00
+64.30000E-06,+1.34786431070E+00,+1.01513819720E+00,+1.35380025120E+00,+1.33106153968E+00
+64.32500E-06,+1.34283918518E+00,+1.01011307165E+00,+1.34375000003E+00,+1.32603641419E+00
+64.35000E-06,+1.32776380845E+00,+1.03021357395E+00,+1.34375000000E+00,+1.32603641413E+00
+64.37500E-06,+1.34283918515E+00,+1.01011307165E+00,+1.36385050224E+00,+1.32603641408E+00
+64.40000E-06,+1.32776380840E+00,+1.29654522947E+00,+1.33872487445E+00,+1.30593591183E+00
+64.42500E-06,+1.36293968745E+00,+1.37192211300E+00,+1.32364949770E+00,+1.34613691640E+00
+64.45000E-06,+1.34283918515E+00,+1.35182161070E+00,+1.35882537670E+00,+1.31096103744E+00
+64.47500E-06,+1.35288943627E+00,+1.34177135958E+00,+1.35380025118E+00,+1.34613691637E+00
+64.50000E-06,+1.36293968745E+00,+1.33674623395E+00,+1.34375000000E+00,+1.31598616293E+00
+64.52500E-06,+1.36293968742E+00,+1.37192211297E+00,+1.34375000000E+00,+1.34613691643E+00
+64.55000E-06,+1.36293968745E+00,+1.35182161070E+00,+1.35882537670E+00,+1.32603641413E+00
+64.57500E-06,+1.36293968745E+00,+1.35182161070E+00,+1.35380025118E+00,+1.34613691648E+00
+64.60000E-06,+1.34786431070E+00,+1.04528895059E+00,+1.31359924650E+00,+1.35116204198E+00
+64.62500E-06,+1.32273868288E+00,+1.03021357395E+00,+1.32364949768E+00,+1.32603641413E+00
+64.65000E-06,+1.35791456184E+00,+1.03021357395E+00,+1.32364949770E+00,+1.33106153973E+00
+64.67500E-06,+1.36293968745E+00,+1.02016332277E+00,+1.35380025118E+00,+1.32603641408E+00
+64.70000E-06,+1.35791456190E+00,+1.01513819720E+00,+1.34375000000E+00,+1.32603641413E+00
+64.72500E-06,+1.34283918515E+00,+1.01011307168E+00,+1.34375000000E+00,+1.32603641413E+00
+64.75000E-06,+1.36293968745E+00,+1.03021357395E+00,+1.32867462330E+00,+1.33608666523E+00
+64.77500E-06,+1.35288943627E+00,+1.04026382512E+00,+1.35380025118E+00,+1.30593591183E+00
+64.80000E-06,+1.35791456190E+00,+1.29654522947E+00,+1.33369974891E+00,+1.30593591183E+00
+64.82500E-06,+1.38304018972E+00,+1.33172110843E+00,+1.30354899543E+00,+1.34613691640E+00
+64.85000E-06,+1.37298993854E+00,+1.34177135961E+00,+1.32364949770E+00,+1.32603641413E+00
+64.87500E-06,+1.35288943627E+00,+1.35182161070E+00,+1.35380025112E+00,+1.33608666531E+00
+64.90000E-06,+1.36293968745E+00,+1.35182161070E+00,+1.32867462325E+00,+1.35618716763E+00
+64.92500E-06,+1.36293968745E+00,+1.33172110843E+00,+1.32364949776E+00,+1.32603641419E+00
+64.95000E-06,+1.34283918515E+00,+1.36689698740E+00,+1.34375000000E+00,+1.31598616304E+00
+64.97500E-06,+1.36293968739E+00,+1.37192211300E+00,+1.35380025118E+00,+1.32603641413E+00
+65.00000E-06,+1.36293968745E+00,+1.02518844829E+00,+1.33369974880E+00,+1.32101128848E+00
+65.02500E-06,+1.34283918515E+00,+1.01011307168E+00,+1.38395100454E+00,+1.32603641410E+00
+65.05000E-06,+1.35791456184E+00,+1.01513819725E+00,+1.34877512560E+00,+1.34111179083E+00
+65.07500E-06,+1.34283918515E+00,+1.02016332283E+00,+1.34375000000E+00,+1.33608666525E+00
+65.10000E-06,+1.35791456190E+00,+1.01513819720E+00,+1.35882537675E+00,+1.32603641413E+00
+65.12500E-06,+1.34283918512E+00,+1.03021357395E+00,+1.32364949776E+00,+1.34613691640E+00
+65.15000E-06,+1.32776380845E+00,+1.01011307165E+00,+1.31862437210E+00,+1.33608666533E+00
+65.17500E-06,+1.33278893397E+00,+1.04026382507E+00,+1.32364949770E+00,+1.31598616301E+00
+65.20000E-06,+1.34283918515E+00,+1.30157035502E+00,+1.35882537675E+00,+1.30091078629E+00
+65.22500E-06,+1.38304018969E+00,+1.37192211297E+00,+1.36385050230E+00,+1.32603641413E+00
+65.25000E-06,+1.35791456184E+00,+1.35182161070E+00,+1.35882537670E+00,+1.32603641413E+00
+65.27500E-06,+1.35288943627E+00,+1.35182161065E+00,+1.36385050235E+00,+1.33608666525E+00
+65.30000E-06,+1.36293968745E+00,+1.35182161070E+00,+1.33872487445E+00,+1.31598616293E+00
+65.32500E-06,+1.38304018972E+00,+1.37192211300E+00,+1.32364949773E+00,+1.32603641416E+00
+65.35000E-06,+1.34786431075E+00,+1.35182161070E+00,+1.36385050230E+00,+1.32101128853E+00
+65.37500E-06,+1.34283918515E+00,+1.36187186183E+00,+1.35380025112E+00,+1.32603641413E+00
+65.40000E-06,+1.35288943624E+00,+1.04026382504E+00,+1.34375000000E+00,+1.35116204198E+00
+65.42500E-06,+1.30263818061E+00,+1.03021357395E+00,+1.32364949770E+00,+1.32603641416E+00
+65.45000E-06,+1.36293968745E+00,+1.04528895064E+00,+1.34877512560E+00,+1.34111179083E+00
+65.47500E-06,+1.36293968739E+00,+1.03021357395E+00,+1.34374999995E+00,+1.33608666531E+00
+65.50000E-06,+1.36293968745E+00,+1.02518844840E+00,+1.34375000000E+00,+1.34111179088E+00
+65.52500E-06,+1.34283918515E+00,+1.01011307165E+00,+1.36385050230E+00,+1.30593591189E+00
+65.55000E-06,+1.35791456184E+00,+1.03523869955E+00,+1.36887562790E+00,+1.34613691643E+00
+65.57500E-06,+1.34283918509E+00,+1.02016332277E+00,+1.34375000000E+00,+1.31598616301E+00
+65.60000E-06,+1.35791456190E+00,+1.30659548056E+00,+1.33369974891E+00,+1.32101128858E+00
+65.62500E-06,+1.34283918518E+00,+1.35182161070E+00,+1.36385050227E+00,+1.32603641416E+00
+65.65000E-06,+1.33781405955E+00,+1.33674623401E+00,+1.31862437221E+00,+1.31096103744E+00
+65.67500E-06,+1.34283918515E+00,+1.36187186188E+00,+1.31359924653E+00,+1.33608666525E+00
+65.70000E-06,+1.35791456190E+00,+1.34679648516E+00,+1.32867462325E+00,+1.34613691643E+00
+65.72500E-06,+1.36293968739E+00,+1.35182161073E+00,+1.32364949770E+00,+1.30593591192E+00
+65.75000E-06,+1.34283918515E+00,+1.35182161070E+00,+1.34877512560E+00,+1.34613691643E+00
+65.77500E-06,+1.36293968750E+00,+1.36187186188E+00,+1.36385050230E+00,+1.32603641413E+00
+65.80000E-06,+1.34786431070E+00,+1.01011307154E+00,+1.34375000000E+00,+1.34613691643E+00
+65.82500E-06,+1.32273868288E+00,+1.03021357392E+00,+1.32364949773E+00,+1.30593591186E+00
+65.85000E-06,+1.37298993854E+00,+1.03021357395E+00,+1.35882537670E+00,+1.34111179083E+00
+65.87500E-06,+1.34283918515E+00,+1.02016332277E+00,+1.35380025112E+00,+1.31598616296E+00
+65.90000E-06,+1.36293968745E+00,+1.03021357395E+00,+1.35380025120E+00,+1.34613691643E+00
+65.92500E-06,+1.32273868282E+00,+1.03021357392E+00,+1.32364949773E+00,+1.34613691640E+00
+65.95000E-06,+1.32776380845E+00,+1.03523869955E+00,+1.33369974880E+00,+1.33106153973E+00
+65.97500E-06,+1.33278893397E+00,+1.03021357395E+00,+1.33369974888E+00,+1.32603641413E+00
+66.00000E-06,+1.34786431070E+00,+1.29654522936E+00,+1.32867462325E+00,+1.31096103738E+00
+66.02500E-06,+1.36293968745E+00,+1.35182161073E+00,+1.34375000000E+00,+1.34613691637E+00
+66.05000E-06,+1.36796481305E+00,+1.35182161070E+00,+1.34375000000E+00,+1.31096103744E+00
+66.07500E-06,+1.36293968745E+00,+1.34177135953E+00,+1.34375000000E+00,+1.32603641413E+00
+66.10000E-06,+1.34786431070E+00,+1.33674623395E+00,+1.34375000000E+00,+1.34613691643E+00
+66.12500E-06,+1.36293968742E+00,+1.37192211297E+00,+1.34375000000E+00,+1.34613691643E+00
+66.15000E-06,+1.34786431075E+00,+1.33674623401E+00,+1.34375000000E+00,+1.34613691643E+00
+66.17500E-06,+1.34283918515E+00,+1.34177135958E+00,+1.35380025112E+00,+1.30593591183E+00
+66.20000E-06,+1.34283918515E+00,+1.02016332274E+00,+1.32867462325E+00,+1.34111179088E+00
+66.22500E-06,+1.34283918512E+00,+1.03021357395E+00,+1.34375000000E+00,+1.32603641416E+00
+66.25000E-06,+1.34786431075E+00,+1.03021357395E+00,+1.36887562779E+00,+1.34613691643E+00
+66.27500E-06,+1.37298993857E+00,+1.02016332283E+00,+1.32364949770E+00,+1.33608666525E+00
+66.30000E-06,+1.35791456190E+00,+1.01011307165E+00,+1.32867462325E+00,+1.32603641413E+00
+66.32500E-06,+1.36293968742E+00,+1.05031407619E+00,+1.32364949776E+00,+1.32603641413E+00
+66.35000E-06,+1.34786431075E+00,+1.02518844835E+00,+1.34375000000E+00,+1.32603641413E+00
+66.37500E-06,+1.34283918515E+00,+1.02016332283E+00,+1.33369974888E+00,+1.33608666520E+00
+66.40000E-06,+1.35288943635E+00,+1.28649497827E+00,+1.34375000000E+00,+1.30593591183E+00
+66.42500E-06,+1.38304018974E+00,+1.37192211297E+00,+1.34374999994E+00,+1.34613691643E+00
+66.45000E-06,+1.36293968745E+00,+1.35182161070E+00,+1.32867462331E+00,+1.34111179083E+00
+66.47500E-06,+1.34283918515E+00,+1.35182161070E+00,+1.35380025112E+00,+1.33608666531E+00
+66.50000E-06,+1.34786431069E+00,+1.34679648516E+00,+1.34375000000E+00,+1.34111179088E+00
+66.52500E-06,+1.34283918515E+00,+1.37192211295E+00,+1.34374999997E+00,+1.34613691643E+00
+66.55000E-06,+1.37801506414E+00,+1.34679648510E+00,+1.35882537669E+00,+1.34613691643E+00
+66.57500E-06,+1.36293968745E+00,+1.36187186188E+00,+1.35380025112E+00,+1.32603641413E+00
+66.60000E-06,+1.34786431069E+00,+1.04026382504E+00,+1.35882537675E+00,+1.33106153968E+00
+66.62500E-06,+1.34283918512E+00,+1.01011307168E+00,+1.36385050230E+00,+1.32603641413E+00
+66.65000E-06,+1.34283918515E+00,+1.04528895064E+00,+1.32867462331E+00,+1.34111179083E+00
+66.67500E-06,+1.35288943627E+00,+1.03021357395E+00,+1.32364949770E+00,+1.34613691643E+00
+66.70000E-06,+1.36796481299E+00,+1.03021357395E+00,+1.33872487445E+00,+1.32603641413E+00
+66.72500E-06,+1.32273868285E+00,+1.01011307168E+00,+1.36385050227E+00,+1.34613691640E+00
+66.75000E-06,+1.33278893406E+00,+1.03523869955E+00,+1.32364949770E+00,+1.33106153973E+00
+66.77500E-06,+1.34283918515E+00,+1.03021357389E+00,+1.33369974888E+00,+1.31598616301E+00
+66.80000E-06,+1.34283918515E+00,+1.31162060622E+00,+1.33872487445E+00,+1.32101128859E+00
+66.82500E-06,+1.38304018971E+00,+1.37192211303E+00,+1.34375000003E+00,+1.34613691643E+00
+66.85000E-06,+1.36796481305E+00,+1.33674623401E+00,+1.33872487440E+00,+1.31096103744E+00
+66.87500E-06,+1.36293968745E+00,+1.35182161070E+00,+1.35380025118E+00,+1.32603641407E+00
+66.90000E-06,+1.34786431069E+00,+1.35684673625E+00,+1.32364949770E+00,+1.32603641413E+00
+66.92500E-06,+1.36293968745E+00,+1.37192211294E+00,+1.32364949770E+00,+1.30593591186E+00
+66.95000E-06,+1.34283918515E+00,+1.35182161070E+00,+1.35882537669E+00,+1.34111179083E+00
+66.97500E-06,+1.34283918515E+00,+1.34177135958E+00,+1.35380025118E+00,+1.34613691643E+00
+67.00000E-06,+1.34283918515E+00,+1.04026382504E+00,+1.32364949759E+00,+1.36623741873E+00
+67.02500E-06,+1.34283918512E+00,+1.03021357392E+00,+1.32364949770E+00,+1.30593591186E+00
+67.05000E-06,+1.33781405955E+00,+1.02518844834E+00,+1.33872487440E+00,+1.33106153973E+00
+67.07500E-06,+1.36293968745E+00,+1.03021357395E+00,+1.34375000000E+00,+1.32603641407E+00
+67.10000E-06,+1.34786431081E+00,+1.03021357395E+00,+1.35380025109E+00,+1.34111179088E+00
+67.12500E-06,+1.38304018971E+00,+1.01011307165E+00,+1.36385050227E+00,+1.30593591189E+00
+67.15000E-06,+1.36796481293E+00,+1.03021357395E+00,+1.34877512560E+00,+1.34111179083E+00
+67.17500E-06,+1.38304018980E+00,+1.04026382512E+00,+1.34375000000E+00,+1.32603641413E+00
+67.20000E-06,+1.34283918515E+00,+1.31162060622E+00,+1.34877512566E+00,+1.33106153979E+00
+67.22500E-06,+1.34283918521E+00,+1.35182161073E+00,+1.36385050224E+00,+1.32603641416E+00
+67.25000E-06,+1.36293968745E+00,+1.33674623401E+00,+1.34375000000E+00,+1.32603641413E+00
+67.27500E-06,+1.35288943633E+00,+1.35182161070E+00,+1.33369974882E+00,+1.33608666537E+00
+67.30000E-06,+1.31268843165E+00,+1.35182161070E+00,+1.33872487434E+00,+1.33608666534E+00
+67.32500E-06,+1.34283918515E+00,+1.37192211300E+00,+1.38395100454E+00,+1.32603641413E+00
+67.35000E-06,+1.35791456184E+00,+1.35182161070E+00,+1.34375000000E+00,+1.32603641413E+00
+67.37500E-06,+1.37298993857E+00,+1.35182161070E+00,+1.35380025112E+00,+1.32603641413E+00
+67.40000E-06,+1.36293968745E+00,+1.02518844829E+00,+1.32364949770E+00,+1.35116204197E+00
+67.42500E-06,+1.36293968745E+00,+1.03021357395E+00,+1.36385050227E+00,+1.34613691643E+00
+67.45000E-06,+1.34786431075E+00,+1.05031407624E+00,+1.34877512560E+00,+1.34613691643E+00
+67.47500E-06,+1.34283918515E+00,+1.02016332283E+00,+1.33369974882E+00,+1.32603641407E+00
+67.50000E-06,+1.35791456190E+00,+1.04528895070E+00,+1.35882537675E+00,+1.34613691643E+00
+67.52500E-06,+1.32273868288E+00,+1.03021357389E+00,+1.34375000000E+00,+1.34613691640E+00
+67.55000E-06,+1.31268843176E+00,+1.01513819725E+00,+1.34375000000E+00,+1.32101128864E+00
+67.57500E-06,+1.35288943633E+00,+1.04026382513E+00,+1.32364949765E+00,+1.32603641419E+00
+67.60000E-06,+1.33781405960E+00,+1.28146985272E+00,+1.32364949770E+00,+1.29588566063E+00
+67.62500E-06,+1.36293968745E+00,+1.35182161070E+00,+1.36385050227E+00,+1.32603641413E+00
+67.65000E-06,+1.32776380845E+00,+1.35182161070E+00,+1.35380025109E+00,+1.31598616304E+00
+67.67500E-06,+1.35288943633E+00,+1.36187186188E+00,+1.35380025118E+00,+1.32603641407E+00
+67.70000E-06,+1.34283918515E+00,+1.35684673625E+00,+1.34877512555E+00,+1.33608666522E+00
+67.72500E-06,+1.36293968745E+00,+1.37192211297E+00,+1.30354899543E+00,+1.32603641416E+00
+67.75000E-06,+1.36293968745E+00,+1.35182161070E+00,+1.35380025109E+00,+1.34613691643E+00
+67.77500E-06,+1.36293968745E+00,+1.34177135953E+00,+1.33369974882E+00,+1.32603641413E+00
+67.80000E-06,+1.34786431069E+00,+1.02518844829E+00,+1.33872487445E+00,+1.35116204197E+00
+67.82500E-06,+1.34283918515E+00,+1.03021357392E+00,+1.32364949770E+00,+1.34613691640E+00
+67.85000E-06,+1.37298993854E+00,+1.03021357395E+00,+1.33369974891E+00,+1.33608666522E+00
+67.87500E-06,+1.35288943633E+00,+1.03021357395E+00,+1.35380025112E+00,+1.31598616295E+00
+67.90000E-06,+1.34283918515E+00,+1.04528895070E+00,+1.34375000000E+00,+1.32603641413E+00
+67.92500E-06,+1.32273868285E+00,+1.03021357395E+00,+1.34374999997E+00,+1.30593591186E+00
+67.95000E-06,+1.35791456184E+00,+1.03523869955E+00,+1.34375000000E+00,+1.34613691643E+00
+67.97500E-06,+1.34283918515E+00,+1.02016332283E+00,+1.35380025118E+00,+1.32603641413E+00
+68.00000E-06,+1.34283918515E+00,+1.28146985272E+00,+1.30857412095E+00,+1.32603641413E+00
+68.02500E-06,+1.36293968747E+00,+1.35182161073E+00,+1.36385050224E+00,+1.32603641416E+00
+68.05000E-06,+1.34283918515E+00,+1.35684673631E+00,+1.32364949770E+00,+1.34111179083E+00
+68.07500E-06,+1.33278893403E+00,+1.37192211300E+00,+1.33369974882E+00,+1.34613691643E+00
+68.10000E-06,+1.33278893394E+00,+1.33674623395E+00,+1.34375000000E+00,+1.32603641413E+00
+68.12500E-06,+1.34283918512E+00,+1.35182161070E+00,+1.32364949770E+00,+1.30593591189E+00
+68.15000E-06,+1.37298993854E+00,+1.37694723860E+00,+1.35882537669E+00,+1.34111179083E+00
+68.17500E-06,+1.37298993862E+00,+1.36187186182E+00,+1.35380025106E+00,+1.32603641413E+00
+68.20000E-06,+1.33278893394E+00,+1.02518844829E+00,+1.34877512555E+00,+1.34613691643E+00
+68.22500E-06,+1.34283918515E+00,+1.03021357392E+00,+1.36385050227E+00,+1.30593591186E+00
+68.25000E-06,+1.35791456184E+00,+1.03021357395E+00,+1.32867462331E+00,+1.34613691643E+00
+68.27500E-06,+1.37298993862E+00,+1.03021357395E+00,+1.33369974882E+00,+1.34613691649E+00
+68.30000E-06,+1.36293968745E+00,+1.01513819720E+00,+1.33872487445E+00,+1.34111179088E+00
+68.32500E-06,+1.34283918515E+00,+1.05031407619E+00,+1.32364949773E+00,+1.36623741864E+00
+68.35000E-06,+1.35791456184E+00,+1.04528895064E+00,+1.33872487440E+00,+1.34613691643E+00
+68.37500E-06,+1.34283918515E+00,+1.01011307165E+00,+1.34375000000E+00,+1.31598616301E+00
+68.40000E-06,+1.36293968745E+00,+1.29152010381E+00,+1.32364949770E+00,+1.29086053508E+00
+68.42500E-06,+1.36293968748E+00,+1.37192211297E+00,+1.32364949773E+00,+1.32603641416E+00
+68.45000E-06,+1.34283918515E+00,+1.35182161070E+00,+1.36385050230E+00,+1.30593591183E+00
+68.47500E-06,+1.34283918515E+00,+1.35182161070E+00,+1.34374999994E+00,+1.33608666531E+00
+68.50000E-06,+1.35288943624E+00,+1.35182161070E+00,+1.34375000000E+00,+1.30593591183E+00
+68.52500E-06,+1.34283918521E+00,+1.37192211294E+00,+1.32364949773E+00,+1.34613691640E+00
+68.55000E-06,+1.34283918515E+00,+1.35182161070E+00,+1.35882537669E+00,+1.33106153974E+00
+68.57500E-06,+1.34283918515E+00,+1.34177135953E+00,+1.32364949770E+00,+1.33608666525E+00
+68.60000E-06,+1.35791456190E+00,+1.01011307153E+00,+1.35380025121E+00,+1.36623741873E+00
+68.62500E-06,+1.32273868288E+00,+1.01011307171E+00,+1.34374999994E+00,+1.30593591186E+00
+68.65000E-06,+1.35791456184E+00,+1.04528895064E+00,+1.35380025109E+00,+1.34111179082E+00
+68.67500E-06,+1.36293968745E+00,+1.02016332277E+00,+1.34374999994E+00,+1.33608666525E+00
+68.70000E-06,+1.36293968745E+00,+1.04528895070E+00,+1.35882537675E+00,+1.33608666534E+00
+68.72500E-06,+1.36293968745E+00,+1.03021357395E+00,+1.32364949773E+00,+1.32603641413E+00
+68.75000E-06,+1.36293968745E+00,+995.03769496E-03,+1.32867462331E+00,+1.32101128853E+00
+68.77500E-06,+1.36293968745E+00,+1.01011307165E+00,+1.35380025112E+00,+1.33608666525E+00
+68.80000E-06,+1.33781405960E+00,+1.28146985272E+00,+1.32364949770E+00,+1.31096103738E+00
+68.82500E-06,+1.36293968745E+00,+1.35182161073E+00,+1.34375000000E+00,+1.34613691643E+00
+68.85000E-06,+1.34283918515E+00,+1.34679648510E+00,+1.31359924661E+00,+1.33608666522E+00
+68.87500E-06,+1.34283918515E+00,+1.37192211300E+00,+1.34375000000E+00,+1.32603641413E+00
+68.90000E-06,+1.34786431069E+00,+1.35182161070E+00,+1.34375000000E+00,+1.34111179088E+00
+68.92500E-06,+1.34283918515E+00,+1.37192211300E+00,+1.34375000000E+00,+1.30593591186E+00
+68.95000E-06,+1.34786431075E+00,+1.34679648510E+00,+1.35380025109E+00,+1.34111179082E+00
+68.97500E-06,+1.36293968745E+00,+1.36187186182E+00,+1.35380025118E+00,+1.33608666525E+00
+69.00000E-06,+1.33278893394E+00,+1.05533920179E+00,+1.36385050230E+00,+1.33608666522E+00
+69.02500E-06,+1.32273868291E+00,+1.01011307168E+00,+1.34375000003E+00,+1.34613691637E+00
+69.05000E-06,+1.37801506414E+00,+1.03523869943E+00,+1.32867462331E+00,+1.32603641413E+00
+69.07500E-06,+1.35288943633E+00,+1.02016332277E+00,+1.33369974882E+00,+1.32603641413E+00
+69.10000E-06,+1.34283918515E+00,+1.03021357395E+00,+1.35380025121E+00,+1.31598616292E+00
+69.12500E-06,+1.34283918515E+00,+1.01011307165E+00,+1.32364949776E+00,+1.32603641413E+00
+69.15000E-06,+1.37801506414E+00,+1.04026382504E+00,+1.32867462331E+00,+1.34613691643E+00
+69.17500E-06,+1.35288943627E+00,+1.01011307165E+00,+1.34375000000E+00,+1.32603641413E+00
+69.20000E-06,+1.33781405948E+00,+1.30157035502E+00,+1.32364949770E+00,+1.31096103738E+00
+69.22500E-06,+1.40314069195E+00,+1.37192211300E+00,+1.34375000000E+00,+1.34613691643E+00
+69.25000E-06,+1.34283918515E+00,+1.37192211300E+00,+1.37892587899E+00,+1.31598616292E+00
+69.27500E-06,+1.36293968745E+00,+1.35182161076E+00,+1.34375000000E+00,+1.32603641413E+00
+69.30000E-06,+1.35288943636E+00,+1.34177135962E+00,+1.32867462325E+00,+1.34111179088E+00
+69.32500E-06,+1.38304018971E+00,+1.37192211297E+00,+1.34375000000E+00,+1.34613691640E+00
+69.35000E-06,+1.34786431075E+00,+1.36689698740E+00,+1.35882537669E+00,+1.32603641413E+00
+69.37500E-06,+1.34283918515E+00,+1.38197236412E+00,+1.34375000000E+00,+1.33608666525E+00
+69.40000E-06,+1.34786431081E+00,+1.03021357395E+00,+1.32364949770E+00,+1.33608666522E+00
+69.42500E-06,+1.34283918512E+00,+1.03021357398E+00,+1.32364949770E+00,+1.32603641413E+00
+69.45000E-06,+1.35791456184E+00,+1.03021357395E+00,+1.39400125568E+00,+1.34111179082E+00
+69.47500E-06,+1.36293968739E+00,+1.03021357395E+00,+1.33369974888E+00,+1.31598616295E+00
+69.50000E-06,+1.35791456190E+00,+1.01513819719E+00,+1.34877512554E+00,+1.34111179088E+00
+69.52500E-06,+1.34283918515E+00,+1.05031407618E+00,+1.32364949776E+00,+1.32603641410E+00
+69.55000E-06,+1.34786431075E+00,+1.01011307165E+00,+1.34877512560E+00,+1.34111179082E+00
+69.57500E-06,+1.36293968751E+00,+1.02016332277E+00,+1.33369974888E+00,+1.32603641413E+00
+69.60000E-06,+1.35791456190E+00,+1.27644472718E+00,+1.31862437216E+00,+1.30593591183E+00
+69.62500E-06,+1.36293968745E+00,+1.37192211300E+00,+1.32364949770E+00,+1.32603641416E+00
+69.65000E-06,+1.34786431075E+00,+1.36187186179E+00,+1.32867462331E+00,+1.33106153974E+00
+69.67500E-06,+1.36293968745E+00,+1.35182161064E+00,+1.32364949770E+00,+1.34613691643E+00
+69.70000E-06,+1.32273868285E+00,+1.35684673625E+00,+1.33369974879E+00,+1.32603641413E+00
+69.72500E-06,+1.34283918515E+00,+1.37192211300E+00,+1.34375000003E+00,+1.34613691640E+00
+69.75000E-06,+1.36293968745E+00,+1.35182161070E+00,+1.32867462331E+00,+1.32603641413E+00
+69.77500E-06,+1.35288943633E+00,+1.34177135953E+00,+1.36385050230E+00,+1.33608666531E+00
+69.80000E-06,+1.37801506420E+00,+1.04026382504E+00,+1.35380025109E+00,+1.31598616292E+00
+69.82500E-06,+1.34283918518E+00,+1.01011307168E+00,+1.38395100453E+00,+1.32603641413E+00
+69.85000E-06,+1.34786431075E+00,+1.03523869955E+00,+1.34375000000E+00,+1.33106153974E+00
+69.87500E-06,+1.34283918515E+00,+1.03021357395E+00,+1.32364949764E+00,+1.33608666525E+00
+69.90000E-06,+1.34786431069E+00,+1.02518844840E+00,+1.32364949770E+00,+1.32603641413E+00
+69.92500E-06,+1.36293968745E+00,+1.01011307165E+00,+1.34375000000E+00,+1.30593591186E+00
+69.95000E-06,+1.36293968745E+00,+1.05031407624E+00,+1.34877512560E+00,+1.33106153974E+00
+69.97500E-06,+1.34283918515E+00,+990.01256935E-03,+1.33369974882E+00,+1.31598616307E+00
+70.00000E-06,+1.36293968745E+00,+1.31664573177E+00,+1.34375000000E+00,+1.31598616304E+00
+70.02500E-06,+1.36293968745E+00,+1.33172110844E+00,+1.36385050224E+00,+1.34613691640E+00
+70.05000E-06,+1.33278893406E+00,+1.35684673631E+00,+1.34375000000E+00,+1.30593591183E+00
+70.07500E-06,+1.35288943627E+00,+1.35182161070E+00,+1.35380025118E+00,+1.34613691643E+00
+70.10000E-06,+1.34786431069E+00,+1.35182161070E+00,+1.34375000000E+00,+1.31598616292E+00
+70.12500E-06,+1.34283918515E+00,+1.37192211294E+00,+1.32364949770E+00,+1.34613691643E+00
+70.15000E-06,+1.35288943636E+00,+1.34177135962E+00,+1.35882537669E+00,+1.34613691643E+00
+70.17500E-06,+1.35288943633E+00,+1.35182161070E+00,+1.34375000000E+00,+1.33608666525E+00
+70.20000E-06,+1.34283918515E+00,+1.04026382504E+00,+1.33369974879E+00,+1.36121229306E+00
+70.22500E-06,+1.30263818061E+00,+1.03021357392E+00,+1.34375000000E+00,+1.32603641419E+00
+70.25000E-06,+1.36293968745E+00,+1.06036432733E+00,+1.34375000000E+00,+1.35116204203E+00
+70.27500E-06,+1.36293968738E+00,+1.01011307165E+00,+1.36385050236E+00,+1.32603641413E+00
+70.30000E-06,+1.35288943636E+00,+1.02518844840E+00,+1.36385050230E+00,+1.32101128859E+00
+70.32500E-06,+1.32273868288E+00,+1.01011307165E+00,+1.34375000003E+00,+1.34613691637E+00
+70.35000E-06,+1.35791456184E+00,+1.01513819726E+00,+1.34877512560E+00,+1.32603641413E+00
+70.37500E-06,+1.35288943627E+00,+1.03021357395E+00,+1.33369974888E+00,+1.32603641413E+00
+70.40000E-06,+1.36293968745E+00,+1.29152010393E+00,+1.34375000012E+00,+1.29588566075E+00
+70.42500E-06,+1.38304018971E+00,+1.37192211300E+00,+1.34375000003E+00,+1.34613691649E+00
+70.45000E-06,+1.33781405954E+00,+1.31664573171E+00,+1.34375000000E+00,+1.32603641413E+00
+70.47500E-06,+1.34283918515E+00,+1.36187186188E+00,+1.33369974882E+00,+1.34613691643E+00
+70.50000E-06,+1.34283918515E+00,+1.34679648516E+00,+1.32867462325E+00,+1.32603641413E+00
+70.52500E-06,+1.34283918518E+00,+1.37192211297E+00,+1.32364949773E+00,+1.32603641416E+00
+70.55000E-06,+1.34283918515E+00,+1.37192211300E+00,+1.35380025121E+00,+1.33608666522E+00
+70.57500E-06,+1.33278893403E+00,+1.36187186182E+00,+1.35380025112E+00,+1.32603641413E+00
