x-axis,1,2,3,4
second,Volt,Volt,Volt,Volt
+71.52000E-06,+1.05973609898E+00,+1.03109294909E+00,+163.88190538E-03,+15.45222470E-03
+71.54500E-06,+1.31099237769E+00,+1.29114319757E+00,+119.28391590E-03,+4.77383286E-03
+71.57000E-06,+1.28084162425E+00,+1.29114319757E+00,+143.78140308E-03,+43.71855606E-03
+71.59500E-06,+1.40018835664E+00,+1.37154520676E+00,+112.37436824E-03,+4.77383286E-03
+71.62000E-06,+1.27958534285E+00,+1.32883163937E+00,+244.28391457E-03,+24.87433515E-03
+71.64500E-06,+1.38636926131E+00,+1.38033917651E+00,+163.88190538E-03,+9.17081774E-03
+71.67000E-06,+1.31853006606E+00,+1.29114319757E+00,+204.71105067E-03,+44.97483745E-03
+71.69500E-06,+1.41149488918E+00,+1.36023867421E+00,+218.53014600E-03,+24.87433515E-03
+71.72000E-06,+1.31978634745E+00,+1.31249998126E+00,+194.66079952E-03,+35.55272700E-03
+71.74500E-06,+1.05596725480E+00,+1.09893214435E+00,+235.48994481E-03,+65.07533975E-03
+71.77000E-06,+1.07732403849E+00,+1.08762561181E+00,+183.98240767E-03,+44.34669676E-03
+71.79500E-06,+986.87177815E-03,+969.53516081E-03,+178.32914140E-03,+24.87433515E-03
+71.82000E-06,+1.05722353619E+00,+1.00973616540E+00,+113.00250894E-03,-26.00506129E-03
+71.84500E-06,+949.18333634E-03,+1.00094219565E+00,+183.98240767E-03,+20.47735028E-03
+71.87000E-06,+1.03837931529E+00,+1.04993717000E+00,+163.25376468E-03,+4.77383286E-03
+71.89500E-06,+957.97730610E-03,+987.12310032E-03,+178.32914140E-03,+10.42709913E-03
+71.92000E-06,+1.03837931529E+00,+1.06878139090E+00,+173.30401583E-03,-4.64827759E-03
+71.94500E-06,+1.23938433826E+00,+1.25094219297E+00,+107.97738336E-03,+376.84798E-06
+71.97000E-06,+1.28084162425E+00,+1.33134420216E+00,+165.13818677E-03,+4.14569216E-03
+71.99500E-06,+1.38888182410E+00,+1.37154520676E+00,+163.88190538E-03,-879.43341E-06
+72.02000E-06,+1.29842956376E+00,+1.35018842306E+00,+245.54019596E-03,+44.97483745E-03
+72.04500E-06,+1.40018835664E+00,+1.34013817192E+00,+163.88190538E-03,+9.17081773E-03
+72.07000E-06,+1.31978634745E+00,+1.29114319757E+00,+164.51004607E-03,+5.40197355E-03
+72.09500E-06,+1.35998735204E+00,+1.37154520676E+00,+183.98240767E-03,+24.87433515E-03
+72.12000E-06,+1.30094212655E+00,+1.33385676495E+00,+183.98240767E-03,+34.29644561E-03
+72.14500E-06,+1.06978635013E+00,+1.09893214435E+00,+259.98743199E-03,+65.07533975E-03
+72.17000E-06,+1.07732403849E+00,+1.08888189320E+00,+202.82662858E-03,+44.34669676E-03
+72.19500E-06,+998.17831069E-03,+1.00973616540E+00,+183.98240767E-03,-15.32666944E-03
+72.22000E-06,+1.05973609898E+00,+1.04993717000E+00,+122.42461939E-03,-35.42717174E-03
+72.24500E-06,+935.36424101E-03,+969.53516081E-03,+183.98240767E-03,+4.77383286E-03
+72.27000E-06,+1.11752504308E+00,+1.04868088860E+00,+144.40954378E-03,+24.24619446E-03
+72.29500E-06,+969.28383864E-03,+998.42963286E-03,+163.88190538E-03,+10.42709913E-03
+72.32000E-06,+1.05722353619E+00,+1.00973616540E+00,+163.88190538E-03,-5.90455899E-03
+72.34500E-06,+1.23938433826E+00,+1.26853013248E+00,+123.68090078E-03,+24.87433515E-03
+72.37000E-06,+1.27958534285E+00,+1.29114319757E+00,+144.40954378E-03,+4.14569216E-03
+72.39500E-06,+1.35998735204E+00,+1.38285173930E+00,+123.68090078E-03,-9.67340317E-03
+72.42000E-06,+1.31978634745E+00,+1.30998741847E+00,+253.70602502E-03,+46.23111885E-03
+72.44500E-06,+1.41777629615E+00,+1.37154520676E+00,+172.67587513E-03,+9.17081773E-03
+72.47000E-06,+1.31978634745E+00,+1.33134420216E+00,+185.23868907E-03,+5.40197355E-03
+72.49500E-06,+1.37129388459E+00,+1.33134420216E+00,+204.08290997E-03,-879.43341E-06
+72.52000E-06,+1.35998735204E+00,+1.29114319757E+00,+182.72612628E-03,+14.19594331E-03
+72.54500E-06,+1.11878132448E+00,+1.09893214435E+00,+271.29396453E-03,+60.67835487E-03
+72.57000E-06,+1.07858031988E+00,+1.04993717000E+00,+203.45476927E-03,+44.97483745E-03
+72.59500E-06,+957.97730610E-03,+940.64068876E-03,+212.87687973E-03,-4.02013690E-03
+72.62000E-06,+1.03837931529E+00,+990.89194450E-03,+134.35929263E-03,-26.00506129E-03
+72.64500E-06,+917.77630150E-03,+969.53516081E-03,+179.58542280E-03,+24.87433515E-03
+72.67000E-06,+1.00069087348E+00,+1.08888189320E+00,+142.52512169E-03,+24.87433515E-03
+72.69500E-06,+986.87177815E-03,+980.84169335E-03,+123.68090078E-03,+4.77383286E-03
+72.72000E-06,+1.05722353619E+00,+1.02858038631E+00,+163.88190538E-03,+24.87433515E-03
+72.74500E-06,+1.27079137310E+00,+1.25973616273E+00,+107.97738336E-03,+13.56780261E-03
+72.77000E-06,+1.24064061965E+00,+1.29239947896E+00,+183.35426698E-03,+4.14569216E-03
+72.79500E-06,+1.35998735204E+00,+1.34265073470E+00,+138.12813681E-03,-6.53269969E-03
+72.82000E-06,+1.27958534285E+00,+1.33134420216E+00,+253.70602502E-03,+46.23111885E-03
+72.84500E-06,+1.40018835664E+00,+1.36275123700E+00,+143.78140308E-03,+24.87433515E-03
+72.87000E-06,+1.24189690105E+00,+1.29239947896E+00,+203.45476927E-03,+24.87433515E-03
+72.89500E-06,+1.34239941254E+00,+1.36023867421E+00,+183.98240767E-03,+33.66830491E-03
+72.92000E-06,+1.27958534285E+00,+1.33134420216E+00,+173.30401583E-03,+35.55272700E-03
+72.94500E-06,+1.08737428964E+00,+1.05873113975E+00,+248.68089944E-03,+65.07533975E-03
+72.97000E-06,+1.11626876169E+00,+1.04993717000E+00,+222.92713087E-03,+26.75875725E-03
+72.99500E-06,+1.00948484324E+00,+1.06124370254E+00,+212.87687973E-03,-41.08043801E-03
+73.02000E-06,+1.08109288267E+00,+1.10898239550E+00,+366.14320974E-03,+168.09041403E-03
+73.04500E-06,+1.12757529423E+00,+1.05873113975E+00,+148.17838796E-03,+13.56780261E-03
+73.07000E-06,+916.52002011E-03,+930.59043761E-03,+203.45476927E-03,+4.77383286E-03
+73.09500E-06,+1.15898232907E+00,+1.09013817459E+00,+163.88190538E-03,+44.97483745E-03
+73.12000E-06,+917.77630150E-03,+969.53516081E-03,+182.72612628E-03,+26.13061655E-03
+73.14500E-06,+1.31978634745E+00,+1.29114319757E+00,+123.68090078E-03,+16.08036540E-03
+73.17000E-06,+1.23938433826E+00,+1.29114319757E+00,+144.40954378E-03,+4.77383286E-03
+73.19500E-06,+1.37129388459E+00,+1.38285173930E+00,+118.02763451E-03,-55.52767403E-03
+73.22000E-06,+1.29842956376E+00,+1.39290199045E+00,+264.38441686E-03,+74.49745020E-03
+73.24500E-06,+1.44038936123E+00,+1.38033917651E+00,+179.58542280E-03,-15.32666944E-03
+73.27000E-06,+1.31853006605E+00,+1.29114319757E+00,+222.92713087E-03,+24.24619446E-03
+73.29500E-06,+1.38260041713E+00,+1.37154520676E+00,+189.63567395E-03,+4.77383286E-03
+73.32000E-06,+1.34114313114E+00,+1.30998741847E+00,+173.30401583E-03,+24.87433515E-03
+73.34500E-06,+1.11878132448E+00,+1.09893214435E+00,+264.38441686E-03,+60.67835487E-03
+73.37000E-06,+1.11752504308E+00,+1.04993717000E+00,+183.98240767E-03,+64.44719905E-03
+73.39500E-06,+929.08283405E-03,+998.42963286E-03,+204.08290997E-03,-15.32666944E-03
+73.42000E-06,+1.05973609898E+00,+1.00973616540E+00,+83.47989619E-03,-55.52767403E-03
+73.44500E-06,+886.36926666E-03,+969.53516081E-03,+183.98240767E-03,-10.92968456E-03
+73.47000E-06,+1.07983660128E+00,+1.09013817459E+00,+162.62562398E-03,+4.77383286E-03
+73.49500E-06,+957.97730610E-03,+969.53516081E-03,+158.22863910E-03,-24.12063919E-03
+73.52000E-06,+1.07858031988E+00,+1.04993717000E+00,+133.10301123E-03,-5.90455899E-03
+73.54500E-06,+1.27079137310E+00,+1.25094219297E+00,+107.97738336E-03,+4.77383286E-03
+73.57000E-06,+1.31978634745E+00,+1.29239947896E+00,+163.25376468E-03,-34.17089034E-03
+73.59500E-06,+1.38888182409E+00,+1.34265073471E+00,+103.58039849E-03,-20.97993571E-03
+73.62000E-06,+1.29842956376E+00,+1.37154520676E+00,+285.74120056E-03,+55.65322930E-03
+73.64500E-06,+1.43159539148E+00,+1.37154520676E+00,+143.78140308E-03,+20.47735028E-03
+73.67000E-06,+1.23938433826E+00,+1.25219847437E+00,+204.08290997E-03,+24.87433515E-03
+73.69500E-06,+1.40018835664E+00,+1.40043967881E+00,+189.63567395E-03,+44.97483745E-03
+73.72000E-06,+1.25822855916E+00,+1.31249998126E+00,+193.40451812E-03,+34.29644561E-03
+73.74500E-06,+1.08737428963E+00,+1.14792711869E+00,+259.98743199E-03,+60.67835487E-03
+73.77000E-06,+1.07732403849E+00,+1.04993717000E+00,+183.98240767E-03,+44.97483745E-03
+73.79500E-06,+957.97730610E-03,+998.42963286E-03,+198.42964370E-03,-26.63320198E-03
+73.82000E-06,+1.05973609898E+00,+1.00973616540E+00,+91.64572524E-03,-76.88445773E-03
+73.84500E-06,+908.98233175E-03,+969.53516081E-03,+188.37939255E-03,+376.84798E-06
+73.87000E-06,+1.15772604767E+00,+1.09013817459E+00,+163.25376468E-03,+24.24619446E-03
+73.89500E-06,+946.67077355E-03,+940.64068876E-03,+149.43466935E-03,-15.32666944E-03
+73.92000E-06,+1.03837931529E+00,+1.05244973279E+00,+133.10301123E-03,+4.77383286E-03
+73.94500E-06,+1.23059036851E+00,+1.24214822322E+00,+123.68090078E-03,+4.77383286E-03
+73.97000E-06,+1.28084162425E+00,+1.29114319757E+00,+163.88190538E-03,+4.77383286E-03
+73.99500E-06,+1.38888182409E+00,+1.34265073471E+00,+123.68090078E-03,-29.77390546E-03
+74.02000E-06,+1.27958534285E+00,+1.37154520676E+00,+293.90702961E-03,+66.33162115E-03
+74.04500E-06,+1.44918333098E+00,+1.41174621135E+00,+179.58542280E-03,-2.13571481E-03
+74.07000E-06,+1.28084162425E+00,+1.28988691617E+00,+223.55527157E-03,+4.77383286E-03
+74.09500E-06,+1.40018835664E+00,+1.36023867421E+00,+198.42964370E-03,+24.87433515E-03
+74.12000E-06,+1.30094212655E+00,+1.31249998126E+00,+204.08290997E-03,+23.61805376E-03
+74.14500E-06,+1.11878132448E+00,+1.13033917919E+00,+259.98743199E-03,+60.67835487E-03
+74.17000E-06,+1.07983660128E+00,+1.00973616540E+00,+203.45476927E-03,+64.44719905E-03
+74.19500E-06,+957.97730610E-03,+980.84169335E-03,+204.08290997E-03,-15.32666944E-03
+74.22000E-06,+1.01953509439E+00,+969.53516081E-03,+63.37939389E-03,-56.78395543E-03
+74.24500E-06,+926.57027126E-03,+1.00094219565E+00,+148.17838796E-03,+7.28639565E-03
+74.27000E-06,+1.07983660128E+00,+1.08888189320E+00,+143.15326238E-03,+25.50247585E-03
+74.29500E-06,+929.08283405E-03,+969.53516081E-03,+163.88190538E-03,-9.67340317E-03
+74.32000E-06,+1.07858031988E+00,+1.03109294910E+00,+163.88190538E-03,+4.77383286E-03
+74.34500E-06,+1.23938433826E+00,+1.24214822322E+00,+112.37436824E-03,+20.47735028E-03
+74.37000E-06,+1.31978634745E+00,+1.29114319757E+00,+145.03768448E-03,-15.32666944E-03
+74.39500E-06,+1.38888182409E+00,+1.33134420216E+00,+109.23366476E-03,-41.08043801E-03
+74.42000E-06,+1.25822855916E+00,+1.35270098585E+00,+305.84170285E-03,+44.97483745E-03
+74.44500E-06,+1.44038936123E+00,+1.38033917651E+00,+168.27889025E-03,+24.87433515E-03
+74.47000E-06,+1.20169589646E+00,+1.25094219297E+00,+244.28391457E-03,+24.24619446E-03
+74.49500E-06,+1.40018835664E+00,+1.37154520676E+00,+189.63567395E-03,+39.32157118E-03
+74.52000E-06,+1.30094212655E+00,+1.31249998126E+00,+193.40451812E-03,+34.29644561E-03
+74.54500E-06,+1.11878132448E+00,+1.13033917919E+00,+264.38441686E-03,+60.67835487E-03
+74.57000E-06,+1.07732403848E+00,+1.04993717000E+00,+204.08290997E-03,+25.50247585E-03
+74.59500E-06,+1.02707278274E+00,+1.00973616540E+00,+209.73617624E-03,-879.43342E-06
+74.62000E-06,+1.07858031988E+00,+1.01224872820E+00,+102.32411709E-03,-56.78395543E-03
+74.64500E-06,+926.57027125E-03,+960.74119106E-03,+199.68592510E-03,+11.68338053E-03
+74.67000E-06,+1.15772604767E+00,+1.09013817459E+00,+144.40954378E-03,+4.14569216E-03
+74.69500E-06,+917.77630150E-03,+969.53516081E-03,+172.67587513E-03,-29.77390546E-03
+74.72000E-06,+1.09993710358E+00,+1.04993717000E+00,+154.45979493E-03,-15.32666944E-03
+74.74500E-06,+1.23059036851E+00,+1.24214822322E+00,+123.68090078E-03,+376.84798E-06
+74.77000E-06,+1.28084162425E+00,+1.29239947896E+00,+163.88190538E-03,+4.77383286E-03
+74.79500E-06,+1.33109287999E+00,+1.33134420216E+00,+118.02763451E-03,-29.77390546E-03
+74.82000E-06,+1.27958534285E+00,+1.37154520676E+00,+284.48491916E-03,+56.90951070E-03
+74.84500E-06,+1.44038936123E+00,+1.41174621135E+00,+148.17838796E-03,+44.97483745E-03
+74.87000E-06,+1.23938433826E+00,+1.32883163937E+00,+202.82662857E-03,+44.34669675E-03
+74.89500E-06,+1.40018835664E+00,+1.38285173930E+00,+183.98240767E-03,+19.22106888E-03
+74.92000E-06,+1.27958534285E+00,+1.29114319757E+00,+193.40451812E-03,+24.87433515E-03
+74.94500E-06,+1.11878132448E+00,+1.13913314894E+00,+244.28391457E-03,+80.77885717E-03
+74.97000E-06,+1.07732403848E+00,+1.04993717000E+00,+204.08290997E-03,+45.60297815E-03
+74.99500E-06,+969.28383864E-03,+1.00973616540E+00,+198.42964370E-03,+4.77383286E-03
+75.02000E-06,+1.05973609898E+00,+1.00973616540E+00,+204.08290997E-03,+125.37684664E-03
+75.04500E-06,+886.36926666E-03,+969.53516081E-03,+103.58039849E-03,-75.62817633E-03
+75.07000E-06,+1.11878132448E+00,+1.05119345140E+00,+163.25376468E-03,+83.91956065E-03
+75.09500E-06,+986.87177815E-03,+1.03863063745E+00,+192.77637743E-03,-9.67340317E-03
+75.12000E-06,+998.17831069E-03,+1.00973616540E+00,+154.45979493E-03,+34.29644560E-03
+75.14500E-06,+1.27079137310E+00,+1.29114319757E+00,+143.78140308E-03,-31.03018686E-03
+75.17000E-06,+1.24064061966E+00,+1.29239947896E+00,+144.40954378E-03,-14.69852874E-03
+75.19500E-06,+1.38888182409E+00,+1.34265073471E+00,+123.68090078E-03,-49.87440776E-03
+75.22000E-06,+1.31978634745E+00,+1.37154520676E+00,+275.06280871E-03,+35.55272700E-03
+75.24500E-06,+1.44038936123E+00,+1.44315324619E+00,+183.98240767E-03,+13.56780261E-03
+75.27000E-06,+1.24064061966E+00,+1.25219847437E+00,+204.71105067E-03,-14.07038804E-03
+75.29500E-06,+1.35998735204E+00,+1.37154520676E+00,+209.73617624E-03,+33.66830491E-03
+75.32000E-06,+1.25822855916E+00,+1.33134420216E+00,+204.08290997E-03,+24.87433515E-03
+75.34500E-06,+1.12757529423E+00,+1.10772611410E+00,+239.88692969E-03,+56.28137000E-03
+75.37000E-06,+1.07732403848E+00,+1.04993717000E+00,+204.08290997E-03,+44.34669675E-03
+75.39500E-06,+946.67077355E-03,+958.22862826E-03,+183.98240767E-03,-12.18596596E-03
+75.42000E-06,+1.05973609898E+00,+969.53516081E-03,+62.12311249E-03,-44.84928219E-03
+75.44500E-06,+886.36926666E-03,+960.74119106E-03,+215.38944252E-03,+24.87433515E-03
+75.47000E-06,+1.03963559668E+00,+1.04993717000E+00,+163.88190538E-03,+24.24619446E-03
+75.49500E-06,+957.97730610E-03,+969.53516081E-03,+143.78140308E-03,-879.43342E-06
+75.52000E-06,+1.09993710358E+00,+1.04993717000E+00,+143.78140308E-03,+4.77383286E-03
+75.54500E-06,+1.19918333367E+00,+1.24214822322E+00,+123.68090078E-03,+4.77383286E-03
+75.57000E-06,+1.27832906146E+00,+1.29239947896E+00,+145.03768448E-03,+4.77383286E-03
+75.59500E-06,+1.37129388459E+00,+1.36023867421E+00,+123.68090078E-03,-20.97993571E-03
+75.62000E-06,+1.30094212655E+00,+1.37154520676E+00,+254.96230641E-03,+46.23111885E-03
+75.64500E-06,+1.44918333098E+00,+1.41174621135E+00,+148.17838795E-03,+33.66830491E-03
+75.67000E-06,+1.23938433826E+00,+1.25094219297E+00,+184.61054837E-03,+24.87433515E-03
+75.69500E-06,+1.38260041714E+00,+1.37154520676E+00,+218.53014600E-03,+44.97483745E-03
+75.72000E-06,+1.29842956375E+00,+1.29365576036E+00,+205.33919137E-03,+44.97483745E-03
+75.74500E-06,+1.12757529423E+00,+1.09893214434E+00,+255.59044711E-03,+80.77885717E-03
+75.77000E-06,+1.07983660128E+00,+1.04868088860E+00,+184.61054837E-03,+64.44719905E-03
+75.79500E-06,+986.87177815E-03,+998.42963286E-03,+175.18843792E-03,-9.67340317E-03
+75.82000E-06,+1.01953509439E+00,+988.37938171E-03,+204.08290997E-03,+105.27634434E-03
+75.84500E-06,+957.97730610E-03,+960.74119106E-03,+87.87688106E-03,-91.33169375E-03
+75.87000E-06,+1.07858031988E+00,+1.08888189319E+00,+164.51004608E-03,+103.39192225E-03
+75.89500E-06,+975.56524560E-03,+1.03863063745E+00,+178.32914140E-03,-20.97993571E-03
+75.92000E-06,+1.01953509439E+00,+1.03109294910E+00,+143.78140308E-03,-4.64827759E-03
+75.94500E-06,+1.27958534285E+00,+1.29114319757E+00,+143.78140308E-03,-31.03018686E-03
+75.97000E-06,+1.27958534285E+00,+1.29239947896E+00,+163.88190538E-03,+4.77383286E-03
+75.99500E-06,+1.44038936123E+00,+1.33134420216E+00,+94.78642874E-03,-35.42717174E-03
+76.02000E-06,+1.29842956375E+00,+1.35018842306E+00,+266.89697966E-03,+75.75373160E-03
+76.04500E-06,+1.44038936123E+00,+1.37154520676E+00,+148.17838795E-03,+29.27132003E-03
+76.07000E-06,+1.24189690106E+00,+1.25219847437E+00,+184.61054837E-03,+26.13061655E-03
+76.09500E-06,+1.37129388459E+00,+1.38913314626E+00,+175.18843792E-03,+59.42207348E-03
+76.12000E-06,+1.30094212655E+00,+1.29114319757E+00,+173.30401583E-03,+35.55272700E-03
+76.14500E-06,+1.07858031988E+00,+1.09013817459E+00,+259.98743199E-03,+44.97483745E-03
+76.17000E-06,+1.03963559669E+00,+1.04993717000E+00,+203.45476927E-03,+44.97483745E-03
+76.19500E-06,+957.97730610E-03,+958.22862826E-03,+192.77637742E-03,-29.77390546E-03
+76.22000E-06,+1.01953509439E+00,+1.00973616540E+00,+52.70100204E-03,-64.94978448E-03
+76.24500E-06,+949.18333635E-03,+960.74119106E-03,+183.98240767E-03,+20.47735028E-03
+76.27000E-06,+1.15646976627E+00,+1.08888189319E+00,+143.78140308E-03,+4.14569216E-03
+76.29500E-06,+957.97730610E-03,+998.42963286E-03,+143.78140308E-03,-9.67340317E-03
+76.32000E-06,+1.07858031988E+00,+1.07129395370E+00,+163.88190538E-03,+15.45222471E-03
+76.34500E-06,+1.23059036851E+00,+1.25094219297E+00,+107.97738336E-03,+9.17081773E-03
+76.37000E-06,+1.27958534285E+00,+1.29114319757E+00,+145.03768448E-03,+5.40197356E-03
+76.39500E-06,+1.35998735204E+00,+1.34265073471E+00,+118.02763451E-03,-35.42717174E-03
+76.42000E-06,+1.31978634745E+00,+1.37154520676E+00,+253.70602502E-03,+55.65322930E-03
+76.44500E-06,+1.40018835664E+00,+1.38913314625E+00,+163.88190538E-03,+29.27132003E-03
+76.47000E-06,+1.27832906145E+00,+1.25219847437E+00,+204.08290997E-03,+24.87433515E-03
+76.49500E-06,+1.38260041714E+00,+1.38285173930E+00,+183.98240767E-03,+39.32157118E-03
+76.52000E-06,+1.27958534285E+00,+1.31249998126E+00,+204.08290997E-03,+24.87433515E-03
+76.54500E-06,+1.11878132448E+00,+1.13913314894E+00,+259.98743199E-03,+65.07533975E-03
+76.57000E-06,+1.07858031988E+00,+1.04993717000E+00,+203.45476927E-03,+64.44719905E-03
+76.59500E-06,+998.17831069E-03,+980.84169336E-03,+204.08290997E-03,-9.67340317E-03
+76.62000E-06,+1.05722353618E+00,+1.00722360261E+00,+204.08290997E-03,+114.69845479E-03
+76.64500E-06,+886.36926666E-03,+938.12812596E-03,+123.68090078E-03,-84.42214608E-03
+76.67000E-06,+1.11878132448E+00,+1.09013817459E+00,+163.88190538E-03,+44.97483745E-03
+76.69500E-06,+975.56524560E-03,+1.02732410490E+00,+149.43466935E-03,-49.87440776E-03
+76.72000E-06,+1.03837931529E+00,+990.89194451E-03,+143.78140308E-03,+34.29644560E-03
+76.74500E-06,+1.27958534285E+00,+1.32255023241E+00,+123.68090078E-03,-19.72365431E-03
+76.77000E-06,+1.27958534285E+00,+1.29239947897E+00,+183.35426697E-03,+4.14569216E-03
+76.79500E-06,+1.42908282868E+00,+1.34265073471E+00,+129.33416706E-03,-41.08043801E-03
+76.82000E-06,+1.29842956375E+00,+1.33134420216E+00,+284.48491916E-03,+44.97483745E-03
+76.84500E-06,+1.40898232639E+00,+1.41174621135E+00,+179.58542280E-03,+9.17081773E-03
+76.87000E-06,+1.20295217786E+00,+1.21325375118E+00,+204.08290997E-03,+24.87433515E-03
+76.89500E-06,+1.37129388459E+00,+1.40043967880E+00,+160.74120190E-03,+44.97483745E-03
+76.92000E-06,+1.30094212655E+00,+1.31249998126E+00,+193.40451812E-03,+35.55272700E-03
+76.94500E-06,+1.05596725478E+00,+1.13033917919E+00,+264.38441686E-03,+69.47232462E-03
+76.97000E-06,+1.11752504308E+00,+1.04993717000E+00,+222.92713087E-03,+26.13061655E-03
+76.99500E-06,+986.87177814E-03,+969.53516081E-03,+189.63567395E-03,-29.77390546E-03
+77.02000E-06,+1.05973609898E+00,+990.89194451E-03,+72.80150434E-03,-64.94978448E-03
+77.04500E-06,+949.18333635E-03,+938.12812596E-03,+215.38944252E-03,+31.78388283E-03
+77.07000E-06,+1.07983660128E+00,+1.09013817459E+00,+143.15326238E-03,-14.69852874E-03
+77.09500E-06,+946.67077355E-03,+969.53516081E-03,+149.43466935E-03,+4.77383286E-03
+77.12000E-06,+1.07858031988E+00,+1.04993717000E+00,+143.78140308E-03,-15.32666944E-03
+77.14500E-06,+1.23059036851E+00,+1.21074118838E+00,+107.97738336E-03,+9.17081773E-03
+77.17000E-06,+1.31853006605E+00,+1.33008792076E+00,+144.40954378E-03,+4.77383286E-03
+77.19500E-06,+1.33109288000E+00,+1.33134420216E+00,+118.02763451E-03,-879.43342E-06
+77.22000E-06,+1.27958534285E+00,+1.39038942765E+00,+253.70602501E-03,+75.75373160E-03
+77.24500E-06,+1.44918333098E+00,+1.41174621135E+00,+123.68090078E-03,+17.96478748E-03
+77.27000E-06,+1.27832906145E+00,+1.28988691617E+00,+185.23868907E-03,+45.60297815E-03
+77.29500E-06,+1.37129388459E+00,+1.36023867421E+00,+163.88190538E-03,+65.07533975E-03
+77.32000E-06,+1.27958534285E+00,+1.29114319757E+00,+174.56029723E-03,+55.65322930E-03
+77.34500E-06,+1.11878132448E+00,+1.13033917919E+00,+235.48994482E-03,+69.47232462E-03
+77.37000E-06,+1.07732403848E+00,+1.04993717000E+00,+182.72612627E-03,+84.54770135E-03
+77.39500E-06,+986.87177814E-03,+1.00973616540E+00,+198.42964370E-03,+10.42709913E-03
+77.42000E-06,+1.03586675249E+00,+1.02858038630E+00,+182.72612627E-03,+94.59795250E-03
+77.44500E-06,+917.77630150E-03,+929.33415622E-03,+92.27386594E-03,-75.62817633E-03
+77.47000E-06,+1.04089187809E+00,+1.05119345140E+00,+163.25376468E-03,+44.97483745E-03
+77.49500E-06,+964.25871305E-03,+980.84169336E-03,+163.88190538E-03,-35.42717174E-03
+77.52000E-06,+1.03837931529E+00,+1.02858038630E+00,+154.45979493E-03,-5.90455899E-03
+77.54500E-06,+1.27079137311E+00,+1.28234922782E+00,+143.78140308E-03,-15.32666944E-03
+77.57000E-06,+1.27958534285E+00,+1.29239947897E+00,+183.35426697E-03,+4.14569216E-03
+77.59500E-06,+1.41777629613E+00,+1.34265073471E+00,+109.23366476E-03,-26.63320199E-03
+77.62000E-06,+1.27958534285E+00,+1.39038942765E+00,+254.96230641E-03,+46.23111885E-03
+77.64500E-06,+1.43159539148E+00,+1.38913314625E+00,+148.17838795E-03,+29.27132003E-03
+77.67000E-06,+1.20169589647E+00,+1.25094219297E+00,+203.45476927E-03,-14.07038804E-03
+77.69500E-06,+1.44038936123E+00,+1.37154520676E+00,+169.53517165E-03,+50.62810373E-03
+77.72000E-06,+1.27958534285E+00,+1.31249998126E+00,+173.30401583E-03,+34.29644560E-03
+77.74500E-06,+1.07858031988E+00,+1.05873113975E+00,+224.18341227E-03,+44.97483745E-03
+77.77000E-06,+1.11501248027E+00,+1.04993717000E+00,+222.92713087E-03,+65.07533975E-03
+77.79500E-06,+906.46976895E-03,+980.84169336E-03,+183.98240767E-03,-879.43342E-06
+77.82000E-06,+1.07858031988E+00,+1.03109294910E+00,+83.47989619E-03,-66.20606588E-03
+77.84500E-06,+908.98233176E-03,+929.33415622E-03,+224.18341227E-03,+24.87433515E-03
+77.87000E-06,+1.15646976627E+00,+1.09013817459E+00,+143.78140308E-03,+24.24619445E-03
+77.89500E-06,+1.00948484324E+00,+998.42963285E-03,+143.78140308E-03,-9.67340316E-03
+77.92000E-06,+1.07858031988E+00,+1.03109294910E+00,+153.20351353E-03,+4.77383286E-03
+77.94500E-06,+957.97730610E-03,+1.25094219297E+00,+119.28391591E-03,+40.57785258E-03
+77.97000E-06,+1.03712303389E+00,+1.29114319757E+00,+164.51004608E-03,+4.77383286E-03
+77.99500E-06,+1.03837931529E+00,+1.38913314625E+00,+169.53517165E-03,+50.62810373E-03
+78.02000E-06,+995.66574789E-03,+1.33134420216E+00,+194.66079952E-03,+4.77383286E-03
+78.04500E-06,+1.03837931529E+00,+1.36275123701E+00,+199.68592510E-03,+33.66830490E-03
+78.07000E-06,+1.03712303389E+00,+1.33008792076E+00,+204.08290997E-03,+24.87433515E-03
+78.09500E-06,+980.59037120E-03,+1.33134420216E+00,+169.53517165E-03,+10.42709913E-03
+78.12000E-06,+998.17831069E-03,+1.31249998126E+00,+183.98240767E-03,+14.19594331E-03
+78.14500E-06,+998.17831069E-03,+1.05873113975E+00,+215.38944252E-03,+40.57785258E-03
+78.17000E-06,+1.03837931529E+00,+1.08888189319E+00,+204.08290997E-03,+63.19091765E-03
+78.19500E-06,+998.17831069E-03,+998.42963285E-03,+169.53517165E-03,-879.43342E-06
+78.22000E-06,+1.01702253159E+00,+1.04993717000E+00,+163.88190538E-03,+34.29644560E-03
+78.24500E-06,+1.00697228044E+00,+1.00973616540E+00,+148.17838795E-03,+9.17081773E-03
+78.27000E-06,+998.17831069E-03,+1.00973616540E+00,+143.78140308E-03,+6.03011426E-03
+78.29500E-06,+1.02707278274E+00,+1.04993717000E+00,+152.57537283E-03,+24.87433515E-03
+78.32000E-06,+1.03837931529E+00,+1.00973616540E+00,+153.20351353E-03,+24.87433515E-03
+78.34500E-06,+1.27079137311E+00,+1.25094219297E+00,+112.37436823E-03,+20.47735028E-03
+78.37000E-06,+1.27958534285E+00,+1.29114319757E+00,+183.35426697E-03,+4.77383286E-03
+78.39500E-06,+1.40018835664E+00,+1.34265073471E+00,+143.78140308E-03,-15.32666944E-03
+78.42000E-06,+1.30094212655E+00,+1.36903264395E+00,+254.96230642E-03,+65.07533975E-03
+78.44500E-06,+1.40898232638E+00,+1.34013817191E+00,+163.88190538E-03,+29.27132003E-03
+78.47000E-06,+1.20295217787E+00,+1.25094219297E+00,+204.08290997E-03,+5.40197356E-03
+78.49500E-06,+1.35998735204E+00,+1.37154520676E+00,+183.98240767E-03,+24.87433515E-03
+78.52000E-06,+1.30094212655E+00,+1.29114319757E+00,+173.30401582E-03,+35.55272700E-03
+78.54500E-06,+1.08737428963E+00,+1.09893214434E+00,+264.38441686E-03,+56.28137000E-03
+78.57000E-06,+1.07858031988E+00,+1.04993717000E+00,+183.98240767E-03,+44.97483745E-03
+78.59500E-06,+986.87177814E-03,+969.53516081E-03,+189.63567395E-03,+13.56780260E-03
+78.62000E-06,+1.06224866179E+00,+990.89194451E-03,+83.47989619E-03,-46.10556359E-03
+78.64500E-06,+895.16323640E-03,+1.00094219566E+00,+179.58542280E-03,+16.08036541E-03
+78.67000E-06,+1.15772604767E+00,+1.09139445600E+00,+124.30904148E-03,+44.97483745E-03
+78.69500E-06,+986.87177814E-03,+958.22862826E-03,+129.33416706E-03,-9.67340316E-03
+78.72000E-06,+1.07858031988E+00,+1.04993717000E+00,+143.78140308E-03,+14.19594331E-03
+78.74500E-06,+1.00697228044E+00,+1.24214822323E+00,+143.78140308E-03,+4.77383286E-03
+78.77000E-06,+999.43459209E-03,+1.29114319757E+00,+124.30904148E-03,+24.87433515E-03
+78.79500E-06,+1.02707278274E+00,+1.37154520676E+00,+183.98240767E-03,+44.97483745E-03
+78.82000E-06,+976.82152699E-03,+1.33134420216E+00,+213.50502042E-03,+4.77383286E-03
+78.84500E-06,+1.03837931529E+00,+1.34013817191E+00,+204.08290997E-03,+29.27132003E-03
+78.87000E-06,+998.17831069E-03,+1.37154520676E+00,+204.08290997E-03,-14.69852874E-03
+78.89500E-06,+1.03837931529E+00,+1.36023867420E+00,+204.08290997E-03,+4.77383286E-03
+78.92000E-06,+1.03586675248E+00,+1.33134420216E+00,+194.66079952E-03,-4.64827759E-03
+78.94500E-06,+1.06099238039E+00,+1.06752510949E+00,+204.08290997E-03,+29.27132003E-03
+78.97000E-06,+1.03712303388E+00,+1.04868088860E+00,+204.08290997E-03,+4.77383286E-03
+78.99500E-06,+957.97730610E-03,+1.00973616540E+00,+183.98240767E-03,+4.77383286E-03
+79.02000E-06,+998.17831069E-03,+1.03109294910E+00,+165.13818678E-03,+24.87433515E-03
+79.04500E-06,+998.17831069E-03,+1.00973616540E+00,+148.17838795E-03,+9.17081773E-03
+79.07000E-06,+959.23358750E-03,+972.04772361E-03,+182.72612627E-03,+4.14569216E-03
+79.09500E-06,+986.87177814E-03,+1.00973616540E+00,+178.32914140E-03,+10.42709913E-03
+79.12000E-06,+998.17831069E-03,+1.00973616540E+00,+173.30401582E-03,-5.90455899E-03
+79.14500E-06,+1.27958534285E+00,+1.28234922782E+00,+143.78140308E-03,+4.77383286E-03
+79.17000E-06,+1.27958534285E+00,+1.33134420216E+00,+163.88190538E-03,-15.95481014E-03
+79.19500E-06,+1.37129388459E+00,+1.34265073471E+00,+123.68090078E-03,-55.52767403E-03
+79.22000E-06,+1.34114313115E+00,+1.37154520676E+00,+273.80652731E-03,+55.65322930E-03
+79.24500E-06,+1.43159539149E+00,+1.33134420216E+00,+156.97235770E-03,+4.77383286E-03
+79.27000E-06,+1.24189690106E+00,+1.25219847437E+00,+204.08290997E-03,-14.07038804E-03
+79.29500E-06,+1.38888182409E+00,+1.37154520676E+00,+204.08290997E-03,+33.66830490E-03
+79.32000E-06,+1.27958534285E+00,+1.33134420216E+00,+182.72612627E-03,+14.19594330E-03
+79.34500E-06,+1.08737428963E+00,+1.13033917919E+00,+284.48491916E-03,+44.97483745E-03
+79.37000E-06,+1.03712303388E+00,+1.04993717000E+00,+203.45476927E-03,+44.34669675E-03
+79.39500E-06,+998.17831069E-03,+1.00973616540E+00,+232.97738201E-03,-15.32666944E-03
+79.42000E-06,+1.05973609899E+00,+988.37938170E-03,+91.64572523E-03,-46.10556359E-03
+79.44500E-06,+917.77630150E-03,+992.14822591E-03,+172.67587512E-03,+376.84798E-06
+79.47000E-06,+1.11878132448E+00,+1.12908289779E+00,+124.30904148E-03,+24.24619445E-03
+79.49500E-06,+917.77630150E-03,+998.42963285E-03,+149.43466936E-03,-24.12063919E-03
+79.52000E-06,+1.05973609899E+00,+1.06878139089E+00,+154.45979493E-03,+4.77383286E-03
+79.54500E-06,+998.17831069E-03,+1.25973616272E+00,+123.68090078E-03,+9.17081773E-03
+79.57000E-06,+998.17831069E-03,+1.33134420216E+00,+165.13818678E-03,+24.87433515E-03
+79.59500E-06,+1.00948484324E+00,+1.33134420216E+00,+183.98240767E-03,+44.97483745E-03
+79.62000E-06,+998.17831069E-03,+1.33134420216E+00,+185.23868908E-03,+15.45222471E-03
+79.64500E-06,+1.00697228044E+00,+1.34013817191E+00,+219.78642740E-03,+29.27132003E-03
+79.67000E-06,+1.03712303388E+00,+1.37028892535E+00,+222.92713087E-03,+5.40197356E-03
+79.69500E-06,+1.04968584784E+00,+1.31375626267E+00,+189.63567395E-03,+4.77383286E-03
+79.72000E-06,+998.17831069E-03,+1.33134420216E+00,+183.98240767E-03,+4.77383286E-03
+79.74500E-06,+1.00697228044E+00,+1.05873113974E+00,+199.68592510E-03,+44.97483745E-03
+79.77000E-06,+1.11752504307E+00,+1.04868088860E+00,+164.51004608E-03,+44.97483745E-03
+79.79500E-06,+998.17831069E-03,+1.00973616540E+00,+198.42964370E-03,-9.67340316E-03
+79.82000E-06,+998.17831069E-03,+1.00973616540E+00,+143.78140308E-03,+44.97483745E-03
+79.84500E-06,+998.17831069E-03,+1.00973616540E+00,+163.88190538E-03,+29.27132003E-03
+79.87000E-06,+998.17831069E-03,+1.04868088860E+00,+142.52512168E-03,+65.07533975E-03
+79.89500E-06,+986.87177814E-03,+1.03863063745E+00,+158.22863910E-03,+24.87433515E-03
+79.92000E-06,+1.05722353618E+00,+1.00973616540E+00,+142.52512168E-03,+24.87433515E-03
+79.94500E-06,+1.03837931529E+00,+1.29114319757E+00,+128.07788565E-03,+20.47735028E-03
+79.97000E-06,+998.17831069E-03,+1.29239947897E+00,+182.72612627E-03,+6.03011426E-03
+79.99500E-06,+1.03837931529E+00,+1.32003766961E+00,+175.18843793E-03,+30.52760143E-03
+80.02000E-06,+1.01702253159E+00,+1.33134420216E+00,+183.98240767E-03,-5.90455899E-03
+80.04500E-06,+998.17831069E-03,+1.36275123701E+00,+172.67587512E-03,+20.47735028E-03
+80.07000E-06,+998.17831069E-03,+1.33260048356E+00,+183.98240767E-03,+25.50247586E-03
+80.09500E-06,+998.17831069E-03,+1.34265073471E+00,+169.53517165E-03,+4.77383286E-03
+80.12000E-06,+979.33408980E-03,+1.35018842305E+00,+174.56029723E-03,+4.77383286E-03
+80.14500E-06,+1.00697228044E+00,+1.06752510949E+00,+215.38944252E-03,+24.87433515E-03
+80.17000E-06,+1.03837931529E+00,+1.01099244681E+00,+164.51004608E-03,+24.87433515E-03
+80.19500E-06,+998.17831069E-03,+998.42963285E-03,+198.42964370E-03,-15.32666944E-03
+80.22000E-06,+1.05973609899E+00,+1.04993717000E+00,+183.98240767E-03,+4.77383286E-03
+80.24500E-06,+998.17831069E-03,+1.03234923051E+00,+183.98240767E-03,+20.47735028E-03
+80.27000E-06,+1.03837931529E+00,+1.01099244681E+00,+143.78140308E-03,+4.77383286E-03
+80.29500E-06,+1.03837931529E+00,+1.00973616540E+00,+163.88190538E-03,+24.87433515E-03
+80.32000E-06,+998.17831069E-03,+1.00973616540E+00,+163.88190538E-03,+15.45222471E-03
+80.34500E-06,+1.23938433826E+00,+1.29114319757E+00,+123.68090078E-03,-6.53269969E-03
+80.37000E-06,+1.27958534285E+00,+1.33008792076E+00,+144.40954378E-03,+6.03011426E-03
+80.39500E-06,+1.37129388460E+00,+1.33134420216E+00,+112.37436823E-03,-35.42717174E-03
+80.42000E-06,+1.31978634745E+00,+1.35018842305E+00,+264.38441686E-03,+55.65322930E-03
+80.44500E-06,+1.44918333098E+00,+1.41174621135E+00,+152.57537282E-03,-2.13571482E-03
+80.47000E-06,+1.27958534285E+00,+1.28988691616E+00,+184.61054838E-03,+5.40197356E-03
+80.49500E-06,+1.40018835664E+00,+1.34265073471E+00,+198.42964370E-03,+24.87433515E-03
+80.52000E-06,+1.28209790566E+00,+1.29114319757E+00,+194.66079952E-03,+24.87433515E-03
+80.54500E-06,+1.08737428963E+00,+1.13913314893E+00,+271.29396454E-03,+44.97483745E-03
+80.57000E-06,+1.07732403848E+00,+1.04993717000E+00,+203.45476927E-03,+44.34669675E-03
+80.59500E-06,+998.17831069E-03,+998.42963285E-03,+204.08290997E-03,+4.77383286E-03
+80.62000E-06,+1.01702253159E+00,+1.00973616540E+00,+113.00250893E-03,-26.00506129E-03
+80.64500E-06,+877.57529691E-03,+969.53516081E-03,+143.78140308E-03,-35.42717174E-03
+80.67000E-06,+1.08109288269E+00,+1.13033917919E+00,+143.15326238E-03,+24.24619445E-03
+80.69500E-06,+957.97730610E-03,+969.53516081E-03,+163.88190538E-03,-24.12063918E-03
+80.72000E-06,+1.07858031988E+00,+1.04993717000E+00,+174.56029723E-03,+14.19594330E-03
+80.74500E-06,+1.23938433826E+00,+1.25094219297E+00,+112.37436823E-03,+16.08036541E-03
+80.77000E-06,+1.28084162426E+00,+1.29239947897E+00,+164.51004608E-03,+6.03011426E-03
+80.79500E-06,+1.41777629613E+00,+1.37154520676E+00,+129.33416706E-03,-41.08043801E-03
+80.82000E-06,+1.31978634745E+00,+1.37154520676E+00,+285.74120057E-03,+65.07533975E-03
+80.84500E-06,+1.43159539149E+00,+1.38033917650E+00,+183.98240767E-03,+29.27132003E-03
+80.87000E-06,+1.23938433826E+00,+1.25219847438E+00,+223.55527157E-03,+24.87433515E-03
+80.89500E-06,+1.37129388460E+00,+1.37154520676E+00,+189.63567395E-03,+39.32157118E-03
+80.92000E-06,+1.26074112196E+00,+1.30998741846E+00,+182.72612627E-03,+26.13061656E-03
+80.94500E-06,+1.05596725477E+00,+1.09893214434E+00,+264.38441686E-03,+44.97483745E-03
+80.97000E-06,+1.07858031988E+00,+1.01099244681E+00,+202.82662857E-03,+45.60297815E-03
+80.99500E-06,+957.97730610E-03,+1.00973616540E+00,+209.73617625E-03,+4.77383286E-03
+81.02000E-06,+1.05973609899E+00,+1.02858038630E+00,+192.14823672E-03,+104.02006294E-03
+81.04500E-06,+886.36926665E-03,+960.74119107E-03,+103.58039849E-03,-80.02516120E-03
+81.07000E-06,+1.12003760588E+00,+1.09013817459E+00,+163.88190538E-03,+83.29141994E-03
+81.09500E-06,+998.17831069E-03,+1.03863063745E+00,+163.88190538E-03,-879.43342E-06
+81.12000E-06,+1.03837931529E+00,+1.00973616540E+00,+145.03768448E-03,+24.87433515E-03
+81.14500E-06,+1.24817830800E+00,+1.25973616272E+00,+103.58039849E-03,+4.77383286E-03
+81.17000E-06,+1.24064061966E+00,+1.29114319757E+00,+144.40954378E-03,+43.71855605E-03
+81.19500E-06,+1.37129388460E+00,+1.34265073471E+00,+123.68090078E-03,-35.42717174E-03
+81.22000E-06,+1.25822855915E+00,+1.37154520676E+00,+285.74120057E-03,+26.13061656E-03
+81.24500E-06,+1.40898232638E+00,+1.41174621135E+00,+148.17838795E-03,-10.92968457E-03
+81.27000E-06,+1.24064061966E+00,+1.29114319757E+00,+204.71105067E-03,-15.32666944E-03
+81.29500E-06,+1.41149488919E+00,+1.37154520676E+00,+204.08290997E-03,+10.42709913E-03
+81.32000E-06,+1.29842956375E+00,+1.31249998127E+00,+194.66079953E-03,+24.87433515E-03
+81.34500E-06,+1.11878132448E+00,+1.13033917919E+00,+280.08793429E-03,+65.07533975E-03
+81.37000E-06,+1.07983660129E+00,+1.04993717000E+00,+204.08290997E-03,+83.91956064E-03
+81.39500E-06,+888.88182946E-03,+940.64068877E-03,+209.73617625E-03,-879.43342E-06
+81.42000E-06,+1.08109288269E+00,+988.37938170E-03,+53.95728344E-03,-55.52767403E-03
+81.44500E-06,+908.98233176E-03,+969.53516081E-03,+199.68592510E-03,+40.57785258E-03
+81.47000E-06,+1.11752504307E+00,+1.08888189319E+00,+104.20853919E-03,+24.24619445E-03
+81.49500E-06,+957.97730610E-03,+969.53516081E-03,+138.12813680E-03,-879.43342E-06
+81.52000E-06,+1.05722353618E+00,+1.07129395370E+00,+153.20351353E-03,-15.32666944E-03
+81.54500E-06,+1.27079137311E+00,+1.27355525808E+00,+96.67085080E-03,-10.92968457E-03
+81.57000E-06,+1.32104262885E+00,+1.29239947897E+00,+203.45476927E-03,+23.61805375E-03
+81.59500E-06,+1.35998735204E+00,+1.33134420216E+00,+129.33416706E-03,-15.32666944E-03
+81.62000E-06,+1.27958534285E+00,+1.33385676497E+00,+264.38441686E-03,+55.65322930E-03
+81.64500E-06,+1.40898232638E+00,+1.34893214165E+00,+163.88190538E-03,+24.87433515E-03
+81.67000E-06,+1.27832906145E+00,+1.25094219297E+00,+203.45476927E-03,+26.13061656E-03
+81.69500E-06,+1.38888182408E+00,+1.37154520676E+00,+175.18843793E-03,+44.97483745E-03
+81.72000E-06,+1.24189690107E+00,+1.29365576038E+00,+173.30401582E-03,+35.55272701E-03
+81.74500E-06,+1.11878132448E+00,+1.16174621404E+00,+239.88692969E-03,+80.77885718E-03
+81.77000E-06,+1.07606775707E+00,+1.04993717000E+00,+183.98240767E-03,+45.60297816E-03
+81.79500E-06,+998.17831069E-03,+969.53516081E-03,+195.28894023E-03,+4.77383286E-03
+81.82000E-06,+1.07858031988E+00,+1.04993717000E+00,+222.92713086E-03,+113.44217338E-03
+81.84500E-06,+949.18333635E-03,+992.14822592E-03,+103.58039849E-03,-91.33169376E-03
+81.87000E-06,+1.12003760588E+00,+1.09013817459E+00,+163.88190538E-03,+44.34669675E-03
+81.89500E-06,+957.97730610E-03,+1.03863063744E+00,+178.32914140E-03,-20.97993572E-03
+81.92000E-06,+1.04089187810E+00,+1.03109294911E+00,+162.62562397E-03,+24.87433515E-03
+81.94500E-06,+1.27958534285E+00,+1.29114319757E+00,+139.38441821E-03,-10.92968457E-03
+81.97000E-06,+1.27958534285E+00,+1.28988691616E+00,+144.40954378E-03,-15.32666944E-03
+81.99500E-06,+1.37129388460E+00,+1.31375626268E+00,+103.58039849E-03,-26.63320199E-03
+82.02000E-06,+1.27958534285E+00,+1.35018842305E+00,+304.58542146E-03,+56.90951071E-03
+82.04500E-06,+1.41777629612E+00,+1.41174621135E+00,+163.88190538E-03,+24.87433515E-03
+82.07000E-06,+1.24064061967E+00,+1.28988691616E+00,+224.18341227E-03,+24.87433515E-03
+82.09500E-06,+1.38260041715E+00,+1.37154520676E+00,+218.53014599E-03,+30.52760143E-03
+82.12000E-06,+1.29842956375E+00,+1.29114319757E+00,+214.76130182E-03,+24.87433515E-03
+82.14500E-06,+1.10998735473E+00,+1.06752510948E+00,+259.98743199E-03,+49.37182232E-03
+82.17000E-06,+1.07983660129E+00,+1.08888189319E+00,+204.08290997E-03,+64.44719905E-03
+82.19500E-06,+969.28383865E-03,+980.84169336E-03,+198.42964369E-03,-24.12063918E-03
+82.22000E-06,+1.05973609899E+00,+1.00973616540E+00,+63.37939389E-03,-66.20606589E-03
+82.24500E-06,+917.77630150E-03,+992.14822592E-03,+188.37939255E-03,+36.18086771E-03
+82.27000E-06,+1.03963559669E+00,+1.09013817459E+00,+123.68090078E-03,+24.24619445E-03
+82.29500E-06,+957.97730610E-03,+1.00973616540E+00,+158.22863910E-03,+4.77383286E-03
+82.32000E-06,+1.08109288269E+00,+1.04993717000E+00,+143.78140308E-03,+3.51755145E-03
+82.34500E-06,+1.27079137311E+00,+1.21953515812E+00,+123.68090078E-03,+20.47735028E-03
+82.37000E-06,+1.28084162426E+00,+1.29239947897E+00,+163.88190538E-03,+5.40197356E-03
+82.39500E-06,+1.40018835664E+00,+1.31375626268E+00,+109.23366476E-03,-20.97993572E-03
+82.42000E-06,+1.31978634745E+00,+1.37154520676E+00,+284.48491916E-03,+44.97483745E-03
+82.44500E-06,+1.44918333097E+00,+1.41174621135E+00,+152.57537282E-03,+24.87433515E-03
+82.47000E-06,+1.23938433826E+00,+1.25094219297E+00,+203.45476927E-03,+44.97483745E-03
+82.49500E-06,+1.38888182408E+00,+1.37154520676E+00,+195.28894023E-03,+39.32157117E-03
+82.52000E-06,+1.26074112196E+00,+1.33134420216E+00,+173.30401582E-03,+24.87433515E-03
+82.54500E-06,+1.09616825937E+00,+1.17054018378E+00,+239.88692970E-03,+60.67835488E-03
+82.57000E-06,+1.07732403847E+00,+1.04868088859E+00,+203.45476927E-03,+65.07533975E-03
+82.59500E-06,+1.02707278273E+00,+1.00973616540E+00,+204.08290997E-03,+13.56780260E-03
+82.62000E-06,+1.03837931529E+00,+1.03109294911E+00,+193.40451812E-03,+104.02006294E-03
+82.64500E-06,+917.77630150E-03,+960.74119107E-03,+103.58039849E-03,-64.32164378E-03
+82.67000E-06,+1.15898232907E+00,+1.05119345141E+00,+143.78140308E-03,+64.44719905E-03
+82.69500E-06,+986.87177814E-03,+998.42963285E-03,+149.43466936E-03,+19.22106888E-03
+82.72000E-06,+1.03837931529E+00,+1.01224872822E+00,+123.68090078E-03,+44.97483745E-03
+82.74500E-06,+1.24817830800E+00,+1.25973616271E+00,+103.58039849E-03,+4.77383286E-03
+82.77000E-06,+1.24064061967E+00,+1.29114319757E+00,+144.40954378E-03,+25.50247586E-03
+82.79500E-06,+1.40018835664E+00,+1.34265073472E+00,+97.92713221E-03,-35.42717174E-03
+82.82000E-06,+1.27958534285E+00,+1.37154520676E+00,+273.80652731E-03,+46.23111886E-03
+82.84500E-06,+1.41777629612E+00,+1.41174621135E+00,+163.88190538E-03,+13.56780260E-03
+82.87000E-06,+1.24064061967E+00,+1.25094219297E+00,+223.55527157E-03,+24.87433515E-03
+82.89500E-06,+1.41149488919E+00,+1.38285173931E+00,+204.08290997E-03,+44.97483745E-03
+82.92000E-06,+1.31978634745E+00,+1.31249998127E+00,+205.33919138E-03,+24.87433515E-03
+82.94500E-06,+1.11878132448E+00,+1.09013817459E+00,+255.59044712E-03,+65.07533975E-03
+82.97000E-06,+1.07858031988E+00,+1.00847988400E+00,+222.92713086E-03,+64.44719905E-03
+82.99500E-06,+986.87177814E-03,+980.84169337E-03,+169.53517165E-03,+4.77383286E-03
+83.02000E-06,+1.07858031988E+00,+1.00973616540E+00,+33.85678115E-03,-46.10556359E-03
+83.04500E-06,+886.36926665E-03,+978.32913055E-03,+199.68592510E-03,+56.28137001E-03
+83.07000E-06,+1.11752504307E+00,+1.09013817459E+00,+123.68090078E-03,+23.61805375E-03
+83.09500E-06,+957.97730610E-03,+969.53516081E-03,+143.78140308E-03,-9.67340316E-03
+83.12000E-06,+1.07858031988E+00,+1.04993717000E+00,+154.45979493E-03,+3.51755145E-03
+83.14500E-06,+1.23059036852E+00,+1.27355525808E+00,+107.97738336E-03,+40.57785258E-03
+83.17000E-06,+1.31978634745E+00,+1.33134420216E+00,+163.88190538E-03,+4.14569215E-03
+83.19500E-06,+1.35998735204E+00,+1.33134420216E+00,+129.33416706E-03,-35.42717174E-03
+83.22000E-06,+1.31978634745E+00,+1.39038942765E+00,+295.16331101E-03,+55.65322930E-03
+83.24500E-06,+1.46300242634E+00,+1.41174621135E+00,+152.57537282E-03,+20.47735028E-03
+83.27000E-06,+1.24064061967E+00,+1.25219847438E+00,+223.55527156E-03,+5.40197356E-03
+83.29500E-06,+1.37129388460E+00,+1.35395726727E+00,+183.98240767E-03,+19.22106888E-03
+83.32000E-06,+1.31978634745E+00,+1.31249998127E+00,+194.66079953E-03,+44.97483745E-03
+83.34500E-06,+1.11878132448E+00,+1.13033917919E+00,+259.98743199E-03,+60.67835488E-03
+83.37000E-06,+1.07606775707E+00,+1.04993717000E+00,+202.82662856E-03,+24.87433515E-03
+83.39500E-06,+969.28383865E-03,+1.00973616540E+00,+229.83667855E-03,-9.67340316E-03
+83.42000E-06,+1.08109288270E+00,+1.00973616540E+00,+192.14823671E-03,+93.34167108E-03
+83.44500E-06,+895.16323639E-03,+969.53516081E-03,+119.28391591E-03,-71.23119146E-03
+83.47000E-06,+1.12129388729E+00,+1.01224872822E+00,+163.88190538E-03,+44.34669675E-03
+83.49500E-06,+957.97730610E-03,+1.00973616540E+00,+189.63567395E-03,-879.43342E-06
+83.52000E-06,+1.01953509440E+00,+1.03109294911E+00,+163.88190538E-03,+23.61805375E-03
+83.54500E-06,+1.23059036852E+00,+1.29114319757E+00,+123.68090078E-03,+4.77383286E-03
+83.57000E-06,+1.24064061967E+00,+1.28988691616E+00,+145.03768449E-03,+4.14569215E-03
+83.59500E-06,+1.41149488919E+00,+1.36023867420E+00,+103.58039849E-03,-15.32666944E-03
+83.62000E-06,+1.27958534285E+00,+1.37154520676E+00,+293.90702961E-03,+66.33162116E-03
+83.64500E-06,+1.44038936123E+00,+1.38913314624E+00,+163.88190538E-03,-6.53269970E-03
+83.67000E-06,+1.27958534285E+00,+1.25094219297E+00,+223.55527156E-03,+6.03011427E-03
+83.69500E-06,+1.41149488919E+00,+1.37154520676E+00,+209.73617625E-03,+16.08036541E-03
+83.72000E-06,+1.27958534285E+00,+1.27229897668E+00,+204.08290997E-03,+24.87433515E-03
+83.74500E-06,+1.11878132448E+00,+1.10772611407E+00,+271.29396455E-03,+49.37182232E-03
+83.77000E-06,+1.07732403847E+00,+1.04993717000E+00,+203.45476927E-03,+44.34669675E-03
+83.79500E-06,+940.38936662E-03,+1.00973616540E+00,+192.77637741E-03,-15.32666944E-03
+83.82000E-06,+1.05722353618E+00,+1.00973616540E+00,+103.58039849E-03,+15.45222471E-03
+83.84500E-06,+908.98233176E-03,+960.74119107E-03,+139.38441821E-03,+116.58287690E-03
+83.87000E-06,+1.07858031988E+00,+1.05119345141E+00,+82.85175548E-03,+104.64820364E-03
+83.89500E-06,+1.01576625017E+00,+1.00973616540E+00,+97.92713221E-03,+50.62810373E-03
+83.92000E-06,+1.03837931529E+00,+1.04993717000E+00,+104.83667989E-03,+65.07533975E-03
+83.94500E-06,+1.27079137311E+00,+1.00973616540E+00,+83.47989619E-03,+85.17584205E-03
+83.97000E-06,+1.31978634745E+00,+1.00973616540E+00,+123.05276008E-03,+45.60297816E-03
+83.99500E-06,+1.35998735204E+00,+1.02104269796E+00,+77.82662991E-03,+59.42207347E-03
+84.02000E-06,+1.31978634745E+00,+1.04993717000E+00,+145.03768449E-03,+104.02006294E-03
+84.04500E-06,+1.39139438690E+00,+1.01853013514E+00,+76.57034850E-03,+78.26629436E-03
+84.07000E-06,+1.28084162426E+00,+969.53516081E-03,+104.83667989E-03,+65.70348045E-03
+84.09500E-06,+1.37129388460E+00,+1.03863063744E+00,+97.92713221E-03,+79.52257577E-03
+84.12000E-06,+1.30094212656E+00,+1.00973616540E+00,+103.58039849E-03,+75.75373160E-03
+84.14500E-06,+1.11878132448E+00,+1.00973616540E+00,+159.48492051E-03,+93.96981179E-03
+84.17000E-06,+1.07732403847E+00,+1.00847988400E+00,+103.58039849E-03,+65.07533975E-03
+84.19500E-06,+1.03837931529E+00,+1.03863063744E+00,+109.23366476E-03,+79.52257577E-03
+84.22000E-06,+1.03837931529E+00,+1.03109294911E+00,+153.20351352E-03,+125.37684664E-03
+84.24500E-06,+998.17831069E-03,+960.74119107E-03,+87.87688106E-03,+24.87433515E-03
+84.27000E-06,+1.03837931529E+00,+1.01099244681E+00,+123.05276008E-03,+85.17584205E-03
+84.29500E-06,+1.02707278273E+00,+1.00973616540E+00,+103.58039849E-03,+50.62810373E-03
+84.32000E-06,+1.05973609899E+00,+1.00973616540E+00,+72.80150433E-03,+95.85423390E-03
+84.34500E-06,+1.02958534555E+00,+1.00973616540E+00,+99.18341362E-03,+80.77885718E-03
+84.37000E-06,+998.17831069E-03,+1.04868088859E+00,+84.73617760E-03,+84.54770134E-03
+84.39500E-06,+1.02707278273E+00,+1.04993717000E+00,+118.02763450E-03,+65.07533975E-03
+84.42000E-06,+976.82152699E-03,+1.03109294911E+00,+94.15828804E-03,+55.65322931E-03
+84.44500E-06,+1.03837931529E+00,+1.01853013514E+00,+99.18341362E-03,+60.67835488E-03
+84.47000E-06,+1.03837931529E+00,+1.04868088859E+00,+123.68090078E-03,+85.17584205E-03
+84.49500E-06,+1.00948484325E+00,+1.00973616540E+00,+103.58039849E-03,+70.72860603E-03
+84.52000E-06,+998.17831069E-03,+1.03109294911E+00,+104.83667989E-03,+85.17584205E-03
+84.54500E-06,+998.17831069E-03,+1.00973616540E+00,+114.88693104E-03,+73.86930949E-03
+84.57000E-06,+1.07732403847E+00,+1.04868088859E+00,+123.05276008E-03,+65.70348045E-03
+84.59500E-06,+1.00948484325E+00,+1.02104269796E+00,+118.02763450E-03,+79.52257577E-03
+84.62000E-06,+1.01953509440E+00,+1.02858038629E+00,+94.15828804E-03,+85.17584205E-03
+84.64500E-06,+989.38434095E-03,+1.00973616540E+00,+87.87688106E-03,+100.87935947E-03
+84.67000E-06,+998.17831069E-03,+1.00973616540E+00,+102.95225778E-03,+84.54770134E-03
+84.69500E-06,+986.87177813E-03,+1.00973616540E+00,+109.23366476E-03,+82.03513859E-03
+84.72000E-06,+1.01702253158E+00,+1.02858038629E+00,+103.58039849E-03,+65.07533975E-03
+84.74500E-06,+1.27958534285E+00,+1.04114320026E+00,+83.47989619E-03,+85.17584205E-03
+84.77000E-06,+1.31978634745E+00,+1.01099244681E+00,+102.95225778E-03,+45.60297816E-03
+84.79500E-06,+1.40018835664E+00,+1.02104269796E+00,+77.82662991E-03,+50.62810373E-03
+84.82000E-06,+1.34114313116E+00,+1.04742460718E+00,+135.61557405E-03,+85.17584205E-03
+84.84500E-06,+1.40018835664E+00,+1.04114320026E+00,+103.58039849E-03,+65.07533975E-03
+84.87000E-06,+1.28084162426E+00,+970.79144222E-03,+103.58039849E-03,+85.80398275E-03
+84.89500E-06,+1.35998735204E+00,+1.03863063744E+00,+109.23366476E-03,+70.72860603E-03
+84.92000E-06,+1.30094212656E+00,+988.37938170E-03,+123.68090078E-03,+75.75373160E-03
+84.94500E-06,+1.08737428962E+00,+1.01853013514E+00,+123.68090078E-03,+89.57282692E-03
+84.97000E-06,+999.43459210E-03,+1.04868088859E+00,+142.52512167E-03,+85.80398275E-03
+84.99500E-06,+998.17831069E-03,+1.00973616540E+00,+123.68090078E-03,+56.28137001E-03
+85.02000E-06,+1.03837931529E+00,+1.00973616540E+00,+133.10301123E-03,+104.02006293E-03
+85.04500E-06,+949.18333636E-03,+1.00094219567E+00,+67.77637876E-03,+13.56780260E-03
+85.07000E-06,+1.11752504307E+00,+1.04993717000E+00,+84.73617760E-03,+105.27634434E-03
+85.09500E-06,+998.17831069E-03,+1.03863063744E+00,+118.02763450E-03,+59.42207347E-03
+85.12000E-06,+1.01953509440E+00,+1.00973616540E+00,+82.22361478E-03,+85.17584205E-03
+85.14500E-06,+1.01576625017E+00,+1.29114319757E+00,+79.08291132E-03,+65.07533975E-03
+85.17000E-06,+998.17831069E-03,+1.33008792075E+00,+104.20853919E-03,+65.07533975E-03
+85.19500E-06,+1.03837931529E+00,+1.37154520676E+00,+118.02763450E-03,+110.92961062E-03
+85.22000E-06,+976.82152699E-03,+1.33134420216E+00,+123.68090078E-03,+75.75373160E-03
+85.24500E-06,+1.04717328503E+00,+1.36275123702E+00,+119.28391591E-03,+85.17584205E-03
+85.27000E-06,+1.03712303388E+00,+1.33134420216E+00,+124.30904149E-03,+104.64820364E-03
+85.29500E-06,+980.59037121E-03,+1.33134420216E+00,+138.12813680E-03,+76.38187231E-03
+85.32000E-06,+1.03837931529E+00,+1.31249998127E+00,+123.68090078E-03,+85.17584205E-03
+85.34500E-06,+1.00697228043E+00,+1.05873113974E+00,+159.48492051E-03,+100.87935947E-03
+85.37000E-06,+1.03837931529E+00,+1.00973616540E+00,+124.30904149E-03,+124.74870594E-03
+85.39500E-06,+980.59037122E-03,+969.53516081E-03,+97.92713221E-03,+50.62810373E-03
+85.42000E-06,+979.33408981E-03,+990.89194452E-03,+95.41456945E-03,+65.07533975E-03
+85.44500E-06,+1.06978635014E+00,+1.09013817459E+00,+128.07788565E-03,+125.37684664E-03
+85.47000E-06,+878.83157832E-03,+970.79144222E-03,+142.52512167E-03,+63.81905834E-03
+85.49500E-06,+1.04968584785E+00,+1.02104269796E+00,+118.02763450E-03,+90.82910833E-03
+85.52000E-06,+998.17831069E-03,+1.00973616540E+00,+133.10301123E-03,+65.07533975E-03
+85.54500E-06,+1.02958534555E+00,+1.28234922783E+00,+119.28391591E-03,+44.97483745E-03
+85.57000E-06,+998.17831069E-03,+1.33134420216E+00,+123.05276008E-03,+65.70348045E-03
+85.59500E-06,+1.06727378732E+00,+1.34265073472E+00,+134.98743334E-03,+79.52257577E-03
+85.62000E-06,+1.04089187811E+00,+1.33134420216E+00,+114.25879034E-03,+105.27634434E-03
+85.64500E-06,+1.02079137581E+00,+1.33134420216E+00,+123.68090078E-03,+69.47232462E-03
+85.67000E-06,+960.48986892E-03,+1.37028892534E+00,+104.20853919E-03,+85.17584205E-03
+85.69500E-06,+986.87177813E-03,+1.36023867420E+00,+123.68090078E-03,+85.17584205E-03
+85.72000E-06,+1.00069087351E+00,+1.33385676498E+00,+113.00250893E-03,+85.17584205E-03
+85.74500E-06,+957.97730610E-03,+1.09013817459E+00,+155.08793564E-03,+80.77885718E-03
+85.77000E-06,+1.03586675247E+00,+1.04993717000E+00,+161.99748326E-03,+85.80398275E-03
+85.79500E-06,+986.87177813E-03,+1.00973616540E+00,+284.48491916E-03,-41.08043802E-03
+85.82000E-06,+1.03837931529E+00,+1.03109294911E+00,+445.28893754E-03,-267.21108886E-03
+85.84500E-06,+998.17831069E-03,+1.01853013514E+00,+465.38943984E-03,-287.93973186E-03
+85.87000E-06,+1.03712303388E+00,+1.04868088859E+00,+465.38943984E-03,-277.26134001E-03
+85.89500E-06,+998.17831069E-03,+1.03863063744E+00,+450.94220382E-03,-276.63319930E-03
+85.92000E-06,+1.03837931529E+00,+1.00973616540E+00,+454.71104798E-03,-286.05530975E-03
+85.94500E-06,+1.02958534555E+00,+1.29114319757E+00,+445.28893754E-03,-292.33671673E-03
+85.97000E-06,+998.17831069E-03,+1.29114319757E+00,+445.91707824E-03,-277.26134001E-03
+85.99500E-06,+1.00948484325E+00,+1.33134420216E+00,+204.08290997E-03,-879.43342E-06
+86.02000E-06,+998.17831069E-03,+1.33134420216E+00,+194.66079953E-03,-4.64827759E-03
+86.04500E-06,+1.03837931529E+00,+1.36275123702E+00,+195.28894023E-03,+24.87433515E-03
+86.07000E-06,+1.07606775706E+00,+1.37028892534E+00,+183.98240767E-03,+24.24619445E-03
+86.09500E-06,+1.00948484325E+00,+1.33134420216E+00,+218.53014599E-03,+10.42709914E-03
+86.12000E-06,+1.03837931529E+00,+1.33134420216E+00,+194.66079953E-03,+23.61805374E-03
+86.14500E-06,+998.17831069E-03,+1.09013817459E+00,+224.18341227E-03,+44.97483745E-03
+86.17000E-06,+1.03837931529E+00,+1.04868088859E+00,+202.82662856E-03,+5.40197356E-03
+86.19500E-06,+998.17831069E-03,+1.00973616540E+00,+175.18843794E-03,+4.77383286E-03
+86.22000E-06,+998.17831069E-03,+1.00973616540E+00,+185.23868909E-03,+14.19594330E-03
+86.24500E-06,+1.02079137581E+00,+1.04114320026E+00,+188.37939254E-03,+24.87433515E-03
+86.27000E-06,+998.17831069E-03,+1.01099244682E+00,+184.61054838E-03,+43.09041534E-03
+86.29500E-06,+998.17831069E-03,+1.03863063744E+00,+178.32914139E-03,-4.02013688E-03
+86.32000E-06,+1.03837931529E+00,+1.02858038629E+00,+173.30401582E-03,-15.32666944E-03
+86.34500E-06,+1.02958534555E+00,+1.29114319757E+00,+159.48492051E-03,-15.32666944E-03
+86.37000E-06,+999.43459210E-03,+1.33134420216E+00,+184.61054838E-03,+4.14569215E-03
+86.39500E-06,+1.02707278273E+00,+1.34265073472E+00,+456.59547010E-03,-250.87943073E-03
+86.42000E-06,+1.01702253158E+00,+1.33134420216E+00,+465.38943984E-03,-276.63319930E-03
+86.44500E-06,+1.03837931529E+00,+1.36275123702E+00,+469.78642470E-03,-272.23621444E-03
+86.47000E-06,+999.43459210E-03,+1.33134420216E+00,+504.96230372E-03,-276.63319930E-03
+86.49500E-06,+998.17831069E-03,+1.33134420216E+00,+476.69597240E-03,-276.63319930E-03
+86.52000E-06,+998.17831069E-03,+1.35018842305E+00,+474.81155028E-03,-265.95480745E-03
+86.54500E-06,+998.17831069E-03,+1.07631907921E+00,+505.59044443E-03,-245.22616445E-03
+86.57000E-06,+998.17831069E-03,+1.04868088859E+00,+485.48994213E-03,-257.16083771E-03
+86.59500E-06,+998.17831069E-03,+1.00973616540E+00,+319.03265747E-03,-196.23119012E-03
+86.62000E-06,+1.03837931529E+00,+1.03109294911E+00,+183.98240767E-03,+4.77383286E-03
+86.64500E-06,+1.02958534555E+00,+969.53516081E-03,+199.68592510E-03,-10.92968457E-03
+86.67000E-06,+959.23358751E-03,+1.00973616540E+00,+163.88190538E-03,+24.87433515E-03
+86.69500E-06,+998.17831069E-03,+998.42963284E-03,+149.43466936E-03,+24.87433515E-03
+86.72000E-06,+1.01953509440E+00,+1.00973616540E+00,+173.30401582E-03,+14.19594330E-03
+86.74500E-06,+1.00697228043E+00,+1.25094219297E+00,+155.08793564E-03,-10.92968457E-03
+86.77000E-06,+999.43459210E-03,+1.29114319757E+00,+145.03768449E-03,+4.14569215E-03
+86.79500E-06,+1.00948484325E+00,+1.37154520676E+00,+189.63567395E-03,+10.42709914E-03
+86.82000E-06,+976.82152698E-03,+1.29114319757E+00,+214.76130183E-03,-4.64827759E-03
+86.84500E-06,+1.02958534555E+00,+1.34013817190E+00,+188.37939254E-03,-15.32666944E-03
+86.87000E-06,+1.03837931529E+00,+1.33008792075E+00,+204.71105068E-03,+4.14569215E-03
+86.89500E-06,+998.17831069E-03,+1.34265073472E+00,+204.08290997E-03,-15.32666944E-03
+86.92000E-06,+998.17831069E-03,+1.31249998128E+00,+224.18341227E-03,-15.32666944E-03
+86.94500E-06,+1.02958534555E+00,+1.05873113974E+00,+239.88692970E-03,-15.32666944E-03
+86.97000E-06,+1.07732403847E+00,+1.04868088859E+00,+224.18341227E-03,+23.61805374E-03
+86.99500E-06,+969.28383866E-03,+1.02104269797E+00,+344.78642605E-03,-115.82918093E-03
+87.02000E-06,+998.17831069E-03,+1.03109294911E+00,+455.96732939E-03,-276.63319930E-03
+87.04500E-06,+989.38434096E-03,+1.04114320026E+00,+449.68592241E-03,-276.63319930E-03
+87.07000E-06,+998.17831069E-03,+1.00973616540E+00,+465.38943984E-03,-277.88948072E-03
+87.09500E-06,+1.01576625016E+00,+1.00973616540E+00,+459.73617356E-03,-276.63319930E-03
+87.12000E-06,+998.17831069E-03,+1.02858038629E+00,+455.96732939E-03,-316.83420390E-03
+87.14500E-06,+1.04717328502E+00,+1.29114319757E+00,+445.28893754E-03,-296.73370160E-03
+87.17000E-06,+960.48986892E-03,+1.29239947898E+00,+484.86180143E-03,-296.73370160E-03
+87.19500E-06,+1.03837931529E+00,+1.33134420216E+00,+189.63567395E-03,-879.43342E-06
+87.22000E-06,+1.00069087352E+00,+1.30998741845E+00,+204.08290997E-03,+15.45222471E-03
+87.24500E-06,+998.17831069E-03,+1.35395726728E+00,+188.37939254E-03,+24.87433515E-03
+87.27000E-06,+999.43459210E-03,+1.33134420216E+00,+242.39949245E-03,+5.40197356E-03
+87.29500E-06,+998.17831069E-03,+1.36023867419E+00,+175.18843794E-03,+19.22106887E-03
+87.32000E-06,+1.03837931529E+00,+1.33134420216E+00,+193.40451812E-03,+35.55272701E-03
+87.34500E-06,+1.03837931529E+00,+1.06752510947E+00,+208.47989484E-03,+51.88438515E-03
+87.37000E-06,+998.17831069E-03,+1.04868088859E+00,+222.92713086E-03,+5.40197356E-03
+87.39500E-06,+986.87177813E-03,+969.53516081E-03,+169.53517166E-03,-15.32666944E-03
+87.42000E-06,+1.03837931529E+00,+1.03109294911E+00,+163.88190538E-03,+14.19594330E-03
+87.44500E-06,+998.17831069E-03,+1.00094219567E+00,+168.27889024E-03,+4.77383286E-03
+87.47000E-06,+999.43459211E-03,+1.04993717000E+00,+183.35426697E-03,+24.24619445E-03
+87.49500E-06,+1.02707278273E+00,+998.42963284E-03,+183.98240767E-03,+19.22106887E-03
+87.52000E-06,+1.03837931529E+00,+1.02858038629E+00,+173.30401582E-03,+15.45222471E-03
+87.54500E-06,+998.17831069E-03,+1.28234922783E+00,+139.38441821E-03,-6.53269970E-03
+87.57000E-06,+996.92202928E-03,+1.29239947898E+00,+184.61054838E-03,+5.40197356E-03
+87.59500E-06,+1.02707278273E+00,+1.30244973013E+00,+439.63567126E-03,-221.98495869E-03
+87.62000E-06,+976.82152698E-03,+1.32883163934E+00,+465.38943984E-03,-265.95480745E-03
+87.64500E-06,+1.03837931529E+00,+1.34013817190E+00,+476.69597240E-03,-272.23621444E-03
+87.67000E-06,+998.17831069E-03,+1.33134420216E+00,+485.48994213E-03,-296.10556090E-03
+87.69500E-06,+1.00948484325E+00,+1.37154520676E+00,+479.83667585E-03,-256.53269701E-03
+87.72000E-06,+1.01702253158E+00,+1.35018842305E+00,+485.48994213E-03,-265.95480745E-03
+87.74500E-06,+998.17831069E-03,+1.06752510947E+00,+512.49999212E-03,-240.82917958E-03
+87.77000E-06,+1.03837931529E+00,+1.04868088859E+00,+465.38943984E-03,-257.16083771E-03
+87.79500E-06,+998.17831069E-03,+998.42963284E-03,+319.03265747E-03,-181.78395410E-03
+87.82000E-06,+1.01953509440E+00,+1.00973616540E+00,+163.88190538E-03,+4.77383286E-03
+87.84500E-06,+998.17831069E-03,+1.00973616540E+00,+163.88190538E-03,+16.08036542E-03
+87.87000E-06,+999.43459211E-03,+1.04993717000E+00,+143.78140308E-03,+44.97483745E-03
+87.89500E-06,+1.03837931529E+00,+1.03863063744E+00,+187.12311113E-03,+16.08036542E-03
+87.92000E-06,+998.17831069E-03,+1.03109294911E+00,+154.45979493E-03,+14.19594330E-03
+87.94500E-06,+1.03837931529E+00,+1.29114319757E+00,+128.07788565E-03,+4.77383286E-03
+87.97000E-06,+1.03712303387E+00,+1.33008792075E+00,+183.98240767E-03,+4.77383286E-03
+87.99500E-06,+998.17831069E-03,+1.33134420216E+00,+204.08290997E-03,+24.87433515E-03
+88.02000E-06,+1.03837931529E+00,+1.33134420216E+00,+193.40451812E-03,+15.45222471E-03
+88.04500E-06,+1.03837931529E+00,+1.36275123702E+00,+172.67587511E-03,+24.87433515E-03
+88.07000E-06,+1.03837931529E+00,+1.29239947898E+00,+202.82662856E-03,+5.40197356E-03
+88.09500E-06,+998.17831069E-03,+1.36023867419E+00,+195.28894024E-03,+10.42709914E-03
+88.12000E-06,+1.01702253158E+00,+1.33134420216E+00,+183.98240767E-03,+15.45222471E-03
+88.14500E-06,+1.00697228043E+00,+1.06752510947E+00,+224.18341227E-03,+36.18086772E-03
+88.17000E-06,+1.03712303387E+00,+1.04993717000E+00,+223.55527156E-03,+24.24619445E-03
+88.19500E-06,+998.17831069E-03,+1.00973616540E+00,+339.13315977E-03,-107.03521119E-03
+88.22000E-06,+1.01953509440E+00,+1.02858038629E+00,+445.28893754E-03,-265.95480745E-03
+88.24500E-06,+1.00697228043E+00,+1.04114320026E+00,+454.08290727E-03,-276.63319930E-03
+88.27000E-06,+1.03712303387E+00,+1.01099244682E+00,+445.28893754E-03,-257.16083771E-03
+88.29500E-06,+1.02707278272E+00,+1.00973616540E+00,+471.04270612E-03,-276.63319930E-03
+88.32000E-06,+1.01702253158E+00,+1.03109294912E+00,+445.28893754E-03,-296.73370160E-03
+88.34500E-06,+1.02958534555E+00,+1.25094219297E+00,+425.18843524E-03,-292.33671673E-03
+88.37000E-06,+959.23358751E-03,+1.33134420216E+00,+465.38943984E-03,-276.63319930E-03
+88.39500E-06,+1.04968584785E+00,+1.40043967879E+00,+189.63567396E-03,-9.67340316E-03
+88.42000E-06,+998.17831069E-03,+1.30998741845E+00,+214.76130183E-03,-4.64827758E-03
+88.44500E-06,+1.00697228043E+00,+1.33134420216E+00,+219.78642740E-03,-10.92968457E-03
+88.47000E-06,+1.03712303387E+00,+1.37028892534E+00,+203.45476926E-03,+4.14569215E-03
+88.49500E-06,+1.00948484326E+00,+1.33134420216E+00,+209.73617625E-03,+13.56780259E-03
+88.52000E-06,+1.01702253158E+00,+1.30998741845E+00,+204.08290997E-03,+6.03011427E-03
+88.54500E-06,+1.01576625016E+00,+1.02732410487E+00,+224.18341227E-03,+29.27132002E-03
+88.57000E-06,+1.03837931529E+00,+1.04993717000E+00,+204.08290997E-03,+24.87433515E-03
+88.59500E-06,+969.28383866E-03,+1.00973616540E+00,+175.18843794E-03,-9.67340316E-03
+88.62000E-06,+1.03837931529E+00,+1.00973616540E+00,+174.56029723E-03,+26.13061657E-03
+88.64500E-06,+957.97730610E-03,+1.00094219567E+00,+183.98240767E-03,+20.47735029E-03
+88.67000E-06,+998.17831069E-03,+1.04868088858E+00,+163.25376467E-03,+23.61805374E-03
+88.69500E-06,+986.87177813E-03,+1.00973616540E+00,+163.88190538E-03,+4.77383286E-03
+88.72000E-06,+1.03837931529E+00,+1.04993717000E+00,+194.66079953E-03,-15.32666944E-03
+88.74500E-06,+1.02958534555E+00,+1.32255023243E+00,+163.88190538E-03,+4.77383286E-03
+88.77000E-06,+999.43459211E-03,+1.29239947898E+00,+204.08290997E-03,+3.51755144E-03
+88.79500E-06,+1.02707278272E+00,+1.33134420216E+00,+456.59547010E-03,-242.08546099E-03
+88.82000E-06,+1.01953509440E+00,+1.33134420216E+00,+476.06783169E-03,-267.21108886E-03
+88.84500E-06,+1.02079137582E+00,+1.36275123702E+00,+469.78642470E-03,-276.63319930E-03
+88.87000E-06,+959.23358751E-03,+1.33134420216E+00,+485.48994213E-03,-277.26134001E-03
+88.89500E-06,+1.00948484326E+00,+1.33134420216E+00,+491.14320841E-03,-296.73370160E-03
+88.92000E-06,+998.17831069E-03,+1.30998741845E+00,+485.48994213E-03,-296.73370160E-03
+88.94500E-06,+966.77127583E-03,+1.05873113973E+00,+485.48994213E-03,-292.33671673E-03
+88.97000E-06,+999.43459211E-03,+1.04993717000E+00,+504.96230372E-03,-276.63319930E-03
+88.99500E-06,+986.87177813E-03,+1.00973616540E+00,+339.13315977E-03,-190.57792383E-03
+89.02000E-06,+1.03837931529E+00,+1.03109294912E+00,+204.08290997E-03,+15.45222471E-03
+89.04500E-06,+1.03837931529E+00,+1.04114320026E+00,+183.98240767E-03,-10.92968457E-03
+89.07000E-06,+999.43459211E-03,+1.00973616540E+00,+184.61054838E-03,+4.77383286E-03
+89.09500E-06,+1.03837931529E+00,+1.00973616540E+00,+169.53517166E-03,+19.22106887E-03
+89.12000E-06,+1.01953509440E+00,+1.02858038629E+00,+173.30401582E-03,+3.51755144E-03
+89.14500E-06,+998.17831069E-03,+1.27355525810E+00,+143.78140308E-03,-10.92968457E-03
+89.17000E-06,+998.17831069E-03,+1.29114319757E+00,+145.03768449E-03,-15.32666944E-03
+89.19500E-06,+1.00948484326E+00,+1.35395726729E+00,+183.98240767E-03,+16.08036542E-03
+89.22000E-06,+1.01702253157E+00,+1.33134420216E+00,+163.88190538E-03,+15.45222471E-03
+89.24500E-06,+1.00697228043E+00,+1.33134420216E+00,+183.98240767E-03,-10.92968457E-03
+89.27000E-06,+999.43459211E-03,+1.33134420216E+00,+183.98240767E-03,+4.77383286E-03
+89.29500E-06,+1.00948484326E+00,+1.38285173932E+00,+183.98240767E-03,+10.42709914E-03
+89.32000E-06,+1.01702253157E+00,+1.33134420216E+00,+173.30401582E-03,+24.87433515E-03
+89.34500E-06,+998.17831069E-03,+1.09013817459E+00,+215.38944254E-03,+29.27132002E-03
+89.37000E-06,+998.17831069E-03,+1.04868088858E+00,+204.08290997E-03,+43.71855604E-03
+89.39500E-06,+998.17831069E-03,+1.02104269797E+00,+310.23868774E-03,-110.17591464E-03
+89.42000E-06,+1.01953509440E+00,+1.02858038629E+00,+435.86682710E-03,-265.95480745E-03
+89.44500E-06,+998.17831069E-03,+1.01853013514E+00,+425.18843524E-03,-272.23621444E-03
+89.47000E-06,+996.92202928E-03,+1.00973616540E+00,+464.13315842E-03,-257.16083771E-03
+89.49500E-06,+1.00948484326E+00,+1.00973616540E+00,+459.73617355E-03,-276.63319930E-03
+89.52000E-06,+1.01953509440E+00,+1.02858038629E+00,+425.18843524E-03,-267.21108886E-03
+89.54500E-06,+1.03837931529E+00,+1.29114319757E+00,+409.48491781E-03,-260.92968187E-03
+89.57000E-06,+1.03712303387E+00,+1.29239947898E+00,+425.81657595E-03,-276.00505860E-03
+89.59500E-06,+1.03837931529E+00,+1.36023867419E+00,+198.42964369E-03,-15.32666944E-03
+89.62000E-06,+976.82152698E-03,+1.35270098587E+00,+194.66079953E-03,+14.19594330E-03
+89.64500E-06,+998.17831069E-03,+1.37154520676E+00,+172.67587511E-03,+13.56780259E-03
+89.67000E-06,+1.00069087352E+00,+1.33260048358E+00,+183.98240767E-03,+24.87433515E-03
+89.69500E-06,+957.97730610E-03,+1.34265073472E+00,+178.32914139E-03,+39.32157117E-03
+89.72000E-06,+976.82152698E-03,+1.32883163933E+00,+183.98240767E-03,+34.29644560E-03
+89.74500E-06,+975.56524556E-03,+1.06752510947E+00,+235.48994483E-03,+56.28137002E-03
+89.77000E-06,+1.00069087352E+00,+1.04993717000E+00,+203.45476926E-03,+24.87433515E-03
+89.79500E-06,+998.17831069E-03,+1.00973616540E+00,+198.42964369E-03,-15.32666944E-03
+89.82000E-06,+1.04089187812E+00,+1.03109294912E+00,+173.30401582E-03,+14.19594330E-03
+89.84500E-06,+1.02958534555E+00,+1.03234923053E+00,+168.27889024E-03,+4.77383286E-03
+89.87000E-06,+1.03837931529E+00,+1.00973616540E+00,+143.78140308E-03,+24.87433515E-03
+89.89500E-06,+1.03837931529E+00,+1.03863063743E+00,+169.53517166E-03,+24.87433515E-03
+89.92000E-06,+1.01953509441E+00,+1.01224872824E+00,+174.56029723E-03,+34.29644560E-03
+89.94500E-06,+998.17831069E-03,+1.25973616270E+00,+139.38441821E-03,+24.87433515E-03
+89.97000E-06,+998.17831069E-03,+1.33134420216E+00,+163.25376467E-03,+24.87433515E-03
+89.99500E-06,+1.03837931529E+00,+1.30244973013E+00,+471.04270612E-03,-242.08546099E-03
+90.02000E-06,+1.01953509441E+00,+1.33134420216E+00,+474.81155028E-03,-275.37691789E-03
+90.04500E-06,+1.02958534555E+00,+1.36275123702E+00,+460.99245497E-03,-292.33671674E-03
+90.07000E-06,+1.03712303387E+00,+1.33134420216E+00,+525.06280602E-03,-297.36184231E-03
+90.09500E-06,+1.00948484326E+00,+1.36023867419E+00,+505.59044443E-03,-282.28646559E-03
+90.12000E-06,+998.17831069E-03,+1.33385676499E+00,+504.33416301E-03,-296.73370160E-03
+90.14500E-06,+1.00697228043E+00,+1.06752510946E+00,+525.69094673E-03,-287.93973187E-03
+90.17000E-06,+1.03586675245E+00,+1.08762561176E+00,+485.48994213E-03,-277.26134001E-03
+90.19500E-06,+1.02707278272E+00,+1.00973616540E+00,+333.47989349E-03,-199.37189357E-03
+90.22000E-06,+1.01702253157E+00,+1.00973616540E+00,+185.23868909E-03,-5.90455900E-03
+90.24500E-06,+957.97730610E-03,+1.00973616540E+00,+152.57537281E-03,+4.77383286E-03
+90.27000E-06,+1.03837931529E+00,+1.00973616540E+00,+182.72612626E-03,+24.24619445E-03
+90.29500E-06,+1.01576625016E+00,+1.00973616540E+00,+169.53517166E-03,+19.22106887E-03
+90.32000E-06,+1.01702253157E+00,+1.00973616540E+00,+153.20351352E-03,+24.87433515E-03
+90.34500E-06,+1.03837931529E+00,+1.28234922783E+00,+132.47487051E-03,+20.47735029E-03
+90.37000E-06,+998.17831069E-03,+1.29114319757E+00,+163.88190538E-03,+44.97483745E-03
+90.39500E-06,+1.03837931529E+00,+1.33134420216E+00,+189.63567396E-03,+4.77383286E-03
+90.42000E-06,+1.01702253157E+00,+1.29114319757E+00,+213.50502041E-03,-26.00506130E-03
+90.44500E-06,+1.02958534555E+00,+1.36275123702E+00,+204.08290997E-03,+16.08036542E-03
+90.47000E-06,+1.03712303387E+00,+1.33134420216E+00,+203.45476926E-03,-14.69852873E-03
+90.49500E-06,+998.17831069E-03,+1.34265073473E+00,+195.28894024E-03,+4.77383286E-03
+90.52000E-06,+998.17831069E-03,+1.33134420216E+00,+213.50502041E-03,+3.51755144E-03
+90.54500E-06,+1.00697228042E+00,+1.06752510946E+00,+239.88692970E-03,+36.18086772E-03
+90.57000E-06,+998.17831069E-03,+1.04868088858E+00,+223.55527156E-03,+5.40197357E-03
+90.59500E-06,+998.17831069E-03,+1.02732410487E+00,+330.33919004E-03,-92.58797518E-03
+90.62000E-06,+1.00069087353E+00,+1.00973616540E+00,+434.61054568E-03,-245.85430515E-03
+90.64500E-06,+1.00697228042E+00,+1.00973616540E+00,+445.28893754E-03,-267.83922957E-03
+90.67000E-06,+1.03963559670E+00,+1.04868088858E+00,+425.18843524E-03,-256.53269701E-03
+90.69500E-06,+998.17831069E-03,+998.42963284E-03,+445.28893754E-03,-267.83922957E-03
+90.72000E-06,+1.01953509441E+00,+1.00973616540E+00,+465.38943984E-03,-276.63319930E-03
+90.74500E-06,+998.17831069E-03,+1.29114319757E+00,+436.49496781E-03,-292.33671674E-03
+90.77000E-06,+999.43459211E-03,+1.29239947898E+00,+464.76129913E-03,-276.63319930E-03
+90.79500E-06,+1.04968584785E+00,+1.35395726729E+00,+198.42964369E-03,-20.97993572E-03
+90.82000E-06,+976.82152698E-03,+1.35018842304E+00,+204.08290997E-03,-5.90455900E-03
+90.84500E-06,+1.00697228042E+00,+1.33134420216E+00,+215.38944254E-03,+9.17081772E-03
+90.87000E-06,+1.07606775705E+00,+1.37028892534E+00,+184.61054838E-03,+24.24619445E-03
+90.89500E-06,+1.00948484326E+00,+1.34265073473E+00,+183.98240767E-03,+24.87433515E-03
+90.92000E-06,+1.01702253157E+00,+1.33134420216E+00,+193.40451811E-03,+15.45222471E-03
+90.94500E-06,+1.00697228042E+00,+1.05873113973E+00,+224.18341227E-03,+24.87433515E-03
+90.97000E-06,+1.03837931529E+00,+1.04993717000E+00,+164.51004609E-03,+24.87433515E-03
+90.99500E-06,+998.17831069E-03,+992.14822594E-03,+192.77637741E-03,+13.56780259E-03
+91.02000E-06,+1.01953509441E+00,+1.02858038628E+00,+153.20351352E-03,+26.13061657E-03
+91.04500E-06,+998.17831069E-03,+1.00973616540E+00,+152.57537281E-03,+36.18086772E-03
+91.07000E-06,+998.17831069E-03,+1.01099244682E+00,+163.25376467E-03,+4.77383286E-03
+91.09500E-06,+1.00948484326E+00,+1.00973616540E+00,+163.88190538E-03,+1.63312941E-03
+91.12000E-06,+998.17831069E-03,+1.04993717000E+00,+163.88190538E-03,-4.64827758E-03
+91.14500E-06,+1.06099238042E+00,+1.32255023243E+00,+143.78140308E-03,+4.77383286E-03
+91.17000E-06,+1.00069087353E+00,+1.33134420216E+00,+164.51004609E-03,+4.77383286E-03
+91.19500E-06,+1.03837931529E+00,+1.34265073473E+00,+445.28893754E-03,-207.53772268E-03
+91.22000E-06,+1.01702253157E+00,+1.33134420216E+00,+454.71104798E-03,-245.85430515E-03
+91.24500E-06,+1.02958534556E+00,+1.34013817189E+00,+496.79647470E-03,-276.63319930E-03
+91.27000E-06,+1.03837931529E+00,+1.33134420216E+00,+484.86180142E-03,-256.53269701E-03
+91.29500E-06,+1.02707278272E+00,+1.34265073473E+00,+465.38943984E-03,-242.08546099E-03
+91.32000E-06,+979.33408981E-03,+1.33134420216E+00,+454.71104798E-03,-267.21108886E-03
+91.34500E-06,+998.17831069E-03,+1.05873113973E+00,+521.29396186E-03,-252.13571214E-03
+91.37000E-06,+998.17831069E-03,+1.04993717000E+00,+484.86180142E-03,-256.53269701E-03
+91.39500E-06,+986.87177813E-03,+1.03863063743E+00,+327.82662720E-03,-190.57792383E-03
+91.42000E-06,+1.03837931529E+00,+1.00973616540E+00,+182.72612626E-03,+14.19594330E-03
+91.44500E-06,+998.17831069E-03,+1.00973616540E+00,+195.28894024E-03,+4.77383286E-03
+91.47000E-06,+1.03837931529E+00,+1.04868088858E+00,+164.51004609E-03,+63.19091762E-03
+91.49500E-06,+1.05596725475E+00,+1.03863063743E+00,+158.22863909E-03,+33.66830489E-03
+91.52000E-06,+1.03837931529E+00,+1.03109294912E+00,+153.20351352E-03,+14.19594330E-03
+91.54500E-06,+998.17831069E-03,+1.29114319757E+00,+123.68090078E-03,+24.87433515E-03
+91.57000E-06,+998.17831069E-03,+1.29114319757E+00,+145.03768450E-03,+5.40197357E-03
+91.59500E-06,+991.89690380E-03,+1.37154520676E+00,+183.98240767E-03,+24.87433515E-03
+91.62000E-06,+1.01702253157E+00,+1.35018842304E+00,+204.08290997E-03,-5.90455900E-03
+91.64500E-06,+1.00697228042E+00,+1.37154520676E+00,+183.98240767E-03,+24.87433515E-03
+91.67000E-06,+1.03712303387E+00,+1.37154520676E+00,+224.81155298E-03,+4.14569215E-03
+91.69500E-06,+1.00948484326E+00,+1.37154520676E+00,+204.08290997E-03,+4.77383286E-03
+91.72000E-06,+998.17831069E-03,+1.31249998128E+00,+183.98240767E-03,+4.77383286E-03
+91.74500E-06,+1.03837931529E+00,+1.05873113973E+00,+219.78642740E-03,+36.18086772E-03
+91.77000E-06,+999.43459211E-03,+1.08762561176E+00,+164.51004609E-03,+24.87433515E-03
+91.79500E-06,+1.00948484326E+00,+980.84169338E-03,+344.78642605E-03,-95.72867863E-03
+91.82000E-06,+998.17831069E-03,+1.00973616540E+00,+425.18843524E-03,-256.53269701E-03
+91.84500E-06,+1.03837931529E+00,+1.03234923054E+00,+429.58542011E-03,-256.53269701E-03
+91.87000E-06,+998.17831069E-03,+1.00973616540E+00,+444.66079683E-03,-276.63319930E-03
+91.89500E-06,+998.17831069E-03,+1.00973616540E+00,+439.63567126E-03,-256.53269701E-03
+91.92000E-06,+1.01702253157E+00,+1.03109294912E+00,+435.86682710E-03,-276.63319930E-03
+91.94500E-06,+1.02958534556E+00,+1.29114319757E+00,+429.58542011E-03,-256.53269701E-03
+91.97000E-06,+998.17831069E-03,+1.29239947898E+00,+445.91707825E-03,-296.10556089E-03
+91.99500E-06,+1.03837931529E+00,+1.32003766959E+00,+218.53014599E-03,-41.08043802E-03
+92.02000E-06,+1.01702253157E+00,+1.33134420216E+00,+204.08290997E-03,+4.77383286E-03
+92.04500E-06,+1.02958534556E+00,+1.29993716730E+00,+183.98240767E-03,+24.87433515E-03
+92.07000E-06,+1.03712303387E+00,+1.37028892534E+00,+204.08290997E-03,+4.77383286E-03
+92.09500E-06,+1.05596725475E+00,+1.33134420216E+00,+189.63567396E-03,-4.02013687E-03
+92.12000E-06,+1.03837931529E+00,+1.35270098588E+00,+204.08290997E-03,+14.19594330E-03
+92.14500E-06,+966.77127583E-03,+1.05873113973E+00,+208.47989484E-03,+24.87433515E-03
+92.17000E-06,+1.03837931529E+00,+1.04993717000E+00,+183.35426696E-03,+24.24619445E-03
+92.19500E-06,+998.17831069E-03,+1.00973616540E+00,+204.08290997E-03,-15.32666944E-03
+92.22000E-06,+1.01953509441E+00,+1.04993717000E+00,+195.91708095E-03,-4.64827758E-03
+92.24500E-06,+1.00697228042E+00,+969.53516081E-03,+188.37939254E-03,+4.77383286E-03
+92.27000E-06,+1.07858031988E+00,+1.01099244682E+00,+183.98240767E-03,+4.77383286E-03
+92.29500E-06,+1.00948484326E+00,+1.00973616540E+00,+189.63567396E-03,+4.77383286E-03
+92.32000E-06,+1.05973609900E+00,+1.03109294912E+00,+183.98240767E-03,+4.77383286E-03
+92.34500E-06,+1.02958534556E+00,+1.29114319757E+00,+143.78140308E-03,-10.92968457E-03
+92.37000E-06,+1.03837931529E+00,+1.33134420216E+00,+183.98240767E-03,+24.24619445E-03
+92.39500E-06,+1.02707278272E+00,+1.33134420216E+00,+454.08290727E-03,-250.87943072E-03
+92.42000E-06,+957.97730610E-03,+1.33134420216E+00,+474.81155028E-03,-286.05530974E-03
+92.44500E-06,+1.00697228042E+00,+1.36275123703E+00,+481.09295727E-03,-296.73370160E-03
+92.47000E-06,+1.03712303387E+00,+1.37154520676E+00,+505.59044443E-03,-277.26134001E-03
+92.49500E-06,+998.17831069E-03,+1.33134420216E+00,+479.83667585E-03,-305.52767133E-03
+92.52000E-06,+1.01702253157E+00,+1.35270098588E+00,+496.16833399E-03,-276.63319930E-03
+92.54500E-06,+998.17831069E-03,+1.05873113973E+00,+505.59044443E-03,-256.53269701E-03
+92.57000E-06,+1.07606775704E+00,+1.04868088858E+00,+485.48994213E-03,-277.26134001E-03
+92.59500E-06,+969.28383867E-03,+998.42963284E-03,+319.03265747E-03,-176.13068782E-03
+92.62000E-06,+998.17831069E-03,+1.02858038628E+00,+194.66079953E-03,-5.90455900E-03
+92.64500E-06,+989.38434096E-03,+1.00973616540E+00,+199.68592511E-03,+9.17081772E-03
+92.67000E-06,+999.43459211E-03,+1.01099244682E+00,+183.35426696E-03,+24.24619445E-03
+92.69500E-06,+1.03837931529E+00,+1.03863063743E+00,+163.88190538E-03,+4.77383286E-03
+92.72000E-06,+1.03837931529E+00,+1.03109294912E+00,+174.56029724E-03,+4.77383286E-03
+92.74500E-06,+1.00697228042E+00,+1.32255023243E+00,+163.88190538E-03,+376.84799E-06
+92.77000E-06,+1.03712303387E+00,+1.29239947899E+00,+183.98240767E-03,+5.40197357E-03
+92.79500E-06,+1.06727378731E+00,+1.34265073473E+00,+204.08290997E-03,+19.22106887E-03
+92.82000E-06,+1.01953509441E+00,+1.35018842304E+00,+193.40451811E-03,+4.77383286E-03
+92.84500E-06,+1.00697228042E+00,+1.36275123703E+00,+188.37939254E-03,+20.47735029E-03
+92.87000E-06,+1.03712303387E+00,+1.33260048358E+00,+203.45476926E-03,+5.40197357E-03
+92.89500E-06,+998.17831069E-03,+1.33134420216E+00,+160.74120193E-03,+39.32157117E-03
+92.92000E-06,+979.33408981E-03,+1.35018842304E+00,+194.66079953E-03,-5.90455900E-03
+92.94500E-06,+998.17831069E-03,+1.05873113973E+00,+224.18341227E-03,+40.57785259E-03
+92.97000E-06,+1.03837931529E+00,+1.08888189317E+00,+202.82662855E-03,+5.40197357E-03
+92.99500E-06,+998.17831069E-03,+1.03863063743E+00,+344.78642605E-03,-112.68847748E-03
+93.02000E-06,+1.04089187813E+00,+1.03109294912E+00,+435.86682710E-03,-256.53269701E-03
+93.04500E-06,+998.17831069E-03,+1.00094219568E+00,+449.68592240E-03,-260.92968187E-03
+93.07000E-06,+1.03712303387E+00,+1.01099244682E+00,+445.28893754E-03,-277.26134001E-03
+93.09500E-06,+1.00948484326E+00,+1.04993717000E+00,+445.28893754E-03,-242.08546099E-03
+93.12000E-06,+998.17831069E-03,+1.04993717000E+00,+454.71104798E-03,-267.21108887E-03
+93.14500E-06,+1.00697228042E+00,+1.25973616270E+00,+425.18843524E-03,-276.63319930E-03
+93.17000E-06,+996.92202927E-03,+1.29114319757E+00,+465.38943984E-03,-276.63319930E-03
+93.19500E-06,+1.02707278272E+00,+1.36023867419E+00,+218.53014598E-03,-6.53269971E-03
+93.22000E-06,+998.17831069E-03,+1.30998741844E+00,+224.18341227E-03,-15.32666944E-03
+93.24500E-06,+998.17831069E-03,+1.33134420216E+00,+224.18341227E-03,-10.92968458E-03
+93.27000E-06,+1.03712303387E+00,+1.33008792074E+00,+203.45476926E-03,+4.77383286E-03
+93.29500E-06,+1.00948484326E+00,+1.36023867419E+00,+195.28894024E-03,-879.43343E-06
+93.32000E-06,+1.03837931529E+00,+1.37154520676E+00,+204.08290997E-03,+23.61805373E-03
+93.34500E-06,+998.17831069E-03,+1.05873113973E+00,+224.18341227E-03,+44.97483745E-03
+93.37000E-06,+1.03837931529E+00,+1.04868088858E+00,+204.08290997E-03,+25.50247586E-03
+93.39500E-06,+998.17831069E-03,+1.00973616540E+00,+183.98240767E-03,+4.77383286E-03
+93.42000E-06,+998.17831069E-03,+1.02858038628E+00,+143.78140308E-03,+24.87433515E-03
+93.44500E-06,+1.02958534556E+00,+1.00973616540E+00,+143.78140308E-03,+24.87433515E-03
+93.47000E-06,+1.03712303387E+00,+1.00973616540E+00,+143.15326237E-03,+44.97483745E-03
+93.49500E-06,+1.03837931529E+00,+1.03863063743E+00,+172.67587511E-03,+30.52760144E-03
+93.52000E-06,+1.03837931529E+00,+1.02858038628E+00,+154.45979494E-03,+24.87433515E-03
+93.54500E-06,+1.02958534556E+00,+1.32255023243E+00,+128.07788565E-03,+20.47735029E-03
+93.57000E-06,+999.43459211E-03,+1.29239947899E+00,+182.72612625E-03,+24.24619444E-03
+93.59500E-06,+1.02707278272E+00,+1.36023867419E+00,+450.94220382E-03,-216.33169241E-03
+93.62000E-06,+998.17831069E-03,+1.35270098588E+00,+454.71104798E-03,-236.43219471E-03
+93.64500E-06,+1.00697228042E+00,+1.33134420216E+00,+465.38943984E-03,-256.53269701E-03
+93.67000E-06,+960.48986894E-03,+1.29365576041E+00,+466.01758055E-03,-256.53269701E-03
+93.69500E-06,+980.59037124E-03,+1.36023867419E+00,+459.73617355E-03,-282.28646559E-03
+93.72000E-06,+998.17831069E-03,+1.33385676500E+00,+485.48994213E-03,-245.85430515E-03
+93.74500E-06,+1.00697228042E+00,+1.09013817459E+00,+501.19345957E-03,-240.82917957E-03
+93.77000E-06,+998.17831069E-03,+1.04993717000E+00,+484.86180142E-03,-276.00505859E-03
+93.79500E-06,+986.87177812E-03,+1.00973616540E+00,+333.47989348E-03,-181.78395410E-03
+93.82000E-06,+1.03837931529E+00,+1.00973616540E+00,+183.98240767E-03,+15.45222472E-03
+93.84500E-06,+1.02079137583E+00,+978.32913054E-03,+183.98240767E-03,+376.84799E-06
+93.87000E-06,+999.43459211E-03,+1.01099244682E+00,+164.51004609E-03,+4.77383286E-03
+93.89500E-06,+1.03837931529E+00,+992.14822595E-03,+178.32914139E-03,+19.22106887E-03
+93.92000E-06,+979.33408982E-03,+1.00973616540E+00,+173.30401582E-03,+15.45222472E-03
+93.94500E-06,+989.38434096E-03,+1.25973616270E+00,+132.47487051E-03,+9.17081772E-03
+93.97000E-06,+998.17831069E-03,+1.33134420216E+00,+164.51004609E-03,+24.24619444E-03
+93.99500E-06,+1.02707278272E+00,+1.33134420216E+00,+158.22863909E-03,+53.76880718E-03
+94.02000E-06,+998.17831069E-03,+1.35270098588E+00,+204.08290997E-03,-15.32666944E-03
+94.04500E-06,+1.03837931529E+00,+1.36275123703E+00,+163.88190538E-03,+29.27132002E-03
+94.07000E-06,+998.17831069E-03,+1.33134420216E+00,+204.08290997E-03,+23.61805373E-03
+94.09500E-06,+969.28383867E-03,+1.36023867419E+00,+163.88190538E-03,+4.77383286E-03
+94.12000E-06,+998.17831069E-03,+1.33134420216E+00,+204.08290997E-03,+4.77383286E-03
+94.14500E-06,+1.02958534556E+00,+1.05873113973E+00,+204.08290997E-03,+40.57785259E-03
+94.17000E-06,+1.07858031988E+00,+1.08762561175E+00,+204.08290997E-03,+5.40197357E-03
+94.19500E-06,+969.28383867E-03,+992.14822595E-03,+330.33919004E-03,-101.38194491E-03
+94.22000E-06,+1.01702253157E+00,+1.02858038628E+00,+445.28893754E-03,-245.85430515E-03
+94.24500E-06,+998.17831069E-03,+1.00973616540E+00,+429.58542011E-03,-252.13571214E-03
+94.27000E-06,+998.17831069E-03,+1.04868088858E+00,+445.28893754E-03,-256.53269701E-03
+94.29500E-06,+969.28383867E-03,+992.14822595E-03,+445.28893754E-03,-270.97993302E-03
+94.32000E-06,+1.03837931529E+00,+988.37938169E-03,+434.61054568E-03,-256.53269701E-03
+94.34500E-06,+998.17831069E-03,+1.32255023243E+00,+440.89195268E-03,-292.33671674E-03
+94.37000E-06,+996.92202927E-03,+1.29239947899E+00,+425.18843524E-03,-276.63319930E-03
+94.39500E-06,+1.03837931529E+00,+1.31375626271E+00,+204.08290997E-03,+4.77383286E-03
+94.42000E-06,+1.01953509441E+00,+1.30998741844E+00,+183.98240767E-03,+4.77383286E-03
+94.44500E-06,+998.17831069E-03,+1.36275123703E+00,+168.27889024E-03,+24.87433515E-03
+94.47000E-06,+999.43459211E-03,+1.29239947899E+00,+184.61054838E-03,+44.97483745E-03
+94.49500E-06,+998.17831069E-03,+1.33134420216E+00,+169.53517166E-03,+39.32157117E-03
+94.52000E-06,+979.33408982E-03,+1.35270098588E+00,+143.78140308E-03,+15.45222472E-03
+94.54500E-06,+1.00697228042E+00,+1.05873113973E+00,+219.78642741E-03,+60.67835489E-03
+94.57000E-06,+1.03712303387E+00,+1.01099244683E+00,+202.82662855E-03,+25.50247587E-03
+94.59500E-06,+998.17831069E-03,+1.02732410486E+00,+178.32914139E-03,-879.43343E-06
+94.62000E-06,+1.03837931529E+00,+1.04993717000E+00,+163.88190538E-03,+14.19594330E-03
+94.64500E-06,+980.59037124E-03,+1.00973616540E+00,+183.98240767E-03,+4.77383286E-03
+94.67000E-06,+1.03712303387E+00,+970.79144223E-03,+183.35426696E-03,+4.77383286E-03
+94.69500E-06,+1.05596725474E+00,+998.42963283E-03,+169.53517166E-03,+4.77383286E-03
+94.72000E-06,+1.01953509441E+00,+1.00973616540E+00,+143.78140308E-03,+24.87433515E-03
+94.74500E-06,+1.06978635015E+00,+1.29114319757E+00,+128.07788565E-03,+9.17081772E-03
+94.77000E-06,+998.17831069E-03,+1.29239947899E+00,+163.88190538E-03,+24.87433515E-03
+94.79500E-06,+969.28383867E-03,+1.33134420216E+00,+454.08290727E-03,-230.77892842E-03
+94.82000E-06,+976.82152697E-03,+1.33134420216E+00,+465.38943984E-03,-256.53269701E-03
+94.84500E-06,+1.03837931529E+00,+1.29993716729E+00,+460.99245497E-03,-281.03018417E-03
+94.87000E-06,+1.03712303387E+00,+1.33134420216E+00,+447.17335967E-03,-257.16083772E-03
+94.89500E-06,+1.03837931529E+00,+1.36023867418E+00,+465.38943984E-03,-256.53269701E-03
+94.92000E-06,+1.01702253157E+00,+1.33134420216E+00,+485.48994213E-03,-265.95480744E-03
+94.94500E-06,+1.00697228042E+00,+1.08134420487E+00,+521.29396186E-03,-256.53269701E-03
+94.97000E-06,+1.07732403846E+00,+1.04993717000E+00,+445.28893754E-03,-255.27641559E-03
+94.99500E-06,+998.17831069E-03,+980.84169338E-03,+313.37939118E-03,-170.47742153E-03
+95.02000E-06,+1.03837931529E+00,+1.00973616540E+00,+163.88190538E-03,+24.87433515E-03
+95.04500E-06,+957.97730610E-03,+978.32913054E-03,+179.58542281E-03,+376.84799E-06
+95.07000E-06,+999.43459211E-03,+1.01099244683E+00,+163.88190538E-03,+5.40197357E-03
+95.09500E-06,+1.02707278272E+00,+998.42963283E-03,+183.98240767E-03,+10.42709914E-03
+95.12000E-06,+1.01702253157E+00,+1.04993717000E+00,+145.03768450E-03,+34.29644559E-03
+95.14500E-06,+1.02958534556E+00,+1.32255023243E+00,+148.17838794E-03,+4.77383286E-03
+95.17000E-06,+999.43459211E-03,+1.29239947899E+00,+163.88190538E-03,+5.40197357E-03
+95.19500E-06,+1.03837931529E+00,+1.33134420216E+00,+195.28894025E-03,+24.87433515E-03
+95.22000E-06,+1.01702253157E+00,+1.33134420216E+00,+214.76130183E-03,+26.13061658E-03
+95.24500E-06,+998.17831069E-03,+1.33134420216E+00,+172.67587510E-03,+24.87433515E-03
+95.27000E-06,+998.17831069E-03,+1.33134420216E+00,+184.61054839E-03,+5.40197357E-03
+95.29500E-06,+1.00948484326E+00,+1.33134420216E+00,+183.98240767E-03,+50.62810374E-03
+95.32000E-06,+1.01702253157E+00,+1.35270098588E+00,+173.30401581E-03,+24.87433515E-03
+95.34500E-06,+998.17831069E-03,+1.05873113973E+00,+228.58039713E-03,+29.27132002E-03
+95.37000E-06,+999.43459211E-03,+1.08888189317E+00,+202.82662855E-03,+5.40197357E-03
+95.39500E-06,+986.87177812E-03,+1.00973616540E+00,+335.99245633E-03,-107.03521120E-03
+95.42000E-06,+1.01702253157E+00,+1.05244973284E+00,+445.28893754E-03,-256.53269701E-03
+95.44500E-06,+1.00697228042E+00,+1.00094219568E+00,+465.38943984E-03,-256.53269701E-03
+95.47000E-06,+1.03837931529E+00,+1.01099244683E+00,+465.38943984E-03,-257.16083772E-03
+95.49500E-06,+1.02707278272E+00,+1.03863063743E+00,+465.38943984E-03,-262.18596329E-03
+95.52000E-06,+1.03837931529E+00,+1.00973616540E+00,+454.71104798E-03,-276.63319930E-03
+95.54500E-06,+1.00697228042E+00,+1.29114319757E+00,+436.49496781E-03,-260.92968187E-03
+95.57000E-06,+998.17831069E-03,+1.33134420216E+00,+426.44471666E-03,-276.63319930E-03
+95.59500E-06,+1.03837931529E+00,+1.38913314621E+00,+169.53517166E-03,-24.12063917E-03
+95.62000E-06,+1.01953509441E+00,+1.31249998129E+00,+193.40451811E-03,+4.77383286E-03
+95.64500E-06,+1.00697228042E+00,+1.37154520676E+00,+199.68592511E-03,+24.87433515E-03
+95.67000E-06,+1.03712303386E+00,+1.33134420216E+00,+183.98240767E-03,+44.34669674E-03
+95.69500E-06,+998.17831069E-03,+1.33134420216E+00,+204.08290997E-03,+24.87433515E-03
+95.72000E-06,+1.01702253157E+00,+1.35270098588E+00,+163.88190538E-03,+34.29644559E-03
+95.74500E-06,+1.03837931529E+00,+1.09013817459E+00,+219.78642741E-03,+44.97483745E-03
+95.77000E-06,+1.07606775704E+00,+1.04993717000E+00,+164.51004609E-03,+44.97483745E-03
+95.79500E-06,+975.56524555E-03,+1.00973616540E+00,+163.88190538E-03,+4.77383286E-03
+95.82000E-06,+998.17831069E-03,+1.00973616540E+00,+134.35929264E-03,+34.29644559E-03
+95.84500E-06,+1.00697228042E+00,+978.32913054E-03,+163.88190538E-03,+36.18086773E-03
+95.87000E-06,+960.48986894E-03,+1.04993717000E+00,+143.15326237E-03,+5.40197357E-03
+95.89500E-06,+998.17831069E-03,+1.07883164202E+00,+158.22863909E-03,+24.87433515E-03
+95.92000E-06,+1.01702253157E+00,+1.03109294912E+00,+154.45979494E-03,+24.87433515E-03
+95.94500E-06,+1.02958534556E+00,+1.29114319757E+00,+148.17838794E-03,+20.47735029E-03
+95.97000E-06,+999.43459212E-03,+1.29114319757E+00,+163.88190538E-03,+6.03011428E-03
+95.99500E-06,+1.02707278272E+00,+1.33134420216E+00,+456.59547011E-03,-236.43219471E-03
+96.02000E-06,+998.17831069E-03,+1.33134420216E+00,+496.16833399E-03,-267.21108887E-03
+96.04500E-06,+1.02958534556E+00,+1.33134420216E+00,+485.48994213E-03,-276.63319930E-03
+96.07000E-06,+999.43459212E-03,+1.33260048358E+00,+485.48994213E-03,-295.47742018E-03
+96.09500E-06,+998.17831069E-03,+1.32003766959E+00,+485.48994213E-03,-311.18093761E-03
+96.12000E-06,+979.33408982E-03,+1.33134420216E+00,+484.23366071E-03,-286.05530974E-03
+96.14500E-06,+1.02958534556E+00,+1.05873113972E+00,+525.69094673E-03,-276.63319930E-03
+96.17000E-06,+1.03837931529E+00,+1.04993717000E+00,+484.86180142E-03,-276.00505859E-03
+96.19500E-06,+957.97730610E-03,+998.42963283E-03,+333.47989348E-03,-196.23119012E-03
+96.22000E-06,+1.05973609901E+00,+1.01224872825E+00,+193.40451811E-03,+26.13061658E-03
+96.24500E-06,+998.17831069E-03,+978.32913053E-03,+163.88190538E-03,+376.84799E-06
+96.27000E-06,+999.43459212E-03,+1.04868088858E+00,+183.35426696E-03,+24.24619444E-03
+96.29500E-06,+1.03837931529E+00,+1.03863063743E+00,+178.32914139E-03,+16.08036543E-03
+96.32000E-06,+1.04089187813E+00,+1.03109294913E+00,+154.45979494E-03,+35.55272702E-03
+96.34500E-06,+998.17831069E-03,+1.29114319757E+00,+134.98743335E-03,+29.27132002E-03
+96.37000E-06,+1.03837931529E+00,+1.33008792074E+00,+144.40954379E-03,+25.50247587E-03
+96.39500E-06,+969.28383867E-03,+1.36023867418E+00,+178.32914139E-03,+16.08036543E-03
+96.42000E-06,+998.17831069E-03,+1.35018842303E+00,+204.08290997E-03,+14.19594329E-03
+96.44500E-06,+1.03837931529E+00,+1.34013817189E+00,+204.08290997E-03,+9.17081772E-03
+96.47000E-06,+1.03712303386E+00,+1.33134420216E+00,+204.08290997E-03,+5.40197357E-03
+96.49500E-06,+1.04968584786E+00,+1.34265073473E+00,+218.53014598E-03,-879.43343E-06
+96.52000E-06,+1.01702253157E+00,+1.30998741844E+00,+183.98240767E-03,+24.87433515E-03
+96.54500E-06,+1.02958534556E+00,+1.05873113972E+00,+208.47989483E-03,+24.87433515E-03
+96.57000E-06,+1.03837931529E+00,+1.01099244683E+00,+183.98240767E-03,+24.87433515E-03
+96.59500E-06,+998.17831069E-03,+980.84169338E-03,+324.68592376E-03,-95.72867863E-03
+96.62000E-06,+1.00069087354E+00,+1.00973616540E+00,+435.86682710E-03,-267.21108887E-03
+96.64500E-06,+989.38434097E-03,+1.04114320027E+00,+445.28893754E-03,-256.53269701E-03
+96.67000E-06,+1.03837931529E+00,+1.04868088857E+00,+445.28893754E-03,-276.00505859E-03
+96.69500E-06,+1.03837931529E+00,+1.00973616540E+00,+459.73617355E-03,-276.63319930E-03
+96.72000E-06,+1.03837931529E+00,+1.00722360256E+00,+454.71104798E-03,-296.73370160E-03
+96.74500E-06,+1.02958534556E+00,+1.29114319757E+00,+425.18843524E-03,-292.33671674E-03
+96.77000E-06,+998.17831069E-03,+1.29239947899E+00,+484.23366071E-03,-296.73370160E-03
+96.79500E-06,+998.17831069E-03,+1.33134420216E+00,+224.18341227E-03,-6.53269972E-03
+96.82000E-06,+1.01702253157E+00,+1.35018842303E+00,+214.76130183E-03,+4.77383286E-03
+96.84500E-06,+1.06099238043E+00,+1.33134420216E+00,+199.68592511E-03,-10.92968458E-03
+96.87000E-06,+999.43459212E-03,+1.33134420216E+00,+204.71105068E-03,+24.24619444E-03
+96.89500E-06,+1.00948484327E+00,+1.33134420216E+00,+169.53517166E-03,+10.42709914E-03
+96.92000E-06,+1.03837931529E+00,+1.33134420216E+00,+183.98240767E-03,+35.55272702E-03
+96.94500E-06,+966.77127582E-03,+1.09013817459E+00,+208.47989483E-03,+56.28137003E-03
+96.97000E-06,+998.17831069E-03,+1.00973616540E+00,+203.45476926E-03,+5.40197357E-03
+96.99500E-06,+998.17831069E-03,+1.02104269798E+00,+198.42964368E-03,-20.97993573E-03
+97.02000E-06,+1.03837931529E+00,+1.03109294913E+00,+183.98240767E-03,+4.77383286E-03
+97.04500E-06,+989.38434097E-03,+1.00973616540E+00,+168.27889024E-03,+9.17081772E-03
+97.07000E-06,+999.43459212E-03,+1.00973616540E+00,+203.45476926E-03,+24.87433515E-03
+97.09500E-06,+1.04466072216E+00,+1.03863063743E+00,+189.63567396E-03,+19.22106887E-03
+97.12000E-06,+1.01953509441E+00,+1.03109294913E+00,+193.40451811E-03,+4.77383286E-03
+97.14500E-06,+1.02958534556E+00,+1.29114319757E+00,+155.08793565E-03,+4.77383286E-03
+97.17000E-06,+996.92202927E-03,+1.33134420216E+00,+163.88190538E-03,+5.40197357E-03
+97.19500E-06,+998.17831069E-03,+1.34265073473E+00,+454.08290726E-03,-216.33169241E-03
+97.22000E-06,+1.01953509441E+00,+1.30998741844E+00,+446.54521896E-03,-256.53269701E-03
+97.24500E-06,+1.03837931529E+00,+1.34013817188E+00,+460.99245497E-03,-260.92968187E-03
+97.27000E-06,+1.03712303386E+00,+1.40923364850E+00,+465.38943984E-03,-257.16083772E-03
+97.29500E-06,+1.02707278271E+00,+1.34265073473E+00,+459.73617355E-03,-250.87943072E-03
+97.32000E-06,+1.01702253156E+00,+1.37154520676E+00,+474.81155027E-03,-257.78897843E-03
+97.34500E-06,+998.17831069E-03,+1.04993717000E+00,+505.59044443E-03,-232.03520985E-03
+97.37000E-06,+1.03837931529E+00,+1.04993717000E+00,+464.76129912E-03,-255.90455629E-03
+97.39500E-06,+957.97730610E-03,+1.00973616540E+00,+333.47989348E-03,-176.13068782E-03
+97.42000E-06,+998.17831069E-03,+1.00973616540E+00,+174.56029724E-03,+24.87433515E-03
+97.44500E-06,+989.38434097E-03,+1.00973616540E+00,+188.37939254E-03,+4.77383286E-03
+97.47000E-06,+1.03712303386E+00,+1.01099244683E+00,+163.88190538E-03,+24.24619444E-03
+97.49500E-06,+1.00948484327E+00,+1.00973616540E+00,+178.32914139E-03,-9.67340315E-03
+97.52000E-06,+1.01702253156E+00,+1.04993717000E+00,+194.66079954E-03,+14.19594329E-03
+97.54500E-06,+1.02958534556E+00,+1.29114319757E+00,+179.58542281E-03,-15.32666944E-03
+97.57000E-06,+999.43459212E-03,+1.37028892533E+00,+183.35426696E-03,+4.77383286E-03
+97.59500E-06,+1.03837931529E+00,+1.34265073473E+00,+183.98240767E-03,+24.87433515E-03
+97.62000E-06,+998.17831069E-03,+1.30998741844E+00,+214.76130183E-03,+24.87433515E-03
+97.64500E-06,+1.02079137584E+00,+1.33134420216E+00,+219.78642741E-03,+24.87433515E-03
+97.67000E-06,+998.17831069E-03,+1.33134420216E+00,+203.45476926E-03,+4.77383286E-03
+97.69500E-06,+998.17831069E-03,+1.34265073473E+00,+160.74120194E-03,+24.87433515E-03
+97.72000E-06,+1.01702253156E+00,+1.33134420216E+00,+173.30401581E-03,+35.55272702E-03
+97.74500E-06,+966.77127582E-03,+1.05873113972E+00,+219.78642741E-03,+20.47735029E-03
+97.77000E-06,+1.03712303386E+00,+1.04868088857E+00,+183.98240767E-03,+24.87433515E-03
+97.79500E-06,+998.17831069E-03,+1.03863063742E+00,+335.99245633E-03,-101.38194492E-03
+97.82000E-06,+1.01953509442E+00,+1.01224872826E+00,+445.28893754E-03,-245.85430515E-03
+97.84500E-06,+998.17831069E-03,+1.04114320028E+00,+449.68592240E-03,-292.33671674E-03
+97.87000E-06,+1.07732403846E+00,+970.79144224E-03,+445.28893754E-03,-276.63319930E-03
+97.89500E-06,+998.17831069E-03,+1.03863063742E+00,+459.73617355E-03,-262.18596329E-03
+97.92000E-06,+998.17831069E-03,+1.00973616540E+00,+445.28893754E-03,-256.53269701E-03
+97.94500E-06,+1.00697228042E+00,+1.25973616269E+00,+440.89195268E-03,-287.93973188E-03
+97.97000E-06,+998.17831069E-03,+1.29239947899E+00,+425.81657595E-03,-257.16083772E-03
+97.99500E-06,+1.00948484327E+00,+1.34265073474E+00,+183.98240767E-03,+4.77383286E-03
+98.02000E-06,+976.82152697E-03,+1.35018842303E+00,+214.76130183E-03,-4.64827758E-03
+98.04500E-06,+1.00697228042E+00,+1.37154520676E+00,+195.28894025E-03,+9.17081772E-03
+98.07000E-06,+1.03712303386E+00,+1.33008792074E+00,+202.82662855E-03,+24.87433515E-03
+98.09500E-06,+1.00948484327E+00,+1.34265073474E+00,+204.08290997E-03,+4.77383286E-03
+98.12000E-06,+1.01702253156E+00,+1.35270098588E+00,+173.30401581E-03,+23.61805373E-03
+98.14500E-06,+998.17831069E-03,+1.05873113972E+00,+204.08290997E-03,+29.27132002E-03
+98.17000E-06,+1.07732403846E+00,+1.08762561174E+00,+183.35426696E-03,+25.50247587E-03
+98.19500E-06,+998.17831069E-03,+998.42963283E-03,+178.32914139E-03,+4.77383286E-03
+98.22000E-06,+998.17831069E-03,+1.03109294913E+00,+143.78140308E-03,+43.71855603E-03
+98.24500E-06,+980.59037125E-03,+1.00973616540E+00,+152.57537280E-03,+36.18086773E-03
+98.27000E-06,+1.03712303386E+00,+1.00973616540E+00,+163.25376466E-03,+24.87433515E-03
+98.29500E-06,+1.03837931529E+00,+1.02732410485E+00,+149.43466937E-03,+30.52760144E-03
+98.32000E-06,+998.17831069E-03,+1.02858038628E+00,+153.20351352E-03,+24.87433515E-03
+98.34500E-06,+998.17831069E-03,+1.29114319757E+00,+128.07788564E-03,+24.87433515E-03
+98.37000E-06,+959.23358752E-03,+1.29239947899E+00,+163.88190538E-03,+5.40197357E-03
+98.39500E-06,+1.02707278271E+00,+1.34265073474E+00,+471.04270612E-03,-242.08546100E-03
+98.42000E-06,+1.01953509442E+00,+1.33134420216E+00,+466.64572126E-03,-255.27641558E-03
+98.44500E-06,+1.02079137584E+00,+1.33134420216E+00,+485.48994213E-03,-260.92968187E-03
+98.47000E-06,+1.03837931529E+00,+1.37154520676E+00,+466.01758055E-03,-276.63319930E-03
+98.49500E-06,+986.87177812E-03,+1.33134420216E+00,+456.59547011E-03,-270.97993302E-03
+98.52000E-06,+998.17831069E-03,+1.33134420216E+00,+464.13315841E-03,-276.63319930E-03
+98.54500E-06,+1.03837931529E+00,+1.09013817459E+00,+501.19345957E-03,-256.53269701E-03
+98.57000E-06,+996.92202927E-03,+1.04993717000E+00,+505.59044443E-03,-296.10556089E-03
+98.59500E-06,+998.17831069E-03,+1.00973616540E+00,+313.37939118E-03,-176.13068782E-03
+98.62000E-06,+1.01702253156E+00,+1.03109294913E+00,+163.88190538E-03,+24.87433515E-03
+98.64500E-06,+989.38434097E-03,+1.04114320028E+00,+179.58542281E-03,+13.56780258E-03
+98.67000E-06,+1.03837931529E+00,+1.04993717000E+00,+143.78140308E-03,+24.24619444E-03
+98.69500E-06,+1.03837931529E+00,+1.03863063742E+00,+158.22863909E-03,+24.87433515E-03
+98.72000E-06,+979.33408982E-03,+1.00973616540E+00,+143.78140308E-03,+26.13061658E-03
+98.74500E-06,+1.27079137313E+00,+1.25094219297E+00,+128.07788564E-03,-10.92968458E-03
+98.77000E-06,+1.31853006602E+00,+1.33008792073E+00,+143.78140308E-03,+43.71855603E-03
+98.79500E-06,+1.37129388462E+00,+1.37154520676E+00,+118.02763449E-03,-29.77390545E-03
+98.82000E-06,+1.29842956372E+00,+1.37154520676E+00,+276.31909015E-03,+55.65322931E-03
+98.84500E-06,+1.41777629608E+00,+1.38033917648E+00,+168.27889024E-03,+24.87433515E-03
+98.87000E-06,+1.27958534285E+00,+1.29114319757E+00,+204.08290997E-03,+44.34669674E-03
+98.89500E-06,+1.40018835664E+00,+1.38285173933E+00,+198.42964368E-03,+44.97483745E-03
+98.92000E-06,+1.30094212658E+00,+1.31249998129E+00,+193.40451811E-03,+23.61805373E-03
+98.94500E-06,+1.11878132448E+00,+1.13033917919E+00,+244.28391457E-03,+80.77885719E-03
+98.97000E-06,+1.07858031988E+00,+1.04993717000E+00,+164.51004609E-03,+44.97483745E-03
+98.99500E-06,+946.67077352E-03,+918.02762364E-03,+310.23868775E-03,-61.18094032E-03
+99.02000E-06,+1.03837931529E+00,+969.53516081E-03,+263.12813544E-03,-359.54777135E-03
+99.04500E-06,+917.77630150E-03,+929.33415622E-03,+476.69597241E-03,-281.03018417E-03
+99.07000E-06,+1.12003760590E+00,+1.09013817459E+00,+404.45979223E-03,-257.16083772E-03
+99.09500E-06,+917.77630150E-03,+998.42963283E-03,+439.63567125E-03,-291.08043531E-03
+99.12000E-06,+1.07858031988E+00,+1.07129395372E+00,+426.44471667E-03,-297.98998303E-03
+99.14500E-06,+1.23938433826E+00,+1.25094219297E+00,+384.98743065E-03,-265.32666673E-03
+99.17000E-06,+1.28209790571E+00,+1.29114319757E+00,+445.91707825E-03,-296.10556089E-03
+99.19500E-06,+1.40018835664E+00,+1.35395726731E+00,+149.43466937E-03,-20.97993573E-03
+99.22000E-06,+1.33863056832E+00,+1.35270098589E+00,+264.38441686E-03,+35.55272702E-03
+99.24500E-06,+1.40898232636E+00,+1.40295224163E+00,+179.58542281E-03,+40.57785259E-03
+99.27000E-06,+1.27958534285E+00,+1.33134420216E+00,+184.61054839E-03,+6.03011428E-03
+99.29500E-06,+1.35998735204E+00,+1.33134420216E+00,+215.38944255E-03,+19.22106887E-03
+99.32000E-06,+1.26074112198E+00,+1.33134420216E+00,+193.40451811E-03,+44.97483745E-03
+99.34500E-06,+1.11878132448E+00,+1.09893214431E+00,+275.69094944E-03,+56.28137003E-03
+99.37000E-06,+1.07606775703E+00,+1.05119345143E+00,+203.45476926E-03,+44.34669674E-03
+99.39500E-06,+975.56524554E-03,+980.84169339E-03,+204.08290997E-03,-879.43343E-06
+99.42000E-06,+1.05722353616E+00,+1.04993717000E+00,+123.68090078E-03,-5.90455900E-03
+99.44500E-06,+989.38434097E-03,+969.53516081E-03,+179.58542281E-03,+24.87433515E-03
+99.47000E-06,+1.07858031988E+00,+1.01224872826E+00,+124.30904150E-03,+24.24619444E-03
+99.49500E-06,+969.28383867E-03,+969.53516081E-03,+123.68090078E-03,+10.42709915E-03
+99.52000E-06,+1.04089187814E+00,+1.00973616540E+00,+153.20351351E-03,+4.77383286E-03
+99.54500E-06,+1.23938433826E+00,+1.29114319757E+00,+119.28391592E-03,-6.53269972E-03
+99.57000E-06,+1.28084162428E+00,+1.29114319757E+00,+144.40954379E-03,+24.24619444E-03
+99.59500E-06,+1.37129388462E+00,+1.37154520676E+00,+413.88190267E-03,-305.52767132E-03
+99.62000E-06,+1.27958534285E+00,+1.33134420216E+00,+524.43466530E-03,-256.53269701E-03
+99.64500E-06,+1.36878132176E+00,+1.37154520676E+00,+460.99245498E-03,-308.04023418E-03
+99.67000E-06,+1.27958534285E+00,+1.29114319757E+00,+486.11808285E-03,-256.53269701E-03
+99.69500E-06,+1.37129388462E+00,+1.34265073474E+00,+485.48994213E-03,-270.97993302E-03
+99.72000E-06,+1.30094212658E+00,+1.33134420216E+00,+485.48994213E-03,-276.63319930E-03
+99.74500E-06,+1.11878132448E+00,+1.09013817459E+00,+561.49496646E-03,-220.72867727E-03
+99.77000E-06,+1.07732403845E+00,+1.04868088857E+00,+485.48994213E-03,-236.43219471E-03
+99.79500E-06,+929.08283408E-03,+969.53516081E-03,+373.68089807E-03,-205.02515984E-03
+99.82000E-06,+1.03837931529E+00,+1.00722360255E+00,+123.68090078E-03,-35.42717174E-03
+99.84500E-06,+949.18333638E-03,+969.53516081E-03,+204.08290997E-03,+376.84800E-06
+99.87000E-06,+1.11626876162E+00,+1.08888189317E+00,+143.78140308E-03,+24.24619444E-03
+99.89500E-06,+935.36424094E-03,+1.00973616540E+00,+172.67587510E-03,-9.67340315E-03
+99.92000E-06,+1.05722353616E+00,+1.03109294913E+00,+165.13818681E-03,+4.77383286E-03
+99.94500E-06,+1.27958534285E+00,+1.29114319757E+00,+128.07788564E-03,-10.92968458E-03
+99.97000E-06,+1.28084162428E+00,+1.33008792073E+00,+164.51004609E-03,+5.40197357E-03
+99.99500E-06,+1.35998735204E+00,+1.37154520676E+00,+149.43466937E-03,-6.53269972E-03
+100.02000E-06,+1.31978634745E+00,+1.35018842303E+00,+234.86180413E-03,+55.65322931E-03
+100.04500E-06,+1.35998735204E+00,+1.36275123703E+00,+143.78140308E-03,+40.57785259E-03
+100.07000E-06,+1.28084162428E+00,+1.29114319757E+00,+203.45476926E-03,+25.50247587E-03
+100.09500E-06,+1.34868081947E+00,+1.34265073474E+00,+175.18843795E-03,+24.87433515E-03
+100.12000E-06,+1.30094212658E+00,+1.33134420216E+00,+163.88190538E-03,+54.39694789E-03
+100.14500E-06,+1.05596725473E+00,+1.10772611403E+00,+239.88692971E-03,+53.76880717E-03
+100.17000E-06,+1.03712303386E+00,+1.04993717000E+00,+183.98240767E-03,+43.71855602E-03
+100.19500E-06,+957.97730610E-03,+969.53516081E-03,+301.44471803E-03,-72.48747290E-03
+100.22000E-06,+1.05973609901E+00,+1.04993717000E+00,+415.76632481E-03,-316.83420390E-03
+100.24500E-06,+917.77630150E-03,+969.53516081E-03,+481.09295727E-03,-281.03018416E-03
+100.27000E-06,+1.03963559672E+00,+1.08888189317E+00,+445.28893754E-03,-276.63319930E-03
+100.29500E-06,+986.87177812E-03,+1.00973616540E+00,+450.94220383E-03,-282.28646559E-03
+100.32000E-06,+1.01953509442E+00,+1.05244973286E+00,+454.71104797E-03,-276.63319930E-03
+100.34500E-06,+1.23938433826E+00,+1.22832912782E+00,+396.29396322E-03,-292.33671674E-03
+100.37000E-06,+1.27958534285E+00,+1.33134420216E+00,+426.44471667E-03,-276.63319930E-03
+100.39500E-06,+1.37129388462E+00,+1.36023867418E+00,+152.57537280E-03,-29.77390545E-03
+100.42000E-06,+1.27707278000E+00,+1.33134420216E+00,+264.38441686E-03,+26.13061658E-03
+100.44500E-06,+1.36878132176E+00,+1.37154520676E+00,+163.88190538E-03,+9.17081772E-03
+100.47000E-06,+1.31853006602E+00,+1.29365576042E+00,+203.45476926E-03,+24.87433515E-03
+100.49500E-06,+1.35998735204E+00,+1.38285173933E+00,+189.63567396E-03,+4.77383286E-03
+100.52000E-06,+1.30094212658E+00,+1.35270098589E+00,+204.08290997E-03,+34.29644559E-03
+100.54500E-06,+1.08737428960E+00,+1.09013817459E+00,+248.68089943E-03,+76.38187233E-03
+100.57000E-06,+1.07732403845E+00,+1.04993717000E+00,+183.98240767E-03,+63.81905832E-03
+100.59500E-06,+929.08283408E-03,+980.84169339E-03,+204.08290997E-03,+39.32157116E-03
+100.62000E-06,+1.01702253156E+00,+1.02858038627E+00,+114.25879035E-03,-5.90455901E-03
+100.64500E-06,+926.57027122E-03,+1.00973616540E+00,+172.67587510E-03,+20.47735030E-03
+100.67000E-06,+1.07858031988E+00,+1.04993717000E+00,+143.78140308E-03,+43.71855602E-03
+100.69500E-06,+946.67077352E-03,+969.53516081E-03,+158.22863909E-03,+4.77383286E-03
+100.72000E-06,+1.05722353616E+00,+1.07129395373E+00,+163.88190538E-03,+15.45222472E-03
+100.74500E-06,+1.24817830798E+00,+1.28234922785E+00,+112.37436820E-03,-10.92968458E-03
+100.77000E-06,+1.28084162428E+00,+1.29239947900E+00,+183.98240767E-03,+4.77383286E-03
+100.79500E-06,+1.38888182406E+00,+1.36023867418E+00,+425.18843524E-03,-276.63319930E-03
+100.82000E-06,+1.31978634745E+00,+1.37154520676E+00,+515.01255486E-03,-225.75380285E-03
+100.84500E-06,+1.40018835664E+00,+1.37154520676E+00,+445.28893754E-03,-256.53269701E-03
+100.87000E-06,+1.27958534285E+00,+1.29114319757E+00,+485.48994213E-03,-256.53269701E-03
+100.89500E-06,+1.34868081947E+00,+1.37154520676E+00,+491.14320842E-03,-276.63319930E-03
+100.92000E-06,+1.31727378459E+00,+1.33134420216E+00,+474.81155027E-03,-256.53269701E-03
+100.94500E-06,+1.07858031988E+00,+1.13033917919E+00,+550.18843388E-03,-220.72867727E-03
+100.97000E-06,+1.07732403845E+00,+1.04868088857E+00,+485.48994213E-03,-256.53269701E-03
+100.99500E-06,+986.87177811E-03,+969.53516081E-03,+344.78642605E-03,-201.88445640E-03
+101.02000E-06,+1.03837931529E+00,+1.03109294913E+00,+133.10301122E-03,-4.64827758E-03
+101.04500E-06,+957.97730610E-03,+969.53516081E-03,+204.08290997E-03,+24.87433515E-03
+101.07000E-06,+1.07858031988E+00,+1.08888189316E+00,+163.25376466E-03,+24.24619444E-03
+101.09500E-06,+957.97730610E-03,+998.42963283E-03,+143.78140308E-03,+44.97483745E-03
+101.12000E-06,+1.01953509442E+00,+1.00973616540E+00,+133.10301122E-03,+14.19594329E-03
+101.14500E-06,+1.23059036854E+00,+1.21074118838E+00,+87.87688105E-03,+24.87433515E-03
+101.17000E-06,+1.24064061969E+00,+1.29114319757E+00,+144.40954379E-03,+24.24619444E-03
+101.19500E-06,+1.37129388462E+00,+1.37154520676E+00,+109.23366477E-03,-24.12063916E-03
+101.22000E-06,+1.29842956372E+00,+1.39290199048E+00,+234.86180413E-03,+15.45222472E-03
+101.24500E-06,+1.35998735204E+00,+1.37154520676E+00,+168.27889024E-03,+13.56780258E-03
+101.27000E-06,+1.31978634745E+00,+1.33008792073E+00,+185.23868910E-03,+5.40197357E-03
+101.29500E-06,+1.37129388462E+00,+1.37154520676E+00,+189.63567396E-03,+19.22106887E-03
+101.32000E-06,+1.33863056832E+00,+1.31249998129E+00,+173.30401581E-03,+14.19594329E-03
+101.34500E-06,+1.08737428960E+00,+1.06752510944E+00,+255.59044714E-03,+53.76880717E-03
+101.37000E-06,+1.07732403845E+00,+1.04868088857E+00,+183.35426696E-03,+83.91956062E-03
+101.39500E-06,+1.00948484327E+00,+1.09013817459E+00,+298.93215517E-03,-115.82918093E-03
+101.42000E-06,+998.17831069E-03,+1.06878139087E+00,+647.55024194E-03,-73.11561347E-03
+101.44500E-06,+1.08737428960E+00,+1.04993717000E+00,+393.78140037E-03,-263.44224473E-03
+101.47000E-06,+880.08785977E-03,+930.59043765E-03,+485.48994213E-03,-276.00505859E-03
+101.49500E-06,+1.09616825932E+00,+1.09013817459E+00,+450.94220383E-03,-256.53269701E-03
+101.52000E-06,+957.97730610E-03,+990.89194454E-03,+485.48994213E-03,-276.63319930E-03
+101.54500E-06,+1.31978634745E+00,+1.29114319757E+00,+425.18843524E-03,-285.42716902E-03
+101.57000E-06,+1.27958534285E+00,+1.25219847440E+00,+445.28893754E-03,-295.47742017E-03
+101.59500E-06,+1.40018835664E+00,+1.37154520676E+00,+134.98743336E-03,-81.28144262E-03
+101.62000E-06,+1.31978634745E+00,+1.35018842303E+00,+275.06280873E-03,+44.97483745E-03
+101.64500E-06,+1.40018835664E+00,+1.37154520676E+00,+168.27889024E-03,-26.63320202E-03
+101.67000E-06,+1.24189690112E+00,+1.29114319757E+00,+204.08290997E-03,+6.03011429E-03
+101.69500E-06,+1.37129388462E+00,+1.37154520676E+00,+183.98240767E-03,+19.22106887E-03
+101.72000E-06,+1.27958534285E+00,+1.31249998129E+00,+173.30401581E-03,+35.55272702E-03
+101.74500E-06,+1.09616825932E+00,+1.13033917919E+00,+244.28391457E-03,+76.38187233E-03
+101.77000E-06,+1.03963559672E+00,+1.04993717000E+00,+223.55527155E-03,+45.60297817E-03
+101.79500E-06,+1.01576625013E+00,+998.42963283E-03,+204.08290997E-03,-879.43343E-06
+101.82000E-06,+1.05722353615E+00,+1.00973616540E+00,+92.90200662E-03,-46.10556360E-03
+101.84500E-06,+908.98233178E-03,+969.53516081E-03,+199.68592511E-03,+40.57785259E-03
+101.87000E-06,+1.11752504305E+00,+1.09013817459E+00,+143.15326236E-03,+24.24619444E-03
+101.89500E-06,+957.97730610E-03,+998.42963283E-03,+149.43466937E-03,-15.32666944E-03
+101.92000E-06,+1.09993710361E+00,+1.07129395373E+00,+154.45979494E-03,-4.64827758E-03
+101.94500E-06,+1.23938433826E+00,+1.24214822325E+00,+123.68090078E-03,+9.17081772E-03
+101.97000E-06,+1.28084162428E+00,+1.29114319757E+00,+163.25376466E-03,+4.77383286E-03
+101.99500E-06,+1.35998735204E+00,+1.34265073474E+00,+379.33416436E-03,-276.63319930E-03
+102.02000E-06,+1.27958534285E+00,+1.37154520676E+00,+536.36933859E-03,-224.49752142E-03
+102.04500E-06,+1.41777629607E+00,+1.40295224163E+00,+456.59547012E-03,-267.83922959E-03
+102.07000E-06,+1.27958534285E+00,+1.29114319757E+00,+466.64572127E-03,-276.00505859E-03
+102.09500E-06,+1.37129388462E+00,+1.38285173933E+00,+479.83667584E-03,-242.08546100E-03
+102.12000E-06,+1.29842956372E+00,+1.31249998129E+00,+476.06783170E-03,-256.53269701E-03
+102.14500E-06,+1.11878132448E+00,+1.13913314891E+00,+541.39446417E-03,-232.03520985E-03
+102.17000E-06,+1.03837931529E+00,+1.04868088857E+00,+485.48994213E-03,-237.06033543E-03
+102.19500E-06,+957.97730610E-03,+969.53516081E-03,+359.23366206E-03,-210.67842612E-03
+102.22000E-06,+1.05973609901E+00,+969.53516081E-03,+92.90200662E-03,-66.20606590E-03
+102.24500E-06,+940.38936666E-03,+960.74119109E-03,+199.68592511E-03,-4.02013686E-03
+102.27000E-06,+1.07983660131E+00,+1.04993717000E+00,+163.25376466E-03,+24.87433515E-03
+102.29500E-06,+946.67077352E-03,+969.53516081E-03,+158.22863909E-03,-20.97993573E-03
+102.32000E-06,+1.07858031988E+00,+1.04993717000E+00,+165.13818681E-03,+4.77383286E-03
+102.34500E-06,+1.23059036854E+00,+1.21074118838E+00,+123.68090078E-03,-10.92968458E-03
+102.37000E-06,+1.28084162429E+00,+1.29114319757E+00,+163.88190538E-03,-14.07038801E-03
+102.39500E-06,+1.35998735204E+00,+1.34265073474E+00,+123.68090078E-03,-41.08043803E-03
+102.42000E-06,+1.29842956372E+00,+1.37154520676E+00,+295.16331102E-03,+77.01001304E-03
+102.44500E-06,+1.44038936123E+00,+1.37154520676E+00,+148.17838794E-03,+13.56780258E-03
+102.47000E-06,+1.24064061969E+00,+1.25219847440E+00,+204.08290997E-03,+24.87433515E-03
+102.49500E-06,+1.35998735204E+00,+1.37154520676E+00,+180.84170425E-03,+44.97483745E-03
+102.52000E-06,+1.27958534285E+00,+1.29114319757E+00,+183.98240767E-03,+24.87433515E-03
+102.54500E-06,+1.05596725472E+00,+1.13033917919E+00,+264.38441686E-03,+60.67835489E-03
+102.57000E-06,+1.07732403845E+00,+1.08762561173E+00,+203.45476926E-03,+63.81905832E-03
+102.59500E-06,+998.17831069E-03,+1.00973616540E+00,+324.68592376E-03,-101.38194492E-03
+102.62000E-06,+1.05722353615E+00,+1.01224872827E+00,+364.88692835E-03,-347.61309806E-03
+102.64500E-06,+877.57529691E-03,+938.12812593E-03,+476.69597242E-03,-269.72365158E-03
+102.67000E-06,+1.15646976621E+00,+1.13033917919E+00,+445.28893754E-03,-257.78897844E-03
+102.69500E-06,+975.56524553E-03,+998.42963282E-03,+445.28893754E-03,-282.28646559E-03
+102.72000E-06,+1.09993710361E+00,+1.04993717000E+00,+425.18843524E-03,-276.63319930E-03
+102.74500E-06,+1.19038936395E+00,+1.25094219297E+00,+409.48491780E-03,-276.63319930E-03
+102.77000E-06,+1.27958534285E+00,+1.29239947900E+00,+445.91707825E-03,-315.57792247E-03
+102.79500E-06,+1.35998735204E+00,+1.33134420216E+00,+123.68090078E-03,-61.18094032E-03
+102.82000E-06,+1.29842956372E+00,+1.37154520676E+00,+293.90702959E-03,+46.23111888E-03
+102.84500E-06,+1.44038936123E+00,+1.40295224163E+00,+199.68592511E-03,-26.63320202E-03
+102.87000E-06,+1.31853006602E+00,+1.29114319757E+00,+224.18341227E-03,+24.87433515E-03
+102.89500E-06,+1.37129388462E+00,+1.38913314619E+00,+183.98240767E-03,+10.42709915E-03
+102.92000E-06,+1.29842956372E+00,+1.31249998130E+00,+174.56029724E-03,+24.87433515E-03
+102.94500E-06,+1.11878132448E+00,+1.09893214431E+00,+259.98743200E-03,+65.07533975E-03
+102.97000E-06,+1.07858031988E+00,+1.08762561173E+00,+222.92713084E-03,+64.44719903E-03
+102.99500E-06,+986.87177811E-03,+980.84169339E-03,+204.08290997E-03,-9.67340315E-03
+103.02000E-06,+1.05722353615E+00,+969.53516081E-03,+74.05778576E-03,-46.10556360E-03
+103.04500E-06,+886.36926663E-03,+969.53516081E-03,+179.58542282E-03,+16.08036544E-03
+103.07000E-06,+1.11752504304E+00,+1.05119345143E+00,+143.15326236E-03,+23.61805372E-03
+103.09500E-06,+917.77630150E-03,+969.53516081E-03,+172.67587509E-03,-9.67340315E-03
+103.12000E-06,+1.07858031988E+00,+1.04993717000E+00,+153.20351351E-03,+14.19594329E-03
+103.14500E-06,+1.27958534285E+00,+1.24214822325E+00,+119.28391592E-03,+4.77383286E-03
+103.17000E-06,+1.31978634745E+00,+1.29114319757E+00,+203.45476926E-03,+5.40197357E-03
+103.19500E-06,+1.40018835664E+00,+1.33134420216E+00,+384.98743065E-03,-262.18596330E-03
+103.22000E-06,+1.31978634745E+00,+1.35018842303E+00,+557.72612232E-03,-196.23119012E-03
+103.24500E-06,+1.44038936123E+00,+1.37154520676E+00,+425.18843524E-03,-263.44224473E-03
+103.27000E-06,+1.23938433826E+00,+1.29114319757E+00,+504.33416300E-03,-237.06033543E-03
+103.29500E-06,+1.35998735204E+00,+1.37154520676E+00,+471.04270613E-03,-242.08546100E-03
+103.32000E-06,+1.25822855912E+00,+1.29114319757E+00,+474.81155027E-03,-245.85430514E-03
+103.34500E-06,+1.09616825931E+00,+1.13913314890E+00,+541.39446417E-03,-236.43219471E-03
+103.37000E-06,+1.11501248018E+00,+1.04993717000E+00,+504.33416300E-03,-236.43219471E-03
+103.39500E-06,+969.28383868E-03,+1.00973616540E+00,+373.68089807E-03,-190.57792382E-03
+103.42000E-06,+1.07858031988E+00,+1.04993717000E+00,+204.08290997E-03,+83.91956061E-03
+103.44500E-06,+917.77630150E-03,+969.53516081E-03,+134.98743336E-03,-80.02516119E-03
+103.47000E-06,+1.15772604764E+00,+1.05119345143E+00,+144.40954380E-03,+44.97483745E-03
+103.49500E-06,+998.17831069E-03,+1.00973616540E+00,+169.53517167E-03,+19.22106886E-03
+103.52000E-06,+1.01953509442E+00,+1.00973616540E+00,+163.88190538E-03,+24.87433515E-03
+103.54500E-06,+1.27079137314E+00,+1.25973616269E+00,+99.18341363E-03,-10.92968458E-03
+103.57000E-06,+1.27958534285E+00,+1.33008792073E+00,+144.40954380E-03,+4.77383286E-03
+103.59500E-06,+1.41777629607E+00,+1.37154520676E+00,+123.68090078E-03,-35.42717174E-03
+103.62000E-06,+1.29842956372E+00,+1.35018842303E+00,+275.06280873E-03,+46.23111888E-03
+103.64500E-06,+1.41777629607E+00,+1.41174621135E+00,+188.37939253E-03,-15.32666944E-03
+103.67000E-06,+1.27832906142E+00,+1.29114319757E+00,+223.55527155E-03,+5.40197357E-03
+103.69500E-06,+1.40018835664E+00,+1.37154520676E+00,+204.08290997E-03,+39.32157116E-03
+103.72000E-06,+1.27958534285E+00,+1.33134420216E+00,+202.82662854E-03,+26.13061659E-03
+103.74500E-06,+1.12757529419E+00,+1.13033917919E+00,+264.38441686E-03,+44.97483745E-03
+103.77000E-06,+1.07858031988E+00,+1.01224872827E+00,+203.45476926E-03,+65.07533975E-03
+103.79500E-06,+957.97730610E-03,+940.64068880E-03,+284.48491916E-03,-81.28144262E-03
+103.82000E-06,+1.05722353615E+00,+988.37938167E-03,+335.36431562E-03,-347.61309806E-03
+103.84500E-06,+917.77630150E-03,+969.53516081E-03,+476.69597242E-03,-229.52264699E-03
+103.87000E-06,+1.07858031988E+00,+1.05119345143E+00,+424.56029453E-03,-276.63319930E-03
+103.89500E-06,+946.67077352E-03,+998.42963282E-03,+439.63567125E-03,-299.87440503E-03
+103.92000E-06,+1.07606775702E+00,+1.07129395373E+00,+455.96732940E-03,-307.41209347E-03
+103.94500E-06,+1.24817830798E+00,+1.21953515809E+00,+389.38441550E-03,-272.23621445E-03
+103.97000E-06,+1.31978634745E+00,+1.33008792073E+00,+484.86180142E-03,-296.10556089E-03
+103.99500E-06,+1.38888182406E+00,+1.30244973015E+00,+129.33416707E-03,-46.73370432E-03
+104.02000E-06,+1.29842956372E+00,+1.39290199049E+00,+285.74120059E-03,+75.75373161E-03
+104.04500E-06,+1.44038936123E+00,+1.38033917647E+00,+159.48492052E-03,+13.56780257E-03
+104.07000E-06,+1.24064061969E+00,+1.25219847440E+00,+204.08290997E-03,+44.97483745E-03
+104.09500E-06,+1.37129388463E+00,+1.37154520676E+00,+189.63567397E-03,+44.97483745E-03
+104.12000E-06,+1.26074112199E+00,+1.33134420216E+00,+162.62562394E-03,+35.55272702E-03
+104.14500E-06,+1.11878132448E+00,+1.13913314890E+00,+244.28391457E-03,+65.07533975E-03
+104.17000E-06,+1.07606775701E+00,+1.04993717000E+00,+183.35426696E-03,+44.97483745E-03
+104.19500E-06,+1.02707278270E+00,+1.03863063742E+00,+178.32914138E-03,+4.77383286E-03
+104.22000E-06,+1.03837931529E+00,+1.00973616540E+00,+204.08290997E-03,+94.59795248E-03
+104.24500E-06,+926.57027122E-03,+929.33415622E-03,+119.28391592E-03,-71.23119147E-03
+104.27000E-06,+1.07983660131E+00,+1.09139445603E+00,+163.88190538E-03,+83.91956061E-03
+104.29500E-06,+969.28383868E-03,+1.03863063742E+00,+163.88190538E-03,-9.67340315E-03
+104.32000E-06,+1.03837931529E+00,+1.03109294913E+00,+122.42461935E-03,+44.97483745E-03
+104.34500E-06,+1.27958534285E+00,+1.25094219297E+00,+119.28391592E-03,+4.77383286E-03
+104.37000E-06,+1.23938433826E+00,+1.25219847441E+00,+144.40954380E-03,+4.77383286E-03
+104.39500E-06,+1.40018835664E+00,+1.34265073474E+00,+373.68089807E-03,-256.53269701E-03
+104.42000E-06,+1.29591700085E+00,+1.35018842302E+00,+536.36933859E-03,-225.75380284E-03
+104.44500E-06,+1.40898232635E+00,+1.41174621135E+00,+445.28893754E-03,-283.54274703E-03
+104.47000E-06,+1.27832906142E+00,+1.28988691613E+00,+504.33416300E-03,-256.53269701E-03
+104.49500E-06,+1.37129388463E+00,+1.37154520676E+00,+465.38943984E-03,-270.97993301E-03
+104.52000E-06,+1.27958534285E+00,+1.27229897670E+00,+496.16833400E-03,-256.53269701E-03
+104.54500E-06,+1.05596725472E+00,+1.13913314890E+00,+541.39446417E-03,-216.33169241E-03
+104.57000E-06,+1.07732403845E+00,+1.04993717000E+00,+445.28893754E-03,-216.95983313E-03
+104.59500E-06,+969.28383868E-03,+969.53516081E-03,+353.58039577E-03,-176.13068782E-03
+104.62000E-06,+1.03837931529E+00,+1.00973616540E+00,+62.12311246E-03,-46.10556360E-03
+104.64500E-06,+908.98233179E-03,+969.53516081E-03,+204.08290997E-03,+40.57785259E-03
+104.67000E-06,+1.07858031988E+00,+1.05119345143E+00,+123.68090078E-03,-33.54274959E-03
+104.69500E-06,+986.87177811E-03,+969.53516081E-03,+138.12813679E-03,-9.67340315E-03
+104.72000E-06,+1.11878132448E+00,+1.06878139086E+00,+142.52512165E-03,-5.90455901E-03
+104.74500E-06,+1.19918333367E+00,+1.21953515809E+00,+123.68090078E-03,+4.77383286E-03
+104.77000E-06,+1.31978634745E+00,+1.29114319757E+00,+163.88190538E-03,+6.03011429E-03
+104.79500E-06,+1.35998735204E+00,+1.34265073474E+00,+114.88693107E-03,-29.77390545E-03
+104.82000E-06,+1.29842956372E+00,+1.35018842302E+00,+265.64069830E-03,+55.65322932E-03
+104.84500E-06,+1.40898232635E+00,+1.38033917647E+00,+152.57537279E-03,+9.17081771E-03
+104.87000E-06,+1.24189690113E+00,+1.25094219297E+00,+204.08290997E-03,-14.07038801E-03
+104.89500E-06,+1.40018835664E+00,+1.36023867417E+00,+204.08290997E-03,+39.32157116E-03
+104.92000E-06,+1.27958534285E+00,+1.31501254417E+00,+174.56029724E-03,+24.87433515E-03
+104.94500E-06,+1.05596725472E+00,+1.13033917919E+00,+275.69094945E-03,+65.07533975E-03
+104.97000E-06,+1.11626876161E+00,+1.04993717000E+00,+183.98240767E-03,+44.97483745E-03
+104.99500E-06,+998.17831069E-03,+969.53516081E-03,+324.68592376E-03,-75.62817633E-03
+105.02000E-06,+1.03837931529E+00,+1.02858038627E+00,+504.33416300E-03,-188.06536112E-03
+105.04500E-06,+926.57027122E-03,+1.00094219569E+00,+384.98743065E-03,-357.03520849E-03
+105.07000E-06,+1.11878132448E+00,+1.05119345143E+00,+464.76129912E-03,-256.53269701E-03
+105.09500E-06,+986.87177811E-03,+1.02732410483E+00,+476.69597242E-03,-296.73370160E-03
+105.12000E-06,+1.04089187816E+00,+1.03109294914E+00,+454.71104797E-03,-256.53269701E-03
+105.14500E-06,+1.27079137314E+00,+1.29993716728E+00,+405.08793294E-03,-308.04023418E-03
+105.17000E-06,+1.24064061969E+00,+1.28988691613E+00,+445.28893754E-03,-277.26134002E-03
+105.19500E-06,+1.38888182405E+00,+1.34265073474E+00,+118.02763449E-03,-90.07541234E-03
+105.22000E-06,+1.23938433826E+00,+1.37154520676E+00,+285.74120060E-03,+36.80900846E-03
+105.24500E-06,+1.40898232635E+00,+1.38033917647E+00,+163.88190538E-03,+9.17081771E-03
+105.27000E-06,+1.27958534285E+00,+1.25094219297E+00,+223.55527155E-03,+43.71855602E-03
+105.29500E-06,+1.38260041721E+00,+1.41174621135E+00,+198.42964368E-03,-879.43343E-06
+105.32000E-06,+1.30094212659E+00,+1.31249998130E+00,+194.66079954E-03,+14.19594329E-03
+105.34500E-06,+1.11878132448E+00,+1.10772611402E+00,+255.59044715E-03,+49.37182231E-03
+105.37000E-06,+1.07858031988E+00,+1.08762561172E+00,+183.98240767E-03,+44.97483745E-03
+105.39500E-06,+957.97730610E-03,+980.84169339E-03,+183.98240767E-03,-15.32666944E-03
+105.42000E-06,+1.05722353615E+00,+988.37938167E-03,+63.37939389E-03,-56.78395547E-03
+105.44500E-06,+877.57529691E-03,+938.12812593E-03,+204.08290997E-03,+60.67835489E-03
+105.47000E-06,+1.07858031988E+00,+1.05119345143E+00,+124.30904150E-03,+43.09041530E-03
+105.49500E-06,+975.56524553E-03,+969.53516081E-03,+158.22863909E-03,+13.56780257E-03
+105.52000E-06,+1.07858031988E+00,+1.06878139086E+00,+145.03768451E-03,+15.45222472E-03
+105.54500E-06,+1.27079137314E+00,+1.25094219297E+00,+123.68090078E-03,+20.47735030E-03
+105.57000E-06,+1.31978634745E+00,+1.29239947900E+00,+183.35426696E-03,-14.07038800E-03
+105.59500E-06,+1.35998735204E+00,+1.32003766958E+00,+379.33416436E-03,-276.63319930E-03
+105.62000E-06,+1.27958534285E+00,+1.39038942762E+00,+526.94722816E-03,-194.97490868E-03
+105.64500E-06,+1.40898232635E+00,+1.37154520676E+00,+425.18843524E-03,-267.83922959E-03
+105.67000E-06,+1.24064061969E+00,+1.25094219297E+00,+484.86180142E-03,-255.90455629E-03
+105.69500E-06,+1.40018835664E+00,+1.40043967877E+00,+450.94220383E-03,-236.43219471E-03
+105.72000E-06,+1.31978634745E+00,+1.33134420216E+00,+434.61054567E-03,-235.17591327E-03
+105.74500E-06,+1.08737428959E+00,+1.10772611402E+00,+536.99747931E-03,-216.33169241E-03
+105.77000E-06,+1.07732403845E+00,+1.04993717000E+00,+445.28893754E-03,-216.95983313E-03
+105.79500E-06,+998.17831069E-03,+1.00973616540E+00,+373.68089806E-03,-176.13068782E-03
+105.82000E-06,+1.05973609902E+00,+1.00973616540E+00,+193.40451811E-03,+63.81905831E-03
+105.84500E-06,+886.36926662E-03,+951.94722138E-03,+143.78140308E-03,-80.02516119E-03
+105.87000E-06,+1.11878132448E+00,+1.09013817459E+00,+183.35426696E-03,+44.97483745E-03
+105.89500E-06,+957.97730610E-03,+1.02732410483E+00,+163.88190538E-03,-29.77390544E-03
+105.92000E-06,+1.05973609902E+00,+1.03109294914E+00,+163.88190538E-03,+24.87433515E-03
+105.94500E-06,+1.27079137314E+00,+1.28234922785E+00,+143.78140308E-03,-15.32666944E-03
+105.97000E-06,+1.27958534285E+00,+1.29114319757E+00,+124.30904150E-03,+4.77383286E-03
+105.99500E-06,+1.40018835664E+00,+1.33134420216E+00,+97.92713219E-03,-20.97993573E-03
+106.02000E-06,+1.27958534285E+00,+1.37154520676E+00,+256.21858787E-03,+55.65322932E-03
+106.04500E-06,+1.41777629606E+00,+1.41174621135E+00,+159.48492052E-03,-2.13571487E-03
+106.07000E-06,+1.27832906142E+00,+1.33008792073E+00,+183.98240767E-03,+6.03011429E-03
+106.09500E-06,+1.38260041721E+00,+1.37154520676E+00,+198.42964368E-03,+59.42207346E-03
+106.12000E-06,+1.30094212659E+00,+1.33134420216E+00,+204.08290997E-03,+44.97483745E-03
+106.14500E-06,+1.08737428959E+00,+1.13033917919E+00,+244.28391457E-03,+60.67835489E-03
+106.17000E-06,+1.11626876160E+00,+1.04868088856E+00,+183.98240767E-03,+64.44719903E-03
+106.19500E-06,+969.28383868E-03,+969.53516081E-03,+301.44471804E-03,-86.93470892E-03
+106.22000E-06,+1.07858031988E+00,+988.37938167E-03,+335.36431562E-03,-327.51259577E-03
+106.24500E-06,+949.18333638E-03,+960.74119110E-03,+485.48994213E-03,-220.72867727E-03
+106.27000E-06,+1.07983660132E+00,+1.08888189316E+00,+405.71607366E-03,-277.26134002E-03
+106.29500E-06,+917.77630150E-03,+958.22862823E-03,+439.63567125E-03,-291.08043531E-03
+106.32000E-06,+1.05722353615E+00,+1.07129395373E+00,+425.18843524E-03,-277.88948074E-03
+106.34500E-06,+989.38434098E-03,+1.25094219297E+00,+405.08793294E-03,-260.92968186E-03
+106.37000E-06,+960.48986897E-03,+1.33134420216E+00,+485.48994213E-03,-277.26134002E-03
+106.39500E-06,+1.02707278270E+00,+1.28486179073E+00,+189.63567397E-03,+4.77383286E-03
+106.42000E-06,+1.03837931529E+00,+1.35270098589E+00,+194.66079954E-03,+4.77383286E-03
+106.44500E-06,+1.02958534557E+00,+1.33134420216E+00,+183.98240767E-03,+40.57785260E-03
+106.47000E-06,+1.03712303385E+00,+1.29239947900E+00,+202.82662854E-03,+24.87433515E-03
+106.49500E-06,+1.02707278270E+00,+1.36023867417E+00,+175.18843796E-03,+39.32157116E-03
+106.52000E-06,+998.17831069E-03,+1.33134420216E+00,+153.20351351E-03,+44.97483745E-03
+106.54500E-06,+966.77127581E-03,+1.05873113971E+00,+208.47989483E-03,+9.17081771E-03
+106.57000E-06,+1.03837931529E+00,+1.08762561172E+00,+163.25376466E-03,+5.40197358E-03
+106.59500E-06,+1.02707278270E+00,+1.00973616540E+00,+189.63567397E-03,+10.42709915E-03
+106.62000E-06,+1.01953509443E+00,+1.02858038627E+00,+153.20351351E-03,+24.87433515E-03
+106.64500E-06,+998.17831069E-03,+1.01853013512E+00,+199.68592512E-03,+24.87433515E-03
+106.67000E-06,+998.17831069E-03,+1.00973616540E+00,+144.40954380E-03,+24.87433515E-03
+106.69500E-06,+1.01576625012E+00,+1.00973616540E+00,+155.08793566E-03,+44.97483745E-03
+106.72000E-06,+1.01953509443E+00,+1.03109294914E+00,+183.98240767E-03,+35.55272702E-03
+106.74500E-06,+1.27079137314E+00,+1.29114319757E+00,+119.28391593E-03,+24.87433515E-03
+106.77000E-06,+1.27958534285E+00,+1.29114319757E+00,+144.40954380E-03,+24.24619444E-03
+106.79500E-06,+1.34868081946E+00,+1.33134420216E+00,+379.33416435E-03,-285.42716902E-03
+106.82000E-06,+1.29842956372E+00,+1.37154520676E+00,+536.36933859E-03,-225.75380284E-03
+106.84500E-06,+1.44918333094E+00,+1.37154520676E+00,+429.58542010E-03,-267.83922959E-03
+106.87000E-06,+1.27958534285E+00,+1.29114319757E+00,+484.86180142E-03,-296.10556088E-03
+106.89500E-06,+1.37129388463E+00,+1.38285173934E+00,+485.48994213E-03,-256.53269701E-03
+106.92000E-06,+1.31978634745E+00,+1.35018842302E+00,+474.81155027E-03,-247.11058658E-03
+106.94500E-06,+1.15018835936E+00,+1.10772611402E+00,+552.70099675E-03,-216.33169241E-03
+106.97000E-06,+1.07732403844E+00,+1.04868088856E+00,+464.76129912E-03,-255.90455629E-03
+106.99500E-06,+998.17831069E-03,+980.84169339E-03,+347.92712947E-03,-190.57792382E-03
+107.02000E-06,+1.05973609902E+00,+1.00973616540E+00,+83.47989619E-03,-44.84928217E-03
+107.04500E-06,+908.98233179E-03,+969.53516081E-03,+188.37939253E-03,+36.18086774E-03
+107.07000E-06,+1.11878132448E+00,+1.05119345144E+00,+104.20853920E-03,+25.50247587E-03
+107.09500E-06,+917.77630150E-03,+1.00973616540E+00,+129.33416708E-03,-9.67340315E-03
+107.12000E-06,+1.09742454074E+00,+1.04993717000E+00,+143.78140308E-03,+14.19594329E-03
+107.14500E-06,+1.02079137586E+00,+1.25973616268E+00,+123.68090078E-03,+36.18086774E-03
+107.17000E-06,+1.03712303385E+00,+1.29239947900E+00,+163.25376466E-03,+23.61805372E-03
+107.19500E-06,+1.06727378730E+00,+1.33134420216E+00,+189.63567397E-03,+30.52760145E-03
+107.22000E-06,+1.01702253155E+00,+1.30998741843E+00,+204.08290997E-03,-5.90455901E-03
+107.24500E-06,+1.01576625012E+00,+1.34013817187E+00,+183.98240767E-03,+40.57785260E-03
+107.27000E-06,+998.17831069E-03,+1.33260048360E+00,+184.61054839E-03,+63.81905831E-03
+107.29500E-06,+986.87177811E-03,+1.34265073475E+00,+175.18843796E-03,+30.52760145E-03
+107.32000E-06,+998.17831069E-03,+1.33134420216E+00,+182.72612624E-03,+35.55272702E-03
+107.34500E-06,+966.77127581E-03,+1.06752510942E+00,+244.28391457E-03,+24.87433515E-03
+107.37000E-06,+998.17831069E-03,+1.00973616540E+00,+183.35426696E-03,+6.03011429E-03
+107.39500E-06,+998.17831069E-03,+1.00973616540E+00,+339.13315976E-03,-121.48244722E-03
+107.42000E-06,+1.02204765730E+00,+1.02858038626E+00,+435.86682711E-03,-265.95480744E-03
+107.44500E-06,+1.00697228040E+00,+1.00973616540E+00,+445.28893754E-03,-272.23621445E-03
+107.47000E-06,+998.17831069E-03,+1.00973616540E+00,+445.28893754E-03,-276.63319930E-03
+107.49500E-06,+998.17831069E-03,+1.02104269799E+00,+450.94220383E-03,-256.53269701E-03
+107.52000E-06,+1.02204765730E+00,+1.03109294914E+00,+485.48994213E-03,-286.05530973E-03
+107.54500E-06,+1.27079137314E+00,+1.28234922786E+00,+436.49496783E-03,-312.43721904E-03
+107.57000E-06,+1.27958534285E+00,+1.33008792072E+00,+445.91707826E-03,-276.63319930E-03
+107.59500E-06,+1.35998735204E+00,+1.34265073475E+00,+129.33416708E-03,-61.18094033E-03
+107.62000E-06,+1.34114313118E+00,+1.37154520676E+00,+293.90702959E-03,+55.65322932E-03
+107.64500E-06,+1.40018835664E+00,+1.37154520676E+00,+163.88190538E-03,-26.63320203E-03
+107.67000E-06,+1.24064061970E+00,+1.29114319757E+00,+222.92713083E-03,+6.03011430E-03
+107.69500E-06,+1.40018835664E+00,+1.36023867417E+00,+204.08290997E-03,+10.42709915E-03
+107.72000E-06,+1.30094212659E+00,+1.33134420216E+00,+194.66079954E-03,+4.77383286E-03
+107.74500E-06,+1.15018835936E+00,+1.09893214430E+00,+275.69094945E-03,+60.67835489E-03
+107.77000E-06,+1.07983660132E+00,+1.04993717000E+00,+222.92713083E-03,+24.87433515E-03
+107.79500E-06,+969.28383868E-03,+969.53516081E-03,+189.63567397E-03,-879.43344E-06
+107.82000E-06,+1.03586675241E+00,+1.00973616540E+00,+53.95728346E-03,-44.84928217E-03
+107.84500E-06,+917.77630150E-03,+960.74119110E-03,+183.98240767E-03,+51.88438518E-03
+107.87000E-06,+1.11878132448E+00,+1.13033917919E+00,+143.15326236E-03,+44.34669673E-03
+107.89500E-06,+946.67077351E-03,+958.22862822E-03,+158.22863908E-03,-9.67340315E-03
+107.92000E-06,+1.09742454074E+00,+1.06878139086E+00,+174.56029724E-03,+4.77383286E-03
+107.94500E-06,+998.17831069E-03,+1.28234922786E+00,+148.17838794E-03,+20.47735030E-03
+107.97000E-06,+1.03837931529E+00,+1.33134420216E+00,+183.98240767E-03,+4.77383286E-03
+107.99500E-06,+1.06727378729E+00,+1.33134420216E+00,+459.73617354E-03,-210.67842612E-03
+108.02000E-06,+1.01702253155E+00,+1.35018842302E+00,+485.48994213E-03,-256.53269701E-03
+108.04500E-06,+1.06978635017E+00,+1.37154520676E+00,+481.09295728E-03,-256.53269701E-03
+108.07000E-06,+998.17831069E-03,+1.33008792072E+00,+465.38943984E-03,-256.53269701E-03
+108.09500E-06,+998.17831069E-03,+1.36023867417E+00,+442.14823412E-03,-256.53269701E-03
+108.12000E-06,+1.01702253155E+00,+1.35270098590E+00,+465.38943984E-03,-256.53269701E-03
+108.14500E-06,+1.02958534558E+00,+1.06752510942E+00,+489.88692699E-03,-256.53269701E-03
+108.17000E-06,+1.03712303385E+00,+1.01099244684E+00,+484.86180141E-03,-276.00505859E-03
+108.19500E-06,+998.17831069E-03,+1.00973616540E+00,+333.47989347E-03,-199.37189353E-03
+108.22000E-06,+1.01953509443E+00,+1.00973616540E+00,+163.88190538E-03,+24.87433515E-03
+108.24500E-06,+1.00697228040E+00,+1.00973616540E+00,+163.88190538E-03,+29.27132001E-03
+108.27000E-06,+1.03837931529E+00,+970.79144225E-03,+163.88190538E-03,+44.34669673E-03
+108.29500E-06,+1.00948484328E+00,+1.00973616540E+00,+149.43466937E-03,+44.97483745E-03
+108.32000E-06,+1.03837931529E+00,+1.04993717000E+00,+123.68090078E-03,+24.87433515E-03
+108.34500E-06,+998.17831069E-03,+1.29993716728E+00,+134.98743337E-03,+29.27132001E-03
+108.37000E-06,+996.92202925E-03,+1.29239947900E+00,+143.78140308E-03,+44.97483745E-03
+108.39500E-06,+980.59037127E-03,+1.34265073475E+00,+183.98240767E-03,+30.52760145E-03
+108.42000E-06,+1.03837931529E+00,+1.29114319757E+00,+202.82662853E-03,+4.77383286E-03
+108.44500E-06,+1.03837931529E+00,+1.37154520676E+00,+195.28894026E-03,+9.17081771E-03
+108.47000E-06,+998.17831069E-03,+1.33134420216E+00,+183.98240767E-03,+5.40197358E-03
+108.49500E-06,+1.00948484328E+00,+1.33134420216E+00,+189.63567397E-03,+4.77383286E-03
+108.52000E-06,+1.01702253155E+00,+1.31249998130E+00,+185.23868911E-03,+14.19594329E-03
+108.54500E-06,+1.02958534558E+00,+1.09013817459E+00,+219.78642741E-03,+44.97483745E-03
+108.57000E-06,+1.03837931529E+00,+1.04993717000E+00,+183.98240767E-03,+44.34669673E-03
+108.59500E-06,+998.17831069E-03,+998.42963282E-03,+315.89195405E-03,-101.38194492E-03
+108.62000E-06,+998.17831069E-03,+1.02858038626E+00,+435.86682711E-03,-267.21108888E-03
+108.64500E-06,+989.38434098E-03,+1.00973616540E+00,+429.58542010E-03,-256.53269701E-03
+108.67000E-06,+998.17831069E-03,+1.00973616540E+00,+444.66079682E-03,-276.00505859E-03
+108.69500E-06,+1.02707278270E+00,+980.84169340E-03,+445.28893754E-03,-262.18596330E-03
+108.72000E-06,+1.01702253155E+00,+1.02858038626E+00,+455.96732941E-03,-275.37691787E-03
+108.74500E-06,+1.27958534285E+00,+1.25094219297E+00,+409.48491780E-03,-296.73370160E-03
+108.77000E-06,+1.31978634745E+00,+1.29114319757E+00,+445.91707826E-03,-277.26134002E-03
+108.79500E-06,+1.35998735204E+00,+1.33134420216E+00,+143.78140308E-03,-75.62817633E-03
+108.82000E-06,+1.29842956371E+00,+1.37154520676E+00,+295.16331103E-03,+55.65322932E-03
+108.84500E-06,+1.43159539152E+00,+1.38033917647E+00,+148.17838793E-03,+4.77383286E-03
+108.87000E-06,+1.24189690114E+00,+1.25219847441E+00,+204.08290997E-03,+44.97483745E-03
+108.89500E-06,+1.38888182405E+00,+1.34265073475E+00,+180.84170426E-03,+39.32157116E-03
+108.92000E-06,+1.29842956371E+00,+1.29114319757E+00,+193.40451810E-03,+44.97483745E-03
+108.94500E-06,+1.11878132448E+00,+1.09893214430E+00,+271.29396460E-03,+60.67835489E-03
+108.97000E-06,+1.07858031988E+00,+1.04868088856E+00,+183.98240767E-03,+45.60297817E-03
+108.99500E-06,+969.28383869E-03,+969.53516081E-03,+183.98240767E-03,-879.43344E-06
+109.02000E-06,+1.07858031988E+00,+969.53516081E-03,+113.00250891E-03,-46.10556361E-03
+109.04500E-06,+908.98233179E-03,+960.74119110E-03,+168.27889023E-03,-35.42717174E-03
+109.07000E-06,+1.11878132448E+00,+1.08888189315E+00,+143.78140308E-03,+24.24619444E-03
+109.09500E-06,+957.97730610E-03,+998.42963282E-03,+163.88190538E-03,-29.77390544E-03
+109.12000E-06,+1.07858031988E+00,+1.02858038626E+00,+123.68090078E-03,+24.87433515E-03
+109.14500E-06,+1.27079137314E+00,+1.25094219297E+00,+123.68090078E-03,-10.92968458E-03
+109.17000E-06,+1.24189690114E+00,+1.33134420216E+00,+144.40954380E-03,+6.03011430E-03
+109.19500E-06,+1.38888182405E+00,+1.36023867417E+00,+384.98743065E-03,-276.63319930E-03
+109.22000E-06,+1.27958534285E+00,+1.37154520676E+00,+556.46984089E-03,-205.65330054E-03
+109.24500E-06,+1.44038936123E+00,+1.42054018106E+00,+445.28893754E-03,-287.93973189E-03
+109.27000E-06,+1.27958534285E+00,+1.28988691613E+00,+504.96230371E-03,-276.00505858E-03
+109.29500E-06,+1.40018835664E+00,+1.38285173934E+00,+485.48994213E-03,-242.08546100E-03
+109.32000E-06,+1.27958534285E+00,+1.31249998130E+00,+485.48994213E-03,-257.78897845E-03
+109.34500E-06,+1.08737428959E+00,+1.10772611401E+00,+557.09798161E-03,-236.43219471E-03
+109.37000E-06,+1.11878132448E+00,+1.08762561171E+00,+504.33416299E-03,-236.43219471E-03
+109.39500E-06,+969.28383869E-03,+1.00973616540E+00,+364.88692835E-03,-170.47742152E-03
+109.42000E-06,+1.03837931529E+00,+1.02858038626E+00,+213.50502040E-03,+104.02006290E-03
+109.44500E-06,+926.57027121E-03,+960.74119110E-03,+107.97738334E-03,-59.92465889E-03
+109.47000E-06,+1.04089187817E+00,+1.13033917919E+00,+163.25376466E-03,+65.70348047E-03
+109.49500E-06,+986.87177810E-03,+1.00973616540E+00,+149.43466937E-03,-9.67340315E-03
+109.52000E-06,+1.05722353614E+00,+1.04993717000E+00,+163.88190538E-03,+23.61805372E-03
+109.54500E-06,+1.27958534285E+00,+1.31375626274E+00,+123.68090078E-03,-31.03018688E-03
+109.57000E-06,+1.27958534285E+00,+1.29239947901E+00,+143.78140308E-03,+5.40197358E-03
+109.59500E-06,+1.45797730065E+00,+1.34265073475E+00,+129.33416708E-03,-20.97993573E-03
+109.62000E-06,+1.29842956371E+00,+1.35270098590E+00,+284.48491916E-03,+65.07533975E-03
+109.64500E-06,+1.43159539152E+00,+1.43435927653E+00,+156.97235764E-03,+20.47735030E-03
+109.67000E-06,+1.24064061970E+00,+1.25219847441E+00,+203.45476925E-03,+5.40197358E-03
+109.69500E-06,+1.40018835664E+00,+1.36023867417E+00,+183.98240767E-03,+39.32157116E-03
+109.72000E-06,+1.26074112200E+00,+1.33134420216E+00,+182.72612623E-03,+4.77383286E-03
+109.74500E-06,+1.05596725470E+00,+1.13033917919E+00,+271.29396460E-03,+44.97483745E-03
+109.77000E-06,+1.03712303385E+00,+1.04993717000E+00,+222.92713083E-03,+64.44719903E-03
+109.79500E-06,+957.97730610E-03,+969.53516081E-03,+310.23868775E-03,-112.68847751E-03
+109.82000E-06,+1.05973609902E+00,+1.03109294914E+00,+355.46481792E-03,-355.77892705E-03
+109.84500E-06,+917.77630150E-03,+969.53516081E-03,+501.19345958E-03,-220.72867727E-03
+109.87000E-06,+1.11501248015E+00,+1.08888189315E+00,+425.18843524E-03,-296.73370160E-03
+109.89500E-06,+986.87177810E-03,+998.42963282E-03,+430.84170154E-03,-276.63319930E-03
+109.92000E-06,+1.05973609902E+00,+1.06878139086E+00,+445.28893754E-03,-287.31159117E-03
+109.94500E-06,+1.23059036855E+00,+1.25094219297E+00,+389.38441550E-03,-276.63319930E-03
+109.97000E-06,+1.27958534285E+00,+1.29114319757E+00,+445.91707826E-03,-276.63319930E-03
+109.99500E-06,+1.35998735204E+00,+1.33134420216E+00,+129.33416708E-03,-35.42717174E-03
+110.02000E-06,+1.29842956371E+00,+1.39290199049E+00,+295.16331103E-03,+55.65322932E-03
+110.04500E-06,+1.40898232635E+00,+1.41174621135E+00,+163.88190538E-03,+29.27132001E-03
+110.07000E-06,+1.27832906141E+00,+1.25094219297E+00,+203.45476925E-03,+44.97483745E-03
+110.09500E-06,+1.35998735204E+00,+1.40043967876E+00,+183.98240767E-03,+30.52760145E-03
+110.12000E-06,+1.31978634745E+00,+1.30998741842E+00,+163.88190538E-03,+54.39694788E-03
+110.14500E-06,+1.11878132448E+00,+1.09893214430E+00,+251.19346230E-03,+85.17584205E-03
+110.17000E-06,+1.11626876160E+00,+1.04993717000E+00,+203.45476925E-03,+44.97483745E-03
+110.19500E-06,+986.87177810E-03,+998.42963282E-03,+195.28894026E-03,+4.77383286E-03
+110.22000E-06,+1.03837931529E+00,+988.37938167E-03,+173.30401581E-03,+83.91956061E-03
+110.24500E-06,+877.57529691E-03,+992.14822599E-03,+123.68090078E-03,-59.92465889E-03
+110.27000E-06,+1.11878132448E+00,+1.05244973288E+00,+143.78140308E-03,+65.07533975E-03
+110.29500E-06,+957.97730610E-03,+998.42963282E-03,+183.98240767E-03,-35.42717174E-03
+110.32000E-06,+1.03837931529E+00,+1.00973616540E+00,+133.10301121E-03,+14.19594329E-03
+110.34500E-06,+1.27958534285E+00,+1.25973616268E+00,+128.07788564E-03,-35.42717174E-03
+110.37000E-06,+1.24064061970E+00,+1.29114319757E+00,+144.40954380E-03,-14.07038800E-03
+110.39500E-06,+1.38888182405E+00,+1.34265073475E+00,+384.98743065E-03,-302.38696790E-03
+110.42000E-06,+1.31978634745E+00,+1.37154520676E+00,+536.36933860E-03,-236.43219471E-03
+110.44500E-06,+1.40018835664E+00,+1.41174621135E+00,+413.88190265E-03,-260.92968186E-03
+110.47000E-06,+1.27958534285E+00,+1.25345475585E+00,+465.38943984E-03,-276.00505858E-03
+110.49500E-06,+1.40018835664E+00,+1.37154520676E+00,+465.38943984E-03,-242.08546100E-03
+110.52000E-06,+1.27958534285E+00,+1.31249998130E+00,+484.23366069E-03,-267.21108888E-03
+110.54500E-06,+1.11878132448E+00,+1.09893214430E+00,+561.49496647E-03,-240.82917956E-03
+110.57000E-06,+1.03837931529E+00,+1.04993717000E+00,+504.33416299E-03,-276.00505858E-03
+110.59500E-06,+957.97730610E-03,+969.53516081E-03,+373.68089806E-03,-225.12566212E-03
+110.62000E-06,+1.05722353614E+00,+988.37938167E-03,+72.80150432E-03,-75.62817633E-03
+110.64500E-06,+917.77630150E-03,+992.14822599E-03,+224.18341227E-03,+44.97483745E-03
+110.67000E-06,+1.03963559673E+00,+1.08888189315E+00,+182.72612623E-03,+4.77383286E-03
+110.69500E-06,+986.87177810E-03,+1.00973616540E+00,+143.78140308E-03,-4.02013685E-03
+110.72000E-06,+1.04089187817E+00,+1.07129395374E+00,+163.88190538E-03,+24.87433515E-03
+110.74500E-06,+1.23059036855E+00,+1.25094219297E+00,+87.87688104E-03,+24.87433515E-03
+110.77000E-06,+1.27958534285E+00,+1.33008792072E+00,+164.51004610E-03,+25.50247588E-03
+110.79500E-06,+1.34239941263E+00,+1.37154520676E+00,+138.12813678E-03,-35.42717174E-03
+110.82000E-06,+1.32229891033E+00,+1.37154520676E+00,+284.48491916E-03,+77.01001306E-03
+110.84500E-06,+1.41777629605E+00,+1.40295224164E+00,+168.27889023E-03,+9.17081771E-03
+110.87000E-06,+1.24064061970E+00,+1.28988691612E+00,+184.61054839E-03,+24.87433515E-03
+110.89500E-06,+1.40018835664E+00,+1.37154520676E+00,+209.73617627E-03,+39.32157116E-03
+110.92000E-06,+1.27958534285E+00,+1.29114319757E+00,+204.08290997E-03,+15.45222473E-03
+110.94500E-06,+1.11878132448E+00,+1.09893214430E+00,+255.59044716E-03,+49.37182231E-03
+110.97000E-06,+1.07732403844E+00,+1.05119345144E+00,+183.98240767E-03,+25.50247588E-03
+110.99500E-06,+1.00948484328E+00,+998.42963281E-03,+301.44471805E-03,-61.18094033E-03
+111.02000E-06,+1.01702253155E+00,+1.00973616540E+00,+423.93215380E-03,-188.06536113E-03
+111.04500E-06,+886.36926662E-03,+938.12812592E-03,+353.58039576E-03,-325.62817361E-03
+111.07000E-06,+1.11752504303E+00,+1.05119345144E+00,+445.28893754E-03,-255.27641557E-03
+111.09500E-06,+946.67077351E-03,+1.00973616540E+00,+465.38943984E-03,-311.18093760E-03
+111.12000E-06,+1.05722353614E+00,+1.02858038626E+00,+434.61054567E-03,-247.11058658E-03
+111.14500E-06,+1.27079137315E+00,+1.29114319757E+00,+420.79145039E-03,-292.33671675E-03
+111.17000E-06,+1.27958534285E+00,+1.25345475586E+00,+444.66079682E-03,-296.73370160E-03
+111.19500E-06,+1.41149488923E+00,+1.37154520676E+00,+129.33416708E-03,-95.72867863E-03
+111.22000E-06,+1.29842956371E+00,+1.35018842302E+00,+296.41959247E-03,+54.39694788E-03
+111.24500E-06,+1.46300242641E+00,+1.34893214157E+00,+148.17838793E-03,+24.87433515E-03
+111.27000E-06,+1.23938433826E+00,+1.29114319757E+00,+203.45476925E-03,+26.13061660E-03
+111.29500E-06,+1.40018835664E+00,+1.37154520676E+00,+189.63567397E-03,+44.97483745E-03
+111.32000E-06,+1.28209790574E+00,+1.31249998131E+00,+192.14823666E-03,+35.55272702E-03
+111.34500E-06,+1.08737428959E+00,+1.09893214430E+00,+264.38441686E-03,+65.07533975E-03
+111.37000E-06,+1.03837931529E+00,+1.04868088856E+00,+183.35426695E-03,+44.34669673E-03
+111.39500E-06,+986.87177810E-03,+980.84169340E-03,+183.98240767E-03,-879.43344E-06
+111.42000E-06,+1.05973609903E+00,+1.03109294914E+00,+52.70100202E-03,-66.20606590E-03
+111.44500E-06,+926.57027121E-03,+938.12812592E-03,+199.68592512E-03,+56.28137004E-03
+111.47000E-06,+1.11752504303E+00,+1.08888189315E+00,+104.83667993E-03,+4.77383286E-03
+111.49500E-06,+998.17831069E-03,+958.22862822E-03,+138.12813678E-03,+10.42709915E-03
+111.52000E-06,+1.07858031988E+00,+1.05244973288E+00,+154.45979495E-03,+24.87433515E-03
+111.54500E-06,+1.26199740344E+00,+1.21953515808E+00,+99.18341363E-03,+9.17081771E-03
+111.57000E-06,+1.27958534285E+00,+1.29239947901E+00,+144.40954380E-03,+5.40197358E-03
+111.59500E-06,+1.30219840804E+00,+1.33134420216E+00,+390.64069694E-03,-291.08043531E-03
+111.62000E-06,+1.29842956371E+00,+1.39038942761E+00,+536.36933860E-03,-235.17591327E-03
+111.64500E-06,+1.44918333094E+00,+1.37154520676E+00,+445.28893754E-03,-287.93973190E-03
+111.67000E-06,+1.23938433826E+00,+1.28988691612E+00,+504.96230371E-03,-276.63319930E-03
+111.69500E-06,+1.38260041723E+00,+1.36023867416E+00,+494.28391184E-03,-262.18596330E-03
+111.72000E-06,+1.27958534285E+00,+1.33385676505E+00,+485.48994213E-03,-256.53269701E-03
+111.74500E-06,+1.11878132448E+00,+1.13033917919E+00,+561.49496647E-03,-196.23119012E-03
+111.77000E-06,+1.07732403844E+00,+1.04868088856E+00,+504.33416299E-03,-237.06033543E-03
+111.79500E-06,+940.38936669E-03,+1.00973616540E+00,+379.33416435E-03,-190.57792382E-03
+111.82000E-06,+1.05973609903E+00,+1.00973616540E+00,+213.50502040E-03,+83.91956060E-03
+111.84500E-06,+863.75620143E-03,+969.53516081E-03,+107.97738334E-03,-80.02516118E-03
+111.87000E-06,+1.07983660132E+00,+1.09013817459E+00,+144.40954380E-03,+44.97483745E-03
+111.89500E-06,+957.97730610E-03,+1.00973616540E+00,+183.98240767E-03,-44.22114144E-03
+111.92000E-06,+1.01702253155E+00,+1.04993717000E+00,+173.30401580E-03,+4.77383286E-03
+111.94500E-06,+1.24817830797E+00,+1.28234922786E+00,+128.07788564E-03,-10.92968459E-03
+111.97000E-06,+1.27958534285E+00,+1.29114319757E+00,+163.88190538E-03,+4.77383286E-03
+111.99500E-06,+1.41777629605E+00,+1.37154520676E+00,+138.12813678E-03,-26.63320203E-03
+112.02000E-06,+1.27958534285E+00,+1.37154520676E+00,+265.64069831E-03,+65.07533975E-03
+112.04500E-06,+1.44038936123E+00,+1.38033917646E+00,+148.17838793E-03,+24.87433515E-03
+112.07000E-06,+1.24064061970E+00,+1.25219847441E+00,+204.08290997E-03,+44.97483745E-03
+112.09500E-06,+1.40018835664E+00,+1.38913314617E+00,+175.18843797E-03,+59.42207345E-03
+112.12000E-06,+1.30094212659E+00,+1.31249998131E+00,+193.40451810E-03,+56.90951076E-03
+112.14500E-06,+1.04717328499E+00,+1.06752510941E+00,+280.08793431E-03,+85.17584205E-03
+112.17000E-06,+1.11626876159E+00,+1.04993717000E+00,+202.82662853E-03,+26.13061660E-03
+112.19500E-06,+957.97730610E-03,+1.02732410482E+00,+189.63567397E-03,-879.43344E-06
+112.22000E-06,+1.07858031988E+00,+1.04993717000E+00,+122.42461934E-03,-5.90455901E-03
+112.24500E-06,+949.18333639E-03,+960.74119110E-03,+139.38441823E-03,+100.87935949E-03
+112.27000E-06,+1.11752504303E+00,+1.08888189315E+00,+84.10803691E-03,+84.54770133E-03
+112.29500E-06,+998.17831069E-03,+969.53516081E-03,+97.92713219E-03,+70.72860605E-03
+112.32000E-06,+1.01953509443E+00,+1.03109294914E+00,+92.90200661E-03,+75.75373162E-03
+112.34500E-06,+1.23938433826E+00,+1.00094219570E+00,+83.47989619E-03,+69.47232460E-03
+112.37000E-06,+1.28084162430E+00,+1.00973616540E+00,+84.73617763E-03,+84.54770133E-03
+112.39500E-06,+1.38888182405E+00,+1.00973616540E+00,+63.37939389E-03,+73.86930945E-03
+112.42000E-06,+1.29842956371E+00,+1.03109294914E+00,+143.78140308E-03,+95.85423392E-03
+112.44500E-06,+1.40018835664E+00,+1.05873113970E+00,+87.87688104E-03,+85.17584205E-03
+112.47000E-06,+1.28084162430E+00,+970.79144225E-03,+104.20853921E-03,+83.91956060E-03
+112.49500E-06,+1.38888182405E+00,+1.04993717000E+00,+109.23366478E-03,+85.17584205E-03
+112.52000E-06,+1.35998735204E+00,+1.00973616540E+00,+114.25879036E-03,+65.07533975E-03
+112.54500E-06,+1.15018835937E+00,+1.04993717000E+00,+155.08793567E-03,+105.27634434E-03
+112.57000E-06,+1.07858031988E+00,+1.04993717000E+00,+122.42461934E-03,+104.64820362E-03
+112.59500E-06,+986.87177810E-03,+1.00973616540E+00,+89.13316248E-03,+76.38187234E-03
+112.62000E-06,+1.05722353614E+00,+990.89194455E-03,+134.35929265E-03,+133.54267562E-03
+112.64500E-06,+917.77630150E-03,+1.00973616540E+00,+67.77637874E-03,+40.57785260E-03
+112.67000E-06,+1.00069087358E+00,+1.01099244685E+00,+102.95225776E-03,+105.90448507E-03
+112.69500E-06,+986.87177810E-03,+987.12310022E-03,+103.58039849E-03,+50.62810375E-03
+112.72000E-06,+998.17831069E-03,+1.02858038626E+00,+83.47989619E-03,+75.75373162E-03
+112.74500E-06,+1.01576625010E+00,+1.00973616540E+00,+87.87688104E-03,+65.07533975E-03
+112.77000E-06,+999.43459214E-03,+1.00973616540E+00,+122.42461934E-03,+65.70348047E-03
+112.79500E-06,+998.17831069E-03,+980.84169340E-03,+123.68090078E-03,+65.07533975E-03
+112.82000E-06,+998.17831069E-03,+1.00973616540E+00,+114.25879036E-03,+83.91956060E-03
+112.84500E-06,+1.00697228040E+00,+1.04993717000E+00,+123.68090078E-03,+65.07533975E-03
+112.87000E-06,+998.17831069E-03,+1.01099244685E+00,+103.58039849E-03,+85.17584205E-03
+112.89500E-06,+1.00948484328E+00,+1.00973616540E+00,+77.82662989E-03,+70.72860605E-03
+112.92000E-06,+998.17831069E-03,+1.04993717000E+00,+91.64572517E-03,+85.17584205E-03
+112.94500E-06,+1.00697228040E+00,+1.00973616540E+00,+114.88693108E-03,+85.17584205E-03
+112.97000E-06,+998.17831069E-03,+1.00973616540E+00,+104.20853921E-03,+85.80398277E-03
+112.99500E-06,+1.03837931529E+00,+1.06752510941E+00,+103.58039849E-03,+50.62810375E-03
+113.02000E-06,+1.01953509443E+00,+1.03109294915E+00,+103.58039849E-03,+86.43212349E-03
+113.04500E-06,+975.56524551E-03,+1.00973616540E+00,+103.58039849E-03,+85.17584205E-03
+113.07000E-06,+999.43459214E-03,+1.04993717000E+00,+123.68090078E-03,+65.70348047E-03
+113.09500E-06,+1.02079137588E+00,+1.03863063741E+00,+109.23366478E-03,+85.17584205E-03
+113.12000E-06,+998.17831069E-03,+1.00973616540E+00,+113.00250891E-03,+85.17584205E-03
+113.14500E-06,+1.23938433826E+00,+1.00973616540E+00,+58.98240904E-03,+80.77885719E-03
+113.17000E-06,+1.28084162430E+00,+1.00973616540E+00,+103.58039849E-03,+85.17584205E-03
+113.19500E-06,+1.33109288004E+00,+1.02104269800E+00,+57.72612759E-03,+65.07533975E-03
+113.22000E-06,+1.30094212660E+00,+1.04993717000E+00,+153.20351351E-03,+95.85423392E-03
+113.24500E-06,+1.35998735204E+00,+1.05873113970E+00,+103.58039849E-03,+89.57282690E-03
+113.27000E-06,+1.35747478915E+00,+969.53516081E-03,+123.68090078E-03,+46.23111890E-03
+113.29500E-06,+1.40018835664E+00,+1.04993717000E+00,+126.82160419E-03,+76.38187234E-03
+113.32000E-06,+1.31978634745E+00,+990.89194455E-03,+124.93718223E-03,+85.17584205E-03
+113.34500E-06,+1.08737428959E+00,+1.04993717000E+00,+155.08793567E-03,+105.27634434E-03
+113.37000E-06,+1.07858031988E+00,+1.04868088855E+00,+103.58039849E-03,+104.64820362E-03
+113.39500E-06,+1.01576625010E+00,+1.00973616540E+00,+123.68090078E-03,+96.48237464E-03
+113.42000E-06,+1.05722353614E+00,+990.89194455E-03,+113.00250891E-03,+104.02006290E-03
+113.44500E-06,+957.97730610E-03,+1.00094219570E+00,+83.47989619E-03,+44.97483745E-03
+113.47000E-06,+1.11752504303E+00,+1.09013817459E+00,+101.69597632E-03,+105.27634434E-03
+113.49500E-06,+975.56524551E-03,+1.03863063741E+00,+118.02763449E-03,+44.97483745E-03
+113.52000E-06,+1.01702253155E+00,+1.03109294915E+00,+103.58039849E-03,+85.17584205E-03
+113.54500E-06,+1.03837931529E+00,+1.29114319757E+00,+103.58039849E-03,+49.37182230E-03
+113.57000E-06,+1.03712303384E+00,+1.29114319757E+00,+123.05276006E-03,+46.23111890E-03
+113.59500E-06,+1.03837931529E+00,+1.33134420216E+00,+129.33416708E-03,+70.72860605E-03
+113.62000E-06,+1.01702253154E+00,+1.33134420216E+00,+134.35929265E-03,+85.17584205E-03
+113.64500E-06,+1.02958534558E+00,+1.37154520676E+00,+107.97738334E-03,+105.27634434E-03
+113.67000E-06,+998.17831069E-03,+1.33134420216E+00,+123.68090078E-03,+105.27634434E-03
+113.69500E-06,+986.87177810E-03,+1.32003766957E+00,+114.88693108E-03,+105.27634434E-03
+113.72000E-06,+979.33408984E-03,+1.33134420216E+00,+113.00250891E-03,+94.59795247E-03
+113.74500E-06,+1.00697228040E+00,+1.05873113970E+00,+139.38441823E-03,+125.37684664E-03
+113.77000E-06,+1.03712303384E+00,+1.01099244685E+00,+104.20853921E-03,+105.27634434E-03
+113.79500E-06,+957.97730610E-03,+958.22862822E-03,+103.58039849E-03,+44.97483745E-03
+113.82000E-06,+998.17831069E-03,+1.03109294915E+00,+124.93718223E-03,+77.01001307E-03
+113.84500E-06,+1.07858031988E+00,+1.04993717000E+00,+128.07788563E-03,+114.07031405E-03
+113.87000E-06,+956.72102465E-03,+930.59043766E-03,+103.58039849E-03,+44.34669673E-03
+113.89500E-06,+1.07858031988E+00,+1.07883164200E+00,+83.47989619E-03,+99.62307805E-03
+113.92000E-06,+957.97730610E-03,+1.03109294915E+00,+134.35929265E-03,+75.75373162E-03
+113.94500E-06,+1.02958534558E+00,+1.32255023246E+00,+79.08291134E-03,+65.07533975E-03
+113.97000E-06,+999.43459214E-03,+1.33008792072E+00,+103.58039849E-03,+85.17584205E-03
+113.99500E-06,+1.02079137588E+00,+1.34265073475E+00,+103.58039849E-03,+85.17584205E-03
+114.02000E-06,+998.17831069E-03,+1.35018842301E+00,+133.10301121E-03,+95.85423392E-03
+114.04500E-06,+1.00697228040E+00,+1.33134420216E+00,+114.88693108E-03,+89.57282690E-03
+114.07000E-06,+1.03712303384E+00,+1.33260048361E+00,+103.58039849E-03,+85.17584205E-03
+114.09500E-06,+998.17831069E-03,+1.36023867416E+00,+152.57537278E-03,+90.82910834E-03
+114.12000E-06,+998.17831069E-03,+1.33134420216E+00,+143.78140308E-03,+74.49745018E-03
+114.14500E-06,+1.03837931529E+00,+1.05873113970E+00,+143.78140308E-03,+116.58287694E-03
+114.17000E-06,+1.03712303384E+00,+1.04868088855E+00,+103.58039849E-03,+104.02006290E-03
+114.19500E-06,+969.28383869E-03,+1.00973616540E+00,+163.88190538E-03,+73.86930945E-03
+114.22000E-06,+998.17831069E-03,+1.02858038626E+00,+145.03768453E-03,+44.97483745E-03
+114.24500E-06,+975.56524550E-03,+1.00973616540E+00,+143.78140308E-03,+44.97483745E-03
+114.27000E-06,+1.03837931529E+00,+1.01224872830E+00,+163.25376465E-03,+24.24619443E-03
+114.29500E-06,+1.00948484329E+00,+1.03863063740E+00,+172.67587508E-03,+16.08036545E-03
+114.32000E-06,+1.01953509444E+00,+1.00973616540E+00,+143.78140308E-03,+34.29644558E-03
+114.34500E-06,+998.17831069E-03,+1.32255023246E+00,+139.38441823E-03,+20.47735030E-03
+114.37000E-06,+996.92202925E-03,+1.33134420216E+00,+163.88190538E-03,+24.87433515E-03
+114.39500E-06,+1.03837931529E+00,+1.36023867416E+00,+183.98240767E-03,+33.66830486E-03
+114.42000E-06,+998.17831069E-03,+1.36903264386E+00,+183.98240767E-03,+14.19594328E-03
+114.44500E-06,+1.02079137588E+00,+1.33134420216E+00,+195.28894027E-03,+36.18086775E-03
+114.47000E-06,+998.17831069E-03,+1.33134420216E+00,+183.98240767E-03,-13.44224727E-03
+114.49500E-06,+1.00948484329E+00,+1.33134420216E+00,+183.98240767E-03,+39.32157116E-03
+114.52000E-06,+998.17831069E-03,+1.30998741842E+00,+194.66079955E-03,+26.13061660E-03
+114.54500E-06,+966.77127580E-03,+1.05873113970E+00,+208.47989482E-03,+24.87433515E-03
+114.57000E-06,+999.43459214E-03,+1.08888189315E+00,+183.98240767E-03,+25.50247588E-03
+114.59500E-06,+998.17831069E-03,+1.02732410481E+00,+183.98240767E-03,-15.32666944E-03
+114.62000E-06,+1.03837931529E+00,+1.03109294915E+00,+173.30401580E-03,+26.13061660E-03
+114.64500E-06,+1.00697228039E+00,+1.00973616540E+00,+179.58542282E-03,+9.17081771E-03
+114.67000E-06,+1.03712303384E+00,+970.79144226E-03,+163.88190538E-03,+24.24619443E-03
+114.69500E-06,+1.00948484329E+00,+1.00973616540E+00,+169.53517167E-03,+39.32157115E-03
+114.72000E-06,+1.01953509444E+00,+1.02858038626E+00,+174.56029725E-03,+4.77383286E-03
+114.74500E-06,+998.17831069E-03,+1.29114319757E+00,+148.17838793E-03,-10.92968459E-03
+114.77000E-06,+998.17831069E-03,+1.33134420216E+00,+144.40954380E-03,+4.77383286E-03
+114.79500E-06,+1.00948484329E+00,+1.36023867416E+00,+158.22863908E-03,+30.52760145E-03
+114.82000E-06,+976.82152695E-03,+1.33134420216E+00,+194.66079955E-03,+24.87433515E-03
+114.84500E-06,+1.00697228039E+00,+1.29993716727E+00,+199.68592512E-03,+20.47735030E-03
+114.87000E-06,+999.43459214E-03,+1.33134420216E+00,+183.98240767E-03,+24.24619443E-03
+114.89500E-06,+998.17831069E-03,+1.33134420216E+00,+189.63567397E-03,+16.08036545E-03
+114.92000E-06,+998.17831069E-03,+1.35270098590E+00,+183.98240767E-03,+24.87433515E-03
+114.94500E-06,+1.03837931529E+00,+1.09013817459E+00,+219.78642742E-03,+44.97483745E-03
+114.97000E-06,+1.03963559673E+00,+1.08762561170E+00,+163.88190538E-03,+64.44719903E-03
+114.99500E-06,+969.28383869E-03,+1.00973616540E+00,+163.88190538E-03,+4.77383286E-03
+115.02000E-06,+998.17831069E-03,+1.02858038626E+00,+154.45979495E-03,+34.29644558E-03
+115.04500E-06,+989.38434099E-03,+1.04114320030E+00,+148.17838793E-03,+20.47735030E-03
+115.07000E-06,+999.43459214E-03,+1.04868088855E+00,+124.30904151E-03,+43.71855601E-03
+115.09500E-06,+998.17831069E-03,+992.14822600E-03,+155.08793567E-03,-4.02013684E-03
+115.12000E-06,+1.03837931529E+00,+1.04993717000E+00,+153.20351350E-03,+15.45222473E-03
+115.14500E-06,+1.00697228039E+00,+1.29114319757E+00,+128.07788563E-03,+4.77383286E-03
+115.17000E-06,+960.48986899E-03,+1.37028892531E+00,+163.88190538E-03,+25.50247588E-03
+115.19500E-06,+1.07858031988E+00,+1.34265073476E+00,+189.63567397E-03,+4.77383286E-03
+115.22000E-06,+998.17831069E-03,+1.33134420216E+00,+214.76130184E-03,-5.90455901E-03
+115.24500E-06,+1.03837931529E+00,+1.33134420216E+00,+204.08290997E-03,+20.47735030E-03
+115.27000E-06,+999.43459214E-03,+1.33134420216E+00,+204.08290997E-03,-14.69852872E-03
+115.29500E-06,+1.02707278269E+00,+1.33134420216E+00,+195.28894027E-03,+4.77383286E-03
+115.32000E-06,+998.17831069E-03,+1.35270098590E+00,+212.24873895E-03,+4.77383286E-03
+115.34500E-06,+966.77127580E-03,+1.06752510940E+00,+239.88692972E-03,+56.28137005E-03
+115.37000E-06,+999.43459214E-03,+1.04993717000E+00,+203.45476925E-03,+5.40197358E-03
+115.39500E-06,+998.17831069E-03,+1.00973616540E+00,+183.98240767E-03,-26.63320204E-03
+115.42000E-06,+1.03837931529E+00,+1.03109294915E+00,+214.76130184E-03,+15.45222473E-03
+115.44500E-06,+975.56524550E-03,+969.53516081E-03,+183.98240767E-03,+4.77383286E-03
+115.47000E-06,+1.03712303384E+00,+1.00973616540E+00,+183.35426695E-03,+24.24619443E-03
+115.49500E-06,+998.17831069E-03,+1.04993717000E+00,+183.98240767E-03,+4.77383286E-03
+115.52000E-06,+1.01953509444E+00,+1.03109294915E+00,+183.98240767E-03,-5.90455901E-03
+115.54500E-06,+998.17831069E-03,+1.28234922786E+00,+175.18843797E-03,-15.32666944E-03
+115.57000E-06,+998.17831069E-03,+1.33008792071E+00,+163.88190538E-03,+4.77383286E-03
+115.59500E-06,+969.28383869E-03,+1.34265073476E+00,+178.32914138E-03,+24.87433515E-03
+115.62000E-06,+976.82152695E-03,+1.33134420216E+00,+204.08290997E-03,+4.77383286E-03
+115.64500E-06,+1.03837931529E+00,+1.37154520676E+00,+183.98240767E-03,+20.47735030E-03
+115.67000E-06,+1.03712303384E+00,+1.33134420216E+00,+165.13818682E-03,+44.34669673E-03
+115.69500E-06,+1.02707278269E+00,+1.33134420216E+00,+198.42964367E-03,+10.42709916E-03
+115.72000E-06,+979.33408984E-03,+1.31249998131E+00,+204.08290997E-03,+14.19594328E-03
+115.74500E-06,+1.00697228039E+00,+1.05873113970E+00,+219.78642742E-03,+9.17081771E-03
+115.77000E-06,+999.43459214E-03,+1.04868088855E+00,+164.51004610E-03,+24.24619443E-03
+115.79500E-06,+980.59037129E-03,+1.00973616540E+00,+189.63567397E-03,+10.42709916E-03
+115.82000E-06,+1.01702253154E+00,+1.00722360251E+00,+143.78140308E-03,+34.29644558E-03
+115.84500E-06,+998.17831069E-03,+1.00973616540E+00,+132.47487048E-03,+24.87433515E-03
+115.87000E-06,+1.03712303384E+00,+1.01099244685E+00,+143.78140308E-03,+63.81905830E-03
+115.89500E-06,+986.87177810E-03,+1.00973616540E+00,+163.88190538E-03,+24.87433515E-03
+115.92000E-06,+1.01702253154E+00,+1.00973616540E+00,+163.88190538E-03,+24.87433515E-03
+115.94500E-06,+1.02958534559E+00,+1.29114319757E+00,+163.88190538E-03,+24.87433515E-03
+115.97000E-06,+1.03712303384E+00,+1.33134420216E+00,+183.35426695E-03,+5.40197358E-03
+115.99500E-06,+1.03837931529E+00,+1.34265073476E+00,+169.53517168E-03,+19.22106886E-03
+116.02000E-06,+1.01702253154E+00,+1.33134420216E+00,+183.98240767E-03,+15.45222473E-03
+116.04500E-06,+1.02958534559E+00,+1.33134420216E+00,+183.98240767E-03,+13.56780256E-03
+116.07000E-06,+998.17831069E-03,+1.33134420216E+00,+163.88190538E-03,+24.87433515E-03
+116.09500E-06,+1.02707278269E+00,+1.33134420216E+00,+163.88190538E-03,+39.32157115E-03
+116.12000E-06,+979.33408984E-03,+1.33134420216E+00,+182.72612623E-03,+24.87433515E-03
+116.14500E-06,+998.17831069E-03,+1.05873113970E+00,+204.08290997E-03,+40.57785260E-03
+116.17000E-06,+1.03963559673E+00,+1.04868088855E+00,+183.35426695E-03,+26.13061660E-03
+116.19500E-06,+998.17831069E-03,+1.00973616540E+00,+163.88190538E-03,+13.56780256E-03
+116.22000E-06,+1.01953509444E+00,+1.02858038625E+00,+163.88190538E-03,+35.55272703E-03
+116.24500E-06,+1.03837931529E+00,+1.00973616540E+00,+179.58542282E-03,+20.47735030E-03
+116.27000E-06,+1.03712303384E+00,+1.00973616540E+00,+183.98240767E-03,+24.24619443E-03
+116.29500E-06,+998.17831069E-03,+1.00973616540E+00,+169.53517168E-03,+19.22106886E-03
+116.32000E-06,+1.05722353614E+00,+1.03109294915E+00,+163.88190538E-03,+26.13061660E-03
+116.34500E-06,+1.02958534559E+00,+1.25973616267E+00,+119.28391593E-03,+4.77383286E-03
+116.37000E-06,+998.17831069E-03,+1.29114319757E+00,+144.40954380E-03,+4.77383286E-03
+116.39500E-06,+1.03837931529E+00,+1.33134420216E+00,+158.22863908E-03,+44.97483745E-03
+116.42000E-06,+1.01702253154E+00,+1.33134420216E+00,+174.56029725E-03,+15.45222473E-03
+116.44500E-06,+998.17831069E-03,+1.36275123706E+00,+188.37939252E-03,+24.87433515E-03
+116.47000E-06,+1.03837931529E+00,+1.37154520676E+00,+203.45476925E-03,+4.77383286E-03
+116.49500E-06,+1.00948484329E+00,+1.34265073476E+00,+189.63567397E-03,+24.87433515E-03
+116.52000E-06,+1.01702253154E+00,+1.35270098591E+00,+174.56029725E-03,+34.29644558E-03
+116.54500E-06,+1.03837931529E+00,+1.06752510940E+00,+208.47989482E-03,+24.87433515E-03
+116.57000E-06,+998.17831069E-03,+1.04993717000E+00,+183.98240767E-03,+44.34669673E-03
+116.59500E-06,+1.02079137589E+00,+998.42963281E-03,+169.53517168E-03,+4.77383286E-03
+116.62000E-06,+1.03837931529E+00,+1.04993717000E+00,+154.45979495E-03,+44.97483745E-03
+116.64500E-06,+998.17831069E-03,+1.04114320030E+00,+148.17838793E-03,+29.27132000E-03
+116.67000E-06,+961.74615044E-03,+972.04772371E-03,+162.62562393E-03,+25.50247588E-03
+116.69500E-06,+1.00948484329E+00,+1.02104269800E+00,+158.22863908E-03,+24.87433515E-03
+116.72000E-06,+1.03837931529E+00,+1.00973616540E+00,+143.78140308E-03,+15.45222473E-03
+116.74500E-06,+1.00697228039E+00,+1.31375626276E+00,+143.78140308E-03,+20.47735030E-03
+116.77000E-06,+998.17831069E-03,+1.33134420216E+00,+143.78140308E-03,+5.40197358E-03
+116.79500E-06,+1.03837931529E+00,+1.34265073476E+00,+189.63567397E-03,+39.32157115E-03
+116.82000E-06,+998.17831069E-03,+1.32883163926E+00,+185.23868912E-03,+23.61805371E-03
+116.84500E-06,+1.02958534559E+00,+1.29993716727E+00,+183.98240767E-03,+376.84801E-06
+116.87000E-06,+1.03712303384E+00,+1.33134420216E+00,+184.61054840E-03,+4.77383286E-03
+116.89500E-06,+1.02707278269E+00,+1.33134420216E+00,+175.18843797E-03,+4.77383286E-03
+116.92000E-06,+998.17831069E-03,+1.35018842301E+00,+204.08290997E-03,+6.03011431E-03
+116.94500E-06,+1.02958534559E+00,+1.05873113970E+00,+224.18341227E-03,+40.57785260E-03
+116.97000E-06,+1.03586675239E+00,+1.04868088855E+00,+203.45476925E-03,+4.77383286E-03
+116.99500E-06,+998.17831069E-03,+1.00973616540E+00,+175.18843797E-03,-6.53269974E-03
+117.02000E-06,+1.01953509444E+00,+1.03109294915E+00,+193.40451810E-03,-5.90455902E-03
+117.04500E-06,+998.17831069E-03,+978.32913051E-03,+183.98240767E-03,+4.77383286E-03
+117.07000E-06,+998.17831069E-03,+1.00973616540E+00,+183.35426695E-03,+5.40197358E-03
+117.09500E-06,+1.02707278269E+00,+1.03863063740E+00,+178.32914138E-03,+13.56780256E-03
+117.12000E-06,+1.01953509444E+00,+1.00973616540E+00,+163.88190538E-03,+15.45222473E-03
+117.14500E-06,+998.17831069E-03,+1.25973616267E+00,+139.38441823E-03,-10.92968459E-03
+117.17000E-06,+998.17831069E-03,+1.29114319757E+00,+163.88190538E-03,-15.32666944E-03
+117.19500E-06,+1.03837931529E+00,+1.37154520676E+00,+198.42964367E-03,+30.52760145E-03
+117.22000E-06,+976.82152695E-03,+1.35018842301E+00,+193.40451810E-03,+15.45222473E-03
+117.24500E-06,+1.03837931529E+00,+1.36275123706E+00,+179.58542282E-03,-2.13571489E-03
+117.27000E-06,+1.07732403843E+00,+1.33134420216E+00,+183.98240767E-03,+24.24619443E-03
+117.29500E-06,+1.01576625009E+00,+1.33134420216E+00,+212.87687967E-03,+10.42709916E-03
+117.32000E-06,+998.17831069E-03,+1.33134420216E+00,+193.40451810E-03,+15.45222473E-03
+117.34500E-06,+1.00697228039E+00,+1.05873113970E+00,+215.38944257E-03,+44.97483745E-03
+117.37000E-06,+1.07606775698E+00,+1.00973616540E+00,+183.35426695E-03,+24.87433515E-03
+117.39500E-06,+998.17831069E-03,+980.84169341E-03,+192.77637737E-03,-879.43344E-06
+117.42000E-06,+1.01953509444E+00,+1.04993717000E+00,+175.81657870E-03,+23.61805371E-03
+117.44500E-06,+989.38434099E-03,+1.00973616540E+00,+183.98240767E-03,+24.87433515E-03
+117.47000E-06,+960.48986900E-03,+1.04993717000E+00,+164.51004610E-03,-14.69852871E-03
+117.49500E-06,+1.03837931529E+00,+1.04993717000E+00,+163.88190538E-03,+4.77383286E-03
+117.52000E-06,+1.03837931529E+00,+1.00973616540E+00,+183.98240767E-03,-5.90455902E-03
+117.54500E-06,+1.02958534559E+00,+1.29114319757E+00,+143.78140308E-03,+16.08036546E-03
+117.57000E-06,+998.17831069E-03,+1.29114319757E+00,+183.98240767E-03,+5.40197358E-03
+117.59500E-06,+1.03837931529E+00,+1.34265073476E+00,+198.42964367E-03,+24.87433515E-03
+117.62000E-06,+998.17831069E-03,+1.35018842301E+00,+174.56029725E-03,+4.77383286E-03
+117.64500E-06,+1.07858031988E+00,+1.34013817186E+00,+195.28894027E-03,+9.17081771E-03
+117.67000E-06,+1.03712303384E+00,+1.33134420216E+00,+184.61054840E-03,+24.87433515E-03
+117.69500E-06,+998.17831069E-03,+1.33134420216E+00,+163.88190538E-03,+19.22106886E-03
+117.72000E-06,+1.01953509444E+00,+1.33134420216E+00,+173.30401580E-03,+35.55272703E-03
+117.74500E-06,+966.77127580E-03,+1.05873113970E+00,+239.88692972E-03,+60.67835490E-03
+117.77000E-06,+1.03586675239E+00,+1.04993717000E+00,+183.98240767E-03,+24.24619443E-03
+117.79500E-06,+998.17831069E-03,+1.02104269800E+00,+169.53517168E-03,+4.77383286E-03
+117.82000E-06,+1.01953509444E+00,+1.03109294915E+00,+143.78140308E-03,+35.55272703E-03
+117.84500E-06,+1.00697228039E+00,+1.04114320030E+00,+155.08793568E-03,+24.87433515E-03
+117.87000E-06,+1.03837931529E+00,+1.04993717000E+00,+144.40954380E-03,+44.97483745E-03
+117.89500E-06,+1.00948484329E+00,+1.00973616540E+00,+152.57537278E-03,+24.87433515E-03
+117.92000E-06,+1.01953509444E+00,+1.00973616540E+00,+123.68090078E-03,+34.29644558E-03
+117.94500E-06,+1.00697228039E+00,+1.28234922787E+00,+123.68090078E-03,+13.56780256E-03
+117.97000E-06,+998.17831069E-03,+1.33134420216E+00,+124.93718223E-03,+45.60297818E-03
+117.99500E-06,+1.03837931529E+00,+1.34265073476E+00,+169.53517168E-03,+30.52760145E-03
+118.02000E-06,+976.82152694E-03,+1.26978641382E+00,+183.98240767E-03,+4.77383286E-03
+118.04500E-06,+998.17831069E-03,+1.36275123706E+00,+199.68592512E-03,+24.87433515E-03
+118.07000E-06,+998.17831069E-03,+1.33134420216E+00,+184.61054840E-03,+24.24619443E-03
+118.09500E-06,+969.28383870E-03,+1.36023867416E+00,+183.98240767E-03,+10.42709916E-03
+118.12000E-06,+1.01953509444E+00,+1.35270098591E+00,+183.98240767E-03,+24.87433515E-03
+118.14500E-06,+966.77127580E-03,+1.09013817459E+00,+219.78642742E-03,+40.57785260E-03
+118.17000E-06,+1.03837931529E+00,+1.04868088855E+00,+163.88190538E-03,+63.81905830E-03
+118.19500E-06,+998.17831069E-03,+969.53516081E-03,+163.88190538E-03,+10.42709916E-03
+118.22000E-06,+998.17831069E-03,+1.02858038625E+00,+154.45979495E-03,+34.29644558E-03
+118.24500E-06,+998.17831069E-03,+1.00973616540E+00,+168.27889023E-03,+24.87433515E-03
+118.27000E-06,+998.17831069E-03,+1.00973616540E+00,+144.40954380E-03,+24.87433515E-03
+118.29500E-06,+1.03837931529E+00,+1.03863063740E+00,+158.22863908E-03,-4.02013684E-03
+118.32000E-06,+1.01702253154E+00,+1.03109294915E+00,+154.45979495E-03,+24.87433515E-03
+118.34500E-06,+998.17831069E-03,+1.29114319757E+00,+128.07788563E-03,+20.47735031E-03
+118.37000E-06,+959.23358755E-03,+1.29239947902E+00,+183.35426695E-03,+6.03011431E-03
+118.39500E-06,+1.00948484329E+00,+1.33134420216E+00,+204.08290997E-03,+19.22106886E-03
+118.42000E-06,+998.17831069E-03,+1.33134420216E+00,+194.66079955E-03,+4.77383286E-03
+118.44500E-06,+1.06978635018E+00,+1.33134420216E+00,+204.08290997E-03,-6.53269974E-03
+118.47000E-06,+999.43459214E-03,+1.33260048361E+00,+164.51004610E-03,+4.77383286E-03
+118.49500E-06,+1.02079137589E+00,+1.32003766956E+00,+160.74120198E-03,+4.77383286E-03
+118.52000E-06,+979.33408985E-03,+1.33134420216E+00,+173.30401580E-03,+35.55272703E-03
+118.54500E-06,+966.77127580E-03,+1.05873113970E+00,+228.58039712E-03,+24.87433515E-03
+118.57000E-06,+999.43459214E-03,+1.04993717000E+00,+222.29899009E-03,+25.50247588E-03
+118.59500E-06,+998.17831069E-03,+1.00973616540E+00,+163.88190538E-03,-9.67340314E-03
+118.62000E-06,+998.17831069E-03,+1.07129395375E+00,+163.88190538E-03,+24.87433515E-03
+118.64500E-06,+998.17831069E-03,+978.32913051E-03,+179.58542283E-03,+29.27132000E-03
+118.67000E-06,+999.43459214E-03,+970.79144226E-03,+163.88190538E-03,+24.87433515E-03
+118.69500E-06,+1.00948484329E+00,+1.03863063740E+00,+158.22863908E-03,+44.97483745E-03
+118.72000E-06,+1.01953509444E+00,+1.03109294915E+00,+142.52512163E-03,+34.29644558E-03
+118.74500E-06,+998.17831069E-03,+1.25973616267E+00,+134.98743338E-03,+4.77383286E-03
+118.77000E-06,+996.92202924E-03,+1.33008792071E+00,+144.40954381E-03,+44.34669673E-03
+118.79500E-06,+998.17831069E-03,+1.34265073476E+00,+204.08290997E-03,-879.43344E-06
+118.82000E-06,+976.82152694E-03,+1.33134420216E+00,+193.40451810E-03,-15.32666944E-03
+118.84500E-06,+1.00697228039E+00,+1.30873113696E+00,+204.08290997E-03,-10.92968459E-03
+118.87000E-06,+999.43459214E-03,+1.33134420216E+00,+204.08290997E-03,+4.77383286E-03
+118.89500E-06,+998.17831069E-03,+1.33134420216E+00,+209.73617627E-03,-879.43344E-06
+118.92000E-06,+1.03586675238E+00,+1.33134420216E+00,+204.08290997E-03,-4.64827757E-03
+118.94500E-06,+1.00697228039E+00,+1.05873113970E+00,+224.18341227E-03,+4.77383286E-03
+118.97000E-06,+1.03712303384E+00,+1.01099244686E+00,+204.71105070E-03,+5.40197358E-03
+118.99500E-06,+986.87177809E-03,+1.00973616540E+00,+163.88190538E-03,-879.43344E-06
+119.02000E-06,+1.03837931529E+00,+1.00973616540E+00,+154.45979495E-03,+55.65322933E-03
+119.04500E-06,+998.17831069E-03,+1.00973616540E+00,+128.07788563E-03,+44.97483745E-03
+119.07000E-06,+1.03712303384E+00,+1.04993717000E+00,+163.88190538E-03,+44.34669673E-03
+119.09500E-06,+998.17831069E-03,+1.03863063740E+00,+163.88190538E-03,+39.32157115E-03
+119.12000E-06,+1.01702253154E+00,+1.00973616540E+00,+163.88190538E-03,+44.97483745E-03
+119.14500E-06,+1.02958534559E+00,+1.32255023246E+00,+123.68090078E-03,+13.56780255E-03
+119.17000E-06,+998.17831069E-03,+1.29239947902E+00,+163.25376465E-03,+5.40197358E-03
+119.19500E-06,+1.00948484329E+00,+1.31375626277E+00,+178.32914137E-03,+24.87433515E-03
+119.22000E-06,+995.66574779E-03,+1.33134420216E+00,+204.08290997E-03,+34.29644558E-03
+119.24500E-06,+998.17831069E-03,+1.33134420216E+00,+188.37939252E-03,+44.97483745E-03
+119.27000E-06,+1.03837931529E+00,+1.33134420216E+00,+145.03768453E-03,+24.87433515E-03
+119.29500E-06,+1.02707278269E+00,+1.33134420216E+00,+149.43466938E-03,+39.32157115E-03
+119.32000E-06,+998.17831069E-03,+1.33134420216E+00,+183.98240767E-03,+44.97483745E-03
+119.34500E-06,+975.56524549E-03,+1.05873113970E+00,+215.38944257E-03,+40.57785260E-03
+119.37000E-06,+1.03712303384E+00,+1.04993717000E+00,+183.98240767E-03,+5.40197358E-03
+119.39500E-06,+1.02707278269E+00,+1.00973616540E+00,+155.08793568E-03,+19.22106885E-03
+119.42000E-06,+998.17831069E-03,+1.00973616540E+00,+174.56029725E-03,+24.87433515E-03
+119.44500E-06,+966.77127579E-03,+1.00973616540E+00,+168.27889023E-03,+24.87433515E-03
+119.47000E-06,+1.03837931529E+00,+1.00973616540E+00,+183.35426695E-03,+4.77383286E-03
+119.49500E-06,+998.17831069E-03,+980.84169341E-03,+169.53517168E-03,+10.42709916E-03
+119.52000E-06,+998.17831069E-03,+1.00973616540E+00,+173.30401580E-03,+24.87433515E-03
+119.54500E-06,+1.02958534559E+00,+1.28234922787E+00,+143.78140308E-03,+13.56780255E-03
+119.57000E-06,+998.17831069E-03,+1.33008792071E+00,+144.40954381E-03,+43.71855600E-03
+119.59500E-06,+1.03837931529E+00,+1.34265073476E+00,+158.22863908E-03,+65.07533975E-03
+119.62000E-06,+995.66574779E-03,+1.33134420216E+00,+173.30401580E-03,+15.45222473E-03
+119.64500E-06,+1.03837931529E+00,+1.33134420216E+00,+188.37939252E-03,+20.47735031E-03
+119.67000E-06,+1.03712303383E+00,+1.37028892530E+00,+164.51004610E-03,+44.34669673E-03
+119.69500E-06,+1.00948484329E+00,+1.33134420216E+00,+163.88190538E-03,+24.87433515E-03
+119.72000E-06,+1.01702253154E+00,+1.30998741841E+00,+185.23868913E-03,+35.55272703E-03
+119.74500E-06,+957.97730610E-03,+1.05873113970E+00,+208.47989482E-03,+44.97483745E-03
+119.77000E-06,+1.07732403843E+00,+1.04993717000E+00,+164.51004610E-03,+44.34669673E-03
+119.79500E-06,+998.17831069E-03,+1.00973616540E+00,+152.57537278E-03,+4.77383286E-03
+119.82000E-06,+1.03837931529E+00,+1.02858038625E+00,+154.45979495E-03,+44.97483745E-03
+119.84500E-06,+989.38434100E-03,+1.00094219571E+00,+152.57537278E-03,+49.37182230E-03
+119.87000E-06,+959.23358755E-03,+1.01099244686E+00,+144.40954381E-03,+6.03011431E-03
+119.89500E-06,+986.87177809E-03,+1.04993717000E+00,+169.53517168E-03,+30.52760146E-03
+119.92000E-06,+1.03837931529E+00,+1.02858038625E+00,+143.78140308E-03,+14.19594328E-03
+119.94500E-06,+1.02958534559E+00,+1.32255023246E+00,+123.68090078E-03,+9.17081771E-03
+119.97000E-06,+999.43459214E-03,+1.29239947902E+00,+163.25376465E-03,+5.40197358E-03
+119.99500E-06,+1.02707278269E+00,+1.34265073476E+00,+183.98240767E-03,+33.66830485E-03
+120.02000E-06,+1.01702253154E+00,+1.31249998132E+00,+194.66079955E-03,+15.45222473E-03
+120.04500E-06,+1.02079137589E+00,+1.33134420216E+00,+179.58542283E-03,+20.47735031E-03
+120.07000E-06,+1.03712303383E+00,+1.33260048361E+00,+163.88190538E-03,+24.87433515E-03
+120.09500E-06,+998.17831069E-03,+1.33134420216E+00,+175.18843798E-03,+19.22106885E-03
+120.12000E-06,+979.33408985E-03,+1.37154520676E+00,+183.98240767E-03,+26.13061661E-03
+120.14500E-06,+998.17831069E-03,+1.09013817459E+00,+235.48994487E-03,+40.57785260E-03
+120.17000E-06,+1.03586675238E+00,+1.04868088855E+00,+184.61054840E-03,+5.40197358E-03
+120.19500E-06,+998.17831069E-03,+969.53516081E-03,+178.32914137E-03,+19.22106885E-03
+120.22000E-06,+1.03837931529E+00,+1.03109294915E+00,+143.78140308E-03,+35.55272703E-03
+120.24500E-06,+966.77127579E-03,+1.00973616540E+00,+183.98240767E-03,+40.57785260E-03
+120.27000E-06,+999.43459215E-03,+1.00973616540E+00,+144.40954381E-03,+24.87433515E-03
+120.29500E-06,+1.00948484329E+00,+1.00973616540E+00,+129.33416708E-03,+39.32157115E-03
+120.32000E-06,+1.01953509444E+00,+1.00973616540E+00,+133.10301120E-03,+44.97483745E-03
+120.34500E-06,+998.17831069E-03,+1.29114319757E+00,+119.28391593E-03,+24.87433515E-03
+120.37000E-06,+998.17831069E-03,+1.29239947902E+00,+144.40954381E-03,+44.97483745E-03
+120.39500E-06,+1.00948484329E+00,+1.37154520676E+00,+198.42964367E-03,+10.42709916E-03
+120.42000E-06,+976.82152694E-03,+1.37154520676E+00,+193.40451810E-03,+4.77383286E-03
+120.44500E-06,+1.00697228039E+00,+1.33134420216E+00,+224.18341227E-03,+9.17081771E-03
+120.47000E-06,+1.03837931529E+00,+1.33134420216E+00,+164.51004610E-03,+44.34669673E-03
+120.49500E-06,+1.00948484329E+00,+1.36023867415E+00,+192.77637737E-03,+10.42709916E-03
+120.52000E-06,+998.17831069E-03,+1.33134420216E+00,+194.66079955E-03,+14.19594328E-03
+120.54500E-06,+1.03837931529E+00,+1.04993717000E+00,+224.18341227E-03,+44.97483745E-03
+120.57000E-06,+1.03963559674E+00,+1.04993717000E+00,+183.98240767E-03,+24.87433515E-03
+120.59500E-06,+969.28383870E-03,+1.00973616540E+00,+198.42964367E-03,-879.43344E-06
+120.62000E-06,+998.17831069E-03,+1.02858038625E+00,+163.88190538E-03,+14.19594328E-03
+120.64500E-06,+1.02079137590E+00,+1.00973616540E+00,+152.57537278E-03,+9.17081771E-03
+120.67000E-06,+1.03712303383E+00,+1.04993717000E+00,+163.25376465E-03,+24.87433515E-03
+120.69500E-06,+1.00948484329E+00,+1.00973616540E+00,+178.32914137E-03,+4.77383286E-03
+120.72000E-06,+1.01702253154E+00,+1.02858038625E+00,+153.20351350E-03,+3.51755140E-03
+120.74500E-06,+1.06099238049E+00,+1.29114319757E+00,+163.88190538E-03,-4.02013684E-03
+120.77000E-06,+959.23358755E-03,+1.33134420216E+00,+183.35426695E-03,+5.40197358E-03
+120.79500E-06,+1.03837931529E+00,+1.34265073476E+00,+189.63567398E-03,+53.76880715E-03
+120.82000E-06,+1.01702253154E+00,+1.33134420216E+00,+183.98240767E-03,+15.45222473E-03
+120.84500E-06,+1.03837931529E+00,+1.34013817186E+00,+204.08290997E-03,+24.87433515E-03
+120.87000E-06,+998.17831069E-03,+1.33134420216E+00,+164.51004610E-03,+5.40197358E-03
+120.89500E-06,+980.59037130E-03,+1.33134420216E+00,+198.42964367E-03,+24.87433515E-03
+120.92000E-06,+998.17831069E-03,+1.33134420216E+00,+162.62562392E-03,+15.45222473E-03
+120.94500E-06,+1.02958534559E+00,+1.05873113969E+00,+212.87687967E-03,+40.57785260E-03
+120.97000E-06,+1.03586675238E+00,+1.01099244686E+00,+183.35426695E-03,+5.40197358E-03
+120.99500E-06,+1.00948484329E+00,+1.03863063740E+00,+178.32914137E-03,-9.67340314E-03
+121.02000E-06,+1.01953509444E+00,+1.00973616540E+00,+163.88190538E-03,+15.45222473E-03
+121.04500E-06,+998.17831069E-03,+1.04114320030E+00,+163.88190538E-03,+24.87433515E-03
+121.07000E-06,+1.03837931529E+00,+1.04993717000E+00,+164.51004610E-03,+4.77383286E-03
+121.09500E-06,+1.02707278268E+00,+1.03863063740E+00,+163.88190538E-03,+4.77383286E-03
+121.12000E-06,+1.05973609904E+00,+1.00973616540E+00,+153.20351350E-03,-4.64827756E-03
+121.14500E-06,+1.02958534559E+00,+1.25973616267E+00,+155.08793568E-03,+4.77383286E-03
+121.17000E-06,+998.17831069E-03,+1.36903264385E+00,+164.51004610E-03,+24.24619443E-03
+121.19500E-06,+980.59037130E-03,+1.34265073476E+00,+218.53014597E-03,+4.77383286E-03
+121.22000E-06,+936.62052235E-03,+1.33134420216E+00,+213.50502039E-03,-4.64827756E-03
+121.24500E-06,+1.00697228039E+00,+1.32255023247E+00,+199.68592512E-03,-10.92968459E-03
+121.27000E-06,+1.07606775697E+00,+1.37028892530E+00,+184.61054840E-03,+24.24619443E-03
+121.29500E-06,+1.03837931529E+00,+1.37154520676E+00,+189.63567398E-03,+10.42709916E-03
+121.32000E-06,+998.17831069E-03,+1.35270098591E+00,+213.50502039E-03,+14.19594328E-03
+121.34500E-06,+1.03837931529E+00,+1.05873113969E+00,+199.68592512E-03,+44.97483745E-03
+121.37000E-06,+1.11752504302E+00,+1.04993717000E+00,+183.98240767E-03,+24.24619443E-03
+121.39500E-06,+998.17831069E-03,+1.00973616540E+00,+183.98240767E-03,-4.02013684E-03
+121.42000E-06,+1.03837931529E+00,+1.04993717000E+00,+143.78140308E-03,+23.61805370E-03
+121.44500E-06,+998.17831069E-03,+1.04114320030E+00,+143.78140308E-03,+36.18086776E-03
+121.47000E-06,+1.03837931529E+00,+1.00973616540E+00,+163.25376465E-03,+25.50247588E-03
+121.49500E-06,,,,
