x-axis,1,3,4,MATH1
second,Volt,Volt,Volt,Volt
+54.90000E-06,,,,
+54.92500E-06,+1.03837931529E+00,+163.44221681E-03,+71.16830198E-03,+91.64428711E-03
+54.95000E-06,+1.03837931529E+00,+157.16080985E-03,-5.46486303E-03,+161.71264648E-03
+54.97500E-06,+1.02204765717E+00,+139.57287034E-03,+18.40448345E-03,+120.42236328E-03
+55.00000E-06,+1.05094212922E+00,+176.00503075E-03,+61.11805083E-03,+114.16625977E-03
+55.02500E-06,+1.03461047111E+00,+152.13568427E-03,-1.69601885E-03,+152.95410156E-03
+55.05000E-06,+1.03837931529E+00,+129.52261919E-03,+34.73614156E-03,+94.14672852E-03
+55.07500E-06,+1.01450996881E+00,+163.44221681E-03,+10.86679508E-03,+151.70288086E-03
+55.10000E-06,+1.02456021996E+00,+137.06030755E-03,+8.35423230E-03,+127.92968750E-03
+55.12500E-06,+1.03461047111E+00,+163.44221681E-03,-5.46486303E-03,+167.96875000E-03
+55.15000E-06,+1.00445971766E+00,+163.44221681E-03,+62.37433222E-03,+100.40283203E-03
+55.17500E-06,+1.03084162693E+00,+147.11055870E-03,+34.73614156E-03,+111.66381836E-03
+55.20000E-06,+1.03837931529E+00,+149.62312148E-03,-5.46486303E-03,+154.20532227E-03
+55.22500E-06,+961.74615028E-03,+203.64322141E-03,+34.73614156E-03,+167.96875000E-03
+55.25000E-06,+1.07229891291E+00,+169.72362378E-03,+34.73614156E-03,+134.18579102E-03
+55.27500E-06,+1.01450996881E+00,+163.44221681E-03,+34.73614156E-03,+127.92968750E-03
+55.30000E-06,+1.03837931529E+00,+135.80402616E-03,+8.35423230E-03,+126.67846680E-03
+55.32500E-06,+998.17831069E-03,+159.67337263E-03,+34.73614156E-03,+124.17602539E-03
+55.35000E-06,+1.03209790832E+00,+123.24121222E-03,+68.65573919E-03,+54.10766602E-03
+55.37500E-06,+1.00571599905E+00,+147.11055870E-03,+10.86679509E-03,+135.43701172E-03
+55.40000E-06,+1.01199740602E+00,+149.62312148E-03,-5.46486303E-03,+154.20532227E-03
+55.42500E-06,+1.03461047111E+00,+159.67337263E-03,-1.69601885E-03,+160.46142578E-03
+55.45000E-06,+1.00445971766E+00,+197.36181444E-03,+816.54394E-06,+196.31958008E-03
+55.47500E-06,+1.03837931529E+00,+187.31156329E-03,-5.46486303E-03,+192.32177734E-03
+55.50000E-06,+998.17831069E-03,+163.44221681E-03,+61.11805083E-03,+101.65405273E-03
+55.52500E-06,+1.07481147570E+00,+163.44221681E-03,+30.96729738E-03,+131.68334961E-03
+55.55000E-06,+1.03209790832E+00,+169.72362378E-03,-5.46486303E-03,+174.37744141E-03
+55.57500E-06,+1.02204765717E+00,+123.24121222E-03,+34.73614156E-03,+87.89062500E-03
+55.60000E-06,+998.17831069E-03,+123.24121222E-03,+34.73614156E-03,+87.89062500E-03
+55.62500E-06,+1.03837931529E+00,+159.67337263E-03,+2.07282533E-03,+156.70776367E-03
+55.65000E-06,+998.17831069E-03,+163.44221681E-03,+28.45473459E-03,+134.18579102E-03
+55.67500E-06,+1.03837931529E+00,+163.44221681E-03,+10.86679509E-03,+151.70288086E-03
+55.70000E-06,+1.03837931529E+00,+177.26131214E-03,-19.28395836E-03,+195.83129883E-03
+55.72500E-06,+1.00194715487E+00,+163.44221681E-03,-1.69601885E-03,+164.21508789E-03
+55.75000E-06,+1.00445971766E+00,+197.36181444E-03,-5.46486303E-03,+202.57568359E-03
+55.77500E-06,+1.01450996881E+00,+187.31156329E-03,+18.40448344E-03,+167.96875000E-03
+55.80000E-06,+1.03837931529E+00,+203.64322141E-03,+8.35423230E-03,+194.88525391E-03
+55.82500E-06,+1.03461047111E+00,+163.44221681E-03,-41.89702345E-03,+205.13916016E-03
+55.85000E-06,+998.17831069E-03,+169.72362378E-03,+34.73614156E-03,+134.18579102E-03
+55.87500E-06,+950.43961774E-03,+130.77890058E-03,+10.86679509E-03,+119.17114257E-03
+55.90000E-06,+971.79640143E-03,+163.44221681E-03,-5.46486303E-03,+167.96875000E-03
+55.92500E-06,+1.00194715487E+00,+159.67337263E-03,-5.46486303E-03,+164.21508789E-03
+55.95000E-06,+1.03837931529E+00,+169.72362378E-03,+56.09292525E-03,+113.06762696E-03
+55.97500E-06,+1.03837931529E+00,+139.57287034E-03,+34.73614156E-03,+104.15649414E-03
+56.00000E-06,+984.35921536E-03,+163.44221681E-03,-45.66586763E-03,+208.98437500E-03
+56.02500E-06,+961.74615028E-03,+167.21106099E-03,-1.69601885E-03,+167.96875000E-03
+56.05000E-06,+1.00445971766E+00,+169.72362378E-03,+7.09795091E-03,+161.71264648E-03
+56.07500E-06,+998.17831069E-03,+147.11055870E-03,+34.73614156E-03,+111.66381836E-03
+56.10000E-06,+1.03837931529E+00,+149.62312149E-03,+8.35423230E-03,+140.44189453E-03
+56.12500E-06,+994.40946651E-03,+163.44221681E-03,-1.69601885E-03,+164.21508789E-03
+56.15000E-06,+1.00445971766E+00,+163.44221681E-03,-5.46486303E-03,+167.96875000E-03
+56.17500E-06,+1.02204765717E+00,+163.44221681E-03,+51.06779968E-03,+111.66381836E-03
+56.20000E-06,+1.02456021996E+00,+189.82412608E-03,+34.73614156E-03,+154.20532227E-03
+56.22500E-06,+1.03461047111E+00,+163.44221681E-03,+30.96729738E-03,+131.68334961E-03
+56.25000E-06,+1.00445971766E+00,+157.16080984E-03,-5.46486303E-03,+161.71264648E-03
+56.27500E-06,+1.02204765717E+00,+203.64322141E-03,-21.79652115E-03,+225.25024414E-03
+56.30000E-06,+1.02456021996E+00,+149.62312149E-03,+34.73614156E-03,+114.16625977E-03
+56.32500E-06,+1.07104263152E+00,+199.87437723E-03,-5.46486303E-03,+205.13916016E-03
+56.35000E-06,+1.00445971766E+00,+169.72362378E-03,+7.09795091E-03,+161.71264648E-03
+56.37500E-06,+998.17831069E-03,+163.44221681E-03,+18.40448344E-03,+144.19555664E-03
+56.40000E-06,+998.17831069E-03,+123.24121222E-03,-5.46486303E-03,+127.92968750E-03
+56.42500E-06,+998.17831069E-03,+163.44221681E-03,+30.96729738E-03,+131.68334961E-03
+56.45000E-06,+998.17831069E-03,+129.52261919E-03,+68.65573919E-03,+60.36376954E-03
+56.47500E-06,+1.03837931529E+00,+163.44221681E-03,+18.40448344E-03,+144.19555664E-03
+56.50000E-06,+1.02456021996E+00,+163.44221681E-03,-5.46486303E-03,+167.96875000E-03
+56.52500E-06,+998.17831069E-03,+127.01005640E-03,+34.73614156E-03,+91.64428711E-03
+56.55000E-06,+1.03209790832E+00,+163.44221681E-03,+34.73614156E-03,+127.92968750E-03
+56.57500E-06,+1.02204765717E+00,+139.57287034E-03,-5.46486303E-03,+144.19555664E-03
+56.60000E-06,+1.02456021996E+00,+163.44221681E-03,+74.93714616E-03,+87.89062500E-03
+56.62500E-06,+1.03461047111E+00,+159.67337264E-03,-1.69601885E-03,+160.46142579E-03
+56.65000E-06,+1.00445971766E+00,+101.88442853E-03,+68.65573919E-03,+32.83691407E-03
+56.67500E-06,+998.17831069E-03,+147.11055869E-03,+34.73614156E-03,+111.66381836E-03
+56.70000E-06,+998.17831069E-03,+177.26131214E-03,+34.73614156E-03,+141.69311523E-03
+56.72500E-06,+1.03837931529E+00,+163.44221681E-03,-1.69601885E-03,+164.21508789E-03
+56.75000E-06,+1.03209790832E+00,+163.44221681E-03,-5.46486303E-03,+167.96875000E-03
+56.77500E-06,+1.01450996881E+00,+163.44221681E-03,+18.40448344E-03,+144.19555664E-03
+56.80000E-06,+1.33360544278E+00,+110.67839828E-03,-19.28395836E-03,+129.51660156E-03
+56.82500E-06,+1.31978634745E+00,+163.44221681E-03,+71.16830198E-03,+91.64428711E-03
+56.85000E-06,+1.40018835664E+00,+55.40201697E-03,-45.66586763E-03,+100.40283204E-03
+56.87500E-06,+1.37631901016E+00,+179.77387493E-03,+115.13815075E-03,+64.11743164E-03
+56.90000E-06,+1.33360544278E+00,+149.62312149E-03,-5.46486303E-03,+154.20532227E-03
+56.92500E-06,+1.39265066828E+00,+127.01005640E-03,+74.93714616E-03,+51.60522461E-03
+56.95000E-06,+1.27958534285E+00,+157.16080984E-03,+816.54394E-06,+155.45654296E-03
+56.97500E-06,+1.30345468933E+00,+147.11055869E-03,+58.60548804E-03,+87.89062500E-03
+57.00000E-06,+1.05219841061E+00,+189.82412608E-03,+48.55523689E-03,+140.44189454E-03
+57.02500E-06,+1.03461047111E+00,+127.01005640E-03,+27.19845321E-03,+99.24316405E-03
+57.05000E-06,+976.82152701E-03,+157.16080984E-03,+41.01754853E-03,+115.41748046E-03
+57.07500E-06,+1.07858031988E+00,+83.04020762E-03,-126.06787682E-03,+208.98437500E-03
+57.10000E-06,+1.06476122455E+00,+163.44221681E-03,+88.75624148E-03,+74.12719727E-03
+57.12500E-06,+1.00571599905E+00,+159.67337264E-03,-82.09802804E-03,+241.42456055E-03
+57.15000E-06,+1.01074112463E+00,+116.95980525E-03,+68.65573919E-03,+47.85156250E-03
+57.17500E-06,+1.01450996881E+00,+187.31156329E-03,+10.86679509E-03,+176.05590820E-03
+57.20000E-06,+1.23938433826E+00,+135.80402616E-03,-5.46486303E-03,+140.44189454E-03
+57.22500E-06,+1.28335418703E+00,+130.77890057E-03,+71.16830198E-03,+59.11254882E-03
+57.25000E-06,+1.35370594507E+00,+129.52261919E-03,+68.65573919E-03,+60.36376954E-03
+57.27500E-06,+1.34365569392E+00,+179.77387493E-03,+74.93714616E-03,+104.15649414E-03
+57.30000E-06,+1.33360544278E+00,+163.44221681E-03,-45.66586763E-03,+208.98437500E-03
+57.32500E-06,+1.31978634745E+00,+163.44221681E-03,+38.50498574E-03,+124.17602539E-03
+57.35000E-06,+1.31978634745E+00,+203.64322141E-03,+28.45473459E-03,+174.37744141E-03
+57.37500E-06,+1.31978634745E+00,+203.64322141E-03,+34.73614156E-03,+167.96875000E-03
+57.40000E-06,+1.11878132448E+00,+177.26131214E-03,+48.55523689E-03,+127.92968750E-03
+57.42500E-06,+1.04214815946E+00,+123.24121222E-03,+30.96729738E-03,+91.64428711E-03
+57.45000E-06,+1.00445971766E+00,+95.60302157E-03,+41.01754853E-03,+54.10766602E-03
+57.47500E-06,+1.03837931529E+00,+147.11055869E-03,-29.33420951E-03,+176.05590820E-03
+57.50000E-06,+1.02456021996E+00,+149.62312149E-03,+48.55523689E-03,+100.40283204E-03
+57.52500E-06,+1.00571599905E+00,+159.67337264E-03,+71.16830198E-03,+87.89062500E-03
+57.55000E-06,+1.03209790832E+00,+157.16080984E-03,+28.45473459E-03,+127.92968750E-03
+57.57500E-06,+1.01450996881E+00,+187.31156329E-03,+10.86679509E-03,+176.05590820E-03
+57.60000E-06,+1.26576624753E+00,+96.85930295E-03,-45.66586763E-03,+141.69311523E-03
+57.62500E-06,+1.31978634745E+00,+167.21106099E-03,+71.16830198E-03,+95.39794921E-03
+57.65000E-06,+1.35998735204E+00,+129.52261919E-03,-5.46486303E-03,+134.18579102E-03
+57.67500E-06,+1.35998735204E+00,+163.44221681E-03,+58.60548804E-03,+104.15649414E-03
+57.70000E-06,+1.33360544277E+00,+189.82412608E-03,-5.46486303E-03,+194.88525391E-03
+57.72500E-06,+1.31978634745E+00,+123.24121222E-03,+38.50498574E-03,+84.13696289E-03
+57.75000E-06,+1.35370594507E+00,+184.79900049E-03,+34.73614156E-03,+149.20043944E-03
+57.77500E-06,+1.31978634745E+00,+139.57287034E-03,+58.60548804E-03,+80.38330079E-03
+57.80000E-06,+1.03837931529E+00,+177.26131214E-03,+61.11805083E-03,+115.41748046E-03
+57.82500E-06,+1.03837931529E+00,+127.01005640E-03,-5.46486303E-03,+131.68334961E-03
+57.85000E-06,+1.00445971766E+00,+157.16080984E-03,+7.09795091E-03,+149.20043944E-03
+57.87500E-06,+974.30896422E-03,+179.77387493E-03,-29.33420951E-03,+208.98437500E-03
+57.90000E-06,+998.17831069E-03,+149.62312149E-03,+88.75624148E-03,+60.36376954E-03
+57.92500E-06,+1.00194715487E+00,+163.44221681E-03,-5.46486303E-03,+167.96875000E-03
+57.95000E-06,+1.00445971766E+00,+89.32161460E-03,+34.73614156E-03,+54.10766602E-03
+57.97500E-06,+1.01450996881E+00,+163.44221681E-03,+34.73614156E-03,+127.92968750E-03
+58.00000E-06,+1.23938433826E+00,+109.42211689E-03,-5.46486303E-03,+114.16625977E-03
+58.02500E-06,+1.31978634745E+00,+167.21106099E-03,+34.73614156E-03,+131.68334961E-03
+58.05000E-06,+1.35370594507E+00,+197.36181444E-03,-33.10305368E-03,+230.10253905E-03
+58.07500E-06,+1.35998735204E+00,+163.44221681E-03,+74.93714616E-03,+87.89062500E-03
+58.10000E-06,+1.31978634745E+00,+163.44221681E-03,-5.46486303E-03,+167.96875000E-03
+58.12500E-06,+1.31601750327E+00,+127.01005640E-03,-1.69601886E-03,+127.92968750E-03
+58.15000E-06,+1.35370594507E+00,+163.44221681E-03,-5.46486303E-03,+167.96875000E-03
+58.17500E-06,+1.35119338228E+00,+163.44221681E-03,-5.46486303E-03,+167.96875000E-03
+58.20000E-06,+1.09239941521E+00,+203.64322141E-03,+74.93714616E-03,+127.92968750E-03
+58.22500E-06,+1.04214815946E+00,+163.44221681E-03,-1.69601886E-03,+164.21508789E-03
+58.25000E-06,+998.17831069E-03,+135.80402616E-03,+34.73614156E-03,+100.40283204E-03
+58.27500E-06,+1.02204765717E+00,+130.77890057E-03,-29.33420951E-03,+159.79003905E-03
+58.30000E-06,+1.02456021996E+00,+177.26131214E-03,+74.93714616E-03,+101.65405273E-03
+58.32500E-06,+1.00194715487E+00,+163.44221681E-03,-1.69601886E-03,+164.21508789E-03
+58.35000E-06,+1.00445971766E+00,+169.72362379E-03,-5.46486303E-03,+174.37744141E-03
+58.37500E-06,+1.01450996881E+00,+187.31156329E-03,-5.46486303E-03,+192.32177734E-03
+58.40000E-06,+1.30596725212E+00,+123.24121222E-03,-45.66586763E-03,+167.96875000E-03
+58.42500E-06,+1.32355519163E+00,+203.64322141E-03,-1.69601886E-03,+205.13916016E-03
+58.45000E-06,+1.35370594507E+00,+89.32161460E-03,+34.73614156E-03,+54.10766602E-03
+58.47500E-06,+1.37631901016E+00,+139.57287034E-03,+58.60548804E-03,+80.38330079E-03
+58.50000E-06,+1.29340443818E+00,+163.44221681E-03,+20.91704624E-03,+141.69311523E-03
+58.52500E-06,+1.35621850787E+00,+163.44221681E-03,+71.16830198E-03,+91.64428710E-03
+58.55000E-06,+1.31978634745E+00,+169.72362379E-03,+34.73614156E-03,+134.18579102E-03
+58.57500E-06,+1.32732403580E+00,+147.11055869E-03,+27.19845321E-03,+119.17114256E-03
+58.60000E-06,+1.03837931529E+00,+163.44221681E-03,+74.93714616E-03,+87.89062500E-03
+58.62500E-06,+1.07104263153E+00,+123.24121222E-03,-5.46486303E-03,+127.92968750E-03
+58.65000E-06,+998.17831069E-03,+197.36181444E-03,+34.73614156E-03,+161.71264648E-03
+58.67500E-06,+1.03837931529E+00,+123.24121222E-03,-45.66586763E-03,+167.96875000E-03
+58.70000E-06,+1.02456021996E+00,+177.26131214E-03,+74.93714616E-03,+101.65405273E-03
+58.72500E-06,+1.03837931529E+00,+163.44221681E-03,-5.46486303E-03,+167.96875000E-03
+58.75000E-06,+1.04466072226E+00,+129.52261919E-03,+41.01754854E-03,+87.89062500E-03
+58.77500E-06,+1.03084162694E+00,+139.57287034E-03,+18.40448344E-03,+120.42236329E-03
+58.80000E-06,+1.25194715221E+00,+109.42211689E-03,-5.46486303E-03,+114.16625977E-03
+58.82500E-06,+1.35621850787E+00,+167.21106099E-03,+34.73614156E-03,+131.68334960E-03
+58.85000E-06,+1.34742453810E+00,+83.04020762E-03,+816.54394E-06,+81.63452148E-03
+58.87500E-06,+1.35998735204E+00,+187.31156329E-03,+51.06779968E-03,+135.43701171E-03
+58.90000E-06,+1.31978634745E+00,+137.06030754E-03,+33.47986018E-03,+103.24096678E-03
+58.92500E-06,+1.35621850787E+00,+163.44221681E-03,+71.16830198E-03,+91.64428710E-03
+58.95000E-06,+1.35370594507E+00,+197.36181444E-03,+816.54394E-06,+196.31958007E-03
+58.97500E-06,+1.34365569392E+00,+163.44221681E-03,+34.73614156E-03,+127.92968750E-03
+59.00000E-06,+1.05219841061E+00,+203.64322141E-03,+115.13815075E-03,+87.89062500E-03
+59.02500E-06,+1.04214815946E+00,+123.24121222E-03,+30.96729739E-03,+91.64428710E-03
+59.05000E-06,+998.17831069E-03,+191.08040746E-03,+34.73614156E-03,+155.45654296E-03
+59.07500E-06,+1.02204765717E+00,+163.44221681E-03,-69.53521410E-03,+232.75756835E-03
+59.10000E-06,+1.02456021996E+00,+177.26131214E-03,+48.55523689E-03,+127.92968750E-03
+59.12500E-06,+998.17831069E-03,+199.87437723E-03,-49.43471180E-03,+249.02343750E-03
+59.15000E-06,+1.03209790831E+00,+129.52261919E-03,+816.54394E-06,+127.92968750E-03
+59.17500E-06,+1.06224866176E+00,+187.31156329E-03,-29.33420950E-03,+216.09497069E-03
+59.20000E-06,+1.29340443818E+00,+149.62312149E-03,-19.28395836E-03,+167.96875000E-03
+59.22500E-06,+1.28335418703E+00,+207.41206558E-03,+34.73614156E-03,+171.81396484E-03
+59.25000E-06,+1.35998735204E+00,+129.52261919E-03,+816.54394E-06,+127.92968750E-03
+59.27500E-06,+1.37631901017E+00,+163.44221681E-03,+74.93714616E-03,+87.89062500E-03
+59.30000E-06,+1.31978634745E+00,+149.62312149E-03,-5.46486303E-03,+154.20532227E-03
+59.32500E-06,+1.32355519162E+00,+163.44221681E-03,+34.73614156E-03,+127.92968750E-03
+59.35000E-06,+1.34742453810E+00,+157.16080984E-03,+41.01754854E-03,+115.41748046E-03
+59.37500E-06,+1.34365569392E+00,+163.44221681E-03,+18.40448344E-03,+144.19555665E-03
+59.40000E-06,+1.06476122456E+00,+203.64322141E-03,+61.11805083E-03,+141.69311523E-03
+59.42500E-06,+1.07481147571E+00,+123.24121222E-03,-41.89702345E-03,+164.21508790E-03
+59.45000E-06,+964.25871307E-03,+197.36181443E-03,+34.73614156E-03,+161.71264648E-03
+59.47500E-06,+1.00571599904E+00,+324.24623519E-03,+162.87684370E-03,+160.85815431E-03
+59.50000E-06,+957.97730610E-03,+109.42211690E-03,-45.66586763E-03,+154.20532227E-03
+59.52500E-06,+1.11501248030E+00,+167.21106099E-03,+74.93714616E-03,+91.64428710E-03
+59.55000E-06,+964.25871307E-03,+169.72362379E-03,-5.46486303E-03,+174.37744141E-03
+59.57500E-06,+1.01450996881E+00,+139.57287034E-03,+10.86679509E-03,+127.92968750E-03
+59.60000E-06,+1.30596725213E+00,+96.85930295E-03,-45.66586763E-03,+141.69311523E-03
+59.62500E-06,+1.31224865910E+00,+163.44221681E-03,+38.50498574E-03,+124.17602540E-03
+59.65000E-06,+1.38762554269E+00,+123.24121222E-03,-39.38446065E-03,+161.71264648E-03
+59.67500E-06,+1.35998735204E+00,+187.31156329E-03,+115.13815075E-03,+71.62475585E-03
+59.70000E-06,+1.31978634745E+00,+149.62312149E-03,-19.28395836E-03,+167.96875000E-03
+59.72500E-06,+1.35621850787E+00,+163.44221681E-03,+38.50498574E-03,+124.17602540E-03
+59.75000E-06,+1.31978634745E+00,+203.64322141E-03,+816.54394E-06,+202.57568359E-03
+59.77500E-06,+1.33611800557E+00,+163.44221681E-03,+58.60548803E-03,+104.15649415E-03
+59.80000E-06,+1.11878132448E+00,+203.64322141E-03,+74.93714616E-03,+127.92968750E-03
+59.82500E-06,+1.03461047111E+00,+123.24121222E-03,-5.46486303E-03,+127.92968750E-03
+59.85000E-06,+1.00445971767E+00,+123.24121222E-03,+74.93714616E-03,+47.85156250E-03
+59.87500E-06,+981.84665257E-03,+83.04020762E-03,-29.33420950E-03,+111.66381835E-03
+59.90000E-06,+957.97730610E-03,+163.44221681E-03,+101.31905543E-03,+61.61499023E-03
+59.92500E-06,+1.03837931529E+00,+199.87437723E-03,-41.89702345E-03,+241.42456056E-03
+59.95000E-06,+1.03209790831E+00,+163.44221681E-03,+74.93714616E-03,+87.89062500E-03
+59.97500E-06,+1.06224866176E+00,+163.44221681E-03,+10.86679509E-03,+151.70288085E-03
+60.00000E-06,+1.25320343358E+00,+123.24121222E-03,+20.91704624E-03,+101.65405273E-03
+60.02500E-06,+1.24692202661E+00,+199.87437723E-03,+71.16830198E-03,+127.92968750E-03
+60.05000E-06,+1.35998735204E+00,+123.24121222E-03,-39.38446065E-03,+161.71264648E-03
+60.07500E-06,+1.40018835664E+00,+227.51256788E-03,+74.93714616E-03,+151.70288085E-03
+60.10000E-06,+1.31978634745E+00,+163.44221681E-03,-5.46486303E-03,+167.96875000E-03
+60.12500E-06,+1.39641951246E+00,+127.01005639E-03,+34.73614156E-03,+91.64428710E-03
+60.15000E-06,+1.28586674983E+00,+157.16080984E-03,-5.46486303E-03,+161.71264648E-03
+60.17500E-06,+1.30345468933E+00,+163.44221681E-03,+74.93714616E-03,+87.89062500E-03
+60.20000E-06,+1.07858031988E+00,+216.20603536E-03,+34.73614156E-03,+181.12182619E-03
+60.22500E-06,+1.03837931529E+00,+127.01005639E-03,+30.96729739E-03,+95.39794921E-03
+60.25000E-06,+1.00445971767E+00,+197.36181443E-03,+28.45473459E-03,+167.96875000E-03
+60.27500E-06,+981.84665257E-03,+123.24121222E-03,-69.53521410E-03,+192.32177734E-03
+60.30000E-06,+998.17831069E-03,+203.64322141E-03,+74.93714616E-03,+127.92968750E-03
+60.32500E-06,+1.00194715487E+00,+167.21106099E-03,-41.89702345E-03,+208.98437500E-03
+60.35000E-06,+1.04466072226E+00,+157.16080984E-03,+28.45473459E-03,+127.92968750E-03
+60.37500E-06,+1.06224866176E+00,+187.31156328E-03,-13.00255138E-03,+199.82910154E-03
+60.40000E-06,+1.26576624753E+00,+123.24121222E-03,+7.09795092E-03,+115.41748046E-03
+60.42500E-06,+1.27958534285E+00,+167.21106099E-03,+67.39945781E-03,+99.24316404E-03
+60.45000E-06,+1.38134413571E+00,+123.24121222E-03,-33.10305368E-03,+155.45654296E-03
+60.47500E-06,+1.40018835664E+00,+203.64322141E-03,+122.67583910E-03,+80.38330079E-03
+60.50000E-06,+1.31978634745E+00,+137.06030754E-03,-33.10305368E-03,+169.55566404E-03
+60.52500E-06,+1.35998735204E+00,+163.44221681E-03,+71.16830198E-03,+91.64428710E-03
+60.55000E-06,+1.31978634745E+00,+197.36181443E-03,-5.46486303E-03,+202.57568359E-03
+60.57500E-06,+1.36752504039E+00,+163.44221681E-03,+34.73614156E-03,+127.92968750E-03
+60.60000E-06,+1.05219841061E+00,+202.38694004E-03,+61.11805083E-03,+140.44189455E-03
+60.62500E-06,+998.17831069E-03,+119.47236805E-03,-5.46486303E-03,+124.17602540E-03
+60.65000E-06,+1.04466072226E+00,+203.64322141E-03,+28.45473459E-03,+174.37744141E-03
+60.67500E-06,+950.43961775E-03,+90.57789597E-03,-61.99752575E-03,+151.70288085E-03
+60.70000E-06,+1.02456021996E+00,+177.26131214E-03,+101.31905543E-03,+75.37841795E-03
+60.72500E-06,+1.00194715487E+00,+159.67337264E-03,+34.73614156E-03,+124.17602540E-03
+60.75000E-06,+1.00445971767E+00,+163.44221681E-03,+28.45473459E-03,+134.18579102E-03
+60.77500E-06,+1.03837931529E+00,+187.31156328E-03,-29.33420950E-03,+216.09497069E-03
+60.80000E-06,+1.29214815680E+00,+137.06030754E-03,-5.46486303E-03,+141.69311523E-03
+60.82500E-06,+1.28335418703E+00,+159.67337264E-03,+34.73614156E-03,+124.17602540E-03
+60.85000E-06,+1.35998735204E+00,+129.52261919E-03,-39.38446065E-03,+167.96875000E-03
+60.87500E-06,+1.37631901017E+00,+219.97487953E-03,+98.80649263E-03,+120.42236330E-03
+60.90000E-06,+1.30596725213E+00,+149.62312149E-03,-45.66586763E-03,+194.88525391E-03
+60.92500E-06,+1.35621850787E+00,+163.44221681E-03,+34.73614156E-03,+127.92968750E-03
+60.95000E-06,+1.31350494047E+00,+169.72362379E-03,-5.46486303E-03,+174.37744141E-03
+60.97500E-06,+1.27958534285E+00,+163.44221681E-03,+18.40448344E-03,+144.19555665E-03
+61.00000E-06,+1.09239941520E+00,+189.82412609E-03,+61.11805084E-03,+127.92968750E-03
+61.02500E-06,+1.03837931529E+00,+127.01005639E-03,-45.66586763E-03,+171.81396484E-03
+61.05000E-06,+1.00445971767E+00,+163.44221681E-03,-5.46486303E-03,+167.96875000E-03
+61.07500E-06,+1.01450996882E+00,+123.24121222E-03,-69.53521410E-03,+192.32177734E-03
+61.10000E-06,+1.02456021996E+00,+163.44221681E-03,+74.93714616E-03,+87.89062500E-03
+61.12500E-06,+1.00571599904E+00,+199.87437723E-03,-5.46486303E-03,+205.13916016E-03
+61.15000E-06,+1.03837931529E+00,+157.16080984E-03,+34.73614156E-03,+121.67358398E-03
+61.17500E-06,+1.03837931529E+00,+139.57287034E-03,-5.46486303E-03,+144.19555665E-03
+61.20000E-06,+1.26576624753E+00,+109.42211690E-03,-5.46486303E-03,+114.16625977E-03
+61.22500E-06,+1.28335418703E+00,+163.44221681E-03,+74.93714616E-03,+87.89062500E-03
+61.25000E-06,+1.35998735204E+00,+163.44221681E-03,-39.38446065E-03,+202.57568359E-03
+61.27500E-06,+1.37631901017E+00,+203.64322141E-03,+115.13815075E-03,+87.89062500E-03
+61.30000E-06,+1.31978634745E+00,+163.44221681E-03,+7.09795092E-03,+155.79223631E-03
+61.32500E-06,+1.35621850787E+00,+167.21106099E-03,+38.50498574E-03,+127.92968750E-03
+61.35000E-06,+1.28586674983E+00,+209.92462838E-03,-11.74627001E-03,+221.49658205E-03
+61.37500E-06,+1.37631901017E+00,+139.57287034E-03,+18.40448344E-03,+120.42236330E-03
+61.40000E-06,+1.07858031988E+00,+189.82412609E-03,+48.55523688E-03,+140.44189455E-03
+61.42500E-06,+1.00194715487E+00,+123.24121222E-03,-5.46486303E-03,+127.92968750E-03
+61.45000E-06,+1.03209790831E+00,+197.36181443E-03,+41.01754854E-03,+155.45654295E-03
+61.47500E-06,+974.30896422E-03,+99.37186575E-03,-61.99752575E-03,+160.85815431E-03
+61.50000E-06,+865.01248296E-03,+189.82412609E-03,+74.93714616E-03,+114.16625977E-03
+61.52500E-06,+1.15898232907E+00,+159.67337264E-03,-5.46486303E-03,+164.21508790E-03
+61.55000E-06,+957.97730610E-03,+135.80402617E-03,+22.17332761E-03,+113.06762698E-03
+61.57500E-06,+1.07858031988E+00,+163.44221681E-03,-21.79652116E-03,+184.63134766E-03
+61.60000E-06,+1.26576624753E+00,+137.06030754E-03,-5.46486303E-03,+141.69311523E-03
+61.62500E-06,+1.28335418703E+00,+167.21106099E-03,+30.96729739E-03,+135.52856444E-03
+61.65000E-06,+1.39390694966E+00,+89.32161460E-03,+28.45473459E-03,+60.36376955E-03
+61.67500E-06,+1.35998735204E+00,+187.31156328E-03,+98.80649263E-03,+87.89062500E-03
+61.70000E-06,+1.31978634745E+00,+123.24121222E-03,-5.46486303E-03,+127.92968750E-03
+61.72500E-06,+1.31601750328E+00,+127.01005639E-03,+74.93714616E-03,+51.60522460E-03
+61.75000E-06,+1.28586674983E+00,+157.16080984E-03,+816.54394E-06,+155.45654295E-03
+61.77500E-06,+1.27958534285E+00,+163.44221681E-03,+58.60548803E-03,+104.15649415E-03
+61.80000E-06,+1.11878132448E+00,+203.64322141E-03,+74.93714616E-03,+127.92968750E-03
+61.82500E-06,+1.03837931529E+00,+163.44221681E-03,-1.69601886E-03,+164.21508790E-03
+61.85000E-06,+1.00445971767E+00,+157.16080984E-03,-33.10305367E-03,+190.06347654E-03
+61.87500E-06,+998.17831069E-03,+163.44221681E-03,-69.53521410E-03,+232.75756835E-03
+61.90000E-06,+1.02456021997E+00,+163.44221681E-03,+88.75624148E-03,+74.12719727E-03
+61.92500E-06,+994.40946652E-03,+196.10553306E-03,-38.12817928E-03,+233.91723636E-03
+61.95000E-06,+1.04466072226E+00,+169.72362379E-03,+41.01754854E-03,+127.92968750E-03
+61.97500E-06,+1.03837931529E+00,+155.90452847E-03,+18.40448344E-03,+137.08496096E-03
+62.00000E-06,+1.26576624753E+00,+83.04020762E-03,-19.28395835E-03,+101.65405273E-03
+62.02500E-06,+1.31601750328E+00,+163.44221681E-03,+38.50498573E-03,+124.17602540E-03
+62.05000E-06,+1.35998735204E+00,+123.24121222E-03,-5.46486303E-03,+127.92968750E-03
+62.07500E-06,+1.40018835664E+00,+203.64322141E-03,+98.80649263E-03,+104.15649415E-03
+62.10000E-06,+1.34616825672E+00,+123.24121222E-03,-19.28395835E-03,+141.69311523E-03
+62.12500E-06,+1.35621850787E+00,+163.44221681E-03,+38.50498573E-03,+124.17602540E-03
+62.15000E-06,+1.35370594507E+00,+203.64322141E-03,-5.46486303E-03,+208.98437500E-03
+62.17500E-06,+1.35998735204E+00,+163.44221681E-03,+10.86679509E-03,+151.70288085E-03
+62.20000E-06,+1.07858031988E+00,+243.84422600E-03,+34.73614156E-03,+208.98437500E-03
+62.22500E-06,+1.00194715486E+00,+123.24121222E-03,-1.69601886E-03,+124.17602540E-03
+62.25000E-06,+998.17831069E-03,+129.52261920E-03,+34.73614156E-03,+94.14672852E-03
+62.27500E-06,+998.17831069E-03,+83.04020762E-03,-85.86687222E-03,+167.96875000E-03
+62.30000E-06,+877.57529691E-03,+150.87940286E-03,+73.68086479E-03,+76.96533199E-03
+62.32500E-06,+1.12255016865E+00,+155.90452847E-03,-1.69601886E-03,+156.70776370E-03
+62.35000E-06,+951.69589912E-03,+163.44221681E-03,+22.17332761E-03,+140.59448244E-03
+62.37500E-06,+1.06224866176E+00,+163.44221681E-03,-29.33420950E-03,+192.32177733E-03
+62.40000E-06,+1.25320343358E+00,+137.06030754E-03,-5.46486303E-03,+141.69311523E-03
+62.42500E-06,+1.24315318243E+00,+203.64322141E-03,-5.46486303E-03,+208.98437500E-03
+62.45000E-06,+1.39390694966E+00,+123.24121222E-03,-5.46486303E-03,+127.92968750E-03
+62.47500E-06,+1.34365569392E+00,+251.38191435E-03,+74.93714616E-03,+176.05590818E-03
+62.50000E-06,+1.33360544277E+00,+135.80402617E-03,-45.66586763E-03,+181.12182619E-03
+62.52500E-06,+1.31224865911E+00,+130.77890056E-03,+38.50498573E-03,+91.64428710E-03
+62.55000E-06,+1.35998735204E+00,+237.56281903E-03,-5.46486303E-03,+242.76733398E-03
+62.57500E-06,+1.31978634745E+00,+179.77387494E-03,+34.73614156E-03,+144.19555665E-03
+62.60000E-06,+1.09239941520E+00,+216.20603536E-03,+61.11805084E-03,+154.20532227E-03
+62.62500E-06,+1.03461047112E+00,+163.44221681E-03,-45.66586763E-03,+208.98437500E-03
+62.65000E-06,+1.00445971767E+00,+163.44221681E-03,-33.10305367E-03,+196.31958006E-03
+62.67500E-06,+998.17831069E-03,+163.44221681E-03,-45.66586763E-03,+208.98437500E-03
+62.70000E-06,+1.02456021997E+00,+203.64322141E-03,+74.93714616E-03,+127.92968750E-03
+62.72500E-06,+994.40946652E-03,+167.21106098E-03,-45.66586763E-03,+212.73803710E-03
+62.75000E-06,+1.03837931529E+00,+163.44221681E-03,+41.01754854E-03,+121.67358398E-03
+62.77500E-06,+1.05471097341E+00,+139.57287034E-03,-5.46486303E-03,+144.19555665E-03
+62.80000E-06,+1.26576624753E+00,+96.85930294E-03,-19.28395835E-03,+115.41748045E-03
+62.82500E-06,+1.35998735204E+00,+203.64322141E-03,-5.46486303E-03,+208.98437500E-03
+62.85000E-06,+1.32606775443E+00,+123.24121222E-03,+816.54395E-06,+121.67358397E-03
+62.87500E-06,+1.38385669851E+00,+219.97487953E-03,+98.80649263E-03,+120.42236330E-03
+62.90000E-06,+1.31978634745E+00,+149.62312149E-03,-19.28395835E-03,+167.96875000E-03
+62.92500E-06,+1.35998735204E+00,+159.67337264E-03,+74.93714616E-03,+84.13696290E-03
+62.95000E-06,+1.35998735204E+00,+163.44221681E-03,+28.45473458E-03,+134.18579103E-03
+62.97500E-06,+1.34365569392E+00,+139.57287035E-03,+58.60548803E-03,+80.38330080E-03
+63.00000E-06,+1.06476122456E+00,+216.20603536E-03,+88.75624148E-03,+126.67846683E-03
+63.02500E-06,+1.07481147571E+00,+159.67337264E-03,-5.46486303E-03,+164.21508790E-03
+63.05000E-06,+1.03209790831E+00,+129.52261920E-03,+34.73614156E-03,+94.14672853E-03
+63.07500E-06,+1.02204765716E+00,+90.57789597E-03,-69.53521409E-03,+159.79003903E-03
+63.10000E-06,+917.77630150E-03,+189.82412609E-03,+22.17332761E-03,+167.35839847E-03
+63.12500E-06,+1.15898232907E+00,+127.01005639E-03,+30.96729739E-03,+95.39794920E-03
+63.15000E-06,+957.97730610E-03,+157.16080984E-03,+34.73614156E-03,+121.67358397E-03
+63.17500E-06,+1.09491197801E+00,+163.44221681E-03,+2.07282531E-03,+160.85815432E-03
+63.20000E-06,+1.27958534285E+00,+110.67839826E-03,-5.46486303E-03,+115.41748045E-03
+63.22500E-06,+1.31601750328E+00,+163.44221681E-03,+74.93714616E-03,+87.89062500E-03
+63.25000E-06,+1.35998735204E+00,+123.24121222E-03,-11.74627001E-03,+134.18579103E-03
+63.27500E-06,+1.37631901017E+00,+219.97487953E-03,+98.80649263E-03,+120.42236330E-03
+63.30000E-06,+1.29340443817E+00,+137.06030754E-03,-5.46486303E-03,+141.69311522E-03
+63.32500E-06,+1.31978634745E+00,+123.24121222E-03,+74.93714616E-03,+47.85156250E-03
+63.35000E-06,+1.31978634745E+00,+191.08040745E-03,+816.54395E-06,+190.06347653E-03
+63.37500E-06,+1.31978634745E+00,+163.44221681E-03,+58.60548803E-03,+104.15649415E-03
+63.40000E-06,+1.07858031988E+00,+177.26131213E-03,+74.93714616E-03,+101.65405272E-03
+63.42500E-06,+1.07481147571E+00,+123.24121222E-03,-41.89702346E-03,+164.21508790E-03
+63.45000E-06,+1.00445971767E+00,+163.44221681E-03,-5.46486303E-03,+167.96875000E-03
+63.47500E-06,+998.17831069E-03,+139.57287035E-03,-69.53521409E-03,+208.98437500E-03
+63.50000E-06,+1.02456021997E+00,+177.26131213E-03,+48.55523688E-03,+127.92968750E-03
+63.52500E-06,+961.74615027E-03,+163.44221681E-03,-41.89702346E-03,+205.13916017E-03
+63.55000E-06,+1.04466072227E+00,+163.44221681E-03,+74.93714616E-03,+87.89062500E-03
+63.57500E-06,+1.02204765716E+00,+139.57287035E-03,+10.86679509E-03,+127.92968750E-03
+63.60000E-06,+1.27958534285E+00,+110.67839826E-03,-45.66586763E-03,+155.79223631E-03
+63.62500E-06,+1.31978634745E+00,+167.21106098E-03,+34.73614156E-03,+131.68334960E-03
+63.65000E-06,+1.35370594507E+00,+150.87940286E-03,-5.46486303E-03,+155.45654295E-03
+63.67500E-06,+1.35998735204E+00,+203.64322141E-03,+98.80649262E-03,+104.15649415E-03
+63.70000E-06,+1.30596725213E+00,+163.44221681E-03,+7.09795092E-03,+155.79223631E-03
+63.72500E-06,+1.35244966370E+00,+163.44221681E-03,+74.93714616E-03,+87.89062500E-03
+63.75000E-06,+1.31350494047E+00,+163.44221681E-03,+816.54395E-06,+161.71264647E-03
+63.77500E-06,+1.34365569392E+00,+187.31156328E-03,+74.93714616E-03,+111.66381835E-03
+63.80000E-06,+1.07858031988E+00,+163.44221681E-03,+115.13815075E-03,+47.85156250E-03
+63.82500E-06,+965.51499444E-03,+46.60804720E-03,+34.73614156E-03,+11.56616210E-03
+63.85000E-06,+998.17831069E-03,+169.72362379E-03,+74.93714616E-03,+94.14672853E-03
+63.87500E-06,+1.02204765716E+00,+66.70854950E-03,-85.86687222E-03,+151.70288085E-03
+63.90000E-06,+891.39439223E-03,+163.44221681E-03,+20.91704624E-03,+141.69311522E-03
+63.92500E-06,+1.15898232907E+00,+159.67337264E-03,-45.66586763E-03,+205.13916017E-03
+63.95000E-06,+957.97730610E-03,+163.44221681E-03,+34.73614156E-03,+127.92968750E-03
+63.97500E-06,+1.09491197801E+00,+187.31156328E-03,-13.00255137E-03,+199.82910153E-03
+64.00000E-06,+1.27958534285E+00,+137.06030754E-03,-31.84677231E-03,+167.96875000E-03
+64.02500E-06,+1.28712303119E+00,+203.64322141E-03,+34.73614156E-03,+167.96875000E-03
+64.05000E-06,+1.38134413570E+00,+129.52261920E-03,+816.54395E-06,+127.92968750E-03
+64.07500E-06,+1.35998735204E+00,+179.77387494E-03,+115.13815075E-03,+64.11743165E-03
+64.10000E-06,+1.29340443817E+00,+149.62312150E-03,-5.46486303E-03,+154.20532228E-03
+64.12500E-06,+1.31978634745E+00,+127.01005639E-03,+71.16830199E-03,+55.35888670E-03
+64.15000E-06,+1.29214815681E+00,+163.44221681E-03,+816.54395E-06,+161.71264647E-03
+64.17500E-06,+1.33611800558E+00,+163.44221681E-03,+58.60548803E-03,+104.15649415E-03
+64.20000E-06,+1.10496222916E+00,+217.46231673E-03,-5.46486303E-03,+222.74780272E-03
+64.22500E-06,+1.04214815946E+00,+163.44221681E-03,-41.89702346E-03,+205.13916017E-03
+64.25000E-06,+964.25871308E-03,+163.44221681E-03,+816.54395E-06,+161.71264647E-03
+64.27500E-06,+1.02958534550E+00,+123.24121222E-03,-45.66586763E-03,+167.96875000E-03
+64.30000E-06,+1.02456021997E+00,+177.26131213E-03,+88.75624148E-03,+87.89062500E-03
+64.32500E-06,+1.03837931529E+00,+167.21106098E-03,-9.23370720E-03,+175.56762693E-03
+64.35000E-06,+1.07229891290E+00,+163.44221681E-03,+68.65573918E-03,+94.14672853E-03
+64.37500E-06,+1.02204765716E+00,+99.37186575E-03,+10.86679510E-03,+87.89062500E-03
+64.40000E-06,+957.97730610E-03,+149.62312150E-03,+34.73614156E-03,+114.16625978E-03
+64.42500E-06,+1.03461047112E+00,+167.21106098E-03,-5.46486303E-03,+171.81396483E-03
+64.45000E-06,+998.17831069E-03,+169.72362379E-03,+816.54395E-06,+167.96875000E-03
+64.47500E-06,+1.01450996882E+00,+163.44221681E-03,+34.73614156E-03,+127.92968750E-03
+64.50000E-06,+998.17831069E-03,+163.44221681E-03,+20.91704624E-03,+141.69311522E-03
+64.52500E-06,+961.74615027E-03,+167.21106098E-03,+34.73614156E-03,+131.68334960E-03
+64.55000E-06,+1.00445971767E+00,+163.44221681E-03,-5.46486303E-03,+167.96875000E-03
+64.57500E-06,+1.01450996882E+00,+163.44221681E-03,+18.40448343E-03,+144.19555665E-03
+64.60000E-06,+984.35921537E-03,+163.44221681E-03,+34.73614156E-03,+127.92968750E-03
+64.62500E-06,+998.17831069E-03,+155.90452848E-03,-1.69601886E-03,+156.70776371E-03
+64.65000E-06,+1.03209790831E+00,+129.52261920E-03,+34.73614156E-03,+94.14672853E-03
+64.67500E-06,+1.01450996882E+00,+139.57287035E-03,+34.73614156E-03,+104.15649415E-03
+64.70000E-06,+957.97730610E-03,+137.06030754E-03,+34.73614156E-03,+101.65405272E-03
+64.72500E-06,+1.03837931529E+00,+163.44221681E-03,+30.96729739E-03,+131.68334960E-03
+64.75000E-06,+1.03209790831E+00,+163.44221681E-03,-5.46486303E-03,+167.96875000E-03
+64.77500E-06,+1.01450996882E+00,+187.31156328E-03,+10.86679510E-03,+176.05590818E-03
+64.80000E-06,+1.29340443817E+00,+123.24121222E-03,+7.09795093E-03,+115.41748045E-03
+64.82500E-06,+1.32355519162E+00,+163.44221681E-03,+2.07282531E-03,+160.46142580E-03
+64.85000E-06,+1.36626875902E+00,+135.80402618E-03,-45.66586763E-03,+180.63354495E-03
+64.87500E-06,+1.35998735204E+00,+203.64322141E-03,+74.93714616E-03,+127.92968750E-03
+64.90000E-06,+1.29340443817E+00,+149.62312150E-03,-19.28395835E-03,+167.96875000E-03
+64.92500E-06,+1.32355519162E+00,+90.57789596E-03,+71.16830199E-03,+19.07348629E-03
+64.95000E-06,+1.31350494047E+00,+203.64322141E-03,-5.46486303E-03,+208.98437500E-03
+64.97500E-06,+1.35998735204E+00,+187.31156328E-03,-5.46486303E-03,+192.32177733E-03
+65.00000E-06,+1.09239941520E+00,+177.26131213E-03,+61.11805084E-03,+115.41748044E-03
+65.02500E-06,+1.03837931529E+00,+130.77890056E-03,-5.46486303E-03,+135.52856443E-03
+65.05000E-06,+1.00445971767E+00,+197.36181443E-03,+41.01754854E-03,+155.45654294E-03
+65.07500E-06,+998.17831069E-03,+123.24121222E-03,-45.66586763E-03,+167.96875000E-03
+65.10000E-06,+1.02456021997E+00,+203.64322141E-03,+88.75624147E-03,+114.16625978E-03
+65.12500E-06,+1.04214815946E+00,+163.44221681E-03,-9.23370720E-03,+171.81396483E-03
+65.15000E-06,+1.04466072227E+00,+157.16080983E-03,+74.93714616E-03,+81.63452147E-03
+65.17500E-06,+1.01450996882E+00,+155.90452848E-03,-5.46486303E-03,+160.85815432E-03
+65.20000E-06,+957.97730610E-03,+123.24121222E-03,+34.73614156E-03,+87.89062500E-03
+65.22500E-06,+998.17831069E-03,+159.67337265E-03,+34.73614156E-03,+124.17602540E-03
+65.25000E-06,+1.00445971767E+00,+191.08040745E-03,+816.54395E-06,+190.06347653E-03
+65.27500E-06,+1.03837931529E+00,+139.57287035E-03,+18.40448343E-03,+120.42236331E-03
+65.30000E-06,+1.02456021997E+00,+177.26131213E-03,-5.46486303E-03,+182.06787108E-03
+65.32500E-06,+998.17831069E-03,+163.44221681E-03,-5.46486303E-03,+167.96875000E-03
+65.35000E-06,+1.06601750592E+00,+197.36181443E-03,-5.46486303E-03,+202.57568358E-03
+65.37500E-06,+1.05471097342E+00,+179.77387494E-03,-5.46486303E-03,+184.63134767E-03
+65.40000E-06,+1.02456021997E+00,+203.64322141E-03,+47.29895552E-03,+155.79223630E-03
+65.42500E-06,+998.17831069E-03,+119.47236805E-03,-5.46486303E-03,+124.17602540E-03
+65.45000E-06,+998.17831069E-03,+129.52261920E-03,-5.46486303E-03,+134.18579103E-03
+65.47500E-06,+974.30896423E-03,+147.11055868E-03,-5.46486303E-03,+151.70288085E-03
+65.50000E-06,+971.79640141E-03,+163.44221681E-03,-5.46486303E-03,+167.96875000E-03
+65.52500E-06,+1.03837931529E+00,+236.30653767E-03,-5.46486303E-03,+241.42456057E-03
+65.55000E-06,+998.17831069E-03,+163.44221681E-03,-5.46486303E-03,+167.96875000E-03
+65.57500E-06,+1.03837931529E+00,+179.77387494E-03,-5.46486303E-03,+184.63134767E-03
+65.60000E-06,+1.31978634745E+00,+137.06030754E-03,-31.84677231E-03,+167.96875000E-03
+65.62500E-06,+1.31978634745E+00,+203.64322141E-03,-1.69601886E-03,+205.13916017E-03
+65.65000E-06,+1.35998735204E+00,+123.24121222E-03,-5.46486303E-03,+127.92968750E-03
+65.67500E-06,+1.37631901017E+00,+187.31156328E-03,+74.93714616E-03,+111.66381835E-03
+65.70000E-06,+1.31978634745E+00,+109.42211690E-03,-45.66586763E-03,+154.20532228E-03
+65.72500E-06,+1.35621850788E+00,+159.67337265E-03,+38.50498573E-03,+120.42236331E-03
+65.75000E-06,+1.31978634745E+00,+169.72362379E-03,+816.54395E-06,+167.96875000E-03
+65.77500E-06,+1.30345468932E+00,+170.97990515E-03,+34.73614156E-03,+135.43701169E-03
+65.80000E-06,+1.06601750592E+00,+203.64322141E-03,+48.55523688E-03,+154.20532228E-03
+65.82500E-06,+1.03461047112E+00,+159.67337265E-03,-41.89702346E-03,+201.38549807E-03
+65.85000E-06,+1.00445971767E+00,+163.44221681E-03,+28.45473458E-03,+134.18579103E-03
+65.87500E-06,+957.97730610E-03,+123.24121222E-03,-61.99752576E-03,+184.63134767E-03
+65.90000E-06,+1.02456021997E+00,+203.64322141E-03,+74.93714616E-03,+127.92968750E-03
+65.92500E-06,+1.03837931529E+00,+196.10553307E-03,-5.46486303E-03,+201.38549807E-03
+65.95000E-06,+1.03837931529E+00,+157.16080983E-03,+62.37433219E-03,+94.14672853E-03
+65.97500E-06,+1.04591700362E+00,+187.31156328E-03,+10.86679510E-03,+176.05590818E-03
+66.00000E-06,+984.35921538E-03,+135.80402618E-03,+34.73614156E-03,+100.40283206E-03
+66.02500E-06,+961.74615027E-03,+167.21106098E-03,+30.96729740E-03,+135.52856443E-03
+66.05000E-06,+998.17831069E-03,+157.16080983E-03,+62.37433219E-03,+94.14672853E-03
+66.07500E-06,+998.17831069E-03,+163.44221681E-03,+42.27382990E-03,+120.42236331E-03
+66.10000E-06,+1.05219841060E+00,+163.44221681E-03,+20.91704625E-03,+141.69311522E-03
+66.12500E-06,+961.74615027E-03,+199.87437724E-03,-5.46486303E-03,+205.13916017E-03
+66.15000E-06,+1.00445971767E+00,+203.64322141E-03,-5.46486303E-03,+208.98437500E-03
+66.17500E-06,+1.03837931529E+00,+187.31156328E-03,+18.40448343E-03,+167.96875000E-03
+66.20000E-06,+1.02456021997E+00,+216.20603537E-03,+34.73614156E-03,+181.12182620E-03
+66.22500E-06,+1.03461047112E+00,+159.67337265E-03,-9.23370720E-03,+167.96875000E-03
+66.25000E-06,+1.00445971767E+00,+123.24121222E-03,+34.73614156E-03,+87.89062500E-03
+66.27500E-06,+1.02204765716E+00,+187.31156328E-03,+51.06779969E-03,+135.43701169E-03
+66.30000E-06,+1.01199740601E+00,+163.44221681E-03,-5.46486303E-03,+167.96875000E-03
+66.32500E-06,+1.00194715486E+00,+163.44221681E-03,+30.96729740E-03,+131.68334960E-03
+66.35000E-06,+998.17831069E-03,+135.80402618E-03,+28.45473458E-03,+106.81152348E-03
+66.37500E-06,+990.64062236E-03,+147.11055868E-03,+27.19845323E-03,+119.17114254E-03
+66.40000E-06,+998.17831069E-03,+163.44221681E-03,-5.46486303E-03,+167.96875000E-03
+66.42500E-06,+998.17831069E-03,+203.64322141E-03,+34.73614156E-03,+167.96875000E-03
+66.45000E-06,+1.03837931529E+00,+169.72362380E-03,+34.73614156E-03,+134.18579103E-03
+66.47500E-06,+1.01450996882E+00,+163.44221681E-03,+34.73614156E-03,+127.92968750E-03
+66.50000E-06,+1.01199740601E+00,+163.44221681E-03,+34.73614156E-03,+127.92968750E-03
+66.52500E-06,+994.40946653E-03,+163.44221681E-03,+30.96729740E-03,+131.68334960E-03
+66.55000E-06,+1.03837931529E+00,+150.87940285E-03,+816.54395E-06,+149.20043941E-03
+66.57500E-06,+998.17831069E-03,+139.57287035E-03,+58.60548803E-03,+80.38330081E-03
+66.60000E-06,+998.17831069E-03,+177.26131213E-03,+47.29895553E-03,+129.51660152E-03
+66.62500E-06,+1.07481147571E+00,+127.01005639E-03,+30.96729740E-03,+95.39794919E-03
+66.65000E-06,+964.25871308E-03,+163.44221681E-03,+7.09795093E-03,+155.45654294E-03
+66.67500E-06,+1.03837931529E+00,+139.57287035E-03,-5.46486303E-03,+144.19555665E-03
+66.70000E-06,+971.79640141E-03,+163.44221681E-03,+34.73614156E-03,+127.92968750E-03
+66.72500E-06,+1.03461047112E+00,+199.87437724E-03,+34.73614156E-03,+164.21508790E-03
+66.75000E-06,+1.00445971767E+00,+123.24121222E-03,+34.73614156E-03,+87.89062500E-03
+66.77500E-06,+998.17831069E-03,+123.24121222E-03,+34.73614156E-03,+87.89062500E-03
+66.80000E-06,+1.27958534285E+00,+70.47739366E-03,+7.09795093E-03,+62.86621088E-03
+66.82500E-06,+1.24315318243E+00,+167.21106098E-03,+34.73614156E-03,+131.68334960E-03
+66.85000E-06,+1.35998735204E+00,+163.44221681E-03,-45.66586763E-03,+208.98437500E-03
+66.87500E-06,+1.37631901017E+00,+179.77387494E-03,+98.80649262E-03,+80.38330081E-03
+66.90000E-06,+1.30596725213E+00,+149.62312150E-03,-5.46486303E-03,+154.20532228E-03
+66.92500E-06,+1.35621850788E+00,+127.01005639E-03,+34.73614156E-03,+91.64428709E-03
+66.95000E-06,+1.34742453808E+00,+169.72362380E-03,-11.74627001E-03,+180.63354495E-03
+66.97500E-06,+1.33611800558E+00,+163.44221681E-03,+34.73614156E-03,+127.92968750E-03
+67.00000E-06,+1.05219841060E+00,+163.44221681E-03,+48.55523688E-03,+114.16625978E-03
+67.02500E-06,+1.03461047112E+00,+86.80905179E-03,+34.73614156E-03,+51.60522459E-03
+67.05000E-06,+1.03209790830E+00,+169.72362380E-03,+34.73614156E-03,+134.18579103E-03
+67.07500E-06,+998.17831069E-03,+99.37186576E-03,-85.86687222E-03,+184.63134767E-03
+67.10000E-06,+957.97730610E-03,+177.26131213E-03,+88.75624147E-03,+87.89062500E-03
+67.12500E-06,+1.03837931529E+00,+163.44221681E-03,-9.23370720E-03,+171.81396483E-03
+67.15000E-06,+1.00445971767E+00,+129.52261920E-03,+68.65573917E-03,+60.36376956E-03
+67.17500E-06,+1.07858031988E+00,+163.44221681E-03,-21.79652116E-03,+184.63134767E-03
+67.20000E-06,+1.25320343357E+00,+123.24121222E-03,-31.84677231E-03,+154.20532228E-03
+67.22500E-06,+1.35621850788E+00,+203.64322141E-03,+74.93714616E-03,+127.92968750E-03
+67.25000E-06,+1.35370594506E+00,+129.52261920E-03,-5.46486303E-03,+134.18579103E-03
+67.27500E-06,+1.40018835664E+00,+219.97487954E-03,+122.67583908E-03,+96.64916997E-03
+67.30000E-06,+1.30722353348E+00,+109.42211690E-03,+20.91704625E-03,+87.89062500E-03
+67.32500E-06,+1.31978634745E+00,+123.24121222E-03,+78.70599032E-03,+44.09790041E-03
+67.35000E-06,+1.31978634745E+00,+169.72362380E-03,+816.54395E-06,+167.96875000E-03
+67.37500E-06,+1.33611800558E+00,+163.44221681E-03,+34.73614156E-03,+127.92968750E-03
+67.40000E-06,+1.07858031988E+00,+189.82412609E-03,+74.93714616E-03,+114.16625978E-03
+67.42500E-06,+1.03461047112E+00,+90.57789596E-03,+30.96729740E-03,+59.11254878E-03
+67.45000E-06,+1.03209790830E+00,+203.64322141E-03,+41.01754855E-03,+161.71264647E-03
+67.47500E-06,+998.17831069E-03,+123.24121222E-03,-102.19853035E-03,+225.25024416E-03
+67.50000E-06,+944.15821078E-03,+177.26131213E-03,+34.73614156E-03,+141.69311522E-03
+67.52500E-06,+1.15898232907E+00,+163.44221681E-03,-45.66586763E-03,+208.98437500E-03
+67.55000E-06,+957.97730610E-03,+157.16080983E-03,+816.54395E-06,+155.45654294E-03
+67.57500E-06,+1.03837931529E+00,+123.24121222E-03,-5.46486303E-03,+127.92968750E-03
+67.60000E-06,+1.25320343357E+00,+109.42211690E-03,-5.46486303E-03,+114.16625978E-03
+67.62500E-06,+1.24692202659E+00,+163.44221681E-03,+71.16830199E-03,+91.64428709E-03
+67.65000E-06,+1.35998735204E+00,+129.52261920E-03,-5.46486303E-03,+134.18579103E-03
+67.67500E-06,+1.37631901018E+00,+163.44221681E-03,+122.67583908E-03,+40.34423831E-03
+67.70000E-06,+1.33360544276E+00,+150.87940285E-03,-19.28395835E-03,+169.55566402E-03
+67.72500E-06,+1.31601750328E+00,+163.44221681E-03,+38.50498573E-03,+124.17602541E-03
+67.75000E-06,+1.38762554267E+00,+163.44221681E-03,-5.46486303E-03,+167.96875000E-03
+67.77500E-06,+1.32732403578E+00,+179.77387495E-03,+58.60548802E-03,+120.42236331E-03
+67.80000E-06,+1.07858031988E+00,+203.64322141E-03,+74.93714616E-03,+127.92968750E-03
+67.82500E-06,+1.03837931529E+00,+127.01005638E-03,-45.66586763E-03,+171.81396483E-03
+67.85000E-06,+970.54012006E-03,+163.44221681E-03,+34.73614156E-03,+127.92968750E-03
+67.87500E-06,+974.30896423E-03,+59.17086116E-03,-45.66586763E-03,+104.15649416E-03
+67.90000E-06,+1.01199740601E+00,+177.26131213E-03,+88.75624147E-03,+87.89062500E-03
+67.92500E-06,+961.74615026E-03,+199.87437724E-03,-41.89702346E-03,+241.42456058E-03
+67.95000E-06,+1.04466072227E+00,+129.52261920E-03,+34.73614156E-03,+94.14672853E-03
+67.97500E-06,+1.03837931529E+00,+163.44221681E-03,-5.46486303E-03,+167.96875000E-03
+68.00000E-06,+1.27958534285E+00,+123.24121222E-03,-5.46486303E-03,+127.92968750E-03
+68.02500E-06,+1.27958534285E+00,+199.87437724E-03,+38.50498573E-03,+160.46142581E-03
+68.05000E-06,+1.36626875903E+00,+129.52261920E-03,-39.38446064E-03,+167.96875000E-03
+68.07500E-06,+1.37631901018E+00,+203.64322141E-03,+115.13815075E-03,+87.89062500E-03
+68.10000E-06,+1.29340443817E+00,+149.62312150E-03,-18.02767700E-03,+167.35839849E-03
+68.12500E-06,+1.31601750328E+00,+159.67337265E-03,+74.93714616E-03,+84.13696291E-03
+68.15000E-06,+1.28586674984E+00,+163.44221681E-03,-5.46486303E-03,+167.96875000E-03
+68.17500E-06,+1.30345468932E+00,+163.44221681E-03,+34.73614156E-03,+127.92968750E-03
+68.20000E-06,+1.07858031988E+00,+189.82412609E-03,+34.73614156E-03,+154.20532228E-03
+68.22500E-06,+1.03837931529E+00,+127.01005638E-03,+34.73614156E-03,+91.64428709E-03
+68.25000E-06,+1.03209790830E+00,+231.28141203E-03,+34.73614156E-03,+196.31958005E-03
+68.27500E-06,+998.17831069E-03,+99.37186576E-03,-85.86687222E-03,+184.63134767E-03
+68.30000E-06,+917.77630150E-03,+177.26131213E-03,+20.91704625E-03,+155.79223630E-03
+68.32500E-06,+1.12255016864E+00,+159.67337265E-03,-5.46486303E-03,+164.21508791E-03
+68.35000E-06,+951.69589911E-03,+123.24121222E-03,+28.45473458E-03,+94.14672853E-03
+68.37500E-06,+1.06224866175E+00,+163.44221681E-03,+10.86679510E-03,+151.70288084E-03
+68.40000E-06,+1.25194715223E+00,+83.04020762E-03,+20.91704625E-03,+61.61499022E-03
+68.42500E-06,+1.27958534285E+00,+163.44221681E-03,+63.63061366E-03,+99.24316401E-03
+68.45000E-06,+1.34114313109E+00,+123.24121222E-03,+816.54395E-06,+121.67358397E-03
+68.47500E-06,+1.35998735204E+00,+179.77387495E-03,+122.67583908E-03,+56.61010747E-03
+68.50000E-06,+1.35998735204E+00,+137.06030753E-03,-31.84677231E-03,+167.96875000E-03
+68.52500E-06,+1.35621850788E+00,+163.44221681E-03,+38.50498573E-03,+124.17602541E-03
+68.55000E-06,+1.35370594506E+00,+203.64322141E-03,-39.38446064E-03,+242.76733397E-03
+68.57500E-06,+1.31978634745E+00,+179.77387495E-03,+58.60548802E-03,+120.42236331E-03
+68.60000E-06,+1.06476122457E+00,+203.64322141E-03,+48.55523688E-03,+154.20532228E-03
+68.62500E-06,+1.07481147572E+00,+123.24121222E-03,-1.69601887E-03,+124.17602541E-03
+68.65000E-06,+1.06601750591E+00,+163.44221681E-03,+28.45473458E-03,+134.18579103E-03
+68.67500E-06,+1.02204765715E+00,+66.70854949E-03,-29.33420949E-03,+95.39794919E-03
+68.70000E-06,+1.01199740601E+00,+163.44221681E-03,+115.13815075E-03,+47.85156250E-03
+68.72500E-06,+1.00194715486E+00,+163.44221681E-03,-1.69601887E-03,+164.21508791E-03
+68.75000E-06,+1.03209790830E+00,+157.16080983E-03,+34.73614156E-03,+121.67358397E-03
+68.77500E-06,+1.02204765715E+00,+163.44221681E-03,-5.46486303E-03,+167.96875000E-03
+68.80000E-06,+1.27958534285E+00,+123.24121222E-03,-31.84677231E-03,+154.20532228E-03
+68.82500E-06,+1.31978634745E+00,+203.64322141E-03,+34.73614156E-03,+167.96875000E-03
+68.85000E-06,+1.36626875903E+00,+129.52261920E-03,-5.46486303E-03,+134.18579103E-03
+68.87500E-06,+1.37631901018E+00,+203.64322141E-03,+98.80649262E-03,+104.15649416E-03
+68.90000E-06,+1.29340443817E+00,+135.80402619E-03,-31.84677231E-03,+167.35839849E-03
+68.92500E-06,+1.32355519161E+00,+119.47236806E-03,+74.93714616E-03,+44.09790041E-03
+68.95000E-06,+1.28586674984E+00,+123.24121222E-03,+34.73614156E-03,+87.89062500E-03
+68.97500E-06,+1.33611800558E+00,+163.44221681E-03,+58.60548802E-03,+104.15649416E-03
+69.00000E-06,+1.11878132448E+00,+163.44221681E-03,+88.75624147E-03,+74.12719728E-03
+69.02500E-06,+1.03837931529E+00,+123.24121222E-03,+30.96729740E-03,+91.64428709E-03
+69.05000E-06,+998.17831069E-03,+169.72362380E-03,+74.93714616E-03,+94.14672853E-03
+69.07500E-06,+1.03837931529E+00,+83.04020762E-03,-61.99752576E-03,+144.19555666E-03
+69.10000E-06,+931.59539682E-03,+163.44221681E-03,+47.29895553E-03,+115.41748043E-03
+69.12500E-06,+1.15898232907E+00,+159.67337265E-03,-1.69601887E-03,+160.46142582E-03
+69.15000E-06,+957.97730610E-03,+157.16080983E-03,+816.54395E-06,+155.45654293E-03
+69.17500E-06,+1.07858031988E+00,+163.44221681E-03,-5.46486303E-03,+167.96875000E-03
+69.20000E-06,+1.27958534285E+00,+110.67839825E-03,-19.28395834E-03,+129.51660151E-03
+69.22500E-06,+1.28335418702E+00,+163.44221681E-03,-1.69601887E-03,+164.21508791E-03
+69.25000E-06,+1.35370594506E+00,+123.24121222E-03,-11.74627002E-03,+134.18579103E-03
+69.27500E-06,+1.35998735204E+00,+203.64322141E-03,+98.80649262E-03,+104.15649416E-03
+69.30000E-06,+1.33360544276E+00,+163.44221681E-03,-5.46486303E-03,+167.96875000E-03
+69.32500E-06,+1.35621850788E+00,+163.44221681E-03,+5.84166946E-03,+156.70776372E-03
+69.35000E-06,+1.30722353348E+00,+203.64322141E-03,-5.46486303E-03,+208.98437500E-03
+69.37500E-06,+1.31978634745E+00,+163.44221681E-03,+58.60548802E-03,+104.15649416E-03
+69.40000E-06,+1.10496222916E+00,+217.46231672E-03,+101.31905544E-03,+115.41748043E-03
+69.42500E-06,+1.04214815945E+00,+127.01005638E-03,-5.46486303E-03,+131.68334959E-03
+69.45000E-06,+1.00445971768E+00,-84.04521774E-03,+275.94216913E-03,-360.74829103E-03
+69.47500E-06,+1.02204765715E+00,-117.96481535E-03,+188.00247161E-03,-306.36596683E-03
+69.50000E-06,+1.03837931529E+00,-144.34672463E-03,+303.58035975E-03,-448.33374022E-03
+69.52500E-06,+1.00194715486E+00,-81.53265492E-03,+231.97232037E-03,-314.45312500E-03
+69.55000E-06,+1.04466072227E+00,-151.88441296E-03,+309.86176674E-03,-462.09716793E-03
+69.57500E-06,+1.05471097342E+00,-94.09546889E-03,+252.07282267E-03,-346.98486332E-03
+69.60000E-06,+1.27958534285E+00,-117.96481535E-03,+235.74116454E-03,-354.49218750E-03
+69.62500E-06,+1.28335418702E+00,-77.76381075E-03,+279.71101329E-03,-358.24584959E-03
+69.65000E-06,+1.35370594506E+00,+55.40201700E-03,+195.54015994E-03,-140.80810543E-03
+69.67500E-06,+1.39265066831E+00,+163.44221681E-03,+98.80649262E-03,+64.11743166E-03
+69.70000E-06,+1.31978634745E+00,+135.80402619E-03,-19.28395834E-03,+154.20532228E-03
+69.72500E-06,+1.31978634745E+00,+127.01005638E-03,+34.73614156E-03,+91.64428709E-03
+69.75000E-06,+1.34742453807E+00,+191.08040744E-03,-11.74627002E-03,+202.57568358E-03
+69.77500E-06,+1.32732403577E+00,+163.44221681E-03,+34.73614156E-03,+127.92968750E-03
+69.80000E-06,+1.07858031988E+00,+230.02513069E-03,+61.11805085E-03,+167.96875000E-03
+69.82500E-06,+1.03837931529E+00,+159.67337265E-03,-1.69601887E-03,+160.46142582E-03
+69.85000E-06,+1.00445971768E+00,+203.64322141E-03,+816.54395E-06,+202.57568358E-03
+69.87500E-06,+1.02204765715E+00,+147.11055868E-03,-93.40456055E-03,+239.86816401E-03
+69.90000E-06,+917.77630150E-03,+189.82412610E-03,+61.11805085E-03,+127.92968750E-03
+69.92500E-06,+1.11878132448E+00,+127.01005638E-03,-5.46486303E-03,+131.68334959E-03
+69.95000E-06,+890.13811088E-03,+157.16080983E-03,+68.65573917E-03,+87.89062500E-03
+69.97500E-06,+1.03837931529E+00,+139.57287035E-03,-5.46486303E-03,+144.19555666E-03
+70.00000E-06,+1.22556524295E+00,+135.80402619E-03,-5.46486303E-03,+140.44189457E-03
+70.02500E-06,+1.28335418702E+00,+163.44221681E-03,+30.96729740E-03,+131.68334959E-03
+70.05000E-06,+1.35998735204E+00,+123.24121222E-03,-5.46486303E-03,+127.92968750E-03
+70.07500E-06,+1.35244966372E+00,+211.18090973E-03,+58.60548802E-03,+151.70288084E-03
+70.10000E-06,+1.31978634745E+00,+163.44221681E-03,-45.66586763E-03,+208.98437500E-03
+70.12500E-06,+1.31601750329E+00,+167.21106098E-03,+2.07282529E-03,+164.21508791E-03
+70.15000E-06,+1.31978634745E+00,+203.64322141E-03,-5.46486303E-03,+208.98437500E-03
+70.17500E-06,+1.29591700099E+00,+203.64322141E-03,+58.60548802E-03,+144.19555666E-03
+70.20000E-06,+1.09114313385E+00,+203.64322141E-03,+48.55523687E-03,+154.20532228E-03
+70.22500E-06,+1.04214815945E+00,+90.57789595E-03,-5.46486303E-03,+95.39794918E-03
+70.25000E-06,+1.03837931529E+00,+157.16080983E-03,+34.73614156E-03,+121.67358397E-03
+70.27500E-06,+990.64062237E-03,+83.04020762E-03,-13.00255136E-03,+95.39794918E-03
+70.30000E-06,+1.02456021998E+00,+96.85930294E-03,+128.95724606E-03,-32.22656250E-03
+70.32500E-06,+1.00194715485E+00,+159.67337265E-03,+71.16830200E-03,+87.89062500E-03
+70.35000E-06,+1.00445971768E+00,+89.32161461E-03,+102.57533678E-03,-13.45825190E-03
+70.37500E-06,+1.04591700361E+00,+123.24121222E-03,+51.06779970E-03,+71.62475584E-03
+70.40000E-06,+1.25320343357E+00,+109.42211691E-03,+48.55523687E-03,+60.36376957E-03
+70.42500E-06,+1.28712303118E+00,+159.67337265E-03,+74.93714616E-03,+84.13696291E-03
+70.45000E-06,+1.31978634745E+00,+76.75880064E-03,+68.65573917E-03,+7.81250000E-03
+70.47500E-06,+1.33611800558E+00,+147.11055868E-03,+115.13815075E-03,+31.58569334E-03
+70.50000E-06,+1.31978634745E+00,+109.42211691E-03,+61.11805085E-03,+47.85156250E-03
+70.52500E-06,+1.31601750329E+00,+46.60804719E-03,+115.13815075E-03,-69.39697268E-03
+70.55000E-06,+1.28586674984E+00,+83.04020762E-03,+115.13815075E-03,-32.22656250E-03
+70.57500E-06,+1.30345468931E+00,+106.90955408E-03,+91.26880429E-03,+15.31982418E-03
+70.60000E-06,+1.05219841060E+00,+163.44221681E-03,+155.33915535E-03,+7.81250000E-03
+70.62500E-06,+1.03837931529E+00,+83.04020762E-03,+115.13815075E-03,-32.22656250E-03
+70.65000E-06,+1.03837931529E+00,+116.95980523E-03,+74.93714616E-03,+41.59545897E-03
+70.67500E-06,+998.17831069E-03,+123.24121222E-03,+18.40448343E-03,+104.15649416E-03
+70.70000E-06,+998.17831069E-03,+96.85930293E-03,+74.93714616E-03,+21.57592772E-03
+70.72500E-06,+1.07481147572E+00,+79.27136346E-03,+42.27382989E-03,+36.49902349E-03
+70.75000E-06,+957.97730610E-03,+116.95980523E-03,+74.93714616E-03,+41.59545897E-03
+70.77500E-06,+1.01450996883E+00,+123.24121222E-03,+98.80649262E-03,+24.07836916E-03
+70.80000E-06,+1.01199740600E+00,+83.04020762E-03,+74.93714616E-03,+7.81250000E-03
+70.82500E-06,+1.03461047113E+00,+159.67337265E-03,+74.93714616E-03,+84.13696291E-03
+70.85000E-06,+1.02581650131E+00,+116.95980523E-03,+74.93714616E-03,+41.59545897E-03
+70.87500E-06,+998.17831069E-03,+123.24121222E-03,+51.06779970E-03,+71.62475584E-03
+70.90000E-06,+1.01199740600E+00,+123.24121222E-03,+61.11805085E-03,+61.61499022E-03
+70.92500E-06,+1.00194715485E+00,+123.24121222E-03,+38.50498572E-03,+84.13696291E-03
+70.95000E-06,+998.17831069E-03,+163.44221681E-03,+41.01754855E-03,+121.67358397E-03
+70.97500E-06,+1.02204765715E+00,+123.24121222E-03,+74.93714616E-03,+47.85156250E-03
+71.00000E-06,+1.02456021998E+00,+109.42211691E-03,+88.75624147E-03,+20.32470707E-03
+71.02500E-06,+1.10747479199E+00,+79.27136346E-03,+74.93714616E-03,+4.05883791E-03
+71.05000E-06,+998.17831069E-03,+116.95980523E-03,+74.93714616E-03,+41.59545896E-03
+71.07500E-06,+1.03837931529E+00,+123.24121222E-03,+74.93714616E-03,+47.85156250E-03
+71.10000E-06,+959.23358743E-03,+96.85930293E-03,+61.11805085E-03,+35.33935543E-03
+71.12500E-06,+998.17831069E-03,+159.67337265E-03,+74.93714616E-03,+84.13696291E-03
+71.15000E-06,+1.03837931529E+00,+89.32161461E-03,+41.01754855E-03,+47.85156250E-03
+71.17500E-06,+998.17831069E-03,+99.37186576E-03,+51.06779970E-03,+47.85156250E-03
+71.20000E-06,+1.30722353347E+00,+83.04020762E-03,+34.73614156E-03,+47.85156250E-03
+71.22500E-06,+1.24692202658E+00,+163.44221681E-03,+115.13815075E-03,+47.85156250E-03
+71.25000E-06,+1.38762554266E+00,+83.04020762E-03,+34.73614156E-03,+47.85156250E-03
+71.27500E-06,+1.33611800559E+00,+123.24121222E-03,+98.80649262E-03,+24.07836916E-03
+71.30000E-06,+1.34616825673E+00,+149.62312150E-03,+34.73614156E-03,+114.16625979E-03
+71.32500E-06,+1.32355519161E+00,+86.80905179E-03,+111.36930659E-03,-24.71923832E-03
+71.35000E-06,+1.32606775444E+00,+89.32161461E-03,+68.65573917E-03,+20.32470707E-03
+71.37500E-06,+1.31978634745E+00,+83.04020762E-03,+58.60548802E-03,+24.07836916E-03
+71.40000E-06,+1.07858031988E+00,+163.44221681E-03,+128.95724606E-03,+34.08813479E-03
+71.42500E-06,+1.04214815945E+00,+123.24121222E-03,+38.50498572E-03,+84.13696291E-03
+71.45000E-06,+998.17831069E-03,+163.44221681E-03,+74.93714616E-03,+87.89062500E-03
+71.47500E-06,+1.03837931529E+00,+99.37186576E-03,-21.79652117E-03,+120.42236332E-03
+71.50000E-06,+998.17831069E-03,+149.62312150E-03,+101.31905544E-03,+47.85156250E-03
+71.52500E-06,+1.07481147572E+00,+119.47236806E-03,+71.16830200E-03,+47.85156250E-03
+71.55000E-06,+964.25871309E-03,+83.04020762E-03,+74.93714616E-03,+7.81250000E-03
+71.57500E-06,+1.03837931529E+00,+99.37186576E-03,+74.93714616E-03,+24.07836916E-03
+71.60000E-06,+984.35921538E-03,+83.04020762E-03,+74.93714616E-03,+7.81250000E-03
+71.62500E-06,+1.07104263156E+00,+159.67337265E-03,+111.36930659E-03,+47.85156250E-03
+71.65000E-06,+991.89690370E-03,+89.32161461E-03,+74.93714616E-03,+14.06860354E-03
+71.67500E-06,+1.02204765715E+00,+123.24121222E-03,+74.93714616E-03,+47.85156250E-03
+71.70000E-06,+1.03837931529E+00,+163.44221681E-03,+34.73614156E-03,+127.92968750E-03
+71.72500E-06,+998.17831069E-03,+123.24121222E-03,+38.50498572E-03,+84.13696291E-03
+71.75000E-06,+998.17831069E-03,+116.95980523E-03,+68.65573917E-03,+47.85156250E-03
+71.77500E-06,+1.02204765715E+00,+75.50251930E-03,+74.93714616E-03,+305.17582E-06
+71.80000E-06,+1.02456021998E+00,+163.44221681E-03,+74.93714616E-03,+87.89062500E-03
+71.82500E-06,+1.03461047113E+00,+86.80905178E-03,+34.73614156E-03,+51.60522459E-03
+71.85000E-06,+1.03209790830E+00,+83.04020762E-03,+74.93714616E-03,+7.81250000E-03
+71.87500E-06,+981.84665256E-03,+163.44221681E-03,+115.13815075E-03,+47.85156250E-03
+71.90000E-06,+1.02581650131E+00,+70.47739365E-03,+61.11805085E-03,+9.06372064E-03
+71.92500E-06,+998.17831069E-03,+119.47236806E-03,+74.93714616E-03,+44.09790041E-03
+71.95000E-06,+1.03209790830E+00,+123.24121222E-03,+41.01754855E-03,+81.63452146E-03
+71.97500E-06,+998.17831069E-03,+106.90955408E-03,+51.06779970E-03,+55.35888668E-03
+72.00000E-06,+1.03837931529E+00,+123.24121222E-03,+8.35423228E-03,+114.16625979E-03
+72.02500E-06,+998.17831069E-03,+123.24121222E-03,+78.70599032E-03,+44.09790041E-03
+72.05000E-06,+1.03209790830E+00,+129.52261921E-03,+68.65573917E-03,+60.36376957E-03
+72.07500E-06,+1.02204765715E+00,+99.37186576E-03,+74.93714616E-03,+24.07836916E-03
+72.10000E-06,+998.17831069E-03,+123.24121222E-03,+61.11805085E-03,+61.61499021E-03
+72.12500E-06,+998.17831069E-03,+86.80905178E-03,+71.16830200E-03,+15.31982418E-03
+72.15000E-06,+998.17831069E-03,+83.04020762E-03,+34.73614156E-03,+47.85156250E-03
+72.17500E-06,+1.01450996883E+00,+130.77890054E-03,+58.60548802E-03,+71.62475584E-03
+72.20000E-06,+998.17831069E-03,+149.62312151E-03,+74.93714616E-03,+74.12719729E-03
+72.22500E-06,+1.07104263156E+00,+159.67337265E-03,+2.07282529E-03,+156.70776373E-03
+72.25000E-06,+1.03209790830E+00,+732.53768813E-03,-453.95732056E-03,+1.18634033207E+00
+72.27500E-06,+1.04591700361E+00,+742.58793928E-03,-568.27892736E-03,+1.31021118166E+00
+72.30000E-06,+998.17831069E-03,+792.83919502E-03,-608.47993195E-03,+1.40093994143E+00
+72.32500E-06,+1.07481147572E+00,+766.45728573E-03,-644.91209239E-03,+1.41119384768E+00
+72.35000E-06,+998.17831069E-03,+766.45728573E-03,-602.19852496E-03,+1.36776733396E+00
+72.37500E-06,+1.01450996883E+00,+782.78894387E-03,-584.61058549E-03,+1.36691284184E+00
+72.40000E-06,+998.17831069E-03,+712.43718583E-03,-622.29902726E-03,+1.33398437500E+00
+72.42500E-06,+1.03461047113E+00,+770.22612989E-03,-604.71108779E-03,+1.37402343750E+00
+72.45000E-06,+998.17831069E-03,+766.45728573E-03,-540.64073674E-03,+1.30645751957E+00
+72.47500E-06,+998.17831069E-03,+726.25628114E-03,-568.27892736E-03,+1.29394531250E+00
+72.50000E-06,+1.06476122457E+00,+752.63819042E-03,-582.09802266E-03,+1.33398437500E+00
+72.52500E-06,+1.00194715485E+00,+766.45728573E-03,-568.27892736E-03,+1.33398437500E+00
+72.55000E-06,+998.17831069E-03,+732.53768813E-03,-602.19852496E-03,+1.33398437500E+00
+72.57500E-06,+1.04591700361E+00,+766.45728573E-03,-584.61058549E-03,+1.35025024416E+00
+72.60000E-06,+998.17831069E-03,+766.45728573E-03,-568.27892736E-03,+1.33398437500E+00
+72.62500E-06,+1.03837931529E+00,+686.05527654E-03,-604.71108779E-03,+1.29019165041E+00
+72.65000E-06,+998.17831069E-03,+760.17587874E-03,-534.35932975E-03,+1.29394531250E+00
+72.67500E-06,+1.04591700361E+00,+726.25628114E-03,-592.14827381E-03,+1.31771850584E+00
+72.70000E-06,+1.02456021998E+00,+740.07537645E-03,-541.89701807E-03,+1.28143310543E+00
+72.72500E-06,+1.03837931529E+00,+726.25628114E-03,-600.94224363E-03,+1.32647705082E+00
+72.75000E-06,+1.03209790830E+00,+766.45728573E-03,-568.27892736E-03,+1.33398437500E+00
+72.77500E-06,+998.17831069E-03,+726.25628114E-03,-592.14827381E-03,+1.31771850584E+00
+72.80000E-06,+971.79640141E-03,+726.25628114E-03,-648.68093655E-03,+1.37402343750E+00
+72.82500E-06,+1.00194715485E+00,+730.02512530E-03,-568.27892736E-03,+1.29769897459E+00
+72.85000E-06,+998.17831069E-03,+766.45728573E-03,-608.47993195E-03,+1.37402343750E+00
+72.87500E-06,+1.03837931529E+00,+726.25628114E-03,-608.47993195E-03,+1.33398437500E+00
+72.90000E-06,+998.17831069E-03,+712.43718583E-03,-568.27892736E-03,+1.28018188479E+00
+72.92500E-06,+1.03461047113E+00,+726.25628114E-03,-604.71108779E-03,+1.33023071291E+00
+72.95000E-06,+998.17831069E-03,+692.33668353E-03,-568.27892736E-03,+1.26016235354E+00
+72.97500E-06,+1.00571599901E+00,+750.12562759E-03,-608.47993195E-03,+1.35775756834E+00
+73.00000E-06,+1.01199740600E+00,+752.63819042E-03,-568.27892736E-03,+1.32022094729E+00
+73.02500E-06,+998.17831069E-03,+730.02512530E-03,-604.71108779E-03,+1.33398437500E+00
+73.05000E-06,+1.00445971768E+00,+753.89447175E-03,-574.56033435E-03,+1.32772827146E+00
+73.07500E-06,+1.02204765715E+00,+742.58793928E-03,-568.27892736E-03,+1.31021118166E+00
+73.10000E-06,+1.03837931529E+00,+726.25628114E-03,-541.89701807E-03,+1.26766967771E+00
+73.12500E-06,+1.03461047113E+00,+762.68844157E-03,-568.27892736E-03,+1.33023071291E+00
+73.15000E-06,+1.03837931529E+00,+726.25628114E-03,-608.47993195E-03,+1.33398437500E+00
+73.17500E-06,+1.01450996883E+00,+702.38693468E-03,-584.61058549E-03,+1.28643798833E+00
+73.20000E-06,+1.01199740600E+00,+659.67336726E-03,-582.09802266E-03,+1.24139404292E+00
+73.22500E-06,+921.54514566E-03,+730.02512530E-03,-531.84676692E-03,+1.26141357417E+00
+73.25000E-06,+1.02581650131E+00,+719.97487415E-03,-595.91711797E-03,+1.31521606439E+00
+73.27500E-06,+1.02204765715E+00,+726.25628114E-03,-568.27892736E-03,+1.29394531250E+00
+73.30000E-06,+1.02456021998E+00,+726.25628114E-03,-608.47993195E-03,+1.33398437500E+00
+73.32500E-06,+1.00194715485E+00,+762.68844157E-03,-572.04777151E-03,+1.33398437500E+00
+73.35000E-06,+998.17831069E-03,+766.45728573E-03,-568.27892736E-03,+1.33398437500E+00
+73.37500E-06,+1.04591700360E+00,+726.25628114E-03,-568.27892736E-03,+1.29394531250E+00
+73.40000E-06,+998.17831069E-03,+752.63819043E-03,-540.64073674E-03,+1.29269409186E+00
+73.42500E-06,+1.03461047113E+00,+726.25628114E-03,-608.47993195E-03,+1.33398437500E+00
+73.45000E-06,+998.17831069E-03,+719.97487415E-03,-568.27892736E-03,+1.28768920896E+00
+73.47500E-06,+998.17831069E-03,+750.12562759E-03,-592.14827381E-03,+1.34149169917E+00
+73.50000E-06,+945.41449212E-03,+713.69346716E-03,-582.09802266E-03,+1.29519653314E+00
+73.52500E-06,+1.03837931529E+00,+762.68844157E-03,-608.47993195E-03,+1.37026977541E+00
+73.55000E-06,+1.02581650131E+00,+766.45728573E-03,-608.47993195E-03,+1.37402343750E+00
+73.57500E-06,+990.64062238E-03,+766.45728573E-03,-608.47993195E-03,+1.37402343750E+00
+73.60000E-06,+1.01199740600E+00,+740.07537644E-03,-634.86184124E-03,+1.37402343750E+00
+73.62500E-06,+961.74615026E-03,+766.45728573E-03,-600.94224363E-03,+1.36651611333E+00
+73.65000E-06,+1.02581650131E+00,+732.53768813E-03,-568.27892736E-03,+1.30020141604E+00
+73.67500E-06,+1.01450996883E+00,+766.45728573E-03,-568.27892736E-03,+1.33398437500E+00
+73.70000E-06,+998.17831069E-03,+766.45728573E-03,-608.47993195E-03,+1.37402343750E+00
+73.72500E-06,+1.00194715485E+00,+693.59296486E-03,-568.27892736E-03,+1.26141357417E+00
+73.75000E-06,+998.17831069E-03,+686.05527654E-03,-568.27892736E-03,+1.25390625000E+00
+73.77500E-06,+1.03837931529E+00,+702.38693468E-03,-584.61058550E-03,+1.28643798833E+00
+73.80000E-06,+998.17831069E-03,+752.63819043E-03,-528.07792276E-03,+1.28018188479E+00
+73.82500E-06,+1.03461047113E+00,+693.59296486E-03,-604.71108779E-03,+1.29769897459E+00
+73.85000E-06,+991.89690370E-03,+760.17587874E-03,-534.35932975E-03,+1.29394531250E+00
+73.87500E-06,+1.06224866174E+00,+766.45728573E-03,-608.47993195E-03,+1.37402343750E+00
+73.90000E-06,+998.17831069E-03,+752.63819043E-03,-568.27892736E-03,+1.32022094729E+00
+73.92500E-06,+1.03837931529E+00,+766.45728573E-03,-608.47993195E-03,+1.37402343750E+00
+73.95000E-06,+1.00445971768E+00,+726.25628114E-03,-568.27892736E-03,+1.29394531250E+00
+73.97500E-06,+990.64062238E-03,+718.71859282E-03,-568.27892736E-03,+1.28643798833E+00
+74.00000E-06,+984.35921539E-03,+712.43718583E-03,-622.29902726E-03,+1.33398437500E+00
+74.02500E-06,+961.74615026E-03,+730.02512530E-03,-568.27892736E-03,+1.29769897459E+00
+74.05000E-06,+1.02581650130E+00,+760.17587874E-03,-642.39952955E-03,+1.40237426753E+00
+74.07500E-06,+1.01450996883E+00,+766.45728573E-03,-551.94726922E-03,+1.31771850584E+00
+74.10000E-06,+998.17831069E-03,+766.45728573E-03,-608.47993195E-03,+1.37402343750E+00
+74.12500E-06,+1.03461047113E+00,+802.88944617E-03,-644.91209239E-03,+1.44747924809E+00
+74.15000E-06,+998.17831069E-03,+766.45728573E-03,-608.47993195E-03,+1.37402343750E+00
+74.17500E-06,+1.02204765715E+00,+782.78894387E-03,-632.34927841E-03,+1.41503906250E+00
+74.20000E-06,+1.02456021998E+00,+766.45728573E-03,-594.66083664E-03,+1.36026000979E+00
+74.22500E-06,+1.07104263157E+00,+730.02512529E-03,-608.47993195E-03,+1.33773803709E+00
+74.25000E-06,+1.03837931529E+00,+766.45728573E-03,-580.84174134E-03,+1.34664916997E+00
+74.27500E-06,+998.17831069E-03,+726.25628114E-03,-608.47993195E-03,+1.33398437500E+00
+74.30000E-06,+971.79640140E-03,+740.07537644E-03,-582.09802266E-03,+1.32147216792E+00
+74.32500E-06,+1.03461047113E+00,+762.68844157E-03,-644.91209239E-03,+1.40744018559E+00
+74.35000E-06,+1.03209790830E+00,+766.45728573E-03,-602.19852496E-03,+1.36776733396E+00
+74.37500E-06,+1.02204765715E+00,+766.45728573E-03,-584.61058550E-03,+1.35025024416E+00
+74.40000E-06,+998.17831069E-03,+740.07537644E-03,-622.29902726E-03,+1.36184692378E+00
+74.42500E-06,+1.03837931529E+00,+766.45728573E-03,-600.94224364E-03,+1.36651611333E+00
+74.45000E-06,+1.05973609891E+00,+732.53768813E-03,-608.47993195E-03,+1.34024047854E+00
+74.47500E-06,+1.03837931529E+00,+750.12562759E-03,-584.61058550E-03,+1.33398437500E+00
+74.50000E-06,+1.01199740600E+00,+712.43718583E-03,-568.27892736E-03,+1.28018188479E+00
+74.52500E-06,+1.03837931529E+00,+726.25628114E-03,-572.04777151E-03,+1.29769897459E+00
+74.55000E-06,+964.25871309E-03,+726.25628114E-03,-568.27892736E-03,+1.29394531250E+00
+74.57500E-06,+1.00571599901E+00,+726.25628114E-03,-568.27892736E-03,+1.29394531250E+00
+74.60000E-06,+1.05219841059E+00,+752.63819043E-03,-528.07792276E-03,+1.28018188479E+00
+74.62500E-06,+1.03837931529E+00,+693.59296486E-03,-604.71108779E-03,+1.29769897459E+00
+74.65000E-06,+998.17831069E-03,+766.45728573E-03,-568.27892736E-03,+1.33398437500E+00
+74.67500E-06,+998.17831069E-03,+782.78894387E-03,-608.47993195E-03,+1.39068603518E+00
+74.70000E-06,+1.02456021998E+00,+726.25628114E-03,-594.66083665E-03,+1.32022094729E+00
+74.72500E-06,+1.03837931529E+00,+730.02512529E-03,-568.27892736E-03,+1.29769897459E+00
+74.75000E-06,+1.00445971768E+00,+726.25628114E-03,-568.27892736E-03,+1.29394531250E+00
+74.77500E-06,+998.17831069E-03,+702.38693468E-03,-568.27892736E-03,+1.27017211916E+00
+74.80000E-06,+998.17831069E-03,+712.43718583E-03,-582.09802266E-03,+1.29394531250E+00
+74.82500E-06,+998.17831069E-03,+726.25628114E-03,-568.27892736E-03,+1.29394531250E+00
+74.85000E-06,+998.17831069E-03,+794.09547634E-03,-568.27892736E-03,+1.36151123042E+00
+74.87500E-06,+998.17831069E-03,+766.45728573E-03,-568.27892736E-03,+1.33398437500E+00
+74.90000E-06,+1.03837931529E+00,+766.45728573E-03,-594.66083665E-03,+1.36026000979E+00
+74.92500E-06,+1.00571599901E+00,+730.02512529E-03,-568.27892736E-03,+1.29769897459E+00
+74.95000E-06,+1.00445971768E+00,+732.53768813E-03,-608.47993195E-03,+1.34024047854E+00
+74.97500E-06,+1.01450996883E+00,+702.38693468E-03,-592.14827381E-03,+1.29394531250E+00
+75.00000E-06,+998.17831069E-03,+740.07537644E-03,-541.89701807E-03,+1.28143310542E+00
+75.02500E-06,+1.03461047113E+00,+722.48743698E-03,-568.27892736E-03,+1.29019165041E+00
+75.05000E-06,+1.00445971768E+00,+732.53768813E-03,-534.35932975E-03,+1.26641845708E+00
+75.07500E-06,+990.64062238E-03,+766.45728573E-03,-592.14827381E-03,+1.35775756834E+00
+75.10000E-06,+971.79640140E-03,+726.25628114E-03,-568.27892736E-03,+1.29394531250E+00
+75.12500E-06,+998.17831069E-03,+726.25628114E-03,-572.04777151E-03,+1.29769897458E+00
+75.15000E-06,+1.03837931529E+00,+766.45728573E-03,-602.19852496E-03,+1.36776733396E+00
+75.17500E-06,+1.03837931529E+00,+750.12562759E-03,-551.94726921E-03,+1.30145263667E+00
+75.20000E-06,+1.01199740600E+00,+752.63819043E-03,-608.47993195E-03,+1.36026000979E+00
+75.22500E-06,+1.03461047113E+00,+730.02512529E-03,-564.51008320E-03,+1.29394531250E+00
+75.25000E-06,+1.03837931529E+00,+766.45728573E-03,-568.27892736E-03,+1.33398437500E+00
+75.27500E-06,+1.05471097343E+00,+726.25628114E-03,-568.27892736E-03,+1.29394531250E+00
+75.30000E-06,+1.03837931529E+00,+752.63819043E-03,-594.66083665E-03,+1.34649658208E+00
+75.32500E-06,+1.03461047113E+00,+689.82412070E-03,-572.04777151E-03,+1.26141357417E+00
+75.35000E-06,+998.17831069E-03,+719.97487414E-03,-608.47993195E-03,+1.32772827146E+00
+75.37500E-06,+1.03837931529E+00,+750.12562759E-03,-584.61058550E-03,+1.33398437500E+00
+75.40000E-06,+1.01199740600E+00,+740.07537644E-03,-528.07792276E-03,+1.26766967771E+00
+75.42500E-06,+1.03461047113E+00,+726.25628114E-03,-568.27892736E-03,+1.29394531250E+00
+75.45000E-06,+1.00445971769E+00,+766.45728573E-03,-608.47993195E-03,+1.37402343750E+00
+75.47500E-06,+1.03837931529E+00,+750.12562759E-03,-568.27892736E-03,+1.31771850583E+00
+75.50000E-06,+998.17831069E-03,+752.63819043E-03,-568.27892736E-03,+1.32022094729E+00
+75.52500E-06,+1.03084162698E+00,+762.68844158E-03,-644.91209239E-03,+1.40744018560E+00
+75.55000E-06,+1.03209790829E+00,+692.33668354E-03,-568.27892736E-03,+1.26016235354E+00
+75.57500E-06,+1.03084162698E+00,+766.45728573E-03,-584.61058550E-03,+1.35025024417E+00
+75.60000E-06,+1.02581650130E+00,+726.25628114E-03,-648.68093655E-03,+1.37402343750E+00
+75.62500E-06,+965.51499441E-03,+730.02512529E-03,-608.47993195E-03,+1.33773803708E+00
+75.65000E-06,+998.17831069E-03,+726.25628114E-03,-534.35932975E-03,+1.26016235354E+00
+75.67500E-06,+998.17831069E-03,+709.92462300E-03,-544.40958090E-03,+1.25390625000E+00
+75.70000E-06,+984.35921539E-03,+726.25628114E-03,-594.66083665E-03,+1.32022094729E+00
+75.72500E-06,+1.00194715485E+00,+726.25628114E-03,-568.27892736E-03,+1.29394531250E+00
+75.75000E-06,+1.03837931529E+00,+726.25628114E-03,-568.27892736E-03,+1.29394531250E+00
+75.77500E-06,+1.03837931529E+00,+726.25628114E-03,-568.27892736E-03,+1.29394531250E+00
+75.80000E-06,+998.17831069E-03,+738.81909512E-03,-528.07792276E-03,+1.26641845708E+00
+75.82500E-06,+998.17831069E-03,+726.25628114E-03,-568.27892736E-03,+1.29394531250E+00
+75.85000E-06,+998.17831069E-03,+698.61809053E-03,-574.56033435E-03,+1.27267456062E+00
+75.87500E-06,+998.17831069E-03,+750.12562759E-03,-608.47993195E-03,+1.35775756833E+00
+75.90000E-06,+998.17831069E-03,+740.07537644E-03,-568.27892736E-03,+1.30770874021E+00
+75.92500E-06,+1.00194715485E+00,+766.45728573E-03,-608.47993195E-03,+1.37402343750E+00
+75.95000E-06,+1.03209790829E+00,+766.45728573E-03,-602.19852496E-03,+1.36776733396E+00
+75.97500E-06,+1.01450996883E+00,+766.45728573E-03,-608.47993195E-03,+1.37402343750E+00
+76.00000E-06,+1.01199740600E+00,+766.45728573E-03,-648.68093655E-03,+1.41503906250E+00
+76.02500E-06,+1.03461047113E+00,+730.02512529E-03,-564.51008320E-03,+1.29394531250E+00
+76.05000E-06,+1.07229891289E+00,+732.53768813E-03,-574.56033435E-03,+1.30645751958E+00
+76.07500E-06,+998.17831069E-03,+726.25628114E-03,-568.27892736E-03,+1.29394531250E+00
+76.10000E-06,+1.02456021998E+00,+726.25628114E-03,-568.27892736E-03,+1.29394531250E+00
+76.12500E-06,+998.17831069E-03,+730.02512529E-03,-572.04777151E-03,+1.30145263667E+00
+76.15000E-06,+970.54012009E-03,+719.97487414E-03,-568.27892736E-03,+1.28768920896E+00
+76.17500E-06,+1.03837931529E+00,+773.99497404E-03,-608.47993195E-03,+1.38211059565E+00
+76.20000E-06,+998.17831069E-03,+766.45728573E-03,-541.89701807E-03,+1.30770874021E+00
+76.22500E-06,+1.03461047113E+00,+693.59296485E-03,-612.24877611E-03,+1.30529785148E+00
+76.25000E-06,+1.03837931529E+00,+732.53768813E-03,-561.99752036E-03,+1.29394531250E+00
+76.27500E-06,+1.01450996883E+00,+766.45728573E-03,-592.14827381E-03,+1.35775756833E+00
+76.30000E-06,+1.03837931529E+00,+726.25628114E-03,-580.84174134E-03,+1.30645751958E+00
+76.32500E-06,+1.03837931529E+00,+766.45728573E-03,-568.27892736E-03,+1.33398437500E+00
+76.35000E-06,+998.17831069E-03,+726.25628114E-03,-534.35932976E-03,+1.26016235354E+00
+76.37500E-06,+1.03837931529E+00,+726.25628114E-03,-584.61058550E-03,+1.31021118167E+00
+76.40000E-06,+998.17831069E-03,+686.05527654E-03,-582.09802266E-03,+1.26766967771E+00
+76.42500E-06,+998.17831069E-03,+730.02512529E-03,-564.51008320E-03,+1.29394531250E+00
+76.45000E-06,+991.89690370E-03,+760.17587874E-03,-602.19852496E-03,+1.36151123042E+00
+76.47500E-06,+1.02204765714E+00,+726.25628114E-03,-568.27892736E-03,+1.29394531250E+00
+76.50000E-06,+1.02456021998E+00,+699.87437185E-03,-568.27892736E-03,+1.26766967771E+00
+76.52500E-06,+998.17831069E-03,+726.25628114E-03,-568.27892736E-03,+1.29394531250E+00
+76.55000E-06,+998.17831069E-03,+760.17587874E-03,-574.56033435E-03,+1.33398437500E+00
+76.57500E-06,+998.17831069E-03,+726.25628114E-03,-544.40958090E-03,+1.27017211917E+00
+76.60000E-06,+1.03837931529E+00,+766.45728573E-03,-568.27892736E-03,+1.33398437500E+00
+76.62500E-06,+1.00194715485E+00,+682.28643239E-03,-568.27892736E-03,+1.25015258792E+00
+76.65000E-06,+1.01074112468E+00,+732.53768813E-03,-568.27892736E-03,+1.30020141604E+00
+76.67500E-06,+1.02204765714E+00,+693.59296485E-03,-568.27892736E-03,+1.26141357417E+00
+76.70000E-06,+1.02456021998E+00,+686.05527654E-03,-568.27892736E-03,+1.25390625000E+00
+76.72500E-06,+1.00571599900E+00,+758.91959742E-03,-568.27892736E-03,+1.32647705083E+00
+76.75000E-06,+998.17831069E-03,+692.33668354E-03,-528.07792276E-03,+1.22012329104E+00
+76.77500E-06,+1.03837931529E+00,+686.05527654E-03,-568.27892736E-03,+1.25390625000E+00
+76.80000E-06,+1.01199740600E+00,+726.25628114E-03,-582.09802266E-03,+1.30770874021E+00
+76.82500E-06,+998.17831069E-03,+726.25628114E-03,-568.27892736E-03,+1.29394531250E+00
+76.85000E-06,+1.03209790829E+00,+726.25628114E-03,-608.47993195E-03,+1.33398437500E+00
+76.87500E-06,+1.01450996884E+00,+766.45728573E-03,-568.27892736E-03,+1.33398437500E+00
+76.90000E-06,+1.03837931529E+00,+740.07537644E-03,-582.09802266E-03,+1.32147216792E+00
+76.92500E-06,+1.03084162698E+00,+722.48743698E-03,-608.47993195E-03,+1.33023071292E+00
+76.95000E-06,+964.25871309E-03,+719.97487414E-03,-602.19852496E-03,+1.32147216792E+00
+76.97500E-06,+998.17831069E-03,+742.58793928E-03,-584.61058550E-03,+1.32647705083E+00
+77.00000E-06,+1.01199740599E+00,+806.65829033E-03,-555.71611337E-03,+1.36184692377E+00
+77.02500E-06,+1.00194715485E+00,+730.02512529E-03,-608.47993195E-03,+1.33773803708E+00
+77.05000E-06,+970.54012009E-03,+766.45728573E-03,-602.19852496E-03,+1.36776733396E+00
+77.07500E-06,+998.17831069E-03,+806.65829033E-03,-592.14827381E-03,+1.39837646482E+00
+77.10000E-06,+1.01199740599E+00,+726.25628114E-03,-594.66083665E-03,+1.32022094729E+00
+77.12500E-06,+1.04214815944E+00,+766.45728573E-03,-568.27892736E-03,+1.33398437500E+00
+77.15000E-06,+1.00445971769E+00,+732.53768813E-03,-602.19852496E-03,+1.33398437500E+00
+77.17500E-06,+998.17831069E-03,+742.58793928E-03,-544.40958091E-03,+1.28643798834E+00
+77.20000E-06,+1.02456021998E+00,+699.87437185E-03,-608.47993195E-03,+1.30770874021E+00
+77.22500E-06,+994.40946654E-03,+770.22612989E-03,-572.04777151E-03,+1.34158325190E+00
+77.25000E-06,+1.03209790829E+00,+726.25628114E-03,-608.47993195E-03,+1.33398437500E+00
+77.27500E-06,+998.17831069E-03,+702.38693469E-03,-568.27892736E-03,+1.27017211917E+00
+77.30000E-06,+1.05219841059E+00,+766.45728573E-03,-568.27892736E-03,+1.33398437500E+00
+77.32500E-06,+1.00194715485E+00,+762.68844158E-03,-604.71108780E-03,+1.36651611334E+00
+77.35000E-06,+970.54012009E-03,+760.17587874E-03,-636.11812255E-03,+1.39611816398E+00
+77.37500E-06,+1.01450996884E+00,+726.25628114E-03,-616.01762026E-03,+1.34149169916E+00
+77.40000E-06,+984.35921539E-03,+752.63819043E-03,-541.89701806E-03,+1.29394531250E+00
+77.42500E-06,+998.17831069E-03,+686.05527654E-03,-644.91209239E-03,+1.33023071292E+00
+77.45000E-06,+998.17831069E-03,+658.41708594E-03,-568.27892736E-03,+1.22637939459E+00
+77.47500E-06,+1.01450996884E+00,+726.25628114E-03,-568.27892736E-03,+1.29394531250E+00
+77.50000E-06,+998.17831069E-03,+753.89447174E-03,-594.66083665E-03,+1.34774780271E+00
+77.52500E-06,+1.00194715485E+00,+766.45728573E-03,-604.71108780E-03,+1.37026977542E+00
+77.55000E-06,+998.17831069E-03,+732.53768813E-03,-540.64073675E-03,+1.27267456063E+00
+77.57500E-06,+1.01450996884E+00,+750.12562759E-03,-568.27892736E-03,+1.31771850583E+00
+77.60000E-06,+1.01199740599E+00,+740.07537644E-03,-634.86184124E-03,+1.37402343750E+00
+77.62500E-06,+1.03837931529E+00,+766.45728573E-03,-568.27892736E-03,+1.33398437500E+00
+77.65000E-06,+1.03837931529E+00,+726.25628114E-03,-574.56033435E-03,+1.30020141604E+00
+77.67500E-06,+1.02204765714E+00,+726.25628114E-03,-568.27892736E-03,+1.29394531250E+00
+77.70000E-06,+1.03837931529E+00,+724.99999983E-03,-568.27892736E-03,+1.29269409188E+00
+77.72500E-06,+1.00194715485E+00,+653.39196025E-03,-531.84676691E-03,+1.18508911125E+00
+77.75000E-06,+1.00445971769E+00,+726.25628114E-03,-602.19852495E-03,+1.32772827146E+00
+77.77500E-06,+998.17831069E-03,+750.12562759E-03,-575.81661566E-03,+1.32522583000E+00
+77.80000E-06,+1.03837931529E+00,+766.45728573E-03,-568.27892736E-03,+1.33398437500E+00
+77.82500E-06,+998.17831069E-03,+689.82412070E-03,-568.27892736E-03,+1.25765991208E+00
+77.85000E-06,+1.00445971769E+00,+766.45728573E-03,-574.56033435E-03,+1.34024047854E+00
+77.87500E-06,+1.02204765714E+00,+766.45728573E-03,-608.47993195E-03,+1.37402343750E+00
+77.90000E-06,+971.79640140E-03,+766.45728573E-03,-621.04274594E-03,+1.38717651373E+00
+77.92500E-06,+1.03837931529E+00,+730.02512529E-03,-564.51008320E-03,+1.29394531250E+00
+77.95000E-06,+1.03837931529E+00,+766.45728573E-03,-568.27892736E-03,+1.33398437500E+00
+77.97500E-06,+1.03837931529E+00,+742.58793928E-03,-592.14827381E-03,+1.33398437500E+00
+78.00000E-06,+998.17831069E-03,+686.05527654E-03,-582.09802266E-03,+1.26766967771E+00
+78.02500E-06,+965.51499440E-03,+730.02512529E-03,-568.27892736E-03,+1.29769897458E+00
+78.05000E-06,+1.03837931529E+00,+766.45728573E-03,-608.47993195E-03,+1.37402343750E+00
+78.07500E-06,+1.01450996884E+00,+702.38693469E-03,-568.27892736E-03,+1.27017211917E+00
+78.10000E-06,+1.02456021999E+00,+726.25628114E-03,-594.66083665E-03,+1.32022094729E+00
+78.12500E-06,+1.00194715484E+00,+726.25628114E-03,-568.27892736E-03,+1.29394531250E+00
+78.15000E-06,+998.17831069E-03,+726.25628114E-03,-574.56033435E-03,+1.30020141604E+00
+78.17500E-06,+1.03837931529E+00,+742.58793928E-03,-592.14827381E-03,+1.33398437500E+00
+78.20000E-06,+1.03837931529E+00,+740.07537644E-03,-528.07792276E-03,+1.26766967771E+00
+78.22500E-06,+1.03461047113E+00,+693.59296485E-03,-568.27892736E-03,+1.26141357416E+00
+78.25000E-06,+998.17831069E-03,+766.45728573E-03,-561.99752036E-03,+1.32772827146E+00
+78.27500E-06,+1.03837931529E+00,+726.25628114E-03,-568.27892736E-03,+1.29394531250E+00
+78.30000E-06,+998.17831069E-03,+726.25628114E-03,-554.45983205E-03,+1.28018188479E+00
+78.32500E-06,+1.03837931529E+00,+762.68844158E-03,-568.27892736E-03,+1.33023071292E+00
+78.35000E-06,+998.17831069E-03,+692.33668354E-03,-568.27892736E-03,+1.26016235354E+00
+78.37500E-06,+998.17831069E-03,+750.12562759E-03,-568.27892736E-03,+1.31771850583E+00
+78.40000E-06,+998.17831069E-03,+752.63819043E-03,-622.29902725E-03,+1.37402343750E+00
+78.42500E-06,+1.03461047113E+00,+766.45728573E-03,-568.27892736E-03,+1.33398437500E+00
+78.45000E-06,+1.00445971769E+00,+732.53768813E-03,-608.47993195E-03,+1.34024047854E+00
+78.47500E-06,+1.05471097343E+00,+726.25628114E-03,-568.27892736E-03,+1.29394531250E+00
+78.50000E-06,+998.17831069E-03,+740.07537644E-03,-541.89701806E-03,+1.28143310541E+00
+78.52500E-06,+1.00194715484E+00,+730.02512529E-03,-572.04777151E-03,+1.30145263666E+00
+78.55000E-06,+964.25871309E-03,+719.97487414E-03,-568.27892736E-03,+1.28768920896E+00
+78.57500E-06,+1.00571599900E+00,+726.25628114E-03,-544.40958091E-03,+1.27017211917E+00
+78.60000E-06,+998.17831069E-03,+752.63819043E-03,-528.07792276E-03,+1.28018188479E+00
+78.62500E-06,+1.00194715484E+00,+730.02512529E-03,-604.71108780E-03,+1.33398437500E+00
+78.65000E-06,+1.00445971769E+00,+766.45728573E-03,-568.27892736E-03,+1.33398437500E+00
+78.67500E-06,+1.01450996884E+00,+758.91959743E-03,-568.27892736E-03,+1.32647705084E+00
+78.70000E-06,+1.02456021999E+00,+726.25628114E-03,-608.47993195E-03,+1.33398437500E+00
+78.72500E-06,+1.03837931529E+00,+726.25628114E-03,-568.27892736E-03,+1.29394531250E+00
+78.75000E-06,+1.04466072228E+00,+726.25628114E-03,-568.27892736E-03,+1.29394531250E+00
+78.77500E-06,+1.03837931529E+00,+726.25628114E-03,-568.27892736E-03,+1.29394531250E+00
+78.80000E-06,+1.01199740599E+00,+699.87437184E-03,-608.47993195E-03,+1.30770874021E+00
+78.82500E-06,+1.03837931529E+00,+730.02512529E-03,-568.27892736E-03,+1.29769897458E+00
+78.85000E-06,+991.89690370E-03,+719.97487414E-03,-528.07792276E-03,+1.24765014646E+00
+78.87500E-06,+1.01450996884E+00,+702.38693469E-03,-544.40958091E-03,+1.24639892584E+00
+78.90000E-06,+1.02456021999E+00,+740.07537644E-03,-582.09802266E-03,+1.32147216791E+00
+78.92500E-06,+1.00194715484E+00,+762.68844158E-03,-572.04777151E-03,+1.33398437500E+00
+78.95000E-06,+1.00445971769E+00,+766.45728573E-03,-568.27892736E-03,+1.33398437500E+00
+78.97500E-06,+1.00571599900E+00,+726.25628114E-03,-560.74123905E-03,+1.28643798834E+00
+79.00000E-06,+998.17831069E-03,+726.25628114E-03,-528.07792276E-03,+1.25390625000E+00
+79.02500E-06,+1.03461047114E+00,+726.25628114E-03,-604.71108780E-03,+1.33023071292E+00
+79.05000E-06,+1.00445971769E+00,+692.33668354E-03,-561.99752036E-03,+1.25390625000E+00
+79.07500E-06,+998.17831069E-03,+709.92462299E-03,-568.27892736E-03,+1.27767944333E+00
+79.10000E-06,+971.79640140E-03,+699.87437184E-03,-528.07792276E-03,+1.22763061521E+00
+79.12500E-06,+1.03837931529E+00,+762.68844158E-03,-604.71108780E-03,+1.36651611334E+00
+79.15000E-06,+1.00445971769E+00,+732.53768813E-03,-568.27892736E-03,+1.30020141604E+00
+79.17500E-06,+1.01450996884E+00,+766.45728573E-03,-584.61058550E-03,+1.35025024417E+00
+79.20000E-06,+998.17831069E-03,+726.25628114E-03,-622.29902725E-03,+1.34774780270E+00
+79.22500E-06,+998.17831069E-03,+762.68844158E-03,-572.04777151E-03,+1.33398437500E+00
+79.25000E-06,+1.07229891288E+00,+726.25628114E-03,-602.19852495E-03,+1.32772827145E+00
+79.27500E-06,+998.17831069E-03,+709.92462299E-03,-584.61058550E-03,+1.29394531250E+00
+79.30000E-06,+1.01199740599E+00,+752.63819043E-03,-582.09802266E-03,+1.33398437500E+00
+79.32500E-06,+994.40946654E-03,+726.25628114E-03,-572.04777151E-03,+1.29769897458E+00
+79.35000E-06,+998.17831069E-03,+732.53768814E-03,-602.19852495E-03,+1.33398437500E+00
+79.37500E-06,+1.01450996884E+00,+766.45728573E-03,-568.27892736E-03,+1.33398437500E+00
+79.40000E-06,+1.01199740599E+00,+766.45728573E-03,-541.89701806E-03,+1.30770874020E+00
+79.42500E-06,+1.03461047114E+00,+770.22612988E-03,-568.27892736E-03,+1.33773803708E+00
+79.45000E-06,+1.06601750589E+00,+800.37688333E-03,-595.91711796E-03,+1.39611816397E+00
+79.47500E-06,+1.02204765714E+00,+782.78894388E-03,-608.47993195E-03,+1.39068603519E+00
+79.50000E-06,+1.02456021999E+00,+740.07537644E-03,-594.66083665E-03,+1.33398437500E+00
+79.52500E-06,+1.00194715484E+00,+730.02512529E-03,-568.27892736E-03,+1.29769897458E+00
+79.55000E-06,+1.03209790829E+00,+772.73869273E-03,-608.47993195E-03,+1.38043212894E+00
+79.57500E-06,+998.17831069E-03,+694.84924639E-03,-584.61058550E-03,+1.27893066418E+00
+79.60000E-06,+984.35921539E-03,+712.43718584E-03,-608.47993195E-03,+1.32022094730E+00
+79.62500E-06,+998.17831069E-03,+766.45728573E-03,-604.71108780E-03,+1.37026977542E+00
+79.65000E-06,+1.03209790829E+00,+726.25628114E-03,-568.27892736E-03,+1.29394531250E+00
+79.67500E-06,+998.17831069E-03,+702.38693469E-03,-544.40958091E-03,+1.24639892584E+00
+79.70000E-06,+998.17831069E-03,+766.45728573E-03,-582.09802266E-03,+1.34774780270E+00
+79.72500E-06,+998.17831069E-03,+762.68844158E-03,-568.27892736E-03,+1.33023071292E+00
+79.75000E-06,+1.03209790829E+00,+732.53768814E-03,-574.56033435E-03,+1.30645751959E+00
+79.77500E-06,+1.02204765714E+00,+750.12562759E-03,-568.27892736E-03,+1.31771850583E+00
+79.80000E-06,+1.02456021999E+00,+752.63819043E-03,-554.45983206E-03,+1.30645751959E+00
+79.82500E-06,+1.03837931529E+00,+689.82412069E-03,-572.04777151E-03,+1.26141357416E+00
+79.85000E-06,+1.01074112469E+00,+698.61809054E-03,-568.27892736E-03,+1.26641845709E+00
+79.87500E-06,+1.02204765714E+00,+726.25628114E-03,-568.27892736E-03,+1.29394531250E+00
+79.90000E-06,+971.79640140E-03,+726.25628114E-03,-582.09802265E-03,+1.30770874020E+00
+79.92500E-06,+998.17831069E-03,+766.45728573E-03,-608.47993195E-03,+1.37402343750E+00
+79.95000E-06,+1.03209790829E+00,+732.53768814E-03,-561.99752036E-03,+1.29394531250E+00
+79.97500E-06,+1.03837931529E+00,+766.45728573E-03,-584.61058550E-03,+1.35025024417E+00
+80.00000E-06,+1.01199740599E+00,+726.25628114E-03,-582.09802265E-03,+1.30770874020E+00
+80.02500E-06,+961.74615025E-03,+766.45728573E-03,-600.94224365E-03,+1.36651611334E+00
+80.05000E-06,+1.03209790829E+00,+766.45728573E-03,-574.56033435E-03,+1.34024047855E+00
+80.07500E-06,+998.17831069E-03,+718.71859284E-03,-568.27892736E-03,+1.28643798834E+00
+80.10000E-06,+1.02456021999E+00,+752.63819043E-03,-554.45983206E-03,+1.30645751959E+00
+80.12500E-06,+998.17831069E-03,+722.48743699E-03,-572.04777151E-03,+1.29394531250E+00
+80.15000E-06,+998.17831069E-03,+692.33668354E-03,-568.27892736E-03,+1.26016235355E+00
+80.17500E-06,+998.17831069E-03,+726.25628114E-03,-544.40958091E-03,+1.27017211917E+00
+80.20000E-06,+998.17831069E-03,+752.63819043E-03,-528.07792276E-03,+1.28018188480E+00
+80.22500E-06,+1.03084162699E+00,+762.68844158E-03,-604.71108780E-03,+1.36651611334E+00
+80.25000E-06,+1.03837931529E+00,+732.53768814E-03,-602.19852495E-03,+1.33398437500E+00
+80.27500E-06,+1.03837931529E+00,+742.58793928E-03,-584.61058550E-03,+1.32647705084E+00
+80.30000E-06,+998.17831069E-03,+726.25628114E-03,-568.27892736E-03,+1.29394531250E+00
+80.32500E-06,+1.03461047114E+00,+762.68844158E-03,-568.27892736E-03,+1.33023071292E+00
+80.35000E-06,+1.00445971769E+00,+732.53768814E-03,-540.64073676E-03,+1.27267456064E+00
+80.37500E-06,+981.84665254E-03,+726.25628114E-03,-528.07792276E-03,+1.25390625000E+00
+80.40000E-06,+984.35921539E-03,+699.87437184E-03,-582.09802265E-03,+1.28143310541E+00
+80.42500E-06,+1.00194715484E+00,+726.25628114E-03,-535.61561106E-03,+1.26141357416E+00
+80.45000E-06,+1.03837931529E+00,+760.17587873E-03,-574.56033435E-03,+1.33398437500E+00
+80.47500E-06,+1.03837931529E+00,+766.45728573E-03,-584.61058550E-03,+1.35025024417E+00
+80.50000E-06,+998.17831069E-03,+713.69346714E-03,-568.27892736E-03,+1.28143310541E+00
+80.52500E-06,+1.03461047114E+00,+799.12060203E-03,-644.91209240E-03,+1.44372558603E+00
+80.55000E-06,+1.00445971769E+00,+738.81909514E-03,-608.47993195E-03,+1.34664916998E+00
+80.57500E-06,+1.06224866173E+00,+726.25628114E-03,-584.61058550E-03,+1.31021118167E+00
+80.60000E-06,+1.03837931529E+00,+792.83919503E-03,-568.27892736E-03,+1.36026000980E+00
+80.62500E-06,+1.00194715484E+00,+726.25628114E-03,-568.27892736E-03,+1.29394531250E+00
+80.65000E-06,+1.00445971769E+00,+692.33668354E-03,-534.35932976E-03,+1.22637939459E+00
+80.67500E-06,+990.64062239E-03,+709.92462299E-03,-528.07792276E-03,+1.23764038083E+00
+80.70000E-06,+998.17831069E-03,+713.69346714E-03,-541.89701806E-03,+1.25515747061E+00
+80.72500E-06,+1.03837931529E+00,+726.25628114E-03,-568.27892736E-03,+1.29394531250E+00
+80.75000E-06,+1.03837931529E+00,+732.53768814E-03,-568.27892736E-03,+1.30020141605E+00
+80.77500E-06,+1.03837931529E+00,+709.92462299E-03,-584.61058550E-03,+1.29394531250E+00
+80.80000E-06,+1.03837931529E+00,+752.63819043E-03,-568.27892736E-03,+1.32022094730E+00
+80.82500E-06,+998.17831069E-03,+726.25628114E-03,-528.07792276E-03,+1.25390625000E+00
+80.85000E-06,+1.03837931529E+00,+766.45728573E-03,-568.27892736E-03,+1.33398437500E+00
+80.87500E-06,+1.02204765714E+00,+726.25628114E-03,-528.07792276E-03,+1.25390625000E+00
+80.90000E-06,+984.35921539E-03,+686.05527654E-03,-554.45983206E-03,+1.24014282230E+00
+80.92500E-06,+994.40946654E-03,+726.25628114E-03,-564.51008321E-03,+1.29019165042E+00
+80.95000E-06,+964.25871310E-03,+732.53768814E-03,-568.27892736E-03,+1.30020141605E+00
+80.97500E-06,+1.02204765714E+00,+733.79396944E-03,-568.27892736E-03,+1.30145263666E+00
+81.00000E-06,+1.01199740599E+00,+766.45728573E-03,-528.07792276E-03,+1.29394531250E+00
+81.02500E-06,+1.03461047114E+00,+726.25628114E-03,-531.84676691E-03,+1.25765991208E+00
+81.05000E-06,+1.03209790829E+00,+726.25628114E-03,-568.27892736E-03,+1.29394531250E+00
+81.07500E-06,+1.03837931529E+00,+766.45728573E-03,-608.47993195E-03,+1.37402343750E+00
+81.10000E-06,+1.02456021999E+00,+712.43718584E-03,-568.27892736E-03,+1.28018188480E+00
+81.12500E-06,+1.00194715484E+00,+726.25628114E-03,-564.51008321E-03,+1.29019165042E+00
+81.15000E-06,+1.03209790829E+00,+719.97487414E-03,-568.27892736E-03,+1.28768920895E+00
+81.17500E-06,+998.17831069E-03,+678.51758825E-03,-568.27892736E-03,+1.24639892584E+00
+81.20000E-06,+1.01199740599E+00,+673.49246254E-03,-555.71611336E-03,+1.22888183581E+00
+81.22500E-06,+925.31398980E-03,+689.82412069E-03,-528.07792276E-03,+1.21762084958E+00
+81.25000E-06,+998.17831069E-03,+760.17587873E-03,-574.56033436E-03,+1.33398437500E+00
+81.27500E-06,+1.03837931529E+00,+766.45728573E-03,-608.47993195E-03,+1.37402343750E+00
+81.30000E-06,+1.03837931529E+00,+740.07537643E-03,-594.66083665E-03,+1.33398437500E+00
+81.32500E-06,+1.00194715484E+00,+762.68844158E-03,-608.47993195E-03,+1.37026977542E+00
+81.35000E-06,+998.17831069E-03,+766.45728573E-03,-636.11812254E-03,+1.40237426751E+00
+81.37500E-06,+1.02204765714E+00,+750.12562758E-03,-568.27892736E-03,+1.31771850583E+00
+81.40000E-06,+998.17831069E-03,+766.45728573E-03,-528.07792276E-03,+1.29394531250E+00
+81.42500E-06,+1.03837931529E+00,+718.71859284E-03,-604.71108780E-03,+1.32272338877E+00
+81.45000E-06,+998.17831069E-03,+732.53768814E-03,-595.91711795E-03,+1.32772827145E+00
+81.47500E-06,+998.17831069E-03,+726.25628114E-03,-551.94726921E-03,+1.27767944333E+00
+81.50000E-06,+985.61549669E-03,+740.07537643E-03,-568.27892736E-03,+1.30770874020E+00
+81.52500E-06,+1.03837931529E+00,+722.48743699E-03,-568.27892736E-03,+1.29019165042E+00
+81.55000E-06,+1.03209790829E+00,+732.53768814E-03,-574.56033436E-03,+1.30645751960E+00
+81.57500E-06,+1.03837931529E+00,+750.12562758E-03,-568.27892736E-03,+1.31771850583E+00
+81.60000E-06,+1.01199740599E+00,+752.63819044E-03,-594.66083665E-03,+1.34649658210E+00
+81.62500E-06,+998.17831069E-03,+730.02512529E-03,-600.94224365E-03,+1.33023071292E+00
+81.65000E-06,+1.04466072229E+00,+760.17587873E-03,-568.27892736E-03,+1.32772827145E+00
+81.67500E-06,+1.03837931529E+00,+742.58793929E-03,-568.27892736E-03,+1.31021118167E+00
+81.70000E-06,+1.02456021999E+00,+726.25628114E-03,-568.27892736E-03,+1.29394531250E+00
+81.72500E-06,+1.03084162699E+00,+653.39196024E-03,-568.27892736E-03,+1.22137451165E+00
+81.75000E-06,+998.17831069E-03,+719.97487414E-03,-568.27892736E-03,+1.28768920895E+00
+81.77500E-06,+1.02204765714E+00,+773.99497403E-03,-608.47993195E-03,+1.38211059564E+00
+81.80000E-06,+985.61549669E-03,+740.07537643E-03,-541.89701806E-03,+1.28143310540E+00
+81.82500E-06,+1.04214815943E+00,+730.02512529E-03,-648.68093655E-03,+1.37786865231E+00
+81.85000E-06,+998.17831069E-03,+760.17587873E-03,-561.99752036E-03,+1.32147216790E+00
+81.87500E-06,+1.02204765714E+00,+726.25628114E-03,-568.27892736E-03,+1.29394531250E+00
+81.90000E-06,+1.02456021999E+00,+726.25628114E-03,-568.27892736E-03,+1.29394531250E+00
+81.92500E-06,+1.00194715484E+00,+693.59296484E-03,-572.04777150E-03,+1.26516723623E+00
+81.95000E-06,+998.17831069E-03,+726.25628114E-03,-568.27892736E-03,+1.29394531250E+00
+81.97500E-06,+998.17831069E-03,+702.38693469E-03,-544.40958091E-03,+1.24639892585E+00
+82.00000E-06,+1.01074112469E+00,+699.87437184E-03,-568.27892736E-03,+1.26766967770E+00
+82.02500E-06,+1.03837931529E+00,+766.45728573E-03,-604.71108780E-03,+1.37026977542E+00
+82.05000E-06,+1.03209790829E+00,+760.17587873E-03,-574.56033436E-03,+1.33398437500E+00
+82.07500E-06,+998.17831069E-03,+686.05527654E-03,-528.07792276E-03,+1.21386718750E+00
+82.10000E-06,+1.02456021999E+00,+713.69346714E-03,-594.66083665E-03,+1.30770874020E+00
+82.12500E-06,+998.17831069E-03,+726.25628114E-03,-568.27892736E-03,+1.29394531250E+00
+82.15000E-06,+1.03209790829E+00,+726.25628114E-03,-568.27892736E-03,+1.29394531250E+00
+82.17500E-06,+998.17831069E-03,+726.25628114E-03,-568.27892736E-03,+1.29394531250E+00
+82.20000E-06,+1.02456021999E+00,+712.43718584E-03,-554.45983206E-03,+1.26641845710E+00
+82.22500E-06,+1.00194715484E+00,+730.02512528E-03,-568.27892736E-03,+1.29769897458E+00
+82.25000E-06,+1.00445971769E+00,+658.41708595E-03,-528.07792276E-03,+1.18634033210E+00
+82.27500E-06,+1.01450996884E+00,+709.92462299E-03,-551.94726921E-03,+1.26141357415E+00
+82.30000E-06,+971.79640139E-03,+712.43718584E-03,-528.07792276E-03,+1.24014282230E+00
+82.32500E-06,+1.03837931529E+00,+762.68844158E-03,-564.51008321E-03,+1.32647705085E+00
+82.35000E-06,+1.03209790829E+00,+766.45728573E-03,-540.64073676E-03,+1.30645751960E+00
+82.37500E-06,+1.01450996884E+00,+750.12562758E-03,-568.27892736E-03,+1.31771850583E+00
+82.40000E-06,+998.17831069E-03,+726.25628114E-03,-608.47993195E-03,+1.33398437500E+00
+82.42500E-06,+998.17831069E-03,+726.25628114E-03,-568.27892736E-03,+1.29394531250E+00
+82.45000E-06,+998.17831069E-03,+766.45728573E-03,-602.19852495E-03,+1.36776733395E+00
+82.47500E-06,+998.17831069E-03,+742.58793929E-03,-544.40958091E-03,+1.28643798835E+00
+82.50000E-06,+1.03837931529E+00,+698.61809055E-03,-568.27892736E-03,+1.26641845710E+00
+82.52500E-06,+994.40946655E-03,+689.82412069E-03,-568.27892736E-03,+1.25765991208E+00
+82.55000E-06,+998.17831069E-03,+719.97487414E-03,-568.27892736E-03,+1.28768920895E+00
+82.57500E-06,+981.84665254E-03,+686.05527654E-03,-568.27892736E-03,+1.25390625000E+00
+82.60000E-06,+1.02456021999E+00,+752.63819044E-03,-554.45983206E-03,+1.30645751960E+00
+82.62500E-06,+1.03461047114E+00,+693.59296484E-03,-608.47993195E-03,+1.30145263665E+00
+82.65000E-06,+998.17831069E-03,+732.53768814E-03,-568.27892736E-03,+1.30020141605E+00
+82.67500E-06,+1.02204765714E+00,+726.25628114E-03,-584.61058551E-03,+1.31021118167E+00
+82.70000E-06,+998.17831069E-03,+726.25628114E-03,-554.45983206E-03,+1.28018188480E+00
+82.72500E-06,+1.07858031988E+00,+726.25628114E-03,-568.27892736E-03,+1.29394531250E+00
+82.75000E-06,+1.00445971769E+00,+766.45728573E-03,-568.27892736E-03,+1.33398437500E+00
+82.77500E-06,+998.17831069E-03,+726.25628114E-03,-568.27892736E-03,+1.29394531250E+00
+82.80000E-06,+984.35921540E-03,+672.23618125E-03,-594.66083666E-03,+1.26641845710E+00
+82.82500E-06,+961.74615024E-03,+693.59296484E-03,-564.51008321E-03,+1.25765991208E+00
+82.85000E-06,+991.89690369E-03,+726.25628114E-03,-568.27892736E-03,+1.29394531250E+00
+82.87500E-06,+1.03837931529E+00,+750.12562758E-03,-568.27892736E-03,+1.31771850583E+00
+82.90000E-06,+1.01199740599E+00,+740.07537643E-03,-594.66083666E-03,+1.33398437500E+00
+82.92500E-06,+1.03461047114E+00,+726.25628114E-03,-572.04777150E-03,+1.29769897458E+00
+82.95000E-06,+998.17831069E-03,+800.37688332E-03,-568.27892736E-03,+1.36776733395E+00
+82.97500E-06,+1.03837931529E+00,+726.25628114E-03,-568.27892736E-03,+1.29394531250E+00
+83.00000E-06,+1.03837931529E+00,+766.45728573E-03,-541.89701806E-03,+1.30770874020E+00
+83.02500E-06,+1.03461047114E+00,+722.48743699E-03,-568.27892736E-03,+1.29019165042E+00
+83.05000E-06,+964.25871310E-03,+664.69849295E-03,-534.35932976E-03,+1.19885253920E+00
+83.07500E-06,+1.01450996884E+00,+726.25628114E-03,-551.94726921E-03,+1.27767944333E+00
+83.10000E-06,+998.17831069E-03,+726.25628114E-03,-528.07792276E-03,+1.25390625000E+00
+83.12500E-06,+965.51499439E-03,+795.35175789E-03,-608.47993195E-03,+1.40368652354E+00
+83.15000E-06,+1.03209790828E+00,+753.89447173E-03,-561.99752035E-03,+1.31521606435E+00
+83.17500E-06,+1.03837931529E+00,+750.12562758E-03,-551.94726920E-03,+1.30145263665E+00
+83.20000E-06,+998.17831069E-03,+726.25628114E-03,-582.09802265E-03,+1.30770874020E+00
+83.22500E-06,+1.03461047114E+00,+758.91959744E-03,-564.51008321E-03,+1.32272338878E+00
+83.25000E-06,+1.03837931529E+00,+726.25628114E-03,-568.27892736E-03,+1.29394531250E+00
+83.27500E-06,+1.01450996884E+00,+702.38693469E-03,-528.07792276E-03,+1.23013305668E+00
+83.30000E-06,+998.17831069E-03,+726.25628114E-03,-528.07792276E-03,+1.25390625000E+00
+83.32500E-06,+1.03837931529E+00,+653.39196024E-03,-535.61561105E-03,+1.18884277330E+00
+83.35000E-06,+1.01074112470E+00,+692.33668355E-03,-568.27892736E-03,+1.26016235355E+00
+83.37500E-06,+981.84665254E-03,+733.79396943E-03,-551.94726920E-03,+1.28518676748E+00
+83.40000E-06,+1.01199740599E+00,+766.45728573E-03,-541.89701806E-03,+1.30770874020E+00
+83.42500E-06,+998.17831069E-03,+689.82412069E-03,-568.27892736E-03,+1.25765991207E+00
+83.45000E-06,+1.00445971770E+00,+760.17587873E-03,-561.99752035E-03,+1.32147216790E+00
+83.47500E-06,+981.84665254E-03,+726.25628114E-03,-568.27892736E-03,+1.29394531250E+00
+83.50000E-06,+971.79640139E-03,+699.87437184E-03,-554.45983206E-03,+1.25390625000E+00
+83.52500E-06,+1.03084162700E+00,+686.05527654E-03,-568.27892736E-03,+1.25390625000E+00
+83.55000E-06,+1.03209790828E+00,+760.17587873E-03,-568.27892736E-03,+1.32772827145E+00
+83.57500E-06,+1.02204765714E+00,+686.05527654E-03,-544.40958091E-03,+1.23013305668E+00
+83.60000E-06,+1.02456021999E+00,+686.05527654E-03,-608.47993195E-03,+1.29394531250E+00
+83.62500E-06,+998.17831069E-03,+693.59296483E-03,-531.84676691E-03,+1.22512817372E+00
+83.65000E-06,+1.03209790828E+00,+760.17587873E-03,-568.27892736E-03,+1.32772827145E+00
+83.67500E-06,+998.17831069E-03,+718.71859285E-03,-544.40958091E-03,+1.26266479503E+00
+83.70000E-06,+1.03837931529E+00,+740.07537643E-03,-554.45983206E-03,+1.29394531250E+00
+83.72500E-06,+1.03461047114E+00,+726.25628114E-03,-568.27892736E-03,+1.29394531250E+00
+83.75000E-06,+998.17831069E-03,+766.45728573E-03,-568.27892736E-03,+1.33398437500E+00
+83.77500E-06,+1.03837931529E+00,+726.25628114E-03,-528.07792276E-03,+1.25390625000E+00
+83.80000E-06,+1.02456021999E+00,+726.25628114E-03,-528.07792276E-03,+1.25390625000E+00
+83.82500E-06,+998.17831069E-03,+653.39196024E-03,-531.84676691E-03,+1.18508911122E+00
+83.85000E-06,+1.00445971770E+00,+692.33668355E-03,-561.99752035E-03,+1.25390625000E+00
+83.87500E-06,+998.17831069E-03,+726.25628114E-03,-568.27892736E-03,+1.29394531250E+00
+83.90000E-06,+1.01199740599E+00,+726.25628114E-03,-568.27892736E-03,+1.29394531250E+00
+83.92500E-06,+1.00194715484E+00,+726.25628114E-03,-572.04777150E-03,+1.29769897457E+00
+83.95000E-06,+1.00445971770E+00,+732.53768814E-03,-540.64073677E-03,+1.27267456065E+00
+83.97500E-06,+1.01450996884E+00,+750.12562758E-03,-568.27892736E-03,+1.31771850582E+00
+84.00000E-06,+1.01199740599E+00,+752.63819044E-03,-568.27892736E-03,+1.32022094730E+00
+84.02500E-06,+998.17831069E-03,+762.68844159E-03,-568.27892736E-03,+1.33023071293E+00
+84.05000E-06,+1.03837931529E+00,+732.53768814E-03,-602.19852495E-03,+1.33398437500E+00
+84.07500E-06,+1.03084162700E+00,+726.25628114E-03,-568.27892736E-03,+1.29394531250E+00
+84.10000E-06,+998.17831069E-03,+726.25628114E-03,-582.09802265E-03,+1.30770874020E+00
+84.12500E-06,+1.03461047114E+00,+726.25628114E-03,-568.27892736E-03,+1.29394531250E+00
+84.15000E-06,+1.03209790828E+00,+726.25628114E-03,-602.19852495E-03,+1.32772827145E+00
+84.17500E-06,+1.03837931529E+00,+750.12562758E-03,-592.14827380E-03,+1.34149169915E+00
+84.20000E-06,+998.17831069E-03,+766.45728573E-03,-580.84174136E-03,+1.34649658210E+00
+84.22500E-06,+1.03837931529E+00,+730.02512528E-03,-608.47993195E-03,+1.33773803707E+00
+84.25000E-06,+1.00445971770E+00,+787.81406932E-03,-568.27892736E-03,+1.35525512685E+00
+84.27500E-06,+998.17831069E-03,+766.45728573E-03,-592.14827380E-03,+1.35775756832E+00
+84.30000E-06,+1.03837931529E+00,+766.45728573E-03,-568.27892736E-03,+1.33398437500E+00
+84.32500E-06,+1.07104263159E+00,+726.25628114E-03,-568.27892736E-03,+1.29394531250E+00
+84.35000E-06,+970.54012010E-03,+732.53768814E-03,-602.19852495E-03,+1.33398437500E+00
+84.37500E-06,+998.17831069E-03,+742.58793929E-03,-544.40958091E-03,+1.28643798835E+00
+84.40000E-06,+1.01199740599E+00,+712.43718584E-03,-582.09802265E-03,+1.29394531250E+00
+84.42500E-06,+1.00194715484E+00,+733.79396943E-03,-604.71108781E-03,+1.33773803707E+00
+84.45000E-06,+985.61549668E-03,+726.25628114E-03,-568.27892736E-03,+1.29394531250E+00
+84.47500E-06,+1.02204765713E+00,+750.12562758E-03,-568.27892736E-03,+1.31771850582E+00
+84.50000E-06,+998.17831069E-03,+740.07537643E-03,-568.27892736E-03,+1.30770874020E+00
+84.52500E-06,+1.00194715484E+00,+762.68844159E-03,-568.27892736E-03,+1.33023071293E+00
+84.55000E-06,+998.17831069E-03,+766.45728573E-03,-574.56033436E-03,+1.34024047855E+00
+84.57500E-06,+1.02204765713E+00,+726.25628114E-03,-568.27892736E-03,+1.29394531250E+00
+84.60000E-06,+1.02456021999E+00,+726.25628114E-03,-528.07792276E-03,+1.25390625000E+00
+84.62500E-06,+1.03461047114E+00,+730.02512528E-03,-564.51008321E-03,+1.29394531250E+00
+84.65000E-06,+1.03209790828E+00,+766.45728573E-03,-561.99752035E-03,+1.32772827145E+00
+84.67500E-06,+998.17831069E-03,+750.12562758E-03,-584.61058551E-03,+1.33398437500E+00
+84.70000E-06,+971.79640139E-03,+726.25628114E-03,-541.89701805E-03,+1.26766967770E+00
+84.72500E-06,+1.00194715484E+00,+730.02512528E-03,-535.61561105E-03,+1.26516723622E+00
+84.75000E-06,+1.03209790828E+00,+766.45728573E-03,-568.27892736E-03,+1.33398437500E+00
+84.77500E-06,+1.03837931529E+00,+766.45728573E-03,-568.27892736E-03,+1.33398437500E+00
+84.80000E-06,+1.02456021999E+00,+752.63819044E-03,-634.86184125E-03,+1.38717651375E+00
+84.82500E-06,+1.03461047114E+00,+733.79396943E-03,-572.04777150E-03,+1.30529785145E+00
+84.85000E-06,+1.07229891288E+00,+760.17587873E-03,-568.27892736E-03,+1.32772827145E+00
+84.87500E-06,+1.01450996885E+00,+726.25628114E-03,-568.27892736E-03,+1.29394531250E+00
+84.90000E-06,+1.03837931529E+00,+712.43718584E-03,-554.45983206E-03,+1.26641845710E+00
+84.92500E-06,+994.40946655E-03,+726.25628114E-03,-564.51008321E-03,+1.29019165043E+00
+84.95000E-06,+970.54012011E-03,+713.69346713E-03,-561.99752035E-03,+1.27517700184E+00
+84.97500E-06,+1.02204765713E+00,+750.12562758E-03,-568.27892736E-03,+1.31771850582E+00
+85.00000E-06,+1.02456021999E+00,+766.45728573E-03,-568.27892736E-03,+1.33398437500E+00
+85.02500E-06,+1.03461047114E+00,+730.02512528E-03,-608.47993195E-03,+1.33773803707E+00
+85.05000E-06,+1.00445971770E+00,+753.89447172E-03,-574.56033436E-03,+1.32772827145E+00
+85.07500E-06,+998.17831069E-03,+766.45728573E-03,-584.61058551E-03,+1.35025024418E+00
+85.10000E-06,+1.01199740598E+00,+752.63819044E-03,-594.66083666E-03,+1.34649658210E+00
+85.12500E-06,+998.17831069E-03,+726.25628114E-03,-608.47993195E-03,+1.33398437500E+00
+85.15000E-06,+964.25871310E-03,+726.25628114E-03,-534.35932977E-03,+1.26016235355E+00
+85.17500E-06,+998.17831069E-03,+742.58793929E-03,-584.61058551E-03,+1.32647705085E+00
+85.20000E-06,+1.27958534285E+00,+686.05527654E-03,-648.68093655E-03,+1.33398437500E+00
+85.22500E-06,+1.31601750330E+00,+762.68844159E-03,-528.07792276E-03,+1.29019165043E+00
+85.25000E-06,+1.34742453803E+00,+719.97487413E-03,-636.11812254E-03,+1.35525512684E+00
+85.27500E-06,+1.37631901020E+00,+806.65829033E-03,-504.20857632E-03,+1.31021118168E+00
+85.30000E-06,+1.33360544274E+00,+738.81909515E-03,-622.29902724E-03,+1.36026000980E+00
+85.32500E-06,+1.35244966376E+00,+762.68844159E-03,-568.27892736E-03,+1.33023071293E+00
+85.35000E-06,+1.35370594504E+00,+732.53768814E-03,-602.19852495E-03,+1.33398437500E+00
+85.37500E-06,+1.38385669848E+00,+750.12562758E-03,-544.40958092E-03,+1.29394531250E+00
+85.40000E-06,+1.09114313389E+00,+780.27638102E-03,-528.07792276E-03,+1.30770874020E+00
+85.42500E-06,+1.03837931529E+00,+682.28643240E-03,-604.71108781E-03,+1.28643798836E+00
+85.45000E-06,+1.04466072229E+00,+719.97487413E-03,-568.27892736E-03,+1.28768920895E+00
+85.47500E-06,+1.07858031988E+00,+613.19095564E-03,-752.95229218E-03,+1.36584472645E+00
+85.50000E-06,+1.02456021999E+00,+792.83919503E-03,-487.87691817E-03,+1.28018188480E+00
+85.52500E-06,+1.00194715484E+00,+726.25628114E-03,-608.47993195E-03,+1.33398437500E+00
+85.55000E-06,+1.03209790828E+00,+726.25628114E-03,-534.35932977E-03,+1.26016235355E+00
+85.57500E-06,+1.07858031988E+00,+726.25628114E-03,-624.81159010E-03,+1.35025024418E+00
+85.60000E-06,+1.23938433826E+00,+752.63819044E-03,-608.47993195E-03,+1.36026000980E+00
+85.62500E-06,+1.28335418700E+00,+730.02512528E-03,-531.84676690E-03,+1.26141357414E+00
+85.65000E-06,+1.37506272862E+00,+726.25628114E-03,-568.27892736E-03,+1.29394531250E+00
+85.67500E-06,+1.37631901020E+00,+726.25628114E-03,-544.40958092E-03,+1.27017211918E+00
+85.70000E-06,+1.31978634745E+00,+698.61809055E-03,-594.66083666E-03,+1.29269409191E+00
+85.72500E-06,+1.35621850790E+00,+730.02512528E-03,-528.07792276E-03,+1.25765991207E+00
+85.75000E-06,+1.31978634745E+00,+719.97487413E-03,-595.91711794E-03,+1.31521606434E+00
+85.77500E-06,+1.31978634745E+00,+686.05527654E-03,-544.40958092E-03,+1.23013305668E+00
+85.80000E-06,+1.05219841058E+00,+740.07537643E-03,-541.89701805E-03,+1.28143310539E+00
+85.82500E-06,+1.03837931529E+00,+689.82412069E-03,-568.27892736E-03,+1.25765991207E+00
+85.85000E-06,+1.00445971770E+00,+760.17587873E-03,-534.35932977E-03,+1.29394531250E+00
+85.87500E-06,+965.51499438E-03,+742.58793929E-03,-632.34927839E-03,+1.37402343750E+00
+85.90000E-06,+1.03837931529E+00,+726.25628114E-03,-554.45983206E-03,+1.28018188480E+00
+85.92500E-06,+1.03837931529E+00,+762.68844159E-03,-608.47993195E-03,+1.37026977543E+00
+85.95000E-06,+998.17831069E-03,+726.25628114E-03,-568.27892736E-03,+1.29394531250E+00
+85.97500E-06,+1.02204765713E+00,+662.18593010E-03,-551.94726920E-03,+1.21386718750E+00
+86.00000E-06,+1.26576624756E+00,+647.11055323E-03,-594.66083666E-03,+1.24139404289E+00
+86.02500E-06,+1.31601750331E+00,+730.02512528E-03,-568.27892736E-03,+1.29769897457E+00
+86.05000E-06,+1.34742453803E+00,+760.17587873E-03,-574.56033436E-03,+1.33398437500E+00
+86.07500E-06,+1.35998735204E+00,+750.12562758E-03,-551.94726920E-03,+1.30145263664E+00
+86.10000E-06,+1.31978634745E+00,+766.45728573E-03,-582.09802265E-03,+1.34774780270E+00
+86.12500E-06,+1.35998735204E+00,+726.25628114E-03,-564.51008321E-03,+1.29019165043E+00
+86.15000E-06,+1.31978634745E+00,+738.81909515E-03,-574.56033436E-03,+1.31286621105E+00
+86.17500E-06,+1.33611800560E+00,+750.12562758E-03,-568.27892736E-03,+1.31771850582E+00
+86.20000E-06,+1.05094212930E+00,+766.45728573E-03,-514.25882747E-03,+1.28018188480E+00
+86.22500E-06,+1.03837931529E+00,+686.05527654E-03,-641.14324826E-03,+1.32647705086E+00
+86.25000E-06,+1.03209790828E+00,+719.97487413E-03,-534.35932977E-03,+1.25390625000E+00
+86.27500E-06,+998.17831069E-03,+686.05527654E-03,-608.47993195E-03,+1.29394531250E+00
+86.30000E-06,+998.17831069E-03,+726.25628114E-03,-514.25882747E-03,+1.24014282230E+00
+86.32500E-06,+1.00194715483E+00,+722.48743700E-03,-568.27892736E-03,+1.29019165043E+00
+86.35000E-06,+1.03209790828E+00,+698.61809056E-03,-521.79651576E-03,+1.22012329105E+00
+86.37500E-06,+1.05471097344E+00,+733.79396942E-03,-568.27892736E-03,+1.30145263664E+00
+86.40000E-06,+1.29340443815E+00,+712.43718585E-03,-608.47993195E-03,+1.32022094730E+00
+86.42500E-06,+1.31978634745E+00,+762.68844159E-03,-528.07792276E-03,+1.29019165043E+00
+86.45000E-06,+1.39390694963E+00,+719.97487413E-03,-568.27892736E-03,+1.28768920895E+00
+86.47500E-06,+1.35998735204E+00,+733.79396942E-03,-520.54023448E-03,+1.25390625000E+00
+86.50000E-06,+1.31978634745E+00,+740.07537643E-03,-582.09802265E-03,+1.32147216789E+00
+86.52500E-06,+1.35621850790E+00,+722.48743700E-03,-528.07792276E-03,+1.25015258793E+00
+86.55000E-06,+1.35370594504E+00,+726.25628114E-03,-608.47993195E-03,+1.33398437500E+00
+86.57500E-06,+1.31978634745E+00,+726.25628114E-03,-608.47993195E-03,+1.33398437500E+00
+86.60000E-06,+1.06601750587E+00,+794.09547631E-03,-554.45983207E-03,+1.34774780270E+00
+86.62500E-06,+1.03837931529E+00,+689.82412069E-03,-572.04777150E-03,+1.26141357414E+00
+86.65000E-06,+1.01074112471E+00,+766.45728573E-03,-568.27892736E-03,+1.33398437500E+00
+86.67500E-06,+1.02204765713E+00,+726.25628114E-03,-648.68093655E-03,+1.37402343750E+00
+86.70000E-06,+1.03837931529E+00,+726.25628114E-03,-554.45983207E-03,+1.28018188480E+00
+86.72500E-06,+998.17831069E-03,+762.68844159E-03,-604.71108781E-03,+1.36651611336E+00
+86.75000E-06,+1.01074112471E+00,+719.97487413E-03,-568.27892736E-03,+1.28768920895E+00
+86.77500E-06,+1.03837931529E+00,+750.12562758E-03,-568.27892736E-03,+1.31771850582E+00
+86.80000E-06,+1.27958534285E+00,+673.49246253E-03,-608.47993195E-03,+1.28143310539E+00
+86.82500E-06,+1.28712303114E+00,+766.45728573E-03,-568.27892736E-03,+1.33398437500E+00
+86.85000E-06,+1.34742453803E+00,+719.97487413E-03,-602.19852494E-03,+1.32147216789E+00
+86.87500E-06,+1.37631901020E+00,+726.25628114E-03,-528.07792276E-03,+1.25390625000E+00
+86.90000E-06,+1.31978634745E+00,+726.25628114E-03,-594.66083666E-03,+1.32022094730E+00
+86.92500E-06,+1.35998735204E+00,+689.82412068E-03,-531.84676690E-03,+1.22137451164E+00
+86.95000E-06,+1.31978634745E+00,+704.89949756E-03,-608.47993195E-03,+1.31286621105E+00
+86.97500E-06,+1.34365569389E+00,+702.38693470E-03,-568.27892736E-03,+1.27017211918E+00
+87.00000E-06,+1.03837931529E+00,+726.25628114E-03,-487.87691817E-03,+1.21386718750E+00
+87.02500E-06,+1.04214815943E+00,+686.05527654E-03,-572.04777150E-03,+1.25765991207E+00
+87.05000E-06,+1.00445971770E+00,+726.25628114E-03,-574.56033436E-03,+1.30020141605E+00
+87.07500E-06,+974.30896425E-03,+702.38693470E-03,-592.14827379E-03,+1.29394531250E+00
+87.10000E-06,+984.35921540E-03,+740.07537643E-03,-568.27892736E-03,+1.30770874020E+00
+87.12500E-06,+1.00948484312E+00,+762.68844159E-03,-608.47993195E-03,+1.37026977543E+00
+87.15000E-06,+998.17831069E-03,+692.33668355E-03,-528.07792276E-03,+1.22012329105E+00
+87.17500E-06,+1.06224866173E+00,+750.12562758E-03,-608.47993195E-03,+1.35775756832E+00
+87.20000E-06,+1.29340443814E+00,+712.43718585E-03,-634.86184125E-03,+1.34649658211E+00
+87.22500E-06,+1.27958534285E+00,+762.68844159E-03,-528.07792276E-03,+1.29019165043E+00
+87.25000E-06,+1.35370594504E+00,+719.97487413E-03,-602.19852494E-03,+1.32147216789E+00
+87.27500E-06,+1.37631901020E+00,+726.25628114E-03,-504.20857632E-03,+1.23013305668E+00
+87.30000E-06,+1.33360544274E+00,+726.25628114E-03,-594.66083666E-03,+1.32022094730E+00
+87.32500E-06,+1.31978634745E+00,+726.25628114E-03,-524.30907862E-03,+1.25015258793E+00
+87.35000E-06,+1.31350494044E+00,+726.25628114E-03,-568.27892736E-03,+1.29394531250E+00
+87.37500E-06,+1.33611800560E+00,+709.92462298E-03,-568.27892736E-03,+1.27767944332E+00
+87.40000E-06,+1.05219841058E+00,+766.45728573E-03,-528.07792276E-03,+1.29394531250E+00
+87.42500E-06,+1.07858031988E+00,+686.05527654E-03,-604.71108781E-03,+1.29019165043E+00
+87.45000E-06,+1.00445971770E+00,+760.17587872E-03,-568.27892736E-03,+1.32772827144E+00
+87.47500E-06,+1.00571599897E+00,+726.25628114E-03,-624.81159011E-03,+1.35025024418E+00
+87.50000E-06,+1.02456022000E+00,+740.07537643E-03,-541.89701805E-03,+1.28143310539E+00
+87.52500E-06,+1.00194715483E+00,+762.68844159E-03,-641.14324826E-03,+1.40368652356E+00
+87.55000E-06,+1.03209790828E+00,+732.53768815E-03,-568.27892736E-03,+1.30020141606E+00
+87.57500E-06,+1.02204765713E+00,+702.38693470E-03,-592.14827379E-03,+1.29394531250E+00
+87.60000E-06,+1.26576624756E+00,+659.67336724E-03,-608.47993195E-03,+1.26766967769E+00
+87.62500E-06,+1.27958534285E+00,+730.02512528E-03,-528.07792276E-03,+1.25765991207E+00
+87.65000E-06,+1.31978634745E+00,+719.97487413E-03,-602.19852494E-03,+1.32147216789E+00
+87.67500E-06,+1.35998735204E+00,+726.25628114E-03,-528.07792276E-03,+1.25390625000E+00
+87.70000E-06,+1.29340443814E+00,+766.45728573E-03,-608.47993195E-03,+1.37402343750E+00
+87.72500E-06,+1.35621850790E+00,+726.25628114E-03,-528.07792276E-03,+1.25390625000E+00
+87.75000E-06,+1.35998735204E+00,+732.53768815E-03,-608.47993195E-03,+1.34024047856E+00
+87.77500E-06,+1.31978634745E+00,+750.12562758E-03,-568.27892736E-03,+1.31771850582E+00
+87.80000E-06,+1.06476122459E+00,+779.02009975E-03,-541.89701805E-03,+1.32022094731E+00
+87.82500E-06,+1.00194715483E+00,+726.25628114E-03,-572.04777150E-03,+1.29769897457E+00
+87.85000E-06,+964.25871311E-03,+732.53768815E-03,-534.35932977E-03,+1.26641845711E+00
+87.87500E-06,+957.97730610E-03,+870.72864136E-03,-480.33922989E-03,+1.35025024418E+00
+87.90000E-06,+944.15821081E-03,+659.67336724E-03,-648.68093655E-03,+1.30770874019E+00
+87.92500E-06,+1.11501248034E+00,+766.45728573E-03,-491.64576231E-03,+1.25765991207E+00
+87.95000E-06,+1.03209790828E+00,+732.53768815E-03,-568.27892736E-03,+1.30020141606E+00
+87.97500E-06,+1.03084162701E+00,+742.58793929E-03,-544.40958092E-03,+1.28643798836E+00
+88.00000E-06,+1.30596725216E+00,+712.43718585E-03,-648.68093655E-03,+1.36026000981E+00
+88.02500E-06,+1.27958534285E+00,+762.68844159E-03,-531.84676690E-03,+1.29394531250E+00
+88.05000E-06,+1.39390694963E+00,+686.05527654E-03,-636.11812253E-03,+1.32147216789E+00
+88.07500E-06,+1.40018835664E+00,+750.12562758E-03,-440.13822529E-03,+1.19009399418E+00
+88.10000E-06,+1.27958534285E+00,+686.05527654E-03,-582.09802265E-03,+1.26766967769E+00
+88.12500E-06,+1.32355519159E+00,+689.82412068E-03,-487.87691817E-03,+1.17758178707E+00
+88.15000E-06,+1.28586674986E+00,+719.97487413E-03,-561.99752035E-03,+1.28143310539E+00
+88.17500E-06,+1.34365569389E+00,+726.25628114E-03,-568.27892736E-03,+1.29394531250E+00
+88.20000E-06,+1.09239941517E+00,+766.45728573E-03,-528.07792276E-03,+1.29394531250E+00
+88.22500E-06,+1.04214815943E+00,+689.82412068E-03,-612.24877609E-03,+1.30145263664E+00
+88.25000E-06,+1.00445971770E+00,+753.89447171E-03,-595.91711793E-03,+1.34899902328E+00
+88.27500E-06,+1.00571599897E+00,+669.72361839E-03,-632.34927839E-03,+1.30145263664E+00
+88.30000E-06,+998.17831069E-03,+726.25628114E-03,-487.87691817E-03,+1.21386718750E+00
+88.32500E-06,+1.07104263160E+00,+722.48743700E-03,-648.68093655E-03,+1.37026977543E+00
+88.35000E-06,+1.01074112471E+00,+652.13567896E-03,-500.43973218E-03,+1.15173339856E+00
+88.37500E-06,+1.02204765713E+00,+686.05527654E-03,-568.27892736E-03,+1.25390625000E+00
+88.40000E-06,+1.25194715228E+00,+672.23618125E-03,-594.66083666E-03,+1.26641845711E+00
+88.42500E-06,+1.31978634745E+00,+722.48743700E-03,-564.51008322E-03,+1.28643798836E+00
+88.45000E-06,+1.35998735204E+00,+719.97487413E-03,-602.19852494E-03,+1.32147216789E+00
+88.47500E-06,+1.37631901020E+00,+766.45728573E-03,-496.67088804E-03,+1.26266479504E+00
+88.50000E-06,+1.31978634745E+00,+713.69346712E-03,-622.29902724E-03,+1.33557128894E+00
+88.52500E-06,+1.32355519159E+00,+762.68844159E-03,-528.07792276E-03,+1.29019165043E+00
+88.55000E-06,+1.31978634745E+00,+766.45728573E-03,-608.47993195E-03,+1.37402343750E+00
+88.57500E-06,+1.31978634745E+00,+726.25628114E-03,-560.74123908E-03,+1.28643798836E+00
+88.60000E-06,+1.06476122459E+00,+806.65829033E-03,-487.87691817E-03,+1.29394531250E+00
+88.62500E-06,+1.07481147574E+00,+682.28643240E-03,-641.14324827E-03,+1.32272338879E+00
+88.65000E-06,+1.00445971770E+00,+732.53768815E-03,-602.19852494E-03,+1.33398437500E+00
+88.67500E-06,+1.00571599897E+00,+669.72361839E-03,-648.68093655E-03,+1.31771850582E+00
+88.70000E-06,+1.02456022000E+00,+766.45728573E-03,-554.45983207E-03,+1.32022094731E+00
+88.72500E-06,+1.00194715483E+00,+726.25628114E-03,-644.91209241E-03,+1.37026977543E+00
+88.75000E-06,+1.03837931529E+00,+692.33668355E-03,-568.27892736E-03,+1.26016235356E+00
+88.77500E-06,+1.03837931529E+00,+766.45728573E-03,-608.47993195E-03,+1.37402343750E+00
+88.80000E-06,+1.27958534285E+00,+726.25628114E-03,-622.29902724E-03,+1.34774780269E+00
+88.82500E-06,+1.31978634745E+00,+730.02512528E-03,-564.51008322E-03,+1.29394531250E+00
+88.85000E-06,+1.34742453803E+00,+692.33668355E-03,-602.19852494E-03,+1.29394531250E+00
+88.87500E-06,+1.37631901020E+00,+766.45728573E-03,-520.54023448E-03,+1.28643798836E+00
+88.90000E-06,+1.31978634745E+00,+738.81909516E-03,-622.29902724E-03,+1.36026000981E+00
+88.92500E-06,+1.31601750331E+00,+649.62311609E-03,-528.07792276E-03,+1.17758178707E+00
+88.95000E-06,+1.31350494044E+00,+732.53768815E-03,-602.19852494E-03,+1.33398437500E+00
+88.97500E-06,+1.33611800561E+00,+750.12562757E-03,-584.61058551E-03,+1.33398437500E+00
+89.00000E-06,+1.09239941517E+00,+819.22110435E-03,-528.07792276E-03,+1.34649658211E+00
+89.02500E-06,+1.03837931529E+00,+689.82412068E-03,-612.24877609E-03,+1.30145263664E+00
+89.05000E-06,+970.54012012E-03,+760.17587872E-03,-602.19852494E-03,+1.36151123039E+00
+89.07500E-06,+1.00571599897E+00,+686.05527654E-03,-672.55028298E-03,+1.35775756832E+00
+89.10000E-06,+1.01199740598E+00,+766.45728573E-03,-514.25882747E-03,+1.28018188481E+00
+89.12500E-06,+998.17831069E-03,+799.12060205E-03,-608.47993195E-03,+1.40744018563E+00
+89.15000E-06,+1.03837931529E+00,+719.97487413E-03,-561.99752035E-03,+1.28143310539E+00
+89.17500E-06,+1.03837931529E+00,+766.45728573E-03,-592.14827379E-03,+1.35775756832E+00
+89.20000E-06,+1.25194715228E+00,+645.85427195E-03,-568.27892736E-03,+1.21386718750E+00
+89.22500E-06,+1.27958534285E+00,+730.02512528E-03,-528.07792276E-03,+1.25765991207E+00
+89.25000E-06,+1.34742453802E+00,+698.61809056E-03,-561.99752035E-03,+1.26016235356E+00
+89.27500E-06,+1.35998735204E+00,+766.45728573E-03,-520.54023448E-03,+1.28643798836E+00
+89.30000E-06,+1.31978634745E+00,+699.87437183E-03,-622.29902724E-03,+1.32147216789E+00
+89.32500E-06,+1.31978634745E+00,+799.12060205E-03,-568.27892736E-03,+1.36651611336E+00
+89.35000E-06,+1.28586674986E+00,+766.45728573E-03,-676.31912712E-03,+1.44241332999E+00
+89.37500E-06,+1.38385669848E+00,+742.58793930E-03,-560.74123908E-03,+1.30270385755E+00
+89.40000E-06,+1.11878132448E+00,+806.65829033E-03,-528.07792276E-03,+1.33398437500E+00
+89.42500E-06,+1.07481147574E+00,+726.25628114E-03,-608.47993195E-03,+1.33398437500E+00
+89.45000E-06,+998.17831069E-03,+766.45728573E-03,-528.07792276E-03,+1.29394531250E+00
+89.47500E-06,+1.02204765713E+00,+653.39196023E-03,-648.68093655E-03,+1.30145263663E+00
+89.50000E-06,+1.03837931529E+00,+780.27638102E-03,-501.69601345E-03,+1.28143310538E+00
+89.52500E-06,+1.00194715483E+00,+762.68844159E-03,-608.47993195E-03,+1.37026977543E+00
+89.55000E-06,+1.07229891287E+00,+686.05527654E-03,-561.99752035E-03,+1.24765014644E+00
+89.57500E-06,+1.03837931529E+00,+766.45728573E-03,-568.27892736E-03,+1.33398437500E+00
+89.60000E-06,+1.27958534285E+00,+699.87437183E-03,-594.66083666E-03,+1.29394531250E+00
+89.62500E-06,+1.28335418699E+00,+766.45728573E-03,-604.71108781E-03,+1.37026977543E+00
+89.65000E-06,+1.36626875905E+00,+698.61809056E-03,-574.56033437E-03,+1.27267456067E+00
+89.67500E-06,+1.37631901020E+00,+766.45728573E-03,-504.20857633E-03,+1.27017211918E+00
+89.70000E-06,+1.27958534285E+00,+738.81909516E-03,-608.47993195E-03,+1.34649658212E+00
+89.72500E-06,+1.38888182422E+00,+726.25628114E-03,-531.84676690E-03,+1.25765991207E+00
+89.75000E-06,+1.27958534285E+00,+760.17587872E-03,-568.27892736E-03,+1.32772827144E+00
+89.77500E-06,+1.31978634745E+00,+726.25628114E-03,-608.47993195E-03,+1.33398437500E+00
+89.80000E-06,+1.09239941517E+00,+780.27638102E-03,-555.71611334E-03,+1.33557128893E+00
+89.82500E-06,+1.03837931529E+00,+689.82412068E-03,-608.47993195E-03,+1.29769897457E+00
+89.85000E-06,+998.17831069E-03,+794.09547631E-03,-568.27892736E-03,+1.36151123038E+00
+89.87500E-06,+1.02204765713E+00,+702.38693470E-03,-688.88194114E-03,+1.39068603520E+00
+89.90000E-06,+917.77630150E-03,+766.45728573E-03,-554.45983207E-03,+1.32022094731E+00
+89.92500E-06,+1.15898232907E+00,+726.25628114E-03,-608.47993195E-03,+1.33398437500E+00
+89.95000E-06,+957.97730610E-03,+726.25628114E-03,-568.27892736E-03,+1.29394531250E+00
+89.97500E-06,+1.05471097345E+00,+726.25628114E-03,-592.14827379E-03,+1.31771850582E+00
+90.00000E-06,+1.26576624757E+00,+672.23618126E-03,-582.09802264E-03,+1.25390625000E+00
+90.02500E-06,+1.31978634745E+00,+730.02512528E-03,-604.71108781E-03,+1.33398437500E+00
+90.05000E-06,+1.35998735204E+00,+686.05527654E-03,-608.47993195E-03,+1.29394531250E+00
+90.07500E-06,+1.31978634745E+00,+750.12562757E-03,-504.20857633E-03,+1.25390625000E+00
+90.10000E-06,+1.31978634745E+00,+752.63819045E-03,-608.47993195E-03,+1.36026000981E+00
+90.12500E-06,+1.35621850791E+00,+726.25628114E-03,-528.07792276E-03,+1.25390625000E+00
+90.15000E-06,+1.34742453802E+00,+766.45728573E-03,-568.27892736E-03,+1.33398437500E+00
+90.17500E-06,+1.32732403572E+00,+726.25628114E-03,-520.54023449E-03,+1.24639892587E+00
+90.20000E-06,+1.09114313390E+00,+752.63819045E-03,-487.87691817E-03,+1.24014282231E+00
+90.22500E-06,+1.03461047115E+00,+689.82412068E-03,-608.47993195E-03,+1.29769897457E+00
+90.25000E-06,+998.17831069E-03,+692.33668355E-03,-574.56033437E-03,+1.26641845712E+00
+90.27500E-06,+1.02204765713E+00,+662.18593011E-03,-632.34927839E-03,+1.29394531250E+00
+90.30000E-06,+998.17831069E-03,+726.25628114E-03,-528.07792276E-03,+1.25390625000E+00
+90.32500E-06,+1.03837931529E+00,+766.45728573E-03,-604.71108781E-03,+1.37026977543E+00
+90.35000E-06,+1.03837931529E+00,+692.33668355E-03,-574.56033437E-03,+1.26641845712E+00
+90.37500E-06,+1.03837931529E+00,+790.32663217E-03,-641.14324827E-03,+1.43130493168E+00
+90.40000E-06,+1.27958534285E+00,+699.87437183E-03,-608.47993195E-03,+1.30770874019E+00
+90.42500E-06,+1.32355519159E+00,+762.68844159E-03,-531.84676690E-03,+1.29394531250E+00
+90.45000E-06,+1.34742453802E+00,+692.33668355E-03,-602.19852494E-03,+1.29394531250E+00
+90.47500E-06,+1.40018835664E+00,+790.32663217E-03,-504.20857633E-03,+1.29394531250E+00
+90.50000E-06,+1.27958534285E+00,+726.25628114E-03,-622.29902724E-03,+1.34774780269E+00
+90.52500E-06,+1.39641951250E+00,+722.48743700E-03,-528.07792276E-03,+1.25015258793E+00
+90.55000E-06,+1.31978634745E+00,+732.53768815E-03,-568.27892736E-03,+1.30020141606E+00
+90.57500E-06,+1.32732403572E+00,+726.25628114E-03,-544.40958092E-03,+1.27017211918E+00
+90.60000E-06,+1.11878132448E+00,+792.83919504E-03,-528.07792276E-03,+1.32022094731E+00
+90.62500E-06,+1.07481147574E+00,+686.05527654E-03,-644.91209241E-03,+1.33023071293E+00
+90.65000E-06,+998.17831069E-03,+719.97487413E-03,-568.27892736E-03,+1.28768920894E+00
+90.67500E-06,+1.04591700356E+00,+686.05527654E-03,-665.01259471E-03,+1.35025024418E+00
+90.70000E-06,+957.97730610E-03,+726.25628114E-03,-528.07792276E-03,+1.25390625000E+00
+90.72500E-06,+1.15898232907E+00,+718.71859286E-03,-641.14324827E-03,+1.35900878924E+00
+90.75000E-06,+957.97730610E-03,+719.97487413E-03,-568.27892736E-03,+1.28768920894E+00
+90.77500E-06,+1.03837931529E+00,+733.79396941E-03,-616.01762022E-03,+1.34957885725E+00
+90.80000E-06,+1.23938433826E+00,+633.29145792E-03,-568.27892736E-03,+1.20135498038E+00
+90.82500E-06,+1.31224865918E+00,+730.02512527E-03,-572.04777149E-03,+1.30145263663E+00
+90.85000E-06,+1.35370594503E+00,+686.05527654E-03,-648.68093655E-03,+1.33398437500E+00
+90.87500E-06,+1.37631901020E+00,+806.65829033E-03,-528.07792276E-03,+1.33398437500E+00
+90.90000E-06,+1.34616825676E+00,+713.69346711E-03,-622.29902724E-03,+1.33557128893E+00
+90.92500E-06,+1.35621850791E+00,+762.68844160E-03,-568.27892736E-03,+1.33023071293E+00
+90.95000E-06,+1.28586674987E+00,+794.09547630E-03,-568.27892736E-03,+1.36151123038E+00
+90.97500E-06,+1.35998735204E+00,+742.58793930E-03,-544.40958092E-03,+1.28643798837E+00
+91.00000E-06,+1.07858031988E+00,+806.65829033E-03,-528.07792276E-03,+1.33398437500E+00
+91.02500E-06,+1.00194715483E+00,+689.82412068E-03,-608.47993195E-03,+1.29769897457E+00
+91.05000E-06,+1.03837931529E+00,+726.25628114E-03,-568.27892736E-03,+1.29394531250E+00
+91.07500E-06,+1.02204765713E+00,+702.38693470E-03,-648.68093655E-03,+1.35025024418E+00
+91.10000E-06,+1.02456022000E+00,+766.45728573E-03,-501.69601345E-03,+1.26766967769E+00
+91.12500E-06,+957.97730610E-03,+730.02512527E-03,-579.58545977E-03,+1.30905151349E+00
+91.15000E-06,+1.00445971770E+00,+726.25628114E-03,-528.07792276E-03,+1.25390625000E+00
+91.17500E-06,+1.01450996885E+00,+750.12562757E-03,-592.14827379E-03,+1.34149169913E+00
+91.20000E-06,+1.26576624757E+00,+699.87437183E-03,-582.09802264E-03,+1.28143310538E+00
+91.22500E-06,+1.35998735204E+00,+766.45728573E-03,-528.07792276E-03,+1.29394531250E+00
+91.25000E-06,+1.35998735204E+00,+726.25628114E-03,-602.19852494E-03,+1.32772827144E+00
+91.27500E-06,+1.39265066837E+00,+766.45728573E-03,-504.20857633E-03,+1.27017211918E+00
+91.30000E-06,+1.27958534285E+00,+726.25628114E-03,-608.47993195E-03,+1.33398437500E+00
+91.32500E-06,+1.35621850791E+00,+722.48743700E-03,-524.30907863E-03,+1.24639892587E+00
+91.35000E-06,+1.31350494044E+00,+760.17587872E-03,-561.99752034E-03,+1.32147216788E+00
+91.37500E-06,+1.32732403572E+00,+686.05527654E-03,-528.07792276E-03,+1.21386718750E+00
+91.40000E-06,+1.05219841057E+00,+766.45728573E-03,-541.89701805E-03,+1.30770874019E+00
+91.42500E-06,+1.03461047115E+00,+649.62311608E-03,-568.27892736E-03,+1.21762084957E+00
+91.45000E-06,+1.00445971770E+00,+760.17587872E-03,-568.27892736E-03,+1.32772827144E+00
+91.47500E-06,+1.03837931529E+00,+709.92462298E-03,-648.68093655E-03,+1.35775756832E+00
+91.50000E-06,+970.54012012E-03,+740.07537642E-03,-501.69601345E-03,+1.24139404288E+00
+91.52500E-06,+1.11878132448E+00,+718.71859286E-03,-604.71108781E-03,+1.32272338880E+00
+91.55000E-06,+930.33911553E-03,+719.97487412E-03,-540.64073679E-03,+1.26016235356E+00
+91.57500E-06,+1.08611800815E+00,+726.25628114E-03,-568.27892736E-03,+1.29394531250E+00
+91.60000E-06,+1.26576624757E+00,+659.67336723E-03,-582.09802264E-03,+1.24139404288E+00
+91.62500E-06,+1.28335418699E+00,+762.68844160E-03,-568.27892736E-03,+1.33023071294E+00
+91.65000E-06,+1.34114313101E+00,+686.05527654E-03,-663.75631309E-03,+1.34899902326E+00
+91.67500E-06,+1.33611800561E+00,+766.45728573E-03,-528.07792276E-03,+1.29394531250E+00
+91.70000E-06,+1.31978634745E+00,+752.63819045E-03,-648.68093655E-03,+1.40093994145E+00
+91.72500E-06,+1.31601750331E+00,+762.68844160E-03,-564.51008322E-03,+1.32647705087E+00
+91.75000E-06,+1.35370594503E+00,+766.45728573E-03,-574.56033437E-03,+1.34024047856E+00
+91.77500E-06,+1.31978634745E+00,+742.58793930E-03,-544.40958092E-03,+1.28643798837E+00
+91.80000E-06,+1.07858031988E+00,+792.83919504E-03,-528.07792276E-03,+1.32022094731E+00
+91.82500E-06,+1.03837931529E+00,+686.05527654E-03,-568.27892736E-03,+1.25390625000E+00
+91.85000E-06,+1.00445971771E+00,+692.33668356E-03,-602.19852494E-03,+1.29394531250E+00
+91.87500E-06,+974.30896426E-03,+693.59296481E-03,-632.34927838E-03,+1.32522582994E+00
+91.90000E-06,+1.03837931529E+00,+780.27638102E-03,-514.25882748E-03,+1.29394531250E+00
+91.92500E-06,+961.74615023E-03,+799.12060206E-03,-612.24877609E-03,+1.41119384770E+00
+91.95000E-06,+1.07229891287E+00,+726.25628114E-03,-568.27892736E-03,+1.29394531250E+00
+91.97500E-06,+1.01450996885E+00,+726.25628114E-03,-592.14827379E-03,+1.31771850581E+00
+92.00000E-06,+1.29340443814E+00,+726.25628114E-03,-608.47993195E-03,+1.33398437500E+00
+92.02500E-06,+1.28335418699E+00,+730.02512527E-03,-528.07792276E-03,+1.25765991206E+00
+92.05000E-06,+1.35370594503E+00,+658.41708597E-03,-595.91711792E-03,+1.25390625000E+00
+92.07500E-06,+1.39265066837E+00,+742.58793930E-03,-480.33922990E-03,+1.22262573256E+00
+92.10000E-06,+1.30596725216E+00,+712.43718585E-03,-608.47993195E-03,+1.32022094731E+00
+92.12500E-06,+1.35621850791E+00,+722.48743700E-03,-491.64576230E-03,+1.21386718750E+00
+92.15000E-06,+1.34742453802E+00,+713.69346711E-03,-568.27892736E-03,+1.28143310538E+00
+92.17500E-06,+1.33611800561E+00,+669.72361838E-03,-528.07792276E-03,+1.19760131831E+00
+92.20000E-06,+1.06601750585E+00,+752.63819045E-03,-487.87691817E-03,+1.24014282231E+00
+92.22500E-06,+1.07481147575E+00,+653.39196022E-03,-531.84676690E-03,+1.18508911119E+00
+92.25000E-06,+1.03837931529E+00,+760.17587872E-03,-561.99752034E-03,+1.32147216788E+00
+92.27500E-06,+1.03837931529E+00,+686.05527654E-03,-665.01259471E-03,+1.35025024419E+00
+92.30000E-06,+917.77630150E-03,+779.02009976E-03,-528.07792276E-03,+1.30645751962E+00
+92.32500E-06,+1.08611800815E+00,+722.48743700E-03,-608.47993195E-03,+1.33023071294E+00
+92.35000E-06,+924.05770852E-03,+686.05527654E-03,-534.35932977E-03,+1.22012329106E+00
+92.37500E-06,+1.07858031988E+00,+718.71859287E-03,-584.61058552E-03,+1.30270385756E+00
+92.40000E-06,+1.23938433826E+00,+672.23618126E-03,-608.47993195E-03,+1.28018188481E+00
+92.42500E-06,+1.28335418699E+00,+730.02512527E-03,-531.84676690E-03,+1.26141357413E+00
+92.45000E-06,+1.31978634745E+00,+679.77386953E-03,-642.39952953E-03,+1.32147216788E+00
+92.47500E-06,+1.35998735204E+00,+806.65829033E-03,-487.87691817E-03,+1.29394531250E+00
+92.50000E-06,+1.31978634745E+00,+738.81909517E-03,-608.47993195E-03,+1.34649658212E+00
+92.52500E-06,+1.35244966377E+00,+730.02512527E-03,-531.84676690E-03,+1.26141357413E+00
+92.55000E-06,+1.38134413560E+00,+766.45728573E-03,-580.84174138E-03,+1.34664917001E+00
+92.57500E-06,+1.31978634745E+00,+766.45728573E-03,-568.27892736E-03,+1.33398437500E+00
+92.60000E-06,+1.10496222919E+00,+766.45728573E-03,-514.25882748E-03,+1.28018188481E+00
+92.62500E-06,+1.03461047115E+00,+689.82412068E-03,-604.71108782E-03,+1.29394531250E+00
+92.65000E-06,+1.00445971771E+00,+719.97487412E-03,-528.07792276E-03,+1.24765014644E+00
+92.67500E-06,+981.84665253E-03,+645.85427195E-03,-632.34927838E-03,+1.27767944331E+00
+92.70000E-06,+1.01199740598E+00,+713.69346711E-03,-474.05782288E-03,+1.18759155269E+00
+92.72500E-06,+998.17831069E-03,+762.68844160E-03,-644.91209241E-03,+1.40744018564E+00
+92.75000E-06,+1.03837931529E+00,+692.33668356E-03,-534.35932978E-03,+1.22637939462E+00
+92.77500E-06,+1.01450996886E+00,+750.12562757E-03,-568.27892736E-03,+1.31771850581E+00
+92.80000E-06,+998.17831069E-03,+740.07537642E-03,-554.45983207E-03,+1.29394531250E+00
+92.82500E-06,+998.17831069E-03,+730.02512527E-03,-568.27892736E-03,+1.29769897456E+00
+92.85000E-06,+1.03209790827E+00,+726.25628114E-03,-500.43973220E-03,+1.22637939462E+00
+92.87500E-06,+1.01450996886E+00,+726.25628114E-03,-544.40958092E-03,+1.27017211919E+00
+92.90000E-06,+1.02456022000E+00,+752.63819045E-03,-580.84174138E-03,+1.33273315443E+00
+92.92500E-06,+1.03461047115E+00,+726.25628114E-03,-528.07792276E-03,+1.25390625000E+00
+92.95000E-06,+1.03837931529E+00,+726.25628114E-03,-561.99752034E-03,+1.28768920894E+00
+92.97500E-06,+998.17831069E-03,+702.38693471E-03,-544.40958092E-03,+1.24639892587E+00
+93.00000E-06,+1.01199740598E+00,+752.63819045E-03,-580.84174138E-03,+1.33273315444E+00
+93.02500E-06,+1.03461047115E+00,+726.25628114E-03,-572.04777149E-03,+1.29769897456E+00
+93.05000E-06,+1.00445971771E+00,+686.05527654E-03,-568.27892736E-03,+1.25390625000E+00
+93.07500E-06,+1.02204765712E+00,+742.58793930E-03,-551.94726919E-03,+1.29394531250E+00
+93.10000E-06,+971.79640138E-03,+766.45728573E-03,-541.89701804E-03,+1.30770874019E+00
+93.12500E-06,+1.03461047115E+00,+726.25628114E-03,-528.07792276E-03,+1.25390625000E+00
+93.15000E-06,+1.01074112472E+00,+692.33668356E-03,-568.27892736E-03,+1.26016235356E+00
+93.17500E-06,+1.02204765712E+00,+702.38693471E-03,-544.40958092E-03,+1.24639892587E+00
+93.20000E-06,+1.27958534285E+00,+659.67336723E-03,-608.47993195E-03,+1.26766967769E+00
+93.22500E-06,+1.31978634745E+00,+730.02512527E-03,-524.30907863E-03,+1.25390625000E+00
+93.25000E-06,+1.34742453801E+00,+726.25628114E-03,-561.99752034E-03,+1.28768920894E+00
+93.27500E-06,+1.35998735204E+00,+790.32663216E-03,-528.07792276E-03,+1.31771850581E+00
+93.30000E-06,+1.27958534285E+00,+752.63819045E-03,-648.68093655E-03,+1.40093994145E+00
+93.32500E-06,+1.35998735204E+00,+726.25628114E-03,-531.84676690E-03,+1.25765991206E+00
+93.35000E-06,+1.31350494043E+00,+766.45728573E-03,-636.11812252E-03,+1.40237426748E+00
+93.37500E-06,+1.34365569388E+00,+742.58793930E-03,-568.27892736E-03,+1.31021118169E+00
+93.40000E-06,+1.06476122460E+00,+766.45728573E-03,-554.45983207E-03,+1.32022094731E+00
+93.42500E-06,+1.03837931529E+00,+653.39196022E-03,-572.04777149E-03,+1.22512817369E+00
+93.45000E-06,+998.17831069E-03,+732.53768815E-03,-561.99752034E-03,+1.29394531250E+00
+93.47500E-06,+1.02204765712E+00,+645.85427195E-03,-648.68093655E-03,+1.29394531250E+00
+93.50000E-06,+1.02456022000E+00,+753.89447170E-03,-501.69601345E-03,+1.25515747056E+00
+93.52500E-06,+965.51499437E-03,+762.68844160E-03,-608.47993195E-03,+1.37026977544E+00
+93.55000E-06,+1.03837931529E+00,+686.05527654E-03,-528.07792276E-03,+1.21386718750E+00
+93.57500E-06,+1.03837931529E+00,+766.45728573E-03,-608.47993195E-03,+1.37402343750E+00
+93.60000E-06,+971.79640138E-03,+726.25628114E-03,-582.09802264E-03,+1.30770874019E+00
+93.62500E-06,+1.07104263161E+00,+726.25628114E-03,-568.27892736E-03,+1.29394531250E+00
+93.65000E-06,+1.03209790827E+00,+766.45728573E-03,-568.27892736E-03,+1.33398437500E+00
+93.67500E-06,+1.03837931529E+00,+766.45728573E-03,-568.27892736E-03,+1.33398437500E+00
+93.70000E-06,+1.01199740597E+00,+766.45728573E-03,-568.27892736E-03,+1.33398437500E+00
+93.72500E-06,+994.40946656E-03,+762.68844160E-03,-568.27892736E-03,+1.33023071294E+00
+93.75000E-06,+1.01074112472E+00,+732.53768815E-03,-568.27892736E-03,+1.30020141606E+00
+93.77500E-06,+998.17831069E-03,+750.12562757E-03,-568.27892736E-03,+1.31771850581E+00
+93.80000E-06,+1.03837931529E+00,+766.45728573E-03,-582.09802264E-03,+1.34774780269E+00
+93.82500E-06,+1.03461047115E+00,+730.02512527E-03,-641.14324828E-03,+1.37026977544E+00
+93.85000E-06,+1.03837931529E+00,+800.37688331E-03,-568.27892736E-03,+1.36776733394E+00
+93.87500E-06,+1.01450996886E+00,+790.32663216E-03,-592.14827379E-03,+1.38211059561E+00
+93.90000E-06,+998.17831069E-03,+752.63819045E-03,-594.66083667E-03,+1.34649658213E+00
+93.92500E-06,+998.17831069E-03,+762.68844160E-03,-604.71108782E-03,+1.36651611338E+00
+93.95000E-06,+991.89690368E-03,+732.53768815E-03,-602.19852494E-03,+1.33398437500E+00
+93.97500E-06,+998.17831069E-03,+758.91959747E-03,-568.27892736E-03,+1.32647705088E+00
+94.00000E-06,+1.30596725217E+00,+673.49246251E-03,-622.29902723E-03,+1.29519653306E+00
+94.02500E-06,+1.24692202653E+00,+733.79396940E-03,-531.84676689E-03,+1.26516723619E+00
+94.05000E-06,+1.31978634745E+00,+692.33668356E-03,-602.19852493E-03,+1.29394531250E+00
+94.07500E-06,+1.40018835664E+00,+766.45728573E-03,-504.20857633E-03,+1.27017211919E+00
+94.10000E-06,+1.28084162410E+00,+699.87437182E-03,-608.47993195E-03,+1.30770874019E+00
+94.12500E-06,+1.35998735204E+00,+762.68844160E-03,-531.84676689E-03,+1.29394531250E+00
+94.15000E-06,+1.27958534285E+00,+766.45728573E-03,-602.19852493E-03,+1.36776733394E+00
+94.17500E-06,+1.35998735204E+00,+750.12562757E-03,-544.40958093E-03,+1.29394531250E+00
+94.20000E-06,+1.07858031988E+00,+766.45728573E-03,-528.07792276E-03,+1.29394531250E+00
+94.22500E-06,+1.00194715483E+00,+718.71859287E-03,-568.27892736E-03,+1.28643798838E+00
+94.25000E-06,+998.17831069E-03,+726.25628114E-03,-528.07792276E-03,+1.25390625000E+00
+94.27500E-06,+981.84665253E-03,+629.52261378E-03,-632.34927838E-03,+1.26141357412E+00
+94.30000E-06,+998.17831069E-03,+792.83919505E-03,-528.07792276E-03,+1.32022094731E+00
+94.32500E-06,+1.00194715483E+00,+762.68844160E-03,-608.47993195E-03,+1.37026977544E+00
+94.35000E-06,+1.00445971771E+00,+686.05527654E-03,-528.07792276E-03,+1.21386718750E+00
+94.37500E-06,+1.01450996886E+00,+726.25628114E-03,-592.14827379E-03,+1.31771850581E+00
+94.40000E-06,+971.79640138E-03,+726.25628114E-03,-568.27892736E-03,+1.29394531250E+00
+94.42500E-06,+1.03461047115E+00,+726.25628114E-03,-531.84676689E-03,+1.25765991206E+00
+94.45000E-06,+1.03837931529E+00,+794.09547629E-03,-568.27892736E-03,+1.36151123037E+00
+94.47500E-06,+1.01450996886E+00,+726.25628114E-03,-568.27892736E-03,+1.29394531250E+00
+94.50000E-06,+1.01199740597E+00,+752.63819045E-03,-582.09802264E-03,+1.33398437500E+00
+94.52500E-06,+1.03084162702E+00,+689.82412068E-03,-568.27892736E-03,+1.25765991206E+00
+94.55000E-06,+1.03209790827E+00,+686.05527654E-03,-568.27892736E-03,+1.25390625000E+00
+94.57500E-06,+1.02204765712E+00,+750.12562757E-03,-608.47993195E-03,+1.35775756831E+00
+94.60000E-06,+998.17831069E-03,+766.45728573E-03,-541.89701804E-03,+1.30770874019E+00
+94.62500E-06,+998.17831069E-03,+726.25628114E-03,-568.27892736E-03,+1.29394531250E+00
+94.65000E-06,+1.00445971771E+00,+760.17587872E-03,-528.07792276E-03,+1.28768920894E+00
+94.67500E-06,+1.02204765712E+00,+766.45728573E-03,-568.27892736E-03,+1.33398437500E+00
+94.70000E-06,+998.17831069E-03,+752.63819045E-03,-528.07792276E-03,+1.28018188481E+00
+94.72500E-06,+1.03837931529E+00,+766.45728573E-03,-568.27892736E-03,+1.33398437500E+00
+94.75000E-06,+964.25871311E-03,+726.25628114E-03,-528.07792276E-03,+1.25390625000E+00
+94.77500E-06,+998.17831069E-03,+726.25628114E-03,-544.40958093E-03,+1.27017211919E+00
+94.80000E-06,+971.79640138E-03,+659.67336723E-03,-582.09802264E-03,+1.24139404287E+00
+94.82500E-06,+1.03461047115E+00,+730.02512527E-03,-560.74123909E-03,+1.29019165044E+00
+94.85000E-06,+998.17831069E-03,+692.33668356E-03,-540.64073679E-03,+1.23263549819E+00
+94.87500E-06,+1.02204765712E+00,+742.58793930E-03,-568.27892736E-03,+1.31021118169E+00
+94.90000E-06,+984.35921541E-03,+699.87437182E-03,-541.89701804E-03,+1.24139404287E+00
+94.92500E-06,+1.03837931529E+00,+766.45728573E-03,-568.27892736E-03,+1.33398437500E+00
+94.95000E-06,+1.03209790827E+00,+766.45728573E-03,-574.56033437E-03,+1.34024047856E+00
+94.97500E-06,+1.01450996886E+00,+726.25628114E-03,-568.27892736E-03,+1.29394531250E+00
+95.00000E-06,+1.02456022001E+00,+766.45728573E-03,-554.45983208E-03,+1.32022094731E+00
+95.02500E-06,+998.17831069E-03,+718.71859287E-03,-608.47993195E-03,+1.32647705088E+00
+95.05000E-06,+998.17831069E-03,+726.25628114E-03,-555.71611332E-03,+1.28143310537E+00
+95.07500E-06,+1.02204765712E+00,+726.25628114E-03,-584.61058552E-03,+1.31021118169E+00
+95.10000E-06,+957.97730610E-03,+686.05527654E-03,-580.84174139E-03,+1.26641845713E+00
+95.12500E-06,+1.03837931529E+00,+762.68844160E-03,-604.71108782E-03,+1.36651611338E+00
+95.15000E-06,+1.03209790827E+00,+692.33668356E-03,-534.35932978E-03,+1.22637939463E+00
+95.17500E-06,+1.03837931529E+00,+742.58793930E-03,-544.40958093E-03,+1.28643798838E+00
+95.20000E-06,+1.27958534285E+00,+712.43718586E-03,-648.68093655E-03,+1.36026000981E+00
+95.22500E-06,+1.31978634745E+00,+726.25628114E-03,-528.07792276E-03,+1.25390625000E+00
+95.25000E-06,+1.38762554260E+00,+692.33668356E-03,-595.91711792E-03,+1.28768920894E+00
+95.27500E-06,+1.35998735204E+00,+766.45728573E-03,-487.87691817E-03,+1.25390625000E+00
+95.30000E-06,+1.27958534285E+00,+699.87437182E-03,-608.47993195E-03,+1.30770874019E+00
+95.32500E-06,+1.32355519158E+00,+649.62311608E-03,-487.87691817E-03,+1.13665771479E+00
+95.35000E-06,+1.27958534285E+00,+719.97487412E-03,-528.07792276E-03,+1.24765014644E+00
+95.37500E-06,+1.34365569388E+00,+726.25628114E-03,-551.94726919E-03,+1.27767944331E+00
+95.40000E-06,+1.11878132448E+00,+752.63819045E-03,-501.69601345E-03,+1.25390625000E+00
+95.42500E-06,+1.03837931529E+00,+686.05527654E-03,-568.27892736E-03,+1.25390625000E+00
+95.45000E-06,+1.00445971771E+00,+753.89447170E-03,-561.99752034E-03,+1.31521606431E+00
+95.47500E-06,+1.02204765712E+00,+702.38693471E-03,-688.88194114E-03,+1.39068603521E+00
+95.50000E-06,+1.02456022001E+00,+766.45728573E-03,-501.69601345E-03,+1.26766967769E+00
+95.52500E-06,+1.04214815942E+00,+762.68844160E-03,-608.47993195E-03,+1.37026977544E+00
+95.55000E-06,+970.54012013E-03,+692.33668356E-03,-528.07792276E-03,+1.22012329107E+00
+95.57500E-06,+1.06224866172E+00,+726.25628114E-03,-608.47993195E-03,+1.33398437500E+00
+95.60000E-06,+1.25194715229E+00,+672.23618126E-03,-608.47993195E-03,+1.28018188482E+00
+95.62500E-06,+1.28335418699E+00,+730.02512527E-03,-528.07792276E-03,+1.25765991206E+00
+95.65000E-06,+1.34742453801E+00,+726.25628114E-03,-636.11812251E-03,+1.36151123037E+00
+95.67500E-06,+1.40018835664E+00,+742.58793930E-03,-487.87691817E-03,+1.23013305669E+00
+95.70000E-06,+1.29340443813E+00,+699.87437182E-03,-608.47993195E-03,+1.30770874018E+00
+95.72500E-06,+1.35621850791E+00,+722.48743701E-03,-528.07792276E-03,+1.25015258794E+00
+95.75000E-06,+1.34742453801E+00,+760.17587871E-03,-568.27892736E-03,+1.32772827143E+00
+95.77500E-06,+1.34365569388E+00,+726.25628114E-03,-528.07792276E-03,+1.25390625000E+00
+95.80000E-06,+1.09239941516E+00,+752.63819045E-03,-514.25882748E-03,+1.26641845713E+00
+95.82500E-06,+998.17831069E-03,+686.05527654E-03,-564.51008322E-03,+1.25015258794E+00
+95.85000E-06,+1.00445971771E+00,+692.33668356E-03,-528.07792276E-03,+1.22012329107E+00
+95.87500E-06,+974.30896426E-03,+669.72361838E-03,-632.34927838E-03,+1.30145263662E+00
+95.90000E-06,+891.39439219E-03,+740.07537642E-03,-515.51510873E-03,+1.25515747055E+00
+95.92500E-06,+1.12255016861E+00,+726.25628114E-03,-568.27892736E-03,+1.29394531250E+00
+95.95000E-06,+957.97730610E-03,+686.05527654E-03,-561.99752034E-03,+1.24765014643E+00
+95.97500E-06,+1.07858031988E+00,+726.25628114E-03,-624.81159012E-03,+1.35025024419E+00
+96.00000E-06,+1.26576624758E+00,+712.43718586E-03,-594.66083667E-03,+1.30645751963E+00
+96.02500E-06,+1.31978634745E+00,+799.12060207E-03,-568.27892736E-03,+1.36651611338E+00
+96.05000E-06,+1.35998735204E+00,+686.05527654E-03,-636.11812251E-03,+1.32147216787E+00
+96.07500E-06,+1.37631901021E+00,+766.45728573E-03,-487.87691817E-03,+1.25390625000E+00
+96.10000E-06,+1.27958534285E+00,+752.63819045E-03,-594.66083667E-03,+1.34649658213E+00
+96.12500E-06,+1.31601750332E+00,+722.48743701E-03,-487.87691817E-03,+1.21011352544E+00
+96.15000E-06,+1.28586674987E+00,+726.25628114E-03,-574.56033437E-03,+1.30020141607E+00
+96.17500E-06,+1.27958534285E+00,+750.12562757E-03,-584.61058552E-03,+1.33398437500E+00
+96.20000E-06,+1.05219841057E+00,+766.45728573E-03,-528.07792276E-03,+1.29394531250E+00
+96.22500E-06,+1.07104263162E+00,+689.82412067E-03,-572.04777149E-03,+1.26141357412E+00
+96.25000E-06,+1.00445971771E+00,+719.97487412E-03,-568.27892736E-03,+1.28768920893E+00
+96.27500E-06,+1.02204765712E+00,+686.05527654E-03,-616.01762021E-03,+1.30145263662E+00
+96.30000E-06,+1.02456022001E+00,+726.25628114E-03,-487.87691817E-03,+1.21386718750E+00
+96.32500E-06,+961.74615023E-03,+726.25628114E-03,-568.27892736E-03,+1.29394531250E+00
+96.35000E-06,+1.01074112473E+00,+692.33668356E-03,-528.07792276E-03,+1.22012329107E+00
+96.37500E-06,+998.17831069E-03,+726.25628114E-03,-568.27892736E-03,+1.29394531250E+00
+96.40000E-06,+1.26576624758E+00,+633.29145791E-03,-594.66083667E-03,+1.22763061518E+00
+96.42500E-06,+1.24692202652E+00,+730.02512527E-03,-531.84676689E-03,+1.26141357412E+00
+96.45000E-06,+1.31978634745E+00,+692.33668356E-03,-595.91711791E-03,+1.28768920893E+00
+96.47500E-06,+1.37631901021E+00,+750.12562756E-03,-528.07792276E-03,+1.27767944331E+00
+96.50000E-06,+1.30596725217E+00,+726.25628114E-03,-634.86184127E-03,+1.36026000982E+00
+96.52500E-06,+1.35621850791E+00,+726.25628114E-03,-528.07792276E-03,+1.25390625000E+00
+96.55000E-06,+1.34742453801E+00,+732.53768816E-03,-602.19852493E-03,+1.33398437500E+00
+96.57500E-06,+1.33611800562E+00,+702.38693471E-03,-544.40958093E-03,+1.24639892588E+00
+96.60000E-06,+1.06476122460E+00,+792.83919505E-03,-487.87691817E-03,+1.28018188482E+00
+96.62500E-06,+1.03837931529E+00,+722.48743701E-03,-600.94224369E-03,+1.32272338882E+00
+96.65000E-06,+1.03837931529E+00,+698.61809058E-03,-528.07792276E-03,+1.22637939463E+00
+96.67500E-06,+1.03837931529E+00,+686.05527654E-03,-624.81159012E-03,+1.31021118169E+00
+96.70000E-06,+957.97730610E-03,+740.07537642E-03,-528.07792276E-03,+1.26766967768E+00
+96.72500E-06,+1.12255016861E+00,+758.91959747E-03,-608.47993195E-03,+1.36651611338E+00
+96.75000E-06,+957.97730610E-03,+698.61809058E-03,-608.47993195E-03,+1.30645751963E+00
+96.77500E-06,+1.07104263162E+00,+750.12562756E-03,-608.47993195E-03,+1.35775756831E+00
+96.80000E-06,+1.23938433826E+00,+712.43718586E-03,-648.68093655E-03,+1.36026000982E+00
+96.82500E-06,+1.31978634745E+00,+762.68844160E-03,-604.71108782E-03,+1.36651611338E+00
+96.85000E-06,+1.38762554260E+00,+692.33668356E-03,-608.47993195E-03,+1.30020141607E+00
+96.87500E-06,+1.35998735204E+00,+782.78894390E-03,-487.87691817E-03,+1.27017211919E+00
+96.90000E-06,+1.31978634745E+00,+712.43718586E-03,-608.47993195E-03,+1.32022094732E+00
+96.92500E-06,+1.31601750332E+00,+686.05527654E-03,-528.07792276E-03,+1.21386718750E+00
+96.95000E-06,+1.31978634745E+00,+719.97487412E-03,-568.27892736E-03,+1.28768920893E+00
+96.97500E-06,+1.31978634745E+00,+750.12562756E-03,-568.27892736E-03,+1.31771850581E+00
+97.00000E-06,+1.07858031988E+00,+792.83919505E-03,-528.07792276E-03,+1.32022094732E+00
+97.02500E-06,+1.03461047116E+00,+649.62311608E-03,-608.47993195E-03,+1.25765991206E+00
+97.05000E-06,+1.04466072231E+00,+760.17587871E-03,-595.91711791E-03,+1.35525512680E+00
+97.07500E-06,+998.17831069E-03,+702.38693471E-03,-632.34927838E-03,+1.33398437500E+00
+97.10000E-06,+1.05094212933E+00,+766.45728573E-03,-540.64073680E-03,+1.30645751963E+00
+97.12500E-06,+961.74615023E-03,+730.02512527E-03,-572.04777149E-03,+1.30145263662E+00
+97.15000E-06,+1.01074112473E+00,+692.33668356E-03,-500.43973221E-03,+1.19259643570E+00
+97.17500E-06,+1.02204765712E+00,+709.92462297E-03,-551.94726919E-03,+1.26141357412E+00
+97.20000E-06,+1.27958534285E+00,+686.05527654E-03,-594.66083667E-03,+1.28018188482E+00
+97.22500E-06,+1.28335418698E+00,+766.45728573E-03,-528.07792276E-03,+1.29394531250E+00
+97.25000E-06,+1.32606775447E+00,+692.33668356E-03,-608.47993195E-03,+1.30020141607E+00
+97.27500E-06,+1.37631901021E+00,+718.71859288E-03,-480.33922991E-03,+1.19827270528E+00
+97.30000E-06,+1.30596725217E+00,+699.87437182E-03,-582.09802263E-03,+1.28143310537E+00
+97.32500E-06,+1.32355519158E+00,+726.25628114E-03,-528.07792276E-03,+1.25390625000E+00
+97.35000E-06,+1.29214815689E+00,+726.25628114E-03,-602.19852493E-03,+1.32772827143E+00
+97.37500E-06,+1.32732403571E+00,+742.58793931E-03,-544.40958093E-03,+1.28643798838E+00
+97.40000E-06,+1.10496222920E+00,+792.83919505E-03,-541.89701804E-03,+1.33398437500E+00
+97.42500E-06,+1.00194715482E+00,+686.05527654E-03,-608.47993195E-03,+1.29394531250E+00
+97.45000E-06,+1.02581650125E+00,+753.89447169E-03,-528.07792276E-03,+1.28143310537E+00
+97.47500E-06,+990.64062243E-03,+662.18593012E-03,-688.88194114E-03,+1.35025024419E+00
+97.50000E-06,+903.95720623E-03,+752.63819045E-03,-501.69601344E-03,+1.25390625000E+00
+97.52500E-06,+1.12255016860E+00,+762.68844160E-03,-604.71108782E-03,+1.36651611338E+00
+97.55000E-06,+957.97730610E-03,+692.33668356E-03,-602.19852493E-03,+1.29394531250E+00
+97.57500E-06,+1.09491197805E+00,+750.12562756E-03,-608.47993195E-03,+1.35775756831E+00
+97.60000E-06,+1.27958534285E+00,+712.43718586E-03,-608.47993195E-03,+1.32022094732E+00
+97.62500E-06,+1.28335418698E+00,+799.12060207E-03,-568.27892736E-03,+1.36651611338E+00
+97.65000E-06,+1.38762554260E+00,+686.05527654E-03,-602.19852493E-03,+1.28768920893E+00
+97.67500E-06,+1.37631901021E+00,+766.45728573E-03,-504.20857634E-03,+1.27017211919E+00
+97.70000E-06,+1.31978634745E+00,+726.25628114E-03,-608.47993195E-03,+1.33398437500E+00
+97.72500E-06,+1.31224865919E+00,+649.62311608E-03,-487.87691817E-03,+1.13665771479E+00
+97.75000E-06,+1.31978634745E+00,+726.25628114E-03,-568.27892736E-03,+1.29394531250E+00
+97.77500E-06,+1.29591700102E+00,+709.92462297E-03,-528.07792276E-03,+1.23764038081E+00
+97.80000E-06,+1.09239941516E+00,+752.63819046E-03,-501.69601344E-03,+1.25390625000E+00
+97.82500E-06,+1.03837931529E+00,+689.82412067E-03,-572.04777148E-03,+1.26141357411E+00
+97.85000E-06,+1.04466072231E+00,+64.19598656E-03,+47.29895560E-03,+16.41845677E-03
+97.87500E-06,+1.04591700354E+00,-158.16581994E-03,+211.87181811E-03,-370.75805669E-03
+97.90000E-06,+1.02456022001E+00,-65.20099671E-03,+343.78136428E-03,-409.54589823E-03
+97.92500E-06,+917.77630150E-03,-117.96481535E-03,+239.51000866E-03,-358.24584956E-03
+97.95000E-06,+1.01074112473E+00,-158.16581994E-03,+316.14317372E-03,-474.60937500E-03
+97.97500E-06,+1.03837931529E+00,-125.50250360E-03,+252.07282270E-03,-378.26538081E-03
+98.00000E-06,+1.26576624758E+00,-158.16581994E-03,+262.12307385E-03,-420.80688482E-03
+98.02500E-06,+1.31601750332E+00,-81.53265488E-03,+279.71101326E-03,-361.99951161E-03
+98.05000E-06,+1.35370594502E+00,+565.45226276E-03,-246.67089060E-03,+811.52343750E-03
+98.07500E-06,+1.40018835664E+00,+733.79396939E-03,-447.67591357E-03,+1.18093872060E+00
+98.10000E-06,+1.30596725217E+00,+726.25628114E-03,-608.47993195E-03,+1.33398437500E+00
+98.12500E-06,+1.35621850792E+00,+762.68844160E-03,-564.51008323E-03,+1.32647705089E+00
+98.15000E-06,+1.28586674987E+00,+800.37688331E-03,-602.19852493E-03,+1.40237426747E+00
+98.17500E-06,+1.37631901021E+00,+726.25628114E-03,-544.40958093E-03,+1.27017211919E+00
+98.20000E-06,+1.09239941516E+00,+792.83919505E-03,-528.07792276E-03,+1.32022094732E+00
+98.22500E-06,+1.00194715482E+00,+645.85427195E-03,-604.71108782E-03,+1.25015258794E+00
+98.25000E-06,+1.03209790827E+00,+652.13567897E-03,-528.07792276E-03,+1.18008422857E+00
+98.27500E-06,+974.30896427E-03,+669.72361837E-03,-672.55028297E-03,+1.34149169911E+00
+98.30000E-06,+903.95720623E-03,+740.07537641E-03,-568.27892736E-03,+1.30770874018E+00
+98.32500E-06,+1.11878132448E+00,+722.48743701E-03,-644.91209242E-03,+1.36651611339E+00
+98.35000E-06,+991.89690367E-03,+719.97487412E-03,-568.27892736E-03,+1.28768920893E+00
+98.37500E-06,+1.05471097346E+00,+742.58793931E-03,-648.68093655E-03,+1.39068603521E+00
+98.40000E-06,+1.26576624758E+00,+699.87437182E-03,-608.47993195E-03,+1.30770874018E+00
+98.42500E-06,+1.27958534285E+00,+762.68844160E-03,-564.51008323E-03,+1.32647705089E+00
+98.45000E-06,+1.33234916149E+00,+726.25628114E-03,-574.56033438E-03,+1.30020141607E+00
+98.47500E-06,+1.33611800562E+00,+799.12060207E-03,-528.07792276E-03,+1.32647705089E+00
+98.50000E-06,+1.27958534285E+00,+726.25628114E-03,-608.47993195E-03,+1.33398437500E+00
+98.52500E-06,+1.39641951251E+00,+726.25628114E-03,-499.18345055E-03,+1.22512817367E+00
+98.55000E-06,+1.28586674988E+00,+760.17587871E-03,-568.27892736E-03,+1.32772827143E+00
+98.57500E-06,+1.30345468928E+00,+750.12562756E-03,-544.40958093E-03,+1.29394531250E+00
+98.60000E-06,+1.11878132448E+00,+779.02009977E-03,-528.07792276E-03,+1.30645751964E+00
+98.62500E-06,+1.03837931529E+00,+689.82412067E-03,-608.47993195E-03,+1.29769897456E+00
+98.65000E-06,+998.17831069E-03,+719.97487412E-03,-568.27892736E-03,+1.28768920893E+00
+98.67500E-06,+998.17831069E-03,+517.71356991E-03,-149.93722324E-03,+667.05322271E-03
+98.70000E-06,+998.17831069E-03,+217.46231668E-03,+209.35925522E-03,+7.81250000E-03
+98.72500E-06,+1.04214815941E+00,+119.47236809E-03,+74.93714616E-03,+44.09790044E-03
+98.75000E-06,+1.00445971771E+00,+116.95980520E-03,+115.13815075E-03,+1.55639643E-03
+98.77500E-06,+1.02204765712E+00,+75.50251937E-03,+74.93714616E-03,+305.17589E-06
+98.80000E-06,+1.27958534285E+00,+83.04020762E-03,+88.75624143E-03,-5.95092768E-03
+98.82500E-06,+1.31978634745E+00,+86.80905175E-03,+115.13815075E-03,-28.47290044E-03
+98.85000E-06,+1.35998735204E+00,+116.95980520E-03,+81.21855318E-03,+35.33935536E-03
+98.87500E-06,+1.33611800562E+00,+123.24121222E-03,+115.13815075E-03,+7.81250000E-03
+98.90000E-06,+1.33360544272E+00,+123.24121222E-03,+87.49996020E-03,+35.33935536E-03
+98.92500E-06,+1.28712303111E+00,+123.24121222E-03,+115.13815075E-03,+7.81250000E-03
+98.95000E-06,+1.35370594502E+00,+123.24121222E-03,+108.85674373E-03,+14.06860357E-03
+98.97500E-06,+1.34365569387E+00,+139.57287039E-03,+98.80649258E-03,+40.34423839E-03
+99.00000E-06,+1.06476122461E+00,+135.80402626E-03,+128.95724603E-03,+6.22558610E-03
+99.02500E-06,+1.00571599895E+00,+50.37689128E-03,+111.36930662E-03,-61.88964860E-03
+99.05000E-06,+998.17831069E-03,+89.32161465E-03,+87.49996020E-03,+1.55639643E-03
+99.07500E-06,+1.04591700354E+00,+42.83920303E-03,+74.93714616E-03,-32.22656250E-03
+99.10000E-06,+957.97730610E-03,+96.85930290E-03,+115.13815075E-03,-18.46313482E-03
+99.12500E-06,+1.11878132448E+00,+83.04020762E-03,+111.36930662E-03,-28.47290044E-03
+99.15000E-06,+964.25871312E-03,+123.24121222E-03,+81.21855318E-03,+41.59545893E-03
+99.17500E-06,+1.01450996886E+00,+106.90955405E-03,+51.06779973E-03,+55.35888661E-03
+99.20000E-06,+957.97730610E-03,+123.24121222E-03,+101.31905548E-03,+21.57592768E-03
+99.22500E-06,+1.00571599895E+00,+123.24121222E-03,+78.70599028E-03,+44.09790044E-03
+99.25000E-06,+1.03837931529E+00,+116.95980520E-03,+115.13815075E-03,+1.55639643E-03
+99.27500E-06,+1.01450996886E+00,+123.24121222E-03,+74.93714616E-03,+47.85156250E-03
+99.30000E-06,+998.17831069E-03,+69.22111235E-03,+101.31905548E-03,-32.22656250E-03
+99.32500E-06,+1.03084162703E+00,+83.04020762E-03,+78.70599028E-03,+4.05883794E-03
+99.35000E-06,+964.25871312E-03,+49.12061005E-03,+108.85674373E-03,-60.57739247E-03
+99.37500E-06,+998.17831069E-03,+99.37186580E-03,+98.80649258E-03,+305.17589E-06
+99.40000E-06,+998.17831069E-03,+109.42211694E-03,+74.93714616E-03,+34.08813482E-03
+99.42500E-06,+1.03837931529E+00,+119.47236809E-03,+111.36930663E-03,+7.81250000E-03
+99.45000E-06,+1.00445971771E+00,+157.16080979E-03,+102.57533671E-03,+54.10766607E-03
+99.47500E-06,+974.30896427E-03,+147.11055864E-03,+98.80649258E-03,+47.85156250E-03
+99.50000E-06,+1.02581650124E+00,+123.24121222E-03,+74.93714616E-03,+47.85156250E-03
+99.52500E-06,+1.03461047116E+00,+79.27136350E-03,+74.93714616E-03,+4.05883794E-03
+99.55000E-06,+998.17831069E-03,+83.04020762E-03,+108.85674373E-03,-25.97045893E-03
+99.57500E-06,+1.01450996886E+00,+123.24121222E-03,+98.80649258E-03,+24.07836919E-03
+99.60000E-06,+1.27958534285E+00,+56.65829830E-03,+101.31905548E-03,-45.37963878E-03
+99.62500E-06,+1.28335418698E+00,+123.24121222E-03,+115.13815075E-03,+7.81250000E-03
+99.65000E-06,+1.35370594502E+00,+76.75880060E-03,+41.01754858E-03,+35.33935536E-03
+99.67500E-06,+1.34365569387E+00,+163.44221681E-03,+98.80649258E-03,+64.11743169E-03
+99.70000E-06,+1.34616825677E+00,+123.24121222E-03,+34.73614156E-03,+87.89062500E-03
+99.72500E-06,+1.31978634745E+00,+119.47236809E-03,+115.13815075E-03,+4.05883795E-03
+99.75000E-06,+1.35370594502E+00,+95.60302167E-03,+81.21855318E-03,+14.06860357E-03
+99.77500E-06,+1.35998735204E+00,+83.04020762E-03,+91.26880433E-03,-8.45336920E-03
+99.80000E-06,+1.06476122461E+00,+137.06030749E-03,+101.31905548E-03,+35.33935536E-03
+99.82500E-06,+1.00194715482E+00,+83.04020762E-03,+74.93714616E-03,+7.81250000E-03
+99.85000E-06,+998.17831069E-03,+89.32161465E-03,+74.93714616E-03,+14.06860357E-03
+99.87500E-06,+1.02204765712E+00,+26.50754486E-03,+34.73614156E-03,-8.45336920E-03
+99.90000E-06,+998.17831069E-03,+137.06030749E-03,+101.31905548E-03,+35.33935536E-03
+99.92500E-06,+1.04214815941E+00,+155.90452856E-03,+78.70599028E-03,+76.62963884E-03
+99.95000E-06,+998.17831069E-03,+123.24121222E-03,+74.93714616E-03,+47.85156250E-03
+99.97500E-06,+1.05471097346E+00,+139.57287039E-03,+51.06779973E-03,+87.89062500E-03
+100.00000E-06,+971.79640137E-03,+83.04020762E-03,+48.55523684E-03,+34.08813482E-03
+100.02500E-06,+965.51499435E-03,+123.24121222E-03,+78.70599028E-03,+44.09790045E-03
+100.05000E-06,+998.17831069E-03,+95.60302167E-03,+108.85674373E-03,-13.45825179E-03
+100.07500E-06,+1.01450996886E+00,+83.04020762E-03,+115.13815075E-03,-32.22656250E-03
+100.10000E-06,+1.03837931529E+00,+69.22111235E-03,+127.70096480E-03,-59.14306646E-03
+100.12500E-06,+998.17831069E-03,+119.47236809E-03,+115.13815075E-03,+4.05883795E-03
+100.15000E-06,+1.01074112474E+00,+89.32161465E-03,+81.21855318E-03,+7.81250000E-03
+100.17500E-06,+998.17831069E-03,+106.90955405E-03,+74.93714616E-03,+31.58569330E-03
+100.20000E-06,+1.01199740597E+00,+123.24121222E-03,+115.13815075E-03,+7.81250000E-03
+100.22500E-06,+1.03084162704E+00,+83.04020762E-03,+107.60046250E-03,-24.71923839E-03
+100.25000E-06,+1.03209790826E+00,+110.67839817E-03,+34.73614156E-03,+75.37841786E-03
+100.27500E-06,+1.01450996886E+00,+203.64322141E-03,+147.80146710E-03,+55.35888661E-03
+100.30000E-06,+1.02581650124E+00,+149.62312154E-03,+74.93714616E-03,+74.12719732E-03
+100.32500E-06,+1.03461047116E+00,+119.47236809E-03,+74.93714616E-03,+44.09790045E-03
+100.35000E-06,+1.03837931529E+00,+123.24121222E-03,+108.85674373E-03,+14.06860357E-03
+100.37500E-06,+974.30896427E-03,+123.24121222E-03,+115.13815075E-03,+7.81250000E-03
+100.40000E-06,+999.43459192E-03,+83.04020762E-03,+34.73614156E-03,+47.85156250E-03
+100.42500E-06,+961.74615022E-03,+86.80905175E-03,+115.13815075E-03,-28.47290045E-03
+100.45000E-06,+998.17831069E-03,+150.87940277E-03,+7.09795101E-03,+142.94433572E-03
+100.47500E-06,+1.04591700354E+00,+83.04020762E-03,+74.93714616E-03,+7.81250000E-03
+100.50000E-06,+1.02456022001E+00,+123.24121222E-03,+101.31905548E-03,+21.57592768E-03
+100.52500E-06,+1.03461047116E+00,+119.47236809E-03,+74.93714616E-03,+44.09790045E-03
+100.55000E-06,+998.17831069E-03,+123.24121222E-03,+41.01754859E-03,+81.63452143E-03
+100.57500E-06,+1.03837931529E+00,+115.70352397E-03,+74.93714616E-03,+40.34423839E-03
+100.60000E-06,+998.17831069E-03,+123.24121222E-03,+101.31905548E-03,+21.57592768E-03
+100.62500E-06,+1.03837931529E+00,+86.80905175E-03,+74.93714616E-03,+11.56616205E-03
+100.65000E-06,+1.00445971772E+00,+49.12061005E-03,+149.05774832E-03,-100.61645497E-03
+100.67500E-06,+1.02204765711E+00,+66.70854945E-03,+115.13815075E-03,-48.88916021E-03
+100.70000E-06,+971.79640137E-03,+56.65829830E-03,+127.70096480E-03,-71.65527361E-03
+100.72500E-06,+965.51499435E-03,+79.27136350E-03,+111.36930663E-03,-32.22656250E-03
+100.75000E-06,+998.17831069E-03,+49.12061005E-03,+102.57533670E-03,-54.32128889E-03
+100.77500E-06,+1.01450996887E+00,+106.90955405E-03,+131.46980892E-03,-25.11596691E-03
+100.80000E-06,+971.79640137E-03,+69.22111235E-03,+101.31905548E-03,-32.22656250E-03
+100.82500E-06,+1.00194715482E+00,+115.70352397E-03,+115.13815075E-03,+213.62316E-06
+100.85000E-06,+1.00445971772E+00,+49.12061005E-03,+121.41955778E-03,-73.24218750E-03
+100.87500E-06,+998.17831069E-03,+42.83920303E-03,+131.46980892E-03,-89.50805670E-03
+100.90000E-06,+1.02456022001E+00,+16.45729371E-03,+128.95724602E-03,-113.28125000E-03
+100.92500E-06,+994.40946657E-03,+42.83920303E-03,+155.33915535E-03,-113.28125000E-03
+100.95000E-06,+964.25871312E-03,+42.83920303E-03,+155.33915535E-03,-113.28125000E-03
+100.97500E-06,+1.00571599894E+00,+50.37689128E-03,+171.67081352E-03,-122.03979509E-03
+101.00000E-06,+1.03837931529E+00,+83.04020762E-03,+181.72106467E-03,-99.51782232E-03
+101.02500E-06,+998.17831069E-03,+6.40704256E-03,+151.57031122E-03,-145.81298839E-03
+101.05000E-06,+998.17831069E-03,+76.75880060E-03,+189.25875292E-03,-113.28125000E-03
+101.07500E-06,+981.84665252E-03,+83.04020762E-03,+131.46980892E-03,-48.88916021E-03
+101.10000E-06,+1.03837931529E+00,+42.83920303E-03,+128.95724602E-03,-87.00561518E-03
+101.12500E-06,+1.03837931529E+00,+42.83920303E-03,+115.13815075E-03,-73.24218750E-03
+101.15000E-06,+1.00445971772E+00,+42.83920303E-03,+155.33915535E-03,-113.28125000E-03
+101.17500E-06,+1.02204765711E+00,+83.04020762E-03,+155.33915535E-03,-73.24218750E-03
+101.20000E-06,+984.35921542E-03,+42.83920303E-03,+115.13815075E-03,-73.24218750E-03
+101.22500E-06,+1.03461047116E+00,+46.60804715E-03,+151.57031122E-03,-105.68237316E-03
+101.25000E-06,+998.17831069E-03,+42.83920303E-03,+115.13815075E-03,-73.24218750E-03
+101.27500E-06,+1.02204765711E+00,+26.50754486E-03,+139.00749717E-03,-113.28125000E-03
+101.30000E-06,+984.35921542E-03,+56.65829830E-03,+88.75624143E-03,-32.22656250E-03
+101.32500E-06,+1.00194715482E+00,+75.50251938E-03,+111.36930663E-03,-36.07177729E-03
+101.35000E-06,+998.17831069E-03,+83.04020762E-03,+149.05774832E-03,-66.83349604E-03
+101.37500E-06,+998.17831069E-03,+42.83920303E-03,+139.00749717E-03,-97.01538080E-03
+101.40000E-06,+1.01199740596E+00,+83.04020762E-03,+181.72106467E-03,-99.51782232E-03
+101.42500E-06,+998.17831069E-03,+39.07035891E-03,+118.90699488E-03,-80.74951161E-03
+101.45000E-06,+1.03209790826E+00,+42.83920303E-03,+149.05774832E-03,-107.02514643E-03
+101.47500E-06,+1.02204765711E+00,+66.70854945E-03,+115.13815075E-03,-48.88916021E-03
+101.50000E-06,+998.17831069E-03,+69.22111235E-03,+115.13815075E-03,-46.32568354E-03
+101.52500E-06,+1.00194715482E+00,+46.60804715E-03,+118.90699488E-03,-73.24218750E-03
+101.55000E-06,+1.03837931529E+00,+36.55779601E-03,+155.33915535E-03,-119.53735357E-03
+101.57500E-06,+1.01450996887E+00,+42.83920303E-03,+155.33915535E-03,-113.28125000E-03
+101.60000E-06,+1.01199740596E+00,+69.22111235E-03,+88.75624143E-03,-20.05004871E-03
+101.62500E-06,+961.74615022E-03,+83.04020762E-03,+159.10799947E-03,-76.99584955E-03
+101.65000E-06,+1.00445971772E+00,+42.83920303E-03,+149.05774832E-03,-107.02514643E-03
+101.67500E-06,+1.02204765711E+00,+2.63819844E-03,+155.33915535E-03,-153.32031250E-03
+101.70000E-06,+998.17831069E-03,+29.02010776E-03,+115.13815075E-03,-87.00561518E-03
+101.72500E-06,+961.74615022E-03,+10.17588668E-03,+151.57031122E-03,-141.96777361E-03
+101.75000E-06,+1.00445971772E+00,+2.63819844E-03,+161.62056237E-03,-159.57641607E-03
+101.77500E-06,+965.51499434E-03,+42.83920303E-03,+155.33915535E-03,-113.28125000E-03
+101.80000E-06,+998.17831069E-03,+29.02010776E-03,+155.33915535E-03,-127.04467768E-03
+101.82500E-06,+1.03837931529E+00,+6.40704256E-03,+115.13815075E-03,-109.52758795E-03
+101.85000E-06,+1.00445971772E+00,+76.75880060E-03,+149.05774832E-03,-73.24218750E-03
+101.87500E-06,+1.03837931529E+00,+99.37186580E-03,+98.80649258E-03,+305.17590E-06
+101.90000E-06,+1.01199740596E+00,+42.83920303E-03,+115.13815075E-03,-73.24218750E-03
+101.92500E-06,+1.03461047116E+00,+46.60804715E-03,+118.90699488E-03,-73.24218750E-03
+101.95000E-06,+1.03837931529E+00,+42.83920303E-03,+149.05774832E-03,-107.02514643E-03
+101.97500E-06,+1.01450996887E+00,+42.83920303E-03,+115.13815075E-03,-73.24218750E-03
+102.00000E-06,+984.35921542E-03,+29.02010776E-03,+101.31905548E-03,-73.24218750E-03
+102.02500E-06,+961.74615022E-03,+79.27136350E-03,+155.33915535E-03,-76.99584955E-03
+102.05000E-06,+998.17831069E-03,+42.83920303E-03,+149.05774832E-03,-107.02514643E-03
+102.07500E-06,+998.17831069E-03,+18.96985661E-03,+115.13815075E-03,-97.01538080E-03
+102.10000E-06,+1.03837931529E+00,+70.47739357E-03,+101.31905548E-03,-31.61621111E-03
+102.12500E-06,+998.17831069E-03,+42.83920303E-03,+155.33915535E-03,-113.28125000E-03
+102.15000E-06,+1.03209790826E+00,+49.12061006E-03,+115.13815075E-03,-66.83349603E-03
+102.17500E-06,+1.03837931529E+00,+42.83920303E-03,+155.33915535E-03,-113.28125000E-03
+102.20000E-06,+1.03837931529E+00,+83.04020762E-03,+155.33915535E-03,-73.24218750E-03
+102.22500E-06,+1.03461047116E+00,+42.83920303E-03,+111.36930663E-03,-69.39697272E-03
+102.25000E-06,+1.00445971772E+00,+83.04020762E-03,+121.41955778E-03,-38.63525397E-03
+102.27500E-06,+1.00571599894E+00,+66.70854945E-03,+155.33915535E-03,-89.50805670E-03
+102.30000E-06,+971.79640137E-03,+29.02010776E-03,+155.33915535E-03,-127.04467768E-03
+102.32500E-06,+1.04214815941E+00,+83.04020762E-03,+118.90699487E-03,-36.07177728E-03
+102.35000E-06,+1.03209790826E+00,+42.83920303E-03,+121.41955778E-03,-79.49829107E-03
+102.37500E-06,+1.01450996887E+00,+66.70854945E-03,+115.13815075E-03,-48.88916022E-03
+102.40000E-06,+998.17831069E-03,+42.83920303E-03,+88.75624143E-03,-46.32568353E-03
+102.42500E-06,+969.28383847E-03,+83.04020762E-03,+118.90699487E-03,-36.07177728E-03
+102.45000E-06,+1.03837931529E+00,+116.95980519E-03,+149.05774832E-03,-32.22656250E-03
+102.47500E-06,+1.01450996887E+00,+59.17086120E-03,+139.00749717E-03,-80.35278309E-03
+102.50000E-06,+1.01199740596E+00,+69.22111235E-03,+141.52006007E-03,-73.24218750E-03
+102.52500E-06,+994.40946657E-03,+83.04020762E-03,+151.57031122E-03,-69.39697272E-03
+102.55000E-06,+1.00445971772E+00,+83.04020762E-03,+115.13815075E-03,-32.22656250E-03
+102.57500E-06,+998.17831069E-03,+90.57789587E-03,+107.60046251E-03,-17.60864281E-03
+102.60000E-06,+1.01199740596E+00,+96.85930290E-03,+115.13815075E-03,-18.46313482E-03
+102.62500E-06,+1.03461047116E+00,+42.83920303E-03,+111.36930663E-03,-69.39697272E-03
+102.65000E-06,+998.17831069E-03,+83.04020762E-03,+115.13815075E-03,-32.22656250E-03
+102.67500E-06,+990.64062245E-03,+66.70854945E-03,+98.80649258E-03,-32.22656250E-03
+102.70000E-06,+1.02456022002E+00,+69.22111235E-03,+141.52006008E-03,-73.24218750E-03
+102.72500E-06,+1.07104263164E+00,+83.04020762E-03,+82.47483440E-03,+213.62316E-06
+102.75000E-06,+1.00445971772E+00,+42.83920303E-03,+115.13815075E-03,-73.24218750E-03
+102.77500E-06,+1.01450996887E+00,+66.70854945E-03,+115.13815075E-03,-48.88916022E-03
+102.80000E-06,+971.79640137E-03,+30.27638898E-03,+88.75624143E-03,-59.14306647E-03
+102.82500E-06,+961.74615022E-03,+86.80905175E-03,+115.13815075E-03,-28.47290045E-03
+102.85000E-06,+998.17831069E-03,+76.75880060E-03,+155.33915535E-03,-79.49829107E-03
+102.87500E-06,+1.03837931529E+00,+42.83920303E-03,+115.13815075E-03,-73.24218750E-03
+102.90000E-06,+1.02456022002E+00,+42.83920303E-03,+155.33915535E-03,-113.28125000E-03
+102.92500E-06,+1.03461047116E+00,+79.27136350E-03,+115.13815075E-03,-36.07177728E-03
+102.95000E-06,+1.03209790826E+00,+76.75880060E-03,+115.13815075E-03,-38.63525397E-03
+102.97500E-06,+998.17831069E-03,+42.83920303E-03,+115.13815075E-03,-73.24218750E-03
+103.00000E-06,+1.02456022002E+00,+42.83920303E-03,+155.33915535E-03,-113.28125000E-03
+103.02500E-06,+1.03461047116E+00,-1.13064569E-03,+118.90699487E-03,-120.78857410E-03
+103.05000E-06,+1.00445971772E+00,+49.12061006E-03,+189.25875291E-03,-140.80810535E-03
+103.07500E-06,+1.02204765711E+00,+66.70854945E-03,+115.13815075E-03,-48.88916022E-03
+103.10000E-06,+998.17831069E-03,+69.22111235E-03,+128.95724602E-03,-60.08911121E-03
+103.12500E-06,+1.00194715481E+00,+42.83920303E-03,+155.33915535E-03,-113.28125000E-03
+103.15000E-06,+1.06601750583E+00,+83.04020762E-03,+115.13815075E-03,-32.22656250E-03
+103.17500E-06,+1.03084162704E+00,+83.04020762E-03,+139.00749717E-03,-56.57958978E-03
+103.20000E-06,+1.01199740596E+00,+29.02010776E-03,+74.93714616E-03,-46.32568353E-03
+103.22500E-06,+998.17831069E-03,+86.80905175E-03,+155.33915535E-03,-69.39697272E-03
+103.25000E-06,+1.02581650123E+00,+49.12061006E-03,+149.05774832E-03,-100.61645496E-03
+103.27500E-06,+998.17831069E-03,+2.63819844E-03,+131.46980893E-03,-129.54711920E-03
+103.30000E-06,+971.79640137E-03,+42.83920303E-03,+141.52006008E-03,-99.51782232E-03
+103.32500E-06,+998.17831069E-03,+6.40704256E-03,+191.77131582E-03,-185.85205090E-03
+103.35000E-06,+964.25871312E-03,+2.63819844E-03,+127.70096481E-03,-125.79345715E-03
+103.37500E-06,+1.03837931529E+00,+42.83920303E-03,+115.13815075E-03,-73.24218750E-03
+103.40000E-06,+1.03837931529E+00,+56.65829830E-03,+155.33915535E-03,-99.51782232E-03
+103.42500E-06,+1.03461047117E+00,+39.07035891E-03,+115.13815075E-03,-76.99584955E-03
+103.45000E-06,+998.17831069E-03,+76.75880060E-03,+161.62056237E-03,-85.75439465E-03
+103.47500E-06,+1.04591700353E+00,+83.04020762E-03,+115.13815075E-03,-32.22656250E-03
+103.50000E-06,+1.02456022002E+00,+56.65829830E-03,+141.52006008E-03,-85.41870129E-03
+103.52500E-06,+1.03461047117E+00,+115.70352398E-03,+115.13815075E-03,+213.62317E-06
+103.55000E-06,+1.01074112475E+00,+55.40201708E-03,+155.33915535E-03,-100.61645496E-03
+103.57500E-06,+981.84665252E-03,+42.83920303E-03,+155.33915535E-03,-113.28125000E-03
+103.60000E-06,+1.01199740596E+00,+42.83920303E-03,+115.13815075E-03,-73.24218750E-03
+103.62500E-06,+998.17831069E-03,+46.60804715E-03,+191.77131582E-03,-145.81298840E-03
+103.65000E-06,+991.89690366E-03,+8.91960546E-03,+115.13815075E-03,-107.02514642E-03
+103.67500E-06,+1.02204765711E+00,+42.83920303E-03,+115.13815075E-03,-73.24218750E-03
+103.70000E-06,+1.02456022002E+00,+83.04020762E-03,+155.33915535E-03,-73.24218750E-03
+103.72500E-06,+1.00194715481E+00,+42.83920303E-03,+155.33915535E-03,-113.28125000E-03
+103.75000E-06,+1.03209790826E+00,+42.83920303E-03,+115.13815075E-03,-73.24218750E-03
+103.77500E-06,+1.03837931529E+00,+42.83920303E-03,+115.13815075E-03,-73.24218750E-03
+103.80000E-06,+1.02456022002E+00,+69.22111235E-03,+155.33915535E-03,-87.00561517E-03
+103.82500E-06,+998.17831069E-03,-1.13064569E-03,+155.33915535E-03,-157.07397455E-03
+103.85000E-06,+964.25871313E-03,+8.91960546E-03,+149.05774832E-03,-140.80810535E-03
+103.87500E-06,+974.30896427E-03,+83.04020762E-03,+115.13815075E-03,-32.22656250E-03
+103.90000E-06,+1.01199740596E+00,+83.04020762E-03,+115.13815075E-03,-32.22656250E-03
+103.92500E-06,+1.03837931529E+00,+46.60804715E-03,+111.36930663E-03,-65.64331067E-03
+103.95000E-06,+1.03837931529E+00,+42.83920303E-03,+149.05774832E-03,-107.02514642E-03
+103.97500E-06,+1.01450996887E+00,+66.70854945E-03,+131.46980893E-03,-65.15502942E-03
+104.00000E-06,+1.01199740596E+00,+69.22111236E-03,+101.31905548E-03,-32.22656250E-03
+104.02500E-06,+1.03837931529E+00,+86.80905175E-03,+151.57031123E-03,-65.64331067E-03
+104.05000E-06,+998.17831069E-03,+76.75880060E-03,+115.13815075E-03,-38.63525397E-03
+104.07500E-06,+1.01450996887E+00,+59.17086121E-03,+139.00749717E-03,-80.35278308E-03
+104.10000E-06,+1.03837931529E+00,+42.83920303E-03,+128.95724602E-03,-87.00561517E-03
+104.12500E-06,+961.74615022E-03,-30.02511792E-03,+155.33915535E-03,-185.85205090E-03
+104.15000E-06,+998.17831069E-03,+8.91960546E-03,+149.05774832E-03,-140.80810535E-03
+104.17500E-06,+981.84665252E-03,+10.17588668E-03,+139.00749717E-03,-129.54711920E-03
+104.20000E-06,+998.17831069E-03,+69.22111236E-03,+128.95724602E-03,-60.08911121E-03
+104.22500E-06,+1.00571599893E+00,+6.40704256E-03,+155.33915535E-03,-149.56665045E-03
+104.25000E-06,+998.17831069E-03,+76.75880060E-03,+121.41955778E-03,-44.89135754E-03
+104.27500E-06,+1.02204765711E+00,+99.37186580E-03,+115.13815075E-03,-15.96069330E-03
+104.30000E-06,+1.02456022002E+00,+109.42211695E-03,+128.95724602E-03,-20.05004871E-03
+104.32500E-06,+1.03837931529E+00,+79.27136350E-03,+82.47483440E-03,-3.54003888E-03
+104.35000E-06,+1.03209790826E+00,+83.04020762E-03,+115.13815075E-03,-32.22656250E-03
+104.37500E-06,+998.17831069E-03,+83.04020762E-03,+139.00749717E-03,-56.57958978E-03
+104.40000E-06,+944.15821083E-03,+16.45729370E-03,+127.70096481E-03,-111.69433612E-03
+104.42500E-06,+965.51499434E-03,+42.83920303E-03,+115.13815075E-03,-73.24218750E-03
+104.45000E-06,+1.02581650123E+00,+76.75880060E-03,+121.41955778E-03,-44.89135754E-03
+104.47500E-06,+1.01450996887E+00,+26.50754485E-03,+131.46980893E-03,-105.77392590E-03
+104.50000E-06,+1.02456022002E+00,+83.04020762E-03,+115.13815075E-03,-32.22656250E-03
+104.52500E-06,+994.40946657E-03,+83.04020762E-03,+115.13815075E-03,-32.22656250E-03
+104.55000E-06,+998.17831069E-03,+83.04020762E-03,+115.13815075E-03,-32.22656250E-03
+104.57500E-06,+1.06224866170E+00,+26.50754485E-03,+115.13815075E-03,-89.50805670E-03
+104.60000E-06,+1.02456022002E+00,+109.42211695E-03,+141.52006008E-03,-32.22656250E-03
+104.62500E-06,+998.17831069E-03,+42.83920303E-03,+115.13815075E-03,-73.24218750E-03
+104.65000E-06,+998.17831069E-03,+42.83920303E-03,+121.41955778E-03,-79.49829108E-03
+104.67500E-06,+1.03837931529E+00,+59.17086121E-03,+115.13815075E-03,-56.57958978E-03
+104.70000E-06,+945.41449204E-03,+56.65829830E-03,+141.52006008E-03,-85.41870129E-03
+104.72500E-06,+1.00194715481E+00,+79.27136350E-03,+151.57031123E-03,-73.24218750E-03
+104.75000E-06,+998.17831069E-03,+42.83920303E-03,+121.41955778E-03,-79.49829108E-03
+104.77500E-06,+1.03837931529E+00,+42.83920303E-03,+98.80649257E-03,-56.57958978E-03
+104.80000E-06,+984.35921542E-03,+42.83920303E-03,+74.93714616E-03,-32.22656250E-03
+104.82500E-06,+998.17831069E-03,+83.04020762E-03,+159.10799947E-03,-76.99584955E-03
+104.85000E-06,+1.02581650123E+00,+42.83920303E-03,+115.13815075E-03,-73.24218750E-03
+104.87500E-06,+1.01450996887E+00,+42.83920303E-03,+115.13815075E-03,-73.24218750E-03
