x-axis,1,2,3,4
second,Volt,Volt,Volt,Volt
-20.00000E-06,+1.04368717596E+00,+1.00386304781E+00,+1.02989945002E+00,+5.01257554E-03
-19.95000E-06,+1.02861179924E+00,+1.01391329896E+00,+1.01482407330E+00,+6.01760065E-03
-19.90000E-06,+1.01353642251E+00,+1.02396355011E+00,+1.02989945002E+00,+7.02262577E-03
-19.85000E-06,+1.03866205039E+00,+1.02396355011E+00,+1.02487432444E+00,+5.01257554E-03
-19.80000E-06,+1.00348617136E+00,+1.04406405240E+00,+1.00979894772E+00,+9.03267600E-03
-19.75000E-06,+1.02358667366E+00,+1.03903892683E+00,+1.02989945002E+00,+9.03267600E-03
-19.70000E-06,+1.03363692481E+00,+1.01391329896E+00,+1.02989945002E+00,+7.02262577E-03
-19.65000E-06,+1.02861179924E+00,+1.00888817338E+00,+1.02487432444E+00,+9.03267600E-03
-19.60000E-06,+1.02358667366E+00,+1.02396355011E+00,+1.02989945002E+00,+9.03267600E-03
-19.55000E-06,+1.02358667366E+00,+1.03903892683E+00,+1.02989945002E+00,+6.01760065E-03
-19.50000E-06,+1.04368717596E+00,+1.03401380125E+00,+1.01984919887E+00,+9.03267600E-03
-19.45000E-06,+1.01856154809E+00,+1.02396355011E+00,+1.01482407330E+00,+9.03267600E-03
-19.40000E-06,+1.04368717596E+00,+1.02396355011E+00,+1.04999995232E+00,+5.01257554E-03
-19.35000E-06,+1.01353642251E+00,+1.02396355011E+00,+1.01482407330E+00,+5.01257554E-03
-19.30000E-06,+1.03363692481E+00,+1.02396355011E+00,+1.01984919887E+00,+7.02262577E-03
-19.25000E-06,+1.02358667366E+00,+1.00386304781E+00,+1.00979894772E+00,+9.03267600E-03
-19.20000E-06,+1.02358667366E+00,+1.02396355011E+00,+1.04999995232E+00,+9.03267600E-03
-19.15000E-06,+1.02358667366E+00,+1.02898867568E+00,+1.03492457559E+00,+6.01760065E-03
-19.10000E-06,+1.03363692481E+00,+1.05411430355E+00,+1.03994970117E+00,+7.02262577E-03
-19.05000E-06,+1.03866205039E+00,+1.02396355011E+00,+1.00979894772E+00,+6.01760065E-03
-19.00000E-06,+1.04368717596E+00,+1.02396355011E+00,+1.00979894772E+00,+9.03267600E-03
-18.95000E-06,+1.03363692481E+00,+1.02898867568E+00,+1.06507532904E+00,+8.02765088E-03
-18.90000E-06,+1.03363692481E+00,+1.03401380125E+00,+1.03994970117E+00,+5.01257554E-03
-18.85000E-06,+1.04368717596E+00,+1.03903892683E+00,+1.00979894772E+00,+8.02765088E-03
-18.80000E-06,+1.02358667366E+00,+1.04406405240E+00,+1.00979894772E+00,+9.03267600E-03
-18.75000E-06,+1.02358667366E+00,+1.02396355011E+00,+1.02989945002E+00,+12.04775134E-03
-18.70000E-06,+1.02358667366E+00,+1.02396355011E+00,+1.00979894772E+00,+7.02262577E-03
-18.65000E-06,+1.01856154809E+00,+1.02396355011E+00,+1.03492457559E+00,+9.03267600E-03
-18.60000E-06,+1.02358667366E+00,+1.02396355011E+00,+1.04999995232E+00,+5.01257554E-03
-18.55000E-06,+1.03866205038E+00,+1.02396355011E+00,+994.72357100E-03,+8.02765088E-03
-18.50000E-06,+1.02358667366E+00,+1.01391329896E+00,+1.02989945002E+00,+11.04272623E-03
-18.45000E-06,+1.02861179924E+00,+1.05913942913E+00,+1.03492457559E+00,+9.03267600E-03
-18.40000E-06,+1.06378767826E+00,+1.04406405240E+00,+1.02989945002E+00,+9.03267600E-03
-18.35000E-06,+1.02358667366E+00,+1.02396355011E+00,+1.01482407330E+00,+12.04775134E-03
-18.30000E-06,+1.02358667366E+00,+1.01391329896E+00,+1.01984919887E+00,+9.03267600E-03
-18.25000E-06,+1.03866205039E+00,+1.02396355011E+00,+1.02989945002E+00,+8.02765088E-03
-18.20000E-06,+1.02358667366E+00,+1.02396355011E+00,+1.02989945002E+00,+5.01257554E-03
-18.15000E-06,+1.03866205038E+00,+1.03401380125E+00,+1.02989945002E+00,+3.00252531E-03
-18.10000E-06,+1.02358667366E+00,+1.02396355011E+00,+1.02989945002E+00,+7.02262577E-03
-18.05000E-06,+1.02358667366E+00,+1.02396355011E+00,+1.02487432445E+00,+12.04775134E-03
-18.00000E-06,+1.04368717596E+00,+1.00386304781E+00,+1.00979894772E+00,+9.03267600E-03
-17.95000E-06,+1.02358667366E+00,+1.01893842453E+00,+994.72357100E-03,+14.05780157E-03
-17.90000E-06,+1.03363692481E+00,+1.04406405240E+00,+1.02989945002E+00,+9.03267600E-03
-17.85000E-06,+1.03363692481E+00,+1.07923993142E+00,+1.03492457559E+00,+992.47508E-06
-17.80000E-06,+1.02358667366E+00,+1.02396355011E+00,+1.04999995231E+00,+5.01257554E-03
-17.75000E-06,+1.02358667366E+00,+1.04406405240E+00,+1.02989945002E+00,+12.04775134E-03
-17.70000E-06,+1.03363692481E+00,+1.03401380125E+00,+1.01984919887E+00,+3.00252531E-03
-17.65000E-06,+1.02861179924E+00,+1.02396355011E+00,+1.02989945002E+00,+9.03267600E-03
-17.60000E-06,+1.04368717596E+00,+1.04406405240E+00,+1.04999995232E+00,+13.05277646E-03
-17.55000E-06,+1.02358667366E+00,+1.02898867568E+00,+1.02487432444E+00,+8.02765088E-03
-17.50000E-06,+1.04368717596E+00,+1.03401380125E+00,+1.02989945002E+00,+5.01257554E-03
-17.45000E-06,+1.02358667366E+00,+1.02396355011E+00,+1.02989945002E+00,+8.02765088E-03
-17.40000E-06,+1.04368717596E+00,+1.02396355011E+00,+1.00979894772E+00,+9.03267600E-03
-17.35000E-06,+1.02358667366E+00,+1.02396355011E+00,+1.01482407330E+00,+11.04272623E-03
-17.30000E-06,+1.05373742711E+00,+1.04406405240E+00,+1.02989945002E+00,+9.03267600E-03
-17.25000E-06,+1.01856154809E+00,+1.04406405240E+00,+1.04497482674E+00,+9.03267600E-03
-17.20000E-06,+1.04368717596E+00,+1.02396355011E+00,+1.00979894772E+00,+5.01257554E-03
-17.15000E-06,+1.01353642252E+00,+1.02396355011E+00,+1.04497482674E+00,+8.02765088E-03
-17.10000E-06,+1.02358667366E+00,+1.02396355011E+00,+1.03994970117E+00,+7.02262577E-03
-17.05000E-06,+1.03363692481E+00,+1.02898867568E+00,+1.02989945002E+00,+7.02262577E-03
-17.00000E-06,+1.02358667366E+00,+1.04406405240E+00,+1.04999995232E+00,+9.03267600E-03
-16.95000E-06,+1.01856154809E+00,+1.03401380125E+00,+1.03492457559E+00,+9.03267600E-03
-16.90000E-06,+1.01353642251E+00,+1.03401380126E+00,+1.02989945002E+00,+11.04272623E-03
-16.85000E-06,+1.02861179924E+00,+1.04406405240E+00,+1.00979894772E+00,+12.04775134E-03
-16.80000E-06,+1.04368717596E+00,+1.04406405240E+00,+1.00979894772E+00,+992.47508E-06
-16.75000E-06,+1.02861179924E+00,+1.02898867568E+00,+1.02989945002E+00,+9.03267600E-03
-16.70000E-06,+1.03363692481E+00,+1.02396355011E+00,+1.02989945002E+00,+9.03267600E-03
-16.65000E-06,+1.03866205039E+00,+1.05913942913E+00,+1.01984919887E+00,+8.02765088E-03
-16.60000E-06,+1.02358667366E+00,+1.00386304781E+00,+1.02989945002E+00,+5.01257554E-03
-16.55000E-06,+1.03363692481E+00,+1.03903892683E+00,+1.04497482674E+00,+5.01257554E-03
-16.50000E-06,+1.04368717596E+00,+1.03401380126E+00,+1.06005020347E+00,+5.01257554E-03
-16.45000E-06,+1.02358667366E+00,+1.01391329896E+00,+1.03994970117E+00,+5.01257554E-03
-16.40000E-06,+1.02358667366E+00,+1.04406405240E+00,+1.02989945002E+00,+9.03267600E-03
-16.35000E-06,+1.02358667366E+00,+1.02396355011E+00,+1.04497482674E+00,+15.06282669E-03
-16.30000E-06,+1.02358667366E+00,+1.02396355011E+00,+1.00979894772E+00,+9.03267600E-03
-16.25000E-06,+1.03866205039E+00,+1.02396355011E+00,+1.02487432445E+00,+9.03267600E-03
-16.20000E-06,+1.02358667366E+00,+1.00386304781E+00,+1.00979894772E+00,+9.03267600E-03
-16.15000E-06,+1.03866205038E+00,+1.03401380125E+00,+1.03492457559E+00,+5.01257554E-03
-16.10000E-06,+1.02358667366E+00,+1.03401380126E+00,+1.02989945002E+00,+7.02262577E-03
-16.05000E-06,+1.02861179924E+00,+1.02396355011E+00,+1.04999995232E+00,+8.02765088E-03
-16.00000E-06,+1.02358667366E+00,+1.04406405240E+00,+1.04999995231E+00,+9.03267600E-03
-15.95000E-06,+1.03866205038E+00,+1.02898867568E+00,+1.02487432444E+00,+12.04775134E-03
-15.90000E-06,+1.03363692481E+00,+1.02396355011E+00,+1.04999995232E+00,+7.02262577E-03
-15.85000E-06,+1.02358667366E+00,+1.01893842453E+00,+1.01482407329E+00,+11.04272623E-03
-15.80000E-06,+1.02358667366E+00,+1.02396355011E+00,+989.69844543E-03,+5.01257554E-03
-15.75000E-06,+1.03363692481E+00,+1.04406405240E+00,+1.00979894772E+00,+9.03267600E-03
-15.70000E-06,+1.03363692481E+00,+1.03401380125E+00,+1.02989945002E+00,+9.03267600E-03
-15.65000E-06,+1.02358667366E+00,+1.03903892683E+00,+1.04497482674E+00,+11.04272623E-03
-15.60000E-06,+1.02358667366E+00,+1.02396355011E+00,+1.02989945002E+00,+9.03267600E-03
-15.55000E-06,+1.00851129694E+00,+1.01391329896E+00,+1.01482407330E+00,+13.05277646E-03
-15.50000E-06,+1.03363692481E+00,+1.04406405240E+00,+1.01984919887E+00,+9.03267600E-03
-15.45000E-06,+1.03866205039E+00,+1.02898867568E+00,+1.04497482674E+00,+4.00755042E-03
-15.40000E-06,+1.04368717596E+00,+1.02396355011E+00,+1.00979894772E+00,+9.03267600E-03
-15.35000E-06,+1.00851129694E+00,+1.02396355011E+00,+1.02487432444E+00,+8.02765088E-03
-15.30000E-06,+1.03363692481E+00,+1.02396355011E+00,+1.02989945002E+00,+13.05277646E-03
-15.25000E-06,+1.02358667366E+00,+1.03401380126E+00,+1.01482407329E+00,+9.03267600E-03
-15.20000E-06,+1.04368717596E+00,+1.04406405240E+00,+1.02989945002E+00,+9.03267600E-03
-15.15000E-06,+1.04368717596E+00,+1.04406405240E+00,+1.02989945002E+00,+6.01760065E-03
-15.10000E-06,+1.04368717596E+00,+1.02396355010E+00,+1.03994970117E+00,+9.03267600E-03
-15.05000E-06,+1.04368717596E+00,+1.03903892683E+00,+1.05502507789E+00,+5.01257554E-03
-15.00000E-06,+1.02358667366E+00,+1.04406405240E+00,+989.69844543E-03,+13.05277646E-03
-14.95000E-06,+1.02861179924E+00,+1.04406405240E+00,+1.02487432444E+00,+8.02765088E-03
-14.90000E-06,+1.03363692481E+00,+1.02396355011E+00,+1.01984919887E+00,+13.05277646E-03
-14.85000E-06,+1.02861179924E+00,+1.02898867568E+00,+1.03994970117E+00,+9.03267600E-03
-14.80000E-06,+1.02358667366E+00,+1.04406405240E+00,+1.04999995231E+00,+13.05277646E-03
-14.75000E-06,+1.03866205038E+00,+1.02396355011E+00,+1.01482407330E+00,+9.03267600E-03
-14.70000E-06,+1.02358667366E+00,+1.02396355011E+00,+1.03994970117E+00,+7.02262577E-03
-14.65000E-06,+1.00851129694E+00,+1.02396355011E+00,+1.02989945002E+00,+9.03267600E-03
-14.60000E-06,+1.02358667366E+00,+1.04406405240E+00,+1.04999995231E+00,+9.03267600E-03
-14.55000E-06,+1.03363692481E+00,+1.02396355011E+00,+1.03492457559E+00,+10.03770111E-03
-14.50000E-06,+1.03363692481E+00,+1.04406405240E+00,+1.02989945002E+00,+15.06282669E-03
-14.45000E-06,+1.03866205039E+00,+1.03903892683E+00,+1.01984919887E+00,+6.01760065E-03
-14.40000E-06,+1.02358667366E+00,+1.06416455470E+00,+989.69844543E-03,+9.03267600E-03
-14.35000E-06,+1.00851129694E+00,+1.03903892683E+00,+1.02989945002E+00,+7.02262577E-03
-14.30000E-06,+1.00348617136E+00,+1.03401380126E+00,+1.02989945002E+00,+7.02262577E-03
-14.25000E-06,+1.04368717596E+00,+1.02898867568E+00,+1.00979894772E+00,+9.03267600E-03
-14.20000E-06,+1.00348617137E+00,+1.00386304781E+00,+1.02989945002E+00,+13.05277646E-03
-14.15000E-06,+1.03866205038E+00,+1.02898867568E+00,+1.03492457559E+00,+7.02262577E-03
-14.10000E-06,+1.04368717596E+00,+1.02396355011E+00,+1.02989945002E+00,+9.03267600E-03
-14.05000E-06,+1.05373742711E+00,+1.03903892683E+00,+1.03994970117E+00,+9.03267600E-03
-14.00000E-06,+1.06378767825E+00,+1.00386304781E+00,+1.00979894772E+00,+9.03267600E-03
-13.95000E-06,+1.02861179924E+00,+1.03903892683E+00,+1.03492457559E+00,+5.01257554E-03
-13.90000E-06,+1.02358667366E+00,+1.02396355011E+00,+1.02989945002E+00,+7.02262577E-03
-13.85000E-06,+1.02861179924E+00,+1.03903892683E+00,+1.02989945002E+00,+5.01257554E-03
-13.80000E-06,+1.02358667366E+00,+1.02396355011E+00,+1.04999995232E+00,+5.01257554E-03
-13.75000E-06,+1.03363692481E+00,+1.03903892683E+00,+1.06507532904E+00,+15.06282669E-03
-13.70000E-06,+1.01353642251E+00,+1.03401380126E+00,+1.31130648219E+00,+9.03267600E-03
-13.65000E-06,+1.02358667366E+00,+1.02898867568E+00,+1.36155773792E+00,+15.06282669E-03
-13.60000E-06,+1.04368717596E+00,+1.28527007998E+00,+1.37160798907E+00,+29.13317829E-03
-13.55000E-06,+1.03363692481E+00,+1.38074746588E+00,+1.35150748678E+00,+7.02262577E-03
-13.50000E-06,+1.05373742711E+00,+1.37572234031E+00,+1.36155773793E+00,+9.03267600E-03
-13.45000E-06,+1.02861179924E+00,+1.36064696359E+00,+1.33140698448E+00,+1.99750019E-03
-13.40000E-06,+1.06378767826E+00,+1.10436555929E+00,+1.31130648219E+00,-11.06782630E-03
-13.35000E-06,+1.00851129694E+00,+1.03903892683E+00,+1.06005020346E+00,+26.11810295E-03
-13.30000E-06,+1.02358667366E+00,+1.04406405240E+00,+1.03994970117E+00,+13.05277646E-03
-13.25000E-06,+1.04368717596E+00,+1.02396355011E+00,+1.02989945002E+00,+16.06785180E-03
-13.20000E-06,+1.02358667366E+00,+1.26516957768E+00,+1.02989945002E+00,+21.09297737E-03
-13.15000E-06,+1.02861179924E+00,+1.36567208916E+00,+1.01482407330E+00,+10.03770111E-03
-13.10000E-06,+1.00348617136E+00,+1.33552133571E+00,+1.02989945002E+00,+5.01257554E-03
-13.05000E-06,+1.03363692481E+00,+1.34557158686E+00,+1.04999995232E+00,+1.99750019E-03
-13.00000E-06,+1.04368717596E+00,+1.14456656389E+00,+1.00979894772E+00,-19.10802722E-03
-12.95000E-06,+1.03363692481E+00,+1.02898867568E+00,+1.01482407330E+00,+992.47508E-06
-12.90000E-06,+1.02358667366E+00,+1.02396355010E+00,+1.00979894772E+00,+13.05277646E-03
-12.85000E-06,+1.03866205039E+00,+1.04406405240E+00,+1.02487432444E+00,+19.08292715E-03
-12.80000E-06,+1.02358667366E+00,+1.32547108457E+00,+1.02989945002E+00,+21.09297737E-03
-12.75000E-06,+1.04368717596E+00,+1.36567208916E+00,+1.02989945002E+00,+16.06785180E-03
-12.70000E-06,+1.01353642251E+00,+1.34557158686E+00,+1.01984919887E+00,+11.04272623E-03
-12.65000E-06,+1.04368717596E+00,+1.36064696359E+00,+1.02487432445E+00,+5.01257554E-03
-12.60000E-06,+1.02358667366E+00,+1.16466706618E+00,+1.02989945002E+00,-23.12812768E-03
-12.55000E-06,+1.01856154809E+00,+1.03903892683E+00,+1.02989945002E+00,-12.55004E-06
-12.50000E-06,+1.02358667366E+00,+1.04406405240E+00,+1.03994970117E+00,+15.06282669E-03
-12.45000E-06,+1.02358667366E+00,+1.00888817338E+00,+1.04999995232E+00,+9.03267600E-03
-12.40000E-06,+1.02358667366E+00,+1.32547108456E+00,+1.02989945002E+00,+17.07287692E-03
-12.35000E-06,+1.02861179924E+00,+1.35059671244E+00,+1.02989945002E+00,+9.03267600E-03
-12.30000E-06,+1.02358667366E+00,+1.35562183801E+00,+1.00979894772E+00,+7.02262577E-03
-12.25000E-06,+1.04368717596E+00,+1.35562183801E+00,+1.05502507789E+00,+3.00252531E-03
-12.20000E-06,+1.04368717596E+00,+1.12446606159E+00,+989.69844543E-03,-19.10802722E-03
-12.15000E-06,+1.01856154809E+00,+1.03401380125E+00,+1.03994970117E+00,+4.00755042E-03
-12.10000E-06,+1.02358667366E+00,+1.03401380126E+00,+1.02989945002E+00,+11.04272623E-03
-12.05000E-06,+1.00851129694E+00,+1.01893842453E+00,+1.00979894772E+00,+17.07287692E-03
-12.00000E-06,+1.02358667366E+00,+1.26516957768E+00,+1.04999995231E+00,+25.11307783E-03
-11.95000E-06,+1.02358667366E+00,+1.35059671244E+00,+1.01984919887E+00,+6.01760065E-03
-11.90000E-06,+1.01353642251E+00,+1.35562183801E+00,+1.02989945002E+00,+7.02262577E-03
-11.85000E-06,+1.02358667366E+00,+1.36064696359E+00,+1.02487432445E+00,+3.00252531E-03
-11.80000E-06,+1.04368717596E+00,+1.20486807077E+00,+1.00979894772E+00,-15.08792676E-03
-11.75000E-06,+1.05876255268E+00,+1.01893842453E+00,+1.04999995232E+00,+992.47508E-06
-11.70000E-06,+1.05373742711E+00,+1.01391329896E+00,+1.01984919887E+00,+9.03267600E-03
-11.65000E-06,+1.02358667366E+00,+1.02396355011E+00,+1.03994970117E+00,+16.06785180E-03
-11.60000E-06,+1.02358667366E+00,+1.28527007998E+00,+1.04999995232E+00,+37.17337921E-03
-11.55000E-06,+1.02861179924E+00,+1.34054646129E+00,+1.01984919887E+00,+10.03770111E-03
-11.50000E-06,+1.02358667366E+00,+1.35562183801E+00,+1.02989945002E+00,+11.04272623E-03
-11.45000E-06,+1.02358667366E+00,+1.33552133571E+00,+1.02487432445E+00,+9.03267600E-03
-11.40000E-06,+1.00348617136E+00,+1.06416455470E+00,+1.02989945002E+00,-19.10802722E-03
-11.35000E-06,+1.04368717596E+00,+1.02396355011E+00,+1.02989945002E+00,+8.02765088E-03
-11.30000E-06,+1.01353642251E+00,+1.02396355011E+00,+1.02989945002E+00,+9.03267600E-03
-11.25000E-06,+1.02358667366E+00,+1.03903892683E+00,+1.04497482674E+00,+13.05277646E-03
-11.20000E-06,+1.04368717596E+00,+1.30537058227E+00,+1.02989945002E+00,+21.09297737E-03
-11.15000E-06,+1.04368717596E+00,+1.36567208916E+00,+1.01482407330E+00,+10.03770111E-03
-11.10000E-06,+1.02358667366E+00,+1.35562183801E+00,+1.03994970117E+00,+9.03267600E-03
-11.05000E-06,+1.02358667366E+00,+1.36064696359E+00,+1.01482407330E+00,+12.04775134E-03
-11.00000E-06,+1.02358667366E+00,+1.10436555929E+00,+989.69844543E-03,-11.06782630E-03
-10.95000E-06,+1.02358667366E+00,+1.00888817338E+00,+1.05502507789E+00,-5.03767561E-03
-10.90000E-06,+1.03363692481E+00,+1.01391329896E+00,+1.02989945002E+00,+5.01257554E-03
-10.85000E-06,+1.02358667366E+00,+1.01391329896E+00,+1.02989945002E+00,+20.08795226E-03
-10.80000E-06,+1.02358667366E+00,+1.24506907538E+00,+1.04999995232E+00,+25.11307783E-03
-10.75000E-06,+1.03866205038E+00,+1.35562183801E+00,+1.01482407330E+00,+10.03770111E-03
-10.70000E-06,+1.02358667366E+00,+1.34557158686E+00,+1.01984919887E+00,+5.01257554E-03
-10.65000E-06,+1.02358667366E+00,+1.34557158686E+00,+1.04497482674E+00,+4.00755042E-03
-10.60000E-06,+1.02358667366E+00,+1.10436555929E+00,+1.00979894772E+00,-15.08792676E-03
-10.55000E-06,+993.43592022E-03,+1.02396355011E+00,+1.02989945002E+00,+992.47508E-06
-10.50000E-06,+1.02358667366E+00,+1.02396355011E+00,+1.00979894772E+00,+9.03267600E-03
-10.45000E-06,+1.01353642251E+00,+988.78767108E-03,+1.01482407330E+00,+16.06785180E-03
-10.40000E-06,+1.02358667366E+00,+1.26516957768E+00,+1.02989945002E+00,+25.11307783E-03
-10.35000E-06,+998.46104579E-03,+1.36064696359E+00,+1.01482407330E+00,+10.03770111E-03
-10.30000E-06,+1.01353642251E+00,+1.36567208916E+00,+1.02989945002E+00,+7.02262577E-03
-10.25000E-06,+1.04368717596E+00,+1.36064696359E+00,+1.00979894772E+00,+6.01760065E-03
-10.20000E-06,+1.00348617136E+00,+1.08426505700E+00,+989.69844543E-03,-7.04772584E-03
-10.15000E-06,+1.01856154809E+00,+1.01391329896E+00,+1.02487432444E+00,+992.47508E-06
-10.10000E-06,+1.02358667366E+00,+1.01391329896E+00,+1.02989945002E+00,+9.03267600E-03
-10.05000E-06,+1.02358667366E+00,+1.04406405240E+00,+1.02989945002E+00,+13.05277646E-03
-10.00000E-06,+1.04368717596E+00,+1.30537058227E+00,+1.00979894772E+00,+21.09297737E-03
-9.95000E-06,+1.02358667366E+00,+1.35059671244E+00,+1.01984919887E+00,+16.06785180E-03
-9.90000E-06,+1.02358667366E+00,+1.34557158686E+00,+1.04999995232E+00,+7.02262577E-03
-9.85000E-06,+1.03866205039E+00,+1.38074746588E+00,+1.02989945002E+00,+7.02262577E-03
-9.80000E-06,+1.04368717596E+00,+1.10436555929E+00,+1.00979894772E+00,-15.08792676E-03
-9.75000E-06,+1.02358667366E+00,+1.00888817338E+00,+1.02487432444E+00,+4.00755042E-03
-9.70000E-06,+1.01353642251E+00,+1.03401380125E+00,+1.03994970117E+00,+9.03267600E-03
-9.65000E-06,+1.03363692481E+00,+1.04406405240E+00,+1.02989945002E+00,+10.03770111E-03
-9.60000E-06,+1.02358667366E+00,+1.28527007997E+00,+1.04999995232E+00,+25.11307783E-03
-9.55000E-06,+1.05373742711E+00,+1.35059671244E+00,+1.01482407330E+00,+9.03267600E-03
-9.50000E-06,+1.03363692481E+00,+1.36567208916E+00,+1.02989945002E+00,+7.02262577E-03
-9.45000E-06,+1.03866205039E+00,+1.36567208916E+00,+1.02989945002E+00,+8.02765088E-03
-9.40000E-06,+1.02358667366E+00,+1.10436555929E+00,+1.00979894772E+00,-15.08792676E-03
-9.35000E-06,+1.03866205038E+00,+1.02396355011E+00,+1.05502507789E+00,+4.00755042E-03
-9.30000E-06,+1.03363692481E+00,+1.03401380126E+00,+1.02989945002E+00,+5.01257554E-03
-9.25000E-06,+1.03866205039E+00,+1.02396355011E+00,+1.02989945002E+00,+13.05277646E-03
-9.20000E-06,+1.02358667366E+00,+1.26516957768E+00,+1.04999995232E+00,+29.13317829E-03
-9.15000E-06,+1.02861179924E+00,+1.35059671244E+00,+1.00979894772E+00,+10.03770111E-03
-9.10000E-06,+1.02358667366E+00,+1.35562183801E+00,+1.03994970117E+00,+5.01257554E-03
-9.05000E-06,+1.02861179924E+00,+1.34557158686E+00,+1.04497482674E+00,+4.00755042E-03
-9.00000E-06,+1.04368717596E+00,+1.08426505700E+00,+1.00979894772E+00,-11.06782630E-03
-8.95000E-06,+1.01856154809E+00,+1.03401380125E+00,+1.02989945002E+00,-2.02260027E-03
-8.90000E-06,+1.03363692481E+00,+1.02396355010E+00,+1.00979894772E+00,+13.05277646E-03
-8.85000E-06,+1.02861179924E+00,+1.03903892683E+00,+1.02989945002E+00,+16.06785180E-03
-8.80000E-06,+1.02358667366E+00,+1.28527007997E+00,+1.02989945002E+00,+29.13317829E-03
-8.75000E-06,+1.02861179924E+00,+1.35059671244E+00,+1.01984919887E+00,+12.04775134E-03
-8.70000E-06,+1.03363692481E+00,+1.36567208916E+00,+1.02989945002E+00,+5.01257554E-03
-8.65000E-06,+1.02358667366E+00,+1.34557158686E+00,+1.00979894772E+00,+7.02262577E-03
-8.60000E-06,+1.02358667366E+00,+1.10436555929E+00,+989.69844543E-03,-11.06782630E-03
-8.55000E-06,+1.02358667366E+00,+1.04406405240E+00,+1.02989945002E+00,+3.00252531E-03
-8.50000E-06,+1.03363692481E+00,+1.02396355011E+00,+1.03994970117E+00,+5.01257554E-03
-8.45000E-06,+1.02358667366E+00,+1.01893842453E+00,+1.03994970117E+00,+12.04775134E-03
-8.40000E-06,+1.04368717596E+00,+1.30537058227E+00,+1.02989945002E+00,+29.13317829E-03
-8.35000E-06,+1.05373742711E+00,+1.36064696358E+00,+1.00979894772E+00,+10.03770111E-03
-8.30000E-06,+1.01353642251E+00,+1.36567208916E+00,+1.01984919887E+00,+7.02262577E-03
-8.25000E-06,+1.05876255268E+00,+1.36064696359E+00,+1.04999995232E+00,+3.00252531E-03
-8.20000E-06,+1.04368717596E+00,+1.18476756848E+00,+989.69844543E-03,-19.10802722E-03
-8.15000E-06,+1.03363692481E+00,+1.02396355011E+00,+1.01482407330E+00,+992.47508E-06
-8.10000E-06,+1.01353642251E+00,+1.02396355011E+00,+1.02989945002E+00,+7.02262577E-03
-8.05000E-06,+1.02358667366E+00,+1.00888817338E+00,+1.00979894772E+00,+14.05780157E-03
-8.00000E-06,+1.02358667366E+00,+1.28527007997E+00,+1.02989945002E+00,+29.13317829E-03
-7.95000E-06,+1.02861179924E+00,+1.35059671244E+00,+1.02989945002E+00,+9.03267600E-03
-7.90000E-06,+1.03363692481E+00,+1.36567208916E+00,+1.02989945002E+00,+9.03267600E-03
-7.85000E-06,+1.04368717596E+00,+1.36064696359E+00,+1.00979894772E+00,+7.02262577E-03
-7.80000E-06,+1.02358667366E+00,+1.18476756848E+00,+989.69844543E-03,-15.08792676E-03
-7.75000E-06,+1.02358667366E+00,+1.02396355011E+00,+1.02487432444E+00,+10.03770111E-03
-7.70000E-06,+1.01353642251E+00,+1.01391329896E+00,+1.02989945002E+00,+3.00252531E-03
-7.65000E-06,+1.03866205039E+00,+1.02396355011E+00,+1.04497482674E+00,+16.06785180E-03
-7.60000E-06,+1.02358667366E+00,+1.24506907538E+00,+1.02989945002E+00,+37.17337921E-03
-7.55000E-06,+1.03866205038E+00,+1.36567208916E+00,+1.01482407330E+00,+9.03267600E-03
-7.50000E-06,+1.05373742711E+00,+1.36567208916E+00,+1.02989945002E+00,+7.02262577E-03
-7.45000E-06,+1.02358667366E+00,+1.35059671244E+00,+1.03492457559E+00,+7.02262577E-03
-7.40000E-06,+1.02358667366E+00,+1.12446606159E+00,+989.69844543E-03,-19.10802722E-03
-7.35000E-06,+1.00348617136E+00,+1.02396355011E+00,+1.02989945002E+00,+992.47508E-06
-7.30000E-06,+1.04368717596E+00,+1.01391329896E+00,+1.02989945002E+00,+7.02262577E-03
-7.25000E-06,+1.02861179924E+00,+1.02396355011E+00,+1.00979894772E+00,+17.07287692E-03
-7.20000E-06,+1.04368717596E+00,+1.32547108457E+00,+1.02989945002E+00,+21.09297737E-03
-7.15000E-06,+1.04871230153E+00,+1.38577259146E+00,+1.03994970117E+00,+11.04272623E-03
-7.10000E-06,+1.03363692481E+00,+1.35562183801E+00,+1.00979894772E+00,+7.02262577E-03
-7.05000E-06,+1.02358667366E+00,+1.36064696359E+00,+1.00979894772E+00,+9.03267600E-03
-7.00000E-06,+1.04368717596E+00,+1.10436555929E+00,+989.69844543E-03,-11.06782630E-03
-6.95000E-06,+1.03363692481E+00,+1.02396355011E+00,+1.03994970117E+00,-1.01757515E-03
-6.90000E-06,+1.02358667366E+00,+1.02396355011E+00,+1.02989945002E+00,+13.05277646E-03
-6.85000E-06,+1.02358667366E+00,+1.02396355011E+00,+1.02989945002E+00,+6.01760065E-03
-6.80000E-06,+1.02358667366E+00,+1.32547108457E+00,+1.00979894772E+00,+29.13317829E-03
-6.75000E-06,+1.02358667366E+00,+1.35059671244E+00,+994.72357100E-03,+12.04775134E-03
-6.70000E-06,+1.03363692481E+00,+1.36567208916E+00,+1.02989945002E+00,+3.00252531E-03
-6.65000E-06,+1.02861179924E+00,+1.38074746588E+00,+1.01482407330E+00,+4.00755042E-03
-6.60000E-06,+1.02358667366E+00,+1.14456656389E+00,+1.02989945002E+00,-23.12812768E-03
-6.55000E-06,+1.01856154809E+00,+1.02396355011E+00,+1.04999995232E+00,+992.47508E-06
-6.50000E-06,+1.00348617136E+00,+1.02396355011E+00,+1.00979894772E+00,+11.04272623E-03
-6.45000E-06,+1.00851129694E+00,+1.04406405240E+00,+1.01984919887E+00,+1.99750019E-03
-6.40000E-06,+1.04368717596E+00,+1.32547108456E+00,+1.04999995231E+00,+25.11307783E-03
-6.35000E-06,+1.02861179924E+00,+1.35059671244E+00,+1.03994970117E+00,+9.03267600E-03
-6.30000E-06,+1.02358667366E+00,+1.35562183801E+00,+1.03994970117E+00,+5.01257554E-03
-6.25000E-06,+1.03866205039E+00,+1.34557158686E+00,+1.02989945002E+00,+992.47508E-06
-6.20000E-06,+1.00348617137E+00,+1.10436555929E+00,+989.69844543E-03,-15.08792676E-03
-6.15000E-06,+1.00851129694E+00,+1.03903892683E+00,+1.02989945002E+00,+4.00755042E-03
-6.10000E-06,+1.02358667366E+00,+1.02396355011E+00,+1.03994970117E+00,+11.04272623E-03
-6.05000E-06,+1.01353642251E+00,+1.00888817338E+00,+1.04497482674E+00,+15.06282669E-03
-6.00000E-06,+1.02358667366E+00,+1.28527007997E+00,+1.07010045461E+00,+29.13317829E-03
-5.95000E-06,+1.02358667366E+00,+1.35059671244E+00,+1.02487432444E+00,+13.05277646E-03
-5.90000E-06,+1.02358667366E+00,+1.34557158686E+00,+1.01984919887E+00,+7.02262577E-03
-5.85000E-06,+1.03363692481E+00,+1.36567208916E+00,+1.02487432445E+00,+4.00755042E-03
-5.80000E-06,+1.02358667366E+00,+1.14456656389E+00,+1.00979894772E+00,-23.12812768E-03
-5.75000E-06,+1.03363692481E+00,+1.02396355011E+00,+1.02989945002E+00,+4.00755042E-03
-5.70000E-06,+1.03363692481E+00,+1.01391329896E+00,+1.01984919887E+00,+9.03267600E-03
-5.65000E-06,+1.02861179924E+00,+1.02396355011E+00,+1.01984919887E+00,+14.05780157E-03
-5.60000E-06,+1.02358667366E+00,+1.26516957768E+00,+1.07010045461E+00,+25.11307783E-03
-5.55000E-06,+1.04368717596E+00,+1.33552133571E+00,+1.01482407330E+00,+7.02262577E-03
-5.50000E-06,+1.03363692481E+00,+1.35562183801E+00,+999.74869657E-03,+9.03267600E-03
-5.45000E-06,+1.01856154809E+00,+1.34557158686E+00,+1.03492457559E+00,+5.01257554E-03
-5.40000E-06,+1.04368717596E+00,+1.20486807078E+00,+989.69844543E-03,-19.10802722E-03
-5.35000E-06,+1.02358667366E+00,+1.02396355011E+00,+1.04497482674E+00,+992.47508E-06
-5.30000E-06,+1.02358667366E+00,+1.02396355011E+00,+1.00979894772E+00,+992.47508E-06
-5.25000E-06,+1.00851129694E+00,+1.02396355011E+00,+1.02989945002E+00,+15.06282669E-03
-5.20000E-06,+1.04368717596E+00,+1.28527007998E+00,+1.00979894772E+00,+29.13317829E-03
-5.15000E-06,+1.04871230153E+00,+1.36567208916E+00,+984.67331985E-03,+12.04775134E-03
-5.10000E-06,+1.02358667366E+00,+1.34557158686E+00,+1.00979894772E+00,+9.03267600E-03
-5.05000E-06,+1.02358667366E+00,+1.36567208916E+00,+1.02989945002E+00,+1.99750019E-03
-5.00000E-06,+1.04368717596E+00,+1.14456656389E+00,+1.02989945002E+00,-23.12812768E-03
-4.95000E-06,+1.03866205038E+00,+1.02396355011E+00,+1.03492457559E+00,+992.47508E-06
-4.90000E-06,+1.03363692481E+00,+1.00386304781E+00,+1.01984919887E+00,+11.04272623E-03
-4.85000E-06,+1.02861179924E+00,+1.03903892683E+00,+1.02989945002E+00,+13.05277646E-03
-4.80000E-06,+1.00348617137E+00,+1.28527007997E+00,+1.02989945002E+00,+25.11307783E-03
-4.75000E-06,+1.03363692481E+00,+1.36567208916E+00,+1.03492457559E+00,+8.02765088E-03
-4.70000E-06,+1.02358667366E+00,+1.33552133571E+00,+1.03994970117E+00,+7.02262577E-03
-4.65000E-06,+1.01856154809E+00,+1.35059671244E+00,+994.72357100E-03,+7.02262577E-03
-4.60000E-06,+1.02358667366E+00,+1.12446606159E+00,+1.00979894772E+00,-19.10802722E-03
-4.55000E-06,+1.04368717596E+00,+998.83792223E-03,+1.04497482674E+00,+6.01760065E-03
-4.50000E-06,+1.02358667366E+00,+1.02396355011E+00,+1.01984919887E+00,+11.04272623E-03
-4.45000E-06,+1.03866205039E+00,+1.02898867568E+00,+1.03994970117E+00,+13.05277646E-03
-4.40000E-06,+1.02358667366E+00,+1.28527007997E+00,+1.02989945002E+00,+25.11307783E-03
-4.35000E-06,+1.04368717596E+00,+1.37069721473E+00,+1.01482407330E+00,+9.03267600E-03
-4.30000E-06,+1.03363692481E+00,+1.35562183801E+00,+1.00979894772E+00,+13.05277646E-03
-4.25000E-06,+1.01856154809E+00,+1.36064696359E+00,+1.03492457559E+00,+7.02262577E-03
-4.20000E-06,+1.04368717596E+00,+1.20486807077E+00,+989.69844543E-03,-23.12812768E-03
-4.15000E-06,+1.02358667366E+00,+1.02396355011E+00,+1.02989945002E+00,+992.47508E-06
-4.10000E-06,+1.02358667366E+00,+1.03401380126E+00,+1.00979894772E+00,+3.00252531E-03
-4.05000E-06,+1.02358667366E+00,+1.02396355011E+00,+1.03492457559E+00,+13.05277646E-03
-4.00000E-06,+1.02358667366E+00,+1.28527007997E+00,+1.04999995231E+00,+29.13317829E-03
-3.95000E-06,+1.04871230153E+00,+1.36567208916E+00,+1.04497482674E+00,+13.05277646E-03
-3.90000E-06,+1.03363692481E+00,+1.35562183801E+00,+1.03994970117E+00,+7.02262577E-03
-3.85000E-06,+1.02861179924E+00,+1.36064696359E+00,+1.00477382215E+00,+3.00252531E-03
-3.80000E-06,+1.06378767826E+00,+1.18476756848E+00,+1.00979894772E+00,-23.12812768E-03
-3.75000E-06,+1.02358667366E+00,+1.02396355011E+00,+1.03994970117E+00,+1.99750019E-03
-3.70000E-06,+1.02358667366E+00,+1.02396355011E+00,+1.02989945002E+00,+5.01257554E-03
-3.65000E-06,+1.02358667366E+00,+1.04908917798E+00,+1.02989945002E+00,+12.04775134E-03
-3.60000E-06,+1.04368717596E+00,+1.30537058227E+00,+1.00979894772E+00,+25.11307783E-03
-3.55000E-06,+1.02861179924E+00,+1.36567208916E+00,+1.00979894772E+00,+11.04272623E-03
-3.50000E-06,+1.03363692481E+00,+1.36567208916E+00,+1.00979894772E+00,+7.02262577E-03
-3.45000E-06,+1.00851129694E+00,+1.34557158686E+00,+1.02989945002E+00,-6.04270073E-03
-3.40000E-06,+1.06378767825E+00,+1.18476756848E+00,+1.00979894772E+00,-19.10802722E-03
-3.35000E-06,+1.03866205038E+00,+1.02396355011E+00,+1.01984919887E+00,-1.01757515E-03
-3.30000E-06,+1.04368717596E+00,+1.03401380125E+00,+1.02989945002E+00,+9.03267600E-03
-3.25000E-06,+1.02861179924E+00,+1.03903892683E+00,+1.03492457559E+00,+10.03770111E-03
-3.20000E-06,+1.04368717596E+00,+1.30537058227E+00,+1.02989945002E+00,+21.09297737E-03
-3.15000E-06,+1.04871230153E+00,+1.36567208916E+00,+1.03492457559E+00,+10.03770111E-03
-3.10000E-06,+1.03363692481E+00,+1.33552133571E+00,+1.00979894772E+00,+11.04272623E-03
-3.05000E-06,+1.03866205039E+00,+1.36567208916E+00,+1.01984919887E+00,+7.02262577E-03
-3.00000E-06,+1.02358667366E+00,+1.10436555929E+00,+989.69844543E-03,-7.04772584E-03
-2.95000E-06,+1.03866205038E+00,+1.02396355011E+00,+1.02989945002E+00,-1.01757515E-03
-2.90000E-06,+1.01353642251E+00,+1.03401380125E+00,+1.04999995232E+00,+3.00252531E-03
-2.85000E-06,+1.02861179924E+00,+1.02396355011E+00,+1.04497482674E+00,+13.05277646E-03
-2.80000E-06,+1.04368717596E+00,+1.30537058227E+00,+1.02989945002E+00,+25.11307783E-03
-2.75000E-06,+1.02861179924E+00,+1.36567208916E+00,+1.02989945002E+00,+9.03267600E-03
-2.70000E-06,+1.03363692481E+00,+1.33552133571E+00,+1.00979894772E+00,+11.04272623E-03
-2.65000E-06,+1.04368717596E+00,+1.36567208916E+00,+1.01984919887E+00,+1.99750019E-03
-2.60000E-06,+1.04368717596E+00,+1.16466706618E+00,+1.00979894772E+00,-23.12812768E-03
-2.55000E-06,+1.01353642252E+00,+1.01893842453E+00,+1.02989945002E+00,+992.47508E-06
-2.50000E-06,+1.01353642251E+00,+1.02396355011E+00,+1.02989945002E+00,+13.05277646E-03
-2.45000E-06,+1.02358667366E+00,+1.02396355011E+00,+1.00477382214E+00,+16.06785180E-03
-2.40000E-06,+1.04368717596E+00,+1.26516957768E+00,+1.07010045461E+00,+33.15327875E-03
-2.35000E-06,+1.02861179924E+00,+1.36567208916E+00,+1.02989945002E+00,+10.03770111E-03
-2.30000E-06,+1.02358667366E+00,+1.35562183801E+00,+1.02989945002E+00,+3.00252531E-03
-2.25000E-06,+1.02358667366E+00,+1.36064696359E+00,+1.00477382215E+00,+9.03267600E-03
-2.20000E-06,+1.04368717596E+00,+1.18476756848E+00,+1.00979894772E+00,-19.10802722E-03
-2.15000E-06,+1.02358667366E+00,+1.01391329896E+00,+1.01984919887E+00,-1.01757515E-03
-2.10000E-06,+1.04368717596E+00,+1.02396355011E+00,+1.04999995232E+00,+7.02262577E-03
-2.05000E-06,+1.02358667366E+00,+1.03903892683E+00,+1.04497482674E+00,+10.03770111E-03
-2.00000E-06,+1.04368717596E+00,+1.32547108456E+00,+1.00979894772E+00,+29.13317829E-03
-1.95000E-06,+1.04368717596E+00,+1.38074746588E+00,+1.01482407330E+00,+13.05277646E-03
-1.90000E-06,+1.02358667366E+00,+1.35562183801E+00,+1.02989945002E+00,+5.01257554E-03
-1.85000E-06,+1.03866205039E+00,+1.36567208916E+00,+1.04497482674E+00,+3.00252531E-03
-1.80000E-06,+1.00348617137E+00,+1.14456656389E+00,+1.00979894772E+00,-15.08792676E-03
-1.75000E-06,+1.01856154809E+00,+1.00888817338E+00,+1.02989945002E+00,+992.47508E-06
-1.70000E-06,+1.03363692481E+00,+1.03401380125E+00,+999.74869657E-03,+13.05277646E-03
-1.65000E-06,+1.02861179924E+00,+1.02898867568E+00,+1.01984919887E+00,+12.04775134E-03
-1.60000E-06,+1.02358667366E+00,+1.30537058227E+00,+1.02989945002E+00,+29.13317829E-03
-1.55000E-06,+1.04368717596E+00,+1.37069721473E+00,+1.01482407330E+00,+11.04272623E-03
-1.50000E-06,+1.03363692481E+00,+1.35562183801E+00,+1.01984919887E+00,+9.03267600E-03
-1.45000E-06,+1.03866205039E+00,+1.34557158686E+00,+1.01482407330E+00,+6.01760065E-03
-1.40000E-06,+1.04368717596E+00,+1.08426505699E+00,+1.00979894772E+00,-19.10802722E-03
-1.35000E-06,+1.03363692481E+00,+1.03903892683E+00,+1.06005020346E+00,+4.00755042E-03
-1.30000E-06,+1.03363692481E+00,+1.01391329896E+00,+1.02989945002E+00,+7.02262577E-03
-1.25000E-06,+1.05373742711E+00,+1.02396355011E+00,+1.04497482674E+00,+13.05277646E-03
-1.20000E-06,+1.02358667366E+00,+1.28527007997E+00,+1.07010045461E+00,+29.13317829E-03
-1.15000E-06,+1.02861179924E+00,+1.35059671244E+00,+1.01482407330E+00,+16.06785180E-03
-1.10000E-06,+1.01353642251E+00,+1.36567208916E+00,+1.02989945002E+00,+7.02262577E-03
-1.05000E-06,+1.05373742711E+00,+1.36567208916E+00,+1.02989945002E+00,+992.47508E-06
-1.00000E-06,+1.04368717596E+00,+1.18476756848E+00,+1.00979894772E+00,-19.10802722E-03
-950.00E-09,+1.02861179924E+00,+1.02396355011E+00,+1.04999995232E+00,+1.99750019E-03
-900.00E-09,+1.03363692481E+00,+1.01391329896E+00,+1.02989945002E+00,+7.02262577E-03
-850.00E-09,+1.04871230153E+00,+1.01391329896E+00,+1.01984919887E+00,+12.04775134E-03
-800.00E-09,+1.04368717596E+00,+1.24506907538E+00,+1.04999995231E+00,+33.15327875E-03
-750.00E-09,+1.02358667366E+00,+1.37572234031E+00,+1.02487432444E+00,+17.07287692E-03
-700.00E-09,+1.03363692481E+00,+1.35562183801E+00,+1.03994970117E+00,+9.03267600E-03
-650.00E-09,+1.05373742711E+00,+1.34054646129E+00,+1.01984919887E+00,+6.01760065E-03
-600.00E-09,+1.02358667366E+00,+1.10436555929E+00,+989.69844543E-03,-15.08792676E-03
-550.00E-09,+1.03866205038E+00,+1.01893842453E+00,+1.04999995231E+00,+7.02262577E-03
-500.00E-09,+1.04368717596E+00,+1.01391329896E+00,+1.04999995232E+00,+5.01257554E-03
-450.00E-09,+1.03866205039E+00,+1.02396355011E+00,+1.03492457559E+00,+15.06282669E-03
-400.00E-09,+1.02358667366E+00,+1.26516957768E+00,+1.04999995232E+00,+33.15327875E-03
-350.00E-09,+1.02861179924E+00,+1.37069721473E+00,+999.74869657E-03,+6.01760065E-03
-300.00E-09,+1.03363692481E+00,+1.33552133571E+00,+1.01984919887E+00,+7.02262577E-03
-250.00E-09,+1.02358667366E+00,+1.38074746588E+00,+1.02989945002E+00,+992.47508E-06
-200.00E-09,+1.04368717596E+00,+1.10436555929E+00,+1.00979894772E+00,-19.10802722E-03
-150.00E-09,+1.00348617136E+00,+1.03903892683E+00,+1.02989945002E+00,+1.99750019E-03
-100.00E-09,+1.01353642251E+00,+1.03401380125E+00,+1.01984919887E+00,+9.03267600E-03
-50.00E-09,+1.02358667366E+00,+1.02396355011E+00,+1.02989945002E+00,+15.06282669E-03
+0.0E+00,+1.28489320353E+00,+1.30537058227E+00,+1.04999995231E+00,+49.23368059E-03
+50.00E-09,+1.37032033829E+00,+1.36567208916E+00,+1.04497482674E+00,+16.06785180E-03
+100.00E-09,+1.34519471042E+00,+1.35562183801E+00,+1.03994970117E+00,+13.05277646E-03
+150.00E-09,+1.38539571501E+00,+1.35562183801E+00,+1.01482407330E+00,+992.47508E-06
+200.00E-09,+1.26479270122E+00,+1.22496857307E+00,+969.59794313E-03,-51.26883089E-03
+250.00E-09,+1.03866205038E+00,+1.02396355011E+00,+1.03492457559E+00,-8.05275096E-03
+300.00E-09,+1.05373742711E+00,+1.04406405240E+00,+1.04999995232E+00,+5.01257554E-03
+350.00E-09,+1.02358667366E+00,+1.00888817338E+00,+1.01984919887E+00,+17.07287692E-03
+400.00E-09,+1.28489320353E+00,+1.30537058227E+00,+1.02989945002E+00,+49.23368059E-03
+450.00E-09,+1.35021983599E+00,+1.36064696359E+00,+1.01482407330E+00,+20.08795226E-03
+500.00E-09,+1.36529521272E+00,+1.35562183801E+00,+1.01984919887E+00,+5.01257554E-03
+550.00E-09,+1.38037058944E+00,+1.35059671244E+00,+1.02989945002E+00,-1.01757515E-03
+600.00E-09,+1.14418968744E+00,+1.10436555929E+00,+1.00979894772E+00,-47.24873043E-03
+650.00E-09,+1.01856154809E+00,+1.03401380125E+00,+1.06507532904E+00,-2.02260027E-03
+700.00E-09,+1.01353642251E+00,+1.05411430355E+00,+1.03994970117E+00,+7.02262577E-03
+750.00E-09,+1.00851129694E+00,+1.04406405240E+00,+1.02989945002E+00,+13.05277646E-03
+800.00E-09,+1.24469219894E+00,+1.28527007997E+00,+1.07010045461E+00,+53.25378105E-03
+850.00E-09,+1.37032033829E+00,+1.38577259146E+00,+1.02487432445E+00,+13.05277646E-03
+900.00E-09,+1.33514445927E+00,+1.34557158686E+00,+1.01984919887E+00,+5.01257554E-03
+950.00E-09,+1.36529521272E+00,+1.37069721474E+00,+1.02487432445E+00,+5.01257554E-03
+1.00000E-06,+1.24469219892E+00,+1.20486807077E+00,+969.59794313E-03,-47.24873043E-03
+1.05000E-06,+1.05373742711E+00,+1.03401380125E+00,+1.05502507789E+00,-9.05777607E-03
+1.10000E-06,+1.04368717596E+00,+1.04406405240E+00,+1.04999995232E+00,+7.02262577E-03
+1.15000E-06,+1.02861179924E+00,+1.03903892683E+00,+1.03994970117E+00,+17.07287692E-03
+1.20000E-06,+1.28489320353E+00,+1.28527007997E+00,+1.02989945002E+00,+49.23368059E-03
+1.25000E-06,+1.37032033829E+00,+1.38074746588E+00,+1.00477382215E+00,+17.07287692E-03
+1.30000E-06,+1.34519471042E+00,+1.34557158686E+00,+1.03994970117E+00,+7.02262577E-03
+1.35000E-06,+1.36529521272E+00,+1.33049621014E+00,+1.04497482674E+00,-2.02260027E-03
+1.40000E-06,+1.12408918514E+00,+1.06416455470E+00,+1.02989945002E+00,-39.20852952E-03
+1.45000E-06,+1.01856154809E+00,+1.01893842453E+00,+1.01482407330E+00,-8.05275096E-03
+1.50000E-06,+1.04368717596E+00,+1.01391329896E+00,+1.01984919887E+00,+7.02262577E-03
+1.55000E-06,+1.02861179924E+00,+1.02898867568E+00,+1.01984919887E+00,+18.07790203E-03
+1.60000E-06,+1.30499370583E+00,+1.30537058227E+00,+1.02989945002E+00,+41.19347967E-03
+1.65000E-06,+1.36529521272E+00,+1.37069721473E+00,+1.03994970117E+00,+14.05780157E-03
+1.70000E-06,+1.34519471042E+00,+1.36567208916E+00,+1.00979894772E+00,+9.03267600E-03
+1.75000E-06,+1.38037058944E+00,+1.34557158686E+00,+1.02989945002E+00,-3.02762538E-03
+1.80000E-06,+1.26479270122E+00,+1.20486807078E+00,+969.59794313E-03,-51.26883089E-03
+1.85000E-06,+1.03866205038E+00,+1.01893842453E+00,+1.02487432444E+00,-6.04270073E-03
+1.90000E-06,+1.03363692481E+00,+1.03401380126E+00,+1.03994970117E+00,+7.02262577E-03
+1.95000E-06,+1.02861179924E+00,+1.01391329896E+00,+1.03994970117E+00,+17.07287692E-03
+2.00000E-06,+1.28489320353E+00,+1.30537058227E+00,+1.02989945002E+00,+49.23368059E-03
+2.05000E-06,+1.36529521272E+00,+1.38577259146E+00,+999.74869657E-03,+17.07287692E-03
+2.10000E-06,+1.34519471042E+00,+1.34557158686E+00,+1.04999995232E+00,+9.03267600E-03
+2.15000E-06,+1.36529521272E+00,+1.38074746588E+00,+1.03492457559E+00,-1.01757515E-03
+2.20000E-06,+1.24469219893E+00,+1.20486807077E+00,+949.49744083E-03,-47.24873044E-03
+2.25000E-06,+1.03866205038E+00,+1.02396355011E+00,+1.02989945002E+00,-12.07285142E-03
+2.30000E-06,+1.03363692481E+00,+1.04406405240E+00,+1.01984919887E+00,+11.04272623E-03
+2.35000E-06,+1.00348617136E+00,+1.02898867568E+00,+1.03492457559E+00,+13.05277646E-03
+2.40000E-06,+1.28489320353E+00,+1.30537058227E+00,+1.02989945002E+00,+45.21358013E-03
+2.45000E-06,+1.38037058944E+00,+1.37069721473E+00,+1.02989945002E+00,+17.07287692E-03
+2.50000E-06,+1.36529521272E+00,+1.33552133571E+00,+1.00979894772E+00,+7.02262577E-03
+2.55000E-06,+1.34519471042E+00,+1.35059671244E+00,+994.72357100E-03,+5.01257554E-03
+2.60000E-06,+1.14418968744E+00,+1.16466706618E+00,+989.69844543E-03,-51.26883089E-03
+2.65000E-06,+1.03363692481E+00,+1.02396355011E+00,+1.06005020346E+00,-3.02762538E-03
+2.70000E-06,+1.03363692481E+00,+1.02396355011E+00,+1.02989945002E+00,+13.05277646E-03
+2.75000E-06,+1.02861179924E+00,+1.03903892683E+00,+1.02989945002E+00,+23.10302760E-03
+2.80000E-06,+1.24469219894E+00,+1.24506907538E+00,+1.04999995232E+00,+53.25378105E-03
+2.85000E-06,+1.38539571501E+00,+1.35059671244E+00,+1.00979894772E+00,+15.06282669E-03
+2.90000E-06,+1.36529521272E+00,+1.32547108456E+00,+1.02989945002E+00,+9.03267600E-03
+2.95000E-06,+1.35021983599E+00,+1.36064696359E+00,+1.01984919887E+00,-2.02260027E-03
+3.00000E-06,+1.10398868285E+00,+1.08426505700E+00,+1.00979894772E+00,-43.22862998E-03
+3.05000E-06,+1.03866205038E+00,+1.01391329896E+00,+1.04999995232E+00,-4.03265050E-03
+3.10000E-06,+1.03363692481E+00,+1.02396355011E+00,+1.01984919887E+00,+9.03267600E-03
+3.15000E-06,+1.02358667366E+00,+1.02396355011E+00,+1.01482407330E+00,+18.07790203E-03
+3.20000E-06,+1.24469219894E+00,+1.26516957767E+00,+1.09020095691E+00,+49.23368059E-03
+3.25000E-06,+1.36529521272E+00,+1.36567208916E+00,+1.02989945002E+00,+20.08795226E-03
+3.30000E-06,+1.33514445927E+00,+1.35562183801E+00,+1.03994970117E+00,+9.03267600E-03
+3.35000E-06,+1.34519471042E+00,+1.36567208916E+00,+1.01482407330E+00,-2.02260027E-03
+3.40000E-06,+1.14418968744E+00,+1.10436555929E+00,+969.59794313E-03,-47.24873044E-03
+3.45000E-06,+1.01856154809E+00,+1.01893842453E+00,+1.02487432444E+00,-11.06782630E-03
+3.50000E-06,+1.02358667366E+00,+1.03401380125E+00,+1.03994970117E+00,+7.02262577E-03
+3.55000E-06,+1.04368717596E+00,+1.02396355011E+00,+1.04497482674E+00,+15.06282669E-03
+3.60000E-06,+1.24469219894E+00,+1.24506907538E+00,+1.07010045461E+00,+49.23368059E-03
+3.65000E-06,+1.36529521272E+00,+1.36567208916E+00,+1.02487432444E+00,+14.05780157E-03
+3.70000E-06,+1.34519471042E+00,+1.34557158686E+00,+1.01984919887E+00,+9.03267600E-03
+3.75000E-06,+1.37534546387E+00,+1.34557158686E+00,+1.04497482674E+00,-2.02260027E-03
+3.80000E-06,+1.24469219892E+00,+1.20486807077E+00,+969.59794313E-03,-47.24873043E-03
+3.85000E-06,+1.04368717596E+00,+1.02396355011E+00,+1.02487432444E+00,-11.06782630E-03
+3.90000E-06,+1.03363692481E+00,+1.02396355011E+00,+1.01984919887E+00,+11.04272623E-03
+3.95000E-06,+1.00851129694E+00,+1.01391329896E+00,+1.03492457559E+00,+16.06785180E-03
+4.00000E-06,+1.26479270123E+00,+1.28527007997E+00,+1.09020095691E+00,+53.25378105E-03
+4.05000E-06,+1.36529521272E+00,+1.38074746588E+00,+1.01984919887E+00,+16.06785180E-03
+4.10000E-06,+1.34519471042E+00,+1.34557158686E+00,+1.01984919887E+00,+7.02262577E-03
+4.15000E-06,+1.36529521272E+00,+1.34557158686E+00,+1.00979894772E+00,+992.47508E-06
+4.20000E-06,+1.12408918514E+00,+1.10436555929E+00,+969.59794313E-03,-39.20852952E-03
+4.25000E-06,+1.03866205038E+00,+1.01893842453E+00,+1.04497482674E+00,-8.05275096E-03
+4.30000E-06,+1.04368717596E+00,+1.03401380125E+00,+1.02989945002E+00,+13.05277646E-03
+4.35000E-06,+1.03363692481E+00,+1.03903892683E+00,+1.04999995232E+00,+20.08795226E-03
+4.40000E-06,+1.22459169664E+00,+1.24506907538E+00,+1.04999995231E+00,+53.25378105E-03
+4.45000E-06,+1.37032033829E+00,+1.38577259146E+00,+1.00979894772E+00,+18.07790203E-03
+4.50000E-06,+1.36529521272E+00,+1.36567208916E+00,+1.01984919887E+00,+5.01257554E-03
+4.55000E-06,+1.36529521272E+00,+1.36567208916E+00,+1.04497482674E+00,+1.99750019E-03
+4.60000E-06,+1.24469219892E+00,+1.20486807077E+00,+969.59794313E-03,-51.26883089E-03
+4.65000E-06,+1.01856154809E+00,+1.00386304781E+00,+1.02989945002E+00,-11.06782630E-03
+4.70000E-06,+1.00348617136E+00,+1.03401380125E+00,+1.04999995232E+00,+11.04272623E-03
+4.75000E-06,+1.02358667366E+00,+1.02396355011E+00,+1.04497482674E+00,+16.06785180E-03
+4.80000E-06,+1.26479270123E+00,+1.28527007997E+00,+1.09020095691E+00,+53.25378105E-03
+4.85000E-06,+1.36027008714E+00,+1.37069721473E+00,+1.02989945002E+00,+18.07790203E-03
+4.90000E-06,+1.33514445927E+00,+1.35562183801E+00,+1.02989945002E+00,+7.02262577E-03
+4.95000E-06,+1.38037058944E+00,+1.36567208916E+00,+994.72357100E-03,+992.47508E-06
+5.00000E-06,+1.10398868285E+00,+1.10436555929E+00,+969.59794313E-03,-35.18842906E-03
+5.05000E-06,+1.02861179923E+00,+1.01893842453E+00,+1.04497482674E+00,-7.04772584E-03
+5.10000E-06,+1.04368717596E+00,+1.02396355011E+00,+1.04999995232E+00,+7.02262577E-03
+5.15000E-06,+1.02861179924E+00,+1.05913942913E+00,+1.04497482674E+00,+21.09297737E-03
+5.20000E-06,+1.30499370583E+00,+1.32547108457E+00,+1.02989945002E+00,+41.19347967E-03
+5.25000E-06,+1.36529521272E+00,+1.35562183801E+00,+1.01482407330E+00,+17.07287692E-03
+5.30000E-06,+1.35524496157E+00,+1.36567208916E+00,+1.01984919887E+00,+9.03267600E-03
+5.35000E-06,+1.36027008714E+00,+1.36064696359E+00,+1.02989945002E+00,-2.02260027E-03
+5.40000E-06,+1.10398868285E+00,+1.10436555929E+00,+1.02989945002E+00,-43.22862998E-03
+5.45000E-06,+1.02861179924E+00,+1.01391329896E+00,+1.02989945002E+00,-11.06782630E-03
+5.50000E-06,+1.03363692481E+00,+1.02396355011E+00,+1.04999995232E+00,+11.04272623E-03
+5.55000E-06,+1.02358667366E+00,+1.03903892683E+00,+1.02989945002E+00,+17.07287692E-03
+5.60000E-06,+1.24469219894E+00,+1.30537058227E+00,+1.04999995232E+00,+53.25378105E-03
+5.65000E-06,+1.37032033829E+00,+1.38577259146E+00,+1.02989945002E+00,+26.11810295E-03
+5.70000E-06,+1.34519471042E+00,+1.33552133571E+00,+1.03994970117E+00,+7.02262577E-03
+5.75000E-06,+1.37534546387E+00,+1.36064696359E+00,+1.01482407330E+00,+1.99750019E-03
+5.80000E-06,+1.12408918515E+00,+1.12446606159E+00,+989.69844543E-03,-51.26883090E-03
+5.85000E-06,+1.01856154809E+00,+983.76254551E-03,+1.04497482674E+00,-14.08290165E-03
+5.90000E-06,+1.03363692481E+00,+1.01391329896E+00,+1.03994970117E+00,+9.03267600E-03
+5.95000E-06,+1.03866205039E+00,+1.02396355011E+00,+1.04497482674E+00,+17.07287692E-03
+6.00000E-06,+1.26479270123E+00,+1.28527007997E+00,+1.07010045461E+00,+49.23368059E-03
+6.05000E-06,+1.36529521272E+00,+1.37069721473E+00,+994.72357100E-03,+21.09297737E-03
+6.10000E-06,+1.36529521272E+00,+1.33552133571E+00,+1.01984919887E+00,+9.03267600E-03
+6.15000E-06,+1.38037058944E+00,+1.35059671244E+00,+1.01482407330E+00,-12.55004E-06
+6.20000E-06,+1.12408918514E+00,+1.10436555929E+00,+989.69844543E-03,-39.20852952E-03
+6.25000E-06,+1.03363692481E+00,+1.00386304781E+00,+1.03492457559E+00,-7.04772584E-03
+6.30000E-06,+1.01353642251E+00,+1.01391329896E+00,+1.01984919887E+00,+9.03267600E-03
+6.35000E-06,+1.03363692481E+00,+1.02898867568E+00,+1.03492457559E+00,+16.06785180E-03
+6.40000E-06,+1.28489320353E+00,+1.28527007998E+00,+1.07010045461E+00,+45.21358013E-03
+6.45000E-06,+1.37534546387E+00,+1.38577259146E+00,+1.02989945002E+00,+18.07790203E-03
+6.50000E-06,+1.35524496157E+00,+1.35562183801E+00,+1.03994970117E+00,+11.04272623E-03
+6.55000E-06,+1.35524496157E+00,+1.35059671244E+00,+1.02989945002E+00,+3.00252531E-03
+6.60000E-06,+1.12408918514E+00,+1.10436555929E+00,+969.59794313E-03,-43.22862998E-03
+6.65000E-06,+1.00348617136E+00,+1.03401380125E+00,+1.06005020346E+00,-11.06782630E-03
+6.70000E-06,+1.05373742711E+00,+1.02396355011E+00,+1.03994970117E+00,+9.03267600E-03
+6.75000E-06,+1.02861179924E+00,+1.02396355011E+00,+1.02487432445E+00,+12.04775134E-03
+6.80000E-06,+1.28489320353E+00,+1.30537058227E+00,+1.02989945002E+00,+45.21358013E-03
+6.85000E-06,+1.35524496157E+00,+1.37069721473E+00,+1.01984919887E+00,+16.06785180E-03
+6.90000E-06,+1.34519471042E+00,+1.34557158686E+00,+1.03994970117E+00,+5.01257554E-03
+6.95000E-06,+1.37032033829E+00,+1.36567208916E+00,+1.03492457559E+00,-12.55004E-06
+7.00000E-06,+1.12408918514E+00,+1.06416455470E+00,+1.00979894773E+00,-43.22862997E-03
+7.05000E-06,+1.02358667366E+00,+1.00386304781E+00,+1.06507532904E+00,-10.06280119E-03
+7.10000E-06,+1.02358667366E+00,+1.02396355010E+00,+1.02989945002E+00,+9.03267600E-03
+7.15000E-06,+1.02358667366E+00,+1.03401380125E+00,+1.02989945002E+00,+21.09297737E-03
+7.20000E-06,+1.26479270123E+00,+1.28527007997E+00,+1.07010045461E+00,+45.21358013E-03
+7.25000E-06,+1.38037058944E+00,+1.38577259146E+00,+1.02487432444E+00,+16.06785180E-03
+7.30000E-06,+1.36529521272E+00,+1.34557158686E+00,+1.02989945002E+00,+11.04272623E-03
+7.35000E-06,+1.36027008714E+00,+1.36064696359E+00,+1.02487432445E+00,+992.47508E-06
+7.40000E-06,+1.12408918515E+00,+1.10436555929E+00,+989.69844543E-03,-39.20852952E-03
+7.45000E-06,+1.01353642251E+00,+1.00386304781E+00,+1.02989945002E+00,-14.08290165E-03
+7.50000E-06,+1.02358667366E+00,+1.02396355011E+00,+1.04999995232E+00,+7.02262577E-03
+7.55000E-06,+1.02358667366E+00,+1.04406405240E+00,+1.04497482674E+00,+24.10805272E-03
+7.60000E-06,+1.02358667366E+00,+1.30537058227E+00,+1.02989945002E+00,+25.11307783E-03
+7.65000E-06,+1.02358667366E+00,+1.35059671244E+00,+1.03492457559E+00,+8.02765088E-03
+7.70000E-06,+993.43592021E-03,+1.36567208916E+00,+1.02989945002E+00,+5.01257554E-03
+7.75000E-06,+1.04368717596E+00,+1.34557158686E+00,+1.03994970117E+00,+5.01257554E-03
+7.80000E-06,+1.02358667366E+00,+1.10436555929E+00,+1.02989945002E+00,-19.10802722E-03
+7.85000E-06,+1.01856154809E+00,+1.00888817338E+00,+1.03492457559E+00,-2.02260027E-03
+7.90000E-06,+1.01353642251E+00,+1.03401380126E+00,+1.03994970117E+00,+9.03267600E-03
+7.95000E-06,+1.04871230153E+00,+1.02396355011E+00,+1.01984919887E+00,+8.02765088E-03
+8.00000E-06,+1.30499370583E+00,+1.30537058227E+00,+1.04999995231E+00,+45.21358013E-03
+8.05000E-06,+1.38539571501E+00,+1.37069721473E+00,+1.03994970117E+00,+16.06785180E-03
+8.10000E-06,+1.34519471042E+00,+1.35562183801E+00,+1.02989945002E+00,+11.04272623E-03
+8.15000E-06,+1.36529521272E+00,+1.34557158686E+00,+1.02989945002E+00,+6.01760065E-03
+8.20000E-06,+1.12408918514E+00,+1.08426505700E+00,+989.69844543E-03,-43.22862998E-03
+8.25000E-06,+1.01856154809E+00,+1.00386304781E+00,+1.03994970117E+00,-10.06280119E-03
+8.30000E-06,+1.01353642251E+00,+1.02396355010E+00,+1.03994970117E+00,+9.03267600E-03
+8.35000E-06,+1.00851129694E+00,+1.02898867568E+00,+1.04999995232E+00,+16.06785180E-03
+8.40000E-06,+1.02358667366E+00,+1.30537058227E+00,+1.02989945002E+00,+21.09297737E-03
+8.45000E-06,+1.05876255268E+00,+1.35059671244E+00,+1.02989945002E+00,+12.04775134E-03
+8.50000E-06,+1.03363692481E+00,+1.35562183801E+00,+1.00979894772E+00,+11.04272623E-03
+8.55000E-06,+1.04871230154E+00,+1.34557158686E+00,+1.02989945002E+00,+4.00755042E-03
+8.60000E-06,+1.02358667366E+00,+1.08426505700E+00,+1.02989945002E+00,-11.06782630E-03
+8.65000E-06,+1.02861179924E+00,+1.03903892683E+00,+1.06507532904E+00,+4.00755042E-03
+8.70000E-06,+1.03363692481E+00,+1.02396355011E+00,+1.02989945002E+00,+9.03267600E-03
+8.75000E-06,+1.02861179924E+00,+1.02898867568E+00,+1.00979894772E+00,+15.06282669E-03
+8.80000E-06,+1.28489320353E+00,+1.28527007998E+00,+1.07010045461E+00,+53.25378105E-03
+8.85000E-06,+1.36529521272E+00,+1.36567208916E+00,+1.02989945002E+00,+13.05277646E-03
+8.90000E-06,+1.35524496157E+00,+1.35562183801E+00,+1.01984919887E+00,+9.03267600E-03
+8.95000E-06,+1.37032033829E+00,+1.35059671244E+00,+1.02989945002E+00,+7.02262577E-03
+9.00000E-06,+1.10398868285E+00,+1.10436555929E+00,+989.69844543E-03,-39.20852952E-03
+9.05000E-06,+1.03363692481E+00,+1.03401380125E+00,+1.04497482674E+00,-2.02260027E-03
+9.10000E-06,+1.05373742711E+00,+1.03401380125E+00,+1.04999995232E+00,+11.04272623E-03
+9.15000E-06,+1.01353642251E+00,+1.00888817338E+00,+1.04497482674E+00,+17.07287692E-03
+9.20000E-06,+1.02358667366E+00,+1.28527007997E+00,+1.04999995231E+00,+29.13317829E-03
+9.25000E-06,+1.02861179924E+00,+1.36064696358E+00,+1.02487432444E+00,+13.05277646E-03
+9.30000E-06,+1.04368717596E+00,+1.36567208916E+00,+1.03994970117E+00,+9.03267600E-03
+9.35000E-06,+1.02358667366E+00,+1.36567208916E+00,+1.04999995232E+00,-1.01757515E-03
+9.40000E-06,+1.04368717596E+00,+1.16466706618E+00,+1.00979894772E+00,-19.10802722E-03
+9.45000E-06,+1.04368717596E+00,+1.01893842453E+00,+1.04497482674E+00,+1.99750019E-03
+9.50000E-06,+1.03363692481E+00,+1.02396355010E+00,+1.00979894772E+00,+11.04272623E-03
+9.55000E-06,+1.01353642251E+00,+1.02396355011E+00,+1.03492457559E+00,+10.03770111E-03
+9.60000E-06,+1.02358667366E+00,+1.28527007997E+00,+1.07010045461E+00,+25.11307783E-03
+9.65000E-06,+1.03363692481E+00,+1.37069721473E+00,+1.04999995232E+00,+12.04775134E-03
+9.70000E-06,+1.04368717596E+00,+1.32547108456E+00,+1.03994970117E+00,+5.01257554E-03
+9.75000E-06,+1.01856154809E+00,+1.36567208916E+00,+1.02989945002E+00,+1.99750019E-03
+9.80000E-06,+1.04368717596E+00,+1.16466706618E+00,+1.00979894772E+00,-19.10802722E-03
+9.85000E-06,+1.02358667366E+00,+1.04406405240E+00,+1.03492457559E+00,+1.99750019E-03
+9.90000E-06,+1.03363692481E+00,+1.01391329896E+00,+1.01984919887E+00,+992.47508E-06
+9.95000E-06,+1.04368717596E+00,+1.02396355011E+00,+1.02989945002E+00,+13.05277646E-03
+10.00000E-06,+1.26479270123E+00,+1.28527007997E+00,+1.04999995232E+00,+49.23368059E-03
+10.05000E-06,+1.38037058944E+00,+1.38074746588E+00,+1.01482407330E+00,+7.02262577E-03
+10.10000E-06,+1.36529521272E+00,+1.34557158686E+00,+1.03994970117E+00,+7.02262577E-03
+10.15000E-06,+1.36027008714E+00,+1.34557158686E+00,+1.02989945002E+00,-2.02260027E-03
+10.20000E-06,+1.10398868285E+00,+1.06416455470E+00,+1.00979894772E+00,-43.22862998E-03
+10.25000E-06,+1.01353642251E+00,+998.83792223E-03,+1.02989945002E+00,-13.07787653E-03
+10.30000E-06,+1.01353642251E+00,+1.03401380125E+00,+1.01984919887E+00,+19.08292714E-03
+10.35000E-06,+1.02358667366E+00,+1.02898867568E+00,+1.02989945002E+00,+11.04272623E-03
+10.40000E-06,+1.26479270123E+00,+1.26516957768E+00,+1.09020095691E+00,+53.25378105E-03
+10.45000E-06,+1.39042084059E+00,+1.37069721473E+00,+1.00477382215E+00,+16.06785180E-03
+10.50000E-06,+1.35524496157E+00,+1.35562183801E+00,+1.02989945002E+00,+7.02262577E-03
+10.55000E-06,+1.36027008714E+00,+1.34557158686E+00,+1.00979894772E+00,-12.55004E-06
+10.60000E-06,+1.24469219892E+00,+1.20486807077E+00,+989.69844543E-03,-51.26883089E-03
+10.65000E-06,+1.01353642251E+00,+1.00386304781E+00,+1.02989945002E+00,-5.03767561E-03
+10.70000E-06,+1.03363692481E+00,+1.03401380126E+00,+1.03994970117E+00,+11.04272623E-03
+10.75000E-06,+1.02861179924E+00,+1.01391329896E+00,+1.03994970117E+00,+18.07790203E-03
+10.80000E-06,+1.30499370583E+00,+1.30537058227E+00,+1.02989945002E+00,+53.25378105E-03
+10.85000E-06,+1.35524496157E+00,+1.37069721473E+00,+1.01482407330E+00,+14.05780157E-03
+10.90000E-06,+1.34519471042E+00,+1.35562183801E+00,+1.02989945002E+00,+11.04272623E-03
+10.95000E-06,+1.34519471042E+00,+1.36064696359E+00,+1.02989945002E+00,+992.47508E-06
+11.00000E-06,+1.24469219892E+00,+1.16466706618E+00,+969.59794313E-03,-51.26883089E-03
+11.05000E-06,+1.01856154809E+00,+1.00386304781E+00,+1.04999995232E+00,-1.01757515E-03
+11.10000E-06,+1.03363692481E+00,+1.02396355011E+00,+1.01984919887E+00,+11.04272623E-03
+11.15000E-06,+1.02358667366E+00,+1.01893842453E+00,+1.04497482674E+00,+18.07790203E-03
+11.20000E-06,+1.32509420812E+00,+1.34557158686E+00,+1.04999995231E+00,+37.17337921E-03
+11.25000E-06,+1.37032033829E+00,+1.36567208916E+00,+1.01482407330E+00,+18.07790203E-03
+11.30000E-06,+1.33514445927E+00,+1.34557158686E+00,+1.02989945002E+00,+992.47508E-06
+11.35000E-06,+1.36529521272E+00,+1.35059671244E+00,+1.02487432445E+00,+1.99750019E-03
+11.40000E-06,+1.24469219892E+00,+1.18476756848E+00,+949.49744083E-03,-47.24873043E-03
+11.45000E-06,+1.02358667366E+00,+1.00888817338E+00,+1.03994970117E+00,-7.04772584E-03
+11.50000E-06,+1.02358667366E+00,+1.02396355011E+00,+1.01984919887E+00,+9.03267600E-03
+11.55000E-06,+1.02861179924E+00,+1.00888817338E+00,+1.04497482674E+00,+20.08795226E-03
+11.60000E-06,+1.26479270123E+00,+1.30537058227E+00,+1.04999995232E+00,+49.23368059E-03
+11.65000E-06,+1.38037058944E+00,+1.38577259146E+00,+1.01482407330E+00,+23.10302760E-03
+11.70000E-06,+1.33514445927E+00,+1.34557158686E+00,+1.02989945002E+00,+5.01257554E-03
+11.75000E-06,+1.36027008714E+00,+1.38577259146E+00,+1.02989945002E+00,-5.03767561E-03
+11.80000E-06,+1.08388818055E+00,+1.06416455470E+00,+989.69844543E-03,-47.24873043E-03
+11.85000E-06,+1.00348617136E+00,+988.78767109E-03,+1.02989945002E+00,-10.06280119E-03
+11.90000E-06,+1.03363692481E+00,+1.03401380125E+00,+1.01984919887E+00,+7.02262577E-03
+11.95000E-06,+1.00348617136E+00,+1.02898867568E+00,+1.01984919887E+00,+16.06785180E-03
+12.00000E-06,+1.28489320353E+00,+1.26516957768E+00,+1.04999995232E+00,+57.27388151E-03
+12.05000E-06,+1.38539571501E+00,+1.37069721473E+00,+1.02989945002E+00,+13.05277646E-03
+12.10000E-06,+1.33514445927E+00,+1.36567208916E+00,+1.01984919887E+00,+9.03267600E-03
+12.15000E-06,+1.34519471042E+00,+1.36567208916E+00,+1.02487432445E+00,+4.00755042E-03
+12.20000E-06,+1.10398868285E+00,+1.10436555929E+00,+969.59794313E-03,-47.24873043E-03
+12.25000E-06,+1.01856154809E+00,+1.01391329896E+00,+1.04497482674E+00,-7.04772584E-03
+12.30000E-06,+1.03363692481E+00,+1.01391329896E+00,+1.03994970117E+00,+9.03267600E-03
+12.35000E-06,+1.04368717596E+00,+1.01893842453E+00,+1.02487432445E+00,+19.08292715E-03
+12.40000E-06,+1.24469219894E+00,+1.26516957768E+00,+1.07010045461E+00,+49.23368059E-03
+12.45000E-06,+1.36027008714E+00,+1.36064696358E+00,+1.03492457559E+00,+14.05780157E-03
+12.50000E-06,+1.36529521272E+00,+1.35562183801E+00,+1.00979894772E+00,+7.02262577E-03
+12.55000E-06,+1.37534546387E+00,+1.37069721473E+00,+1.02989945002E+00,+992.47508E-06
+12.60000E-06,+1.12408918515E+00,+1.08426505700E+00,+1.00979894772E+00,-47.24873044E-03
+12.65000E-06,+1.01856154809E+00,+1.01893842453E+00,+1.03994970117E+00,-4.03265050E-03
+12.70000E-06,+1.02358667366E+00,+1.02396355011E+00,+1.01984919887E+00,+11.04272623E-03
+12.75000E-06,+1.02861179924E+00,+1.02396355011E+00,+1.04497482674E+00,+20.08795226E-03
+12.80000E-06,+1.30499370583E+00,+1.30537058227E+00,+1.07010045461E+00,+45.21358013E-03
+12.85000E-06,+1.37032033829E+00,+1.36064696358E+00,+1.03994970117E+00,+16.06785180E-03
+12.90000E-06,+1.36529521272E+00,+1.35562183801E+00,+1.02989945002E+00,+7.02262577E-03
+12.95000E-06,+1.37032033829E+00,+1.35059671244E+00,+1.02989945002E+00,+1.99750019E-03
+13.00000E-06,+1.14418968744E+00,+1.12446606159E+00,+969.59794313E-03,-43.22862998E-03
+13.05000E-06,+998.46104579E-03,+1.00386304781E+00,+1.02989945002E+00,-13.07787653E-03
+13.10000E-06,+1.03363692481E+00,+1.01391329896E+00,+1.03994970117E+00,+7.02262577E-03
+13.15000E-06,+1.03866205039E+00,+1.02396355011E+00,+1.04999995232E+00,+23.10302760E-03
+13.20000E-06,+1.24469219894E+00,+1.26516957768E+00,+1.07010045461E+00,+53.25378105E-03
+13.25000E-06,+1.35524496157E+00,+1.37069721473E+00,+1.01482407330E+00,+16.06785180E-03
+13.30000E-06,+1.36529521272E+00,+1.36567208916E+00,+1.03994970117E+00,+9.03267600E-03
+13.35000E-06,+1.36529521272E+00,+1.34557158686E+00,+1.01482407330E+00,-2.02260027E-03
+13.40000E-06,+1.10398868285E+00,+1.06416455470E+00,+1.00979894772E+00,-43.22862998E-03
+13.45000E-06,+1.00348617136E+00,+1.00386304781E+00,+1.06005020346E+00,-12.07285142E-03
+13.50000E-06,+1.02358667366E+00,+1.02396355011E+00,+1.01984919887E+00,+13.05277646E-03
+13.55000E-06,+1.02358667366E+00,+1.04406405240E+00,+1.05502507789E+00,+20.08795226E-03
+13.60000E-06,+1.30499370582E+00,+1.00386304781E+00,+1.02989945002E+00,+33.15327875E-03
+13.65000E-06,+1.36529521272E+00,+1.04406405240E+00,+1.01482407330E+00,+9.03267600E-03
+13.70000E-06,+1.34519471042E+00,+1.02396355011E+00,+1.02989945002E+00,+9.03267600E-03
+13.75000E-06,+1.38037058944E+00,+1.03903892683E+00,+1.01984919887E+00,+1.99750019E-03
+13.80000E-06,+1.12408918515E+00,+1.02396355011E+00,+989.69844542E-03,-15.08792676E-03
+13.85000E-06,+1.03866205038E+00,+1.02396355011E+00,+1.04497482674E+00,-10.06280119E-03
+13.90000E-06,+1.02358667366E+00,+1.01391329896E+00,+1.02989945002E+00,+7.02262577E-03
+13.95000E-06,+1.02861179924E+00,+1.01391329896E+00,+1.04497482674E+00,+13.05277646E-03
+14.00000E-06,+1.02358667366E+00,+1.04406405240E+00,+1.02989945002E+00,+13.05277646E-03
+14.05000E-06,+1.01353642251E+00,+1.00888817338E+00,+1.00979894772E+00,+10.03770111E-03
+14.10000E-06,+1.04368717596E+00,+1.02396355010E+00,+1.02989945002E+00,+9.03267600E-03
+14.15000E-06,+1.02358667366E+00,+1.03903892683E+00,+1.02989945002E+00,+5.01257554E-03
+14.20000E-06,+1.02358667366E+00,+1.00386304781E+00,+1.04999995232E+00,+9.03267600E-03
+14.25000E-06,+1.02861179924E+00,+1.02396355011E+00,+1.01482407330E+00,+1.99750019E-03
+14.30000E-06,+1.02358667366E+00,+1.02396355011E+00,+1.00979894772E+00,+13.05277646E-03
+14.35000E-06,+1.02358667366E+00,+1.03903892683E+00,+1.01482407330E+00,+9.03267600E-03
+14.40000E-06,+1.28489320353E+00,+1.02396355011E+00,+1.07010045461E+00,+25.11307783E-03
+14.45000E-06,+1.38037058944E+00,+1.04406405240E+00,+1.02989945002E+00,+11.04272623E-03
+14.50000E-06,+1.34519471042E+00,+1.02396355011E+00,+1.02989945002E+00,+9.03267600E-03
+14.55000E-06,+1.36529521272E+00,+1.03903892683E+00,+1.00979894772E+00,+9.03267600E-03
+14.60000E-06,+1.20449119433E+00,+1.02396355011E+00,+989.69844542E-03,-23.12812768E-03
+14.65000E-06,+1.01856154809E+00,+1.01893842453E+00,+1.03994970117E+00,-1.01757515E-03
+14.70000E-06,+1.04368717596E+00,+1.04406405240E+00,+1.31130648218E+00,+13.05277646E-03
+14.75000E-06,+1.02358667366E+00,+1.03903892683E+00,+1.37160798907E+00,+20.08795226E-03
+14.80000E-06,+1.02358667366E+00,+1.28527007997E+00,+1.39170849137E+00,+33.15327875E-03
+14.85000E-06,+1.02861179924E+00,+1.39079771703E+00,+1.35150748678E+00,+12.04775134E-03
+14.90000E-06,+1.03363692481E+00,+1.35562183801E+00,+1.34145723563E+00,+11.04272623E-03
+14.95000E-06,+1.02861179924E+00,+1.34054646129E+00,+1.37160798907E+00,+8.02765088E-03
+15.00000E-06,+1.04368717596E+00,+1.08426505700E+00,+1.35150748678E+00,-23.12812768E-03
+15.05000E-06,+1.02358667366E+00,+1.02396355011E+00,+1.06507532904E+00,+20.08795226E-03
+15.10000E-06,+1.03363692481E+00,+1.05411430355E+00,+1.02989945002E+00,+15.06282669E-03
+15.15000E-06,+1.04368717596E+00,+1.01893842453E+00,+1.01482407330E+00,+12.04775134E-03
+15.20000E-06,+1.04368717596E+00,+1.30537058227E+00,+1.02989945002E+00,+21.09297737E-03
+15.25000E-06,+1.02358667366E+00,+1.34557158686E+00,+1.02989945002E+00,+15.06282669E-03
+15.30000E-06,+1.03363692481E+00,+1.34557158686E+00,+1.02989945002E+00,+11.04272623E-03
+15.35000E-06,+1.04368717596E+00,+1.34557158686E+00,+1.00979894772E+00,+8.02765088E-03
+15.40000E-06,+1.04368717596E+00,+1.08426505700E+00,+989.69844543E-03,-15.08792676E-03
+15.45000E-06,+1.02358667366E+00,+1.02396355011E+00,+1.02487432444E+00,-4.03265050E-03
+15.50000E-06,+1.02358667366E+00,+1.03401380125E+00,+1.01984919887E+00,+7.02262577E-03
+15.55000E-06,+1.03363692481E+00,+1.02396355011E+00,+1.02989945002E+00,+10.03770111E-03
+15.60000E-06,+1.02358667366E+00,+1.28527007997E+00,+1.07010045461E+00,+29.13317829E-03
+15.65000E-06,+1.03866205038E+00,+1.37572234031E+00,+1.03492457559E+00,+13.05277646E-03
+15.70000E-06,+1.04368717596E+00,+1.33552133571E+00,+1.00979894772E+00,+5.01257554E-03
+15.75000E-06,+1.02358667366E+00,+1.36064696359E+00,+1.02487432445E+00,+4.00755042E-03
+15.80000E-06,+1.04368717596E+00,+1.14456656389E+00,+1.00979894772E+00,-19.10802722E-03
+15.85000E-06,+1.02358667366E+00,+1.00386304781E+00,+1.04497482674E+00,-2.02260027E-03
+15.90000E-06,+1.02358667366E+00,+1.03401380125E+00,+1.03994970117E+00,+3.00252531E-03
+15.95000E-06,+1.04368717596E+00,+1.04406405240E+00,+1.02989945002E+00,+15.06282669E-03
+16.00000E-06,+1.04368717596E+00,+1.30537058227E+00,+1.04999995232E+00,+21.09297737E-03
+16.05000E-06,+1.04368717596E+00,+1.36064696358E+00,+1.01482407330E+00,+9.03267600E-03
+16.10000E-06,+1.01353642251E+00,+1.34557158686E+00,+1.01984919887E+00,+5.01257554E-03
+16.15000E-06,+1.03866205039E+00,+1.35059671244E+00,+1.02487432445E+00,+1.99750019E-03
+16.20000E-06,+1.04368717596E+00,+1.08426505700E+00,+989.69844543E-03,-11.06782630E-03
+16.25000E-06,+1.01856154809E+00,+1.02396355011E+00,+1.03994970117E+00,-2.02260027E-03
+16.30000E-06,+1.03363692481E+00,+1.02396355011E+00,+1.03994970117E+00,+7.02262577E-03
+16.35000E-06,+1.02358667366E+00,+1.02396355011E+00,+1.02487432445E+00,+13.05277646E-03
+16.40000E-06,+1.02358667366E+00,+1.24506907538E+00,+1.00979894772E+00,+25.11307783E-03
+16.45000E-06,+1.05876255268E+00,+1.34557158686E+00,+1.01482407330E+00,+7.02262577E-03
+16.50000E-06,+1.03363692481E+00,+1.35562183801E+00,+1.02989945002E+00,+9.03267600E-03
+16.55000E-06,+1.02861179924E+00,+1.36064696359E+00,+1.03492457559E+00,+1.99750019E-03
+16.60000E-06,+1.04368717596E+00,+1.14456656389E+00,+1.00979894772E+00,-15.08792676E-03
+16.65000E-06,+1.02358667366E+00,+1.00386304781E+00,+1.02989945002E+00,-12.55004E-06
+16.70000E-06,+1.03363692481E+00,+1.02396355011E+00,+1.00979894772E+00,+7.02262577E-03
+16.75000E-06,+1.03363692481E+00,+1.02396355011E+00,+1.01984919887E+00,+10.03770111E-03
+16.80000E-06,+1.04368717596E+00,+1.32547108457E+00,+1.02989945002E+00,+21.09297737E-03
+16.85000E-06,+1.03363692481E+00,+1.36567208916E+00,+1.01482407330E+00,+10.03770111E-03
+16.90000E-06,+1.03363692481E+00,+1.34557158686E+00,+1.03994970117E+00,+7.02262577E-03
+16.95000E-06,+1.01856154809E+00,+1.34557158686E+00,+1.04497482674E+00,+6.01760065E-03
+17.00000E-06,+1.02358667366E+00,+1.06416455470E+00,+989.69844543E-03,-11.06782630E-03
+17.05000E-06,+1.01856154809E+00,+1.01893842453E+00,+1.00979894772E+00,-1.01757515E-03
+17.10000E-06,+1.05373742711E+00,+1.02396355011E+00,+1.03994970117E+00,+7.02262577E-03
+17.15000E-06,+1.04368717596E+00,+1.02396355011E+00,+1.02989945002E+00,+13.05277646E-03
+17.20000E-06,+1.04368717596E+00,+1.32547108457E+00,+989.69844543E-03,+21.09297737E-03
+17.25000E-06,+1.02861179924E+00,+1.35059671244E+00,+1.01482407330E+00,+9.03267600E-03
+17.30000E-06,+1.01353642251E+00,+1.36567208916E+00,+1.01984919887E+00,+11.04272623E-03
+17.35000E-06,+1.04368717596E+00,+1.38074746588E+00,+1.02989945002E+00,+7.02262577E-03
+17.40000E-06,+1.06378767825E+00,+1.18476756848E+00,+1.00979894773E+00,-23.12812768E-03
+17.45000E-06,+1.02358667366E+00,+1.00888817338E+00,+1.02989945002E+00,+3.00252531E-03
+17.50000E-06,+1.02358667366E+00,+1.02396355011E+00,+1.00979894772E+00,+7.02262577E-03
+17.55000E-06,+1.03866205039E+00,+1.02898867568E+00,+1.01984919887E+00,+10.03770111E-03
+17.60000E-06,+1.02358667366E+00,+1.28527007998E+00,+1.07010045461E+00,+25.11307783E-03
+17.65000E-06,+1.01353642252E+00,+1.36567208916E+00,+1.04999995232E+00,+18.07790203E-03
+17.70000E-06,+1.02358667366E+00,+1.34557158686E+00,+1.02989945002E+00,+9.03267600E-03
+17.75000E-06,+1.05373742711E+00,+1.36064696359E+00,+1.02487432445E+00,+25.11307783E-03
+17.80000E-06,+1.00348617137E+00,+1.10436555929E+00,+1.02989945002E+00,-11.06782630E-03
+17.85000E-06,+1.02358667366E+00,+1.00888817338E+00,+1.02487432444E+00,-7.04772584E-03
+17.90000E-06,+1.02358667366E+00,+1.02396355010E+00,+1.03994970117E+00,+9.03267600E-03
+17.95000E-06,+1.02358667366E+00,+1.04406405240E+00,+1.03994970117E+00,+15.06282669E-03
+18.00000E-06,+1.04368717596E+00,+1.32547108457E+00,+1.00979894772E+00,+21.09297737E-03
+18.05000E-06,+1.02861179924E+00,+1.35059671244E+00,+1.02487432444E+00,+7.02262577E-03
+18.10000E-06,+1.01353642251E+00,+1.35562183801E+00,+1.02989945002E+00,+7.02262577E-03
+18.15000E-06,+1.03866205039E+00,+1.35562183801E+00,+1.03492457559E+00,+992.47508E-06
+18.20000E-06,+1.02358667366E+00,+1.06416455470E+00,+1.02989945002E+00,-15.08792676E-03
+18.25000E-06,+1.02358667366E+00,+1.01893842453E+00,+1.04497482674E+00,-5.03767561E-03
+18.30000E-06,+1.03363692481E+00,+1.04406405240E+00,+1.02989945002E+00,+5.01257554E-03
+18.35000E-06,+1.02358667366E+00,+1.04908917798E+00,+1.01482407329E+00,+16.06785180E-03
+18.40000E-06,+1.02358667366E+00,+1.32547108457E+00,+1.04999995231E+00,+25.11307783E-03
+18.45000E-06,+1.02861179924E+00,+1.36567208916E+00,+1.03492457559E+00,+6.01760065E-03
+18.50000E-06,+1.02358667366E+00,+1.36567208916E+00,+999.74869657E-03,+5.01257554E-03
+18.55000E-06,+1.02358667366E+00,+1.34054646129E+00,+1.01482407329E+00,+8.02765088E-03
+18.60000E-06,+1.02358667366E+00,+1.14456656388E+00,+989.69844543E-03,-23.12812768E-03
+18.65000E-06,+1.03363692481E+00,+1.01391329896E+00,+1.02989945002E+00,+992.47508E-06
+18.70000E-06,+1.02358667366E+00,+1.02396355011E+00,+1.04999995232E+00,+7.02262577E-03
+18.75000E-06,+1.00851129694E+00,+1.00386304781E+00,+1.07010045462E+00,+13.05277646E-03
+18.80000E-06,+1.02358667366E+00,+1.26516957768E+00,+1.07010045461E+00,+33.15327875E-03
+18.85000E-06,+1.05876255268E+00,+1.36567208916E+00,+1.01482407330E+00,+12.04775134E-03
+18.90000E-06,+1.03363692481E+00,+1.34557158686E+00,+1.03994970117E+00,+9.03267600E-03
+18.95000E-06,+1.02358667366E+00,+1.35562183801E+00,+1.04497482674E+00,+1.99750019E-03
+19.00000E-06,+1.02358667366E+00,+1.10436555929E+00,+1.00979894772E+00,-19.10802722E-03
+19.05000E-06,+1.01856154809E+00,+1.03903892683E+00,+1.04497482674E+00,+4.00755042E-03
+19.10000E-06,+1.02358667366E+00,+1.03401380125E+00,+1.01984919887E+00,+7.02262577E-03
+19.15000E-06,+1.02861179923E+00,+1.01391329895E+00,+1.01482407329E+00,+18.07790203E-03
+19.20000E-06,+1.04368717596E+00,+1.32547108457E+00,+1.04999995232E+00,+33.15327875E-03
+19.25000E-06,+1.03866205038E+00,+1.34557158686E+00,+1.01984919887E+00,+9.03267600E-03
+19.30000E-06,+1.04368717596E+00,+1.36567208916E+00,+1.03994970117E+00,+5.01257554E-03
+19.35000E-06,+1.02358667366E+00,+1.35562183801E+00,+1.01482407329E+00,+5.01257554E-03
+19.40000E-06,+1.02358667366E+00,+1.12446606159E+00,+989.69844543E-03,-19.10802722E-03
+19.45000E-06,+1.03363692481E+00,+1.02396355011E+00,+1.01482407330E+00,-7.04772584E-03
+19.50000E-06,+1.06378767826E+00,+1.03401380126E+00,+1.02989945002E+00,+7.02262577E-03
+19.55000E-06,+1.03866205039E+00,+1.02396355011E+00,+1.02989945002E+00,+14.05780157E-03
+19.60000E-06,+1.04368717596E+00,+1.24506907539E+00,+1.04999995231E+00,+33.15327875E-03
+19.65000E-06,+1.02861179924E+00,+1.34557158686E+00,+1.01482407330E+00,+6.01760065E-03
+19.70000E-06,+1.02358667366E+00,+1.33552133572E+00,+1.00979894772E+00,+11.04272623E-03
+19.75000E-06,+1.04368717596E+00,+1.36064696359E+00,+1.05502507790E+00,+1.99750019E-03
+19.80000E-06,+1.08388818055E+00,+1.16466706618E+00,+1.00979894772E+00,-23.12812768E-03
+19.85000E-06,+1.02358667366E+00,+1.02396355011E+00,+1.03994970116E+00,+992.47508E-06
+19.90000E-06,+1.03363692481E+00,+1.04406405240E+00,+1.03994970117E+00,+9.03267600E-03
+19.95000E-06,+1.00851129694E+00,+1.00888817338E+00,+1.02989945002E+00,+13.05277646E-03
+20.00000E-06,+1.02358667366E+00,+1.30537058227E+00,+1.02989945002E+00,+21.09297737E-03
+20.05000E-06,+1.04368717596E+00,+1.36567208916E+00,+1.03994970117E+00,+10.03770111E-03
+20.10000E-06,+1.04368717596E+00,+1.35562183801E+00,+1.02989945002E+00,+5.01257554E-03
+20.15000E-06,+1.03363692481E+00,+1.36064696359E+00,+1.01482407329E+00,+1.99750019E-03
+20.20000E-06,+1.04368717596E+00,+1.18476756847E+00,+1.00979894773E+00,-23.12812768E-03
+20.25000E-06,+1.02358667366E+00,+1.00888817338E+00,+1.00477382215E+00,-3.02762538E-03
+20.30000E-06,+1.02358667366E+00,+1.02396355011E+00,+1.04999995232E+00,+5.01257554E-03
+20.35000E-06,+1.02861179923E+00,+1.01893842453E+00,+1.01482407329E+00,+12.04775134E-03
+20.40000E-06,+1.02358667366E+00,+1.30537058227E+00,+1.02989945002E+00,+21.09297737E-03
+20.45000E-06,+1.02861179924E+00,+1.35059671244E+00,+1.00477382215E+00,+10.03770111E-03
+20.50000E-06,+1.04368717596E+00,+1.34557158686E+00,+1.01984919887E+00,+5.01257554E-03
+20.55000E-06,+1.05373742711E+00,+1.34557158686E+00,+1.04999995232E+00,+1.99750019E-03
+20.60000E-06,+1.04368717596E+00,+1.08426505700E+00,+1.00979894773E+00,-11.06782630E-03
+20.65000E-06,+1.01353642252E+00,+1.03903892683E+00,+1.04497482674E+00,+5.01257554E-03
+20.70000E-06,+1.01353642252E+00,+1.02396355011E+00,+1.01984919887E+00,+5.01257554E-03
+20.75000E-06,+1.04368717596E+00,+1.02396355011E+00,+1.02989945002E+00,+9.03267600E-03
+20.80000E-06,+1.02358667366E+00,+1.30537058227E+00,+1.00979894772E+00,+25.11307783E-03
+20.85000E-06,+1.02861179924E+00,+1.36567208916E+00,+1.03492457560E+00,+9.03267600E-03
+20.90000E-06,+1.02358667367E+00,+1.35562183801E+00,+1.01984919887E+00,+9.03267600E-03
+20.95000E-06,+1.02358667366E+00,+1.35562183801E+00,+1.04497482674E+00,+3.00252531E-03
+21.00000E-06,+1.02358667366E+00,+1.08426505700E+00,+989.69844543E-03,-11.06782630E-03
+21.05000E-06,+1.02358667366E+00,+1.01893842453E+00,+1.02989945002E+00,+1.99750019E-03
+21.10000E-06,+1.04368717596E+00,+1.02396355011E+00,+1.03994970117E+00,+3.00252531E-03
+21.15000E-06,+1.02358667366E+00,+1.02396355011E+00,+1.04999995232E+00,+15.06282669E-03
+21.20000E-06,+1.04368717596E+00,+1.24506907539E+00,+1.04999995231E+00,+29.13317829E-03
+21.25000E-06,+1.04368717596E+00,+1.38074746588E+00,+1.01482407330E+00,+11.04272623E-03
+21.30000E-06,+1.02358667366E+00,+1.34557158686E+00,+1.03994970117E+00,+7.02262577E-03
+21.35000E-06,+1.03866205039E+00,+1.36567208916E+00,+999.74869657E-03,+4.00755042E-03
+21.40000E-06,+1.02358667366E+00,+1.10436555929E+00,+1.02989945002E+00,-11.06782630E-03
+21.45000E-06,+1.03363692481E+00,+1.02396355011E+00,+1.04497482674E+00,-5.03767561E-03
+21.50000E-06,+1.03363692481E+00,+1.03401380125E+00,+1.00979894772E+00,+9.03267600E-03
+21.55000E-06,+1.00851129694E+00,+1.01893842453E+00,+1.02989945002E+00,+9.03267600E-03
+21.60000E-06,+1.04368717596E+00,+1.30537058227E+00,+1.02989945002E+00,+25.11307783E-03
+21.65000E-06,+1.04871230154E+00,+1.37069721474E+00,+1.04999995232E+00,+13.05277646E-03
+21.70000E-06,+1.02358667366E+00,+1.36567208916E+00,+1.02989945002E+00,+7.02262577E-03
+21.75000E-06,+1.03866205039E+00,+1.36064696359E+00,+1.01984919887E+00,+7.02262577E-03
+21.80000E-06,+1.02358667366E+00,+1.10436555928E+00,+1.00979894773E+00,-19.10802722E-03
+21.85000E-06,+1.03866205038E+00,+1.01893842453E+00,+1.04497482674E+00,-12.55004E-06
+21.90000E-06,+1.05373742711E+00,+1.01391329895E+00,+1.02989945002E+00,+5.01257554E-03
+21.95000E-06,+1.03866205039E+00,+1.04406405240E+00,+1.01984919887E+00,+6.01760065E-03
+22.00000E-06,+1.02358667366E+00,+1.26516957768E+00,+1.02989945002E+00,+29.13317829E-03
+22.05000E-06,+1.04368717596E+00,+1.35059671244E+00,+1.01482407330E+00,+15.06282668E-03
+22.10000E-06,+1.02358667366E+00,+1.33552133572E+00,+1.00979894772E+00,+5.01257554E-03
+22.15000E-06,+1.03866205039E+00,+1.37572234031E+00,+1.03492457559E+00,+992.47508E-06
+22.20000E-06,+1.00348617137E+00,+1.08426505699E+00,+1.04999995232E+00,-11.06782630E-03
+22.25000E-06,+1.02358667366E+00,+1.01893842453E+00,+1.02989945002E+00,+992.47508E-06
+22.30000E-06,+1.03363692481E+00,+1.03401380126E+00,+1.02989945002E+00,+13.05277646E-03
+22.35000E-06,+1.04368717596E+00,+1.04406405240E+00,+1.01482407329E+00,+14.05780157E-03
+22.40000E-06,+1.02358667366E+00,+1.32547108457E+00,+1.00979894772E+00,+21.09297737E-03
+22.45000E-06,+1.02861179924E+00,+1.37069721474E+00,+1.02989945002E+00,+13.05277646E-03
+22.50000E-06,+1.03363692481E+00,+1.34557158686E+00,+1.03994970117E+00,+5.01257554E-03
+22.55000E-06,+1.04368717596E+00,+1.35059671243E+00,+1.02487432445E+00,-1.01757515E-03
+22.60000E-06,+1.04368717595E+00,+1.16466706617E+00,+1.00979894772E+00,-19.10802722E-03
+22.65000E-06,+1.03363692481E+00,+1.01893842453E+00,+1.04497482674E+00,-1.01757515E-03
+22.70000E-06,+1.04368717596E+00,+1.00386304781E+00,+1.03994970117E+00,+9.03267600E-03
+22.75000E-06,+1.02861179923E+00,+1.01391329895E+00,+1.04497482674E+00,+11.04272623E-03
+22.80000E-06,+1.04368717596E+00,+1.26516957769E+00,+1.04999995231E+00,+29.13317829E-03
+22.85000E-06,+1.00851129694E+00,+1.36567208916E+00,+1.03492457560E+00,+9.03267600E-03
+22.90000E-06,+1.02358667366E+00,+1.34557158686E+00,+1.00979894772E+00,+9.03267600E-03
+22.95000E-06,+1.03363692482E+00,+1.35059671243E+00,+1.03492457559E+00,+6.01760065E-03
+23.00000E-06,+1.02358667366E+00,+1.10436555928E+00,+1.00979894772E+00,-19.10802722E-03
+23.05000E-06,+1.02358667366E+00,+1.01893842453E+00,+1.03492457560E+00,+4.00755042E-03
+23.10000E-06,+1.03363692481E+00,+1.00386304781E+00,+1.06005020347E+00,+7.02262577E-03
+23.15000E-06,+1.00851129694E+00,+1.03903892683E+00,+1.02989945002E+00,+12.04775134E-03
+23.20000E-06,+1.04368717596E+00,+1.32547108458E+00,+1.02989945002E+00,+21.09297737E-03
+23.25000E-06,+1.01353642252E+00,+1.37069721474E+00,+1.01482407330E+00,+9.03267600E-03
+23.30000E-06,+1.04368717596E+00,+1.35562183801E+00,+1.01984919887E+00,+9.03267600E-03
+23.35000E-06,+1.03866205039E+00,+1.38074746589E+00,+1.04497482674E+00,+8.02765088E-03
+23.40000E-06,+1.02358667366E+00,+1.16466706617E+00,+1.00979894772E+00,-19.10802722E-03
+23.45000E-06,+1.00851129694E+00,+1.02898867568E+00,+1.02989945002E+00,-4.03265050E-03
+23.50000E-06,+1.00348617136E+00,+1.04406405240E+00,+1.03994970117E+00,+5.01257554E-03
+23.55000E-06,+1.02358667366E+00,+1.02898867569E+00,+1.02989945002E+00,+13.05277646E-03
+23.60000E-06,+1.04368717596E+00,+1.30537058227E+00,+1.00979894772E+00,+17.07287691E-03
+23.65000E-06,+1.03866205038E+00,+1.34557158686E+00,+1.01984919888E+00,+11.04272623E-03
+23.70000E-06,+1.01353642252E+00,+1.34557158686E+00,+1.00979894772E+00,+9.03267600E-03
+23.75000E-06,+1.00348617136E+00,+1.36064696359E+00,+1.02487432445E+00,+4.00755042E-03
+23.80000E-06,+1.02358667366E+00,+1.06416455470E+00,+1.02989945002E+00,-15.08792676E-03
+23.85000E-06,+1.02358667366E+00,+1.00888817339E+00,+1.02989945002E+00,-12.55004E-06
+23.90000E-06,+1.03363692481E+00,+1.01391329896E+00,+1.01984919887E+00,+11.04272623E-03
+23.95000E-06,+1.02861179923E+00,+1.03903892683E+00,+1.01482407329E+00,+13.05277646E-03
+24.00000E-06,+1.04368717595E+00,+1.30537058228E+00,+1.02989945002E+00,+33.15327875E-03
+24.05000E-06,+1.03363692482E+00,+1.34557158686E+00,+1.01482407330E+00,+7.02262577E-03
+24.10000E-06,+1.01353642251E+00,+1.33552133571E+00,+1.02989945002E+00,+5.01257554E-03
+24.15000E-06,+1.01856154809E+00,+1.36567208916E+00,+1.02989945002E+00,+9.03267600E-03
+24.20000E-06,+1.00348617136E+00,+1.04406405240E+00,+989.69844543E-03,-3.02762538E-03
+24.25000E-06,+1.01856154808E+00,+1.04406405240E+00,+1.01984919886E+00,+10.03770111E-03
+24.30000E-06,+1.03363692481E+00,+1.00386304781E+00,+1.01984919887E+00,+7.02262577E-03
+24.35000E-06,+1.05876255269E+00,+1.02898867568E+00,+1.04497482675E+00,+17.07287692E-03
+24.40000E-06,+1.00348617137E+00,+1.28527007998E+00,+1.04999995231E+00,+33.15327875E-03
+24.45000E-06,+1.03866205038E+00,+1.37069721474E+00,+1.04999995232E+00,+13.05277646E-03
+24.50000E-06,+1.03363692481E+00,+1.34557158686E+00,+1.01984919887E+00,+5.01257554E-03
+24.55000E-06,+1.04368717596E+00,+1.34054646129E+00,+1.02989945002E+00,+992.47508E-06
+24.60000E-06,+1.04368717596E+00,+1.08426505699E+00,+1.00979894773E+00,-11.06782630E-03
+24.65000E-06,+1.02358667366E+00,+1.01893842453E+00,+1.03994970116E+00,-12.55004E-06
+24.70000E-06,+1.01353642252E+00,+1.03401380125E+00,+1.01984919887E+00,+9.03267600E-03
+24.75000E-06,+1.03866205039E+00,+1.00888817338E+00,+1.01482407329E+00,+15.06282669E-03
+24.80000E-06,+1.02358667366E+00,+1.28527007998E+00,+1.07010045460E+00,+29.13317829E-03
+24.85000E-06,+1.02358667366E+00,+1.35059671244E+00,+1.02989945002E+00,+13.05277646E-03
+24.90000E-06,+1.04368717596E+00,+1.36567208916E+00,+1.03994970117E+00,+13.05277646E-03
+24.95000E-06,+1.00851129694E+00,+1.36567208916E+00,+1.01984919888E+00,+8.02765088E-03
+25.00000E-06,+1.02358667366E+00,+1.10436555929E+00,+989.69844543E-03,-23.12812768E-03
+25.05000E-06,+1.05373742710E+00,+1.02898867568E+00,+1.06005020346E+00,-2.02260027E-03
+25.10000E-06,+1.02358667366E+00,+1.04406405240E+00,+1.03994970117E+00,+9.03267600E-03
+25.15000E-06,+1.00851129694E+00,+1.02396355011E+00,+1.02487432445E+00,+14.05780157E-03
+25.20000E-06,+1.02358667367E+00,+1.30537058228E+00,+1.02989945002E+00,+25.11307783E-03
+25.25000E-06,+1.04871230154E+00,+1.35059671244E+00,+1.02989945002E+00,+12.04775134E-03
+25.30000E-06,+1.02358667367E+00,+1.35562183801E+00,+1.01984919887E+00,+5.01257554E-03
+25.35000E-06,+1.02861179923E+00,+1.34557158686E+00,+1.02989945002E+00,+4.00755042E-03
+25.40000E-06,+1.08388818054E+00,+1.14456656388E+00,+1.00979894773E+00,-23.12812768E-03
+25.45000E-06,+1.02358667366E+00,+1.02396355011E+00,+1.02989945002E+00,+992.47508E-06
+25.50000E-06,+1.02358667367E+00,+1.03401380125E+00,+999.74869657E-03,+5.01257554E-03
+25.55000E-06,+1.02861179923E+00,+1.04406405240E+00,+1.01482407329E+00,+9.03267600E-03
+25.60000E-06,+1.04368717596E+00,+1.34557158687E+00,+1.04999995231E+00,+25.11307783E-03
+25.65000E-06,+1.03866205038E+00,+1.36567208916E+00,+1.02989945002E+00,+10.03770111E-03
+25.70000E-06,+1.03363692481E+00,+1.36567208917E+00,+1.03994970117E+00,+5.01257554E-03
+25.75000E-06,+1.03866205039E+00,+1.35059671243E+00,+1.01984919888E+00,+3.00252531E-03
+25.80000E-06,+1.02358667366E+00,+1.14456656387E+00,+969.59794314E-03,-27.14822813E-03
+25.85000E-06,+1.02358667366E+00,+1.01391329896E+00,+1.01482407330E+00,-2.02260027E-03
+25.90000E-06,+1.03363692481E+00,+1.02396355011E+00,+1.01984919887E+00,+7.02262577E-03
+25.95000E-06,+1.02358667366E+00,+1.00888817338E+00,+1.03994970117E+00,+12.04775134E-03
+26.00000E-06,+1.02358667367E+00,+1.30537058228E+00,+1.00979894772E+00,+25.11307783E-03
+26.05000E-06,+1.00348617136E+00,+1.36567208916E+00,+1.01482407330E+00,+14.05780157E-03
+26.10000E-06,+1.01353642251E+00,+1.36567208916E+00,+1.02989945002E+00,+5.01257554E-03
+26.15000E-06,+1.02358667366E+00,+1.36064696359E+00,+1.02989945002E+00,-1.01757515E-03
+26.20000E-06,+1.02358667367E+00,+1.06416455470E+00,+1.04999995231E+00,-7.04772584E-03
+26.25000E-06,+1.02358667366E+00,+1.02396355011E+00,+1.04497482674E+00,+8.02765088E-03
+26.30000E-06,+1.04368717596E+00,+1.02396355011E+00,+1.01984919887E+00,+11.04272623E-03
+26.35000E-06,+1.04368717596E+00,+1.02898867568E+00,+1.01984919886E+00,+12.04775134E-03
+26.40000E-06,+1.04368717596E+00,+1.32547108457E+00,+1.02989945002E+00,+25.11307783E-03
+26.45000E-06,+1.05373742710E+00,+1.35562183802E+00,+1.02989945002E+00,+17.07287692E-03
+26.50000E-06,+1.01353642251E+00,+1.33552133571E+00,+999.74869658E-03,+13.05277646E-03
+26.55000E-06,+1.02358667366E+00,+1.36064696359E+00,+1.01482407329E+00,+9.03267600E-03
+26.60000E-06,+1.02358667366E+00,+1.12446606157E+00,+1.00979894773E+00,-23.12812767E-03
+26.65000E-06,+1.03866205038E+00,+1.03903892682E+00,+1.03994970116E+00,-9.05777607E-03
+26.70000E-06,+1.03363692481E+00,+1.02396355011E+00,+1.01984919887E+00,+9.03267600E-03
+26.75000E-06,+1.02861179923E+00,+1.00888817338E+00,+1.04497482675E+00,+9.03267600E-03
+26.80000E-06,+1.00348617137E+00,+1.28527007999E+00,+1.02989945002E+00,+29.13317829E-03
+26.85000E-06,+1.04368717596E+00,+1.35059671244E+00,+1.01482407330E+00,+8.02765088E-03
+26.90000E-06,+1.04368717596E+00,+1.36567208916E+00,+1.01984919887E+00,+11.04272623E-03
+26.95000E-06,+1.04368717596E+00,+1.36064696359E+00,+1.02487432445E+00,+5.01257554E-03
+27.00000E-06,+1.00348617137E+00,+1.10436555928E+00,+1.02989945003E+00,-19.10802721E-03
+27.05000E-06,+1.02358667366E+00,+1.01893842453E+00,+1.04497482674E+00,-3.02762538E-03
+27.10000E-06,+1.01353642251E+00,+1.01391329896E+00,+1.03994970117E+00,+9.03267599E-03
+27.15000E-06,+1.02861179923E+00,+1.03903892683E+00,+999.74869657E-03,+14.05780157E-03
+27.20000E-06,+1.02358667366E+00,+1.28527007999E+00,+1.04999995231E+00,+25.11307783E-03
+27.25000E-06,+1.02861179924E+00,+1.35562183802E+00,+1.02989945002E+00,+9.03267600E-03
+27.30000E-06,+1.04368717596E+00,+1.36567208916E+00,+1.01984919887E+00,+9.03267600E-03
+27.35000E-06,+1.03866205039E+00,+1.36567208916E+00,+989.69844542E-03,+1.99750019E-03
+27.40000E-06,+1.02358667367E+00,+1.14456656387E+00,+989.69844543E-03,-23.12812768E-03
+27.45000E-06,+1.02358667366E+00,+1.01893842453E+00,+1.05502507788E+00,+992.47508E-06
+27.50000E-06,+1.02358667367E+00,+1.03401380126E+00,+1.02989945002E+00,+5.01257554E-03
+27.55000E-06,+1.02861179923E+00,+1.02898867568E+00,+1.03994970118E+00,+12.04775134E-03
+27.60000E-06,+1.00348617137E+00,+1.30537058228E+00,+1.02989945001E+00,+21.09297737E-03
+27.65000E-06,+1.02358667366E+00,+1.37572234030E+00,+1.02989945002E+00,+12.04775134E-03
+27.70000E-06,+1.02358667366E+00,+1.36567208916E+00,+1.01984919887E+00,+9.03267600E-03
+27.75000E-06,+1.02358667366E+00,+1.36567208916E+00,+1.04497482675E+00,+992.47508E-06
+27.80000E-06,+1.04368717596E+00,+1.08426505699E+00,+1.00979894773E+00,-19.10802721E-03
+27.85000E-06,+1.02358667366E+00,+1.02396355011E+00,+1.04497482674E+00,+992.47508E-06
+27.90000E-06,+1.03363692481E+00,+1.01391329895E+00,+1.01984919887E+00,+11.04272623E-03
+27.95000E-06,+1.00851129693E+00,+1.03903892683E+00,+1.02989945002E+00,+16.06785180E-03
+28.00000E-06,+1.04368717596E+00,+1.32547108458E+00,+1.02989945001E+00,+17.07287691E-03
+28.05000E-06,+1.02861179924E+00,+1.36567208916E+00,+1.01482407330E+00,+12.04775134E-03
+28.10000E-06,+1.03363692481E+00,+1.33552133571E+00,+1.02989945002E+00,+3.00252531E-03
+28.15000E-06,+1.03866205039E+00,+1.34557158686E+00,+1.00979894772E+00,+6.01760065E-03
+28.20000E-06,+1.04368717596E+00,+1.06416455469E+00,+989.69844543E-03,-7.04772584E-03
+28.25000E-06,+1.03866205038E+00,+1.03903892682E+00,+1.04497482674E+00,-1.01757515E-03
+28.30000E-06,+1.04368717596E+00,+1.02396355011E+00,+1.02989945002E+00,+9.03267600E-03
+28.35000E-06,+1.02861179923E+00,+1.01893842454E+00,+1.02989945002E+00,+9.03267600E-03
+28.40000E-06,+1.28489320355E+00,+1.30537058229E+00,+1.02989945001E+00,+53.25378104E-03
+28.45000E-06,+1.38539571501E+00,+1.35562183802E+00,+1.00979894772E+00,+17.07287692E-03
+28.50000E-06,+1.36529521271E+00,+1.33552133572E+00,+1.03994970116E+00,+9.03267600E-03
+28.55000E-06,+1.39544596617E+00,+1.36064696359E+00,+1.02989945002E+00,-3.02762538E-03
+28.60000E-06,+1.08388818055E+00,+1.06416455470E+00,+1.00979894773E+00,-43.22862998E-03
+28.65000E-06,+1.02358667366E+00,+1.00386304781E+00,+1.02989945002E+00,-13.07787653E-03
+28.70000E-06,+1.03363692481E+00,+1.03401380126E+00,+1.02989945003E+00,+3.00252531E-03
+28.75000E-06,+1.02861179923E+00,+1.02396355011E+00,+999.74869656E-03,+16.06785180E-03
+28.80000E-06,+1.30499370584E+00,+1.32547108458E+00,+1.04999995230E+00,+45.21358012E-03
+28.85000E-06,+1.36529521272E+00,+1.38074746588E+00,+1.02487432444E+00,+14.05780157E-03
+28.90000E-06,+1.34519471042E+00,+1.35562183802E+00,+1.03994970117E+00,+5.01257554E-03
+28.95000E-06,+1.36529521272E+00,+1.36064696359E+00,+1.01482407329E+00,-12.55004E-06
+29.00000E-06,+1.12408918512E+00,+1.08426505698E+00,+969.59794315E-03,-39.20852951E-03
+29.05000E-06,+1.00851129694E+00,+1.01391329895E+00,+1.02487432444E+00,-18.10300210E-03
+29.10000E-06,+1.03363692482E+00,+1.03401380126E+00,+1.04999995232E+00,+7.02262577E-03
+29.15000E-06,+1.00851129693E+00,+1.02396355011E+00,+1.03994970118E+00,+14.05780157E-03
+29.20000E-06,+1.28489320354E+00,+1.28527007998E+00,+1.02989945002E+00,+53.25378105E-03
+29.25000E-06,+1.37032033829E+00,+1.36567208916E+00,+1.01482407330E+00,+9.03267600E-03
+29.30000E-06,+1.35524496157E+00,+1.38577259147E+00,+1.01984919887E+00,+9.03267600E-03
+29.35000E-06,+1.35021983599E+00,+1.34054646129E+00,+1.02989945002E+00,+3.00252531E-03
+29.40000E-06,+1.12408918514E+00,+1.12446606158E+00,+1.00979894773E+00,-43.22862997E-03
+29.45000E-06,+1.01353642250E+00,+1.00386304781E+00,+1.03492457560E+00,-12.07285142E-03
+29.50000E-06,+1.03363692481E+00,+1.02396355011E+00,+1.03994970116E+00,+9.03267600E-03
+29.55000E-06,+1.03866205039E+00,+1.03903892683E+00,+1.01984919886E+00,+12.04775134E-03
+29.60000E-06,+1.30499370583E+00,+1.30537058228E+00,+1.04999995230E+00,+53.25378104E-03
+29.65000E-06,+1.36529521272E+00,+1.38074746588E+00,+1.01482407330E+00,+16.06785180E-03
+29.70000E-06,+1.35524496156E+00,+1.34557158686E+00,+1.01984919888E+00,+7.02262577E-03
+29.75000E-06,+1.37534546387E+00,+1.35059671243E+00,+1.01984919888E+00,+4.00755042E-03
+29.80000E-06,+1.12408918512E+00,+1.08426505698E+00,+989.69844544E-03,-35.18842905E-03
+29.85000E-06,+1.02358667366E+00,+998.83792223E-03,+1.01984919886E+00,-14.08290164E-03
+29.90000E-06,+1.03363692481E+00,+1.03401380124E+00,+1.02989945001E+00,+9.03267599E-03
+29.95000E-06,+1.03866205039E+00,+1.03903892683E+00,+1.04999995232E+00,+14.05780157E-03
+30.00000E-06,+1.24469219896E+00,+1.28527007998E+00,+1.02989945001E+00,+57.27388151E-03
+30.05000E-06,+1.37032033829E+00,+1.36567208916E+00,+1.01984919888E+00,+20.08795226E-03
+30.10000E-06,+1.36529521271E+00,+1.34557158686E+00,+1.00979894772E+00,+7.02262577E-03
+30.15000E-06,+1.37032033829E+00,+1.37572234032E+00,+1.01482407329E+00,-2.02260027E-03
+30.20000E-06,+1.16429018972E+00,+1.10436555929E+00,+989.69844544E-03,-51.26883089E-03
+30.25000E-06,+1.01856154808E+00,+1.01893842453E+00,+1.04999995232E+00,-8.05275096E-03
+30.30000E-06,+1.02358667367E+00,+1.03401380125E+00,+1.02989945002E+00,+11.04272623E-03
+30.35000E-06,+1.04368717596E+00,+1.03903892683E+00,+1.02989945002E+00,+23.10302761E-03
+30.40000E-06,+1.30499370584E+00,+1.32547108458E+00,+1.02989945002E+00,+41.19347967E-03
+30.45000E-06,+1.38539571501E+00,+1.39079771704E+00,+999.74869658E-03,+13.05277646E-03
+30.50000E-06,+1.34519471042E+00,+1.33552133571E+00,+1.04999995232E+00,+7.02262577E-03
+30.55000E-06,+1.38037058944E+00,+1.33049621013E+00,+1.00979894772E+00,+1.99750019E-03
+30.60000E-06,+1.20449119429E+00,+1.14456656385E+00,+989.69844544E-03,-43.22862996E-03
+30.65000E-06,+1.03866205038E+00,+1.03401380124E+00,+1.04999995230E+00,-9.05777607E-03
+30.70000E-06,+1.04368717596E+00,+1.04406405239E+00,+1.03994970117E+00,+9.03267599E-03
+30.75000E-06,+1.00851129693E+00,+1.02396355011E+00,+1.04497482675E+00,+17.07287692E-03
+30.80000E-06,+1.32509420813E+00,+1.30537058228E+00,+1.02989945002E+00,+37.17337921E-03
+30.85000E-06,+1.36529521272E+00,+1.37069721474E+00,+1.03994970118E+00,+16.06785180E-03
+30.90000E-06,+1.32509420812E+00,+1.34557158686E+00,+1.02989945002E+00,+7.02262577E-03
+30.95000E-06,+1.37032033829E+00,+1.38074746589E+00,+1.04497482675E+00,+1.99750019E-03
+31.00000E-06,+1.14418968741E+00,+1.10436555927E+00,+989.69844544E-03,-55.28893134E-03
+31.05000E-06,+1.02358667366E+00,+1.02396355011E+00,+1.02989945002E+00,-14.08290164E-03
+31.10000E-06,+1.04368717596E+00,+1.03401380125E+00,+1.02989945002E+00,+9.03267600E-03
+31.15000E-06,+1.03866205039E+00,+1.02396355011E+00,+1.01482407329E+00,+16.06785180E-03
+31.20000E-06,+1.26479270126E+00,+1.28527007999E+00,+1.04999995231E+00,+49.23368058E-03
+31.25000E-06,+1.37032033830E+00,+1.35562183802E+00,+1.03492457560E+00,+15.06282668E-03
+31.30000E-06,+1.34519471042E+00,+1.33552133571E+00,+1.02989945002E+00,+5.01257553E-03
+31.35000E-06,+1.37534546387E+00,+1.37572234032E+00,+999.74869656E-03,-6.04270073E-03
+31.40000E-06,+1.22459169659E+00,+1.14456656386E+00,+969.59794314E-03,-43.22862997E-03
+31.45000E-06,+1.02861179924E+00,+1.02396355011E+00,+1.02487432444E+00,-14.08290164E-03
+31.50000E-06,+1.03363692482E+00,+1.02396355011E+00,+1.03994970117E+00,+11.04272623E-03
+31.55000E-06,+1.04368717596E+00,+1.02396355011E+00,+1.02989945002E+00,+15.06282669E-03
+31.60000E-06,+1.24469219896E+00,+1.24506907540E+00,+1.04999995232E+00,+53.25378104E-03
+31.65000E-06,+1.37032033830E+00,+1.35059671244E+00,+1.03492457560E+00,+19.08292715E-03
+31.70000E-06,+1.35524496156E+00,+1.36567208916E+00,+1.00979894771E+00,+11.04272623E-03
+31.75000E-06,+1.38037058944E+00,+1.37069721475E+00,+1.04999995232E+00,-1.01757515E-03
+31.80000E-06,+1.20449119431E+00,+1.16466706615E+00,+969.59794314E-03,-51.26883089E-03
+31.85000E-06,+1.02861179924E+00,+1.01893842453E+00,+1.03492457560E+00,-13.07787653E-03
+31.90000E-06,+1.01353642251E+00,+1.04406405240E+00,+1.03994970118E+00,+37.17337921E-03
+31.95000E-06,+1.02861179923E+00,+1.02898867567E+00,+1.01984919886E+00,+26.11810295E-03
+32.00000E-06,+1.28489320354E+00,+1.32547108458E+00,+1.04999995231E+00,+41.19347967E-03
+32.05000E-06,+1.36027008716E+00,+1.37069721474E+00,+1.01482407330E+00,+17.07287692E-03
+32.10000E-06,+1.36529521273E+00,+1.35562183802E+00,+1.01984919886E+00,+11.04272623E-03
+32.15000E-06,+1.37534546388E+00,+1.36064696359E+00,+1.00477382215E+00,+1.99750019E-03
+32.20000E-06,+1.14418968743E+00,+1.12446606158E+00,+969.59794313E-03,-51.26883089E-03
+32.25000E-06,+1.01856154808E+00,+1.01893842453E+00,+1.04497482674E+00,-12.07285142E-03
+32.30000E-06,+1.03363692482E+00,+1.01391329895E+00,+1.02989945003E+00,+9.03267600E-03
+32.35000E-06,+1.02358667366E+00,+1.03903892683E+00,+1.02487432445E+00,+13.05277646E-03
+32.40000E-06,+1.24469219897E+00,+1.28527008000E+00,+1.02989945002E+00,+53.25378104E-03
+32.45000E-06,+1.37032033830E+00,+1.37069721474E+00,+1.01482407330E+00,+13.05277646E-03
+32.50000E-06,+1.35524496156E+00,+1.35562183802E+00,+1.00979894771E+00,+11.04272623E-03
+32.55000E-06,+1.36529521272E+00,+1.35059671243E+00,+1.02487432445E+00,+3.00252531E-03
+32.60000E-06,+1.12408918512E+00,+1.10436555927E+00,+1.02989945002E+00,-39.20852951E-03
+32.65000E-06,+1.04368717596E+00,+1.02396355011E+00,+1.02989945002E+00,-11.06782630E-03
+32.70000E-06,+1.02358667366E+00,+1.03401380125E+00,+1.02989945002E+00,+7.02262577E-03
+32.75000E-06,+1.03866205039E+00,+1.02396355011E+00,+1.01482407329E+00,+18.07790203E-03
+32.80000E-06,+1.28489320355E+00,+1.26516957771E+00,+1.07010045460E+00,+45.21358012E-03
+32.85000E-06,+1.38539571501E+00,+1.37069721474E+00,+1.01984919888E+00,+16.06785180E-03
+32.90000E-06,+1.37534546387E+00,+1.34557158686E+00,+1.02989945002E+00,+11.04272623E-03
+32.95000E-06,+1.37032033828E+00,+1.35059671243E+00,+1.02487432445E+00,-3.02762538E-03
+33.00000E-06,+1.12408918514E+00,+1.14456656387E+00,+989.69844544E-03,-51.26883089E-03
+33.05000E-06,+1.03363692480E+00,+1.02396355011E+00,+1.04497482671E+00,-6.04270073E-03
+33.10000E-06,+1.02358667366E+00,+1.02396355011E+00,+1.04999995232E+00,+11.04272623E-03
+33.15000E-06,+1.02861179923E+00,+1.02396355011E+00,+1.04497482675E+00,+18.07790203E-03
+33.20000E-06,+1.32509420814E+00,+1.34557158687E+00,+1.02989945001E+00,+41.19347966E-03
+33.25000E-06,+1.38539571501E+00,+1.36567208916E+00,+999.74869658E-03,+18.07790203E-03
+33.30000E-06,+1.34519471041E+00,+1.36567208916E+00,+1.03994970116E+00,+9.03267600E-03
+33.35000E-06,+1.37032033828E+00,+1.36567208916E+00,+1.01482407329E+00,-2.02260027E-03
+33.40000E-06,+1.12408918511E+00,+1.10436555927E+00,+1.00979894773E+00,-43.22862996E-03
+33.45000E-06,+1.02861179922E+00,+1.01893842453E+00,+1.02487432444E+00,-9.05777607E-03
+33.50000E-06,+1.03363692480E+00,+1.02396355011E+00,+1.01984919888E+00,+11.04272622E-03
+33.55000E-06,+1.01353642250E+00,+1.03401380127E+00,+1.01482407329E+00,+18.07790203E-03
+33.60000E-06,+1.28489320356E+00,+1.28527008000E+00,+1.04999995230E+00,+49.23368058E-03
+33.65000E-06,+1.38539571501E+00,+1.37572234032E+00,+1.01984919888E+00,+17.07287692E-03
+33.70000E-06,+1.35524496157E+00,+1.32547108455E+00,+1.01984919886E+00,+9.03267600E-03
+33.75000E-06,+1.39042084061E+00,+1.34054646129E+00,+1.01482407329E+00,+6.01760066E-03
+33.80000E-06,+1.10398868283E+00,+1.06416455469E+00,+989.69844544E-03,-35.18842905E-03
+33.85000E-06,+1.03866205038E+00,+1.01893842453E+00,+1.03994970116E+00,-11.06782630E-03
+33.90000E-06,+1.04368717596E+00,+1.03401380126E+00,+1.04999995232E+00,+7.02262577E-03
+33.95000E-06,+1.04368717596E+00,+1.02898867567E+00,+1.04497482675E+00,+23.10302761E-03
+34.00000E-06,+1.36529521273E+00,+1.32547108458E+00,+1.04999995230E+00,+41.19347966E-03
+34.05000E-06,+1.33514445928E+00,+1.36567208916E+00,+1.00979894772E+00,+15.06282669E-03
+34.10000E-06,+1.35524496156E+00,+1.36567208916E+00,+1.01984919886E+00,+5.01257554E-03
+34.15000E-06,+1.36027008715E+00,+1.36064696359E+00,+1.02487432445E+00,-3.02762538E-03
+34.20000E-06,+1.10398868282E+00,+1.10436555926E+00,+1.00979894773E+00,-43.22862997E-03
+34.25000E-06,+1.03363692480E+00,+998.83792223E-03,+1.02989945002E+00,-11.06782630E-03
+34.30000E-06,+1.04368717595E+00,+1.03401380125E+00,+1.02989945002E+00,+11.04272622E-03
+34.35000E-06,+1.02861179923E+00,+1.04406405240E+00,+1.01984919886E+00,+19.08292715E-03
+34.40000E-06,+1.28489320355E+00,+1.28527007999E+00,+1.04999995230E+00,+49.23368058E-03
+34.45000E-06,+1.35021983600E+00,+1.36567208916E+00,+1.02989945002E+00,+12.04775134E-03
+34.50000E-06,+1.34519471042E+00,+1.34557158686E+00,+1.02989945002E+00,+9.03267600E-03
+34.55000E-06,+1.38037058944E+00,+1.36064696359E+00,+1.04497482675E+00,-12.55004E-06
+34.60000E-06,+1.10398868283E+00,+1.10436555928E+00,+969.59794315E-03,-43.22862997E-03
+34.65000E-06,+1.01856154808E+00,+1.01391329894E+00,+1.03994970116E+00,-8.05275096E-03
+34.70000E-06,+1.03363692480E+00,+1.02396355011E+00,+1.02989945002E+00,+3.00252531E-03
+34.75000E-06,+1.04368717596E+00,+1.03401380124E+00,+1.03994970118E+00,+20.08795226E-03
+34.80000E-06,+1.28489320356E+00,+1.30537058229E+00,+1.02989945001E+00,+45.21358012E-03
+34.85000E-06,+1.35524496158E+00,+1.40084796817E+00,+1.01482407330E+00,+20.08795226E-03
+34.90000E-06,+1.36529521272E+00,+1.36567208916E+00,+1.02989945001E+00,+5.01257554E-03
+34.95000E-06,+1.35524496155E+00,+1.35562183802E+00,+1.01984919886E+00,-5.03767561E-03
+35.00000E-06,+1.08388818056E+00,+1.08426505700E+00,+1.00979894773E+00,-39.20852951E-03
+35.05000E-06,+1.01856154808E+00,+1.00386304781E+00,+1.05502507787E+00,-9.05777607E-03
+35.10000E-06,+1.02358667366E+00,+1.02396355011E+00,+1.03994970116E+00,+13.05277645E-03
+35.15000E-06,+1.02358667366E+00,+1.04406405240E+00,+1.02989945002E+00,+20.08795226E-03
+35.20000E-06,+1.32509420814E+00,+1.32547108459E+00,+1.04999995230E+00,+37.17337920E-03
+35.25000E-06,+1.37032033830E+00,+1.36567208916E+00,+1.03994970118E+00,+18.07790203E-03
+35.30000E-06,+1.35524496156E+00,+1.33552133572E+00,+1.03994970117E+00,+3.00252531E-03
+35.35000E-06,+1.38037058945E+00,+1.36567208916E+00,+1.02487432445E+00,-12.55004E-06
+35.40000E-06,+1.08388818053E+00,+1.10436555928E+00,+989.69844544E-03,-31.16832859E-03
+35.45000E-06,+1.03363692480E+00,+1.03401380124E+00,+1.03994970115E+00,-9.05777607E-03
+35.50000E-06,+1.03363692480E+00,+1.01391329895E+00,+1.01984919886E+00,+11.04272623E-03
+35.55000E-06,+1.02861179923E+00,+1.00888817338E+00,+1.02989945002E+00,+16.06785180E-03
+35.60000E-06,+1.30499370585E+00,+1.30537058229E+00,+1.02989945002E+00,+45.21358012E-03
+35.65000E-06,+1.38539571501E+00,+1.38074746588E+00,+1.01482407330E+00,+16.06785180E-03
+35.70000E-06,+1.35524496157E+00,+1.35562183800E+00,+1.02989945001E+00,+9.03267600E-03
+35.75000E-06,+1.36529521272E+00,+1.36064696359E+00,+1.04999995232E+00,-2.02260027E-03
+35.80000E-06,+1.12408918511E+00,+1.10436555927E+00,+1.00979894773E+00,-43.22862996E-03
+35.85000E-06,+1.03363692480E+00,+1.01893842452E+00,+1.04497482674E+00,-9.05777607E-03
+35.90000E-06,+1.03363692482E+00,+1.01391329895E+00,+1.01984919888E+00,+9.03267599E-03
+35.95000E-06,+1.00851129693E+00,+1.02396355011E+00,+1.03492457559E+00,+16.06785180E-03
+36.00000E-06,+1.04368717595E+00,+1.28527008000E+00,+1.04999995230E+00,+29.13317829E-03
+36.05000E-06,+1.04368717596E+00,+1.36567208916E+00,+1.01482407330E+00,+9.03267600E-03
+36.10000E-06,+1.03363692482E+00,+1.35562183802E+00,+1.03994970117E+00,+7.02262577E-03
+36.15000E-06,+1.02358667366E+00,+1.36064696359E+00,+1.01482407329E+00,+3.00252530E-03
+36.20000E-06,+1.04368717595E+00,+1.08426505697E+00,+1.02989945003E+00,-11.06782629E-03
+36.25000E-06,+1.03363692480E+00,+1.03903892682E+00,+1.04497482674E+00,+1.99750019E-03
+36.30000E-06,+1.01353642252E+00,+1.02396355011E+00,+1.02989945001E+00,+9.03267600E-03
+36.35000E-06,+1.02358667366E+00,+1.01893842454E+00,+1.02989945002E+00,+13.05277646E-03
+36.40000E-06,+1.26479270128E+00,+1.26516957772E+00,+1.02989945001E+00,+45.21358012E-03
+36.45000E-06,+1.37032033830E+00,+1.35059671244E+00,+1.01984919888E+00,+18.07790203E-03
+36.50000E-06,+1.35524496157E+00,+1.34557158685E+00,+1.02989945002E+00,+7.02262577E-03
+36.55000E-06,+1.36027008715E+00,+1.36567208916E+00,+1.02989945002E+00,+992.47508E-06
+36.60000E-06,+1.08388818054E+00,+1.06416455469E+00,+1.00979894772E+00,-35.18842905E-03
+36.65000E-06,+1.02358667366E+00,+1.00386304781E+00,+1.02989945002E+00,-8.05275096E-03
+36.70000E-06,+1.05373742710E+00,+1.03401380125E+00,+1.03994970116E+00,+9.03267599E-03
+36.75000E-06,+1.00348617136E+00,+1.02396355011E+00,+1.01482407329E+00,+19.08292715E-03
+36.80000E-06,+1.04368717595E+00,+1.32547108457E+00,+1.02989945001E+00,+17.07287691E-03
+36.85000E-06,+1.03866205038E+00,+1.36064696358E+00,+1.01482407330E+00,+9.03267600E-03
+36.90000E-06,+1.02358667366E+00,+1.36567208917E+00,+1.03994970117E+00,+7.02262577E-03
+36.95000E-06,+1.02358667366E+00,+1.34557158686E+00,+1.02989945002E+00,+5.01257554E-03
+37.00000E-06,+1.02358667367E+00,+1.08426505699E+00,+989.69844543E-03,-11.06782630E-03
+37.05000E-06,+1.01856154808E+00,+1.00888817339E+00,+1.02487432444E+00,-4.03265049E-03
+37.10000E-06,+1.05373742710E+00,+1.02396355011E+00,+1.02989945002E+00,+11.04272622E-03
+37.15000E-06,+1.03866205039E+00,+1.04406405240E+00,+1.04497482675E+00,+17.07287692E-03
+37.20000E-06,+1.30499370585E+00,+1.30537058230E+00,+1.02989945003E+00,+41.19347966E-03
+37.25000E-06,+1.36529521272E+00,+1.36567208916E+00,+1.01482407330E+00,+14.05780157E-03
+37.30000E-06,+1.33514445926E+00,+1.35562183802E+00,+1.03994970116E+00,+9.03267600E-03
+37.35000E-06,+1.38539571501E+00,+1.36567208916E+00,+1.00979894772E+00,+4.00755042E-03
+37.40000E-06,+1.12408918511E+00,+1.06416455469E+00,+989.69844544E-03,-39.20852951E-03
+37.45000E-06,+1.01353642253E+00,+998.83792223E-03,+1.02487432444E+00,-8.05275096E-03
+37.50000E-06,+1.02358667366E+00,+1.02396355012E+00,+1.01984919888E+00,+11.04272622E-03
+37.55000E-06,+1.04368717596E+00,+1.03903892684E+00,+1.01482407329E+00,+21.09297737E-03
+37.60000E-06,+1.04368717595E+00,+1.28527008000E+00,+1.07010045460E+00,+25.11307783E-03
+37.65000E-06,+1.02358667366E+00,+1.37069721474E+00,+1.02989945002E+00,+15.06282668E-03
+37.70000E-06,+1.00348617136E+00,+1.36567208916E+00,+1.02989945002E+00,+7.02262577E-03
+37.75000E-06,+1.00851129693E+00,+1.36567208916E+00,+1.02989945002E+00,+9.03267600E-03
+37.80000E-06,+1.02358667366E+00,+1.10436555928E+00,+1.00979894774E+00,-15.08792676E-03
+37.85000E-06,+1.01856154808E+00,+1.00386304781E+00,+1.02487432444E+00,+6.01760065E-03
+37.90000E-06,+1.04368717596E+00,+1.04406405240E+00,+1.02989945002E+00,+7.02262576E-03
+37.95000E-06,+1.02358667366E+00,+1.02396355011E+00,+1.04497482675E+00,+13.05277646E-03
+38.00000E-06,+1.02358667368E+00,+1.30537058228E+00,+1.02989945002E+00,+29.13317829E-03
+38.05000E-06,+1.05373742712E+00,+1.36567208916E+00,+999.74869659E-03,+13.05277646E-03
+38.10000E-06,+1.02358667366E+00,+1.34557158686E+00,+1.02989945002E+00,+7.02262577E-03
+38.15000E-06,+1.02861179923E+00,+1.36064696359E+00,+1.03994970118E+00,+5.01257554E-03
+38.20000E-06,+1.00348617137E+00,+1.08426505697E+00,+1.00979894774E+00,-19.10802721E-03
+38.25000E-06,+1.03363692480E+00,+1.02396355011E+00,+1.02989945002E+00,-5.03767561E-03
+38.30000E-06,+1.03363692482E+00,+1.02396355009E+00,+1.00979894772E+00,+9.03267600E-03
+38.35000E-06,+1.02861179923E+00,+1.00888817338E+00,+1.00477382213E+00,+15.06282669E-03
+38.40000E-06,+1.30499370586E+00,+1.30537058230E+00,+1.02989945000E+00,+45.21358012E-03
+38.45000E-06,+1.36027008713E+00,+1.35562183803E+00,+1.03994970118E+00,+16.06785180E-03
+38.50000E-06,+1.36529521272E+00,+1.34557158688E+00,+1.02989945003E+00,+9.03267600E-03
+38.55000E-06,+1.34519471042E+00,+1.36064696359E+00,+1.01482407329E+00,-3.02762538E-03
+38.60000E-06,+1.18439069197E+00,+1.16466706613E+00,+969.59794315E-03,-43.22862996E-03
+38.65000E-06,+1.06881280381E+00,+1.00386304781E+00,+1.05502507787E+00,-4.03265050E-03
+38.70000E-06,+1.02358667366E+00,+1.02396355011E+00,+1.04999995232E+00,+7.02262577E-03
+38.75000E-06,+1.03866205039E+00,+1.02898867567E+00,+1.02487432445E+00,+18.07790203E-03
+38.80000E-06,+1.24469219898E+00,+1.26516957771E+00,+1.04999995230E+00,+49.23368058E-03
+38.85000E-06,+1.36027008716E+00,+1.38577259146E+00,+1.02487432444E+00,+15.06282668E-03
+38.90000E-06,+1.34519471043E+00,+1.34557158686E+00,+1.00979894771E+00,+11.04272623E-03
+38.95000E-06,+1.37534546388E+00,+1.36567208916E+00,+1.05502507788E+00,-2.02260027E-03
+39.00000E-06,+1.20449119430E+00,+1.14456656385E+00,+969.59794315E-03,-51.26883089E-03
+39.05000E-06,+1.00851129695E+00,+1.00888817339E+00,+1.06005020345E+00,-7.04772584E-03
+39.10000E-06,+1.02358667366E+00,+1.04406405240E+00,+1.01984919886E+00,+9.03267599E-03
+39.15000E-06,+1.04368717596E+00,+1.02898867567E+00,+1.04497482675E+00,+20.08795226E-03
+39.20000E-06,+1.30499370585E+00,+1.30537058231E+00,+1.04999995231E+00,+45.21358012E-03
+39.25000E-06,+1.38539571501E+00,+1.37069721474E+00,+1.02989945002E+00,+21.09297737E-03
+39.30000E-06,+1.34519471042E+00,+1.36567208917E+00,+1.02989945002E+00,+7.02262577E-03
+39.35000E-06,+1.36529521272E+00,+1.36064696359E+00,+1.03492457559E+00,+992.47508E-06
+39.40000E-06,+1.08388818052E+00,+1.06416455467E+00,+1.00979894774E+00,-39.20852950E-03
+39.45000E-06,+1.02358667366E+00,+1.01893842452E+00,+1.02487432444E+00,-8.05275096E-03
+39.50000E-06,+1.03363692480E+00,+1.02396355011E+00,+1.03994970116E+00,+3.00252530E-03
+39.55000E-06,+1.04871230153E+00,+1.03903892684E+00,+1.04999995232E+00,+18.07790203E-03
+39.60000E-06,+1.32509420813E+00,+1.32547108458E+00,+1.00979894773E+00,+45.21358012E-03
+39.65000E-06,+1.35524496158E+00,+1.36567208916E+00,+1.00979894772E+00,+16.06785180E-03
+39.70000E-06,+1.33514445928E+00,+1.34557158686E+00,+1.03994970116E+00,+9.03267600E-03
+39.75000E-06,+1.36027008715E+00,+1.35059671243E+00,+1.03492457559E+00,+992.47508E-06
+39.80000E-06,+1.16429018970E+00,+1.10436555926E+00,+969.59794314E-03,-51.26883088E-03
+39.85000E-06,+1.01856154808E+00,+1.00386304781E+00,+1.02989945002E+00,-7.04772584E-03
+39.90000E-06,+1.03363692482E+00,+1.03401380126E+00,+1.01984919888E+00,+9.03267600E-03
+39.95000E-06,+1.02358667366E+00,+1.03903892684E+00,+1.02989945002E+00,+16.06785180E-03
+40.00000E-06,+1.34519471044E+00,+1.32547108460E+00,+1.04999995230E+00,+29.13317829E-03
+40.05000E-06,+1.37032033830E+00,+1.38074746587E+00,+1.04999995232E+00,+16.06785180E-03
+40.10000E-06,+1.34519471042E+00,+1.34557158686E+00,+1.02989945002E+00,+7.02262577E-03
+40.15000E-06,+1.38037058945E+00,+1.36567208916E+00,+1.00477382216E+00,+5.01257554E-03
+40.20000E-06,+1.10398868281E+00,+1.10436555926E+00,+989.69844545E-03,-39.20852950E-03
+40.25000E-06,+1.01353642250E+00,+1.00386304781E+00,+1.07010045458E+00,-6.04270073E-03
+40.30000E-06,+1.05373742712E+00,+1.01391329895E+00,+1.06005020347E+00,+9.03267600E-03
+40.35000E-06,+1.04368717596E+00,+1.01893842454E+00,+1.02487432445E+00,+23.10302761E-03
+40.40000E-06,+1.26479270128E+00,+1.30537058228E+00,+1.07010045460E+00,+45.21358013E-03
+40.45000E-06,+1.37534546388E+00,+1.36567208916E+00,+1.01482407330E+00,+16.06785180E-03
+40.50000E-06,+1.36529521272E+00,+1.33552133572E+00,+1.00979894772E+00,+9.03267600E-03
+40.55000E-06,+1.38037058945E+00,+1.35562183803E+00,+1.01482407329E+00,-2.02260027E-03
+40.60000E-06,+1.14418968738E+00,+1.10436555925E+00,+989.69844544E-03,-47.24873042E-03
+40.65000E-06,+1.01353642250E+00,+1.01893842452E+00,+1.03994970115E+00,-7.04772584E-03
+40.70000E-06,+1.02358667366E+00,+1.03401380125E+00,+1.00979894772E+00,+7.02262577E-03
+40.75000E-06,+1.01353642250E+00,+1.02898867567E+00,+1.03492457559E+00,+17.07287692E-03
+40.80000E-06,+1.30499370585E+00,+1.32547108459E+00,+1.04999995230E+00,+37.17337920E-03
+40.85000E-06,+1.37032033830E+00,+1.38074746587E+00,+1.01984919889E+00,+16.06785180E-03
+40.90000E-06,+1.35524496156E+00,+1.34557158688E+00,+1.00979894772E+00,+9.03267600E-03
+40.95000E-06,+1.36027008715E+00,+1.36064696359E+00,+1.00979894772E+00,+5.01257554E-03
+41.00000E-06,+1.20449119428E+00,+1.16466706615E+00,+969.59794314E-03,-47.24873043E-03
+41.05000E-06,+1.00348617136E+00,+1.02898867566E+00,+1.06507532903E+00,-7.04772584E-03
+41.10000E-06,+1.04368717594E+00,+1.03401380125E+00,+1.03994970118E+00,+11.04272622E-03
+41.15000E-06,+1.02358667366E+00,+1.02396355011E+00,+1.03492457559E+00,+16.06785180E-03
+41.20000E-06,+1.24469219898E+00,+1.28527007999E+00,+1.07010045459E+00,+53.25378104E-03
+41.25000E-06,+1.37032033830E+00,+1.38074746587E+00,+1.01482407330E+00,+20.08795226E-03
+41.30000E-06,+1.35524496156E+00,+1.35562183800E+00,+1.01984919886E+00,+7.02262577E-03
+41.35000E-06,+1.37534546388E+00,+1.35059671243E+00,+1.02989945002E+00,-2.02260027E-03
+41.40000E-06,+1.08388818053E+00,+1.12446606154E+00,+989.69844545E-03,-43.22862996E-03
+41.45000E-06,+1.01856154808E+00,+988.78767109E-03,+1.02989945002E+00,-14.08290164E-03
+41.50000E-06,+1.03363692482E+00,+1.02396355009E+00,+1.03994970118E+00,+9.03267600E-03
+41.55000E-06,+1.01353642250E+00,+1.02898867567E+00,+1.05502507788E+00,+14.05780158E-03
+41.60000E-06,+1.32509420814E+00,+1.32547108458E+00,+1.02989945002E+00,+45.21358012E-03
+41.65000E-06,+1.37534546388E+00,+1.38074746587E+00,+1.02989945002E+00,+14.05780157E-03
+41.70000E-06,+1.35524496158E+00,+1.35562183802E+00,+1.00979894774E+00,+11.04272623E-03
+41.75000E-06,+1.38037058945E+00,+1.36567208916E+00,+1.01482407329E+00,+992.47508E-06
+41.80000E-06,+1.08388818053E+00,+1.08426505697E+00,+989.69844545E-03,-27.14822813E-03
+41.85000E-06,+1.01353642250E+00,+1.02396355011E+00,+1.06005020345E+00,-11.06782630E-03
+41.90000E-06,+1.03363692480E+00,+1.03401380125E+00,+1.02989945002E+00,+5.01257554E-03
+41.95000E-06,+1.02358667366E+00,+1.01391329894E+00,+1.02989945002E+00,+18.07790203E-03
+42.00000E-06,+1.30499370585E+00,+1.02396355011E+00,+1.02989945003E+00,+29.13317829E-03
+42.05000E-06,+1.36529521272E+00,+1.03903892682E+00,+1.00979894772E+00,+11.04272623E-03
+42.10000E-06,+1.37534546386E+00,+1.03401380125E+00,+1.03994970116E+00,+9.03267600E-03
+42.15000E-06,+1.36027008715E+00,+1.02396355011E+00,+1.02989945002E+00,+5.01257554E-03
+42.20000E-06,+1.18439069198E+00,+1.02396355010E+00,+989.69844543E-03,-23.12812767E-03
+42.25000E-06,+1.02358667366E+00,+1.02396355011E+00,+1.01984919889E+00,-10.06280118E-03
+42.30000E-06,+1.03363692480E+00,+1.01391329895E+00,+1.01984919886E+00,+9.03267599E-03
+42.35000E-06,+1.02358667366E+00,+1.00888817337E+00,+1.02989945002E+00,+13.05277646E-03
+42.40000E-06,+1.02358667366E+00,+1.00386304782E+00,+1.00979894772E+00,+5.01257554E-03
+42.45000E-06,+1.02358667366E+00,+1.03903892682E+00,+1.03492457560E+00,+5.01257554E-03
+42.50000E-06,+1.03363692480E+00,+1.02396355011E+00,+1.02989945002E+00,+5.01257554E-03
+42.55000E-06,+1.02358667366E+00,+1.04406405240E+00,+1.01984919889E+00,+9.03267600E-03
+42.60000E-06,+1.02358667367E+00,+1.04406405239E+00,+1.00979894772E+00,+13.05277645E-03
+42.65000E-06,+1.02358667366E+00,+1.02898867569E+00,+1.02989945002E+00,+7.02262577E-03
+42.70000E-06,+1.03363692480E+00,+1.03401380125E+00,+1.02989945002E+00,+3.00252531E-03
+42.75000E-06,+1.01353642250E+00,+1.02396355011E+00,+1.02989945002E+00,+6.01760065E-03
+42.80000E-06,+1.32509420816E+00,+1.04406405240E+00,+1.02989945002E+00,+33.15327875E-03
+42.85000E-06,+1.37032033830E+00,+1.03903892682E+00,+1.00477382217E+00,+11.04272623E-03
+42.90000E-06,+1.35524496158E+00,+1.00386304781E+00,+1.01984919888E+00,+7.02262576E-03
+42.95000E-06,+1.37032033828E+00,+1.03903892684E+00,+1.02989945002E+00,+9.03267600E-03
+43.00000E-06,+1.12408918510E+00,+1.04406405240E+00,+1.00979894774E+00,-27.14822813E-03
+43.05000E-06,+1.02358667366E+00,+1.00386304781E+00,+1.04999995232E+00,-3.02762538E-03
+43.10000E-06,+1.02358667366E+00,+1.03401380126E+00,+1.33140698451E+00,+13.05277645E-03
+43.15000E-06,+1.04368717596E+00,+1.04406405240E+00,+1.39170849137E+00,+13.05277646E-03
+43.20000E-06,+1.02358667367E+00,+1.34557158689E+00,+1.37160798906E+00,+21.09297737E-03
+43.25000E-06,+1.03866205038E+00,+1.35059671245E+00,+1.35150748678E+00,+4.00755042E-03
+43.30000E-06,+1.03363692480E+00,+1.34557158686E+00,+1.37160798909E+00,+5.01257554E-03
+43.35000E-06,+1.04368717596E+00,+1.36567208916E+00,+1.37663311467E+00,+5.01257554E-03
+43.40000E-06,+1.02358667366E+00,+1.08426505697E+00,+1.35150748679E+00,-7.04772583E-03
+43.45000E-06,+1.03363692479E+00,+1.02396355011E+00,+1.06507532903E+00,+35.16332897E-03
+43.50000E-06,+1.02358667366E+00,+1.04406405240E+00,+1.03994970116E+00,+9.03267599E-03
+43.55000E-06,+1.02358667366E+00,+1.04406405240E+00,+1.02989945002E+00,+8.02765088E-03
+43.60000E-06,+1.02358667367E+00,+1.34557158685E+00,+989.69844543E-03,+21.09297737E-03
+43.65000E-06,+1.02861179925E+00,+1.36567208916E+00,+1.00979894772E+00,+7.02262577E-03
+43.70000E-06,+1.02358667366E+00,+1.37572234030E+00,+1.02989944998E+00,+9.03267600E-03
+43.75000E-06,+1.04871230152E+00,+1.36567208916E+00,+1.02989945002E+00,+9.03267600E-03
+43.80000E-06,+1.02358667366E+00,+1.08426505698E+00,+1.00979894773E+00,-7.04772584E-03
+43.85000E-06,+1.00851129695E+00,+1.00888817339E+00,+994.72357101E-03,+4.00755042E-03
+43.90000E-06,+1.02358667364E+00,+1.00386304779E+00,+1.02989945002E+00,+9.03267600E-03
+43.95000E-06,+1.01353642250E+00,+1.02898867567E+00,+1.02487432445E+00,+12.04775134E-03
+44.00000E-06,+1.04368717595E+00,+1.32547108459E+00,+1.02989945001E+00,+29.13317828E-03
+44.05000E-06,+1.02861179925E+00,+1.35059671245E+00,+1.01482407331E+00,+9.03267600E-03
+44.10000E-06,+1.02358667366E+00,+1.35562183802E+00,+1.02989945002E+00,+11.04272623E-03
+44.15000E-06,+1.03866205039E+00,+1.35059671243E+00,+1.00979894772E+00,+6.01760065E-03
+44.20000E-06,+1.04368717595E+00,+1.14456656383E+00,+989.69844545E-03,-19.10802720E-03
+44.25000E-06,+1.02358667366E+00,+1.00888817339E+00,+1.03994970115E+00,-4.03265049E-03
+44.30000E-06,+1.02358667366E+00,+1.02396355011E+00,+1.04999995232E+00,+9.03267600E-03
+44.35000E-06,+1.02358667366E+00,+1.02396355011E+00,+1.01482407329E+00,+12.04775134E-03
+44.40000E-06,+1.02358667366E+00,+1.28527008002E+00,+1.02989945001E+00,+29.13317828E-03
+44.45000E-06,+1.05876255267E+00,+1.36567208916E+00,+1.00979894772E+00,+15.06282668E-03
+44.50000E-06,+1.03363692480E+00,+1.36567208916E+00,+1.02989945000E+00,+5.01257554E-03
+44.55000E-06,+1.04871230156E+00,+1.36064696359E+00,+1.03492457558E+00,-1.01757516E-03
+44.60000E-06,+1.04368717595E+00,+1.10436555925E+00,+1.00979894776E+00,-19.10802720E-03
+44.65000E-06,+1.02358667366E+00,+1.02396355011E+00,+1.02989945002E+00,+992.47508E-06
+44.70000E-06,+1.04368717596E+00,+1.01391329897E+00,+1.01984919888E+00,+7.02262576E-03
+44.75000E-06,+1.02358667366E+00,+1.01893842454E+00,+1.02989945002E+00,+8.02765088E-03
+44.80000E-06,+1.04368717595E+00,+1.36567208917E+00,+1.02989945001E+00,+17.07287691E-03
+44.85000E-06,+1.03866205038E+00,+1.35059671245E+00,+1.04497482673E+00,+10.03770111E-03
+44.90000E-06,+1.04368717598E+00,+1.36567208916E+00,+1.02989945002E+00,+11.04272623E-03
+44.95000E-06,+1.03866205039E+00,+1.36064696359E+00,+1.00979894772E+00,+5.01257554E-03
+45.00000E-06,+1.04368717596E+00,+1.08426505697E+00,+969.59794316E-03,-7.04772583E-03
+45.05000E-06,+1.01353642249E+00,+1.00386304781E+00,+1.02989945002E+00,+992.47508E-06
+45.10000E-06,+1.04368717598E+00,+1.03401380126E+00,+1.02989945004E+00,+7.02262577E-03
+45.15000E-06,+1.04368717596E+00,+1.01893842454E+00,+1.01482407329E+00,+17.07287692E-03
+45.20000E-06,+1.02358667367E+00,+1.28527008004E+00,+1.02989945001E+00,+25.11307782E-03
+45.25000E-06,+1.06378767826E+00,+1.37069721474E+00,+1.01482407331E+00,+17.07287692E-03
+45.30000E-06,+1.04368717594E+00,+1.36567208916E+00,+1.01984919886E+00,+13.05277646E-03
+45.35000E-06,+1.02358667366E+00,+1.34557158686E+00,+994.72357099E-03,+3.00252530E-03
+45.40000E-06,+1.02358667365E+00,+1.10436555926E+00,+1.00979894774E+00,-19.10802721E-03
+45.45000E-06,+1.02358667366E+00,+1.02396355011E+00,+1.01984919889E+00,+992.47508E-06
+45.50000E-06,+1.02358667366E+00,+1.03401380124E+00,+1.00979894772E+00,+11.04272622E-03
+45.55000E-06,+1.01353642249E+00,+1.02396355011E+00,+994.72357099E-03,+10.03770111E-03
+45.60000E-06,+1.04368717594E+00,+1.30537058230E+00,+1.07010045459E+00,+25.11307783E-03
+45.65000E-06,+1.00851129695E+00,+1.37069721474E+00,+1.02989945002E+00,+11.04272622E-03
+45.70000E-06,+1.02358667364E+00,+1.35562183800E+00,+1.01984919886E+00,+9.03267599E-03
+45.75000E-06,+1.03866205039E+00,+1.38074746589E+00,+1.02989945002E+00,+5.01257554E-03
+45.80000E-06,+1.04368717595E+00,+1.08426505696E+00,+989.69844545E-03,-7.04772583E-03
+45.85000E-06,+1.01353642249E+00,+1.00386304781E+00,+1.02487432444E+00,+4.00755042E-03
+45.90000E-06,+1.02358667366E+00,+1.03401380124E+00,+1.02989945000E+00,+5.01257554E-03
+45.95000E-06,+1.03866205039E+00,+1.01391329894E+00,+1.04497482675E+00,+12.04775134E-03
+46.00000E-06,+1.04368717595E+00,+1.32547108458E+00,+1.02989945002E+00,+21.09297737E-03
+46.05000E-06,+1.04368717596E+00,+1.35059671245E+00,+1.03492457560E+00,+6.01760065E-03
+46.10000E-06,+1.03363692480E+00,+1.36567208916E+00,+1.03994970116E+00,+9.03267600E-03
+46.15000E-06,+1.04871230152E+00,+1.35059671243E+00,+1.03492457558E+00,+1.99750019E-03
+46.20000E-06,+1.04368717595E+00,+1.14456656381E+00,+1.00979894773E+00,-19.10802721E-03
+46.25000E-06,+1.02358667366E+00,+1.02396355011E+00,+1.04497482673E+00,+992.47508E-06
+46.30000E-06,+1.04368717596E+00,+1.01391329895E+00,+1.01984919888E+00,+5.01257553E-03
+46.35000E-06,+1.04368717596E+00,+1.02396355011E+00,+1.03492457558E+00,+9.03267600E-03
+46.40000E-06,+1.02358667367E+00,+1.30537058232E+00,+1.02989945000E+00,+33.15327874E-03
+46.45000E-06,+1.03866205038E+00,+1.35562183803E+00,+1.01482407331E+00,+8.02765088E-03
+46.50000E-06,+1.02358667368E+00,+1.34557158684E+00,+1.04999995232E+00,+9.03267600E-03
+46.55000E-06,+1.04368717596E+00,+1.36567208916E+00,+989.69844542E-03,+11.04272623E-03
+46.60000E-06,+1.04368717594E+00,+1.12446606155E+00,+1.00979894773E+00,-19.10802721E-03
+46.65000E-06,+1.00851129695E+00,+1.02396355011E+00,+1.00477382214E+00,+992.47508E-06
+46.70000E-06,+1.04368717596E+00,+1.00386304781E+00,+1.01984919884E+00,+5.01257554E-03
+46.75000E-06,+1.04368717596E+00,+1.02396355011E+00,+1.02989945002E+00,+10.03770111E-03
+46.80000E-06,+1.04368717596E+00,+1.32547108459E+00,+989.69844542E-03,+25.11307782E-03
+46.85000E-06,+1.04368717596E+00,+1.40587309375E+00,+1.01482407331E+00,+13.05277646E-03
+46.90000E-06,+1.02358667366E+00,+1.35562183802E+00,+1.01984919888E+00,+9.03267600E-03
+46.95000E-06,+1.03866205039E+00,+1.33552133569E+00,+1.04497482675E+00,-2.02260027E-03
+47.00000E-06,+1.02358667367E+00,+1.08426505698E+00,+1.04999995232E+00,-15.08792675E-03
+47.05000E-06,+1.05373742709E+00,+1.02396355011E+00,+1.02989945002E+00,+992.47508E-06
+47.10000E-06,+1.05373742710E+00,+1.03401380124E+00,+1.01984919888E+00,+11.04272622E-03
+47.15000E-06,+1.01353642249E+00,+1.03903892684E+00,+1.02989945002E+00,+9.03267600E-03
+47.20000E-06,+1.02358667366E+00,+1.34557158687E+00,+1.02989945001E+00,+25.11307783E-03
+47.25000E-06,+1.04368717596E+00,+1.38577259146E+00,+1.03492457560E+00,+12.04775134E-03
+47.30000E-06,+1.04368717596E+00,+1.34557158688E+00,+1.01984919888E+00,+9.03267600E-03
+47.35000E-06,+1.02861179923E+00,+1.34557158686E+00,+1.03994970119E+00,+5.01257554E-03
+47.40000E-06,+1.02358667366E+00,+1.10436555924E+00,+1.02989945002E+00,-15.08792675E-03
+47.45000E-06,+1.02358667366E+00,+1.03903892682E+00,+1.03994970115E+00,+992.47509E-06
+47.50000E-06,+1.03363692482E+00,+1.01391329895E+00,+1.02989945002E+00,+9.03267600E-03
+47.55000E-06,+1.04368717596E+00,+1.00386304781E+00,+1.03994970119E+00,+3.00252530E-03
+47.60000E-06,+1.06378767824E+00,+1.32547108459E+00,+1.02989945002E+00,+25.11307783E-03
+47.65000E-06,+1.02358667366E+00,+1.38074746587E+00,+1.02989945002E+00,+9.03267600E-03
+47.70000E-06,+1.03363692480E+00,+1.36567208916E+00,+1.03994970116E+00,+9.03267600E-03
+47.75000E-06,+1.02358667366E+00,+1.36567208916E+00,+1.04497482675E+00,+5.01257554E-03
+47.80000E-06,+1.04368717595E+00,+1.10436555923E+00,+1.00979894774E+00,-15.08792675E-03
+47.85000E-06,+1.03866205037E+00,+1.02396355011E+00,+1.03994970115E+00,+5.01257554E-03
+47.90000E-06,+1.02358667366E+00,+1.04406405240E+00,+1.01984919888E+00,+11.04272622E-03
+47.95000E-06,+1.02358667366E+00,+1.02898867567E+00,+1.01482407329E+00,+14.05780157E-03
+48.00000E-06,+1.04368717596E+00,+1.32547108461E+00,+1.04999995229E+00,+17.07287691E-03
+48.05000E-06,+1.03866205037E+00,+1.37069721474E+00,+1.01984919889E+00,+14.05780156E-03
+48.10000E-06,+1.03363692482E+00,+1.33552133572E+00,+1.02989945002E+00,+9.03267600E-03
+48.15000E-06,+1.05373742713E+00,+1.34557158686E+00,+1.02989945002E+00,+4.00755042E-03
+48.20000E-06,+1.06378767824E+00,+1.14456656382E+00,+989.69844545E-03,-19.10802720E-03
+48.25000E-06,+1.01856154808E+00,+1.00888817339E+00,+1.02487432443E+00,+5.01257554E-03
+48.30000E-06,+1.02358667364E+00,+1.01391329895E+00,+1.01984919888E+00,+9.03267599E-03
+48.35000E-06,+1.03866205040E+00,+1.04406405240E+00,+1.03994970119E+00,+13.05277646E-03
+48.40000E-06,+1.04368717596E+00,+1.30537058231E+00,+1.00979894772E+00,+21.09297736E-03
+48.45000E-06,+1.02861179925E+00,+1.35059671245E+00,+1.01482407331E+00,+10.03770111E-03
+48.50000E-06,+1.02358667366E+00,+1.36567208914E+00,+1.02989945002E+00,+7.02262577E-03
+48.55000E-06,+1.04368717596E+00,+1.36064696360E+00,+1.04999995232E+00,+1.99750019E-03
+48.60000E-06,+1.02358667366E+00,+1.10436555926E+00,+1.02989945002E+00,-15.08792675E-03
+48.65000E-06,+1.03363692479E+00,+1.01893842452E+00,+1.04497482673E+00,+992.47508E-06
+48.70000E-06,+1.04368717596E+00,+1.03401380124E+00,+1.03994970116E+00,+13.05277646E-03
+48.75000E-06,+1.01353642249E+00,+1.04406405240E+00,+1.04999995232E+00,+13.05277646E-03
+48.80000E-06,+1.02358667366E+00,+1.32547108461E+00,+1.02989945001E+00,+25.11307782E-03
+48.85000E-06,+1.03363692483E+00,+1.36567208916E+00,+1.04497482673E+00,+13.05277646E-03
+48.90000E-06,+1.03363692480E+00,+1.36567208918E+00,+1.03994970118E+00,+11.04272623E-03
+48.95000E-06,+1.04368717596E+00,+1.33049621013E+00,+1.01482407329E+00,+8.02765088E-03
+49.00000E-06,+1.02358667366E+00,+1.06416455468E+00,+1.00979894773E+00,-7.04772583E-03
+49.05000E-06,+1.02358667366E+00,+1.01893842452E+00,+1.03994970115E+00,-2.02260026E-03
+49.10000E-06,+1.02358667366E+00,+1.03401380127E+00,+1.02989945002E+00,+11.04272622E-03
+49.15000E-06,+1.02358667366E+00,+1.02396355011E+00,+1.04999995232E+00,+11.04272622E-03
+49.20000E-06,+1.02358667367E+00,+1.30537058231E+00,+1.02989945002E+00,+21.09297737E-03
+49.25000E-06,+1.02358667366E+00,+1.35059671245E+00,+1.02989945002E+00,+10.03770111E-03
+49.30000E-06,+1.03363692480E+00,+1.37572234030E+00,+1.03994970118E+00,+7.02262577E-03
+49.35000E-06,+1.03363692483E+00,+1.36567208916E+00,+1.04497482675E+00,+1.99750019E-03
+49.40000E-06,+1.06378767825E+00,+1.12446606153E+00,+989.69844545E-03,-19.10802720E-03
+49.45000E-06,+1.02861179925E+00,+1.03903892682E+00,+1.01482407331E+00,+1.99750019E-03
+49.50000E-06,+1.01353642252E+00,+1.01391329897E+00,+1.02989945002E+00,+9.03267600E-03
+49.55000E-06,+1.02861179923E+00,+1.03903892684E+00,+999.74869655E-03,+12.04775134E-03
+49.60000E-06,+1.04368717595E+00,+1.30537058232E+00,+1.04999995231E+00,+29.13317829E-03
+49.65000E-06,+1.02358667366E+00,+1.35562183803E+00,+1.01482407331E+00,+9.03267600E-03
+49.70000E-06,+1.02358667366E+00,+1.36567208916E+00,+1.02989945002E+00,+9.03267600E-03
+49.75000E-06,+1.04871230152E+00,+1.36064696360E+00,+1.02487432446E+00,+6.01760065E-03
+49.80000E-06,+1.02358667366E+00,+1.10436555924E+00,+1.00979894774E+00,-15.08792675E-03
+49.85000E-06,+1.03866205037E+00,+1.01893842452E+00,+1.04497482673E+00,-12.55004E-06
+49.90000E-06,+1.04368717596E+00,+1.03401380127E+00,+1.02989945002E+00,+7.02262577E-03
+49.95000E-06,+1.00348617136E+00,+1.01893842454E+00,+1.02989945002E+00,+11.04272622E-03
+50.00000E-06,+1.04368717595E+00,+1.30537058230E+00,+1.04999995229E+00,+29.13317828E-03
+50.05000E-06,+1.02861179925E+00,+1.35562183799E+00,+1.02487432443E+00,+12.04775134E-03
+50.10000E-06,+1.01353642250E+00,+1.33552133572E+00,+1.00979894770E+00,+9.03267600E-03
+50.15000E-06,+1.04871230152E+00,+1.34054646130E+00,+1.00979894772E+00,+1.99750019E-03
+50.20000E-06,+1.02358667366E+00,+1.08426505700E+00,+1.00979894774E+00,-15.08792675E-03
+50.25000E-06,+1.02861179925E+00,+1.02396355011E+00,+1.04999995232E+00,-12.55004E-06
+50.30000E-06,+1.03363692482E+00,+1.03401380127E+00,+1.04999995229E+00,+5.01257554E-03
+50.35000E-06,+1.04871230152E+00,+1.02396355011E+00,+1.04999995232E+00,+11.04272623E-03
+50.40000E-06,+1.06378767825E+00,+1.34557158690E+00,+1.02989945002E+00,+17.07287691E-03
+50.45000E-06,+1.03866205037E+00,+1.36567208916E+00,+1.04999995232E+00,+14.05780157E-03
+50.50000E-06,+1.03363692480E+00,+1.36567208916E+00,+1.02989945002E+00,+7.02262577E-03
+50.55000E-06,+1.02861179923E+00,+1.36064696360E+00,+1.01482407328E+00,+10.03770112E-03
+50.60000E-06,+1.00348617138E+00,+1.06416455468E+00,+1.00979894773E+00,-7.04772584E-03
+50.65000E-06,+1.02358667366E+00,+1.02898867569E+00,+1.02989945002E+00,+7.02262577E-03
+50.70000E-06,+1.04368717598E+00,+1.03401380127E+00,+1.04999995232E+00,+9.03267600E-03
+50.75000E-06,+1.03866205040E+00,+1.02396355011E+00,+1.04497482675E+00,+12.04775134E-03
+50.80000E-06,+1.06378767823E+00,+1.34557158687E+00,+1.00979894772E+00,+17.07287691E-03
+50.85000E-06,+1.02358667366E+00,+1.36567208916E+00,+1.02989945002E+00,+6.01760065E-03
+50.90000E-06,+1.04368717596E+00,+1.36567208916E+00,+1.00979894772E+00,+7.02262577E-03
+50.95000E-06,+1.03866205040E+00,+1.36567208916E+00,+1.02989945002E+00,+992.47508E-06
+51.00000E-06,+1.04368717595E+00,+1.08426505695E+00,+1.02989945003E+00,-15.08792674E-03
+51.05000E-06,+1.02358667366E+00,+1.02396355011E+00,+1.02487432443E+00,+992.47508E-06
+51.10000E-06,+1.00348617136E+00,+1.01391329895E+00,+1.01984919886E+00,+9.03267600E-03
+51.15000E-06,+1.04368717596E+00,+1.02396355011E+00,+1.01984919885E+00,+12.04775134E-03
+51.20000E-06,+1.02358667365E+00,+1.30537058231E+00,+1.02989945002E+00,+17.07287691E-03
+51.25000E-06,+1.05876255267E+00,+1.35562183803E+00,+1.00979894772E+00,+14.05780156E-03
+51.30000E-06,+1.03363692482E+00,+1.35562183802E+00,+1.02989945004E+00,+9.03267600E-03
+51.35000E-06,+1.00348617136E+00,+1.36567208916E+00,+1.01482407328E+00,+992.47508E-06
+51.40000E-06,+1.02358667366E+00,+1.06416455467E+00,+1.00979894772E+00,-15.08792674E-03
+51.45000E-06,+1.02358667366E+00,+1.03903892682E+00,+1.01984919885E+00,-1.01757515E-03
+51.50000E-06,+1.02358667366E+00,+1.02396355011E+00,+1.06005020348E+00,+13.05277646E-03
+51.55000E-06,+1.04368717596E+00,+1.03903892684E+00,+1.04497482675E+00,+9.03267600E-03
+51.60000E-06,+1.02358667366E+00,+1.34557158687E+00,+1.00979894773E+00,+17.07287691E-03
+51.65000E-06,+1.00851129695E+00,+1.36567208916E+00,+1.02989945002E+00,+11.04272622E-03
+51.70000E-06,+1.02358667366E+00,+1.35562183802E+00,+1.02989945002E+00,+7.02262577E-03
+51.75000E-06,+1.04368717596E+00,+1.34054646130E+00,+1.02989945002E+00,+8.02765088E-03
+51.80000E-06,+1.02358667366E+00,+1.08426505695E+00,+1.00979894774E+00,-15.08792675E-03
+51.85000E-06,+1.02861179925E+00,+1.01893842452E+00,+1.02989945002E+00,+992.47508E-06
+51.90000E-06,+1.04368717596E+00,+1.02396355011E+00,+1.00979894772E+00,+9.03267599E-03
+51.95000E-06,+1.02861179922E+00,+1.04406405240E+00,+1.03492457558E+00,+13.05277646E-03
+52.00000E-06,+1.04368717597E+00,+1.32547108459E+00,+1.00979894772E+00,+13.05277645E-03
+52.05000E-06,+1.01353642254E+00,+1.35562183803E+00,+1.04497482673E+00,+10.03770111E-03
+52.10000E-06,+1.02358667366E+00,+1.35562183800E+00,+1.01984919888E+00,+9.03267600E-03
+52.15000E-06,+1.03866205040E+00,+1.33049621013E+00,+1.00979894772E+00,+8.02765088E-03
+52.20000E-06,+1.02358667366E+00,+1.10436555924E+00,+1.02989945003E+00,-11.06782628E-03
+52.25000E-06,+1.02358667366E+00,+1.01391329898E+00,+1.02487432443E+00,-1.01757515E-03
+52.30000E-06,+1.04368717596E+00,+1.03401380127E+00,+1.03994970118E+00,+7.02262576E-03
+52.35000E-06,+1.02861179922E+00,+1.02396355011E+00,+1.02989945002E+00,+14.05780157E-03
+52.40000E-06,+1.04368717596E+00,+1.34557158689E+00,+1.02989945001E+00,+21.09297737E-03
+52.45000E-06,+1.05876255267E+00,+1.36567208916E+00,+1.01482407331E+00,+12.04775134E-03
+52.50000E-06,+1.02358667366E+00,+1.36567208916E+00,+1.02989945004E+00,+9.03267600E-03
+52.55000E-06,+1.02358667366E+00,+1.35562183803E+00,+1.02989945002E+00,+3.00252531E-03
+52.60000E-06,+1.02358667367E+00,+1.04406405241E+00,+1.04999995230E+00,-7.04772584E-03
+52.65000E-06,+1.02358667366E+00,+1.02396355011E+00,+1.02989945002E+00,+4.00755042E-03
+52.70000E-06,+1.02358667366E+00,+1.01391329895E+00,+1.02989945002E+00,+11.04272623E-03
+52.75000E-06,+1.03363692479E+00,+1.03903892684E+00,+1.01482407328E+00,+12.04775134E-03
+52.80000E-06,+1.04368717596E+00,+1.30537058230E+00,+1.02989945001E+00,+21.09297736E-03
+52.85000E-06,+1.03363692483E+00,+1.34557158686E+00,+1.00979894772E+00,+9.03267600E-03
+52.90000E-06,+1.03363692480E+00,+1.33552133573E+00,+1.00979894772E+00,+7.02262576E-03
+52.95000E-06,+1.01856154810E+00,+1.36567208916E+00,+1.02487432446E+00,+3.00252531E-03
+53.00000E-06,+1.02358667366E+00,+1.04406405241E+00,+989.69844544E-03,-7.04772584E-03
+53.05000E-06,+1.03866205037E+00,+1.02396355011E+00,+1.01482407326E+00,+4.00755043E-03
+53.10000E-06,+1.03363692480E+00,+1.02396355011E+00,+1.03994970118E+00,+13.05277646E-03
+53.15000E-06,+1.04368717596E+00,+1.02396355011E+00,+1.01482407328E+00,+13.05277646E-03
+53.20000E-06,+1.04368717595E+00,+1.28527008003E+00,+1.04999995228E+00,+29.13317829E-03
+53.25000E-06,+1.02861179925E+00,+1.36567208916E+00,+1.01482407331E+00,+3.00252531E-03
+53.30000E-06,+1.02358667366E+00,+1.35562183800E+00,+1.02989945002E+00,+7.02262577E-03
+53.35000E-06,+1.02358667366E+00,+1.35562183803E+00,+1.02989945002E+00,+7.02262577E-03
+53.40000E-06,+1.04368717596E+00,+1.10436555922E+00,+989.69844547E-03,-19.10802720E-03
+53.45000E-06,+1.04368717596E+00,+1.02396355011E+00,+1.02487432443E+00,+992.47508E-06
+53.50000E-06,+1.02358667366E+00,+1.02396355008E+00,+1.01984919888E+00,+9.03267599E-03
+53.55000E-06,+1.02358667366E+00,+1.02396355011E+00,+1.02989945002E+00,+13.05277646E-03
+53.60000E-06,+1.02358667366E+00,+1.32547108460E+00,+1.02989945001E+00,+21.09297737E-03
+53.65000E-06,+1.02358667366E+00,+1.36567208916E+00,+1.03994970114E+00,+14.05780157E-03
+53.70000E-06,+1.02358667366E+00,+1.35562183802E+00,+1.01984919886E+00,+11.04272622E-03
+53.75000E-06,+1.01856154810E+00,+1.36064696360E+00,+1.00979894772E+00,+6.01760065E-03
+53.80000E-06,+1.04368717592E+00,+1.12446606153E+00,+989.69844547E-03,-19.10802720E-03
+53.85000E-06,+1.05876255267E+00,+1.03401380123E+00,+1.05502507785E+00,-2.02260026E-03
+53.90000E-06,+1.03363692480E+00,+1.02396355011E+00,+1.03994970116E+00,+11.04272622E-03
+53.95000E-06,+1.01353642249E+00,+1.02396355011E+00,+1.01482407328E+00,+13.05277646E-03
+54.00000E-06,+1.04368717596E+00,+1.28527008002E+00,+1.04999995229E+00,+25.11307782E-03
+54.05000E-06,+1.02358667366E+00,+1.36567208916E+00,+1.01482407331E+00,+15.06282668E-03
+54.10000E-06,+1.04368717596E+00,+1.36567208916E+00,+1.04999995232E+00,+9.03267600E-03
+54.15000E-06,+1.04871230152E+00,+1.36064696360E+00,+1.04497482675E+00,+1.99750019E-03
+54.20000E-06,+1.02358667366E+00,+1.10436555923E+00,+1.00979894775E+00,-19.10802721E-03
+54.25000E-06,+1.02861179925E+00,+1.01893842452E+00,+1.02989945002E+00,+992.47508E-06
+54.30000E-06,+1.04368717596E+00,+1.01391329894E+00,+1.01984919888E+00,+9.03267599E-03
+54.35000E-06,+1.02861179922E+00,+1.03401380128E+00,+1.02989945002E+00,+10.03770111E-03
+54.40000E-06,+1.04368717596E+00,+1.30537058233E+00,+1.07010045456E+00,+25.11307782E-03
+54.45000E-06,+1.03363692484E+00,+1.37069721475E+00,+1.02989945002E+00,+7.02262577E-03
+54.50000E-06,+1.02358667366E+00,+1.36567208918E+00,+1.02989945002E+00,+11.04272622E-03
+54.55000E-06,+1.03363692484E+00,+1.36567208916E+00,+1.02989945002E+00,+8.02765088E-03
+54.60000E-06,+1.00348617139E+00,+1.08426505697E+00,+1.00979894773E+00,-19.10802721E-03
+54.65000E-06,+1.02358667366E+00,+1.00386304781E+00,+1.00979894767E+00,+992.47508E-06
+54.70000E-06,+1.03363692482E+00,+1.02396355011E+00,+1.03994970118E+00,+5.01257554E-03
+54.75000E-06,+1.04368717596E+00,+1.04406405240E+00,+1.04497482675E+00,+21.09297737E-03
+54.80000E-06,+1.04368717593E+00,+1.28527008003E+00,+1.02989945001E+00,+29.13317828E-03
+54.85000E-06,+1.02861179925E+00,+1.36567208916E+00,+1.01984919890E+00,+10.03770111E-03
+54.90000E-06,+1.03363692480E+00,+1.33552133570E+00,+1.01984919886E+00,+9.03267600E-03
+54.95000E-06,+1.04368717596E+00,+1.34557158686E+00,+1.03492457558E+00,+4.00755042E-03
+55.00000E-06,+1.02358667365E+00,+1.06416455465E+00,+1.02989945006E+00,-7.04772583E-03
+55.05000E-06,+1.03866205037E+00,+1.01893842452E+00,+1.00979894772E+00,+4.00755042E-03
+55.10000E-06,+1.02358667366E+00,+1.02396355011E+00,+1.03994970118E+00,+9.03267599E-03
+55.15000E-06,+1.02861179922E+00,+1.03903892684E+00,+1.01482407328E+00,+16.06785180E-03
+55.20000E-06,+1.02358667367E+00,+1.28527008003E+00,+1.02989945002E+00,+29.13317828E-03
+55.25000E-06,+1.04368717596E+00,+1.37069721475E+00,+1.00979894772E+00,+9.03267600E-03
+55.30000E-06,+1.03363692480E+00,+1.35562183800E+00,+1.01984919888E+00,+9.03267600E-03
+55.35000E-06,+1.03866205040E+00,+1.36567208916E+00,+1.00979894772E+00,+5.01257554E-03
+55.40000E-06,+1.02358667366E+00,+1.10436555923E+00,+1.00979894772E+00,-19.10802720E-03
+55.45000E-06,+1.01856154808E+00,+1.02396355011E+00,+1.05502507785E+00,-3.02762538E-03
+55.50000E-06,+1.02358667366E+00,+1.02396355008E+00,+1.03994970116E+00,+5.01257554E-03
+55.55000E-06,+1.05876255269E+00,+1.01391329893E+00,+1.02487432446E+00,+15.06282668E-03
+55.60000E-06,+1.02358667367E+00,+1.34557158689E+00,+1.02989945002E+00,+21.09297736E-03
+55.65000E-06,+1.02358667366E+00,+1.36567208916E+00,+1.02989945002E+00,+13.05277646E-03
+55.70000E-06,+1.02358667366E+00,+1.35562183802E+00,+989.69844540E-03,+7.02262577E-03
+55.75000E-06,+1.02358667366E+00,+1.35562183799E+00,+1.02989945002E+00,-2.02260027E-03
+55.80000E-06,+1.04368717593E+00,+1.14456656380E+00,+1.00979894775E+00,-19.10802720E-03
+55.85000E-06,+1.03866205037E+00,+1.02396355011E+00,+1.04497482673E+00,+5.01257554E-03
+55.90000E-06,+1.03363692482E+00,+1.02396355013E+00,+1.02989945002E+00,+11.04272622E-03
+55.95000E-06,+1.02861179922E+00,+1.03401380123E+00,+1.00979894772E+00,+12.04775134E-03
+56.00000E-06,+1.02358667366E+00,+1.30537058231E+00,+1.02989944999E+00,+21.09297736E-03
+56.05000E-06,+1.04368717596E+00,+1.34557158686E+00,+1.02487432443E+00,+8.02765088E-03
+56.10000E-06,+1.03363692480E+00,+1.36567208916E+00,+1.02989945002E+00,+7.02262577E-03
+56.15000E-06,+1.03363692484E+00,+1.36567208916E+00,+1.03492457563E+00,-1.01757516E-03
+56.20000E-06,+1.02358667366E+00,+1.12446606151E+00,+1.00979894775E+00,-27.14822811E-03
+56.25000E-06,+1.01856154807E+00,+993.81279669E-03,+1.03994970114E+00,+4.00755042E-03
+56.30000E-06,+1.03363692482E+00,+1.02396355011E+00,+1.03994970118E+00,+5.01257554E-03
+56.35000E-06,+1.02358667366E+00,+1.02396355011E+00,+1.04497482675E+00,+13.05277646E-03
+56.40000E-06,+1.04368717596E+00,+1.34557158688E+00,+989.69844544E-03,+21.09297737E-03
+56.45000E-06,+1.03363692484E+00,+1.36567208916E+00,+1.00979894772E+00,+7.02262577E-03
+56.50000E-06,+1.01353642247E+00,+1.37572234030E+00,+1.02989945002E+00,+992.47508E-06
+56.55000E-06,+1.05373742713E+00,+1.36567208916E+00,+1.02989945002E+00,+4.00755042E-03
+56.60000E-06,+1.02358667367E+00,+1.10436555928E+00,+1.02989945002E+00,-11.06782630E-03
+56.65000E-06,+1.01856154807E+00,+1.02396355011E+00,+1.04999995232E+00,+4.00755042E-03
+56.70000E-06,+1.02358667366E+00,+1.04406405240E+00,+1.02989945002E+00,+9.03267600E-03
+56.75000E-06,+998.46104575E-03,+1.00888817337E+00,+1.04999995232E+00,+16.06785180E-03
+56.80000E-06,+1.28489320358E+00,+1.30537058232E+00,+1.09020095685E+00,+45.21358011E-03
+56.85000E-06,+1.37534546389E+00,+1.38074746587E+00,+1.02487432443E+00,+15.06282669E-03
+56.90000E-06,+1.36529521272E+00,+1.34557158686E+00,+1.02989945005E+00,+9.03267600E-03
+56.95000E-06,+1.36027008715E+00,+1.36064696360E+00,+1.02487432446E+00,+3.00252531E-03
+57.00000E-06,+1.10398868280E+00,+1.12446606153E+00,+989.69844545E-03,-47.24873042E-03
+57.05000E-06,+1.01353642254E+00,+1.01893842452E+00,+1.03994970114E+00,-11.06782630E-03
+57.10000E-06,+1.03363692482E+00,+1.02396355011E+00,+1.02989945002E+00,+5.01257553E-03
+57.15000E-06,+1.04368717596E+00,+1.04406405240E+00,+1.03994970119E+00,+15.06282668E-03
+57.20000E-06,+1.28489320359E+00,+1.28527008002E+00,+1.04999995229E+00,+53.25378103E-03
+57.25000E-06,+1.37032033830E+00,+1.40084796817E+00,+1.01984919890E+00,+19.08292714E-03
+57.30000E-06,+1.36529521272E+00,+1.36567208916E+00,+1.00979894770E+00,+5.01257554E-03
+57.35000E-06,+1.37534546389E+00,+1.36567208916E+00,+1.04999995232E+00,-2.02260027E-03
+57.40000E-06,+1.08388818050E+00,+1.10436555923E+00,+1.00979894776E+00,-39.20852949E-03
+57.45000E-06,+1.02358667366E+00,+1.01391329893E+00,+1.01482407331E+00,-10.06280118E-03
+57.50000E-06,+1.03363692480E+00,+1.03401380127E+00,+1.00979894772E+00,+13.05277645E-03
+57.55000E-06,+1.02861179922E+00,+1.02396355011E+00,+1.03492457563E+00,+18.07790203E-03
+57.60000E-06,+1.28489320358E+00,+1.32547108460E+00,+1.02989944999E+00,+45.21358011E-03
+57.65000E-06,+1.36027008718E+00,+1.35059671245E+00,+1.01984919890E+00,+15.06282668E-03
+57.70000E-06,+1.34519471042E+00,+1.32547108456E+00,+1.02989945005E+00,+7.02262577E-03
+57.75000E-06,+1.35021983598E+00,+1.36567208916E+00,+1.02487432446E+00,-12.55003E-06
+57.80000E-06,+1.14418968739E+00,+1.12446606154E+00,+969.59794317E-03,-47.24873042E-03
+57.85000E-06,+1.01856154807E+00,+1.00386304781E+00,+1.03994970114E+00,-13.07787653E-03
+57.90000E-06,+1.01353642250E+00,+1.01391329894E+00,+1.01984919888E+00,+7.02262577E-03
+57.95000E-06,+1.03363692478E+00,+1.02396355011E+00,+1.02487432446E+00,+17.07287692E-03
+58.00000E-06,+1.26479270130E+00,+1.28527008004E+00,+1.04999995229E+00,+49.23368057E-03
+58.05000E-06,+1.36529521272E+00,+1.37069721475E+00,+1.03492457561E+00,+13.05277646E-03
+58.10000E-06,+1.35524496155E+00,+1.36567208916E+00,+1.01984919886E+00,+9.03267600E-03
+58.15000E-06,+1.36529521272E+00,+1.36064696360E+00,+1.01984919884E+00,-3.02762538E-03
+58.20000E-06,+1.18439069192E+00,+1.12446606150E+00,+969.59794318E-03,-47.24873040E-03
+58.25000E-06,+1.02358667366E+00,+1.00888817340E+00,+1.04497482673E+00,-11.06782630E-03
+58.30000E-06,+1.01353642250E+00,+1.03401380124E+00,+1.01984919888E+00,+13.05277646E-03
+58.35000E-06,+1.01856154805E+00,+1.02396355011E+00,+1.04497482676E+00,+19.08292714E-03
+58.40000E-06,+1.30499370590E+00,+1.32547108461E+00,+1.02989944998E+00,+37.17337919E-03
+58.45000E-06,+1.35021983601E+00,+1.36567208916E+00,+1.01984919890E+00,+15.06282668E-03
+58.50000E-06,+1.35524496158E+00,+1.35562183802E+00,+1.01984919888E+00,+7.02262576E-03
+58.55000E-06,+1.36529521272E+00,+1.38074746590E+00,+1.01984919890E+00,+992.47508E-06
+58.60000E-06,+1.18439069191E+00,+1.14456656380E+00,+969.59794317E-03,-39.20852949E-03
+58.65000E-06,+1.02358667366E+00,+1.01893842452E+00,+1.02487432443E+00,-9.05777607E-03
+58.70000E-06,+1.03363692482E+00,+1.03401380124E+00,+1.04999995232E+00,+9.03267600E-03
+58.75000E-06,+1.02358667366E+00,+1.02396355011E+00,+1.06005020349E+00,+16.06785180E-03
+58.80000E-06,+1.34519471045E+00,+1.32547108461E+00,+1.00979894774E+00,+33.15327874E-03
+58.85000E-06,+1.36027008718E+00,+1.37069721475E+00,+999.74869660E-03,+11.04272623E-03
+58.90000E-06,+1.35524496155E+00,+1.34557158686E+00,+1.01984919888E+00,+11.04272623E-03
+58.95000E-06,+1.37534546389E+00,+1.38577259146E+00,+1.01482407328E+00,-3.02762538E-03
+59.00000E-06,+1.08388818049E+00,+1.02396355008E+00,+989.69844548E-03,-35.18842903E-03
+59.05000E-06,+1.01856154807E+00,+1.01893842452E+00,+1.03994970114E+00,-11.06782630E-03
+59.10000E-06,+1.02358667363E+00,+1.02396355011E+00,+1.01984919888E+00,+7.02262576E-03
+59.15000E-06,+1.00851129693E+00,+1.02898867567E+00,+1.01482407328E+00,+16.06785180E-03
+59.20000E-06,+1.30499370588E+00,+1.34557158689E+00,+1.02989945001E+00,+45.21358011E-03
+59.25000E-06,+1.38037058943E+00,+1.36567208916E+00,+1.03492457561E+00,+20.08795226E-03
+59.30000E-06,+1.33514445928E+00,+1.35562183800E+00,+1.03994970118E+00,+5.01257554E-03
+59.35000E-06,+1.37534546389E+00,+1.37572234034E+00,+1.00979894772E+00,+1.99750019E-03
+59.40000E-06,+1.12408918511E+00,+1.08426505696E+00,+989.69844545E-03,-39.20852951E-03
+59.45000E-06,+1.03363692478E+00,+1.01391329893E+00,+1.03994970114E+00,-7.04772584E-03
+59.50000E-06,+1.01353642253E+00,+1.02396355011E+00,+1.01984919888E+00,+3.00252530E-03
+59.55000E-06,+1.00851129693E+00,+1.02898867567E+00,+1.02487432446E+00,+17.07287692E-03
+59.60000E-06,+1.34519471043E+00,+1.30537058231E+00,+1.02989945001E+00,+33.15327873E-03
+59.65000E-06,+1.35021983601E+00,+1.37069721475E+00,+1.00979894772E+00,+13.05277646E-03
+59.70000E-06,+1.34519471042E+00,+1.35562183800E+00,+1.01984919886E+00,+9.03267600E-03
+59.75000E-06,+1.38539571501E+00,+1.35059671242E+00,+1.02989945002E+00,-2.02260027E-03
+59.80000E-06,+1.10398868282E+00,+1.10436555925E+00,+1.00979894774E+00,-43.22862997E-03
+59.85000E-06,+1.01856154807E+00,+1.03903892681E+00,+1.05502507785E+00,-5.03767561E-03
+59.90000E-06,+1.03363692480E+00,+1.02396355011E+00,+1.02989945002E+00,+9.03267600E-03
+59.95000E-06,+1.02358667366E+00,+1.04908917796E+00,+1.01984919884E+00,+20.08795226E-03
+60.00000E-06,+1.30499370587E+00,+1.32547108459E+00,+1.02989944998E+00,+37.17337918E-03
+60.05000E-06,+1.37032033830E+00,+1.39079771705E+00,+1.03492457561E+00,+19.08292714E-03
+60.10000E-06,+1.34519471045E+00,+1.34557158686E+00,+1.03994970115E+00,+9.03267600E-03
+60.15000E-06,+1.36027008716E+00,+1.36567208916E+00,+1.02487432446E+00,+3.00252531E-03
+60.20000E-06,+1.12408918508E+00,+1.10436555922E+00,+989.69844547E-03,-39.20852948E-03
+60.25000E-06,+1.00348617136E+00,+1.01893842452E+00,+1.00477382213E+00,-9.05777607E-03
+60.30000E-06,+1.03363692480E+00,+1.02396355011E+00,+1.03994970115E+00,+9.03267599E-03
+60.35000E-06,+1.02358667366E+00,+1.03401380123E+00,+1.02989945002E+00,+17.07287692E-03
+60.40000E-06,+1.26479270131E+00,+1.28527008005E+00,+1.04999995229E+00,+53.25378102E-03
+60.45000E-06,+1.35524496160E+00,+1.36567208916E+00,+1.00979894772E+00,+25.11307783E-03
+60.50000E-06,+1.34519471045E+00,+1.36567208916E+00,+1.01984919886E+00,+13.05277646E-03
+60.55000E-06,+1.35021983598E+00,+1.36064696360E+00,+1.02989945002E+00,-2.02260027E-03
+60.60000E-06,+1.08388818051E+00,+1.06416455466E+00,+1.00979894776E+00,-35.18842903E-03
+60.65000E-06,+988.41079466E-03,+1.00386304781E+00,+1.03492457561E+00,-15.08792676E-03
+60.70000E-06,+1.03363692482E+00,+1.02396355011E+00,+1.01984919886E+00,+13.05277645E-03
+60.75000E-06,+1.04871230152E+00,+1.00888817337E+00,+1.03994970120E+00,+19.08292714E-03
+60.80000E-06,+1.30499370589E+00,+1.30537058232E+00,+1.02989944999E+00,+45.21358011E-03
+60.85000E-06,+1.36529521272E+00,+1.38074746587E+00,+1.03994970114E+00,+19.08292714E-03
+60.90000E-06,+1.34519471042E+00,+1.35562183803E+00,+1.04999995234E+00,+5.01257554E-03
+60.95000E-06,+1.37534546389E+00,+1.36567208916E+00,+1.01482407328E+00,+7.02262577E-03
+61.00000E-06,+1.12408918511E+00,+1.12446606152E+00,+989.69844545E-03,-47.24873042E-03
+61.05000E-06,+1.00348617136E+00,+1.00888817340E+00,+1.03492457555E+00,-6.04270072E-03
+61.10000E-06,+1.01353642253E+00,+1.02396355011E+00,+1.02989945002E+00,+9.03267599E-03
+61.15000E-06,+1.05373742714E+00,+1.03903892684E+00,+1.02989945002E+00,+23.10302761E-03
+61.20000E-06,+1.26479270132E+00,+1.28527008004E+00,+1.04999995229E+00,+45.21358010E-03
+61.25000E-06,+1.37032033830E+00,+1.38577259146E+00,+1.00979894772E+00,+14.05780157E-03
+61.30000E-06,+1.36529521272E+00,+1.33552133573E+00,+1.02989945002E+00,+9.03267600E-03
+61.35000E-06,+1.35021983598E+00,+1.36064696360E+00,+1.02989945002E+00,-12.55003E-06
+61.40000E-06,+1.10398868281E+00,+1.08426505695E+00,+1.00979894775E+00,-35.18842905E-03
+61.45000E-06,+1.02358667366E+00,+1.00386304781E+00,+1.04497482673E+00,-8.05275096E-03
+61.50000E-06,+1.02358667366E+00,+1.03401380124E+00,+1.04999995234E+00,+7.02262576E-03
+61.55000E-06,+1.02358667366E+00,+1.02898867567E+00,+1.01482407328E+00,+24.10805272E-03
+61.60000E-06,+1.28489320358E+00,+1.30537058233E+00,+1.07010045457E+00,+49.23368056E-03
+61.65000E-06,+1.37032033830E+00,+1.36567208916E+00,+1.02989945002E+00,+15.06282668E-03
+61.70000E-06,+1.34519471042E+00,+1.33552133573E+00,+1.02989945002E+00,+9.03267600E-03
+61.75000E-06,+1.36027008716E+00,+1.36064696360E+00,+1.00979894772E+00,-1.01757515E-03
+61.80000E-06,+1.18439069191E+00,+1.12446606152E+00,+989.69844545E-03,-51.26883087E-03
+61.85000E-06,+1.02358667366E+00,+1.00386304781E+00,+1.06005020344E+00,-8.05275096E-03
+61.90000E-06,+1.04368717596E+00,+1.03401380124E+00,+1.06005020348E+00,+7.02262576E-03
+61.95000E-06,+1.03363692484E+00,+1.01391329893E+00,+1.02989945002E+00,+23.10302761E-03
+62.00000E-06,+1.28489320359E+00,+1.30537058233E+00,+1.04999995227E+00,+49.23368057E-03
+62.05000E-06,+1.38037058942E+00,+1.39582284258E+00,+1.02989945002E+00,+21.09297737E-03
+62.10000E-06,+1.34519471042E+00,+1.35562183803E+00,+1.01984919886E+00,+9.03267600E-03
+62.15000E-06,+1.39544596619E+00,+1.38074746590E+00,+1.02989945002E+00,+3.00252531E-03
+62.20000E-06,+1.10398868278E+00,+1.08426505694E+00,+1.00979894778E+00,-39.20852948E-03
+62.25000E-06,+1.00348617136E+00,+998.83792222E-03,+1.07512558014E+00,-10.06280118E-03
+62.30000E-06,+1.02358667369E+00,+1.03401380124E+00,+1.02989945002E+00,+7.02262576E-03
+62.35000E-06,+1.02358667366E+00,+1.03903892684E+00,+1.01482407328E+00,+24.10805272E-03
+62.40000E-06,+1.30499370588E+00,+1.32547108459E+00,+1.07010045456E+00,+45.21358011E-03
+62.45000E-06,+1.37032033830E+00,+1.37069721475E+00,+1.04497482673E+00,+19.08292714E-03
+62.50000E-06,+1.32509420812E+00,+1.35562183803E+00,+1.03994970118E+00,+9.03267600E-03
+62.55000E-06,+1.34519471042E+00,+1.36567208916E+00,+1.02487432446E+00,-1.01757515E-03
+62.60000E-06,+1.18439069189E+00,+1.12446606147E+00,+1.00979894775E+00,-43.22862993E-03
+62.65000E-06,+1.01856154807E+00,+1.02396355011E+00,+1.05502507785E+00,-11.06782630E-03
+62.70000E-06,+1.03363692483E+00,+1.02396355008E+00,+1.01984919889E+00,+992.47508E-06
+62.75000E-06,+1.03866205040E+00,+1.02396355011E+00,+1.03492457558E+00,+20.08795226E-03
+62.80000E-06,+1.34519471046E+00,+1.34557158689E+00,+1.00979894772E+00,+33.15327873E-03
+62.85000E-06,+1.35524496160E+00,+1.38074746587E+00,+1.01482407331E+00,+17.07287692E-03
+62.90000E-06,+1.35524496155E+00,+1.34557158686E+00,+1.00979894772E+00,+7.02262576E-03
+62.95000E-06,+1.36027008716E+00,+1.38577259146E+00,+1.02989945002E+00,-12.55003E-06
+63.00000E-06,+1.04368717596E+00,+1.04406405240E+00,+1.00979894774E+00,-31.16832860E-03
+63.05000E-06,+1.02861179925E+00,+1.02396355011E+00,+1.03492457561E+00,-7.04772584E-03
+63.10000E-06,+1.01353642250E+00,+1.03401380124E+00,+1.01984919889E+00,+7.02262576E-03
+63.15000E-06,+1.00851129692E+00,+1.02396355011E+00,+1.03492457558E+00,+15.06282668E-03
+63.20000E-06,+1.26479270132E+00,+1.28527008006E+00,+1.04999995227E+00,+49.23368056E-03
+63.25000E-06,+1.38539571501E+00,+1.38074746587E+00,+1.01482407331E+00,+17.07287692E-03
+63.30000E-06,+1.35524496155E+00,+1.34557158689E+00,+1.01984919889E+00,+7.02262577E-03
+63.35000E-06,+1.36529521272E+00,+1.36567208916E+00,+1.02487432446E+00,+7.02262577E-03
+63.40000E-06,+1.08388818049E+00,+1.06416455467E+00,+969.59794317E-03,-43.22862995E-03
+63.45000E-06,+1.02358667366E+00,+1.00386304781E+00,+1.06005020344E+00,-11.06782630E-03
+63.50000E-06,+1.05373742709E+00,+1.03401380127E+00,+1.03994970118E+00,+11.04272622E-03
+63.55000E-06,+1.02358667366E+00,+1.02396355011E+00,+1.04497482676E+00,+12.04775133E-03
+63.60000E-06,+1.34519471043E+00,+1.36567208914E+00,+1.02989945000E+00,+29.13317828E-03
+63.65000E-06,+1.36529521272E+00,+1.38577259146E+00,+1.01482407331E+00,+12.04775134E-03
+63.70000E-06,+1.36529521269E+00,+1.34557158686E+00,+1.00979894772E+00,+7.02262576E-03
+63.75000E-06,+1.38037058945E+00,+1.36064696360E+00,+1.02989945002E+00,-12.55003E-06
+63.80000E-06,+1.08388818051E+00,+1.06416455467E+00,+1.04999995232E+00,-31.16832859E-03
+63.85000E-06,+1.00348617136E+00,+1.00386304781E+00,+1.04497482673E+00,-8.05275096E-03
+63.90000E-06,+1.02358667366E+00,+1.03401380124E+00,+1.02989945002E+00,+11.04272622E-03
+63.95000E-06,+1.01353642248E+00,+1.04406405240E+00,+1.01984919884E+00,+19.08292715E-03
+64.00000E-06,+1.34519471046E+00,+1.36567208919E+00,+1.00979894771E+00,+33.15327873E-03
+64.05000E-06,+1.39544596613E+00,+1.38577259146E+00,+1.02989945002E+00,+16.06785180E-03
+64.10000E-06,+1.35524496158E+00,+1.36567208916E+00,+1.01984919889E+00,+9.03267600E-03
+64.15000E-06,+1.36027008716E+00,+1.35059671242E+00,+1.00979894772E+00,+3.00252531E-03
+64.20000E-06,+1.14418968732E+00,+1.06416455465E+00,+989.69844547E-03,-27.14822811E-03
+64.25000E-06,+1.01353642248E+00,+1.00888817340E+00,+1.03492457561E+00,-8.05275096E-03
+64.30000E-06,+1.03363692483E+00,+1.03401380127E+00,+1.02989945002E+00,+5.01257553E-03
+64.35000E-06,+1.00851129692E+00,+1.03903892684E+00,+1.01482407328E+00,+20.08795226E-03
+64.40000E-06,+1.04368717597E+00,+1.36567208919E+00,+1.00979894774E+00,+9.03267599E-03
+64.45000E-06,+1.04368717596E+00,+1.35059671245E+00,+1.01482407331E+00,+6.01760065E-03
+64.50000E-06,+1.02358667366E+00,+1.35562183800E+00,+1.02989945002E+00,-1.01757515E-03
+64.55000E-06,+1.04368717596E+00,+1.35562183804E+00,+1.02989945002E+00,-1.01757516E-03
+64.60000E-06,+1.02358667366E+00,+1.08426505695E+00,+1.02989945002E+00,-23.12812766E-03
+64.65000E-06,+1.02358667366E+00,+1.02396355011E+00,+1.02487432443E+00,+3.00252530E-03
+64.70000E-06,+1.02358667366E+00,+1.02396355011E+00,+1.01984919885E+00,+5.01257554E-03
+64.75000E-06,+1.02358667366E+00,+1.04406405240E+00,+1.01984919884E+00,+12.04775134E-03
+64.80000E-06,+1.34519471047E+00,+1.34557158691E+00,+1.04999995227E+00,+29.13317828E-03
+64.85000E-06,+1.37032033831E+00,+1.35562183804E+00,+1.01482407331E+00,+12.04775134E-03
+64.90000E-06,+1.36529521272E+00,+1.33552133570E+00,+1.02989945002E+00,+3.00252532E-03
+64.95000E-06,+1.36529521272E+00,+1.35562183798E+00,+1.00979894772E+00,-1.01757515E-03
+65.00000E-06,+1.10398868274E+00,+1.06416455465E+00,+989.69844547E-03,-47.24873040E-03
+65.05000E-06,+1.03363692478E+00,+998.83792222E-03,+1.05502507784E+00,-15.08792676E-03
+65.10000E-06,+1.03363692480E+00,+1.03401380127E+00,+1.03994970118E+00,+992.47507E-06
+65.15000E-06,+1.02358667366E+00,+1.02396355011E+00,+1.04497482676E+00,+10.03770111E-03
+65.20000E-06,+1.02358667368E+00,+1.34557158689E+00,+1.00979894774E+00,+13.05277644E-03
+65.25000E-06,+1.02861179925E+00,+1.36567208916E+00,+1.01482407331E+00,+8.02765088E-03
+65.30000E-06,+1.03363692480E+00,+1.35562183800E+00,+1.00979894772E+00,+3.00252531E-03
+65.35000E-06,+1.01856154810E+00,+1.36064696360E+00,+1.02989945002E+00,-2.02260027E-03
+65.40000E-06,+1.00348617138E+00,+1.08426505697E+00,+1.00979894774E+00,-23.12812766E-03
+65.45000E-06,+1.02358667366E+00,+1.02396355011E+00,+1.02989945002E+00,-7.04772584E-03
+65.50000E-06,+1.02358667366E+00,+1.04406405237E+00,+1.01984919889E+00,+992.47507E-06
+65.55000E-06,+1.02861179922E+00,+1.03903892684E+00,+1.01984919884E+00,+8.02765088E-03
+65.60000E-06,+1.32509420818E+00,+1.32547108461E+00,+1.02989944999E+00,+29.13317827E-03
+65.65000E-06,+1.38037058942E+00,+1.37069721475E+00,+1.01482407331E+00,+9.03267600E-03
+65.70000E-06,+1.35524496158E+00,+1.33552133570E+00,+1.00979894772E+00,+3.00252531E-03
+65.75000E-06,+1.36529521272E+00,+1.34054646130E+00,+1.00979894772E+00,-5.03767561E-03
+65.80000E-06,+1.08388818047E+00,+1.08426505693E+00,+989.69844546E-03,-35.18842903E-03
+65.85000E-06,+1.03363692478E+00,+1.01893842452E+00,+1.03994970114E+00,-15.08792676E-03
+65.90000E-06,+1.02358667366E+00,+1.03401380127E+00,+1.03994970115E+00,-1.01757516E-03
+65.95000E-06,+1.02358667366E+00,+1.03401380122E+00,+1.04497482676E+00,+10.03770111E-03
+66.00000E-06,+1.04368717594E+00,+1.34557158689E+00,+1.00979894772E+00,+9.03267598E-03
+66.05000E-06,+1.04368717596E+00,+1.35059671245E+00,+1.01482407331E+00,+4.00755042E-03
+66.10000E-06,+1.01353642250E+00,+1.34557158686E+00,+1.01984919885E+00,-1.01757515E-03
+66.15000E-06,+1.02861179922E+00,+1.34557158686E+00,+1.03492457558E+00,+1.99750019E-03
+66.20000E-06,+1.04368717594E+00,+1.12446606150E+00,+1.00979894774E+00,-27.14822811E-03
+66.25000E-06,+1.02358667366E+00,+1.04406405240E+00,+1.02989945002E+00,-5.03767562E-03
+66.30000E-06,+1.02358667369E+00,+1.03401380127E+00,+1.02989945002E+00,+7.02262577E-03
+66.35000E-06,+1.02358667366E+00,+1.02396355011E+00,+1.02989945002E+00,+8.02765088E-03
+66.40000E-06,+1.04368717594E+00,+1.36567208916E+00,+1.00979894771E+00,+9.03267598E-03
+66.45000E-06,+1.02861179925E+00,+1.35059671245E+00,+1.02989945002E+00,+4.00755042E-03
+66.50000E-06,+1.03363692483E+00,+1.37572234032E+00,+1.02989945002E+00,+992.47508E-06
+66.55000E-06,+1.03866205040E+00,+1.36064696360E+00,+1.00979894772E+00,+4.00755043E-03
+66.60000E-06,+1.06378767822E+00,+1.12446606153E+00,+1.00979894775E+00,-27.14822812E-03
+66.65000E-06,+1.01856154807E+00,+1.01893842452E+00,+1.03994970114E+00,-3.02762538E-03
+66.70000E-06,+1.02358667366E+00,+1.02396355011E+00,+1.03994970118E+00,+992.47508E-06
+66.75000E-06,+1.03866205040E+00,+1.02898867566E+00,+1.02989945002E+00,+7.02262576E-03
+66.80000E-06,+1.34519471043E+00,+1.34557158689E+00,+1.02989945002E+00,+25.11307782E-03
+66.85000E-06,+1.38539571501E+00,+1.38577259146E+00,+999.74869661E-03,+6.01760066E-03
+66.90000E-06,+1.34519471039E+00,+1.35562183803E+00,+1.02989945002E+00,+7.02262577E-03
+66.95000E-06,+1.37534546390E+00,+1.36567208916E+00,+1.06507532906E+00,-2.02260027E-03
+67.00000E-06,+1.08388818047E+00,+1.08426505690E+00,+1.00979894777E+00,-43.22862994E-03
+67.05000E-06,+1.00348617136E+00,+1.00386304781E+00,+1.02989945002E+00,-13.07787654E-03
+67.10000E-06,+1.03363692479E+00,+1.02396355011E+00,+1.02989945002E+00,+5.01257554E-03
+67.15000E-06,+1.00851129692E+00,+1.02898867566E+00,+1.02989945002E+00,+13.05277646E-03
+67.20000E-06,+1.28489320361E+00,+1.30537058232E+00,+1.04999995228E+00,+41.19347966E-03
+67.25000E-06,+1.37032033831E+00,+1.36567208916E+00,+1.03492457561E+00,+8.02765088E-03
+67.30000E-06,+1.35524496155E+00,+1.37572234032E+00,+1.03994970118E+00,+992.47508E-06
+67.35000E-06,+1.36529521272E+00,+1.36567208916E+00,+1.03492457564E+00,+992.47508E-06
+67.40000E-06,+1.12408918505E+00,+1.12446606151E+00,+1.00979894777E+00,-51.26883087E-03
+67.45000E-06,+1.02358667366E+00,+1.00888817340E+00,+1.01984919884E+00,-13.07787652E-03
+67.50000E-06,+1.03363692479E+00,+1.02396355011E+00,+1.04999995232E+00,+992.47508E-06
+67.55000E-06,+1.02358667366E+00,+1.02396355011E+00,+1.04497482676E+00,+14.05780157E-03
+67.60000E-06,+1.34519471045E+00,+1.34557158691E+00,+1.00979894774E+00,+25.11307782E-03
+67.65000E-06,+1.36027008713E+00,+1.39582284257E+00,+1.01482407331E+00,+13.05277646E-03
+67.70000E-06,+1.35524496155E+00,+1.35562183799E+00,+1.03994970115E+00,-3.02762538E-03
+67.75000E-06,+1.36529521272E+00,+1.35059671242E+00,+1.01482407328E+00,-9.05777608E-03
+67.80000E-06,+1.06378767819E+00,+1.02396355009E+00,+1.00979894779E+00,-43.22862993E-03
+67.85000E-06,+1.00348617136E+00,+1.01893842451E+00,+1.04497482673E+00,-20.11305232E-03
+67.90000E-06,+1.02358667366E+00,+1.01391329897E+00,+1.01984919885E+00,+3.00252530E-03
+67.95000E-06,+1.02861179922E+00,+1.03903892685E+00,+1.03492457558E+00,+16.06785180E-03
+68.00000E-06,+1.30499370587E+00,+1.32547108461E+00,+1.00979894772E+00,+45.21358009E-03
+68.05000E-06,+1.38037058942E+00,+1.35562183804E+00,+1.02989945002E+00,+13.05277646E-03
+68.10000E-06,+1.36529521268E+00,+1.35562183803E+00,+1.02989945002E+00,+3.00252531E-03
+68.15000E-06,+1.35021983598E+00,+1.33552133568E+00,+1.00477382216E+00,-7.04772584E-03
+68.20000E-06,+1.10398868277E+00,+1.08426505693E+00,+989.69844547E-03,-47.24873040E-03
+68.25000E-06,+1.03866205037E+00,+1.02898867563E+00,+1.03994970113E+00,-14.08290164E-03
+68.30000E-06,+1.02358667366E+00,+1.02396355011E+00,+1.02989945002E+00,+3.00252530E-03
+68.35000E-06,+1.02358667366E+00,+1.02396355011E+00,+1.02989945002E+00,+15.06282669E-03
+68.40000E-06,+1.26479270133E+00,+1.28527008005E+00,+1.02989945000E+00,+41.19347964E-03
+68.45000E-06,+1.35021983601E+00,+1.38074746587E+00,+999.74869661E-03,+7.02262577E-03
+68.50000E-06,+1.36529521272E+00,+1.35562183803E+00,+1.04999995228E+00,+3.00252531E-03
+68.55000E-06,+1.36027008716E+00,+1.36567208916E+00,+1.01984919884E+00,-6.04270073E-03
+68.60000E-06,+1.10398868273E+00,+1.10436555919E+00,+1.00979894774E+00,-43.22862994E-03
+68.65000E-06,+1.03363692484E+00,+988.78767110E-03,+1.01984919890E+00,-14.08290164E-03
+68.70000E-06,+1.01353642250E+00,+1.01391329897E+00,+1.03994970118E+00,+5.01257553E-03
+68.75000E-06,+1.00851129692E+00,+1.03401380122E+00,+1.02989945002E+00,+11.04272623E-03
+68.80000E-06,+1.36529521273E+00,+1.36567208918E+00,+1.00979894772E+00,+25.11307782E-03
+68.85000E-06,+1.34016958489E+00,+1.38074746587E+00,+1.02989945002E+00,+10.03770111E-03
+68.90000E-06,+1.37534546388E+00,+1.34557158686E+00,+1.02989945002E+00,+5.01257554E-03
+68.95000E-06,+1.35021983598E+00,+1.34557158686E+00,+1.01482407328E+00,-4.03265049E-03
+69.00000E-06,+1.08388818049E+00,+1.06416455468E+00,+989.69844547E-03,-35.18842904E-03
+69.05000E-06,+1.03866205037E+00,+1.01893842451E+00,+1.04999995225E+00,-8.05275096E-03
+69.10000E-06,+1.01353642250E+00,+1.02396355007E+00,+1.02989945002E+00,+3.00252530E-03
+69.15000E-06,+1.02358667366E+00,+1.02396355011E+00,+1.01482407328E+00,+13.05277646E-03
+69.20000E-06,+1.32509420815E+00,+1.32547108460E+00,+1.00979894772E+00,+37.17337919E-03
+69.25000E-06,+1.38037058942E+00,+1.35562183804E+00,+1.01482407331E+00,+10.03770111E-03
+69.30000E-06,+1.36529521272E+00,+1.36567208916E+00,+1.03994970118E+00,+5.01257554E-03
+69.35000E-06,+1.38037058946E+00,+1.36064696360E+00,+1.02989945002E+00,-8.05275097E-03
+69.40000E-06,+1.10398868277E+00,+1.08426505691E+00,+1.00979894777E+00,-47.24873040E-03
+69.45000E-06,+1.01856154807E+00,+1.00386304781E+00,+1.02989945002E+00,-15.08792676E-03
+69.50000E-06,+1.02358667363E+00,+1.01391329897E+00,+1.03994970118E+00,+5.01257553E-03
+69.55000E-06,+1.00851129692E+00,+1.02396355011E+00,+1.02487432446E+00,+12.04775134E-03
+69.60000E-06,+1.30499370587E+00,+1.30537058234E+00,+1.04999995228E+00,+41.19347964E-03
+69.65000E-06,+1.36529521272E+00,+1.37069721475E+00,+1.04497482673E+00,+6.01760066E-03
+69.70000E-06,+1.35524496155E+00,+1.35562183799E+00,+1.00979894772E+00,+992.47508E-06
+69.75000E-06,+1.36529521272E+00,+1.36064696360E+00,+1.00979894772E+00,-12.55003E-06
+69.80000E-06,+1.10398868277E+00,+1.12446606149E+00,+989.69844548E-03,-51.26883086E-03
+69.85000E-06,+1.02358667366E+00,+968.68716881E-03,+1.01482407325E+00,-14.08290164E-03
+69.90000E-06,+1.02358667366E+00,+1.03401380127E+00,+1.03994970115E+00,+3.00252530E-03
+69.95000E-06,+1.00851129692E+00,+1.02396355011E+00,+1.03994970113E+00,+11.04272622E-03
+70.00000E-06,+1.28489320363E+00,+1.30537058234E+00,+1.04999995228E+00,+41.19347964E-03
+70.05000E-06,+1.38539571501E+00,+1.37069721475E+00,+1.01984919890E+00,+8.02765088E-03
+70.10000E-06,+1.35524496158E+00,+1.35562183799E+00,+1.02989944999E+00,+7.02262577E-03
+70.15000E-06,+1.35021983598E+00,+1.36064696360E+00,+1.03994970120E+00,-7.04772584E-03
+70.20000E-06,+1.16429018962E+00,+1.12446606151E+00,+969.59794320E-03,-55.28893132E-03
+70.25000E-06,+1.02358667366E+00,+998.83792222E-03,+1.06005020343E+00,-15.08792676E-03
+70.30000E-06,+1.02358667370E+00,+1.04406405240E+00,+1.00979894772E+00,+5.01257553E-03
+70.35000E-06,+1.02861179922E+00,+1.02396355011E+00,+1.03492457558E+00,+11.04272622E-03
+70.40000E-06,+1.28489320360E+00,+1.00386304781E+00,+1.07010045458E+00,+25.11307782E-03
+70.45000E-06,+1.34519471042E+00,+1.03903892681E+00,+1.02989945002E+00,+6.01760066E-03
+70.50000E-06,+1.35524496155E+00,+1.02396355014E+00,+1.01984919889E+00,+992.47508E-06
+70.55000E-06,+1.36027008716E+00,+1.02396355011E+00,+1.02487432446E+00,-1.01757516E-03
+70.60000E-06,+1.06378767819E+00,+1.08426505695E+00,+969.59794318E-03,-23.12812767E-03
+70.65000E-06,+1.03866205037E+00,+1.01893842451E+00,+1.05502507784E+00,-9.05777606E-03
+70.70000E-06,+1.01353642253E+00,+1.00386304781E+00,+1.03994970118E+00,+11.04272623E-03
+70.75000E-06,+1.05373742714E+00,+1.02898867566E+00,+1.02989945002E+00,+9.03267600E-03
+70.80000E-06,+1.04368717594E+00,+1.02396355012E+00,+1.04999995230E+00,+5.01257553E-03
+70.85000E-06,+1.03866205037E+00,+1.03903892681E+00,+1.02989945002E+00,-3.02762538E-03
+70.90000E-06,+1.00348617136E+00,+1.02396355014E+00,+1.02989945002E+00,+992.47508E-06
+70.95000E-06,+1.02358667366E+00,+1.03903892685E+00,+1.04497482676E+00,+4.00755041E-03
+71.00000E-06,+1.02358667368E+00,+1.00386304783E+00,+1.00979894774E+00,+9.03267600E-03
+71.05000E-06,+1.03866205037E+00,+993.81279669E-03,+1.01482407331E+00,+9.03267600E-03
+71.10000E-06,+1.02358667370E+00,+1.03401380127E+00,+1.02989945005E+00,+7.02262576E-03
+71.15000E-06,+1.01856154811E+00,+1.04406405240E+00,+1.01984919884E+00,+10.03770112E-03
+71.20000E-06,+1.26479270135E+00,+1.04406405240E+00,+1.04999995228E+00,+29.13317828E-03
+71.25000E-06,+1.36027008712E+00,+1.03903892681E+00,+1.00979894772E+00,+10.03770111E-03
+71.30000E-06,+1.36529521275E+00,+1.04406405240E+00,+1.01984919885E+00,+7.02262577E-03
+71.35000E-06,+1.37534546390E+00,+1.01391329892E+00,+1.02487432446E+00,+4.00755041E-03
+71.40000E-06,+1.14418968732E+00,+1.02396355011E+00,+1.00979894772E+00,-23.12812766E-03
+71.45000E-06,+1.02358667366E+00,+1.03401380122E+00,+1.02989945002E+00,-12.55004E-06
+71.50000E-06,+1.04368717596E+00,+1.03401380127E+00,+1.35150748681E+00,+5.01257552E-03
+71.55000E-06,+1.03363692485E+00,+1.03903892685E+00,+1.38668336581E+00,+12.04775134E-03
+71.60000E-06,+1.04368717594E+00,+1.34557158690E+00,+1.35150748678E+00,+21.09297736E-03
+71.65000E-06,+1.03363692485E+00,+1.35059671245E+00,+1.35150748678E+00,+10.03770111E-03
+71.70000E-06,+1.02358667366E+00,+1.36567208916E+00,+1.35150748678E+00,+13.05277646E-03
+71.75000E-06,+1.02358667366E+00,+1.34557158686E+00,+1.35150748678E+00,+5.01257554E-03
+71.80000E-06,+1.00348617138E+00,+1.04406405237E+00,+1.35150748681E+00,-3.02762536E-03
+71.85000E-06,+1.02358667366E+00,+1.02898867570E+00,+1.05502507791E+00,+15.06282668E-03
+71.90000E-06,+1.03363692483E+00,+1.03401380124E+00,+1.01984919889E+00,+13.05277645E-03
+71.95000E-06,+1.01353642248E+00,+1.01391329892E+00,+1.01984919884E+00,+12.04775134E-03
+72.00000E-06,+1.02358667366E+00,+1.32547108460E+00,+1.02989945000E+00,+21.09297735E-03
+72.05000E-06,+1.03866205037E+00,+1.36567208916E+00,+1.03994970113E+00,+16.06785180E-03
+72.10000E-06,+1.01353642250E+00,+1.34557158690E+00,+1.01984919889E+00,+7.02262577E-03
+72.15000E-06,+1.03363692485E+00,+1.36567208916E+00,+1.02487432446E+00,+5.01257554E-03
+72.20000E-06,+1.00348617136E+00,+1.06416455465E+00,+1.00979894776E+00,-7.04772582E-03
+72.25000E-06,+1.03866205037E+00,+1.03903892681E+00,+1.03492457554E+00,+3.00252531E-03
+72.30000E-06,+1.01353642253E+00,+1.02396355007E+00,+1.03994970115E+00,+3.00252530E-03
+72.35000E-06,+1.02358667366E+00,+1.02396355011E+00,+1.00979894772E+00,+13.05277646E-03
+72.40000E-06,+1.04368717596E+00,+1.28527008004E+00,+1.02989945002E+00,+37.17337918E-03
+72.45000E-06,+1.02861179925E+00,+1.38074746586E+00,+1.01482407331E+00,+15.06282668E-03
+72.50000E-06,+1.03363692479E+00,+1.36567208916E+00,+1.04999995228E+00,+9.03267600E-03
+72.55000E-06,+1.02861179922E+00,+1.36567208916E+00,+1.04999995232E+00,+7.02262577E-03
+72.60000E-06,+1.02358667368E+00,+1.06416455468E+00,+1.04999995232E+00,-3.02762538E-03
+72.65000E-06,+1.01856154807E+00,+1.03401380122E+00,+1.04999995232E+00,+992.47508E-06
+72.70000E-06,+1.02358667366E+00,+1.02396355011E+00,+1.01984919885E+00,+9.03267600E-03
+72.75000E-06,+1.02861179922E+00,+1.01391329892E+00,+1.00979894772E+00,+12.04775134E-03
+72.80000E-06,+1.04368717598E+00,+1.28527008004E+00,+1.00979894770E+00,+21.09297736E-03
+72.85000E-06,+1.03866205037E+00,+1.35562183805E+00,+1.02989945002E+00,+11.04272622E-03
+72.90000E-06,+1.01353642253E+00,+1.37572234033E+00,+1.02989945002E+00,+11.04272622E-03
+72.95000E-06,+1.03866205040E+00,+1.34557158686E+00,+1.00979894772E+00,+5.01257554E-03
+73.00000E-06,+1.04368717594E+00,+1.12446606149E+00,+1.00979894774E+00,-15.08792673E-03
+73.05000E-06,+1.01856154807E+00,+1.01893842451E+00,+1.02989945002E+00,+4.00755042E-03
+73.10000E-06,+1.02358667366E+00,+1.02396355007E+00,+1.02989945002E+00,+7.02262576E-03
+73.15000E-06,+1.02358667366E+00,+1.02898867566E+00,+1.02487432446E+00,+11.04272622E-03
+73.20000E-06,+1.02358667366E+00,+1.28527008004E+00,+1.02989945000E+00,+25.11307781E-03
+73.25000E-06,+1.03866205037E+00,+1.36064696357E+00,+1.03994970113E+00,+16.06785180E-03
+73.30000E-06,+1.02358667366E+00,+1.37572234029E+00,+1.01984919885E+00,+5.01257554E-03
+73.35000E-06,+1.04368717596E+00,+1.36567208916E+00,+1.03994970120E+00,+4.00755043E-03
+73.40000E-06,+1.00348617138E+00,+1.04406405237E+00,+1.02989945006E+00,-7.04772582E-03
+73.45000E-06,+1.03866205037E+00,+1.01893842451E+00,+1.00979894772E+00,-2.02260026E-03
+73.50000E-06,+1.00348617136E+00,+1.02396355007E+00,+1.02989945002E+00,+11.04272622E-03
+73.55000E-06,+1.03363692477E+00,+1.02898867566E+00,+1.00477382209E+00,+12.04775134E-03
+73.60000E-06,+1.04368717596E+00,+1.32547108462E+00,+1.02989945000E+00,+17.07287690E-03
+73.65000E-06,+1.03866205037E+00,+1.36567208916E+00,+1.04999995232E+00,+9.03267600E-03
+73.70000E-06,+1.04368717600E+00,+1.35562183799E+00,+1.01984919885E+00,+5.01257554E-03
+73.75000E-06,+1.02358667366E+00,+1.36064696360E+00,+1.02487432446E+00,+9.03267600E-03
+73.80000E-06,+1.02358667366E+00,+1.06416455465E+00,+1.00979894776E+00,-7.04772582E-03
+73.85000E-06,+1.02358667366E+00,+1.03401380122E+00,+1.02989945002E+00,-1.01757514E-03
+73.90000E-06,+1.04368717600E+00,+1.03401380127E+00,+1.02989945006E+00,+9.03267600E-03
+73.95000E-06,+1.02861179922E+00,+1.02396355011E+00,+1.03994970120E+00,+14.05780157E-03
+74.00000E-06,+1.02358667366E+00,+1.30537058232E+00,+1.02989945000E+00,+29.13317826E-03
+74.05000E-06,+1.02358667366E+00,+1.36567208916E+00,+1.02989945002E+00,+14.05780157E-03
+74.10000E-06,+1.03363692479E+00,+1.35562183799E+00,+1.00979894772E+00,+9.03267600E-03
+74.15000E-06,+1.03866205040E+00,+1.36567208916E+00,+1.02487432446E+00,+1.99750019E-03
+74.20000E-06,+1.02358667366E+00,+1.08426505692E+00,+1.04999995232E+00,-3.02762536E-03
+74.25000E-06,+1.00851129696E+00,+1.00888817340E+00,+1.02989945002E+00,+6.01760066E-03
+74.30000E-06,+1.03363692483E+00,+1.01391329894E+00,+1.01984919885E+00,+7.02262576E-03
+74.35000E-06,+1.02358667366E+00,+1.03401380129E+00,+1.02989945002E+00,+19.08292715E-03
+74.40000E-06,+1.02358667368E+00,+1.28527008003E+00,+1.02989944998E+00,+13.05277644E-03
+74.45000E-06,+1.02861179925E+00,+1.37069721475E+00,+1.03994970120E+00,+13.05277646E-03
+74.50000E-06,+1.01353642250E+00,+1.35562183799E+00,+1.01984919889E+00,+5.01257553E-03
+74.55000E-06,+1.02358667366E+00,+1.36064696360E+00,+1.01482407328E+00,+8.02765089E-03
+74.60000E-06,+1.02358667368E+00,+1.06416455463E+00,+1.00979894776E+00,-15.08792673E-03
+74.65000E-06,+1.02358667366E+00,+1.03903892681E+00,+1.02487432443E+00,-1.01757514E-03
+74.70000E-06,+1.02358667366E+00,+1.03401380127E+00,+1.02989945002E+00,+5.01257554E-03
+74.75000E-06,+1.02358667366E+00,+1.02396355011E+00,+1.01984919891E+00,+14.05780158E-03
+74.80000E-06,+1.02358667366E+00,+1.32547108460E+00,+1.04999995228E+00,+25.11307781E-03
+74.85000E-06,+1.04871230155E+00,+1.36064696357E+00,+1.01482407331E+00,+16.06785180E-03
+74.90000E-06,+1.02358667366E+00,+1.33552133566E+00,+1.02989944998E+00,+7.02262577E-03
+74.95000E-06,+1.03363692477E+00,+1.34557158686E+00,+1.02989945002E+00,+7.02262577E-03
+75.00000E-06,+1.02358667366E+00,+1.08426505696E+00,+989.69844546E-03,-11.06782629E-03
+75.05000E-06,+1.01856154807E+00,+1.02396355011E+00,+1.04999995232E+00,+992.47508E-06
+75.10000E-06,+1.03363692483E+00,+1.01391329894E+00,+1.01984919885E+00,+9.03267600E-03
+75.15000E-06,+1.03363692485E+00,+1.03401380122E+00,+999.74869654E-03,+13.05277646E-03
+75.20000E-06,+1.04368717594E+00,+1.34557158688E+00,+1.02989944998E+00,+9.03267599E-03
+75.25000E-06,+1.02861179926E+00,+1.36567208916E+00,+1.03492457561E+00,+9.03267600E-03
+75.30000E-06,+1.03363692479E+00,+1.34557158690E+00,+1.02989945002E+00,+3.00252531E-03
+75.35000E-06,+1.03866205040E+00,+1.35562183797E+00,+1.02487432446E+00,+4.00755043E-03
+75.40000E-06,+1.02358667368E+00,+1.08426505694E+00,+1.02989945002E+00,-3.02762538E-03
+75.45000E-06,+1.05373742707E+00,+1.02898867570E+00,+1.01984919883E+00,-2.02260026E-03
+75.50000E-06,+1.04368717596E+00,+1.03401380124E+00,+1.02989945002E+00,+7.02262576E-03
+75.55000E-06,+1.04871230159E+00,+1.02898867566E+00,+1.02989945002E+00,+16.06785180E-03
+75.60000E-06,+1.02358667366E+00,+1.32547108462E+00,+1.04999995232E+00,+25.11307781E-03
+75.65000E-06,+1.04368717596E+00,+1.36567208916E+00,+994.72357102E-03,+8.02765088E-03
+75.70000E-06,+1.02358667366E+00,+1.35562183799E+00,+1.00979894768E+00,+11.04272622E-03
+75.75000E-06,+1.03363692485E+00,+1.37572234035E+00,+1.03994970121E+00,+1.99750019E-03
+75.80000E-06,+1.02358667366E+00,+1.10436555926E+00,+1.02989945004E+00,-15.08792675E-03
+75.85000E-06,+1.02358667366E+00,+1.03401380122E+00,+1.02487432443E+00,-3.02762538E-03
+75.90000E-06,+1.02358667366E+00,+1.02396355011E+00,+1.02989945002E+00,+11.04272622E-03
+75.95000E-06,+1.00851129692E+00,+988.78767107E-03,+1.01482407328E+00,+13.05277646E-03
+76.00000E-06,+1.04368717596E+00,+1.34557158688E+00,+1.04999995228E+00,+13.05277645E-03
+76.05000E-06,+1.02861179926E+00,+1.35059671246E+00,+1.02487432443E+00,+13.05277646E-03
+76.10000E-06,+1.00348617136E+00,+1.36567208916E+00,+1.02989945002E+00,+7.02262577E-03
+76.15000E-06,+1.03866205040E+00,+1.35059671242E+00,+1.02487432446E+00,+992.47508E-06
+76.20000E-06,+1.04368717594E+00,+1.06416455464E+00,+1.00979894776E+00,-7.04772582E-03
+76.25000E-06,+1.03363692477E+00,+1.03903892681E+00,+1.03492457554E+00,+1.99750020E-03
+76.30000E-06,+1.01353642253E+00,+1.01391329894E+00,+1.03994970119E+00,+7.02262576E-03
+76.35000E-06,+1.03866205040E+00,+1.02898867566E+00,+1.04497482676E+00,+10.03770111E-03
+76.40000E-06,+1.04368717596E+00,+1.30537058232E+00,+1.04999995228E+00,+17.07287689E-03
+76.45000E-06,+1.03363692485E+00,+1.37069721475E+00,+1.00979894772E+00,+13.05277646E-03
+76.50000E-06,+1.02358667366E+00,+1.35562183803E+00,+1.01984919889E+00,+9.03267600E-03
+76.55000E-06,+1.00851129692E+00,+1.38074746590E+00,+1.02487432446E+00,+4.00755043E-03
+76.60000E-06,+1.02358667368E+00,+1.04406405236E+00,+1.02989945004E+00,-3.02762536E-03
+76.65000E-06,+1.02358667366E+00,+1.02396355011E+00,+1.02989945002E+00,+4.00755042E-03
+76.70000E-06,+1.02358667366E+00,+1.01391329894E+00,+1.02989945002E+00,+11.04272622E-03
+76.75000E-06,+1.02861179922E+00,+1.00888817336E+00,+1.02989945002E+00,+16.06785180E-03
+76.80000E-06,+1.02358667366E+00,+1.36567208916E+00,+1.02989944998E+00,+13.05277644E-03
+76.85000E-06,+1.04368717596E+00,+1.34557158686E+00,+1.01984919891E+00,+14.05780156E-03
+76.90000E-06,+1.03363692483E+00,+1.36567208920E+00,+1.01984919889E+00,+7.02262577E-03
+76.95000E-06,+1.04368717596E+00,+1.36064696360E+00,+1.02989945002E+00,+6.01760065E-03
+77.00000E-06,+1.02358667362E+00,+1.12446606152E+00,+1.00979894776E+00,-19.10802719E-03
+77.05000E-06,+1.01353642248E+00,+1.00386304781E+00,+1.02487432443E+00,-3.02762538E-03
+77.10000E-06,+1.04368717596E+00,+1.02396355014E+00,+1.02989945002E+00,+5.01257554E-03
+77.15000E-06,+1.02861179922E+00,+1.00888817336E+00,+1.04497482676E+00,+13.05277646E-03
+77.20000E-06,+1.02358667366E+00,+1.36567208916E+00,+1.00979894772E+00,+17.07287691E-03
+77.25000E-06,+1.02861179926E+00,+1.36567208916E+00,+1.01482407332E+00,+10.03770112E-03
+77.30000E-06,+1.03363692479E+00,+1.35562183799E+00,+1.01984919885E+00,+11.04272623E-03
+77.35000E-06,+1.02861179922E+00,+1.36064696360E+00,+1.01482407328E+00,+4.00755043E-03
+77.40000E-06,+1.04368717596E+00,+1.14456656375E+00,+1.00979894778E+00,-23.12812764E-03
+77.45000E-06,+1.03866205037E+00,+1.00386304781E+00,+1.03994970113E+00,+3.00252530E-03
+77.50000E-06,+1.02358667366E+00,+1.02396355011E+00,+1.01984919889E+00,+7.02262576E-03
+77.55000E-06,+1.02861179922E+00,+1.01893842455E+00,+1.03994970121E+00,+18.07790203E-03
+77.60000E-06,+1.04368717594E+00,+1.32547108460E+00,+1.07010045457E+00,+25.11307782E-03
+77.65000E-06,+1.02358667366E+00,+1.36567208916E+00,+1.03492457561E+00,+8.02765088E-03
+77.70000E-06,+1.03363692479E+00,+1.37572234033E+00,+1.01984919889E+00,+9.03267600E-03
+77.75000E-06,+1.01856154811E+00,+1.38074746590E+00,+1.02989945002E+00,+5.01257554E-03
+77.80000E-06,+1.04368717596E+00,+1.10436555922E+00,+1.00979894774E+00,-19.10802719E-03
+77.85000E-06,+1.02861179918E+00,+1.03903892681E+00,+1.05502507783E+00,+6.01760066E-03
+77.90000E-06,+1.03363692483E+00,+1.00386304781E+00,+1.01984919885E+00,+7.02262576E-03
+77.95000E-06,+1.02861179922E+00,+1.02396355011E+00,+1.02989945002E+00,+13.05277646E-03
+78.00000E-06,+1.04368717596E+00,+1.30537058233E+00,+1.02989945002E+00,+21.09297736E-03
+78.05000E-06,+1.04368717596E+00,+1.36567208916E+00,+1.00979894772E+00,+10.03770112E-03
+78.10000E-06,+1.02358667366E+00,+1.37572234029E+00,+1.01984919889E+00,+3.00252532E-03
+78.15000E-06,+1.02861179922E+00,+1.34557158686E+00,+1.01984919883E+00,+3.00252530E-03
+78.20000E-06,+1.02358667366E+00,+1.10436555918E+00,+1.00979894776E+00,-19.10802718E-03
+78.25000E-06,+1.01353642255E+00,+1.01893842451E+00,+1.04497482672E+00,+992.47508E-06
+78.30000E-06,+1.02358667366E+00,+1.03401380127E+00,+1.03994970123E+00,+5.01257554E-03
+78.35000E-06,+1.04368717596E+00,+1.03401380129E+00,+1.01482407328E+00,+10.03770111E-03
+78.40000E-06,+1.04368717596E+00,+1.30537058235E+00,+1.02989945000E+00,+25.11307781E-03
+78.45000E-06,+1.04368717596E+00,+1.38074746586E+00,+1.03492457561E+00,+7.02262577E-03
+78.50000E-06,+1.02358667366E+00,+1.35562183803E+00,+1.01984919889E+00,+5.01257554E-03
+78.55000E-06,+1.03866205040E+00,+1.35059671242E+00,+1.02989945002E+00,+7.02262577E-03
+78.60000E-06,+1.04368717596E+00,+1.04406405236E+00,+1.00979894776E+00,-11.06782627E-03
+78.65000E-06,+1.03866205037E+00,+1.02396355011E+00,+1.04497482672E+00,+992.47508E-06
+78.70000E-06,+1.04368717596E+00,+1.01391329894E+00,+1.02989945002E+00,+5.01257554E-03
+78.75000E-06,+1.03866205040E+00,+1.00386304781E+00,+1.02989945002E+00,+15.06282668E-03
+78.80000E-06,+1.00348617140E+00,+1.32547108464E+00,+1.02989945000E+00,+21.09297735E-03
+78.85000E-06,+1.03866205037E+00,+1.35059671246E+00,+1.01984919891E+00,+12.04775134E-03
+78.90000E-06,+1.03363692479E+00,+1.35562183799E+00,+1.01984919885E+00,+7.02262577E-03
+78.95000E-06,+1.02358667366E+00,+1.34557158686E+00,+1.02989945002E+00,+6.01760065E-03
+79.00000E-06,+1.04368717594E+00,+1.12446606145E+00,+1.02989945006E+00,-19.10802718E-03
+79.05000E-06,+1.04368717596E+00,+1.03903892681E+00,+1.03492457561E+00,-2.02260026E-03
+79.10000E-06,+1.03363692483E+00,+1.01391329898E+00,+1.01984919889E+00,+9.03267600E-03
+79.15000E-06,+1.02358667366E+00,+1.03401380129E+00,+1.02487432446E+00,+12.04775134E-03
+79.20000E-06,+1.04368717596E+00,+1.38577259144E+00,+1.00979894772E+00,+13.05277645E-03
+79.25000E-06,+1.02861179926E+00,+1.35059671246E+00,+1.00979894772E+00,+11.04272622E-03
+79.30000E-06,+1.01353642253E+00,+1.36567208920E+00,+1.01984919889E+00,+5.01257554E-03
+79.35000E-06,+1.02358667366E+00,+1.34557158686E+00,+1.00979894772E+00,+5.01257554E-03
+79.40000E-06,+1.02358667366E+00,+1.08426505692E+00,+1.02989945004E+00,-3.02762536E-03
+79.45000E-06,+1.02358667366E+00,+1.00888817340E+00,+1.01482407332E+00,-3.02762538E-03
+79.50000E-06,+1.02358667366E+00,+1.02396355011E+00,+1.03994970115E+00,+7.02262576E-03
+79.55000E-06,+1.02358667366E+00,+1.03903892685E+00,+1.04999995232E+00,+13.05277646E-03
+79.60000E-06,+1.02358667366E+00,+1.32547108462E+00,+1.00979894772E+00,+29.13317827E-03
+79.65000E-06,+1.03866205037E+00,+1.35059671246E+00,+1.02989945002E+00,+6.01760066E-03
+79.70000E-06,+1.01353642249E+00,+1.35562183799E+00,+1.02989944998E+00,+5.01257554E-03
+79.75000E-06,+1.04368717596E+00,+1.38074746590E+00,+1.04497482676E+00,+5.01257554E-03
+79.80000E-06,+1.02358667364E+00,+1.06416455464E+00,+1.02989945004E+00,-7.04772582E-03
+79.85000E-06,+1.01353642247E+00,+1.00386304781E+00,+1.03492457561E+00,+4.00755042E-03
+79.90000E-06,+1.03363692483E+00,+1.02396355011E+00,+1.02989945002E+00,+11.04272622E-03
+79.95000E-06,+1.02861179922E+00,+1.02898867566E+00,+999.74869653E-03,+13.05277646E-03
