x-axis,1,2,3,4
second,Volt,Volt,Volt,Volt
+71.52000E-06,+998.17831069E-03,+990.89194450E-03,+163.88190538E-03,+55.65322930E-03
+71.54500E-06,+1.06978635013E+00,+1.17054018378E+00,+143.78140308E-03,+40.57785257E-03
+71.57000E-06,+1.32104262884E+00,+1.33260048355E+00,+143.15326238E-03,+44.34669676E-03
+71.59500E-06,+1.25069087080E+00,+1.30244973011E+00,+172.67587513E-03,-879.43341E-06
+71.62000E-06,+1.40018835664E+00,+1.37154520676E+00,+113.00250894E-03,-55.52767403E-03
+71.64500E-06,+1.33360544278E+00,+1.29114319757E+00,+163.88190538E-03,+44.97483745E-03
+71.67000E-06,+1.36124363344E+00,+1.41048992996E+00,+144.40954378E-03,+23.61805376E-03
+71.69500E-06,+1.31978634745E+00,+1.32003766962E+00,+143.78140308E-03,+4.77383286E-03
+71.72000E-06,+1.36249991483E+00,+1.37154520676E+00,+143.78140308E-03,-24.74877989E-03
+71.74500E-06,+1.31978634745E+00,+1.25973616273E+00,+139.38441820E-03,+4.77383286E-03
+71.77000E-06,+999.43459209E-03,+1.04993717000E+00,+183.35426698E-03,+6.03011425E-03
+71.79500E-06,+1.06727378734E+00,+1.04993717000E+00,+149.43466935E-03,+28.01503864E-03
+71.82000E-06,+1.01953509438E+00,+990.89194450E-03,+224.18341227E-03,+66.33162114E-03
+71.84500E-06,+1.07858031988E+00,+1.05873113975E+00,+163.88190538E-03,-19.72365432E-03
+71.87000E-06,+996.92202930E-03,+1.01099244680E+00,+203.45476927E-03,+44.97483745E-03
+71.89500E-06,+1.05596725480E+00,+1.03863063746E+00,+195.28894022E-03,+4.77383286E-03
+71.92000E-06,+1.00069087348E+00,+1.00973616540E+00,+174.56029722E-03,+26.13061655E-03
+71.94500E-06,+1.13260041981E+00,+1.19315324887E+00,+183.98240767E-03,+4.77383286E-03
+71.97000E-06,+1.31978634745E+00,+1.33260048355E+00,+162.62562398E-03,+44.34669676E-03
+71.99500E-06,+1.27958534285E+00,+1.26224872551E+00,+163.88190538E-03,+4.77383286E-03
+72.02000E-06,+1.37883157295E+00,+1.35018842306E+00,+102.32411709E-03,-35.42717174E-03
+72.04500E-06,+1.27958534285E+00,+1.29993716732E+00,+168.27889025E-03,+60.67835487E-03
+72.07000E-06,+1.39893207524E+00,+1.37154520676E+00,+144.40954378E-03,+24.87433515E-03
+72.09500E-06,+1.33109287999E+00,+1.33134420216E+00,+134.98743332E-03,+33.66830491E-03
+72.12000E-06,+1.40270091943E+00,+1.35270098585E+00,+173.30401583E-03,-5.90455899E-03
+72.14500E-06,+1.35119338229E+00,+1.25973616273E+00,+159.48492050E-03,+9.17081773E-03
+72.17000E-06,+1.03837931529E+00,+1.01099244680E+00,+165.13818677E-03,+24.24619446E-03
+72.19500E-06,+1.04968584783E+00,+1.07883164205E+00,+152.57537283E-03,+44.97483745E-03
+72.22000E-06,+976.82152700E-03,+1.00973616540E+00,+214.76130182E-03,+75.75373160E-03
+72.24500E-06,+1.10119338497E+00,+1.04993717000E+00,+139.38441820E-03,-26.63320198E-03
+72.27000E-06,+919.03258290E-03,+969.53516081E-03,+165.13818677E-03,+44.97483745E-03
+72.29500E-06,+1.00948484324E+00,+1.04993717000E+00,+163.88190538E-03,+10.42709913E-03
+72.32000E-06,+976.82152700E-03,+1.00973616540E+00,+163.88190538E-03,+54.39694790E-03
+72.34500E-06,+1.06978635013E+00,+1.16174621403E+00,+163.88190538E-03,+20.47735028E-03
+72.37000E-06,+1.31978634745E+00,+1.33260048356E+00,+144.40954378E-03,+44.34669676E-03
+72.39500E-06,+1.25069087080E+00,+1.29114319757E+00,+183.98240767E-03,+10.42709913E-03
+72.42000E-06,+1.37883157295E+00,+1.35018842306E+00,+123.68090078E-03,-26.00506129E-03
+72.44500E-06,+1.31099237769E+00,+1.25973616273E+00,+163.88190538E-03,+49.37182233E-03
+72.47000E-06,+1.32104262884E+00,+1.37154520676E+00,+143.78140308E-03,-34.17089034E-03
+72.49500E-06,+1.29089187540E+00,+1.32003766962E+00,+123.68090078E-03,+16.08036540E-03
+72.52000E-06,+1.34114313114E+00,+1.37154520676E+00,+143.78140308E-03,+16.70850610E-03
+72.54500E-06,+1.31978634745E+00,+1.29993716732E+00,+143.78140308E-03,+24.87433515E-03
+72.57000E-06,+1.07481147570E+00,+1.00973616540E+00,+164.51004607E-03,+25.50247585E-03
+72.59500E-06,+1.09616825939E+00,+1.04993717000E+00,+143.78140308E-03,+59.42207348E-03
+72.62000E-06,+957.97730610E-03,+1.00973616540E+00,+234.86180411E-03,+66.33162114E-03
+72.64500E-06,+1.08737428964E+00,+1.04993717000E+00,+163.88190538E-03,-31.03018686E-03
+72.67000E-06,+998.17831069E-03,+1.00973616540E+00,+202.82662858E-03,+25.50247585E-03
+72.69500E-06,+1.06727378734E+00,+1.04993717000E+00,+183.98240767E-03,+4.77383286E-03
+72.72000E-06,+998.17831069E-03,+990.89194450E-03,+163.88190538E-03,+34.29644561E-03
+72.74500E-06,+1.09239941521E+00,+1.14415827452E+00,+163.88190538E-03,+9.17081773E-03
+72.77000E-06,+1.39893207524E+00,+1.33134420216E+00,+163.88190538E-03,+4.77383286E-03
+72.79500E-06,+1.26827881031E+00,+1.30244973011E+00,+149.43466935E-03,+13.56780261E-03
+72.82000E-06,+1.35998735204E+00,+1.37154520676E+00,+102.32411709E-03,-35.42717174E-03
+72.84500E-06,+1.28837931261E+00,+1.29114319757E+00,+183.98240767E-03,+44.97483745E-03
+72.87000E-06,+1.39893207524E+00,+1.41048992996E+00,+183.35426698E-03,+23.61805376E-03
+72.89500E-06,+1.31978634745E+00,+1.30244973011E+00,+158.22863911E-03,+10.42709913E-03
+72.92000E-06,+1.40018835664E+00,+1.37154520676E+00,+163.88190538E-03,-15.32666944E-03
+72.94500E-06,+1.28837931261E+00,+1.25094219297E+00,+148.17838796E-03,+20.47735028E-03
+72.97000E-06,+1.03837931529E+00,+1.04868088860E+00,+183.98240767E-03,+25.50247585E-03
+72.99500E-06,+1.06099238037E+00,+1.04993717000E+00,+163.88190538E-03,+44.97483745E-03
+73.02000E-06,+998.17831069E-03,+948.17837712E-03,+102.32411709E-03,-46.10556358E-03
+73.04500E-06,+971.79640143E-03,+1.04114320025E+00,+224.18341227E-03,+71.98488742E-03
+73.07000E-06,+1.07858031988E+00,+1.09013817459E+00,+124.30904148E-03,-36.05531243E-03
+73.09500E-06,+877.57529691E-03,+940.64068876E-03,+143.78140308E-03,+16.08036540E-03
+73.12000E-06,+1.09993710357E+00,+1.04993717000E+00,+204.08290997E-03,-4.64827759E-03
+73.14500E-06,+1.02079137578E+00,+1.06375626533E+00,+148.17838796E-03,+76.38187229E-03
+73.17000E-06,+1.40018835664E+00,+1.41174621135E+00,+163.25376468E-03,+4.77383286E-03
+73.19500E-06,+1.31978634745E+00,+1.29114319757E+00,+178.32914140E-03,+30.52760143E-03
+73.22000E-06,+1.35998735204E+00,+1.33134420216E+00,+82.22361479E-03,-64.94978449E-03
+73.24500E-06,+1.30219840794E+00,+1.32255023241E+00,+183.98240767E-03,+92.08538971E-03
+73.27000E-06,+1.40018835664E+00,+1.41174621135E+00,+124.30904148E-03,-15.32666944E-03
+73.29500E-06,+1.29089187540E+00,+1.29114319757E+00,+112.37436824E-03,+30.52760143E-03
+73.32000E-06,+1.35998735204E+00,+1.37154520676E+00,+143.78140308E-03,-24.74877989E-03
+73.34500E-06,+1.29717328236E+00,+1.25973616273E+00,+128.07788566E-03,+33.66830491E-03
+73.37000E-06,+1.03712303389E+00,+1.04993717000E+00,+182.72612628E-03,+44.97483745E-03
+73.39500E-06,+1.04968584783E+00,+1.03863063745E+00,+163.88190538E-03,+59.42207348E-03
+73.42000E-06,+979.33408979E-03,+1.04993717000E+00,+233.60552272E-03,+115.95473619E-03
+73.44500E-06,+1.08737428963E+00,+1.04993717000E+00,+107.97738336E-03,+9.17081773E-03
+73.47000E-06,+959.23358749E-03,+1.00973616540E+00,+163.88190538E-03,+84.54770135E-03
+73.49500E-06,+1.10747479193E+00,+1.04993717000E+00,+169.53517165E-03,+19.22106888E-03
+73.52000E-06,+998.17831069E-03,+948.17837712E-03,+143.78140308E-03,+65.07533975E-03
+73.54500E-06,+1.14139438956E+00,+1.15295224428E+00,+143.78140308E-03,+29.27132003E-03
+73.57000E-06,+1.35873107065E+00,+1.33134420216E+00,+124.30904148E-03,+44.97483745E-03
+73.59500E-06,+1.26199740335E+00,+1.33134420216E+00,+163.88190538E-03,-879.43341E-06
+73.62000E-06,+1.41903257754E+00,+1.35018842306E+00,+71.54522295E-03,-96.98496002E-03
+73.64500E-06,+1.24817830801E+00,+1.29114319757E+00,+212.87687972E-03,+44.97483745E-03
+73.67000E-06,+1.39893207524E+00,+1.41174621135E+00,+162.62562398E-03,-15.95481014E-03
+73.69500E-06,+1.30847981490E+00,+1.32003766962E+00,+129.33416705E-03,+10.42709913E-03
+73.72000E-06,+1.40270091943E+00,+1.37154520676E+00,+174.56029722E-03,-35.42717174E-03
+73.74500E-06,+1.31978634745E+00,+1.29114319757E+00,+163.88190538E-03,+24.87433515E-03
+73.77000E-06,+1.03837931529E+00,+1.05119345139E+00,+184.61054837E-03,-14.69852874E-03
+73.79500E-06,+1.06099238038E+00,+1.02104269795E+00,+149.43466935E-03,+24.87433515E-03
+73.82000E-06,+917.77630150E-03,+1.02858038631E+00,+244.28391457E-03,+115.95473619E-03
+73.84500E-06,+1.07858031988E+00,+1.09013817459E+00,+119.28391591E-03,-31.03018686E-03
+73.87000E-06,+917.77630150E-03,+970.79144221E-03,+165.13818677E-03,+45.60297815E-03
+73.89500E-06,+1.10747479193E+00,+1.04993717000E+00,+149.43466935E-03,+10.42709913E-03
+73.92000E-06,+939.13308520E-03,+950.69093991E-03,+173.30401583E-03,+44.97483745E-03
+73.94500E-06,+1.12380645006E+00,+1.21576631396E+00,+188.37939255E-03,-6.53269969E-03
+73.97000E-06,+1.31978634745E+00,+1.33134420216E+00,+163.88190538E-03,+24.87433515E-03
+73.99500E-06,+1.34868081950E+00,+1.34265073471E+00,+183.98240767E-03,-35.42717174E-03
+74.02000E-06,+1.38134413574E+00,+1.35018842306E+00,+83.47989619E-03,-87.56284957E-03
+74.04500E-06,+1.30219840794E+00,+1.28234922781E+00,+219.78642739E-03,+40.57785258E-03
+74.07000E-06,+1.40018835664E+00,+1.40923364856E+00,+163.88190538E-03,+4.14569216E-03
+74.09500E-06,+1.31978634745E+00,+1.27355525806E+00,+129.33416705E-03,+10.42709913E-03
+74.12000E-06,+1.38134413574E+00,+1.37154520676E+00,+154.45979493E-03,-35.42717174E-03
+74.14500E-06,+1.24817830801E+00,+1.30873113707E+00,+143.78140308E-03,+20.47735028E-03
+74.17000E-06,+998.17831069E-03,+1.04868088860E+00,+184.61054837E-03,-15.32666944E-03
+74.19500E-06,+1.07858031988E+00,+1.04993717000E+00,+163.88190538E-03,+50.62810372E-03
+74.22000E-06,+976.82152700E-03,+1.00722360261E+00,+254.96230641E-03,+125.37684664E-03
+74.24500E-06,+1.07858031988E+00,+1.09013817459E+00,+132.47487053E-03,-10.92968456E-03
+74.27000E-06,+956.72102470E-03,+931.84671901E-03,+183.98240767E-03,+26.13061655E-03
+74.29500E-06,+1.10747479193E+00,+1.06124370254E+00,+163.88190538E-03,+10.42709913E-03
+74.32000E-06,+957.97730610E-03,+988.37938171E-03,+153.20351353E-03,+75.75373160E-03
+74.34500E-06,+1.13260041981E+00,+1.19315324887E+00,+163.88190538E-03,+40.57785258E-03
+74.37000E-06,+1.31978634745E+00,+1.37028892536E+00,+143.78140308E-03,+44.97483745E-03
+74.39500E-06,+1.27958534285E+00,+1.33134420216E+00,+158.22863910E-03,-20.97993571E-03
+74.42000E-06,+1.38134413574E+00,+1.30998741847E+00,+102.32411709E-03,-95.72867863E-03
+74.44500E-06,+1.27958534285E+00,+1.28234922781E+00,+199.68592510E-03,+44.97483745E-03
+74.47000E-06,+1.39893207524E+00,+1.41048992995E+00,+183.98240767E-03,-54.89953334E-03
+74.49500E-06,+1.29089187540E+00,+1.29114319757E+00,+158.22863910E-03,-18.46737292E-03
+74.52000E-06,+1.40018835664E+00,+1.39290199045E+00,+182.72612628E-03,-46.10556358E-03
+74.54500E-06,+1.31978634745E+00,+1.28234922781E+00,+168.27889025E-03,+24.87433515E-03
+74.57000E-06,+1.03837931529E+00,+1.00847988401E+00,+185.23868907E-03,+24.24619446E-03
+74.59500E-06,+1.10747479193E+00,+1.07883164205E+00,+183.98240767E-03,+44.97483745E-03
+74.62000E-06,+957.97730610E-03,+1.02858038630E+00,+254.96230641E-03,+115.95473619E-03
+74.64500E-06,+1.07858031988E+00,+1.04993717000E+00,+107.97738336E-03,-26.63320199E-03
+74.67000E-06,+880.08785970E-03,+969.53516081E-03,+204.08290997E-03,+46.23111885E-03
+74.69500E-06,+1.10747479193E+00,+1.04993717000E+00,+158.22863910E-03,+10.42709913E-03
+74.72000E-06,+976.82152700E-03,+969.53516081E-03,+153.20351353E-03,+44.97483745E-03
+74.74500E-06,+1.06978635013E+00,+1.14415827453E+00,+152.57537283E-03,+376.84798E-06
+74.77000E-06,+1.31978634745E+00,+1.40923364856E+00,+163.25376468E-03,+24.87433515E-03
+74.79500E-06,+1.31978634745E+00,+1.34265073471E+00,+178.32914140E-03,-26.63320199E-03
+74.82000E-06,+1.39767579384E+00,+1.31249998126E+00,+82.22361479E-03,-85.05028678E-03
+74.84500E-06,+1.27079137310E+00,+1.28234922781E+00,+215.38944252E-03,+44.97483745E-03
+74.87000E-06,+1.40018835664E+00,+1.45069093455E+00,+163.25376468E-03,-15.95481014E-03
+74.89500E-06,+1.27958534285E+00,+1.33134420216E+00,+103.58039849E-03,+10.42709913E-03
+74.92000E-06,+1.40018835664E+00,+1.37154520676E+00,+154.45979493E-03,-24.74877989E-03
+74.94500E-06,+1.29717328236E+00,+1.25973616272E+00,+159.48492050E-03,+20.47735028E-03
+74.97000E-06,+1.03837931529E+00,+1.04993717000E+00,+183.35426698E-03,+24.87433515E-03
+74.99500E-06,+1.09616825938E+00,+1.07883164205E+00,+163.88190538E-03,+28.01503863E-03
+75.02000E-06,+998.17831069E-03,+1.08762561180E+00,+154.45979493E-03,+35.55272700E-03
+75.04500E-06,+1.08737428963E+00,+1.09893214434E+00,+204.08290997E-03,+80.77885717E-03
+75.07000E-06,+877.57529691E-03,+929.33415622E-03,+183.98240767E-03,-14.69852874E-03
+75.09500E-06,+1.10747479193E+00,+1.07883164205E+00,+189.63567395E-03,+59.42207348E-03
+75.12000E-06,+976.82152700E-03,+988.37938171E-03,+193.40451812E-03,+35.55272700E-03
+75.14500E-06,+1.03837931529E+00,+1.11275123969E+00,+148.17838796E-03,+44.97483745E-03
+75.17000E-06,+1.32104262885E+00,+1.33134420216E+00,+162.62562398E-03,+24.24619446E-03
+75.19500E-06,+1.27958534285E+00,+1.29114319757E+00,+158.22863910E-03,+33.66830491E-03
+75.22000E-06,+1.37883157294E+00,+1.37154520676E+00,+72.80150434E-03,-66.20606588E-03
+75.24500E-06,+1.27958534285E+00,+1.25973616272E+00,+179.58542280E-03,+40.57785258E-03
+75.27000E-06,+1.43913307983E+00,+1.41174621135E+00,+124.30904148E-03,+4.77383286E-03
+75.29500E-06,+1.31978634745E+00,+1.33134420216E+00,+129.33416706E-03,+10.42709913E-03
+75.32000E-06,+1.35998735204E+00,+1.35270098586E+00,+154.45979493E-03,-24.74877989E-03
+75.34500E-06,+1.28837931261E+00,+1.29114319757E+00,+143.78140308E-03,+40.57785258E-03
+75.37000E-06,+998.17831069E-03,+1.04868088860E+00,+165.13818677E-03,+4.77383286E-03
+75.39500E-06,+1.08988685243E+00,+1.06124370255E+00,+163.88190538E-03,+44.97483745E-03
+75.42000E-06,+936.62052240E-03,+988.37938171E-03,+284.48491916E-03,+136.05523849E-03
+75.44500E-06,+1.06978635013E+00,+1.04993717000E+00,+123.68090078E-03,-15.32666944E-03
+75.47000E-06,+959.23358750E-03,+1.00973616540E+00,+145.03768448E-03,+65.07533975E-03
+75.49500E-06,+1.06727378733E+00,+1.07883164205E+00,+183.98240767E-03,-879.43342E-06
+75.52000E-06,+976.82152700E-03,+990.89194451E-03,+153.20351353E-03,+55.65322930E-03
+75.54500E-06,+1.10119338497E+00,+1.18435927913E+00,+183.98240767E-03,+20.47735028E-03
+75.57000E-06,+1.31978634745E+00,+1.37028892536E+00,+143.78140308E-03,+44.34669675E-03
+75.59500E-06,+1.29089187540E+00,+1.34265073471E+00,+178.32914140E-03,-879.43342E-06
+75.62000E-06,+1.37883157294E+00,+1.33134420216E+00,+94.15828804E-03,-85.05028678E-03
+75.64500E-06,+1.27079137310E+00,+1.29114319757E+00,+199.68592510E-03,+40.57785258E-03
+75.67000E-06,+1.36124363344E+00,+1.40923364855E+00,+164.51004608E-03,-35.42717174E-03
+75.69500E-06,+1.30847981490E+00,+1.33134420216E+00,+134.98743333E-03,+16.08036540E-03
+75.72000E-06,+1.36249991484E+00,+1.37154520676E+00,+165.13818678E-03,-35.42717174E-03
+75.74500E-06,+1.24817830801E+00,+1.26853013247E+00,+143.78140308E-03,+4.77383286E-03
+75.77000E-06,+998.17831069E-03,+1.04868088860E+00,+183.98240767E-03,-34.79903104E-03
+75.79500E-06,+1.09616825938E+00,+1.07883164205E+00,+183.98240767E-03,+24.87433515E-03
+75.82000E-06,+998.17831069E-03,+1.06878139090E+00,+154.45979493E-03,+46.23111885E-03
+75.84500E-06,+1.10119338498E+00,+1.05873113975E+00,+204.08290997E-03,+85.17584205E-03
+75.87000E-06,+916.52002010E-03,+929.33415622E-03,+183.98240767E-03,+4.77383286E-03
+75.89500E-06,+1.11878132448E+00,+1.03234923050E+00,+183.98240767E-03,+73.86930950E-03
+75.92000E-06,+976.82152700E-03,+1.02858038630E+00,+183.98240767E-03,+34.29644560E-03
+75.94500E-06,+998.17831069E-03,+1.14415827453E+00,+163.88190538E-03,+44.97483745E-03
+75.97000E-06,+1.39893207524E+00,+1.37154520676E+00,+143.78140308E-03,+24.87433515E-03
+75.99500E-06,+1.27958534285E+00,+1.27355525807E+00,+158.22863910E-03,+30.52760143E-03
+76.02000E-06,+1.40018835664E+00,+1.35018842306E+00,+102.32411709E-03,-86.30656818E-03
+76.04500E-06,+1.27958534285E+00,+1.29993716732E+00,+208.47989485E-03,+56.28137000E-03
+76.07000E-06,+1.43913307983E+00,+1.41048992995E+00,+143.78140308E-03,-15.95481014E-03
+76.09500E-06,+1.33737428695E+00,+1.33134420216E+00,+123.68090078E-03,+10.42709913E-03
+76.12000E-06,+1.38134413574E+00,+1.37154520676E+00,+163.88190538E-03,-55.52767403E-03
+76.14500E-06,+1.33737428695E+00,+1.25973616272E+00,+163.88190538E-03,+9.17081773E-03
+76.17000E-06,+1.03712303389E+00,+1.00973616540E+00,+204.08290997E-03,+23.61805376E-03
+76.19500E-06,+1.03209790833E+00,+1.07883164205E+00,+163.88190538E-03,+19.22106888E-03
+76.22000E-06,+957.97730610E-03,+990.89194451E-03,+275.06280871E-03,+145.47734894E-03
+76.24500E-06,+1.07858031988E+00,+1.01853013515E+00,+123.68090078E-03,-35.42717174E-03
+76.27000E-06,+881.34414111E-03,+969.53516081E-03,+164.51004608E-03,+65.07533975E-03
+76.29500E-06,+1.07858031988E+00,+1.04993717000E+00,+158.22863910E-03,-9.67340317E-03
+76.32000E-06,+957.97730610E-03,+990.89194451E-03,+183.98240767E-03,+54.39694790E-03
+76.34500E-06,+1.10119338498E+00,+1.20194721863E+00,+163.88190538E-03,+376.84798E-06
+76.37000E-06,+1.35873107064E+00,+1.37154520676E+00,+143.78140308E-03,+24.87433515E-03
+76.39500E-06,+1.31978634745E+00,+1.33134420216E+00,+149.43466935E-03,-15.32666944E-03
+76.42000E-06,+1.37883157294E+00,+1.32883163936E+00,+83.47989619E-03,-86.30656818E-03
+76.44500E-06,+1.30219840795E+00,+1.29114319757E+00,+183.98240767E-03,+65.07533975E-03
+76.47000E-06,+1.40144463804E+00,+1.41174621135E+00,+143.15326238E-03,-14.69852874E-03
+76.49500E-06,+1.29089187540E+00,+1.30244973011E+00,+123.68090078E-03,+24.87433515E-03
+76.52000E-06,+1.40018835664E+00,+1.39290199045E+00,+134.35929263E-03,-26.00506129E-03
+76.54500E-06,+1.25697227776E+00,+1.29114319757E+00,+128.07788566E-03,+20.47735028E-03
+76.57000E-06,+996.92202929E-03,+1.08762561179E+00,+203.45476927E-03,+24.87433515E-03
+76.59500E-06,+1.09616825938E+00,+1.04993717000E+00,+158.22863910E-03,+73.86930950E-03
+76.62000E-06,+1.01702253159E+00,+1.09013817459E+00,+163.88190538E-03,+36.80900840E-03
+76.64500E-06,+1.11878132448E+00,+1.13033917919E+00,+188.37939255E-03,+65.07533975E-03
+76.67000E-06,+919.03258290E-03,+930.59043761E-03,+163.88190538E-03,+5.40197356E-03
+76.69500E-06,+1.04968584783E+00,+1.04993717000E+00,+134.98743333E-03,+65.07533975E-03
+76.72000E-06,+979.33408979E-03,+1.00973616540E+00,+174.56029723E-03,+35.55272700E-03
+76.74500E-06,+1.02958534554E+00,+1.11275123969E+00,+139.38441821E-03,+53.76880720E-03
+76.77000E-06,+1.35998735204E+00,+1.40923364855E+00,+162.62562398E-03,+24.24619446E-03
+76.79500E-06,+1.26827881031E+00,+1.30244973011E+00,+149.43466935E-03,+19.22106888E-03
+76.82000E-06,+1.40018835664E+00,+1.33134420216E+00,+82.22361479E-03,-75.62817633E-03
+76.84500E-06,+1.27079137311E+00,+1.29114319757E+00,+188.37939255E-03,+60.67835487E-03
+76.87000E-06,+1.43787679843E+00,+1.41048992995E+00,+163.25376468E-03,-15.95481014E-03
+76.89500E-06,+1.31978634745E+00,+1.33134420216E+00,+123.68090078E-03,+24.87433515E-03
+76.92000E-06,+1.42154514033E+00,+1.35018842306E+00,+153.20351353E-03,-35.42717174E-03
+76.94500E-06,+1.31978634745E+00,+1.25973616272E+00,+159.48492050E-03,+4.77383286E-03
+76.97000E-06,+1.07606775708E+00,+1.01099244680E+00,+203.45476927E-03,+4.77383286E-03
+76.99500E-06,+1.07858031988E+00,+1.04993717000E+00,+169.53517165E-03,+39.32157118E-03
+77.02000E-06,+936.62052240E-03,+948.17837711E-03,+275.06280871E-03,+145.47734894E-03
+77.04500E-06,+1.10119338498E+00,+1.04993717000E+00,+128.07788566E-03,-46.73370429E-03
+77.07000E-06,+959.23358750E-03,+1.00973616540E+00,+144.40954378E-03,+65.07533975E-03
+77.09500E-06,+1.06727378733E+00,+1.04993717000E+00,+198.42964370E-03,+13.56780261E-03
+77.12000E-06,+936.62052240E-03,+1.00973616540E+00,+163.88190538E-03,+54.39694790E-03
+77.14500E-06,+1.13260041982E+00,+1.18435927913E+00,+163.88190538E-03,+20.47735028E-03
+77.17000E-06,+1.32104262885E+00,+1.33134420216E+00,+143.15326238E-03,+44.34669675E-03
+77.19500E-06,+1.31978634745E+00,+1.34893214166E+00,+163.88190538E-03,+4.77383286E-03
+77.22000E-06,+1.37883157294E+00,+1.29114319757E+00,+63.37939389E-03,-46.10556359E-03
+77.24500E-06,+1.33360544280E+00,+1.29993716731E+00,+163.88190538E-03,+80.77885717E-03
+77.27000E-06,+1.40144463804E+00,+1.41048992995E+00,+124.30904148E-03,+23.61805375E-03
+77.29500E-06,+1.29089187540E+00,+1.28486179062E+00,+123.68090078E-03,+50.62810373E-03
+77.32000E-06,+1.38134413574E+00,+1.37154520676E+00,+143.78140308E-03,+4.77383286E-03
+77.34500E-06,+1.28837931260E+00,+1.28234922782E+00,+107.97738336E-03,+29.27132003E-03
+77.37000E-06,+1.03837931529E+00,+1.04993717000E+00,+163.25376468E-03,+44.97483745E-03
+77.39500E-06,+1.05596725478E+00,+1.06124370255E+00,+138.12813681E-03,+44.97483745E-03
+77.42000E-06,+998.17831069E-03,+1.10898239549E+00,+174.56029723E-03,+35.55272700E-03
+77.44500E-06,+1.15018835932E+00,+1.09893214434E+00,+188.37939255E-03,+69.47232462E-03
+77.47000E-06,+917.77630150E-03,+929.33415622E-03,+183.35426697E-03,+4.77383286E-03
+77.49500E-06,+1.11878132448E+00,+1.06124370255E+00,+183.98240767E-03,+73.86930950E-03
+77.52000E-06,+1.01702253159E+00,+988.37938171E-03,+183.98240767E-03,+35.55272700E-03
+77.54500E-06,+998.17831069E-03,+1.12154520944E+00,+163.88190538E-03,+65.07533975E-03
+77.57000E-06,+1.35998735204E+00,+1.37028892535E+00,+163.88190538E-03,+5.40197356E-03
+77.59500E-06,+1.29089187540E+00,+1.30244973012E+00,+183.98240767E-03,+19.22106888E-03
+77.62000E-06,+1.40018835664E+00,+1.35018842306E+00,+80.96733339E-03,-96.98496003E-03
+77.64500E-06,+1.23938433826E+00,+1.25094219297E+00,+208.47989485E-03,+24.87433515E-03
+77.67000E-06,+1.40144463804E+00,+1.41174621135E+00,+163.25376468E-03,-15.95481014E-03
+77.69500E-06,+1.29089187540E+00,+1.32003766961E+00,+129.33416706E-03,+24.87433515E-03
+77.72000E-06,+1.35998735204E+00,+1.35270098586E+00,+153.20351353E-03,-16.58295084E-03
+77.74500E-06,+1.27958534285E+00,+1.22832912787E+00,+172.67587512E-03,+44.97483745E-03
+77.77000E-06,+957.97730610E-03,+969.53516081E-03,+184.61054837E-03,+4.77383286E-03
+77.79500E-06,+1.11878132448E+00,+1.09013817459E+00,+163.88190538E-03,+24.87433515E-03
+77.82000E-06,+939.13308520E-03,+988.37938171E-03,+244.28391457E-03,+145.47734894E-03
+77.84500E-06,+1.07858031988E+00,+1.04993717000E+00,+99.18341361E-03,-31.03018686E-03
+77.87000E-06,+919.03258290E-03,+970.79144221E-03,+184.61054837E-03,+66.33162115E-03
+77.89500E-06,+1.03837931529E+00,+1.09013817459E+00,+169.53517165E-03,+10.42709913E-03
+77.92000E-06,+976.82152699E-03,+1.00973616540E+00,+153.20351353E-03,+65.07533975E-03
+77.94500E-06,+1.00697228044E+00,+1.16174621403E+00,+163.88190538E-03,+20.47735028E-03
+77.97000E-06,+1.03712303389E+00,+1.33134420216E+00,+124.93718218E-03,+25.50247586E-03
+77.99500E-06,+1.00948484324E+00,+1.32003766961E+00,+143.78140308E-03,-15.32666944E-03
+78.02000E-06,+1.03837931529E+00,+1.35270098586E+00,+154.45979493E-03,+14.19594331E-03
+78.04500E-06,+1.02958534554E+00,+1.33134420216E+00,+143.78140308E-03,+24.87433515E-03
+78.07000E-06,+1.03837931529E+00,+1.41048992995E+00,+183.35426697E-03,+4.77383286E-03
+78.09500E-06,+998.17831069E-03,+1.33134420216E+00,+158.22863910E-03,+24.87433515E-03
+78.12000E-06,+1.01953509439E+00,+1.33134420216E+00,+143.78140308E-03,+35.55272700E-03
+78.14500E-06,+989.38434095E-03,+1.26853013247E+00,+143.78140308E-03,+24.87433515E-03
+78.17000E-06,+998.17831069E-03,+1.01099244681E+00,+163.88190538E-03,+4.77383286E-03
+78.19500E-06,+1.03837931529E+00,+1.03863063745E+00,+178.32914140E-03,+30.52760143E-03
+78.22000E-06,+1.01953509439E+00,+1.03109294910E+00,+153.20351353E-03,+35.55272700E-03
+78.24500E-06,+998.17831069E-03,+1.03234923050E+00,+163.88190538E-03,+9.17081773E-03
+78.27000E-06,+959.23358750E-03,+1.01099244681E+00,+143.78140308E-03,+44.97483745E-03
+78.29500E-06,+998.17831069E-03,+1.03863063745E+00,+169.53517165E-03,+30.52760143E-03
+78.32000E-06,+1.01702253159E+00,+1.03109294910E+00,+173.30401582E-03,+34.29644560E-03
+78.34500E-06,+1.06099238039E+00,+1.14415827454E+00,+143.78140308E-03,+29.27132003E-03
+78.37000E-06,+1.32104262885E+00,+1.37280148816E+00,+143.78140308E-03,+24.87433515E-03
+78.39500E-06,+1.26199740336E+00,+1.29114319757E+00,+158.22863910E-03,-9.67340316E-03
+78.42000E-06,+1.35747478924E+00,+1.30998741846E+00,+92.90200664E-03,-106.40707048E-03
+78.44500E-06,+1.27079137311E+00,+1.29114319757E+00,+204.08290997E-03,+71.98488743E-03
+78.47000E-06,+1.39893207524E+00,+1.41048992995E+00,+163.25376468E-03,-54.89953333E-03
+78.49500E-06,+1.29089187540E+00,+1.29114319757E+00,+143.78140308E-03,+4.77383286E-03
+78.52000E-06,+1.38134413574E+00,+1.35270098586E+00,+173.30401582E-03,-35.42717174E-03
+78.54500E-06,+1.32858031720E+00,+1.25094219297E+00,+159.48492050E-03,+9.17081773E-03
+78.57000E-06,+1.03712303389E+00,+1.00973616540E+00,+184.61054838E-03,-15.32666944E-03
+78.59500E-06,+1.10747479193E+00,+1.04993717000E+00,+198.42964370E-03,+10.42709913E-03
+78.62000E-06,+957.97730610E-03,+1.00973616540E+00,+244.28391457E-03,+136.05523849E-03
+78.64500E-06,+1.07858031988E+00,+1.08134420485E+00,+143.78140308E-03,-15.32666944E-03
+78.67000E-06,+880.08785971E-03,+931.84671902E-03,+183.98240767E-03,+45.60297815E-03
+78.69500E-06,+1.10747479193E+00,+1.07883164204E+00,+158.22863910E-03,+19.22106888E-03
+78.72000E-06,+957.97730610E-03,+969.53516081E-03,+153.20351353E-03,+44.97483745E-03
+78.74500E-06,+1.03837931529E+00,+1.15295224429E+00,+168.27889025E-03,+20.47735028E-03
+78.77000E-06,+1.03837931529E+00,+1.33134420216E+00,+143.78140308E-03,+4.77383286E-03
+78.79500E-06,+998.17831069E-03,+1.31375626267E+00,+169.53517165E-03,-24.12063919E-03
+78.82000E-06,+1.05722353618E+00,+1.35270098586E+00,+183.98240767E-03,+4.77383286E-03
+78.84500E-06,+998.17831069E-03,+1.33134420216E+00,+175.18843793E-03,+24.87433515E-03
+78.87000E-06,+1.03837931529E+00,+1.37028892535E+00,+164.51004608E-03,+4.14569216E-03
+78.89500E-06,+986.87177814E-03,+1.29114319757E+00,+163.88190538E-03,+19.22106888E-03
+78.92000E-06,+998.17831069E-03,+1.33385676497E+00,+163.88190538E-03,+4.77383286E-03
+78.94500E-06,+966.77127584E-03,+1.29993716731E+00,+163.88190538E-03,+4.77383286E-03
+78.97000E-06,+998.17831069E-03,+1.04868088860E+00,+183.98240767E-03,+24.24619445E-03
+78.99500E-06,+1.02707278274E+00,+1.04993717000E+00,+198.42964370E-03,+19.22106888E-03
+79.02000E-06,+998.17831069E-03,+1.00973616540E+00,+194.66079952E-03,+14.19594331E-03
+79.04500E-06,+1.06099238039E+00,+1.04114320025E+00,+168.27889025E-03,+4.77383286E-03
+79.07000E-06,+1.03712303388E+00,+1.00973616540E+00,+203.45476927E-03,+4.77383286E-03
+79.09500E-06,+1.03837931529E+00,+1.00973616540E+00,+212.87687972E-03,+19.22106888E-03
+79.12000E-06,+1.01953509439E+00,+1.00973616540E+00,+174.56029723E-03,+34.29644560E-03
+79.14500E-06,+1.03837931529E+00,+1.12154520944E+00,+148.17838795E-03,+20.47735028E-03
+79.17000E-06,+1.31978634745E+00,+1.33134420216E+00,+183.35426697E-03,+23.61805375E-03
+79.19500E-06,+1.29089187541E+00,+1.33134420216E+00,+158.22863910E-03,-4.02013689E-03
+79.22000E-06,+1.37883157294E+00,+1.33134420216E+00,+72.80150434E-03,-76.88445773E-03
+79.24500E-06,+1.27958534285E+00,+1.29114319757E+00,+219.78642740E-03,+60.67835488E-03
+79.27000E-06,+1.39893207524E+00,+1.45069093454E+00,+163.88190538E-03,+4.14569216E-03
+79.29500E-06,+1.31978634745E+00,+1.33134420216E+00,+149.43466936E-03,+4.77383286E-03
+79.32000E-06,+1.35998735204E+00,+1.35270098586E+00,+163.88190538E-03,-5.90455899E-03
+79.34500E-06,+1.31978634745E+00,+1.25973616272E+00,+163.88190538E-03,+9.17081773E-03
+79.37000E-06,+1.03712303388E+00,+1.01099244681E+00,+204.08290997E-03,+5.40197356E-03
+79.39500E-06,+1.07858031988E+00,+1.04993717000E+00,+169.53517165E-03,+24.87433515E-03
+79.42000E-06,+1.01953509439E+00,+1.02858038630E+00,+254.96230642E-03,+146.73363034E-03
+79.44500E-06,+1.11878132448E+00,+1.09013817459E+00,+119.28391591E-03,-4.02013689E-03
+79.47000E-06,+957.97730610E-03,+1.00847988400E+00,+144.40954378E-03,+65.07533975E-03
+79.49500E-06,+1.10747479192E+00,+1.09013817459E+00,+169.53517165E-03,-879.43342E-06
+79.52000E-06,+957.97730610E-03,+950.69093992E-03,+173.30401582E-03,+54.39694790E-03
+79.54500E-06,+1.03837931529E+00,+1.17054018378E+00,+175.18843793E-03,+20.47735028E-03
+79.57000E-06,+1.03712303388E+00,+1.33134420216E+00,+163.88190538E-03,+5.40197356E-03
+79.59500E-06,+998.17831069E-03,+1.33134420216E+00,+158.22863910E-03,-29.77390546E-03
+79.62000E-06,+1.03586675248E+00,+1.35018842306E+00,+154.45979493E-03,+4.77383286E-03
+79.64500E-06,+1.02079137580E+00,+1.33134420216E+00,+179.58542280E-03,+13.56780260E-03
+79.67000E-06,+1.03837931529E+00,+1.33134420216E+00,+144.40954378E-03,+5.40197356E-03
+79.69500E-06,+1.03837931529E+00,+1.33134420216E+00,+163.88190538E-03,+4.77383286E-03
+79.72000E-06,+998.17831069E-03,+1.37154520676E+00,+153.20351353E-03,+35.55272701E-03
+79.74500E-06,+1.00697228044E+00,+1.27732410221E+00,+132.47487053E-03,+4.77383286E-03
+79.77000E-06,+996.92202929E-03,+1.00973616540E+00,+202.82662857E-03,+43.71855605E-03
+79.79500E-06,+1.06727378733E+00,+1.03863063745E+00,+169.53517165E-03,+19.22106888E-03
+79.82000E-06,+998.17831069E-03,+1.02858038630E+00,+174.56029723E-03,+34.29644560E-03
+79.84500E-06,+1.02958534554E+00,+1.04114320025E+00,+179.58542280E-03,+13.56780260E-03
+79.87000E-06,+998.17831069E-03,+1.00973616540E+00,+145.03768448E-03,+44.97483745E-03
+79.89500E-06,+1.03837931529E+00,+1.02104269796E+00,+178.32914140E-03,+33.66830490E-03
+79.92000E-06,+1.03837931529E+00,+1.03109294911E+00,+165.13818678E-03,+34.29644560E-03
+79.94500E-06,+1.00697228044E+00,+1.11275123970E+00,+159.48492050E-03,+40.57785258E-03
+79.97000E-06,+1.03837931529E+00,+1.33260048356E+00,+144.40954378E-03,+24.87433515E-03
+79.99500E-06,+969.28383865E-03,+1.29114319757E+00,+160.74120191E-03,+4.77383286E-03
+80.02000E-06,+998.17831069E-03,+1.33134420216E+00,+143.78140308E-03,+24.87433515E-03
+80.04500E-06,+998.17831069E-03,+1.33134420216E+00,+148.17838795E-03,+20.47735028E-03
+80.07000E-06,+1.03712303388E+00,+1.33134420216E+00,+144.40954378E-03,+24.87433515E-03
+80.09500E-06,+998.17831069E-03,+1.33134420216E+00,+149.43466936E-03,+4.77383286E-03
+80.12000E-06,+1.01702253159E+00,+1.37154520676E+00,+174.56029723E-03,+4.77383286E-03
+80.14500E-06,+1.00697228044E+00,+1.29114319757E+00,+163.88190538E-03,+9.17081773E-03
+80.17000E-06,+998.17831069E-03,+1.04868088860E+00,+183.98240767E-03,+25.50247586E-03
+80.19500E-06,+1.02079137580E+00,+1.03863063745E+00,+163.88190538E-03,+24.87433515E-03
+80.22000E-06,+998.17831069E-03,+1.00973616540E+00,+153.20351353E-03,+44.97483745E-03
+80.24500E-06,+1.02958534554E+00,+1.04114320025E+00,+159.48492050E-03,+29.27132003E-03
+80.27000E-06,+998.17831069E-03,+1.04868088860E+00,+144.40954378E-03,+6.03011426E-03
+80.29500E-06,+986.87177814E-03,+1.03863063745E+00,+143.78140308E-03,+24.87433515E-03
+80.32000E-06,+979.33408980E-03,+1.01224872821E+00,+174.56029723E-03,+35.55272701E-03
+80.34500E-06,+1.10119338499E+00,+1.16174621404E+00,+139.38441821E-03,+29.27132003E-03
+80.37000E-06,+1.35873107064E+00,+1.37028892535E+00,+124.93718219E-03,+4.77383286E-03
+80.39500E-06,+1.29089187541E+00,+1.30244973012E+00,+158.22863910E-03,+19.22106888E-03
+80.42000E-06,+1.40018835664E+00,+1.30998741846E+00,+83.47989619E-03,-86.30656818E-03
+80.44500E-06,+1.30219840796E+00,+1.29993716731E+00,+183.98240767E-03,+53.76880720E-03
+80.47000E-06,+1.36124363345E+00,+1.37280148816E+00,+124.93718219E-03,+3.51755145E-03
+80.49500E-06,+1.29089187541E+00,+1.32003766961E+00,+123.68090078E-03,+39.32157118E-03
+80.52000E-06,+1.37883157294E+00,+1.35270098586E+00,+135.61557404E-03,-15.32666944E-03
+80.54500E-06,+1.28837931260E+00,+1.23712309761E+00,+107.97738336E-03,+24.87433515E-03
+80.57000E-06,+1.03837931529E+00,+1.01099244681E+00,+183.35426697E-03,+44.34669675E-03
+80.59500E-06,+1.07858031988E+00,+1.03863063745E+00,+158.22863910E-03,+65.07533975E-03
+80.62000E-06,+998.17831069E-03,+1.04993717000E+00,+256.21858782E-03,+115.95473619E-03
+80.64500E-06,+1.12757529422E+00,+1.09013817459E+00,+132.47487053E-03,-10.92968457E-03
+80.67000E-06,+919.03258291E-03,+1.00847988400E+00,+183.35426697E-03,+44.97483745E-03
+80.69500E-06,+1.11878132448E+00,+1.09013817459E+00,+183.98240767E-03,+4.77383286E-03
+80.72000E-06,+957.97730610E-03,+967.02259800E-03,+154.45979493E-03,+55.65322930E-03
+80.74500E-06,+1.12380645009E+00,+1.16174621404E+00,+163.88190538E-03,+29.27132003E-03
+80.77000E-06,+1.35873107064E+00,+1.37028892535E+00,+143.78140308E-03,+44.34669675E-03
+80.79500E-06,+1.27330393592E+00,+1.32003766961E+00,+134.98743334E-03,+4.77383286E-03
+80.82000E-06,+1.37883157294E+00,+1.32883163935E+00,+52.70100204E-03,-75.62817633E-03
+80.84500E-06,+1.23938433826E+00,+1.32255023242E+00,+179.58542280E-03,+60.67835488E-03
+80.87000E-06,+1.43913307983E+00,+1.37280148816E+00,+162.62562397E-03,-34.79903103E-03
+80.89500E-06,+1.29089187541E+00,+1.30244973012E+00,+138.12813680E-03,+30.52760143E-03
+80.92000E-06,+1.40270091945E+00,+1.39290199046E+00,+153.20351353E-03,-35.42717174E-03
+80.94500E-06,+1.31978634745E+00,+1.22832912787E+00,+159.48492050E-03,+29.27132003E-03
+80.97000E-06,+1.03712303388E+00,+1.00973616540E+00,+202.82662857E-03,+24.24619445E-03
+80.99500E-06,+1.03837931529E+00,+1.03863063745E+00,+149.43466936E-03,+59.42207347E-03
+81.02000E-06,+976.82152699E-03,+1.07129395370E+00,+154.45979493E-03,+15.45222471E-03
+81.04500E-06,+1.11878132448E+00,+1.05873113974E+00,+204.08290997E-03,+69.47232462E-03
+81.07000E-06,+878.83157831E-03,+928.07787481E-03,+163.88190538E-03,-14.69852874E-03
+81.09500E-06,+1.07858031988E+00,+1.04993717000E+00,+172.67587512E-03,+65.07533975E-03
+81.12000E-06,+976.82152699E-03,+1.00973616540E+00,+193.40451812E-03,+23.61805375E-03
+81.14500E-06,+1.06978635014E+00,+1.16174621404E+00,+143.78140308E-03,+44.97483745E-03
+81.17000E-06,+1.32104262885E+00,+1.37154520676E+00,+144.40954378E-03,+4.77383286E-03
+81.19500E-06,+1.29089187541E+00,+1.30244973012E+00,+163.88190538E-03,-879.43342E-06
+81.22000E-06,+1.41903257753E+00,+1.35018842305E+00,+113.00250893E-03,-95.72867863E-03
+81.24500E-06,+1.27958534285E+00,+1.27355525808E+00,+199.68592510E-03,+44.97483745E-03
+81.27000E-06,+1.40018835664E+00,+1.41048992994E+00,+145.03768448E-03,-35.42717174E-03
+81.29500E-06,+1.27958534285E+00,+1.33134420216E+00,+138.12813680E-03,+4.77383286E-03
+81.32000E-06,+1.36249991485E+00,+1.37154520676E+00,+154.45979493E-03,-35.42717174E-03
+81.34500E-06,+1.31978634745E+00,+1.22832912786E+00,+148.17838795E-03,+13.56780260E-03
+81.37000E-06,+998.17831069E-03,+1.04868088859E+00,+164.51004608E-03,-14.07038803E-03
+81.39500E-06,+1.04968584784E+00,+1.07883164204E+00,+183.98240767E-03,+19.22106888E-03
+81.42000E-06,+976.82152699E-03,+988.37938170E-03,+253.70602501E-03,+156.15574079E-03
+81.44500E-06,+1.08737428962E+00,+1.04993717000E+00,+103.58039849E-03,-19.72365431E-03
+81.47000E-06,+920.28886431E-03,+1.00973616540E+00,+183.35426697E-03,+66.33162115E-03
+81.49500E-06,+1.07858031988E+00,+1.09013817459E+00,+169.53517165E-03,+19.22106888E-03
+81.52000E-06,+976.82152699E-03,+990.89194451E-03,+154.45979493E-03,+65.07533975E-03
+81.54500E-06,+1.06099238040E+00,+1.11275123970E+00,+148.17838795E-03,+20.47735028E-03
+81.57000E-06,+1.31978634745E+00,+1.33134420216E+00,+162.62562397E-03,+44.97483745E-03
+81.59500E-06,+1.29089187541E+00,+1.31375626267E+00,+155.08793563E-03,+13.56780260E-03
+81.62000E-06,+1.40018835664E+00,+1.31249998127E+00,+62.12311248E-03,-76.88445774E-03
+81.64500E-06,+1.23938433826E+00,+1.28234922782E+00,+204.08290997E-03,+60.67835488E-03
+81.67000E-06,+1.43913307983E+00,+1.37154520676E+00,+124.93718219E-03,+3.51755145E-03
+81.69500E-06,+1.30847981489E+00,+1.29114319757E+00,+138.12813680E-03,+10.42709913E-03
+81.72000E-06,+1.40018835664E+00,+1.39038942765E+00,+163.88190538E-03,-35.42717174E-03
+81.74500E-06,+1.28837931260E+00,+1.29114319757E+00,+148.17838795E-03,+9.17081773E-03
+81.77000E-06,+1.03837931529E+00,+1.04868088859E+00,+164.51004608E-03,+4.77383286E-03
+81.79500E-06,+1.06727378733E+00,+1.03863063744E+00,+183.98240767E-03,+39.32157117E-03
+81.82000E-06,+976.82152699E-03,+1.04993717000E+00,+154.45979493E-03,+36.80900841E-03
+81.84500E-06,+1.11878132448E+00,+1.13033917919E+00,+199.68592510E-03,+85.17584205E-03
+81.87000E-06,+917.77630150E-03,+968.27887940E-03,+144.40954378E-03,-14.07038803E-03
+81.89500E-06,+1.05596725477E+00,+1.04993717000E+00,+163.88190538E-03,+59.42207347E-03
+81.92000E-06,+957.97730610E-03,+988.37938170E-03,+194.66079953E-03,+35.55272701E-03
+81.94500E-06,+1.06978635014E+00,+1.16174621404E+00,+148.17838795E-03,+60.67835488E-03
+81.97000E-06,+1.32104262885E+00,+1.37028892535E+00,+163.88190538E-03,+24.24619445E-03
+81.99500E-06,+1.25069087081E+00,+1.33134420216E+00,+143.78140308E-03,+24.87433515E-03
+82.02000E-06,+1.39767579383E+00,+1.35018842305E+00,+103.58039849E-03,-86.30656818E-03
+82.04500E-06,+1.27079137311E+00,+1.31375626268E+00,+188.37939255E-03,+33.66830490E-03
+82.07000E-06,+1.40144463804E+00,+1.41048992994E+00,+124.93718219E-03,+4.14569215E-03
+82.09500E-06,+1.27958534285E+00,+1.29114319757E+00,+112.37436823E-03,+16.08036541E-03
+82.12000E-06,+1.40018835664E+00,+1.35018842305E+00,+154.45979493E-03,-15.32666944E-03
+82.14500E-06,+1.28837931260E+00,+1.23712309760E+00,+112.37436823E-03,+24.87433515E-03
+82.17000E-06,+996.92202929E-03,+1.04868088859E+00,+163.88190538E-03,+4.77383286E-03
+82.19500E-06,+1.10747479192E+00,+1.04993717000E+00,+158.22863910E-03,+39.32157117E-03
+82.22000E-06,+939.13308521E-03,+988.37938170E-03,+254.96230642E-03,+126.63312805E-03
+82.24500E-06,+1.03837931529E+00,+1.04993717000E+00,+87.87688106E-03,-42.33671942E-03
+82.27000E-06,+999.43459210E-03,+1.00973616540E+00,+202.19848786E-03,+65.07533975E-03
+82.29500E-06,+1.07858031988E+00,+1.07883164204E+00,+183.98240767E-03,+19.22106888E-03
+82.32000E-06,+976.82152699E-03,+948.17837711E-03,+163.88190538E-03,+75.75373160E-03
+82.34500E-06,+1.02958534554E+00,+1.15295224430E+00,+143.78140308E-03,+20.47735028E-03
+82.37000E-06,+1.31978634745E+00,+1.37028892535E+00,+143.15326238E-03,+44.34669675E-03
+82.39500E-06,+1.29089187541E+00,+1.33134420216E+00,+152.57537282E-03,-24.12063918E-03
+82.42000E-06,+1.35747478923E+00,+1.35018842305E+00,+72.80150434E-03,-86.30656818E-03
+82.44500E-06,+1.23059036852E+00,+1.28234922782E+00,+163.88190538E-03,+44.97483745E-03
+82.47000E-06,+1.36124363345E+00,+1.41174621135E+00,+163.88190538E-03,-15.95481014E-03
+82.49500E-06,+1.31978634745E+00,+1.32003766961E+00,+114.88693104E-03,+16.08036541E-03
+82.52000E-06,+1.42154514034E+00,+1.39290199046E+00,+163.88190538E-03,-15.32666944E-03
+82.54500E-06,+1.32858031719E+00,+1.29114319757E+00,+139.38441821E-03,+29.27132003E-03
+82.57000E-06,+1.07606775707E+00,+1.04868088859E+00,+163.88190538E-03,+43.71855605E-03
+82.59500E-06,+1.07858031988E+00,+1.07883164204E+00,+143.78140308E-03,+44.97483745E-03
+82.62000E-06,+998.17831069E-03,+1.07129395370E+00,+163.88190538E-03,+26.13061656E-03
+82.64500E-06,+1.11878132448E+00,+1.12154520945E+00,+199.68592510E-03,+100.87935947E-03
+82.67000E-06,+878.83157832E-03,+929.33415622E-03,+164.51004608E-03,+4.77383286E-03
+82.69500E-06,+1.07858031988E+00,+1.04993717000E+00,+158.22863910E-03,+44.97483745E-03
+82.72000E-06,+957.97730610E-03,+969.53516081E-03,+173.30401582E-03,+15.45222471E-03
+82.74500E-06,+1.06978635014E+00,+1.15295224430E+00,+159.48492051E-03,+60.67835488E-03
+82.77000E-06,+1.32104262886E+00,+1.37154520676E+00,+164.51004608E-03,+24.87433515E-03
+82.79500E-06,+1.26199740337E+00,+1.30244973012E+00,+163.88190538E-03,+19.22106888E-03
+82.82000E-06,+1.40018835664E+00,+1.33134420216E+00,+103.58039849E-03,-96.98496004E-03
+82.84500E-06,+1.30219840797E+00,+1.25973616271E+00,+195.28894023E-03,+56.28137001E-03
+82.87000E-06,+1.40144463804E+00,+1.41174621135E+00,+143.15326238E-03,-15.32666944E-03
+82.89500E-06,+1.27958534285E+00,+1.30244973012E+00,+123.68090078E-03,+39.32157117E-03
+82.92000E-06,+1.35998735204E+00,+1.37154520676E+00,+154.45979493E-03,-24.74877988E-03
+82.94500E-06,+1.28837931260E+00,+1.25973616271E+00,+163.88190538E-03,+13.56780260E-03
+82.97000E-06,+998.17831069E-03,+1.04868088859E+00,+165.13818678E-03,-15.32666944E-03
+82.99500E-06,+1.04968584784E+00,+1.07883164204E+00,+146.92210654E-03,+30.52760143E-03
+83.02000E-06,+976.82152699E-03,+1.00973616540E+00,-37.12311760E-03,+378.51754747E-03
+83.04500E-06,+1.07858031988E+00,+1.05873113974E+00,-137.62562908E-03,+230.27634300E-03
+83.07000E-06,+921.54514573E-03,+970.79144222E-03,-77.95226289E-03,+326.38186961E-03
+83.09500E-06,+1.09616825936E+00,+1.03863063744E+00,-91.77135821E-03,+260.42709644E-03
+83.12000E-06,+979.33408980E-03,+969.53516081E-03,-128.20351864E-03,+326.38186961E-03
+83.14500E-06,+1.10998735473E+00,+1.19315324889E+00,-90.51507680E-03,+245.97986042E-03
+83.17000E-06,+1.39767579382E+00,+1.33008792075E+00,-117.52512679E-03,+266.08036272E-03
+83.19500E-06,+1.31978634745E+00,+1.32003766960E+00,-131.97236280E-03,+245.97986042E-03
+83.22000E-06,+1.35998735204E+00,+1.31249998127E+00,+52.70100204E-03,-15.32666944E-03
+83.24500E-06,+1.27958534285E+00,+1.32255023242E+00,+192.77637742E-03,+49.37182232E-03
+83.27000E-06,+1.39893207523E+00,+1.40923364853E+00,+163.88190538E-03,-15.95481014E-03
+83.29500E-06,+1.30847981489E+00,+1.29114319757E+00,+138.12813680E-03,+10.42709914E-03
+83.32000E-06,+1.35998735204E+00,+1.37154520676E+00,+163.88190538E-03,-5.90455899E-03
+83.34500E-06,+1.27958534285E+00,+1.28234922783E+00,+143.78140308E-03,+13.56780260E-03
+83.37000E-06,+1.03837931529E+00,+1.01099244681E+00,+183.98240767E-03,+4.77383286E-03
+83.39500E-06,+1.04968584784E+00,+1.04993717000E+00,+163.88190538E-03,+44.97483745E-03
+83.42000E-06,+998.17831069E-03,+1.04993717000E+00,+183.98240767E-03,+46.23111886E-03
+83.44500E-06,+1.10998735474E+00,+1.06752510948E+00,+204.08290997E-03,+53.76880719E-03
+83.47000E-06,+878.83157832E-03,+929.33415622E-03,+164.51004608E-03,-34.79903103E-03
+83.49500E-06,+1.03837931529E+00,+1.04993717000E+00,+163.88190538E-03,+59.42207347E-03
+83.52000E-06,+976.82152699E-03,+948.17837710E-03,+183.98240767E-03,+15.45222471E-03
+83.54500E-06,+1.06099238040E+00,+1.19315324890E+00,+179.58542280E-03,+49.37182232E-03
+83.57000E-06,+1.35998735204E+00,+1.33260048357E+00,+143.78140308E-03,+6.03011427E-03
+83.59500E-06,+1.26199740337E+00,+1.30244973012E+00,+158.22863910E-03,-879.43342E-06
+83.62000E-06,+1.39767579382E+00,+1.35018842305E+00,+103.58039849E-03,-86.30656818E-03
+83.64500E-06,+1.31099237771E+00,+1.26853013245E+00,+210.99245766E-03,+40.57785258E-03
+83.67000E-06,+1.40018835664E+00,+1.37280148816E+00,+143.78140308E-03,-35.42717174E-03
+83.69500E-06,+1.30847981489E+00,+1.32003766960E+00,+129.33416706E-03,+4.77383286E-03
+83.72000E-06,+1.36249991486E+00,+1.39290199046E+00,+163.88190538E-03,-44.84928218E-03
+83.74500E-06,+1.31978634745E+00,+1.22832912786E+00,+148.17838795E-03,-15.32666944E-03
+83.77000E-06,+1.03712303388E+00,+1.04868088859E+00,+202.82662856E-03,-34.79903103E-03
+83.79500E-06,+1.03837931529E+00,+1.04993717000E+00,+192.77637741E-03,+4.77383286E-03
+83.82000E-06,+998.17831069E-03,+990.89194452E-03,+233.60552271E-03,+85.17584205E-03
+83.84500E-06,+1.10998735474E+00,+1.09013817459E+00,+107.97738336E-03,+76.38187231E-03
+83.87000E-06,+998.17831069E-03,+970.79144222E-03,+123.68090078E-03,+66.95976186E-03
+83.89500E-06,+1.03837931529E+00,+1.03863063744E+00,+129.33416706E-03,+79.52257577E-03
+83.92000E-06,+998.17831069E-03,+1.00973616540E+00,+103.58039849E-03,+124.12056523E-03
+83.94500E-06,+1.12380645011E+00,+1.07255023511E+00,+123.68090078E-03,+80.77885718E-03
+83.97000E-06,+1.32104262886E+00,+1.01099244681E+00,+103.58039849E-03,+104.64820364E-03
+83.99500E-06,+1.29089187541E+00,+1.00973616540E+00,+69.03266017E-03,+50.62810373E-03
+84.02000E-06,+1.35747478923E+00,+1.03109294911E+00,+82.22361478E-03,+24.87433515E-03
+84.04500E-06,+1.31099237771E+00,+969.53516081E-03,+148.17838795E-03,+100.87935947E-03
+84.07000E-06,+1.39893207523E+00,+1.04868088859E+00,+65.26381600E-03,+44.97483745E-03
+84.09500E-06,+1.30219840797E+00,+1.00973616540E+00,+118.02763450E-03,+85.17584205E-03
+84.12000E-06,+1.40270091946E+00,+1.07129395370E+00,+104.83667989E-03,+44.97483745E-03
+84.14500E-06,+1.35119338230E+00,+1.00973616540E+00,+74.68592645E-03,+44.97483745E-03
+84.17000E-06,+1.11752504307E+00,+1.08888189318E+00,+124.93718219E-03,+104.64820364E-03
+84.19500E-06,+1.04968584784E+00,+998.42963285E-03,+123.68090078E-03,+105.27634434E-03
+84.22000E-06,+998.17831069E-03,+1.03109294911E+00,+133.10301123E-03,+105.27634434E-03
+84.24500E-06,+1.06099238040E+00,+1.04993717000E+00,+155.08793564E-03,+109.67332921E-03
+84.27000E-06,+956.72102469E-03,+968.27887940E-03,+84.73617760E-03,+65.07533975E-03
+84.29500E-06,+1.05596725477E+00,+1.02104269796E+00,+103.58039849E-03,+99.62307807E-03
+84.32000E-06,+998.17831069E-03,+1.03109294911E+00,+123.68090078E-03,+74.49745019E-03
+84.34500E-06,+1.03837931529E+00,+1.04114320026E+00,+123.68090078E-03,+85.17584205E-03
+84.37000E-06,+999.43459210E-03,+1.04993717000E+00,+102.95225778E-03,+66.33162116E-03
+84.39500E-06,+998.17831069E-03,+1.04993717000E+00,+89.13316247E-03,+65.07533975E-03
+84.42000E-06,+1.01702253158E+00,+1.02858038629E+00,+114.25879034E-03,+54.39694790E-03
+84.44500E-06,+1.03837931529E+00,+1.00973616540E+00,+83.47989619E-03,+85.17584205E-03
+84.47000E-06,+960.48986892E-03,+1.00973616540E+00,+104.20853919E-03,+45.60297816E-03
+84.49500E-06,+998.17831069E-03,+1.00973616540E+00,+109.23366476E-03,+90.82910833E-03
+84.52000E-06,+979.33408980E-03,+1.03109294911E+00,+94.15828804E-03,+75.75373160E-03
+84.54500E-06,+966.77127584E-03,+1.00973616540E+00,+107.97738335E-03,+80.77885718E-03
+84.57000E-06,+1.03712303388E+00,+970.79144222E-03,+104.20853919E-03,+85.17584205E-03
+84.59500E-06,+1.02707278273E+00,+998.42963285E-03,+123.68090078E-03,+65.07533975E-03
+84.62000E-06,+1.01702253158E+00,+1.02858038629E+00,+124.93718219E-03,+75.75373160E-03
+84.64500E-06,+1.02958534555E+00,+1.04993717000E+00,+103.58039849E-03,+80.77885718E-03
+84.67000E-06,+999.43459210E-03,+1.01099244681E+00,+123.05276008E-03,+65.70348045E-03
+84.69500E-06,+1.02707278273E+00,+980.84169337E-03,+123.68090078E-03,+73.86930949E-03
+84.72000E-06,+1.00069087351E+00,+1.00973616540E+00,+114.25879034E-03,+85.17584205E-03
+84.74500E-06,+1.13260041985E+00,+1.00973616540E+00,+107.97738335E-03,+89.57282692E-03
+84.77000E-06,+1.35873107063E+00,+1.04993717000E+00,+123.05276008E-03,+65.70348045E-03
+84.79500E-06,+1.27958534285E+00,+1.00973616540E+00,+123.68090078E-03,+65.07533975E-03
+84.82000E-06,+1.33863056834E+00,+1.02858038629E+00,+70.28894152E-03,+35.55272701E-03
+84.84500E-06,+1.31978634745E+00,+1.00094219567E+00,+123.68090078E-03,+85.17584205E-03
+84.87000E-06,+1.36124363345E+00,+1.04993717000E+00,+83.47989619E-03,+64.44719904E-03
+84.89500E-06,+1.33109288001E+00,+998.42963285E-03,+89.13316247E-03,+85.17584205E-03
+84.92000E-06,+1.33863056834E+00,+1.02858038629E+00,+113.00250893E-03,+44.97483745E-03
+84.94500E-06,+1.29717328233E+00,+978.32913055E-03,+107.97738335E-03,+85.17584205E-03
+84.97000E-06,+1.03837931529E+00,+1.00973616540E+00,+123.68090078E-03,+84.54770134E-03
+84.99500E-06,+1.06099238040E+00,+1.03863063744E+00,+109.23366476E-03,+85.17584205E-03
+85.02000E-06,+1.01953509440E+00,+1.04993717000E+00,+114.25879034E-03,+98.36679672E-03
+85.04500E-06,+1.10998735474E+00,+1.05873113974E+00,+119.28391591E-03,+100.87935947E-03
+85.07000E-06,+917.77630150E-03,+1.00973616540E+00,+104.83667989E-03,+46.23111886E-03
+85.09500E-06,+1.03837931529E+00,+1.02104269796E+00,+92.27386593E-03,+88.31654551E-03
+85.12000E-06,+1.01702253158E+00,+988.37938170E-03,+123.68090078E-03,+75.75373160E-03
+85.14500E-06,+989.38434095E-03,+1.16174621404E+00,+119.28391591E-03,+105.27634434E-03
+85.17000E-06,+1.07606775706E+00,+1.37028892535E+00,+123.05276008E-03,+65.07533975E-03
+85.19500E-06,+1.00948484325E+00,+1.33134420216E+00,+138.12813680E-03,+65.07533975E-03
+85.22000E-06,+998.17831069E-03,+1.35018842305E+00,+103.58039849E-03,+85.17584205E-03
+85.24500E-06,+998.17831069E-03,+1.33134420216E+00,+83.47989619E-03,+85.17584205E-03
+85.27000E-06,+999.43459210E-03,+1.37154520676E+00,+123.05276008E-03,+65.70348045E-03
+85.29500E-06,+998.17831069E-03,+1.32003766960E+00,+83.47989619E-03,+79.52257577E-03
+85.32000E-06,+979.33408981E-03,+1.30998741845E+00,+83.47989619E-03,+74.49745019E-03
+85.34500E-06,+944.15821072E-03,+1.33134420216E+00,+107.97738335E-03,+80.77885718E-03
+85.37000E-06,+996.92202928E-03,+1.08888189318E+00,+103.58039849E-03,+65.07533975E-03
+85.39500E-06,+1.03837931529E+00,+1.04993717000E+00,+138.12813680E-03,+85.17584205E-03
+85.42000E-06,+998.17831069E-03,+988.37938170E-03,+94.15828804E-03,+44.97483745E-03
+85.44500E-06,+957.97730610E-03,+969.53516081E-03,+119.28391591E-03,+56.28137001E-03
+85.47000E-06,+1.07858031988E+00,+1.09139445600E+00,+103.58039849E-03,+65.70348045E-03
+85.49500E-06,+946.67077354E-03,+951.94722133E-03,+118.02763450E-03,+65.07533975E-03
+85.52000E-06,+1.08109288270E+00,+1.04993717000E+00,+94.15828804E-03,+75.75373160E-03
+85.54500E-06,+966.77127584E-03,+1.15295224431E+00,+103.58039849E-03,+65.07533975E-03
+85.57000E-06,+999.43459210E-03,+1.33134420216E+00,+103.58039849E-03,+44.97483745E-03
+85.59500E-06,+980.59037122E-03,+1.33134420216E+00,+109.23366476E-03,+65.07533975E-03
+85.62000E-06,+998.17831069E-03,+1.35018842305E+00,+114.25879034E-03,+65.07533975E-03
+85.64500E-06,+1.03837931529E+00,+1.34013817190E+00,+107.97738335E-03,+65.07533975E-03
+85.67000E-06,+1.03837931529E+00,+1.37028892534E+00,+123.68090078E-03,+64.44719904E-03
+85.69500E-06,+1.03837931529E+00,+1.34265073472E+00,+114.88693104E-03,+59.42207347E-03
+85.72000E-06,+998.17831069E-03,+1.33385676498E+00,+114.25879034E-03,+54.39694790E-03
+85.74500E-06,+975.56524557E-03,+1.29993716730E+00,+112.37436822E-03,+44.97483745E-03
+85.77000E-06,+1.03712303388E+00,+1.01099244681E+00,+143.78140308E-03,+84.54770134E-03
+85.79500E-06,+1.00948484325E+00,+1.04993717000E+00,+149.43466936E-03,+44.97483745E-03
+85.82000E-06,+976.82152698E-03,+1.00973616540E+00,+766.89697430E-03,-578.14073376E-03
+85.84500E-06,+989.38434095E-03,+1.01853013514E+00,+746.79647200E-03,-586.93470350E-03
+85.87000E-06,+998.17831069E-03,+1.00847988399E+00,+747.42461270E-03,-617.08545695E-03
+85.89500E-06,+1.02707278273E+00,+1.04993717000E+00,+772.55024058E-03,-612.68847208E-03
+85.92000E-06,+1.01702253158E+00,+1.01224872823E+00,+797.67586845E-03,-608.91962791E-03
+85.94500E-06,+989.38434095E-03,+1.11275123971E+00,+795.79144633E-03,-582.53771863E-03
+85.97000E-06,+1.03837931529E+00,+1.33134420216E+00,+767.52511500E-03,-598.86937677E-03
+85.99500E-06,+998.17831069E-03,+1.33134420216E+00,+766.89697430E-03,-612.68847208E-03
+86.02000E-06,+1.01702253158E+00,+1.33134420216E+00,+776.31908474E-03,-588.81912562E-03
+86.04500E-06,+1.03837931529E+00,+1.34013817190E+00,+766.89697430E-03,-578.14073376E-03
+86.07000E-06,+999.43459210E-03,+1.37028892534E+00,+766.89697430E-03,-559.29651288E-03
+86.09500E-06,+1.02707278273E+00,+1.34265073472E+00,+761.24370802E-03,-578.14073376E-03
+86.12000E-06,+979.33408981E-03,+1.33134420216E+00,+746.79647200E-03,-578.14073376E-03
+86.14500E-06,+1.02958534555E+00,+1.23712309759E+00,+731.09295457E-03,-582.53771863E-03
+86.17000E-06,+996.92202928E-03,+1.00973616540E+00,+785.74119518E-03,-558.66837217E-03
+86.19500E-06,+1.03837931529E+00,+1.03863063744E+00,+766.89697430E-03,-558.04023147E-03
+86.22000E-06,+998.17831069E-03,+990.89194452E-03,+777.57536615E-03,-598.24123606E-03
+86.24500E-06,+998.17831069E-03,+1.00973616540E+00,+771.29395916E-03,-586.93470350E-03
+86.27000E-06,+998.17831069E-03,+1.00973616540E+00,+747.42461270E-03,-578.14073376E-03
+86.29500E-06,+1.02707278273E+00,+1.03863063744E+00,+772.55024058E-03,-578.14073376E-03
+86.32000E-06,+1.01953509440E+00,+1.03109294911E+00,+756.21858244E-03,-588.81912562E-03
+86.34500E-06,+966.77127583E-03,+1.16174621405E+00,+766.89697430E-03,-578.14073376E-03
+86.37000E-06,+998.17831069E-03,+1.33260048357E+00,+747.42461270E-03,-558.66837217E-03
+86.39500E-06,+998.17831069E-03,+1.33134420216E+00,+717.90199996E-03,-598.24123606E-03
+86.42000E-06,+1.03837931529E+00,+1.37154520676E+00,+736.11808014E-03,-598.24123606E-03
+86.44500E-06,+998.17831069E-03,+1.32255023242E+00,+751.19345687E-03,-598.24123606E-03
+86.47000E-06,+1.03712303388E+00,+1.33134420216E+00,+746.79647200E-03,-579.39701517E-03
+86.49500E-06,+998.17831069E-03,+1.33134420216E+00,+770.03767775E-03,-607.03520580E-03
+86.52000E-06,+1.01953509440E+00,+1.33134420216E+00,+756.21858244E-03,-587.56284421E-03
+86.54500E-06,+1.00697228043E+00,+1.33134420216E+00,+746.79647200E-03,-593.84425119E-03
+86.57000E-06,+999.43459210E-03,+1.04993717000E+00,+766.89697430E-03,-598.24123606E-03
+86.59500E-06,+1.07858031988E+00,+1.02104269796E+00,+766.89697430E-03,-583.79400004E-03
+86.62000E-06,+998.17831069E-03,+1.03109294911E+00,+748.05275341E-03,-578.14073376E-03
+86.64500E-06,+1.00697228043E+00,+1.00973616540E+00,+773.80652199E-03,-578.14073376E-03
+86.67000E-06,+999.43459210E-03,+1.01099244682E+00,+708.47988952E-03,-558.66837217E-03
+86.69500E-06,+986.87177813E-03,+998.42963284E-03,+732.34923598E-03,-598.24123606E-03
+86.72000E-06,+1.01702253158E+00,+1.00973616540E+00,+765.64069288E-03,-598.24123606E-03
+86.74500E-06,+998.17831069E-03,+1.14415827457E+00,+766.89697430E-03,-582.53771863E-03
+86.77000E-06,+1.07606775706E+00,+1.37028892534E+00,+727.32411041E-03,-577.51259306E-03
+86.79500E-06,+980.59037122E-03,+1.36023867419E+00,+752.44973828E-03,-592.58796978E-03
+86.82000E-06,+1.07858031988E+00,+1.33134420216E+00,+757.47486385E-03,-578.14073376E-03
+86.84500E-06,+998.17831069E-03,+1.32255023242E+00,+726.69596970E-03,-562.43721633E-03
+86.87000E-06,+999.43459210E-03,+1.37028892534E+00,+746.79647200E-03,-578.14073376E-03
+86.89500E-06,+969.28383866E-03,+1.34265073472E+00,+752.44973828E-03,-578.14073376E-03
+86.92000E-06,+998.17831069E-03,+1.33134420216E+00,+726.69596970E-03,-558.04023147E-03
+86.94500E-06,+1.00697228043E+00,+1.30873113704E+00,+746.79647200E-03,-598.24123606E-03
+86.97000E-06,+998.17831069E-03,+1.04993717000E+00,+746.16833129E-03,-577.51259306E-03
+86.99500E-06,+1.04968584785E+00,+1.03234923053E+00,+766.89697430E-03,-618.34173836E-03
+87.02000E-06,+979.33408981E-03,+969.53516081E-03,+766.89697430E-03,-587.56284421E-03
+87.04500E-06,+1.02958534555E+00,+1.08134420486E+00,+731.09295457E-03,-593.84425119E-03
+87.07000E-06,+959.23358751E-03,+970.79144222E-03,+786.99747659E-03,-558.66837217E-03
+87.09500E-06,+1.03837931529E+00,+1.02104269797E+00,+775.69094403E-03,-583.79400004E-03
+87.12000E-06,+1.01953509440E+00,+1.03109294911E+00,+777.57536615E-03,-568.71862332E-03
+87.14500E-06,+1.00697228043E+00,+1.15295224431E+00,+762.49998943E-03,-566.83420120E-03
+87.17000E-06,+1.03837931529E+00,+1.33134420216E+00,+766.26883359E-03,-597.61309535E-03
+87.19500E-06,+969.28383866E-03,+1.30244973013E+00,+738.00250226E-03,-583.79400004E-03
+87.22000E-06,+998.17831069E-03,+1.33134420216E+00,+746.79647200E-03,-587.56284421E-03
+87.24500E-06,+1.03837931529E+00,+1.36275123702E+00,+746.79647200E-03,-578.14073376E-03
+87.27000E-06,+998.17831069E-03,+1.33260048357E+00,+748.05275341E-03,-598.86937677E-03
+87.29500E-06,+1.00948484325E+00,+1.34265073472E+00,+738.00250226E-03,-578.14073376E-03
+87.32000E-06,+1.04089187811E+00,+1.33134420216E+00,+756.21858244E-03,-578.14073376E-03
+87.34500E-06,+1.00697228043E+00,+1.28234922783E+00,+778.20350686E-03,-573.74374890E-03
+87.37000E-06,+1.03837931529E+00,+1.01099244682E+00,+766.89697430E-03,-578.14073376E-03
+87.39500E-06,+1.04968584785E+00,+1.04993717000E+00,+766.89697430E-03,-578.14073376E-03
+87.42000E-06,+976.82152698E-03,+990.89194452E-03,+766.89697430E-03,-587.56284421E-03
+87.44500E-06,+1.06099238041E+00,+1.04993717000E+00,+742.39948713E-03,-562.43721633E-03
+87.47000E-06,+999.43459211E-03,+1.04868088859E+00,+726.69596970E-03,-576.88445235E-03
+87.49500E-06,+998.17831069E-03,+998.42963284E-03,+735.48993944E-03,-578.14073376E-03
+87.52000E-06,+1.03837931529E+00,+1.00973616540E+00,+757.47486385E-03,-558.04023147E-03
+87.54500E-06,+998.17831069E-03,+1.13033917919E+00,+746.79647200E-03,-562.43721633E-03
+87.57000E-06,+1.03837931529E+00,+1.33260048357E+00,+766.89697430E-03,-578.76887447E-03
+87.59500E-06,+998.17831069E-03,+1.33134420216E+00,+781.34421031E-03,-598.24123606E-03
+87.62000E-06,+1.05722353617E+00,+1.33134420216E+00,+756.21858244E-03,-578.14073376E-03
+87.64500E-06,+1.02958534555E+00,+1.33134420216E+00,+762.49998943E-03,-573.74374890E-03
+87.67000E-06,+961.74615034E-03,+1.37028892534E+00,+767.52511500E-03,-598.24123606E-03
+87.69500E-06,+1.02707278273E+00,+1.33134420216E+00,+766.89697430E-03,-592.58796978E-03
+87.72000E-06,+998.17831069E-03,+1.33134420216E+00,+748.05275341E-03,-588.81912562E-03
+87.74500E-06,+998.17831069E-03,+1.26853013244E+00,+751.19345687E-03,-582.53771863E-03
+87.77000E-06,+998.17831069E-03,+1.04993717000E+00,+766.26883359E-03,-617.71359765E-03
+87.79500E-06,+1.03837931529E+00,+1.06124370256E+00,+781.34421031E-03,-638.44224066E-03
+87.82000E-06,+998.17831069E-03,+1.00973616540E+00,+786.99747659E-03,-598.24123606E-03
+87.84500E-06,+1.00697228043E+00,+1.00973616540E+00,+786.99747659E-03,-598.24123606E-03
+87.87000E-06,+998.17831069E-03,+972.04772364E-03,+766.89697430E-03,-599.49751747E-03
+87.89500E-06,+1.03837931529E+00,+1.02104269797E+00,+801.44471261E-03,-598.24123606E-03
+87.92000E-06,+1.03837931529E+00,+1.00973616540E+00,+776.31908474E-03,-568.71862332E-03
+87.94500E-06,+966.77127583E-03,+1.14415827458E+00,+771.29395916E-03,-582.53771863E-03
+87.97000E-06,+998.17831069E-03,+1.33134420216E+00,+766.89697430E-03,-578.14073376E-03
+87.99500E-06,+1.00948484325E+00,+1.29114319757E+00,+752.44973828E-03,-592.58796978E-03
+88.02000E-06,+995.66574787E-03,+1.33134420216E+00,+745.54019058E-03,-588.81912562E-03
+88.04500E-06,+1.00697228043E+00,+1.34013817190E+00,+746.79647200E-03,-613.94475349E-03
+88.07000E-06,+1.03712303387E+00,+1.33134420216E+00,+727.32411041E-03,-559.29651288E-03
+88.09500E-06,+1.00948484325E+00,+1.33134420216E+00,+732.34923598E-03,-578.14073376E-03
+88.12000E-06,+998.17831069E-03,+1.33134420216E+00,+746.79647200E-03,-588.81912562E-03
+88.14500E-06,+1.04717328502E+00,+1.25973616271E+00,+726.69596970E-03,-573.74374890E-03
+88.17000E-06,+1.03712303387E+00,+1.04993717000E+00,+766.89697430E-03,-558.04023147E-03
+88.19500E-06,+1.04968584785E+00,+1.07883164203E+00,+758.10300456E-03,-578.14073376E-03
+88.22000E-06,+1.01702253158E+00,+1.00973616540E+00,+756.21858244E-03,-567.46234191E-03
+88.24500E-06,+989.38434096E-03,+1.04993717000E+00,+762.49998943E-03,-566.83420120E-03
+88.27000E-06,+959.23358751E-03,+1.01099244682E+00,+766.89697430E-03,-577.51259306E-03
+88.29500E-06,+1.02707278272E+00,+1.00973616540E+00,+766.89697430E-03,-578.14073376E-03
+88.32000E-06,+976.82152698E-03,+990.89194452E-03,+766.89697430E-03,-558.04023147E-03
+88.34500E-06,+1.02079137582E+00,+1.13536430484E+00,+751.19345687E-03,-578.14073376E-03
+88.37000E-06,+1.03837931529E+00,+1.33134420216E+00,+766.89697430E-03,-579.39701518E-03
+88.39500E-06,+998.17831069E-03,+1.30244973013E+00,+746.79647200E-03,-583.79400004E-03
+88.42000E-06,+1.03837931529E+00,+1.33134420216E+00,+757.47486385E-03,-548.61812102E-03
+88.44500E-06,+1.02958534555E+00,+1.37154520676E+00,+751.19345687E-03,-562.43721633E-03
+88.47000E-06,+999.43459211E-03,+1.33134420216E+00,+746.79647200E-03,-577.51259306E-03
+88.49500E-06,+1.03837931529E+00,+1.33134420216E+00,+712.24873368E-03,-563.69349775E-03
+88.52000E-06,+998.17831069E-03,+1.33134420216E+00,+737.37436156E-03,-578.14073376E-03
+88.54500E-06,+1.02958534555E+00,+1.23712309758E+00,+746.79647200E-03,-582.53771863E-03
+88.57000E-06,+998.17831069E-03,+1.00973616540E+00,+726.69596970E-03,-578.14073376E-03
+88.59500E-06,+1.03837931529E+00,+1.03863063744E+00,+746.79647200E-03,-578.14073376E-03
+88.62000E-06,+998.17831069E-03,+1.03109294912E+00,+736.11808014E-03,-578.14073376E-03
+88.64500E-06,+1.00697228043E+00,+1.02732410487E+00,+771.29395916E-03,-582.53771863E-03
+88.67000E-06,+998.17831069E-03,+1.00973616540E+00,+746.79647200E-03,-558.66837217E-03
+88.69500E-06,+1.06727378732E+00,+1.02104269797E+00,+786.99747659E-03,-583.79400004E-03
+88.72000E-06,+998.17831069E-03,+1.03109294912E+00,+756.21858244E-03,-556.78395005E-03
+88.74500E-06,+998.17831069E-03,+1.15295224431E+00,+751.19345687E-03,-562.43721633E-03
+88.77000E-06,+1.07732403847E+00,+1.29239947898E+00,+746.79647200E-03,-578.14073376E-03
+88.79500E-06,+969.28383866E-03,+1.34265073472E+00,+738.00250226E-03,-592.58796978E-03
+88.82000E-06,+1.01702253158E+00,+1.35018842304E+00,+746.79647200E-03,-578.14073376E-03
+88.84500E-06,+1.00697228043E+00,+1.33134420216E+00,+731.09295457E-03,-593.84425119E-03
+88.87000E-06,+998.17831069E-03,+1.37028892534E+00,+766.26883359E-03,-598.24123606E-03
+88.89500E-06,+1.00948484326E+00,+1.33134420216E+00,+741.14320572E-03,-558.04023147E-03
+88.92000E-06,+1.03837931529E+00,+1.37154520676E+00,+746.79647200E-03,-578.14073376E-03
+88.94500E-06,+1.03837931529E+00,+1.29993716730E+00,+742.39948713E-03,-573.74374890E-03
+88.97000E-06,+1.03712303387E+00,+1.00847988399E+00,+747.42461271E-03,-578.14073376E-03
+88.99500E-06,+1.04968584785E+00,+1.04993717000E+00,+766.89697430E-03,-558.04023147E-03
+89.02000E-06,+998.17831069E-03,+1.01224872823E+00,+756.21858244E-03,-567.46234191E-03
+89.04500E-06,+1.05219841068E+00,+1.00094219567E+00,+762.49998943E-03,-573.74374890E-03
+89.07000E-06,+999.43459211E-03,+1.00973616540E+00,+708.47988953E-03,-578.14073376E-03
+89.09500E-06,+1.01576625016E+00,+1.00973616540E+00,+761.24370801E-03,-578.14073376E-03
+89.12000E-06,+1.01953509440E+00,+1.03109294912E+00,+766.89697430E-03,-579.39701518E-03
+89.14500E-06,+998.17831069E-03,+1.15295224431E+00,+766.89697430E-03,-562.43721633E-03
+89.17000E-06,+999.43459211E-03,+1.33134420216E+00,+766.89697430E-03,-577.51259306E-03
+89.19500E-06,+1.00948484326E+00,+1.33134420216E+00,+752.44973828E-03,-601.38193951E-03
+89.22000E-06,+1.03837931529E+00,+1.33134420216E+00,+766.89697430E-03,-558.04023147E-03
+89.24500E-06,+998.17831069E-03,+1.33134420216E+00,+751.19345686E-03,-578.14073376E-03
+89.27000E-06,+999.43459211E-03,+1.33134420216E+00,+747.42461271E-03,-538.56786988E-03
+89.29500E-06,+1.00948484326E+00,+1.37154520676E+00,+746.79647200E-03,-543.59299545E-03
+89.32000E-06,+1.00069087352E+00,+1.30998741845E+00,+737.37436156E-03,-587.56284420E-03
+89.34500E-06,+998.17831069E-03,+1.32255023243E+00,+742.39948713E-03,-582.53771863E-03
+89.37000E-06,+998.17831069E-03,+1.00973616540E+00,+746.79647200E-03,-596.98495465E-03
+89.39500E-06,+1.06727378732E+00,+1.06124370256E+00,+772.55024058E-03,-589.44726633E-03
+89.42000E-06,+1.01953509440E+00,+1.00973616540E+00,+777.57536615E-03,-588.81912562E-03
+89.44500E-06,+1.03837931529E+00,+1.00973616540E+00,+786.99747659E-03,-582.53771863E-03
+89.47000E-06,+999.43459211E-03,+1.01099244682E+00,+766.89697430E-03,-617.71359765E-03
+89.49500E-06,+1.02707278272E+00,+1.00973616540E+00,+786.99747659E-03,-578.14073376E-03
+89.52000E-06,+1.04089187812E+00,+1.02858038629E+00,+766.89697430E-03,-578.14073376E-03
+89.54500E-06,+998.17831069E-03,+1.14415827458E+00,+766.89697430E-03,-573.74374890E-03
+89.57000E-06,+1.03837931529E+00,+1.37028892534E+00,+746.79647200E-03,-578.14073376E-03
+89.59500E-06,+980.59037123E-03,+1.30244973013E+00,+761.24370801E-03,-598.24123606E-03
+89.62000E-06,+1.01953509440E+00,+1.37154520676E+00,+756.21858244E-03,-588.81912562E-03
+89.64500E-06,+998.17831069E-03,+1.36275123702E+00,+746.79647200E-03,-598.24123606E-03
+89.67000E-06,+1.03712303387E+00,+1.33260048358E+00,+746.79647200E-03,-598.86937677E-03
+89.69500E-06,+1.00948484326E+00,+1.34265073472E+00,+746.79647200E-03,-592.58796978E-03
+89.72000E-06,+1.01702253157E+00,+1.33134420216E+00,+768.15325571E-03,-598.24123606E-03
+89.74500E-06,+1.00697228043E+00,+1.29993716730E+00,+766.89697430E-03,-609.54776863E-03
+89.77000E-06,+1.03712303387E+00,+1.01099244682E+00,+727.95225112E-03,-598.24123606E-03
+89.79500E-06,+980.59037123E-03,+1.03863063743E+00,+746.79647200E-03,-578.14073376E-03
+89.82000E-06,+979.33408981E-03,+1.00973616540E+00,+746.79647200E-03,-559.29651288E-03
+89.84500E-06,+1.03837931529E+00,+1.04993717000E+00,+742.39948713E-03,-578.14073376E-03
+89.87000E-06,+998.17831069E-03,+1.00973616540E+00,+726.69596970E-03,-577.51259306E-03
+89.89500E-06,+986.87177813E-03,+1.04993717000E+00,+761.24370801E-03,-592.58796978E-03
+89.92000E-06,+1.01702253157E+00,+1.04993717000E+00,+746.79647200E-03,-568.71862332E-03
+89.94500E-06,+998.17831069E-03,+1.16174621405E+00,+758.10300456E-03,-573.74374890E-03
+89.97000E-06,+1.03837931529E+00,+1.37028892534E+00,+746.16833129E-03,-577.51259306E-03
+89.99500E-06,+969.28383866E-03,+1.34265073473E+00,+761.24370801E-03,-578.14073376E-03
+90.02000E-06,+1.01953509441E+00,+1.36903264392E+00,+765.64069288E-03,-587.56284420E-03
+90.04500E-06,+998.17831069E-03,+1.34013817189E+00,+746.79647200E-03,-558.04023147E-03
+90.07000E-06,+1.00069087352E+00,+1.37028892534E+00,+748.05275341E-03,-558.66837217E-03
+90.09500E-06,+1.02707278272E+00,+1.37154520676E+00,+741.14320572E-03,-592.58796978E-03
+90.12000E-06,+998.17831069E-03,+1.33134420216E+00,+726.69596970E-03,-537.93972917E-03
+90.14500E-06,+1.04717328502E+00,+1.22832912784E+00,+726.69596970E-03,-573.74374890E-03
+90.17000E-06,+1.03837931529E+00,+1.00973616540E+00,+765.64069288E-03,-558.66837217E-03
+90.19500E-06,+1.05596725475E+00,+1.04993717000E+00,+766.89697430E-03,-569.34676403E-03
+90.22000E-06,+1.01953509441E+00,+1.00973616540E+00,+748.05275341E-03,-588.81912562E-03
+90.24500E-06,+998.17831069E-03,+1.01853013514E+00,+742.39948713E-03,-558.04023147E-03
+90.27000E-06,+999.43459211E-03,+1.01099244682E+00,+746.16833129E-03,-538.56786988E-03
+90.29500E-06,+998.17831069E-03,+1.02104269797E+00,+746.79647200E-03,-549.24626173E-03
+90.32000E-06,+1.01953509441E+00,+1.02858038629E+00,+756.21858244E-03,-558.04023147E-03
+90.34500E-06,+998.17831069E-03,+1.18435927918E+00,+758.10300456E-03,-537.93972917E-03
+90.37000E-06,+999.43459211E-03,+1.37154520676E+00,+726.06782899E-03,-558.04023147E-03
+90.39500E-06,+969.28383866E-03,+1.33134420216E+00,+738.00250227E-03,-583.79400005E-03
+90.42000E-06,+998.17831069E-03,+1.31249998128E+00,+736.11808014E-03,-558.04023147E-03
+90.44500E-06,+998.17831069E-03,+1.36275123702E+00,+751.19345686E-03,-609.54776863E-03
+90.47000E-06,+998.17831069E-03,+1.37154520676E+00,+746.79647200E-03,-559.29651288E-03
+90.49500E-06,+998.17831069E-03,+1.34265073473E+00,+752.44973828E-03,-598.24123606E-03
+90.52000E-06,+1.01702253157E+00,+1.37154520676E+00,+757.47486385E-03,-598.24123606E-03
+90.54500E-06,+1.00697228042E+00,+1.29114319757E+00,+762.49998943E-03,-593.84425119E-03
+90.57000E-06,+1.03586675245E+00,+1.00973616540E+00,+767.52511500E-03,-578.14073376E-03
+90.59500E-06,+1.06727378732E+00,+1.04993717000E+00,+752.44973828E-03,-583.79400005E-03
+90.62000E-06,+998.17831069E-03,+1.00973616540E+00,+777.57536615E-03,-596.98495464E-03
+90.64500E-06,+1.02079137582E+00,+1.04114320027E+00,+758.10300456E-03,-582.53771863E-03
+90.67000E-06,+959.23358751E-03,+972.04772364E-03,+747.42461271E-03,-578.14073376E-03
+90.69500E-06,+998.17831069E-03,+1.03863063743E+00,+726.69596970E-03,-592.58796978E-03
+90.72000E-06,+998.17831069E-03,+1.02858038628E+00,+776.31908474E-03,-578.14073376E-03
+90.74500E-06,+1.00697228042E+00,+1.19315324891E+00,+766.89697430E-03,-578.14073376E-03
+90.77000E-06,+998.17831069E-03,+1.33134420216E+00,+765.64069288E-03,-597.61309535E-03
+90.79500E-06,+998.17831069E-03,+1.30244973013E+00,+761.24370801E-03,-583.79400005E-03
+90.82000E-06,+1.03586675245E+00,+1.35270098587E+00,+726.69596970E-03,-598.24123606E-03
+90.84500E-06,+1.02958534556E+00,+1.34013817189E+00,+746.79647200E-03,-573.74374890E-03
+90.87000E-06,+999.43459211E-03,+1.37028892534E+00,+726.69596970E-03,-577.51259306E-03
+90.89500E-06,+998.17831069E-03,+1.33134420216E+00,+717.90199997E-03,-572.48746748E-03
+90.92000E-06,+979.33408981E-03,+1.31249998128E+00,+756.21858244E-03,-588.81912562E-03
+90.94500E-06,+1.06978635015E+00,+1.25973616270E+00,+731.09295457E-03,-573.74374890E-03
+90.97000E-06,+996.92202928E-03,+1.08762561176E+00,+746.79647200E-03,-578.14073376E-03
+90.99500E-06,+1.03837931529E+00,+1.02104269797E+00,+786.99747659E-03,-592.58796978E-03
+91.02000E-06,+1.01953509441E+00,+1.03109294912E+00,+766.89697430E-03,-567.46234191E-03
+91.04500E-06,+1.00697228042E+00,+1.04993717000E+00,+751.19345686E-03,-598.24123606E-03
+91.07000E-06,+998.17831069E-03,+1.00973616540E+00,+746.16833129E-03,-617.71359765E-03
+91.09500E-06,+1.02707278272E+00,+1.03863063743E+00,+786.99747659E-03,-583.79400005E-03
+91.12000E-06,+1.01953509441E+00,+1.00973616540E+00,+766.89697430E-03,-578.14073376E-03
+91.14500E-06,+957.97730610E-03,+1.14415827459E+00,+751.19345686E-03,-573.74374890E-03
+91.17000E-06,+1.03712303387E+00,+1.37154520676E+00,+765.64069288E-03,-578.14073376E-03
+91.19500E-06,+969.28383866E-03,+1.33134420216E+00,+755.59044173E-03,-592.58796978E-03
+91.22000E-06,+998.17831069E-03,+1.35018842304E+00,+736.11808014E-03,-568.71862332E-03
+91.24500E-06,+975.56524556E-03,+1.37154520676E+00,+731.09295457E-03,-558.04023147E-03
+91.27000E-06,+1.03837931529E+00,+1.33134420216E+00,+727.32411041E-03,-558.66837218E-03
+91.29500E-06,+1.03837931529E+00,+1.33134420216E+00,+746.79647200E-03,-578.14073376E-03
+91.32000E-06,+1.01702253157E+00,+1.35270098588E+00,+726.69596970E-03,-587.56284420E-03
+91.34500E-06,+1.00697228042E+00,+1.29993716730E+00,+735.48993943E-03,-562.43721633E-03
+91.37000E-06,+1.03837931529E+00,+1.01099244682E+00,+746.79647200E-03,-578.76887447E-03
+91.39500E-06,+1.03837931529E+00,+1.04993717000E+00,+746.79647200E-03,-578.14073376E-03
+91.42000E-06,+976.82152698E-03,+1.03109294912E+00,+746.79647200E-03,-578.14073376E-03
+91.44500E-06,+1.04717328502E+00,+1.00973616540E+00,+758.10300456E-03,-578.14073376E-03
+91.47000E-06,+959.23358752E-03,+1.04868088858E+00,+747.42461271E-03,-597.61309535E-03
+91.49500E-06,+998.17831069E-03,+1.02104269797E+00,+764.38441146E-03,-569.34676403E-03
+91.52000E-06,+1.01702253157E+00,+1.04993717000E+00,+768.15325571E-03,-578.14073376E-03
+91.54500E-06,+1.00697228042E+00,+1.16174621405E+00,+758.10300456E-03,-573.74374890E-03
+91.57000E-06,+999.43459211E-03,+1.29239947898E+00,+766.26883359E-03,-578.76887447E-03
+91.59500E-06,+998.17831069E-03,+1.33134420216E+00,+761.24370801E-03,-592.58796978E-03
+91.62000E-06,+1.03837931529E+00,+1.35270098588E+00,+745.54019058E-03,-578.14073376E-03
+91.64500E-06,+1.02958534556E+00,+1.30873113703E+00,+746.79647200E-03,-573.74374890E-03
+91.67000E-06,+999.43459211E-03,+1.33134420216E+00,+747.42461271E-03,-578.14073376E-03
+91.69500E-06,+1.02707278272E+00,+1.36023867419E+00,+735.48993943E-03,-563.69349775E-03
+91.72000E-06,+1.03837931529E+00,+1.32883163933E+00,+737.37436156E-03,-578.14073376E-03
+91.74500E-06,+975.56524556E-03,+1.33134420216E+00,+726.69596970E-03,-573.74374890E-03
+91.77000E-06,+999.43459211E-03,+1.04993717000E+00,+765.64069288E-03,-577.51259305E-03
+91.79500E-06,+1.04968584785E+00,+1.04993717000E+00,+752.44973828E-03,-554.89952802E-03
+91.82000E-06,+1.01702253157E+00,+1.02858038628E+00,+766.89697430E-03,-568.71862332E-03
+91.84500E-06,+1.03837931529E+00,+1.00094219567E+00,+751.19345686E-03,-593.84425120E-03
+91.87000E-06,+959.23358752E-03,+1.04868088858E+00,+747.42461271E-03,-577.51259305E-03
+91.89500E-06,+998.17831069E-03,+1.04993717000E+00,+766.89697430E-03,-598.24123606E-03
+91.92000E-06,+976.82152698E-03,+1.00973616540E+00,+756.21858244E-03,-568.71862332E-03
+91.94500E-06,+998.17831069E-03,+1.15295224432E+00,+758.10300456E-03,-562.43721633E-03
+91.97000E-06,+1.03712303387E+00,+1.33008792074E+00,+766.26883359E-03,-578.14073376E-03
+91.99500E-06,+998.17831069E-03,+1.33134420216E+00,+732.34923598E-03,-592.58796978E-03
+92.02000E-06,+995.66574786E-03,+1.35018842304E+00,+746.79647200E-03,-568.71862332E-03
+92.04500E-06,+1.00697228042E+00,+1.34013817189E+00,+731.09295457E-03,-558.04023147E-03
+92.07000E-06,+1.03837931529E+00,+1.33134420216E+00,+727.32411041E-03,-558.04023147E-03
+92.09500E-06,+1.04968584785E+00,+1.34265073473E+00,+735.48993943E-03,-578.14073376E-03
+92.12000E-06,+1.00069087353E+00,+1.35521354871E+00,+746.79647200E-03,-588.81912562E-03
+92.14500E-06,+1.01576625015E+00,+1.29993716730E+00,+746.79647200E-03,-598.24123606E-03
+92.17000E-06,+1.03586675245E+00,+1.00847988399E+00,+766.89697430E-03,-578.14073376E-03
+92.19500E-06,+1.02079137583E+00,+1.04993717000E+00,+746.79647200E-03,-578.14073376E-03
+92.22000E-06,+979.33408981E-03,+1.04993717000E+00,+757.47486386E-03,-547.36183961E-03
+92.24500E-06,+1.02079137583E+00,+1.00973616540E+00,+758.10300457E-03,-569.34676403E-03
+92.27000E-06,+959.23358752E-03,+972.04772365E-03,+746.79647200E-03,-557.41209076E-03
+92.29500E-06,+1.02707278272E+00,+1.00973616540E+00,+746.79647200E-03,-578.14073376E-03
+92.32000E-06,+1.01702253157E+00,+1.03109294912E+00,+737.37436156E-03,-568.71862332E-03
+92.34500E-06,+1.00697228042E+00,+1.19315324892E+00,+731.09295457E-03,-562.43721633E-03
+92.37000E-06,+1.07858031988E+00,+1.37028892534E+00,+746.79647200E-03,-577.51259305E-03
+92.39500E-06,+1.00948484326E+00,+1.34265073473E+00,+775.69094403E-03,-572.48746748E-03
+92.42000E-06,+1.01702253157E+00,+1.33134420216E+00,+726.69596970E-03,-558.04023147E-03
+92.44500E-06,+998.17831069E-03,+1.33134420216E+00,+746.79647200E-03,-558.04023147E-03
+92.47000E-06,+999.43459211E-03,+1.37028892534E+00,+726.69596970E-03,-539.19601059E-03
+92.49500E-06,+1.02707278272E+00,+1.32003766959E+00,+746.79647200E-03,-569.34676403E-03
+92.52000E-06,+1.00069087353E+00,+1.33134420216E+00,+727.95225112E-03,-578.14073376E-03
+92.54500E-06,+998.17831069E-03,+1.30873113703E+00,+746.79647200E-03,-578.14073376E-03
+92.57000E-06,+998.17831069E-03,+1.04993717000E+00,+746.16833129E-03,-558.04023147E-03
+92.59500E-06,+1.05596725475E+00,+1.04993717000E+00,+761.24370801E-03,-578.14073376E-03
+92.62000E-06,+1.01702253157E+00,+1.02858038628E+00,+748.05275342E-03,-558.04023147E-03
+92.64500E-06,+1.02958534556E+00,+987.12310027E-03,+746.79647200E-03,-593.84425120E-03
+92.67000E-06,+998.17831069E-03,+1.01099244682E+00,+746.16833129E-03,-577.51259305E-03
+92.69500E-06,+998.17831069E-03,+1.00973616540E+00,+766.89697430E-03,-558.04023147E-03
+92.72000E-06,+1.01953509441E+00,+1.03109294912E+00,+746.79647200E-03,-558.04023147E-03
+92.74500E-06,+998.17831069E-03,+1.15295224432E+00,+731.09295457E-03,-546.73369890E-03
+92.77000E-06,+1.03712303387E+00,+1.33260048358E+00,+746.16833129E-03,-557.41209076E-03
+92.79500E-06,+969.28383867E-03,+1.30244973013E+00,+741.14320571E-03,-586.93470349E-03
+92.82000E-06,+1.03837931529E+00,+1.30998741844E+00,+716.01757784E-03,-576.88445234E-03
+92.84500E-06,+1.03837931529E+00,+1.33134420216E+00,+742.39948713E-03,-573.74374890E-03
+92.87000E-06,+1.07606775704E+00,+1.33260048358E+00,+727.32411041E-03,-539.19601059E-03
+92.89500E-06,+1.01576625015E+00,+1.33134420216E+00,+746.79647200E-03,-563.69349775E-03
+92.92000E-06,+998.17831069E-03,+1.35270098588E+00,+745.54019058E-03,-579.39701518E-03
+92.94500E-06,+1.00697228042E+00,+1.28234922784E+00,+746.79647200E-03,-573.74374890E-03
+92.97000E-06,+1.03712303387E+00,+1.04742460716E+00,+748.05275342E-03,-558.66837218E-03
+92.99500E-06,+1.04968584785E+00,+1.04993717000E+00,+746.79647200E-03,-583.79400005E-03
+93.02000E-06,+998.17831069E-03,+1.00973616540E+00,+777.57536615E-03,-578.14073376E-03
+93.04500E-06,+1.00697228042E+00,+1.04114320027E+00,+762.49998943E-03,-593.84425120E-03
+93.07000E-06,+960.48986894E-03,+1.04868088858E+00,+766.89697430E-03,-597.61309535E-03
+93.09500E-06,+986.87177812E-03,+1.03863063743E+00,+781.34421031E-03,-583.79400005E-03
+93.12000E-06,+998.17831069E-03,+1.02858038628E+00,+796.41958703E-03,-588.81912562E-03
+93.14500E-06,+998.17831069E-03,+1.11275123973E+00,+766.89697430E-03,-578.14073376E-03
+93.17000E-06,+998.17831069E-03,+1.33134420216E+00,+766.89697430E-03,-578.76887447E-03
+93.19500E-06,+969.28383867E-03,+1.32003766959E+00,+775.69094402E-03,-598.24123606E-03
+93.22000E-06,+998.17831069E-03,+1.30998741844E+00,+748.05275342E-03,-568.71862332E-03
+93.24500E-06,+1.02958534556E+00,+1.34013817189E+00,+758.10300457E-03,-569.34676403E-03
+93.27000E-06,+921.54514576E-03,+1.33134420216E+00,+746.79647200E-03,-558.04023147E-03
+93.29500E-06,+1.02707278272E+00,+1.33134420216E+00,+732.34923599E-03,-572.48746748E-03
+93.32000E-06,+1.00069087353E+00,+1.33134420216E+00,+726.69596970E-03,-567.46234190E-03
+93.34500E-06,+998.17831069E-03,+1.26853013243E+00,+726.69596970E-03,-562.43721633E-03
+93.37000E-06,+1.03712303387E+00,+1.00973616540E+00,+746.79647200E-03,-558.04023147E-03
+93.39500E-06,+1.05596725474E+00,+1.06124370257E+00,+766.89697430E-03,-583.79400005E-03
+93.42000E-06,+1.03837931529E+00,+1.03109294912E+00,+766.89697430E-03,-576.88445234E-03
+93.44500E-06,+1.03837931529E+00,+1.04993717000E+00,+751.19345686E-03,-582.53771863E-03
+93.47000E-06,+999.43459211E-03,+970.79144223E-03,+766.26883359E-03,-578.14073376E-03
+93.49500E-06,+1.02707278272E+00,+1.03863063743E+00,+772.55024058E-03,-569.34676403E-03
+93.52000E-06,+998.17831069E-03,+1.00973616540E+00,+757.47486386E-03,-567.46234190E-03
+93.54500E-06,+1.02958534556E+00,+1.12154520946E+00,+762.49998943E-03,-558.04023147E-03
+93.57000E-06,+1.07606775704E+00,+1.33134420216E+00,+746.79647200E-03,-597.61309535E-03
+93.59500E-06,+1.03837931529E+00,+1.32003766959E+00,+732.34923599E-03,-583.79400005E-03
+93.62000E-06,+1.01953509441E+00,+1.35270098588E+00,+736.11808014E-03,-587.56284420E-03
+93.64500E-06,+998.17831069E-03,+1.29993716729E+00,+746.79647200E-03,-582.53771863E-03
+93.67000E-06,+1.03712303387E+00,+1.37028892534E+00,+766.26883359E-03,-598.86937677E-03
+93.69500E-06,+1.00948484326E+00,+1.37154520676E+00,+749.93717544E-03,-566.83420119E-03
+93.72000E-06,+998.17831069E-03,+1.35270098588E+00,+736.11808014E-03,-576.88445234E-03
+93.74500E-06,+1.00697228042E+00,+1.29993716729E+00,+773.80652200E-03,-582.53771863E-03
+93.77000E-06,+1.03837931529E+00,+1.01099244682E+00,+746.79647200E-03,-577.51259305E-03
+93.79500E-06,+1.04968584786E+00,+1.04993717000E+00,+752.44973828E-03,-578.14073376E-03
+93.82000E-06,+998.17831069E-03,+1.00973616540E+00,+766.89697430E-03,-568.71862333E-03
+93.84500E-06,+1.06978635015E+00,+1.04993717000E+00,+738.00250227E-03,-593.84425120E-03
+93.87000E-06,+999.43459211E-03,+1.00973616540E+00,+746.79647200E-03,-557.41209076E-03
+93.89500E-06,+986.87177812E-03,+992.14822595E-03,+761.24370801E-03,-578.14073376E-03
+93.92000E-06,+998.17831069E-03,+1.03109294912E+00,+776.31908473E-03,-578.14073376E-03
+93.94500E-06,+1.00697228042E+00,+1.14415827460E+00,+746.79647200E-03,-562.43721633E-03
+93.97000E-06,+1.03712303387E+00,+1.33134420216E+00,+765.64069287E-03,-558.66837218E-03
+93.99500E-06,+998.17831069E-03,+1.31375626271E+00,+755.59044173E-03,-592.58796978E-03
+94.02000E-06,+1.05722353616E+00,+1.35018842304E+00,+766.89697430E-03,-579.39701518E-03
+94.04500E-06,+1.06978635015E+00,+1.33134420216E+00,+746.79647200E-03,-558.04023147E-03
+94.07000E-06,+1.07732403846E+00,+1.37028892533E+00,+766.89697430E-03,-559.29651289E-03
+94.09500E-06,+1.00948484326E+00,+1.33134420216E+00,+761.24370801E-03,-563.69349775E-03
+94.12000E-06,+1.01702253157E+00,+1.33134420216E+00,+726.69596970E-03,-568.71862333E-03
+94.14500E-06,+998.17831069E-03,+1.33134420216E+00,+738.00250227E-03,-598.24123606E-03
+94.17000E-06,+998.17831069E-03,+1.04868088858E+00,+766.26883358E-03,-558.66837218E-03
+94.19500E-06,+1.02707278272E+00,+1.02104269797E+00,+761.24370801E-03,-583.79400005E-03
+94.22000E-06,+998.17831069E-03,+1.00973616540E+00,+757.47486386E-03,-558.04023147E-03
+94.24500E-06,+1.02958534556E+00,+1.00094219568E+00,+762.49998943E-03,-558.04023147E-03
+94.27000E-06,+999.43459211E-03,+970.79144223E-03,+746.16833129E-03,-557.41209076E-03
+94.29500E-06,+1.03837931529E+00,+998.42963283E-03,+746.79647200E-03,-563.69349775E-03
+94.32000E-06,+1.01953509441E+00,+1.02858038628E+00,+746.79647200E-03,-547.36183961E-03
+94.34500E-06,+998.17831069E-03,+1.14415827460E+00,+742.39948713E-03,-537.93972917E-03
+94.37000E-06,+998.17831069E-03,+1.29239947899E+00,+707.22360811E-03,-558.66837218E-03
+94.39500E-06,+1.02707278272E+00,+1.33134420216E+00,+712.24873369E-03,-563.69349775E-03
+94.42000E-06,+976.82152697E-03,+1.35018842304E+00,+746.79647200E-03,-578.14073376E-03
+94.44500E-06,+998.17831069E-03,+1.33134420216E+00,+751.19345686E-03,-593.84425120E-03
+94.47000E-06,+1.03837931529E+00,+1.33260048358E+00,+765.64069287E-03,-596.98495464E-03
+94.49500E-06,+1.00948484326E+00,+1.33134420216E+00,+732.34923599E-03,-558.04023147E-03
+94.52000E-06,+979.33408982E-03,+1.35018842304E+00,+737.37436156E-03,-567.46234190E-03
+94.54500E-06,+1.00697228042E+00,+1.33134420216E+00,+762.49998943E-03,-593.84425120E-03
+94.57000E-06,+998.17831069E-03,+1.04868088858E+00,+767.52511501E-03,-558.04023147E-03
+94.59500E-06,+1.04968584786E+00,+1.04993717000E+00,+746.79647200E-03,-578.14073376E-03
+94.62000E-06,+976.82152697E-03,+1.02858038628E+00,+757.47486386E-03,-558.04023147E-03
+94.64500E-06,+1.00697228042E+00,+1.04993717000E+00,+742.39948713E-03,-578.14073376E-03
+94.67000E-06,+999.43459211E-03,+1.00973616540E+00,+707.85174883E-03,-558.04023147E-03
+94.69500E-06,+998.17831069E-03,+1.04993717000E+00,+761.24370801E-03,-592.58796978E-03
+94.72000E-06,+1.01702253157E+00,+1.04993717000E+00,+757.47486386E-03,-559.29651289E-03
+94.74500E-06,+998.17831069E-03,+1.14415827460E+00,+731.09295456E-03,-542.33671403E-03
+94.77000E-06,+999.43459211E-03,+1.37028892533E+00,+746.79647200E-03,-558.04023147E-03
+94.79500E-06,+998.17831069E-03,+1.29114319757E+00,+775.69094402E-03,-578.14073376E-03
+94.82000E-06,+1.03837931529E+00,+1.33134420216E+00,+756.21858244E-03,-588.81912562E-03
+94.84500E-06,+1.02958534556E+00,+1.34013817189E+00,+758.10300457E-03,-578.14073376E-03
+94.87000E-06,+1.03837931529E+00,+1.33260048358E+00,+766.89697430E-03,-538.56786988E-03
+94.89500E-06,+1.00948484326E+00,+1.33134420216E+00,+746.79647200E-03,-572.48746748E-03
+94.92000E-06,+1.01953509441E+00,+1.33134420216E+00,+717.27385926E-03,-567.46234190E-03
+94.94500E-06,+1.00697228042E+00,+1.26853013243E+00,+715.38943713E-03,-578.14073376E-03
+94.97000E-06,+996.92202927E-03,+1.00973616540E+00,+727.95225112E-03,-598.24123606E-03
+94.99500E-06,+1.03837931529E+00,+1.04993717000E+00,+801.44471260E-03,-598.24123606E-03
+95.02000E-06,+998.17831069E-03,+988.37938169E-03,+745.54019058E-03,-576.88445234E-03
+95.04500E-06,+998.17831069E-03,+1.04114320027E+00,+766.89697430E-03,-578.14073376E-03
+95.07000E-06,+1.03712303386E+00,+1.04993717000E+00,+747.42461271E-03,-558.04023147E-03
+95.09500E-06,+1.02707278272E+00,+1.00973616540E+00,+732.34923599E-03,-549.24626174E-03
+95.12000E-06,+1.03837931529E+00,+1.00973616540E+00,+757.47486386E-03,-558.04023147E-03
+95.14500E-06,+998.17831069E-03,+1.14415827460E+00,+731.09295456E-03,-569.34676404E-03
+95.17000E-06,+999.43459211E-03,+1.33134420216E+00,+707.85174883E-03,-538.56786988E-03
+95.19500E-06,+998.17831069E-03,+1.33134420216E+00,+717.90199997E-03,-578.14073376E-03
+95.22000E-06,+1.01702253157E+00,+1.35270098588E+00,+736.11808014E-03,-568.71862333E-03
+95.24500E-06,+1.03837931529E+00,+1.37154520676E+00,+751.19345686E-03,-593.84425120E-03
+95.27000E-06,+1.03837931529E+00,+1.36903264391E+00,+766.26883358E-03,-598.24123606E-03
+95.29500E-06,+980.59037124E-03,+1.36023867418E+00,+741.14320571E-03,-578.14073376E-03
+95.32000E-06,+1.05973609901E+00,+1.37405776960E+00,+736.11808014E-03,-598.24123606E-03
+95.34500E-06,+1.04717328501E+00,+1.25973616270E+00,+746.79647200E-03,-573.74374890E-03
+95.37000E-06,+1.03712303386E+00,+1.00973616540E+00,+767.52511501E-03,-578.14073376E-03
+95.39500E-06,+1.06727378731E+00,+1.03863063743E+00,+752.44973828E-03,-572.48746748E-03
+95.42000E-06,+976.82152697E-03,+990.89194453E-03,+756.21858244E-03,-558.04023147E-03
+95.44500E-06,+989.38434097E-03,+1.04114320027E+00,+726.69596970E-03,-542.33671403E-03
+95.47000E-06,+1.03712303386E+00,+1.00973616540E+00,+727.32411041E-03,-558.66837218E-03
+95.49500E-06,+998.17831069E-03,+1.00973616540E+00,+715.38943713E-03,-572.48746748E-03
+95.52000E-06,+1.01702253157E+00,+1.00973616540E+00,+736.11808014E-03,-558.04023147E-03
+95.54500E-06,+1.02958534556E+00,+1.16174621406E+00,+742.39948714E-03,-553.64324660E-03
+95.57000E-06,+999.43459211E-03,+1.33134420216E+00,+727.32411041E-03,-578.76887447E-03
+95.59500E-06,+1.00948484326E+00,+1.30244973014E+00,+732.34923599E-03,-583.79400005E-03
+95.62000E-06,+1.03837931529E+00,+1.35018842304E+00,+726.69596970E-03,-558.04023147E-03
+95.64500E-06,+1.02958534556E+00,+1.37154520676E+00,+742.39948714E-03,-546.73369889E-03
+95.67000E-06,+999.43459212E-03,+1.33134420216E+00,+746.79647200E-03,-538.56786988E-03
+95.69500E-06,+998.17831069E-03,+1.36023867418E+00,+732.34923599E-03,-558.04023147E-03
+95.72000E-06,+979.33408982E-03,+1.33134420216E+00,+736.11808014E-03,-576.88445234E-03
+95.74500E-06,+966.77127582E-03,+1.29993716729E+00,+735.48993943E-03,-573.74374890E-03
+95.77000E-06,+1.03837931529E+00,+1.04868088858E+00,+726.06782899E-03,-596.98495464E-03
+95.79500E-06,+1.07858031988E+00,+1.04993717000E+00,+741.14320571E-03,-554.89952803E-03
+95.82000E-06,+1.03837931529E+00,+1.04993717000E+00,+736.11808014E-03,-558.04023147E-03
+95.84500E-06,+1.00697228042E+00,+1.04114320027E+00,+746.79647200E-03,-562.43721633E-03
+95.87000E-06,+998.17831069E-03,+1.04993717000E+00,+746.16833129E-03,-577.51259305E-03
+95.89500E-06,+1.02707278272E+00,+998.42963283E-03,+732.34923599E-03,-549.24626174E-03
+95.92000E-06,+1.03837931529E+00,+1.00973616540E+00,+745.54019057E-03,-537.93972917E-03
+95.94500E-06,+998.17831069E-03,+1.18435927920E+00,+731.09295456E-03,-537.93972917E-03
+95.97000E-06,+999.43459212E-03,+1.33134420216E+00,+727.32411041E-03,-558.04023147E-03
+95.99500E-06,+998.17831069E-03,+1.33134420216E+00,+741.14320571E-03,-586.93470349E-03
+96.02000E-06,+1.01702253157E+00,+1.33134420216E+00,+736.11808014E-03,-568.71862333E-03
+96.04500E-06,+1.03837931529E+00,+1.29993716729E+00,+726.69596970E-03,-573.74374890E-03
+96.07000E-06,+1.03837931529E+00,+1.37028892533E+00,+766.26883358E-03,-559.29651289E-03
+96.09500E-06,+1.00948484326E+00,+1.33134420216E+00,+726.69596970E-03,-566.83420119E-03
+96.12000E-06,+1.01702253157E+00,+1.33134420216E+00,+737.37436156E-03,-576.88445234E-03
+96.14500E-06,+1.00697228042E+00,+1.29114319757E+00,+742.39948714E-03,-593.84425120E-03
+96.17000E-06,+1.03712303386E+00,+1.04742460715E+00,+747.42461271E-03,-578.14073376E-03
+96.19500E-06,+1.03837931529E+00,+1.07883164202E+00,+766.89697430E-03,-558.04023147E-03
+96.22000E-06,+976.82152697E-03,+1.00973616540E+00,+746.79647200E-03,-578.14073376E-03
+96.24500E-06,+1.02958534556E+00,+1.01853013513E+00,+742.39948714E-03,-562.43721633E-03
+96.27000E-06,+1.03712303386E+00,+1.00847988398E+00,+727.32411041E-03,-538.56786988E-03
+96.29500E-06,+1.02707278271E+00,+1.02732410485E+00,+746.79647200E-03,-558.04023147E-03
+96.32000E-06,+998.17831069E-03,+1.00973616540E+00,+746.79647200E-03,-568.71862333E-03
+96.34500E-06,+998.17831069E-03,+1.19315324893E+00,+762.49998943E-03,-542.33671403E-03
+96.37000E-06,+1.03837931529E+00,+1.37028892533E+00,+726.69596970E-03,-558.04023147E-03
+96.39500E-06,+998.17831069E-03,+1.33134420216E+00,+755.59044172E-03,-598.24123606E-03
+96.42000E-06,+1.01702253157E+00,+1.35270098588E+00,+746.79647200E-03,-548.61812103E-03
+96.44500E-06,+1.02958534556E+00,+1.36275123703E+00,+762.49998943E-03,-553.64324660E-03
+96.47000E-06,+960.48986895E-03,+1.33008792074E+00,+727.95225112E-03,-577.51259305E-03
+96.49500E-06,+1.02707278271E+00,+1.33134420216E+00,+741.14320571E-03,-549.24626174E-03
+96.52000E-06,+1.00069087354E+00,+1.35018842303E+00,+737.37436156E-03,-567.46234190E-03
+96.54500E-06,+998.17831069E-03,+1.29993716729E+00,+746.79647200E-03,-578.14073376E-03
+96.57000E-06,+996.92202927E-03,+1.04868088858E+00,+785.74119517E-03,-558.66837218E-03
+96.59500E-06,+1.05596725474E+00,+1.04993717000E+00,+732.34923599E-03,-592.58796977E-03
+96.62000E-06,+998.17831069E-03,+990.89194453E-03,+736.11808014E-03,-537.93972917E-03
+96.64500E-06,+998.17831069E-03,+1.04114320027E+00,+746.79647200E-03,-558.04023147E-03
+96.67000E-06,+1.03712303386E+00,+970.79144223E-03,+766.26883358E-03,-558.04023147E-03
+96.69500E-06,+1.02707278271E+00,+1.00973616540E+00,+746.79647200E-03,-572.48746748E-03
+96.72000E-06,+1.03837931529E+00,+1.00973616540E+00,+736.11808014E-03,-558.04023147E-03
+96.74500E-06,+975.56524555E-03,+1.15295224433E+00,+731.09295456E-03,-542.33671403E-03
+96.77000E-06,+998.17831069E-03,+1.33134420216E+00,+727.32411041E-03,-519.09550830E-03
+96.79500E-06,+998.17831069E-03,+1.30244973014E+00,+717.90199998E-03,-563.69349775E-03
+96.82000E-06,+1.03837931529E+00,+1.31249998129E+00,+714.76129642E-03,-547.36183961E-03
+96.84500E-06,+1.02958534556E+00,+1.37154520676E+00,+731.09295456E-03,-542.33671403E-03
+96.87000E-06,+1.03963559671E+00,+1.33008792074E+00,+726.69596970E-03,-558.04023147E-03
+96.89500E-06,+1.00948484327E+00,+1.34265073473E+00,+706.59546740E-03,-558.04023147E-03
+96.92000E-06,+998.17831069E-03,+1.33134420216E+00,+736.11808014E-03,-578.14073376E-03
+96.94500E-06,+1.01576625014E+00,+1.25973616270E+00,+726.69596970E-03,-573.74374890E-03
+96.97000E-06,+998.17831069E-03,+1.01099244683E+00,+727.32411041E-03,-538.56786988E-03
+96.99500E-06,+1.04968584786E+00,+1.06124370257E+00,+717.90199998E-03,-578.14073376E-03
+97.02000E-06,+1.01702253157E+00,+1.00973616540E+00,+736.11808014E-03,-547.36183961E-03
+97.04500E-06,+1.00697228042E+00,+1.01853013513E+00,+722.29898484E-03,-553.64324660E-03
+97.07000E-06,+998.17831069E-03,+1.01099244683E+00,+746.16833129E-03,-557.41209075E-03
+97.09500E-06,+986.87177812E-03,+1.00973616540E+00,+715.38943713E-03,-563.69349775E-03
+97.12000E-06,+998.17831069E-03,+1.00973616540E+00,+746.79647200E-03,-558.04023147E-03
+97.14500E-06,+989.38434097E-03,+1.16174621406E+00,+742.39948714E-03,-542.33671403E-03
+97.17000E-06,+1.07732403846E+00,+1.33134420216E+00,+727.32411041E-03,-558.66837218E-03
+97.19500E-06,+1.03837931529E+00,+1.31375626271E+00,+732.34923599E-03,-586.93470349E-03
+97.22000E-06,+1.01702253156E+00,+1.33134420216E+00,+746.79647200E-03,-548.61812103E-03
+97.24500E-06,+1.06978635016E+00,+1.33134420216E+00,+726.69596970E-03,-553.64324660E-03
+97.27000E-06,+960.48986895E-03,+1.33134420216E+00,+726.69596970E-03,-558.04023147E-03
+97.29500E-06,+998.17831069E-03,+1.33134420216E+00,+726.69596970E-03,-543.59299546E-03
+97.32000E-06,+1.01953509441E+00,+1.33134420216E+00,+717.27385926E-03,-567.46234190E-03
+97.34500E-06,+1.00697228042E+00,+1.29114319757E+00,+726.69596970E-03,-593.84425120E-03
+97.37000E-06,+996.92202927E-03,+1.04868088857E+00,+746.79647200E-03,-557.41209075E-03
+97.39500E-06,+1.05596725473E+00,+1.00973616540E+00,+761.24370801E-03,-572.48746748E-03
+97.42000E-06,+1.01953509441E+00,+1.02858038628E+00,+748.05275342E-03,-588.81912562E-03
+97.44500E-06,+1.03837931529E+00,+1.07255023515E+00,+766.89697430E-03,-578.14073376E-03
+97.47000E-06,+999.43459212E-03,+972.04772366E-03,+746.16833129E-03,-558.66837218E-03
+97.49500E-06,+1.03837931529E+00,+1.03863063743E+00,+761.24370801E-03,-578.14073376E-03
+97.52000E-06,+1.01953509441E+00,+1.00973616540E+00,+757.47486386E-03,-558.04023147E-03
+97.54500E-06,+966.77127582E-03,+1.15295224434E+00,+726.69596970E-03,-546.73369889E-03
+97.57000E-06,+1.03712303386E+00,+1.37154520676E+00,+726.69596970E-03,-578.14073376E-03
+97.59500E-06,+998.17831069E-03,+1.30244973014E+00,+752.44973829E-03,-578.14073376E-03
+97.62000E-06,+1.01953509441E+00,+1.35018842303E+00,+756.21858243E-03,-587.56284420E-03
+97.64500E-06,+998.17831069E-03,+1.37154520676E+00,+751.19345686E-03,-562.43721633E-03
+97.67000E-06,+1.03837931529E+00,+1.37028892533E+00,+747.42461271E-03,-596.98495464E-03
+97.69500E-06,+1.00948484327E+00,+1.33134420216E+00,+746.79647200E-03,-592.58796977E-03
+97.72000E-06,+1.03837931529E+00,+1.33134420216E+00,+746.79647200E-03,-578.14073376E-03
+97.74500E-06,+1.03837931529E+00,+1.26853013242E+00,+746.79647200E-03,-598.24123606E-03
+97.77000E-06,+1.03837931529E+00,+972.04772366E-03,+766.26883358E-03,-578.14073376E-03
+97.79500E-06,+1.03837931529E+00,+1.04993717000E+00,+786.99747659E-03,-583.79400005E-03
+97.82000E-06,+1.03837931529E+00,+990.89194453E-03,+765.64069287E-03,-567.46234190E-03
+97.84500E-06,+998.17831069E-03,+1.04114320028E+00,+742.39948714E-03,-578.14073376E-03
+97.87000E-06,+999.43459212E-03,+1.00973616540E+00,+766.89697430E-03,-578.14073376E-03
+97.89500E-06,+1.02707278271E+00,+1.03863063742E+00,+752.44973829E-03,-598.24123606E-03
+97.92000E-06,+1.03837931529E+00,+1.00973616540E+00,+776.31908473E-03,-567.46234190E-03
+97.94500E-06,+998.17831069E-03,+1.14415827461E+00,+751.19345686E-03,-562.43721633E-03
+97.97000E-06,+999.43459212E-03,+1.33260048359E+00,+746.16833129E-03,-578.14073376E-03
+97.99500E-06,+998.17831069E-03,+1.32003766959E+00,+732.34923599E-03,-607.03520578E-03
+98.02000E-06,+1.01702253156E+00,+1.33134420216E+00,+726.69596970E-03,-587.56284420E-03
+98.04500E-06,+1.03837931529E+00,+1.33134420216E+00,+742.39948714E-03,-553.64324660E-03
+98.07000E-06,+999.43459212E-03,+1.37028892533E+00,+727.32411041E-03,-578.14073376E-03
+98.09500E-06,+1.02707278271E+00,+1.33134420216E+00,+746.79647200E-03,-563.69349775E-03
+98.12000E-06,+979.33408982E-03,+1.35018842303E+00,+737.37436156E-03,-578.14073376E-03
+98.14500E-06,+1.00697228042E+00,+1.29993716729E+00,+731.09295456E-03,-573.74374890E-03
+98.17000E-06,+959.23358752E-03,+1.00973616540E+00,+746.79647200E-03,-578.14073376E-03
+98.19500E-06,+1.06727378731E+00,+1.03863063742E+00,+746.79647200E-03,-578.14073376E-03
+98.22000E-06,+998.17831069E-03,+1.02858038628E+00,+777.57536616E-03,-588.81912563E-03
+98.24500E-06,+1.02958534556E+00,+1.00973616540E+00,+771.29395916E-03,-578.14073376E-03
+98.27000E-06,+998.17831069E-03,+972.04772366E-03,+766.89697430E-03,-597.61309535E-03
+98.29500E-06,+1.05596725473E+00,+1.00973616540E+00,+766.89697430E-03,-569.34676404E-03
+98.32000E-06,+1.04089187814E+00,+990.89194453E-03,+756.21858243E-03,-578.14073376E-03
+98.34500E-06,+966.77127582E-03,+1.15295224434E+00,+786.99747659E-03,-562.43721633E-03
+98.37000E-06,+1.07732403846E+00,+1.33260048359E+00,+746.79647200E-03,-578.14073376E-03
+98.39500E-06,+969.28383867E-03,+1.33134420216E+00,+761.24370801E-03,-572.48746748E-03
+98.42000E-06,+998.17831069E-03,+1.35018842303E+00,+736.11808014E-03,-567.46234190E-03
+98.44500E-06,+975.56524554E-03,+1.34013817188E+00,+731.09295456E-03,-562.43721633E-03
+98.47000E-06,+1.03712303386E+00,+1.40923364850E+00,+746.79647200E-03,-558.04023147E-03
+98.49500E-06,+1.00948484327E+00,+1.34265073474E+00,+717.90199998E-03,-558.04023147E-03
+98.52000E-06,+1.04089187814E+00,+1.37405776961E+00,+726.69596970E-03,-587.56284420E-03
+98.54500E-06,+1.00697228041E+00,+1.29114319757E+00,+746.79647200E-03,-578.14073376E-03
+98.57000E-06,+1.03712303386E+00,+1.01099244683E+00,+746.16833128E-03,-558.66837218E-03
+98.59500E-06,+1.04968584786E+00,+1.04993717000E+00,+746.79647200E-03,-569.34676404E-03
+98.62000E-06,+998.17831069E-03,+988.37938168E-03,+766.89697430E-03,-567.46234190E-03
+98.64500E-06,+998.17831069E-03,+1.04993717000E+00,+758.10300457E-03,-573.74374890E-03
+98.67000E-06,+959.23358752E-03,+1.00973616540E+00,+746.79647200E-03,-558.04023147E-03
+98.69500E-06,+1.03837931529E+00,+1.00973616540E+00,+746.79647200E-03,-558.04023147E-03
+98.72000E-06,+998.17831069E-03,+1.00973616540E+00,+746.79647200E-03,-568.71862333E-03
+98.74500E-06,+1.03837931529E+00,+1.13536430489E+00,+726.69596970E-03,-542.33671403E-03
+98.77000E-06,+1.35998735204E+00,+1.37028892533E+00,+707.85174883E-03,-577.51259305E-03
+98.79500E-06,+1.29089187543E+00,+1.33134420216E+00,+746.79647200E-03,-592.58796977E-03
+98.82000E-06,+1.37883157291E+00,+1.30998741844E+00,+675.81657324E-03,-658.54274295E-03
+98.84500E-06,+1.30219840800E+00,+1.32255023244E+00,+782.60049173E-03,-502.13570944E-03
+98.87000E-06,+1.40018835664E+00,+1.40923364850E+00,+726.69596970E-03,-617.71359764E-03
+98.89500E-06,+1.29089187543E+00,+1.33134420216E+00,+721.04270341E-03,-566.83420119E-03
+98.92000E-06,+1.40270091949E+00,+1.39290199048E+00,+727.95225113E-03,-618.34173836E-03
+98.94500E-06,+1.27958534285E+00,+1.25973616269E+00,+710.99245226E-03,-573.74374890E-03
+98.97000E-06,+1.03712303386E+00,+1.04868088857E+00,+786.99747659E-03,-577.51259305E-03
+98.99500E-06,+1.06727378731E+00,+1.03863063742E+00,+752.44973829E-03,-543.59299546E-03
+99.02000E-06,+960.48986895E-03,+1.07129395372E+00,+819.03265218E-03,-485.80405129E-03
+99.04500E-06,+1.11878132448E+00,+1.08134420487E+00,+690.89194997E-03,-605.15078378E-03
+99.07000E-06,+957.97730610E-03,+1.00847988398E+00,+786.99747659E-03,-537.31158846E-03
+99.09500E-06,+1.07858031988E+00,+1.07883164202E+00,+772.55024058E-03,-578.14073376E-03
+99.12000E-06,+957.97730610E-03,+988.37938168E-03,+736.11808014E-03,-527.26133731E-03
+99.14500E-06,+1.17280142450E+00,+1.19315324893E+00,+758.10300457E-03,-542.33671403E-03
+99.17000E-06,+1.31978634745E+00,+1.29239947899E+00,+706.59546740E-03,-557.41209075E-03
+99.19500E-06,+1.27958534285E+00,+1.33134420216E+00,+746.79647200E-03,-598.24123606E-03
+99.22000E-06,+1.33863056832E+00,+1.33134420216E+00,+675.81657324E-03,-638.44224066E-03
+99.24500E-06,+1.28837931258E+00,+1.33134420216E+00,+751.19345686E-03,-542.33671403E-03
+99.27000E-06,+1.40018835664E+00,+1.37154520676E+00,+726.69596970E-03,-559.29651289E-03
+99.29500E-06,+1.31978634745E+00,+1.33134420216E+00,+726.69596970E-03,-558.04023147E-03
+99.32000E-06,+1.40270091949E+00,+1.39290199048E+00,+736.11808014E-03,-587.56284420E-03
+99.34500E-06,+1.35998735204E+00,+1.26853013241E+00,+738.00250228E-03,-537.93972917E-03
+99.37000E-06,+999.43459212E-03,+1.01099244683E+00,+727.95225113E-03,-577.51259305E-03
+99.39500E-06,+1.07858031988E+00,+1.07883164202E+00,+741.14320571E-03,-543.59299546E-03
+99.42000E-06,+976.82152697E-03,+988.37938168E-03,+797.67586846E-03,-508.41711644E-03
+99.44500E-06,+1.07858031988E+00,+1.04993717000E+00,+726.69596970E-03,-593.84425120E-03
+99.47000E-06,+920.28886436E-03,+970.79144224E-03,+747.42461271E-03,-537.31158846E-03
+99.49500E-06,+1.02707278271E+00,+1.03863063742E+00,+752.44973829E-03,-578.14073376E-03
+99.52000E-06,+1.01702253156E+00,+972.04772366E-03,+736.11808014E-03,-537.93972917E-03
+99.54500E-06,+1.10998735475E+00,+1.21074118838E+00,+762.49998943E-03,-558.04023147E-03
+99.57000E-06,+1.31978634745E+00,+1.37028892533E+00,+726.69596970E-03,-576.88445234E-03
+99.59500E-06,+1.29089187543E+00,+1.30244973014E+00,+775.69094402E-03,-598.24123606E-03
+99.62000E-06,+1.37883157291E+00,+1.37154520676E+00,+706.59546740E-03,-629.02013022E-03
+99.64500E-06,+1.35119338232E+00,+1.33134420216E+00,+762.49998943E-03,-537.93972917E-03
+99.67000E-06,+1.36124363347E+00,+1.37028892533E+00,+746.79647200E-03,-578.76887448E-03
+99.69500E-06,+1.35998735204E+00,+1.31375626272E+00,+735.48993942E-03,-572.48746748E-03
+99.72000E-06,+1.38134413577E+00,+1.37154520676E+00,+737.37436156E-03,-587.56284420E-03
+99.74500E-06,+1.31978634745E+00,+1.25973616269E+00,+726.69596970E-03,-589.44726634E-03
+99.77000E-06,+998.17831069E-03,+1.01099244683E+00,+746.16833128E-03,-597.61309535E-03
+99.79500E-06,+1.03837931529E+00,+1.09013817459E+00,+761.24370801E-03,-563.69349775E-03
+99.82000E-06,+976.82152697E-03,+988.37938168E-03,+786.99747659E-03,-496.48244315E-03
+99.84500E-06,+1.07858031988E+00,+1.04993717000E+00,+706.59546740E-03,-586.93470348E-03
+99.87000E-06,+959.23358753E-03,+970.79144224E-03,+785.74119516E-03,-517.21108616E-03
+99.89500E-06,+1.06727378730E+00,+1.04993717000E+00,+761.24370801E-03,-572.48746748E-03
+99.92000E-06,+979.33408982E-03,+1.00973616540E+00,+726.69596970E-03,-517.83922687E-03
+99.94500E-06,+1.02958534557E+00,+1.16174621406E+00,+726.69596970E-03,-537.93972917E-03
+99.97000E-06,+1.35873107062E+00,+1.33134420216E+00,+707.22360812E-03,-557.41209075E-03
+99.99500E-06,+1.27958534285E+00,+1.32003766958E+00,+732.34923599E-03,-572.48746748E-03
+100.02000E-06,+1.37883157291E+00,+1.35018842303E+00,+666.39446281E-03,-649.12063252E-03
+100.04500E-06,+1.27958534285E+00,+1.33134420216E+00,+782.60049173E-03,-569.34676404E-03
+100.07000E-06,+1.35998735204E+00,+1.37154520676E+00,+727.95225113E-03,-579.39701519E-03
+100.09500E-06,+1.35998735204E+00,+1.33134420216E+00,+723.55526627E-03,-563.69349775E-03
+100.12000E-06,+1.35998735204E+00,+1.39290199048E+00,+746.79647200E-03,-598.24123606E-03
+100.14500E-06,+1.32858031717E+00,+1.22832912782E+00,+742.39948714E-03,-593.84425120E-03
+100.17000E-06,+1.07858031988E+00,+1.04993717000E+00,+748.05275343E-03,-577.51259305E-03
+100.19500E-06,+1.04968584786E+00,+1.02104269798E+00,+738.00250228E-03,-578.14073376E-03
+100.22000E-06,+957.97730610E-03,+988.37938168E-03,+808.35426032E-03,-516.58294544E-03
+100.24500E-06,+1.06978635016E+00,+1.02732410484E+00,+738.00250228E-03,-613.94475350E-03
+100.27000E-06,+998.17831069E-03,+970.79144224E-03,+766.89697430E-03,-537.93972917E-03
+100.29500E-06,+1.00948484327E+00,+1.04993717000E+00,+746.79647200E-03,-607.03520578E-03
+100.32000E-06,+979.33408982E-03,+990.89194454E-03,+766.89697430E-03,-568.71862333E-03
+100.34500E-06,+1.10119338504E+00,+1.19315324894E+00,+782.60049173E-03,-582.53771862E-03
+100.37000E-06,+1.43662051695E+00,+1.33134420216E+00,+727.32411042E-03,-578.76887448E-03
+100.39500E-06,+1.29089187543E+00,+1.30244973014E+00,+770.03767773E-03,-598.24123606E-03
+100.42000E-06,+1.37883157291E+00,+1.33134420216E+00,+697.17335697E-03,-619.59801979E-03
+100.44500E-06,+1.30219840801E+00,+1.32255023244E+00,+746.79647200E-03,-522.23621173E-03
+100.47000E-06,+1.36124363347E+00,+1.37028892533E+00,+746.79647200E-03,-597.61309535E-03
+100.49500E-06,+1.31978634745E+00,+1.33134420216E+00,+726.69596970E-03,-552.38696518E-03
+100.52000E-06,+1.35998735204E+00,+1.35270098589E+00,+738.63064299E-03,-588.81912563E-03
+100.54500E-06,+1.27958534285E+00,+1.25973616269E+00,+742.39948714E-03,-573.74374890E-03
+100.57000E-06,+996.92202926E-03,+1.04868088857E+00,+766.26883358E-03,-597.61309535E-03
+100.59500E-06,+1.03837931529E+00,+1.04993717000E+00,+741.14320571E-03,-563.69349775E-03
+100.62000E-06,+998.17831069E-03,+1.02858038627E+00,+819.03265218E-03,-508.41711644E-03
+100.64500E-06,+1.10998735476E+00,+1.04993717000E+00,+695.28893483E-03,-593.84425120E-03
+100.67000E-06,+920.28886436E-03,+972.04772367E-03,+766.89697430E-03,-537.93972917E-03
+100.69500E-06,+1.06727378730E+00,+1.02104269798E+00,+772.55024058E-03,-563.69349776E-03
+100.72000E-06,+939.13308523E-03,+988.37938168E-03,+746.79647200E-03,-527.26133731E-03
+100.74500E-06,+1.12380645019E+00,+1.18435927922E+00,+773.80652201E-03,-558.04023147E-03
+100.77000E-06,+1.39893207521E+00,+1.33260048359E+00,+746.16833128E-03,-558.04023147E-03
+100.79500E-06,+1.26199740341E+00,+1.29114319757E+00,+721.04270341E-03,-563.69349776E-03
+100.82000E-06,+1.35747478919E+00,+1.37154520676E+00,+685.23868368E-03,-618.34173836E-03
+100.84500E-06,+1.27958534285E+00,+1.32255023244E+00,+742.39948714E-03,-529.14575945E-03
+100.87000E-06,+1.40018835664E+00,+1.37280148818E+00,+726.69596970E-03,-598.24123606E-03
+100.89500E-06,+1.30847981487E+00,+1.33134420216E+00,+726.69596970E-03,-537.93972917E-03
+100.92000E-06,+1.34114313118E+00,+1.35270098589E+00,+746.79647200E-03,-578.14073376E-03
+100.94500E-06,+1.31978634745E+00,+1.26853013241E+00,+742.39948714E-03,-553.64324661E-03
+100.97000E-06,+1.03712303386E+00,+1.01099244683E+00,+766.89697430E-03,-558.04023147E-03
+100.99500E-06,+1.07858031988E+00,+1.04993717000E+00,+726.69596970E-03,-558.04023147E-03
+101.02000E-06,+979.33408982E-03,+990.89194454E-03,+828.45476262E-03,-507.16083501E-03
+101.04500E-06,+1.04717328501E+00,+1.04993717000E+00,+722.29898484E-03,-622.73872322E-03
+101.07000E-06,+919.03258293E-03,+1.00973616540E+00,+766.26883358E-03,-537.31158845E-03
+101.09500E-06,+1.05596725473E+00,+1.04993717000E+00,+781.34421030E-03,-569.34676404E-03
+101.12000E-06,+998.17831069E-03,+1.00973616540E+00,+777.57536616E-03,-568.71862333E-03
+101.14500E-06,+1.09239941532E+00,+1.18435927922E+00,+755.59044172E-03,-562.43721633E-03
+101.17000E-06,+1.28209790571E+00,+1.29239947900E+00,+765.64069287E-03,-577.51259305E-03
+101.19500E-06,+1.29089187543E+00,+1.37154520676E+00,+761.24370801E-03,-598.24123606E-03
+101.22000E-06,+1.37883157291E+00,+1.37154520676E+00,+706.59546740E-03,-629.02013022E-03
+101.24500E-06,+1.31099237773E+00,+1.29114319757E+00,+766.89697430E-03,-522.23621173E-03
+101.27000E-06,+1.35998735204E+00,+1.37028892533E+00,+746.79647200E-03,-617.08545693E-03
+101.29500E-06,+1.31978634745E+00,+1.33134420216E+00,+741.14320571E-03,-563.69349776E-03
+101.32000E-06,+1.31978634745E+00,+1.35270098589E+00,+737.37436156E-03,-587.56284420E-03
+101.34500E-06,+1.32858031717E+00,+1.22832912781E+00,+726.69596970E-03,-558.04023147E-03
+101.37000E-06,+998.17831069E-03,+1.01099244683E+00,+766.26883358E-03,-558.04023147E-03
+101.39500E-06,+1.07858031988E+00,+1.06124370258E+00,+746.79647200E-03,-589.44726634E-03
+101.42000E-06,+998.17831069E-03,+929.33415622E-03,+683.98240225E-03,-649.12063252E-03
+101.44500E-06,+980.59037125E-03,+1.07255023516E+00,+822.80149633E-03,-506.53269429E-03
+101.47000E-06,+1.11626876162E+00,+1.08762561173E+00,+726.69596970E-03,-618.96987907E-03
+101.49500E-06,+929.08283408E-03,+911.74621678E-03,+755.59044172E-03,-523.49249316E-03
+101.52000E-06,+1.03837931529E+00,+1.04993717000E+00,+788.25375802E-03,-578.14073376E-03
+101.54500E-06,+1.04340444101E+00,+1.11275123975E+00,+742.39948714E-03,-522.23621173E-03
+101.57000E-06,+1.40018835664E+00,+1.41300249278E+00,+765.64069287E-03,-578.14073376E-03
+101.59500E-06,+1.25069087084E+00,+1.26224872555E+00,+746.79647200E-03,-552.38696518E-03
+101.62000E-06,+1.35998735204E+00,+1.35018842303E+00,+655.71607095E-03,-649.12063252E-03
+101.64500E-06,+1.31099237773E+00,+1.29114319757E+00,+766.89697430E-03,-502.13570943E-03
+101.67000E-06,+1.39893207521E+00,+1.37028892533E+00,+726.69596970E-03,-598.24123606E-03
+101.69500E-06,+1.31978634745E+00,+1.30244973015E+00,+706.59546740E-03,-558.04023147E-03
+101.72000E-06,+1.44290192409E+00,+1.37405776962E+00,+725.43968827E-03,-598.24123606E-03
+101.74500E-06,+1.29717328229E+00,+1.26853013241E+00,+742.39948714E-03,-573.74374890E-03
+101.77000E-06,+1.03712303386E+00,+1.04868088857E+00,+767.52511501E-03,-558.66837218E-03
+101.79500E-06,+1.07858031988E+00,+1.04993717000E+00,+746.79647200E-03,-543.59299546E-03
+101.82000E-06,+976.82152696E-03,+988.37938168E-03,+828.45476262E-03,-446.85932812E-03
+101.84500E-06,+1.07858031988E+00,+1.01853013512E+00,+702.19848254E-03,-598.24123606E-03
+101.87000E-06,+920.28886436E-03,+930.59043765E-03,+727.95225113E-03,-478.26636299E-03
+101.89500E-06,+1.06727378730E+00,+1.06124370258E+00,+755.59044172E-03,-563.69349776E-03
+101.92000E-06,+976.82152696E-03,+990.89194454E-03,+736.11808013E-03,-517.83922687E-03
+101.94500E-06,+1.14139438963E+00,+1.19315324894E+00,+762.49998944E-03,-573.74374890E-03
+101.97000E-06,+1.31978634745E+00,+1.29239947900E+00,+726.69596970E-03,-519.72364902E-03
+101.99500E-06,+1.29089187543E+00,+1.34265073474E+00,+761.24370801E-03,-612.68847207E-03
+102.02000E-06,+1.37883157291E+00,+1.30998741843E+00,+665.13818138E-03,-669.22113482E-03
+102.04500E-06,+1.31099237773E+00,+1.25973616269E+00,+786.99747659E-03,-502.13570943E-03
+102.07000E-06,+1.40018835664E+00,+1.37154520676E+00,+727.32411042E-03,-617.71359764E-03
+102.09500E-06,+1.29089187543E+00,+1.30244973015E+00,+735.48993942E-03,-572.48746747E-03
+102.12000E-06,+1.38134413577E+00,+1.37405776962E+00,+737.37436156E-03,-618.34173836E-03
+102.14500E-06,+1.27958534285E+00,+1.23712309753E+00,+715.38943712E-03,-578.14073376E-03
+102.17000E-06,+1.03837931529E+00,+1.00973616540E+00,+785.74119516E-03,-577.51259305E-03
+102.19500E-06,+1.07858031988E+00,+1.04993717000E+00,+741.14320571E-03,-558.04023147E-03
+102.22000E-06,+957.97730610E-03,+988.37938168E-03,+847.29898348E-03,-466.95983041E-03
+102.24500E-06,+1.10998735476E+00,+1.09013817459E+00,+715.38943712E-03,-645.35178838E-03
+102.27000E-06,+959.23358753E-03,+1.00973616540E+00,+768.15325573E-03,-517.83922687E-03
+102.29500E-06,+1.10747479190E+00,+1.07883164201E+00,+746.79647200E-03,-569.34676405E-03
+102.32000E-06,+960.48986896E-03,+1.00973616540E+00,+766.89697430E-03,-527.26133730E-03
+102.34500E-06,+1.06978635016E+00,+1.20194721866E+00,+751.19345686E-03,-562.43721633E-03
+102.37000E-06,+1.31978634745E+00,+1.29239947900E+00,+726.69596970E-03,-577.51259305E-03
+102.39500E-06,+1.29089187543E+00,+1.31375626273E+00,+732.34923599E-03,-612.68847207E-03
+102.42000E-06,+1.35998735204E+00,+1.33134420216E+00,+645.03767908E-03,-658.54274295E-03
+102.44500E-06,+1.27079137314E+00,+1.29114319757E+00,+791.39446145E-03,-522.23621173E-03
+102.47000E-06,+1.39893207521E+00,+1.41174621135E+00,+727.32411042E-03,-618.34173836E-03
+102.49500E-06,+1.31978634745E+00,+1.33134420216E+00,+726.69596970E-03,-578.14073376E-03
+102.52000E-06,+1.40018835664E+00,+1.39290199048E+00,+776.31908473E-03,-607.66334649E-03
+102.54500E-06,+1.31978634745E+00,+1.22832912781E+00,+762.49998944E-03,-573.74374890E-03
+102.57000E-06,+1.03963559672E+00,+1.05119345143E+00,+767.52511501E-03,-577.51259305E-03
+102.59500E-06,+1.06727378730E+00,+1.03863063742E+00,+746.79647200E-03,-549.24626175E-03
+102.62000E-06,+936.62052237E-03,+969.53516081E-03,+836.62059162E-03,-446.85932812E-03
+102.64500E-06,+1.07858031988E+00,+1.01853013512E+00,+702.19848254E-03,-629.64827094E-03
+102.67000E-06,+881.34414120E-03,+931.84671908E-03,+747.42461271E-03,-536.68344774E-03
+102.69500E-06,+1.07858031988E+00,+1.09013817459E+00,+726.69596970E-03,-586.93470348E-03
+102.72000E-06,+976.82152696E-03,+990.89194454E-03,+726.69596970E-03,-508.41711644E-03
+102.74500E-06,+1.12380645020E+00,+1.15295224435E+00,+746.79647200E-03,-553.64324661E-03
+102.77000E-06,+1.31978634745E+00,+1.33134420216E+00,+746.79647200E-03,-558.66837218E-03
+102.79500E-06,+1.29089187543E+00,+1.30244973015E+00,+772.55024059E-03,-598.24123606E-03
+102.82000E-06,+1.40018835664E+00,+1.35018842303E+00,+675.81657324E-03,-689.32163711E-03
+102.84500E-06,+1.27958534285E+00,+1.32255023244E+00,+798.30400917E-03,-522.23621173E-03
+102.87000E-06,+1.40144463807E+00,+1.37280148819E+00,+746.79647200E-03,-599.49751749E-03
+102.89500E-06,+1.31978634745E+00,+1.30244973015E+00,+726.69596970E-03,-552.38696518E-03
+102.92000E-06,+1.38134413577E+00,+1.37154520676E+00,+757.47486386E-03,-618.34173836E-03
+102.94500E-06,+1.31978634745E+00,+1.23712309753E+00,+715.38943712E-03,-582.53771862E-03
+102.97000E-06,+996.92202926E-03,+1.04868088857E+00,+786.36933588E-03,-617.71359764E-03
+102.99500E-06,+1.06727378730E+00,+1.09013817459E+00,+761.24370801E-03,-563.69349776E-03
+103.02000E-06,+936.62052237E-03,+1.02858038627E+00,+837.87687305E-03,-456.28143855E-03
+103.04500E-06,+1.07858031988E+00,+1.04993717000E+00,+731.09295456E-03,-629.64827094E-03
+103.07000E-06,+919.03258294E-03,+972.04772367E-03,+785.74119516E-03,-537.31158845E-03
+103.09500E-06,+1.10747479190E+00,+1.07883164201E+00,+781.34421030E-03,-563.69349776E-03
+103.12000E-06,+939.13308523E-03,+969.53516081E-03,+737.37436157E-03,-527.26133730E-03
+103.14500E-06,+1.10998735476E+00,+1.20194721866E+00,+751.19345686E-03,-562.43721632E-03
+103.17000E-06,+1.35873107061E+00,+1.33134420216E+00,+727.32411042E-03,-558.04023147E-03
+103.19500E-06,+1.30847981487E+00,+1.30244973015E+00,+761.24370801E-03,-598.24123606E-03
+103.22000E-06,+1.38134413577E+00,+1.30998741843E+00,+665.13818138E-03,-678.64324525E-03
+103.24500E-06,+1.27958534285E+00,+1.28234922785E+00,+807.09797889E-03,-526.63319659E-03
+103.27000E-06,+1.40018835664E+00,+1.37280148819E+00,+746.79647200E-03,-618.34173836E-03
+103.29500E-06,+1.30847981487E+00,+1.27355525813E+00,+732.34923599E-03,-607.03520578E-03
+103.32000E-06,+1.34114313118E+00,+1.39290199048E+00,+786.99747659E-03,-629.02013022E-03
+103.34500E-06,+1.29717328229E+00,+1.22832912781E+00,+762.49998944E-03,-589.44726634E-03
+103.37000E-06,+1.03963559672E+00,+1.04993717000E+00,+767.52511501E-03,-617.71359764E-03
+103.39500E-06,+1.04968584787E+00,+1.07883164201E+00,+746.79647200E-03,-558.04023147E-03
+103.42000E-06,+998.17831069E-03,+1.04993717000E+00,+746.79647200E-03,-527.26133730E-03
+103.44500E-06,+1.10998735476E+00,+1.05873113972E+00,+782.60049173E-03,-529.14575945E-03
+103.47000E-06,+838.63057375E-03,+930.59043765E-03,+747.42461271E-03,-578.14073376E-03
+103.49500E-06,+1.04968584787E+00,+1.03234923057E+00,+746.79647200E-03,-552.38696518E-03
+103.52000E-06,+957.97730610E-03,+988.37938167E-03,+765.64069286E-03,-556.78395003E-03
+103.54500E-06,+1.09239941533E+00,+1.16174621407E+00,+746.79647200E-03,-522.23621173E-03
+103.57000E-06,+1.39893207521E+00,+1.37154520676E+00,+726.69596970E-03,-559.29651290E-03
+103.59500E-06,+1.27958534285E+00,+1.30244973015E+00,+761.24370800E-03,-592.58796977E-03
+103.62000E-06,+1.41903257750E+00,+1.35018842303E+00,+666.39446281E-03,-669.22113482E-03
+103.64500E-06,+1.27079137314E+00,+1.32255023244E+00,+766.89697430E-03,-502.13570943E-03
+103.67000E-06,+1.40144463807E+00,+1.37280148819E+00,+706.59546740E-03,-598.86937678E-03
+103.69500E-06,+1.29089187544E+00,+1.30244973015E+00,+712.24873369E-03,-552.38696518E-03
+103.72000E-06,+1.40018835664E+00,+1.39290199049E+00,+737.37436157E-03,-587.56284420E-03
+103.74500E-06,+1.29717328229E+00,+1.16551505805E+00,+710.99245226E-03,-573.74374891E-03
+103.77000E-06,+998.17831069E-03,+1.04868088857E+00,+765.64069286E-03,-578.14073376E-03
+103.79500E-06,+1.05596725472E+00,+1.06124370258E+00,+741.14320571E-03,-543.59299546E-03
+103.82000E-06,+955.46474323E-03,+948.17837708E-03,+879.33415908E-03,-477.63822228E-03
+103.84500E-06,+1.07858031988E+00,+1.04993717000E+00,+675.18843252E-03,-629.64827094E-03
+103.87000E-06,+959.23358753E-03,+1.01224872827E+00,+766.26883358E-03,-478.89450371E-03
+103.89500E-06,+1.09616825931E+00,+1.07255023516E+00,+766.89697430E-03,-569.34676405E-03
+103.92000E-06,+979.33408983E-03,+969.53516081E-03,+736.11808013E-03,-528.51761874E-03
+103.94500E-06,+1.10998735476E+00,+1.22456028382E+00,+771.29395915E-03,-562.43721632E-03
+103.97000E-06,+1.35873107061E+00,+1.37028892532E+00,+726.06782898E-03,-558.04023147E-03
+103.99500E-06,+1.29089187544E+00,+1.30244973015E+00,+755.59044171E-03,-618.34173836E-03
+104.02000E-06,+1.37883157291E+00,+1.32883163929E+00,+665.13818138E-03,-669.22113482E-03
+104.04500E-06,+1.23938433826E+00,+1.29114319757E+00,+798.30400917E-03,-517.83922687E-03
+104.07000E-06,+1.39893207520E+00,+1.37028892532E+00,+765.64069286E-03,-637.18595922E-03
+104.09500E-06,+1.29089187544E+00,+1.29114319757E+00,+706.59546740E-03,-572.48746747E-03
+104.12000E-06,+1.40018835664E+00,+1.39290199049E+00,+746.79647200E-03,-598.24123606E-03
+104.14500E-06,+1.31978634745E+00,+1.21953515809E+00,+746.79647200E-03,-589.44726635E-03
+104.17000E-06,+1.03963559672E+00,+1.04993717000E+00,+766.89697430E-03,-597.61309534E-03
+104.19500E-06,+1.06727378730E+00,+1.02104269799E+00,+761.24370800E-03,-563.69349776E-03
+104.22000E-06,+955.46474323E-03,+1.06878139086E+00,+746.79647200E-03,-536.68344774E-03
+104.24500E-06,+1.10119338505E+00,+1.09013817459E+00,+775.69094401E-03,-533.54274431E-03
+104.27000E-06,+878.83157834E-03,+930.59043765E-03,+727.95225113E-03,-558.04023147E-03
+104.29500E-06,+1.03837931529E+00,+1.04993717000E+00,+732.34923599E-03,-523.49249316E-03
+104.32000E-06,+976.82152696E-03,+1.00973616540E+00,+768.15325573E-03,-559.29651290E-03
+104.34500E-06,+1.12380645021E+00,+1.14415827464E+00,+762.49998944E-03,-537.93972917E-03
+104.37000E-06,+1.35998735204E+00,+1.37154520676E+00,+726.69596970E-03,-558.66837218E-03
+104.39500E-06,+1.29089187544E+00,+1.30244973015E+00,+761.24370800E-03,-583.79400005E-03
+104.42000E-06,+1.40018835664E+00,+1.37154520676E+00,+675.81657324E-03,-678.64324525E-03
+104.44500E-06,+1.27958534285E+00,+1.26853013240E+00,+798.30400917E-03,-517.83922687E-03
+104.47000E-06,+1.40018835664E+00,+1.41174621135E+00,+747.42461271E-03,-579.39701520E-03
+104.49500E-06,+1.27958534285E+00,+1.30244973015E+00,+706.59546740E-03,-572.48746747E-03
+104.52000E-06,+1.36249991491E+00,+1.35270098589E+00,+757.47486386E-03,-598.24123606E-03
+104.54500E-06,+1.32858031716E+00,+1.15672108833E+00,+731.09295456E-03,-558.04023147E-03
+104.57000E-06,+1.03837931529E+00,+1.04993717000E+00,+805.84169746E-03,-558.04023147E-03
+104.59500E-06,+1.07858031988E+00,+1.06124370258E+00,+766.89697430E-03,-563.69349776E-03
+104.62000E-06,+936.62052237E-03,+969.53516081E-03,+878.07787765E-03,-457.53771998E-03
+104.64500E-06,+1.07858031988E+00,+1.01853013512E+00,+710.99245226E-03,-638.44224066E-03
+104.67000E-06,+998.17831069E-03,+1.00973616540E+00,+785.74119516E-03,-518.46736759E-03
+104.69500E-06,+1.09616825931E+00,+1.04993717000E+00,+772.55024059E-03,-583.79400005E-03
+104.72000E-06,+939.13308523E-03,+1.00973616540E+00,+726.69596970E-03,-527.26133730E-03
+104.74500E-06,+1.13260041993E+00,+1.17054018378E+00,+766.89697430E-03,-562.43721632E-03
+104.77000E-06,+1.31978634745E+00,+1.33134420216E+00,+727.32411042E-03,-538.56786989E-03
+104.79500E-06,+1.31978634745E+00,+1.30244973015E+00,+746.79647200E-03,-592.58796977E-03
+104.82000E-06,+1.35747478918E+00,+1.33134420216E+00,+655.71607094E-03,-658.54274295E-03
+104.84500E-06,+1.23938433826E+00,+1.29114319757E+00,+778.20350688E-03,-522.23621173E-03
+104.87000E-06,+1.43787679836E+00,+1.40923364848E+00,+727.32411042E-03,-578.76887448E-03
+104.89500E-06,+1.30847981487E+00,+1.32003766958E+00,+715.38943712E-03,-552.38696518E-03
+104.92000E-06,+1.40018835664E+00,+1.35270098589E+00,+756.21858243E-03,-587.56284420E-03
+104.94500E-06,+1.27958534285E+00,+1.22832912781E+00,+722.29898484E-03,-542.33671403E-03
+104.97000E-06,+1.03712303385E+00,+1.04993717000E+00,+747.42461272E-03,-558.66837218E-03
+104.99500E-06,+1.07858031988E+00,+1.07883164201E+00,+746.79647200E-03,-537.93972917E-03
+105.02000E-06,+955.46474323E-03,+1.10898239546E+00,+727.95225114E-03,-527.26133730E-03
+105.04500E-06,+1.10119338505E+00,+1.13033917919E+00,+751.19345686E-03,-482.03520713E-03
+105.07000E-06,+878.83157834E-03,+929.33415622E-03,+727.95225114E-03,-558.04023147E-03
+105.09500E-06,+1.04968584787E+00,+1.09013817459E+00,+741.14320571E-03,-517.83922687E-03
+105.12000E-06,+957.97730610E-03,+1.00973616540E+00,+756.21858243E-03,-547.36183960E-03
+105.14500E-06,+1.13260041993E+00,+1.17054018378E+00,+758.10300458E-03,-537.93972917E-03
+105.17000E-06,+1.36124363348E+00,+1.33134420216E+00,+726.06782898E-03,-538.56786989E-03
+105.19500E-06,+1.31978634745E+00,+1.33134420216E+00,+746.79647200E-03,-598.24123606E-03
+105.22000E-06,+1.40018835664E+00,+1.35018842302E+00,+665.13818137E-03,-679.89952668E-03
+105.24500E-06,+1.27079137314E+00,+1.29114319757E+00,+786.99747659E-03,-533.54274431E-03
+105.27000E-06,+1.40144463807E+00,+1.41174621135E+00,+707.22360812E-03,-598.86937678E-03
+105.29500E-06,+1.31978634745E+00,+1.30244973015E+00,+721.04270341E-03,-563.69349776E-03
+105.32000E-06,+1.40018835664E+00,+1.35270098589E+00,+746.79647200E-03,-607.66334649E-03
+105.34500E-06,+1.29717328228E+00,+1.23712309752E+00,+742.39948714E-03,-593.84425120E-03
+105.37000E-06,+1.03586675242E+00,+1.04868088856E+00,+766.26883358E-03,-579.39701520E-03
+105.39500E-06,+1.07858031988E+00,+1.04993717000E+00,+732.34923599E-03,-563.69349776E-03
+105.42000E-06,+979.33408983E-03,+969.53516081E-03,+879.33415908E-03,-457.53771998E-03
+105.44500E-06,+1.04717328500E+00,+1.04993717000E+00,+702.19848255E-03,-674.24626039E-03
+105.47000E-06,+957.97730610E-03,+969.53516081E-03,+786.36933588E-03,-517.83922687E-03
+105.49500E-06,+1.06727378730E+00,+1.06124370258E+00,+758.10300458E-03,-569.34676405E-03
+105.52000E-06,+939.13308524E-03,+988.37938167E-03,+736.11808013E-03,-537.93972917E-03
+105.54500E-06,+1.12380645022E+00,+1.19315324895E+00,+766.89697430E-03,-562.43721632E-03
+105.57000E-06,+1.32104262888E+00,+1.33008792073E+00,+746.16833128E-03,-578.14073376E-03
+105.59500E-06,+1.31978634745E+00,+1.30244973015E+00,+712.24873370E-03,-607.03520577E-03
+105.62000E-06,+1.38134413578E+00,+1.35018842302E+00,+645.03767908E-03,-649.12063252E-03
+105.64500E-06,+1.27079137314E+00,+1.32255023245E+00,+782.60049174E-03,-497.73872457E-03
+105.67000E-06,+1.40018835664E+00,+1.41048992991E+00,+707.22360812E-03,-578.76887448E-03
+105.69500E-06,+1.33109288003E+00,+1.32003766958E+00,+666.39446281E-03,-532.28646288E-03
+105.72000E-06,+1.42154514037E+00,+1.37154520676E+00,+717.27385927E-03,-587.56284419E-03
+105.74500E-06,+1.28837931257E+00,+1.21953515809E+00,+722.29898484E-03,-529.14575946E-03
+105.77000E-06,+1.03837931529E+00,+1.01099244684E+00,+766.26883358E-03,-558.04023147E-03
+105.79500E-06,+1.03837931529E+00,+1.02104269799E+00,+746.79647200E-03,-517.83922687E-03
+105.82000E-06,+976.82152696E-03,+1.07129395373E+00,+756.21858243E-03,-536.68344773E-03
+105.84500E-06,+1.11878132448E+00,+1.08134420488E+00,+778.20350688E-03,-513.44224201E-03
+105.87000E-06,+919.03258294E-03,+929.33415622E-03,+727.95225114E-03,-578.14073376E-03
+105.89500E-06,+1.04968584787E+00,+1.07883164201E+00,+746.79647200E-03,-517.83922687E-03
+105.92000E-06,+1.01702253155E+00,+1.00973616540E+00,+766.89697430E-03,-547.36183960E-03
+105.94500E-06,+1.06978635017E+00,+1.14415827464E+00,+731.09295456E-03,-546.73369888E-03
+105.97000E-06,+1.40018835664E+00,+1.40923364848E+00,+726.69596970E-03,-577.51259305E-03
+105.99500E-06,+1.30219840802E+00,+1.27355525814E+00,+770.03767772E-03,-589.44726635E-03
+106.02000E-06,+1.41903257750E+00,+1.35270098589E+00,+674.56029180E-03,-689.32163712E-03
+106.04500E-06,+1.28837931257E+00,+1.29114319757E+00,+771.29395915E-03,-502.13570943E-03
+106.07000E-06,+1.44038936123E+00,+1.41048992991E+00,+726.69596970E-03,-599.49751750E-03
+106.09500E-06,+1.30847981486E+00,+1.32003766958E+00,+721.04270341E-03,-578.14073376E-03
+106.12000E-06,+1.40018835664E+00,+1.37405776963E+00,+717.27385927E-03,-587.56284419E-03
+106.14500E-06,+1.27958534285E+00,+1.21953515809E+00,+706.59546740E-03,-573.74374891E-03
+106.17000E-06,+999.43459213E-03,+1.00973616540E+00,+786.36933587E-03,-558.66837218E-03
+106.19500E-06,+1.07858031988E+00,+1.09013817459E+00,+746.79647200E-03,-552.38696517E-03
+106.22000E-06,+979.33408983E-03,+988.37938167E-03,+836.62059162E-03,-426.75882582E-03
+106.24500E-06,+1.04717328500E+00,+1.02732410483E+00,+706.59546740E-03,-634.04525580E-03
+106.27000E-06,+998.17831069E-03,+970.79144225E-03,+766.26883358E-03,-497.73872457E-03
+106.29500E-06,+1.07858031988E+00,+1.06124370258E+00,+766.89697430E-03,-583.79400006E-03
+106.32000E-06,+998.17831069E-03,+969.53516081E-03,+737.37436157E-03,-497.73872457E-03
+106.34500E-06,+1.06099238046E+00,+1.16174621407E+00,+746.79647200E-03,-562.43721632E-03
+106.37000E-06,+995.66574782E-03,+1.33008792072E+00,+726.06782898E-03,-539.19601061E-03
+106.39500E-06,+998.17831069E-03,+1.33134420216E+00,+732.34923599E-03,-592.58796977E-03
+106.42000E-06,+1.03586675241E+00,+1.33134420216E+00,+757.47486386E-03,-559.29651290E-03
+106.44500E-06,+966.77127581E-03,+1.32255023245E+00,+742.39948714E-03,-558.04023147E-03
+106.47000E-06,+1.03712303385E+00,+1.33134420216E+00,+726.69596970E-03,-578.14073376E-03
+106.49500E-06,+1.03837931529E+00,+1.33134420216E+00,+726.69596970E-03,-558.04023147E-03
+106.52000E-06,+1.01702253155E+00,+1.33134420216E+00,+736.11808013E-03,-568.71862333E-03
+106.54500E-06,+1.06978635017E+00,+1.25973616268E+00,+746.79647200E-03,-573.74374891E-03
+106.57000E-06,+998.17831069E-03,+1.04742460713E+00,+747.42461272E-03,-578.14073376E-03
+106.59500E-06,+1.03837931529E+00,+1.04993717000E+00,+738.00250229E-03,-543.59299546E-03
+106.62000E-06,+998.17831069E-03,+1.00973616540E+00,+756.21858243E-03,-558.04023147E-03
+106.64500E-06,+998.17831069E-03,+1.00094219569E+00,+742.39948714E-03,-562.43721632E-03
+106.67000E-06,+998.17831069E-03,+1.00973616540E+00,+707.22360812E-03,-557.41209075E-03
+106.69500E-06,+1.02707278270E+00,+1.04993717000E+00,+741.14320571E-03,-563.69349776E-03
+106.72000E-06,+1.01702253155E+00,+1.03109294914E+00,+754.96230099E-03,-547.36183960E-03
+106.74500E-06,+1.06978635017E+00,+1.14415827465E+00,+726.69596970E-03,-526.63319658E-03
+106.77000E-06,+1.35998735204E+00,+1.36903264388E+00,+726.69596970E-03,-558.04023147E-03
+106.79500E-06,+1.29089187544E+00,+1.33134420216E+00,+741.14320571E-03,-598.24123606E-03
+106.82000E-06,+1.37883157290E+00,+1.33134420216E+00,+687.75124654E-03,-669.22113482E-03
+106.84500E-06,+1.31099237774E+00,+1.32255023245E+00,+802.70099403E-03,-506.53269429E-03
+106.87000E-06,+1.40018835664E+00,+1.37028892532E+00,+746.79647200E-03,-598.86937678E-03
+106.89500E-06,+1.29089187544E+00,+1.32003766958E+00,+721.04270341E-03,-592.58796977E-03
+106.92000E-06,+1.38134413578E+00,+1.37154520676E+00,+748.05275343E-03,-618.34173836E-03
+106.94500E-06,+1.28837931257E+00,+1.25973616268E+00,+738.00250229E-03,-578.14073376E-03
+106.97000E-06,+999.43459213E-03,+1.01099244684E+00,+766.89697430E-03,-558.04023147E-03
+106.99500E-06,+1.09616825931E+00,+1.04993717000E+00,+746.79647200E-03,-572.48746747E-03
+107.02000E-06,+979.33408983E-03,+988.37938167E-03,+837.87687305E-03,-466.95983041E-03
+107.04500E-06,+1.04717328500E+00,+1.02732410483E+00,+710.99245226E-03,-602.63822092E-03
+107.07000E-06,+959.23358753E-03,+969.53516081E-03,+786.99747659E-03,-518.46736759E-03
+107.09500E-06,+1.10747479189E+00,+1.06124370258E+00,+772.55024059E-03,-563.69349776E-03
+107.12000E-06,+979.33408983E-03,+990.89194454E-03,+757.47486387E-03,-507.16083500E-03
+107.14500E-06,+1.02958534558E+00,+1.15295224436E+00,+762.49998944E-03,-542.33671402E-03
+107.17000E-06,+1.03712303385E+00,+1.33008792072E+00,+765.64069286E-03,-558.04023147E-03
+107.19500E-06,+1.00948484328E+00,+1.33134420216E+00,+746.79647200E-03,-612.68847207E-03
+107.22000E-06,+1.01953509443E+00,+1.35018842302E+00,+716.01757783E-03,-578.14073376E-03
+107.24500E-06,+998.17831069E-03,+1.33134420216E+00,+762.49998944E-03,-589.44726635E-03
+107.27000E-06,+998.17831069E-03,+1.33134420216E+00,+786.36933587E-03,-598.24123606E-03
+107.29500E-06,+986.87177811E-03,+1.33134420216E+00,+752.44973829E-03,-578.14073376E-03
+107.32000E-06,+1.03837931529E+00,+1.37154520676E+00,+737.37436157E-03,-598.24123606E-03
+107.34500E-06,+1.00697228040E+00,+1.29993716728E+00,+782.60049174E-03,-578.14073376E-03
+107.37000E-06,+1.03712303385E+00,+1.04868088856E+00,+767.52511501E-03,-578.76887448E-03
+107.39500E-06,+1.04968584787E+00,+1.04993717000E+00,+758.10300458E-03,-578.14073376E-03
+107.42000E-06,+998.17831069E-03,+1.00973616540E+00,+776.31908473E-03,-567.46234190E-03
+107.44500E-06,+989.38434098E-03,+1.00094219569E+00,+766.89697430E-03,-578.14073376E-03
+107.47000E-06,+998.17831069E-03,+1.00973616540E+00,+727.32411042E-03,-578.14073376E-03
+107.49500E-06,+998.17831069E-03,+1.00973616540E+00,+746.79647200E-03,-592.58796977E-03
+107.52000E-06,+1.03837931529E+00,+1.00973616540E+00,+777.57536616E-03,-587.56284419E-03
+107.54500E-06,+1.10119338505E+00,+1.14415827465E+00,+771.29395915E-03,-558.04023147E-03
+107.57000E-06,+1.32104262889E+00,+1.33134420216E+00,+727.32411042E-03,-559.29651290E-03
+107.59500E-06,+1.29089187544E+00,+1.29114319757E+00,+786.99747659E-03,-612.68847207E-03
+107.62000E-06,+1.37883157290E+00,+1.31249998130E+00,+677.07285468E-03,-679.89952669E-03
+107.64500E-06,+1.31099237774E+00,+1.34013817187E+00,+802.70099403E-03,-502.13570943E-03
+107.67000E-06,+1.40018835664E+00,+1.41048992991E+00,+746.79647200E-03,-598.86937678E-03
+107.69500E-06,+1.30219840803E+00,+1.33134420216E+00,+721.04270341E-03,-552.38696517E-03
+107.72000E-06,+1.38134413578E+00,+1.39290199049E+00,+737.37436157E-03,-599.49751750E-03
+107.74500E-06,+1.28837931257E+00,+1.25973616268E+00,+710.99245226E-03,-593.84425121E-03
+107.77000E-06,+998.17831069E-03,+1.04993717000E+00,+747.42461272E-03,-559.29651290E-03
+107.79500E-06,+1.03837931529E+00,+1.04993717000E+00,+758.10300458E-03,-566.83420118E-03
+107.82000E-06,+955.46474322E-03,+988.37938167E-03,+839.13315449E-03,-437.43721768E-03
+107.84500E-06,+1.10998735477E+00,+1.04114320029E+00,+679.58541738E-03,-613.94475350E-03
+107.87000E-06,+881.34414122E-03,+972.04772369E-03,+786.36933587E-03,-537.31158845E-03
+107.89500E-06,+1.10747479189E+00,+1.04993717000E+00,+772.55024059E-03,-578.14073376E-03
+107.92000E-06,+939.13308524E-03,+969.53516081E-03,+726.69596970E-03,-527.26133730E-03
+107.94500E-06,+1.00697228040E+00,+1.16174621407E+00,+746.79647200E-03,-573.74374891E-03
+107.97000E-06,+1.03586675241E+00,+1.29239947900E+00,+727.32411042E-03,-519.09550831E-03
+107.99500E-06,+998.17831069E-03,+1.33134420216E+00,+726.69596970E-03,-598.24123606E-03
+108.02000E-06,+1.01702253155E+00,+1.35018842302E+00,+736.11808013E-03,-567.46234190E-03
+108.04500E-06,+975.56524552E-03,+1.34013817187E+00,+766.89697430E-03,-582.53771862E-03
+108.07000E-06,+1.03837931529E+00,+1.37028892532E+00,+746.16833128E-03,-598.24123606E-03
+108.09500E-06,+1.00948484328E+00,+1.33134420216E+00,+738.00250229E-03,-563.69349776E-03
+108.12000E-06,+1.01953509443E+00,+1.30998741843E+00,+756.21858243E-03,-578.14073376E-03
+108.14500E-06,+1.00697228040E+00,+1.22832912780E+00,+746.79647200E-03,-593.84425121E-03
+108.17000E-06,+1.03712303385E+00,+1.04868088856E+00,+748.05275344E-03,-577.51259304E-03
+108.19500E-06,+1.03837931529E+00,+1.02104269799E+00,+772.55024059E-03,-572.48746747E-03
+108.22000E-06,+998.17831069E-03,+1.00973616540E+00,+726.69596970E-03,-528.51761874E-03
+108.24500E-06,+998.17831069E-03,+1.04993717000E+00,+731.09295456E-03,-546.73369888E-03
+108.27000E-06,+959.23358754E-03,+970.79144225E-03,+726.69596970E-03,-538.56786989E-03
+108.29500E-06,+986.87177811E-03,+998.42963282E-03,+746.79647200E-03,-566.83420118E-03
+108.32000E-06,+1.01702253155E+00,+1.00973616540E+00,+736.11808013E-03,-567.46234190E-03
+108.34500E-06,+998.17831069E-03,+1.19315324896E+00,+758.10300459E-03,-537.93972917E-03
+108.37000E-06,+1.07606775700E+00,+1.29239947900E+00,+727.32411042E-03,-538.56786989E-03
+108.39500E-06,+1.00948484328E+00,+1.32003766957E+00,+752.44973829E-03,-586.93470347E-03
+108.42000E-06,+998.17831069E-03,+1.33134420216E+00,+737.37436157E-03,-578.14073376E-03
+108.44500E-06,+1.03837931529E+00,+1.33134420216E+00,+762.49998944E-03,-553.64324661E-03
+108.47000E-06,+999.43459213E-03,+1.29239947900E+00,+747.42461272E-03,-558.04023147E-03
+108.49500E-06,+1.02707278270E+00,+1.33134420216E+00,+726.69596970E-03,-572.48746747E-03
+108.52000E-06,+1.00069087357E+00,+1.33134420216E+00,+746.79647200E-03,-576.88445232E-03
+108.54500E-06,+998.17831069E-03,+1.29993716728E+00,+742.39948714E-03,-598.24123606E-03
+108.57000E-06,+998.17831069E-03,+1.00973616540E+00,+766.89697430E-03,-558.66837219E-03
+108.59500E-06,+1.03837931529E+00,+1.02104269799E+00,+732.34923599E-03,-552.38696517E-03
+108.62000E-06,+1.01702253155E+00,+1.03109294914E+00,+746.79647200E-03,-558.04023147E-03
+108.64500E-06,+1.00697228040E+00,+1.04114320029E+00,+726.69596970E-03,-562.43721632E-03
+108.67000E-06,+999.43459213E-03,+1.04868088856E+00,+746.16833128E-03,-577.51259304E-03
+108.69500E-06,+1.03837931529E+00,+1.04993717000E+00,+746.79647200E-03,-558.04023147E-03
+108.72000E-06,+1.01953509443E+00,+1.00973616540E+00,+748.05275344E-03,-527.26133730E-03
+108.74500E-06,+1.13260041994E+00,+1.15295224436E+00,+742.39948714E-03,-537.93972917E-03
+108.77000E-06,+1.32104262889E+00,+1.37028892532E+00,+726.69596970E-03,-519.72364903E-03
+108.79500E-06,+1.31978634745E+00,+1.30873113699E+00,+717.90199999E-03,-598.24123606E-03
+108.82000E-06,+1.38134413578E+00,+1.30998741842E+00,+655.71607094E-03,-659.79902439E-03
+108.84500E-06,+1.27079137314E+00,+1.29114319757E+00,+782.60049174E-03,-506.53269428E-03
+108.87000E-06,+1.39893207520E+00,+1.40923364847E+00,+707.22360812E-03,-598.24123606E-03
+108.89500E-06,+1.31978634745E+00,+1.32003766957E+00,+712.24873370E-03,-543.59299546E-03
+108.92000E-06,+1.38134413578E+00,+1.35270098590E+00,+746.79647200E-03,-588.81912563E-03
+108.94500E-06,+1.28837931256E+00,+1.25973616268E+00,+742.39948714E-03,-558.04023147E-03
+108.97000E-06,+1.03712303385E+00,+1.04868088856E+00,+747.42461272E-03,-596.98495462E-03
+108.99500E-06,+1.06727378729E+00,+1.07883164201E+00,+732.34923599E-03,-537.93972917E-03
+109.02000E-06,+955.46474322E-03,+1.00973616540E+00,+827.19848119E-03,-487.06033271E-03
+109.04500E-06,+1.10998735477E+00,+1.08134420488E+00,+706.59546740E-03,-562.43721632E-03
+109.07000E-06,+919.03258294E-03,+969.53516081E-03,+727.95225114E-03,-537.31158845E-03
+109.09500E-06,+1.09616825930E+00,+1.09013817459E+00,+732.34923599E-03,-549.24626176E-03
+109.12000E-06,+998.17831069E-03,+969.53516081E-03,+736.11808013E-03,-537.93972917E-03
+109.14500E-06,+1.13260041994E+00,+1.18435927925E+00,+762.49998944E-03,-558.04023147E-03
+109.17000E-06,+1.31978634745E+00,+1.33134420216E+00,+726.69596970E-03,-538.56786989E-03
+109.19500E-06,+1.31978634745E+00,+1.31375626274E+00,+746.79647200E-03,-598.24123606E-03
+109.22000E-06,+1.41903257750E+00,+1.35270098590E+00,+655.71607094E-03,-669.22113482E-03
+109.24500E-06,+1.27958534285E+00,+1.29993716728E+00,+766.89697430E-03,-482.03520713E-03
+109.27000E-06,+1.40018835664E+00,+1.41048992991E+00,+727.32411042E-03,-559.29651291E-03
+109.29500E-06,+1.30847981486E+00,+1.30873113698E+00,+700.94220111E-03,-537.93972917E-03
+109.32000E-06,+1.38134413578E+00,+1.41174621135E+00,+707.85174884E-03,-587.56284419E-03
+109.34500E-06,+1.28837931256E+00,+1.22832912780E+00,+706.59546740E-03,-546.73369888E-03
+109.37000E-06,+1.03712303385E+00,+1.04868088856E+00,+746.79647200E-03,-558.66837219E-03
+109.39500E-06,+1.03837931529E+00,+1.06752510942E+00,+758.10300459E-03,-566.83420118E-03
+109.42000E-06,+1.01953509443E+00,+1.07129395374E+00,+757.47486387E-03,-556.78395003E-03
+109.44500E-06,+1.10998735477E+00,+1.12154520948E+00,+771.29395915E-03,-513.44224202E-03
+109.47000E-06,+917.77630150E-03,+968.27887937E-03,+746.79647200E-03,-577.51259304E-03
+109.49500E-06,+1.07858031988E+00,+1.06124370259E+00,+738.00250229E-03,-523.49249317E-03
+109.52000E-06,+979.33408983E-03,+1.02858038626E+00,+757.47486387E-03,-547.36183960E-03
+109.54500E-06,+1.07858031988E+00,+1.16174621407E+00,+746.79647200E-03,-549.24626176E-03
+109.57000E-06,+1.39893207520E+00,+1.41048992991E+00,+746.79647200E-03,-558.66837219E-03
+109.59500E-06,+1.22179639884E+00,+1.30244973015E+00,+761.24370800E-03,-578.14073376E-03
+109.62000E-06,+1.41903257750E+00,+1.36903264388E+00,+655.71607094E-03,-678.64324525E-03
+109.64500E-06,+1.23938433826E+00,+1.29114319757E+00,+771.29395915E-03,-542.33671402E-03
+109.67000E-06,+1.43913307979E+00,+1.41174621135E+00,+726.06782898E-03,-618.34173836E-03
+109.69500E-06,+1.30847981486E+00,+1.30244973015E+00,+706.59546740E-03,-552.38696517E-03
+109.72000E-06,+1.44038936123E+00,+1.37154520676E+00,+766.89697430E-03,-598.24123606E-03
+109.74500E-06,+1.32858031716E+00,+1.26853013239E+00,+731.09295456E-03,-573.74374891E-03
+109.77000E-06,+1.03586675241E+00,+1.04868088856E+00,+786.36933587E-03,-578.76887448E-03
+109.79500E-06,+1.06099238046E+00,+1.04993717000E+00,+752.44973829E-03,-558.04023147E-03
+109.82000E-06,+936.62052236E-03,+969.53516081E-03,+857.97737535E-03,-426.75882581E-03
+109.84500E-06,+1.07858031988E+00,+1.00973616540E+00,+677.70099540E-03,-618.34173836E-03
+109.87000E-06,+998.17831069E-03,+1.00973616540E+00,+726.69596970E-03,-515.95480471E-03
+109.89500E-06,+1.07858031988E+00,+1.04993717000E+00,+741.14320570E-03,-569.34676406E-03
+109.92000E-06,+939.13308524E-03,+990.89194455E-03,+737.37436157E-03,-527.26133730E-03
+109.94500E-06,+1.13260041995E+00,+1.18435927925E+00,+726.69596970E-03,-558.04023147E-03
+109.97000E-06,+1.28084162429E+00,+1.33260048360E+00,+706.59546740E-03,-557.41209075E-03
+109.99500E-06,+1.30219840803E+00,+1.30244973016E+00,+746.79647200E-03,-598.24123606E-03
+110.02000E-06,+1.39767579376E+00,+1.35270098590E+00,+666.39446281E-03,-659.79902439E-03
+110.04500E-06,+1.27079137315E+00,+1.32255023245E+00,+786.99747659E-03,-502.13570943E-03
+110.07000E-06,+1.43913307979E+00,+1.37280148820E+00,+727.32411042E-03,-598.24123606E-03
+110.09500E-06,+1.31978634745E+00,+1.33134420216E+00,+692.14823140E-03,-566.83420117E-03
+110.12000E-06,+1.38134413578E+00,+1.37154520676E+00,+746.79647200E-03,-607.66334649E-03
+110.14500E-06,+1.27958534285E+00,+1.29114319757E+00,+731.09295455E-03,-573.74374891E-03
+110.17000E-06,+1.03837931529E+00,+1.00973616540E+00,+766.89697430E-03,-558.04023147E-03
+110.19500E-06,+1.06727378729E+00,+1.06124370259E+00,+755.59044171E-03,-549.24626176E-03
+110.22000E-06,+1.01953509443E+00,+1.09013817459E+00,+778.83164761E-03,-536.68344773E-03
+110.24500E-06,+1.14139438965E+00,+1.13033917919E+00,+775.69094400E-03,-517.83922687E-03
+110.27000E-06,+957.97730610E-03,+929.33415622E-03,+766.89697430E-03,-596.98495462E-03
+110.29500E-06,+1.10747479189E+00,+1.04993717000E+00,+761.24370800E-03,-537.93972917E-03
+110.32000E-06,+976.82152695E-03,+988.37938167E-03,+757.47486387E-03,-548.61812104E-03
+110.34500E-06,+1.12380645024E+00,+1.15295224437E+00,+751.19345685E-03,-537.93972917E-03
+110.37000E-06,+1.39893207520E+00,+1.33260048360E+00,+746.16833128E-03,-577.51259304E-03
+110.39500E-06,+1.27958534285E+00,+1.30244973016E+00,+732.34923600E-03,-572.48746747E-03
+110.42000E-06,+1.37883157290E+00,+1.35018842302E+00,+675.81657324E-03,-678.64324525E-03
+110.44500E-06,+1.27079137315E+00,+1.32255023245E+00,+751.19345685E-03,-533.54274432E-03
+110.47000E-06,+1.40018835664E+00,+1.45069093450E+00,+707.22360812E-03,-598.86937678E-03
+110.49500E-06,+1.33737428686E+00,+1.33134420216E+00,+700.94220111E-03,-572.48746747E-03
+110.52000E-06,+1.42154514038E+00,+1.37154520676E+00,+746.79647200E-03,-598.24123606E-03
+110.54500E-06,+1.35119338234E+00,+1.25973616268E+00,+722.29898485E-03,-569.34676406E-03
+110.57000E-06,+998.17831069E-03,+1.01099244685E+00,+747.42461272E-03,-578.14073376E-03
+110.59500E-06,+1.03837931529E+00,+1.04993717000E+00,+752.44973829E-03,-558.04023147E-03
+110.62000E-06,+976.82152695E-03,+948.17837707E-03,+856.72109391E-03,-417.33671539E-03
+110.64500E-06,+1.10998735477E+00,+1.04993717000E+00,+682.09798025E-03,-634.04525580E-03
+110.67000E-06,+998.17831069E-03,+1.01099244685E+00,+727.32411042E-03,-497.73872457E-03
+110.69500E-06,+1.06727378729E+00,+1.04993717000E+00,+732.34923600E-03,-578.14073376E-03
+110.72000E-06,+957.97730610E-03,+969.53516081E-03,+736.11808013E-03,-507.16083500E-03
+110.74500E-06,+1.15018835936E+00,+1.19315324896E+00,+731.09295455E-03,-542.33671402E-03
+110.77000E-06,+1.31978634745E+00,+1.33134420216E+00,+726.69596970E-03,-558.04023147E-03
+110.79500E-06,+1.31978634745E+00,+1.34265073475E+00,+746.79647200E-03,-601.38193947E-03
+110.82000E-06,+1.39767579375E+00,+1.32883163928E+00,+646.29396051E-03,-667.96485338E-03
+110.84500E-06,+1.27079137315E+00,+1.28234922786E+00,+782.60049174E-03,-502.13570943E-03
+110.87000E-06,+1.40018835664E+00,+1.40923364847E+00,+707.85174885E-03,-578.76887448E-03
+110.89500E-06,+1.31978634745E+00,+1.30244973016E+00,+706.59546740E-03,-523.49249317E-03
+110.92000E-06,+1.40018835664E+00,+1.39290199049E+00,+727.95225114E-03,-588.81912563E-03
+110.94500E-06,+1.27958534285E+00,+1.22832912779E+00,+706.59546740E-03,-537.93972917E-03
+110.97000E-06,+1.03712303385E+00,+1.04993717000E+00,+747.42461272E-03,-558.04023147E-03
+110.99500E-06,+1.07858031988E+00,+1.07883164200E+00,+761.24370800E-03,-537.93972917E-03
+111.02000E-06,+998.17831069E-03,+1.09013817459E+00,+768.15325574E-03,-526.00505586E-03
+111.04500E-06,+1.11878132448E+00,+1.09893214430E+00,+771.29395915E-03,-497.73872457E-03
+111.07000E-06,+877.57529691E-03,+928.07787477E-03,+748.05275344E-03,-598.24123606E-03
+111.09500E-06,+1.08988685247E+00,+1.06124370259E+00,+752.44973829E-03,-514.69852346E-03
+111.12000E-06,+998.17831069E-03,+988.37938167E-03,+766.89697430E-03,-547.36183960E-03
+111.14500E-06,+1.06099238047E+00,+1.15295224437E+00,+742.39948714E-03,-537.93972917E-03
+111.17000E-06,+1.35873107060E+00,+1.33008792072E+00,+765.64069285E-03,-578.14073376E-03
+111.19500E-06,+1.29089187544E+00,+1.30244973016E+00,+726.69596970E-03,-563.69349776E-03
+111.22000E-06,+1.38134413578E+00,+1.35018842302E+00,+655.71607094E-03,-678.64324525E-03
+111.24500E-06,+1.31099237774E+00,+1.29114319757E+00,+786.99747659E-03,-506.53269428E-03
+111.27000E-06,+1.40018835664E+00,+1.45069093450E+00,+707.22360812E-03,-559.92465363E-03
+111.29500E-06,+1.29089187545E+00,+1.33134420216E+00,+712.24873370E-03,-572.48746747E-03
+111.32000E-06,+1.40270091952E+00,+1.37154520676E+00,+736.11808013E-03,-598.24123606E-03
+111.34500E-06,+1.32858031716E+00,+1.21953515808E+00,+731.09295455E-03,-578.14073376E-03
+111.37000E-06,+1.03837931529E+00,+1.01224872829E+00,+767.52511502E-03,-577.51259304E-03
+111.39500E-06,+1.07858031988E+00,+1.06124370259E+00,+666.39446281E-03,-517.83922687E-03
+111.42000E-06,+939.13308524E-03,+969.53516081E-03,-37.12311760E-03,+398.61804982E-03
+111.44500E-06,+1.06978635017E+00,+1.01853013511E+00,-162.12311623E-03,+230.27634298E-03
+111.47000E-06,+960.48986898E-03,+1.00847988396E+00,-136.99748836E-03,+346.48237191E-03
+111.49500E-06,+1.10747479189E+00,+1.06124370259E+00,-103.07789078E-03,+260.42709643E-03
+111.52000E-06,+957.97730610E-03,+990.89194455E-03,-126.94723721E-03,+326.38186961E-03
+111.54500E-06,+1.15018835936E+00,+1.21074118838E+00,-137.62562908E-03,+286.18086502E-03
+111.57000E-06,+1.35873107060E+00,+1.33134420216E+00,-137.62562908E-03,+287.43714646E-03
+111.59500E-06,+1.33737428686E+00,+1.34265073475E+00,-57.22361989E-03,+245.97986042E-03
+111.62000E-06,+1.37883157290E+00,+1.33134420216E+00,+626.19345821E-03,-639.69852210E-03
+111.64500E-06,+1.27958534285E+00,+1.29114319757E+00,+766.89697430E-03,-497.73872457E-03
+111.67000E-06,+1.40018835664E+00,+1.41048992991E+00,+707.22360812E-03,-597.61309534E-03
+111.69500E-06,+1.29089187545E+00,+1.33134420216E+00,+726.69596970E-03,-566.83420117E-03
+111.72000E-06,+1.38134413578E+00,+1.37154520676E+00,+746.79647200E-03,-587.56284419E-03
+111.74500E-06,+1.28837931256E+00,+1.25973616268E+00,+726.69596970E-03,-553.64324661E-03
+111.77000E-06,+999.43459214E-03,+1.04993717000E+00,+786.36933587E-03,-616.45731619E-03
+111.79500E-06,+1.04968584788E+00,+1.04993717000E+00,+741.14320570E-03,-549.24626176E-03
+111.82000E-06,+1.01953509443E+00,+1.04993717000E+00,+746.79647200E-03,-536.68344773E-03
+111.84500E-06,+1.10998735477E+00,+1.13033917919E+00,+755.59044170E-03,-529.14575946E-03
+111.87000E-06,+877.57529691E-03,+929.33415622E-03,+746.79647200E-03,-597.61309534E-03
+111.89500E-06,+1.07858031988E+00,+1.04993717000E+00,+752.44973829E-03,-523.49249317E-03
+111.92000E-06,+976.82152695E-03,+969.53516081E-03,+757.47486387E-03,-547.36183960E-03
+111.94500E-06,+1.12380645025E+00,+1.17054018378E+00,+742.39948715E-03,-502.13570943E-03
+111.97000E-06,+1.39893207520E+00,+1.37154520676E+00,+726.06782898E-03,-558.04023147E-03
+111.99500E-06,+1.23310293144E+00,+1.26224872556E+00,+752.44973829E-03,-589.44726635E-03
+112.02000E-06,+1.38134413578E+00,+1.35018842302E+00,+655.71607094E-03,-689.32163712E-03
+112.04500E-06,+1.27079137315E+00,+1.28234922786E+00,+818.40451148E-03,-510.92967913E-03
+112.07000E-06,+1.43787679835E+00,+1.41048992991E+00,+766.26883357E-03,-618.96987908E-03
+112.09500E-06,+1.31978634745E+00,+1.29114319757E+00,+741.14320570E-03,-578.14073376E-03
+112.12000E-06,+1.40018835664E+00,+1.39038942761E+00,+746.79647200E-03,-627.76384879E-03
+112.14500E-06,+1.29717328227E+00,+1.18812812319E+00,+746.79647200E-03,-609.54776865E-03
+112.17000E-06,+1.03963559673E+00,+1.01099244685E+00,+786.99747659E-03,-598.24123606E-03
+112.19500E-06,+1.06727378729E+00,+1.07883164200E+00,+752.44973829E-03,-543.59299546E-03
+112.22000E-06,+917.77630150E-03,+1.00973616540E+00,+655.71607094E-03,-276.63319930E-03
+112.24500E-06,+1.04717328499E+00,+1.04993717000E+00,+349.18341091E-03,+80.77885719E-03
+112.27000E-06,+959.23358754E-03,+970.79144225E-03,+63.37939389E-03,+185.67835353E-03
+112.29500E-06,+1.03837931529E+00,+1.04993717000E+00,+97.92713219E-03,+119.72358035E-03
+112.32000E-06,+939.13308524E-03,+988.37938166E-03,+113.00250891E-03,+114.69845477E-03
+112.34500E-06,+1.13260041995E+00,+1.04114320029E+00,+103.58039849E-03,+69.47232460E-03
+112.37000E-06,+1.31978634745E+00,+1.00973616540E+00,+83.47989619E-03,+105.27634434E-03
+112.39500E-06,+1.27958534285E+00,+1.00973616540E+00,+109.23366478E-03,+85.17584205E-03
+112.42000E-06,+1.37883157290E+00,+1.04993717000E+00,+63.37939389E-03,+65.07533975E-03
+112.44500E-06,+1.31099237774E+00,+1.00973616540E+00,+134.98743337E-03,+105.27634434E-03
+112.47000E-06,+1.40018835664E+00,+1.04868088856E+00,+102.95225776E-03,+66.33162119E-03
+112.49500E-06,+1.29089187545E+00,+1.00973616540E+00,+83.47989619E-03,+105.27634434E-03
+112.52000E-06,+1.35998735204E+00,+1.00973616540E+00,+94.15828806E-03,+74.49745018E-03
+112.54500E-06,+1.29717328226E+00,+1.00973616540E+00,+103.58039849E-03,+105.27634434E-03
+112.57000E-06,+998.17831069E-03,+1.00973616540E+00,+103.58039849E-03,+104.64820362E-03
+112.59500E-06,+1.07858031988E+00,+1.04993717000E+00,+123.68090078E-03,+114.07031405E-03
+112.62000E-06,+1.00069087358E+00,+1.00973616540E+00,+94.15828806E-03,+95.85423392E-03
+112.64500E-06,+1.06978635018E+00,+1.04993717000E+00,+87.87688104E-03,+145.47734894E-03
+112.67000E-06,+919.03258295E-03,+969.53516081E-03,+104.20853921E-03,+85.17584205E-03
+112.69500E-06,+1.05596725470E+00,+1.04993717000E+00,+109.23366478E-03,+99.62307805E-03
+112.72000E-06,+998.17831069E-03,+1.00973616540E+00,+104.83667993E-03,+94.59795247E-03
+112.74500E-06,+998.17831069E-03,+1.00973616540E+00,+87.87688104E-03,+109.67332920E-03
+112.77000E-06,+1.07858031988E+00,+1.04993717000E+00,+83.47989619E-03,+105.27634434E-03
+112.79500E-06,+1.00948484328E+00,+980.84169340E-03,+89.13316248E-03,+105.27634434E-03
+112.82000E-06,+998.17831069E-03,+1.04993717000E+00,+82.22361474E-03,+95.85423392E-03
+112.84500E-06,+1.00697228040E+00,+1.04114320029E+00,+99.18341363E-03,+89.57282690E-03
+112.87000E-06,+998.17831069E-03,+1.04868088855E+00,+102.95225776E-03,+85.17584205E-03
+112.89500E-06,+1.02707278269E+00,+1.00973616540E+00,+103.58039849E-03,+105.27634434E-03
+112.92000E-06,+1.03837931529E+00,+1.01224872829E+00,+83.47989619E-03,+95.85423392E-03
+112.94500E-06,+1.00697228040E+00,+1.04993717000E+00,+139.38441823E-03,+69.47232460E-03
+112.97000E-06,+1.03712303384E+00,+1.01099244685E+00,+84.73617763E-03,+65.70348047E-03
+112.99500E-06,+969.28383869E-03,+1.02104269800E+00,+97.92713219E-03,+99.62307805E-03
+113.02000E-06,+1.01953509443E+00,+1.02858038626E+00,+103.58039849E-03,+95.85423392E-03
+113.04500E-06,+975.56524551E-03,+1.04114320029E+00,+99.18341363E-03,+85.17584205E-03
+113.07000E-06,+998.17831069E-03,+1.04993717000E+00,+64.00753461E-03,+66.95976192E-03
+113.09500E-06,+998.17831069E-03,+1.03863063741E+00,+97.92713219E-03,+105.27634434E-03
+113.12000E-06,+1.01702253155E+00,+1.03109294915E+00,+113.00250891E-03,+105.27634434E-03
+113.14500E-06,+1.15018835937E+00,+1.04993717000E+00,+99.18341363E-03,+85.17584205E-03
+113.17000E-06,+1.32104262889E+00,+1.04993717000E+00,+102.95225776E-03,+85.17584205E-03
+113.19500E-06,+1.27958534285E+00,+1.00973616540E+00,+126.82160419E-03,+50.62810375E-03
+113.22000E-06,+1.35998735204E+00,+1.00973616540E+00,+83.47989619E-03,+54.39694788E-03
+113.24500E-06,+1.31978634745E+00,+1.00973616540E+00,+139.38441823E-03,+109.67332920E-03
+113.27000E-06,+1.36124363349E+00,+1.04993717000E+00,+84.10803691E-03,+85.17584205E-03
+113.29500E-06,+1.33109288004E+00,+1.02104269800E+00,+83.47989619E-03,+105.27634434E-03
+113.32000E-06,+1.36249991493E+00,+1.03109294915E+00,+103.58039849E-03,+94.59795247E-03
+113.34500E-06,+1.28837931256E+00,+1.01853013511E+00,+94.78642878E-03,+100.87935949E-03
+113.37000E-06,+1.03712303384E+00,+1.00973616540E+00,+102.95225776E-03,+104.64820362E-03
+113.39500E-06,+1.05596725470E+00,+1.04993717000E+00,+103.58039849E-03,+105.27634434E-03
+113.42000E-06,+998.17831069E-03,+1.03109294915E+00,+146.29396597E-03,+106.53262579E-03
+113.44500E-06,+1.07858031988E+00,+1.05873113970E+00,+128.07788563E-03,+105.27634434E-03
+113.47000E-06,+919.03258295E-03,+970.79144225E-03,+123.68090078E-03,+85.80398277E-03
+113.49500E-06,+1.06727378729E+00,+1.02104269800E+00,+123.68090078E-03,+99.62307805E-03
+113.52000E-06,+998.17831069E-03,+1.02858038626E+00,+103.58039849E-03,+104.02006290E-03
+113.54500E-06,+1.02958534558E+00,+1.18435927926E+00,+123.68090078E-03,+141.08036409E-03
+113.57000E-06,+1.03837931529E+00,+1.33260048361E+00,+84.10803691E-03,+85.17584205E-03
+113.59500E-06,+969.28383869E-03,+1.30244973016E+00,+89.13316248E-03,+85.17584205E-03
+113.62000E-06,+1.01702253154E+00,+1.37154520676E+00,+92.90200661E-03,+75.75373162E-03
+113.64500E-06,+998.17831069E-03,+1.34013817186E+00,+83.47989619E-03,+85.17584205E-03
+113.67000E-06,+1.03712303384E+00,+1.37154520676E+00,+143.15326236E-03,+46.85925962E-03
+113.69500E-06,+998.17831069E-03,+1.33134420216E+00,+89.13316248E-03,+70.72860605E-03
+113.72000E-06,+1.01702253154E+00,+1.33134420216E+00,+102.32411704E-03,+85.17584205E-03
+113.74500E-06,+1.03837931529E+00,+1.26853013238E+00,+103.58039849E-03,+80.77885719E-03
+113.77000E-06,+1.03712303384E+00,+1.04868088855E+00,+124.30904150E-03,+85.17584205E-03
+113.79500E-06,+1.03837931529E+00,+1.04993717000E+00,+109.23366478E-03,+119.72358034E-03
+113.82000E-06,+979.33408984E-03,+990.89194455E-03,+62.12311245E-03,+54.39694788E-03
+113.84500E-06,+957.97730610E-03,+969.53516081E-03,+110.48994623E-03,+96.48237464E-03
+113.87000E-06,+1.03963559673E+00,+1.08888189315E+00,+83.47989619E-03,+64.44719903E-03
+113.89500E-06,+946.67077350E-03,+998.42963281E-03,+72.17336359E-03,+70.72860605E-03
+113.92000E-06,+1.05722353614E+00,+1.01224872829E+00,+92.90200661E-03,+66.33162119E-03
+113.94500E-06,+998.17831069E-03,+1.17054018378E+00,+83.47989619E-03,+89.57282690E-03
+113.97000E-06,+1.00069087358E+00,+1.33134420216E+00,+102.95225776E-03,+65.70348047E-03
+113.99500E-06,+1.02707278269E+00,+1.33134420216E+00,+103.58039849E-03,+70.72860605E-03
+114.02000E-06,+1.03586675240E+00,+1.33134420216E+00,+123.68090078E-03,+85.17584205E-03
+114.04500E-06,+1.02958534558E+00,+1.33134420216E+00,+72.17336359E-03,+100.87935949E-03
+114.07000E-06,+998.17831069E-03,+1.33134420216E+00,+84.10803691E-03,+104.64820362E-03
+114.09500E-06,+1.02707278269E+00,+1.31375626275E+00,+97.92713219E-03,+85.17584205E-03
+114.12000E-06,+979.33408984E-03,+1.33134420216E+00,+83.47989619E-03,+85.17584205E-03
+114.14500E-06,+1.00697228040E+00,+1.25973616267E+00,+83.47989619E-03,+80.77885720E-03
+114.17000E-06,+999.43459214E-03,+1.01099244685E+00,+122.42461934E-03,+85.17584205E-03
+114.19500E-06,+1.03837931529E+00,+1.02104269800E+00,+118.02763449E-03,+70.72860605E-03
+114.22000E-06,+1.01953509444E+00,+1.00973616540E+00,+64.63567534E-03,+105.27634434E-03
+114.24500E-06,+1.03837931529E+00,+1.04114320030E+00,+63.37939389E-03,+100.87935949E-03
+114.27000E-06,+999.43459214E-03,+972.04772370E-03,+82.85175546E-03,+126.00498736E-03
+114.29500E-06,+1.03837931529E+00,+1.03863063740E+00,+83.47989619E-03,+125.37684664E-03
+114.32000E-06,+1.01953509444E+00,+1.00722360251E+00,+63.37939389E-03,+125.37684664E-03
+114.34500E-06,+957.97730610E-03,+1.14415827467E+00,+58.98240904E-03,+145.47734894E-03
+114.37000E-06,+1.07606775699E+00,+1.37154520676E+00,+43.90703232E-03,+144.22106749E-03
+114.39500E-06,+980.59037129E-03,+1.32003766957E+00,+48.93215789E-03,+116.58287694E-03
+114.42000E-06,+1.03837931529E+00,+1.37154520676E+00,+21.92210785E-03,+136.05523851E-03
+114.44500E-06,+998.17831069E-03,+1.29993716727E+00,+43.27889159E-03,+161.18086638E-03
+114.47000E-06,+1.03712303384E+00,+1.33260048361E+00,+62.12311244E-03,+124.74870592E-03
+114.49500E-06,+1.03837931529E+00,+1.37154520676E+00,+28.83165559E-03,+151.13061524E-03
+114.52000E-06,+998.17831069E-03,+1.35018842301E+00,+43.27889159E-03,+125.37684664E-03
+114.54500E-06,+1.02958534558E+00,+1.25094219297E+00,+63.37939389E-03,+129.77383149E-03
+114.57000E-06,+996.92202925E-03,+1.04742460711E+00,+82.85175546E-03,+126.00498736E-03
+114.59500E-06,+1.03837931529E+00,+1.07883164200E+00,+43.27889159E-03,+145.47734894E-03
+114.62000E-06,+998.17831069E-03,+1.00973616540E+00,+52.70100202E-03,+145.47734894E-03
+114.64500E-06,+1.02958534558E+00,+1.00973616540E+00,+54.58542419E-03,+156.78388153E-03
+114.67000E-06,+960.48986899E-03,+1.04868088855E+00,+43.27889159E-03,+145.47734894E-03
+114.69500E-06,+1.00948484329E+00,+1.03863063740E+00,+37.62562530E-03,+110.92961064E-03
+114.72000E-06,+1.01702253154E+00,+990.89194455E-03,+52.70100202E-03,+144.22106749E-03
+114.74500E-06,+998.17831069E-03,+1.15295224438E+00,+58.98240904E-03,+161.18086638E-03
+114.77000E-06,+1.03837931529E+00,+1.33134420216E+00,+43.27889159E-03,+126.00498736E-03
+114.79500E-06,+980.59037129E-03,+1.31375626276E+00,+63.37939389E-03,+125.37684664E-03
+114.82000E-06,+1.03837931529E+00,+1.37154520676E+00,+53.95728346E-03,+124.12056520E-03
+114.84500E-06,+1.02079137588E+00,+1.33134420216E+00,+58.98240904E-03,+134.17081634E-03
+114.87000E-06,+960.48986899E-03,+1.37028892531E+00,+43.90703232E-03,+125.37684664E-03
+114.89500E-06,+998.17831069E-03,+1.33134420216E+00,+48.93215789E-03,+136.68337924E-03
+114.92000E-06,+998.17831069E-03,+1.35270098590E+00,+24.43467074E-03,+145.47734894E-03
+114.94500E-06,+998.17831069E-03,+1.29993716727E+00,+58.98240904E-03,+105.27634434E-03
+114.97000E-06,+996.92202925E-03,+1.04993717000E+00,+82.22361474E-03,+105.90448507E-03
+114.99500E-06,+1.02707278269E+00,+1.04993717000E+00,+40.13818819E-03,+145.47734894E-03
+115.02000E-06,+998.17831069E-03,+1.02858038626E+00,+52.70100202E-03,+145.47734894E-03
+115.04500E-06,+998.17831069E-03,+1.05873113970E+00,+47.67587644E-03,+129.77383149E-03
+115.07000E-06,+998.17831069E-03,+1.00973616540E+00,+43.90703232E-03,+145.47734894E-03
+115.09500E-06,+998.17831069E-03,+1.00973616540E+00,+77.82662989E-03,+139.82408264E-03
+115.12000E-06,+1.01953509444E+00,+1.04993717000E+00,+52.70100202E-03,+134.79895707E-03
+115.14500E-06,+1.00697228039E+00,+1.12154520949E+00,+43.27889159E-03,+161.18086638E-03
+115.17000E-06,+1.03837931529E+00,+1.33134420216E+00,+23.80653002E-03,+164.94971051E-03
+115.19500E-06,+969.28383869E-03,+1.34265073476E+00,+28.83165559E-03,+145.47734894E-03
+115.22000E-06,+1.03837931529E+00,+1.35270098590E+00,+31.34421827E-03,+134.79895707E-03
+115.24500E-06,+1.00697228039E+00,+1.36275123705E+00,+38.88190674E-03,+134.17081634E-03
+115.27000E-06,+1.03963559673E+00,+1.33134420216E+00,+24.43467074E-03,+145.47734894E-03
+115.29500E-06,+1.03837931529E+00,+1.36023867416E+00,+37.62562530E-03,+116.58287694E-03
+115.32000E-06,+1.03837931529E+00,+1.37154520676E+00,+52.70100202E-03,+105.27634434E-03
+115.34500E-06,+998.17831069E-03,+1.26853013238E+00,+43.27889159E-03,+109.67332919E-03
+115.37000E-06,+998.17831069E-03,+1.00973616540E+00,+82.85175546E-03,+145.47734894E-03
+115.39500E-06,+1.03837931529E+00,+1.02104269800E+00,+48.93215789E-03,+139.82408264E-03
+115.42000E-06,+1.01953509444E+00,+1.00973616540E+00,+53.95728347E-03,+136.05523851E-03
+115.44500E-06,+1.02958534559E+00,+1.01853013511E+00,+43.27889159E-03,+145.47734894E-03
+115.47000E-06,+998.17831069E-03,+1.00847988396E+00,+43.90703232E-03,+126.00498736E-03
+115.49500E-06,+1.00948484329E+00,+1.04993717000E+00,+43.27889159E-03,+110.92961064E-03
+115.52000E-06,+1.01702253154E+00,+1.03109294915E+00,+72.80150432E-03,+136.05523851E-03
+115.54500E-06,+998.17831069E-03,+1.18435927927E+00,+74.68592649E-03,+129.77383149E-03
+115.57000E-06,+1.03837931529E+00,+1.33134420216E+00,+43.90703232E-03,+125.37684664E-03
+115.59500E-06,+998.17831069E-03,+1.36023867416E+00,+72.17336359E-03,+105.27634434E-03
+115.62000E-06,+1.03837931529E+00,+1.35270098591E+00,+43.27889159E-03,+134.79895707E-03
+115.64500E-06,+1.02958534559E+00,+1.33134420216E+00,+38.88190674E-03,+145.47734894E-03
+115.67000E-06,+998.17831069E-03,+1.37028892531E+00,+62.75125317E-03,+125.37684664E-03
+115.69500E-06,+1.02079137588E+00,+1.33134420216E+00,+57.72612759E-03,+151.13061524E-03
+115.72000E-06,+1.03837931529E+00,+1.31249998131E+00,+35.11306262E-03,+124.12056519E-03
+115.74500E-06,+1.03837931529E+00,+1.22832912778E+00,+23.17838930E-03,+125.37684664E-03
+115.77000E-06,+999.43459214E-03,+1.04868088855E+00,+42.65075087E-03,+126.00498737E-03
+115.79500E-06,+1.01576625009E+00,+1.03863063740E+00,+57.72612759E-03,+151.13061524E-03
+115.82000E-06,+1.00069087359E+00,+1.00973616540E+00,+52.70100202E-03,+136.05523851E-03
+115.84500E-06,+1.06099238048E+00,+1.07255023519E+00,+43.27889159E-03,+125.37684664E-03
+115.87000E-06,+999.43459214E-03,+1.01099244685E+00,+42.65075087E-03,+145.47734894E-03
+115.89500E-06,+998.17831069E-03,+1.02104269800E+00,+63.37939389E-03,+134.17081634E-03
+115.92000E-06,+1.01953509444E+00,+1.02858038625E+00,+44.53517304E-03,+156.15574081E-03
+115.94500E-06,+1.02958534559E+00,+1.15295224438E+00,+43.27889159E-03,+176.88438383E-03
+115.97000E-06,+1.07732403843E+00,+1.33134420216E+00,+23.17838930E-03,+163.69342906E-03
+115.99500E-06,+969.28383869E-03,+1.32003766956E+00,+48.93215789E-03,+125.37684664E-03
+116.02000E-06,+1.03837931529E+00,+1.37154520676E+00,+62.12311244E-03,+114.69845477E-03
+116.04500E-06,+1.00697228039E+00,+1.33134420216E+00,+63.37939389E-03,+125.37684664E-03
+116.07000E-06,+1.03712303384E+00,+1.37154520676E+00,+62.75125317E-03,+144.84920821E-03
+116.09500E-06,+1.03837931529E+00,+1.33134420216E+00,+57.72612759E-03,+125.37684664E-03
+116.12000E-06,+1.03837931529E+00,+1.35018842301E+00,+52.70100202E-03,+85.17584205E-03
+116.14500E-06,+1.00697228039E+00,+1.25973616267E+00,+67.77637874E-03,+105.27634434E-03
+116.17000E-06,+1.03712303384E+00,+1.00973616540E+00,+64.00753461E-03,+105.90448507E-03
+116.19500E-06,+1.03837931529E+00,+1.07883164200E+00,+77.82662989E-03,+105.27634434E-03
+116.22000E-06,+1.01953509444E+00,+1.03109294915E+00,+63.37939389E-03,+125.37684664E-03
+116.24500E-06,+1.02079137589E+00,+1.00973616540E+00,+94.78642878E-03,+120.97986179E-03
+116.27000E-06,+1.03712303384E+00,+1.04868088855E+00,+44.53517304E-03,+124.74870592E-03
+116.29500E-06,+1.03837931529E+00,+1.00973616540E+00,+57.72612759E-03,+125.37684664E-03
+116.32000E-06,+1.01702253154E+00,+1.00973616540E+00,+94.15828806E-03,+125.37684664E-03
+116.34500E-06,+1.02958534559E+00,+1.16174621408E+00,+63.37939389E-03,+129.77383149E-03
+116.37000E-06,+999.43459214E-03,+1.33134420216E+00,+82.22361474E-03,+105.27634434E-03
+116.39500E-06,+998.17831069E-03,+1.30244973016E+00,+52.07286129E-03,+119.72358034E-03
+116.42000E-06,+1.03586675239E+00,+1.33134420216E+00,+32.60049972E-03,+136.05523851E-03
+116.44500E-06,+998.17831069E-03,+1.29993716727E+00,+18.78140445E-03,+125.37684664E-03
+116.47000E-06,+999.43459214E-03,+1.33134420216E+00,+42.65075087E-03,+126.00498737E-03
+116.49500E-06,+1.00948484329E+00,+1.34265073476E+00,+23.17838930E-03,+151.13061524E-03
+116.52000E-06,+998.17831069E-03,+1.31249998131E+00,+33.85678117E-03,+134.79895707E-03
+116.54500E-06,+1.00697228039E+00,+1.29993716727E+00,+23.17838930E-03,+145.47734894E-03
+116.57000E-06,+998.17831069E-03,+1.00973616540E+00,+82.22361474E-03,+107.16076652E-03
+116.59500E-06,+1.02707278269E+00,+1.04993717000E+00,+69.03266019E-03,+145.47734894E-03
+116.62000E-06,+1.01953509444E+00,+1.02858038625E+00,+53.95728347E-03,+126.63312809E-03
+116.64500E-06,+1.02958534559E+00,+1.00973616540E+00,+47.67587644E-03,+125.37684664E-03
+116.67000E-06,+999.43459214E-03,+1.01099244685E+00,+82.22361474E-03,+106.53262579E-03
+116.69500E-06,+1.02707278269E+00,+1.00973616540E+00,+69.03266019E-03,+125.37684664E-03
+116.72000E-06,+1.01953509444E+00,+1.03109294915E+00,+43.27889159E-03,+156.15574081E-03
+116.74500E-06,+998.17831069E-03,+1.15295224438E+00,+43.27889159E-03,+145.47734894E-03
+116.77000E-06,+1.00069087359E+00,+1.33134420216E+00,+43.90703232E-03,+145.47734894E-03
+116.79500E-06,+980.59037129E-03,+1.30244973016E+00,+54.58542419E-03,+139.82408264E-03
+116.82000E-06,+998.17831069E-03,+1.33134420216E+00,+32.60049972E-03,+125.37684664E-03
+116.84500E-06,+1.03837931529E+00,+1.34013817186E+00,+43.27889159E-03,+149.87433379E-03
+116.87000E-06,+1.03963559674E+00,+1.33134420216E+00,+43.90703232E-03,+145.47734894E-03
+116.89500E-06,+1.00948484329E+00,+1.35395726736E+00,+43.27889159E-03,+139.82408264E-03
+116.92000E-06,+998.17831069E-03,+1.35018842301E+00,+52.70100202E-03,+146.73363039E-03
+116.94500E-06,+1.00697228039E+00,+1.29993716727E+00,+43.27889159E-03,+145.47734894E-03
+116.97000E-06,+1.03712303384E+00,+1.04993717000E+00,+43.90703232E-03,+145.47734894E-03
+116.99500E-06,+1.03837931529E+00,+1.04993717000E+00,+43.27889159E-03,+131.03011294E-03
+117.02000E-06,+998.17831069E-03,+1.00973616540E+00,+53.95728347E-03,+125.37684664E-03
+117.04500E-06,+1.00697228039E+00,+1.03234923060E+00,+54.58542419E-03,+120.97986179E-03
+117.07000E-06,+1.03712303384E+00,+1.01099244685E+00,+24.43467075E-03,+126.63312809E-03
+117.09500E-06,+1.00948484329E+00,+1.00973616540E+00,+43.27889159E-03,+125.37684664E-03
+117.12000E-06,+976.82152695E-03,+1.00973616540E+00,+53.95728347E-03,+134.79895707E-03
+117.14500E-06,+1.00697228039E+00,+1.13913314889E+00,+74.68592649E-03,+141.08036409E-03
+117.17000E-06,+999.43459214E-03,+1.33260048361E+00,+82.85175546E-03,+144.84920821E-03
+117.19500E-06,+998.17831069E-03,+1.30244973016E+00,+77.82662989E-03,+131.03011294E-03
+117.22000E-06,+1.05973609903E+00,+1.33134420216E+00,+53.95728347E-03,+145.47734894E-03
+117.24500E-06,+1.00697228039E+00,+1.34013817186E+00,+38.88190674E-03,+149.87433379E-03
+117.27000E-06,+1.03837931529E+00,+1.37028892531E+00,+42.65075087E-03,+145.47734894E-03
+117.29500E-06,+998.17831069E-03,+1.33134420216E+00,+23.17838930E-03,+139.82408264E-03
+117.32000E-06,+1.05722353614E+00,+1.33134420216E+00,+24.43467075E-03,+125.37684664E-03
+117.34500E-06,+998.17831069E-03,+1.22832912778E+00,+11.87185670E-03,+129.77383149E-03
+117.37000E-06,+999.43459214E-03,+1.01099244685E+00,+62.12311244E-03,+107.16076652E-03
+117.39500E-06,+1.03837931529E+00,+1.04993717000E+00,+63.37939389E-03,+139.82408264E-03
+117.42000E-06,+1.01953509444E+00,+1.00973616540E+00,+63.37939389E-03,+125.37684664E-03
+117.44500E-06,+1.03837931529E+00,+1.00973616540E+00,+67.77637874E-03,+125.37684664E-03
+117.47000E-06,+1.03712303384E+00,+1.00973616540E+00,+102.95225776E-03,+126.00498737E-03
+117.49500E-06,+1.02707278269E+00,+1.02732410480E+00,+77.82662989E-03,+125.37684664E-03
+117.52000E-06,+1.01702253154E+00,+988.37938166E-03,+74.05778576E-03,+125.37684664E-03
+117.54500E-06,+966.77127580E-03,+1.14415827469E+00,+58.98240904E-03,+134.17081634E-03
+117.57000E-06,+999.43459214E-03,+1.33260048361E+00,+62.75125317E-03,+145.47734894E-03
+117.59500E-06,+998.17831069E-03,+1.29114319757E+00,+14.38441960E-03,+145.47734894E-03
+117.62000E-06,+1.01953509444E+00,+1.37154520676E+00,+32.60049972E-03,+126.63312809E-03
+117.64500E-06,+1.02958534559E+00,+1.29993716727E+00,+43.27889159E-03,+129.77383149E-03
+117.67000E-06,+998.17831069E-03,+1.33260048361E+00,+43.90703232E-03,+125.37684664E-03
+117.69500E-06,+1.00948484329E+00,+1.36023867416E+00,+28.83165560E-03,+125.37684664E-03
+117.72000E-06,+998.17831069E-03,+1.39290199050E+00,+32.60049972E-03,+145.47734894E-03
+117.74500E-06,+1.07858031988E+00,+1.22832912777E+00,+58.98240904E-03,+114.07031404E-03
+117.77000E-06,+999.43459214E-03,+1.01099244685E+00,+63.37939389E-03,+146.10548966E-03
+117.79500E-06,+1.04968584789E+00,+1.00973616540E+00,+43.27889159E-03,+139.82408264E-03
+117.82000E-06,+979.33408984E-03,+1.04993717000E+00,+52.70100202E-03,+145.47734894E-03
+117.84500E-06,+998.17831069E-03,+1.00973616540E+00,+58.98240904E-03,+125.37684664E-03
+117.87000E-06,+959.23358755E-03,+1.01099244685E+00,+63.37939389E-03,+125.37684664E-03
+117.89500E-06,+998.17831069E-03,+1.00973616540E+00,+63.37939389E-03,+131.03011294E-03
+117.92000E-06,+1.03837931529E+00,+1.03109294915E+00,+62.12311244E-03,+124.12056519E-03
+117.94500E-06,+998.17831069E-03,+1.15295224439E+00,+67.77637874E-03,+141.08036409E-03
+117.97000E-06,+999.43459214E-03,+1.37028892531E+00,+63.37939389E-03,+125.37684664E-03
+117.99500E-06,+998.17831069E-03,+1.30244973017E+00,+69.03266019E-03,+76.38187235E-03
+118.02000E-06,+1.03586675239E+00,+1.33134420216E+00,+63.37939389E-03,+105.27634434E-03
+118.04500E-06,+1.02958534559E+00,+1.30873113696E+00,+54.58542419E-03,+125.37684664E-03
+118.07000E-06,+999.43459214E-03,+1.33134420216E+00,+25.06281147E-03,+126.00498737E-03
+118.09500E-06,+986.87177809E-03,+1.33134420216E+00,+37.62562529E-03,+139.82408264E-03
+118.12000E-06,+1.01953509444E+00,+1.33134420216E+00,+45.79145449E-03,+134.79895706E-03
+118.14500E-06,+1.03837931529E+00,+1.22832912777E+00,+31.97235899E-03,+93.96981175E-03
+118.17000E-06,+998.17831069E-03,+1.01099244685E+00,+62.75125317E-03,+106.53262579E-03
+118.19500E-06,+1.03837931529E+00,+1.04993717000E+00,+57.72612759E-03,+119.72358034E-03
+118.22000E-06,+1.01953509444E+00,+1.00973616540E+00,+64.63567534E-03,+125.37684664E-03
+118.24500E-06,+998.17831069E-03,+1.04114320030E+00,+63.37939389E-03,+141.08036409E-03
+118.27000E-06,+998.17831069E-03,+970.79144226E-03,+62.75125317E-03,+126.63312809E-03
+118.29500E-06,+1.03837931529E+00,+1.00973616540E+00,+63.37939389E-03,+125.37684664E-03
+118.32000E-06,+1.01953509444E+00,+1.00973616540E+00,+43.27889159E-03,+145.47734894E-03
+118.34500E-06,+1.02958534559E+00,+1.15295224439E+00,+58.98240904E-03,+145.47734894E-03
+118.37000E-06,+1.03837931529E+00,+1.33134420216E+00,+42.65075087E-03,+144.84920821E-03
+118.39500E-06,+980.59037130E-03,+1.33134420216E+00,+43.27889159E-03,+131.03011294E-03
+118.42000E-06,+1.01702253154E+00,+1.35018842301E+00,+43.27889159E-03,+136.05523852E-03
+118.44500E-06,+966.77127580E-03,+1.34013817186E+00,+43.27889159E-03,+125.37684664E-03
+118.47000E-06,+1.07606775698E+00,+1.33260048361E+00,+42.65075087E-03,+144.22106749E-03
+118.49500E-06,+1.03837931529E+00,+1.36023867416E+00,+28.83165560E-03,+145.47734894E-03
+118.52000E-06,+1.01953509444E+00,+1.35270098591E+00,+42.02261014E-03,+115.95473622E-03
+118.54500E-06,+1.03837931529E+00,+1.22832912777E+00,+58.98240904E-03,+105.27634434E-03
+118.57000E-06,+1.03586675239E+00,+1.04742460710E+00,+82.85175546E-03,+105.90448507E-03
+118.59500E-06,+1.04968584789E+00,+1.03863063740E+00,+48.93215789E-03,+154.27131864E-03
+118.62000E-06,+998.17831069E-03,+1.02858038625E+00,+52.70100202E-03,+145.47734894E-03
+118.64500E-06,+1.03837931529E+00,+1.01853013510E+00,+50.18843934E-03,+145.47734894E-03
+118.67000E-06,+999.43459214E-03,+1.00973616540E+00,+23.80653002E-03,+165.57785124E-03
+118.69500E-06,+986.87177809E-03,+998.42963280E-03,+28.83165560E-03,+125.37684664E-03
+118.72000E-06,+998.17831069E-03,+1.01224872831E+00,+43.27889159E-03,+134.79895706E-03
+118.74500E-06,+1.02958534559E+00,+1.17054018378E+00,+58.98240904E-03,+181.28136868E-03
+118.77000E-06,+1.03837931529E+00,+1.33008792071E+00,+42.65075087E-03,+145.47734894E-03
+118.79500E-06,+986.87177809E-03,+1.34893214156E+00,+57.72612759E-03,+131.03011294E-03
+118.82000E-06,+1.03586675238E+00,+1.33134420216E+00,+72.80150431E-03,+114.69845477E-03
+118.84500E-06,+1.02958534559E+00,+1.33134420216E+00,+74.68592649E-03,+145.47734894E-03
+118.87000E-06,+1.03837931529E+00,+1.33134420216E+00,+43.90703232E-03,+105.27634434E-03
+118.89500E-06,+1.02707278269E+00,+1.33134420216E+00,+48.93215789E-03,+139.82408264E-03
+118.92000E-06,+1.01953509444E+00,+1.31249998131E+00,+33.85678117E-03,+125.37684664E-03
+118.94500E-06,+1.02958534559E+00,+1.23712309747E+00,+43.27889159E-03,+89.57282690E-03
+118.97000E-06,+959.23358755E-03,+1.04993717000E+00,+43.27889159E-03,+105.90448507E-03
+118.99500E-06,+998.17831069E-03,+1.03863063740E+00,+69.03266019E-03,+119.72358034E-03
+119.02000E-06,+1.01953509444E+00,+1.00973616540E+00,+83.47989619E-03,+125.37684664E-03
+119.04500E-06,+1.02958534559E+00,+1.03234923060E+00,+63.37939389E-03,+105.27634434E-03
+119.07000E-06,+999.43459214E-03,+973.30400516E-03,+82.22361474E-03,+105.90448507E-03
+119.09500E-06,+1.02707278269E+00,+1.03863063740E+00,+77.82662989E-03,+125.37684664E-03
+119.12000E-06,+1.01953509444E+00,+1.04993717000E+00,+74.05778576E-03,+136.05523852E-03
+119.14500E-06,+966.77127579E-03,+1.17054018378E+00,+58.98240904E-03,+141.08036409E-03
+119.17000E-06,+1.03837931529E+00,+1.33134420216E+00,+64.00753462E-03,+145.47734894E-03
+119.19500E-06,+998.17831069E-03,+1.34893214156E+00,+43.27889159E-03,+110.92961064E-03
+119.22000E-06,+1.01953509444E+00,+1.35270098591E+00,+32.60049972E-03,+134.79895706E-03
+119.24500E-06,+1.00697228039E+00,+1.33134420216E+00,+47.67587644E-03,+141.08036409E-03
+119.27000E-06,+1.03712303384E+00,+1.33008792071E+00,+43.27889159E-03,+126.00498737E-03
+119.29500E-06,+1.03837931529E+00,+1.33134420216E+00,+48.93215789E-03,+119.72358034E-03
+119.32000E-06,+998.17831069E-03,+1.33134420216E+00,+53.95728347E-03,+125.37684664E-03
+119.34500E-06,+1.06978635018E+00,+1.25973616267E+00,+58.98240904E-03,+109.67332919E-03
+119.37000E-06,+998.17831069E-03,+1.01099244686E+00,+102.32411703E-03,+144.84920821E-03
+119.39500E-06,+1.06727378728E+00,+1.04993717000E+00,+63.37939389E-03,+145.47734894E-03
+119.42000E-06,+998.17831069E-03,+1.04993717000E+00,+63.37939389E-03,+134.79895706E-03
+119.44500E-06,+1.02958534559E+00,+1.00973616540E+00,+54.58542419E-03,+109.67332919E-03
+119.47000E-06,+999.43459214E-03,+1.00973616540E+00,+43.90703232E-03,+124.74870592E-03
+119.49500E-06,+998.17831069E-03,+1.03863063740E+00,+57.72612759E-03,+134.17081634E-03
+119.52000E-06,+1.01702253154E+00,+1.03109294915E+00,+62.12311244E-03,+95.85423392E-03
+119.54500E-06,+998.17831069E-03,+1.15295224439E+00,+94.78642879E-03,+129.77383149E-03
+119.57000E-06,+1.03837931529E+00,+1.37028892530E+00,+63.37939389E-03,+144.84920821E-03
+119.59500E-06,+998.17831069E-03,+1.33134420216E+00,+52.07286129E-03,+110.92961064E-03
+119.62000E-06,+1.03837931529E+00,+1.35270098591E+00,+33.85678117E-03,+125.37684664E-03
+119.64500E-06,+1.02958534559E+00,+1.37154520676E+00,+38.88190674E-03,+114.07031404E-03
+119.67000E-06,+999.43459214E-03,+1.29365576047E+00,+43.90703232E-03,+126.00498737E-03
+119.69500E-06,+1.00948484329E+00,+1.34265073476E+00,+37.62562529E-03,+136.68337924E-03
+119.72000E-06,+1.04089187819E+00,+1.31249998132E+00,+32.60049972E-03,+145.47734894E-03
+119.74500E-06,+1.03837931529E+00,+1.26853013236E+00,+16.26884154E-03,+114.07031404E-03
+119.77000E-06,+998.17831069E-03,+1.04868088855E+00,+42.02261014E-03,+126.00498737E-03
+119.79500E-06,+1.06727378728E+00,+1.06124370260E+00,+28.83165560E-03,+134.17081634E-03
+119.82000E-06,+979.33408985E-03,+1.04993717000E+00,+74.05778577E-03,+134.79895706E-03
+119.84500E-06,+1.03837931529E+00,+1.08134420490E+00,+63.37939389E-03,+129.77383149E-03
+119.87000E-06,+999.43459214E-03,+1.00973616540E+00,+63.37939389E-03,+144.84920821E-03
+119.89500E-06,+1.03837931529E+00,+1.00973616540E+00,+63.37939389E-03,+119.72358034E-03
+119.92000E-06,+998.17831069E-03,+1.00973616540E+00,+53.95728347E-03,+145.47734894E-03
+119.94500E-06,+998.17831069E-03,+1.16174621409E+00,+47.67587644E-03,+141.08036409E-03
+119.97000E-06,+1.03712303383E+00,+1.33260048361E+00,+62.75125316E-03,+126.00498737E-03
+119.99500E-06,+969.28383870E-03,+1.32003766956E+00,+34.48492190E-03,+139.82408264E-03
+120.02000E-06,+1.01702253154E+00,+1.33134420216E+00,+53.95728347E-03,+126.63312809E-03
+120.04500E-06,+989.38434100E-03,+1.36275123706E+00,+47.67587644E-03,+129.77383149E-03
+120.07000E-06,+998.17831069E-03,+1.41048992990E+00,+62.75125316E-03,+144.22106749E-03
+120.09500E-06,+998.17831069E-03,+1.33134420216E+00,+28.83165560E-03,+131.03011294E-03
+120.12000E-06,+998.17831069E-03,+1.35018842301E+00,+43.27889159E-03,+105.27634434E-03
+120.14500E-06,+1.03837931529E+00,+1.23712309747E+00,+58.98240904E-03,+129.77383149E-03
+120.17000E-06,+1.03712303383E+00,+1.04993717000E+00,+64.00753462E-03,+145.47734894E-03
+120.19500E-06,+1.04968584789E+00,+1.03863063740E+00,+48.93215789E-03,+139.82408264E-03
+120.22000E-06,+998.17831069E-03,+1.00973616540E+00,+63.37939389E-03,+154.89945936E-03
+120.24500E-06,+1.06099238049E+00,+1.04114320030E+00,+58.98240904E-03,+141.08036409E-03
+120.27000E-06,+999.43459215E-03,+1.00973616540E+00,+43.27889159E-03,+126.00498737E-03
+120.29500E-06,+1.00948484329E+00,+1.00973616540E+00,+52.07286129E-03,+105.27634434E-03
+120.32000E-06,+1.01702253154E+00,+1.02858038625E+00,+42.02261014E-03,+136.05523852E-03
+120.34500E-06,+1.02958534559E+00,+1.16174621409E+00,+54.58542419E-03,+176.88438384E-03
+120.37000E-06,+1.03837931529E+00,+1.33260048361E+00,+23.80653002E-03,+126.00498737E-03
+120.39500E-06,+998.17831069E-03,+1.32003766956E+00,+57.72612759E-03,+110.92961064E-03
+120.42000E-06,+1.03837931529E+00,+1.33385676507E+00,+43.27889159E-03,+134.79895706E-03
+120.44500E-06,+1.02958534559E+00,+1.34013817186E+00,+43.27889159E-03,+129.77383149E-03
+120.47000E-06,+1.03837931529E+00,+1.33134420216E+00,+62.75125316E-03,+144.84920821E-03
+120.49500E-06,+1.03837931529E+00,+1.33134420216E+00,+43.27889159E-03,+110.92961064E-03
+120.52000E-06,+1.01953509444E+00,+1.30998741841E+00,+43.27889159E-03,+145.47734894E-03
+120.54500E-06,+975.56524549E-03,+1.25973616267E+00,+43.27889159E-03,+129.77383149E-03
+120.57000E-06,+1.03586675238E+00,+1.00973616540E+00,+82.22361473E-03,+124.74870591E-03
+120.59500E-06,+1.03837931529E+00,+1.04993717000E+00,+63.37939389E-03,+110.92961064E-03
+120.62000E-06,+1.01953509444E+00,+969.53516081E-03,+83.47989619E-03,+145.47734894E-03
+120.64500E-06,+1.03837931529E+00,+1.04114320030E+00,+31.97235899E-03,+125.37684664E-03
+120.67000E-06,+959.23358755E-03,+1.00973616540E+00,+43.27889159E-03,+126.00498737E-03
+120.69500E-06,+1.02707278268E+00,+998.42963280E-03,+48.93215789E-03,+125.37684664E-03
+120.72000E-06,+998.17831069E-03,+1.00973616540E+00,+43.27889159E-03,+144.22106749E-03
+120.74500E-06,+1.00697228039E+00,+1.16174621409E+00,+43.27889159E-03,+161.18086639E-03
+120.77000E-06,+1.07732403843E+00,+1.33134420216E+00,+43.90703232E-03,+145.47734894E-03
+120.79500E-06,+998.17831069E-03,+1.33134420216E+00,+28.83165560E-03,+145.47734894E-03
+120.82000E-06,+1.01702253154E+00,+1.33134420216E+00,+21.92210784E-03,+145.47734894E-03
+120.84500E-06,+1.00697228039E+00,+1.34013817186E+00,+34.48492190E-03,+129.77383149E-03
+120.87000E-06,+998.17831069E-03,+1.33134420216E+00,+82.85175546E-03,+125.37684664E-03
+120.89500E-06,+998.17831069E-03,+1.34265073476E+00,+43.27889159E-03,+139.82408264E-03
+120.92000E-06,+1.01953509444E+00,+1.33134420216E+00,+32.60049972E-03,+125.37684664E-03
+120.94500E-06,+1.00697228039E+00,+1.29114319757E+00,+27.57537414E-03,+109.67332919E-03
+120.97000E-06,+1.03712303383E+00,+1.01099244686E+00,+43.27889159E-03,+144.84920821E-03
+120.99500E-06,+1.03837931529E+00,+1.03863063740E+00,+28.83165560E-03,+159.92458493E-03
+121.02000E-06,+1.01702253154E+00,+1.03109294916E+00,+52.70100201E-03,+154.89945936E-03
+121.04500E-06,+998.17831069E-03,+1.04114320030E+00,+47.67587644E-03,+145.47734894E-03
+121.07000E-06,+960.48986901E-03,+1.01099244686E+00,+43.90703232E-03,+145.47734894E-03
+121.09500E-06,+1.03837931529E+00,+1.02104269801E+00,+52.07286129E-03,+125.37684664E-03
+121.12000E-06,+1.01702253154E+00,+1.02858038625E+00,+43.27889159E-03,+134.79895706E-03
+121.14500E-06,+1.02958534559E+00,+1.20194721868E+00,+54.58542420E-03,+149.87433379E-03
+121.17000E-06,+1.03837931529E+00,+1.33134420216E+00,+43.90703232E-03,+124.74870591E-03
+121.19500E-06,+969.28383870E-03,+1.34265073476E+00,+34.48492190E-03,+139.82408264E-03
+121.22000E-06,+1.01702253154E+00,+1.35270098591E+00,+53.95728347E-03,+134.79895706E-03
+121.24500E-06,+1.03837931529E+00,+1.34013817186E+00,+58.98240904E-03,+129.77383149E-03
+121.27000E-06,+999.43459215E-03,+1.33134420216E+00,+43.27889159E-03,+144.84920821E-03
+121.29500E-06,+998.17831069E-03,+1.33134420216E+00,+37.62562529E-03,+139.82408264E-03
+121.32000E-06,+1.01953509444E+00,+1.33134420216E+00,+63.37939389E-03,+156.15574081E-03
+121.34500E-06,+966.77127579E-03,+1.30873113695E+00,+58.98240904E-03,+125.37684664E-03
+121.37000E-06,+957.97730610E-03,+1.04868088854E+00,+82.85175546E-03,+144.84920821E-03
+121.39500E-06,+1.03837931529E+00,+1.03863063740E+00,+14.38441960E-03,+139.82408264E-03
+121.42000E-06,+976.82152694E-03,+1.03109294916E+00,+83.47989619E-03,+136.05523852E-03
+121.44500E-06,+1.00697228039E+00,+1.07255023521E+00,+72.17336358E-03,+105.27634434E-03
+121.47000E-06,+998.17831069E-03,+970.79144226E-03,+63.37939389E-03,+85.80398277E-03
+121.49500E-06,,,,
