x-axis,1,2,3,4
second,Volt,Volt,Volt,Volt
-4.00000E-06,+1.34645099181E+00,+1.34682786826E+00,+1.36030145921E+00,+7.51257315E-03
-3.95000E-06,+1.34519471042E+00,+1.35185299383E+00,+1.36030145921E+00,+3.49247269E-03
-3.90000E-06,+1.34519471042E+00,+1.35687811940E+00,+1.35778889642E+00,+5.25126664E-03
-3.85000E-06,+1.34896355460E+00,+1.34934043104E+00,+1.34020095691E+00,+6.00503548E-03
-3.80000E-06,+1.36403893132E+00,+1.36441580777E+00,+1.32135673601E+00,+3.74372897E-03
-3.75000E-06,+1.35147611739E+00,+1.34557158686E+00,+1.36030145921E+00,+10.02513594E-03
-3.70000E-06,+1.36529521272E+00,+1.35687811940E+00,+1.34899492667E+00,+5.25126664E-03
-3.65000E-06,+1.36152636854E+00,+1.34557158686E+00,+1.35653261503E+00,+10.77890478E-03
-3.60000E-06,+1.34519471042E+00,+1.34557158686E+00,+1.32135673601E+00,+7.76382943E-03
-3.55000E-06,+1.36529521272E+00,+1.36567208916E+00,+1.37412055454E+00,+10.02513594E-03
-3.50000E-06,+1.36529521272E+00,+1.35436555662E+00,+1.35150748945E+00,+7.51257315E-03
-3.45000E-06,+1.37785802665E+00,+1.34934043104E+00,+1.36030145921E+00,+10.77890478E-03
-3.40000E-06,+1.36529521272E+00,+1.34808414965E+00,+1.36030145921E+00,+3.74372897E-03
-3.35000E-06,+1.35901380575E+00,+1.35185299383E+00,+1.34648236388E+00,+8.76885455E-03
-3.30000E-06,+1.36278264993E+00,+1.35436555662E+00,+1.33140698716E+00,+7.51257315E-03
-3.25000E-06,+1.36152636854E+00,+1.36190324498E+00,+1.37663311732E+00,+3.49247269E-03
-3.20000E-06,+1.36529521272E+00,+1.34682786826E+00,+1.36030145921E+00,+7.76382943E-03
-3.15000E-06,+1.34519471042E+00,+1.35310927522E+00,+1.36030145921E+00,+9.02011083E-03
-3.10000E-06,+1.34268214763E+00,+1.34557158686E+00,+1.34899492667E+00,+7.51257315E-03
-3.05000E-06,+1.35273239878E+00,+1.36567208916E+00,+1.32010045461E+00,+11.53267361E-03
-3.00000E-06,+1.36529521272E+00,+1.36441580777E+00,+1.35778889642E+00,-25.11521E-06
-2.95000E-06,+1.37157661968E+00,+1.36692837055E+00,+1.37412055454E+00,+3.49247269E-03
-2.90000E-06,+1.37660174526E+00,+1.34808414965E+00,+1.35150748945E+00,+5.25126664E-03
-2.85000E-06,+1.36152636854E+00,+1.34557158686E+00,+1.35276377085E+00,+3.49247269E-03
-2.80000E-06,+1.34645099181E+00,+1.34557158686E+00,+1.34145723830E+00,+7.76382943E-03
-2.75000E-06,+1.33137561509E+00,+1.34557158686E+00,+1.34773864527E+00,+7.51257315E-03
-2.70000E-06,+1.33640074066E+00,+1.35687811940E+00,+1.35778889642E+00,+7.51257315E-03
-2.65000E-06,+1.34519471042E+00,+1.36567208916E+00,+1.36030145921E+00,+11.53267361E-03
-2.60000E-06,+1.36403893132E+00,+1.36441580777E+00,+1.34145723830E+00,+11.28141733E-03
-2.55000E-06,+1.35147611739E+00,+1.34557158686E+00,+1.34648236388E+00,+7.51257315E-03
-2.50000E-06,+1.35398868017E+00,+1.35436555662E+00,+1.35150748945E+00,+5.75377920E-03
-2.45000E-06,+1.37785802665E+00,+1.34557158686E+00,+1.36030145921E+00,+7.51257315E-03
-2.40000E-06,+1.34519471042E+00,+1.34682786826E+00,+1.37663311732E+00,+3.99498525E-03
-2.35000E-06,+1.35901380575E+00,+1.34557158686E+00,+1.34648236388E+00,+4.74875409E-03
-2.30000E-06,+1.34519471042E+00,+1.34808414965E+00,+1.36030145921E+00,+7.51257315E-03
-2.25000E-06,+1.36529521272E+00,+1.34934043104E+00,+1.35653261503E+00,+1.73367874E-03
-2.20000E-06,+1.34519471042E+00,+1.34682786826E+00,+1.35904517781E+00,+7.51257315E-03
-2.15000E-06,+1.37911430805E+00,+1.35185299383E+00,+1.37412055454E+00,+11.78392989E-03
-2.10000E-06,+1.35650124296E+00,+1.35436555662E+00,+1.34899492667E+00,+11.53267361E-03
-2.05000E-06,+1.36529521272E+00,+1.34557158686E+00,+1.35653261503E+00,+3.49247269E-03
-2.00000E-06,+1.34645099181E+00,+1.34682786826E+00,+1.32135673601E+00,+11.78392989E-03
-1.95000E-06,+1.37911430805E+00,+1.34557158686E+00,+1.36030145921E+00,+10.02513594E-03
-1.90000E-06,+1.34519471042E+00,+1.34557158686E+00,+1.36030145921E+00,+7.51257315E-03
-1.85000E-06,+1.34519471042E+00,+1.38200374728E+00,+1.35276377085E+00,-527.62777E-06
-1.80000E-06,+1.36403893132E+00,+1.36441580777E+00,+1.36030145921E+00,+7.51257315E-03
-1.75000E-06,+1.34519471042E+00,+1.34557158686E+00,+1.34020095691E+00,+10.27639222E-03
-1.70000E-06,+1.35650124296E+00,+1.33677761711E+00,+1.34899492667E+00,+3.49247269E-03
-1.65000E-06,+1.34896355460E+00,+1.36190324498E+00,+1.36407030339E+00,+3.49247269E-03
-1.60000E-06,+1.38413943362E+00,+1.32798364735E+00,+1.35904517781E+00,+15.05026151E-03
-1.55000E-06,+1.34519471042E+00,+1.35185299383E+00,+1.36030145921E+00,+3.49247269E-03
-1.50000E-06,+1.35650124296E+00,+1.35687811940E+00,+1.35150748945E+00,+7.51257315E-03
-1.45000E-06,+1.34896355460E+00,+1.33300877293E+00,+1.35653261503E+00,+6.75880432E-03
-1.40000E-06,+1.36529521272E+00,+1.36441580777E+00,+1.35904517781E+00,+3.74372897E-03
-1.35000E-06,+1.35147611739E+00,+1.35185299383E+00,+1.36030145921E+00,+4.74875409E-03
-1.30000E-06,+1.34519471042E+00,+1.35436555662E+00,+1.35150748945E+00,+5.75377920E-03
-1.25000E-06,+1.34896355460E+00,+1.36190324498E+00,+1.34396980109E+00,+11.53267361E-03
-1.20000E-06,+1.34519471042E+00,+1.34557158686E+00,+1.35904517781E+00,+4.24624153E-03
-1.15000E-06,+1.36529521272E+00,+1.36567208916E+00,+1.36658286618E+00,+4.74875409E-03
-1.10000E-06,+1.34519471042E+00,+1.36567208916E+00,+1.35150748945E+00,+5.75377920E-03
-1.05000E-06,+1.36529521272E+00,+1.36190324498E+00,+1.32386929879E+00,+4.24624153E-03
-1.00000E-06,+1.34519471042E+00,+1.36441580777E+00,+1.35904517781E+00,+10.77890478E-03
-950.00E-09,+1.35775752435E+00,+1.35939068219E+00,+1.36030145921E+00,+4.74875409E-03
-900.00E-09,+1.35398868017E+00,+1.35436555662E+00,+1.34020095691E+00,+3.49247269E-03
-850.00E-09,+1.34896355460E+00,+1.32923992875E+00,+1.33140698716E+00,+11.53267361E-03
-800.00E-09,+1.34645099181E+00,+1.36567208916E+00,+1.33894467552E+00,+3.49247269E-03
-750.00E-09,+1.35901380575E+00,+1.35939068219E+00,+1.34648236388E+00,+9.02011083E-03
-700.00E-09,+1.37408918247E+00,+1.35687811940E+00,+1.34899492667E+00,+5.75377920E-03
-650.00E-09,+1.34896355460E+00,+1.34557158686E+00,+1.34020095691E+00,+10.77890478E-03
-600.00E-09,+1.36278264993E+00,+1.34557158686E+00,+1.32010045461E+00,+15.05026151E-03
-550.00E-09,+1.36529521272E+00,+1.36567208916E+00,+1.36030145921E+00,+10.27639222E-03
-500.00E-09,+1.34519471042E+00,+1.36567208916E+00,+1.35150748945E+00,+3.49247269E-03
-450.00E-09,+1.34896355460E+00,+1.34180274268E+00,+1.34020095691E+00,+3.49247269E-03
-400.00E-09,+1.32760677091E+00,+1.32672736596E+00,+1.34145723830E+00,+7.51257315E-03
-350.00E-09,+1.35273239878E+00,+1.36567208916E+00,+1.35402005224E+00,+6.00503548E-03
-300.00E-09,+1.37408918247E+00,+1.36567208916E+00,+1.02236176434E+00,+12.53769873E-03
-250.00E-09,+1.35273239878E+00,+1.36567208916E+00,+1.05125623639E+00,+16.30654291E-03
-200.00E-09,+1.36403893132E+00,+1.07923993142E+00,+1.01859292015E+00,+34.39699498E-03
-150.00E-09,+1.36529521272E+00,+1.02396355011E+00,+1.01105523179E+00,+10.27639222E-03
-100.00E-09,+1.36529521272E+00,+1.02396355011E+00,+1.01859292015E+00,+7.51257315E-03
-50.00E-09,+1.36529521272E+00,+1.00763189199E+00,+1.00226126204E+00,+7.51257315E-03
-0.0E+00,+1.34393842903E+00,+1.27270726603E+00,+1.01984920155E+00,-22.13566774E-03
+50.00E-09,+1.32509420812E+00,+1.32547108456E+00,+1.34020095691E+00,+1.98493502E-03
+100.00E-09,+1.35650124296E+00,+1.34557158686E+00,+1.36030145921E+00,+5.25126664E-03
+150.00E-09,+1.34896355460E+00,+1.39833540539E+00,+1.36030145921E+00,+11.53267361E-03
+200.00E-09,+1.38288315223E+00,+1.04029520822E+00,+1.33768839412E+00,+14.54774896E-03
+250.00E-09,+1.37157661968E+00,+1.01014445478E+00,+1.36658286618E+00,+12.78895501E-03
+300.00E-09,+1.34519471042E+00,+1.01265701756E+00,+1.35150748945E+00,+7.01006060E-03
+350.00E-09,+1.36152636854E+00,+1.02396355011E+00,+1.35653261503E+00,+10.02513594E-03
+400.00E-09,+1.30750626861E+00,+1.29029520554E+00,+1.32512558019E+00,-21.63315518E-03
+450.00E-09,+1.35273239878E+00,+1.34557158686E+00,+1.36783914757E+00,+2.23619130E-03
+500.00E-09,+1.34519471042E+00,+1.35687811940E+00,+1.34020095691E+00,+3.49247269E-03
+550.00E-09,+1.34519471042E+00,+1.36190324498E+00,+1.35276377085E+00,+7.51257315E-03
+600.00E-09,+1.36278264993E+00,+1.06039571052E+00,+1.35904517781E+00,+26.10553778E-03
+650.00E-09,+1.35147611739E+00,+1.03024495707E+00,+1.34648236388E+00,+14.29649268E-03
+700.00E-09,+1.34519471042E+00,+1.02396355011E+00,+1.34020095691E+00,+9.77387966E-03
+750.00E-09,+1.38539571501E+00,+1.02396355011E+00,+1.34773864527E+00,+7.51257315E-03
+800.00E-09,+1.36529521272E+00,+1.29155148694E+00,+1.36281402200E+00,-6.55777846E-03
+850.00E-09,+1.34519471042E+00,+1.33175249153E+00,+1.34020095691E+00,+728.65363E-06
+900.00E-09,+1.34519471042E+00,+1.36567208916E+00,+1.32889442437E+00,+7.01006060E-03
+950.00E-09,+1.36906405690E+00,+1.34180274268E+00,+1.34396980109E+00,+11.53267361E-03
+1.00000E-06,+1.36529521272E+00,+1.06039571052E+00,+1.34020095691E+00,+26.35679406E-03
+1.05000E-06,+1.37157661968E+00,+1.03652636404E+00,+1.35402005224E+00,+12.78895501E-03
+1.10000E-06,+1.33640074066E+00,+1.02396355011E+00,+1.36030145921E+00,+5.75377920E-03
+1.15000E-06,+1.36152636854E+00,+1.01140073617E+00,+1.33643211273E+00,+1.23116618E-03
+1.20000E-06,+1.28866204771E+00,+1.29155148694E+00,+1.36281402200E+00,-14.09546682E-03
+1.25000E-06,+1.33263189648E+00,+1.35939068219E+00,+1.36155774060E+00,-4.79898450E-03
+1.30000E-06,+1.34770727321E+00,+1.34557158686E+00,+1.34899492667E+00,+13.79398012E-03
+1.35000E-06,+1.36529521272E+00,+1.34934043104E+00,+1.36030145921E+00,+15.55277407E-03
+1.40000E-06,+1.36403893132E+00,+1.04029520822E+00,+1.34020095691E+00,+23.09046243E-03
+1.45000E-06,+1.35147611739E+00,+1.02396355011E+00,+1.31884417322E+00,+10.27639222E-03
+1.50000E-06,+1.33640074066E+00,+1.01516958035E+00,+1.35778889642E+00,+5.75377920E-03
+1.55000E-06,+1.36152636854E+00,+1.05662686634E+00,+1.34396980109E+00,+4.24624153E-03
+1.60000E-06,+1.34519471042E+00,+1.29280776833E+00,+1.34396980109E+00,-10.32662264E-03
+1.65000E-06,+1.37911430805E+00,+1.35310927522E+00,+1.33266326855E+00,+728.65363E-06
+1.70000E-06,+1.35650124296E+00,+1.36567208916E+00,+1.36030145921E+00,+5.25126664E-03
+1.75000E-06,+1.35273239878E+00,+1.34934043104E+00,+1.36030145921E+00,+10.77890478E-03
+1.80000E-06,+1.40047109174E+00,+1.09808415233E+00,+1.35653261503E+00,+37.66332660E-03
+1.85000E-06,+1.35775752435E+00,+1.04406405240E+00,+1.34648236388E+00,+6.25629176E-03
+1.90000E-06,+1.36780777550E+00,+1.01516958035E+00,+1.35150748945E+00,+9.77387966E-03
+1.95000E-06,+1.34142586624E+00,+1.04029520822E+00,+1.34020095691E+00,+2.73870386E-03
+2.00000E-06,+1.34645099181E+00,+1.28652636136E+00,+1.34145723830E+00,-7.81405985E-03
+2.05000E-06,+1.35901380575E+00,+1.35939068219E+00,+1.34773864527E+00,-527.62777E-06
+2.10000E-06,+1.34519471042E+00,+1.35687811940E+00,+1.34899492667E+00,+9.77387966E-03
+2.15000E-06,+1.36529521272E+00,+1.34557158686E+00,+1.37663311732E+00,+12.28644245E-03
+2.20000E-06,+1.36403893132E+00,+1.06039571052E+00,+1.32261301740E+00,+22.33669360E-03
+2.25000E-06,+1.36529521272E+00,+1.01642586174E+00,+1.35276377085E+00,+13.04021128E-03
+2.30000E-06,+1.34268214763E+00,+1.04406405240E+00,+1.34020095691E+00,+7.51257315E-03
+2.35000E-06,+1.36529521272E+00,+1.02396355011E+00,+1.36407030339E+00,+6.75880432E-03
+2.40000E-06,+1.32760677091E+00,+1.29029520554E+00,+1.36155774060E+00,-18.61807983E-03
+2.45000E-06,+1.34519471042E+00,+1.34557158686E+00,+1.35402005224E+00,+728.65363E-06
+2.50000E-06,+1.33388817788E+00,+1.34557158686E+00,+1.34899492667E+00,+15.05026151E-03
+2.55000E-06,+1.34896355460E+00,+1.34557158686E+00,+1.36030145921E+00,+15.55277407E-03
+2.60000E-06,+1.38288315223E+00,+1.07923993142E+00,+1.34020095691E+00,+33.64322614E-03
+2.65000E-06,+1.38539571501E+00,+1.04406405240E+00,+1.36030145921E+00,+14.29649268E-03
+2.70000E-06,+1.36529521272E+00,+1.02396355011E+00,+1.35150748945E+00,+7.51257315E-03
+2.75000E-06,+1.37408918247E+00,+1.04029520822E+00,+1.34396980109E+00,+6.75880432E-03
+2.80000E-06,+1.28866204771E+00,+1.28903892415E+00,+1.32261301740E+00,-14.84923565E-03
+2.85000E-06,+1.36529521272E+00,+1.35939068219E+00,+1.34020095691E+00,-527.62777E-06
+2.90000E-06,+1.34519471042E+00,+1.35687811940E+00,+1.36909542896E+00,+1.23116618E-03
+2.95000E-06,+1.36529521272E+00,+1.38200374728E+00,+1.36030145921E+00,+11.53267361E-03
+3.00000E-06,+1.34268214763E+00,+1.02270726871E+00,+1.33894467552E+00,+10.77890478E-03
+3.05000E-06,+1.37911430805E+00,+1.03778264544E+00,+1.33266326855E+00,+11.53267361E-03
+3.10000E-06,+1.36529521272E+00,+1.03275751986E+00,+1.34899492667E+00,+5.75377920E-03
+3.15000E-06,+1.36529521272E+00,+1.00763189199E+00,+1.30753764068E+00,+3.49247269E-03
+3.20000E-06,+1.34645099181E+00,+1.29155148694E+00,+1.38040196151E+00,-7.31154729E-03
+3.25000E-06,+1.34519471042E+00,+1.35939068219E+00,+1.34020095691E+00,+4.74875409E-03
+3.30000E-06,+1.36780777550E+00,+1.34557158686E+00,+1.34020095691E+00,+11.53267361E-03
+3.35000E-06,+1.36529521272E+00,+1.36567208916E+00,+1.34396980109E+00,+8.26634199E-03
+3.40000E-06,+1.38413943362E+00,+1.09808415233E+00,+1.34020095691E+00,+30.12563824E-03
+3.45000E-06,+1.35147611739E+00,+1.01768214314E+00,+1.36030145921E+00,+10.27639222E-03
+3.50000E-06,+1.38539571501E+00,+1.03275751986E+00,+1.34020095691E+00,+13.79398012E-03
+3.55000E-06,+1.34896355460E+00,+1.03652636404E+00,+1.34396980109E+00,+10.02513594E-03
+3.60000E-06,+1.32760677091E+00,+1.27396354743E+00,+1.34271351970E+00,-25.65325564E-03
+3.65000E-06,+1.34519471042E+00,+1.35939068219E+00,+1.35402005224E+00,+728.65363E-06
+3.70000E-06,+1.35650124296E+00,+1.34557158686E+00,+1.35150748945E+00,+8.76885455E-03
+3.75000E-06,+1.34519471042E+00,+1.34180274268E+00,+1.36030145921E+00,+11.53267361E-03
+3.80000E-06,+1.34393842903E+00,+1.05913942913E+00,+1.33894467552E+00,+29.62312568E-03
+3.85000E-06,+1.33765702206E+00,+1.03778264544E+00,+1.34020095691E+00,+11.53267361E-03
+3.90000E-06,+1.36529521272E+00,+1.01265701756E+00,+1.35778889642E+00,+5.25126664E-03
+3.95000E-06,+1.36152636854E+00,+1.00763189199E+00,+1.37663311732E+00,+226.14107E-06
+4.00000E-06,+1.34645099181E+00,+1.27019470325E+00,+1.38040196151E+00,-11.58290403E-03
+4.05000E-06,+1.34519471042E+00,+1.37195349613E+00,+1.36783914757E+00,+728.65363E-06
+4.10000E-06,+1.35650124296E+00,+1.36567208916E+00,+1.35150748945E+00,+7.01006060E-03
+4.15000E-06,+1.35273239878E+00,+1.34934043104E+00,+1.34020095691E+00,+18.06533686E-03
+4.20000E-06,+1.36403893132E+00,+1.11567209184E+00,+1.35778889642E+00,+30.12563824E-03
+4.25000E-06,+1.35147611739E+00,+1.04406405240E+00,+1.35402005224E+00,+14.29649268E-03
+4.30000E-06,+1.34519471042E+00,+1.03527008265E+00,+1.35150748945E+00,+5.75377920E-03
+4.35000E-06,+1.34519471042E+00,+1.00763189199E+00,+1.33643211273E+00,+4.24624153E-03
+4.40000E-06,+1.32760677091E+00,+1.23501882423E+00,+1.32261301740E+00,-22.13566774E-03
+4.45000E-06,+1.35901380575E+00,+1.34557158686E+00,+1.34020095691E+00,-276.37149E-06
+4.50000E-06,+1.36278264993E+00,+1.36567208916E+00,+1.34020095691E+00,+5.25126664E-03
+4.55000E-06,+1.34896355460E+00,+1.34934043104E+00,+1.35276377085E+00,+8.26634199E-03
+4.60000E-06,+1.36152636854E+00,+1.06039571052E+00,+1.33894467552E+00,+29.87438196E-03
+4.65000E-06,+1.36529521272E+00,+1.03024495707E+00,+1.34648236388E+00,+14.54774896E-03
+4.70000E-06,+1.35147611739E+00,+1.02396355011E+00,+1.36909542896E+00,+8.01508571E-03
+4.75000E-06,+1.36152636854E+00,+1.02019470592E+00,+1.37663311732E+00,-2.28642172E-03
+4.80000E-06,+1.34645099181E+00,+1.27270726603E+00,+1.38040196151E+00,-6.55777846E-03
+4.85000E-06,+1.35901380575E+00,+1.36567208916E+00,+1.32638186158E+00,-3.29144683E-03
+4.90000E-06,+1.36278264993E+00,+1.36818465195E+00,+1.35150748945E+00,+5.25126664E-03
+4.95000E-06,+1.34896355460E+00,+1.36567208916E+00,+1.35653261503E+00,+7.51257315E-03
+5.00000E-06,+1.34519471042E+00,+1.02270726871E+00,+1.34145723830E+00,+11.28141733E-03
+5.05000E-06,+1.38539571501E+00,+1.04406405240E+00,+1.36658286618E+00,+17.06031174E-03
+5.10000E-06,+1.34519471042E+00,+1.00386304781E+00,+1.35150748945E+00,+8.01508571E-03
+5.15000E-06,+1.36529521272E+00,+1.02773239429E+00,+1.32010045461E+00,+3.49247269E-03
+5.20000E-06,+1.34519471042E+00,+1.30788314505E+00,+1.34145723830E+00,+226.14107E-06
+5.25000E-06,+1.35147611739E+00,+1.34557158686E+00,+1.35402005224E+00,-778.88404E-06
+5.30000E-06,+1.37660174526E+00,+1.36567208916E+00,+1.34899492667E+00,+11.03016105E-03
+5.35000E-06,+1.36152636854E+00,+1.36190324498E+00,+1.36030145921E+00,+18.06533686E-03
+5.40000E-06,+1.34519471042E+00,+1.04029520822E+00,+1.35904517781E+00,+18.06533686E-03
+5.45000E-06,+1.35147611739E+00,+1.04406405240E+00,+1.36030145921E+00,+14.29649268E-03
+5.50000E-06,+1.35398868017E+00,+1.01516958035E+00,+1.36909542896E+00,+9.77387966E-03
+5.55000E-06,+1.37785802665E+00,+1.04029520822E+00,+1.34773864527E+00,+979.90991E-06
+5.60000E-06,+1.32760677091E+00,+1.25511932653E+00,+1.36281402200E+00,-18.11556728E-03
+5.65000E-06,+1.36529521272E+00,+1.33929017989E+00,+1.36658286618E+00,-1.78390916E-03
+5.70000E-06,+1.36529521272E+00,+1.36567208916E+00,+1.34271351970E+00,+9.77387966E-03
+5.75000E-06,+1.34519471042E+00,+1.36190324498E+00,+1.32763814297E+00,+15.55277407E-03
+5.80000E-06,+1.36403893132E+00,+1.04029520822E+00,+1.29999995232E+00,+11.03016105E-03
+5.85000E-06,+1.36529521272E+00,+1.03778264544E+00,+1.35276377085E+00,+14.29649268E-03
+5.90000E-06,+1.35650124296E+00,+1.03527008265E+00,+1.34899492667E+00,+7.51257315E-03
+5.95000E-06,+1.34519471042E+00,+1.02396355011E+00,+1.34396980109E+00,+6.00503548E-03
+6.00000E-06,+1.32635048951E+00,+1.26642585907E+00,+1.34271351970E+00,-19.12059239E-03
+6.05000E-06,+1.35901380575E+00,+1.35185299383E+00,+1.36155774060E+00,-3.54270311E-03
+6.10000E-06,+1.37408918247E+00,+1.34557158686E+00,+1.35778889642E+00,+7.01006060E-03
+6.15000E-06,+1.36529521272E+00,+1.36567208916E+00,+1.35653261503E+00,+14.79900524E-03
+6.20000E-06,+1.36529521272E+00,+1.02145098732E+00,+1.35904517781E+00,+19.07036197E-03
+6.25000E-06,+1.35147611739E+00,+1.02396355011E+00,+1.34020095691E+00,+11.53267361E-03
+6.30000E-06,+1.36278264993E+00,+1.02145098732E+00,+1.36030145921E+00,+5.75377920E-03
+6.35000E-06,+1.36152636854E+00,+1.04029520822E+00,+1.34020095691E+00,+979.90991E-06
+6.40000E-06,+1.32635048952E+00,+1.28903892415E+00,+1.34145723830E+00,-7.06029101E-03
+6.45000E-06,+1.33891330345E+00,+1.35310927522E+00,+1.34020095691E+00,-2.03516544E-03
+6.50000E-06,+1.36529521272E+00,+1.35687811940E+00,+1.33768839412E+00,+9.77387966E-03
+6.55000E-06,+1.34519471042E+00,+1.37823490310E+00,+1.34396980109E+00,+7.51257315E-03
+6.60000E-06,+1.36403893132E+00,+1.02270726871E+00,+1.32010045461E+00,+10.77890478E-03
+6.65000E-06,+1.35775752435E+00,+1.03024495707E+00,+1.38040196151E+00,+10.27639222E-03
+6.70000E-06,+1.34268214763E+00,+1.03527008265E+00,+1.34899492667E+00,+7.51257315E-03
+6.75000E-06,+1.36529521272E+00,+1.02773239429E+00,+1.34396980109E+00,+4.24624153E-03
+6.80000E-06,+1.32760677091E+00,+1.25135048234E+00,+1.34020095691E+00,-18.61807983E-03
+6.85000E-06,+1.37283290108E+00,+1.34557158686E+00,+1.36030145921E+00,-6.05526590E-03
+6.90000E-06,+1.36529521272E+00,+1.35687811940E+00,+1.34648236388E+00,+5.25126664E-03
+6.95000E-06,+1.35273239878E+00,+1.34557158686E+00,+1.37663311732E+00,+12.28644245E-03
+7.00000E-06,+1.32509420812E+00,+1.05913942913E+00,+1.34020095691E+00,+21.83418104E-03
+7.05000E-06,+1.37157661968E+00,+1.03778264543E+00,+1.34020095691E+00,+14.29649268E-03
+7.10000E-06,+1.35650124296E+00,+1.02396355011E+00,+1.36030145921E+00,+5.75377920E-03
+7.15000E-06,+1.35775752435E+00,+1.00763189199E+00,+1.32763814297E+00,+2.73870386E-03
+7.20000E-06,+1.32760677091E+00,+1.31165198924E+00,+1.38165824290E+00,-6.55777845E-03
+7.25000E-06,+1.34519471042E+00,+1.36567208916E+00,+1.33266326855E+00,-2.03516544E-03
+7.30000E-06,+1.34770727321E+00,+1.34557158686E+00,+1.35150748945E+00,+13.29146756E-03
+7.35000E-06,+1.34896355460E+00,+1.36190324498E+00,+1.36407030339E+00,+10.02513594E-03
+7.40000E-06,+1.36529521272E+00,+1.07923993142E+00,+1.32135673601E+00,+26.35679406E-03
+7.45000E-06,+1.35147611739E+00,+1.03652636404E+00,+1.35402005224E+00,+15.55277407E-03
+7.50000E-06,+1.36529521272E+00,+1.03275751986E+00,+1.36030145921E+00,+7.51257315E-03
+7.55000E-06,+1.36152636854E+00,+1.04029520822E+00,+1.34020095691E+00,+10.77890478E-03
+7.60000E-06,+1.34770727321E+00,+1.31165198924E+00,+1.36281402200E+00,-2.53767800E-03
+7.65000E-06,+1.35273239878E+00,+1.34557158686E+00,+1.32010045461E+00,-4.54772823E-03
+7.70000E-06,+1.34519471042E+00,+1.35436555662E+00,+1.37160799175E+00,+5.25126664E-03
+7.75000E-06,+1.32886305230E+00,+1.34557158686E+00,+1.35653261503E+00,+10.77890478E-03
+7.80000E-06,+1.36403893132E+00,+1.09682787093E+00,+1.35778889642E+00,+25.35176894E-03
+7.85000E-06,+1.35147611739E+00,+1.03024495707E+00,+1.36783914757E+00,+7.51257315E-03
+7.90000E-06,+1.36529521272E+00,+1.04406405240E+00,+1.33768839412E+00,+5.25126664E-03
+7.95000E-06,+1.36529521272E+00,+1.02396355011E+00,+1.36030145921E+00,+2.73870386E-03
+8.00000E-06,+1.36529521272E+00,+1.29155148694E+00,+1.36407030339E+00,-14.09546682E-03
+8.05000E-06,+1.35147611739E+00,+1.34557158686E+00,+1.35276377085E+00,-3.29144683E-03
+8.10000E-06,+1.33640074066E+00,+1.34557158686E+00,+1.32889442437E+00,+11.53267361E-03
+8.15000E-06,+1.34519471042E+00,+1.34557158686E+00,+1.36030145921E+00,+18.06533686E-03
+8.20000E-06,+1.36278264993E+00,+1.07923993142E+00,+1.34020095691E+00,+29.87438196E-03
+8.25000E-06,+1.37157661968E+00,+1.00386304781E+00,+1.37412055454E+00,+13.04021128E-03
+8.30000E-06,+1.33388817788E+00,+1.01516958035E+00,+1.36030145921E+00,+7.51257315E-03
+8.35000E-06,+1.35775752435E+00,+1.02773239429E+00,+1.37663311732E+00,+2.73870386E-03
+8.40000E-06,+1.32760677091E+00,+1.29155148694E+00,+1.34271351970E+00,-14.09546682E-03
+8.45000E-06,+1.36529521272E+00,+1.35185299383E+00,+1.37412055454E+00,-2.28642172E-03
+8.50000E-06,+1.37660174526E+00,+1.35687811940E+00,+1.35778889642E+00,+9.77387966E-03
+8.55000E-06,+1.34896355460E+00,+1.34934043104E+00,+1.37663311732E+00,+14.04523640E-03
+8.60000E-06,+1.38162687083E+00,+1.04029520822E+00,+1.33894467552E+00,+18.31659314E-03
+8.65000E-06,+1.35901380575E+00,+1.02396355011E+00,+1.35402005224E+00,+11.53267361E-03
+8.70000E-06,+1.34519471042E+00,+1.02396355011E+00,+1.34648236388E+00,+8.01508571E-03
+8.75000E-06,+1.38162687083E+00,+1.02396355011E+00,+1.34396980109E+00,+7.51257315E-03
+8.80000E-06,+1.34645099181E+00,+1.25135048234E+00,+1.32386929879E+00,-26.90953703E-03
+8.85000E-06,+1.35775752435E+00,+1.32547108456E+00,+1.34648236388E+00,+728.65363E-06
+8.90000E-06,+1.34519471042E+00,+1.34557158686E+00,+1.34020095691E+00,+11.53267361E-03
+8.95000E-06,+1.36152636854E+00,+1.34180274268E+00,+1.34773864527E+00,+14.79900524E-03
+9.00000E-06,+1.38162687083E+00,+1.09808415233E+00,+1.35778889642E+00,+26.10553778E-03
+9.05000E-06,+1.36529521272E+00,+1.03024495707E+00,+1.34648236388E+00,+15.55277407E-03
+9.10000E-06,+1.35650124296E+00,+1.03275751986E+00,+1.36030145921E+00,+3.49247269E-03
+9.15000E-06,+1.36152636854E+00,+1.02773239429E+00,+1.34396980109E+00,+7.51257315E-03
+9.20000E-06,+1.34519471042E+00,+1.25260676374E+00,+1.34271351970E+00,-14.34672310E-03
+9.25000E-06,+1.35901380575E+00,+1.36567208916E+00,+1.35402005224E+00,+4.74875409E-03
+9.30000E-06,+1.37660174526E+00,+1.34557158686E+00,+1.33768839412E+00,+11.03016105E-03
+9.35000E-06,+1.37785802665E+00,+1.36190324498E+00,+1.34396980109E+00,+15.55277407E-03
+9.40000E-06,+1.36655149411E+00,+1.04155148962E+00,+1.33894467552E+00,+22.58794988E-03
+9.45000E-06,+1.35775752435E+00,+1.05034545937E+00,+1.33391954994E+00,+11.53267361E-03
+9.50000E-06,+1.36278264993E+00,+1.03275751986E+00,+1.36030145921E+00,+5.75377920E-03
+9.55000E-06,+1.35775752435E+00,+1.02396355011E+00,+1.35653261503E+00,+979.90991E-06
+9.60000E-06,+1.34645099181E+00,+1.29029520554E+00,+1.36030145921E+00,-3.54270311E-03
+9.65000E-06,+1.34519471042E+00,+1.36567208916E+00,+1.36030145921E+00,+4.74875409E-03
+9.70000E-06,+1.36529521272E+00,+1.36567208916E+00,+1.36281402200E+00,+13.29146756E-03
+9.75000E-06,+1.34896355460E+00,+1.36567208916E+00,+1.34396980109E+00,+14.04523640E-03
+9.80000E-06,+1.38288315223E+00,+1.09682787093E+00,+1.34020095691E+00,+33.89448242E-03
+9.85000E-06,+1.35147611739E+00,+1.01642586174E+00,+1.34020095691E+00,+12.78895501E-03
+9.90000E-06,+1.36529521272E+00,+1.03275751986E+00,+1.34899492667E+00,+3.49247269E-03
+9.95000E-06,+1.34142586624E+00,+1.02396355011E+00,+1.36407030339E+00,+6.75880432E-03
+10.00000E-06,+1.32635048951E+00,+1.24758163816E+00,+1.32386929879E+00,-19.62310495E-03
+10.05000E-06,+1.36529521272E+00,+1.32547108456E+00,+1.36030145921E+00,+3.49247269E-03
+10.10000E-06,+1.36529521272E+00,+1.36567208916E+00,+1.37160799175E+00,+10.27639222E-03
+10.15000E-06,+1.36152636854E+00,+1.36567208916E+00,+1.33643211273E+00,+9.02011083E-03
+10.20000E-06,+1.36529521272E+00,+1.00511932920E+00,+1.35778889642E+00,+15.05026151E-03
+10.25000E-06,+1.37157661968E+00,+1.03024495707E+00,+1.34648236388E+00,+13.04021128E-03
+10.30000E-06,+1.34519471042E+00,+1.03527008265E+00,+1.38040196151E+00,+12.03518617E-03
+10.35000E-06,+1.36152636854E+00,+1.02396355011E+00,+1.36030145921E+00,+6.75880432E-03
+10.40000E-06,+1.36529521272E+00,+1.28903892415E+00,+1.37914568011E+00,-8.31657241E-03
+10.45000E-06,+1.35901380575E+00,+1.34557158686E+00,+1.36030145921E+00,-527.62777E-06
+10.50000E-06,+1.34519471042E+00,+1.33677761711E+00,+1.34020095691E+00,+8.01508571E-03
+10.55000E-06,+1.36529521272E+00,+1.35813440080E+00,+1.37286427314E+00,+12.28644245E-03
+10.60000E-06,+1.36278264993E+00,+1.06039571052E+00,+1.33768839412E+00,+22.33669360E-03
+10.65000E-06,+1.36529521272E+00,+1.04406405240E+00,+1.35402005224E+00,+14.29649268E-03
+10.70000E-06,+1.35398868017E+00,+1.03527008265E+00,+1.34020095691E+00,+7.51257315E-03
+10.75000E-06,+1.36529521272E+00,+1.04029520822E+00,+1.35653261503E+00,+7.51257315E-03
+10.80000E-06,+1.32509420812E+00,+1.27145098464E+00,+1.32261301740E+00,-14.84923565E-03
+10.85000E-06,+1.35901380575E+00,+1.36567208916E+00,+1.32638186158E+00,-2.03516544E-03
+10.90000E-06,+1.36780777550E+00,+1.35687811940E+00,+1.34899492667E+00,+11.03016105E-03
+10.95000E-06,+1.36152636853E+00,+1.36190324498E+00,+1.35653261503E+00,+11.53267361E-03
+11.00000E-06,+1.36403893132E+00,+1.04029520822E+00,+1.34020095691E+00,+22.58794988E-03
+11.05000E-06,+1.35775752435E+00,+1.03024495707E+00,+1.34648236388E+00,+13.04021128E-03
+11.10000E-06,+1.36529521272E+00,+1.03275751986E+00,+1.34020095691E+00,+12.03518617E-03
+11.15000E-06,+1.38162687083E+00,+1.02773239429E+00,+1.36030145921E+00,+2.73870386E-03
+11.20000E-06,+1.34645099181E+00,+1.25386304513E+00,+1.34522608248E+00,-17.86431100E-03
+11.25000E-06,+1.36529521272E+00,+1.35310927522E+00,+1.34648236388E+00,-1.78390916E-03
+11.30000E-06,+1.34519471042E+00,+1.35687811940E+00,+1.35778889642E+00,+8.76885455E-03
+11.35000E-06,+1.36529521272E+00,+1.36944093334E+00,+1.34396980109E+00,+8.26634199E-03
+11.40000E-06,+1.38288315223E+00,+1.09808415233E+00,+1.33894467552E+00,+22.58794988E-03
+11.45000E-06,+1.36529521272E+00,+1.03024495707E+00,+1.36030145921E+00,+10.27639222E-03
+11.50000E-06,+1.35650124296E+00,+1.00637561060E+00,+1.36030145921E+00,+8.01508571E-03
+11.55000E-06,+1.32886305230E+00,+1.04406405240E+00,+1.32010045461E+00,+8.26634199E-03
+11.60000E-06,+1.34645099181E+00,+1.26893842185E+00,+1.34271351970E+00,-11.08039147E-03
+11.65000E-06,+1.36529521272E+00,+1.32547108456E+00,+1.34648236388E+00,-3.54270311E-03
+11.70000E-06,+1.35398868017E+00,+1.33677761711E+00,+1.36030145921E+00,+11.03016105E-03
+11.75000E-06,+1.35775752435E+00,+1.36190324498E+00,+1.37286427314E+00,+11.53267361E-03
+11.80000E-06,+1.34393842903E+00,+1.05788314773E+00,+1.34145723830E+00,+22.08543732E-03
+11.85000E-06,+1.35147611739E+00,+1.02396355011E+00,+1.36030145921E+00,+14.29649268E-03
+11.90000E-06,+1.34268214763E+00,+1.03527008265E+00,+1.34899492667E+00,+5.75377920E-03
+11.95000E-06,+1.34142586624E+00,+1.04029520822E+00,+1.34396980109E+00,+979.90991E-06
+12.00000E-06,+1.32760677091E+00,+1.30788314505E+00,+1.37914568011E+00,-7.06029101E-03
+12.05000E-06,+1.35273239878E+00,+1.35185299383E+00,+1.34648236388E+00,-527.62777E-06
+12.10000E-06,+1.35650124296E+00,+1.35687811940E+00,+1.35150748945E+00,+9.77387966E-03
+12.15000E-06,+1.36152636853E+00,+1.34557158686E+00,+1.36030145921E+00,+14.04523640E-03
+12.20000E-06,+1.36278264993E+00,+1.02145098732E+00,+1.35778889642E+00,+11.03016105E-03
+12.25000E-06,+1.35775752435E+00,+1.05160174077E+00,+1.38793964987E+00,+15.55277407E-03
+12.30000E-06,+1.36529521272E+00,+1.02145098732E+00,+1.34899492667E+00,+7.01006060E-03
+12.35000E-06,+1.37408918247E+00,+1.00386304781E+00,+1.35653261503E+00,+3.49247269E-03
+12.40000E-06,+1.32635048951E+00,+1.27019470325E+00,+1.32135673601E+00,-19.12059239E-03
+12.45000E-06,+1.35901380575E+00,+1.35185299383E+00,+1.34020095691E+00,+979.90991E-06
+12.50000E-06,+1.34519471042E+00,+1.35436555662E+00,+1.36030145921E+00,+7.01006060E-03
+12.55000E-06,+1.34896355460E+00,+1.36567208916E+00,+1.34020095691E+00,+9.02011083E-03
+12.60000E-06,+1.38162687083E+00,+1.04280777101E+00,+1.32010045461E+00,+18.56784942E-03
+12.65000E-06,+1.36529521272E+00,+1.04406405240E+00,+1.34020095691E+00,+20.82915592E-03
+12.70000E-06,+1.35398868017E+00,+1.02396355011E+00,+1.34899492667E+00,+12.03518617E-03
+12.75000E-06,+1.36906405690E+00,+1.02396355011E+00,+1.37286427314E+00,+7.51257315E-03
+12.80000E-06,+1.34645099181E+00,+1.29280776833E+00,+1.36407030339E+00,-6.80903473E-03
+12.85000E-06,+1.35901380575E+00,+1.35939068219E+00,+1.34648236388E+00,-3.29144683E-03
+12.90000E-06,+1.36529521272E+00,+1.35687811940E+00,+1.34271351970E+00,+7.51257315E-03
+12.95000E-06,+1.34896355460E+00,+1.33300877293E+00,+1.34020095691E+00,+15.55277407E-03
+13.00000E-06,+1.36403893132E+00,+1.06039571052E+00,+1.33894467552E+00,+18.31659314E-03
+13.05000E-06,+1.37283290108E+00,+1.03652636404E+00,+1.34773864527E+00,+13.04021128E-03
+13.10000E-06,+1.35398868017E+00,+1.02396355011E+00,+1.34020095691E+00,+3.99498525E-03
+13.15000E-06,+1.36529521272E+00,+1.02396355011E+00,+1.35276377085E+00,+7.51257315E-03
+13.20000E-06,+1.32760677091E+00,+1.23627510562E+00,+1.34396980109E+00,-17.61305472E-03
+13.25000E-06,+1.35273239878E+00,+1.36567208916E+00,+1.35402005224E+00,-2.03516544E-03
+13.30000E-06,+1.36529521272E+00,+1.36567208916E+00,+1.36030145921E+00,+7.51257315E-03
+13.35000E-06,+1.36152636853E+00,+1.32923992875E+00,+1.37286427314E+00,+15.55277407E-03
+13.40000E-06,+1.05876255268E+00,+1.05788314773E+00,+1.34020095691E+00,+34.14573870E-03
+13.45000E-06,+1.02986808063E+00,+1.03024495707E+00,+1.34020095691E+00,+16.80905547E-03
+13.50000E-06,+1.03238064342E+00,+1.02396355011E+00,+1.36030145921E+00,+1.73367874E-03
+13.55000E-06,+1.02358667366E+00,+1.02396355011E+00,+1.34396980109E+00,+2.73870386E-03
+13.60000E-06,+1.27233038959E+00,+1.27145098464E+00,+1.34522608248E+00,-26.15576820E-03
+13.65000E-06,+1.37283290108E+00,+1.33929017989E+00,+1.34020095691E+00,-13.84421054E-03
+13.70000E-06,+1.35650124296E+00,+1.34557158686E+00,+1.36909542896E+00,+13.29146756E-03
+13.75000E-06,+1.34896355460E+00,+1.36567208916E+00,+1.36407030339E+00,+23.59297499E-03
+13.80000E-06,+1.07509421080E+00,+1.07672736864E+00,+1.35778889642E+00,+45.20101496E-03
+13.85000E-06,+1.02986808063E+00,+1.05788314773E+00,+1.35276377085E+00,+18.56784942E-03
+13.90000E-06,+1.02358667366E+00,+1.02647611289E+00,+1.35778889642E+00,+2.98996014E-03
+13.95000E-06,+1.02735551784E+00,+1.04406405240E+00,+1.34773864527E+00,+2.73870386E-03
+14.00000E-06,+1.27233038959E+00,+1.31039570784E+00,+1.32512558019E+00,-29.42209982E-03
+14.05000E-06,+1.33891330345E+00,+1.36567208916E+00,+1.33391954994E+00,-14.09546682E-03
+14.10000E-06,+1.37408918247E+00,+1.36315952637E+00,+1.38040196151E+00,+16.80905547E-03
+14.15000E-06,+1.36529521272E+00,+1.34934043104E+00,+1.36030145921E+00,+19.57287453E-03
+14.20000E-06,+1.01981782948E+00,+1.02019470593E+00,+1.34020095691E+00,+29.87438196E-03
+14.25000E-06,+1.02986808063E+00,+1.02396355011E+00,+1.35276377085E+00,+16.80905547E-03
+14.30000E-06,+1.02358667366E+00,+1.03275751986E+00,+1.35778889642E+00,+3.99498525E-03
+14.35000E-06,+1.03614948760E+00,+1.04029520822E+00,+1.34020095691E+00,+226.14107E-06
+14.40000E-06,+1.26981782680E+00,+1.27019470325E+00,+1.36030145921E+00,-42.73868259E-03
+14.45000E-06,+1.35273239878E+00,+1.35939068219E+00,+1.36030145921E+00,-11.08039147E-03
+14.50000E-06,+1.35398868017E+00,+1.34557158686E+00,+1.34899492667E+00,+15.05026151E-03
+14.55000E-06,+1.38162687083E+00,+1.36190324498E+00,+1.34020095691E+00,+17.06031174E-03
+14.60000E-06,+1.02107411088E+00,+1.02270726871E+00,+1.34020095691E+00,+19.32161825E-03
+14.65000E-06,+1.04368717596E+00,+1.03024495707E+00,+1.34020095691E+00,+19.57287453E-03
+14.70000E-06,+1.02358667366E+00,+1.02396355011E+00,+1.35150748945E+00,+5.75377920E-03
+14.75000E-06,+1.03614948760E+00,+1.00763189199E+00,+1.35276377085E+00,+2.73870386E-03
+14.80000E-06,+1.24971732450E+00,+1.24883791955E+00,+1.32261301740E+00,-42.98993887E-03
+14.85000E-06,+1.35901380575E+00,+1.33300877293E+00,+1.33391954994E+00,-8.56782869E-03
+14.90000E-06,+1.34770727320E+00,+1.33426505432E+00,+1.38040196151E+00,+13.29146756E-03
+14.95000E-06,+1.34519471042E+00,+1.36567208916E+00,+1.36407030339E+00,+19.57287453E-03
+15.00000E-06,+1.06001883408E+00,+1.07923993143E+00,+1.34020095691E+00,+49.47237170E-03
+15.05000E-06,+1.00222988997E+00,+1.03778264544E+00,+1.36030145921E+00,+19.57287453E-03
+15.10000E-06,+1.02358667366E+00,+1.02396355011E+00,+1.34899492667E+00,+9.77387966E-03
+15.15000E-06,+1.01981782948E+00,+1.00763189199E+00,+1.34396980109E+00,-3.04019055E-03
+15.20000E-06,+1.27233038959E+00,+1.27019470324E+00,+1.34271351970E+00,-41.48240120E-03
+15.25000E-06,+1.36655149411E+00,+1.35939068219E+00,+1.35402005224E+00,-11.08039147E-03
+15.30000E-06,+1.35650124296E+00,+1.33426505432E+00,+1.34020095691E+00,+11.03016106E-03
+15.35000E-06,+1.32509420812E+00,+1.34934043104E+00,+1.32763814298E+00,+18.81910569E-03
+15.40000E-06,+1.11403893400E+00,+1.11567209184E+00,+1.35527633364E+00,+51.73367821E-03
+15.45000E-06,+1.05750627129E+00,+1.05034545937E+00,+1.36783914757E+00,+15.55277407E-03
+15.50000E-06,+1.02107411088E+00,+1.02396355011E+00,+1.36030145921E+00,+5.75377920E-03
+15.55000E-06,+1.02358667366E+00,+1.00763189199E+00,+1.35653261503E+00,-527.62777E-06
+15.60000E-06,+1.24971732450E+00,+1.24883791955E+00,+1.34145723830E+00,-46.50752677E-03
+15.65000E-06,+1.35147611739E+00,+1.36567208916E+00,+1.34648236388E+00,-9.82411008E-03
+15.70000E-06,+1.36529521272E+00,+1.36567208916E+00,+1.34020095691E+00,+11.03016106E-03
+15.75000E-06,+1.34896355460E+00,+1.36567208916E+00,+1.35653261503E+00,+17.06031174E-03
+15.80000E-06,+1.05624998990E+00,+1.05788314773E+00,+1.32135673601E+00,+29.62312568E-03
+15.85000E-06,+1.03614948760E+00,+1.05788314773E+00,+1.36658286618E+00,+23.59297499E-03
+15.90000E-06,+1.02358667366E+00,+1.03275751986E+00,+1.34899492667E+00,+8.01508571E-03
+15.95000E-06,+1.02735551784E+00,+1.00763189199E+00,+1.32763814298E+00,-527.62777E-06
+16.00000E-06,+1.21077260130E+00,+1.23250626144E+00,+1.30376879650E+00,-61.58290350E-03
+16.05000E-06,+1.34519471042E+00,+1.32547108456E+00,+1.36030145921E+00,-5.80400962E-03
+16.10000E-06,+1.34519471042E+00,+1.34305902408E+00,+1.34271351970E+00,+11.53267361E-03
+16.15000E-06,+1.36152636853E+00,+1.34934043104E+00,+1.34020095691E+00,+16.30654291E-03
+16.20000E-06,+1.09519471310E+00,+1.07672736864E+00,+1.33768839412E+00,+47.96483403E-03
+16.25000E-06,+1.02986808063E+00,+1.01014445478E+00,+1.33266326855E+00,+16.80905547E-03
+16.30000E-06,+1.03238064342E+00,+1.02396355011E+00,+1.34020095691E+00,+11.03016105E-03
+16.35000E-06,+1.01102385973E+00,+1.02773239429E+00,+1.32386929879E+00,+226.14107E-06
+16.40000E-06,+1.26981782680E+00,+1.26768214046E+00,+1.34396980109E+00,-46.25627049E-03
+16.45000E-06,+1.36529521272E+00,+1.35310927522E+00,+1.34773864527E+00,-12.58792914E-03
+16.50000E-06,+1.34770727321E+00,+1.36567208916E+00,+1.34899492667E+00,+9.27136710E-03
+16.55000E-06,+1.34896355460E+00,+1.34934043104E+00,+1.36407030339E+00,+14.79900524E-03
+16.60000E-06,+1.09519471310E+00,+1.09557158954E+00,+1.35778889642E+00,+56.00503495E-03
+16.65000E-06,+1.02358667366E+00,+1.03778264544E+00,+1.35276377085E+00,+18.31659314E-03
+16.70000E-06,+1.02358667366E+00,+1.02396355011E+00,+1.35150748945E+00,+9.27136710E-03
+16.75000E-06,+1.05624998989E+00,+1.03652636404E+00,+1.34396980109E+00,-4.54772823E-03
+16.80000E-06,+1.26981782680E+00,+1.26893842185E+00,+1.36030145921E+00,-31.43215005E-03
+16.85000E-06,+1.35273239878E+00,+1.35939068219E+00,+1.35402005224E+00,-5.80400962E-03
+16.90000E-06,+1.36529521272E+00,+1.33426505432E+00,+1.34020095691E+00,+13.79398012E-03
+16.95000E-06,+1.34896355460E+00,+1.36567208916E+00,+1.34396980109E+00,+18.81910569E-03
+17.00000E-06,+1.03991833178E+00,+1.03903892683E+00,+1.37788939872E+00,+37.66332660E-03
+17.05000E-06,+1.05750627129E+00,+1.03652636404E+00,+1.36783914757E+00,+22.33669360E-03
+17.10000E-06,+1.03489320620E+00,+1.03275751986E+00,+1.34271351970E+00,+7.51257315E-03
+17.15000E-06,+1.02358667366E+00,+1.02773239429E+00,+1.34396980109E+00,+3.49247269E-03
+17.20000E-06,+1.28991832910E+00,+1.28903892415E+00,+1.38040196151E+00,-26.65828075E-03
+17.25000E-06,+1.35273239878E+00,+1.33929017989E+00,+1.34773864527E+00,-11.33164775E-03
+17.30000E-06,+1.35398868017E+00,+1.33426505432E+00,+1.37160799175E+00,+8.76885455E-03
+17.35000E-06,+1.36529521272E+00,+1.35813440080E+00,+1.36030145921E+00,+18.81910569E-03
+17.40000E-06,+1.06001883408E+00,+1.08049621282E+00,+1.33894467552E+00,+49.72362798E-03
+17.45000E-06,+1.02986808063E+00,+1.03778264544E+00,+1.34020095691E+00,+14.29649268E-03
+17.50000E-06,+1.03489320620E+00,+1.02647611289E+00,+1.34648236388E+00,+5.75377920E-03
+17.55000E-06,+1.02735551784E+00,+1.02396355011E+00,+1.37663311732E+00,-3.79395939E-03
+17.60000E-06,+1.25097360590E+00,+1.25135048234E+00,+1.32386929879E+00,-50.27637095E-03
+17.65000E-06,+1.34519471042E+00,+1.35939068219E+00,+1.35402005224E+00,-3.29144683E-03
+17.70000E-06,+1.33388817788E+00,+1.35436555662E+00,+1.32889442437E+00,+11.53267361E-03
+17.75000E-06,+1.36152636854E+00,+1.34557158686E+00,+1.34773864527E+00,+19.57287453E-03
+17.80000E-06,+1.03991833178E+00,+1.04029520822E+00,+1.37788939872E+00,+30.87940707E-03
+17.85000E-06,+1.03614948760E+00,+1.05788314773E+00,+1.36030145921E+00,+16.80905547E-03
+17.90000E-06,+1.03238064342E+00,+1.01265701756E+00,+1.34899492667E+00,+5.75377920E-03
+17.95000E-06,+1.03991833178E+00,+1.00763189199E+00,+1.32010045461E+00,+226.14107E-06
+18.00000E-06,+1.29117461050E+00,+1.29155148694E+00,+1.36155774060E+00,-32.18591888E-03
+18.05000E-06,+1.33891330345E+00,+1.34557158686E+00,+1.37412055454E+00,-8.31657241E-03
+18.10000E-06,+1.35650124296E+00,+1.33677761711E+00,+1.35150748945E+00,+9.27136710E-03
+18.15000E-06,+1.34896355460E+00,+1.34557158686E+00,+1.36030145921E+00,+15.55277407E-03
+18.20000E-06,+1.11780777818E+00,+1.07923993142E+00,+1.37788939872E+00,+57.26131634E-03
+18.25000E-06,+1.04368717596E+00,+1.02396355011E+00,+1.34648236388E+00,+14.04523640E-03
+18.30000E-06,+1.03238064342E+00,+1.03275751986E+00,+1.33768839412E+00,+1.73367874E-03
+18.35000E-06,+1.01981782948E+00,+1.00763189199E+00,+1.35653261503E+00,-3.79395939E-03
+18.40000E-06,+1.23464194779E+00,+1.25386304513E+00,+1.32638186158E+00,-43.49245143E-03
+18.45000E-06,+1.34519471042E+00,+1.34557158686E+00,+1.34020095691E+00,-5.80400962E-03
+18.50000E-06,+1.34519471042E+00,+1.34305902407E+00,+1.34899492667E+00,+11.53267361E-03
+18.55000E-06,+1.34896355460E+00,+1.34934043104E+00,+1.37663311733E+00,+18.81910570E-03
+18.60000E-06,+1.03991833178E+00,+1.04155148962E+00,+1.37663311732E+00,+34.64825125E-03
+18.65000E-06,+1.04368717596E+00,+1.03652636404E+00,+1.35276377085E+00,+19.57287453E-03
+18.70000E-06,+1.03489320620E+00,+1.02396355011E+00,+1.35150748945E+00,+9.27136710E-03
+18.75000E-06,+1.02358667366E+00,+1.04029520822E+00,+1.34020095691E+00,-3.04019055E-03
+18.80000E-06,+1.25348616869E+00,+1.27145098464E+00,+1.30753764068E+00,-36.95978818E-03
+18.85000E-06,+1.35901380575E+00,+1.35939068219E+00,+1.34020095691E+00,-12.58792914E-03
+18.90000E-06,+1.36529521272E+00,+1.36567208916E+00,+1.34899492667E+00,+11.53267361E-03
+18.95000E-06,+1.36529521272E+00,+1.33300877293E+00,+1.34396980109E+00,+8.26634199E-03
+19.00000E-06,+1.07886305498E+00,+1.07798365003E+00,+1.33894467552E+00,+49.72362798E-03
+19.05000E-06,+1.04368717596E+00,+1.03024495707E+00,+1.35276377085E+00,+18.31659314E-03
+19.10000E-06,+1.03238064342E+00,+1.02396355011E+00,+1.34899492667E+00,+10.27639222E-03
+19.15000E-06,+1.02358667366E+00,+1.04406405240E+00,+1.34396980109E+00,-527.62777E-06
+19.20000E-06,+1.27233038959E+00,+1.29280776833E+00,+1.38291452429E+00,-28.66833098E-03
+19.25000E-06,+1.35901380575E+00,+1.32547108456E+00,+1.36030145921E+00,-11.08039147E-03
+19.30000E-06,+1.37408918247E+00,+1.35687811941E+00,+1.33768839412E+00,+13.29146756E-03
+19.35000E-06,+1.34896355460E+00,+1.34934043104E+00,+1.37286427315E+00,+18.81910570E-03
+19.40000E-06,+1.11278265260E+00,+1.11441581044E+00,+1.35778889642E+00,+52.48744704E-03
+19.45000E-06,+1.04368717596E+00,+1.05034545937E+00,+1.35402005224E+00,+19.57287453E-03
+19.50000E-06,+1.03238064342E+00,+1.01516958035E+00,+1.34271351970E+00,+8.01508571E-03
+19.55000E-06,+1.01981782948E+00,+1.04406405240E+00,+1.34020095691E+00,-5.30149706E-03
+19.60000E-06,+1.23087310361E+00,+1.23250626144E+00,+1.30502507789E+00,-58.31657187E-03
+19.65000E-06,+1.34645099181E+00,+1.33929017989E+00,+1.36030145921E+00,-7.06029101E-03
+19.70000E-06,+1.34519471042E+00,+1.36567208916E+00,+1.36030145921E+00,+6.50754804E-03
+19.75000E-06,+1.34896355460E+00,+1.37823490310E+00,+1.37663311733E+00,+15.55277407E-03
+19.80000E-06,+1.13288315490E+00,+1.11567209183E+00,+1.37788939872E+00,+56.00503494E-03
+19.85000E-06,+1.01604898530E+00,+1.02270726871E+00,+1.34648236388E+00,+15.55277407E-03
+19.90000E-06,+1.02358667366E+00,+1.00386304781E+00,+1.34899492667E+00,+5.75377920E-03
+19.95000E-06,+1.02358667366E+00,+1.02773239429E+00,+1.37286427315E+00,-3.79395939E-03
+20.00000E-06,+1.21454144549E+00,+1.25009420095E+00,+1.36281402200E+00,-49.27134583E-03
+20.05000E-06,+1.31755651976E+00,+1.33803389850E+00,+1.34020095691E+00,-9.82411008E-03
+20.10000E-06,+1.35650124296E+00,+1.34557158686E+00,+1.34020095691E+00,+11.53267361E-03
+20.15000E-06,+1.34896355460E+00,+1.36567208916E+00,+1.34020095691E+00,+16.30654291E-03
+20.20000E-06,+1.02107411087E+00,+1.04029520822E+00,+1.37663311732E+00,+37.66332660E-03
+20.25000E-06,+1.04996858293E+00,+1.04406405240E+00,+1.35402005224E+00,+18.31659314E-03
+20.30000E-06,+1.03489320621E+00,+1.02396355011E+00,+1.36030145921E+00,+7.51257315E-03
+20.35000E-06,+1.00725501554E+00,+1.04406405240E+00,+1.31130648486E+00,+226.14107E-06
+20.40000E-06,+1.19820978738E+00,+1.23501882423E+00,+1.32638186159E+00,-51.03013978E-03
+20.45000E-06,+1.35901380575E+00,+1.34557158686E+00,+1.37412055454E+00,-11.33164775E-03
+20.50000E-06,+1.37408918247E+00,+1.34557158686E+00,+1.38040196151E+00,+8.76885455E-03
+20.55000E-06,+1.34896355460E+00,+1.36190324498E+00,+1.34396980109E+00,+16.30654291E-03
+20.60000E-06,+1.05624998989E+00,+1.05788314773E+00,+1.33768839412E+00,+36.65830148E-03
+20.65000E-06,+1.02986808063E+00,+1.05662686634E+00,+1.35402005224E+00,+19.57287453E-03
+20.70000E-06,+1.02358667366E+00,+1.03527008265E+00,+1.34899492666E+00,+7.51257315E-03
+20.75000E-06,+1.04368717596E+00,+1.02773239429E+00,+1.36030145921E+00,+2.73870386E-03
+20.80000E-06,+1.31253139419E+00,+1.29155148694E+00,+1.36407030339E+00,-28.66833098E-03
+20.85000E-06,+1.34519471042E+00,+1.33929017989E+00,+1.34020095691E+00,-11.33164775E-03
+20.90000E-06,+1.36529521272E+00,+1.35436555662E+00,+1.34271351970E+00,+11.03016105E-03
+20.95000E-06,+1.34896355460E+00,+1.36567208916E+00,+1.34020095691E+00,+14.04523640E-03
+21.00000E-06,+1.36403893132E+00,+1.09682787093E+00,+1.35778889642E+00,+26.35679406E-03
+21.05000E-06,+1.35901380575E+00,+1.03778264543E+00,+1.36783914757E+00,+10.27639222E-03
+21.10000E-06,+1.35398868017E+00,+1.01265701756E+00,+1.37160799175E+00,+11.53267361E-03
+21.15000E-06,+1.34142586624E+00,+1.04406405240E+00,+1.35276377085E+00,+2.73870386E-03
+21.20000E-06,+1.32635048952E+00,+1.26768214046E+00,+1.34271351970E+00,-19.12059239E-03
+21.25000E-06,+1.35901380575E+00,+1.34557158686E+00,+1.34020095691E+00,-527.62777E-06
+21.30000E-06,+1.35398868017E+00,+1.36818465195E+00,+1.34899492666E+00,+9.27136710E-03
+21.35000E-06,+1.36152636854E+00,+1.36567208916E+00,+1.37663311733E+00,+15.55277407E-03
+21.40000E-06,+1.11278265260E+00,+1.07672736863E+00,+1.35778889642E+00,+48.71860286E-03
+21.45000E-06,+1.03740576899E+00,+1.05034545937E+00,+1.36030145921E+00,+16.80905547E-03
+21.50000E-06,+1.01228014112E+00,+1.02145098732E+00,+1.34899492666E+00,+10.27639222E-03
+21.55000E-06,+1.04368717596E+00,+1.05662686634E+00,+1.34773864527E+00,-1.28139660E-03
+21.60000E-06,+1.25348616870E+00,+1.23627510563E+00,+1.34396980110E+00,-48.01506444E-03
+21.65000E-06,+1.36529521272E+00,+1.33929017989E+00,+1.34773864527E+00,-11.08039147E-03
+21.70000E-06,+1.37408918247E+00,+1.35687811941E+00,+1.34020095691E+00,+13.29146756E-03
+21.75000E-06,+1.34896355460E+00,+1.36190324498E+00,+1.34773864527E+00,+19.57287453E-03
+21.80000E-06,+1.34645099181E+00,+1.00386304781E+00,+1.33894467552E+00,+11.28141733E-03
+21.85000E-06,+1.36529521272E+00,+1.03024495707E+00,+1.35402005224E+00,+15.80403035E-03
+21.90000E-06,+1.35650124296E+00,+1.01265701756E+00,+1.36030145921E+00,+5.75377920E-03
+21.95000E-06,+1.38162687083E+00,+1.03652636404E+00,+1.34396980109E+00,+3.49247269E-03
+22.00000E-06,+1.34770727321E+00,+1.25386304514E+00,+1.34522608249E+00,-21.38189890E-03
+22.05000E-06,+1.36529521272E+00,+1.32547108456E+00,+1.34020095691E+00,+728.65363E-06
+22.10000E-06,+1.36529521272E+00,+1.33677761711E+00,+1.34899492666E+00,+5.25126664E-03
+22.15000E-06,+1.34896355460E+00,+1.35310927522E+00,+1.35653261503E+00,+11.53267361E-03
+22.20000E-06,+1.00474245276E+00,+1.02270726871E+00,+1.34020095691E+00,+23.34171871E-03
+22.25000E-06,+1.02986808063E+00,+1.04406405240E+00,+1.33266326855E+00,+16.80905547E-03
+22.30000E-06,+1.02358667366E+00,+1.03527008265E+00,+1.36030145921E+00,+9.27136710E-03
+22.35000E-06,+1.04368717596E+00,+1.00763189199E+00,+1.32763814297E+00,+3.49247269E-03
+22.40000E-06,+1.25222988730E+00,+1.23376254284E+00,+1.32386929880E+00,-49.52260211E-03
+22.45000E-06,+1.32509420812E+00,+1.33175249153E+00,+1.36030145921E+00,-11.33164775E-03
+22.50000E-06,+1.35650124296E+00,+1.35687811941E+00,+1.36030145921E+00,+11.53267361E-03
+22.55000E-06,+1.34896355460E+00,+1.34557158686E+00,+1.34020095691E+00,+12.28644245E-03
+22.60000E-06,+1.36278264993E+00,+1.05913942912E+00,+1.32010045461E+00,+22.08543732E-03
+22.65000E-06,+1.33765702206E+00,+1.03778264543E+00,+1.34648236388E+00,+8.76885455E-03
+22.70000E-06,+1.35398868017E+00,+1.02647611290E+00,+1.36030145921E+00,+5.25126664E-03
+22.75000E-06,+1.36152636854E+00,+1.04406405240E+00,+1.36407030339E+00,+3.49247269E-03
+22.80000E-06,+1.34645099181E+00,+1.25511932654E+00,+1.34522608249E+00,-21.38189890E-03
+22.85000E-06,+1.34519471042E+00,+1.35185299383E+00,+1.34773864527E+00,-2.03516544E-03
+22.90000E-06,+1.35650124296E+00,+1.35687811941E+00,+1.34899492666E+00,+11.53267361E-03
+22.95000E-06,+1.36152636854E+00,+1.36567208916E+00,+1.37663311733E+00,+13.04021128E-03
+23.00000E-06,+1.36403893132E+00,+1.09682787092E+00,+1.34020095691E+00,+25.85428150E-03
+23.05000E-06,+1.36529521272E+00,+1.02396355011E+00,+1.34648236388E+00,+14.29649268E-03
+23.10000E-06,+1.35398868017E+00,+1.01516958035E+00,+1.35778889642E+00,+3.49247269E-03
+23.15000E-06,+1.37408918248E+00,+1.02019470593E+00,+1.34020095691E+00,+4.24624153E-03
+23.20000E-06,+1.36655149411E+00,+1.31039570785E+00,+1.34271351970E+00,+4.74875409E-03
+23.25000E-06,+1.35901380575E+00,+1.35185299383E+00,+1.35402005224E+00,+728.65363E-06
+23.30000E-06,+1.35398868017E+00,+1.34557158686E+00,+1.36909542896E+00,+12.78895500E-03
+23.35000E-06,+1.33263189648E+00,+1.36567208916E+00,+1.36030145921E+00,+8.26634199E-03
+23.40000E-06,+1.00097360857E+00,+1.03903892682E+00,+1.33894467552E+00,+22.33669360E-03
+23.45000E-06,+1.04368717596E+00,+1.03778264543E+00,+1.36030145921E+00,+14.29649268E-03
+23.50000E-06,+1.02358667366E+00,+1.03275751986E+00,+1.35150748945E+00,+7.51257315E-03
+23.55000E-06,+1.02735551784E+00,+1.02773239428E+00,+1.34020095691E+00,-527.62777E-06
+23.60000E-06,+1.29117461050E+00,+1.29155148695E+00,+1.34396980110E+00,-21.63315517E-03
+23.65000E-06,+1.36529521272E+00,+1.34557158686E+00,+1.34773864527E+00,-11.33164775E-03
+23.70000E-06,+1.33640074067E+00,+1.35687811941E+00,+1.36030145921E+00,+11.53267361E-03
+23.75000E-06,+1.38162687083E+00,+1.34557158686E+00,+1.35653261503E+00,+18.81910570E-03
+23.80000E-06,+1.13413943628E+00,+1.09557158953E+00,+1.35653261502E+00,+48.71860286E-03
+23.85000E-06,+1.01604898530E+00,+1.05034545937E+00,+1.34648236388E+00,+16.80905547E-03
+23.90000E-06,+1.01228014112E+00,+1.03527008265E+00,+1.36030145921E+00,+7.51257315E-03
+23.95000E-06,+1.02358667366E+00,+1.03652636405E+00,+1.34396980109E+00,+226.14107E-06
+24.00000E-06,+1.29243089190E+00,+1.29406404974E+00,+1.36407030340E+00,-39.97486352E-03
+24.05000E-06,+1.35147611739E+00,+1.34557158686E+00,+1.34020095691E+00,-9.82411008E-03
+24.10000E-06,+1.35650124296E+00,+1.32547108456E+00,+1.34899492666E+00,+13.29146756E-03
+24.15000E-06,+1.34896355460E+00,+1.36567208916E+00,+1.35653261503E+00,+13.04021128E-03
+24.20000E-06,+1.01981782948E+00,+1.03903892682E+00,+1.33643211272E+00,+29.37186940E-03
+24.25000E-06,+1.04368717596E+00,+1.05034545937E+00,+1.36030145921E+00,+19.57287453E-03
+24.30000E-06,+1.03489320621E+00,+1.01265701756E+00,+1.35150748946E+00,+7.51257315E-03
+24.35000E-06,+1.03991833178E+00,+1.02396355011E+00,+1.33266326855E+00,+2.73870386E-03
+24.40000E-06,+1.23338566640E+00,+1.23376254285E+00,+1.28618085700E+00,-60.32662209E-03
+24.45000E-06,+1.36655149410E+00,+1.34557158686E+00,+1.36155774060E+00,-11.33164775E-03
+24.50000E-06,+1.35398868017E+00,+1.34557158686E+00,+1.37160799175E+00,+11.03016105E-03
+24.55000E-06,+1.32886305230E+00,+1.36190324498E+00,+1.37286427315E+00,+18.81910570E-03
+24.60000E-06,+1.02107411087E+00,+1.02145098731E+00,+1.35778889642E+00,+22.33669359E-03
+24.65000E-06,+1.02986808063E+00,+1.06416455470E+00,+1.34648236388E+00,+20.82915593E-03
+24.70000E-06,+1.01228014112E+00,+1.02145098731E+00,+1.34020095691E+00,+8.01508571E-03
+24.75000E-06,+1.02735551784E+00,+1.02019470593E+00,+1.36407030339E+00,+3.49247269E-03
+24.80000E-06,+1.25097360591E+00,+1.23124998006E+00,+1.32261301741E+00,-49.77385839E-03
+24.85000E-06,+1.35901380575E+00,+1.32547108456E+00,+1.33391954994E+00,-11.33164775E-03
+24.90000E-06,+1.33640074067E+00,+1.35436555662E+00,+1.34271351970E+00,+13.29146756E-03
+24.95000E-06,+1.34896355460E+00,+1.34180274268E+00,+1.32763814297E+00,+12.28644245E-03
+25.00000E-06,+1.09393843168E+00,+1.11567209182E+00,+1.35778889642E+00,+48.71860286E-03
+25.05000E-06,+1.02986808063E+00,+1.05034545937E+00,+1.36658286618E+00,+19.57287453E-03
+25.10000E-06,+1.01228014112E+00,+1.01265701756E+00,+1.34020095691E+00,+9.27136710E-03
+25.15000E-06,+1.03991833178E+00,+1.02773239428E+00,+1.36030145921E+00,-3.79395939E-03
+25.20000E-06,+1.19695350600E+00,+1.23501882425E+00,+1.32638186159E+00,-48.01506443E-03
+25.25000E-06,+1.37157661969E+00,+1.34557158686E+00,+1.35402005224E+00,-9.82411008E-03
+25.30000E-06,+1.35398868017E+00,+1.35436555661E+00,+1.34899492666E+00,+5.25126664E-03
+25.35000E-06,+1.36529521272E+00,+1.36190324498E+00,+1.37663311733E+00,+17.06031174E-03
+25.40000E-06,+1.04117461317E+00,+1.04029520821E+00,+1.34020095691E+00,+34.89950753E-03
+25.45000E-06,+1.04368717596E+00,+1.05160174076E+00,+1.34648236388E+00,+22.33669360E-03
+25.50000E-06,+1.02358667366E+00,+1.02396355011E+00,+1.34020095691E+00,+8.01508571E-03
+25.55000E-06,+1.03112436202E+00,+1.02773239428E+00,+1.34020095691E+00,-2.28642172E-03
+25.60000E-06,+1.25348616870E+00,+1.27145098465E+00,+1.34396980110E+00,-41.73365747E-03
+25.65000E-06,+1.33891330345E+00,+1.33929017989E+00,+1.34773864527E+00,-15.35174821E-03
+25.70000E-06,+1.36529521272E+00,+1.33426505432E+00,+1.34020095691E+00,+4.24624153E-03
+25.75000E-06,+1.36152636854E+00,+1.36190324498E+00,+1.34773864527E+00,+16.30654291E-03
+25.80000E-06,+1.09519471308E+00,+1.11567209182E+00,+1.33768839412E+00,+48.71860286E-03
+25.85000E-06,+1.04368717596E+00,+1.03024495708E+00,+1.35402005224E+00,+16.80905547E-03
+25.90000E-06,+1.01228014112E+00,+1.02396355011E+00,+1.34020095691E+00,+13.79398012E-03
+25.95000E-06,+1.02358667366E+00,+1.02396355011E+00,+1.34020095691E+00,-527.62777E-06
+26.00000E-06,+1.21579772690E+00,+1.27270726605E+00,+1.32638186159E+00,-47.26129560E-03
+26.05000E-06,+1.35901380575E+00,+1.35939068219E+00,+1.34020095691E+00,-16.85928588E-03
+26.10000E-06,+1.34519471042E+00,+1.36567208916E+00,+1.36030145921E+00,+5.25126664E-03
+26.15000E-06,+1.37785802666E+00,+1.34557158686E+00,+1.36030145921E+00,+18.81910570E-03
+26.20000E-06,+1.09770727587E+00,+1.11567209182E+00,+1.33894467551E+00,+53.24121587E-03
+26.25000E-06,+1.04368717596E+00,+1.06416455470E+00,+1.33894467553E+00,+22.33669360E-03
+26.30000E-06,+1.03238064341E+00,+1.04406405240E+00,+1.33140698716E+00,+7.51257315E-03
+26.35000E-06,+1.03991833178E+00,+1.00386304781E+00,+1.34396980109E+00,+2.73870386E-03
+26.40000E-06,+1.25222988731E+00,+1.28778264276E+00,+1.34020095691E+00,-42.48742631E-03
+26.45000E-06,+1.34519471042E+00,+1.33929017989E+00,+1.35402005224E+00,-8.56782869E-03
+26.50000E-06,+1.34519471042E+00,+1.35687811941E+00,+1.34020095691E+00,+9.27136710E-03
+26.55000E-06,+1.32886305230E+00,+1.36567208916E+00,+1.34020095691E+00,+19.57287453E-03
+26.60000E-06,+982.12938767E-03,+1.00009420362E+00,+1.33894467551E+00,+21.83418104E-03
+26.65000E-06,+1.00976757834E+00,+1.01642586175E+00,+1.36030145921E+00,+19.57287453E-03
+26.70000E-06,+1.02358667366E+00,+1.02396355011E+00,+1.36030145921E+00,+5.75377920E-03
+26.75000E-06,+1.03991833178E+00,+1.02396355011E+00,+1.34020095691E+00,+3.49247269E-03
+26.80000E-06,+1.23212938501E+00,+1.23124998006E+00,+1.32386929880E+00,-50.02511467E-03
+26.85000E-06,+1.37283290107E+00,+1.34557158686E+00,+1.34773864527E+00,-12.58792914E-03
+26.90000E-06,+1.35398868017E+00,+1.36567208916E+00,+1.36909542896E+00,+17.31156802E-03
+26.95000E-06,+1.34896355460E+00,+1.36567208916E+00,+1.34396980109E+00,+18.06533686E-03
+27.00000E-06,+1.02107411087E+00,+1.38326002866E+00,+1.35904517781E+00,+26.60805033E-03
+27.05000E-06,+1.02986808063E+00,+1.35185299383E+00,+1.36155774059E+00,+8.76885455E-03
+27.10000E-06,+1.03238064341E+00,+1.35436555661E+00,+1.34020095691E+00,+3.49247269E-03
+27.15000E-06,+1.03112436202E+00,+1.34557158686E+00,+1.32763814297E+00,+10.77890478E-03
+27.20000E-06,+1.29117461051E+00,+1.34431530547E+00,+1.36155774060E+00,-19.12059239E-03
+27.25000E-06,+1.35273239877E+00,+1.31918967759E+00,+1.34773864527E+00,-527.62777E-06
+27.30000E-06,+1.35650124296E+00,+1.34557158686E+00,+1.34020095691E+00,+13.29146756E-03
+27.35000E-06,+1.34896355460E+00,+1.34934043104E+00,+1.34396980109E+00,+11.53267361E-03
+27.40000E-06,+1.36529521272E+00,+1.32672736596E+00,+1.35778889641E+00,+14.79900523E-03
+27.45000E-06,+1.36529521272E+00,+1.35185299383E+00,+1.36783914756E+00,+7.51257315E-03
+27.50000E-06,+1.36529521272E+00,+1.35687811941E+00,+1.36030145921E+00,+7.51257315E-03
+27.55000E-06,+1.36529521272E+00,+1.36190324498E+00,+1.36030145921E+00,+4.24624153E-03
+27.60000E-06,+1.34770727321E+00,+1.36441580776E+00,+1.32261301741E+00,+11.53267361E-03
+27.65000E-06,+1.37911430804E+00,+1.34557158686E+00,+1.34020095691E+00,+13.04021128E-03
+27.70000E-06,+1.35650124296E+00,+1.33677761711E+00,+1.34899492666E+00,+7.51257315E-03
+27.75000E-06,+1.34519471042E+00,+1.36567208916E+00,+1.35653261503E+00,+12.28644245E-03
+27.80000E-06,+1.11655149677E+00,+1.36315952637E+00,+1.34145723831E+00,+34.39699497E-03
+27.85000E-06,+1.02986808063E+00,+1.35939068219E+00,+1.34648236388E+00,+11.53267361E-03
+27.90000E-06,+1.03489320621E+00,+1.35687811941E+00,+1.35778889641E+00,+7.51257315E-03
+27.95000E-06,+1.03991833178E+00,+1.36190324498E+00,+1.32763814297E+00,+4.24624153E-03
+28.00000E-06,+1.27233038961E+00,+1.32672736596E+00,+1.32386929880E+00,-26.40702447E-03
+28.05000E-06,+1.35901380574E+00,+1.35310927522E+00,+1.34648236388E+00,+2.23619130E-03
+28.10000E-06,+1.34519471042E+00,+1.35436555661E+00,+964.57282022E-03,+10.52764849E-03
+28.15000E-06,+1.36529521272E+00,+1.36567208916E+00,+1.01859292015E+00,+13.79398012E-03
+28.20000E-06,+1.36278264992E+00,+1.00260676641E+00,+1.01608035736E+00,+18.31659313E-03
+28.25000E-06,+1.36529521272E+00,+1.04406405240E+00,+1.03241201548E+00,+10.27639222E-03
+28.30000E-06,+1.34519471042E+00,+1.02396355011E+00,+1.02738688991E+00,+5.75377920E-03
+28.35000E-06,+1.36529521272E+00,+1.01140073616E+00,+1.01482407598E+00,+4.24624153E-03
+28.40000E-06,+1.38288315222E+00,+1.32798364736E+00,+1.02110548295E+00,-3.29144683E-03
+28.45000E-06,+1.33765702206E+00,+1.35185299383E+00,+1.32763814297E+00,+7.51257315E-03
+28.50000E-06,+1.35650124296E+00,+1.36567208916E+00,+1.35150748946E+00,+1.23116618E-03
+28.55000E-06,+1.37785802666E+00,+1.34934043104E+00,+1.35653261503E+00,+15.55277407E-03
+28.60000E-06,+1.36403893132E+00,+1.07672736862E+00,+1.36030145921E+00,+29.62312567E-03
+28.65000E-06,+1.35147611739E+00,+1.02396355011E+00,+1.36030145921E+00,+14.29649268E-03
+28.70000E-06,+1.35398868017E+00,+1.04406405240E+00,+1.34020095691E+00,+9.27136710E-03
+28.75000E-06,+1.36529521272E+00,+1.02773239428E+00,+1.37663311733E+00,+226.14107E-06
+28.80000E-06,+1.36403893132E+00,+1.27145098466E+00,+1.34271351971E+00,-18.11556727E-03
+28.85000E-06,+1.34519471042E+00,+1.36567208916E+00,+1.34020095691E+00,-2.03516544E-03
+28.90000E-06,+1.35398868017E+00,+1.35687811941E+00,+1.32889442437E+00,+11.03016105E-03
+28.95000E-06,+1.33640074065E+00,+1.36567208916E+00,+1.32386929879E+00,+8.26634199E-03
+29.00000E-06,+1.38288315222E+00,+1.09682787091E+00,+1.33643211272E+00,+21.83418103E-03
+29.05000E-06,+1.35775752436E+00,+1.03778264543E+00,+1.36030145921E+00,+12.78895501E-03
+29.10000E-06,+1.36278264992E+00,+1.02396355011E+00,+1.35150748946E+00,+5.75377920E-03
+29.15000E-06,+1.36152636854E+00,+1.02773239428E+00,+1.33643211273E+00,+7.51257315E-03
+29.20000E-06,+1.34645099182E+00,+1.30788314506E+00,+1.34145723831E+00,-15.10049193E-03
+29.25000E-06,+1.35273239877E+00,+1.35939068219E+00,+1.33391954994E+00,-527.62777E-06
+29.30000E-06,+1.34519471042E+00,+1.34557158686E+00,+1.34020095691E+00,+7.51257315E-03
+29.35000E-06,+1.34896355460E+00,+1.36567208916E+00,+1.36030145921E+00,+13.04021128E-03
+29.40000E-06,+1.36152636852E+00,+1.07923993141E+00,+1.35904517781E+00,+29.37186939E-03
+29.45000E-06,+1.35775752436E+00,+1.02396355011E+00,+1.34020095691E+00,+17.06031174E-03
+29.50000E-06,+1.35398868017E+00,+1.04406405240E+00,+1.35150748946E+00,+8.01508571E-03
+29.55000E-06,+1.36152636854E+00,+1.02396355011E+00,+1.34020095691E+00,+979.90990E-06
+29.60000E-06,+1.32760677092E+00,+1.25135048236E+00,+1.34145723831E+00,-23.14069285E-03
+29.65000E-06,+1.35273239877E+00,+1.33175249154E+00,+1.34020095691E+00,-3.29144683E-03
+29.70000E-06,+1.34519471042E+00,+1.35436555661E+00,+1.34020095691E+00,+9.27136710E-03
+29.75000E-06,+1.36906405689E+00,+1.34934043104E+00,+1.37286427315E+00,+11.53267361E-03
+29.80000E-06,+1.34393842902E+00,+1.02270726871E+00,+1.35778889641E+00,+7.01006059E-03
+29.85000E-06,+1.37911430804E+00,+1.05034545937E+00,+1.36030145921E+00,+14.29649268E-03
+29.90000E-06,+1.36780777551E+00,+1.02396355011E+00,+1.35150748946E+00,+8.01508571E-03
+29.95000E-06,+1.33263189648E+00,+1.04406405240E+00,+1.35276377085E+00,+3.49247269E-03
+30.00000E-06,+1.32760677092E+00,+1.27019470326E+00,+1.30502507791E+00,-11.08039147E-03
+30.05000E-06,+1.33891330345E+00,+1.34557158686E+00,+1.33391954994E+00,-7.31154729E-03
+30.10000E-06,+1.35650124296E+00,+1.34557158686E+00,+1.34899492666E+00,+5.25126664E-03
+30.15000E-06,+1.33263189648E+00,+1.34557158686E+00,+1.37663311733E+00,+12.28644245E-03
+30.20000E-06,+1.36152636852E+00,+1.04029520821E+00,+1.34020095691E+00,+26.10553777E-03
+30.25000E-06,+1.36529521272E+00,+1.05034545937E+00,+1.34020095691E+00,+13.04021128E-03
+30.30000E-06,+1.35650124296E+00,+1.03275751986E+00,+1.34020095691E+00,+5.75377920E-03
+30.35000E-06,+1.36529521272E+00,+1.02396355011E+00,+1.32386929879E+00,+4.24624153E-03
+30.40000E-06,+1.32886305231E+00,+1.27145098466E+00,+1.36030145921E+00,-14.34672309E-03
+30.45000E-06,+1.35775752436E+00,+1.36567208916E+00,+1.35402005224E+00,-3.29144683E-03
+30.50000E-06,+1.34770727321E+00,+1.34557158686E+00,+1.35150748946E+00,+8.01508571E-03
+30.55000E-06,+1.36152636854E+00,+1.36567208916E+00,+1.32386929879E+00,+14.79900524E-03
+30.60000E-06,+1.34393842902E+00,+1.00135048501E+00,+1.33894467551E+00,+7.01006059E-03
+30.65000E-06,+1.38539571501E+00,+1.03024495708E+00,+1.34020095691E+00,+7.51257315E-03
+30.70000E-06,+1.35398868017E+00,+1.01516958035E+00,+1.35150748946E+00,+11.53267361E-03
+30.75000E-06,+1.34896355460E+00,+1.02396355011E+00,+1.34020095691E+00,+3.49247269E-03
+30.80000E-06,+1.36403893132E+00,+1.32672736596E+00,+1.36030145921E+00,-25.11521E-06
+30.85000E-06,+1.35901380574E+00,+1.35939068219E+00,+1.32010045461E+00,+6.25629176E-03
+30.90000E-06,+1.36529521272E+00,+1.33677761711E+00,+1.34899492666E+00,+11.03016105E-03
+30.95000E-06,+1.34896355460E+00,+1.34934043104E+00,+1.35653261503E+00,+9.02011082E-03
+31.00000E-06,+1.36655149411E+00,+1.09682787091E+00,+1.35778889641E+00,+30.12563823E-03
+31.05000E-06,+1.36529521272E+00,+1.04406405240E+00,+1.37412055453E+00,+14.29649268E-03
+31.10000E-06,+1.34519471042E+00,+1.02396355011E+00,+1.32889442436E+00,+1.73367874E-03
+31.15000E-06,+1.38162687084E+00,+1.02396355011E+00,+1.34773864526E+00,+23.59297499E-03
+31.20000E-06,+1.34645099182E+00,+1.29155148696E+00,+1.38165824290E+00,-14.09546681E-03
+31.25000E-06,+1.35901380574E+00,+1.34557158686E+00,+1.34020095691E+00,-2.03516544E-03
+31.30000E-06,+1.33388817787E+00,+1.36567208916E+00,+1.34899492666E+00,+9.27136710E-03
+31.35000E-06,+1.36529521272E+00,+1.31667711480E+00,+1.38040196151E+00,+11.53267361E-03
+31.40000E-06,+1.36278264992E+00,+1.09682787091E+00,+1.36030145921E+00,+26.10553777E-03
+31.45000E-06,+1.37157661969E+00,+1.03778264543E+00,+1.36030145921E+00,+10.27639222E-03
+31.50000E-06,+1.35650124297E+00,+1.02396355011E+00,+1.35150748946E+00,+5.75377920E-03
+31.55000E-06,+1.38162687084E+00,+1.02396355011E+00,+1.34396980109E+00,+3.49247269E-03
+31.60000E-06,+1.32635048952E+00,+1.29029520556E+00,+1.34145723831E+00,-10.57787891E-03
+31.65000E-06,+1.35901380574E+00,+1.35939068219E+00,+1.34020095691E+00,+6.25629176E-03
+31.70000E-06,+1.36529521272E+00,+1.34557158686E+00,+1.34899492666E+00,+9.27136710E-03
+31.75000E-06,+1.38162687084E+00,+1.34557158686E+00,+1.36407030338E+00,+14.79900524E-03
+31.80000E-06,+1.36655149411E+00,+1.00135048501E+00,+1.34020095691E+00,+18.81910569E-03
+31.85000E-06,+1.37157661969E+00,+1.02396355011E+00,+1.34648236388E+00,+13.04021128E-03
+31.90000E-06,+1.35398868017E+00,+1.02396355011E+00,+1.36909542896E+00,+3.49247269E-03
+31.95000E-06,+1.37785802666E+00,+1.04029520823E+00,+1.34020095691E+00,+3.49247269E-03
+32.00000E-06,+1.34519471042E+00,+1.27270726606E+00,+1.32638186160E+00,-14.34672309E-03
+32.05000E-06,+1.35901380574E+00,+1.35939068219E+00,+1.33391954994E+00,+3.49247269E-03
+32.10000E-06,+1.36529521272E+00,+1.36567208916E+00,+1.34020095691E+00,+13.29146756E-03
+32.15000E-06,+1.36529521272E+00,+1.34934043104E+00,+1.34020095691E+00,+14.04523640E-03
+32.20000E-06,+1.36152636852E+00,+1.02396355011E+00,+1.33894467551E+00,+14.54774895E-03
+32.25000E-06,+1.35147611739E+00,+1.02396355011E+00,+1.36030145921E+00,+14.29649268E-03
+32.30000E-06,+1.35650124297E+00,+1.02647611290E+00,+1.34020095691E+00,+5.25126664E-03
+32.35000E-06,+1.34519471042E+00,+1.02773239428E+00,+1.34020095691E+00,+9.27136711E-03
+32.40000E-06,+1.32886305232E+00,+1.29029520556E+00,+1.34271351971E+00,-9.82411007E-03
+32.45000E-06,+1.36529521272E+00,+1.35939068219E+00,+1.34648236388E+00,+728.65363E-06
+32.50000E-06,+1.35650124297E+00,+1.35687811941E+00,+1.37160799175E+00,+7.51257315E-03
+32.55000E-06,+1.34896355459E+00,+1.34934043104E+00,+1.36030145921E+00,+11.53267361E-03
+32.60000E-06,+1.32760677092E+00,+1.04029520821E+00,+1.34020095691E+00,+18.56784941E-03
+32.65000E-06,+1.37157661969E+00,+1.03024495708E+00,+1.36030145921E+00,+15.55277407E-03
+32.70000E-06,+1.36529521272E+00,+1.04406405240E+00,+1.33140698716E+00,+5.75377920E-03
+32.75000E-06,+1.36152636854E+00,+1.02396355011E+00,+1.35653261503E+00,+3.49247269E-03
+32.80000E-06,+1.34770727322E+00,+1.25260676377E+00,+1.36030145921E+00,-18.61807983E-03
+32.85000E-06,+1.34519471042E+00,+1.35310927521E+00,+1.34020095691E+00,-527.62777E-06
+32.90000E-06,+1.35398868017E+00,+1.35687811941E+00,+1.34020095691E+00,+9.77387966E-03
+32.95000E-06,+1.34519471042E+00,+1.34934043104E+00,+1.36407030338E+00,+10.77890478E-03
+33.00000E-06,+1.36278264992E+00,+1.00386304781E+00,+1.32010045461E+00,-276.37149E-06
+33.05000E-06,+1.36529521272E+00,+1.05034545938E+00,+1.35402005224E+00,+13.04021128E-03
+33.10000E-06,+1.37660174526E+00,+1.01516958036E+00,+1.35150748946E+00,+7.51257315E-03
+33.15000E-06,+1.34519471042E+00,+1.02773239428E+00,+1.32763814297E+00,+10.77890478E-03
+33.20000E-06,+1.36403893132E+00,+1.25386304516E+00,+1.34396980111E+00,-17.86431099E-03
+33.25000E-06,+1.35901380574E+00,+1.35185299383E+00,+1.34020095691E+00,-2.03516544E-03
+33.30000E-06,+1.37408918247E+00,+1.36315952636E+00,+1.37160799176E+00,+7.51257315E-03
+33.35000E-06,+1.36529521272E+00,+1.36567208916E+00,+1.35653261503E+00,+12.28644245E-03
+33.40000E-06,+1.34393842902E+00,+1.04029520821E+00,+1.32010045461E+00,+22.33669359E-03
+33.45000E-06,+1.37157661969E+00,+1.03024495708E+00,+1.34020095691E+00,+14.29649268E-03
+33.50000E-06,+1.35650124297E+00,+1.02647611290E+00,+1.34899492666E+00,+7.51257315E-03
+33.55000E-06,+1.35775752436E+00,+1.00763189198E+00,+1.36909542898E+00,+3.49247269E-03
+33.60000E-06,+1.32760677092E+00,+1.30913942646E+00,+1.36281402201E+00,-10.82913519E-03
+33.65000E-06,+1.33137561509E+00,+1.34557158686E+00,+1.34648236388E+00,+2.23619130E-03
+33.70000E-06,+1.35650124297E+00,+1.34557158686E+00,+1.34899492666E+00,+7.01006059E-03
+33.75000E-06,+1.34896355459E+00,+1.32923992874E+00,+1.35653261503E+00,+21.33166849E-03
+33.80000E-06,+1.34645099182E+00,+1.01893842451E+00,+1.33894467551E+00,+14.79900523E-03
+33.85000E-06,+1.35147611739E+00,+1.03024495708E+00,+1.36030145921E+00,+15.55277407E-03
+33.90000E-06,+1.33388817787E+00,+1.02396355011E+00,+1.35150748946E+00,+5.75377920E-03
+33.95000E-06,+1.34896355459E+00,+1.02396355011E+00,+1.34396980109E+00,+7.51257315E-03
+34.00000E-06,+1.32760677092E+00,+1.28778264277E+00,+1.30376879651E+00,-14.59797937E-03
+34.05000E-06,+1.35901380574E+00,+1.35939068219E+00,+1.32010045461E+00,-4.54772823E-03
+34.10000E-06,+1.34770727322E+00,+1.37446605891E+00,+1.35778889641E+00,+5.75377920E-03
+34.15000E-06,+1.37785802666E+00,+1.36944093334E+00,+1.37286427315E+00,+10.77890478E-03
+34.20000E-06,+1.32509420812E+00,+1.06039571050E+00,+1.33894467551E+00,+22.08543731E-03
+34.25000E-06,+1.35775752436E+00,+1.01014445478E+00,+1.34020095691E+00,+11.53267361E-03
+34.30000E-06,+1.34519471042E+00,+1.01516958036E+00,+1.34020095691E+00,+7.51257315E-03
+34.35000E-06,+1.34896355459E+00,+1.00386304781E+00,+1.35653261503E+00,+4.24624153E-03
+34.40000E-06,+1.32635048952E+00,+1.31039570786E+00,+1.36281402201E+00,-2.78893427E-03
+34.45000E-06,+1.34519471042E+00,+1.33929017989E+00,+1.34020095691E+00,-2.03516544E-03
+34.50000E-06,+1.38539571501E+00,+1.35436555661E+00,+1.34899492666E+00,+9.27136710E-03
+34.55000E-06,+1.33640074065E+00,+1.34934043104E+00,+1.34020095691E+00,+10.77890478E-03
+34.60000E-06,+1.38037058942E+00,+1.09808415230E+00,+1.32010045461E+00,+26.10553777E-03
+34.65000E-06,+1.35775752436E+00,+1.03778264543E+00,+1.36030145921E+00,+14.29649268E-03
+34.70000E-06,+1.35398868017E+00,+1.00637561061E+00,+1.34899492666E+00,+5.75377920E-03
+34.75000E-06,+1.36152636854E+00,+1.02396355011E+00,+1.35653261503E+00,+3.49247269E-03
+34.80000E-06,+1.34519471042E+00,+1.28778264277E+00,+1.32386929881E+00,-18.36682355E-03
+34.85000E-06,+1.33891330345E+00,+1.35185299384E+00,+1.35527633361E+00,-527.62777E-06
+34.90000E-06,+1.35650124297E+00,+1.35687811941E+00,+1.36030145921E+00,+9.77387966E-03
+34.95000E-06,+1.35273239877E+00,+1.36190324498E+00,+1.34396980109E+00,+10.77890478E-03
+35.00000E-06,+1.36278264992E+00,+1.07923993140E+00,+1.35904517781E+00,+21.58292475E-03
+35.05000E-06,+1.35147611739E+00,+1.05788314773E+00,+1.32763814296E+00,+16.80905547E-03
+35.10000E-06,+1.37408918247E+00,+1.03527008265E+00,+1.34020095691E+00,+7.51257315E-03
+35.15000E-06,+1.36152636854E+00,+1.00763189198E+00,+1.37663311733E+00,+2.73870386E-03
+35.20000E-06,+1.32760677092E+00,+1.29155148697E+00,+1.34396980111E+00,-21.88441145E-03
+35.25000E-06,+1.35273239877E+00,+1.36567208916E+00,+1.33266326856E+00,+2.23619130E-03
+35.30000E-06,+1.34519471042E+00,+1.34557158686E+00,+1.36030145921E+00,+9.27136710E-03
+35.35000E-06,+1.34519471042E+00,+1.36567208916E+00,+1.34773864526E+00,+14.79900524E-03
+35.40000E-06,+1.36278264992E+00,+1.09682787090E+00,+1.33768839411E+00,+22.08543731E-03
+35.45000E-06,+1.36529521272E+00,+1.03652636405E+00,+1.35402005223E+00,+15.55277407E-03
+35.50000E-06,+1.37408918247E+00,+1.02396355011E+00,+1.35150748946E+00,+9.27136710E-03
+35.55000E-06,+1.32886305230E+00,+1.00763189198E+00,+1.34020095691E+00,+3.49247269E-03
+35.60000E-06,+1.30876255002E+00,+1.29155148697E+00,+1.36030145921E+00,-18.11556727E-03
+35.65000E-06,+1.36529521272E+00,+1.36567208916E+00,+1.34773864526E+00,+728.65363E-06
+35.70000E-06,+1.36529521272E+00,+1.34557158686E+00,+1.34020095691E+00,+8.76885454E-03
+35.75000E-06,+1.34896355459E+00,+1.35310927521E+00,+1.35653261503E+00,+18.81910570E-03
+35.80000E-06,+1.36278264992E+00,+1.09808415230E+00,+1.32135673601E+00,+25.60302521E-03
+35.85000E-06,+1.35147611739E+00,+1.04406405240E+00,+1.34020095691E+00,+14.29649268E-03
+35.90000E-06,+1.36529521272E+00,+1.02396355011E+00,+1.35778889641E+00,+7.51257315E-03
+35.95000E-06,+1.36529521272E+00,+1.04029520823E+00,+1.34773864526E+00,+3.49247269E-03
+36.00000E-06,+1.32760677092E+00,+1.29155148697E+00,+1.36030145921E+00,-3.29144683E-03
+36.05000E-06,+1.33891330345E+00,+1.34557158686E+00,+1.35402005223E+00,+3.49247269E-03
+36.10000E-06,+1.36529521272E+00,+1.36567208916E+00,+1.34899492666E+00,+13.29146756E-03
+36.15000E-06,+1.33263189647E+00,+1.34557158686E+00,+1.36030145921E+00,+11.53267361E-03
+36.20000E-06,+1.36529521272E+00,+1.07672736860E+00,+1.35904517781E+00,+26.10553777E-03
+36.25000E-06,+1.35147611739E+00,+1.02396355011E+00,+1.38040196151E+00,+10.27639222E-03
+36.30000E-06,+1.36529521272E+00,+1.01516958036E+00,+1.35402005226E+00,+11.53267361E-03
+36.35000E-06,+1.34142586624E+00,+1.02396355011E+00,+1.34020095691E+00,+7.51257315E-03
+36.40000E-06,+1.30876255002E+00,+1.27270726607E+00,+1.32386929881E+00,-17.86431098E-03
+36.45000E-06,+1.37283290107E+00,+1.34557158686E+00,+1.34773864526E+00,+979.90990E-06
+36.50000E-06,+1.35901380577E+00,+1.35687811941E+00,+1.36030145921E+00,+7.51257315E-03
+36.55000E-06,+1.36152636854E+00,+1.36567208916E+00,+1.36909542898E+00,+12.28644245E-03
+36.60000E-06,+1.36403893132E+00,+1.02019470591E+00,+1.32010045461E+00,+14.54774895E-03
+36.65000E-06,+1.37157661969E+00,+1.01642586176E+00,+1.34648236388E+00,+15.55277407E-03
+36.70000E-06,+1.35398868017E+00,+1.02145098731E+00,+1.33140698716E+00,+13.29146756E-03
+36.75000E-06,+1.34896355459E+00,+1.04029520823E+00,+1.32386929879E+00,+226.14107E-06
+36.80000E-06,+1.34645099182E+00,+1.25135048237E+00,+1.32261301741E+00,-22.88943656E-03
+36.85000E-06,+1.35273239877E+00,+1.35939068219E+00,+1.32638186159E+00,-1.78390916E-03
+36.90000E-06,+1.33640074067E+00,+1.35436555661E+00,+1.36030145921E+00,+5.25126664E-03
+36.95000E-06,+1.36529521272E+00,+1.34934043104E+00,+1.34396980109E+00,+10.77890478E-03
+37.00000E-06,+1.36278264992E+00,+1.11567209180E+00,+1.33768839411E+00,+25.85428149E-03
+37.05000E-06,+1.36529521272E+00,+1.01014445478E+00,+1.36658286618E+00,+9.02011082E-03
+37.10000E-06,+1.33388817787E+00,+1.03527008265E+00,+1.36030145921E+00,+7.51257315E-03
+37.15000E-06,+1.37785802666E+00,+1.03652636405E+00,+1.35653261503E+00,+2.73870386E-03
+37.20000E-06,+1.34645099182E+00,+1.27019470327E+00,+1.36155774061E+00,-11.08039147E-03
+37.25000E-06,+1.34519471042E+00,+1.33803389851E+00,+1.34020095691E+00,+2.23619130E-03
+37.30000E-06,+1.36780777552E+00,+1.35687811941E+00,+1.36909542896E+00,+11.53267361E-03
+37.35000E-06,+1.36529521272E+00,+1.34557158686E+00,+1.36030145921E+00,+3.49247269E-03
+37.40000E-06,+1.36403893132E+00,+1.00260676641E+00,+1.34145723831E+00,+10.77890477E-03
+37.45000E-06,+1.37157661969E+00,+1.04406405240E+00,+1.36030145921E+00,+12.78895501E-03
+37.50000E-06,+1.37660174526E+00,+1.03527008265E+00,+1.32889442436E+00,+9.77387966E-03
+37.55000E-06,+1.36529521272E+00,+1.04029520823E+00,+1.34020095691E+00,+4.24624153E-03
+37.60000E-06,+1.32760677092E+00,+1.28903892417E+00,+1.36030145921E+00,-15.10049192E-03
+37.65000E-06,+1.36529521272E+00,+1.36567208916E+00,+1.34648236388E+00,+6.25629176E-03
+37.70000E-06,+1.35650124297E+00,+1.32547108456E+00,+1.33140698716E+00,+8.76885454E-03
+37.75000E-06,+1.34896355459E+00,+1.35310927521E+00,+1.35653261503E+00,+18.06533686E-03
+37.80000E-06,+1.34519471042E+00,+1.02145098731E+00,+1.33894467551E+00,+14.54774895E-03
+37.85000E-06,+1.35147611739E+00,+1.03652636405E+00,+1.34648236388E+00,+13.04021128E-03
+37.90000E-06,+1.35650124297E+00,+1.01265701756E+00,+1.35150748946E+00,+7.01006059E-03
+37.95000E-06,+1.34519471042E+00,+1.02019470593E+00,+1.34020095691E+00,+226.14107E-06
+38.00000E-06,+1.34645099182E+00,+1.25511932657E+00,+1.34396980111E+00,-13.84421052E-03
+38.05000E-06,+1.35273239877E+00,+1.34557158686E+00,+1.33391954994E+00,-4.54772823E-03
+38.10000E-06,+1.34770727322E+00,+1.35687811941E+00,+1.35778889641E+00,+5.25126664E-03
+38.15000E-06,+1.36152636854E+00,+1.36567208916E+00,+1.35653261503E+00,+15.55277407E-03
+38.20000E-06,+1.38162687081E+00,+1.00260676641E+00,+1.33894467551E+00,+11.03016105E-03
+38.25000E-06,+1.35901380574E+00,+1.02396355011E+00,+1.34020095691E+00,+15.55277407E-03
+38.30000E-06,+1.35398868017E+00,+1.05285802215E+00,+1.34899492666E+00,+5.75377920E-03
+38.35000E-06,+1.33263189647E+00,+1.02396355011E+00,+1.36030145921E+00,+226.14107E-06
+38.40000E-06,+1.32760677092E+00,+1.27396354747E+00,+1.36155774061E+00,-14.59797936E-03
+38.45000E-06,+1.35901380574E+00,+1.36567208916E+00,+1.32010045461E+00,+2.23619130E-03
+38.50000E-06,+1.35650124297E+00,+1.35687811941E+00,+1.34899492666E+00,+9.27136710E-03
+38.55000E-06,+1.36152636854E+00,+1.34934043104E+00,+1.34396980109E+00,+8.26634199E-03
+38.60000E-06,+1.36403893132E+00,+1.08049621280E+00,+1.35904517781E+00,+21.83418103E-03
+38.65000E-06,+1.36529521272E+00,+1.03024495708E+00,+1.35402005223E+00,+11.53267361E-03
+38.70000E-06,+1.36529521272E+00,+1.01516958036E+00,+1.35150748946E+00,+5.25126664E-03
+38.75000E-06,+1.36529521272E+00,+1.04029520823E+00,+1.35653261503E+00,+3.49247269E-03
+38.80000E-06,+1.32760677092E+00,+1.28903892417E+00,+1.32386929881E+00,-15.10049192E-03
+38.85000E-06,+1.37283290106E+00,+1.35310927521E+00,+1.33391954994E+00,+2.23619130E-03
+38.90000E-06,+1.35398868017E+00,+1.33677761711E+00,+1.36030145921E+00,+1.23116618E-03
+38.95000E-06,+1.34896355459E+00,+1.35310927521E+00,+1.37663311733E+00,+10.77890478E-03
+39.00000E-06,+1.34519471042E+00,+1.04155148960E+00,+1.34020095691E+00,+14.79900523E-03
+39.05000E-06,+1.36529521272E+00,+1.02396355011E+00,+1.32638186159E+00,+9.02011082E-03
+39.10000E-06,+1.34770727322E+00,+1.03527008265E+00,+1.34899492666E+00,+7.51257315E-03
+39.15000E-06,+1.36529521272E+00,+1.02396355011E+00,+1.34020095691E+00,+979.90990E-06
+39.20000E-06,+1.32635048952E+00,+1.31165198927E+00,+1.34522608251E+00,-3.29144683E-03
+39.25000E-06,+1.35273239877E+00,+1.35310927521E+00,+1.36030145921E+00,+4.74875409E-03
+39.30000E-06,+1.35398868017E+00,+1.35687811941E+00,+1.36030145921E+00,+12.78895500E-03
+39.35000E-06,+1.35273239877E+00,+1.36190324499E+00,+1.34020095691E+00,+12.28644245E-03
+39.40000E-06,+1.38162687081E+00,+1.07923993140E+00,+1.35778889641E+00,+21.58292475E-03
+39.45000E-06,+1.39293340336E+00,+1.03778264543E+00,+1.35276377086E+00,+14.29649268E-03
+39.50000E-06,+1.32509420812E+00,+1.02145098731E+00,+1.35150748946E+00,+7.51257315E-03
+39.55000E-06,+1.34896355459E+00,+1.03150123845E+00,+1.34020095691E+00,+3.49247269E-03
+39.60000E-06,+1.32635048952E+00,+1.27270726607E+00,+1.36407030341E+00,-14.09546680E-03
+39.65000E-06,+1.31881280115E+00,+1.33175249154E+00,+1.32010045461E+00,-3.29144683E-03
+39.70000E-06,+1.36529521272E+00,+1.34305902406E+00,+1.34899492666E+00,+7.01006059E-03
+39.75000E-06,+1.34519471042E+00,+1.34934043104E+00,+1.35276377086E+00,+12.28644245E-03
+39.80000E-06,+1.34519471042E+00,+1.02145098730E+00,+1.34020095691E+00,+18.31659313E-03
+39.85000E-06,+1.36529521272E+00,+1.05034545938E+00,+1.36658286618E+00,+29.12061312E-03
+39.90000E-06,+1.36529521272E+00,+1.03527008265E+00,+1.36030145921E+00,+5.75377920E-03
+39.95000E-06,+1.34142586624E+00,+1.02396355011E+00,+1.34773864526E+00,+2.73870386E-03
+40.00000E-06,+1.36278264991E+00,+1.32798364737E+00,+1.36155774061E+00,+4.49749781E-03
+40.05000E-06,+1.35901380574E+00,+1.35185299384E+00,+1.37412055453E+00,-3.29144683E-03
+40.10000E-06,+1.36529521272E+00,+1.35687811941E+00,+1.36030145921E+00,+11.53267361E-03
+40.15000E-06,+1.34896355459E+00,+1.34557158686E+00,+1.35653261503E+00,+12.28644245E-03
+40.20000E-06,+1.36403893132E+00,+1.04029520820E+00,+1.32135673601E+00,+22.33669359E-03
+40.25000E-06,+1.37157661969E+00,+1.02396355011E+00,+1.34020095691E+00,+13.04021128E-03
+40.30000E-06,+1.35650124297E+00,+1.01265701756E+00,+1.36030145921E+00,+9.27136710E-03
+40.35000E-06,+1.36152636854E+00,+1.02396355011E+00,+1.34773864526E+00,+2.73870386E-03
+40.40000E-06,+1.34645099182E+00,+1.31165198927E+00,+1.34145723831E+00,+4.49749781E-03
+40.45000E-06,+1.35273239877E+00,+1.35185299384E+00,+1.32638186159E+00,+4.74875409E-03
+40.50000E-06,+1.37660174527E+00,+1.35436555661E+00,+1.36030145921E+00,+3.49247269E-03
+40.55000E-06,+1.36529521272E+00,+1.32923992874E+00,+1.35653261503E+00,+14.79900524E-03
+40.60000E-06,+1.36529521272E+00,+1.02145098730E+00,+1.34020095691E+00,+7.51257315E-03
+40.65000E-06,+1.37911430804E+00,+1.02396355011E+00,+1.35402005223E+00,+11.53267361E-03
+40.70000E-06,+1.33388817787E+00,+1.03275751985E+00,+1.34020095691E+00,+12.03518617E-03
+40.75000E-06,+1.38539571501E+00,+1.04406405240E+00,+1.36030145921E+00,+7.51257315E-03
+40.80000E-06,+1.34645099182E+00,+1.27145098468E+00,+1.34271351971E+00,-18.61807982E-03
+40.85000E-06,+1.36529521272E+00,+1.37949118448E+00,+1.36030145921E+00,+979.90990E-06
+40.90000E-06,+1.36529521272E+00,+1.34557158686E+00,+1.34020095691E+00,+9.27136710E-03
+40.95000E-06,+1.34142586625E+00,+1.36567208916E+00,+1.34020095691E+00,+16.30654291E-03
+41.00000E-06,+1.36278264991E+00,+1.09682787089E+00,+1.35653261501E+00,+21.58292475E-03
+41.05000E-06,+1.36529521272E+00,+1.04406405240E+00,+1.36030145921E+00,+17.06031174E-03
+41.10000E-06,+1.36278264991E+00,+1.04406405240E+00,+1.35150748946E+00,+11.53267361E-03
+41.15000E-06,+1.36152636854E+00,+1.04029520823E+00,+1.34020095691E+00,+10.02513594E-03
+41.20000E-06,+1.36529521272E+00,+1.30913942647E+00,+1.39798990100E+00,+226.14107E-06
+41.25000E-06,+1.34519471042E+00,+1.36567208916E+00,+1.34020095691E+00,-2.03516544E-03
+41.30000E-06,+1.34770727322E+00,+1.35436555661E+00,+1.34899492666E+00,+7.51257315E-03
+41.35000E-06,+1.34896355459E+00,+1.34557158686E+00,+1.35653261503E+00,+8.26634199E-03
+41.40000E-06,+1.36529521272E+00,+1.00386304781E+00,+1.34020095691E+00,+11.03016105E-03
+41.45000E-06,+1.35775752437E+00,+1.04406405240E+00,+1.34020095691E+00,+15.55277407E-03
+41.50000E-06,+1.37408918246E+00,+1.03527008266E+00,+1.34020095691E+00,+7.51257315E-03
+41.55000E-06,+1.36152636854E+00,+1.00763189198E+00,+1.34773864526E+00,-527.62777E-06
+41.60000E-06,+1.32635048952E+00,+1.27145098468E+00,+1.34145723831E+00,-15.10049192E-03
+41.65000E-06,+1.36529521272E+00,+1.36567208916E+00,+1.34648236389E+00,-2.03516544E-03
+41.70000E-06,+1.33640074067E+00,+1.35436555661E+00,+1.35150748946E+00,+7.01006059E-03
+41.75000E-06,+1.34896355459E+00,+1.34934043104E+00,+1.34020095691E+00,+15.55277407E-03
+41.80000E-06,+1.06001883405E+00,+1.06039571050E+00,+1.35778889641E+00,+45.70352751E-03
+41.85000E-06,+1.04996858293E+00,+1.03150123845E+00,+1.35402005223E+00,+19.57287453E-03
+41.90000E-06,+1.00348617136E+00,+1.01516958036E+00,+1.34020095691E+00,+5.75377920E-03
+41.95000E-06,+1.03991833179E+00,+1.04029520823E+00,+1.34020095691E+00,+2.73870386E-03
+42.00000E-06,+1.21579772695E+00,+1.25511932658E+00,+1.32386929882E+00,-55.30149649E-03
+42.05000E-06,+1.33891330344E+00,+1.34557158686E+00,+1.35402005223E+00,-11.33164775E-03
+42.10000E-06,+1.34519471042E+00,+1.35436555661E+00,+1.36030145921E+00,+7.01006059E-03
+42.15000E-06,+1.32886305229E+00,+1.32923992874E+00,+1.37286427316E+00,+14.79900524E-03
+42.20000E-06,+1.05750627125E+00,+1.05788314769E+00,+1.35653261500E+00,+43.69347726E-03
+42.25000E-06,+1.02986808064E+00,+1.04406405240E+00,+1.34648236389E+00,+15.55277407E-03
+42.30000E-06,+1.02107411086E+00,+1.03527008266E+00,+1.34020095691E+00,+7.51257315E-03
+42.35000E-06,+1.04368717596E+00,+1.02019470593E+00,+1.34020095691E+00,-1.28139660E-03
+42.40000E-06,+1.29117461053E+00,+1.29155148698E+00,+1.36407030341E+00,-17.86431098E-03
+42.45000E-06,+1.35147611739E+00,+1.34557158686E+00,+1.34020095691E+00,-12.58792914E-03
+42.50000E-06,+1.37408918246E+00,+1.33677761711E+00,+1.34020095691E+00,+9.27136710E-03
+42.55000E-06,+1.36529521272E+00,+1.34934043104E+00,+1.35653261504E+00,+15.55277407E-03
+42.60000E-06,+1.05876255265E+00,+1.07923993139E+00,+1.35653261500E+00,+48.96985912E-03
+42.65000E-06,+1.02358667366E+00,+1.04406405240E+00,+1.36030145921E+00,+15.55277407E-03
+42.70000E-06,+1.01228014111E+00,+1.02396355011E+00,+1.34020095691E+00,+7.51257315E-03
+42.75000E-06,+1.02358667366E+00,+1.04029520823E+00,+1.35653261504E+00,+6.75880432E-03
+42.80000E-06,+1.23212938504E+00,+1.27019470328E+00,+1.32386929882E+00,-46.00501420E-03
+42.85000E-06,+1.33891330344E+00,+1.32547108456E+00,+1.33391954994E+00,-14.09546681E-03
+42.90000E-06,+1.36780777552E+00,+1.36567208916E+00,+1.35778889641E+00,+11.53267361E-03
+42.95000E-06,+1.34519471042E+00,+1.36190324499E+00,+1.35276377086E+00,+13.04021128E-03
+43.00000E-06,+1.07635049215E+00,+1.07923993139E+00,+1.35778889641E+00,+48.46734656E-03
+43.05000E-06,+1.03614948761E+00,+1.04406405240E+00,+1.34020095691E+00,+20.82915593E-03
+43.10000E-06,+1.02358667366E+00,+1.04406405240E+00,+1.33768839411E+00,+7.51257315E-03
+43.15000E-06,+1.03991833179E+00,+1.02396355011E+00,+1.32763814296E+00,-3.79395939E-03
+43.20000E-06,+1.28991832913E+00,+1.27019470328E+00,+1.36155774061E+00,-42.48742630E-03
+43.25000E-06,+1.33891330344E+00,+1.33929017989E+00,+1.34773864526E+00,-7.06029102E-03
+43.30000E-06,+1.34519471042E+00,+1.35687811941E+00,+1.34020095691E+00,+11.53267361E-03
+43.35000E-06,+1.35273239876E+00,+1.36567208916E+00,+1.34396980108E+00,+15.55277407E-03
+43.40000E-06,+1.11529521534E+00,+1.11441581038E+00,+1.33643211271E+00,+44.44724610E-03
+43.45000E-06,+1.03740576898E+00,+1.04406405240E+00,+1.34020095691E+00,+15.55277407E-03
+43.50000E-06,+1.02358667366E+00,+1.02396355011E+00,+1.36281402201E+00,+8.01508571E-03
+43.55000E-06,+1.01981782949E+00,+1.02773239428E+00,+1.35653261504E+00,+2.73870386E-03
+43.60000E-06,+1.23212938504E+00,+1.25009420098E+00,+1.32512558022E+00,-53.79395883E-03
+43.65000E-06,+1.33891330344E+00,+1.32547108456E+00,+1.36155774058E+00,-10.07536635E-03
+43.70000E-06,+1.35650124297E+00,+1.35687811941E+00,+1.36909542896E+00,+7.01006059E-03
+43.75000E-06,+1.34896355459E+00,+1.34934043103E+00,+1.35653261504E+00,+13.04021128E-03
+43.80000E-06,+1.11403893394E+00,+1.07672736859E+00,+1.33894467551E+00,+48.21609028E-03
+43.85000E-06,+1.04368717596E+00,+1.03778264543E+00,+1.36030145921E+00,+17.06031174E-03
+43.90000E-06,+1.02358667366E+00,+1.00386304781E+00,+1.35150748946E+00,+5.75377920E-03
+43.95000E-06,+1.03614948761E+00,+1.02396355011E+00,+1.36030145921E+00,+3.49247269E-03
+44.00000E-06,+1.25222988734E+00,+1.27019470328E+00,+1.32386929882E+00,-46.25627048E-03
+44.05000E-06,+1.34519471042E+00,+1.33175249154E+00,+1.33391954993E+00,-9.82411008E-03
+44.10000E-06,+1.34519471042E+00,+1.34557158686E+00,+1.35150748946E+00,+13.29146756E-03
+44.15000E-06,+1.34896355459E+00,+1.38200374728E+00,+1.34396980108E+00,+15.55277407E-03
+44.20000E-06,+1.11403893393E+00,+1.09682787088E+00,+1.35527633360E+00,+44.19598982E-03
+44.25000E-06,+1.06378767826E+00,+1.03024495708E+00,+1.35402005223E+00,+18.31659314E-03
+44.30000E-06,+1.04368717596E+00,+1.04406405240E+00,+1.35150748946E+00,+5.25126664E-03
+44.35000E-06,+1.02358667366E+00,+1.04406405240E+00,+1.34020095691E+00,+6.00503548E-03
+44.40000E-06,+1.21705400836E+00,+1.25511932659E+00,+1.32638186162E+00,-51.03013975E-03
+44.45000E-06,+1.35273239876E+00,+1.35310927521E+00,+1.34773864526E+00,-8.56782869E-03
+44.50000E-06,+1.35650124297E+00,+1.35436555661E+00,+1.35150748946E+00,+15.55277407E-03
+44.55000E-06,+1.34896355459E+00,+1.36567208916E+00,+1.36407030338E+00,+16.30654291E-03
+44.60000E-06,+1.05876255265E+00,+1.04029520820E+00,+1.33894467551E+00,+45.20101494E-03
+44.65000E-06,+1.03740576898E+00,+1.05034545938E+00,+1.32638186159E+00,+22.33669360E-03
+44.70000E-06,+1.05248114571E+00,+1.03275751985E+00,+1.34899492666E+00,+8.01508571E-03
+44.75000E-06,+1.06001883408E+00,+1.02773239428E+00,+1.34773864526E+00,+226.14107E-06
+44.80000E-06,+1.23338566645E+00,+1.27145098468E+00,+1.32261301742E+00,-50.02511465E-03
+44.85000E-06,+1.36529521272E+00,+1.33929017989E+00,+1.32638186159E+00,-7.31154729E-03
+44.90000E-06,+1.34519471042E+00,+1.36567208916E+00,+1.36030145921E+00,+12.78895500E-03
+44.95000E-06,+1.38162687084E+00,+1.34934043103E+00,+1.32763814296E+00,+18.81910570E-03
+45.00000E-06,+1.05750627125E+00,+1.05913942909E+00,+1.33768839411E+00,+40.67840192E-03
+45.05000E-06,+1.01604898532E+00,+1.03652636406E+00,+1.36030145921E+00,+15.55277407E-03
+45.10000E-06,+1.03489320621E+00,+1.02396355011E+00,+1.35150748946E+00,+12.03518617E-03
+45.15000E-06,+1.03991833179E+00,+1.02396355011E+00,+1.35653261504E+00,+1.98493502E-03
+45.20000E-06,+1.23589822925E+00,+1.27396354749E+00,+1.30628135933E+00,-39.72360721E-03
+45.25000E-06,+1.37283290106E+00,+1.35939068218E+00,+1.34773864526E+00,-11.33164775E-03
+45.30000E-06,+1.33640074067E+00,+1.34557158686E+00,+1.34899492666E+00,+27.61307545E-03
+45.35000E-06,+1.36906405689E+00,+1.38577259146E+00,+1.37286427316E+00,+22.83920616E-03
+45.40000E-06,+1.01981782946E+00,+1.03903892679E+00,+1.35778889640E+00,+32.88945728E-03
+45.45000E-06,+1.04368717596E+00,+1.05160174075E+00,+1.33266326857E+00,+18.31659314E-03
+45.50000E-06,+1.03238064341E+00,+1.02396355011E+00,+1.32889442436E+00,+10.27639222E-03
+45.55000E-06,+1.02358667366E+00,+1.04406405240E+00,+1.34020095691E+00,+3.49247269E-03
+45.60000E-06,+1.23338566645E+00,+1.23250626149E+00,+1.32512558022E+00,-57.81405929E-03
+45.65000E-06,+1.35273239876E+00,+1.32547108456E+00,+1.36030145921E+00,-8.56782869E-03
+45.70000E-06,+1.35650124297E+00,+1.34557158686E+00,+1.34020095691E+00,+7.01006059E-03
+45.75000E-06,+1.36529521272E+00,+1.34934043103E+00,+1.34020095691E+00,+17.06031174E-03
+45.80000E-06,+1.00097360856E+00,+1.04029520820E+00,+1.33768839411E+00,+25.85428149E-03
+45.85000E-06,+1.04368717596E+00,+1.03652636406E+00,+1.36030145921E+00,+11.28141734E-03
+45.90000E-06,+1.01228014111E+00,+1.00386304781E+00,+1.36030145921E+00,+5.25126664E-03
+45.95000E-06,+1.02358667366E+00,+1.02773239428E+00,+1.34396980108E+00,+3.49247269E-03
+46.00000E-06,+1.25348616875E+00,+1.25637560800E+00,+1.30628135933E+00,-47.76380813E-03
+46.05000E-06,+1.36529521272E+00,+1.33175249154E+00,+1.33391954993E+00,-4.54772823E-03
+46.10000E-06,+1.35398868016E+00,+1.35436555661E+00,+1.36909542895E+00,+11.53267361E-03
+46.15000E-06,+1.38162687084E+00,+1.34557158686E+00,+1.36030145921E+00,+18.81910570E-03
+46.20000E-06,+1.04243089456E+00,+1.03778264539E+00,+1.33894467551E+00,+44.69850238E-03
+46.25000E-06,+1.05122486430E+00,+1.03024495708E+00,+1.34648236389E+00,+19.57287453E-03
+46.30000E-06,+1.02358667366E+00,+1.01265701755E+00,+1.34020095691E+00,+9.27136710E-03
+46.35000E-06,+1.03614948762E+00,+1.04029520823E+00,+1.34020095691E+00,+2.73870386E-03
+46.40000E-06,+1.27358667105E+00,+1.29280776838E+00,+1.36407030342E+00,-35.95476303E-03
+46.45000E-06,+1.35901380574E+00,+1.34557158686E+00,+1.34020095691E+00,-12.58792914E-03
+46.50000E-06,+1.35650124297E+00,+1.36567208916E+00,+1.34899492666E+00,+9.27136710E-03
+46.55000E-06,+1.34519471042E+00,+1.34557158686E+00,+1.34396980108E+00,+15.55277407E-03
+46.60000E-06,+1.01981782945E+00,+1.00135048500E+00,+1.35653261500E+00,+25.85428149E-03
+46.65000E-06,+1.04368717596E+00,+1.04406405240E+00,+1.35904517784E+00,+17.06031174E-03
+46.70000E-06,+1.00976757831E+00,+1.02396355011E+00,+1.34020095691E+00,+3.49247269E-03
+46.75000E-06,+1.02735551783E+00,+1.02396355011E+00,+1.35653261504E+00,-527.62777E-06
+46.80000E-06,+1.32760677093E+00,+1.28778264278E+00,+1.34271351972E+00,-19.62310494E-03
+46.85000E-06,+1.35901380574E+00,+1.33929017989E+00,+1.34773864525E+00,-1.78390916E-03
+46.90000E-06,+1.33640074067E+00,+1.33426505431E+00,+1.36030145921E+00,+11.53267361E-03
+46.95000E-06,+1.35273239876E+00,+1.36190324499E+00,+1.36030145921E+00,+20.32664337E-03
+47.00000E-06,+1.00097360856E+00,+1.02019470590E+00,+1.33894467551E+00,+18.06533685E-03
+47.05000E-06,+1.02358667366E+00,+1.05034545938E+00,+1.34020095691E+00,+21.08041220E-03
+47.10000E-06,+1.03489320621E+00,+1.03527008266E+00,+1.35778889640E+00,+3.99498525E-03
+47.15000E-06,+1.03991833179E+00,+1.02396355011E+00,+1.35653261504E+00,+3.49247269E-03
+47.20000E-06,+1.33011933373E+00,+1.33049621018E+00,+1.36407030342E+00,-17.61305470E-03
+47.25000E-06,+1.35147611740E+00,+1.35185299384E+00,+1.34020095691E+00,-9.82411008E-03
+47.30000E-06,+1.35398868016E+00,+1.34557158686E+00,+1.32889442436E+00,+11.53267361E-03
+47.35000E-06,+1.34142586625E+00,+1.36567208916E+00,+1.34020095691E+00,+18.81910570E-03
+47.40000E-06,+1.01981782945E+00,+1.04029520819E+00,+1.35653261500E+00,+36.65830146E-03
+47.45000E-06,+1.02358667366E+00,+1.03778264543E+00,+1.36030145921E+00,+13.04021128E-03
+47.50000E-06,+1.03489320621E+00,+1.03527008266E+00,+1.35150748946E+00,+5.25126664E-03
+47.55000E-06,+1.03614948762E+00,+1.04029520823E+00,+1.34020095691E+00,+8.26634199E-03
+47.60000E-06,+1.26981782684E+00,+1.27145098469E+00,+1.32512558022E+00,-37.46230071E-03
+47.65000E-06,+1.35901380574E+00,+1.35939068218E+00,+1.33391954993E+00,-7.06029102E-03
+47.70000E-06,+1.37911430807E+00,+1.36567208916E+00,+1.34899492666E+00,+8.76885454E-03
+47.75000E-06,+1.36529521272E+00,+1.34557158686E+00,+1.35653261504E+00,+19.57287453E-03
+47.80000E-06,+1.09519471303E+00,+1.09808415228E+00,+1.35778889640E+00,+48.21609028E-03
+47.85000E-06,+1.04368717596E+00,+1.04406405240E+00,+1.34020095691E+00,+14.29649268E-03
+47.90000E-06,+1.01479270392E+00,+1.03275751985E+00,+1.35150748946E+00,+10.27639222E-03
+47.95000E-06,+1.02358667366E+00,+1.02773239428E+00,+1.32763814296E+00,+3.49247269E-03
+48.00000E-06,+1.27358667105E+00,+1.29280776839E+00,+1.36407030342E+00,-35.70350675E-03
+48.05000E-06,+1.35901380574E+00,+1.34557158686E+00,+1.34648236389E+00,-8.56782869E-03
+48.10000E-06,+1.35650124297E+00,+1.36567208916E+00,+1.34020095691E+00,+13.29146756E-03
+48.15000E-06,+1.36152636854E+00,+1.34557158686E+00,+1.34773864525E+00,+15.55277407E-03
+48.20000E-06,+1.00097360856E+00,+1.00135048500E+00,+1.31884417321E+00,+21.83418103E-03
+48.25000E-06,+1.04368717596E+00,+1.05034545938E+00,+1.34020095691E+00,+18.31659314E-03
+48.30000E-06,+1.03238064341E+00,+1.02396355011E+00,+1.35150748946E+00,+9.27136710E-03
+48.35000E-06,+1.03991833179E+00,+1.02396355011E+00,+1.35653261504E+00,-4.54772823E-03
+48.40000E-06,+1.23338566646E+00,+1.28778264278E+00,+1.30628135933E+00,-46.25627047E-03
+48.45000E-06,+1.35901380574E+00,+1.34557158686E+00,+1.34145723828E+00,-7.31154729E-03
+48.50000E-06,+1.35650124297E+00,+1.36818465197E+00,+1.36030145921E+00,+9.27136710E-03
+48.55000E-06,+1.36529521272E+00,+1.36944093333E+00,+1.35276377087E+00,+19.57287453E-03
+48.60000E-06,+982.12938766E-03,+1.00260676641E+00,+1.33768839410E+00,+14.04523639E-03
+48.65000E-06,+1.02986808064E+00,+1.02396355011E+00,+1.33266326857E+00,+20.82915593E-03
+48.70000E-06,+1.03238064341E+00,+1.03275751985E+00,+1.35778889640E+00,+2.98996013E-03
+48.75000E-06,+1.02358667366E+00,+1.02396355011E+00,+1.34396980108E+00,-1.28139660E-03
+48.80000E-06,+1.25348616875E+00,+1.25511932660E+00,+1.32638186163E+00,-54.54772764E-03
+48.85000E-06,+1.35147611740E+00,+1.33929017988E+00,+1.34020095691E+00,-12.58792914E-03
+48.90000E-06,+1.34268214761E+00,+1.34557158686E+00,+1.34899492666E+00,+11.03016105E-03
+48.95000E-06,+1.36152636854E+00,+1.34934043103E+00,+1.37286427316E+00,+22.08543732E-03
+49.00000E-06,+983.38566907E-03,+1.02145098730E+00,+1.33768839410E+00,+15.05026151E-03
+49.05000E-06,+1.05122486430E+00,+1.04406405240E+00,+1.35276377087E+00,+14.29649268E-03
+49.10000E-06,+1.04368717596E+00,+1.02145098730E+00,+1.34020095691E+00,+9.27136710E-03
+49.15000E-06,+1.03991833179E+00,+1.02396355011E+00,+1.33643211274E+00,+1.98493502E-03
+49.20000E-06,+1.19569722467E+00,+1.24883791959E+00,+1.34271351972E+00,-49.27134581E-03
+49.25000E-06,+1.35901380574E+00,+1.34557158686E+00,+1.32135673598E+00,-9.82411008E-03
+49.30000E-06,+1.35650124297E+00,+1.34557158686E+00,+1.36030145921E+00,+11.53267361E-03
+49.35000E-06,+1.34519471042E+00,+1.34557158686E+00,+1.35653261504E+00,+15.55277407E-03
+49.40000E-06,+1.36278264991E+00,+1.00135048500E+00,+1.33894467551E+00,+10.52764849E-03
+49.45000E-06,+1.37157661969E+00,+1.03778264543E+00,+1.33266326857E+00,+18.31659314E-03
+49.50000E-06,+1.35398868016E+00,+1.03527008266E+00,+1.34899492666E+00,+7.51257315E-03
+49.55000E-06,+1.36529521272E+00,+1.02396355011E+00,+1.36407030338E+00,+4.24624153E-03
+49.60000E-06,+1.34519471042E+00,+1.29155148699E+00,+1.34271351972E+00,-6.55777844E-03
+49.65000E-06,+1.35775752437E+00,+1.35939068218E+00,+1.34020095691E+00,-2.03516543E-03
+49.70000E-06,+1.36780777552E+00,+1.34557158686E+00,+1.36030145921E+00,+7.51257315E-03
+49.75000E-06,+1.36529521272E+00,+1.35310927520E+00,+1.34020095691E+00,+12.28644245E-03
+49.80000E-06,+1.11403893392E+00,+1.11567209177E+00,+1.35527633359E+00,+48.46734656E-03
+49.85000E-06,+1.02986808064E+00,+1.04406405240E+00,+1.36030145921E+00,+12.78895501E-03
+49.90000E-06,+1.02358667366E+00,+1.01516958036E+00,+1.35150748946E+00,+9.27136710E-03
+49.95000E-06,+1.01981782949E+00,+1.02396355011E+00,+1.35653261504E+00,-3.79395939E-03
+50.00000E-06,+1.34645099182E+00,+1.32672736597E+00,+1.38040196151E+00,-23.14069284E-03
+50.05000E-06,+1.36529521272E+00,+1.35939068218E+00,+1.34648236389E+00,-7.06029102E-03
+50.10000E-06,+1.34519471042E+00,+1.34557158686E+00,+1.35778889640E+00,+9.27136710E-03
+50.15000E-06,+1.34896355459E+00,+1.34180274269E+00,+1.36030145921E+00,+17.06031174E-03
+50.20000E-06,+1.34519471042E+00,+1.02145098730E+00,+1.34145723831E+00,+18.56784941E-03
+50.25000E-06,+1.35901380574E+00,+1.03778264543E+00,+1.34020095691E+00,+11.53267361E-03
+50.30000E-06,+1.33388817787E+00,+1.02396355011E+00,+1.36909542895E+00,+7.51257315E-03
+50.35000E-06,+1.34142586625E+00,+1.04029520823E+00,+1.34396980108E+00,+979.90990E-06
+50.40000E-06,+1.34645099182E+00,+1.27145098469E+00,+1.36030145921E+00,-14.84923564E-03
+50.45000E-06,+1.35901380574E+00,+1.35939068218E+00,+1.32638186159E+00,-3.29144683E-03
+50.50000E-06,+1.35650124297E+00,+1.35687811941E+00,+1.34020095691E+00,+9.27136710E-03
+50.55000E-06,+1.34896355459E+00,+1.34557158686E+00,+1.35653261504E+00,+10.77890478E-03
+50.60000E-06,+1.09645099443E+00,+1.09682787087E+00,+1.35778889640E+00,+49.22111540E-03
+50.65000E-06,+1.02986808064E+00,+1.07170224304E+00,+1.36030145921E+00,+18.31659314E-03
+50.70000E-06,+1.02358667366E+00,+1.02396355011E+00,+1.35150748946E+00,+3.49247269E-03
+50.75000E-06,+1.02358667366E+00,+1.02396355011E+00,+1.32010045461E+00,-3.79395939E-03
+50.80000E-06,+1.32635048953E+00,+1.32672736597E+00,+1.36155774061E+00,-15.85426076E-03
+50.85000E-06,+1.36529521272E+00,+1.35939068218E+00,+1.32763814295E+00,-12.58792914E-03
+50.90000E-06,+1.36529521272E+00,+1.34305902405E+00,+1.37160799176E+00,+5.25126664E-03
+50.95000E-06,+1.36152636855E+00,+1.36190324499E+00,+1.35653261504E+00,+20.32664337E-03
+51.00000E-06,+1.34393842901E+00,+1.04029520819E+00,+1.33894467551E+00,+14.29649267E-03
+51.05000E-06,+1.36529521272E+00,+1.03652636406E+00,+1.35402005223E+00,+15.55277407E-03
+51.10000E-06,+1.34268214761E+00,+1.03275751985E+00,+1.34020095691E+00,+5.25126664E-03
+51.15000E-06,+1.36152636855E+00,+1.02396355011E+00,+1.37663311733E+00,+6.75880432E-03
+51.20000E-06,+1.34645099182E+00,+1.31039570788E+00,+1.38291452431E+00,-10.57787890E-03
+51.25000E-06,+1.35273239876E+00,+1.36567208916E+00,+1.32638186159E+00,+3.49247269E-03
+51.30000E-06,+1.34519471042E+00,+1.35436555661E+00,+1.35150748946E+00,+9.77387966E-03
+51.35000E-06,+1.34896355459E+00,+1.35310927520E+00,+1.34020095691E+00,+16.30654291E-03
+51.40000E-06,+1.36403893131E+00,+1.02145098730E+00,+1.35778889640E+00,+14.54774895E-03
+51.45000E-06,+1.37157661969E+00,+1.03778264542E+00,+1.36658286619E+00,+14.29649268E-03
+51.50000E-06,+1.35650124297E+00,+1.04406405240E+00,+1.35150748946E+00,+7.01006059E-03
+51.55000E-06,+1.34519471042E+00,+1.02773239428E+00,+1.34020095691E+00,+226.14107E-06
+51.60000E-06,+1.34645099182E+00,+1.28903892418E+00,+1.34271351972E+00,-7.31154728E-03
+51.65000E-06,+1.35901380574E+00,+1.35939068218E+00,+1.34773864525E+00,+2.23619130E-03
+51.70000E-06,+1.36529521272E+00,+1.34305902405E+00,+1.33768839410E+00,+11.53267361E-03
+51.75000E-06,+1.36152636855E+00,+1.36190324499E+00,+1.34396980108E+00,+14.79900524E-03
+51.80000E-06,+1.06001883404E+00,+1.05788314768E+00,+1.32010045461E+00,+45.20101494E-03
+51.85000E-06,+1.01604898532E+00,+1.04406405240E+00,+1.34648236389E+00,+19.57287453E-03
+51.90000E-06,+1.04368717596E+00,+1.02145098730E+00,+1.35150748946E+00,+8.01508571E-03
+51.95000E-06,+1.02358667366E+00,+1.01140073615E+00,+1.36030145921E+00,+5.25126665E-03
+52.00000E-06,+1.23338566646E+00,+1.23376254291E+00,+1.30502507793E+00,-49.77385837E-03
+52.05000E-06,+1.34519471042E+00,+1.34557158686E+00,+1.34020095691E+00,-11.08039148E-03
+52.10000E-06,+1.36529521272E+00,+1.34557158686E+00,+1.34271351972E+00,+13.29146756E-03
+52.15000E-06,+1.36529521272E+00,+1.37446605895E+00,+1.33140698712E+00,+19.57287453E-03
+52.20000E-06,+1.00097360856E+00,+1.00386304781E+00,+1.35653261500E+00,+10.02513593E-03
+52.25000E-06,+1.02233039230E+00,+1.04406405240E+00,+1.36030145921E+00,+16.80905547E-03
+52.30000E-06,+1.03489320621E+00,+1.02647611291E+00,+1.34020095691E+00,+5.75377920E-03
+52.35000E-06,+1.02735551783E+00,+1.04406405240E+00,+1.32763814295E+00,-4.54772823E-03
+52.40000E-06,+1.27233038965E+00,+1.27396354750E+00,+1.34522608253E+00,-32.43717513E-03
+52.45000E-06,+1.35901380574E+00,+1.35185299384E+00,+1.37412055453E+00,-14.09546681E-03
+52.50000E-06,+1.35398868016E+00,+1.34557158686E+00,+1.37160799176E+00,+9.27136710E-03
+52.55000E-06,+1.35775752438E+00,+1.36190324499E+00,+1.37663311734E+00,+22.08543732E-03
+52.60000E-06,+1.01981782945E+00,+1.03903892679E+00,+1.33768839410E+00,+29.12061310E-03
+52.65000E-06,+1.04368717596E+00,+1.05034545938E+00,+1.36030145921E+00,+21.08041220E-03
+52.70000E-06,+1.02358667366E+00,+1.02647611291E+00,+1.35778889640E+00,+9.77387966E-03
+52.75000E-06,+1.02735551783E+00,+1.02396355011E+00,+1.34396980108E+00,-527.62777E-06
+52.80000E-06,+1.21579772698E+00,+1.25386304521E+00,+1.30879392215E+00,-47.51255184E-03
+52.85000E-06,+1.33765702208E+00,+1.33929017988E+00,+1.35402005223E+00,-14.09546681E-03
+52.90000E-06,+1.36529521272E+00,+1.34557158686E+00,+1.33768839410E+00,+11.53267361E-03
+52.95000E-06,+1.37785802667E+00,+1.37823490312E+00,+1.34396980108E+00,+19.57287453E-03
+53.00000E-06,+1.03991833175E+00,+1.02019470589E+00,+1.37412055448E+00,+25.60302520E-03
+53.05000E-06,+1.03740576898E+00,+1.06416455470E+00,+1.33894467555E+00,+14.29649268E-03
+53.10000E-06,+1.02358667366E+00,+1.04406405240E+00,+1.34899492666E+00,+5.25126664E-03
+53.15000E-06,+1.04368717596E+00,+1.02773239428E+00,+1.34020095691E+00,+1.98493503E-03
+53.20000E-06,+1.27233038966E+00,+1.29280776840E+00,+1.32386929883E+00,-28.66833095E-03
+53.25000E-06,+1.35273239876E+00,+1.33929017988E+00,+1.34773864525E+00,-3.04019056E-03
+53.30000E-06,+1.34519471042E+00,+1.35687811942E+00,+1.37160799176E+00,+7.51257315E-03
+53.35000E-06,+1.36529521272E+00,+1.35310927520E+00,+1.37663311734E+00,+16.30654291E-03
+53.40000E-06,+1.00097360856E+00,+1.00009420359E+00,+1.33894467551E+00,+17.81408056E-03
+53.45000E-06,+1.02986808064E+00,+1.04406405240E+00,+1.34648236389E+00,+21.08041220E-03
+53.50000E-06,+1.02358667366E+00,+1.06416455470E+00,+1.34020095691E+00,+9.27136710E-03
+53.55000E-06,+1.04745602013E+00,+1.03150123845E+00,+1.32763814295E+00,+6.00503548E-03
+53.60000E-06,+1.25348616876E+00,+1.27270726610E+00,+1.36407030342E+00,-32.93968769E-03
+53.65000E-06,+1.37911430803E+00,+1.33929017988E+00,+1.34773864525E+00,-13.84421054E-03
+53.70000E-06,+1.35650124297E+00,+1.35687811942E+00,+1.35150748946E+00,+13.79398012E-03
+53.75000E-06,+1.34896355459E+00,+1.36190324499E+00,+1.36407030338E+00,+15.55277407E-03
+53.80000E-06,+1.01856154804E+00,+1.04029520819E+00,+1.33643211270E+00,+25.60302520E-03
+53.85000E-06,+1.02233039230E+00,+1.03024495708E+00,+1.37412055453E+00,+14.29649268E-03
+53.90000E-06,+1.02358667366E+00,+1.02396355011E+00,+1.35150748946E+00,+7.51257315E-03
+53.95000E-06,+1.04368717596E+00,+1.02396355011E+00,+1.35653261504E+00,+7.51257315E-03
+54.00000E-06,+1.23464194787E+00,+1.27145098470E+00,+1.32512558023E+00,-48.76883324E-03
+54.05000E-06,+1.35901380574E+00,+1.34557158686E+00,+1.35402005223E+00,-11.08039148E-03
+54.10000E-06,+1.35650124297E+00,+1.34557158686E+00,+1.37160799176E+00,+5.25126664E-03
+54.15000E-06,+1.36529521272E+00,+1.34934043103E+00,+1.34020095691E+00,+16.30654291E-03
+54.20000E-06,+1.01856154804E+00,+1.03778264538E+00,+1.33768839410E+00,+28.61810054E-03
+54.25000E-06,+1.04368717596E+00,+1.04406405240E+00,+1.35402005223E+00,+19.57287453E-03
+54.30000E-06,+1.02358667366E+00,+1.01516958036E+00,+1.33768839410E+00,+3.49247269E-03
+54.35000E-06,+1.02735551783E+00,+1.00763189198E+00,+1.37663311734E+00,-3.79395939E-03
+54.40000E-06,+1.27107410825E+00,+1.30788314508E+00,+1.36155774061E+00,-38.46732583E-03
+54.45000E-06,+1.34519471042E+00,+1.34557158686E+00,+1.36030145921E+00,-9.82411008E-03
+54.50000E-06,+1.33640074067E+00,+1.35687811942E+00,+1.33140698717E+00,+11.03016105E-03
+54.55000E-06,+1.36906405689E+00,+1.36190324499E+00,+1.34773864525E+00,+21.08041220E-03
+54.60000E-06,+999.71732715E-03,+1.02145098730E+00,+1.35653261499E+00,+22.08543730E-03
+54.65000E-06,+1.03740576898E+00,+1.04406405240E+00,+1.36030145921E+00,+14.29649268E-03
+54.70000E-06,+1.02358667366E+00,+1.03527008266E+00,+1.37160799176E+00,+11.53267361E-03
+54.75000E-06,+1.02358667366E+00,+1.04029520823E+00,+1.34020095691E+00,+6.75880432E-03
+54.80000E-06,+1.23338566647E+00,+1.25386304521E+00,+1.30628135934E+00,-40.97988861E-03
+54.85000E-06,+1.35273239876E+00,+1.33175249154E+00,+1.33391954993E+00,-7.06029102E-03
+54.90000E-06,+1.35650124297E+00,+1.35436555661E+00,+1.34020095691E+00,+11.03016105E-03
+54.95000E-06,+1.36529521272E+00,+1.34557158686E+00,+1.37286427317E+00,+17.06031174E-03
+55.00000E-06,+1.07760677353E+00,+1.09682787086E+00,+1.35778889640E+00,+48.71860283E-03
+55.05000E-06,+1.04996858294E+00,+1.03778264542E+00,+1.34648236389E+00,+19.57287453E-03
+55.10000E-06,+1.04368717596E+00,+1.03527008266E+00,+1.33140698717E+00,+5.75377920E-03
+55.15000E-06,+1.02735551783E+00,+1.02019470594E+00,+1.35653261504E+00,-3.04019056E-03
+55.20000E-06,+1.31127511285E+00,+1.32923992878E+00,+1.38291452432E+00,-9.32159749E-03
+55.25000E-06,+1.34519471042E+00,+1.36567208916E+00,+1.34020095691E+00,-9.82411008E-03
+55.30000E-06,+1.32509420812E+00,+1.33426505431E+00,+1.35402005227E+00,+13.29146756E-03
+55.35000E-06,+1.36529521272E+00,+1.36190324499E+00,+1.34396980108E+00,+18.06533686E-03
+55.40000E-06,+1.00222988996E+00,+1.36315952635E+00,+1.37663311729E+00,+18.81910569E-03
+55.45000E-06,+1.03740576898E+00,+1.35310927520E+00,+1.36658286619E+00,+14.29649268E-03
+55.50000E-06,+1.02358667366E+00,+1.35687811942E+00,+1.36030145921E+00,+8.01508571E-03
+55.55000E-06,+1.02358667366E+00,+1.36190324499E+00,+1.34020095691E+00,+7.51257315E-03
+55.60000E-06,+1.25474245017E+00,+1.34808414967E+00,+1.32261301742E+00,-26.15576817E-03
+55.65000E-06,+1.36529521272E+00,+1.33175249154E+00,+1.34773864525E+00,+2.23619130E-03
+55.70000E-06,+1.34519471042E+00,+1.34808414967E+00,+1.36030145921E+00,+9.27136710E-03
+55.75000E-06,+1.34142586625E+00,+1.32547108456E+00,+1.34020095691E+00,+18.06533686E-03
+55.80000E-06,+1.36403893131E+00,+1.34431530546E+00,+1.34020095691E+00,+11.28141733E-03
+55.85000E-06,+1.37157661970E+00,+1.34557158686E+00,+1.34773864525E+00,+10.27639222E-03
+55.90000E-06,+1.35398868016E+00,+1.33426505431E+00,+1.36030145921E+00,+5.75377920E-03
+55.95000E-06,+1.35273239876E+00,+1.38577259146E+00,+1.34396980108E+00,+6.75880432E-03
+56.00000E-06,+1.34519471042E+00,+1.34431530546E+00,+1.38040196151E+00,+7.76382943E-03
+56.05000E-06,+1.35147611740E+00,+1.35939068218E+00,+1.34020095691E+00,+7.51257315E-03
+56.10000E-06,+1.34519471042E+00,+1.34557158686E+00,+1.35778889640E+00,+9.27136710E-03
+56.15000E-06,+1.34896355459E+00,+1.36567208916E+00,+1.34396980108E+00,+6.75880432E-03
+56.20000E-06,+1.02233039226E+00,+1.38200374724E+00,+1.37914568010E+00,+22.33669359E-03
+56.25000E-06,+1.02358667366E+00,+1.35939068218E+00,+1.36783914755E+00,+10.27639222E-03
+56.30000E-06,+1.03238064341E+00,+1.36567208916E+00,+1.34271351972E+00,+7.51257315E-03
+56.35000E-06,+1.02358667366E+00,+1.36190324499E+00,+1.35653261504E+00,+3.49247269E-03
+56.40000E-06,+1.27233038966E+00,+1.34682786827E+00,+1.32261301742E+00,-22.13566771E-03
+56.45000E-06,+1.35901380574E+00,+1.33175249154E+00,+1.35402005223E+00,-3.29144683E-03
+56.50000E-06,+1.35650124297E+00,+1.35687811942E+00,+955.77885045E-03,+728.65362E-06
+56.55000E-06,+1.34519471042E+00,+1.35813440082E+00,+1.01859292015E+00,+12.28644245E-03
+56.60000E-06,+1.36529521272E+00,+1.00135048500E+00,+1.03618085964E+00,+14.79900523E-03
+56.65000E-06,+1.35901380574E+00,+1.01014445479E+00,+1.01859292015E+00,+10.27639222E-03
+56.70000E-06,+1.35398868016E+00,+1.02396355011E+00,+998.49241786E-03,+7.51257315E-03
+56.75000E-06,+1.36529521272E+00,+1.02396355011E+00,+1.03115573411E+00,-2.28642172E-03
+56.80000E-06,+1.34645099182E+00,+1.29280776840E+00,+1.02236176437E+00,-13.84421051E-03
+56.85000E-06,+1.35147611740E+00,+1.34557158686E+00,+1.32010045461E+00,+7.51257315E-03
+56.90000E-06,+1.36529521272E+00,+1.35436555661E+00,+1.34020095691E+00,-2.78893428E-03
+56.95000E-06,+1.34896355459E+00,+1.34934043103E+00,+1.35653261504E+00,+13.04021128E-03
+57.00000E-06,+1.38162687080E+00,+1.09808415227E+00,+1.32010045461E+00,+21.83418102E-03
+57.05000E-06,+1.37157661970E+00,+1.04406405240E+00,+1.35402005223E+00,+15.55277407E-03
+57.10000E-06,+1.37660174527E+00,+1.03527008266E+00,+1.33768839410E+00,+9.77387966E-03
+57.15000E-06,+1.34519471042E+00,+1.02773239427E+00,+1.34020095691E+00,+4.24624153E-03
+57.20000E-06,+1.32760677093E+00,+1.32923992878E+00,+1.36281402202E+00,+5.00001038E-03
+57.25000E-06,+1.37283290105E+00,+1.34557158686E+00,+1.35402005223E+00,-527.62777E-06
+57.30000E-06,+1.36529521272E+00,+1.36567208916E+00,+1.34020095691E+00,+12.03518617E-03
+57.35000E-06,+1.34519471042E+00,+1.37823490312E+00,+1.35276377087E+00,+11.53267361E-03
+57.40000E-06,+1.34268214761E+00,+1.07798364997E+00,+1.35778889640E+00,+25.60302520E-03
+57.45000E-06,+1.35901380574E+00,+1.02396355011E+00,+1.33391954993E+00,+11.53267361E-03
+57.50000E-06,+1.34519471042E+00,+1.03275751985E+00,+1.34020095691E+00,+7.51257315E-03
+57.55000E-06,+1.36529521272E+00,+1.04406405240E+00,+1.34396980108E+00,+3.49247269E-03
+57.60000E-06,+1.32760677093E+00,+1.31039570789E+00,+1.36155774061E+00,+8.51759828E-03
+57.65000E-06,+1.32509420812E+00,+1.37320977750E+00,+1.32638186159E+00,+2.23619130E-03
+57.70000E-06,+1.36529521272E+00,+1.34557158686E+00,+1.34020095691E+00,+9.27136710E-03
+57.75000E-06,+1.34519471042E+00,+1.36567208916E+00,+1.34396980108E+00,+12.28644245E-03
+57.80000E-06,+1.34645099182E+00,+1.00386304781E+00,+1.35778889640E+00,+7.51257315E-03
+57.85000E-06,+1.34519471042E+00,+1.02396355011E+00,+1.36658286619E+00,+14.29649268E-03
+57.90000E-06,+1.36529521272E+00,+1.00386304781E+00,+1.35150748947E+00,+9.27136710E-03
+57.95000E-06,+1.36152636855E+00,+1.02396355011E+00,+1.33643211274E+00,+14.04523640E-03
+58.00000E-06,+1.34519471042E+00,+1.31165198930E+00,+1.34271351972E+00,-2.78893426E-03
+58.05000E-06,+1.34519471042E+00,+1.35185299384E+00,+1.34020095691E+00,-2.03516543E-03
+58.10000E-06,+1.35398868016E+00,+1.35436555660E+00,+1.34899492665E+00,+9.77387966E-03
+58.15000E-06,+1.34519471042E+00,+1.34934043103E+00,+1.37286427317E+00,+12.28644245E-03
+58.20000E-06,+1.36278264990E+00,+1.07923993137E+00,+1.35778889640E+00,+25.35176892E-03
+58.25000E-06,+1.35147611740E+00,+1.03778264542E+00,+1.36030145921E+00,+18.31659314E-03
+58.30000E-06,+1.36529521272E+00,+1.04406405240E+00,+1.34899492665E+00,+10.27639223E-03
+58.35000E-06,+1.36529521272E+00,+1.04029520823E+00,+1.34396980108E+00,-2.28642172E-03
+58.40000E-06,+1.34770727323E+00,+1.30788314508E+00,+1.38040196151E+00,+8.01508572E-03
+58.45000E-06,+1.36529521272E+00,+1.33175249155E+00,+1.35402005223E+00,-2.03516543E-03
+58.50000E-06,+1.34519471042E+00,+1.35436555660E+00,+1.35150748947E+00,+9.77387966E-03
+58.55000E-06,+1.34896355459E+00,+1.34557158686E+00,+1.34020095691E+00,+11.53267361E-03
+58.60000E-06,+1.36403893131E+00,+1.02019470589E+00,+1.35904517780E+00,+11.03016105E-03
+58.65000E-06,+1.37157661970E+00,+1.03652636407E+00,+1.36030145921E+00,+11.53267361E-03
+58.70000E-06,+1.36529521272E+00,+1.02396355011E+00,+1.35402005228E+00,+9.77387966E-03
+58.75000E-06,+1.34896355459E+00,+1.02773239427E+00,+1.33643211274E+00,+4.24624153E-03
+58.80000E-06,+1.32886305234E+00,+1.27396354752E+00,+1.32386929883E+00,-13.84421051E-03
+58.85000E-06,+1.35901380574E+00,+1.33929017988E+00,+1.34773864525E+00,-3.29144683E-03
+58.90000E-06,+1.34519471042E+00,+1.32547108456E+00,+1.35150748947E+00,+11.53267361E-03
+58.95000E-06,+1.36529521272E+00,+1.34557158686E+00,+1.34020095691E+00,+8.26634199E-03
+59.00000E-06,+1.36152636850E+00,+1.04029520818E+00,+1.32010045461E+00,+14.29649267E-03
+59.05000E-06,+1.36529521272E+00,+1.03150123844E+00,+1.37412055452E+00,+10.27639222E-03
+59.10000E-06,+1.35398868016E+00,+1.03527008266E+00,+1.34020095691E+00,+8.01508572E-03
+59.15000E-06,+1.34519471042E+00,+1.00386304781E+00,+1.36030145921E+00,+3.49247269E-03
+59.20000E-06,+1.34519471042E+00,+1.29280776841E+00,+1.36155774061E+00,-17.86431097E-03
+59.25000E-06,+1.35273239875E+00,+1.34557158686E+00,+1.34020095691E+00,+728.65363E-06
+59.30000E-06,+1.33640074068E+00,+1.37697862171E+00,+1.33140698717E+00,+9.77387966E-03
+59.35000E-06,+1.33263189646E+00,+1.36190324499E+00,+1.36030145921E+00,+11.53267361E-03
+59.40000E-06,+1.36278264990E+00,+1.07923993137E+00,+1.33894467550E+00,+21.83418102E-03
+59.45000E-06,+1.37911430803E+00,+1.02396355011E+00,+1.36658286619E+00,+14.54774895E-03
+59.50000E-06,+1.34519471042E+00,+1.01265701755E+00,+1.35150748947E+00,+7.01006059E-03
+59.55000E-06,+1.36529521272E+00,+1.04029520824E+00,+1.36030145921E+00,+10.02513595E-03
+59.60000E-06,+1.30876255004E+00,+1.29029520560E+00,+1.36030145921E+00,-7.31154728E-03
+59.65000E-06,+1.36529521272E+00,+1.36567208916E+00,+1.33391954993E+00,-2.03516543E-03
+59.70000E-06,+1.36529521272E+00,+1.34557158686E+00,+1.37160799176E+00,+7.01006059E-03
+59.75000E-06,+1.37785802668E+00,+1.33300877290E+00,+1.37663311734E+00,+8.26634199E-03
+59.80000E-06,+1.34268214761E+00,+1.00260676640E+00,+1.34020095691E+00,+2.98996013E-03
+59.85000E-06,+1.35775752438E+00,+1.03024495709E+00,+1.36030145921E+00,+12.78895501E-03
+59.90000E-06,+1.34519471042E+00,+1.01265701755E+00,+1.34899492665E+00,+9.77387966E-03
+59.95000E-06,+1.35398868021E+00,+1.02396355011E+00,+1.36407030338E+00,+226.14107E-06
+60.00000E-06,+1.34645099183E+00,+1.29155148700E+00,+1.38165824291E+00,+979.90992E-06
+60.05000E-06,+1.34519471042E+00,+1.34557158686E+00,+1.34648236389E+00,-1.78390916E-03
+60.10000E-06,+1.33640074068E+00,+1.36567208916E+00,+1.34020095691E+00,+11.03016105E-03
+60.15000E-06,+1.35273239875E+00,+1.34934043103E+00,+1.34020095691E+00,+15.55277407E-03
+60.20000E-06,+1.34268214761E+00,+985.01882692E-03,+1.35527633358E+00,+7.01006059E-03
+60.25000E-06,+1.36529521272E+00,+1.04532033376E+00,+1.36658286619E+00,+7.51257315E-03
+60.30000E-06,+1.36529521272E+00,+1.02145098729E+00,+1.36030145921E+00,+9.27136710E-03
+60.35000E-06,+1.36152636855E+00,+1.00763189198E+00,+1.32763814295E+00,+4.24624153E-03
+60.40000E-06,+1.36403893131E+00,+1.30913942649E+00,+1.34271351972E+00,-3.54270310E-03
+60.45000E-06,+1.37283290105E+00,+1.33175249155E+00,+1.34773864525E+00,+1.98493503E-03
+60.50000E-06,+1.37660174527E+00,+1.36567208916E+00,+1.35778889639E+00,+13.29146756E-03
+60.55000E-06,+1.36906405688E+00,+1.36567208916E+00,+1.38040196151E+00,+12.28644245E-03
+60.60000E-06,+1.34770727323E+00,+1.00135048499E+00,+1.32010045461E+00,+11.28141733E-03
+60.65000E-06,+1.37157661970E+00,+1.02396355011E+00,+1.34020095691E+00,+14.29649268E-03
+60.70000E-06,+1.34519471042E+00,+1.05537058496E+00,+1.33768839410E+00,+8.01508572E-03
+60.75000E-06,+1.36152636855E+00,+1.02773239427E+00,+1.36030145921E+00,+8.51759828E-03
+60.80000E-06,+1.34645099183E+00,+1.33049621019E+00,+1.38291452432E+00,+9.02011084E-03
+60.85000E-06,+1.35273239875E+00,+1.34557158686E+00,+1.35402005223E+00,+3.49247269E-03
+60.90000E-06,+1.35650124297E+00,+1.35687811942E+00,+1.34271351972E+00,+9.27136710E-03
+60.95000E-06,+1.34519471042E+00,+1.34557158686E+00,+1.34020095691E+00,+14.79900524E-03
+61.00000E-06,+1.36278264990E+00,+983.76254551E-03,+1.32135673602E+00,+2.73870385E-03
+61.05000E-06,+1.36529521272E+00,+1.04406405240E+00,+1.35402005223E+00,+14.29649268E-03
+61.10000E-06,+1.35147611735E+00,+1.02396355011E+00,+1.36281402202E+00,+3.99498526E-03
+61.15000E-06,+1.35775752438E+00,+1.03652636407E+00,+1.33643211274E+00,+6.00503549E-03
+61.20000E-06,+1.34645099183E+00,+1.29155148700E+00,+1.36155774062E+00,-14.09546679E-03
+61.25000E-06,+1.35901380573E+00,+1.33803389853E+00,+1.35402005223E+00,+728.65363E-06
+61.30000E-06,+1.34519471042E+00,+1.33426505431E+00,+1.34899492665E+00,+7.51257315E-03
+61.35000E-06,+1.34896355459E+00,+1.35310927520E+00,+1.36030145921E+00,+9.02011082E-03
+61.40000E-06,+1.36278264990E+00,+1.09808415226E+00,+1.33894467550E+00,+25.35176892E-03
+61.45000E-06,+1.35147611740E+00,+1.03778264542E+00,+1.34020095691E+00,+10.27639222E-03
+61.50000E-06,+1.34268214760E+00,+1.03275751985E+00,+1.34020095691E+00,+3.49247269E-03
+61.55000E-06,+1.36529521272E+00,+1.02396355011E+00,+1.36030145921E+00,+7.51257315E-03
+61.60000E-06,+1.34770727323E+00,+1.29155148701E+00,+1.38165824291E+00,+1.48242249E-03
+61.65000E-06,+1.35147611740E+00,+1.32547108456E+00,+1.34020095691E+00,+5.00001036E-03
+61.70000E-06,+1.33388817786E+00,+1.36567208916E+00,+1.32889442436E+00,+9.27136710E-03
+61.75000E-06,+1.36906405688E+00,+1.36567208916E+00,+1.34020095691E+00,+15.55277407E-03
+61.80000E-06,+1.36278264990E+00,+1.00511932922E+00,+1.33894467550E+00,+10.52764849E-03
+61.85000E-06,+1.35775752438E+00,+1.02396355011E+00,+1.35402005223E+00,+11.53267361E-03
+61.90000E-06,+1.35650124297E+00,+1.01516958036E+00,+1.36281402202E+00,+11.53267361E-03
+61.95000E-06,+1.35775752438E+00,+1.02773239427E+00,+1.35276377087E+00,+10.02513595E-03
+62.00000E-06,+1.34519471042E+00,+1.29029520560E+00,+1.34271351972E+00,-14.84923563E-03
+62.05000E-06,+1.35901380573E+00,+1.34557158686E+00,+1.33391954993E+00,-6.05526589E-03
+62.10000E-06,+1.37660174527E+00,+1.36567208916E+00,+1.36030145921E+00,+7.51257315E-03
+62.15000E-06,+1.36152636855E+00,+1.33300877290E+00,+1.36030145921E+00,+15.55277407E-03
+62.20000E-06,+1.36152636849E+00,+1.04280777100E+00,+1.33894467550E+00,+21.83418102E-03
+62.25000E-06,+1.37157661970E+00,+1.00386304781E+00,+1.34648236389E+00,+14.29649268E-03
+62.30000E-06,+1.36278264990E+00,+1.02396355011E+00,+1.34899492665E+00,+7.51257315E-03
+62.35000E-06,+1.37785802668E+00,+1.02019470594E+00,+1.34396980108E+00,+3.49247269E-03
+62.40000E-06,+1.34645099183E+00,+1.27270726612E+00,+1.36281402202E+00,-14.34672307E-03
+62.45000E-06,+1.35775752438E+00,+1.37320977749E+00,+1.33391954993E+00,+6.25629176E-03
+62.50000E-06,+1.33388817786E+00,+1.34557158686E+00,+1.34020095691E+00,+11.53267361E-03
+62.55000E-06,+1.36529521272E+00,+1.34934043103E+00,+1.36030145921E+00,+14.79900524E-03
+62.60000E-06,+1.34393842901E+00,+1.00135048499E+00,+1.32010045461E+00,+7.51257315E-03
+62.65000E-06,+1.34519471042E+00,+1.02396355011E+00,+1.36030145921E+00,+10.27639222E-03
+62.70000E-06,+1.34770727323E+00,+1.01516958036E+00,+1.33140698717E+00,+7.51257315E-03
+62.75000E-06,+1.36529521272E+00,+1.02773239427E+00,+1.34020095691E+00,+10.02513595E-03
+62.80000E-06,+1.34645099183E+00,+1.30913942649E+00,+1.34271351973E+00,-3.54270310E-03
+62.85000E-06,+1.35901380573E+00,+1.35813440083E+00,+1.35402005223E+00,-6.05526589E-03
+62.90000E-06,+1.34519471042E+00,+1.36818465197E+00,+1.38040196151E+00,+11.53267361E-03
+62.95000E-06,+1.35775752438E+00,+1.36190324499E+00,+1.37286427317E+00,+19.57287453E-03
+63.00000E-06,+1.36152636849E+00,+1.02270726870E+00,+1.32135673602E+00,+14.04523638E-03
+63.05000E-06,+1.37157661970E+00,+1.04406405240E+00,+1.34648236389E+00,+14.29649268E-03
+63.10000E-06,+1.36529521272E+00,+1.01265701755E+00,+1.36030145921E+00,+5.75377920E-03
+63.15000E-06,+1.38162687085E+00,+1.04029520824E+00,+1.36030145921E+00,+3.49247269E-03
+63.20000E-06,+1.34645099183E+00,+1.31039570790E+00,+1.36281402202E+00,-2.28642169E-03
+63.25000E-06,+1.35901380573E+00,+1.35185299384E+00,+1.34020095691E+00,+3.49247269E-03
+63.30000E-06,+1.34519471042E+00,+1.35436555660E+00,+1.35150748947E+00,+9.27136710E-03
+63.35000E-06,+1.34896355459E+00,+1.36567208916E+00,+1.34020095691E+00,+14.79900524E-03
+63.40000E-06,+1.36278264990E+00,+1.08049621277E+00,+1.33768839410E+00,+17.81408056E-03
+63.45000E-06,+1.36529521272E+00,+1.02396355011E+00,+1.35402005223E+00,+13.04021128E-03
+63.50000E-06,+1.35398868016E+00,+1.04155148959E+00,+1.35150748947E+00,+9.77387966E-03
+63.55000E-06,+1.36152636855E+00,+1.04029520824E+00,+1.33643211274E+00,+10.02513595E-03
+63.60000E-06,+1.32635048953E+00,+1.32798364738E+00,+1.34271351973E+00,+8.26634200E-03
+63.65000E-06,+1.31127511281E+00,+1.36567208916E+00,+1.36030145921E+00,-3.29144683E-03
+63.70000E-06,+1.34770727323E+00,+1.32547108456E+00,+1.34899492665E+00,+12.03518618E-03
+63.75000E-06,+1.36529521272E+00,+1.34557158686E+00,+1.35653261504E+00,+10.77890478E-03
+63.80000E-06,+1.36403893131E+00,+1.07672736855E+00,+1.35904517780E+00,+29.62312566E-03
+63.85000E-06,+1.36529521272E+00,+1.03778264542E+00,+1.34648236389E+00,+9.02011082E-03
+63.90000E-06,+1.35398868016E+00,+1.02396355011E+00,+1.34020095691E+00,+8.01508572E-03
+63.95000E-06,+1.35273239875E+00,+1.04406405240E+00,+1.36030145921E+00,+2.73870386E-03
+64.00000E-06,+1.34645099183E+00,+1.29155148701E+00,+1.36155774062E+00,-6.55777843E-03
+64.05000E-06,+1.37283290105E+00,+1.33175249155E+00,+1.36155774056E+00,-3.29144683E-03
+64.10000E-06,+1.36529521272E+00,+1.35436555660E+00,+1.33140698717E+00,+13.29146756E-03
+64.15000E-06,+1.34519471042E+00,+1.34934043103E+00,+1.34020095691E+00,+17.31156803E-03
+64.20000E-06,+1.36152636849E+00,+1.07798364996E+00,+1.34020095691E+00,+25.85428148E-03
+64.25000E-06,+1.36529521272E+00,+1.03778264542E+00,+1.35402005223E+00,+13.04021128E-03
+64.30000E-06,+1.34268214760E+00,+1.02145098729E+00,+1.34020095691E+00,+9.27136710E-03
+64.35000E-06,+1.36529521272E+00,+1.04406405240E+00,+1.36030145921E+00,+7.51257315E-03
+64.40000E-06,+1.32635048953E+00,+1.26893842190E+00,+1.32386929884E+00,-14.84923563E-03
+64.45000E-06,+1.33891330344E+00,+1.35939068218E+00,+1.34773864524E+00,-3.29144683E-03
+64.50000E-06,+1.35650124298E+00,+1.35687811942E+00,+1.36030145921E+00,+7.51257315E-03
+64.55000E-06,+1.33263189645E+00,+1.36567208916E+00,+1.36407030337E+00,+11.53267361E-03
+64.60000E-06,+1.36278264990E+00,+1.02396355011E+00,+1.32261301743E+00,+14.29649266E-03
+64.65000E-06,+1.34519471042E+00,+1.03024495709E+00,+1.35276377088E+00,+13.04021128E-03
+64.70000E-06,+1.36529521272E+00,+1.02647611292E+00,+1.36909542895E+00,+9.77387966E-03
+64.75000E-06,+1.37785802668E+00,+1.03652636407E+00,+1.34773864524E+00,+7.51257315E-03
+64.80000E-06,+1.34645099183E+00,+1.33049621020E+00,+1.38291452432E+00,-2.78893425E-03
+64.85000E-06,+1.36529521272E+00,+1.35939068218E+00,+1.32638186160E+00,-4.54772823E-03
+64.90000E-06,+1.34519471042E+00,+1.35687811942E+00,+1.35150748947E+00,+11.53267361E-03
+64.95000E-06,+1.36906405688E+00,+1.36190324499E+00,+1.36030145921E+00,+15.55277407E-03
+65.00000E-06,+1.39795852886E+00,+1.09808415225E+00,+1.32135673602E+00,+22.08543730E-03
+65.05000E-06,+1.36529521272E+00,+1.03778264542E+00,+1.36658286619E+00,+17.06031174E-03
+65.10000E-06,+1.32509420812E+00,+1.01516958037E+00,+1.35402005228E+00,+9.77387966E-03
+65.15000E-06,+1.36529521272E+00,+1.02773239427E+00,+1.35653261504E+00,+9.27136711E-03
+65.20000E-06,+1.30876255005E+00,+1.29155148701E+00,+1.34271351973E+00,-14.59797935E-03
+65.25000E-06,+1.34519471042E+00,+1.36567208916E+00,+1.33391954993E+00,+6.00503549E-03
+65.30000E-06,+1.36529521272E+00,+1.35436555660E+00,+1.38040196151E+00,+3.49247269E-03
+65.35000E-06,+1.34896355458E+00,+1.35310927519E+00,+1.36030145921E+00,+11.53267361E-03
+65.40000E-06,+1.36529521272E+00,+1.03903892677E+00,+1.33768839409E+00,+18.81910569E-03
+65.45000E-06,+1.36529521272E+00,+1.04406405240E+00,+1.33391954993E+00,+8.76885455E-03
+65.50000E-06,+1.35650124298E+00,+1.01516958037E+00,+1.34899492665E+00,+7.51257315E-03
+65.55000E-06,+1.36152636855E+00,+1.02396355011E+00,+1.34020095691E+00,+6.75880432E-03
+65.60000E-06,+1.36529521272E+00,+1.29029520560E+00,+1.34145723832E+00,-18.36682353E-03
+65.65000E-06,+1.35147611740E+00,+1.33929017988E+00,+1.34020095691E+00,-3.29144683E-03
+65.70000E-06,+1.34770727323E+00,+1.33677761712E+00,+1.35150748947E+00,+11.53267361E-03
+65.75000E-06,+1.36529521272E+00,+1.34934043103E+00,+1.34020095691E+00,+15.55277407E-03
+65.80000E-06,+1.34519471042E+00,+1.00260676640E+00,+1.33894467550E+00,+10.77890477E-03
+65.85000E-06,+1.35775752438E+00,+1.03024495709E+00,+1.36030145921E+00,+13.04021128E-03
+65.90000E-06,+1.37660174527E+00,+1.02396355011E+00,+1.35778889639E+00,+11.53267361E-03
+65.95000E-06,+1.36152636855E+00,+1.02396355011E+00,+1.33643211274E+00,+2.73870386E-03
+66.00000E-06,+1.36529521272E+00,+1.25260676383E+00,+1.34396980114E+00,-18.61807981E-03
+66.05000E-06,+1.34519471042E+00,+1.33929017988E+00,+1.34020095691E+00,+728.65363E-06
+66.10000E-06,+1.36278264990E+00,+1.36567208916E+00,+1.35150748947E+00,+9.77387966E-03
+66.15000E-06,+1.36529521272E+00,+1.35813440083E+00,+1.38040196151E+00,+11.53267361E-03
+66.20000E-06,+1.36278264990E+00,+1.07798364996E+00,+1.37914568010E+00,+21.58292474E-03
+66.25000E-06,+1.35147611740E+00,+1.00386304781E+00,+1.36030145921E+00,+7.51257315E-03
+66.30000E-06,+1.34519471042E+00,+1.02396355011E+00,+1.34020095691E+00,+5.25126664E-03
+66.35000E-06,+1.36152636855E+00,+1.02396355011E+00,+1.34020095691E+00,+10.02513595E-03
+66.40000E-06,+1.36403893131E+00,+1.27270726612E+00,+1.34522608254E+00,-13.84421051E-03
+66.45000E-06,+1.36529521272E+00,+1.33929017988E+00,+1.34648236389E+00,-1.78390916E-03
+66.50000E-06,+1.35398868016E+00,+1.35436555660E+00,+1.34899492665E+00,+9.77387966E-03
+66.55000E-06,+1.34896355458E+00,+1.34934043103E+00,+1.34020095691E+00,+10.77890478E-03
+66.60000E-06,+1.34268214760E+00,+983.76254551E-03,+1.34145723832E+00,+6.75880431E-03
+66.65000E-06,+1.35901380573E+00,+1.03150123844E+00,+1.36030145921E+00,+11.53267361E-03
+66.70000E-06,+1.34268214760E+00,+1.01265701755E+00,+1.35150748947E+00,+5.25126664E-03
+66.75000E-06,+1.34519471042E+00,+1.02396355011E+00,+1.32010045461E+00,-527.62777E-06
+66.80000E-06,+1.34519471042E+00,+1.27145098472E+00,+1.36155774062E+00,-21.88441142E-03
+66.85000E-06,+1.35273239875E+00,+1.35939068218E+00,+1.34648236389E+00,+1.98493503E-03
+66.90000E-06,+1.35650124298E+00,+1.36567208916E+00,+1.36030145921E+00,+3.49247269E-03
+66.95000E-06,+1.36152636855E+00,+1.36567208916E+00,+1.35653261504E+00,+15.55277407E-03
+67.00000E-06,+1.36152636849E+00,+1.04155148959E+00,+1.34020095691E+00,+22.08543730E-03
+67.05000E-06,+1.37157661970E+00,+1.04406405240E+00,+1.35276377088E+00,+21.08041220E-03
+67.10000E-06,+1.36529521272E+00,+1.04406405240E+00,+1.32889442435E+00,+5.75377920E-03
+67.15000E-06,+1.38162687085E+00,+1.02396355011E+00,+1.34396980108E+00,-527.62777E-06
+67.20000E-06,+1.34770727324E+00,+1.34808414968E+00,+1.38165824291E+00,+9.02011084E-03
+67.25000E-06,+1.35901380573E+00,+1.34431530551E+00,+1.32638186160E+00,-3.29144683E-03
+67.30000E-06,+1.35398868016E+00,+1.34557158686E+00,+1.34020095691E+00,+5.25126664E-03
+67.35000E-06,+1.37785802668E+00,+1.36190324499E+00,+1.34020095691E+00,+14.79900524E-03
+67.40000E-06,+1.36152636849E+00,+1.02396355011E+00,+1.35904517780E+00,+10.52764849E-03
+67.45000E-06,+1.36529521272E+00,+1.03024495709E+00,+1.34020095691E+00,+9.02011082E-03
+67.50000E-06,+1.34519471042E+00,+1.01516958037E+00,+1.37160799177E+00,+11.53267361E-03
+67.55000E-06,+1.36529521272E+00,+1.02773239427E+00,+1.34020095691E+00,+2.73870386E-03
+67.60000E-06,+1.32886305235E+00,+1.33049621020E+00,+1.34396980114E+00,+4.74875410E-03
+67.65000E-06,+1.35273239875E+00,+1.33929017988E+00,+1.32010045461E+00,-778.88404E-06
+67.70000E-06,+1.36278264990E+00,+1.33426505430E+00,+1.36909542895E+00,+5.75377920E-03
+67.75000E-06,+1.35775752438E+00,+1.36190324499E+00,+1.35653261504E+00,+11.53267361E-03
+67.80000E-06,+1.36403893131E+00,+1.00386304781E+00,+1.32010045461E+00,+7.26131687E-03
+67.85000E-06,+1.33137561510E+00,+1.03024495709E+00,+1.36030145921E+00,+11.53267361E-03
+67.90000E-06,+1.35398868016E+00,+1.04406405240E+00,+1.34899492665E+00,+9.77387966E-03
+67.95000E-06,+1.36152636855E+00,+1.02773239427E+00,+1.34396980108E+00,+6.75880432E-03
+68.00000E-06,+1.36529521272E+00,+1.32798364738E+00,+1.36155774062E+00,+3.99498526E-03
+68.05000E-06,+1.35901380573E+00,+1.35185299385E+00,+1.34020095691E+00,+728.65363E-06
+68.10000E-06,+1.33640074068E+00,+1.35687811942E+00,+1.32889442435E+00,+4.74875408E-03
+68.15000E-06,+1.36529521272E+00,+1.35310927519E+00,+1.34396980108E+00,+21.08041220E-03
+68.20000E-06,+1.34393842901E+00,+1.04029520818E+00,+1.32010045461E+00,+29.62312565E-03
+68.25000E-06,+1.36403893137E+00,+1.03778264542E+00,+1.36030145921E+00,+11.53267361E-03
+68.30000E-06,+1.34519471042E+00,+1.01265701755E+00,+1.36030145921E+00,+11.53267361E-03
+68.35000E-06,+1.34519471042E+00,+1.04406405240E+00,+1.34020095691E+00,+2.73870386E-03
+68.40000E-06,+1.32760677094E+00,+1.30913942649E+00,+1.38040196151E+00,-13.84421050E-03
+68.45000E-06,+1.36529521272E+00,+1.34557158686E+00,+1.35402005222E+00,-3.29144683E-03
+68.50000E-06,+1.36529521272E+00,+1.34557158686E+00,+1.34020095691E+00,+1.23116618E-03
+68.55000E-06,+1.36529521272E+00,+1.36190324499E+00,+1.35653261504E+00,+14.79900524E-03
+68.60000E-06,+1.34268214760E+00,+1.00386304781E+00,+1.32261301743E+00,+7.26131687E-03
+68.65000E-06,+1.37157661970E+00,+1.01642586178E+00,+1.35402005222E+00,+14.29649268E-03
+68.70000E-06,+1.35398868016E+00,+1.00386304781E+00,+1.35778889639E+00,+7.51257315E-03
+68.75000E-06,+1.34142586625E+00,+1.02396355011E+00,+1.35653261504E+00,+4.24624153E-03
+68.80000E-06,+1.36529521272E+00,+1.31039570790E+00,+1.36155774062E+00,+979.90992E-06
+68.85000E-06,+1.35273239875E+00,+1.34557158686E+00,+1.34648236389E+00,-2.03516543E-03
+68.90000E-06,+1.36529521272E+00,+1.35687811942E+00,+1.34899492665E+00,+5.25126664E-03
+68.95000E-06,+1.33640074062E+00,+1.36944093332E+00,+1.35653261504E+00,+8.26634199E-03
+69.00000E-06,+1.38162687079E+00,+1.02145098729E+00,+1.30125623373E+00,+14.54774894E-03
+69.05000E-06,+1.34519471042E+00,+1.03024495709E+00,+1.35402005222E+00,+14.29649267E-03
+69.10000E-06,+1.34519471042E+00,+1.03527008266E+00,+1.34020095691E+00,+7.51257315E-03
+69.15000E-06,+1.36529521272E+00,+1.02396355011E+00,+1.34396980108E+00,+4.24624153E-03
+69.20000E-06,+1.34519471042E+00,+1.29029520561E+00,+1.32261301743E+00,-3.29144682E-03
+69.25000E-06,+1.33263189645E+00,+1.38074746582E+00,+1.34020095691E+00,+1.98493503E-03
+69.30000E-06,+1.35650124298E+00,+1.35436555660E+00,+1.34899492665E+00,+12.03518618E-03
+69.35000E-06,+1.36152636855E+00,+1.36567208916E+00,+1.37286427318E+00,+13.04021128E-03
+69.40000E-06,+1.36403893131E+00,+1.04029520817E+00,+1.34145723832E+00,+22.33669358E-03
+69.45000E-06,+1.36529521272E+00,+1.04406405240E+00,+1.35402005222E+00,+17.31156801E-03
+69.50000E-06,+1.36529521272E+00,+1.02145098729E+00,+1.34020095691E+00,+7.51257315E-03
+69.55000E-06,+1.36529521272E+00,+1.04029520824E+00,+1.35653261504E+00,+7.51257315E-03
+69.60000E-06,+1.34645099183E+00,+1.27145098472E+00,+1.34396980114E+00,-17.36179840E-03
+69.65000E-06,+1.34519471042E+00,+1.35310927519E+00,+1.34648236389E+00,+728.65363E-06
+69.70000E-06,+1.35398868016E+00,+1.35687811942E+00,+1.32889442435E+00,+5.25126664E-03
+69.75000E-06,+1.36529521272E+00,+1.34557158686E+00,+1.34396980108E+00,+10.77890478E-03
+69.80000E-06,+1.34393842901E+00,+985.01882692E-03,+1.33643211268E+00,+2.98996013E-03
+69.85000E-06,+1.36529521272E+00,+1.03778264542E+00,+1.36030145921E+00,+11.53267361E-03
+69.90000E-06,+1.35650124298E+00,+1.02396355011E+00,+1.34271351973E+00,+7.51257315E-03
+69.95000E-06,+1.32886305229E+00,+1.02773239427E+00,+1.35653261504E+00,+8.26634199E-03
+70.00000E-06,+1.32886305235E+00,+1.31165198932E+00,+1.32386929884E+00,+1.48242249E-03
+70.05000E-06,+1.34519471042E+00,+1.35939068218E+00,+1.34145723826E+00,+728.65363E-06
+70.10000E-06,+1.35650124298E+00,+1.35687811942E+00,+1.34899492665E+00,+7.01006059E-03
+70.15000E-06,+1.36152636855E+00,+1.34934043103E+00,+1.35653261504E+00,+14.04523641E-03
+70.20000E-06,+1.00348617136E+00,+1.02145098729E+00,+1.33894467550E+00,+25.35176891E-03
+70.25000E-06,+1.02233039232E+00,+1.05788314772E+00,+1.32638186160E+00,+20.82915593E-03
+70.30000E-06,+1.02358667366E+00,+1.03275751984E+00,+1.34020095691E+00,+5.75377920E-03
+70.35000E-06,+1.01981782950E+00,+1.02773239427E+00,+1.35653261504E+00,+3.49247269E-03
+70.40000E-06,+1.25348616880E+00,+1.25386304524E+00,+1.34396980114E+00,-40.47737603E-03
+70.45000E-06,+1.35273239875E+00,+1.34557158686E+00,+1.34773864524E+00,-5.80400962E-03
+70.50000E-06,+1.35398868016E+00,+1.33677761712E+00,+1.34899492665E+00,+8.76885454E-03
+70.55000E-06,+1.34896355458E+00,+1.36190324499E+00,+1.36030145921E+00,+18.81910570E-03
+70.60000E-06,+1.09519471298E+00,+1.09557158943E+00,+1.35778889639E+00,+44.44724608E-03
+70.65000E-06,+1.02358667366E+00,+1.03024495709E+00,+1.36030145921E+00,+14.04523641E-03
+70.70000E-06,+1.03489320622E+00,+1.01516958037E+00,+1.36281402203E+00,+11.53267361E-03
+70.75000E-06,+1.02358667366E+00,+1.02773239427E+00,+1.37663311734E+00,+2.73870386E-03
+70.80000E-06,+1.34645099183E+00,+1.34431530545E+00,+1.36281402203E+00,-7.56280356E-03
+70.85000E-06,+1.35901380573E+00,+1.34557158686E+00,+1.31381904763E+00,-8.81908495E-03
+70.90000E-06,+1.35650124298E+00,+1.32547108456E+00,+1.32889442435E+00,+13.29146756E-03
+70.95000E-06,+1.36529521272E+00,+1.36567208916E+00,+1.35653261504E+00,+19.57287453E-03
+71.00000E-06,+1.03866205032E+00,+1.05788314765E+00,+1.32010045461E+00,+37.16081401E-03
+71.05000E-06,+1.04368717596E+00,+1.05788314772E+00,+1.34648236390E+00,+14.29649267E-03
+71.10000E-06,+1.01228014110E+00,+1.02396355011E+00,+1.34899492665E+00,+6.25629177E-03
+71.15000E-06,+1.04368717596E+00,+1.04406405240E+00,+1.34020095691E+00,-1.28139660E-03
+71.20000E-06,+1.27358667110E+00,+1.25511932666E+00,+1.32512558025E+00,-47.01003925E-03
+71.25000E-06,+1.35901380573E+00,+1.33929017988E+00,+1.33391954993E+00,-7.31154729E-03
+71.30000E-06,+1.35398868016E+00,+1.32547108456E+00,+1.35150748947E+00,+8.76885454E-03
+71.35000E-06,+1.36529521272E+00,+1.36567208916E+00,+1.36030145921E+00,+15.55277407E-03
+71.40000E-06,+1.01730526661E+00,+1.03778264535E+00,+1.33894467550E+00,+36.65830144E-03
+71.45000E-06,+1.02986808065E+00,+1.03778264542E+00,+1.36030145921E+00,+18.31659313E-03
+71.50000E-06,+1.03489320622E+00,+1.01516958037E+00,+1.35150748947E+00,+9.77387966E-03
+71.55000E-06,+1.00348617136E+00,+1.00386304781E+00,+1.34020095691E+00,+1.98493503E-03
+71.60000E-06,+1.31127511287E+00,+1.27396354754E+00,+1.34522608255E+00,-24.14571791E-03
+71.65000E-06,+1.33891330343E+00,+1.34557158686E+00,+1.32638186160E+00,-12.58792914E-03
+71.70000E-06,+1.37660174527E+00,+1.35436555660E+00,+1.36909542895E+00,+7.51257315E-03
+71.75000E-06,+1.34896355458E+00,+1.36190324500E+00,+1.37663311734E+00,+11.53267361E-03
+71.80000E-06,+982.12938766E-03,+983.76254551E-03,+1.32135673602E+00,+14.04523638E-03
+71.85000E-06,+1.02986808065E+00,+1.03652636407E+00,+1.34020095691E+00,+15.55277407E-03
+71.90000E-06,+1.02107411084E+00,+1.02396355011E+00,+1.32889442435E+00,+1.73367875E-03
+71.95000E-06,+1.03991833180E+00,+1.02396355011E+00,+1.37663311734E+00,-527.62777E-06
+72.00000E-06,+1.25222988739E+00,+1.27270726613E+00,+1.34396980114E+00,-36.70853185E-03
+72.05000E-06,+1.33891330343E+00,+1.33929017988E+00,+1.33391954993E+00,-8.56782869E-03
+72.10000E-06,+1.35650124298E+00,+1.35436555660E+00,+1.34020095691E+00,+9.27136710E-03
+72.15000E-06,+1.34519471042E+00,+1.34934043103E+00,+1.34773864524E+00,+15.55277407E-03
+72.20000E-06,+1.09519471298E+00,+1.09557158942E+00,+1.35778889639E+00,+45.20101493E-03
+72.25000E-06,+1.04996858294E+00,+1.02396355011E+00,+1.35276377088E+00,+15.80403034E-03
+72.30000E-06,+1.03238064340E+00,+1.02396355011E+00,+1.36030145921E+00,+5.25126664E-03
+72.35000E-06,+1.03991833180E+00,+1.02773239427E+00,+1.33643211275E+00,+226.14107E-06
+72.40000E-06,+1.23338566651E+00,+1.25009420102E+00,+1.32512558025E+00,-45.50250161E-03
+72.45000E-06,+1.34519471042E+00,+1.34682786821E+00,+1.35402005222E+00,-9.82411008E-03
+72.50000E-06,+1.34770727324E+00,+1.34808414968E+00,+1.34899492665E+00,+9.27136710E-03
+72.55000E-06,+1.36152636855E+00,+1.36190324500E+00,+1.36407030337E+00,+13.04021128E-03
+72.60000E-06,+1.02233039225E+00,+1.03903892676E+00,+1.33894467550E+00,+33.14071355E-03
+72.65000E-06,+1.04996858294E+00,+1.05034545939E+00,+1.34648236390E+00,+19.57287453E-03
+72.70000E-06,+1.02107411084E+00,+1.03527008266E+00,+1.36030145921E+00,+7.51257315E-03
+72.75000E-06,+1.02735551783E+00,+1.00763189197E+00,+1.34020095691E+00,+6.75880432E-03
+72.80000E-06,+1.23464194792E+00,+1.27270726614E+00,+1.36281402203E+00,-36.70853185E-03
+72.85000E-06,+1.35901380573E+00,+1.33175249155E+00,+1.35402005222E+00,-7.06029102E-03
+72.90000E-06,+1.34519471042E+00,+1.34305902404E+00,+1.36281402203E+00,+11.53267361E-03
+72.95000E-06,+1.36529521272E+00,+1.34934043103E+00,+1.32763814294E+00,+21.33166849E-03
+73.00000E-06,+1.00222988995E+00,+1.00135048499E+00,+1.33643211268E+00,+18.06533684E-03
+73.05000E-06,+1.03614948763E+00,+1.04406405240E+00,+1.37286427318E+00,+14.29649267E-03
+73.10000E-06,+1.03238064340E+00,+1.04155148958E+00,+1.34020095691E+00,+7.51257315E-03
+73.15000E-06,+1.01981782950E+00,+1.00763189197E+00,+1.34020095691E+00,-527.62777E-06
+73.20000E-06,+1.25474245022E+00,+1.29155148702E+00,+1.34271351973E+00,-43.99496392E-03
+73.25000E-06,+1.34519471042E+00,+1.34557158686E+00,+1.33391954993E+00,-10.07536635E-03
+73.30000E-06,+1.37660174528E+00,+1.35436555660E+00,+1.34020095691E+00,+7.51257315E-03
+73.35000E-06,+1.36529521272E+00,+1.34557158686E+00,+1.35653261504E+00,+16.30654290E-03
+73.40000E-06,+980.87310625E-03,+983.76254551E-03,+1.32010045461E+00,+13.54272381E-03
+73.45000E-06,+1.02986808065E+00,+1.06416455470E+00,+1.36030145921E+00,+18.31659313E-03
+73.50000E-06,+1.02358667366E+00,+1.02396355011E+00,+1.32889442435E+00,+5.25126664E-03
+73.55000E-06,+1.00348617136E+00,+1.02773239427E+00,+1.34396980107E+00,-527.62777E-06
+73.60000E-06,+1.29243089199E+00,+1.30788314509E+00,+1.36155774062E+00,-30.67838118E-03
+73.65000E-06,+1.37283290104E+00,+1.33175249155E+00,+1.35402005222E+00,-8.81908495E-03
+73.70000E-06,+1.34519471042E+00,+1.35687811942E+00,+1.34020095691E+00,+11.53267361E-03
+73.75000E-06,+1.34896355458E+00,+1.34557158686E+00,+1.35653261504E+00,+21.33166849E-03
+73.80000E-06,+1.00222988995E+00,+1.00135048499E+00,+1.35527633357E+00,+17.81408056E-03
+73.85000E-06,+1.00976757835E+00,+1.03652636408E+00,+1.35402005222E+00,+18.31659313E-03
+73.90000E-06,+1.02107411084E+00,+1.02145098728E+00,+1.35150748947E+00,+7.51257315E-03
+73.95000E-06,+1.02358667366E+00,+1.02396355011E+00,+1.35653261504E+00,+2.73870386E-03
+74.00000E-06,+1.23338566651E+00,+1.25386304525E+00,+1.34271351973E+00,-36.70853185E-03
+74.05000E-06,+1.35901380573E+00,+1.32547108456E+00,+1.35402005222E+00,-12.58792914E-03
+74.10000E-06,+1.36529521272E+00,+1.34557158686E+00,+1.36030145921E+00,+11.03016105E-03
+74.15000E-06,+1.34519471042E+00,+1.36567208916E+00,+1.37286427318E+00,+17.06031174E-03
+74.20000E-06,+1.00348617136E+00,+1.00135048499E+00,+1.31884417320E+00,+22.33669358E-03
+74.25000E-06,+1.02986808065E+00,+1.04406405240E+00,+1.36030145921E+00,+22.33669359E-03
+74.30000E-06,+1.03489320622E+00,+1.03527008267E+00,+1.34020095691E+00,+5.25126664E-03
+74.35000E-06,+1.02735551783E+00,+1.03652636408E+00,+1.35653261504E+00,-527.62777E-06
+74.40000E-06,+1.25348616881E+00,+1.27396354755E+00,+1.34522608255E+00,-51.28139599E-03
+74.45000E-06,+1.36529521272E+00,+1.32547108456E+00,+1.36783914754E+00,-8.56782869E-03
+74.50000E-06,+1.36529521272E+00,+1.36567208916E+00,+1.34899492665E+00,+17.81408058E-03
+74.55000E-06,+1.36529521272E+00,+1.34557158686E+00,+1.34020095691E+00,+17.06031174E-03
+74.60000E-06,+983.38566907E-03,+1.00135048499E+00,+1.32010045461E+00,+11.28141733E-03
+74.65000E-06,+1.02986808065E+00,+1.04406405240E+00,+1.37412055452E+00,+13.04021128E-03
+74.70000E-06,+1.04368717596E+00,+1.04155148958E+00,+1.35150748947E+00,+5.75377921E-03
+74.75000E-06,+1.02358667366E+00,+1.02773239427E+00,+1.34020095691E+00,+226.14107E-06
+74.80000E-06,+1.27358667111E+00,+1.29406404985E+00,+1.34522608256E+00,-36.20601928E-03
+74.85000E-06,+1.36529521272E+00,+1.35939068217E+00,+1.34773864524E+00,-7.31154729E-03
+74.90000E-06,+1.33640074068E+00,+1.35687811942E+00,+1.37160799177E+00,+9.27136710E-03
+74.95000E-06,+1.36152636855E+00,+1.34557158686E+00,+1.36407030337E+00,+14.79900524E-03
+75.00000E-06,+1.01981782943E+00,+1.04155148958E+00,+1.34020095691E+00,+36.40704516E-03
+75.05000E-06,+1.04368717596E+00,+1.05034545939E+00,+1.34020095691E+00,+19.57287453E-03
+75.10000E-06,+1.03238064340E+00,+1.01265701755E+00,+1.34020095691E+00,+5.75377921E-03
+75.15000E-06,+1.04368717596E+00,+1.00763189197E+00,+1.37663311734E+00,+3.49247269E-03
+75.20000E-06,+1.25348616881E+00,+1.25637560808E+00,+1.32638186167E+00,-43.74370764E-03
+75.25000E-06,+1.35901380573E+00,+1.33929017988E+00,+1.34020095691E+00,-12.58792914E-03
+75.30000E-06,+1.35398868016E+00,+1.33426505430E+00,+1.34020095691E+00,+11.53267361E-03
+75.35000E-06,+1.34896355458E+00,+1.38200374729E+00,+1.34773864524E+00,+20.32664336E-03
+75.40000E-06,+1.03866205031E+00,+1.03903892676E+00,+1.33894467550E+00,+37.66332657E-03
+75.45000E-06,+1.02986808065E+00,+1.05160174073E+00,+1.36658286619E+00,+19.57287453E-03
+75.50000E-06,+1.02358667366E+00,+1.03527008267E+00,+1.36281402203E+00,+11.53267361E-03
+75.55000E-06,+1.03991833180E+00,+1.01140073613E+00,+1.33643211275E+00,+1.98493503E-03
+75.60000E-06,+1.27107410829E+00,+1.29029520562E+00,+1.36281402203E+00,-41.73365743E-03
+75.65000E-06,+1.35273239874E+00,+1.34557158686E+00,+1.33391954993E+00,-14.09546681E-03
+75.70000E-06,+1.34519471042E+00,+1.36567208916E+00,+1.34899492665E+00,+3.49247269E-03
+75.75000E-06,+1.33263189645E+00,+1.36567208916E+00,+1.34020095691E+00,+13.04021128E-03
+75.80000E-06,+980.87310624E-03,+983.76254551E-03,+1.32010045461E+00,+13.54272381E-03
+75.85000E-06,+1.02986808065E+00,+1.03024495709E+00,+1.34020095691E+00,+14.29649267E-03
+75.90000E-06,+1.02107411084E+00,+1.02396355011E+00,+1.33768839409E+00,+2.98996013E-03
+75.95000E-06,+1.02358667366E+00,+1.02396355011E+00,+1.35653261505E+00,+2.73870386E-03
+76.00000E-06,+1.27358667111E+00,+1.29155148703E+00,+1.36281402203E+00,-40.47737602E-03
+76.05000E-06,+1.33891330343E+00,+1.35310927519E+00,+1.34020095691E+00,-8.56782869E-03
+76.10000E-06,+1.34519471042E+00,+1.34557158686E+00,+1.35150748947E+00,+11.03016105E-03
+76.15000E-06,+1.34519471042E+00,+1.36944093332E+00,+1.36407030337E+00,+15.55277407E-03
+76.20000E-06,+1.00097360854E+00,+1.00135048499E+00,+1.37537683586E+00,+18.06533684E-03
+76.25000E-06,+1.03740576897E+00,+1.03778264542E+00,+1.38040196151E+00,+17.06031174E-03
+76.30000E-06,+1.03489320622E+00,+1.02396355011E+00,+1.34271351973E+00,+1.23116618E-03
+76.35000E-06,+1.03991833180E+00,+1.01140073613E+00,+1.34020095691E+00,-527.62777E-06
+76.40000E-06,+1.34896355465E+00,+1.33049621021E+00,+1.38417080574E+00,-9.32159747E-03
+76.45000E-06,+1.35901380573E+00,+1.35939068217E+00,+1.35402005222E+00,-11.33164775E-03
+76.50000E-06,+1.36529521272E+00,+1.34557158686E+00,+1.35150748947E+00,+7.01006059E-03
+76.55000E-06,+1.36152636855E+00,+1.36190324500E+00,+1.37286427318E+00,+13.79398011E-03
+76.60000E-06,+1.02107411084E+00,+1.02019470587E+00,+1.33894467550E+00,+21.33166845E-03
+76.65000E-06,+1.03740576897E+00,+1.04406405240E+00,+1.36030145921E+00,+16.80905547E-03
+76.70000E-06,+1.02358667366E+00,+1.02396355011E+00,+1.35778889638E+00,+5.25126664E-03
+76.75000E-06,+1.02358667366E+00,+1.01140073613E+00,+1.32763814294E+00,+1.98493503E-03
+76.80000E-06,+1.23464194793E+00,+1.25511932667E+00,+1.32763814308E+00,-43.74370763E-03
+76.85000E-06,+1.34519471042E+00,+1.36567208916E+00,+1.34648236390E+00,-12.58792914E-03
+76.90000E-06,+1.36529521272E+00,+1.36315952634E+00,+1.33140698717E+00,+9.77387966E-03
+76.95000E-06,+1.34519471042E+00,+1.34557158686E+00,+1.34396980107E+00,+18.81910570E-03
+77.00000E-06,+1.02107411084E+00,+1.00260676640E+00,+1.33643211268E+00,+21.83418101E-03
+77.05000E-06,+1.03740576897E+00,+1.04406405240E+00,+1.33894467557E+00,+17.06031174E-03
+77.10000E-06,+1.04368717596E+00,+1.03275751984E+00,+1.34020095691E+00,+7.51257315E-03
+77.15000E-06,+1.02358667366E+00,+1.02396355011E+00,+1.32386929878E+00,-1.28139660E-03
+77.20000E-06,+1.34770727324E+00,+1.33049621021E+00,+1.38417080574E+00,-5.55275330E-03
+77.25000E-06,+1.35901380573E+00,+1.34557158686E+00,+1.32010045461E+00,-9.82411008E-03
+77.30000E-06,+1.36278264989E+00,+1.35436555660E+00,+1.35150748947E+00,+6.50754802E-03
+77.35000E-06,+1.34896355458E+00,+1.34557158686E+00,+1.36030145921E+00,+16.30654290E-03
+77.40000E-06,+1.02233039225E+00,+1.01893842446E+00,+1.34020095691E+00,+33.64322611E-03
+77.45000E-06,+1.02986808065E+00,+1.04406405240E+00,+1.36030145921E+00,+21.08041220E-03
+77.50000E-06,+1.01228014110E+00,+1.03527008267E+00,+1.34648236382E+00,-25.11520E-06
+77.55000E-06,+1.03991833180E+00,+1.02396355011E+00,+1.34396980107E+00,-7.06029102E-03
+77.60000E-06,+1.34770727324E+00,+1.31290827074E+00,+1.34396980115E+00,-25.65325559E-03
+77.65000E-06,+1.35273239874E+00,+1.34557158686E+00,+1.35402005222E+00,-8.56782869E-03
+77.70000E-06,+1.36529521272E+00,+1.36567208916E+00,+1.34899492665E+00,+1.23116618E-03
+77.75000E-06,+1.34896355458E+00,+1.34557158686E+00,+1.32763814294E+00,+19.57287453E-03
+77.80000E-06,+1.36278264989E+00,+1.02270726869E+00,+1.35904517780E+00,+13.79398009E-03
+77.85000E-06,+1.35147611740E+00,+1.03024495709E+00,+1.35402005222E+00,+9.02011082E-03
+77.90000E-06,+1.32509420812E+00,+1.03527008267E+00,+1.34899492665E+00,-5.05024079E-03
+77.95000E-06,+1.35775752439E+00,+995.06907800E-03,+1.35276377088E+00,-527.62777E-06
+78.00000E-06,+1.34645099183E+00,+1.30913942650E+00,+1.34145723832E+00,-7.06029099E-03
+78.05000E-06,+1.35901380573E+00,+1.34557158686E+00,+1.34020095691E+00,-3.29144683E-03
+78.10000E-06,+1.35650124298E+00,+1.36567208916E+00,+1.36030145921E+00,+5.75377921E-03
+78.15000E-06,+1.34896355458E+00,+1.36567208916E+00,+1.36030145921E+00,+8.26634199E-03
+78.20000E-06,+980.87310624E-03,+1.00260676640E+00,+1.33894467550E+00,+6.75880431E-03
+78.25000E-06,+1.02358667366E+00,+1.05034545939E+00,+1.34020095691E+00,+14.29649267E-03
+78.30000E-06,+1.01228014110E+00,+1.01516958037E+00,+1.36909542894E+00,-25.11520E-06
+78.35000E-06,+1.04745602012E+00,+1.00763189197E+00,+1.36909542902E+00,-7.81405985E-03
+78.40000E-06,+1.32886305236E+00,+1.33049621021E+00,+1.38291452433E+00,-17.86431096E-03
+78.45000E-06,+1.35901380573E+00,+1.34557158686E+00,+1.36783914753E+00,-11.08039148E-03
+78.50000E-06,+1.35650124298E+00,+1.32547108456E+00,+1.35150748947E+00,+5.25126664E-03
+78.55000E-06,+1.36529521272E+00,+1.36567208916E+00,+1.32763814294E+00,+15.55277407E-03
+78.60000E-06,+1.34519471042E+00,+1.02019470587E+00,+1.35778889638E+00,+2.73870385E-03
+78.65000E-06,+1.35901380573E+00,+1.02396355011E+00,+1.36030145921E+00,+6.25629176E-03
+78.70000E-06,+1.34519471042E+00,+1.02396355011E+00,+1.37160799177E+00,+1.73367875E-03
+78.75000E-06,+1.34519471042E+00,+1.02396355011E+00,+1.36030145921E+00,-6.30652219E-03
+78.80000E-06,+1.34519471042E+00,+1.29280776844E+00,+1.34271351974E+00,-21.88441142E-03
+78.85000E-06,+1.33891330343E+00,+1.33803389854E+00,+1.34020095691E+00,-5.80400962E-03
+78.90000E-06,+1.37660174528E+00,+1.35687811942E+00,+1.35778889638E+00,+2.98996013E-03
+78.95000E-06,+1.35273239874E+00,+1.36567208916E+00,+1.37286427318E+00,+7.51257315E-03
+79.00000E-06,+1.00097360854E+00,+982.50626410E-03,+1.32010045461E+00,+2.48744756E-03
+79.05000E-06,+1.03740576897E+00,+1.03778264542E+00,+1.34020095691E+00,+15.55277407E-03
+79.10000E-06,+1.02358667366E+00,+1.03527008267E+00,+1.34899492665E+00,-25.11520E-06
+79.15000E-06,+1.03991833180E+00,+991.30023384E-03,+1.37663311734E+00,-5.30149706E-03
+79.20000E-06,+1.32886305236E+00,+1.34808414969E+00,+1.38291452433E+00,-13.59295421E-03
+79.25000E-06,+1.33891330343E+00,+1.34557158686E+00,+1.34020095691E+00,-13.84421054E-03
+79.30000E-06,+1.36529521272E+00,+1.33426505430E+00,+1.35150748947E+00,+3.49247269E-03
+79.35000E-06,+1.34896355458E+00,+1.36190324500E+00,+1.35653261505E+00,+4.24624153E-03
+79.40000E-06,+1.34645099183E+00,+1.02019470587E+00,+1.32010045461E+00,-4.29647194E-03
+79.45000E-06,+1.37911430803E+00,+1.03024495709E+00,+1.38040196151E+00,+10.27639221E-03
+79.50000E-06,+1.33388817786E+00,+1.02396355011E+00,+1.36281402203E+00,-2.78893428E-03
+79.55000E-06,+1.36152636855E+00,+1.00763189197E+00,+1.34020095691E+00,-1.28139660E-03
+79.60000E-06,+1.34645099183E+00,+1.29280776845E+00,+1.38040196151E+00,-10.57787888E-03
+79.65000E-06,+1.34519471042E+00,+1.35939068217E+00,+1.36783914753E+00,-4.79898449E-03
+79.70000E-06,+1.35398868015E+00,+1.34557158686E+00,+1.34899492665E+00,+1.23116618E-03
+79.75000E-06,+1.38162687085E+00,+1.36567208916E+00,+1.32763814294E+00,+6.75880432E-03
+79.80000E-06,+1.36278264989E+00,+1.05913942905E+00,+1.35778889638E+00,+17.81408055E-03
+79.85000E-06,+1.37157661970E+00,+1.03150123843E+00,+1.36030145921E+00,+10.27639221E-03
+79.90000E-06,+1.35398868015E+00,+1.03527008267E+00,+1.34899492665E+00,+1.73367875E-03
+79.95000E-06,+1.37408918253E+00,+1.02396355011E+00,+1.36030145921E+00,+1.98493503E-03
+80.00000E-06,+1.34519471042E+00,+1.29280776845E+00,+1.36407030345E+00,-14.34672306E-03
+80.05000E-06,+1.36529521272E+00,+1.35939068217E+00,+1.35402005222E+00,-7.31154729E-03
+80.10000E-06,+1.35650124298E+00,+1.34557158686E+00,+1.34899492665E+00,-1.03014033E-03
+80.15000E-06,+1.34896355458E+00,+1.33300877289E+00,+1.34773864523E+00,+3.49247269E-03
+80.20000E-06,+982.12938765E-03,+1.02145098728E+00,+1.34020095691E+00,+14.79900522E-03
+80.25000E-06,+1.04996858295E+00,+1.05034545939E+00,+1.36030145921E+00,+18.31659313E-03
+80.30000E-06,+1.03238064340E+00,+1.03527008267E+00,+1.36030145921E+00,+3.49247269E-03
+80.35000E-06,+1.02358667366E+00,+1.02396355011E+00,+1.34396980107E+00,-4.54772823E-03
+80.40000E-06,+1.25348616882E+00,+1.27270726615E+00,+1.32512558026E+00,-51.78390855E-03
+80.45000E-06,+1.36529521272E+00,+1.34557158686E+00,+1.37412055452E+00,-16.60802960E-03
+80.50000E-06,+1.36780777554E+00,+1.35687811942E+00,+1.36030145921E+00,-2.78893428E-03
+80.55000E-06,+1.37785802669E+00,+1.36567208916E+00,+1.36030145921E+00,+8.26634199E-03
+80.60000E-06,+1.00097360854E+00,+1.00260676640E+00,+1.33894467550E+00,+24.84925634E-03
+80.65000E-06,+1.03740576897E+00,+1.05034545939E+00,+1.35402005222E+00,+14.29649267E-03
+80.70000E-06,+1.00097360854E+00,+1.02396355011E+00,+1.34899492665E+00,-4.54772823E-03
+80.75000E-06,+1.04368717596E+00,+1.02396355011E+00,+1.34020095691E+00,-11.83416031E-03
+80.80000E-06,+1.30876255006E+00,+1.32798364739E+00,+1.36155774062E+00,-33.69345651E-03
+80.85000E-06,+1.35147611741E+00,+1.33929017988E+00,+1.33391954992E+00,-11.33164775E-03
+80.90000E-06,+1.35398868015E+00,+1.35687811942E+00,+1.34020095691E+00,+2.98996013E-03
+80.95000E-06,+1.36529521272E+00,+1.36567208916E+00,+1.34020095691E+00,+11.53267361E-03
+81.00000E-06,+1.03866205031E+00,+1.05788314764E+00,+1.33894467550E+00,+32.63820098E-03
+81.05000E-06,+1.04368717596E+00,+1.04406405240E+00,+1.34648236390E+00,+13.04021128E-03
+81.10000E-06,+1.02358667366E+00,+1.02396355011E+00,+1.35150748947E+00,-527.62777E-06
+81.15000E-06,+1.03614948764E+00,+1.04406405240E+00,+1.34020095691E+00,-2.78893426E-03
+81.20000E-06,+1.25348616882E+00,+1.29155148703E+00,+1.34396980115E+00,-44.24622019E-03
+81.25000E-06,+1.35147611741E+00,+1.34557158686E+00,+1.34145723825E+00,-15.35174821E-03
+81.30000E-06,+1.34519471042E+00,+1.35687811942E+00,+1.37160799177E+00,-1.03014033E-03
+81.35000E-06,+1.34896355458E+00,+1.36567208916E+00,+1.34020095691E+00,+18.06533687E-03
+81.40000E-06,+1.05750627119E+00,+1.05788314764E+00,+1.35653261497E+00,+36.15578887E-03
+81.45000E-06,+1.04996858295E+00,+1.03024495709E+00,+1.36030145921E+00,+8.76885455E-03
+81.50000E-06,+1.02358667366E+00,+1.04155148958E+00,+1.34020095691E+00,-25.11520E-06
+81.55000E-06,+1.01981782950E+00,+1.02396355011E+00,+1.34020095691E+00,-11.08039148E-03
+81.60000E-06,+1.33011933377E+00,+1.32923992880E+00,+1.38291452433E+00,-13.09044165E-03
+81.65000E-06,+1.35273239874E+00,+1.34557158686E+00,+1.32638186160E+00,-16.85928587E-03
+81.70000E-06,+1.34770727324E+00,+1.36567208916E+00,+1.34899492665E+00,+3.49247269E-03
+81.75000E-06,+1.36529521272E+00,+1.34557158686E+00,+1.35653261505E+00,+11.53267361E-03
+81.80000E-06,+983.38566907E-03,+1.00135048498E+00,+1.28241201285E+00,+3.24121641E-03
+81.85000E-06,+1.04996858295E+00,+1.04406405240E+00,+1.37412055452E+00,+13.04021128E-03
+81.90000E-06,+1.02358667366E+00,+1.02396355011E+00,+1.35150748947E+00,+3.49247269E-03
+81.95000E-06,+1.01981782950E+00,+1.04406405240E+00,+1.34020095691E+00,-2.03516543E-03
+82.00000E-06,+1.25222988741E+00,+1.25260676385E+00,+1.34396980115E+00,-49.27134578E-03
+82.05000E-06,+1.36529521272E+00,+1.35939068217E+00,+1.33391954992E+00,-14.09546681E-03
+82.10000E-06,+1.35398868015E+00,+1.33426505430E+00,+1.36030145921E+00,+4.74875408E-03
+82.15000E-06,+1.35273239874E+00,+1.36190324500E+00,+1.37663311734E+00,+10.77890478E-03
+82.20000E-06,+1.02107411084E+00,+1.03778264534E+00,+1.33894467550E+00,+28.36684423E-03
+82.25000E-06,+1.01604898534E+00,+1.05034545939E+00,+1.34648236390E+00,+12.78895501E-03
+82.30000E-06,+1.05248114569E+00,+1.03527008267E+00,+1.33768839408E+00,+3.99498526E-03
+82.35000E-06,+1.03991833180E+00,+1.02396355011E+00,+1.34020095691E+00,-1.28139660E-03
+82.40000E-06,+1.34770727325E+00,+1.33175249163E+00,+1.38417080575E+00,-13.84421049E-03
+82.45000E-06,+1.35147611741E+00,+1.33929017987E+00,+1.33391954992E+00,-11.33164775E-03
+82.50000E-06,+1.33640074068E+00,+1.34557158686E+00,+1.36281402204E+00,+5.75377921E-03
+82.55000E-06,+1.37785802669E+00,+1.34934043102E+00,+1.37286427318E+00,+12.28644244E-03
+82.60000E-06,+1.02107411084E+00,+1.05788314763E+00,+1.32010045461E+00,+33.14071354E-03
+82.65000E-06,+1.05122486428E+00,+1.02396355011E+00,+1.35276377089E+00,+14.29649267E-03
+82.70000E-06,+1.04368717596E+00,+1.03527008267E+00,+1.36030145921E+00,-4.54772823E-03
+82.75000E-06,+1.02358667366E+00,+1.02019470594E+00,+1.36030145921E+00,-5.30149706E-03
+82.80000E-06,+1.23464194794E+00,+1.25386304527E+00,+1.36532658486E+00,-50.52762713E-03
+82.85000E-06,+1.33891330343E+00,+1.34557158686E+00,+1.36783914753E+00,-19.37184867E-03
+82.90000E-06,+1.36529521272E+00,+1.34557158686E+00,+1.36030145921E+00,+5.25126664E-03
+82.95000E-06,+1.36152636856E+00,+1.36567208916E+00,+1.35653261505E+00,+11.53267361E-03
+83.00000E-06,+1.07635049207E+00,+1.05788314763E+00,+1.35778889638E+00,+39.92463305E-03
+83.05000E-06,+1.02986808065E+00,+1.05034545939E+00,+1.35276377089E+00,+11.53267361E-03
+83.10000E-06,+1.02358667366E+00,+1.01516958037E+00,+1.33140698718E+00,-527.62777E-06
+83.15000E-06,+1.02735551782E+00,+1.02019470594E+00,+1.34020095691E+00,-8.56782869E-03
+83.20000E-06,+1.27233038971E+00,+1.27145098474E+00,+1.36281402204E+00,-49.52260206E-03
+83.25000E-06,+1.34519471042E+00,+1.35939068217E+00,+1.35402005222E+00,-16.85928587E-03
+83.30000E-06,+1.34519471042E+00,+1.34557158686E+00,+1.34899492665E+00,+3.49247269E-03
+83.35000E-06,+1.34142586626E+00,+1.34934043102E+00,+1.32763814293E+00,+11.53267361E-03
+83.40000E-06,+1.00097360854E+00,+1.00135048498E+00,+1.34020095691E+00,+5.75377917E-03
+83.45000E-06,+1.04368717596E+00,+1.03024495709E+00,+1.36030145921E+00,+10.27639221E-03
+83.50000E-06,+1.04368717596E+00,+1.02396355011E+00,+1.35150748947E+00,+3.49247269E-03
+83.55000E-06,+1.00725501553E+00,+1.01140073613E+00,+1.34396980107E+00,-4.54772823E-03
+83.60000E-06,+1.34770727325E+00,+1.33049621022E+00,+1.34522608257E+00,-13.59295421E-03
+83.65000E-06,+1.33891330343E+00,+1.34557158686E+00,+1.33391954992E+00,-20.62813006E-03
+83.70000E-06,+1.34268214759E+00,+1.33426505430E+00,+1.34271351974E+00,+728.65362E-06
+83.75000E-06,+1.32886305228E+00,+1.34934043102E+00,+1.33643211275E+00,+11.53267361E-03
+83.80000E-06,+1.00222988995E+00,+1.36315952633E+00,+1.34020095691E+00,+13.54272381E-03
+83.85000E-06,+1.00976757835E+00,+1.35185299385E+00,+1.34648236390E+00,+4.74875409E-03
+83.90000E-06,+1.02358667366E+00,+1.35687811942E+00,+1.32889442435E+00,+1.73367875E-03
+83.95000E-06,+1.04368717596E+00,+1.36190324500E+00,+1.34020095691E+00,-7.06029102E-03
+84.00000E-06,+1.26856154547E+00,+1.36441580775E+00,+1.38165824292E+00,-19.12059237E-03
+84.05000E-06,+1.36529521272E+00,+1.36567208916E+00,+1.34648236390E+00,-3.29144683E-03
+84.10000E-06,+1.35398868015E+00,+1.34557158686E+00,+1.36030145921E+00,+14.54774894E-03
+84.15000E-06,+1.36529521272E+00,+1.36567208916E+00,+1.34396980107E+00,+2.73870386E-03
+84.20000E-06,+1.38288315219E+00,+1.36441580775E+00,+1.33894467550E+00,+3.49247269E-03
+84.25000E-06,+1.38539571501E+00,+1.35185299385E+00,+1.35276377089E+00,-1.78390916E-03
+84.30000E-06,+1.34268214759E+00,+1.35687811942E+00,+1.35150748947E+00,+11.53267361E-03
+84.35000E-06,+1.36906405688E+00,+1.36567208916E+00,+1.35653261505E+00,+9.02011082E-03
+84.40000E-06,+1.34770727325E+00,+1.36567208916E+00,+1.32135673603E+00,+7.26131687E-03
+84.45000E-06,+1.35273239874E+00,+1.35939068217E+00,+1.34773864523E+00,+3.49247269E-03
+84.50000E-06,+1.38539571501E+00,+1.35687811942E+00,+1.32889442435E+00,+5.25126664E-03
+84.55000E-06,+1.36529521272E+00,+1.36567208916E+00,+1.35653261505E+00,+8.26634198E-03
+84.60000E-06,+984.64195048E-03,+1.36315952633E+00,+1.34145723832E+00,+15.30151779E-03
+84.65000E-06,+1.02986808065E+00,+1.36567208916E+00,+1.34648236390E+00,+10.02513595E-03
+84.70000E-06,+1.03238064340E+00,+1.36567208916E+00,+1.36030145921E+00,+5.75377921E-03
+84.75000E-06,+1.03991833180E+00,+1.36190324500E+00,+1.34020095691E+00,+6.75880432E-03
+84.80000E-06,+1.28991832918E+00,+1.34682786828E+00,+1.32261301744E+00,-22.88943654E-03
+84.85000E-06,+1.36529521272E+00,+1.35939068217E+00,+1.34020095691E+00,-3.29144683E-03
+84.90000E-06,+1.35650124298E+00,+1.35687811942E+00,+978.39191556E-03,+4.74875407E-03
+84.95000E-06,+1.34142586626E+00,+1.36944093332E+00,+1.01859292015E+00,+15.55277407E-03
+85.00000E-06,+1.38288315219E+00,+1.07798364993E+00,+1.01733663874E+00,+21.83418101E-03
+85.05000E-06,+1.38539571501E+00,+1.02396355011E+00,+1.01231151317E+00,+6.25629176E-03
+85.10000E-06,+1.36529521272E+00,+1.01516958037E+00,+1.01859292015E+00,+9.77387967E-03
+85.15000E-06,+1.36529521272E+00,+1.03652636408E+00,+1.00226126202E+00,+4.24624153E-03
+85.20000E-06,+1.32760677095E+00,+1.27521982899E+00,+1.02110548298E+00,-13.84421049E-03
+85.25000E-06,+1.34519471042E+00,+1.34557158686E+00,+1.28743713834E+00,+6.00503549E-03
+85.30000E-06,+1.36529521272E+00,+1.36567208916E+00,+1.35778889638E+00,+728.65361E-06
+85.35000E-06,+1.37283290104E+00,+1.34934043102E+00,+1.35653261505E+00,+15.55277407E-03
+85.40000E-06,+1.36278264989E+00,+1.02019470586E+00,+1.33894467550E+00,+18.06533683E-03
+85.45000E-06,+1.35147611741E+00,+1.03024495709E+00,+1.36030145921E+00,+12.78895501E-03
+85.50000E-06,+1.33640074068E+00,+1.03275751984E+00,+1.34899492665E+00,+9.77387967E-03
+85.55000E-06,+1.36152636856E+00,+1.00386304781E+00,+1.36030145921E+00,+3.49247269E-03
+85.60000E-06,+1.34645099183E+00,+1.32923992881E+00,+1.36155774062E+00,+226.14108E-06
+85.65000E-06,+1.35147611741E+00,+1.34557158686E+00,+1.33266326859E+00,+3.49247269E-03
+85.70000E-06,+1.36529521272E+00,+1.35687811943E+00,+1.34020095691E+00,+9.77387967E-03
+85.75000E-06,+1.36529521272E+00,+1.36190324500E+00,+1.34396980107E+00,+14.04523641E-03
+85.80000E-06,+1.38162687077E+00,+1.00260676639E+00,+1.35778889638E+00,+10.52764848E-03
+85.85000E-06,+1.35775752440E+00,+1.03778264541E+00,+1.37412055452E+00,+12.78895501E-03
+85.90000E-06,+1.36529521272E+00,+1.02396355011E+00,+1.34020095691E+00,+3.49247269E-03
+85.95000E-06,+1.36529521272E+00,+1.04783289656E+00,+1.33643211275E+00,+7.51257315E-03
+86.00000E-06,+1.34770727325E+00,+1.31039570793E+00,+1.36281402204E+00,-2.28642168E-03
+86.05000E-06,+1.34519471042E+00,+1.34557158686E+00,+1.34020095691E+00,-3.29144683E-03
+86.10000E-06,+1.34268214759E+00,+1.34557158686E+00,+1.35150748947E+00,+7.51257315E-03
+86.15000E-06,+1.36529521272E+00,+1.35813440084E+00,+1.36030145921E+00,+10.77890478E-03
+86.20000E-06,+1.34268214759E+00,+1.00260676639E+00,+1.33894467550E+00,+10.52764848E-03
+86.25000E-06,+1.37157661970E+00,+1.05160174072E+00,+1.34648236390E+00,+14.29649267E-03
+86.30000E-06,+1.36529521272E+00,+1.01265701754E+00,+1.34271351974E+00,+11.53267361E-03
+86.35000E-06,+1.38162687085E+00,+1.02396355011E+00,+1.34773864523E+00,+4.24624153E-03
+86.40000E-06,+1.36529521272E+00,+1.29029520563E+00,+1.32386929886E+00,-14.59797934E-03
+86.45000E-06,+1.33137561511E+00,+1.35813440084E+00,+1.34648236390E+00,+1.98493503E-03
+86.50000E-06,+1.35650124298E+00,+1.34557158686E+00,+1.33140698718E+00,+7.51257315E-03
+86.55000E-06,+1.34896355458E+00,+1.34934043102E+00,+1.36030145921E+00,+10.02513595E-03
+86.60000E-06,+1.36278264989E+00,+1.00135048498E+00,+1.33894467550E+00,+14.54774894E-03
+86.65000E-06,+1.36529521272E+00,+1.05160174072E+00,+1.36030145921E+00,+12.78895501E-03
+86.70000E-06,+1.35650124298E+00,+1.02396355011E+00,+1.34899492664E+00,+11.53267361E-03
+86.75000E-06,+1.34519471042E+00,+1.02396355011E+00,+1.34020095691E+00,+2.73870386E-03
+86.80000E-06,+1.34645099183E+00,+1.36692837057E+00,+1.34271351974E+00,+16.05528664E-03
+86.85000E-06,+1.37283290104E+00,+1.36567208916E+00,+1.34020095691E+00,+728.65363E-06
+86.90000E-06,+1.36529521272E+00,+1.34557158686E+00,+1.36030145921E+00,+7.51257315E-03
+86.95000E-06,+1.37785802669E+00,+1.36190324500E+00,+1.36030145921E+00,+18.81910570E-03
+87.00000E-06,+1.36278264989E+00,+1.02270726869E+00,+1.35653261496E+00,+17.81408055E-03
+87.05000E-06,+1.37911430802E+00,+1.03778264541E+00,+1.34020095691E+00,+17.06031174E-03
+87.10000E-06,+1.35398868015E+00,+1.02396355011E+00,+1.34899492664E+00,+5.75377921E-03
+87.15000E-06,+1.36529521272E+00,+1.04029520824E+00,+1.36030145921E+00,-527.62777E-06
+87.20000E-06,+1.34770727325E+00,+1.33049621022E+00,+1.38165824292E+00,+4.74875411E-03
+87.25000E-06,+1.35147611741E+00,+1.35185299385E+00,+1.36658286620E+00,+728.65363E-06
+87.30000E-06,+1.34519471042E+00,+1.36818465199E+00,+1.34020095691E+00,+11.53267361E-03
+87.35000E-06,+1.36529521272E+00,+1.36190324500E+00,+1.34020095691E+00,+8.26634198E-03
+87.40000E-06,+1.36152636847E+00,+1.02145098728E+00,+1.33894467550E+00,+21.58292473E-03
+87.45000E-06,+1.36403893139E+00,+1.03024495709E+00,+1.36030145921E+00,+11.78392988E-03
+87.50000E-06,+1.35398868015E+00,+1.02396355011E+00,+1.35150748947E+00,+8.01508572E-03
+87.55000E-06,+1.36152636856E+00,+1.00763189197E+00,+1.33643211275E+00,+5.00001036E-03
+87.60000E-06,+1.36655149413E+00,+1.27396354758E+00,+1.34396980116E+00,-13.59295421E-03
+87.65000E-06,+1.33137561511E+00,+1.38577259146E+00,+1.36030145921E+00,+9.02011082E-03
+87.70000E-06,+1.36529521272E+00,+1.35687811943E+00,+1.33768839408E+00,+9.27136710E-03
+87.75000E-06,+1.34896355458E+00,+1.34557158686E+00,+1.35276377089E+00,+15.55277407E-03
+87.80000E-06,+1.36529521272E+00,+983.76254551E-03,+1.32135673603E+00,-527.62777E-06
+87.85000E-06,+1.36529521272E+00,+1.05034545939E+00,+1.35402005222E+00,+14.29649267E-03
+87.90000E-06,+1.36529521272E+00,+1.03527008267E+00,+1.35778889638E+00,+7.51257315E-03
+87.95000E-06,+1.36152636856E+00,+1.02396355011E+00,+1.32386929877E+00,+3.49247269E-03
+88.00000E-06,+1.34896355466E+00,+1.27270726616E+00,+1.36281402204E+00,-9.82411003E-03
+88.05000E-06,+1.34519471042E+00,+1.34557158686E+00,+1.36030145921E+00,+728.65363E-06
+88.10000E-06,+1.34519471042E+00,+1.34557158686E+00,+1.34020095691E+00,+13.29146756E-03
+88.15000E-06,+1.35650124290E+00,+1.38200374730E+00,+1.34396980107E+00,+15.55277407E-03
+88.20000E-06,+1.36529521272E+00,+1.03903892674E+00,+1.34020095691E+00,+22.33669358E-03
+88.25000E-06,+1.37157661971E+00,+1.04406405240E+00,+1.34020095691E+00,+15.55277407E-03
+88.30000E-06,+1.34770727325E+00,+1.03275751984E+00,+1.36281402204E+00,+7.51257315E-03
+88.35000E-06,+1.34519471042E+00,+1.04029520824E+00,+1.34020095691E+00,+3.49247269E-03
+88.40000E-06,+1.34645099183E+00,+1.30913942651E+00,+1.34145723833E+00,+4.49749783E-03
+88.45000E-06,+1.35147611741E+00,+1.34557158686E+00,+1.33391954992E+00,+1.98493503E-03
+88.50000E-06,+1.36529521272E+00,+1.35687811943E+00,+1.34020095691E+00,+8.01508572E-03
+88.55000E-06,+1.36529521272E+00,+1.36567208916E+00,+1.35653261505E+00,+12.28644244E-03
+88.60000E-06,+1.36278264989E+00,+986.27510834E-03,+1.32135673603E+00,+3.24121641E-03
+88.65000E-06,+1.37911430802E+00,+1.02396355011E+00,+1.33391954992E+00,+14.29649267E-03
+88.70000E-06,+1.36529521272E+00,+1.04406405240E+00,+1.34020095691E+00,+9.77387967E-03
+88.75000E-06,+1.36529521272E+00,+1.01642586179E+00,+1.34020095691E+00,+8.26634198E-03
+88.80000E-06,+1.38413943360E+00,+1.27270726616E+00,+1.36281402204E+00,-13.59295421E-03
+88.85000E-06,+1.35901380573E+00,+1.35185299385E+00,+1.34020095691E+00,+3.49247269E-03
+88.90000E-06,+1.33388817785E+00,+1.34557158686E+00,+1.34899492664E+00,+9.77387967E-03
+88.95000E-06,+1.34519471042E+00,+1.36567208916E+00,+1.36030145921E+00,+14.04523641E-03
+89.00000E-06,+1.34519471042E+00,+1.00260676639E+00,+1.32010045461E+00,+2.73870384E-03
+89.05000E-06,+1.36529521272E+00,+1.05034545939E+00,+1.32010045461E+00,+15.55277407E-03
+89.10000E-06,+1.35398868015E+00,+1.02145098727E+00,+1.35150748948E+00,+7.01006059E-03
+89.15000E-06,+1.36529521272E+00,+1.00763189197E+00,+1.35276377089E+00,+4.24624153E-03
+89.20000E-06,+1.36278264988E+00,+1.36692837058E+00,+1.37914568009E+00,+12.53769874E-03
+89.25000E-06,+1.36529521272E+00,+1.35185299385E+00,+1.34648236390E+00,+1.98493503E-03
+89.30000E-06,+1.36529521272E+00,+1.36567208916E+00,+1.34899492664E+00,+11.53267361E-03
+89.35000E-06,+1.34519471042E+00,+1.34934043102E+00,+1.35653261505E+00,+7.51257315E-03
+89.40000E-06,+1.36403893130E+00,+966.17460604E-03,+1.32010045461E+00,+2.73870384E-03
+89.45000E-06,+1.34519471042E+00,+1.03778264541E+00,+1.34020095691E+00,+15.55277407E-03
+89.50000E-06,+1.35650124298E+00,+1.03527008267E+00,+1.34899492664E+00,+7.51257315E-03
+89.55000E-06,+1.34896355458E+00,+1.00763189197E+00,+1.34396980107E+00,+3.49247269E-03
+89.60000E-06,+1.34770727325E+00,+1.34808414969E+00,+1.38165824292E+00,+8.26634200E-03
+89.65000E-06,+1.34519471042E+00,+1.35939068217E+00,+1.34020095691E+00,+3.49247269E-03
+89.70000E-06,+1.36529521272E+00,+1.34305902403E+00,+1.34020095691E+00,+9.27136710E-03
+89.75000E-06,+1.33640074060E+00,+1.34180274270E+00,+1.35653261505E+00,+12.28644244E-03
+89.80000E-06,+1.32509420812E+00,+986.27510834E-03,+1.31884417320E+00,-778.88405E-06
+89.85000E-06,+1.37911430802E+00,+1.03778264541E+00,+1.32638186160E+00,+18.31659313E-03
+89.90000E-06,+1.35650124298E+00,+1.02396355011E+00,+1.36030145921E+00,+9.27136710E-03
+89.95000E-06,+1.36152636856E+00,+1.04029520824E+00,+1.36030145921E+00,+9.27136712E-03
+90.00000E-06,+1.34519471042E+00,+1.27270726617E+00,+1.37914568009E+00,-17.86431095E-03
+90.05000E-06,+1.35901380573E+00,+1.34557158686E+00,+1.35402005222E+00,+1.98493503E-03
+90.10000E-06,+1.36529521272E+00,+1.37446605889E+00,+1.36030145921E+00,+5.75377921E-03
+90.15000E-06,+1.34519471042E+00,+1.36190324500E+00,+1.35653261505E+00,+11.53267361E-03
+90.20000E-06,+1.34519471042E+00,+1.00386304781E+00,+1.31884417320E+00,+15.05026151E-03
+90.25000E-06,+1.35775752440E+00,+1.01642586179E+00,+1.35402005222E+00,+14.29649267E-03
+90.30000E-06,+1.35398868015E+00,+1.04406405240E+00,+1.34020095691E+00,+7.01006059E-03
+90.35000E-06,+1.35775752440E+00,+1.02396355011E+00,+1.37663311735E+00,+6.75880432E-03
+90.40000E-06,+1.32760677095E+00,+1.32798364740E+00,+1.36030145921E+00,+8.51759829E-03
+90.45000E-06,+1.34519471042E+00,+1.35813440084E+00,+1.36030145921E+00,-3.29144683E-03
+90.50000E-06,+1.35398868015E+00,+1.35687811943E+00,+1.33140698718E+00,+9.77387967E-03
+90.55000E-06,+1.34519471042E+00,+1.34934043102E+00,+1.34020095691E+00,+10.77890478E-03
+90.60000E-06,+1.36278264988E+00,+983.76254551E-03,+1.34020095691E+00,+10.52764848E-03
+90.65000E-06,+1.36529521272E+00,+1.01014445480E+00,+1.36030145921E+00,+11.53267361E-03
+90.70000E-06,+1.34519471042E+00,+1.01516958037E+00,+1.34899492664E+00,+5.75377921E-03
+90.75000E-06,+1.34142586626E+00,+1.01140073613E+00,+1.34396980107E+00,+3.49247269E-03
+90.80000E-06,+1.32760677095E+00,+1.28778264280E+00,+1.36155774062E+00,-6.55777842E-03
+90.85000E-06,+1.35273239874E+00,+1.34557158686E+00,+1.33391954992E+00,+728.65363E-06
+90.90000E-06,+1.38539571501E+00,+1.34808414969E+00,+1.36030145921E+00,+10.27639223E-03
+90.95000E-06,+1.37785802670E+00,+1.34934043102E+00,+1.37663311735E+00,+17.06031174E-03
+91.00000E-06,+1.36403893130E+00,+1.04029520816E+00,+1.32135673603E+00,+11.03016105E-03
+91.05000E-06,+1.35147611741E+00,+1.04406405240E+00,+1.32010045461E+00,+14.29649267E-03
+91.10000E-06,+1.36529521272E+00,+1.03527008267E+00,+1.34020095691E+00,+13.79398013E-03
+91.15000E-06,+1.36529521272E+00,+1.00763189197E+00,+1.34396980107E+00,+6.75880432E-03
+91.20000E-06,+1.36529521272E+00,+1.29280776847E+00,+1.36155774062E+00,-6.30652214E-03
+91.25000E-06,+1.33891330343E+00,+1.34557158686E+00,+1.34020095691E+00,-527.62777E-06
+91.30000E-06,+1.36529521272E+00,+1.34808414969E+00,+1.33768839408E+00,+8.76885453E-03
+91.35000E-06,+1.34142586626E+00,+1.36190324500E+00,+1.36030145921E+00,+12.28644244E-03
+91.40000E-06,+1.36278264988E+00,+1.02270726869E+00,+1.34020095691E+00,+14.54774894E-03
+91.45000E-06,+1.36529521272E+00,+1.02396355011E+00,+1.34648236390E+00,+14.54774894E-03
+91.50000E-06,+1.37408918245E+00,+1.01516958037E+00,+1.34020095691E+00,+7.51257315E-03
+91.55000E-06,+1.34142586626E+00,+1.04029520824E+00,+1.34020095691E+00,+2.73870386E-03
+91.60000E-06,+1.36529521272E+00,+1.27270726617E+00,+1.32512558028E+00,-13.84421049E-03
+91.65000E-06,+1.35273239874E+00,+1.37320977748E+00,+1.34020095691E+00,-778.88403E-06
+91.70000E-06,+1.34519471042E+00,+1.35687811943E+00,+1.34899492664E+00,+7.01006059E-03
+91.75000E-06,+1.37785802670E+00,+1.34934043102E+00,+1.35653261505E+00,+8.26634198E-03
+91.80000E-06,+1.34393842900E+00,+1.04280777099E+00,+1.32135673603E+00,+14.29649266E-03
+91.85000E-06,+1.37911430802E+00,+1.02396355011E+00,+1.36030145921E+00,+17.06031173E-03
+91.90000E-06,+1.35398868015E+00,+1.03527008267E+00,+1.34899492664E+00,+7.51257315E-03
+91.95000E-06,+1.34896355458E+00,+1.02773239426E+00,+1.36407030337E+00,+6.75880432E-03
+92.00000E-06,+1.34645099183E+00,+1.33049621023E+00,+1.34145723833E+00,+728.65365E-06
+92.05000E-06,+1.33765702210E+00,+1.35185299385E+00,+1.35276377089E+00,+4.74875409E-03
+92.10000E-06,+1.34519471042E+00,+1.35687811943E+00,+1.34899492664E+00,+8.01508572E-03
+92.15000E-06,+1.36529521272E+00,+1.34934043102E+00,+1.36407030337E+00,+10.77890478E-03
+92.20000E-06,+1.32383792670E+00,+1.00637561064E+00,+1.35778889638E+00,+10.77890476E-03
+92.25000E-06,+1.37157661971E+00,+1.02396355011E+00,+1.36030145921E+00,+14.29649267E-03
+92.30000E-06,+1.36780777555E+00,+1.03275751984E+00,+1.36281402204E+00,+15.55277407E-03
+92.35000E-06,+1.34142586626E+00,+1.04029520825E+00,+1.34396980107E+00,+2.73870386E-03
+92.40000E-06,+1.32635048954E+00,+1.29155148705E+00,+1.34271351974E+00,-6.55777842E-03
+92.45000E-06,+1.35901380573E+00,+1.36567208916E+00,+1.37412055451E+00,-3.29144683E-03
+92.50000E-06,+1.35398868015E+00,+1.34557158686E+00,+1.35150748948E+00,+2.98996013E-03
+92.55000E-06,+1.36906405687E+00,+1.33300877288E+00,+1.36030145921E+00,+7.51257315E-03
+92.60000E-06,+1.36403893130E+00,+1.02145098727E+00,+1.35904517779E+00,+15.05026151E-03
+92.65000E-06,+1.35147611741E+00,+1.01768214311E+00,+1.34020095691E+00,+14.29649267E-03
+92.70000E-06,+1.35398868015E+00,+1.03275751984E+00,+1.34899492664E+00,+3.49247269E-03
+92.75000E-06,+1.38162687086E+00,+1.02396355011E+00,+1.34020095691E+00,+3.49247269E-03
+92.80000E-06,+1.36529521272E+00,+1.33049621023E+00,+1.38165824292E+00,+1.23116622E-03
+92.85000E-06,+1.35901380573E+00,+1.34557158686E+00,+1.34648236390E+00,-1.78390916E-03
+92.90000E-06,+1.36529521272E+00,+1.34557158686E+00,+1.35778889638E+00,+8.76885453E-03
+92.95000E-06,+1.36529521272E+00,+1.34934043102E+00,+1.34020095691E+00,+10.02513595E-03
+93.00000E-06,+1.32383792670E+00,+986.27510834E-03,+1.33894467549E+00,-778.88405E-06
+93.05000E-06,+1.38539571501E+00,+1.01642586179E+00,+1.33266326860E+00,+9.02011082E-03
+93.10000E-06,+1.36780777555E+00,+1.03527008267E+00,+1.35150748948E+00,+9.27136710E-03
+93.15000E-06,+1.36906405687E+00,+1.02396355011E+00,+1.34020095691E+00,+6.75880432E-03
+93.20000E-06,+1.34645099184E+00,+1.29029520564E+00,+1.36030145921E+00,-14.09546677E-03
+93.25000E-06,+1.36655149404E+00,+1.34557158686E+00,+1.32638186160E+00,+728.65363E-06
+93.30000E-06,+1.35650124298E+00,+1.33426505430E+00,+1.36030145921E+00,+2.98996013E-03
+93.35000E-06,+1.36152636856E+00,+1.34934043102E+00,+1.35653261505E+00,+11.53267361E-03
+93.40000E-06,+1.34393842900E+00,+1.00511932923E+00,+1.32135673603E+00,+6.75880430E-03
+93.45000E-06,+1.36529521272E+00,+1.02396355011E+00,+1.33266326860E+00,+15.55277407E-03
+93.50000E-06,+1.35650124298E+00,+1.02145098727E+00,+1.36030145921E+00,+7.51257315E-03
+93.55000E-06,+1.36529521272E+00,+1.03652636409E+00,+1.34396980107E+00,+226.14107E-06
+93.60000E-06,+1.32760677095E+00,+1.32923992881E+00,+1.36030145921E+00,+4.49749783E-03
+93.65000E-06,+1.35901380572E+00,+1.36567208916E+00,+1.35402005222E+00,+3.49247269E-03
+93.70000E-06,+1.35901380582E+00,+1.35436555659E+00,+1.34020095691E+00,+11.53267361E-03
+93.75000E-06,+1.38162687086E+00,+1.35310927518E+00,+1.34020095691E+00,+12.28644244E-03
+93.80000E-06,+1.36403893130E+00,+1.00386304781E+00,+1.34020095691E+00,+7.26131687E-03
+93.85000E-06,+1.36529521272E+00,+1.01014445480E+00,+1.34020095691E+00,+12.78895501E-03
+93.90000E-06,+1.36529521272E+00,+1.02396355011E+00,+1.36030145921E+00,+5.75377921E-03
+93.95000E-06,+1.36152636856E+00,+1.04029520825E+00,+1.36030145921E+00,+3.49247269E-03
+94.00000E-06,+1.32886305237E+00,+1.29155148706E+00,+1.34522608258E+00,-6.55777842E-03
+94.05000E-06,+1.32383792680E+00,+1.34557158686E+00,+1.34648236390E+00,-527.62777E-06
+94.10000E-06,+1.36529521272E+00,+1.34557158686E+00,+1.36030145921E+00,+13.29146756E-03
+94.15000E-06,+1.36529521272E+00,+1.34934043102E+00,+1.35653261505E+00,+5.00001036E-03
+94.20000E-06,+1.34519471042E+00,+1.04280777099E+00,+1.34020095691E+00,+10.02513591E-03
+94.25000E-06,+1.35147611741E+00,+1.03024495710E+00,+1.35402005222E+00,+7.51257315E-03
+94.30000E-06,+1.33640074069E+00,+1.03527008267E+00,+1.36281402204E+00,+9.27136710E-03
+94.35000E-06,+1.36529521272E+00,+1.02396355011E+00,+1.34396980107E+00,+226.14107E-06
+94.40000E-06,+1.32509420812E+00,+1.34934043111E+00,+1.38291452434E+00,+4.74875411E-03
+94.45000E-06,+1.35147611741E+00,+1.34557158686E+00,+1.31256276630E+00,+3.49247269E-03
+94.50000E-06,+1.35398868015E+00,+1.36567208916E+00,+1.35150748948E+00,+7.01006059E-03
+94.55000E-06,+1.36906405687E+00,+1.34934043102E+00,+1.34020095691E+00,+10.77890478E-03
+94.60000E-06,+1.36278264988E+00,+1.06165199187E+00,+1.31884417320E+00,+21.83418101E-03
+94.65000E-06,+1.37911430802E+00,+1.03024495710E+00,+1.34020095691E+00,+10.27639221E-03
+94.70000E-06,+1.35650124298E+00,+1.02647611294E+00,+1.36281402204E+00,+3.49247269E-03
+94.75000E-06,+1.36906405687E+00,+1.02773239426E+00,+1.35653261505E+00,+6.75880432E-03
+94.80000E-06,+1.34896355467E+00,+1.36567208916E+00,+1.40050246380E+00,+16.55779921E-03
+94.85000E-06,+1.36529521272E+00,+1.35185299385E+00,+1.33391954992E+00,+3.24121643E-03
+94.90000E-06,+1.34519471042E+00,+1.35687811943E+00,+1.34020095691E+00,+7.51257315E-03
+94.95000E-06,+1.36529521272E+00,+1.36567208916E+00,+1.35653261505E+00,+8.26634198E-03
+95.00000E-06,+1.36278264988E+00,+1.07798364991E+00,+1.32010045461E+00,+21.83418101E-03
+95.05000E-06,+1.35147611741E+00,+1.02396355011E+00,+1.35402005222E+00,+15.55277407E-03
+95.10000E-06,+1.36529521272E+00,+1.02396355011E+00,+1.34899492664E+00,+7.51257315E-03
+95.15000E-06,+1.36906405687E+00,+1.03150123842E+00,+1.36030145921E+00,+226.14107E-06
+95.20000E-06,+1.32635048954E+00,+1.31039570794E+00,+1.36407030346E+00,-2.28642167E-03
+95.25000E-06,+1.34519471042E+00,+1.34557158686E+00,+1.32638186161E+00,+728.65363E-06
+95.30000E-06,+1.36529521272E+00,+1.35436555659E+00,+1.34899492664E+00,+32.13568848E-03
+95.35000E-06,+1.36906405687E+00,+1.34934043102E+00,+1.32763814293E+00,+15.55277407E-03
+95.40000E-06,+1.36403893130E+00,+1.02019470585E+00,+1.33894467549E+00,+14.79900522E-03
+95.45000E-06,+1.38539571501E+00,+1.01014445480E+00,+1.33266326860E+00,+15.55277407E-03
+95.50000E-06,+1.36529521272E+00,+1.02396355011E+00,+1.35402005231E+00,+7.01006059E-03
+95.55000E-06,+1.36152636856E+00,+1.02019470595E+00,+1.33643211275E+00,+2.73870386E-03
+95.60000E-06,+1.32760677096E+00,+1.34808414970E+00,+1.38165824292E+00,+12.78895503E-03
+95.65000E-06,+1.35901380572E+00,+1.37320977747E+00,+1.34648236390E+00,+728.65363E-06
+95.70000E-06,+1.36278264988E+00,+1.33677761713E+00,+1.37160799177E+00,+7.51257315E-03
+95.75000E-06,+1.34896355458E+00,+1.35310927518E+00,+1.35653261505E+00,+12.28644244E-03
+95.80000E-06,+1.36278264988E+00,+983.76254551E-03,+1.33894467549E+00,+14.54774894E-03
+95.85000E-06,+1.36529521272E+00,+1.01014445480E+00,+1.34020095691E+00,+11.53267361E-03
+95.90000E-06,+1.35398868015E+00,+1.03527008267E+00,+1.35778889637E+00,+5.25126664E-03
+95.95000E-06,,,,
