x-axis,1,2,3,4
second,Volt,Volt,Volt,Volt
+39.70000E-06,+1.35775752435E+00,+1.36567208916E+00,+1.34773864527E+00,+5.00001037E-03
+39.72500E-06,+1.33011933370E+00,+1.38074746588E+00,+1.35778889642E+00,+11.03016105E-03
+39.75000E-06,+1.36027008714E+00,+1.36315952637E+00,+1.35778889642E+00,+15.55277407E-03
+39.77500E-06,+1.36529521272E+00,+1.37069721473E+00,+1.35276377085E+00,+12.53769873E-03
+39.80000E-06,+1.34016958484E+00,+1.06667711749E+00,+1.35276377085E+00,+26.60805034E-03
+39.82500E-06,+1.34268214763E+00,+1.00637561060E+00,+1.34522608249E+00,-27.16079331E-03
+39.85000E-06,+1.36529521272E+00,+1.04155148962E+00,+1.37788939872E+00,+27.61307545E-03
+39.87500E-06,+1.35775752435E+00,+1.00386304781E+00,+1.33266326855E+00,-3.54270311E-03
+39.90000E-06,+1.36529521272E+00,+1.01140073617E+00,+1.35276377085E+00,+9.02011083E-03
+39.92500E-06,+1.36529521272E+00,+1.02145098732E+00,+1.34522608248E+00,+10.52764850E-03
+39.95000E-06,+1.36529521272E+00,+1.00637561060E+00,+1.36030145921E+00,+7.01006060E-03
+39.97500E-06,+1.35273239878E+00,+1.03652636404E+00,+1.37286427314E+00,+5.00001037E-03
+40.00000E-06,+1.32509420812E+00,+1.25763188931E+00,+1.33266326855E+00,-18.11556728E-03
+40.02500E-06,+1.38539571501E+00,+1.35059671244E+00,+1.34020095691E+00,+30.62815079E-03
+40.05000E-06,+1.34770727321E+00,+1.34305902407E+00,+1.34020095691E+00,+3.49247269E-03
+40.07500E-06,+1.35775752435E+00,+1.36567208916E+00,+1.34773864527E+00,+13.04021128E-03
+40.10000E-06,+1.34519471042E+00,+1.34557158686E+00,+1.34020095691E+00,+11.53267361E-03
+40.12500E-06,+1.34519471042E+00,+1.36315952637E+00,+1.36030145921E+00,+11.03016105E-03
+40.15000E-06,+1.34519471042E+00,+1.34808414965E+00,+1.34020095691E+00,+12.03518617E-03
+40.17500E-06,+1.35273239878E+00,+1.35310927522E+00,+1.36783914757E+00,+10.02513594E-03
+40.20000E-06,+1.34519471042E+00,+1.07170224306E+00,+1.36030145921E+00,+20.07538709E-03
+40.22500E-06,+1.36278264993E+00,+1.02396355011E+00,+1.36030145921E+00,-8.56782869E-03
+40.25000E-06,+1.36529521272E+00,+1.02396355011E+00,+1.38040196151E+00,+12.03518617E-03
+40.27500E-06,+1.37785802665E+00,+1.03150123847E+00,+1.36532658478E+00,+6.00503548E-03
+40.30000E-06,+1.36529521272E+00,+1.04406405240E+00,+1.35527633363E+00,+7.51257315E-03
+40.32500E-06,+1.34770727321E+00,+1.02145098732E+00,+1.34020095691E+00,+7.51257315E-03
+40.35000E-06,+1.36027008714E+00,+1.06165199191E+00,+1.34271351970E+00,+3.99498525E-03
+40.37500E-06,+1.33263189648E+00,+1.03652636404E+00,+1.35276377085E+00,+10.02513594E-03
+40.40000E-06,+1.34519471042E+00,+1.26265701489E+00,+1.32763814297E+00,-18.11556728E-03
+40.42500E-06,+1.36780777550E+00,+1.34557158686E+00,+1.36030145921E+00,+31.13066335E-03
+40.45000E-06,+1.36278264993E+00,+1.34305902407E+00,+1.34271351970E+00,-4.54772823E-03
+40.47500E-06,+1.38539571501E+00,+1.35813440080E+00,+1.34020095691E+00,+6.50754804E-03
+40.50000E-06,+1.33011933370E+00,+1.34557158686E+00,+1.36030145921E+00,+7.51257315E-03
+40.52500E-06,+1.34770727321E+00,+1.34808414965E+00,+1.32512558019E+00,+3.99498525E-03
+40.55000E-06,+1.36278264993E+00,+1.36315952637E+00,+1.34271351970E+00,+11.53267361E-03
+40.57500E-06,+1.36529521272E+00,+1.37069721473E+00,+1.34020095691E+00,+15.55277407E-03
+40.60000E-06,+1.35273239878E+00,+1.06416455470E+00,+1.35527633363E+00,+25.60302522E-03
+40.62500E-06,+1.34268214763E+00,+1.02396355011E+00,+1.32261301740E+00,-4.54772823E-03
+40.65000E-06,+1.38288315223E+00,+1.02396355011E+00,+1.34020095691E+00,+11.53267361E-03
+40.67500E-06,+1.35273239878E+00,+1.02898867568E+00,+1.35276377085E+00,+7.51257315E-03
+40.70000E-06,+1.34519471042E+00,+1.02396355011E+00,+1.35276377085E+00,+7.51257315E-03
+40.72500E-06,+1.36529521272E+00,+1.02396355011E+00,+1.34271351970E+00,+10.52764850E-03
+40.75000E-06,+1.36529521272E+00,+1.02647611289E+00,+1.34271351970E+00,+3.99498525E-03
+40.77500E-06,+1.36027008714E+00,+1.03150123847E+00,+1.34773864527E+00,-527.62777E-06
+40.80000E-06,+1.32760677091E+00,+1.26516957767E+00,+1.32763814297E+00,-15.60300449E-03
+40.82500E-06,+1.38288315223E+00,+1.34557158686E+00,+1.34271351970E+00,+31.13066335E-03
+40.85000E-06,+1.36780777550E+00,+1.32798364735E+00,+1.36030145921E+00,-4.54772823E-03
+40.87500E-06,+1.34519471042E+00,+1.36567208916E+00,+1.34271351970E+00,+9.02011083E-03
+40.90000E-06,+1.35775752436E+00,+1.36567208916E+00,+1.34773864527E+00,+10.52764850E-03
+40.92500E-06,+1.36278264993E+00,+1.34808414965E+00,+1.34271351970E+00,+7.51257315E-03
+40.95000E-06,+1.36278264993E+00,+1.36567208916E+00,+1.35527633363E+00,+5.00001037E-03
+40.97500E-06,+1.37785802665E+00,+1.35813440080E+00,+1.34020095691E+00,+10.02513594E-03
+41.00000E-06,+1.36529521272E+00,+1.03401380125E+00,+1.35527633363E+00,+24.09548755E-03
+41.02500E-06,+1.34268214763E+00,+1.00637561059E+00,+1.36281402199E+00,-9.07034124E-03
+41.05000E-06,+1.34770727321E+00,+1.02396355011E+00,+1.36030145921E+00,+15.05026151E-03
+41.07500E-06,+1.35775752435E+00,+1.02396355011E+00,+1.34020095691E+00,+4.49749781E-03
+41.10000E-06,+1.35775752436E+00,+1.00386304781E+00,+1.34773864527E+00,+9.02011082E-03
+41.12500E-06,+1.32760677091E+00,+1.04155148962E+00,+1.34020095691E+00,+8.01508571E-03
+41.15000E-06,+1.34770727321E+00,+1.02396355011E+00,+1.35778889642E+00,-25.11521E-06
+41.17500E-06,+1.34016958485E+00,+1.02396355011E+00,+1.36030145921E+00,+6.50754804E-03
+41.20000E-06,+1.34519471042E+00,+1.29029520555E+00,+1.34020095691E+00,-7.56280357E-03
+41.22500E-06,+1.35021983599E+00,+1.36567208916E+00,+1.36030145921E+00,+31.63317591E-03
+41.25000E-06,+1.34268214763E+00,+1.34557158686E+00,+1.34271351970E+00,-4.04521567E-03
+41.27500E-06,+1.36529521272E+00,+1.35813440080E+00,+1.36030145921E+00,+9.02011083E-03
+41.30000E-06,+1.35775752436E+00,+1.36567208916E+00,+1.36030145921E+00,+5.00001037E-03
+41.32500E-06,+1.35021983599E+00,+1.34808414965E+00,+1.34020095691E+00,+7.51257315E-03
+41.35000E-06,+1.36027008714E+00,+1.36818465195E+00,+1.36030145921E+00,+12.03518617E-03
+41.37500E-06,+1.35273239878E+00,+1.34557158686E+00,+1.36030145921E+00,+10.02513594E-03
+41.40000E-06,+1.35273239878E+00,+1.03903892683E+00,+1.33517583133E+00,+25.10051266E-03
+41.42500E-06,+1.32509420812E+00,+1.04155148962E+00,+1.34020095691E+00,-8.56782869E-03
+41.45000E-06,+1.34770727321E+00,+1.02396355011E+00,+1.35778889642E+00,+16.05528663E-03
+41.47500E-06,+1.35273239878E+00,+1.01140073617E+00,+1.34020095691E+00,+7.51257315E-03
+41.50000E-06,+1.34519471042E+00,+1.02396355011E+00,+1.36532658478E+00,+5.00001037E-03
+41.52500E-06,+1.32760677091E+00,+1.02145098732E+00,+1.34271351970E+00,+4.49749781E-03
+41.55000E-06,+1.38288315222E+00,+1.02647611289E+00,+1.37788939872E+00,+3.49247269E-03
+41.57500E-06,+1.35273239878E+00,+1.03150123847E+00,+1.34773864527E+00,+5.00001037E-03
+41.60000E-06,+1.34016958484E+00,+1.29029520555E+00,+1.33768839413E+00,-10.57787891E-03
+41.62500E-06,+1.36780777550E+00,+1.36315952637E+00,+1.36030145921E+00,+31.13066335E-03
+41.65000E-06,+1.36027008714E+00,+1.34808414965E+00,+1.37537683593E+00,-527.62777E-06
+41.67500E-06,+1.36027008714E+00,+1.36567208916E+00,+1.34522608248E+00,+10.52764850E-03
+41.70000E-06,+1.36529521272E+00,+1.33300877293E+00,+1.33266326855E+00,+10.02513594E-03
+41.72500E-06,+1.33011933369E+00,+1.34557158686E+00,+1.34020095691E+00,+4.49749781E-03
+41.75000E-06,+1.34770727321E+00,+1.36064696358E+00,+1.35778889642E+00,+15.05026151E-03
+41.77500E-06,+1.34519471042E+00,+1.35813440080E+00,+1.34773864527E+00,+12.53769873E-03
+41.80000E-06,+1.03363692481E+00,+1.04155148961E+00,+1.33517583133E+00,+35.15076381E-03
+41.82500E-06,+1.03866205039E+00,+1.02145098732E+00,+1.34020095691E+00,-23.64320541E-03
+41.85000E-06,+1.00851129694E+00,+1.04406405240E+00,+1.34271351970E+00,+19.07036197E-03
+41.87500E-06,+1.03614948760E+00,+1.01642586174E+00,+1.34020095691E+00,+3.49247269E-03
+41.90000E-06,+1.04368717596E+00,+1.03150123847E+00,+1.34020095691E+00,+6.50754804E-03
+41.92500E-06,+1.02107411088E+00,+1.00637561059E+00,+1.35778889642E+00,+3.99498525E-03
+41.95000E-06,+1.02107411087E+00,+1.04155148961E+00,+1.34522608249E+00,-3.54270311E-03
+41.97500E-06,+1.00348617136E+00,+1.01140073617E+00,+1.36030145921E+00,+3.49247269E-03
+42.00000E-06,+1.25725501287E+00,+1.26265701489E+00,+1.33768839413E+00,-42.73868259E-03
+42.02500E-06,+1.38288315223E+00,+1.36818465195E+00,+1.36281402199E+00,+70.82915539E-03
+42.05000E-06,+1.34770727321E+00,+1.36567208916E+00,+1.35778889642E+00,-9.57285380E-03
+42.07500E-06,+1.35775752435E+00,+1.36567208916E+00,+1.36030145921E+00,+13.04021128E-03
+42.10000E-06,+1.35775752436E+00,+1.34557158686E+00,+1.36030145921E+00,+9.02011082E-03
+42.12500E-06,+1.38288315223E+00,+1.38326002867E+00,+1.35778889642E+00,+11.53267361E-03
+42.15000E-06,+1.36780777550E+00,+1.36567208916E+00,+1.36281402200E+00,+12.53769873E-03
+42.17500E-06,+1.36529521272E+00,+1.35310927523E+00,+1.37286427314E+00,+13.04021128E-03
+42.20000E-06,+1.05876255268E+00,+1.06667711748E+00,+1.37537683593E+00,+37.66332660E-03
+42.22500E-06,+1.02107411088E+00,+1.02145098732E+00,+1.33768839413E+00,-20.62813006E-03
+42.25000E-06,+1.04368717596E+00,+1.06165199191E+00,+1.34020095691E+00,+20.07538709E-03
+42.27500E-06,+1.03614948760E+00,+1.02396355011E+00,+1.35276377085E+00,+477.39735E-06
+42.30000E-06,+1.02358667366E+00,+1.01642586175E+00,+1.36030145921E+00,+6.00503548E-03
+42.32500E-06,+1.02107411088E+00,+1.02145098732E+00,+1.34271351970E+00,+10.52764850E-03
+42.35000E-06,+1.04117461317E+00,+1.04155148961E+00,+1.34020095691E+00,-25.11521E-06
+42.37500E-06,+1.03112436203E+00,+1.03150123847E+00,+1.36030145921E+00,+1.98493502E-03
+42.40000E-06,+1.25474245009E+00,+1.26265701489E+00,+1.31758789183E+00,-44.24622026E-03
+42.42500E-06,+1.38288315223E+00,+1.38326002867E+00,+1.36030145921E+00,+57.76382890E-03
+42.45000E-06,+1.36278264993E+00,+1.34808414965E+00,+1.35527633363E+00,-16.60802960E-03
+42.47500E-06,+1.35273239878E+00,+1.35813440080E+00,+1.34773864527E+00,+10.52764850E-03
+42.50000E-06,+1.34519471042E+00,+1.34054646128E+00,+1.34773864527E+00,+11.53267361E-03
+42.52500E-06,+1.33011933369E+00,+1.34557158686E+00,+1.35778889642E+00,+11.03016106E-03
+42.55000E-06,+1.36529521272E+00,+1.34808414965E+00,+1.37788939872E+00,+12.03518617E-03
+42.57500E-06,+1.35775752435E+00,+1.35813440080E+00,+1.34773864527E+00,+11.53267361E-03
+42.60000E-06,+1.07132536662E+00,+1.08677761978E+00,+1.35276377085E+00,+44.19598984E-03
+42.62500E-06,+1.02358667366E+00,+1.02396355011E+00,+1.37788939872E+00,-24.64823052E-03
+42.65000E-06,+1.02358667366E+00,+1.04155148961E+00,+1.34271351970E+00,+16.05528663E-03
+42.67500E-06,+1.03614948760E+00,+1.02396355011E+00,+1.33517583134E+00,+1.98493502E-03
+42.70000E-06,+1.03614948760E+00,+1.02145098732E+00,+1.35276377085E+00,+2.48744758E-03
+42.72500E-06,+1.02358667366E+00,+1.00637561059E+00,+1.34020095691E+00,+7.51257315E-03
+42.75000E-06,+1.04117461317E+00,+1.02396355011E+00,+1.34271351970E+00,+3.49247269E-03
+42.77500E-06,+1.01102385973E+00,+1.03652636404E+00,+1.35276377084E+00,+7.51257315E-03
+42.80000E-06,+1.21705400828E+00,+1.25763188931E+00,+1.32010045461E+00,-55.80400908E-03
+42.82500E-06,+1.38539571501E+00,+1.38326002867E+00,+1.35778889642E+00,+61.78392936E-03
+42.85000E-06,+1.33011933370E+00,+1.34557158686E+00,+1.35778889642E+00,-13.09044170E-03
+42.87500E-06,+1.33263189648E+00,+1.34054646129E+00,+1.36532658478E+00,+8.01508571E-03
+42.90000E-06,+1.34519471042E+00,+1.33300877292E+00,+1.37286427315E+00,+10.02513594E-03
+42.92500E-06,+1.34519471042E+00,+1.38074746589E+00,+1.35778889642E+00,+15.05026151E-03
+42.95000E-06,+1.36278264993E+00,+1.34557158686E+00,+1.32512558019E+00,+22.08543732E-03
+42.97500E-06,+1.36529521272E+00,+1.35813440080E+00,+1.35276377084E+00,+15.55277407E-03
+43.00000E-06,+1.05373742710E+00,+1.07421480584E+00,+1.34020095691E+00,+47.21106519E-03
+43.02500E-06,+1.03866205039E+00,+1.02647611289E+00,+1.34020095691E+00,-24.14571797E-03
+43.05000E-06,+1.00851129694E+00,+1.04155148961E+00,+1.34020095691E+00,+15.55277407E-03
+43.07500E-06,+1.01604898530E+00,+1.04406405240E+00,+1.36532658478E+00,+6.00503548E-03
+43.10000E-06,+1.02358667366E+00,+1.01140073617E+00,+1.35276377085E+00,+10.02513594E-03
+43.12500E-06,+1.04117461317E+00,+1.02396355011E+00,+1.38040196151E+00,+3.49247269E-03
+43.15000E-06,+1.04619973875E+00,+1.04155148961E+00,+1.35778889642E+00,-527.62777E-06
+43.17500E-06,+1.04368717596E+00,+1.01140073617E+00,+1.32763814298E+00,+6.50754804E-03
+43.20000E-06,+1.23715451057E+00,+1.23753138702E+00,+1.32010045461E+00,-51.78390862E-03
+43.22500E-06,+1.38288315223E+00,+1.38577259146E+00,+1.37788939872E+00,+58.26634145E-03
+43.25000E-06,+1.34519471042E+00,+1.34557158686E+00,+1.34271351970E+00,-8.56782869E-03
+43.27500E-06,+1.35273239878E+00,+1.36567208916E+00,+1.33517583134E+00,+11.53267361E-03
+43.30000E-06,+1.35775752436E+00,+1.35310927522E+00,+1.33517583133E+00,+12.53769873E-03
+43.32500E-06,+1.33263189648E+00,+1.34808414965E+00,+1.34271351970E+00,+8.01508571E-03
+43.35000E-06,+1.34519471042E+00,+1.38326002867E+00,+1.37537683593E+00,+19.57287453E-03
+43.37500E-06,+1.35273239878E+00,+1.34557158686E+00,+1.36030145921E+00,+7.51257315E-03
+43.40000E-06,+1.10650124563E+00,+1.06667711748E+00,+1.36783914757E+00,+45.70352752E-03
+43.42500E-06,+1.04368717596E+00,+1.02145098732E+00,+1.34020095691E+00,-24.14571797E-03
+43.45000E-06,+1.04368717596E+00,+1.00637561060E+00,+1.38040196151E+00,+19.57287453E-03
+43.47500E-06,+1.03614948760E+00,+1.02396355011E+00,+1.35276377084E+00,+5.00001037E-03
+43.50000E-06,+1.03112436202E+00,+1.01893842453E+00,+1.34020095691E+00,+8.51759827E-03
+43.52500E-06,+1.02358667366E+00,+1.02396355011E+00,+1.34020095691E+00,+8.01508571E-03
+43.55000E-06,+1.00599873415E+00,+1.04406405240E+00,+1.32261301740E+00,+3.49247269E-03
+43.57500E-06,+1.03112436203E+00,+1.03150123847E+00,+1.31507532904E+00,+9.02011083E-03
+43.60000E-06,+1.26228013845E+00,+1.27521982883E+00,+1.34522608249E+00,-40.22611980E-03
+43.62500E-06,+1.36780777550E+00,+1.38326002867E+00,+1.36030145921E+00,+62.28644191E-03
+43.65000E-06,+1.32760677091E+00,+1.34305902407E+00,+1.36030145921E+00,-12.58792914E-03
+43.67500E-06,+1.36529521272E+00,+1.35813440080E+00,+1.37286427314E+00,+13.04021129E-03
+43.70000E-06,+1.35775752436E+00,+1.34557158686E+00,+1.37286427315E+00,+14.04523640E-03
+43.72500E-06,+1.35021983599E+00,+1.34808414965E+00,+1.36281402199E+00,+7.51257315E-03
+43.75000E-06,+1.38037058943E+00,+1.34808414965E+00,+1.36030145921E+00,+11.53267361E-03
+43.77500E-06,+1.34770727321E+00,+1.33300877293E+00,+1.37286427314E+00,+15.55277407E-03
+43.80000E-06,+1.06127511546E+00,+1.04155148960E+00,+1.34773864527E+00,+38.16583915E-03
+43.82500E-06,+1.02358667366E+00,+1.02647611289E+00,+1.33768839413E+00,-21.13064262E-03
+43.85000E-06,+1.01102385973E+00,+1.04406405240E+00,+1.36281402200E+00,+12.03518617E-03
+43.87500E-06,+1.04368717596E+00,+1.02396355011E+00,+1.36030145921E+00,+8.51759827E-03
+43.90000E-06,+1.03112436202E+00,+1.01140073617E+00,+1.33266326855E+00,+9.02011082E-03
+43.92500E-06,+1.04368717596E+00,+1.00637561059E+00,+1.36030145921E+00,+7.51257315E-03
+43.95000E-06,+1.00599873415E+00,+1.04155148961E+00,+1.36030145921E+00,-25.11521E-06
+43.97500E-06,+1.01102385973E+00,+1.03150123847E+00,+1.36030145921E+00,+3.49247269E-03
+44.00000E-06,+1.26479270123E+00,+1.29532033113E+00,+1.32512558019E+00,-40.22611980E-03
+44.02500E-06,+1.36529521272E+00,+1.36567208916E+00,+1.34271351970E+00,+58.76885401E-03
+44.05000E-06,+1.36529521272E+00,+1.34557158686E+00,+1.35778889642E+00,-9.07034124E-03
+44.07500E-06,+1.35273239878E+00,+1.36567208916E+00,+1.34020095691E+00,+10.52764850E-03
+44.10000E-06,+1.35021983600E+00,+1.34557158686E+00,+1.36030145921E+00,+6.50754804E-03
+44.12500E-06,+1.34519471042E+00,+1.32798364735E+00,+1.36030145921E+00,+15.05026151E-03
+44.15000E-06,+1.36529521272E+00,+1.35059671244E+00,+1.36030145921E+00,+22.58794987E-03
+44.17500E-06,+1.36529521272E+00,+1.33300877293E+00,+1.35276377084E+00,+12.53769873E-03
+44.20000E-06,+1.07132536662E+00,+1.07923993142E+00,+1.38040196151E+00,+45.20101496E-03
+44.22500E-06,+1.00599873415E+00,+1.02396355011E+00,+1.36030145921E+00,-21.13064262E-03
+44.25000E-06,+1.04368717596E+00,+1.02647611290E+00,+1.32512558019E+00,+19.07036197E-03
+44.27500E-06,+1.01102385973E+00,+1.04406405240E+00,+1.36030145921E+00,+6.00503548E-03
+44.30000E-06,+1.02358667366E+00,+1.03150123846E+00,+1.36030145921E+00,+7.51257315E-03
+44.32500E-06,+1.02358667366E+00,+1.00637561059E+00,+1.35778889642E+00,+3.99498525E-03
+44.35000E-06,+1.02358667366E+00,+1.02396355011E+00,+1.37788939872E+00,-4.04521567E-03
+44.37500E-06,+1.03112436203E+00,+1.02396355011E+00,+1.34020095691E+00,+2.48744758E-03
+44.40000E-06,+1.23715451057E+00,+1.26265701489E+00,+1.32763814297E+00,-46.75878305E-03
+44.42500E-06,+1.38539571501E+00,+1.38326002867E+00,+1.37537683594E+00,+58.76885401E-03
+44.45000E-06,+1.36278264993E+00,+1.36064696358E+00,+1.32010045461E+00,-12.08541659E-03
+44.47500E-06,+1.32509420812E+00,+1.33300877293E+00,+1.36532658478E+00,+10.52764850E-03
+44.50000E-06,+1.35775752436E+00,+1.35310927522E+00,+1.34773864527E+00,+13.04021128E-03
+44.52500E-06,+1.36780777550E+00,+1.34557158686E+00,+1.36030145921E+00,+11.03016106E-03
+44.55000E-06,+1.34770727321E+00,+1.36567208916E+00,+1.34271351970E+00,+22.58794987E-03
+44.57500E-06,+1.38539571501E+00,+1.35813440080E+00,+1.34020095691E+00,+14.04523640E-03
+44.60000E-06,+1.04871230152E+00,+1.05411430354E+00,+1.34773864527E+00,+38.16583915E-03
+44.62500E-06,+1.02358667366E+00,+1.02396355011E+00,+1.32261301740E+00,-28.16581843E-03
+44.65000E-06,+1.04368717596E+00,+1.04406405240E+00,+1.33768839412E+00,+19.57287453E-03
+44.67500E-06,+1.03614948759E+00,+1.03652636404E+00,+1.34020095691E+00,+2.48744758E-03
+44.70000E-06,+1.02358667366E+00,+1.00386304781E+00,+1.34020095691E+00,+3.49247269E-03
+44.72500E-06,+1.02609923645E+00,+988.78767108E-03,+1.36281402199E+00,+7.51257315E-03
+44.75000E-06,+1.00599873416E+00,+1.02647611290E+00,+1.35778889642E+00,-527.62777E-06
+44.77500E-06,+1.03614948759E+00,+1.01642586174E+00,+1.35276377084E+00,+1.98493502E-03
+44.80000E-06,+1.25474245009E+00,+1.25511932654E+00,+1.32512558019E+00,-41.73365747E-03
+44.82500E-06,+1.38539571501E+00,+1.36818465194E+00,+1.36030145921E+00,+58.26634146E-03
+44.85000E-06,+1.33011933370E+00,+1.34305902407E+00,+1.35778889642E+00,-12.58792914E-03
+44.87500E-06,+1.35775752435E+00,+1.35813440079E+00,+1.34773864528E+00,+9.02011083E-03
+44.90000E-06,+1.36529521272E+00,+1.34557158686E+00,+1.35276377085E+00,+14.04523640E-03
+44.92500E-06,+1.34519471042E+00,+1.36567208916E+00,+1.34522608248E+00,+10.52764850E-03
+44.95000E-06,+1.36027008714E+00,+1.34557158686E+00,+1.35778889642E+00,+22.58794987E-03
+44.97500E-06,+1.36529521272E+00,+1.34557158686E+00,+1.35527633364E+00,+18.06533686E-03
+45.00000E-06,+1.06881280381E+00,+1.07421480584E+00,+1.35527633363E+00,+35.65327636E-03
+45.02500E-06,+1.02358667366E+00,+1.00637561059E+00,+1.34271351969E+00,-20.62813006E-03
+45.05000E-06,+1.04368717596E+00,+1.02145098732E+00,+1.34020095691E+00,+15.55277407E-03
+45.07500E-06,+1.03614948759E+00,+1.02647611290E+00,+1.35276377084E+00,+1.98493502E-03
+45.10000E-06,+1.02861179924E+00,+1.03150123846E+00,+1.34773864527E+00,+10.02513594E-03
+45.12500E-06,+1.02358667366E+00,+1.02647611289E+00,+1.37286427315E+00,+7.51257315E-03
+45.15000E-06,+1.04368717596E+00,+1.02396355011E+00,+1.34020095691E+00,+7.01006059E-03
+45.17500E-06,+1.02358667366E+00,+1.03150123847E+00,+1.34020095691E+00,+10.02513594E-03
+45.20000E-06,+1.26228013845E+00,+1.25763188931E+00,+1.35276377085E+00,-41.73365747E-03
+45.22500E-06,+1.38539571501E+00,+1.36818465194E+00,+1.34271351969E+00,+66.30654237E-03
+45.25000E-06,+1.36529521272E+00,+1.32547108456E+00,+1.34522608249E+00,-12.58792914E-03
+45.27500E-06,+1.36529521272E+00,+1.34054646129E+00,+1.36030145921E+00,+9.02011083E-03
+45.30000E-06,+1.37032033830E+00,+1.35310927522E+00,+1.36783914757E+00,+27.11056289E-03
+45.32500E-06,+1.35021983599E+00,+1.34557158686E+00,+1.32261301740E+00,+3.99498525E-03
+45.35000E-06,+1.36529521272E+00,+1.32798364736E+00,+1.34271351970E+00,+26.60805033E-03
+45.37500E-06,+1.33263189649E+00,+1.34557158686E+00,+1.35276377084E+00,+15.55277407E-03
+45.40000E-06,+1.06127511545E+00,+1.07923993142E+00,+1.34773864527E+00,+39.67337682E-03
+45.42500E-06,+1.02609923645E+00,+1.04155148962E+00,+1.34020095691E+00,-20.62813006E-03
+45.45000E-06,+1.02609923645E+00,+1.04657661519E+00,+1.32261301740E+00,+16.55779919E-03
+45.47500E-06,+1.01604898530E+00,+1.03652636404E+00,+1.35276377084E+00,+3.49247269E-03
+45.50000E-06,+1.02358667366E+00,+1.02396355011E+00,+1.34773864527E+00,+7.51257315E-03
+45.52500E-06,+1.04117461318E+00,+1.02396355011E+00,+1.36030145921E+00,+10.52764850E-03
+45.55000E-06,+1.04117461317E+00,+1.04155148961E+00,+1.37537683592E+00,+6.50754804E-03
+45.57500E-06,+1.03866205039E+00,+1.01893842454E+00,+1.36030145921E+00,+3.49247269E-03
+45.60000E-06,+1.24469219893E+00,+1.25260676373E+00,+1.30753764067E+00,-52.78893374E-03
+45.62500E-06,+1.38288315223E+00,+1.38577259146E+00,+1.35778889642E+00,+60.27639168E-03
+45.65000E-06,+1.34770727321E+00,+1.34305902407E+00,+1.35778889642E+00,-9.57285380E-03
+45.67500E-06,+1.35775752435E+00,+1.34557158686E+00,+1.32763814298E+00,+9.02011083E-03
+45.70000E-06,+1.36529521272E+00,+1.35310927522E+00,+1.33266326855E+00,+9.02011082E-03
+45.72500E-06,+1.32760677090E+00,+1.34557158686E+00,+1.34271351969E+00,+11.03016106E-03
+45.75000E-06,+1.34519471042E+00,+1.36567208916E+00,+1.37788939871E+00,+8.51759827E-03
+45.77500E-06,+1.36529521272E+00,+1.35813440079E+00,+1.36030145921E+00,+14.04523640E-03
+45.80000E-06,+1.07886305497E+00,+1.05411430354E+00,+1.36281402198E+00,+49.72362797E-03
+45.82500E-06,+1.02358667366E+00,+1.02396355011E+00,+1.36030145921E+00,-21.13064262E-03
+45.85000E-06,+1.05876255267E+00,+1.02647611290E+00,+1.36030145921E+00,+16.05528663E-03
+45.87500E-06,+1.03614948759E+00,+1.01642586174E+00,+1.34773864528E+00,+7.51257315E-03
+45.90000E-06,+1.01856154808E+00,+1.04406405240E+00,+1.34020095691E+00,+6.00503548E-03
+45.92500E-06,+1.02609923645E+00,+1.00888817338E+00,+1.35778889642E+00,+7.01006060E-03
+45.95000E-06,+1.02609923645E+00,+1.02647611290E+00,+1.32261301740E+00,+2.98996014E-03
+45.97500E-06,+998.46104580E-03,+1.02396355011E+00,+1.33266326855E+00,+7.51257315E-03
+46.00000E-06,+1.22961682222E+00,+1.25763188932E+00,+1.33768839414E+00,-47.76380816E-03
+46.02500E-06,+1.37032033828E+00,+1.36567208916E+00,+1.37537683594E+00,+52.23619076E-03
+46.05000E-06,+1.36278264992E+00,+1.34557158686E+00,+1.34271351970E+00,-13.09044170E-03
+46.07500E-06,+1.36529521272E+00,+1.36567208916E+00,+1.37286427314E+00,+15.55277407E-03
+46.10000E-06,+1.36529521272E+00,+1.34054646128E+00,+1.37286427315E+00,+14.04523640E-03
+46.12500E-06,+1.36529521272E+00,+1.34557158686E+00,+1.33768839413E+00,+8.01508571E-03
+46.15000E-06,+1.38037058943E+00,+1.36315952637E+00,+1.35778889642E+00,+18.56784941E-03
+46.17500E-06,+1.34016958485E+00,+1.34557158686E+00,+1.36030145921E+00,+13.04021129E-03
+46.20000E-06,+1.04117461315E+00,+1.06165199189E+00,+1.36030145921E+00,+39.67337682E-03
+46.22500E-06,+1.04117461318E+00,+1.02145098732E+00,+1.34020095691E+00,-20.62813006E-03
+46.25000E-06,+1.00851129695E+00,+1.06416455470E+00,+1.34020095691E+00,+16.05528663E-03
+46.27500E-06,+1.03614948759E+00,+1.03150123847E+00,+1.34020095691E+00,+6.50754804E-03
+46.30000E-06,+1.01102385972E+00,+1.02396355011E+00,+1.35276377085E+00,-527.62777E-06
+46.32500E-06,+1.02358667366E+00,+1.02647611289E+00,+1.34271351969E+00,+3.49247269E-03
+46.35000E-06,+1.04368717596E+00,+1.00637561060E+00,+1.37788939871E+00,+2.98996014E-03
+46.37500E-06,+1.01856154810E+00,+1.03150123847E+00,+1.34773864528E+00,+979.90991E-06
+46.40000E-06,+1.22961682222E+00,+1.25009420096E+00,+1.31256276626E+00,-47.76380816E-03
+46.42500E-06,+1.38288315223E+00,+1.38577259146E+00,+1.34020095691E+00,+59.27136657E-03
+46.45000E-06,+1.34770727321E+00,+1.34557158686E+00,+1.35778889642E+00,-12.58792914E-03
+46.47500E-06,+1.36027008715E+00,+1.35310927523E+00,+1.34020095691E+00,+17.06031174E-03
+46.50000E-06,+1.34519471042E+00,+1.35813440080E+00,+1.34020095691E+00,+13.04021128E-03
+46.52500E-06,+1.34519471042E+00,+1.34305902408E+00,+1.34020095691E+00,+12.03518617E-03
+46.55000E-06,+1.34519471042E+00,+1.36567208916E+00,+1.36030145921E+00,+15.55277407E-03
+46.57500E-06,+1.35775752435E+00,+1.36567208916E+00,+1.36030145921E+00,+7.51257315E-03
+46.60000E-06,+1.08640074333E+00,+1.08426505700E+00,+1.35527633363E+00,+49.72362797E-03
+46.62500E-06,+1.05876255269E+00,+1.02647611289E+00,+1.38040196151E+00,-20.62813006E-03
+46.65000E-06,+1.02609923645E+00,+1.04406405240E+00,+1.34271351970E+00,+15.55277407E-03
+46.67500E-06,+1.03614948759E+00,+1.01642586174E+00,+1.34020095691E+00,+3.49247269E-03
+46.70000E-06,+1.04368717596E+00,+1.02396355011E+00,+1.35276377085E+00,+10.02513594E-03
+46.72500E-06,+1.02358667366E+00,+1.00888817337E+00,+1.35778889643E+00,+7.01006060E-03
+46.75000E-06,+1.02358667366E+00,+1.02396355011E+00,+1.34020095691E+00,+2.98996014E-03
+46.77500E-06,+1.01102385973E+00,+1.02898867567E+00,+1.33266326855E+00,+5.00001037E-03
+46.80000E-06,+1.22459169663E+00,+1.25009420096E+00,+1.34020095691E+00,-48.26632072E-03
+46.82500E-06,+1.38539571501E+00,+1.36818465194E+00,+1.37788939872E+00,+55.25126611E-03
+46.85000E-06,+1.36278264992E+00,+1.34557158686E+00,+1.36030145921E+00,-12.58792914E-03
+46.87500E-06,+1.36529521272E+00,+1.34557158686E+00,+1.36030145921E+00,+9.02011083E-03
+46.90000E-06,+1.35775752436E+00,+1.33300877292E+00,+1.36030145921E+00,+10.02513594E-03
+46.92500E-06,+1.37032033828E+00,+1.36567208916E+00,+1.33768839413E+00,+8.01508571E-03
+46.95000E-06,+1.36278264992E+00,+1.36315952637E+00,+1.36030145921E+00,+19.57287453E-03
+46.97500E-06,+1.37283290108E+00,+1.34557158686E+00,+1.34020095691E+00,+18.06533686E-03
+47.00000E-06,+1.07132536661E+00,+1.06667711747E+00,+1.36783914757E+00,+44.19598984E-03
+47.02500E-06,+1.00599873415E+00,+1.02647611289E+00,+1.34271351969E+00,-18.11556727E-03
+47.05000E-06,+1.02609923645E+00,+1.04657661519E+00,+1.34020095691E+00,+12.03518617E-03
+47.07500E-06,+1.03614948759E+00,+1.03150123847E+00,+1.37286427314E+00,+6.00503548E-03
+47.10000E-06,+1.02358667366E+00,+1.02396355011E+00,+1.35276377085E+00,+3.99498525E-03
+47.12500E-06,+1.04368717596E+00,+1.02647611289E+00,+1.34271351969E+00,+3.49247269E-03
+47.15000E-06,+1.00599873416E+00,+1.02396355011E+00,+1.35778889642E+00,+2.98996013E-03
+47.17500E-06,+1.02358667366E+00,+1.01642586174E+00,+1.37286427314E+00,+3.49247269E-03
+47.20000E-06,+1.25474245010E+00,+1.27521982884E+00,+1.33768839414E+00,-44.24622026E-03
+47.22500E-06,+1.38539571501E+00,+1.34808414964E+00,+1.34020095691E+00,+58.76885401E-03
+47.25000E-06,+1.36780777551E+00,+1.36064696358E+00,+1.35778889642E+00,-9.07034124E-03
+47.27500E-06,+1.33263189649E+00,+1.34557158686E+00,+1.33517583135E+00,+10.02513594E-03
+47.30000E-06,+1.36529521272E+00,+1.31793339621E+00,+1.34020095691E+00,+13.04021128E-03
+47.32500E-06,+1.36529521272E+00,+1.36567208916E+00,+1.36030145921E+00,+11.03016106E-03
+47.35000E-06,+1.34268214763E+00,+1.34808414965E+00,+1.33768839412E+00,+23.59297499E-03
+47.37500E-06,+1.37283290108E+00,+1.37069721472E+00,+1.34020095691E+00,+10.02513594E-03
+47.40000E-06,+1.04619973873E+00,+1.07923993141E+00,+1.36783914756E+00,+38.66835171E-03
+47.42500E-06,+1.02358667366E+00,+1.02396355011E+00,+1.34271351969E+00,-20.62813006E-03
+47.45000E-06,+1.04368717596E+00,+1.02647611290E+00,+1.36030145921E+00,+19.07036197E-03
+47.47500E-06,+1.02358667366E+00,+1.03150123847E+00,+1.34773864528E+00,+10.02513594E-03
+47.50000E-06,+1.03614948760E+00,+1.03150123846E+00,+1.34773864527E+00,+6.00503548E-03
+47.52500E-06,+1.00348617136E+00,+1.02396355011E+00,+1.35778889643E+00,+11.53267361E-03
+47.55000E-06,+1.03866205038E+00,+1.04406405240E+00,+1.34522608249E+00,-527.62777E-06
+47.57500E-06,+1.02358667366E+00,+1.03652636404E+00,+1.34020095691E+00,+979.90991E-06
+47.60000E-06,+1.20951631992E+00,+1.25009420096E+00,+1.32010045461E+00,-51.78390862E-03
+47.62500E-06,+1.40047109175E+00,+1.38577259146E+00,+1.34020095691E+00,+54.74875355E-03
+47.65000E-06,+1.34519471042E+00,+1.34305902407E+00,+1.36030145921E+00,-12.58792914E-03
+47.67500E-06,+1.35273239878E+00,+1.35813440079E+00,+1.34020095691E+00,+7.51257315E-03
+47.70000E-06,+1.35775752436E+00,+1.36567208916E+00,+1.34773864527E+00,+5.00001036E-03
+47.72500E-06,+1.36278264993E+00,+1.36315952638E+00,+1.35778889643E+00,+12.03518617E-03
+47.75000E-06,+1.36027008713E+00,+1.36315952637E+00,+1.35778889642E+00,+15.55277407E-03
+47.77500E-06,+1.36027008715E+00,+1.35310927523E+00,+1.36030145921E+00,+14.04523640E-03
+47.80000E-06,+1.05876255267E+00,+1.04657661518E+00,+1.35527633362E+00,+39.17086427E-03
+47.82500E-06,+1.04117461318E+00,+1.00637561059E+00,+1.33768839413E+00,-20.62813006E-03
+47.85000E-06,+1.02609923645E+00,+1.04657661520E+00,+1.35778889642E+00,+12.03518617E-03
+47.87500E-06,+1.03614948759E+00,+1.03150123847E+00,+1.34020095691E+00,+5.00001037E-03
+47.90000E-06,+1.01102385972E+00,+1.03652636405E+00,+1.35276377085E+00,+4.49749781E-03
+47.92500E-06,+1.04117461318E+00,+1.00386304781E+00,+1.34522608248E+00,+7.01006060E-03
+47.95000E-06,+1.04368717596E+00,+1.04406405240E+00,+1.34020095691E+00,-1.53265288E-03
+47.97500E-06,+1.02358667366E+00,+1.04406405240E+00,+1.36030145921E+00,+1.98493502E-03
+48.00000E-06,+1.25725501287E+00,+1.25009420096E+00,+1.34522608250E+00,-48.76883328E-03
+48.02500E-06,+1.38539571501E+00,+1.38577259146E+00,+1.34020095691E+00,+60.27639168E-03
+48.05000E-06,+1.36529521272E+00,+1.36315952637E+00,+1.34020095691E+00,-13.09044170E-03
+48.07500E-06,+1.37785802665E+00,+1.36567208916E+00,+1.34773864528E+00,+11.53267361E-03
+48.10000E-06,+1.35021983600E+00,+1.33803389851E+00,+1.34020095691E+00,+11.53267361E-03
+48.12500E-06,+1.34519471042E+00,+1.34808414964E+00,+1.34020095691E+00,+7.51257315E-03
+48.15000E-06,+1.36278264992E+00,+1.36567208916E+00,+1.34020095691E+00,+12.53769873E-03
+48.17500E-06,+1.36529521272E+00,+1.32547108456E+00,+1.34773864528E+00,+10.02513594E-03
+48.20000E-06,+1.05373742709E+00,+1.03401380123E+00,+1.34271351968E+00,+35.15076381E-03
+48.22500E-06,+1.05876255269E+00,+1.02647611289E+00,+1.36030145921E+00,-24.64823052E-03
+48.25000E-06,+1.02609923645E+00,+1.05913942912E+00,+1.36030145921E+00,+22.08543732E-03
+48.27500E-06,+1.03614948759E+00,+1.03652636404E+00,+1.34773864528E+00,+8.51759827E-03
+48.30000E-06,+1.03112436202E+00,+1.02396355011E+00,+1.35276377085E+00,+7.51257315E-03
+48.32500E-06,+1.02609923644E+00,+1.02396355011E+00,+1.34020095691E+00,+7.01006060E-03
+48.35000E-06,+1.02358667366E+00,+1.02396355011E+00,+1.36030145921E+00,-25.11521E-06
+48.37500E-06,+1.03614948759E+00,+1.03652636404E+00,+1.33266326854E+00,+3.49247269E-03
+48.40000E-06,+1.26228013846E+00,+1.28275751720E+00,+1.33266326855E+00,-38.21606956E-03
+48.42500E-06,+1.38790827779E+00,+1.36818465194E+00,+1.34020095691E+00,+65.80402982E-03
+48.45000E-06,+1.34268214763E+00,+1.34305902407E+00,+1.36030145921E+00,-12.58792914E-03
+48.47500E-06,+1.35273239879E+00,+1.35813440079E+00,+1.33768839411E+00,+9.02011083E-03
+48.50000E-06,+1.35775752436E+00,+1.34557158686E+00,+1.36030145921E+00,+9.02011082E-03
+48.52500E-06,+1.36529521272E+00,+1.36567208916E+00,+1.36030145921E+00,+15.05026152E-03
+48.55000E-06,+1.36027008713E+00,+1.36315952637E+00,+1.36281402200E+00,+16.05528663E-03
+48.57500E-06,+1.34519471042E+00,+1.37320977753E+00,+1.34773864528E+00,+17.06031175E-03
+48.60000E-06,+1.05373742709E+00,+1.05160174076E+00,+1.35527633362E+00,+39.17086427E-03
+48.62500E-06,+1.04117461318E+00,+1.02647611289E+00,+1.32512558018E+00,-21.13064262E-03
+48.65000E-06,+1.04368717596E+00,+1.04908917799E+00,+1.32512558020E+00,+15.55277407E-03
+48.67500E-06,+1.02358667366E+00,+1.01140073618E+00,+1.34773864528E+00,+9.02011083E-03
+48.70000E-06,+1.02358667366E+00,+1.04908917799E+00,+1.35276377085E+00,+7.51257315E-03
+48.72500E-06,+1.02861179923E+00,+1.00637561059E+00,+1.35527633364E+00,+10.52764850E-03
+48.75000E-06,+1.00599873416E+00,+1.00637561060E+00,+1.34020095691E+00,+2.98996013E-03
+48.77500E-06,+1.03112436203E+00,+1.04406405240E+00,+1.36030145921E+00,-527.62777E-06
+48.80000E-06,+1.22961682222E+00,+1.25763188932E+00,+1.32512558020E+00,-49.27134583E-03
+48.82500E-06,+1.38539571501E+00,+1.36818465194E+00,+1.34271351969E+00,+59.77387913E-03
+48.85000E-06,+1.34770727321E+00,+1.33049621015E+00,+1.34020095691E+00,-12.08541659E-03
+48.87500E-06,+1.35273239879E+00,+1.36064696360E+00,+1.34773864528E+00,+6.50754804E-03
+48.90000E-06,+1.36529521272E+00,+1.34557158686E+00,+1.32763814297E+00,+9.02011082E-03
+48.92500E-06,+1.34770727320E+00,+1.34808414964E+00,+1.34020095691E+00,+11.03016106E-03
+48.95000E-06,+1.34519471042E+00,+1.34557158686E+00,+1.35778889642E+00,+16.55779919E-03
+48.97500E-06,+1.35775752435E+00,+1.35310927523E+00,+1.36783914758E+00,+12.53769872E-03
+49.00000E-06,+1.05876255267E+00,+1.05411430353E+00,+1.35527633362E+00,+42.68845217E-03
+49.02500E-06,+1.02358667366E+00,+1.02647611289E+00,+1.36030145921E+00,-28.16581843E-03
+49.05000E-06,+1.02609923645E+00,+1.05913942911E+00,+1.34522608250E+00,+15.55277407E-03
+49.07500E-06,+1.03614948759E+00,+1.01642586174E+00,+1.34020095691E+00,+6.00503548E-03
+49.10000E-06,+1.02358667366E+00,+1.03652636405E+00,+1.35276377085E+00,+7.51257315E-03
+49.12500E-06,+1.00599873415E+00,+1.04155148962E+00,+1.34271351969E+00,+3.49247269E-03
+49.15000E-06,+1.04619973875E+00,+1.02396355011E+00,+1.34020095691E+00,+3.49247269E-03
+49.17500E-06,+1.01856154810E+00,+1.02396355011E+00,+1.34020095691E+00,+979.90991E-06
+49.20000E-06,+1.21705400828E+00,+1.25009420096E+00,+1.32763814297E+00,-50.77888350E-03
+49.22500E-06,+1.38539571501E+00,+1.36818465194E+00,+1.34271351969E+00,+62.78895447E-03
+49.25000E-06,+1.34770727321E+00,+1.34557158686E+00,+1.35778889642E+00,-12.58792914E-03
+49.27500E-06,+1.34519471042E+00,+1.34557158686E+00,+1.36030145921E+00,+5.00001037E-03
+49.30000E-06,+1.35775752436E+00,+1.34808414963E+00,+1.34522608250E+00,+11.53267361E-03
+49.32500E-06,+1.34770727320E+00,+1.36064696360E+00,+1.35527633365E+00,+12.53769872E-03
+49.35000E-06,+1.36278264992E+00,+1.34557158686E+00,+1.36281402200E+00,+16.05528663E-03
+49.37500E-06,+1.37785802665E+00,+1.35813440079E+00,+1.36030145921E+00,+12.53769872E-03
+49.40000E-06,+1.34016958483E+00,+1.05160174076E+00,+1.35276377085E+00,+22.58794987E-03
+49.42500E-06,+1.36027008715E+00,+1.02396355011E+00,+1.34271351969E+00,-13.59295426E-03
+49.45000E-06,+1.36278264992E+00,+1.02647611290E+00,+1.35778889641E+00,+12.03518617E-03
+49.47500E-06,+1.34519471042E+00,+1.03652636404E+00,+1.36030145921E+00,+9.02011083E-03
+49.50000E-06,+1.34519471042E+00,+1.01642586175E+00,+1.36030145921E+00,+7.51257315E-03
+49.52500E-06,+1.36529521272E+00,+1.02647611289E+00,+1.32261301739E+00,+7.01006060E-03
+49.55000E-06,+1.36780777551E+00,+1.04406405240E+00,+1.34271351970E+00,+3.99498525E-03
+49.57500E-06,+1.35273239879E+00,+1.01893842454E+00,+1.37286427314E+00,+3.49247269E-03
+49.60000E-06,+1.33263189648E+00,+1.26516957767E+00,+1.33266326856E+00,-15.60300449E-03
+49.62500E-06,+1.38037058945E+00,+1.36315952638E+00,+1.34020095691E+00,+31.13066335E-03
+49.65000E-06,+1.34770727321E+00,+1.34557158686E+00,+1.35778889641E+00,-4.54772823E-03
+49.67500E-06,+1.36529521272E+00,+1.35310927523E+00,+1.34271351972E+00,+8.01508571E-03
+49.70000E-06,+1.35273239877E+00,+1.35813440080E+00,+1.34773864527E+00,+5.00001036E-03
+49.72500E-06,+1.34770727320E+00,+1.36315952638E+00,+1.34271351969E+00,+7.51257315E-03
+49.75000E-06,+1.36278264992E+00,+1.34557158686E+00,+1.36030145921E+00,+8.51759827E-03
+49.77500E-06,+1.35273239879E+00,+1.35813440079E+00,+1.34773864528E+00,+7.51257315E-03
+49.80000E-06,+1.06630024103E+00,+1.07923993141E+00,+1.36783914756E+00,+42.68845217E-03
+49.82500E-06,+1.02358667366E+00,+1.02145098732E+00,+1.35778889643E+00,-20.62813006E-03
+49.85000E-06,+1.04117461317E+00,+1.04155148961E+00,+1.36030145921E+00,+15.55277407E-03
+49.87500E-06,+1.05624998989E+00,+1.01642586174E+00,+1.35276377084E+00,+8.51759827E-03
+49.90000E-06,+1.04871230155E+00,+1.01642586175E+00,+1.34773864527E+00,+9.02011082E-03
+49.92500E-06,+1.00599873415E+00,+1.03903892684E+00,+1.34020095691E+00,+5.00001036E-03
+49.95000E-06,+1.04117461317E+00,+1.04155148961E+00,+1.32261301741E+00,+3.49247269E-03
+49.97500E-06,+1.01856154810E+00,+1.01140073618E+00,+1.34020095691E+00,-1.53265288E-03
+50.00000E-06,+1.23212938499E+00,+1.24506907538E+00,+1.32010045461E+00,-50.27637095E-03
+50.02500E-06,+1.38288315223E+00,+1.38828515424E+00,+1.37537683594E+00,+54.74875355E-03
+50.05000E-06,+1.34519471042E+00,+1.34557158686E+00,+1.34522608250E+00,-12.58792914E-03
+50.07500E-06,+1.34016958486E+00,+1.36567208916E+00,+1.38040196151E+00,+9.02011083E-03
+50.10000E-06,+1.35775752436E+00,+1.36567208916E+00,+1.36030145921E+00,+11.53267361E-03
+50.12500E-06,+1.38539571501E+00,+1.38326002868E+00,+1.35778889643E+00,+11.53267361E-03
+50.15000E-06,+1.36529521272E+00,+1.36064696357E+00,+1.34020095691E+00,+15.55277407E-03
+50.17500E-06,+1.37283290108E+00,+1.33803389849E+00,+1.34773864528E+00,+16.55779918E-03
+50.20000E-06,+1.33263189648E+00,+1.05160174076E+00,+1.35276377085E+00,+22.58794987E-03
+50.22500E-06,+1.34519471042E+00,+1.02396355011E+00,+1.34020095691E+00,-8.56782869E-03
+50.25000E-06,+1.36529521272E+00,+1.02898867569E+00,+1.36030145921E+00,+11.53267361E-03
+50.27500E-06,+1.35775752435E+00,+1.01642586174E+00,+1.36030145921E+00,+13.04021129E-03
+50.30000E-06,+1.34519471042E+00,+1.01642586175E+00,+1.36030145921E+00,+10.02513594E-03
+50.32500E-06,+1.34770727320E+00,+1.02396355011E+00,+1.36281402199E+00,+7.01006060E-03
+50.35000E-06,+1.36529521272E+00,+1.04155148961E+00,+1.34020095691E+00,+477.39735E-06
+50.37500E-06,+1.35273239879E+00,+1.03150123847E+00,+1.32763814298E+00,+3.49247269E-03
+50.40000E-06,+1.33263189648E+00,+1.25763188932E+00,+1.35276377085E+00,-18.11556727E-03
+50.42500E-06,+1.40047109175E+00,+1.38326002868E+00,+1.34020095691E+00,+31.13066335E-03
+50.45000E-06,+1.33011933371E+00,+1.36567208916E+00,+1.37537683592E+00,-25.11521E-06
+50.47500E-06,+1.35273239879E+00,+1.39079771702E+00,+1.34020095691E+00,+9.02011083E-03
+50.50000E-06,+1.35273239877E+00,+1.34557158686E+00,+1.36030145921E+00,+13.04021128E-03
+50.52500E-06,+1.36780777550E+00,+1.35059671242E+00,+1.34522608247E+00,+14.54774896E-03
+50.55000E-06,+1.38037058943E+00,+1.34557158686E+00,+1.36030145921E+00,+12.03518617E-03
+50.57500E-06,+1.37283290108E+00,+1.36567208916E+00,+1.34271351972E+00,+7.51257315E-03
+50.60000E-06,+1.07383792938E+00,+1.07923993141E+00,+1.34773864527E+00,+49.72362797E-03
+50.62500E-06,+1.00599873415E+00,+1.02647611289E+00,+1.37537683594E+00,-24.14571797E-03
+50.65000E-06,+1.06127511546E+00,+1.04406405240E+00,+1.36030145921E+00,+19.07036197E-03
+50.67500E-06,+1.03614948759E+00,+1.02396355011E+00,+1.34773864528E+00,+6.00503548E-03
+50.70000E-06,+1.02358667366E+00,+1.01642586175E+00,+1.34773864527E+00,+10.02513594E-03
+50.72500E-06,+1.04368717596E+00,+1.04155148962E+00,+1.34020095691E+00,+3.49247269E-03
+50.75000E-06,+1.04117461317E+00,+1.02396355011E+00,+1.34271351970E+00,+7.51257315E-03
+50.77500E-06,+1.03112436203E+00,+1.02396355011E+00,+1.34773864528E+00,-527.62777E-06
+50.80000E-06,+1.25474245011E+00,+1.26265701491E+00,+1.34020095691E+00,-43.24119514E-03
+50.82500E-06,+1.38288315223E+00,+1.38326002868E+00,+1.35778889643E+00,+58.76885401E-03
+50.85000E-06,+1.34519471042E+00,+1.34305902407E+00,+1.33768839412E+00,-13.09044170E-03
+50.87500E-06,+1.35273239879E+00,+1.35310927523E+00,+1.36532658477E+00,+14.54774896E-03
+50.90000E-06,+1.35273239877E+00,+1.33300877292E+00,+1.39296477545E+00,+11.53267361E-03
+50.92500E-06,+1.34770727320E+00,+1.36567208916E+00,+1.34271351969E+00,+8.51759826E-03
+50.95000E-06,+1.34770727321E+00,+1.34808414966E+00,+1.36030145921E+00,+15.55277407E-03
+50.97500E-06,+1.35775752435E+00,+1.35310927523E+00,+1.36030145921E+00,+17.06031175E-03
+51.00000E-06,+1.36529521272E+00,+1.04657661517E+00,+1.34020095691E+00,+21.58292476E-03
+51.02500E-06,+1.34268214764E+00,+1.04406405240E+00,+1.34020095691E+00,-9.07034124E-03
+51.05000E-06,+1.34770727321E+00,+1.02396355011E+00,+1.35778889641E+00,+8.01508571E-03
+51.07500E-06,+1.36529521272E+00,+1.03150123847E+00,+1.37286427314E+00,+7.51257315E-03
+51.10000E-06,+1.37785802666E+00,+1.02396355011E+00,+1.35276377085E+00,+3.49247269E-03
+51.12500E-06,+1.33011933368E+00,+1.00637561059E+00,+1.32261301739E+00,-25.11521E-06
+51.15000E-06,+1.36529521272E+00,+1.02145098731E+00,+1.34020095691E+00,+477.39735E-06
+51.17500E-06,+1.36529521272E+00,+1.01140073618E+00,+1.35276377084E+00,+9.02011083E-03
+51.20000E-06,+1.34519471042E+00,+1.29029520556E+00,+1.34522608250E+00,-12.08541658E-03
+51.22500E-06,+1.38288315223E+00,+1.36567208916E+00,+1.35778889643E+00,+35.65327637E-03
+51.25000E-06,+1.34519471042E+00,+1.34557158686E+00,+1.34020095691E+00,-25.11521E-06
+51.27500E-06,+1.35775752435E+00,+1.35813440079E+00,+1.35527633365E+00,+13.04021129E-03
+51.30000E-06,+1.35021983601E+00,+1.35813440081E+00,+1.34020095691E+00,+11.53267361E-03
+51.32500E-06,+1.35021983598E+00,+1.34808414964E+00,+1.34271351969E+00,+7.51257315E-03
+51.35000E-06,+1.36529521272E+00,+1.34557158686E+00,+1.34271351971E+00,+7.51257315E-03
+51.37500E-06,+1.36529521272E+00,+1.34557158686E+00,+1.37286427314E+00,+14.04523640E-03
+51.40000E-06,+1.35273239877E+00,+1.00637561057E+00,+1.34271351968E+00,+16.05528662E-03
+51.42500E-06,+1.34268214764E+00,+1.02145098733E+00,+1.37788939873E+00,-5.55275334E-03
+51.45000E-06,+1.34770727321E+00,+1.00637561060E+00,+1.36281402200E+00,+15.55277407E-03
+51.47500E-06,+1.35775752435E+00,+1.01140073618E+00,+1.36783914758E+00,+10.02513594E-03
+51.50000E-06,+1.35775752436E+00,+1.03150123846E+00,+1.34773864527E+00,+7.51257315E-03
+51.52500E-06,+1.36278264994E+00,+1.02396355011E+00,+1.34020095691E+00,+11.53267361E-03
+51.55000E-06,+1.36529521272E+00,+1.02396355011E+00,+1.35276377082E+00,+10.52764849E-03
+51.57500E-06,+1.34519471042E+00,+1.04406405240E+00,+1.36532658477E+00,-527.62777E-06
+51.60000E-06,+1.34268214765E+00,+1.29029520556E+00,+1.35276377085E+00,-16.10551704E-03
+51.62500E-06,+1.38288315223E+00,+1.36567208916E+00,+1.35778889643E+00,+35.15076381E-03
+51.65000E-06,+1.36529521272E+00,+1.34557158686E+00,+1.32261301741E+00,-4.04521567E-03
+51.67500E-06,+1.34519471042E+00,+1.35310927523E+00,+1.36030145921E+00,+9.02011083E-03
+51.70000E-06,+1.36529521272E+00,+1.35310927522E+00,+1.36030145921E+00,+3.49247269E-03
+51.72500E-06,+1.34770727320E+00,+1.34808414964E+00,+1.32512558017E+00,+8.01508571E-03
+51.75000E-06,+1.36278264992E+00,+1.36567208916E+00,+1.36030145921E+00,+11.03016105E-03
+51.77500E-06,+1.36529521272E+00,+1.35310927523E+00,+1.33266326854E+00,+16.55779918E-03
+51.80000E-06,+1.03363692478E+00,+1.04657661517E+00,+1.34020095691E+00,+35.15076380E-03
+51.82500E-06,+1.02609923644E+00,+1.00386304781E+00,+1.34020095691E+00,-19.62310495E-03
+51.85000E-06,+1.02609923646E+00,+1.02647611290E+00,+1.32261301741E+00,+19.57287453E-03
+51.87500E-06,+1.01604898529E+00,+1.03150123847E+00,+1.35276377084E+00,+1.98493502E-03
+51.90000E-06,+1.03112436202E+00,+1.02898867570E+00,+1.32763814297E+00,+2.98996014E-03
+51.92500E-06,+1.02107411088E+00,+1.00386304781E+00,+1.34271351969E+00,-4.04521567E-03
+51.95000E-06,+1.02358667366E+00,+1.00386304781E+00,+1.35778889641E+00,-25.11521E-06
+51.97500E-06,+1.03614948759E+00,+1.03652636403E+00,+1.36030145921E+00,+979.90991E-06
+52.00000E-06,+1.26981782682E+00,+1.27521982885E+00,+1.34522608250E+00,-39.22109468E-03
+52.02500E-06,+1.40298365453E+00,+1.36567208916E+00,+1.35778889643E+00,+59.27136657E-03
+52.05000E-06,+1.36278264992E+00,+1.36315952636E+00,+1.34271351971E+00,-13.09044170E-03
+52.07500E-06,+1.35273239879E+00,+1.36567208916E+00,+1.34773864528E+00,+14.54774896E-03
+52.10000E-06,+1.35775752436E+00,+1.33803389851E+00,+1.34773864526E+00,+9.02011082E-03
+52.12500E-06,+1.36278264994E+00,+1.34557158686E+00,+1.34271351969E+00,+15.55277407E-03
+52.15000E-06,+1.36529521272E+00,+1.34557158686E+00,+1.34020095691E+00,+16.05528663E-03
+52.17500E-06,+1.36529521272E+00,+1.35813440079E+00,+1.35276377084E+00,+14.04523640E-03
+52.20000E-06,+1.07383792937E+00,+1.05160174076E+00,+1.36281402197E+00,+43.19096472E-03
+52.22500E-06,+1.00599873414E+00,+1.02145098733E+00,+1.37537683595E+00,-24.64823052E-03
+52.25000E-06,+1.04117461316E+00,+1.05913942911E+00,+1.34271351971E+00,+15.55277407E-03
+52.27500E-06,+1.02358667366E+00,+1.02898867566E+00,+1.34773864528E+00,+8.51759826E-03
+52.30000E-06,+1.02358667366E+00,+1.02396355011E+00,+1.34773864526E+00,+5.00001036E-03
+52.32500E-06,+1.04368717596E+00,+1.02396355011E+00,+1.36030145921E+00,+4.49749781E-03
+52.35000E-06,+1.04117461316E+00,+1.06165199191E+00,+1.36030145921E+00,-25.11521E-06
+52.37500E-06,+1.03112436203E+00,+1.03150123847E+00,+1.33266326854E+00,+979.90991E-06
+52.40000E-06,+1.28238064076E+00,+1.27773239162E+00,+1.33266326856E+00,-36.20601934E-03
+52.42500E-06,+1.38539571501E+00,+1.38577259146E+00,+1.36030145921E+00,+62.78895447E-03
+52.45000E-06,+1.34519471042E+00,+1.36315952636E+00,+1.34271351971E+00,-13.59295426E-03
+52.47500E-06,+1.36529521272E+00,+1.35813440079E+00,+1.34020095691E+00,+9.02011083E-03
+52.50000E-06,+1.35775752436E+00,+1.37572234034E+00,+1.36030145921E+00,+10.02513594E-03
+52.52500E-06,+1.36780777550E+00,+1.36567208916E+00,+1.35778889643E+00,+7.51257315E-03
+52.55000E-06,+1.36278264992E+00,+1.34557158686E+00,+1.34020095691E+00,+23.09046243E-03
+52.57500E-06,+1.34519471042E+00,+1.35813440079E+00,+1.33266326854E+00,+9.02011083E-03
+52.60000E-06,+1.04619973872E+00,+1.05160174076E+00,+1.35276377085E+00,+46.70855263E-03
+52.62500E-06,+1.02107411088E+00,+1.04155148962E+00,+1.35778889643E+00,-24.64823052E-03
+52.65000E-06,+1.02609923646E+00,+1.04155148961E+00,+1.34271351971E+00,+15.55277407E-03
+52.67500E-06,+1.03614948759E+00,+1.03652636403E+00,+1.37286427314E+00,+6.00503548E-03
+52.70000E-06,+1.03614948761E+00,+1.02396355011E+00,+1.37286427315E+00,+5.00001036E-03
+52.72500E-06,+1.02358667366E+00,+1.02396355011E+00,+1.36030145921E+00,+4.49749780E-03
+52.75000E-06,+1.03866205037E+00,+1.04155148961E+00,+1.37537683592E+00,-3.54270311E-03
+52.77500E-06,+1.04368717596E+00,+1.02396355011E+00,+1.33517583135E+00,+5.00001037E-03
+52.80000E-06,+1.25725501288E+00,+1.25763188932E+00,+1.31256276626E+00,-47.76380816E-03
+52.82500E-06,+1.38288315223E+00,+1.38577259146E+00,+1.34020095691E+00,+65.80402982E-03
+52.85000E-06,+1.34770727321E+00,+1.34305902407E+00,+1.36030145921E+00,-8.56782869E-03
+52.87500E-06,+1.34519471042E+00,+1.35310927523E+00,+1.32763814298E+00,+10.52764850E-03
+52.90000E-06,+1.33765702207E+00,+1.35813440081E+00,+1.32763814297E+00,+9.02011082E-03
+52.92500E-06,+1.36529521272E+00,+1.34557158686E+00,+1.32512558017E+00,+11.53267361E-03
+52.95000E-06,+1.34770727321E+00,+1.38326002866E+00,+1.34020095691E+00,+12.03518617E-03
+52.97500E-06,+1.35775752435E+00,+1.34557158686E+00,+1.34773864528E+00,+17.06031175E-03
+53.00000E-06,+1.07886305496E+00,+1.06416455470E+00,+1.35527633362E+00,+42.68845217E-03
+53.02500E-06,+1.00348617136E+00,+1.02396355011E+00,+1.36030145921E+00,-25.15074308E-03
+53.05000E-06,+1.02861179925E+00,+1.04406405240E+00,+1.34271351971E+00,+11.53267361E-03
+53.07500E-06,+1.02861179922E+00,+1.03652636403E+00,+1.36030145921E+00,+10.02513594E-03
+53.10000E-06,+1.02358667366E+00,+1.02396355011E+00,+1.36030145921E+00,+10.02513594E-03
+53.12500E-06,+1.00599873414E+00,+1.00888817337E+00,+1.34020095691E+00,+3.49247269E-03
+53.15000E-06,+1.04368717596E+00,+1.04155148961E+00,+1.34020095691E+00,-4.04521567E-03
+53.17500E-06,+1.01856154810E+00,+1.04406405240E+00,+1.35276377084E+00,-527.62777E-06
+53.20000E-06,+1.24469219893E+00,+1.27019470326E+00,+1.32010045461E+00,-47.76380816E-03
+53.22500E-06,+1.38539571501E+00,+1.38326002868E+00,+1.33768839413E+00,+66.30654238E-03
+53.25000E-06,+1.36278264992E+00,+1.34557158686E+00,+1.35778889641E+00,-9.07034124E-03
+53.27500E-06,+1.38288315220E+00,+1.35813440079E+00,+1.34773864528E+00,+5.00001037E-03
+53.30000E-06,+1.34519471042E+00,+1.35813440081E+00,+1.36030145921E+00,+11.53267361E-03
+53.32500E-06,+1.40298365453E+00,+1.36567208916E+00,+1.37537683595E+00,+8.01508571E-03
+53.35000E-06,+1.38037058942E+00,+1.34808414966E+00,+1.36030145921E+00,+22.58794987E-03
+53.37500E-06,+1.36529521272E+00,+1.36567208916E+00,+1.33266326854E+00,+14.04523640E-03
+53.40000E-06,+1.04619973872E+00,+1.05913942911E+00,+1.36030145921E+00,+38.66835171E-03
+53.42500E-06,+1.00599873414E+00,+1.02396355011E+00,+1.34020095691E+00,-25.65325563E-03
+53.45000E-06,+1.02609923646E+00,+1.02647611290E+00,+1.34020095691E+00,+20.07538709E-03
+53.47500E-06,+1.03112436203E+00,+1.03150123848E+00,+1.34773864528E+00,+9.02011083E-03
+53.50000E-06,+1.03614948761E+00,+1.03652636405E+00,+1.37286427315E+00,+2.48744758E-03
+53.52500E-06,+1.02609923644E+00,+1.02647611288E+00,+1.36281402199E+00,+7.51257315E-03
+53.55000E-06,+1.04117461316E+00,+1.04155148961E+00,+1.36030145921E+00,-3.54270311E-03
+53.57500E-06,+1.03866205040E+00,+1.03652636403E+00,+1.36030145921E+00,+1.98493502E-03
+53.60000E-06,+1.24971732452E+00,+1.25009420097E+00,+1.33266326856E+00,-48.26632071E-03
+53.62500E-06,+1.38790827779E+00,+1.38577259146E+00,+1.34020095691E+00,+63.29146703E-03
+53.65000E-06,+1.34770727321E+00,+1.34808414966E+00,+1.33768839412E+00,-8.56782869E-03
+53.67500E-06,+1.36529521272E+00,+1.34557158686E+00,+1.33517583135E+00,+13.04021129E-03
+53.70000E-06,+1.36529521272E+00,+1.33300877292E+00,+1.34020095691E+00,+9.02011082E-03
+53.72500E-06,+1.36529521272E+00,+1.36567208916E+00,+1.36281402199E+00,+10.52764850E-03
+53.75000E-06,+1.34770727321E+00,+1.36567208916E+00,+1.37788939871E+00,+16.05528663E-03
+53.77500E-06,+1.38539571501E+00,+1.35813440079E+00,+1.36030145921E+00,+12.53769872E-03
+53.80000E-06,+1.04117461313E+00,+1.04657661516E+00,+1.36783914756E+00,+32.63820101E-03
+53.82500E-06,+1.04117461318E+00,+1.02647611288E+00,+1.36030145921E+00,-21.13064262E-03
+53.85000E-06,+1.06378767826E+00,+1.04657661520E+00,+1.36281402200E+00,+18.56784941E-03
+53.87500E-06,+1.03614948759E+00,+1.05662686633E+00,+1.33517583135E+00,+1.98493502E-03
+53.90000E-06,+1.02358667366E+00,+1.02396355011E+00,+1.34020095691E+00,+9.02011082E-03
+53.92500E-06,+1.00097360859E+00,+1.02145098733E+00,+1.36030145921E+00,+4.49749780E-03
+53.95000E-06,+1.04117461316E+00,+1.04155148961E+00,+1.34271351971E+00,-527.62777E-06
+53.97500E-06,+1.01102385974E+00,+1.05160174077E+00,+1.35276377084E+00,+3.49247269E-03
+54.00000E-06,+1.26228013847E+00,+1.28275751721E+00,+1.34020095691E+00,-34.19596910E-03
+54.02500E-06,+1.38539571501E+00,+1.40084796820E+00,+1.36030145921E+00,+55.75377867E-03
+54.05000E-06,+1.38037058942E+00,+1.34557158686E+00,+1.35778889641E+00,-12.58792914E-03
+54.07500E-06,+1.37283290109E+00,+1.35310927523E+00,+1.36030145921E+00,+6.50754804E-03
+54.10000E-06,+1.34016958483E+00,+1.35310927521E+00,+1.37286427315E+00,+10.02513594E-03
+54.12500E-06,+1.36780777549E+00,+1.37823490312E+00,+1.35778889643E+00,+12.53769872E-03
+54.15000E-06,+1.38037058942E+00,+1.35059671245E+00,+1.34522608250E+00,+19.57287453E-03
+54.17500E-06,+1.38539571501E+00,+1.35813440079E+00,+1.35276377084E+00,+15.55277407E-03
+54.20000E-06,+1.05373742707E+00,+1.07170224305E+00,+1.36030145921E+00,+44.19598984E-03
+54.22500E-06,+1.00851129692E+00,+1.01893842455E+00,+1.34020095691E+00,-20.62813006E-03
+54.25000E-06,+1.00851129696E+00,+1.04406405240E+00,+1.35778889641E+00,+16.05528663E-03
+54.27500E-06,+1.02358667366E+00,+1.02898867566E+00,+1.33266326854E+00,+7.51257315E-03
+54.30000E-06,+1.03614948761E+00,+1.03652636405E+00,+1.37788939875E+00,+4.49749781E-03
+54.32500E-06,+1.02358667366E+00,+1.02396355011E+00,+1.34271351969E+00,+7.51257315E-03
+54.35000E-06,+1.04117461316E+00,+1.04406405240E+00,+1.35778889641E+00,+477.39735E-06
+54.37500E-06,+1.01604898529E+00,+1.02898867566E+00,+1.34020095691E+00,+3.49247269E-03
+54.40000E-06,+1.24971732452E+00,+1.25009420097E+00,+1.32512558021E+00,-49.27134583E-03
+54.42500E-06,+1.38288315224E+00,+1.38577259146E+00,+1.37788939873E+00,+58.76885401E-03
+54.45000E-06,+1.36529521272E+00,+1.36064696357E+00,+1.34271351971E+00,-13.09044170E-03
+54.47500E-06,+1.37283290109E+00,+1.35310927523E+00,+1.32763814298E+00,+13.04021129E-03
+54.50000E-06,+1.34770727318E+00,+1.35059671245E+00,+1.34020095691E+00,+11.53267361E-03
+54.52500E-06,+1.36780777549E+00,+1.34557158686E+00,+1.35778889643E+00,+15.55277407E-03
+54.55000E-06,+1.36529521272E+00,+1.38074746586E+00,+1.35778889641E+00,+19.07036197E-03
+54.57500E-06,+1.35273239879E+00,+1.33300877294E+00,+1.35276377084E+00,+11.53267361E-03
+54.60000E-06,+1.07383792937E+00,+1.05411430352E+00,+1.37537683591E+00,+47.21106518E-03
+54.62500E-06,+1.06127511548E+00,+1.00888817336E+00,+1.36030145921E+00,-24.14571797E-03
+54.65000E-06,+1.04368717596E+00,+1.06416455470E+00,+1.35778889641E+00,+22.58794987E-03
+54.67500E-06,+1.03614948759E+00,+1.01642586174E+00,+1.34773864528E+00,+1.98493502E-03
+54.70000E-06,+1.02358667366E+00,+1.03150123846E+00,+1.36030145921E+00,+11.53267361E-03
+54.72500E-06,+1.02609923644E+00,+1.00637561059E+00,+1.34020095691E+00,+7.01006060E-03
+54.75000E-06,+1.02609923646E+00,+1.04406405240E+00,+1.34020095691E+00,+3.49247269E-03
+54.77500E-06,+1.02358667366E+00,+1.01893842455E+00,+1.34020095691E+00,+6.00503548E-03
+54.80000E-06,+1.26981782682E+00,+1.26516957767E+00,+1.32010045461E+00,-43.24119513E-03
+54.82500E-06,+1.36529521272E+00,+1.38326002868E+00,+1.38040196151E+00,+55.75377867E-03
+54.85000E-06,+1.36529521272E+00,+1.34808414966E+00,+1.36281402200E+00,-9.07034124E-03
+54.87500E-06,+1.35775752435E+00,+1.35813440079E+00,+1.37286427313E+00,+11.53267361E-03
+54.90000E-06,+1.35775752436E+00,+1.35310927521E+00,+1.36030145921E+00,+13.04021128E-03
+54.92500E-06,+1.36780777549E+00,+1.34808414964E+00,+1.35778889643E+00,+11.53267361E-03
+54.95000E-06,+1.36278264992E+00,+1.36315952636E+00,+1.34271351971E+00,+15.05026151E-03
+54.97500E-06,+1.37283290109E+00,+1.35813440079E+00,+1.34773864528E+00,+14.04523640E-03
+55.00000E-06,+1.06127511542E+00,+1.05411430351E+00,+1.35276377086E+00,+51.23116564E-03
+55.02500E-06,+1.02358667366E+00,+1.02396355011E+00,+1.34020095691E+00,-27.66330587E-03
+55.05000E-06,+1.02358667366E+00,+1.04406405240E+00,+1.36030145921E+00,+22.58794987E-03
+55.07500E-06,+1.03614948759E+00,+1.02396355011E+00,+1.35276377084E+00,+7.51257315E-03
+55.10000E-06,+1.02358667366E+00,+1.00386304781E+00,+1.36030145921E+00,+3.49247269E-03
+55.12500E-06,+1.02358667366E+00,+1.02145098733E+00,+1.35778889643E+00,+3.99498525E-03
+55.15000E-06,+1.04117461316E+00,+1.02396355011E+00,+1.34020095691E+00,-3.54270311E-03
+55.17500E-06,+1.01856154811E+00,+1.03150123848E+00,+1.36030145921E+00,+3.49247269E-03
+55.20000E-06,+1.25474245012E+00,+1.26768214051E+00,+1.33768839415E+00,-40.22611979E-03
+55.22500E-06,+1.38288315224E+00,+1.34808414964E+00,+1.34271351969E+00,+59.27136657E-03
+55.25000E-06,+1.36529521272E+00,+1.36315952636E+00,+1.34020095691E+00,-9.07034124E-03
+55.27500E-06,+1.36529521272E+00,+1.36567208916E+00,+1.35276377084E+00,+13.04021129E-03
+55.30000E-06,+1.36529521272E+00,+1.34054646127E+00,+1.35276377086E+00,+8.01508570E-03
+55.32500E-06,+1.34770727320E+00,+1.34808414964E+00,+1.36030145921E+00,+12.03518617E-03
+55.35000E-06,+1.34519471042E+00,+1.34808414966E+00,+1.34271351971E+00,+19.07036197E-03
+55.37500E-06,+1.34519471042E+00,+1.34557158686E+00,+1.34773864528E+00,+10.52764850E-03
+55.40000E-06,+1.06630024101E+00,+1.35813440081E+00,+1.35527633361E+00,+33.14071358E-03
+55.42500E-06,+1.04368717596E+00,+1.36315952638E+00,+1.37788939873E+00,-16.60802960E-03
+55.45000E-06,+1.02107411087E+00,+1.34808414966E+00,+1.32512558021E+00,+11.53267361E-03
+55.47500E-06,+1.04871230151E+00,+1.35059671242E+00,+1.35527633365E+00,+2.98996013E-03
+55.50000E-06,+1.02358667366E+00,+1.35310927521E+00,+1.34020095691E+00,+2.48744757E-03
+55.52500E-06,+1.02609923644E+00,+1.36567208916E+00,+1.35778889643E+00,+4.49749780E-03
+55.55000E-06,+1.02358667366E+00,+1.34808414966E+00,+1.32010045461E+00,+4.49749781E-03
+55.57500E-06,+1.03112436203E+00,+1.35813440079E+00,+1.34773864528E+00,+5.00001037E-03
+55.60000E-06,+1.24469219893E+00,+1.31290827062E+00,+1.34020095691E+00,-28.66833098E-03
+55.62500E-06,+1.34770727320E+00,+1.38326002868E+00,+1.35778889643E+00,+31.63317591E-03
+55.65000E-06,+1.36278264992E+00,+1.34557158686E+00,+1.35778889641E+00,+2.48744757E-03
+55.67500E-06,+1.36529521272E+00,+1.35813440079E+00,+1.35276377084E+00,+11.53267361E-03
+55.70000E-06,+1.35775752436E+00,+1.35310927521E+00,+1.36030145921E+00,+7.51257315E-03
+55.72500E-06,+1.34770727320E+00,+1.34808414964E+00,+1.33768839413E+00,+10.52764850E-03
+55.75000E-06,+1.38288315222E+00,+1.34808414966E+00,+1.34271351971E+00,+11.53267361E-03
+55.77500E-06,+1.37283290109E+00,+1.37823490309E+00,+1.34773864528E+00,+14.04523640E-03
+55.80000E-06,+1.35273239877E+00,+1.35813440081E+00,+1.34522608250E+00,+9.02011082E-03
+55.82500E-06,+1.35021983597E+00,+1.34305902408E+00,+1.34020095691E+00,+2.48744758E-03
+55.85000E-06,+1.33011933372E+00,+1.34808414966E+00,+1.35778889641E+00,+8.01508571E-03
+55.87500E-06,+1.35021983597E+00,+1.34557158686E+00,+1.34271351973E+00,+10.02513594E-03
+55.90000E-06,+1.38539571501E+00,+1.33803389851E+00,+1.35778889645E+00,+3.49247269E-03
+55.92500E-06,+1.36529521272E+00,+1.34557158686E+00,+1.34271351969E+00,+4.49749780E-03
+55.95000E-06,+1.34770727322E+00,+1.34808414966E+00,+1.34020095691E+00,+11.53267361E-03
+55.97500E-06,+1.35273239879E+00,+1.36567208916E+00,+1.35276377084E+00,+6.00503548E-03
+56.00000E-06,+1.36529521272E+00,+1.36567208916E+00,+1.36030145921E+00,+6.50754803E-03
+56.02500E-06,+1.36278264994E+00,+1.34557158686E+00,+1.35778889643E+00,+12.03518617E-03
+56.05000E-06,+1.35021983601E+00,+1.34808414966E+00,+1.36030145921E+00,+8.01508571E-03
+56.07500E-06,+1.37785802664E+00,+1.35813440079E+00,+1.34773864528E+00,+11.53267361E-03
+56.10000E-06,+1.35775752436E+00,+1.34557158686E+00,+1.34020095691E+00,+5.00001036E-03
+56.12500E-06,+1.34770727320E+00,+1.34557158686E+00,+1.32512558017E+00,+10.52764850E-03
+56.15000E-06,+1.32760677092E+00,+1.34305902406E+00,+1.34271351971E+00,+11.53267361E-03
+56.17500E-06,+1.35775752434E+00,+1.34557158686E+00,+1.37286427313E+00,+13.04021129E-03
+56.20000E-06,+1.04117461312E+00,+1.37823490311E+00,+1.35527633361E+00,+26.60805033E-03
+56.22500E-06,+1.05624998993E+00,+1.34305902409E+00,+1.37788939873E+00,-11.58290403E-03
+56.25000E-06,+1.02358667366E+00,+1.34808414966E+00,+1.34271351971E+00,+15.55277407E-03
+56.27500E-06,+1.03112436203E+00,+1.35813440079E+00,+1.34773864528E+00,+3.49247269E-03
+56.30000E-06,+1.03112436201E+00,+1.33803389851E+00,+1.34020095691E+00,+9.02011082E-03
+56.32500E-06,+1.00599873414E+00,+1.36567208916E+00,+1.37537683595E+00,+12.03518617E-03
+56.35000E-06,+1.02358667366E+00,+1.34557158686E+00,+1.34020095691E+00,+3.99498525E-03
+56.37500E-06,+1.03614948759E+00,+1.34557158686E+00,+1.32763814299E+00,+10.02513594E-03
+56.40000E-06,+1.26479270123E+00,+1.33049621016E+00,+1.32763814296E+00,-23.64320540E-03
+56.42500E-06,+1.36529521272E+00,+1.38326002868E+00,+1.36030145921E+00,+38.16583916E-03
+56.45000E-06,+1.34519471042E+00,+1.34305902406E+00,+1.35778889641E+00,-12.08541659E-03
+56.47500E-06,+1.35273239879E+00,+1.34557158686E+00,+1.36030145921E+00,+14.04523640E-03
+56.50000E-06,+1.35775752436E+00,+1.35813440081E+00,+1.00603010621E+00,+11.53267361E-03
+56.52500E-06,+1.36278264994E+00,+1.34557158686E+00,+1.05628136197E+00,-2.03516543E-03
+56.55000E-06,+1.38288315222E+00,+1.32798364736E+00,+1.03869342245E+00,+15.05026151E-03
+56.57500E-06,+1.36529521272E+00,+1.34557158686E+00,+1.02613060853E+00,+12.53769872E-03
+56.60000E-06,+1.36529521272E+00,+1.04657661516E+00,+998.49241786E-03,+28.11558800E-03
+56.62500E-06,+1.34268214764E+00,+1.02647611288E+00,+1.02110548293E+00,-5.05024078E-03
+56.65000E-06,+1.34770727322E+00,+1.02647611290E+00,+1.01608035736E+00,+11.53267361E-03
+56.67500E-06,+1.34519471042E+00,+1.02396355011E+00,+1.01105523178E+00,+7.51257315E-03
+56.70000E-06,+1.37283290107E+00,+1.03150123846E+00,+1.01859292015E+00,+7.51257315E-03
+56.72500E-06,+1.38288315224E+00,+1.02396355011E+00,+1.02110548293E+00,+11.53267361E-03
+56.75000E-06,+1.38288315222E+00,+1.02396355011E+00,+1.03618085965E+00,+477.39735E-06
+56.77500E-06,+1.34016958487E+00,+1.03150123848E+00,+1.02613060853E+00,+6.00503548E-03
+56.80000E-06,+1.35273239877E+00,+1.26516957767E+00,+1.00351754345E+00,-11.58290403E-03
+56.82500E-06,+1.36529521272E+00,+1.36567208916E+00,+1.03869342245E+00,+31.13066335E-03
+56.85000E-06,+1.34519471042E+00,+1.34305902406E+00,+1.32010045461E+00,+12.03518617E-03
+56.87500E-06,+1.34016958487E+00,+1.34557158686E+00,+1.33266326854E+00,-5.55275334E-03
+56.90000E-06,+1.35775752436E+00,+1.35310927521E+00,+1.36030145921E+00,-527.62777E-06
+56.92500E-06,+1.36780777549E+00,+1.34557158686E+00,+1.34271351969E+00,+3.49247269E-03
+56.95000E-06,+1.36278264992E+00,+1.34808414966E+00,+1.34020095691E+00,+16.05528663E-03
+56.97500E-06,+1.36529521272E+00,+1.33300877294E+00,+1.35527633366E+00,+10.52764850E-03
+57.00000E-06,+1.36529521272E+00,+1.03401380121E+00,+1.36783914756E+00,+13.54272383E-03
+57.02500E-06,+1.34770727320E+00,+1.00637561058E+00,+1.37788939873E+00,-8.56782869E-03
+57.05000E-06,+1.32760677092E+00,+1.00386304781E+00,+1.35778889641E+00,+16.05528663E-03
+57.07500E-06,+1.38539571501E+00,+1.02396355011E+00,+1.34773864528E+00,+8.51759826E-03
+57.10000E-06,+1.36529521272E+00,+1.02396355011E+00,+1.36030145921E+00,+6.00503548E-03
+57.12500E-06,+1.36529521272E+00,+1.02647611288E+00,+1.34020095691E+00,+7.51257315E-03
+57.15000E-06,+1.36278264992E+00,+1.05913942910E+00,+1.32261301741E+00,+3.99498525E-03
+57.17500E-06,+1.36529521272E+00,+1.04406405240E+00,+1.35276377084E+00,+11.53267361E-03
+57.20000E-06,+1.32509420812E+00,+1.25763188932E+00,+1.33266326856E+00,-17.11054215E-03
+57.22500E-06,+1.36780777549E+00,+1.36567208916E+00,+1.36030145921E+00,+27.61307545E-03
+57.25000E-06,+1.36529521272E+00,+1.34557158686E+00,+1.34020095691E+00,-527.62777E-06
+57.27500E-06,+1.35273239879E+00,+1.35310927523E+00,+1.35276377084E+00,+10.52764850E-03
+57.30000E-06,+1.37283290107E+00,+1.33803389851E+00,+1.36030145921E+00,+9.02011082E-03
+57.32500E-06,+1.34770727319E+00,+1.34305902409E+00,+1.34271351969E+00,+7.51257315E-03
+57.35000E-06,+1.36027008712E+00,+1.34557158686E+00,+1.36030145921E+00,+11.53267361E-03
+57.37500E-06,+1.37283290109E+00,+1.35813440079E+00,+1.34020095691E+00,+12.53769872E-03
+57.40000E-06,+1.34770727317E+00,+1.03150123846E+00,+1.32010045461E+00,+18.56784941E-03
+57.42500E-06,+1.34268214764E+00,+1.02396355011E+00,+1.35778889643E+00,-5.05024078E-03
+57.45000E-06,+1.36529521272E+00,+1.02396355011E+00,+1.33768839411E+00,+15.05026151E-03
+57.47500E-06,+1.35775752434E+00,+1.01140073618E+00,+1.34020095691E+00,+6.00503548E-03
+57.50000E-06,+1.35273239877E+00,+1.01642586176E+00,+1.36532658480E+00,+979.90990E-06
+57.52500E-06,+1.34519471042E+00,+1.00386304781E+00,+1.34271351969E+00,-1.03014032E-03
+57.55000E-06,+1.36529521272E+00,+1.02647611290E+00,+1.34271351971E+00,+3.99498525E-03
+57.57500E-06,+1.35273239879E+00,+1.03652636403E+00,+1.36030145921E+00,+5.00001037E-03
+57.60000E-06,+1.34519471042E+00,+1.29029520557E+00,+1.35276377086E+00,-14.59797937E-03
+57.62500E-06,+1.36278264994E+00,+1.34808414964E+00,+1.34020095691E+00,+28.11558801E-03
+57.65000E-06,+1.36529521272E+00,+1.36315952636E+00,+1.34020095691E+00,-527.62777E-06
+57.67500E-06,+1.36529521272E+00,+1.37069721471E+00,+1.32763814299E+00,+9.02011083E-03
+57.70000E-06,+1.36529521272E+00,+1.34557158686E+00,+1.35276377086E+00,+9.02011082E-03
+57.72500E-06,+1.36529521272E+00,+1.34808414964E+00,+1.34020095691E+00,+10.52764850E-03
+57.75000E-06,+1.36027008712E+00,+1.36567208916E+00,+1.34271351971E+00,+11.53267361E-03
+57.77500E-06,+1.36529521272E+00,+1.33803389849E+00,+1.35527633366E+00,+7.01006059E-03
+57.80000E-06,+1.37283290107E+00,+1.05913942910E+00,+1.34020095691E+00,+18.56784941E-03
+57.82500E-06,+1.34770727319E+00,+1.02647611288E+00,+1.36030145921E+00,-7.56280357E-03
+57.85000E-06,+1.36780777551E+00,+1.02396355011E+00,+1.37788939871E+00,+11.53267361E-03
+57.87500E-06,+1.34519471042E+00,+1.02396355011E+00,+1.34773864528E+00,+6.00503548E-03
+57.90000E-06,+1.35775752437E+00,+1.02396355011E+00,+1.34773864526E+00,+5.00001036E-03
+57.92500E-06,+1.33011933367E+00,+1.02647611288E+00,+1.35778889643E+00,+8.01508571E-03
+57.95000E-06,+1.36529521272E+00,+1.04406405240E+00,+1.34271351971E+00,+2.98996013E-03
+57.97500E-06,+1.35273239879E+00,+1.02396355011E+00,+1.35276377084E+00,+9.02011083E-03
+58.00000E-06,+1.33765702207E+00,+1.26516957767E+00,+1.32763814296E+00,-18.11556727E-03
+58.02500E-06,+1.38539571501E+00,+1.36567208916E+00,+1.37788939873E+00,+31.13066335E-03
+58.05000E-06,+1.36529521272E+00,+1.36315952636E+00,+1.34020095691E+00,-4.04521567E-03
+58.07500E-06,+1.37785802664E+00,+1.35813440079E+00,+1.37286427313E+00,+10.02513594E-03
+58.10000E-06,+1.35775752437E+00,+1.37320977751E+00,+1.36030145921E+00,+6.50754803E-03
+58.12500E-06,+1.34770727319E+00,+1.36064696361E+00,+1.36030145921E+00,+8.01508571E-03
+58.15000E-06,+1.36529521272E+00,+1.36818465196E+00,+1.34271351971E+00,+10.52764849E-03
+58.17500E-06,+1.36529521272E+00,+1.34557158686E+00,+1.36783914758E+00,+14.04523640E-03
+58.20000E-06,+1.35775752437E+00,+1.06165199186E+00,+1.34020095691E+00,+24.59800009E-03
+58.22500E-06,+1.34268214764E+00,+1.02396355011E+00,+1.34271351969E+00,-5.05024078E-03
+58.25000E-06,+1.34770727322E+00,+1.04406405240E+00,+1.35778889641E+00,+15.55277407E-03
+58.27500E-06,+1.36529521272E+00,+1.03150123848E+00,+1.34020095691E+00,+9.02011083E-03
+58.30000E-06,+1.35273239877E+00,+1.03150123846E+00,+1.34773864526E+00,+9.02011082E-03
+58.32500E-06,+1.38288315224E+00,+1.00637561058E+00,+1.36030145921E+00,+7.51257315E-03
+58.35000E-06,+1.34519471042E+00,+1.00386304781E+00,+1.35778889641E+00,+2.48744757E-03
+58.37500E-06,+1.36529521272E+00,+1.01642586173E+00,+1.36783914758E+00,+6.00503548E-03
+58.40000E-06,+1.31253139417E+00,+1.25260676373E+00,+1.34522608251E+00,-17.11054215E-03
+58.42500E-06,+1.36529521272E+00,+1.36315952638E+00,+1.36030145921E+00,+27.11056289E-03
+58.45000E-06,+1.38288315221E+00,+1.34557158686E+00,+1.33768839411E+00,-1.03014033E-03
+58.47500E-06,+1.37032033827E+00,+1.34054646131E+00,+1.32763814299E+00,+10.02513594E-03
+58.50000E-06,+1.35273239877E+00,+1.36567208916E+00,+1.34020095691E+00,+9.02011082E-03
+58.52500E-06,+1.36278264994E+00,+1.34305902409E+00,+1.35778889643E+00,+14.54774896E-03
+58.55000E-06,+1.34770727322E+00,+1.36567208916E+00,+1.35778889641E+00,+8.51759827E-03
+58.57500E-06,+1.37032033827E+00,+1.34557158686E+00,+1.36783914758E+00,+14.04523640E-03
+58.60000E-06,+1.36529521272E+00,+1.04657661516E+00,+1.34773864526E+00,+17.06031174E-03
+58.62500E-06,+1.36278264994E+00,+1.00386304781E+00,+1.35778889643E+00,-8.56782869E-03
+58.65000E-06,+1.34770727322E+00,+1.00637561061E+00,+1.36030145921E+00,+14.54774895E-03
+58.67500E-06,+1.38539571501E+00,+1.05160174078E+00,+1.36030145921E+00,+5.00001037E-03
+58.70000E-06,+1.37785802666E+00,+1.03150123846E+00,+1.35276377086E+00,+7.51257315E-03
+58.72500E-06,+1.32760677090E+00,+1.04155148963E+00,+1.35778889643E+00,+3.49247269E-03
+58.75000E-06,+1.34770727322E+00,+1.04406405240E+00,+1.34271351971E+00,+3.99498525E-03
+58.77500E-06,+1.35273239879E+00,+1.03150123848E+00,+1.36030145921E+00,+6.50754804E-03
+58.80000E-06,+1.35273239877E+00,+1.28527007997E+00,+1.33517583131E+00,-13.09044169E-03
+58.82500E-06,+1.38288315224E+00,+1.34557158686E+00,+1.36030145921E+00,+27.11056289E-03
+58.85000E-06,+1.36529521272E+00,+1.36567208916E+00,+1.34271351971E+00,-4.04521567E-03
+58.87500E-06,+1.36529521272E+00,+1.37320977753E+00,+1.36783914758E+00,+11.53267361E-03
+58.90000E-06,+1.36529521272E+00,+1.35813440081E+00,+1.35276377086E+00,+12.53769873E-03
+58.92500E-06,+1.35021983597E+00,+1.36315952638E+00,+1.34020095691E+00,+11.53267361E-03
+58.95000E-06,+1.36278264992E+00,+1.36567208916E+00,+1.34271351971E+00,+14.04523639E-03
+58.97500E-06,+1.36529521272E+00,+1.36567208916E+00,+1.34773864528E+00,+10.02513594E-03
+59.00000E-06,+1.35273239877E+00,+1.06667711745E+00,+1.35276377086E+00,+26.60805033E-03
+59.02500E-06,+1.34519471042E+00,+1.02396355011E+00,+1.34020095691E+00,-8.56782869E-03
+59.05000E-06,+1.34519471042E+00,+1.02647611290E+00,+1.35527633361E+00,+19.07036197E-03
+59.07500E-06,+1.34519471042E+00,+1.02396355011E+00,+1.36532658476E+00,+5.00001037E-03
+59.10000E-06,+1.37785802666E+00,+1.01642586176E+00,+1.37286427316E+00,+7.51257315E-03
+59.12500E-06,+1.38288315224E+00,+1.04406405240E+00,+1.34271351969E+00,+7.51257315E-03
+59.15000E-06,+1.38037058941E+00,+1.02396355011E+00,+1.33768839411E+00,-527.62777E-06
+59.17500E-06,+1.37283290109E+00,+1.02396355011E+00,+1.35527633366E+00,+8.51759826E-03
+59.20000E-06,+1.34519471042E+00,+1.25763188932E+00,+1.33266326856E+00,-10.57787891E-03
+59.22500E-06,+1.38288315224E+00,+1.34557158686E+00,+1.34020095691E+00,+35.15076381E-03
+59.25000E-06,+1.32509420812E+00,+1.36315952636E+00,+1.35778889641E+00,-3.54270311E-03
+59.27500E-06,+1.36529521272E+00,+1.34557158686E+00,+1.34773864528E+00,+10.02513594E-03
+59.30000E-06,+1.35021983602E+00,+1.36567208916E+00,+1.33517583131E+00,+11.53267361E-03
+59.32500E-06,+1.34519471042E+00,+1.34557158686E+00,+1.36281402198E+00,+10.52764850E-03
+59.35000E-06,+1.38037058941E+00,+1.34557158686E+00,+1.34522608251E+00,+8.51759827E-03
+59.37500E-06,+1.36529521272E+00,+1.35813440079E+00,+1.36030145921E+00,+7.51257315E-03
+59.40000E-06,+1.35775752437E+00,+1.05913942910E+00,+1.34020095691E+00,+25.10051266E-03
+59.42500E-06,+1.34268214764E+00,+1.02396355011E+00,+1.36030145921E+00,-8.06531613E-03
+59.45000E-06,+1.34770727322E+00,+1.02396355011E+00,+1.37788939871E+00,+11.53267361E-03
+59.47500E-06,+1.35775752434E+00,+1.01642586173E+00,+1.35527633366E+00,+6.00503548E-03
+59.50000E-06,+1.35021983602E+00,+1.05662686635E+00,+1.34773864526E+00,+7.51257315E-03
+59.52500E-06,+1.36278264994E+00,+1.02647611288E+00,+1.37788939873E+00,+4.49749780E-03
+59.55000E-06,+1.34770727322E+00,+1.02647611290E+00,+1.34020095691E+00,+7.01006059E-03
+59.57500E-06,+1.37785802664E+00,+1.01140073618E+00,+1.34020095691E+00,+6.50754804E-03
+59.60000E-06,+1.35021983602E+00,+1.30285801952E+00,+1.35276377086E+00,-7.06029100E-03
+59.62500E-06,+1.36780777549E+00,+1.34808414964E+00,+1.35778889643E+00,+24.09548755E-03
+59.65000E-06,+1.36027008712E+00,+1.34557158686E+00,+1.34020095691E+00,-5.05024079E-03
+59.67500E-06,+1.35775752434E+00,+1.36567208916E+00,+1.35276377083E+00,+11.53267361E-03
+59.70000E-06,+1.37032033831E+00,+1.35813440081E+00,+1.34773864526E+00,+3.49247269E-03
+59.72500E-06,+1.34519471042E+00,+1.34808414964E+00,+1.35527633366E+00,+8.01508571E-03
+59.75000E-06,+1.38288315221E+00,+1.33049621016E+00,+1.36030145921E+00,+15.55277407E-03
+59.77500E-06,+1.34016958487E+00,+1.34557158686E+00,+1.36030145921E+00,+11.53267361E-03
+59.80000E-06,+1.35775752437E+00,+1.06667711745E+00,+1.33266326856E+00,+21.58292475E-03
+59.82500E-06,+1.36027008717E+00,+1.02396355011E+00,+1.34522608246E+00,-4.54772823E-03
+59.85000E-06,+1.36529521272E+00,+1.02396355011E+00,+1.34020095691E+00,+11.53267361E-03
+59.87500E-06,+1.34519471042E+00,+1.04406405240E+00,+1.35276377083E+00,+7.51257315E-03
+59.90000E-06,+1.36529521272E+00,+1.01140073616E+00,+1.33266326856E+00,+4.49749781E-03
+59.92500E-06,+1.34770727319E+00,+1.00637561058E+00,+1.32512558016E+00,+2.98996014E-03
+59.95000E-06,+1.36529521272E+00,+1.04155148960E+00,+1.36030145921E+00,+3.49247269E-03
+59.97500E-06,+1.37785802664E+00,+1.02898867566E+00,+1.37286427313E+00,+5.00001037E-03
+60.00000E-06,+1.33263189647E+00,+1.31039570787E+00,+1.35276377086E+00,-5.55275333E-03
+60.02500E-06,+1.38539571501E+00,+1.34808414964E+00,+1.32261301739E+00,+28.61810056E-03
+60.05000E-06,+1.34519471042E+00,+1.36567208916E+00,+1.35778889641E+00,-527.62777E-06
+60.07500E-06,+1.36529521272E+00,+1.36567208916E+00,+1.34020095691E+00,+9.02011083E-03
+60.10000E-06,+1.35775752437E+00,+1.33300877291E+00,+1.34522608251E+00,+5.00001036E-03
+60.12500E-06,+1.32760677090E+00,+1.34808414964E+00,+1.34522608246E+00,+7.51257315E-03
+60.15000E-06,+1.34268214762E+00,+1.34305902406E+00,+1.35778889641E+00,+8.51759827E-03
+60.17500E-06,+1.37032033827E+00,+1.34557158686E+00,+1.34773864528E+00,+14.04523640E-03
+60.20000E-06,+1.36529521272E+00,+1.03150123845E+00,+1.36030145921E+00,+21.58292475E-03
+60.22500E-06,+1.32760677090E+00,+1.02647611288E+00,+1.35778889643E+00,-13.09044170E-03
+60.25000E-06,+1.34770727322E+00,+1.02396355011E+00,+1.34020095691E+00,+15.05026151E-03
+60.27500E-06,+1.35775752434E+00,+1.04406405240E+00,+1.34020095691E+00,+5.00001037E-03
+60.30000E-06,+1.35021983602E+00,+1.01642586176E+00,+1.36030145921E+00,+13.04021128E-03
+60.32500E-06,+1.36529521272E+00,+1.02396355011E+00,+1.32261301739E+00,+7.01006060E-03
+60.35000E-06,+1.36529521272E+00,+1.02145098731E+00,+1.34020095691E+00,+3.99498525E-03
+60.37500E-06,+1.35273239879E+00,+1.03150123848E+00,+1.32763814299E+00,+6.00503548E-03
+60.40000E-06,+1.31755651977E+00,+1.28527007997E+00,+1.34773864526E+00,-11.58290402E-03
+60.42500E-06,+1.36780777549E+00,+1.38074746591E+00,+1.34271351969E+00,+42.68845218E-03
+60.45000E-06,+1.34519471042E+00,+1.34808414966E+00,+1.34271351971E+00,-4.04521567E-03
+60.47500E-06,+1.36529521272E+00,+1.36567208916E+00,+1.37286427313E+00,+9.02011083E-03
+60.50000E-06,+1.34519471042E+00,+1.35310927521E+00,+1.34522608251E+00,+7.51257315E-03
+60.52500E-06,+1.38288315224E+00,+1.36567208916E+00,+1.35527633366E+00,+11.03016106E-03
+60.55000E-06,+1.38288315221E+00,+1.36064696356E+00,+1.34271351971E+00,+11.53267361E-03
+60.57500E-06,+1.35775752434E+00,+1.34557158686E+00,+1.34020095691E+00,+10.02513594E-03
+60.60000E-06,+1.36529521272E+00,+1.06667711745E+00,+1.36532658481E+00,+21.58292475E-03
+60.62500E-06,+1.34770727319E+00,+1.04155148963E+00,+1.32261301739E+00,-4.54772823E-03
+60.65000E-06,+1.34770727322E+00,+1.02396355011E+00,+1.33768839411E+00,+9.02011083E-03
+60.67500E-06,+1.35775752434E+00,+1.01642586173E+00,+1.36030145921E+00,+9.02011083E-03
+60.70000E-06,+1.36278264997E+00,+1.02396355011E+00,+1.36532658481E+00,+5.00001036E-03
+60.72500E-06,+1.36529521272E+00,+1.02647611288E+00,+1.34271351969E+00,+7.01006060E-03
+60.75000E-06,+1.34770727322E+00,+1.02647611291E+00,+1.36030145921E+00,+3.99498525E-03
+60.77500E-06,+1.35273239879E+00,+1.02396355011E+00,+1.36783914758E+00,+6.00503548E-03
+60.80000E-06,+1.35775752437E+00,+1.29532033117E+00,+1.35276377086E+00,-4.04521566E-03
+60.82500E-06,+1.38288315224E+00,+1.34808414964E+00,+1.34020095691E+00,+35.65327637E-03
+60.85000E-06,+1.36529521272E+00,+1.34808414966E+00,+1.34020095691E+00,-1.03014033E-03
+60.87500E-06,+1.37283290109E+00,+1.37320977753E+00,+1.32763814299E+00,+11.53267361E-03
+60.90000E-06,+1.35273239877E+00,+1.34557158686E+00,+1.34773864526E+00,+7.51257315E-03
+60.92500E-06,+1.36529521272E+00,+1.36315952639E+00,+1.32512558016E+00,+14.54774896E-03
+60.95000E-06,+1.38037058941E+00,+1.34808414966E+00,+1.38040196151E+00,+10.52764849E-03
+60.97500E-06,+1.35273239879E+00,+1.33803389849E+00,+1.34020095691E+00,+5.00001037E-03
+61.00000E-06,+1.37785802666E+00,+1.04406405240E+00,+1.34773864526E+00,+17.06031174E-03
+61.02500E-06,+1.34519471042E+00,+1.02647611288E+00,+1.36030145921E+00,-12.08541659E-03
+61.05000E-06,+1.38288315221E+00,+1.04155148960E+00,+1.36030145921E+00,+11.53267361E-03
+61.07500E-06,+1.35273239879E+00,+1.01140073618E+00,+1.34020095691E+00,+4.49749780E-03
+61.10000E-06,+1.35775752437E+00,+1.03652636405E+00,+1.34020095691E+00,+9.02011082E-03
+61.12500E-06,+1.34770727319E+00,+1.04155148963E+00,+1.35778889643E+00,+11.53267361E-03
+61.15000E-06,+1.36278264992E+00,+1.02396355011E+00,+1.34522608251E+00,+3.49247269E-03
+61.17500E-06,+1.34519471042E+00,+1.02396355011E+00,+1.34773864529E+00,+7.51257315E-03
+61.20000E-06,+1.33263189647E+00,+1.27270726602E+00,+1.34020095691E+00,-10.07536635E-03
+61.22500E-06,+1.38037058946E+00,+1.36567208916E+00,+1.36030145921E+00,+30.62815080E-03
+61.25000E-06,+1.32760677092E+00,+1.36315952636E+00,+1.34271351971E+00,+2.48744757E-03
+61.27500E-06,+1.37785802664E+00,+1.37823490308E+00,+1.35276377083E+00,+10.52764850E-03
+61.30000E-06,+1.37032033832E+00,+1.37823490311E+00,+1.37286427316E+00,+3.49247269E-03
+61.32500E-06,+1.34770727319E+00,+1.34557158686E+00,+1.35778889643E+00,+7.51257315E-03
+61.35000E-06,+1.38288315221E+00,+1.36567208916E+00,+1.36281402201E+00,+10.52764849E-03
+61.37500E-06,+1.35273239879E+00,+1.36567208916E+00,+1.34773864529E+00,+15.55277407E-03
+61.40000E-06,+1.35273239877E+00,+1.05160174075E+00,+1.36030145921E+00,+21.08041220E-03
+61.42500E-06,+1.34519471042E+00,+1.00637561058E+00,+1.37788939873E+00,-5.05024078E-03
+61.45000E-06,+1.36529521272E+00,+1.04406405240E+00,+1.35527633361E+00,+16.55779919E-03
+61.47500E-06,+1.34268214759E+00,+1.02396355011E+00,+1.35276377083E+00,+7.51257315E-03
+61.50000E-06,+1.36529521272E+00,+1.02396355011E+00,+1.34773864526E+00,+7.51257315E-03
+61.52500E-06,+1.34770727319E+00,+1.00637561058E+00,+1.35778889643E+00,+3.99498525E-03
+61.55000E-06,+1.36529521272E+00,+1.02396355011E+00,+1.35778889641E+00,-25.11521E-06
+61.57500E-06,+1.35273239879E+00,+1.02396355011E+00,+1.36783914758E+00,+5.00001037E-03
+61.60000E-06,+1.34016958482E+00,+1.27773239162E+00,+1.35276377086E+00,-14.09546681E-03
+61.62500E-06,+1.38539571501E+00,+1.36315952639E+00,+1.38040196151E+00,+27.11056290E-03
+61.65000E-06,+1.34770727322E+00,+1.34557158686E+00,+1.35778889641E+00,+2.98996013E-03
+61.67500E-06,+1.35273239879E+00,+1.36567208916E+00,+1.33266326854E+00,+13.04021129E-03
+61.70000E-06,+1.35775752437E+00,+1.36567208916E+00,+1.33266326856E+00,+8.51759827E-03
+61.72500E-06,+1.34770727319E+00,+1.34557158686E+00,+1.35778889643E+00,+11.53267361E-03
+61.75000E-06,+1.36278264992E+00,+1.34557158686E+00,+1.35778889641E+00,+8.51759827E-03
+61.77500E-06,+1.35775752434E+00,+1.34557158686E+00,+1.36030145921E+00,+14.04523640E-03
+61.80000E-06,+1.37785802667E+00,+1.03401380120E+00,+1.34773864526E+00,+21.08041220E-03
+61.82500E-06,+1.34519471042E+00,+1.02396355011E+00,+1.37788939873E+00,-1.53265288E-03
+61.85000E-06,+1.36278264992E+00,+1.02396355011E+00,+1.36030145921E+00,+11.53267361E-03
+61.87500E-06,+1.36529521272E+00,+1.02396355011E+00,+1.34020095691E+00,+6.00503548E-03
+61.90000E-06,+1.36529521272E+00,+1.02396355011E+00,+1.35276377086E+00,+6.50754803E-03
+61.92500E-06,+1.38288315224E+00,+1.02647611288E+00,+1.34020095691E+00,+11.03016106E-03
+61.95000E-06,+1.32760677092E+00,+1.04155148960E+00,+1.32261301741E+00,+3.99498525E-03
+61.97500E-06,+1.34016958487E+00,+1.02396355011E+00,+1.34773864529E+00,+3.99498526E-03
+62.00000E-06,+1.35021983602E+00,+1.27019470327E+00,+1.34020095691E+00,-11.08039145E-03
+62.02500E-06,+1.38539571501E+00,+1.34808414964E+00,+1.37788939873E+00,+27.61307545E-03
+62.05000E-06,+1.36529521272E+00,+1.34808414966E+00,+1.32512558021E+00,-527.62777E-06
+62.07500E-06,+1.35021983597E+00,+1.35813440078E+00,+1.36030145921E+00,+7.51257315E-03
+62.10000E-06,+1.35775752437E+00,+1.35310927521E+00,+1.36030145921E+00,+7.51257315E-03
+62.12500E-06,+1.36780777549E+00,+1.34808414964E+00,+1.35778889643E+00,+7.51257315E-03
+62.15000E-06,+1.38037058941E+00,+1.36064696356E+00,+1.38040196151E+00,+15.05026151E-03
+62.17500E-06,+1.37785802664E+00,+1.35813440078E+00,+1.34020095691E+00,+11.53267361E-03
+62.20000E-06,+1.37785802667E+00,+1.04657661515E+00,+1.34020095691E+00,+21.58292475E-03
+62.22500E-06,+1.36529521272E+00,+1.02396355011E+00,+1.32261301739E+00,-8.56782869E-03
+62.25000E-06,+1.34770727322E+00,+1.02396355011E+00,+1.34020095691E+00,+12.53769873E-03
+62.27500E-06,+1.33765702204E+00,+1.02396355011E+00,+1.34020095691E+00,+3.49247269E-03
+62.30000E-06,+1.36529521272E+00,+1.00386304781E+00,+1.34020095691E+00,+7.51257315E-03
+62.32500E-06,+1.36529521272E+00,+1.00637561058E+00,+1.35778889643E+00,+4.49749780E-03
+62.35000E-06,+1.38288315221E+00,+1.02647611291E+00,+1.37537683590E+00,+3.49247269E-03
+62.37500E-06,+1.34016958487E+00,+1.03150123848E+00,+1.36030145921E+00,+2.48744758E-03
+62.40000E-06,+1.35273239877E+00,+1.27773239162E+00,+1.33266326856E+00,-12.58792914E-03
+62.42500E-06,+1.38539571501E+00,+1.36567208916E+00,+1.35778889643E+00,+31.63317591E-03
+62.45000E-06,+1.34770727322E+00,+1.36315952636E+00,+1.35778889641E+00,+477.39735E-06
+62.47500E-06,+1.37032033826E+00,+1.36567208916E+00,+1.34773864529E+00,+6.50754804E-03
+62.50000E-06,+1.35775752437E+00,+1.35310927521E+00,+1.35527633361E+00,+10.02513594E-03
+62.52500E-06,+1.36529521272E+00,+1.38074746591E+00,+1.32512558016E+00,+11.03016106E-03
+62.55000E-06,+1.36027008711E+00,+1.34808414966E+00,+1.32261301741E+00,+8.01508571E-03
+62.57500E-06,+1.36529521272E+00,+1.34557158686E+00,+1.36030145921E+00,+10.02513594E-03
+62.60000E-06,+1.37283290106E+00,+1.03401380120E+00,+1.34020095691E+00,+13.54272383E-03
+62.62500E-06,+1.37785802669E+00,+1.02396355011E+00,+1.35778889643E+00,-11.58290404E-03
+62.65000E-06,+1.34770727322E+00,+1.00386304781E+00,+1.36281402201E+00,+8.01508571E-03
+62.67500E-06,+1.36278264989E+00,+1.02898867565E+00,+1.34020095691E+00,+7.51257315E-03
+62.70000E-06,+1.36529521272E+00,+1.02396355011E+00,+1.32763814296E+00,+12.53769873E-03
+62.72500E-06,+1.34268214765E+00,+1.03903892686E+00,+1.33768839414E+00,+11.03016106E-03
+62.75000E-06,+1.34519471042E+00,+1.02396355011E+00,+1.32512558022E+00,+8.01508571E-03
+62.77500E-06,+1.36529521272E+00,+1.02396355011E+00,+1.34020095691E+00,+11.53267361E-03
+62.80000E-06,+1.32509420812E+00,+1.29029520557E+00,+1.35276377086E+00,-13.09044169E-03
+62.82500E-06,+1.36780777549E+00,+1.34808414964E+00,+1.34020095691E+00,+30.62815080E-03
+62.85000E-06,+1.36278264991E+00,+1.36315952636E+00,+1.34020095691E+00,-527.62777E-06
+62.87500E-06,+1.37032033826E+00,+1.35813440078E+00,+1.34020095691E+00,+11.53267361E-03
+62.90000E-06,+1.35273239877E+00,+1.34557158686E+00,+1.34773864526E+00,+7.51257315E-03
+62.92500E-06,+1.34770727319E+00,+1.34808414964E+00,+1.34020095691E+00,+8.01508571E-03
+62.95000E-06,+1.34770727322E+00,+1.34557158686E+00,+1.34020095691E+00,+15.05026151E-03
+62.97500E-06,+1.37283290109E+00,+1.35059671241E+00,+1.34020095691E+00,+12.53769872E-03
+63.00000E-06,+1.35775752437E+00,+1.06667711745E+00,+1.34020095691E+00,+21.58292475E-03
+63.02500E-06,+1.34519471042E+00,+1.04155148963E+00,+1.34020095691E+00,-8.06531613E-03
+63.05000E-06,+1.34519471042E+00,+1.04406405240E+00,+1.35527633361E+00,+12.03518617E-03
+63.07500E-06,+1.35021983596E+00,+1.02396355011E+00,+1.35276377083E+00,+5.00001037E-03
+63.10000E-06,+1.35273239877E+00,+1.02396355011E+00,+1.36030145921E+00,+6.00503548E-03
+63.12500E-06,+1.37785802669E+00,+1.00386304781E+00,+1.35778889644E+00,+11.53267361E-03
+63.15000E-06,+1.36529521272E+00,+1.02647611291E+00,+1.35778889641E+00,-25.11521E-06
+63.17500E-06,+1.36529521272E+00,+1.03150123848E+00,+1.35276377083E+00,+6.50754804E-03
+63.20000E-06,+1.33765702207E+00,+1.27773239162E+00,+1.32010045461E+00,-16.60802960E-03
+63.22500E-06,+1.38288315224E+00,+1.36315952639E+00,+1.34271351968E+00,+32.13568846E-03
+63.25000E-06,+1.38037058941E+00,+1.36315952636E+00,+1.34020095691E+00,+2.98996013E-03
+63.27500E-06,+1.36027008717E+00,+1.35310927524E+00,+1.36030145921E+00,+11.53267361E-03
+63.30000E-06,+1.37785802667E+00,+1.34557158686E+00,+1.35276377086E+00,+6.50754803E-03
+63.32500E-06,+1.34519471042E+00,+1.36567208916E+00,+1.34020095691E+00,+11.53267361E-03
+63.35000E-06,+1.38037058941E+00,+1.36567208916E+00,+1.36030145921E+00,+12.03518617E-03
+63.37500E-06,+1.35775752434E+00,+1.34557158686E+00,+1.36030145921E+00,+10.02513594E-03
+63.40000E-06,+1.35273239877E+00,+998.83792221E-03,+1.32763814296E+00,+12.03518616E-03
+63.42500E-06,+1.34519471042E+00,+1.02647611288E+00,+1.35778889644E+00,-8.56782869E-03
+63.45000E-06,+1.36529521272E+00,+1.04155148960E+00,+1.35778889641E+00,+15.05026151E-03
+63.47500E-06,+1.37785802664E+00,+1.01140073618E+00,+1.35527633366E+00,+3.49247269E-03
+63.50000E-06,+1.35775752437E+00,+1.04406405240E+00,+1.34522608251E+00,+6.00503548E-03
+63.52500E-06,+1.34770727319E+00,+1.05662686638E+00,+1.34271351968E+00,+11.03016106E-03
+63.55000E-06,+1.34770727322E+00,+1.04406405240E+00,+1.34020095691E+00,+7.51257315E-03
+63.57500E-06,+1.35775752434E+00,+1.03652636403E+00,+1.34020095691E+00,+10.02513594E-03
+63.60000E-06,+1.35775752437E+00,+1.30285801952E+00,+1.32010045461E+00,-9.07034123E-03
+63.62500E-06,+1.38539571501E+00,+1.36567208916E+00,+1.34020095691E+00,+31.63317591E-03
+63.65000E-06,+1.36278264991E+00,+1.36567208916E+00,+1.32763814302E+00,-11.58290402E-03
+63.67500E-06,+1.39042084056E+00,+1.35813440078E+00,+1.35276377083E+00,+7.51257315E-03
+63.70000E-06,+1.35775752437E+00,+1.34557158686E+00,+1.37286427316E+00,+6.00503548E-03
+63.72500E-06,+1.35021983596E+00,+1.34808414963E+00,+1.36030145921E+00,+8.01508571E-03
+63.75000E-06,+1.36529521272E+00,+1.34808414966E+00,+1.34271351971E+00,+15.05026151E-03
+63.77500E-06,+1.35273239879E+00,+1.35059671241E+00,+1.36783914758E+00,+10.02513594E-03
+63.80000E-06,+1.35273239877E+00,+1.02647611285E+00,+1.36030145921E+00,+18.56784941E-03
+63.82500E-06,+1.34268214765E+00,+1.00637561058E+00,+1.35778889644E+00,-8.56782869E-03
+63.85000E-06,+1.34770727322E+00,+1.02647611291E+00,+1.35778889641E+00,+12.03518617E-03
+63.87500E-06,+1.35775752434E+00,+1.01642586173E+00,+1.34020095691E+00,+6.00503548E-03
+63.90000E-06,+1.35273239877E+00,+1.04908917801E+00,+1.35276377086E+00,+7.51257315E-03
+63.92500E-06,+1.34770727319E+00,+1.02396355011E+00,+1.35778889644E+00,+3.99498525E-03
+63.95000E-06,+1.36529521272E+00,+1.02145098730E+00,+1.35778889641E+00,+3.49247269E-03
+63.97500E-06,+1.36529521272E+00,+1.00386304781E+00,+1.36030145921E+00,+5.00001037E-03
+64.00000E-06,+1.35273239877E+00,+1.25763188933E+00,+1.32512558022E+00,-11.58290402E-03
+64.02500E-06,+1.36780777549E+00,+1.38326002868E+00,+1.37537683596E+00,+28.11558800E-03
+64.05000E-06,+1.34770727322E+00,+1.34557158686E+00,+1.34271351971E+00,-25.11521E-06
+64.07500E-06,+1.35273239879E+00,+1.36567208916E+00,+1.34020095691E+00,+11.53267361E-03
+64.10000E-06,+1.35273239877E+00,+1.34557158686E+00,+1.32763814296E+00,+12.53769873E-03
+64.12500E-06,+1.34268214765E+00,+1.36315952639E+00,+1.36030145921E+00,+11.53267361E-03
+64.15000E-06,+1.38037058941E+00,+1.36315952636E+00,+1.37788939870E+00,+11.03016105E-03
+64.17500E-06,+1.36529521272E+00,+1.33803389849E+00,+1.35527633366E+00,+10.02513594E-03
+64.20000E-06,+1.36529521272E+00,+1.03903892680E+00,+1.35527633360E+00,+21.08041220E-03
+64.22500E-06,+1.36278264994E+00,+1.00637561058E+00,+1.36281402198E+00,-11.58290404E-03
+64.25000E-06,+1.36529521272E+00,+1.04155148960E+00,+1.36030145921E+00,+11.03016105E-03
+64.27500E-06,+1.37032033826E+00,+1.03150123848E+00,+1.36030145921E+00,+1.98493502E-03
+64.30000E-06,+1.36529521272E+00,+1.03652636406E+00,+1.34773864526E+00,+10.52764849E-03
+64.32500E-06,+1.34770727319E+00,+1.02396355011E+00,+1.37537683596E+00,+8.01508571E-03
+64.35000E-06,+1.34519471042E+00,+1.02145098730E+00,+1.34522608252E+00,+3.99498525E-03
+64.37500E-06,+1.35775752434E+00,+1.02396355011E+00,+1.34773864529E+00,+3.49247269E-03
+64.40000E-06,+1.33765702207E+00,+1.29783289392E+00,+1.34020095691E+00,-9.07034123E-03
+64.42500E-06,+1.38288315224E+00,+1.36315952639E+00,+1.36030145921E+00,+30.62815080E-03
+64.45000E-06,+1.36278264991E+00,+1.34557158686E+00,+1.34271351971E+00,+2.98996013E-03
+64.47500E-06,+1.35775752434E+00,+1.35813440078E+00,+1.37286427313E+00,+9.02011083E-03
+64.50000E-06,+1.34519471042E+00,+1.34557158686E+00,+1.36783914755E+00,+11.53267361E-03
+64.52500E-06,+1.36780777549E+00,+1.36315952639E+00,+1.36030145921E+00,+11.53267361E-03
+64.55000E-06,+1.36278264991E+00,+1.34808414966E+00,+1.34522608252E+00,+11.03016105E-03
+64.57500E-06,+1.37283290109E+00,+1.36567208916E+00,+1.34020095691E+00,+10.02513594E-03
+64.60000E-06,+1.36529521272E+00,+1.06667711744E+00,+1.34522608252E+00,+24.09548754E-03
+64.62500E-06,+1.36027008717E+00,+1.02396355011E+00,+1.34271351968E+00,-4.54772823E-03
+64.65000E-06,+1.34770727322E+00,+1.02145098730E+00,+1.34020095691E+00,+11.53267361E-03
+64.67500E-06,+1.37032033826E+00,+1.03652636403E+00,+1.36532658475E+00,+9.02011083E-03
+64.70000E-06,+1.35273239876E+00,+1.03150123845E+00,+1.36532658481E+00,+8.51759827E-03
+64.72500E-06,+1.36529521272E+00,+1.02647611288E+00,+1.34271351968E+00,+3.99498525E-03
+64.75000E-06,+1.38288315221E+00,+1.04657661521E+00,+1.34020095691E+00,+477.39735E-06
+64.77500E-06,+1.35273239880E+00,+1.03903892686E+00,+1.38040196151E+00,+7.51257315E-03
+64.80000E-06,+1.35775752437E+00,+1.29029520558E+00,+1.35276377086E+00,-10.07536635E-03
+64.82500E-06,+1.38288315224E+00,+1.34305902409E+00,+1.34020095691E+00,+12.03518617E-03
+64.85000E-06,+1.36529521272E+00,+1.36315952636E+00,+1.35778889641E+00,-7.56280356E-03
+64.87500E-06,+1.37283290109E+00,+1.34557158686E+00,+1.34773864529E+00,+13.04021129E-03
+64.90000E-06,+1.35021983602E+00,+1.34557158686E+00,+1.37286427316E+00,+11.53267361E-03
+64.92500E-06,+1.34519471042E+00,+1.36315952639E+00,+1.36281402198E+00,+11.03016106E-03
+64.95000E-06,+1.34519471042E+00,+1.34808414966E+00,+1.35778889641E+00,+15.55277407E-03
+64.97500E-06,+1.37283290109E+00,+1.35310927524E+00,+1.36030145921E+00,+10.02513594E-03
+65.00000E-06,+1.36529521272E+00,+1.03150123845E+00,+1.36783914755E+00,+21.08041220E-03
+65.02500E-06,+1.36278264994E+00,+1.02396355011E+00,+1.36030145921E+00,-9.07034124E-03
+65.05000E-06,+1.34770727322E+00,+1.04155148960E+00,+1.35778889641E+00,+7.51257315E-03
+65.07500E-06,+1.35775752434E+00,+1.02396355011E+00,+1.34773864529E+00,+8.51759826E-03
+65.10000E-06,+1.36529521272E+00,+1.05160174075E+00,+1.32763814296E+00,+8.01508570E-03
+65.12500E-06,+1.32509420812E+00,+1.02396355011E+00,+1.34020095691E+00,+12.03518617E-03
+65.15000E-06,+1.34770727322E+00,+1.02396355011E+00,+1.33768839411E+00,+3.99498525E-03
+65.17500E-06,+1.33263189650E+00,+1.03150123848E+00,+1.35276377083E+00,+5.00001037E-03
+65.20000E-06,+1.35021983602E+00,+1.29029520558E+00,+1.34020095691E+00,-11.08039145E-03
+65.22500E-06,+1.34770727319E+00,+1.36567208916E+00,+1.32261301739E+00,+35.15076381E-03
+65.25000E-06,+1.32760677092E+00,+1.32798364737E+00,+1.33768839411E+00,-4.04521567E-03
+65.27500E-06,+1.33263189650E+00,+1.35310927524E+00,+1.36030145921E+00,+9.02011083E-03
+65.30000E-06,+1.34268214768E+00,+1.36567208916E+00,+1.37286427316E+00,+9.02011082E-03
+65.32500E-06,+1.36780777549E+00,+1.36315952639E+00,+1.34020095691E+00,+3.49247269E-03
+65.35000E-06,+1.36278264991E+00,+1.36567208916E+00,+1.34271351971E+00,+11.53267361E-03
+65.37500E-06,+1.37032033826E+00,+1.36567208916E+00,+1.34773864529E+00,+10.02513594E-03
+65.40000E-06,+1.34519471042E+00,+1.04657661514E+00,+1.35276377086E+00,+26.60805033E-03
+65.42500E-06,+1.36278264994E+00,+1.02396355011E+00,+1.34522608245E+00,-4.54772823E-03
+65.45000E-06,+1.38288315221E+00,+1.00637561061E+00,+1.35778889641E+00,+15.55277407E-03
+65.47500E-06,+1.36529521272E+00,+1.03150123848E+00,+1.34020095691E+00,+6.00503548E-03
+65.50000E-06,+1.37283290106E+00,+1.01140073615E+00,+1.35276377086E+00,+6.00503548E-03
+65.52500E-06,+1.36529521272E+00,+1.02396355011E+00,+1.36030145921E+00,+3.99498525E-03
+65.55000E-06,+1.35021983602E+00,+1.02647611291E+00,+1.34020095691E+00,+3.99498525E-03
+65.57500E-06,+1.34519471042E+00,+1.03652636403E+00,+1.34773864529E+00,+5.00001037E-03
+65.60000E-06,+1.35273239876E+00,+1.25763188933E+00,+1.33266326857E+00,-13.09044169E-03
+65.62500E-06,+1.38288315224E+00,+1.34808414963E+00,+1.35778889644E+00,+31.63317591E-03
+65.65000E-06,+1.34770727322E+00,+1.36064696355E+00,+1.35778889641E+00,-4.54772823E-03
+65.67500E-06,+1.37283290109E+00,+1.36567208916E+00,+1.33517583137E+00,+10.52764850E-03
+65.70000E-06,+1.35021983602E+00,+1.33300877291E+00,+1.34773864526E+00,+8.51759827E-03
+65.72500E-06,+1.36529521272E+00,+1.34557158686E+00,+1.35778889644E+00,+16.05528663E-03
+65.75000E-06,+1.32760677092E+00,+1.34808414967E+00,+1.36030145921E+00,+11.53267361E-03
+65.77500E-06,+1.37283290109E+00,+1.35813440078E+00,+1.34773864529E+00,+10.02513594E-03
+65.80000E-06,+1.36529521272E+00,+1.05160174075E+00,+1.34020095691E+00,+21.58292475E-03
+65.82500E-06,+1.32760677089E+00,+1.02396355011E+00,+1.36281402198E+00,-8.06531613E-03
+65.85000E-06,+1.34770727322E+00,+1.02396355011E+00,+1.34522608252E+00,+12.03518617E-03
+65.87500E-06,+1.35775752434E+00,+1.00386304781E+00,+1.34773864529E+00,+6.00503548E-03
+65.90000E-06,+1.36529521272E+00,+1.03652636406E+00,+1.33266326857E+00,+9.02011082E-03
+65.92500E-06,+1.36529521272E+00,+1.04406405240E+00,+1.33768839414E+00,+8.01508571E-03
+65.95000E-06,+1.36278264991E+00,+1.02396355011E+00,+1.34020095691E+00,+7.01006059E-03
+65.97500E-06,+1.35775752434E+00,+1.02396355011E+00,+1.34020095691E+00,+3.49247269E-03
+66.00000E-06,+1.35775752437E+00,+1.31039570787E+00,+1.31507532901E+00,-11.58290402E-03
+66.02500E-06,+1.37032033826E+00,+1.36818465193E+00,+1.37788939873E+00,+27.61307545E-03
+66.05000E-06,+1.34770727322E+00,+1.32798364737E+00,+1.34020095691E+00,-11.08039146E-03
+66.07500E-06,+1.35775752434E+00,+1.36567208916E+00,+1.34773864529E+00,+3.99498526E-03
+66.10000E-06,+1.35775752437E+00,+1.35813440081E+00,+1.34020095691E+00,+5.00001036E-03
+66.12500E-06,+1.36780777549E+00,+1.34557158686E+00,+1.36030145921E+00,+14.54774896E-03
+66.15000E-06,+1.36278264991E+00,+1.34557158686E+00,+1.34271351971E+00,+19.07036197E-03
+66.17500E-06,+1.36027008717E+00,+1.35310927524E+00,+1.34522608245E+00,+10.02513594E-03
+66.20000E-06,+1.35775752437E+00,+1.04155148954E+00,+1.32763814296E+00,+16.55779917E-03
+66.22500E-06,+1.34519471042E+00,+1.02647611288E+00,+1.34271351968E+00,-4.54772823E-03
+66.25000E-06,+1.34770727322E+00,+1.02396355011E+00,+1.34020095691E+00,+12.03518617E-03
+66.27500E-06,+1.35775752434E+00,+1.02396355011E+00,+1.35276377083E+00,+8.51759826E-03
+66.30000E-06,+1.35273239876E+00,+1.02396355011E+00,+1.36532658481E+00,+6.50754803E-03
+66.32500E-06,+1.36529521272E+00,+1.04155148963E+00,+1.34271351968E+00,+14.04523641E-03
+66.35000E-06,+1.38288315221E+00,+1.03903892680E+00,+1.37537683590E+00,+3.99498525E-03
+66.37500E-06,+1.35775752434E+00,+1.01642586173E+00,+1.37286427313E+00,+3.49247269E-03
+66.40000E-06,+1.34519471042E+00,+1.29783289392E+00,+1.33266326857E+00,-8.56782869E-03
+66.42500E-06,+1.38539571501E+00,+1.37823490314E+00,+1.34020095691E+00,+32.13568846E-03
+66.45000E-06,+1.36529521272E+00,+1.36315952636E+00,+1.34271351971E+00,+2.98996013E-03
+66.47500E-06,+1.37283290109E+00,+1.36064696362E+00,+1.34020095691E+00,+7.51257315E-03
+66.50000E-06,+1.37032033832E+00,+1.34557158686E+00,+1.34773864526E+00,+5.00001036E-03
+66.52500E-06,+1.32509420812E+00,+1.34808414963E+00,+1.34271351968E+00,+11.53267361E-03
+66.55000E-06,+1.34268214762E+00,+1.34808414967E+00,+1.35778889640E+00,+8.01508571E-03
+66.57500E-06,+1.35775752434E+00,+1.35813440078E+00,+1.36030145921E+00,+13.04021129E-03
+66.60000E-06,+1.36529521272E+00,+1.04657661514E+00,+1.33517583130E+00,+25.10051266E-03
+66.62500E-06,+1.34519471042E+00,+1.04155148963E+00,+1.36030145921E+00,-12.08541659E-03
+66.65000E-06,+1.33011933373E+00,+1.04155148960E+00,+1.36030145921E+00,+15.05026151E-03
+66.67500E-06,+1.35775752434E+00,+1.02396355011E+00,+1.34773864529E+00,+6.00503548E-03
+66.70000E-06,+1.37785802667E+00,+1.02396355011E+00,+1.36030145921E+00,+5.00001036E-03
+66.72500E-06,+1.36529521272E+00,+1.00386304781E+00,+1.35778889644E+00,+8.01508571E-03
+66.75000E-06,+1.36027008711E+00,+1.04155148960E+00,+1.34020095691E+00,-527.62777E-06
+66.77500E-06,+1.34519471042E+00,+1.02396355011E+00,+1.34020095691E+00,+3.49247269E-03
+66.80000E-06,+1.34519471042E+00,+1.28527007997E+00,+1.34020095691E+00,-12.58792914E-03
+66.82500E-06,+1.35021983596E+00,+1.34808414963E+00,+1.36030145921E+00,+31.13066336E-03
+66.85000E-06,+1.34770727322E+00,+1.36315952636E+00,+1.36030145921E+00,-4.04521566E-03
+66.87500E-06,+1.36529521272E+00,+1.35813440078E+00,+1.36532658475E+00,+7.51257315E-03
+66.90000E-06,+1.34519471042E+00,+1.35310927521E+00,+1.34773864526E+00,+3.99498524E-03
+66.92500E-06,+1.33011933366E+00,+1.34557158686E+00,+1.35778889644E+00,+8.01508571E-03
+66.95000E-06,+1.38037058941E+00,+1.34808414967E+00,+1.34271351971E+00,+3.49247269E-03
+66.97500E-06,+1.34016958488E+00,+1.35310927524E+00,+1.34020095691E+00,+11.53267361E-03
+67.00000E-06,+1.34519471042E+00,+1.03903892680E+00,+1.33266326857E+00,+16.05528662E-03
+67.02500E-06,+1.38037058947E+00,+1.02647611288E+00,+1.34271351968E+00,-8.06531613E-03
+67.05000E-06,+1.34770727322E+00,+1.00637561061E+00,+1.34271351971E+00,+12.03518617E-03
+67.07500E-06,+1.36278264988E+00,+1.03652636402E+00,+1.35276377083E+00,+7.01006059E-03
+67.10000E-06,+1.35775752437E+00,+1.01140073615E+00,+1.36030145921E+00,+9.02011082E-03
+67.12500E-06,+1.34268214765E+00,+1.02145098734E+00,+1.36030145921E+00,+7.51257315E-03
+67.15000E-06,+1.36529521272E+00,+1.00637561061E+00,+1.36030145921E+00,+3.49247269E-03
+67.17500E-06,+1.36529521272E+00,+1.01140073619E+00,+1.36030145921E+00,+8.51759826E-03
+67.20000E-06,+1.35775752437E+00,+1.30285801953E+00,+1.35276377086E+00,-4.04521565E-03
+67.22500E-06,+1.38288315224E+00,+1.36315952639E+00,+1.34020095691E+00,+31.63317591E-03
+67.25000E-06,+1.36780777552E+00,+1.34557158686E+00,+1.36030145921E+00,-527.62777E-06
+67.27500E-06,+1.35273239880E+00,+1.36567208916E+00,+1.33517583137E+00,+11.53267361E-03
+67.30000E-06,+1.33263189647E+00,+1.34557158686E+00,+1.34773864526E+00,+8.51759827E-03
+67.32500E-06,+1.34519471042E+00,+1.34305902409E+00,+1.36030145921E+00,+7.51257315E-03
+67.35000E-06,+1.36278264991E+00,+1.34557158686E+00,+1.34020095691E+00,+11.53267361E-03
+67.37500E-06,+1.34519471042E+00,+1.34557158686E+00,+1.34773864529E+00,+7.51257315E-03
+67.40000E-06,+1.35775752437E+00,+1.03903892680E+00,+1.35527633360E+00,+17.06031174E-03
+67.42500E-06,+1.36027008718E+00,+1.00386304781E+00,+1.37537683596E+00,-9.07034124E-03
+67.45000E-06,+1.34770727322E+00,+1.02145098730E+00,+1.36281402201E+00,+12.03518617E-03
+67.47500E-06,+1.37032033826E+00,+1.02396355011E+00,+1.34773864529E+00,+3.49247269E-03
+67.50000E-06,+1.37785802667E+00,+1.02396355011E+00,+1.34020095691E+00,+9.02011082E-03
+67.52500E-06,+1.32509420812E+00,+1.00637561058E+00,+1.37286427319E+00,+11.53267361E-03
+67.55000E-06,+1.34519471042E+00,+1.02647611291E+00,+1.34020095691E+00,+7.01006059E-03
+67.57500E-06,+1.33263189650E+00,+1.02396355011E+00,+1.35276377083E+00,+5.00001037E-03
+67.60000E-06,+1.35775752437E+00,+1.29029520558E+00,+1.34020095691E+00,-10.57787890E-03
+67.62500E-06,+1.38539571501E+00,+1.38074746592E+00,+1.36030145921E+00,+34.64825126E-03
+67.65000E-06,+1.36529521272E+00,+1.34557158686E+00,+1.34020095691E+00,+477.39736E-06
+67.67500E-06,+1.36529521272E+00,+1.35813440078E+00,+1.34773864529E+00,+6.50754804E-03
+67.70000E-06,+1.34519471042E+00,+1.35813440081E+00,+1.36030145921E+00,+11.53267361E-03
+67.72500E-06,+1.34770727319E+00,+1.36567208916E+00,+1.35778889644E+00,+8.51759826E-03
+67.75000E-06,+1.36278264991E+00,+1.36818465196E+00,+1.36030145921E+00,+8.51759827E-03
+67.77500E-06,+1.38539571501E+00,+1.36567208916E+00,+1.34773864529E+00,+12.53769872E-03
+67.80000E-06,+1.35775752437E+00,+1.02396355011E+00,+1.35276377086E+00,+19.57287453E-03
+67.82500E-06,+1.36780777549E+00,+1.01893842457E+00,+1.36281402198E+00,-8.06531613E-03
+67.85000E-06,+1.34770727322E+00,+1.02647611291E+00,+1.35778889640E+00,+10.52764849E-03
+67.87500E-06,+1.35775752434E+00,+1.01140073619E+00,+1.34522608245E+00,+6.00503548E-03
+67.90000E-06,+1.36027008711E+00,+1.02396355011E+00,+1.34020095691E+00,+7.51257315E-03
+67.92500E-06,+1.36529521272E+00,+1.00637561058E+00,+1.34522608245E+00,+3.99498525E-03
+67.95000E-06,+1.36529521272E+00,+1.02145098730E+00,+1.35778889640E+00,+3.99498525E-03
+67.97500E-06,+1.35273239880E+00,+1.00386304781E+00,+1.36532658475E+00,+8.51759826E-03
+68.00000E-06,+1.35273239876E+00,+1.27773239163E+00,+1.35276377086E+00,-7.56280356E-03
+68.02500E-06,+1.36780777549E+00,+1.38326002869E+00,+1.34020095691E+00,+35.65327637E-03
+68.05000E-06,+1.36278264991E+00,+1.34305902406E+00,+1.33768839411E+00,+3.49247269E-03
+68.07500E-06,+1.35273239880E+00,+1.35813440078E+00,+1.34773864529E+00,+13.04021129E-03
+68.10000E-06,+1.35775752437E+00,+1.35310927521E+00,+1.34020095691E+00,+7.51257315E-03
+68.12500E-06,+1.32760677089E+00,+1.34557158686E+00,+1.36281402198E+00,-4.04521567E-03
+68.15000E-06,+1.34519471042E+00,+1.36567208916E+00,+1.37537683590E+00,+27.11056289E-03
+68.17500E-06,+1.35273239880E+00,+1.34557158686E+00,+1.36030145921E+00,+5.00001037E-03
+68.20000E-06,+1.37283290106E+00,+1.03150123845E+00,+1.34773864526E+00,+27.61307545E-03
+68.22500E-06,+1.36529521272E+00,+1.02396355011E+00,+1.36030145921E+00,-12.58792914E-03
+68.25000E-06,+1.36529521272E+00,+1.04406405240E+00,+1.35778889640E+00,+12.03518617E-03
+68.27500E-06,+1.37032033826E+00,+1.03652636402E+00,+1.35276377083E+00,+6.00503548E-03
+68.30000E-06,+1.36529521272E+00,+1.01140073615E+00,+1.32763814296E+00,+9.02011082E-03
+68.32500E-06,+1.33011933366E+00,+1.04155148963E+00,+1.35778889644E+00,+8.01508571E-03
+68.35000E-06,+1.34770727322E+00,+1.04155148960E+00,+1.34271351972E+00,+3.99498525E-03
+68.37500E-06,+1.32509420812E+00,+1.04406405240E+00,+1.33266326853E+00,+3.49247269E-03
+68.40000E-06,+1.33765702207E+00,+1.32295852183E+00,+1.32512558022E+00,-5.55275332E-03
+68.42500E-06,+1.38539571501E+00,+1.34305902409E+00,+1.35778889644E+00,+35.65327637E-03
+68.45000E-06,+1.34770727322E+00,+1.34557158686E+00,+1.35778889640E+00,-3.54270310E-03
+68.47500E-06,+1.34770727326E+00,+1.35310927524E+00,+1.36030145921E+00,+11.53267361E-03
+68.50000E-06,+1.35775752437E+00,+1.36567208916E+00,+1.36030145921E+00,+6.00503548E-03
+68.52500E-06,+1.32760677089E+00,+1.34808414963E+00,+1.37788939874E+00,+11.03016106E-03
+68.55000E-06,+1.36529521272E+00,+1.34557158686E+00,+1.35778889640E+00,+8.01508571E-03
+68.57500E-06,+1.36529521272E+00,+1.33803389848E+00,+1.36030145921E+00,+11.53267361E-03
+68.60000E-06,+1.35775752437E+00,+1.02647611284E+00,+1.34020095691E+00,+22.58794987E-03
+68.62500E-06,+1.34268214765E+00,+1.02396355011E+00,+1.33768839414E+00,-5.05024078E-03
+68.65000E-06,+1.36529521272E+00,+1.02647611291E+00,+1.35778889640E+00,+11.03016105E-03
+68.67500E-06,+1.36529521272E+00,+1.02396355011E+00,+1.34020095691E+00,+8.51759826E-03
+68.70000E-06,+1.37785802667E+00,+1.03652636406E+00,+1.34020095691E+00,+7.51257315E-03
+68.72500E-06,+1.36529521272E+00,+1.00386304781E+00,+1.35778889644E+00,+7.51257315E-03
+68.75000E-06,+1.36278264991E+00,+1.03903892679E+00,+1.34020095691E+00,+10.02513593E-03
+68.77500E-06,+1.35273239880E+00,+1.03150123848E+00,+1.37286427313E+00,+6.50754804E-03
+68.80000E-06,+1.36027008711E+00,+1.27773239163E+00,+1.34020095691E+00,-14.09546681E-03
+68.82500E-06,+1.36529521272E+00,+1.36567208916E+00,+1.34020095691E+00,+31.63317591E-03
+68.85000E-06,+1.34770727322E+00,+1.34305902406E+00,+1.35778889640E+00,+2.98996013E-03
+68.87500E-06,+1.34519471042E+00,+1.35813440078E+00,+1.37286427313E+00,+6.50754804E-03
+68.90000E-06,+1.35775752437E+00,+1.32547108456E+00,+1.35276377086E+00,+11.53267361E-03
+68.92500E-06,+1.34770727319E+00,+1.36315952639E+00,+1.35778889644E+00,+12.03518617E-03
+68.95000E-06,+1.34519471042E+00,+1.36315952635E+00,+1.34020095691E+00,+15.55277407E-03
+68.97500E-06,+1.35775752434E+00,+1.34557158686E+00,+1.35527633367E+00,+12.53769872E-03
+69.00000E-06,+1.34519471042E+00,+1.02647611284E+00,+1.34773864525E+00,+17.56282429E-03
+69.02500E-06,+1.36529521272E+00,+1.02647611288E+00,+1.36030145921E+00,-8.56782869E-03
+69.05000E-06,+1.33011933373E+00,+1.02396355011E+00,+1.36030145921E+00,+15.55277407E-03
+69.07500E-06,+1.37032033825E+00,+1.03150123849E+00,+1.34020095691E+00,+7.51257315E-03
+69.10000E-06,+1.35775752437E+00,+1.03150123845E+00,+1.35276377086E+00,+12.53769873E-03
+69.12500E-06,+1.36278264995E+00,+1.02396355011E+00,+1.36030145921E+00,+8.01508571E-03
+69.15000E-06,+1.36278264991E+00,+1.02396355011E+00,+1.34020095691E+00,+3.99498525E-03
+69.17500E-06,+1.34519471042E+00,+1.03150123849E+00,+1.34522608245E+00,+9.02011083E-03
+69.20000E-06,+1.34268214768E+00,+1.30285801953E+00,+1.36030145921E+00,-9.57285378E-03
+69.22500E-06,+1.38539571501E+00,+1.38074746592E+00,+1.37788939874E+00,+32.13568846E-03
+69.25000E-06,+1.33011933373E+00,+1.36567208916E+00,+1.34020095691E+00,-7.06029100E-03
+69.27500E-06,+1.36529521272E+00,+1.35813440078E+00,+1.36030145921E+00,+9.02011083E-03
+69.30000E-06,+1.35775752437E+00,+1.35813440082E+00,+1.36030145921E+00,+7.51257315E-03
+69.32500E-06,+1.38037058947E+00,+1.36567208916E+00,+1.34020095691E+00,+3.99498525E-03
+69.35000E-06,+1.36278264991E+00,+1.33300877298E+00,+1.36030145921E+00,+11.03016105E-03
+69.37500E-06,+1.37283290110E+00,+1.35813440078E+00,+1.33266326853E+00,+12.53769872E-03
+69.40000E-06,+1.35273239876E+00,+1.01140073615E+00,+1.34773864525E+00,+20.07538708E-03
+69.42500E-06,+1.34268214765E+00,+1.02396355011E+00,+1.34020095691E+00,-7.56280358E-03
+69.45000E-06,+1.34519471042E+00,+1.04406405240E+00,+1.35778889640E+00,+15.55277407E-03
+69.47500E-06,+1.34519471042E+00,+1.00386304781E+00,+1.36030145921E+00,+7.51257315E-03
+69.50000E-06,+1.36529521272E+00,+1.02898867572E+00,+1.35276377086E+00,+3.49247269E-03
+69.52500E-06,+1.34770727319E+00,+1.00135048504E+00,+1.34271351968E+00,+3.49247269E-03
+69.55000E-06,+1.34770727322E+00,+1.02145098730E+00,+1.35778889640E+00,+7.01006059E-03
+69.57500E-06,+1.36780777556E+00,+1.03652636402E+00,+1.34773864529E+00,+3.49247269E-03
+69.60000E-06,+1.34519471042E+00,+1.29029520558E+00,+1.35276377086E+00,-2.53767798E-03
+69.62500E-06,+1.38288315224E+00,+1.36315952639E+00,+1.35778889644E+00,+31.63317591E-03
+69.65000E-06,+1.33263189654E+00,+1.36567208916E+00,+1.34271351972E+00,+2.98996013E-03
+69.67500E-06,+1.33263189650E+00,+1.35813440078E+00,+1.34773864529E+00,+9.02011083E-03
+69.70000E-06,+1.37283290106E+00,+1.33300877291E+00,+1.33266326857E+00,+6.50754803E-03
+69.72500E-06,+1.34519471042E+00,+1.36567208916E+00,+1.36030145921E+00,+11.03016106E-03
+69.75000E-06,+1.34268214761E+00,+1.36567208916E+00,+1.37788939870E+00,+15.05026151E-03
+69.77500E-06,+1.35273239880E+00,+1.35310927524E+00,+1.34773864529E+00,+7.01006058E-03
+69.80000E-06,+1.35273239876E+00,+1.01391329888E+00,+1.36030145921E+00,+20.57789962E-03
+69.82500E-06,+1.34519471042E+00,+1.02647611287E+00,+1.36030145921E+00,-8.56782869E-03
+69.85000E-06,+1.36780777552E+00,+1.02647611291E+00,+1.37788939870E+00,+11.03016105E-03
+69.87500E-06,+1.35775752434E+00,+1.03150123849E+00,+1.34773864529E+00,+6.00503548E-03
+69.90000E-06,+1.37785802667E+00,+1.01893842449E+00,+1.34020095691E+00,+15.55277407E-03
+69.92500E-06,+1.32760677089E+00,+1.02396355011E+00,+1.35778889644E+00,+11.03016106E-03
+69.95000E-06,+1.36529521272E+00,+1.02145098730E+00,+1.32261301742E+00,+4.49749782E-03
+69.97500E-06,+1.34016958488E+00,+1.03150123849E+00,+1.34020095691E+00,+3.49247269E-03
+70.00000E-06,+1.33263189646E+00,+1.27773239163E+00,+1.34020095691E+00,-11.58290402E-03
+70.02500E-06,+1.38539571501E+00,+1.36315952639E+00,+1.35778889644E+00,+32.13568846E-03
+70.05000E-06,+1.34519471042E+00,+1.36315952635E+00,+1.32261301742E+00,-4.04521566E-03
+70.07500E-06,+1.36529521272E+00,+1.35813440078E+00,+1.35276377083E+00,+10.02513594E-03
+70.10000E-06,+1.36529521272E+00,+1.35310927521E+00,+1.36030145921E+00,+9.02011082E-03
+70.12500E-06,+1.34770727319E+00,+1.36567208916E+00,+1.35778889644E+00,+8.01508571E-03
+70.15000E-06,+1.38037058940E+00,+1.32798364737E+00,+1.35527633360E+00,+18.56784941E-03
+70.17500E-06,+1.35273239880E+00,+1.33803389848E+00,+1.35276377083E+00,+14.54774896E-03
+70.20000E-06,+1.05373742703E+00,+1.06165199182E+00,+1.32763814296E+00,+45.70352750E-03
+70.22500E-06,+1.04117461319E+00,+1.02396355011E+00,+1.33768839414E+00,-20.62813006E-03
+70.25000E-06,+1.02861179927E+00,+1.04155148960E+00,+1.34271351972E+00,+19.57287453E-03
+70.27500E-06,+1.01604898528E+00,+1.01642586173E+00,+1.34522608245E+00,+4.49749780E-03
+70.30000E-06,+1.02861179927E+00,+1.03150123845E+00,+1.36532658482E+00,+4.49749782E-03
+70.32500E-06,+1.02358667366E+00,+1.02396355011E+00,+1.38040196151E+00,+7.51257315E-03
+70.35000E-06,+1.06378767826E+00,+1.02396355011E+00,+1.34020095691E+00,+2.98996013E-03
+70.37500E-06,+1.03112436204E+00,+1.03652636402E+00,+1.36783914759E+00,+979.90991E-06
+70.40000E-06,+1.25725501289E+00,+1.25260676372E+00,+1.33266326857E+00,-44.74873282E-03
+70.42500E-06,+1.40047109177E+00,+1.38577259146E+00,+1.37788939874E+00,+59.77387913E-03
+70.45000E-06,+1.34770727322E+00,+1.32798364737E+00,+1.35778889640E+00,-16.10551704E-03
+70.47500E-06,+1.34519471042E+00,+1.35813440078E+00,+1.34020095691E+00,+18.06533686E-03
+70.50000E-06,+1.34519471042E+00,+1.34557158686E+00,+1.37286427316E+00,+10.52764849E-03
+70.52500E-06,+1.32760677089E+00,+1.34808414963E+00,+1.35778889644E+00,+18.56784942E-03
+70.55000E-06,+1.34519471042E+00,+1.33049621018E+00,+1.37788939870E+00,+15.55277407E-03
+70.57500E-06,+1.34519471042E+00,+1.35813440078E+00,+1.36030145921E+00,+10.02513594E-03
+70.60000E-06,+1.02107411078E+00,+1.03401380118E+00,+1.35527633360E+00,+28.61810054E-03
+70.62500E-06,+1.04117461319E+00,+1.02647611287E+00,+1.34271351968E+00,-24.64823052E-03
+70.65000E-06,+1.02358667366E+00,+1.02647611291E+00,+1.36030145921E+00,+19.57287453E-03
+70.67500E-06,+1.03614948758E+00,+1.02396355011E+00,+1.35276377083E+00,+4.49749780E-03
+70.70000E-06,+1.02358667366E+00,+1.02396355011E+00,+1.34773864525E+00,+11.03016107E-03
+70.72500E-06,+1.02107411089E+00,+1.02396355011E+00,+1.35778889644E+00,+12.03518617E-03
+70.75000E-06,+1.02358667366E+00,+1.03903892679E+00,+1.32512558023E+00,+3.49247269E-03
+70.77500E-06,+1.01102385975E+00,+1.02396355011E+00,+1.36030145921E+00,+7.51257315E-03
+70.80000E-06,+1.24217963620E+00,+1.28275751724E+00,+1.35276377087E+00,-38.21606954E-03
+70.82500E-06,+1.38539571501E+00,+1.38326002869E+00,+1.34020095691E+00,+58.76885402E-03
+70.85000E-06,+1.34268214761E+00,+1.34305902406E+00,+1.36030145921E+00,-5.55275335E-03
+70.87500E-06,+1.37283290110E+00,+1.36567208916E+00,+1.36532658474E+00,+14.54774896E-03
+70.90000E-06,+1.35775752437E+00,+1.35813440082E+00,+1.36030145921E+00,+6.50754803E-03
+70.92500E-06,+1.36529521272E+00,+1.36064696362E+00,+1.35778889644E+00,+11.03016106E-03
+70.95000E-06,+1.36278264991E+00,+1.34557158686E+00,+1.36281402201E+00,+15.55277407E-03
+70.97500E-06,+1.35273239880E+00,+1.34557158686E+00,+1.36783914759E+00,+18.06533686E-03
+71.00000E-06,+1.02861179912E+00,+1.05411430348E+00,+1.34020095691E+00,+38.16583913E-03
+71.02500E-06,+1.00348617136E+00,+1.02396355011E+00,+1.34020095691E+00,-17.61305471E-03
+71.05000E-06,+1.02861179927E+00,+1.00637561061E+00,+1.36281402201E+00,+19.57287453E-03
+71.07500E-06,+1.02358667366E+00,+1.03652636402E+00,+1.35778889636E+00,+3.49247269E-03
+71.10000E-06,+1.04871230157E+00,+1.01140073615E+00,+1.34020095691E+00,+3.49247269E-03
+71.12500E-06,+1.02609923643E+00,+1.00386304781E+00,+1.38040196151E+00,+7.01006060E-03
+71.15000E-06,+1.02358667366E+00,+1.02396355011E+00,+1.37788939870E+00,-527.62777E-06
+71.17500E-06,+1.01604898528E+00,+1.01642586173E+00,+1.35276377083E+00,+5.00001037E-03
+71.20000E-06,+1.23715451059E+00,+1.24506907538E+00,+1.31256276627E+00,-43.74370770E-03
+71.22500E-06,+1.41805903130E+00,+1.36315952639E+00,+1.36030145921E+00,+58.76885402E-03
+71.25000E-06,+1.36278264991E+00,+1.34305902406E+00,+1.35778889640E+00,-9.57285381E-03
+71.27500E-06,+1.34519471042E+00,+1.35310927524E+00,+1.38040196151E+00,+9.02011083E-03
+71.30000E-06,+1.35021983603E+00,+1.34557158686E+00,+1.35527633360E+00,+14.04523640E-03
+71.32500E-06,+1.38539571501E+00,+1.36315952639E+00,+1.34271351968E+00,+15.05026152E-03
+71.35000E-06,+1.36278264991E+00,+1.34808414967E+00,+1.36030145921E+00,+23.59297499E-03
+71.37500E-06,+1.38539571501E+00,+1.37320977754E+00,+1.37286427312E+00,+14.04523640E-03
+71.40000E-06,+1.03363692473E+00,+1.03401380118E+00,+1.36281402194E+00,+35.65327634E-03
+71.42500E-06,+1.00599873413E+00,+1.04155148964E+00,+1.36030145921E+00,-20.62813006E-03
+71.45000E-06,+1.05876255264E+00,+1.06165199189E+00,+1.34271351972E+00,+23.09046243E-03
+71.47500E-06,+1.03614948758E+00,+1.02396355011E+00,+1.34773864529E+00,+5.00001037E-03
+71.50000E-06,+1.04368717596E+00,+1.01140073615E+00,+1.34773864525E+00,+13.04021128E-03
+71.52500E-06,+1.02358667366E+00,+1.04155148964E+00,+1.35778889644E+00,+7.51257315E-03
+71.55000E-06,+1.04117461315E+00,+1.06165199189E+00,+1.34020095691E+00,-3.54270310E-03
+71.57500E-06,+1.01856154813E+00,+1.02898867564E+00,+1.34522608245E+00,+477.39734E-06
+71.60000E-06,+1.23715451059E+00,+1.25009420099E+00,+1.32010045461E+00,-46.75878303E-03
+71.62500E-06,+1.38288315225E+00,+1.38326002869E+00,+1.38040196151E+00,+55.25126611E-03
+71.65000E-06,+1.34770727323E+00,+1.36315952635E+00,+1.35778889640E+00,-12.08541658E-03
+71.67500E-06,+1.35273239880E+00,+1.34557158686E+00,+1.34773864529E+00,+9.02011083E-03
+71.70000E-06,+1.35775752437E+00,+1.36567208916E+00,+1.38793964985E+00,+12.53769873E-03
+71.72500E-06,+1.35021983595E+00,+1.36567208916E+00,+1.35778889644E+00,+7.51257315E-03
+71.75000E-06,+1.37785802659E+00,+1.34808414967E+00,+1.34522608252E+00,+16.05528663E-03
+71.77500E-06,+1.36529521272E+00,+1.37320977754E+00,+1.36532658474E+00,+14.04523640E-03
+71.80000E-06,+1.02609923639E+00,+1.04908917802E+00,+1.36030145921E+00,+40.17588937E-03
+71.82500E-06,+1.02358667366E+00,+1.04155148964E+00,+1.34522608245E+00,-17.61305471E-03
+71.85000E-06,+1.02609923647E+00,+1.06416455470E+00,+1.34020095691E+00,+15.05026151E-03
+71.87500E-06,+1.04368717596E+00,+1.02396355011E+00,+1.35276377083E+00,+6.00503548E-03
+71.90000E-06,+1.02358667366E+00,+1.02396355011E+00,+1.34773864525E+00,+6.00503548E-03
+71.92500E-06,+1.04117461319E+00,+986.27510828E-03,+1.34522608245E+00,+3.99498525E-03
+71.95000E-06,+1.00599873417E+00,+1.02145098730E+00,+1.35778889640E+00,-527.62777E-06
+71.97500E-06,+1.03614948758E+00,+1.03652636402E+00,+1.36030145921E+00,+3.49247269E-03
+72.00000E-06,+1.26730526411E+00,+1.28275751724E+00,+1.33266326857E+00,-35.20099420E-03
+72.02500E-06,+1.38288315225E+00,+1.40336053099E+00,+1.36030145921E+00,+58.76885402E-03
+72.05000E-06,+1.35021983603E+00,+1.36315952635E+00,+1.34020095691E+00,-9.57285381E-03
+72.07500E-06,+1.34519471042E+00,+1.34557158686E+00,+1.35527633367E+00,+14.04523640E-03
+72.10000E-06,+1.35775752437E+00,+1.33300877291E+00,+1.34773864525E+00,+9.02011082E-03
+72.12500E-06,+1.36529521272E+00,+1.34557158686E+00,+1.34522608245E+00,+14.54774896E-03
+72.15000E-06,+1.34519471042E+00,+1.36567208916E+00,+1.37537683589E+00,+15.55277407E-03
+72.17500E-06,+1.35775752433E+00,+1.34557158686E+00,+1.36783914759E+00,+11.53267361E-03
+72.20000E-06,+1.01353642243E+00,+1.05913942909E+00,+1.35527633359E+00,+33.14071358E-03
+72.22500E-06,+1.02358667366E+00,+1.00637561058E+00,+1.33768839414E+00,-21.13064262E-03
+72.25000E-06,+1.02861179928E+00,+1.06165199189E+00,+1.35778889640E+00,+15.55277407E-03
+72.27500E-06,+1.04368717596E+00,+1.01642586172E+00,+1.35276377083E+00,+3.49247269E-03
+72.30000E-06,+1.02358667366E+00,+1.04406405240E+00,+1.36030145921E+00,+9.02011082E-03
+72.32500E-06,+1.02107411089E+00,+1.00637561058E+00,+1.35778889644E+00,+7.51257315E-03
+72.35000E-06,+988.41079468E-03,+1.02396355011E+00,+1.34020095691E+00,-25.11520E-06
+72.37500E-06,+1.04368717596E+00,+1.03652636402E+00,+1.32763814299E+00,+3.49247269E-03
+72.40000E-06,+1.28238064080E+00,+1.27773239163E+00,+1.32512558023E+00,-31.18089374E-03
+72.42500E-06,+1.38288315225E+00,+1.38577259146E+00,+1.36281402198E+00,+59.27136657E-03
+72.45000E-06,+1.34268214761E+00,+1.34557158686E+00,+1.34522608252E+00,-16.60802960E-03
+72.47500E-06,+1.34016958488E+00,+1.35310927524E+00,+1.35276377083E+00,+13.54272386E-03
+72.50000E-06,+1.35775752437E+00,+1.33803389852E+00,+1.35527633359E+00,+11.53267361E-03
+72.52500E-06,+1.34770727319E+00,+1.34808414963E+00,+1.36030145921E+00,+15.05026152E-03
+72.55000E-06,+1.38288315221E+00,+1.36315952635E+00,+1.38040196151E+00,+19.07036197E-03
+72.57500E-06,+1.36529521272E+00,+1.35310927524E+00,+1.34773864529E+00,+10.02513594E-03
+72.60000E-06,+1.04117461307E+00,+1.04908917786E+00,+1.34773864525E+00,+35.65327634E-03
+72.62500E-06,+1.01856154813E+00,+1.00637561058E+00,+1.36030145921E+00,-27.66330588E-03
+72.65000E-06,+1.00851129698E+00,+1.04155148960E+00,+1.35778889640E+00,+17.06031176E-03
+72.67500E-06,+1.03614948758E+00,+1.02396355011E+00,+1.34020095691E+00,+7.51257315E-03
+72.70000E-06,+1.03112436200E+00,+1.01642586176E+00,+1.37286427316E+00,+7.51257315E-03
+72.72500E-06,+1.04368717596E+00,+1.02647611287E+00,+1.34271351968E+00,+2.98996014E-03
+72.75000E-06,+1.04117461315E+00,+1.03903892679E+00,+1.35527633359E+00,-527.62777E-06
+72.77500E-06,+1.04368717596E+00,+1.05662686632E+00,+1.36783914759E+00,+4.49749780E-03
+72.80000E-06,+1.26479270123E+00,+1.26516957767E+00,+1.31256276627E+00,-41.23114491E-03
+72.82500E-06,+1.38288315225E+00,+1.38326002869E+00,+1.39798990104E+00,+59.27136657E-03
+72.85000E-06,+1.36278264991E+00,+1.34557158686E+00,+1.34020095691E+00,-13.09044171E-03
+72.87500E-06,+1.35021983595E+00,+1.35310927524E+00,+1.35527633367E+00,+10.52764851E-03
+72.90000E-06,+1.34519471042E+00,+1.34557158686E+00,+1.32763814295E+00,+11.53267361E-03
+72.92500E-06,+1.34770727319E+00,+1.34557158686E+00,+1.34271351968E+00,+15.05026152E-03
+72.95000E-06,+1.37785802659E+00,+1.34557158686E+00,+1.35778889640E+00,+16.05528663E-03
+72.97500E-06,+1.37785802663E+00,+1.36567208916E+00,+1.34773864529E+00,+11.53267361E-03
+73.00000E-06,+1.04619973869E+00,+1.05160174074E+00,+1.37537683589E+00,+41.68342704E-03
+73.02500E-06,+1.02358667366E+00,+1.00386304781E+00,+1.36030145921E+00,-28.16581843E-03
+73.05000E-06,+1.02861179928E+00,+1.04657661521E+00,+1.35778889640E+00,+12.03518617E-03
+73.07500E-06,+1.03614948758E+00,+1.01642586172E+00,+1.34773864529E+00,+1.98493502E-03
+73.10000E-06,+1.05624998992E+00,+1.02396355011E+00,+1.34773864525E+00,+13.04021128E-03
+73.12500E-06,+1.02609923643E+00,+1.02396355011E+00,+1.35778889644E+00,+11.03016106E-03
+73.15000E-06,+1.04368717596E+00,+1.02145098730E+00,+1.35778889640E+00,-25.11520E-06
+73.17500E-06,+1.01102385975E+00,+1.02396355011E+00,+1.32763814300E+00,-527.62777E-06
+73.20000E-06,+1.24469219893E+00,+1.26516957767E+00,+1.32512558023E+00,-41.23114491E-03
+73.22500E-06,+1.36529521272E+00,+1.36818465193E+00,+1.35778889644E+00,+56.25629122E-03
+73.25000E-06,+1.34268214761E+00,+1.34557158686E+00,+1.34020095691E+00,-12.08541658E-03
+73.27500E-06,+1.37785802663E+00,+1.35813440078E+00,+1.37286427312E+00,+18.06533685E-03
+73.30000E-06,+1.35775752437E+00,+1.35813440082E+00,+1.34773864525E+00,+6.50754803E-03
+73.32500E-06,+1.34519471042E+00,+1.36315952639E+00,+1.32010045461E+00,+15.55277407E-03
+73.35000E-06,+1.36278264991E+00,+1.34808414967E+00,+1.36281402202E+00,+26.60805033E-03
+73.37500E-06,+1.36529521272E+00,+1.34557158686E+00,+1.36030145921E+00,+17.06031175E-03
+73.40000E-06,+1.01353642243E+00,+1.01893842449E+00,+1.35527633359E+00,+33.64322612E-03
+73.42500E-06,+1.02107411090E+00,+1.02396355011E+00,+1.32512558015E+00,-21.13064262E-03
+73.45000E-06,+1.03866205034E+00,+1.04406405240E+00,+1.32010045461E+00,+19.07036197E-03
+73.47500E-06,+1.01604898528E+00,+1.03652636402E+00,+1.34020095691E+00,+1.98493502E-03
+73.50000E-06,+1.02358667366E+00,+1.03652636406E+00,+1.34020095691E+00,+7.51257315E-03
+73.52500E-06,+1.02107411090E+00,+1.02396355011E+00,+1.36030145921E+00,+3.49247269E-03
+73.55000E-06,+1.02609923647E+00,+1.00888817342E+00,+1.35778889640E+00,+3.49247269E-03
+73.57500E-06,+1.00348617136E+00,+1.03150123849E+00,+1.36030145921E+00,+5.00001037E-03
+73.60000E-06,+1.26479270123E+00,+1.27019470329E+00,+1.31256276627E+00,-42.73868257E-03
+73.62500E-06,+1.40047109178E+00,+1.38577259146E+00,+1.35778889644E+00,+59.77387913E-03
+73.65000E-06,+1.32760677093E+00,+1.32547108456E+00,+1.35778889640E+00,-8.06531612E-03
+73.67500E-06,+1.34519471042E+00,+1.34054646133E+00,+1.34773864529E+00,+14.54774897E-03
+73.70000E-06,+1.33765702208E+00,+1.33300877291E+00,+1.32763814295E+00,+14.04523640E-03
+73.72500E-06,+1.32760677089E+00,+1.36315952639E+00,+1.34020095691E+00,+16.05528662E-03
+73.75000E-06,+1.36529521272E+00,+1.36315952635E+00,+1.35527633359E+00,+15.55277407E-03
+73.77500E-06,+1.36529521272E+00,+1.35813440078E+00,+1.35276377083E+00,+12.53769872E-03
+73.80000E-06,+1.01353642243E+00,+1.05411430347E+00,+1.34271351964E+00,+30.12563821E-03
+73.82500E-06,+1.02358667366E+00,+1.04155148964E+00,+1.35778889644E+00,-24.64823052E-03
+73.85000E-06,+1.04368717596E+00,+1.06165199189E+00,+1.36030145921E+00,+19.57287453E-03
+73.87500E-06,+1.05624998987E+00,+1.01140073619E+00,+1.36030145921E+00,+4.49749780E-03
+73.90000E-06,+1.04368717596E+00,+1.01140073615E+00,+1.35276377087E+00,+6.50754803E-03
+73.92500E-06,+1.04117461319E+00,+1.02647611287E+00,+1.32512558015E+00,+3.99498525E-03
+73.95000E-06,+1.04117461315E+00,+1.02145098730E+00,+1.34271351972E+00,+2.98996013E-03
+73.97500E-06,+1.02358667366E+00,+1.03150123849E+00,+1.33266326853E+00,+6.50754805E-03
+74.00000E-06,+1.27484295246E+00,+1.29029520559E+00,+1.35276377087E+00,-29.67335607E-03
+74.02500E-06,+1.38539571501E+00,+1.38577259146E+00,+1.37537683597E+00,+58.76885402E-03
+74.05000E-06,+1.36278264991E+00,+1.34808414967E+00,+1.34020095691E+00,-9.57285381E-03
+74.07500E-06,+1.35775752433E+00,+1.33300877295E+00,+1.38040196151E+00,+9.02011083E-03
+74.10000E-06,+1.37032033833E+00,+1.35813440082E+00,+1.34020095691E+00,+10.52764849E-03
+74.12500E-06,+1.36780777548E+00,+1.38074746592E+00,+1.35778889644E+00,+11.53267361E-03
+74.15000E-06,+1.36278264991E+00,+1.36315952635E+00,+1.36030145921E+00,+15.55277407E-03
+74.17500E-06,+1.36529521272E+00,+1.34557158686E+00,+1.35276377083E+00,+14.54774897E-03
+74.20000E-06,+1.04619973868E+00,+1.05913942908E+00,+1.36030145921E+00,+41.18091450E-03
+74.22500E-06,+1.02609923643E+00,+1.00386304781E+00,+1.34020095691E+00,-24.64823052E-03
+74.25000E-06,+1.02609923647E+00,+1.04406405240E+00,+1.34020095691E+00,+16.55779919E-03
+74.27500E-06,+1.02358667366E+00,+1.02898867564E+00,+1.34020095691E+00,+9.02011083E-03
+74.30000E-06,+1.04368717596E+00,+1.03652636406E+00,+1.34020095691E+00,+6.00503548E-03
+74.32500E-06,+1.04368717596E+00,+1.02396355011E+00,+1.36281402197E+00,+6.50754805E-03
+74.35000E-06,+1.04117461315E+00,+1.04155148959E+00,+1.34020095691E+00,+3.99498525E-03
+74.37500E-06,+1.03112436204E+00,+1.03150123849E+00,+1.34773864529E+00,+6.00503548E-03
+74.40000E-06,+1.29494345476E+00,+1.28275751725E+00,+1.33768839419E+00,-32.68843141E-03
+74.42500E-06,+1.38288315225E+00,+1.36818465193E+00,+1.37537683597E+00,+59.77387913E-03
+74.45000E-06,+1.36278264991E+00,+1.34557158686E+00,+1.35778889640E+00,-9.07034125E-03
+74.47500E-06,+1.37785802663E+00,+1.34054646133E+00,+1.36532658474E+00,+12.03518618E-03
+74.50000E-06,+1.35775752438E+00,+1.35059671248E+00,+1.34020095691E+00,+13.04021128E-03
+74.52500E-06,+1.32760677089E+00,+1.36315952639E+00,+1.32261301738E+00,+12.03518617E-03
+74.55000E-06,+1.36027008710E+00,+1.36567208916E+00,+1.34271351972E+00,+22.58794987E-03
+74.57500E-06,+1.34519471042E+00,+1.35813440078E+00,+1.36030145921E+00,+11.53267361E-03
+74.60000E-06,+1.02861179911E+00,+1.03150123845E+00,+1.35527633359E+00,+25.10051262E-03
+74.62500E-06,+1.02107411090E+00,+1.02396355011E+00,+1.35527633368E+00,-28.16581843E-03
+74.65000E-06,+1.04368717596E+00,+1.04155148959E+00,+1.36281402202E+00,+26.60805033E-03
+74.67500E-06,+1.03614948758E+00,+1.02396355011E+00,+1.34020095691E+00,+3.49247269E-03
+74.70000E-06,+1.02358667366E+00,+1.02396355011E+00,+1.35276377087E+00,+9.02011082E-03
+74.72500E-06,+1.02107411090E+00,+1.02145098734E+00,+1.34020095691E+00,+10.52764851E-03
+74.75000E-06,+1.04368717596E+00,+1.02647611291E+00,+1.34020095691E+00,+2.98996013E-03
+74.77500E-06,+1.03614948758E+00,+1.02396355011E+00,+1.34522608244E+00,+5.00001037E-03
+74.80000E-06,+1.26981782685E+00,+1.27521982891E+00,+1.34020095691E+00,-34.19596908E-03
+74.82500E-06,+1.36529521272E+00,+1.36567208916E+00,+1.36030145921E+00,+59.27136657E-03
+74.85000E-06,+1.36278264991E+00,+1.34305902405E+00,+1.34271351972E+00,-12.58792914E-03
+74.87500E-06,+1.36278264986E+00,+1.34557158686E+00,+1.35276377083E+00,+13.04021129E-03
+74.90000E-06,+1.35021983604E+00,+1.35310927520E+00,+1.34773864525E+00,+11.53267361E-03
+74.92500E-06,+1.36780777548E+00,+1.36315952639E+00,+1.35778889644E+00,+8.01508571E-03
+74.95000E-06,+1.34519471042E+00,+1.34557158686E+00,+1.34271351972E+00,+23.09046243E-03
+74.97500E-06,+1.36027008718E+00,+1.36567208916E+00,+1.36532658474E+00,+11.53267361E-03
+75.00000E-06,+1.05373742702E+00,+1.05411430347E+00,+1.35276377087E+00,+41.68342704E-03
+75.02500E-06,+1.02107411090E+00,+1.02396355011E+00,+1.30753764061E+00,-25.15074308E-03
+75.05000E-06,+1.02861179928E+00,+1.06165199189E+00,+1.35778889640E+00,+19.57287453E-03
+75.07500E-06,+1.02358667366E+00,+1.03652636402E+00,+1.35276377083E+00,+3.49247269E-03
+75.10000E-06,+1.03112436200E+00,+1.02898867572E+00,+1.37286427317E+00,+5.00001036E-03
+75.12500E-06,+1.00348617136E+00,+1.00637561057E+00,+1.34271351968E+00,+3.49247269E-03
+75.15000E-06,+1.02609923647E+00,+1.04155148959E+00,+1.37537683589E+00,+2.98996013E-03
+75.17500E-06,+1.02358667366E+00,+1.01642586172E+00,+1.34773864529E+00,+6.50754805E-03
+75.20000E-06,+1.23715451059E+00,+1.26516957767E+00,+1.33266326857E+00,-43.74370770E-03
+75.22500E-06,+1.38539571501E+00,+1.38326002869E+00,+1.34271351968E+00,+62.78895448E-03
+75.25000E-06,+1.34268214761E+00,+1.34557158686E+00,+1.35527633359E+00,-12.58792914E-03
+75.27500E-06,+1.37283290110E+00,+1.34557158686E+00,+1.34773864529E+00,+16.05528664E-03
+75.30000E-06,+1.35021983604E+00,+1.36064696354E+00,+1.36783914755E+00,+9.02011082E-03
+75.32500E-06,+1.34770727318E+00,+1.36315952639E+00,+1.36030145921E+00,+3.99498525E-03
+75.35000E-06,+1.36278264991E+00,+1.36818465197E+00,+1.36281402202E+00,+19.07036197E-03
+75.37500E-06,+1.35775752433E+00,+1.37320977754E+00,+1.33517583138E+00,+9.02011083E-03
+75.40000E-06,+1.04619973868E+00,+1.03150123845E+00,+1.36030145921E+00,+43.69347729E-03
+75.42500E-06,+1.04117461319E+00,+1.00637561057E+00,+1.34522608244E+00,-28.16581843E-03
+75.45000E-06,+1.02358667366E+00,+1.02396355011E+00,+1.34522608253E+00,+15.05026151E-03
+75.47500E-06,+1.02358667366E+00,+1.01893842457E+00,+1.32763814300E+00,+1.98493502E-03
+75.50000E-06,+1.01604898532E+00,+1.01893842449E+00,+1.32763814295E+00,+10.52764849E-03
+75.52500E-06,+1.04117461319E+00,+1.02145098734E+00,+1.35778889644E+00,+11.03016106E-03
+75.55000E-06,+1.04117461315E+00,+1.02396355011E+00,+1.32763814304E+00,-25.11520E-06
+75.57500E-06,+1.03614948758E+00,+1.03150123849E+00,+1.34020095691E+00,+5.00001037E-03
+75.60000E-06,+1.23715451059E+00,+1.27019470329E+00,+1.33266326857E+00,-44.24622024E-03
+75.62500E-06,+1.36529521272E+00,+1.40336053099E+00,+1.37788939874E+00,+59.27136657E-03
+75.65000E-06,+1.34770727323E+00,+1.32798364737E+00,+1.35778889640E+00,-12.58792914E-03
+75.67500E-06,+1.34016958489E+00,+1.35310927525E+00,+1.35276377082E+00,+6.50754805E-03
+75.70000E-06,+1.37032033833E+00,+1.34557158686E+00,+1.36030145921E+00,+6.50754803E-03
+75.72500E-06,+1.34770727318E+00,+1.36567208916E+00,+1.37537683597E+00,+5.00001035E-03
+75.75000E-06,+1.38288315220E+00,+1.34557158686E+00,+1.34271351972E+00,+19.57287453E-03
+75.77500E-06,+1.36027008719E+00,+1.37069721469E+00,+1.34773864529E+00,+13.04021129E-03
+75.80000E-06,+1.03866205034E+00,+1.04406405240E+00,+1.34271351963E+00,+40.17588937E-03
+75.82500E-06,+1.04117461319E+00,+1.02396355011E+00,+1.32261301738E+00,-28.16581843E-03
+75.85000E-06,+1.02358667366E+00,+1.02898867572E+00,+1.35778889640E+00,+19.57287453E-03
+75.87500E-06,+1.03614948758E+00,+1.04908917793E+00,+1.36532658474E+00,+4.49749780E-03
+75.90000E-06,+1.02358667366E+00,+1.04406405240E+00,+1.34773864525E+00,+2.48744757E-03
+75.92500E-06,+1.00599873413E+00,+1.00888817334E+00,+1.34020095691E+00,+10.02513595E-03
+75.95000E-06,+1.04117461315E+00,+1.02396355011E+00,+1.35527633359E+00,-3.54270310E-03
+75.97500E-06,+1.02861179919E+00,+1.02396355011E+00,+1.35276377082E+00,+5.00001037E-03
+76.00000E-06,+1.27735551519E+00,+1.26516957767E+00,+1.32010045461E+00,-43.74370770E-03
+76.02500E-06,+1.38288315225E+00,+1.40336053099E+00,+1.36281402197E+00,+58.76885402E-03
+76.05000E-06,+1.34770727323E+00,+1.34808414967E+00,+1.34020095691E+00,-5.55275335E-03
+76.07500E-06,+1.36529521272E+00,+1.37320977754E+00,+1.34020095691E+00,+15.55277407E-03
+76.10000E-06,+1.35775752438E+00,+1.36567208916E+00,+1.34020095691E+00,+13.04021128E-03
+76.12500E-06,+1.34519471042E+00,+1.34557158686E+00,+1.36030145921E+00,+7.51257315E-03
+76.15000E-06,+1.36529521272E+00,+1.36567208916E+00,+1.35778889640E+00,+15.55277407E-03
+76.17500E-06,+1.33765702203E+00,+1.36567208916E+00,+1.35527633368E+00,+19.57287453E-03
+76.20000E-06,+1.06127511536E+00,+1.02145098721E+00,+1.34271351963E+00,+29.12061308E-03
+76.22500E-06,+1.04117461319E+00,+1.02145098734E+00,+1.34271351968E+00,-24.64823052E-03
+76.25000E-06,+1.01102385979E+00,+1.02647611292E+00,+1.35778889640E+00,+19.07036197E-03
+76.27500E-06,+1.03614948758E+00,+1.03652636402E+00,+1.34773864529E+00,+10.02513594E-03
+76.30000E-06,+1.03112436200E+00,+1.03903892678E+00,+1.34020095691E+00,+7.51257315E-03
+76.32500E-06,+1.02107411090E+00,+1.02396355011E+00,+1.33768839415E+00,+11.03016106E-03
+76.35000E-06,+1.04117461315E+00,+1.02396355011E+00,+1.36030145921E+00,+3.49247269E-03
+76.37500E-06,+1.01604898528E+00,+1.03652636402E+00,+1.32763814300E+00,+979.90991E-06
+76.40000E-06,+1.25976757579E+00,+1.28275751725E+00,+1.32512558023E+00,-34.19596907E-03
+76.42500E-06,+1.36529521272E+00,+1.36818465192E+00,+1.35778889644E+00,+66.30654239E-03
+76.45000E-06,+1.34519471042E+00,+1.32547108456E+00,+1.36030145921E+00,-20.62813006E-03
+76.47500E-06,+1.35273239880E+00,+1.34557158686E+00,+1.36030145921E+00,+10.02513594E-03
+76.50000E-06,+1.34519471042E+00,+1.33803389852E+00,+1.36783914755E+00,+9.02011082E-03
+76.52500E-06,+1.33011933365E+00,+1.34808414963E+00,+1.32261301738E+00,+14.54774897E-03
+76.55000E-06,+1.36278264991E+00,+1.38074746584E+00,+1.36030145921E+00,+19.57287453E-03
+76.57500E-06,+1.34519471042E+00,+1.35813440078E+00,+1.34020095691E+00,+14.04523639E-03
+76.60000E-06,+1.04871230140E+00,+1.03401380116E+00,+1.35276377087E+00,+35.65327633E-03
+76.62500E-06,+1.02358667366E+00,+1.02396355011E+00,+1.32763814291E+00,-27.66330588E-03
+76.65000E-06,+1.02609923647E+00,+1.02396355011E+00,+1.34522608253E+00,+18.56784941E-03
+76.67500E-06,+1.03614948758E+00,+1.03652636402E+00,+1.36030145921E+00,+9.02011083E-03
+76.70000E-06,+1.02358667366E+00,+1.03652636406E+00,+1.34773864525E+00,+7.51257315E-03
+76.72500E-06,+1.02609923643E+00,+1.00637561057E+00,+1.36030145921E+00,+3.49247269E-03
+76.75000E-06,+1.02358667366E+00,+1.02396355011E+00,+1.35778889640E+00,-1.03014033E-03
+76.77500E-06,+1.03112436205E+00,+1.04406405240E+00,+1.36030145921E+00,+5.00001037E-03
+76.80000E-06,+1.28238064081E+00,+1.28275751725E+00,+1.34522608253E+00,-36.20601932E-03
+76.82500E-06,+1.38539571501E+00,+1.36567208916E+00,+1.34020095691E+00,+59.77387913E-03
+76.85000E-06,+1.34519471042E+00,+1.34557158686E+00,+1.35527633359E+00,-19.62310494E-03
+76.87500E-06,+1.35273239880E+00,+1.36567208916E+00,+1.34020095691E+00,+13.04021129E-03
+76.90000E-06,+1.34519471042E+00,+1.32547108456E+00,+1.34773864525E+00,+10.52764849E-03
+76.92500E-06,+1.36780777548E+00,+1.36567208916E+00,+1.36030145921E+00,+12.03518617E-03
+76.95000E-06,+1.33011933374E+00,+1.34808414967E+00,+1.35778889640E+00,+19.57287453E-03
+76.97500E-06,+1.35273239880E+00,+1.33300877295E+00,+1.34773864530E+00,+11.53267361E-03
+77.00000E-06,+1.05373742702E+00,+1.04657661512E+00,+1.36783914755E+00,+37.66332658E-03
+77.02500E-06,+1.00599873413E+00,+1.02396355011E+00,+1.36030145921E+00,-28.16581843E-03
+77.05000E-06,+1.04368717596E+00,+1.02647611292E+00,+1.34522608253E+00,+18.56784941E-03
+77.07500E-06,+1.02861179919E+00,+1.02396355011E+00,+1.34773864530E+00,+6.00503548E-03
+77.10000E-06,+1.02358667366E+00,+1.03652636406E+00,+1.32763814295E+00,+7.51257315E-03
+77.12500E-06,+1.02609923643E+00,+1.02145098734E+00,+1.36030145921E+00,+10.52764851E-03
+77.15000E-06,+1.04117461315E+00,+1.02396355011E+00,+1.33768839410E+00,-527.62777E-06
+77.17500E-06,+1.03112436205E+00,+998.83792228E-03,+1.36030145921E+00,+6.00503548E-03
+77.20000E-06,+1.28991832915E+00,+1.27773239163E+00,+1.33266326857E+00,-32.18591886E-03
+77.22500E-06,+1.38539571501E+00,+1.38326002869E+00,+1.34271351968E+00,+63.29146703E-03
+77.25000E-06,+1.36529521272E+00,+1.34305902405E+00,+1.34271351972E+00,-12.58792914E-03
+77.27500E-06,+1.36529521272E+00,+1.36567208916E+00,+1.36030145921E+00,+13.04021129E-03
+77.30000E-06,+1.36529521272E+00,+1.35813440082E+00,+1.39296477546E+00,+3.49247269E-03
+77.32500E-06,+1.35021983595E+00,+1.34808414963E+00,+1.36281402197E+00,+15.05026152E-03
+77.35000E-06,+1.38037058939E+00,+1.34808414967E+00,+1.36281402202E+00,+19.07036197E-03
+77.37500E-06,+1.37283290110E+00,+1.36567208916E+00,+1.36030145921E+00,+14.04523639E-03
+77.40000E-06,+1.04619973868E+00,+1.06667711742E+00,+1.36030145921E+00,+43.19096471E-03
+77.42500E-06,+1.01856154813E+00,+1.02396355011E+00,+1.34271351968E+00,-24.64823052E-03
+77.45000E-06,+1.04619973877E+00,+1.04657661521E+00,+1.34020095691E+00,+15.55277407E-03
+77.47500E-06,+1.02861179919E+00,+1.01642586172E+00,+1.35276377082E+00,+1.98493502E-03
+77.50000E-06,+1.02358667366E+00,+1.02396355011E+00,+1.34020095691E+00,+10.02513594E-03
+77.52500E-06,+1.00851129689E+00,+1.00386304781E+00,+1.34271351967E+00,+2.98996014E-03
+77.55000E-06,+1.04117461315E+00,+1.02647611292E+00,+1.36030145921E+00,-1.03014033E-03
+77.57500E-06,+1.01102385975E+00,+1.04406405240E+00,+1.35527633368E+00,+3.49247269E-03
+77.60000E-06,+1.28489320353E+00,+1.27773239163E+00,+1.32010045461E+00,-34.19596911E-03
+77.62500E-06,+1.36529521272E+00,+1.36818465192E+00,+1.34271351967E+00,+60.27639168E-03
+77.65000E-06,+1.36278264991E+00,+1.32547108456E+00,+1.35778889640E+00,-12.08541658E-03
+77.67500E-06,+1.36529521272E+00,+1.36567208916E+00,+1.36030145921E+00,+8.51759826E-03
+77.70000E-06,+1.37785802667E+00,+1.35813440082E+00,+1.32763814295E+00,+5.00001036E-03
+77.72500E-06,+1.33011933365E+00,+1.34557158686E+00,+1.35778889644E+00,+12.03518617E-03
+77.75000E-06,+1.34519471042E+00,+1.34305902405E+00,+1.35778889640E+00,+23.59297499E-03
+77.77500E-06,+1.36529521272E+00,+1.35310927525E+00,+1.36030145921E+00,+2.48744759E-03
+77.80000E-06,+1.37283290105E+00,+1.03401380116E+00,+1.32763814295E+00,+5.50252290E-03
+77.82500E-06,+1.36278264995E+00,+1.02396355011E+00,+1.36030145921E+00,-16.10551705E-03
+77.85000E-06,+1.34770727323E+00,+1.02396355011E+00,+1.38040196151E+00,+11.53267361E-03
+77.87500E-06,+1.35021983595E+00,+1.01140073619E+00,+1.34773864530E+00,+3.49247269E-03
+77.90000E-06,+1.37785802667E+00,+1.02396355011E+00,+1.34020095691E+00,-1.53265289E-03
+77.92500E-06,+1.34519471042E+00,+1.02647611287E+00,+1.33768839415E+00,+7.01006060E-03
+77.95000E-06,+1.36278264991E+00,+1.04155148959E+00,+1.34271351972E+00,-4.04521566E-03
+77.97500E-06,+1.34519471042E+00,+1.02396355011E+00,+1.34773864530E+00,+7.51257315E-03
+78.00000E-06,+1.36529521272E+00,+1.31039570789E+00,+1.35276377087E+00,-6.55777844E-03
+78.02500E-06,+1.38539571501E+00,+1.34808414963E+00,+1.34271351967E+00,+28.11558800E-03
+78.05000E-06,+1.35021983604E+00,+1.34557158686E+00,+1.34271351972E+00,-4.54772823E-03
+78.07500E-06,+1.34016958489E+00,+1.36064696363E+00,+1.37286427312E+00,+5.00001037E-03
+78.10000E-06,+1.36529521272E+00,+1.35813440082E+00,+1.36030145921E+00,+3.49247269E-03
+78.12500E-06,+1.36780777548E+00,+1.36315952640E+00,+1.35778889644E+00,+3.49247269E-03
+78.15000E-06,+1.38037058939E+00,+1.34557158686E+00,+1.37788939869E+00,+7.51257315E-03
+78.17500E-06,+1.37283290110E+00,+1.34557158686E+00,+1.34020095691E+00,+5.00001037E-03
+78.20000E-06,+1.03363692472E+00,+1.04155148950E+00,+1.33517583129E+00,+30.12563820E-03
+78.22500E-06,+1.02107411090E+00,+1.02396355011E+00,+1.34020095691E+00,-28.16581843E-03
+78.25000E-06,+1.02358667366E+00,+1.05913942908E+00,+1.34522608253E+00,+15.55277407E-03
+78.27500E-06,+1.04368717596E+00,+1.04406405240E+00,+1.34773864530E+00,-2.03516544E-03
+78.30000E-06,+1.03112436200E+00,+1.02396355011E+00,+1.36030145921E+00,-2.03516543E-03
+78.32500E-06,+1.02358667366E+00,+1.00637561057E+00,+1.34271351967E+00,+6.00503549E-03
+78.35000E-06,+1.04117461315E+00,+1.03903892678E+00,+1.34020095691E+00,-9.07034125E-03
+78.37500E-06,+1.03614948757E+00,+1.03652636402E+00,+1.36030145921E+00,+1.98493502E-03
+78.40000E-06,+1.23715451059E+00,+1.27773239163E+00,+1.32512558023E+00,-49.27134582E-03
+78.42500E-06,+1.41805903132E+00,+1.40336053099E+00,+1.33768839415E+00,+51.73367821E-03
+78.45000E-06,+1.34770727323E+00,+1.36064696354E+00,+1.34020095691E+00,-16.60802960E-03
+78.47500E-06,+1.35273239880E+00,+1.35813440077E+00,+1.34773864530E+00,+9.02011083E-03
+78.50000E-06,+1.35775752438E+00,+1.33300877290E+00,+1.34773864525E+00,+3.49247269E-03
+78.52500E-06,+1.34519471042E+00,+1.36567208916E+00,+1.32512558014E+00,+11.03016106E-03
+78.55000E-06,+1.36529521272E+00,+1.34808414967E+00,+1.35778889640E+00,+11.03016105E-03
+78.57500E-06,+1.36529521272E+00,+1.35059671239E+00,+1.36030145921E+00,+8.51759826E-03
+78.60000E-06,+1.36027008709E+00,+1.03150123844E+00,+1.34773864525E+00,+11.53267361E-03
+78.62500E-06,+1.34519471042E+00,+1.02396355011E+00,+1.36030145921E+00,-13.09044170E-03
+78.65000E-06,+1.35021983604E+00,+1.02145098729E+00,+1.32261301742E+00,+4.49749782E-03
+78.67500E-06,+1.37785802663E+00,+1.02396355011E+00,+1.36030145921E+00,+3.49247269E-03
+78.70000E-06,+1.35775752438E+00,+1.01642586177E+00,+1.34020095691E+00,-2.03516543E-03
+78.72500E-06,+1.36529521272E+00,+1.02145098734E+00,+1.33768839415E+00,+2.98996014E-03
+78.75000E-06,+1.36278264991E+00,+1.04406405240E+00,+1.32261301742E+00,-4.04521566E-03
+78.77500E-06,+1.35775752433E+00,+1.03652636402E+00,+1.34020095691E+00,+979.90991E-06
+78.80000E-06,+1.33263189646E+00,+1.30285801955E+00,+1.35276377087E+00,-11.08039144E-03
+78.82500E-06,+1.36780777548E+00,+1.36818465192E+00,+1.37788939874E+00,+23.59297499E-03
+78.85000E-06,+1.36278264990E+00,+1.36567208916E+00,+1.36030145921E+00,-8.06531612E-03
+78.87500E-06,+1.35273239880E+00,+1.33803389848E+00,+1.35276377082E+00,-1.53265287E-03
+78.90000E-06,+1.34519471042E+00,+1.35310927520E+00,+1.34773864525E+00,+6.00503549E-03
+78.92500E-06,+1.36278264995E+00,+1.34557158686E+00,+1.34271351967E+00,+3.49247269E-03
+78.95000E-06,+1.36278264990E+00,+1.36315952635E+00,+1.34020095691E+00,+8.01508572E-03
+78.97500E-06,+1.36529521272E+00,+1.35813440077E+00,+1.34773864530E+00,+3.49247269E-03
+79.00000E-06,+1.04117461305E+00,+1.07421480575E+00,+1.34020095691E+00,+39.17086425E-03
+79.02500E-06,+1.00599873413E+00,+1.04155148964E+00,+1.32512558014E+00,-21.13064262E-03
+79.05000E-06,+1.02609923647E+00,+1.04155148959E+00,+1.34020095691E+00,+11.53267361E-03
+79.07500E-06,+1.01604898528E+00,+1.01893842458E+00,+1.34020095691E+00,+1.98493502E-03
+79.10000E-06,+1.02358667366E+00,+1.01140073615E+00,+1.34020095691E+00,+3.49247269E-03
+79.12500E-06,+1.02609923643E+00,+1.02396355011E+00,+1.34271351967E+00,-527.62777E-06
+79.15000E-06,+1.04117461315E+00,+1.02396355011E+00,+1.35778889640E+00,-4.54772823E-03
+79.17500E-06,+1.03112436205E+00,+1.04406405240E+00,+1.35527633368E+00,-2.03516544E-03
+79.20000E-06,+1.28238064081E+00,+1.29783289393E+00,+1.34522608253E+00,-33.69345653E-03
+79.22500E-06,+1.38288315225E+00,+1.38577259146E+00,+1.36030145921E+00,+54.74875356E-03
+79.25000E-06,+1.36529521272E+00,+1.34557158686E+00,+1.36030145921E+00,-16.60802960E-03
+79.27500E-06,+1.36529521272E+00,+1.36567208916E+00,+1.35276377082E+00,+9.02011083E-03
+79.30000E-06,+1.35021983604E+00,+1.34557158686E+00,+1.34020095691E+00,+7.51257315E-03
+79.32500E-06,+1.36529521272E+00,+1.33049621009E+00,+1.34020095691E+00,+10.52764851E-03
+79.35000E-06,+1.36278264990E+00,+1.34808414967E+00,+1.35778889640E+00,+11.53267361E-03
+79.37500E-06,+1.36529521272E+00,+1.34054646134E+00,+1.36783914759E+00,+1.98493502E-03
+79.40000E-06,+1.35273239876E+00,+1.03903892678E+00,+1.34773864525E+00,+12.03518616E-03
+79.42500E-06,+1.36278264995E+00,+1.02145098734E+00,+1.38040196151E+00,-23.64320542E-03
+79.45000E-06,+1.36780777553E+00,+1.03903892678E+00,+1.36281402202E+00,+3.49247269E-03
+79.47500E-06,+1.35775752433E+00,+1.02396355011E+00,+1.34773864530E+00,-2.03516544E-03
+79.50000E-06,+1.37032033834E+00,+1.03150123844E+00,+1.36030145921E+00,+1.98493503E-03
+79.52500E-06,+1.34519471042E+00,+1.00637561057E+00,+1.35527633368E+00,-527.62777E-06
+79.55000E-06,+1.36529521272E+00,+1.00637561062E+00,+1.34020095691E+00,-1.03014033E-03
+79.57500E-06,+1.36529521272E+00,+1.02396355011E+00,+1.32763814300E+00,+2.98996012E-03
+79.60000E-06,+1.31755651978E+00,+1.27773239163E+00,+1.34522608253E+00,-11.58290402E-03
+79.62500E-06,+1.34770727318E+00,+1.34557158686E+00,+1.37788939874E+00,+19.57287453E-03
+79.65000E-06,+1.36529521272E+00,+1.34557158686E+00,+1.34020095691E+00,-12.08541658E-03
+79.67500E-06,+1.36529521272E+00,+1.36567208916E+00,+1.34020095691E+00,+3.49247269E-03
+79.70000E-06,+1.35775752438E+00,+1.34557158686E+00,+1.36030145921E+00,+4.49749782E-03
+79.72500E-06,+1.35021983594E+00,+1.34808414963E+00,+1.34020095691E+00,-3.54270312E-03
+79.75000E-06,+1.36529521272E+00,+1.36315952635E+00,+1.36281402202E+00,+7.01006059E-03
+79.77500E-06,+1.34770727328E+00,+1.35813440077E+00,+1.34773864530E+00,+8.51759826E-03
+79.80000E-06,+1.33263189646E+00,+998.83792219E-03,+1.32010045461E+00,+10.52764849E-03
+79.82500E-06,+1.36027008719E+00,+1.00637561057E+00,+1.35778889645E+00,-16.10551705E-03
+79.85000E-06,+1.33011933374E+00,+1.04155148959E+00,+1.34522608253E+00,+11.53267361E-03
+79.87500E-06,+1.35775752433E+00,+1.03652636402E+00,+1.35778889635E+00,+3.49247269E-03
+79.90000E-06,+1.36529521272E+00,+1.04406405240E+00,+1.34020095691E+00,+979.90990E-06
+79.92500E-06,+1.36529521272E+00,+1.02145098734E+00,+1.34271351967E+00,+2.48744759E-03
+79.95000E-06,+1.36278264990E+00,+1.04406405240E+00,+1.34020095691E+00,-1.03014033E-03
+79.97500E-06,+1.35273239880E+00,+1.03652636402E+00,+1.39296477542E+00,-527.62777E-06
+80.00000E-06,+1.36529521272E+00,+1.29783289393E+00,+1.37286427317E+00,-11.58290402E-03
+80.02500E-06,+1.38539571501E+00,+1.36315952640E+00,+1.34020095691E+00,+20.07538708E-03
+80.05000E-06,+1.34770727323E+00,+1.34808414967E+00,+1.35778889640E+00,-8.06531612E-03
+80.07500E-06,+1.34519471042E+00,+1.37320977755E+00,+1.33517583139E+00,+6.00503548E-03
+80.10000E-06,+1.33765702208E+00,+1.37320977750E+00,+1.34773864525E+00,+8.51759828E-03
+80.12500E-06,+1.36780777548E+00,+1.34808414962E+00,+1.34271351967E+00,+3.49247269E-03
+80.15000E-06,+1.36278264990E+00,+1.34808414967E+00,+1.34271351972E+00,+8.01508572E-03
+80.17500E-06,+1.37032033824E+00,+1.36567208916E+00,+1.34020095691E+00,+6.00503548E-03
+80.20000E-06,+1.04619973867E+00,+1.05160174074E+00,+1.36030145921E+00,+28.61810054E-03
+80.22500E-06,+1.02609923642E+00,+1.00637561057E+00,+1.35778889645E+00,-25.15074308E-03
+80.25000E-06,+1.02609923647E+00,+1.02647611292E+00,+1.36030145921E+00,+15.55277407E-03
+80.27500E-06,+1.03112436205E+00,+1.05662686631E+00,+1.34773864530E+00,+1.98493502E-03
+80.30000E-06,+1.02358667366E+00,+1.01893842448E+00,+1.34020095691E+00,+3.49247269E-03
+80.32500E-06,+1.00851129689E+00,+1.02396355011E+00,+1.34522608244E+00,+3.49247269E-03
+80.35000E-06,+1.02609923647E+00,+988.78767114E-03,+1.34020095691E+00,-4.04521566E-03
+80.37500E-06,+1.03112436205E+00,+1.03903892688E+00,+1.35276377082E+00,-7.06029101E-03
+80.40000E-06,+1.28238064081E+00,+1.29029520559E+00,+1.34020095691E+00,-33.69345653E-03
+80.42500E-06,+1.34770727318E+00,+1.38577259146E+00,+1.35778889645E+00,+55.25126611E-03
+80.45000E-06,+1.36027008709E+00,+1.36567208916E+00,+1.34522608253E+00,-17.11054217E-03
+80.47500E-06,+1.36529521272E+00,+1.34557158686E+00,+1.35276377082E+00,+979.90991E-06
+80.50000E-06,+1.37785802668E+00,+1.34557158686E+00,+1.36030145921E+00,+1.98493503E-03
+80.52500E-06,+1.34770727318E+00,+1.34808414962E+00,+1.36030145921E+00,+3.99498525E-03
+80.55000E-06,+1.36529521272E+00,+1.34808414967E+00,+1.39798990099E+00,+11.53267361E-03
+80.57500E-06,+1.37283290110E+00,+1.34557158686E+00,+1.36030145921E+00,+10.52764851E-03
+80.60000E-06,+1.02609923637E+00,+1.03401380115E+00,+1.34773864525E+00,+24.59800008E-03
+80.62500E-06,+1.04117461320E+00,+1.02396355011E+00,+1.34271351967E+00,-35.70350680E-03
+80.65000E-06,+1.04368717596E+00,+1.04406405240E+00,+1.34271351972E+00,+15.05026151E-03
+80.67500E-06,+1.02358667366E+00,+1.03150123849E+00,+1.34773864530E+00,-2.03516544E-03
+80.70000E-06,+1.02358667366E+00,+1.01140073615E+00,+1.34020095691E+00,+2.98996015E-03
+80.72500E-06,+1.02358667366E+00,+1.02396355011E+00,+1.34271351967E+00,+2.48744759E-03
+80.75000E-06,+1.02358667366E+00,+986.27510832E-03,+1.36030145921E+00,-5.05024079E-03
+80.77500E-06,+1.04368717596E+00,+1.02396355011E+00,+1.35276377082E+00,-4.54772823E-03
+80.80000E-06,+1.26479270123E+00,+1.25763188934E+00,+1.34522608254E+00,-46.75878303E-03
+80.82500E-06,+1.38288315225E+00,+1.36818465192E+00,+1.35778889645E+00,+58.76885402E-03
+80.85000E-06,+1.36278264990E+00,+1.34305902405E+00,+1.36030145921E+00,-20.12561750E-03
+80.87500E-06,+1.34016958489E+00,+1.37823490307E+00,+1.34773864530E+00,+9.02011083E-03
+80.90000E-06,+1.34519471042E+00,+1.34557158686E+00,+1.36783914754E+00,+1.98493503E-03
+80.92500E-06,+1.34519471042E+00,+1.36567208916E+00,+1.34020095691E+00,+7.01006060E-03
+80.95000E-06,+1.36529521272E+00,+1.35059671249E+00,+1.37537683588E+00,+12.03518617E-03
+80.97500E-06,+1.34519471042E+00,+1.35813440077E+00,+1.36783914759E+00,+4.49749780E-03
+81.00000E-06,+1.00599873408E+00,+1.00637561052E+00,+1.35527633358E+00,+20.57789962E-03
+81.02500E-06,+1.02107411090E+00,+1.02396355011E+00,+1.35778889645E+00,-28.66833098E-03
+81.05000E-06,+1.02609923647E+00,+1.02647611292E+00,+1.34271351972E+00,+8.01508572E-03
+81.07500E-06,+1.03614948757E+00,+1.04406405240E+00,+1.36030145921E+00,-1.03014034E-03
+81.10000E-06,+1.02358667366E+00,+1.03150123844E+00,+1.35778889650E+00,+1.98493503E-03
+81.12500E-06,+1.00599873413E+00,+1.04155148964E+00,+1.34020095691E+00,+2.98996014E-03
+81.15000E-06,+1.03614948752E+00,+1.05913942908E+00,+1.30502507794E+00,-8.06531612E-03
+81.17500E-06,+1.01102385975E+00,+1.01140073620E+00,+1.35276377082E+00,-5.55275333E-03
+81.20000E-06,+1.28238064082E+00,+1.28275751726E+00,+1.34020095691E+00,-31.18089373E-03
+81.22500E-06,+1.38539571501E+00,+1.38326002869E+00,+1.36030145921E+00,+52.23619076E-03
+81.25000E-06,+1.34519471042E+00,+1.34054646124E+00,+1.34271351972E+00,-19.62310494E-03
+81.27500E-06,+1.35273239881E+00,+1.35310927525E+00,+1.35276377082E+00,+3.49247269E-03
+81.30000E-06,+1.37785802668E+00,+1.35813440082E+00,+1.34020095691E+00,+3.49247269E-03
+81.32500E-06,+1.36278264995E+00,+1.34808414962E+00,+1.34020095691E+00,+3.99498525E-03
+81.35000E-06,+1.36278264990E+00,+1.34557158686E+00,+1.32261301743E+00,+18.56784941E-03
+81.37500E-06,+1.35775752433E+00,+1.35813440077E+00,+1.34020095691E+00,+11.53267361E-03
+81.40000E-06,+1.05373742701E+00,+1.04657661511E+00,+1.35276377087E+00,+32.63820099E-03
+81.42500E-06,+1.04117461320E+00,+1.02396355011E+00,+1.34271351967E+00,-25.15074308E-03
+81.45000E-06,+1.02107411085E+00,+1.02647611292E+00,+1.34020095691E+00,+5.00001038E-03
+81.47500E-06,+1.01604898528E+00,+1.01642586172E+00,+1.36030145921E+00,+1.98493502E-03
+81.50000E-06,+1.02358667366E+00,+1.02396355011E+00,+1.37286427317E+00,+1.98493503E-03
+81.52500E-06,+1.02358667366E+00,+1.02396355011E+00,+1.36281402197E+00,+3.49247269E-03
+81.55000E-06,+1.04368717596E+00,+1.02647611292E+00,+1.36030145921E+00,-4.04521566E-03
+81.57500E-06,+1.03112436205E+00,+1.03150123849E+00,+1.35276377082E+00,-2.03516544E-03
+81.60000E-06,+1.25725501289E+00,+1.25009420100E+00,+1.34522608254E+00,-49.77385836E-03
+81.62500E-06,+1.38539571501E+00,+1.38577259146E+00,+1.34271351967E+00,+59.77387913E-03
+81.65000E-06,+1.34770727323E+00,+1.34305902405E+00,+1.34020095691E+00,-20.62813006E-03
+81.67500E-06,+1.35775752433E+00,+1.34557158686E+00,+1.34773864530E+00,+5.00001037E-03
+81.70000E-06,+1.34519471042E+00,+1.35310927520E+00,+1.32010045461E+00,+979.90990E-06
+81.72500E-06,+1.34770727318E+00,+1.36064696364E+00,+1.36030145921E+00,+3.99498525E-03
+81.75000E-06,+1.34770727323E+00,+1.36064696353E+00,+1.37537683588E+00,+12.03518617E-03
+81.77500E-06,+1.35775752433E+00,+1.34557158686E+00,+1.35527633369E+00,+10.52764851E-03
+81.80000E-06,+1.05122486430E+00,+1.05913942907E+00,+1.34773864525E+00,+29.12061312E-03
+81.82500E-06,+1.02358667366E+00,+1.00386304781E+00,+1.35527633369E+00,-25.65325563E-03
+81.85000E-06,+1.02358667366E+00,+1.04406405240E+00,+1.36030145921E+00,+8.01508572E-03
+81.87500E-06,+1.02861179918E+00,+1.02396355011E+00,+1.34020095691E+00,+6.00503548E-03
+81.90000E-06,+1.02861179929E+00,+1.02396355011E+00,+1.35276377087E+00,+3.49247269E-03
+81.92500E-06,+1.02861179918E+00,+1.00637561057E+00,+1.37537683598E+00,-527.62777E-06
+81.95000E-06,+1.04117461315E+00,+1.02396355011E+00,+1.32512558024E+00,-7.56280356E-03
+81.97500E-06,+1.01856154814E+00,+1.03652636402E+00,+1.33266326852E+00,+1.98493502E-03
+82.00000E-06,+1.26228013852E+00,+1.28275751726E+00,+1.32010045461E+00,-40.72863232E-03
+82.02500E-06,+1.38539571501E+00,+1.38326002870E+00,+1.37788939874E+00,+47.71357775E-03
+82.05000E-06,+1.36278264990E+00,+1.34557158686E+00,+1.32261301743E+00,-12.58792914E-03
+82.07500E-06,+1.35273239881E+00,+1.34557158686E+00,+1.37286427312E+00,+9.02011083E-03
+82.10000E-06,+1.35021983604E+00,+1.35813440082E+00,+1.36030145921E+00,+3.49247269E-03
+82.12500E-06,+1.34770727318E+00,+1.34808414962E+00,+1.34271351967E+00,+3.99498525E-03
+82.15000E-06,+1.38037058939E+00,+1.36567208916E+00,+1.37788939869E+00,+11.03016105E-03
+82.17500E-06,+1.36529521272E+00,+1.35813440077E+00,+1.34020095691E+00,+9.52262336E-03
+82.20000E-06,+1.04619973867E+00,+1.03903892678E+00,+1.36783914754E+00,+31.63317591E-03
+82.22500E-06,+1.02358667366E+00,+1.04406405240E+00,+1.34271351967E+00,-29.17084353E-03
+82.25000E-06,+1.02358667366E+00,+1.02898867573E+00,+1.35778889640E+00,+12.03518617E-03
+82.27500E-06,+1.02861179918E+00,+1.02396355011E+00,+1.34773864530E+00,-4.54772823E-03
+82.30000E-06,+1.03112436200E+00,+1.03652636407E+00,+1.36030145921E+00,+979.90990E-06
+82.32500E-06,+1.02609923642E+00,+1.02145098734E+00,+1.34271351967E+00,-527.62777E-06
+82.35000E-06,+1.04368717596E+00,+1.02396355011E+00,+1.37537683588E+00,-4.04521566E-03
+82.37500E-06,+1.04368717596E+00,+1.03150123849E+00,+1.34020095691E+00,+1.98493502E-03
+82.40000E-06,+1.28238064082E+00,+1.28275751726E+00,+1.33266326858E+00,-40.22611978E-03
+82.42500E-06,+1.40047109179E+00,+1.40084796823E+00,+1.36281402197E+00,+55.25126611E-03
+82.45000E-06,+1.34770727323E+00,+1.34557158686E+00,+1.36030145921E+00,-20.62813006E-03
+82.47500E-06,+1.35775752433E+00,+1.35310927525E+00,+1.34773864530E+00,+9.02011083E-03
+82.50000E-06,+1.33765702208E+00,+1.34557158686E+00,+1.34020095691E+00,+6.00503549E-03
+82.52500E-06,+1.35021983594E+00,+1.36567208916E+00,+1.34271351967E+00,+3.49247269E-03
+82.55000E-06,+1.35021983604E+00,+1.36315952635E+00,+1.36030145921E+00,+12.03518617E-03
+82.57500E-06,+1.35775752433E+00,+1.33803389847E+00,+1.37286427312E+00,+4.49749780E-03
+82.60000E-06,+1.03866205033E+00,+1.00637561052E+00,+1.33517583128E+00,+23.09046241E-03
+82.62500E-06,+1.03866205044E+00,+1.00888817333E+00,+1.34271351967E+00,-33.19094399E-03
+82.65000E-06,+1.04368717596E+00,+1.06416455470E+00,+1.36030145921E+00,+12.03518617E-03
+82.67500E-06,+1.04368717596E+00,+1.03652636402E+00,+1.33517583139E+00,-4.54772823E-03
+82.70000E-06,+1.03614948762E+00,+1.02396355011E+00,+1.32763814295E+00,+3.49247269E-03
+82.72500E-06,+1.00599873413E+00,+1.02396355011E+00,+1.37537683598E+00,-25.11521E-06
+82.75000E-06,+1.02609923648E+00,+1.04155148959E+00,+1.30502507794E+00,-7.56280356E-03
+82.77500E-06,+1.04368717596E+00,+1.02396355011E+00,+1.35527633369E+00,-4.54772823E-03
+82.80000E-06,+1.25725501289E+00,+1.25009420100E+00,+1.31256276628E+00,-46.75878303E-03
+82.82500E-06,+1.38790827777E+00,+1.40336053099E+00,+1.37537683598E+00,+55.75377867E-03
+82.85000E-06,+1.36278264990E+00,+1.32295852175E+00,+1.34020095691E+00,-16.60802960E-03
+82.87500E-06,+1.36529521272E+00,+1.36567208916E+00,+1.36030145921E+00,+9.02011083E-03
+82.90000E-06,+1.36529521272E+00,+1.34557158686E+00,+1.34773864525E+00,+7.51257315E-03
+82.92500E-06,+1.36780777548E+00,+1.36315952640E+00,+1.36030145921E+00,+4.49749780E-03
+82.95000E-06,+1.36529521272E+00,+1.36567208916E+00,+1.36030145921E+00,+12.03518617E-03
+82.97500E-06,+1.37283290110E+00,+1.35813440077E+00,+1.34773864530E+00,+7.51257315E-03
+83.00000E-06,+1.02609923637E+00,+1.02647611281E+00,+1.31507532899E+00,+24.59800007E-03
+83.02500E-06,+1.02358667366E+00,+1.00386304781E+00,+1.34271351967E+00,-29.17084353E-03
+83.05000E-06,+1.02609923648E+00,+1.04657661522E+00,+1.36030145921E+00,+4.49749782E-03
+83.07500E-06,+1.03614948757E+00,+1.03652636402E+00,+1.34020095691E+00,+477.39734E-06
+83.10000E-06,+1.02358667366E+00,+1.01642586177E+00,+1.34020095691E+00,-527.62777E-06
+83.12500E-06,+1.04117461320E+00,+1.02396355011E+00,+1.36030145921E+00,-4.04521567E-03
+83.15000E-06,+1.02358667366E+00,+1.02396355011E+00,+1.35778889639E+00,-11.58290402E-03
+83.17500E-06,+1.03614948757E+00,+1.02898867563E+00,+1.35276377082E+00,-2.03516544E-03
+83.20000E-06,+1.26981782686E+00,+1.28275751726E+00,+1.34522608254E+00,-39.22109465E-03
+83.22500E-06,+1.38539571501E+00,+1.40336053099E+00,+1.36030145921E+00,+51.73367821E-03
+83.25000E-06,+1.33011933375E+00,+1.34557158686E+00,+1.35778889639E+00,-20.62813006E-03
+83.27500E-06,+1.36027008719E+00,+1.36567208916E+00,+1.34020095691E+00,+10.52764851E-03
+83.30000E-06,+1.33765702208E+00,+1.35310927520E+00,+1.32763814295E+00,+6.00503549E-03
+83.32500E-06,+1.36278264996E+00,+1.36567208916E+00,+1.34271351967E+00,+11.03016106E-03
+83.35000E-06,+1.36278264990E+00,+1.36315952635E+00,+1.36030145921E+00,+8.01508572E-03
+83.37500E-06,+1.36529521272E+00,+1.34557158686E+00,+1.35276377082E+00,+8.51759826E-03
+83.40000E-06,+1.02107411074E+00,+1.01391329885E+00,+1.32763814295E+00,+19.57287449E-03
+83.42500E-06,+1.02358667366E+00,+1.02396355011E+00,+1.36030145921E+00,-32.18591889E-03
+83.45000E-06,+1.06127511544E+00,+1.06165199189E+00,+1.34271351972E+00,+10.52764849E-03
+83.47500E-06,+1.03614948757E+00,+1.01642586172E+00,+1.34020095691E+00,+5.00001037E-03
+83.50000E-06,+1.04368717596E+00,+1.01140073614E+00,+1.35276377087E+00,+477.39736E-06
+83.52500E-06,+1.04368717596E+00,+1.04155148964E+00,+1.32261301737E+00,+2.98996014E-03
+83.55000E-06,+1.02358667366E+00,+1.02396355011E+00,+1.34020095691E+00,-8.06531612E-03
+83.57500E-06,+1.01102385975E+00,+1.03652636401E+00,+1.32763814300E+00,-527.62777E-06
+83.60000E-06,+1.28991832915E+00,+1.29029520560E+00,+1.34522608254E+00,-33.69345652E-03
+83.62500E-06,+1.36780777548E+00,+1.38577259146E+00,+1.35778889645E+00,+51.73367821E-03
+83.65000E-06,+1.36529521272E+00,+1.34557158686E+00,+1.34020095691E+00,-16.60802960E-03
+83.67500E-06,+1.35273239881E+00,+1.34557158686E+00,+1.35276377082E+00,+5.00001037E-03
+83.70000E-06,+1.34519471042E+00,+1.35813440082E+00,+1.38040196151E+00,-3.04019056E-03
+83.72500E-06,+1.36529521272E+00,+1.36567208916E+00,+1.37537683598E+00,+3.99498525E-03
+83.75000E-06,+1.38037058939E+00,+1.36567208916E+00,+1.34271351972E+00,+14.54774895E-03
+83.77500E-06,+1.34519471042E+00,+1.35813440077E+00,+1.36030145921E+00,+6.00503548E-03
+83.80000E-06,+1.00599873407E+00,+1.35310927520E+00,+1.38040196151E+00,+19.57287453E-03
+83.82500E-06,+1.04117461320E+00,+1.34808414962E+00,+1.32512558013E+00,-17.11054216E-03
+83.85000E-06,+1.02358667366E+00,+1.36567208916E+00,+1.35778889639E+00,+3.99498526E-03
+83.87500E-06,+1.02861179918E+00,+1.35813440077E+00,+1.36030145921E+00,+3.49247269E-03
+83.90000E-06,+1.03614948762E+00,+1.34557158686E+00,+1.34773864525E+00,+477.39736E-06
+83.92500E-06,+1.02107411090E+00,+1.36315952640E+00,+1.34271351967E+00,-5.05024078E-03
+83.95000E-06,+1.02358667366E+00,+1.36315952635E+00,+1.34020095691E+00,-8.06531612E-03
+83.97500E-06,+1.03112436205E+00,+1.36567208916E+00,+1.36030145921E+00,-527.62777E-06
+84.00000E-06,+1.26981782686E+00,+1.36567208916E+00,+1.34522608254E+00,-27.66330586E-03
+84.02500E-06,+1.40047109179E+00,+1.36818465192E+00,+1.34020095691E+00,+27.11056290E-03
+84.05000E-06,+1.35021983605E+00,+1.34808414968E+00,+1.35778889639E+00,-9.07034125E-03
+84.07500E-06,+1.33765702203E+00,+1.33803389847E+00,+1.36030145921E+00,+13.04021129E-03
+84.10000E-06,+1.36529521272E+00,+1.33300877290E+00,+1.36030145921E+00,+11.53267361E-03
+84.12500E-06,+1.40298365455E+00,+1.38577259146E+00,+1.34271351967E+00,+3.99498525E-03
+84.15000E-06,+1.36529521272E+00,+1.34808414968E+00,+1.34271351973E+00,+10.02513592E-03
+84.17500E-06,+1.34519471042E+00,+1.33300877295E+00,+1.35527633369E+00,+2.48744759E-03
+84.20000E-06,+1.35775752438E+00,+1.33300877290E+00,+1.35527633358E+00,+8.51759828E-03
+84.22500E-06,+1.36780777548E+00,+1.32798364732E+00,+1.34271351967E+00,-8.56782869E-03
+84.25000E-06,+1.38790827783E+00,+1.40336053094E+00,+1.36030145921E+00,-25.11520E-06
+84.27500E-06,+1.34519471042E+00,+1.36064696364E+00,+1.34773864530E+00,+3.49247269E-03
+84.30000E-06,+1.35273239875E+00,+1.34054646123E+00,+1.34773864525E+00,+6.00503549E-03
+84.32500E-06,+1.33011933364E+00,+1.34557158686E+00,+1.33517583139E+00,+8.01508570E-03
+84.35000E-06,+1.34519471042E+00,+1.36567208916E+00,+1.34020095691E+00,+11.03016105E-03
+84.37500E-06,+1.34519471042E+00,+1.33300877295E+00,+1.36030145921E+00,+6.00503548E-03
+84.40000E-06,+1.34519471042E+00,+1.34557158686E+00,+1.34773864525E+00,+6.50754803E-03
+84.42500E-06,+1.36529521272E+00,+1.34808414962E+00,+1.36030145921E+00,+8.01508570E-03
+84.45000E-06,+1.34519471042E+00,+1.34808414968E+00,+1.32512558024E+00,+3.49247269E-03
+84.47500E-06,+1.35775752433E+00,+1.35813440077E+00,+1.36030145921E+00,+7.51257315E-03
+84.50000E-06,+1.35775752438E+00,+1.35813440083E+00,+1.35527633358E+00,+3.49247269E-03
+84.52500E-06,+1.36529521272E+00,+1.36315952640E+00,+1.36030145921E+00,+3.99498525E-03
+84.55000E-06,+1.38037058938E+00,+1.36315952634E+00,+1.34271351973E+00,+4.49749782E-03
+84.57500E-06,+1.37785802662E+00,+1.36567208916E+00,+1.35276377082E+00,+10.02513593E-03
+84.60000E-06,+1.02861179907E+00,+1.35310927520E+00,+1.34020095691E+00,+29.62312566E-03
+84.62500E-06,+1.04117461320E+00,+1.34557158686E+00,+1.34020095691E+00,-8.56782869E-03
+84.65000E-06,+1.00599873418E+00,+1.34557158686E+00,+1.35778889639E+00,+12.53769874E-03
+84.67500E-06,+1.02861179918E+00,+1.35310927525E+00,+1.35276377082E+00,+9.02011083E-03
+84.70000E-06,+1.02358667366E+00,+1.36064696353E+00,+1.36030145921E+00,+477.39736E-06
+84.72500E-06,+1.02107411090E+00,+1.34557158686E+00,+1.36030145921E+00,+4.49749780E-03
+84.75000E-06,+1.00599873418E+00,+1.38074746583E+00,+1.35527633358E+00,+3.49247269E-03
+84.77500E-06,+1.04368717596E+00,+1.36567208916E+00,+1.36783914760E+00,+3.49247269E-03
+84.80000E-06,+1.28991832916E+00,+1.35059671249E+00,+1.32763814295E+00,-19.62310494E-03
+84.82500E-06,+1.36529521272E+00,+1.36567208916E+00,+1.36030145921E+00,+36.65830147E-03
+84.85000E-06,+1.34770727323E+00,+1.32295852175E+00,+1.34271351973E+00,-5.05024079E-03
+84.87500E-06,+1.36529521272E+00,+1.33300877295E+00,+1.35276377082E+00,+13.04021129E-03
+84.90000E-06,+1.33765702208E+00,+1.33300877290E+00,+988.44216660E-03,+6.50754803E-03
+84.92500E-06,+1.36278264996E+00,+1.32798364732E+00,+1.00603010614E+00,-4.54772823E-03
+84.95000E-06,+1.34519471042E+00,+1.34808414968E+00,+1.01859292015E+00,+22.58794986E-03
+84.97500E-06,+1.37785802662E+00,+1.36567208916E+00,+1.03115573406E+00,+14.04523639E-03
+85.00000E-06,+1.36529521272E+00,+1.04657661511E+00,+1.03366829682E+00,+25.10051266E-03
+85.02500E-06,+1.36278264996E+00,+1.02396355011E+00,+1.03869342245E+00,-7.56280358E-03
+85.05000E-06,+1.38790827783E+00,+1.02647611292E+00,+1.02110548297E+00,+11.03016105E-03
+85.07500E-06,+1.35775752433E+00,+1.02898867562E+00,+1.03869342245E+00,+979.90991E-06
+85.10000E-06,+1.37785802668E+00,+1.02396355011E+00,+1.01608035745E+00,+5.00001036E-03
+85.12500E-06,+1.34268214766E+00,+1.02647611287E+00,+998.49241786E-03,+7.51257315E-03
+85.15000E-06,+1.36278264990E+00,+1.00888817344E+00,+985.92960400E-03,-527.62777E-06
+85.17500E-06,+1.35273239881E+00,+1.02396355011E+00,+1.01859292015E+00,+10.02513593E-03
+85.20000E-06,+1.33263189645E+00,+1.27773239164E+00,+998.49241786E-03,-12.08541656E-03
+85.22500E-06,+1.36780777548E+00,+1.34808414962E+00,+1.01859292015E+00,+28.61810055E-03
+85.25000E-06,+1.34268214760E+00,+1.30788314508E+00,+1.32261301743E+00,-527.62777E-06
+85.27500E-06,+1.35775752433E+00,+1.32547108456E+00,+1.36030145921E+00,-12.08541657E-03
+85.30000E-06,+1.35775752438E+00,+1.35813440083E+00,+1.34773864524E+00,-3.04019056E-03
+85.32500E-06,+1.36529521272E+00,+1.38326002870E+00,+1.32512558013E+00,-25.11521E-06
+85.35000E-06,+1.34770727323E+00,+1.34557158686E+00,+1.36030145921E+00,+11.53267361E-03
+85.37500E-06,+1.37283290111E+00,+1.35813440077E+00,+1.34020095691E+00,+14.04523639E-03
+85.40000E-06,+1.34519471042E+00,+1.02647611281E+00,+1.34020095691E+00,+17.56282428E-03
+85.42500E-06,+1.35775752444E+00,+1.04155148964E+00,+1.34271351967E+00,-5.05024078E-03
+85.45000E-06,+1.36529521272E+00,+1.00637561062E+00,+1.34020095691E+00,+15.05026151E-03
+85.47500E-06,+1.36529521272E+00,+1.00386304781E+00,+1.35778889634E+00,+5.00001037E-03
+85.50000E-06,+1.35775752438E+00,+1.03652636407E+00,+1.34773864524E+00,+8.51759828E-03
+85.52500E-06,+1.36780777548E+00,+1.02396355011E+00,+1.34522608243E+00,+3.99498525E-03
+85.55000E-06,+1.38539571501E+00,+1.02647611292E+00,+1.37537683588E+00,+3.49247269E-03
+85.57500E-06,+1.35273239881E+00,+1.02396355011E+00,+1.38040196151E+00,+11.53267361E-03
+85.60000E-06,+1.35273239875E+00,+1.27019470330E+00,+1.36532658484E+00,-9.07034123E-03
+85.62500E-06,+1.36529521272E+00,+1.34557158686E+00,+1.34271351967E+00,+28.11558800E-03
+85.65000E-06,+1.38288315220E+00,+1.34305902405E+00,+1.34020095691E+00,+3.49247269E-03
+85.67500E-06,+1.36529521272E+00,+1.34557158686E+00,+1.34020095691E+00,+15.55277407E-03
+85.70000E-06,+1.35273239875E+00,+1.36567208916E+00,+1.33266326858E+00,+7.51257315E-03
+85.72500E-06,+1.34519471042E+00,+1.34808414962E+00,+1.35778889645E+00,+11.53267361E-03
+85.75000E-06,+1.34268214760E+00,+1.38326002864E+00,+1.36030145921E+00,+12.03518618E-03
+85.77500E-06,+1.36529521272E+00,+1.35813440077E+00,+1.33517583139E+00,+7.51257315E-03
+85.80000E-06,+1.36529521272E+00,+1.03150123844E+00,+1.34773864524E+00,+20.07538707E-03
+85.82500E-06,+1.34268214766E+00,+1.00637561057E+00,+1.36030145921E+00,-12.58792914E-03
+85.85000E-06,+1.34519471042E+00,+1.02647611292E+00,+1.36030145921E+00,+11.53267361E-03
+85.87500E-06,+1.37283290111E+00,+1.04406405240E+00,+1.34773864530E+00,+8.51759826E-03
+85.90000E-06,+1.37785802668E+00,+1.02396355011E+00,+1.33266326858E+00,+15.55277407E-03
+85.92500E-06,+1.34770727318E+00,+1.02396355011E+00,+1.35778889645E+00,+11.03016106E-03
+85.95000E-06,+1.36780777553E+00,+1.04406405240E+00,+1.32261301743E+00,+3.99498526E-03
+85.97500E-06,+1.34519471042E+00,+1.03150123850E+00,+1.34020095691E+00,+5.00001037E-03
+86.00000E-06,+1.33263189645E+00,+1.27019470330E+00,+1.34773864524E+00,-4.54772823E-03
+86.02500E-06,+1.38539571501E+00,+1.34557158686E+00,+1.36030145921E+00,+34.64825127E-03
+86.05000E-06,+1.36278264990E+00,+1.36315952634E+00,+1.34020095691E+00,-25.11520E-06
+86.07500E-06,+1.37283290111E+00,+1.36567208916E+00,+1.35276377082E+00,+9.02011083E-03
+86.10000E-06,+1.35273239875E+00,+1.34557158686E+00,+1.35276377088E+00,+6.50754803E-03
+86.12500E-06,+1.35021983594E+00,+1.34557158686E+00,+1.35527633369E+00,+7.01006060E-03
+86.15000E-06,+1.36529521272E+00,+1.36567208916E+00,+1.34271351973E+00,+11.53267361E-03
+86.17500E-06,+1.36529521272E+00,+1.33803389847E+00,+1.36030145921E+00,+15.55277407E-03
+86.20000E-06,+1.33765702209E+00,+998.83792218E-03,+1.34020095691E+00,+18.56784940E-03
+86.22500E-06,+1.36027008720E+00,+1.02145098735E+00,+1.34020095691E+00,-5.05024078E-03
+86.25000E-06,+1.36780777553E+00,+1.02145098729E+00,+1.34271351973E+00,+15.55277407E-03
+86.27500E-06,+1.37032033823E+00,+998.83792229E-03,+1.34773864530E+00,+1.98493502E-03
+86.30000E-06,+1.35775752438E+00,+1.03652636407E+00,+1.35276377088E+00,+7.51257315E-03
+86.32500E-06,+1.36278264996E+00,+1.00637561057E+00,+1.36030145921E+00,+10.52764851E-03
+86.35000E-06,+1.36278264990E+00,+1.02396355011E+00,+1.36030145921E+00,+7.01006059E-03
+86.37500E-06,+1.33765702203E+00,+1.02396355011E+00,+1.36030145921E+00,+3.49247269E-03
+86.40000E-06,+1.33263189645E+00,+1.27773239164E+00,+1.34522608254E+00,-10.57787889E-03
+86.42500E-06,+1.36529521272E+00,+1.34557158686E+00,+1.36030145921E+00,+31.63317591E-03
+86.45000E-06,+1.34770727323E+00,+1.36064696353E+00,+1.35527633358E+00,-1.03014033E-03
+86.47500E-06,+1.34519471042E+00,+1.34557158686E+00,+1.34020095691E+00,+14.04523639E-03
+86.50000E-06,+1.33765702209E+00,+1.35813440083E+00,+1.33266326858E+00,+8.51759828E-03
+86.52500E-06,+1.36529521272E+00,+1.34808414962E+00,+1.34020095691E+00,+12.53769872E-03
+86.55000E-06,+1.33011933375E+00,+1.34557158686E+00,+1.33768839410E+00,+15.05026151E-03
+86.57500E-06,+1.35775752433E+00,+1.35310927525E+00,+1.36030145921E+00,+12.53769872E-03
+86.60000E-06,+1.35775752438E+00,+1.01391329884E+00,+1.32763814295E+00,+15.05026149E-03
+86.62500E-06,+1.34519471042E+00,+1.02647611286E+00,+1.37537683599E+00,-8.06531613E-03
+86.65000E-06,+1.34770727323E+00,+1.02647611292E+00,+1.34020095691E+00,+14.54774895E-03
+86.67500E-06,+1.37283290111E+00,+1.01642586172E+00,+1.34522608243E+00,+4.49749780E-03
+86.70000E-06,+1.36529521272E+00,+1.03150123844E+00,+1.34020095691E+00,+12.03518615E-03
+86.72500E-06,+1.34770727318E+00,+1.00637561057E+00,+1.35778889645E+00,+7.01006060E-03
+86.75000E-06,+1.36529521272E+00,+1.02396355011E+00,+1.34020095691E+00,-25.11520E-06
+86.77500E-06,+1.35273239881E+00,+1.01893842459E+00,+1.34020095691E+00,+8.51759826E-03
+86.80000E-06,+1.33765702209E+00,+1.28527007997E+00,+1.36030145921E+00,-10.07536635E-03
+86.82500E-06,+1.36780777547E+00,+1.36567208916E+00,+1.35778889645E+00,+28.11558800E-03
+86.85000E-06,+1.34519471042E+00,+1.34808414968E+00,+1.36030145921E+00,-4.04521566E-03
+86.87500E-06,+1.37283290111E+00,+1.35310927525E+00,+1.36030145921E+00,+11.53267361E-03
+86.90000E-06,+1.35775752438E+00,+1.34557158686E+00,+1.36030145921E+00,+10.02513595E-03
+86.92500E-06,+1.34519471042E+00,+1.36567208916E+00,+1.34020095691E+00,+8.01508570E-03
+86.95000E-06,+1.36278264990E+00,+1.36315952634E+00,+1.34522608254E+00,+15.55277407E-03
+86.97500E-06,+1.36529521272E+00,+1.33803389847E+00,+1.36030145921E+00,+8.51759826E-03
+87.00000E-06,+1.34519471042E+00,+1.02145098717E+00,+1.31507532898E+00,+16.05528661E-03
+87.02500E-06,+1.34268214766E+00,+1.00637561057E+00,+1.34271351967E+00,-4.54772823E-03
+87.05000E-06,+1.36529521272E+00,+1.02396355011E+00,+1.32261301743E+00,+11.53267361E-03
+87.07500E-06,+1.34519471042E+00,+1.02396355011E+00,+1.36532658472E+00,+3.49247269E-03
+87.10000E-06,+1.37785802668E+00,+1.02898867574E+00,+1.34522608254E+00,+7.51257315E-03
+87.12500E-06,+1.34770727318E+00,+1.02396355011E+00,+1.36030145921E+00,+3.99498524E-03
+87.15000E-06,+1.38037058938E+00,+1.04155148959E+00,+1.37537683587E+00,+7.01006059E-03
+87.17500E-06,+1.35273239881E+00,+1.03652636401E+00,+1.34773864530E+00,+3.49247269E-03
+87.20000E-06,+1.35775752438E+00,+1.29532033123E+00,+1.37788939881E+00,-4.04521564E-03
+87.22500E-06,+1.36780777547E+00,+1.34557158686E+00,+1.34020095691E+00,+32.13568846E-03
+87.25000E-06,+1.36529521272E+00,+1.36315952634E+00,+1.30502507795E+00,+2.98996013E-03
+87.27500E-06,+1.34519471042E+00,+1.34557158686E+00,+1.34773864530E+00,+15.55277407E-03
+87.30000E-06,+1.34519471042E+00,+1.34557158686E+00,+1.34773864524E+00,+11.53267361E-03
+87.32500E-06,+1.33011933364E+00,+1.34808414962E+00,+1.34020095691E+00,+11.53267361E-03
+87.35000E-06,+1.38037058938E+00,+1.36567208916E+00,+1.34020095691E+00,+12.03518618E-03
+87.37500E-06,+1.36529521272E+00,+1.35813440077E+00,+1.34773864530E+00,+10.02513593E-03
+87.40000E-06,+1.36529521272E+00,+1.00637561051E+00,+1.34020095691E+00,+11.53267361E-03
+87.42500E-06,+1.36529521272E+00,+1.04406405240E+00,+1.34522608243E+00,-8.06531613E-03
+87.45000E-06,+1.34268214760E+00,+1.02647611292E+00,+1.36030145921E+00,+12.03518618E-03
+87.47500E-06,+1.36529521272E+00,+1.02396355011E+00,+1.34773864530E+00,+6.00503547E-03
+87.50000E-06,+1.35273239875E+00,+1.01140073614E+00,+1.36030145921E+00,+7.51257315E-03
+87.52500E-06,+1.38288315226E+00,+1.02396355011E+00,+1.34271351967E+00,+14.54774897E-03
+87.55000E-06,+1.34519471042E+00,+1.03903892677E+00,+1.33768839409E+00,+3.49247269E-03
+87.57500E-06,+1.34016958490E+00,+1.03652636401E+00,+1.36030145921E+00,+3.49247269E-03
+87.60000E-06,+1.32509420812E+00,+1.27773239164E+00,+1.36532658484E+00,-15.60300448E-03
+87.62500E-06,+1.38288315226E+00,+1.36567208916E+00,+1.36030145921E+00,+31.13066336E-03
+87.65000E-06,+1.37785802656E+00,+1.35059671250E+00,+1.36281402202E+00,+3.49247269E-03
+87.67500E-06,+1.36529521272E+00,+1.36567208916E+00,+1.35276377082E+00,-2.03516544E-03
+87.70000E-06,+1.34519471042E+00,+1.33803389853E+00,+1.34773864524E+00,+7.51257315E-03
+87.72500E-06,+1.35021983593E+00,+1.36064696364E+00,+1.35778889645E+00,+15.55277407E-03
+87.75000E-06,+1.38037058938E+00,+1.32798364738E+00,+1.37788939869E+00,+22.58794986E-03
+87.77500E-06,+1.36529521272E+00,+1.35310927525E+00,+1.33517583140E+00,+13.04021129E-03
+87.80000E-06,+1.35273239875E+00,+1.00637561051E+00,+1.34020095691E+00,+13.54272382E-03
+87.82500E-06,+1.32760677088E+00,+1.02145098735E+00,+1.35527633369E+00,-8.56782869E-03
+87.85000E-06,+1.35021983605E+00,+1.02396355011E+00,+1.32512558025E+00,+15.05026151E-03
+87.87500E-06,+1.33765702203E+00,+1.03150123850E+00,+1.36030145921E+00,+3.49247269E-03
+87.90000E-06,+1.34016958479E+00,+1.01140073614E+00,+1.36030145921E+00,+10.02513595E-03
+87.92500E-06,+1.34519471042E+00,+1.02145098735E+00,+1.34271351967E+00,+3.49247269E-03
+87.95000E-06,+1.36529521272E+00,+1.02145098729E+00,+1.34020095691E+00,+3.99498526E-03
+87.97500E-06,+1.34519471042E+00,+1.02396355011E+00,+1.35276377082E+00,+5.00001037E-03
+88.00000E-06,+1.36529521272E+00,+1.31542083353E+00,+1.35276377088E+00,-7.56280356E-03
+88.02500E-06,+1.36780777547E+00,+1.36567208916E+00,+1.34020095691E+00,+31.63317591E-03
+88.05000E-06,+1.34519471042E+00,+1.36315952634E+00,+1.34020095691E+00,+10.52764849E-03
+88.07500E-06,+1.37283290111E+00,+1.34557158686E+00,+1.35527633369E+00,+15.55277407E-03
+88.10000E-06,+1.36529521272E+00,+1.35310927519E+00,+1.34773864524E+00,+7.51257315E-03
+88.12500E-06,+1.34519471042E+00,+1.36818465192E+00,+1.34271351967E+00,+8.01508570E-03
+88.15000E-06,+1.34770727324E+00,+1.34557158686E+00,+1.34020095691E+00,+12.03518618E-03
+88.17500E-06,+1.34519471042E+00,+1.35813440077E+00,+1.36783914760E+00,+10.02513593E-03
+88.20000E-06,+1.35775752438E+00,+1.03903892677E+00,+1.34773864524E+00,+18.56784940E-03
+88.22500E-06,+1.34519471042E+00,+1.00386304781E+00,+1.36030145921E+00,-8.56782869E-03
+88.25000E-06,+1.34770727324E+00,+1.02396355011E+00,+1.34271351973E+00,+14.54774895E-03
+88.27500E-06,+1.36529521272E+00,+1.02396355011E+00,+1.34020095691E+00,+7.51257315E-03
+88.30000E-06,+1.35775752438E+00,+1.02396355011E+00,+1.34773864524E+00,+10.02513595E-03
+88.32500E-06,+1.36278264996E+00,+1.04155148965E+00,+1.35778889645E+00,+15.05026152E-03
+88.35000E-06,+1.34770727324E+00,+1.03903892677E+00,+1.34020095691E+00,+8.01508572E-03
+88.37500E-06,+1.34519471042E+00,+1.02396355011E+00,+1.32763814300E+00,+11.53267361E-03
+88.40000E-06,+1.35775752438E+00,+1.30285801957E+00,+1.35276377088E+00,+2.48744761E-03
+88.42500E-06,+1.36529521272E+00,+1.38326002870E+00,+1.34020095691E+00,+31.13066336E-03
+88.45000E-06,+1.34770727324E+00,+1.34305902405E+00,+1.32261301743E+00,-3.54270310E-03
+88.47500E-06,+1.36529521272E+00,+1.36567208916E+00,+1.36030145921E+00,+5.50252295E-03
+88.50000E-06,+1.35775752438E+00,+1.35813440083E+00,+1.36783914754E+00,+6.00503549E-03
+88.52500E-06,+1.35021983593E+00,+1.34557158686E+00,+1.36030145921E+00,+8.01508570E-03
+88.55000E-06,+1.36278264990E+00,+1.33049621020E+00,+1.36030145921E+00,+18.56784940E-03
+88.57500E-06,+1.37283290111E+00,+1.36567208916E+00,+1.34020095691E+00,+16.55779917E-03
+88.60000E-06,+1.34519471042E+00,+1.03903892677E+00,+1.34020095691E+00,+21.08041220E-03
+88.62500E-06,+1.36027008720E+00,+1.02396355011E+00,+1.34271351967E+00,-8.56782869E-03
+88.65000E-06,+1.33011933376E+00,+1.04155148959E+00,+1.34020095691E+00,+8.01508572E-03
+88.67500E-06,+1.36529521272E+00,+1.01642586171E+00,+1.34522608243E+00,+7.51257315E-03
+88.70000E-06,+1.35775752438E+00,+1.03652636407E+00,+1.34773864524E+00,+9.02011082E-03
+88.72500E-06,+1.34519471042E+00,+1.02396355011E+00,+1.34271351967E+00,+7.51257315E-03
+88.75000E-06,+1.36529521272E+00,+1.00386304781E+00,+1.37788939869E+00,+3.49247269E-03
+88.77500E-06,+1.34519471042E+00,+1.02898867562E+00,+1.36030145921E+00,+7.51257315E-03
+88.80000E-06,+1.35273239875E+00,+1.28527007997E+00,+1.35276377088E+00,-10.07536635E-03
+88.82500E-06,+1.36529521272E+00,+1.34808414962E+00,+1.35778889645E+00,+28.11558800E-03
+88.85000E-06,+1.34770727324E+00,+1.34557158686E+00,+1.32261301743E+00,+3.99498526E-03
+88.87500E-06,+1.36529521272E+00,+1.35813440077E+00,+1.33266326852E+00,+9.02011083E-03
+88.90000E-06,+1.35775752438E+00,+1.32547108456E+00,+1.35527633357E+00,+5.00001036E-03
+88.92500E-06,+1.34770727318E+00,+1.34808414962E+00,+1.34271351967E+00,+11.03016106E-03
+88.95000E-06,+1.36529521272E+00,+1.34808414968E+00,+1.35778889639E+00,+12.03518618E-03
+88.97500E-06,+1.33765702203E+00,+1.35813440077E+00,+1.36030145921E+00,+5.00001037E-03
+89.00000E-06,+1.36529521272E+00,+1.01893842447E+00,+1.34020095691E+00,+18.56784940E-03
+89.02500E-06,+1.34519471042E+00,+1.00637561057E+00,+1.37537683599E+00,-1.53265287E-03
+89.05000E-06,+1.38037058938E+00,+1.04155148959E+00,+1.36030145921E+00,+15.05026151E-03
+89.07500E-06,+1.35775752432E+00,+1.02396355011E+00,+1.34020095691E+00,+8.51759826E-03
+89.10000E-06,+1.35021983605E+00,+1.02396355011E+00,+1.36783914754E+00,+5.00001036E-03
+89.12500E-06,+1.36278264996E+00,+1.04657661516E+00,+1.34020095691E+00,+10.52764851E-03
+89.15000E-06,+1.36529521272E+00,+1.04406405240E+00,+1.32512558025E+00,-25.11520E-06
+89.17500E-06,+1.35775752432E+00,+1.02396355011E+00,+1.34020095691E+00,+7.51257315E-03
+89.20000E-06,+1.32509420812E+00,+1.28527007997E+00,+1.32512558025E+00,-6.05526589E-03
+89.22500E-06,+1.36529521272E+00,+1.36315952640E+00,+1.37537683599E+00,+28.11558800E-03
+89.25000E-06,+1.36278264990E+00,+1.34557158686E+00,+1.34020095691E+00,-527.62777E-06
+89.27500E-06,+1.37785802662E+00,+1.36567208916E+00,+1.36030145921E+00,+6.50754805E-03
+89.30000E-06,+1.35775752438E+00,+1.35310927519E+00,+1.36030145921E+00,+6.00503549E-03
+89.32500E-06,+1.35021983593E+00,+1.36567208916E+00,+1.36030145921E+00,+15.05026152E-03
+89.35000E-06,+1.34519471042E+00,+1.34557158686E+00,+1.34271351973E+00,+11.03016105E-03
+89.37500E-06,+1.34770727330E+00,+1.35310927525E+00,+1.34773864530E+00,+10.02513593E-03
+89.40000E-06,+1.35775752438E+00,+1.03401380113E+00,+1.33266326858E+00,+14.04523636E-03
+89.42500E-06,+1.34519471042E+00,+1.00637561057E+00,+1.36281402196E+00,-4.04521567E-03
+89.45000E-06,+1.34519471042E+00,+1.00637561063E+00,+1.34020095691E+00,+12.03518618E-03
+89.47500E-06,+1.35273239881E+00,+1.02396355011E+00,+1.36030145921E+00,+3.49247269E-03
+89.50000E-06,+1.36529521272E+00,+1.03652636407E+00,+1.36532658484E+00,+10.52764849E-03
+89.52500E-06,+1.34519471042E+00,+1.02396355011E+00,+1.34271351967E+00,+7.51257315E-03
+89.55000E-06,+1.38288315220E+00,+1.02396355011E+00,+1.35527633357E+00,-527.62777E-06
+89.57500E-06,+1.36529521272E+00,+1.02396355011E+00,+1.36030145921E+00,+979.90991E-06
+89.60000E-06,+1.36529521272E+00,+1.31542083354E+00,+1.34522608255E+00,-2.53767797E-03
+89.62500E-06,+1.38288315226E+00,+1.34808414962E+00,+1.35778889645E+00,+35.65327637E-03
+89.65000E-06,+1.32760677094E+00,+1.34557158686E+00,+1.34020095691E+00,-527.62777E-06
+89.67500E-06,+1.36529521272E+00,+1.35310927525E+00,+1.34020095691E+00,+11.53267361E-03
