x-axis,1,2,3,4
second,Volt,Volt,Volt,Volt
-6.40000E-06,+1.36529521272E+00,+1.02396355011E+00,+1.00979894772E+00,+1.01118088886E+00
-6.35000E-06,+1.36529521272E+00,+1.02710425359E+00,+1.02989945002E+00,+1.02814068767E+00
-6.30000E-06,+1.36529521272E+00,+1.02396355011E+00,+997.86427448E-03,+1.00301505980E+00
-6.25000E-06,+1.33200375579E+00,+1.02396355011E+00,+996.60799309E-03,+991.08038656E-03
-6.20000E-06,+1.36341079063E+00,+1.04217963031E+00,+1.00979894772E+00,+992.96480865E-03
-6.15000E-06,+1.36529521272E+00,+1.02396355011E+00,+1.00979894772E+00,+1.00804018538E+00
-6.10000E-06,+1.35712938366E+00,+1.03589822334E+00,+1.01796477678E+00,+999.24621562E-03
-6.05000E-06,+1.34519471042E+00,+1.03715450474E+00,+1.01670849539E+00,+991.08038656E-03
-6.00000E-06,+1.34707913251E+00,+1.04217963031E+00,+1.01168336981E+00,+991.08038656E-03
-5.95000E-06,+1.34519471042E+00,+1.02082284662E+00,+1.00351754075E+00,+994.22109005E-03
-5.90000E-06,+1.35712938366E+00,+1.04783289658E+00,+1.02989945002E+00,+1.00741204468E+00
-5.85000E-06,+1.35210425808E+00,+1.02396355011E+00,+1.02989945002E+00,+1.01118088886E+00
-5.80000E-06,+1.34519471042E+00,+1.02396355011E+00,+1.00979894772E+00,+991.08038656E-03
-5.75000E-06,+1.34833541390E+00,+1.02396355011E+00,+1.02675874654E+00,+1.00804018538E+00
-5.70000E-06,+1.34519471042E+00,+1.04783289658E+00,+981.53261637E-03,+991.08038656E-03
-5.65000E-06,+1.33828516275E+00,+1.03715450474E+00,+1.02989945002E+00,+984.17083890E-03
-5.60000E-06,+1.36717963481E+00,+1.02584797220E+00,+1.02989945002E+00,+1.01118088886E+00
-5.55000E-06,+1.36529521272E+00,+1.02710425359E+00,+1.02989945002E+00,+1.01118088886E+00
-5.50000E-06,+1.37346104177E+00,+1.04406405240E+00,+1.02989945002E+00,+1.00301505980E+00
-5.45000E-06,+1.35838566505E+00,+1.02459169080E+00,+1.00979894772E+00,+997.98993423E-03
-5.40000E-06,+1.34707913251E+00,+1.04217963031E+00,+1.00979894772E+00,+991.08038656E-03
-5.35000E-06,+1.34833541390E+00,+1.02396355011E+00,+1.02675874654E+00,+1.01118088886E+00
-5.30000E-06,+1.35712938366E+00,+1.04406405240E+00,+1.02613060584E+00,+1.01118088886E+00
-5.25000E-06,+1.33891330345E+00,+1.03715450474E+00,+1.00288940006E+00,+991.08038656E-03
-5.20000E-06,+1.34707913251E+00,+1.02396355011E+00,+1.01168336981E+00,+991.08038656E-03
-5.15000E-06,+1.34833541390E+00,+1.02710425359E+00,+1.02989945002E+00,+991.08038656E-03
-5.10000E-06,+1.35336053948E+00,+1.03212937916E+00,+1.02173362096E+00,+979.14571333E-03
-5.05000E-06,+1.35838566505E+00,+1.03087309777E+00,+1.00979894772E+00,+997.98993423E-03
-5.00000E-06,+1.36341079063E+00,+1.02584797220E+00,+1.02613060584E+00,+1.00929646677E+00
-4.95000E-06,+1.34519471042E+00,+1.02396355011E+00,+1.02361804305E+00,+1.00804018538E+00
-4.90000E-06,+1.35712938366E+00,+1.03212937916E+00,+1.02173362096E+00,+1.01494973304E+00
-4.85000E-06,+1.34519471042E+00,+1.02396355011E+00,+1.02989945002E+00,+997.98993423E-03
-4.80000E-06,+1.34707913251E+00,+1.04029520822E+00,+1.04623110814E+00,+992.96480865E-03
-4.75000E-06,+1.36529521272E+00,+1.04092334892E+00,+1.01293965121E+00,+994.22109005E-03
-4.70000E-06,+1.34142586624E+00,+1.01579772105E+00,+1.02989945002E+00,+999.24621562E-03
-4.65000E-06,+1.35210425808E+00,+1.01077259547E+00,+1.02298990235E+00,+1.00427134120E+00
-4.60000E-06,+1.34331028833E+00,+1.04029520822E+00,+1.00979894772E+00,+1.00929646677E+00
-4.55000E-06,+1.34519471042E+00,+1.02082284662E+00,+1.02361804305E+00,+987.93968308E-03
-4.50000E-06,+1.33326003718E+00,+1.02396355011E+00,+1.01796477678E+00,+1.03128139116E+00
-4.45000E-06,+1.35210425808E+00,+1.03087309777E+00,+1.01670849539E+00,+991.08038656E-03
-4.40000E-06,+1.34519471042E+00,+1.02396355011E+00,+1.00979894772E+00,+1.00929646677E+00
-4.35000E-06,+1.35901380575E+00,+1.00700375129E+00,+1.00665824424E+00,+991.08038656E-03
-4.30000E-06,+1.35336053948E+00,+1.02773239429E+00,+1.03806527908E+00,+979.14571333E-03
-4.25000E-06,+1.36529521272E+00,+1.03087309777E+00,+1.04309040465E+00,+991.08038656E-03
-4.20000E-06,+1.36341079063E+00,+1.02584797220E+00,+1.00979894772E+00,+992.96480865E-03
-4.15000E-06,+1.32823491161E+00,+1.02082284662E+00,+995.97985239E-03,+991.08038656E-03
-4.10000E-06,+1.35712938366E+00,+1.01202887687E+00,+1.01356779190E+00,+1.01118088886E+00
-4.05000E-06,+1.36529521272E+00,+1.02396355011E+00,+1.00979894772E+00,+1.01118088886E+00
-4.00000E-06,+1.34707913251E+00,+1.02584797220E+00,+1.02989945002E+00,+991.08038656E-03
-3.95000E-06,+1.35901380575E+00,+1.04092334892E+00,+1.00979894772E+00,+1.01432159235E+00
-3.90000E-06,+1.35336053948E+00,+1.02396355011E+00,+997.86427448E-03,+1.01118088886E+00
-3.85000E-06,+1.35838566505E+00,+1.03715450474E+00,+1.00351754075E+00,+991.08038656E-03
-3.80000E-06,+1.36152636854E+00,+1.02396355011E+00,+993.46728960E-03,+991.08038656E-03
-3.75000E-06,+1.35901380575E+00,+1.00386304781E+00,+1.02675874653E+00,+991.08038656E-03
-3.70000E-06,+1.34079772554E+00,+1.03212937916E+00,+1.01796477678E+00,+999.24621562E-03
-3.65000E-06,+1.35147611739E+00,+1.01705400244E+00,+1.02989945002E+00,+1.01118088886E+00
-3.60000E-06,+1.36717963481E+00,+1.02584797220E+00,+989.69844542E-03,+992.96480865E-03
-3.55000E-06,+1.38225501153E+00,+1.04406405240E+00,+1.04057784186E+00,+1.03128139116E+00
-3.50000E-06,+1.34519471042E+00,+1.03212937916E+00,+1.00979894772E+00,+979.14571333E-03
-3.45000E-06,+1.33828516275E+00,+1.03087309777E+00,+1.00979894772E+00,+1.01118088886E+00
-3.40000E-06,+1.34519471042E+00,+1.00386304781E+00,+1.02801502793E+00,+1.01118088886E+00
-3.35000E-06,+1.34519471042E+00,+1.02396355011E+00,+992.83914891E-03,+1.01118088886E+00
-3.30000E-06,+1.36529521272E+00,+1.03212937916E+00,+1.02989945002E+00,+1.01118088886E+00
-3.25000E-06,+1.34519471042E+00,+1.05034545937E+00,+1.02361804305E+00,+991.08038656E-03
-3.20000E-06,+1.36529521272E+00,+1.04406405240E+00,+1.00979894772E+00,+991.08038656E-03
-3.15000E-06,+1.33137561509E+00,+1.02082284662E+00,+1.00979894772E+00,+1.00804018538E+00
-3.10000E-06,+1.34519471042E+00,+1.01202887687E+00,+997.86427448E-03,+1.01118088886E+00
-3.05000E-06,+1.36529521272E+00,+1.03024495707E+00,+1.00979894772E+00,+1.00427134120E+00
-3.00000E-06,+1.36341079063E+00,+1.04217963031E+00,+993.46728960E-03,+991.08038656E-03
-2.95000E-06,+1.36529521272E+00,+1.04092334892E+00,+1.02675874653E+00,+1.01118088886E+00
-2.90000E-06,+1.36906405690E+00,+1.04406405240E+00,+1.00979894772E+00,+1.01118088886E+00
-2.85000E-06,+1.33200375579E+00,+1.02396355011E+00,+1.01608035469E+00,+997.98993423E-03
-2.80000E-06,+1.34707913251E+00,+1.04217963031E+00,+1.02989945002E+00,+1.02562812489E+00
-2.75000E-06,+1.34519471042E+00,+1.02396355011E+00,+989.69844542E-03,+1.00804018538E+00
-2.70000E-06,+1.34519471042E+00,+1.02396355011E+00,+1.04183412326E+00,+979.14571333E-03
-2.65000E-06,+1.35210425808E+00,+1.01705400244E+00,+1.02989945002E+00,+1.01118088886E+00
-2.60000E-06,+1.32697863021E+00,+1.06039571052E+00,+1.00979894772E+00,+992.96480865E-03
-2.55000E-06,+1.36215450923E+00,+1.04092334892E+00,+1.02989945002E+00,+1.01118088886E+00
-2.50000E-06,+1.36529521272E+00,+1.03212937916E+00,+1.02173362096E+00,+999.24621562E-03
-2.45000E-06,+1.34519471042E+00,+1.03087309777E+00,+1.03618085699E+00,+991.08038656E-03
-2.40000E-06,+1.36341079063E+00,+1.02584797220E+00,+1.02989945002E+00,+1.01118088886E+00
-2.35000E-06,+1.32509420812E+00,+1.04092334892E+00,+1.01608035469E+00,+1.02499998419E+00
-2.30000E-06,+1.35712938366E+00,+1.03212937916E+00,+997.86427448E-03,+979.14571333E-03
-2.25000E-06,+1.36529521272E+00,+1.03024495707E+00,+1.01670849539E+00,+1.01118088886E+00
-2.20000E-06,+1.36341079063E+00,+1.02396355011E+00,+1.03178387211E+00,+1.01118088886E+00
-2.15000E-06,+1.36529521272E+00,+1.05788314773E+00,+1.01608035469E+00,+1.01118088886E+00
-2.10000E-06,+1.35336053948E+00,+1.03589822334E+00,+1.01796477678E+00,+1.01118088886E+00
-2.05000E-06,+1.33828516275E+00,+1.02396355011E+00,+1.02298990235E+00,+997.98993423E-03
-2.00000E-06,+1.34707913251E+00,+1.02396355011E+00,+1.00979894772E+00,+1.01118088886E+00
-1.95000E-06,+1.36215450923E+00,+986.90324900E-03,+1.02675874653E+00,+994.22109005E-03
-1.90000E-06,+1.35712938366E+00,+1.05222988146E+00,+1.01356779190E+00,+1.00301505980E+00
-1.85000E-06,+1.34582285111E+00,+1.03087309777E+00,+1.02298990235E+00,+991.08038656E-03
-1.80000E-06,+1.34519471042E+00,+1.04406405240E+00,+1.01168336981E+00,+974.74872845E-03
-1.75000E-06,+1.34833541390E+00,+1.00700375129E+00,+1.03304015350E+00,+1.01432159235E+00
-1.70000E-06,+1.35336053948E+00,+1.03212937916E+00,+1.01356779190E+00,+1.00301505980E+00
-1.65000E-06,+1.33828516275E+00,+1.02396355011E+00,+1.01670849539E+00,+991.08038656E-03
-1.60000E-06,+1.32886305230E+00,+1.00574746990E+00,+1.04811553023E+00,+1.01118088886E+00
-1.55000E-06,+1.36215450923E+00,+1.00700375129E+00,+1.00979894772E+00,+994.22109005E-03
-1.50000E-06,+1.33326003718E+00,+1.03589822334E+00,+1.02989945002E+00,+1.00301505980E+00
-1.45000E-06,+1.33828516275E+00,+1.02396355011E+00,+1.01608035469E+00,+997.98993423E-03
-1.40000E-06,+1.36152636854E+00,+1.04217963031E+00,+1.01356779190E+00,+991.08038656E-03
-1.35000E-06,+1.34833541390E+00,+1.02396355011E+00,+1.04685924883E+00,+1.00804018538E+00
-1.30000E-06,+1.35712938366E+00,+1.02396355011E+00,+1.04999995232E+00,+1.00301505980E+00
-1.25000E-06,+1.36529521272E+00,+1.03087309777E+00,+1.02927130932E+00,+991.08038656E-03
-1.20000E-06,+1.36529521272E+00,+1.04406405240E+00,+1.01168336981E+00,+994.84923074E-03
-1.15000E-06,+1.36843591620E+00,+1.02710425359E+00,+1.00979894772E+00,+1.01432159235E+00
-1.10000E-06,+1.35336053948E+00,+1.04406405240E+00,+1.02173362096E+00,+962.81405521E-03
-1.05000E-06,+1.33200375579E+00,+1.03087309777E+00,+1.03618085699E+00,+1.01118088886E+00
-1.00000E-06,+1.36529521272E+00,+1.02584797220E+00,+1.00979894772E+00,+1.02939696907E+00
-950.00E-09,+1.32823491161E+00,+1.03778264543E+00,+1.00979894772E+00,+1.00804018538E+00
-900.00E-09,+1.35712938366E+00,+1.02396355011E+00,+1.00979894772E+00,+1.01934671792E+00
-850.00E-09,+1.35838566505E+00,+1.03715450474E+00,+1.01670849539E+00,+984.17083890E-03
-800.00E-09,+1.34707913251E+00,+1.04406405240E+00,+1.00979894772E+00,+992.96480865E-03
-750.00E-09,+1.36843591620E+00,+1.04092334892E+00,+1.02675874653E+00,+1.00804018538E+00
-700.00E-09,+1.35336053948E+00,+1.03589822334E+00,+1.00163311866E+00,+1.01118088886E+00
-650.00E-09,+1.34519471042E+00,+1.03715450474E+00,+1.01670849539E+00,+997.98993423E-03
-600.00E-09,+1.36341079063E+00,+1.02207912802E+00,+1.01356779190E+00,+972.86430636E-03
-550.00E-09,+1.32823491161E+00,+1.02396355011E+00,+1.04371854535E+00,+1.01118088886E+00
-500.00E-09,+1.33326003718E+00,+1.03589822334E+00,+1.00979894772E+00,+999.24621562E-03
-450.00E-09,+1.33828516275E+00,+1.03715450474E+00,+1.01670849539E+00,+997.98993423E-03
-400.00E-09,+1.32697863021E+00,+1.02584797220E+00,+993.46728960E-03,+992.96480865E-03
-350.00E-09,+1.34833541390E+00,+1.04092334892E+00,+1.04057784186E+00,+991.08038656E-03
-300.00E-09,+1.35336053948E+00,+1.03212937916E+00,+1.02173362096E+00,+1.00301505980E+00
-250.00E-09,+1.33891330345E+00,+1.02396355011E+00,+1.00288940006E+00,+1.00427134120E+00
-200.00E-09,+1.34519471042E+00,+1.00574746990E+00,+1.02801502793E+00,+991.08038656E-03
-150.00E-09,+1.34519471042E+00,+1.03778264543E+00,+1.02675874653E+00,+994.22109005E-03
-100.00E-09,+1.36906405690E+00,+1.03212937916E+00,+1.01356779190E+00,+1.00301505980E+00
-50.00E-09,+1.33200375579E+00,+1.01705400244E+00,+1.00979894772E+00,+1.01118088886E+00
+0.0E+00,+1.36152636854E+00,+1.29029520555E+00,+1.04999995232E+00,+1.03128139116E+00
+50.00E-09,+1.35901380575E+00,+1.36567208916E+00,+1.01293965121E+00,+1.01118088886E+00
+100.00E-09,+1.35336053948E+00,+1.36567208916E+00,+1.02613060584E+00,+1.02311556210E+00
+150.00E-09,+1.35901380575E+00,+1.35248113453E+00,+1.00288940006E+00,+1.01118088886E+00
+200.00E-09,+1.36529521272E+00,+1.20863691496E+00,+991.58286751E-03,+954.64822615E-03
+250.00E-09,+1.34519471042E+00,+1.04406405240E+00,+1.02361804305E+00,+1.00804018538E+00
+300.00E-09,+1.36529521272E+00,+1.03589822334E+00,+1.00979894772E+00,+1.03128139116E+00
+350.00E-09,+1.35838566505E+00,+1.01705400244E+00,+1.03618085699E+00,+1.03128139116E+00
+400.00E-09,+1.36341079063E+00,+1.26831028116E+00,+995.35171170E-03,+1.02939696907E+00
+450.00E-09,+1.36215450923E+00,+1.36567208916E+00,+1.04057784186E+00,+994.22109005E-03
+500.00E-09,+1.35336053948E+00,+1.32547108456E+00,+1.00979894772E+00,+1.00741204468E+00
+550.00E-09,+1.34519471042E+00,+1.35248113453E+00,+1.02298990235E+00,+977.88943193E-03
+600.00E-09,+1.36152636854E+00,+1.19607410103E+00,+987.81402333E-03,+972.86430636E-03
+650.00E-09,+1.34205400693E+00,+1.02396355011E+00,+1.00979894772E+00,+987.93968308E-03
+700.00E-09,+1.34896355460E+00,+1.01579772105E+00,+1.00979894772E+00,+1.01118088886E+00
+750.00E-09,+1.35147611739E+00,+1.03715450474E+00,+1.03052759072E+00,+1.02437184349E+00
+800.00E-09,+1.34331028833E+00,+1.26454143698E+00,+1.03178387211E+00,+1.01306531095E+00
+850.00E-09,+1.34833541390E+00,+1.36567208916E+00,+979.02005358E-03,+1.02814068767E+00
+900.00E-09,+1.32509420812E+00,+1.35373741592E+00,+1.02173362096E+00,+991.08038656E-03
+950.00E-09,+1.34519471042E+00,+1.35248113453E+00,+1.01670849539E+00,+991.08038656E-03
+1.00000E-06,+1.36341079063E+00,+1.18162686500E+00,+1.00979894772E+00,+972.86430636E-03
+1.05000E-06,+1.34519471042E+00,+1.02082284662E+00,+1.03304015350E+00,+991.08038656E-03
+1.10000E-06,+1.35712938366E+00,+1.01579772105E+00,+1.02989945002E+00,+1.01118088886E+00
+1.15000E-06,+1.34519471042E+00,+1.03087309777E+00,+1.03680899768E+00,+1.02437184349E+00
+1.20000E-06,+1.36341079063E+00,+1.31604897411E+00,+1.01168336981E+00,+1.02939696907E+00
+1.25000E-06,+1.36529521272E+00,+1.38263188797E+00,+1.01293965121E+00,+991.08038656E-03
+1.30000E-06,+1.34142586624E+00,+1.36567208916E+00,+1.02989945002E+00,+999.24621562E-03
+1.35000E-06,+1.33200375579E+00,+1.36567208916E+00,+1.02298990235E+00,+977.88943193E-03
+1.40000E-06,+1.34707913251E+00,+1.14142586040E+00,+1.00791452563E+00,+972.86430636E-03
+1.45000E-06,+1.34519471042E+00,+1.03778264543E+00,+1.00665824424E+00,+1.01118088886E+00
+1.50000E-06,+1.34896355460E+00,+1.02396355011E+00,+1.02989945002E+00,+979.14571333E-03
+1.55000E-06,+1.37157661968E+00,+1.03715450474E+00,+1.01670849539E+00,+991.08038656E-03
+1.60000E-06,+1.34707913251E+00,+1.24318465329E+00,+1.01168336981E+00,+1.05138189346E+00
+1.65000E-06,+1.34519471042E+00,+1.36253138568E+00,+1.01293965121E+00,+1.01118088886E+00
+1.70000E-06,+1.37722988595E+00,+1.34557158686E+00,+997.86427448E-03,+991.08038656E-03
+1.75000E-06,+1.35210425808E+00,+1.34557158686E+00,+1.01042708842E+00,+1.00427134120E+00
+1.80000E-06,+1.36341079063E+00,+1.15964194061E+00,+991.58286751E-03,+970.97988427E-03
+1.85000E-06,+1.36529521272E+00,+1.01014445478E+00,+1.04371854535E+00,+991.08038656E-03
+1.90000E-06,+1.33702888136E+00,+1.01202887687E+00,+1.02173362096E+00,+1.01118088886E+00
+1.95000E-06,+1.36529521272E+00,+1.03087309777E+00,+1.00979894772E+00,+997.98993423E-03
+2.00000E-06,+1.38351129292E+00,+1.28841078346E+00,+1.01545221399E+00,+1.06771355157E+00
+2.05000E-06,+1.34205400693E+00,+1.38263188797E+00,+992.83914891E-03,+1.01118088886E+00
+2.10000E-06,+1.35712938366E+00,+1.34557158686E+00,+1.01796477678E+00,+999.24621562E-03
+2.15000E-06,+1.37848616735E+00,+1.34557158686E+00,+1.01670849539E+00,+1.00427134120E+00
+2.20000E-06,+1.34707913251E+00,+1.11567209184E+00,+991.58286751E-03,+970.97988427E-03
+2.25000E-06,+1.34519471042E+00,+1.01768214314E+00,+1.02989945002E+00,+994.22109005E-03
+2.30000E-06,+1.36529521272E+00,+1.03589822334E+00,+1.02173362096E+00,+999.24621562E-03
+2.35000E-06,+1.35210425808E+00,+1.01077259547E+00,+1.02989945002E+00,+1.00427134120E+00
+2.40000E-06,+1.34707913251E+00,+1.29406404973E+00,+1.04811553023E+00,+1.03316581325E+00
+2.45000E-06,+1.36843591620E+00,+1.36881279264E+00,+1.00979894772E+00,+994.22109005E-03
+2.50000E-06,+1.35712938366E+00,+1.35373741592E+00,+1.00979894772E+00,+999.24621562E-03
+2.55000E-06,+1.36529521272E+00,+1.35248113453E+00,+996.60799309E-03,+1.01118088886E+00
+2.60000E-06,+1.36529521272E+00,+1.13577259413E+00,+991.58286751E-03,+989.19596447E-03
+2.65000E-06,+1.36529521272E+00,+1.02396355011E+00,+1.02361804305E+00,+1.00804018538E+00
+2.70000E-06,+1.37722988595E+00,+1.03212937916E+00,+1.02173362096E+00,+979.14571333E-03
+2.75000E-06,+1.34519471042E+00,+1.02396355011E+00,+1.01670849539E+00,+984.17083890E-03
+2.80000E-06,+1.34707913251E+00,+1.26831028116E+00,+1.02989945002E+00,+1.01118088886E+00
+2.85000E-06,+1.38225501153E+00,+1.36567208916E+00,+1.01293965121E+00,+991.08038656E-03
+2.90000E-06,+1.36529521272E+00,+1.36567208916E+00,+1.04183412326E+00,+979.14571333E-03
+2.95000E-06,+1.35838566505E+00,+1.36567208916E+00,+1.00288940006E+00,+991.08038656E-03
+3.00000E-06,+1.38162687083E+00,+1.17974244291E+00,+987.81402333E-03,+969.09546218E-03
+3.05000E-06,+1.34833541390E+00,+1.00700375129E+00,+992.83914891E-03,+991.08038656E-03
+3.10000E-06,+1.35712938366E+00,+1.01579772105E+00,+1.02173362096E+00,+1.01118088886E+00
+3.15000E-06,+1.35838566505E+00,+1.04406405240E+00,+1.03618085699E+00,+997.98993423E-03
+3.20000E-06,+1.34519471042E+00,+1.27019470325E+00,+1.01168336981E+00,+1.03128139116E+00
+3.25000E-06,+1.36529521272E+00,+1.36881279264E+00,+1.00979894772E+00,+1.02814068767E+00
+3.30000E-06,+1.37346104177E+00,+1.36567208916E+00,+1.02989945002E+00,+1.00301505980E+00
+3.35000E-06,+1.33891330345E+00,+1.35248113453E+00,+1.01670849539E+00,+991.08038656E-03
+3.40000E-06,+1.34331028833E+00,+1.10499369999E+00,+1.04623110814E+00,+970.97988427E-03
+3.45000E-06,+1.36215450923E+00,+1.04092334892E+00,+1.01293965121E+00,+1.01118088886E+00
+3.50000E-06,+1.35712938366E+00,+1.02396355011E+00,+1.01356779190E+00,+1.01118088886E+00
+3.55000E-06,+1.35210425808E+00,+1.03778264543E+00,+1.03618085699E+00,+1.01118088886E+00
+3.60000E-06,+1.36341079063E+00,+1.29783289391E+00,+1.01168336981E+00,+1.02939696907E+00
+3.65000E-06,+1.38225501153E+00,+1.38263188797E+00,+1.02675874653E+00,+991.08038656E-03
+3.70000E-06,+1.35336053948E+00,+1.36190324498E+00,+1.00979894772E+00,+1.02311556210E+00
+3.75000E-06,+1.36529521272E+00,+1.35939068219E+00,+1.01670849539E+00,+991.08038656E-03
+3.80000E-06,+1.34519471042E+00,+1.15210425225E+00,+991.58286751E-03,+972.86430636E-03
+3.85000E-06,+1.36215450923E+00,+1.02396355011E+00,+999.12055588E-03,+1.01118088886E+00
+3.90000E-06,+1.36529521272E+00,+1.03589822334E+00,+1.02989945002E+00,+1.00301505980E+00
+3.95000E-06,+1.37220476038E+00,+1.00386304781E+00,+1.03680899768E+00,+1.01118088886E+00
+4.00000E-06,+1.36529521272E+00,+1.30285801948E+00,+1.04811553023E+00,+1.01306531095E+00
+4.05000E-06,+1.34833541390E+00,+1.34871229035E+00,+1.01293965121E+00,+1.00804018538E+00
+4.10000E-06,+1.34142586624E+00,+1.34557158686E+00,+1.00979894772E+00,+1.00301505980E+00
+4.15000E-06,+1.34519471042E+00,+1.35248113453E+00,+1.02298990235E+00,+991.08038656E-03
+4.20000E-06,+1.36341079063E+00,+1.18853641266E+00,+1.01168336981E+00,+991.08038656E-03
+4.25000E-06,+1.36529521272E+00,+1.03778264543E+00,+1.02675874653E+00,+987.93968308E-03
+4.30000E-06,+1.36089822784E+00,+1.02773239429E+00,+1.01796477678E+00,+982.91455751E-03
+4.35000E-06,+1.35838566505E+00,+1.03087309777E+00,+1.01608035469E+00,+1.01118088886E+00
+4.40000E-06,+1.36529521272E+00,+1.28652636137E+00,+993.46728960E-03,+1.03128139116E+00
+4.45000E-06,+1.36529521272E+00,+1.36567208916E+00,+1.00979894772E+00,+997.36179353E-03
+4.50000E-06,+1.36529521272E+00,+1.35750626010E+00,+1.01796477678E+00,+1.01118088886E+00
+4.55000E-06,+1.33891330345E+00,+1.35876254149E+00,+1.01042708842E+00,+997.36179353E-03
+4.60000E-06,+1.34707913251E+00,+1.08677761978E+00,+1.00414568145E+00,+952.76380406E-03
+4.65000E-06,+1.34833541390E+00,+1.00386304781E+00,+1.00979894772E+00,+1.02814068767E+00
+4.70000E-06,+1.35712938366E+00,+1.02396355011E+00,+1.00979894772E+00,+1.00741204468E+00
+4.75000E-06,+1.33828516275E+00,+1.02396355011E+00,+1.03680899768E+00,+997.98993423E-03
+4.80000E-06,+1.36152636854E+00,+1.29029520555E+00,+1.01168336981E+00,+1.02939696907E+00
+4.85000E-06,+1.37911430804E+00,+1.36567208916E+00,+995.97985239E-03,+1.00804018538E+00
+4.90000E-06,+1.34142586624E+00,+1.36944093334E+00,+997.86427448E-03,+999.24621562E-03
+4.95000E-06,+1.36529521272E+00,+1.35876254150E+00,+1.02298990235E+00,+1.01809043653E+00
+5.00000E-06,+1.32697863021E+00,+1.10310927790E+00,+1.00979894772E+00,+950.87938197E-03
+5.05000E-06,+1.32823491161E+00,+1.00386304781E+00,+1.00979894772E+00,+994.22109005E-03
+5.10000E-06,+1.35336053948E+00,+1.00386304781E+00,+1.00163311866E+00,+1.00301505980E+00
+5.15000E-06,+1.34519471042E+00,+1.03087309777E+00,+1.01608035469E+00,+1.00427134120E+00
+5.20000E-06,+1.32886305230E+00,+1.28652636137E+00,+995.35171169E-03,+1.00929646677E+00
+5.25000E-06,+1.36529521272E+00,+1.34557158686E+00,+1.00665824424E+00,+1.01118088886E+00
+5.30000E-06,+1.32132536394E+00,+1.34180274268E+00,+1.02173362096E+00,+979.14571333E-03
+5.35000E-06,+1.35838566505E+00,+1.35876254150E+00,+1.02989945002E+00,+1.01118088886E+00
+5.40000E-06,+1.36152636854E+00,+1.14142586040E+00,+969.59794313E-03,+970.97988427E-03
+5.45000E-06,+1.34519471042E+00,+1.04092334892E+00,+1.00979894772E+00,+1.00804018538E+00
+5.50000E-06,+1.36529521272E+00,+1.04406405240E+00,+1.02173362096E+00,+1.01494973304E+00
+5.55000E-06,+1.34519471042E+00,+1.02396355011E+00,+996.60799309E-03,+997.98993423E-03
+5.60000E-06,+1.34707913251E+00,+1.30097359739E+00,+1.02989945002E+00,+1.01306531095E+00
+5.65000E-06,+1.36215450923E+00,+1.34557158686E+00,+1.01608035469E+00,+1.01118088886E+00
+5.70000E-06,+1.33702888136E+00,+1.32923992875E+00,+1.00163311866E+00,+991.08038656E-03
+5.75000E-06,+1.33891330345E+00,+1.35185299383E+00,+1.01670849539E+00,+997.98993423E-03
+5.80000E-06,+1.38351129292E+00,+1.06290827330E+00,+989.69844542E-03,+991.08038656E-03
+5.85000E-06,+1.34519471042E+00,+1.02082284662E+00,+1.02675874653E+00,+1.00804018538E+00
+5.90000E-06,+1.35336053948E+00,+1.02396355011E+00,+1.02613060584E+00,+991.08038656E-03
+5.95000E-06,+1.34519471042E+00,+1.03715450474E+00,+1.02298990235E+00,+997.98993423E-03
+6.00000E-06,+1.34707913251E+00,+1.28652636137E+00,+1.01168336981E+00,+1.05138189346E+00
+6.05000E-06,+1.36529521272E+00,+1.38263188797E+00,+1.02675874653E+00,+960.30149242E-03
+6.10000E-06,+1.34519471042E+00,+1.34557158686E+00,+1.00979894772E+00,+979.14571333E-03
+6.15000E-06,+1.35838566505E+00,+1.36567208916E+00,+1.02927130932E+00,+1.00427134120E+00
+6.20000E-06,+1.38351129292E+00,+1.17408917664E+00,+1.00414568145E+00,+972.86430636E-03
+6.25000E-06,+1.34833541390E+00,+1.02396355011E+00,+1.02675874653E+00,+1.00489948189E+00
+6.30000E-06,+1.36529521272E+00,+1.03589822334E+00,+1.00979894772E+00,+999.24621562E-03
+6.35000E-06,+1.35901380575E+00,+1.03715450474E+00,+1.02298990235E+00,+997.98993423E-03
+6.40000E-06,+1.36341079063E+00,+1.27961681370E+00,+1.04811553023E+00,+1.03128139116E+00
+6.45000E-06,+1.35147611739E+00,+1.37949118449E+00,+1.00979894772E+00,+1.03128139116E+00
+6.50000E-06,+1.35336053948E+00,+1.34557158686E+00,+1.00163311866E+00,+991.08038656E-03
+6.55000E-06,+1.32509420812E+00,+1.33929017989E+00,+1.02361804305E+00,+991.08038656E-03
+6.60000E-06,+1.34707913251E+00,+1.08489319769E+00,+1.00791452563E+00,+952.76380406E-03
+6.65000E-06,+1.32823491161E+00,+1.02710425359E+00,+1.02989945002E+00,+984.79897960E-03
+6.70000E-06,+1.35712938366E+00,+1.02396355011E+00,+1.02613060584E+00,+1.00301505980E+00
+6.75000E-06,+1.32509420812E+00,+1.03087309777E+00,+1.02361804305E+00,+1.01118088886E+00
+6.80000E-06,+1.34707913251E+00,+1.33049621014E+00,+995.35171169E-03,+1.03128139116E+00
+6.85000E-06,+1.36529521272E+00,+1.38577259146E+00,+995.97985239E-03,+994.22109005E-03
+6.90000E-06,+1.37346104177E+00,+1.36567208916E+00,+1.02173362096E+00,+1.01934671792E+00
+6.95000E-06,+1.35210425808E+00,+1.35248113453E+00,+1.02298990235E+00,+984.17083890E-03
+7.00000E-06,+1.34707913251E+00,+1.13765701622E+00,+985.92960124E-03,+970.97988427E-03
+7.05000E-06,+1.34519471042E+00,+1.02396355011E+00,+995.97985239E-03,+994.22109005E-03
+7.10000E-06,+1.35712938366E+00,+1.02396355011E+00,+1.00979894772E+00,+991.08038656E-03
+7.15000E-06,+1.34519471042E+00,+1.02396355011E+00,+1.03680899768E+00,+1.00427134120E+00
+7.20000E-06,+1.34331028833E+00,+1.25951631140E+00,+1.03178387211E+00,+1.01306531095E+00
+7.25000E-06,+1.38225501153E+00,+1.34871229035E+00,+1.00979894772E+00,+1.01118088886E+00
+7.30000E-06,+1.34519471042E+00,+1.35373741592E+00,+997.86427448E-03,+1.00301505980E+00
+7.35000E-06,+1.34582285111E+00,+1.35248113453E+00,+996.60799309E-03,+1.00427134120E+00
+7.40000E-06,+1.33074747439E+00,+1.10687812208E+00,+1.00603010354E+00,+950.87938197E-03
+7.45000E-06,+1.33137561509E+00,+1.02082284662E+00,+1.02675874653E+00,+1.00804018538E+00
+7.50000E-06,+1.36529521272E+00,+1.03589822334E+00,+1.00603010354E+00,+991.08038656E-03
+7.55000E-06,+1.33891330345E+00,+1.02396355011E+00,+1.00979894772E+00,+997.98993423E-03
+7.60000E-06,+1.34331028833E+00,+1.31039570785E+00,+1.01356779190E+00,+1.03128139116E+00
+7.65000E-06,+1.39607410686E+00,+1.36567208916E+00,+992.83914891E-03,+997.36179353E-03
+7.70000E-06,+1.35336053948E+00,+1.35373741592E+00,+1.02173362096E+00,+1.01118088886E+00
+7.75000E-06,+1.35838566505E+00,+1.35876254150E+00,+1.02989945002E+00,+997.98993423E-03
+7.80000E-06,+1.36341079063E+00,+1.19230525684E+00,+1.00791452563E+00,+970.97988427E-03
+7.85000E-06,+1.34205400693E+00,+1.02396355011E+00,+1.00979894772E+00,+991.08038656E-03
+7.90000E-06,+1.35712938366E+00,+1.04406405240E+00,+1.00979894772E+00,+1.01118088886E+00
+7.95000E-06,+1.36529521272E+00,+1.02396355011E+00,+1.03618085699E+00,+1.01118088886E+00
+8.00000E-06,+1.34707913251E+00,+1.28338565788E+00,+1.03178387211E+00,+1.02939696907E+00
+8.05000E-06,+1.34519471042E+00,+1.36253138568E+00,+1.00979894772E+00,+991.08038656E-03
+8.10000E-06,+1.33702888136E+00,+1.34557158686E+00,+989.69844542E-03,+1.00301505980E+00
+8.15000E-06,+1.36529521272E+00,+1.33866203920E+00,+1.01670849539E+00,+991.08038656E-03
+8.20000E-06,+1.36341079063E+00,+1.15964194061E+00,+1.00979894772E+00,+970.97988427E-03
+8.25000E-06,+1.36529521272E+00,+1.00700375129E+00,+1.02989945002E+00,+1.01118088886E+00
+8.30000E-06,+1.35712938366E+00,+1.02396355011E+00,+1.01796477678E+00,+1.01118088886E+00
+8.35000E-06,+1.35838566505E+00,+1.01705400244E+00,+1.01670849539E+00,+1.01118088886E+00
+8.40000E-06,+1.36529521272E+00,+1.26831028116E+00,+1.03178387211E+00,+1.04761304928E+00
+8.45000E-06,+1.34833541390E+00,+1.36567208916E+00,+1.00665824424E+00,+994.22109005E-03
+8.50000E-06,+1.35336053948E+00,+1.33363691362E+00,+1.02989945002E+00,+1.02311556210E+00
+8.55000E-06,+1.35210425808E+00,+1.33238063223E+00,+1.04309040465E+00,+977.88943193E-03
+8.60000E-06,+1.36341079063E+00,+1.09054646396E+00,+1.00791452563E+00,+972.86430636E-03
+8.65000E-06,+1.36215450923E+00,+1.03464194195E+00,+1.01293965121E+00,+997.36179353E-03
+8.70000E-06,+1.35712938366E+00,+1.02396355011E+00,+1.00979894772E+00,+991.08038656E-03
+8.75000E-06,+1.35838566505E+00,+1.03715450474E+00,+1.00979894772E+00,+997.98993423E-03
+8.80000E-06,+1.35964194645E+00,+1.33049621014E+00,+1.01168336981E+00,+1.03128139116E+00
+8.85000E-06,+1.36529521272E+00,+1.36881279264E+00,+1.02989945002E+00,+1.02814068767E+00
+8.90000E-06,+1.34519471042E+00,+1.35373741592E+00,+1.00979894772E+00,+1.01118088886E+00
+8.95000E-06,+1.37911430804E+00,+1.36567208916E+00,+996.60799309E-03,+1.00427134120E+00
+9.00000E-06,+1.32886305230E+00,+1.07923993142E+00,+1.00979894772E+00,+934.54772385E-03
+9.05000E-06,+1.34833541390E+00,+1.02396355011E+00,+1.02989945002E+00,+994.22109005E-03
+9.10000E-06,+1.36906405690E+00,+1.04406405240E+00,+1.00979894772E+00,+1.00301505980E+00
+9.15000E-06,+1.35838566505E+00,+1.03715450474E+00,+1.00979894772E+00,+1.01809043653E+00
+9.20000E-06,+1.34519471042E+00,+1.28150123579E+00,+1.04623110814E+00,+1.03128139116E+00
+9.25000E-06,+1.36529521272E+00,+1.36253138568E+00,+1.00665824424E+00,+991.08038656E-03
+9.30000E-06,+1.36529521272E+00,+1.36567208916E+00,+1.01796477678E+00,+994.84923074E-03
+9.35000E-06,+1.36529521272E+00,+1.35248113453E+00,+1.01670849539E+00,+1.00489948189E+00
+9.40000E-06,+1.36717963481E+00,+1.12132535811E+00,+1.02424618375E+00,+972.86430636E-03
+9.45000E-06,+1.34833541390E+00,+1.02396355011E+00,+1.00665824424E+00,+1.04195978300E+00
+9.50000E-06,+1.36529521272E+00,+1.01579772105E+00,+1.00979894772E+00,+1.00301505980E+00
+9.55000E-06,+1.33828516275E+00,+1.02396355011E+00,+1.02361804305E+00,+1.01118088886E+00
+9.60000E-06,+1.36341079063E+00,+1.25951631140E+00,+1.03178387211E+00,+1.03128139116E+00
+9.65000E-06,+1.34833541390E+00,+1.36567208916E+00,+1.02675874653E+00,+997.36179353E-03
+9.70000E-06,+1.35336053948E+00,+1.36567208916E+00,+1.01796477678E+00,+1.01118088886E+00
+9.75000E-06,+1.34519471042E+00,+1.36567208916E+00,+1.02298990235E+00,+984.17083890E-03
+9.80000E-06,+1.36529521272E+00,+1.18853641266E+00,+989.69844542E-03,+970.97988427E-03
+9.85000E-06,+1.34519471042E+00,+1.02396355011E+00,+1.02675874653E+00,+970.97988427E-03
+9.90000E-06,+1.35336053948E+00,+1.02396355011E+00,+1.02173362096E+00,+1.01118088886E+00
+9.95000E-06,+1.35838566505E+00,+1.02396355011E+00,+996.60799309E-03,+1.01746229583E+00
+10.00000E-06,+1.34707913251E+00,+1.29217962764E+00,+1.01168336981E+00,+1.03128139116E+00
+10.05000E-06,+1.36215450923E+00,+1.36881279264E+00,+1.04371854535E+00,+977.26129124E-03
+10.10000E-06,+1.34519471042E+00,+1.35373741592E+00,+1.02173362096E+00,+1.00301505980E+00
+10.15000E-06,+1.37220476038E+00,+1.35876254149E+00,+1.02298990235E+00,+1.01118088886E+00
+10.20000E-06,+1.34707913251E+00,+1.12320978020E+00,+1.02424618375E+00,+989.19596447E-03
+10.25000E-06,+1.34519471042E+00,+1.02396355011E+00,+1.02361804305E+00,+1.01118088886E+00
+10.30000E-06,+1.34896355460E+00,+1.03212937916E+00,+1.03366829420E+00,+991.08038656E-03
+10.35000E-06,+1.33828516275E+00,+1.02396355011E+00,+1.01670849539E+00,+1.01118088886E+00
+10.40000E-06,+1.34331028833E+00,+1.29029520555E+00,+1.02989945002E+00,+1.04949747137E+00
+10.45000E-06,+1.34833541390E+00,+1.34243088338E+00,+1.02989945002E+00,+1.01118088886E+00
+10.50000E-06,+1.35336053948E+00,+1.35373741592E+00,+1.01796477678E+00,+1.01118088886E+00
+10.55000E-06,+1.35210425808E+00,+1.34557158686E+00,+1.03680899768E+00,+1.01055274817E+00
+10.60000E-06,+1.38351129292E+00,+1.12320978020E+00,+1.00791452563E+00,+992.96480865E-03
+10.65000E-06,+1.32823491161E+00,+1.02082284662E+00,+1.02675874653E+00,+1.00804018538E+00
+10.70000E-06,+1.32509420812E+00,+1.02019470593E+00,+1.01796477678E+00,+991.08038656E-03
+10.75000E-06,+1.35838566505E+00,+1.02396355011E+00,+1.02298990235E+00,+997.98993423E-03
+10.80000E-06,+1.36152636854E+00,+1.27207912534E+00,+1.02989945002E+00,+1.04949747137E+00
+10.85000E-06,+1.36529521272E+00,+1.36253138568E+00,+1.02989945002E+00,+1.00804018538E+00
+10.90000E-06,+1.36529521272E+00,+1.34557158686E+00,+1.01796477678E+00,+987.31154238E-03
+10.95000E-06,+1.35210425808E+00,+1.35248113453E+00,+1.02298990235E+00,+1.01118088886E+00
+11.00000E-06,+1.34519471042E+00,+1.11944093602E+00,+1.00979894772E+00,+972.86430636E-03
+11.05000E-06,+1.33137561509E+00,+1.02396355011E+00,+992.83914891E-03,+1.00804018538E+00
+11.10000E-06,+1.36529521272E+00,+1.03212937916E+00,+1.00979894772E+00,+987.31154238E-03
+11.15000E-06,+1.34519471042E+00,+1.00386304781E+00,+1.02298990235E+00,+977.88943193E-03
+11.20000E-06,+1.32697863021E+00,+1.31981781829E+00,+1.01356779190E+00,+1.01118088886E+00
+11.25000E-06,+1.38225501153E+00,+1.36567208916E+00,+1.02989945002E+00,+994.22109005E-03
+11.30000E-06,+1.35336053948E+00,+1.35373741592E+00,+985.92960124E-03,+1.00301505980E+00
+11.35000E-06,+1.35210425808E+00,+1.36567208916E+00,+1.00979894772E+00,+1.00427134120E+00
+11.40000E-06,+1.34707913251E+00,+1.08677761978E+00,+1.00791452563E+00,+952.76380406E-03
+11.45000E-06,+1.36215450923E+00,+986.90324900E-03,+1.02989945002E+00,+991.08038656E-03
+11.50000E-06,+1.35712938366E+00,+1.02396355011E+00,+1.00979894772E+00,+999.24621562E-03
+11.55000E-06,+1.34519471042E+00,+1.01705400244E+00,+1.00288940006E+00,+991.08038656E-03
+11.60000E-06,+1.36529521272E+00,+1.29217962764E+00,+1.01168336981E+00,+1.03128139116E+00
+11.65000E-06,+1.32823491161E+00,+1.38263188797E+00,+1.00979894772E+00,+991.08038656E-03
+11.70000E-06,+1.35336053948E+00,+1.35373741592E+00,+1.00979894772E+00,+1.00301505980E+00
+11.75000E-06,+1.35210425808E+00,+1.36567208916E+00,+1.02298990235E+00,+991.08038656E-03
+11.80000E-06,+1.34519471042E+00,+1.10687812208E+00,+1.02613060584E+00,+974.74872845E-03
+11.85000E-06,+1.36529521272E+00,+1.03778264544E+00,+1.00665824424E+00,+1.00804018538E+00
+11.90000E-06,+1.35336053948E+00,+1.03589822334E+00,+1.01356779190E+00,+987.31154238E-03
+11.95000E-06,+1.35210425808E+00,+1.01705400244E+00,+1.02989945002E+00,+991.08038656E-03
+12.00000E-06,+1.36529521272E+00,+1.31416455202E+00,+1.01356779190E+00,+1.03316581325E+00
+12.05000E-06,+1.36529521272E+00,+1.34557158686E+00,+1.03618085699E+00,+1.01118088886E+00
+12.10000E-06,+1.35336053948E+00,+1.35373741592E+00,+1.00979894772E+00,+999.24621562E-03
+12.15000E-06,+1.34519471042E+00,+1.37258163682E+00,+996.60799309E-03,+991.08038656E-03
+12.20000E-06,+1.36717963481E+00,+1.14142586041E+00,+1.00979894772E+00,+970.97988427E-03
+12.25000E-06,+1.34833541390E+00,+1.02396355011E+00,+1.02989945002E+00,+987.93968308E-03
+12.30000E-06,+1.35712938366E+00,+1.02396355011E+00,+1.02989945002E+00,+1.00301505980E+00
+12.35000E-06,+1.34519471042E+00,+1.01077259547E+00,+1.02298990235E+00,+1.01118088886E+00
+12.40000E-06,+1.34519471042E+00,+1.25951631140E+00,+1.03178387211E+00,+1.02939696907E+00
+12.45000E-06,+1.36215450923E+00,+1.36881279264E+00,+1.02361804305E+00,+991.08038656E-03
+12.50000E-06,+1.35336053948E+00,+1.35750626010E+00,+1.01796477678E+00,+1.01118088886E+00
+12.55000E-06,+1.35838566505E+00,+1.36567208916E+00,+1.02298990235E+00,+970.97988427E-03
+12.60000E-06,+1.36341079063E+00,+1.11755651393E+00,+987.81402333E-03,+970.97988427E-03
+12.65000E-06,+1.34519471042E+00,+1.00700375129E+00,+1.01293965121E+00,+991.08038656E-03
+12.70000E-06,+1.35712938366E+00,+1.02396355011E+00,+1.00979894772E+00,+999.24621562E-03
+12.75000E-06,+1.36529521272E+00,+1.04406405240E+00,+1.02989945002E+00,+997.98993423E-03
+12.80000E-06,+1.36341079063E+00,+1.32861178805E+00,+1.01168336981E+00,+1.01118088886E+00
+12.85000E-06,+1.36529521272E+00,+1.36253138568E+00,+999.12055588E-03,+1.00804018538E+00
+12.90000E-06,+1.35712938366E+00,+1.35373741592E+00,+1.01356779190E+00,+1.00741204468E+00
+12.95000E-06,+1.35838566505E+00,+1.34557158686E+00,+989.69844542E-03,+991.08038656E-03
+13.00000E-06,+1.38351129292E+00,+1.17974244291E+00,+1.00979894772E+00,+954.64822615E-03
+13.05000E-06,+1.34519471042E+00,+1.02082284662E+00,+1.02989945002E+00,+991.08038656E-03
+13.10000E-06,+1.33702888136E+00,+1.02396355011E+00,+1.01796477678E+00,+1.01118088886E+00
+13.15000E-06,+1.35838566505E+00,+1.01705400244E+00,+989.69844542E-03,+1.01809043653E+00
+13.20000E-06,+1.36152636853E+00,+1.30851128575E+00,+993.46728961E-03,+1.04949747137E+00
+13.25000E-06,+1.35901380575E+00,+1.36567208916E+00,+1.00665824424E+00,+994.22109005E-03
+13.30000E-06,+1.35336053948E+00,+1.34557158686E+00,+1.02173362096E+00,+1.01118088886E+00
+13.35000E-06,+1.35210425808E+00,+1.34557158686E+00,+1.03680899768E+00,+1.00427134120E+00
+13.40000E-06,+1.34331028833E+00,+1.12320978020E+00,+1.00603010354E+00,+970.97988427E-03
+13.45000E-06,+1.34833541390E+00,+1.02396355011E+00,+992.83914891E-03,+991.08038656E-03
+13.50000E-06,+1.35712938366E+00,+1.03212937916E+00,+1.02989945002E+00,+1.01118088886E+00
+13.55000E-06,+1.34519471042E+00,+1.03778264544E+00,+1.02361804305E+00,+1.01055274816E+00
+13.60000E-06,+1.38351129292E+00,+1.26140073349E+00,+1.05188437441E+00,+1.07148239575E+00
+13.65000E-06,+1.36215450923E+00,+1.36567208916E+00,+1.00979894772E+00,+1.01118088886E+00
+13.70000E-06,+1.35336053948E+00,+1.34557158686E+00,+1.02989945002E+00,+999.24621562E-03
+13.75000E-06,+1.33828516275E+00,+1.36567208916E+00,+1.00979894772E+00,+1.00427134120E+00
+13.80000E-06,+1.34519471042E+00,+1.19418967894E+00,+969.59794313E-03,+932.66330176E-03
+13.85000E-06,+1.32823491160E+00,+1.02082284662E+00,+1.02361804305E+00,+991.08038656E-03
+13.90000E-06,+1.34519471042E+00,+1.00826003269E+00,+1.01796477678E+00,+1.00301505980E+00
+13.95000E-06,+1.34519471042E+00,+1.02396355011E+00,+1.04309040465E+00,+1.01118088886E+00
+14.00000E-06,+1.36341079063E+00,+1.31416455202E+00,+1.03555271629E+00,+1.05138189346E+00
+14.05000E-06,+1.36529521272E+00,+1.37195349613E+00,+992.83914891E-03,+997.36179353E-03
+14.10000E-06,+1.34142586624E+00,+1.34996857174E+00,+1.03366829420E+00,+991.08038656E-03
+14.15000E-06,+1.34519471042E+00,+1.34557158686E+00,+1.00351754075E+00,+1.00427134120E+00
+14.20000E-06,+1.36341079063E+00,+1.17974244291E+00,+967.71352104E-03,+932.66330176E-03
+14.25000E-06,+1.32509420812E+00,+1.00386304781E+00,+992.83914891E-03,+991.08038656E-03
+14.30000E-06,+1.35712938366E+00,+1.01202887687E+00,+1.02173362096E+00,+1.01118088886E+00
+14.35000E-06,+1.34519471042E+00,+1.01077259547E+00,+1.01670849539E+00,+1.01118088886E+00
+14.40000E-06,+1.34519471042E+00,+1.28464193927E+00,+1.01545221399E+00,+1.05138189346E+00
+14.45000E-06,+1.38225501153E+00,+1.36253138568E+00,+995.97985239E-03,+994.22109005E-03
+14.50000E-06,+1.34959169530E+00,+1.36567208916E+00,+1.01796477678E+00,+1.01118088886E+00
+14.55000E-06,+1.36529521272E+00,+1.35248113453E+00,+1.00979894772E+00,+991.08038656E-03
+14.60000E-06,+1.34519471042E+00,+1.12132535811E+00,+1.00414568145E+00,+912.56279947E-03
+14.65000E-06,+1.33891330345E+00,+1.04092334892E+00,+1.02675874654E+00,+1.00489948189E+00
+14.70000E-06,+1.36529521272E+00,+1.01202887687E+00,+1.02173362096E+00,+1.01118088886E+00
+14.75000E-06,+1.34519471042E+00,+1.01768214314E+00,+1.01670849539E+00,+1.02437184349E+00
+14.80000E-06,+1.34707913251E+00,+1.25386304513E+00,+1.05188437441E+00,+1.06959797366E+00
+14.85000E-06,+1.36215450923E+00,+1.38577259146E+00,+1.00979894772E+00,+994.22109005E-03
+14.90000E-06,+1.34519471042E+00,+1.35373741592E+00,+1.00979894772E+00,+999.24621562E-03
+14.95000E-06,+1.36529521272E+00,+1.35185299383E+00,+996.60799309E-03,+1.01118088886E+00
+15.00000E-06,+1.36529521272E+00,+1.17974244291E+00,+967.71352104E-03,+918.21606574E-03
+15.05000E-06,+1.33137561509E+00,+1.02396355011E+00,+1.02675874654E+00,+1.02814068768E+00
+15.10000E-06,+1.33702888136E+00,+1.00386304781E+00,+1.00979894772E+00,+1.01118088886E+00
+15.15000E-06,+1.35901380575E+00,+1.04406405240E+00,+1.01670849539E+00,+997.98993423E-03
+15.20000E-06,+1.34331028833E+00,+1.25386304513E+00,+1.04999995232E+00,+1.05326631555E+00
+15.25000E-06,+1.34833541390E+00,+1.36567208916E+00,+1.01293965121E+00,+994.22109005E-03
+15.30000E-06,+1.34519471042E+00,+1.33363691362E+00,+989.69844542E-03,+1.02311556210E+00
+15.35000E-06,+1.35838566505E+00,+1.35248113453E+00,+1.00351754075E+00,+1.00427134120E+00
+15.40000E-06,+1.34707913251E+00,+1.15964194062E+00,+965.82909895E-03,+912.56279947E-03
+15.45000E-06,+1.34205400694E+00,+1.00700375129E+00,+1.04057784187E+00,+1.00804018538E+00
+15.50000E-06,+1.35336053948E+00,+1.03589822335E+00,+1.02613060584E+00,+999.24621562E-03
+15.55000E-06,+1.34519471042E+00,+1.02396355011E+00,+1.02298990235E+00,+1.01118088886E+00
+15.60000E-06,+1.36529521272E+00,+1.30662686366E+00,+1.01545221399E+00,+1.06959797366E+00
+15.65000E-06,+1.36529521272E+00,+1.38577259146E+00,+1.02675874654E+00,+1.00804018538E+00
+15.70000E-06,+1.34142586624E+00,+1.34557158686E+00,+1.02173362096E+00,+991.08038656E-03
+15.75000E-06,+1.34519471042E+00,+1.35248113453E+00,+1.02989945002E+00,+991.08038656E-03
+15.80000E-06,+1.34707913251E+00,+1.10499369999E+00,+1.00414568145E+00,+932.66330176E-03
+15.85000E-06,+1.34833541390E+00,+1.02082284662E+00,+1.00665824424E+00,+1.00489948189E+00
+15.90000E-06,+1.37722988596E+00,+1.01579772105E+00,+997.86427448E-03,+999.24621562E-03
+15.95000E-06,+1.36529521272E+00,+1.01077259547E+00,+1.03680899768E+00,+997.98993423E-03
+16.00000E-06,+1.38162687083E+00,+1.27773239161E+00,+1.07010045461E+00,+1.07148239575E+00
+16.05000E-06,+1.38225501153E+00,+1.36881279264E+00,+1.01293965121E+00,+1.01118088886E+00
+16.10000E-06,+1.36529521272E+00,+1.35373741592E+00,+1.01796477678E+00,+999.24621562E-03
+16.15000E-06,+1.35210425808E+00,+1.34557158686E+00,+1.00979894772E+00,+977.26129123E-03
+16.20000E-06,+1.36717963481E+00,+1.10499369999E+00,+987.81402333E-03,+914.44722156E-03
+16.25000E-06,+1.34833541390E+00,+1.02082284662E+00,+1.00979894772E+00,+991.08038656E-03
+16.30000E-06,+1.36089822784E+00,+1.01579772105E+00,+1.02989945002E+00,+1.01118088886E+00
+16.35000E-06,+1.34519471042E+00,+1.01705400244E+00,+1.02298990235E+00,+1.01809043653E+00
+16.40000E-06,+1.36341079063E+00,+1.28841078345E+00,+1.01733663608E+00,+1.05138189346E+00
+16.45000E-06,+1.36843591620E+00,+1.36253138568E+00,+1.02989945002E+00,+1.01118088886E+00
+16.50000E-06,+1.33326003718E+00,+1.35750626010E+00,+1.00979894772E+00,+1.01494973304E+00
+16.55000E-06,+1.36529521272E+00,+1.35876254149E+00,+1.00979894772E+00,+997.36179353E-03
+16.60000E-06,+1.34519471042E+00,+1.11567209184E+00,+967.71352104E-03,+932.66330176E-03
+16.65000E-06,+1.34519471042E+00,+986.90324900E-03,+1.00979894772E+00,+1.00175877841E+00
+16.70000E-06,+1.34896355460E+00,+1.01579772105E+00,+1.02173362096E+00,+1.01118088886E+00
+16.75000E-06,+1.34519471042E+00,+1.02396355011E+00,+1.02989945002E+00,+1.00489948189E+00
+16.80000E-06,+1.36341079063E+00,+1.31416455202E+00,+1.03178387211E+00,+1.05326631555E+00
+16.85000E-06,+1.36843591620E+00,+1.36881279264E+00,+1.01293965121E+00,+991.08038656E-03
+16.90000E-06,+1.33702888136E+00,+1.34557158686E+00,+1.00979894772E+00,+1.01934671792E+00
+16.95000E-06,+1.35210425808E+00,+1.37258163682E+00,+1.01670849539E+00,+977.88943193E-03
+17.00000E-06,+1.36341079063E+00,+1.12509420229E+00,+987.81402333E-03,+932.66330176E-03
+17.05000E-06,+1.37911430804E+00,+1.00386304781E+00,+1.04371854535E+00,+1.00489948189E+00
+17.10000E-06,+1.34519471042E+00,+1.02396355011E+00,+1.02613060584E+00,+1.01118088886E+00
+17.15000E-06,+1.35838566505E+00,+1.02396355011E+00,+1.00979894772E+00,+1.01118088886E+00
+17.20000E-06,+1.36717963481E+00,+1.27207912534E+00,+1.03555271629E+00,+1.07148239575E+00
+17.25000E-06,+1.34833541390E+00,+1.38263188797E+00,+1.00665824424E+00,+1.01118088886E+00
+17.30000E-06,+1.32509420812E+00,+1.34557158686E+00,+1.02173362096E+00,+1.00301505980E+00
+17.35000E-06,+1.35210425808E+00,+1.36567208916E+00,+1.01670849539E+00,+1.00427134120E+00
+17.40000E-06,+1.34519471042E+00,+1.14331028249E+00,+949.49744083E-03,+934.54772385E-03
+17.45000E-06,+1.34519471042E+00,+1.01768214314E+00,+1.01293965121E+00,+994.22109005E-03
+17.50000E-06,+1.36529521272E+00,+1.01579772105E+00,+1.04183412326E+00,+1.01118088886E+00
+17.55000E-06,+1.35838566505E+00,+1.04406405240E+00,+1.01670849539E+00,+984.17083890E-03
+17.60000E-06,+1.34331028833E+00,+1.27396354743E+00,+1.05376879650E+00,+1.04949747137E+00
+17.65000E-06,+1.37911430804E+00,+1.36567208916E+00,+1.01608035469E+00,+1.01118088886E+00
+17.70000E-06,+1.34519471042E+00,+1.35373741592E+00,+1.00163311866E+00,+994.84923074E-03
+17.75000E-06,+1.37848616735E+00,+1.35248113453E+00,+1.01670849539E+00,+1.00427134120E+00
+17.80000E-06,+1.30687812791E+00,+1.10310927790E+00,+987.81402333E-03,+932.66330176E-03
+17.85000E-06,+1.34205400693E+00,+1.00386304781E+00,+1.03304015350E+00,+991.08038656E-03
+17.90000E-06,+1.34896355460E+00,+1.01579772105E+00,+1.02989945002E+00,+1.01118088886E+00
+17.95000E-06,+1.33891330345E+00,+1.02396355011E+00,+982.78889776E-03,+1.02437184349E+00
+18.00000E-06,+1.34519471042E+00,+1.28338565788E+00,+1.03366829420E+00,+1.05326631555E+00
+18.05000E-06,+1.36529521272E+00,+1.36567208916E+00,+1.00665824424E+00,+994.22109005E-03
+18.10000E-06,+1.34519471042E+00,+1.33363691362E+00,+1.02173362096E+00,+991.08038656E-03
+18.15000E-06,+1.34456656972E+00,+1.36567208916E+00,+1.03618085699E+00,+991.08038656E-03
+18.20000E-06,+1.34707913251E+00,+1.13954143831E+00,+985.92960124E-03,+932.66330176E-03
+18.25000E-06,+1.32823491161E+00,+1.00386304781E+00,+1.00665824424E+00,+1.00489948189E+00
+18.30000E-06,+1.34896355460E+00,+1.02396355011E+00,+1.00979894772E+00,+999.24621562E-03
+18.35000E-06,+1.35838566505E+00,+1.01768214314E+00,+1.02361804305E+00,+1.01055274817E+00
+18.40000E-06,+1.36152636854E+00,+1.29029520555E+00,+1.05188437441E+00,+1.03316581325E+00
+18.45000E-06,+1.34519471042E+00,+1.38263188797E+00,+1.00979894772E+00,+1.01118088886E+00
+18.50000E-06,+1.34519471042E+00,+1.35373741592E+00,+1.02989945002E+00,+999.24621562E-03
+18.55000E-06,+1.36529521272E+00,+1.36567208916E+00,+1.02298990235E+00,+997.36179353E-03
+18.60000E-06,+1.34519471042E+00,+1.07923993142E+00,+1.00791452563E+00,+912.56279946E-03
+18.65000E-06,+1.34833541390E+00,+1.02082284662E+00,+1.04371854535E+00,+1.00489948189E+00
+18.70000E-06,+1.34896355460E+00,+1.01579772105E+00,+1.02989945002E+00,+999.24621562E-03
+18.75000E-06,+1.36529521272E+00,+1.03087309777E+00,+1.05628135929E+00,+1.01746229583E+00
+18.80000E-06,+1.36341079063E+00,+1.27961681370E+00,+1.03366829420E+00,+1.08969847596E+00
+18.85000E-06,+1.36529521272E+00,+1.38263188797E+00,+1.00665824424E+00,+994.22109005E-03
+18.90000E-06,+1.36529521272E+00,+1.35373741592E+00,+1.01796477678E+00,+999.24621562E-03
+18.95000E-06,+1.35210425808E+00,+1.34557158686E+00,+1.02298990236E+00,+1.00427134120E+00
+19.00000E-06,+1.34896355460E+00,+1.13577259413E+00,+987.81402333E-03,+934.54772385E-03
+19.05000E-06,+1.32823491161E+00,+1.02082284662E+00,+1.04685924883E+00,+1.00804018538E+00
+19.10000E-06,+1.36529521272E+00,+1.03589822334E+00,+1.02173362096E+00,+1.01934671792E+00
+19.15000E-06,+1.34519471042E+00,+1.02396355011E+00,+1.04371854535E+00,+991.08038656E-03
+19.20000E-06,+1.38162687083E+00,+1.31793339621E+00,+1.03178387211E+00,+1.03505023534E+00
+19.25000E-06,+1.37911430804E+00,+1.36567208916E+00,+1.02989945002E+00,+1.01118088886E+00
+19.30000E-06,+1.32509420812E+00,+1.34557158686E+00,+1.01796477678E+00,+999.24621562E-03
+19.35000E-06,+1.36529521272E+00,+1.36567208916E+00,+1.01670849539E+00,+991.08038656E-03
+19.40000E-06,+1.35964194645E+00,+1.10499369998E+00,+1.00603010354E+00,+914.44722155E-03
+19.45000E-06,+1.30813440931E+00,+1.00386304781E+00,+1.02675874653E+00,+970.97988427E-03
+19.50000E-06,+1.35336053948E+00,+1.02396355011E+00,+1.02989945002E+00,+991.08038656E-03
+19.55000E-06,+1.35838566505E+00,+1.01077259547E+00,+1.00288940006E+00,+1.01118088886E+00
+19.60000E-06,+1.36529521272E+00,+1.28652636137E+00,+1.01733663608E+00,+1.04949747137E+00
+19.65000E-06,+1.36529521272E+00,+1.36567208916E+00,+1.00979894772E+00,+994.22109005E-03
+19.70000E-06,+1.36529521272E+00,+1.35373741592E+00,+1.02989945002E+00,+999.24621562E-03
+19.75000E-06,+1.35838566505E+00,+1.36567208916E+00,+1.00979894772E+00,+1.00427134120E+00
+19.80000E-06,+1.34331028833E+00,+1.12320978019E+00,+949.49744083E-03,+950.87938197E-03
+19.85000E-06,+1.34833541390E+00,+1.02082284662E+00,+1.02989945002E+00,+1.02185928070E+00
+19.90000E-06,+1.36529521272E+00,+1.02396355011E+00,+1.00979894772E+00,+1.01118088886E+00
+19.95000E-06,+1.35838566505E+00,+1.03087309777E+00,+1.02989945002E+00,+1.00489948189E+00
+20.00000E-06,+1.34519471042E+00,+1.29217962764E+00,+1.03178387211E+00,+1.05138189346E+00
+20.05000E-06,+1.38225501153E+00,+1.36881279264E+00,+1.01608035469E+00,+1.01118088886E+00
+20.10000E-06,+1.35336053948E+00,+1.34557158686E+00,+1.02173362096E+00,+1.00301505980E+00
+20.15000E-06,+1.34519471042E+00,+1.35876254150E+00,+1.00288940006E+00,+977.26129124E-03
+20.20000E-06,+1.34896355460E+00,+1.19607410102E+00,+949.49744083E-03,+930.77887967E-03
+20.25000E-06,+1.34833541390E+00,+1.02082284662E+00,+1.02361804305E+00,+991.08038656E-03
+20.30000E-06,+1.36529521272E+00,+1.02396355011E+00,+1.01796477678E+00,+1.01494973304E+00
+20.35000E-06,+1.35147611739E+00,+1.04406405240E+00,+1.02298990236E+00,+1.02437184350E+00
+20.40000E-06,+1.34519471042E+00,+1.30160173809E+00,+1.06633161044E+00,+1.07148239575E+00
+20.45000E-06,+1.36529521272E+00,+1.34871229035E+00,+1.00665824424E+00,+994.22109005E-03
+20.50000E-06,+1.34519471042E+00,+1.36567208916E+00,+1.01796477678E+00,+999.24621562E-03
+20.55000E-06,+1.33828516276E+00,+1.36567208916E+00,+1.02989945002E+00,+970.97988427E-03
+20.60000E-06,+1.34707913251E+00,+1.08300877559E+00,+985.92960125E-03,+932.66330176E-03
+20.65000E-06,+1.32509420812E+00,+1.02082284662E+00,+1.02361804305E+00,+991.08038656E-03
+20.70000E-06,+1.35712938366E+00,+1.03212937917E+00,+1.02989945002E+00,+1.01494973304E+00
+20.75000E-06,+1.36529521272E+00,+1.01077259547E+00,+1.02989945002E+00,+1.02437184350E+00
+20.80000E-06,+1.34519471042E+00,+1.28652636138E+00,+1.05376879649E+00,+1.05138189346E+00
+20.85000E-06,+1.38225501153E+00,+1.36567208916E+00,+1.01293965121E+00,+1.00804018538E+00
+20.90000E-06,+1.35336053948E+00,+1.34557158686E+00,+1.01796477678E+00,+991.08038656E-03
+20.95000E-06,+1.35901380575E+00,+1.35248113453E+00,+989.69844542E-03,+1.00427134120E+00
+21.00000E-06,+1.36341079063E+00,+1.11378766974E+00,+1.00791452563E+00,+932.66330176E-03
+21.05000E-06,+1.34205400693E+00,+1.02396355011E+00,+1.02675874653E+00,+994.22109005E-03
+21.10000E-06,+1.36529521272E+00,+1.02396355011E+00,+1.02173362096E+00,+999.24621562E-03
+21.15000E-06,+1.33828516276E+00,+1.03715450474E+00,+1.00979894772E+00,+1.01118088886E+00
+21.20000E-06,+1.34707913251E+00,+1.30662686368E+00,+1.02989945002E+00,+1.03128139116E+00
+21.25000E-06,+1.36215450923E+00,+1.36567208916E+00,+992.83914891E-03,+994.22109005E-03
+21.30000E-06,+1.34142586624E+00,+1.35373741592E+00,+1.03366829420E+00,+1.00741204468E+00
+21.35000E-06,+1.33891330345E+00,+1.35876254150E+00,+1.01608035469E+00,+1.00427134120E+00
+21.40000E-06,+1.36152636854E+00,+1.17785802081E+00,+989.69844542E-03,+991.08038656E-03
+21.45000E-06,+1.34833541390E+00,+1.03778264543E+00,+992.83914891E-03,+1.01118088886E+00
+21.50000E-06,+1.35712938366E+00,+1.03589822334E+00,+1.00979894772E+00,+1.01934671792E+00
+21.55000E-06,+1.33891330345E+00,+1.02396355011E+00,+1.02989945002E+00,+1.02437184350E+00
+21.60000E-06,+1.38351129292E+00,+1.26642585908E+00,+1.05188437441E+00,+1.07148239575E+00
+21.65000E-06,+1.36529521272E+00,+1.36881279264E+00,+992.83914891E-03,+997.36179354E-03
+21.70000E-06,+1.35336053948E+00,+1.35750626010E+00,+1.02989945002E+00,+1.02311556210E+00
+21.75000E-06,+1.35838566505E+00,+1.37258163682E+00,+1.02989945002E+00,+991.08038656E-03
+21.80000E-06,+1.34707913251E+00,+1.10687812206E+00,+987.81402334E-03,+898.11556343E-03
+21.85000E-06,+1.34833541390E+00,+1.02082284662E+00,+1.04685924883E+00,+994.22109005E-03
+21.90000E-06,+1.36529521272E+00,+1.01202887687E+00,+997.86427448E-03,+1.01118088886E+00
+21.95000E-06,+1.33200375578E+00,+1.03715450474E+00,+1.00979894772E+00,+991.08038656E-03
+22.00000E-06,+1.32886305230E+00,+1.26140073350E+00,+1.01356779190E+00,+1.03128139116E+00
+22.05000E-06,+1.34205400693E+00,+1.38263188797E+00,+1.02675874653E+00,+994.22109005E-03
+22.10000E-06,+1.35336053948E+00,+1.34557158686E+00,+1.02989945002E+00,+991.08038656E-03
+22.15000E-06,+1.37157661969E+00,+1.35248113453E+00,+1.00351754075E+00,+1.01746229583E+00
+22.20000E-06,+1.36341079063E+00,+1.11567209183E+00,+971.48236522E-03,+970.97988427E-03
+22.25000E-06,+1.34519471042E+00,+1.00386304781E+00,+1.02675874653E+00,+991.08038656E-03
+22.30000E-06,+1.36906405689E+00,+1.02396355011E+00,+1.02173362096E+00,+1.00741204468E+00
+22.35000E-06,+1.33200375578E+00,+1.02396355011E+00,+1.02361804305E+00,+1.00427134120E+00
+22.40000E-06,+1.36341079063E+00,+1.31981781830E+00,+1.03366829420E+00,+1.03316581325E+00
+22.45000E-06,+1.36215450923E+00,+1.36567208916E+00,+1.01293965121E+00,+1.01432159235E+00
+22.50000E-06,+1.34519471042E+00,+1.35750626010E+00,+1.01796477678E+00,+999.24621562E-03
+22.55000E-06,+1.36529521272E+00,+1.35248113453E+00,+1.00979894772E+00,+991.08038656E-03
+22.60000E-06,+1.34519471042E+00,+1.10499369997E+00,+987.81402334E-03,+914.44722155E-03
+22.65000E-06,+1.36215450923E+00,+1.02082284662E+00,+1.02989945002E+00,+970.97988427E-03
+22.70000E-06,+1.34896355460E+00,+1.03589822334E+00,+1.02989945002E+00,+1.03128139116E+00
+22.75000E-06,+1.34519471042E+00,+1.02396355011E+00,+1.00979894772E+00,+997.98993423E-03
+22.80000E-06,+1.37974244875E+00,+1.31039570786E+00,+1.02989945002E+00,+1.03316581325E+00
+22.85000E-06,+1.36529521272E+00,+1.38263188797E+00,+1.01293965121E+00,+994.22109005E-03
+22.90000E-06,+1.35712938366E+00,+1.36567208916E+00,+1.00979894772E+00,+1.00301505980E+00
+22.95000E-06,+1.33828516276E+00,+1.35248113453E+00,+1.02298990236E+00,+1.01118088886E+00
+23.00000E-06,+1.36529521272E+00,+1.15775751851E+00,+1.00414568146E+00,+970.97988427E-03
+23.05000E-06,+1.35901380574E+00,+1.02396355011E+00,+992.83914891E-03,+1.00804018538E+00
+23.10000E-06,+1.34519471042E+00,+1.02396355011E+00,+993.46728960E-03,+991.08038656E-03
+23.15000E-06,+1.35901380574E+00,+1.00386304781E+00,+1.02298990236E+00,+1.01118088886E+00
+23.20000E-06,+1.34519471042E+00,+1.33238063224E+00,+1.02989945002E+00,+1.01306531095E+00
+23.25000E-06,+1.38539571501E+00,+1.36567208916E+00,+1.00979894772E+00,+1.02814068767E+00
+23.30000E-06,+1.33326003718E+00,+1.34557158686E+00,+1.02989945002E+00,+1.00301505980E+00
+23.35000E-06,+1.34519471042E+00,+1.35876254150E+00,+1.00979894772E+00,+1.01118088886E+00
+23.40000E-06,+1.36341079063E+00,+1.14331028248E+00,+1.00791452563E+00,+992.96480865E-03
+23.45000E-06,+1.34833541390E+00,+1.02396355011E+00,+1.04685924883E+00,+974.12058775E-03
+23.50000E-06,+1.36529521272E+00,+1.02396355011E+00,+1.03806527908E+00,+999.24621562E-03
+23.55000E-06,+1.35210425808E+00,+1.04406405240E+00,+1.00979894772E+00,+1.01118088886E+00
+23.60000E-06,+1.34707913251E+00,+1.29783289391E+00,+1.05376879649E+00,+1.06771355158E+00
+23.65000E-06,+1.36529521272E+00,+1.38263188797E+00,+1.00979894772E+00,+994.22109005E-03
+23.70000E-06,+1.34142586624E+00,+1.36567208916E+00,+1.01796477678E+00,+999.24621562E-03
+23.75000E-06,+1.33200375578E+00,+1.33238063223E+00,+1.00979894772E+00,+991.08038656E-03
+23.80000E-06,+1.34707913251E+00,+1.11567209182E+00,+989.69844542E-03,+932.66330176E-03
+23.85000E-06,+1.33137561509E+00,+1.00700375129E+00,+1.00665824424E+00,+1.00489948189E+00
+23.90000E-06,+1.36089822783E+00,+1.01579772105E+00,+1.01796477678E+00,+991.08038656E-03
+23.95000E-06,+1.34519471042E+00,+1.01705400244E+00,+1.02298990236E+00,+1.02437184350E+00
+24.00000E-06,+1.34519471042E+00,+1.31604897412E+00,+1.05188437440E+00,+1.07148239575E+00
+24.05000E-06,+1.38225501153E+00,+1.36567208916E+00,+1.01608035469E+00,+1.01118088886E+00
+24.10000E-06,+1.34142586624E+00,+1.34557158686E+00,+1.00979894772E+00,+1.01118088886E+00
+24.15000E-06,+1.34519471042E+00,+1.35876254150E+00,+1.00979894772E+00,+991.08038656E-03
+24.20000E-06,+1.36341079063E+00,+1.12320978018E+00,+951.38186292E-03,+928.89445758E-03
+24.25000E-06,+1.32509420812E+00,+1.03778264543E+00,+1.02361804305E+00,+984.79897959E-03
+24.30000E-06,+1.34519471042E+00,+1.01579772105E+00,+1.01796477678E+00,+991.08038656E-03
+24.35000E-06,+1.34519471042E+00,+1.02396355011E+00,+1.02989945002E+00,+1.00489948189E+00
+24.40000E-06,+1.36341079063E+00,+1.31039570786E+00,+1.03366829420E+00,+1.03505023533E+00
+24.45000E-06,+1.38225501153E+00,+1.36567208916E+00,+1.00351754075E+00,+997.36179354E-03
+24.50000E-06,+1.34896355459E+00,+1.34996857175E+00,+1.03806527908E+00,+982.91455750E-03
+24.55000E-06,+1.35210425808E+00,+1.34619972755E+00,+1.03618085699E+00,+1.01118088886E+00
+24.60000E-06,+1.32320978603E+00,+1.10687812205E+00,+985.92960125E-03,+912.56279946E-03
+24.65000E-06,+1.34205400693E+00,+1.00700375129E+00,+1.02361804305E+00,+1.00804018537E+00
+24.70000E-06,+1.33326003718E+00,+1.02396355011E+00,+1.00979894772E+00,+982.91455750E-03
+24.75000E-06,+1.35838566505E+00,+1.03087309777E+00,+1.02989945002E+00,+984.17083890E-03
+24.80000E-06,+1.36717963480E+00,+1.31793339621E+00,+1.03366829419E+00,+1.06959797367E+00
+24.85000E-06,+1.38225501153E+00,+1.36881279265E+00,+1.03618085699E+00,+1.01432159235E+00
+24.90000E-06,+1.34142586624E+00,+1.36567208916E+00,+1.00979894772E+00,+991.08038656E-03
+24.95000E-06,+1.35901380574E+00,+1.35939068219E+00,+1.01042708841E+00,+997.98993423E-03
+25.00000E-06,+1.36529521272E+00,+1.10310927788E+00,+1.00603010355E+00,+914.44722155E-03
+25.05000E-06,+1.35901380574E+00,+1.01768214313E+00,+1.01293965121E+00,+987.93968308E-03
+25.10000E-06,+1.36529521272E+00,+1.03589822334E+00,+1.01796477678E+00,+1.00301505980E+00
+25.15000E-06,+1.35838566505E+00,+1.03087309777E+00,+1.02298990236E+00,+997.98993423E-03
+25.20000E-06,+1.34707913251E+00,+1.30160173809E+00,+995.35171169E-03,+1.05138189346E+00
+25.25000E-06,+1.36529521272E+00,+1.37195349613E+00,+1.00979894772E+00,+1.01432159235E+00
+25.30000E-06,+1.33702888136E+00,+1.35373741592E+00,+1.03366829419E+00,+1.01118088886E+00
+25.35000E-06,+1.37848616735E+00,+1.37886304379E+00,+1.02298990236E+00,+997.98993423E-03
+25.40000E-06,+1.36529521272E+00,+1.16843591036E+00,+985.92960125E-03,+934.54772385E-03
+25.45000E-06,+1.32509420812E+00,+1.02082284662E+00,+1.00979894772E+00,+1.02499998419E+00
+25.50000E-06,+1.34519471042E+00,+1.04406405240E+00,+1.02173362096E+00,+1.00741204469E+00
+25.55000E-06,+1.35838566505E+00,+1.02396355011E+00,+1.01670849538E+00,+997.98993423E-03
+25.60000E-06,+1.36341079063E+00,+1.32295852181E+00,+1.05188437440E+00,+1.03316581325E+00
+25.65000E-06,+1.38539571501E+00,+1.36567208916E+00,+1.01293965121E+00,+1.01432159235E+00
+25.70000E-06,+1.35336053948E+00,+1.34557158686E+00,+1.02173362096E+00,+991.08038656E-03
+25.75000E-06,+1.35901380574E+00,+1.35876254150E+00,+1.01670849538E+00,+1.01118088886E+00
+25.80000E-06,+1.38162687084E+00,+1.17408917662E+00,+987.81402334E-03,+930.77887967E-03
+25.85000E-06,+1.35901380574E+00,+1.02082284662E+00,+1.02675874653E+00,+991.08038656E-03
+25.90000E-06,+1.35712938365E+00,+1.01579772104E+00,+1.01796477678E+00,+991.08038656E-03
+25.95000E-06,+1.34519471042E+00,+1.03715450474E+00,+1.00288940006E+00,+1.01809043652E+00
+26.00000E-06,+1.32697863021E+00,+1.31039570786E+00,+999.12055586E-03,+1.05138189346E+00
+26.05000E-06,+1.38225501153E+00,+1.36253138567E+00,+1.01293965121E+00,+994.22109005E-03
+26.10000E-06,+1.36529521272E+00,+1.32547108456E+00,+1.00979894772E+00,+999.24621563E-03
+26.15000E-06,+1.35210425808E+00,+1.35248113452E+00,+1.02298990236E+00,+997.36179354E-03
+26.20000E-06,+1.34519471042E+00,+1.08677761975E+00,+985.92960125E-03,+914.44722155E-03
+26.25000E-06,+1.33891330344E+00,+1.00700375130E+00,+1.02675874653E+00,+1.02185928070E+00
+26.30000E-06,+1.35336053948E+00,+1.02396355011E+00,+1.02173362096E+00,+1.02311556210E+00
+26.35000E-06,+1.34519471042E+00,+1.01077259547E+00,+1.03680899768E+00,+1.00489948189E+00
+26.40000E-06,+1.36529521272E+00,+1.26831028118E+00,+1.05188437440E+00,+1.05138189346E+00
+26.45000E-06,+1.36215450923E+00,+1.34557158686E+00,+1.01293965121E+00,+1.02814068767E+00
+26.50000E-06,+1.35712938365E+00,+1.36567208916E+00,+1.01796477678E+00,+1.00301505980E+00
+26.55000E-06,+1.36529521272E+00,+1.36567208916E+00,+1.01608035470E+00,+997.98993423E-03
+26.60000E-06,+1.36529521272E+00,+1.11944093599E+00,+971.48236521E-03,+932.66330176E-03
+26.65000E-06,+1.35901380574E+00,+1.00386304781E+00,+1.00979894772E+00,+1.00804018537E+00
+26.70000E-06,+1.35712938365E+00,+1.01202887687E+00,+1.02989945002E+00,+1.01118088886E+00
+26.75000E-06,+1.35210425808E+00,+1.01705400244E+00,+996.60799309E-03,+1.01746229584E+00
+26.80000E-06,+1.38351129293E+00,+1.31416455204E+00,+1.01733663607E+00,+1.03505023533E+00
+26.85000E-06,+1.38225501153E+00,+1.35185299384E+00,+1.01293965121E+00,+1.01118088886E+00
+26.90000E-06,+1.37346104178E+00,+1.35373741592E+00,+1.00979894772E+00,+991.08038656E-03
+26.95000E-06,+1.33828516276E+00,+1.35876254150E+00,+1.02298990236E+00,+991.08038656E-03
+27.00000E-06,+1.34519471042E+00,+1.10876254413E+00,+987.81402334E-03,+950.87938197E-03
+27.05000E-06,+1.30813440931E+00,+1.02082284662E+00,+1.02675874653E+00,+1.00804018537E+00
+27.10000E-06,+1.35712938365E+00,+1.01202887687E+00,+1.01356779190E+00,+991.08038656E-03
+27.15000E-06,+1.35838566505E+00,+1.01705400244E+00,+1.03680899768E+00,+1.02437184350E+00
+27.20000E-06,+1.34707913251E+00,+1.02207912802E+00,+1.04999995232E+00,+1.04949747137E+00
+27.25000E-06,+1.36215450923E+00,+1.02396355011E+00,+1.00979894772E+00,+994.22109005E-03
+27.30000E-06,+1.34519471042E+00,+1.01202887687E+00,+1.00979894772E+00,+1.01118088886E+00
+27.35000E-06,+1.35210425808E+00,+1.02396355011E+00,+989.69844542E-03,+997.98993423E-03
+27.40000E-06,+1.34331028833E+00,+1.02396355011E+00,+991.58286751E-03,+969.09546218E-03
+27.45000E-06,+1.32509420812E+00,+986.90324900E-03,+1.02989945002E+00,+977.26129124E-03
+27.50000E-06,+1.36152636854E+00,+1.02396355011E+00,+1.01796477678E+00,+1.00741204469E+00
+27.55000E-06,+1.33828516276E+00,+1.03087309777E+00,+1.03618085699E+00,+997.98993423E-03
+27.60000E-06,+1.36529521272E+00,+1.04406405240E+00,+991.58286751E-03,+1.01118088886E+00
+27.65000E-06,+1.36215450923E+00,+1.04406405240E+00,+1.00979894772E+00,+1.01118088886E+00
+27.70000E-06,+1.32509420812E+00,+1.01202887687E+00,+1.02173362096E+00,+1.00301505980E+00
+27.75000E-06,+1.35210425808E+00,+1.02396355011E+00,+1.01670849538E+00,+1.00427134120E+00
+27.80000E-06,+1.34331028833E+00,+1.04217963032E+00,+1.02801502793E+00,+991.08038656E-03
+27.85000E-06,+1.36215450923E+00,+1.00700375130E+00,+1.02989945002E+00,+994.22109005E-03
+27.90000E-06,+1.35712938365E+00,+1.03589822334E+00,+989.69844542E-03,+1.01118088886E+00
+27.95000E-06,+1.35838566505E+00,+1.04406405240E+00,+1.01670849538E+00,+991.08038656E-03
+28.00000E-06,+1.34519471042E+00,+1.02207912802E+00,+1.04999995232E+00,+1.01306531095E+00
+28.05000E-06,+1.36843591620E+00,+1.02082284662E+00,+1.01608035470E+00,+991.08038656E-03
+28.10000E-06,+1.34519471042E+00,+1.03212937917E+00,+997.86427449E-03,+999.24621563E-03
+28.15000E-06,+1.33200375578E+00,+1.04406405240E+00,+996.60799309E-03,+984.17083890E-03
+28.20000E-06,+1.38351129293E+00,+1.00574746990E+00,+989.69844542E-03,+972.86430635E-03
+28.25000E-06,+1.36215450923E+00,+1.02396355011E+00,+1.01293965121E+00,+1.00489948189E+00
+28.30000E-06,+1.37722988595E+00,+1.02396355011E+00,+1.02989945002E+00,+1.01494973303E+00
+28.35000E-06,+1.35147611739E+00,+1.03087309777E+00,+1.00979894772E+00,+1.01118088886E+00
+28.40000E-06,+1.34519471042E+00,+1.31604897413E+00,+1.01356779190E+00,+1.02939696907E+00
+28.45000E-06,+1.34519471042E+00,+1.36567208916E+00,+989.69844542E-03,+994.22109005E-03
+28.50000E-06,+1.34519471042E+00,+1.34557158686E+00,+1.02989945002E+00,+1.00301505980E+00
+28.55000E-06,+1.34519471042E+00,+1.36567208916E+00,+1.04309040466E+00,+970.97988427E-03
+28.60000E-06,+1.34707913251E+00,+1.11378766973E+00,+1.02801502793E+00,+972.86430635E-03
+28.65000E-06,+1.32509420812E+00,+1.00386304781E+00,+1.00665824423E+00,+1.02814068767E+00
+28.70000E-06,+1.35712938365E+00,+1.04783289658E+00,+1.01796477678E+00,+1.01118088886E+00
+28.75000E-06,+1.35210425808E+00,+1.05034545938E+00,+996.60799309E-03,+1.01118088886E+00
+28.80000E-06,+1.36341079063E+00,+1.29783289392E+00,+1.03178387211E+00,+1.03128139116E+00
+28.85000E-06,+1.36529521272E+00,+1.36881279265E+00,+999.12055589E-03,+977.26129124E-03
+28.90000E-06,+1.36529521272E+00,+1.33363691363E+00,+1.01419593261E+00,+999.24621563E-03
+28.95000E-06,+1.36529521272E+00,+1.34557158686E+00,+996.60799309E-03,+1.00427134120E+00
+29.00000E-06,+1.34519471042E+00,+1.13954143828E+00,+969.59794313E-03,+970.97988427E-03
+29.05000E-06,+1.32823491161E+00,+1.00700375130E+00,+1.02989945002E+00,+1.01118088886E+00
+29.10000E-06,+1.35712938365E+00,+1.02396355011E+00,+1.02989945002E+00,+999.24621563E-03
+29.15000E-06,+1.35838566505E+00,+1.03715450474E+00,+1.03618085699E+00,+1.01118088886E+00
+29.20000E-06,+1.38162687084E+00,+1.27019470328E+00,+1.01356779189E+00,+1.02751254699E+00
+29.25000E-06,+1.36529521272E+00,+1.34871229035E+00,+1.00665824423E+00,+1.01118088886E+00
+29.30000E-06,+1.34519471042E+00,+1.35373741592E+00,+1.04183412325E+00,+991.08038656E-03
+29.35000E-06,+1.36529521272E+00,+1.37886304380E+00,+1.01670849538E+00,+977.88943193E-03
+29.40000E-06,+1.34707913251E+00,+1.11567209181E+00,+989.69844542E-03,+970.97988427E-03
+29.45000E-06,+1.32823491161E+00,+1.02082284662E+00,+1.00979894772E+00,+987.93968308E-03
+29.50000E-06,+1.35712938365E+00,+1.02396355011E+00,+1.01796477678E+00,+999.24621563E-03
+29.55000E-06,+1.34582285110E+00,+1.02396355011E+00,+1.00979894772E+00,+997.98993422E-03
+29.60000E-06,+1.36152636854E+00,+1.31039570787E+00,+1.02989945002E+00,+1.01306531095E+00
+29.65000E-06,+1.33137561510E+00,+1.35185299384E+00,+1.01608035470E+00,+1.00804018537E+00
+29.70000E-06,+1.35712938365E+00,+1.35373741592E+00,+1.02989945002E+00,+1.01118088886E+00
+29.75000E-06,+1.35838566506E+00,+1.36567208916E+00,+1.00979894772E+00,+991.08038656E-03
+29.80000E-06,+1.34519471042E+00,+1.10310927786E+00,+1.04623110814E+00,+970.97988427E-03
+29.85000E-06,+1.34833541391E+00,+1.02396355011E+00,+1.04371854534E+00,+984.79897959E-03
+29.90000E-06,+1.34519471042E+00,+1.02396355011E+00,+1.02173362096E+00,+1.00741204469E+00
+29.95000E-06,+1.36529521272E+00,+1.02396355011E+00,+1.02298990236E+00,+1.02499998418E+00
+30.00000E-06,+1.34331028833E+00,+1.28150123580E+00,+1.02801502793E+00,+1.02939696907E+00
+30.05000E-06,+1.36215450923E+00,+1.36567208916E+00,+1.00665824423E+00,+997.36179354E-03
+30.10000E-06,+1.35336053948E+00,+1.34180274269E+00,+1.00979894772E+00,+999.24621563E-03
+30.15000E-06,+1.37848616735E+00,+1.34557158686E+00,+1.02989945002E+00,+1.01746229584E+00
+30.20000E-06,+1.34519471042E+00,+1.10499369995E+00,+1.00791452564E+00,+972.86430635E-03
+30.25000E-06,+1.36215450923E+00,+1.00386304781E+00,+1.00979894772E+00,+1.01118088886E+00
+30.30000E-06,+1.34519471042E+00,+1.03589822334E+00,+1.00163311866E+00,+999.24621563E-03
+30.35000E-06,+1.35210425808E+00,+1.01768214313E+00,+1.02989945002E+00,+997.98993422E-03
+30.40000E-06,+1.36341079063E+00,+1.28652636141E+00,+1.03178387211E+00,+1.00929646678E+00
+30.45000E-06,+1.34519471042E+00,+1.36567208916E+00,+1.03304015351E+00,+994.22109005E-03
+30.50000E-06,+1.34079772553E+00,+1.35750626010E+00,+997.86427449E-03,+1.01118088886E+00
+30.55000E-06,+1.35210425808E+00,+1.35248113452E+00,+996.60799308E-03,+1.01118088886E+00
+30.60000E-06,+1.34331028833E+00,+1.11378766973E+00,+1.02613060585E+00,+970.97988427E-03
+30.65000E-06,+1.32509420812E+00,+1.00386304781E+00,+1.02675874653E+00,+994.22109005E-03
+30.70000E-06,+1.36906405689E+00,+1.02396355011E+00,+1.01796477678E+00,+994.84923074E-03
+30.75000E-06,+1.33200375578E+00,+1.02396355011E+00,+1.00288940006E+00,+1.02437184350E+00
+30.80000E-06,+1.32509420812E+00,+1.27584796954E+00,+1.02989945002E+00,+1.04949747137E+00
+30.85000E-06,+1.36529521272E+00,+1.37949118448E+00,+1.00665824423E+00,+994.22109005E-03
+30.90000E-06,+1.34519471042E+00,+1.33363691363E+00,+1.01356779189E+00,+982.91455750E-03
+30.95000E-06,+1.35210425808E+00,+1.35876254150E+00,+1.01670849538E+00,+991.08038656E-03
+31.00000E-06,+1.34896355459E+00,+1.11944093598E+00,+1.00791452564E+00,+954.64822614E-03
+31.05000E-06,+1.34205400693E+00,+1.02396355011E+00,+1.00979894772E+00,+1.01118088886E+00
+31.10000E-06,+1.36529521272E+00,+991.92837457E-03,+1.00979894772E+00,+979.14571333E-03
+31.15000E-06,+1.35147611740E+00,+1.01705400245E+00,+1.02298990236E+00,+1.01118088886E+00
+31.20000E-06,+1.34707913250E+00,+1.28841078349E+00,+1.02989945002E+00,+1.01306531095E+00
+31.25000E-06,+1.34833541391E+00,+1.37949118448E+00,+1.00979894772E+00,+994.22109005E-03
+31.30000E-06,+1.33326003718E+00,+1.36567208916E+00,+1.01796477678E+00,+982.91455750E-03
+31.35000E-06,+1.34519471042E+00,+1.35876254150E+00,+1.02361804304E+00,+1.00427134120E+00
+31.40000E-06,+1.36529521272E+00,+1.10310927786E+00,+1.02801502793E+00,+954.64822614E-03
+31.45000E-06,+1.34519471042E+00,+1.02710425359E+00,+1.02989945002E+00,+991.08038656E-03
+31.50000E-06,+1.35712938365E+00,+1.01579772104E+00,+1.02173362096E+00,+1.01118088886E+00
+31.55000E-06,+1.35147611740E+00,+1.01705400245E+00,+1.00288940006E+00,+991.08038656E-03
+31.60000E-06,+1.36341079063E+00,+1.33426505435E+00,+995.35171168E-03,+1.04761304928E+00
+31.65000E-06,+1.35901380574E+00,+1.36567208916E+00,+1.02675874653E+00,+1.00804018537E+00
+31.70000E-06,+1.34519471042E+00,+1.34557158686E+00,+1.02989945002E+00,+994.84923074E-03
+31.75000E-06,+1.33200375578E+00,+1.34557158686E+00,+1.02298990236E+00,+1.01118088886E+00
+31.80000E-06,+1.32886305229E+00,+1.06667711743E+00,+1.00603010355E+00,+974.74872844E-03
+31.85000E-06,+1.34205400693E+00,+1.01768214313E+00,+1.00979894772E+00,+994.22109005E-03
+31.90000E-06,+1.35712938365E+00,+1.00386304781E+00,+1.02173362096E+00,+1.00301505980E+00
+31.95000E-06,+1.35838566506E+00,+1.03087309777E+00,+1.01670849538E+00,+1.01118088886E+00
+32.00000E-06,+1.34519471042E+00,+1.30160173810E+00,+1.03178387210E+00,+1.03128139116E+00
+32.05000E-06,+1.36529521272E+00,+1.36567208916E+00,+1.02989945002E+00,+991.08038656E-03
+32.10000E-06,+1.34519471042E+00,+1.34557158686E+00,+1.01796477678E+00,+994.84923074E-03
+32.15000E-06,+1.34519471042E+00,+1.36567208916E+00,+989.69844542E-03,+1.00489948188E+00
+32.20000E-06,+1.38162687084E+00,+1.17597359870E+00,+991.58286751E-03,+987.31154239E-03
+32.25000E-06,+1.34833541391E+00,+1.00700375130E+00,+1.02675874653E+00,+994.22109005E-03
+32.30000E-06,+1.34519471042E+00,+1.02396355011E+00,+1.02173362096E+00,+1.01118088886E+00
+32.35000E-06,+1.37157661969E+00,+1.03715450474E+00,+1.02927130934E+00,+1.02437184350E+00
+32.40000E-06,+1.36529521272E+00,+1.27961681371E+00,+1.01356779189E+00,+1.01118088886E+00
+32.45000E-06,+1.34205400693E+00,+1.36881279265E+00,+1.01293965121E+00,+974.12058776E-03
+32.50000E-06,+1.34142586625E+00,+1.35373741593E+00,+1.00163311866E+00,+1.01118088886E+00
+32.55000E-06,+1.33200375578E+00,+1.34557158686E+00,+1.00979894772E+00,+997.98993422E-03
+32.60000E-06,+1.38351129293E+00,+1.10499369994E+00,+1.00791452564E+00,+972.86430635E-03
+32.65000E-06,+1.32823491161E+00,+1.02082284662E+00,+989.69844542E-03,+991.08038656E-03
+32.70000E-06,+1.34519471042E+00,+1.02773239428E+00,+1.02989945002E+00,+1.01494973303E+00
+32.75000E-06,+1.34519471042E+00,+1.03715450474E+00,+1.02989945002E+00,+991.08038656E-03
+32.80000E-06,+1.34707913250E+00,+1.27961681371E+00,+1.02989945002E+00,+1.03316581324E+00
+32.85000E-06,+1.36529521272E+00,+1.36567208916E+00,+1.01293965121E+00,+994.22109005E-03
+32.90000E-06,+1.34519471042E+00,+1.33740575780E+00,+1.00979894772E+00,+1.00741204469E+00
+32.95000E-06,+1.33200375578E+00,+1.36567208916E+00,+1.02298990236E+00,+1.01118088886E+00
+33.00000E-06,+1.34519471042E+00,+1.13200374993E+00,+1.01168336981E+00,+989.19596448E-03
+33.05000E-06,+1.34833541391E+00,+986.90324900E-03,+1.04685924883E+00,+994.22109005E-03
+33.10000E-06,+1.35336053948E+00,+1.04406405240E+00,+1.00979894772E+00,+991.08038656E-03
+33.15000E-06,+1.33200375578E+00,+1.01768214313E+00,+1.00288940006E+00,+1.00427134120E+00
+33.20000E-06,+1.34707913250E+00,+1.27019470329E+00,+1.01168336981E+00,+1.02939696907E+00
+33.25000E-06,+1.38225501152E+00,+1.36567208916E+00,+1.02989945002E+00,+1.03128139116E+00
+33.30000E-06,+1.35336053948E+00,+1.33740575780E+00,+1.03366829419E+00,+991.08038656E-03
+33.35000E-06,+1.33200375578E+00,+1.34557158686E+00,+1.03618085700E+00,+997.98993422E-03
+33.40000E-06,+1.34707913250E+00,+1.09557158951E+00,+1.00603010355E+00,+954.64822614E-03
+33.45000E-06,+1.34519471042E+00,+1.02082284662E+00,+1.02675874653E+00,+991.08038656E-03
+33.50000E-06,+1.34519471042E+00,+1.02773239428E+00,+1.01796477679E+00,+967.21104010E-03
+33.55000E-06,+1.34519471042E+00,+1.03715450474E+00,+1.01670849538E+00,+991.08038656E-03
+33.60000E-06,+1.36341079063E+00,+1.29783289393E+00,+1.01168336981E+00,+1.01118088886E+00
+33.65000E-06,+1.37911430803E+00,+1.35185299384E+00,+1.02675874653E+00,+1.00804018537E+00
+33.70000E-06,+1.34519471042E+00,+1.37383791822E+00,+1.00979894772E+00,+1.01118088886E+00
+33.75000E-06,+1.35901380574E+00,+1.35248113452E+00,+1.00288940006E+00,+1.00427134120E+00
+33.80000E-06,+1.36717963480E+00,+1.10310927785E+00,+1.00979894772E+00,+950.87938197E-03
+33.85000E-06,+1.36843591621E+00,+1.02082284662E+00,+1.02675874653E+00,+1.02499998418E+00
+33.90000E-06,+1.34896355459E+00,+1.02396355011E+00,+1.03806527908E+00,+1.01494973303E+00
+33.95000E-06,+1.34519471042E+00,+1.03087309777E+00,+1.02989945002E+00,+1.01118088886E+00
+34.00000E-06,+1.36341079063E+00,+1.27961681372E+00,+1.01356779189E+00,+1.01118088886E+00
+34.05000E-06,+1.36215450923E+00,+1.39959168678E+00,+1.02989945002E+00,+991.08038656E-03
+34.10000E-06,+1.36529521272E+00,+1.35373741593E+00,+1.03366829419E+00,+991.08038656E-03
+34.15000E-06,+1.35901380574E+00,+1.35876254150E+00,+1.02298990236E+00,+1.01118088886E+00
+34.20000E-06,+1.36341079063E+00,+1.13577259410E+00,+1.02424618376E+00,+952.76380405E-03
+34.25000E-06,+1.34519471042E+00,+1.04092334891E+00,+995.97985240E-03,+994.22109005E-03
+34.30000E-06,+1.35712938365E+00,+1.01579772104E+00,+1.04183412325E+00,+991.08038656E-03
+34.35000E-06,+1.34519471042E+00,+1.03087309776E+00,+1.01670849538E+00,+1.01118088886E+00
+34.40000E-06,+1.36529521272E+00,+1.29971731601E+00,+1.04811553023E+00,+1.01306531095E+00
+34.45000E-06,+1.36529521272E+00,+1.36881279265E+00,+1.01608035470E+00,+994.22109005E-03
+34.50000E-06,+1.35712938365E+00,+1.35373741593E+00,+1.00979894772E+00,+991.08038656E-03
+34.55000E-06,+1.34519471042E+00,+1.35248113452E+00,+1.00979894772E+00,+1.00427134120E+00
+34.60000E-06,+1.38162687084E+00,+1.17408917661E+00,+991.58286751E-03,+952.76380405E-03
+34.65000E-06,+1.34519471042E+00,+1.02396355011E+00,+1.02989945002E+00,+1.01118088886E+00
+34.70000E-06,+1.35712938365E+00,+1.02396355011E+00,+1.02989945002E+00,+999.24621563E-03
+34.75000E-06,+1.33200375578E+00,+1.02396355011E+00,+1.02989945002E+00,+1.01118088886E+00
+34.80000E-06,+1.36529521272E+00,+1.27396354746E+00,+1.01168336981E+00,+1.03316581324E+00
+34.85000E-06,+1.36215450923E+00,+1.36881279265E+00,+992.83914891E-03,+997.36179354E-03
+34.90000E-06,+1.35712938365E+00,+1.34557158686E+00,+1.03806527908E+00,+1.01118088886E+00
+34.95000E-06,+1.35901380574E+00,+1.35248113452E+00,+1.03618085700E+00,+997.98993422E-03
+35.00000E-06,+1.34707913250E+00,+1.08300877555E+00,+1.04246226398E+00,+954.64822614E-03
+35.05000E-06,+1.34519471042E+00,+1.00700375130E+00,+1.02675874653E+00,+1.00804018537E+00
+35.10000E-06,+1.34896355459E+00,+1.03212937917E+00,+997.86427449E-03,+991.08038656E-03
+35.15000E-06,+1.35210425808E+00,+1.02396355011E+00,+1.01670849538E+00,+997.36179354E-03
+35.20000E-06,+1.36717963480E+00,+1.27773239163E+00,+1.01168336981E+00,+1.01306531095E+00
+35.25000E-06,+1.36529521272E+00,+1.36253138567E+00,+1.02989945002E+00,+1.02814068767E+00
+35.30000E-06,+1.34519471042E+00,+1.35373741593E+00,+1.00603010355E+00,+999.24621563E-03
+35.35000E-06,+1.35901380574E+00,+1.35876254150E+00,+1.01670849538E+00,+1.00427134120E+00
+35.40000E-06,+1.36717963480E+00,+1.13200374993E+00,+991.58286751E-03,+969.09546218E-03
+35.45000E-06,+1.34519471042E+00,+1.02396355011E+00,+1.00665824423E+00,+1.00489948188E+00
+35.50000E-06,+1.35712938365E+00,+1.03589822334E+00,+1.02613060585E+00,+991.08038656E-03
+35.55000E-06,+1.35210425808E+00,+1.04406405240E+00,+1.01670849538E+00,+1.01118088886E+00
+35.60000E-06,+1.34519471042E+00,+1.29406404976E+00,+1.01168336981E+00,+1.03128139116E+00
+35.65000E-06,+1.32823491161E+00,+1.36567208916E+00,+1.00979894772E+00,+991.08038656E-03
+35.70000E-06,+1.33326003719E+00,+1.35373741593E+00,+1.04183412325E+00,+1.00301505980E+00
+35.75000E-06,+1.36529521272E+00,+1.36567208916E+00,+1.02298990236E+00,+997.36179354E-03
+35.80000E-06,+1.36529521272E+00,+1.15775751848E+00,+1.00603010355E+00,+989.19596448E-03
+35.85000E-06,+1.33137561510E+00,+1.00700375130E+00,+1.02675874653E+00,+987.93968307E-03
+35.90000E-06,+1.36906405688E+00,+1.04406405240E+00,+1.00979894772E+00,+1.00741204469E+00
+35.95000E-06,+1.36529521272E+00,+1.03715450474E+00,+1.01670849538E+00,+1.01118088886E+00
+36.00000E-06,+1.34707913250E+00,+1.31793339623E+00,+1.02989945002E+00,+1.03316581324E+00
+36.05000E-06,+1.33137561510E+00,+1.36881279265E+00,+1.01293965121E+00,+974.12058776E-03
+36.10000E-06,+1.34519471042E+00,+1.35373741593E+00,+997.86427449E-03,+1.01494973303E+00
+36.15000E-06,+1.35901380574E+00,+1.35876254150E+00,+1.01670849538E+00,+1.01118088886E+00
+36.20000E-06,+1.38351129293E+00,+1.09368716742E+00,+1.01168336981E+00,+989.19596448E-03
+36.25000E-06,+1.34519471042E+00,+1.02396355011E+00,+1.02675874653E+00,+1.00489948188E+00
+36.30000E-06,+1.35336053948E+00,+1.00386304781E+00,+1.02613060585E+00,+1.00301505980E+00
+36.35000E-06,+1.34519471042E+00,+1.03087309776E+00,+1.02298990236E+00,+1.01809043652E+00
+36.40000E-06,+1.34519471042E+00,+1.29783289393E+00,+1.01356779189E+00,+1.02939696907E+00
+36.45000E-06,+1.34833541391E+00,+1.34871229035E+00,+1.01293965121E+00,+997.36179354E-03
+36.50000E-06,+1.36529521272E+00,+1.33363691363E+00,+1.00979894772E+00,+1.01118088886E+00
+36.55000E-06,+1.35838566506E+00,+1.36567208916E+00,+1.01670849538E+00,+997.98993422E-03
+36.60000E-06,+1.36341079063E+00,+1.09557158950E+00,+1.02613060585E+00,+991.08038656E-03
+36.65000E-06,+1.36215450923E+00,+1.01768214313E+00,+1.00979894772E+00,+1.02814068767E+00
+36.70000E-06,+1.34519471042E+00,+1.02019470594E+00,+1.04183412325E+00,+999.24621563E-03
+36.75000E-06,+1.35838566506E+00,+1.02396355011E+00,+1.02989945002E+00,+1.01118088886E+00
+36.80000E-06,+1.34707913250E+00,+1.28338565789E+00,+1.04811553023E+00,+1.01494973303E+00
+36.85000E-06,+1.35147611740E+00,+1.36567208916E+00,+1.01293965121E+00,+994.22109005E-03
+36.90000E-06,+1.34519471042E+00,+1.34557158686E+00,+1.00979894772E+00,+1.00301505980E+00
+36.95000E-06,+1.36529521272E+00,+1.35939068218E+00,+1.01670849538E+00,+1.03128139116E+00
+37.00000E-06,+1.34707913250E+00,+1.12697862430E+00,+1.00791452564E+00,+972.86430635E-03
+37.05000E-06,+1.33137561510E+00,+1.02396355011E+00,+1.01608035470E+00,+977.26129125E-03
+37.10000E-06,+1.36529521272E+00,+1.01579772104E+00,+1.02173362095E+00,+1.00301505980E+00
+37.15000E-06,+1.34519471042E+00,+1.03087309776E+00,+1.01608035470E+00,+1.00489948188E+00
+37.20000E-06,+1.34707913250E+00,+1.31228012998E+00,+1.01168336981E+00,+1.02939696907E+00
+37.25000E-06,+1.36215450923E+00,+1.34871229035E+00,+1.01293965121E+00,+994.22109005E-03
+37.30000E-06,+1.33702888135E+00,+1.35373741593E+00,+1.00979894772E+00,+979.14571333E-03
+37.35000E-06,+1.35901380574E+00,+1.35248113452E+00,+1.04309040466E+00,+997.98993422E-03
+37.40000E-06,+1.34707913250E+00,+1.08300877554E+00,+1.00603010355E+00,+972.86430635E-03
+37.45000E-06,+1.35901380574E+00,+1.00386304781E+00,+1.00979894772E+00,+991.08038656E-03
+37.50000E-06,+1.36529521272E+00,+1.03589822334E+00,+1.00163311866E+00,+1.00301505980E+00
+37.55000E-06,+1.36529521272E+00,+1.00386304781E+00,+1.02989945002E+00,+997.36179354E-03
+37.60000E-06,+1.34519471042E+00,+1.29217962768E+00,+1.02989945002E+00,+1.05138189346E+00
+37.65000E-06,+1.34519471042E+00,+1.36253138567E+00,+1.01293965121E+00,+1.02814068767E+00
+37.70000E-06,+1.33326003719E+00,+1.34180274269E+00,+1.01796477679E+00,+1.01118088886E+00
+37.75000E-06,+1.34519471042E+00,+1.35248113452E+00,+1.00979894772E+00,+984.79897958E-03
+37.80000E-06,+1.34707913250E+00,+1.07547108720E+00,+1.01168336981E+00,+950.87938197E-03
+37.85000E-06,+1.34833541391E+00,+1.00700375130E+00,+1.00979894772E+00,+1.00804018537E+00
+37.90000E-06,+1.34519471042E+00,+1.03212937917E+00,+1.00979894772E+00,+991.08038656E-03
+37.95000E-06,+1.35838566506E+00,+1.02396355011E+00,+1.02298990236E+00,+1.00427134120E+00
+38.00000E-06,+1.34331028833E+00,+1.28150123580E+00,+1.01356779189E+00,+1.01118088886E+00
+38.05000E-06,+1.34519471042E+00,+1.36567208916E+00,+1.00351754074E+00,+994.22109005E-03
+38.10000E-06,+1.35336053948E+00,+1.35750626009E+00,+1.01796477679E+00,+991.08038656E-03
+38.15000E-06,+1.35838566506E+00,+1.35248113452E+00,+1.02298990236E+00,+1.00427134120E+00
+38.20000E-06,+1.36529521272E+00,+1.15398867431E+00,+1.00414568147E+00,+970.97988427E-03
+38.25000E-06,+1.31441581630E+00,+1.02396355011E+00,+1.02989945002E+00,+1.01118088886E+00
+38.30000E-06,+1.35712938365E+00,+1.01202887687E+00,+1.02173362095E+00,+1.01118088886E+00
+38.35000E-06,+1.37220476037E+00,+1.03715450474E+00,+996.60799308E-03,+997.98993422E-03
+38.40000E-06,+1.34519471042E+00,+1.32295852186E+00,+1.02989945002E+00,+1.02939696907E+00
+38.45000E-06,+1.36215450923E+00,+1.36253138567E+00,+1.01293965121E+00,+997.36179355E-03
+38.50000E-06,+1.35336053948E+00,+1.34934043103E+00,+1.00979894772E+00,+1.01118088886E+00
+38.55000E-06,+1.35147611740E+00,+1.36567208916E+00,+1.00979894772E+00,+990.45224589E-03
+38.60000E-06,+1.32697863021E+00,+1.12320978013E+00,+1.00791452564E+00,+972.86430635E-03
+38.65000E-06,+1.34519471042E+00,+1.00700375130E+00,+1.01293965121E+00,+1.01432159235E+00
+38.70000E-06,+1.36529521272E+00,+1.02019470594E+00,+1.01796477679E+00,+1.00301505980E+00
+38.75000E-06,+1.34519471042E+00,+1.01768214312E+00,+1.02298990236E+00,+1.01118088886E+00
+38.80000E-06,+1.34519471042E+00,+1.27961681372E+00,+993.46728959E-03,+1.04949747137E+00
+38.85000E-06,+1.34519471042E+00,+1.32861178806E+00,+1.04685924883E+00,+1.01118088886E+00
+38.90000E-06,+1.36529521272E+00,+1.36567208916E+00,+1.03366829419E+00,+982.91455750E-03
+38.95000E-06,+1.33891330344E+00,+1.37886304380E+00,+1.04309040466E+00,+1.00427134120E+00
+39.00000E-06,+1.36529521272E+00,+1.14142586034E+00,+1.00791452564E+00,+972.86430635E-03
+39.05000E-06,+1.34205400693E+00,+1.04092334891E+00,+1.00665824423E+00,+1.02499998418E+00
+39.10000E-06,+1.36529521272E+00,+1.04406405240E+00,+1.02173362095E+00,+979.14571333E-03
+39.15000E-06,+1.35901380573E+00,+1.03715450475E+00,+1.02989945002E+00,+1.00427134120E+00
+39.20000E-06,+1.36529521272E+00,+1.28841078352E+00,+1.01356779189E+00,+1.02939696908E+00
+39.25000E-06,+1.34519471042E+00,+1.39959168677E+00,+1.03304015351E+00,+991.08038656E-03
+39.30000E-06,+1.34519471042E+00,+1.35750626009E+00,+1.01796477679E+00,+987.31154240E-03
+39.35000E-06,+1.35838566506E+00,+1.35876254150E+00,+1.02298990236E+00,+1.00427134120E+00
+39.40000E-06,+1.34519471042E+00,+1.08300877553E+00,+1.02801502794E+00,+954.64822614E-03
+39.45000E-06,+1.37911430803E+00,+1.02082284661E+00,+1.00665824423E+00,+987.93968307E-03
+39.50000E-06,+1.35712938365E+00,+1.02396355011E+00,+1.02989945002E+00,+999.24621563E-03
+39.55000E-06,+1.36529521272E+00,+1.03087309776E+00,+1.02989945002E+00,+1.02437184350E+00
+39.60000E-06,+1.36341079063E+00,+1.33426505436E+00,+993.46728959E-03,+994.84923073E-03
+39.65000E-06,+1.35901380573E+00,+1.36567208916E+00,+1.00979894772E+00,+1.01432159235E+00
+39.70000E-06,+1.34142586625E+00,+1.35373741593E+00,+1.02989945002E+00,+1.00301505980E+00
+39.75000E-06,+1.35210425808E+00,+1.36567208916E+00,+1.02298990236E+00,+1.00489948188E+00
+39.80000E-06,+1.34707913250E+00,+1.06290827324E+00,+1.02613060585E+00,+952.76380405E-03
+39.85000E-06,+1.34833541391E+00,+1.00386304781E+00,+1.02989945002E+00,+1.01118088886E+00
+39.90000E-06,+1.36529521272E+00,+1.01579772104E+00,+1.02173362095E+00,+1.00301505980E+00
+39.95000E-06,+1.36529521272E+00,+1.02396355011E+00,+1.01670849538E+00,+984.79897958E-03
+40.00000E-06,+1.36341079063E+00,+1.32295852186E+00,+1.03178387210E+00,+1.02939696908E+00
+40.05000E-06,+1.34833541391E+00,+1.38263188797E+00,+1.02989945002E+00,+1.01432159235E+00
+40.10000E-06,+1.36529521272E+00,+1.35750626009E+00,+1.00163311866E+00,+991.08038656E-03
+40.15000E-06,+1.35210425808E+00,+1.33238063222E+00,+1.02989945002E+00,+1.01118088886E+00
+40.20000E-06,+1.34519471042E+00,+1.10499369991E+00,+1.02613060585E+00,+954.64822614E-03
+40.25000E-06,+1.34205400693E+00,+1.00386304781E+00,+1.02675874653E+00,+991.08038656E-03
+40.30000E-06,+1.35712938365E+00,+1.03589822334E+00,+1.04183412325E+00,+994.84923073E-03
+40.35000E-06,+1.37848616736E+00,+1.03087309776E+00,+1.03618085700E+00,+1.01118088886E+00
+40.40000E-06,+1.34519471042E+00,+1.27961681372E+00,+1.01356779189E+00,+1.03316581324E+00
+40.45000E-06,+1.36215450922E+00,+1.34871229035E+00,+1.02675874653E+00,+977.26129125E-03
+40.50000E-06,+1.35712938365E+00,+1.35750626009E+00,+1.02989945002E+00,+991.08038656E-03
+40.55000E-06,+1.35901380573E+00,+1.36567208916E+00,+1.04309040466E+00,+1.00427134120E+00
+40.60000E-06,+1.34707913250E+00,+1.10499369991E+00,+1.02613060585E+00,+991.08038656E-03
+40.65000E-06,+1.34519471042E+00,+1.00386304781E+00,+1.00979894772E+00,+1.00804018537E+00
+40.70000E-06,+1.34142586625E+00,+1.03589822334E+00,+1.01796477679E+00,+1.01118088886E+00
+40.75000E-06,+1.33828516276E+00,+1.00386304781E+00,+1.02989945002E+00,+991.08038656E-03
+40.80000E-06,+1.36152636855E+00,+1.25197862309E+00,+1.01356779189E+00,+1.03128139116E+00
+40.85000E-06,+1.36215450922E+00,+1.36567208916E+00,+995.97985241E-03,+994.22109006E-03
+40.90000E-06,+1.35336053948E+00,+1.36567208916E+00,+1.02173362095E+00,+991.08038656E-03
+40.95000E-06,+1.36529521272E+00,+1.36567208916E+00,+1.02298990236E+00,+1.01746229584E+00
+41.00000E-06,+1.36717963480E+00,+1.12697862429E+00,+1.00791452564E+00,+970.97988427E-03
+41.05000E-06,+1.36215450922E+00,+1.02396355011E+00,+1.02361804304E+00,+1.00804018537E+00
+41.10000E-06,+1.35712938365E+00,+1.03589822334E+00,+1.01796477679E+00,+1.01118088886E+00
+41.15000E-06,+1.34519471042E+00,+1.02396355011E+00,+1.02298990236E+00,+1.03128139116E+00
+41.20000E-06,+1.34331028834E+00,+1.29594847185E+00,+1.01168336980E+00,+1.03128139116E+00
+41.25000E-06,+1.36529521272E+00,+1.36567208916E+00,+1.01293965121E+00,+1.04510048647E+00
+41.30000E-06,+1.33702888135E+00,+1.34180274270E+00,+1.02989945002E+00,+1.01118088886E+00
+41.35000E-06,+1.34519471042E+00,+1.33866203921E+00,+1.02989945002E+00,+997.98993422E-03
+41.40000E-06,+1.36717963480E+00,+1.11944093596E+00,+1.02613060585E+00,+972.86430635E-03
+41.45000E-06,+1.34519471042E+00,+1.02082284661E+00,+1.02675874653E+00,+1.00804018537E+00
+41.50000E-06,+1.36529521272E+00,+1.01202887687E+00,+1.00979894772E+00,+1.01118088886E+00
+41.55000E-06,+1.35838566506E+00,+1.02396355011E+00,+1.02361804304E+00,+1.01118088886E+00
+41.60000E-06,+1.34331028834E+00,+1.27584796956E+00,+1.02989945002E+00,+1.01118088886E+00
+41.65000E-06,+1.37911430803E+00,+1.36881279265E+00,+1.01293965121E+00,+994.22109006E-03
+41.70000E-06,+1.36529521272E+00,+1.34557158686E+00,+1.04183412325E+00,+999.24621563E-03
+41.75000E-06,+1.35838566506E+00,+1.34557158686E+00,+1.02298990236E+00,+991.08038656E-03
+41.80000E-06,+1.34707913250E+00,+1.09557158949E+00,+1.04623110815E+00,+969.09546218E-03
+41.85000E-06,+1.33137561510E+00,+1.04092334891E+00,+1.04685924882E+00,+1.00804018537E+00
+41.90000E-06,+1.35712938365E+00,+1.03212937917E+00,+1.01796477679E+00,+1.01494973303E+00
+41.95000E-06,+1.33828516276E+00,+1.02396355011E+00,+1.02298990236E+00,+1.01118088886E+00
+42.00000E-06,+1.36341079063E+00,+1.30662686374E+00,+979.02005354E-03,+1.08969847597E+00
+42.05000E-06,+1.36529521272E+00,+1.38577259146E+00,+992.83914892E-03,+994.22109006E-03
+42.10000E-06,+1.34519471042E+00,+1.36190324499E+00,+1.00979894772E+00,+982.91455750E-03
+42.15000E-06,+1.34519471042E+00,+1.35248113452E+00,+1.02298990236E+00,+997.98993422E-03
+42.20000E-06,+1.34707913250E+00,+1.11755651387E+00,+982.16075709E-03,+916.33164362E-03
+42.25000E-06,+1.32509420812E+00,+1.02396355011E+00,+1.00979894772E+00,+991.08038656E-03
+42.30000E-06,+1.34519471042E+00,+1.02773239427E+00,+993.46728959E-03,+991.08038656E-03
+42.35000E-06,+1.35838566506E+00,+1.03087309776E+00,+1.01670849538E+00,+1.00427134120E+00
+42.40000E-06,+1.34519471042E+00,+1.30662686374E+00,+1.05565321856E+00,+1.01306531094E+00
+42.45000E-06,+1.36529521272E+00,+1.36881279265E+00,+1.01608035471E+00,+1.01118088886E+00
+42.50000E-06,+1.34142586625E+00,+1.35373741593E+00,+1.00979894772E+00,+1.03128139116E+00
+42.55000E-06,+1.36529521272E+00,+1.36567208916E+00,+1.01670849538E+00,+997.98993422E-03
+42.60000E-06,+1.34707913250E+00,+1.12320978012E+00,+967.71352104E-03,+912.56279946E-03
+42.65000E-06,+1.34833541391E+00,+1.00386304781E+00,+1.02675874653E+00,+987.93968307E-03
+42.70000E-06,+1.36529521272E+00,+1.02019470594E+00,+1.00979894772E+00,+1.00301505980E+00
+42.75000E-06,+1.32509420812E+00,+1.02396355011E+00,+1.00979894772E+00,+1.01118088886E+00
+42.80000E-06,+1.36529521272E+00,+1.25951631143E+00,+1.05376879648E+00,+1.08969847597E+00
+42.85000E-06,+1.36215450922E+00,+1.36567208916E+00,+1.01293965121E+00,+1.00804018537E+00
+42.90000E-06,+1.35336053948E+00,+1.34557158686E+00,+1.01796477679E+00,+994.84923073E-03
+42.95000E-06,+1.36529521272E+00,+1.33866203921E+00,+1.00979894772E+00,+1.00427134120E+00
+43.00000E-06,+1.34331028834E+00,+1.12320978012E+00,+965.82909896E-03,+912.56279946E-03
+43.05000E-06,+1.35901380573E+00,+1.02082284661E+00,+1.06067834414E+00,+1.00489948188E+00
+43.10000E-06,+1.36906405688E+00,+1.04406405240E+00,+1.00979894772E+00,+1.01118088886E+00
+43.15000E-06,+1.35147611740E+00,+1.03715450475E+00,+1.00351754074E+00,+997.98993422E-03
+43.20000E-06,+1.34331028834E+00,+1.31228012999E+00,+1.02989945002E+00,+1.04949747137E+00
+43.25000E-06,+1.36529521272E+00,+1.38263188796E+00,+1.01293965121E+00,+1.01118088886E+00
+43.30000E-06,+1.34519471042E+00,+1.35373741593E+00,+1.00603010356E+00,+999.24621563E-03
+43.35000E-06,+1.35210425808E+00,+1.37258163682E+00,+1.00351754074E+00,+1.00427134120E+00
+43.40000E-06,+1.36529521272E+00,+1.14833540805E+00,+971.48236521E-03,+930.77887967E-03
+43.45000E-06,+1.34519471042E+00,+1.00072234432E+00,+1.02989945002E+00,+1.00804018537E+00
+43.50000E-06,+1.35712938365E+00,+1.02396355011E+00,+1.01796477679E+00,+1.00301505979E+00
+43.55000E-06,+1.34519471042E+00,+1.01705400245E+00,+1.02927130935E+00,+1.01809043652E+00
+43.60000E-06,+1.36529521272E+00,+1.33049621020E+00,+1.01356779189E+00,+1.05326631554E+00
+43.65000E-06,+1.37911430803E+00,+1.37195349614E+00,+1.02989945002E+00,+997.36179355E-03
+43.70000E-06,+1.34142586625E+00,+1.33740575780E+00,+1.00979894772E+00,+1.00301505979E+00
+43.75000E-06,+1.34519471042E+00,+1.36567208916E+00,+1.02298990236E+00,+1.00427134120E+00
+43.80000E-06,+1.32697863020E+00,+1.12697862428E+00,+984.04517918E-03,+916.33164362E-03
+43.85000E-06,+1.34519471042E+00,+1.02082284661E+00,+1.00665824423E+00,+1.00804018537E+00
+43.90000E-06,+1.35336053949E+00,+1.04406405240E+00,+1.00979894772E+00,+991.08038656E-03
+43.95000E-06,+1.35838566506E+00,+1.02396355011E+00,+1.02298990236E+00,+1.00489948188E+00
+44.00000E-06,+1.34707913250E+00,+1.30474244166E+00,+1.03743713835E+00,+1.01306531094E+00
+44.05000E-06,+1.38225501152E+00,+1.36567208916E+00,+1.01608035471E+00,+994.22109006E-03
+44.10000E-06,+1.34142586625E+00,+1.34557158686E+00,+1.00979894772E+00,+991.08038656E-03
+44.15000E-06,+1.35210425807E+00,+1.34557158686E+00,+1.02989945002E+00,+1.00427134121E+00
+44.20000E-06,+1.34519471042E+00,+1.09557158949E+00,+971.48236521E-03,+932.66330175E-03
+44.25000E-06,+1.32509420812E+00,+1.00386304781E+00,+1.02675874653E+00,+1.00804018537E+00
+44.30000E-06,+1.33702888135E+00,+1.01579772104E+00,+1.02989945002E+00,+982.91455750E-03
+44.35000E-06,+1.33200375578E+00,+1.03087309776E+00,+1.01670849538E+00,+997.98993422E-03
+44.40000E-06,+1.34331028834E+00,+1.33049621021E+00,+1.01545221397E+00,+1.03505023532E+00
+44.45000E-06,+1.36529521272E+00,+1.35185299385E+00,+1.01293965121E+00,+994.22109006E-03
+44.50000E-06,+1.34142586625E+00,+1.33363691363E+00,+1.01796477679E+00,+1.00301505979E+00
+44.55000E-06,+1.34519471042E+00,+1.36567208916E+00,+1.02989945002E+00,+984.79897958E-03
+44.60000E-06,+1.34707913250E+00,+1.06856153947E+00,+1.00603010356E+00,+914.44722154E-03
+44.65000E-06,+1.34519471042E+00,+1.02396355011E+00,+1.02989945002E+00,+1.02499998417E+00
+44.70000E-06,+1.36529521272E+00,+1.03589822334E+00,+1.02989945002E+00,+1.01118088886E+00
+44.75000E-06,+1.35210425807E+00,+1.02396355011E+00,+1.02298990236E+00,+1.01118088886E+00
+44.80000E-06,+1.36341079063E+00,+1.32484294396E+00,+1.03555271626E+00,+1.03316581324E+00
+44.85000E-06,+1.36529521272E+00,+1.34871229035E+00,+1.01608035471E+00,+994.22109006E-03
+44.90000E-06,+1.34519471042E+00,+1.35373741593E+00,+1.02173362095E+00,+1.01118088886E+00
+44.95000E-06,+1.35210425807E+00,+1.36567208916E+00,+1.01670849538E+00,+1.00427134121E+00
+45.00000E-06,+1.34519471042E+00,+1.10499369990E+00,+987.81402334E-03,+932.66330175E-03
+45.05000E-06,+1.34519471042E+00,+1.00386304781E+00,+1.02361804303E+00,+991.08038656E-03
+45.10000E-06,+1.35712938365E+00,+1.03589822334E+00,+1.03806527909E+00,+999.24621563E-03
+45.15000E-06,+1.36529521272E+00,+1.01077259546E+00,+1.00288940007E+00,+997.98993422E-03
+45.20000E-06,+1.36341079063E+00,+1.28150123581E+00,+1.06821603253E+00,+1.06771355159E+00
+45.25000E-06,+1.36529521272E+00,+1.36567208916E+00,+1.00979894772E+00,+997.36179355E-03
+45.30000E-06,+1.33326003719E+00,+1.36567208916E+00,+1.00979894772E+00,+979.14571333E-03
+45.35000E-06,+1.35838566506E+00,+1.35876254150E+00,+1.02298990236E+00,+984.17083891E-03
+45.40000E-06,+1.34519471042E+00,+1.10499369990E+00,+1.00226125940E+00,+950.87938197E-03
+45.45000E-06,+1.32823491161E+00,+1.02396355011E+00,+1.02361804303E+00,+1.01118088886E+00
+45.50000E-06,+1.33702888135E+00,+1.02396355011E+00,+1.02173362095E+00,+1.01934671793E+00
+45.55000E-06,+1.37220476037E+00,+1.02396355011E+00,+1.04309040466E+00,+1.02437184350E+00
+45.60000E-06,+1.38162687085E+00,+1.29594847186E+00,+1.05188437440E+00,+1.07148239575E+00
+45.65000E-06,+1.36529521272E+00,+1.36567208916E+00,+1.00979894772E+00,+1.00804018537E+00
+45.70000E-06,+1.34142586626E+00,+1.37760676239E+00,+1.01796477679E+00,+1.00301505979E+00
+45.75000E-06,+1.34582285109E+00,+1.35248113452E+00,+1.00979894772E+00,+984.17083891E-03
+45.80000E-06,+1.38162687085E+00,+1.16152636262E+00,+949.49744083E-03,+934.54772384E-03
+45.85000E-06,+1.34519471042E+00,+1.01014445479E+00,+1.04371854533E+00,+994.22109006E-03
+45.90000E-06,+1.35712938365E+00,+1.01579772104E+00,+1.02989945002E+00,+1.02311556209E+00
+45.95000E-06,+1.36529521272E+00,+1.03087309776E+00,+1.04309040466E+00,+1.01809043652E+00
+46.00000E-06,+1.36529521272E+00,+1.29406404978E+00,+1.01733663605E+00,+1.05138189346E+00
+46.05000E-06,+1.38225501152E+00,+1.38577259146E+00,+1.00979894772E+00,+994.22109006E-03
+46.10000E-06,+1.37346104178E+00,+1.35373741593E+00,+1.02173362095E+00,+999.24621563E-03
+46.15000E-06,+1.37848616736E+00,+1.35248113452E+00,+1.03618085701E+00,+991.08038656E-03
+46.20000E-06,+1.32697863020E+00,+1.11190324762E+00,+1.00414568148E+00,+932.66330175E-03
+46.25000E-06,+1.32823491161E+00,+1.02396355011E+00,+1.00979894772E+00,+991.08038656E-03
+46.30000E-06,+1.35712938365E+00,+1.01202887688E+00,+1.00163311865E+00,+1.00301505979E+00
+46.35000E-06,+1.35838566506E+00,+1.03087309776E+00,+1.00979894772E+00,+1.01118088886E+00
+46.40000E-06,+1.32886305228E+00,+1.29971731602E+00,+1.03178387210E+00,+1.03316581324E+00
+46.45000E-06,+1.34519471042E+00,+1.36881279265E+00,+995.97985241E-03,+994.22109006E-03
+46.50000E-06,+1.35336053949E+00,+1.35373741593E+00,+1.01796477679E+00,+979.14571333E-03
+46.55000E-06,+1.35147611740E+00,+1.36567208916E+00,+1.00979894772E+00,+991.08038656E-03
+46.60000E-06,+1.32886305228E+00,+1.08300877551E+00,+985.92960126E-03,+912.56279946E-03
+46.65000E-06,+1.33137561511E+00,+1.02082284661E+00,+1.02675874653E+00,+970.97988427E-03
+46.70000E-06,+1.34519471042E+00,+1.00386304781E+00,+1.00979894772E+00,+1.00301505979E+00
+46.75000E-06,+1.34519471042E+00,+1.03715450475E+00,+1.02989945002E+00,+1.00427134121E+00
+46.80000E-06,+1.38351129293E+00,+1.27207912540E+00,+1.03555271626E+00,+1.09158289805E+00
+46.85000E-06,+1.36215450922E+00,+1.38263188796E+00,+1.03304015351E+00,+994.22109006E-03
+46.90000E-06,+1.34142586626E+00,+1.35373741593E+00,+1.02173362095E+00,+1.01934671793E+00
+46.95000E-06,+1.36529521272E+00,+1.33866203921E+00,+1.00288940007E+00,+997.98993422E-03
+47.00000E-06,+1.34519471042E+00,+1.06856153946E+00,+1.00226125940E+00,+932.66330175E-03
+47.05000E-06,+1.36215450922E+00,+1.01768214312E+00,+1.00665824423E+00,+1.00804018537E+00
+47.10000E-06,+1.33702888135E+00,+1.02396355011E+00,+1.01356779188E+00,+991.08038656E-03
+47.15000E-06,+1.34519471042E+00,+1.01077259546E+00,+1.04999995232E+00,+1.01118088886E+00
+47.20000E-06,+1.36341079063E+00,+1.32861178813E+00,+1.03366829418E+00,+1.03505023532E+00
+47.25000E-06,+1.36529521272E+00,+1.36881279265E+00,+1.01608035471E+00,+1.01118088886E+00
+47.30000E-06,+1.34519471042E+00,+1.35750626009E+00,+1.00979894772E+00,+1.01934671793E+00
+47.35000E-06,+1.33200375578E+00,+1.35248113452E+00,+1.04999995232E+00,+997.98993422E-03
+47.40000E-06,+1.36341079063E+00,+1.09934043365E+00,+969.59794313E-03,+950.87938197E-03
+47.45000E-06,+1.34519471042E+00,+1.00386304781E+00,+1.03304015351E+00,+1.00489948187E+00
+47.50000E-06,+1.36906405688E+00,+995.69721874E-03,+1.04183412325E+00,+982.91455750E-03
+47.55000E-06,+1.36529521272E+00,+1.03087309776E+00,+1.02298990236E+00,+1.00427134121E+00
+47.60000E-06,+1.36529521272E+00,+1.33426505438E+00,+1.01733663605E+00,+1.03505023532E+00
+47.65000E-06,+1.36529521272E+00,+1.36567208916E+00,+1.02675874653E+00,+994.22109006E-03
+47.70000E-06,+1.34519471042E+00,+1.34557158686E+00,+1.02173362095E+00,+999.24621563E-03
+47.75000E-06,+1.35901380573E+00,+1.33238063222E+00,+1.02298990236E+00,+997.98993422E-03
+47.80000E-06,+1.34519471042E+00,+1.10499369989E+00,+1.00414568148E+00,+914.44722154E-03
+47.85000E-06,+1.32823491161E+00,+1.00700375130E+00,+1.00665824423E+00,+987.93968307E-03
+47.90000E-06,+1.35712938365E+00,+1.02773239427E+00,+1.02173362095E+00,+991.08038656E-03
+47.95000E-06,+1.35210425807E+00,+1.03715450475E+00,+1.00979894772E+00,+997.98993422E-03
+48.00000E-06,+1.36906405688E+00,+1.31981781832E+00,+1.05376879648E+00,+1.03505023532E+00
+48.05000E-06,+1.36529521272E+00,+1.38577259146E+00,+1.00979894772E+00,+1.01118088886E+00
+48.10000E-06,+1.35336053949E+00,+1.34557158686E+00,+989.69844542E-03,+1.00301505979E+00
+48.15000E-06,+1.35210425807E+00,+1.35248113452E+00,+996.60799308E-03,+991.08038656E-03
+48.20000E-06,+1.32886305228E+00,+1.07547108718E+00,+1.00791452564E+00,+932.66330175E-03
+48.25000E-06,+1.32823491161E+00,+1.02082284661E+00,+1.04685924882E+00,+987.93968307E-03
+48.30000E-06,+1.34519471042E+00,+1.02396355011E+00,+1.01796477679E+00,+1.01494973302E+00
+48.35000E-06,+1.36529521272E+00,+1.01077259546E+00,+1.02989945002E+00,+1.01118088886E+00
+48.40000E-06,+1.36529521272E+00,+1.27961681373E+00,+1.03555271626E+00,+1.06959797367E+00
+48.45000E-06,+1.36843591621E+00,+1.36253138567E+00,+1.02675874653E+00,+994.22109006E-03
+48.50000E-06,+1.34959169533E+00,+1.36567208916E+00,+1.00979894772E+00,+991.08038656E-03
+48.55000E-06,+1.36529521272E+00,+1.35876254150E+00,+1.03618085701E+00,+991.08038656E-03
+48.60000E-06,+1.36529521272E+00,+1.11190324762E+00,+987.81402334E-03,+950.87938197E-03
+48.65000E-06,+1.32823491162E+00,+1.02082284661E+00,+1.00665824423E+00,+994.22109006E-03
+48.70000E-06,+1.36529521272E+00,+1.02396355011E+00,+1.01796477679E+00,+979.14571333E-03
+48.75000E-06,+1.36529521272E+00,+1.02396355011E+00,+1.00979894772E+00,+991.08038656E-03
+48.80000E-06,+1.34331028834E+00,+1.29406404978E+00,+1.05376879648E+00,+1.05138189346E+00
+48.85000E-06,+1.36215450922E+00,+1.38577259146E+00,+1.01608035471E+00,+1.02814068766E+00
+48.90000E-06,+1.32132536396E+00,+1.33363691363E+00,+1.00979894772E+00,+987.31154240E-03
+48.95000E-06,+1.35210425807E+00,+1.36567208916E+00,+1.00979894772E+00,+1.01118088886E+00
+49.00000E-06,+1.34519471042E+00,+1.08489319758E+00,+1.00603010356E+00,+930.77887967E-03
+49.05000E-06,+1.32195350463E+00,+1.00072234431E+00,+1.02675874653E+00,+987.93968307E-03
+49.10000E-06,+1.35712938365E+00,+1.01202887688E+00,+1.02989945002E+00,+999.24621563E-03
+49.15000E-06,+1.34519471042E+00,+1.04406405240E+00,+1.00979894772E+00,+1.01809043652E+00
+49.20000E-06,+1.36341079064E+00,+1.29783289395E+00,+999.12055583E-03,+1.03505023532E+00
+49.25000E-06,+1.38225501152E+00,+1.36881279265E+00,+1.00979894772E+00,+997.36179355E-03
+49.30000E-06,+1.34519471042E+00,+1.35373741593E+00,+1.02989945002E+00,+1.01118088886E+00
+49.35000E-06,+1.36529521272E+00,+1.36567208916E+00,+1.03680899767E+00,+1.01118088886E+00
+49.40000E-06,+1.32886305228E+00,+1.09368716740E+00,+985.92960126E-03,+932.66330175E-03
+49.45000E-06,+1.32509420812E+00,+1.02396355011E+00,+1.00665824423E+00,+1.00489948187E+00
+49.50000E-06,+1.35712938365E+00,+1.03589822333E+00,+1.00979894772E+00,+1.00741204470E+00
+49.55000E-06,+1.35210425807E+00,+1.02396355011E+00,+1.02989945002E+00,+1.00489948187E+00
+49.60000E-06,+1.38162687085E+00,+1.30160173811E+00,+1.03178387210E+00,+1.04949747138E+00
+49.65000E-06,+1.37911430803E+00,+1.36253138567E+00,+1.02989945002E+00,+994.22109006E-03
+49.70000E-06,+1.35336053949E+00,+1.35373741593E+00,+1.02613060586E+00,+1.00741204470E+00
+49.75000E-06,+1.36529521272E+00,+1.35248113452E+00,+1.00979894772E+00,+984.17083891E-03
+49.80000E-06,+1.36529521272E+00,+1.13577259407E+00,+987.81402334E-03,+952.76380405E-03
+49.85000E-06,+1.35901380573E+00,+1.02082284661E+00,+1.04685924882E+00,+1.00804018537E+00
+49.90000E-06,+1.34519471042E+00,+1.03212937917E+00,+1.02173362095E+00,+1.00301505979E+00
+49.95000E-06,+1.35147611741E+00,+1.02396355011E+00,+1.02298990236E+00,+997.98993422E-03
+50.00000E-06,+1.36341079064E+00,+1.29406404979E+00,+997.23613374E-03,+1.05326631554E+00
+50.05000E-06,+1.36529521272E+00,+1.34871229036E+00,+995.97985241E-03,+997.36179355E-03
+50.10000E-06,+1.36529521272E+00,+1.34180274270E+00,+1.00979894772E+00,+1.01118088886E+00
+50.15000E-06,+1.35838566506E+00,+1.34557158686E+00,+1.02298990236E+00,+1.00427134121E+00
+50.20000E-06,+1.36341079064E+00,+1.10499369988E+00,+965.82909897E-03,+948.99495989E-03
+50.25000E-06,+1.34833541391E+00,+1.01768214312E+00,+992.83914892E-03,+1.02814068766E+00
+50.30000E-06,+1.34519471042E+00,+1.03589822333E+00,+1.00979894772E+00,+1.00741204470E+00
+50.35000E-06,+1.35838566506E+00,+1.02396355011E+00,+1.01670849538E+00,+1.01809043652E+00
+50.40000E-06,+1.34519471042E+00,+1.29971731603E+00,+1.03178387210E+00,+1.04761304930E+00
+50.45000E-06,+1.37597360453E+00,+1.34871229036E+00,+995.97985241E-03,+1.00804018537E+00
+50.50000E-06,+1.35712938365E+00,+1.35373741593E+00,+1.00979894772E+00,+991.08038656E-03
+50.55000E-06,+1.34519471042E+00,+1.35248113452E+00,+1.00979894772E+00,+1.01746229585E+00
+50.60000E-06,+1.34519471042E+00,+1.08677761966E+00,+1.02801502794E+00,+952.76380405E-03
+50.65000E-06,+1.34519471042E+00,+1.00386304781E+00,+1.04999995232E+00,+987.93968307E-03
+50.70000E-06,+1.34519471042E+00,+1.03212937917E+00,+1.00979894772E+00,+1.00301505979E+00
+50.75000E-06,+1.35838566506E+00,+1.03087309776E+00,+1.02298990236E+00,+991.08038656E-03
+50.80000E-06,+1.36529521272E+00,+1.31228013001E+00,+1.03366829418E+00,+1.05138189346E+00
+50.85000E-06,+1.36215450922E+00,+1.38263188796E+00,+1.04371854533E+00,+994.22109006E-03
+50.90000E-06,+1.32949119303E+00,+1.36567208916E+00,+1.04183412325E+00,+991.08038656E-03
+50.95000E-06,+1.35210425807E+00,+1.34557158686E+00,+1.02989945002E+00,+991.08038656E-03
+51.00000E-06,+1.32886305228E+00,+1.08112435342E+00,+1.02236176170E+00,+930.77887967E-03
+51.05000E-06,+1.32823491162E+00,+1.00072234431E+00,+995.97985241E-03,+1.00804018537E+00
+51.10000E-06,+1.36906405688E+00,+1.02773239427E+00,+1.02173362095E+00,+999.24621563E-03
+51.15000E-06,+1.36529521272E+00,+1.01768214312E+00,+1.04309040466E+00,+1.02437184350E+00
+51.20000E-06,+1.36341079064E+00,+1.29971731603E+00,+1.02989945002E+00,+1.03316581324E+00
+51.25000E-06,+1.36215450922E+00,+1.35185299385E+00,+1.02989945002E+00,+991.08038656E-03
+51.30000E-06,+1.34519471042E+00,+1.34557158686E+00,+1.02173362095E+00,+1.02311556209E+00
+51.35000E-06,+1.32509420812E+00,+1.33866203921E+00,+1.00979894772E+00,+984.17083891E-03
+51.40000E-06,+1.36529521272E+00,+1.11190324761E+00,+989.69844542E-03,+969.09546219E-03
+51.45000E-06,+1.33137561511E+00,+1.02710425360E+00,+1.02361804303E+00,+977.26129126E-03
+51.50000E-06,+1.34896355458E+00,+1.01202887688E+00,+1.02989945002E+00,+999.24621563E-03
+51.55000E-06,+1.39167712200E+00,+1.02396355011E+00,+1.02989945002E+00,+1.00489948187E+00
+51.60000E-06,+1.36529521272E+00,+1.31416455209E+00,+1.03366829418E+00,+1.01306531094E+00
+51.65000E-06,+1.36215450922E+00,+1.38263188796E+00,+1.02361804303E+00,+994.22109006E-03
+51.70000E-06,+1.36152636856E+00,+1.34180274270E+00,+1.02989945002E+00,+999.24621563E-03
+51.75000E-06,+1.35838566506E+00,+1.35248113452E+00,+1.00979894772E+00,+1.00427134121E+00
+51.80000E-06,+1.34519471042E+00,+1.12509420217E+00,+1.00979894772E+00,+954.64822613E-03
+51.85000E-06,+1.34519471042E+00,+1.00072234431E+00,+1.00979894772E+00,+1.00804018537E+00
+51.90000E-06,+1.35712938365E+00,+1.02396355011E+00,+1.00979894772E+00,+1.02311556209E+00
+51.95000E-06,+1.35838566506E+00,+1.01705400245E+00,+1.02989945002E+00,+997.98993422E-03
+52.00000E-06,+1.38351129293E+00,+1.32170224041E+00,+1.05188437440E+00,+1.03316581324E+00
+52.05000E-06,+1.38225501152E+00,+1.36881279265E+00,+1.01293965122E+00,+994.22109006E-03
+52.10000E-06,+1.35712938365E+00,+1.35373741593E+00,+997.86427449E-03,+1.01118088886E+00
+52.15000E-06,+1.34519471042E+00,+1.35248113452E+00,+1.01608035471E+00,+997.98993422E-03
+52.20000E-06,+1.31064697206E+00,+1.08300877550E+00,+1.00603010356E+00,+930.77887967E-03
+52.25000E-06,+1.32509420812E+00,+1.00072234431E+00,+1.02675874652E+00,+1.00804018537E+00
+52.30000E-06,+1.34896355458E+00,+1.02396355011E+00,+1.04183412325E+00,+1.00301505979E+00
+52.35000E-06,+1.34519471042E+00,+1.03087309776E+00,+1.01670849538E+00,+1.01809043652E+00
+52.40000E-06,+1.36717963480E+00,+1.28338565789E+00,+1.04811553024E+00,+1.08781405389E+00
+52.45000E-06,+1.34833541391E+00,+1.36881279265E+00,+1.02989945002E+00,+1.01118088886E+00
+52.50000E-06,+1.36529521272E+00,+1.34180274270E+00,+1.00979894772E+00,+1.00301505979E+00
+52.55000E-06,+1.34519471042E+00,+1.33866203921E+00,+1.00979894772E+00,+997.98993422E-03
+52.60000E-06,+1.34707913250E+00,+1.08677761965E+00,+985.92960127E-03,+950.87938197E-03
+52.65000E-06,+1.32509420812E+00,+1.01768214312E+00,+1.00665824423E+00,+994.22109006E-03
+52.70000E-06,+1.34519471042E+00,+1.03212937917E+00,+1.00979894772E+00,+1.00741204470E+00
+52.75000E-06,+1.35147611741E+00,+1.04406405240E+00,+1.03680899767E+00,+1.02437184350E+00
+52.80000E-06,+1.38351129293E+00,+1.25197862312E+00,+1.05565321855E+00,+1.06959797367E+00
+52.85000E-06,+1.36215450922E+00,+1.36567208916E+00,+995.97985241E-03,+1.01118088886E+00
+52.90000E-06,+1.34519471042E+00,+1.35750626009E+00,+1.02173362095E+00,+999.24621563E-03
+52.95000E-06,+1.35210425807E+00,+1.35248113452E+00,+1.00288940007E+00,+997.98993422E-03
+53.00000E-06,+1.32697863020E+00,+1.08489319757E+00,+1.00603010356E+00,+912.56279945E-03
+53.05000E-06,+1.34205400692E+00,+1.02082284661E+00,+1.04371854533E+00,+991.08038656E-03
+53.10000E-06,+1.35712938365E+00,+1.03589822333E+00,+1.02173362095E+00,+999.24621563E-03
+53.15000E-06,+1.33200375577E+00,+1.02396355011E+00,+1.02361804303E+00,+1.02437184351E+00
+53.20000E-06,+1.38351129293E+00,+1.33238063231E+00,+1.01733663604E+00,+1.05138189346E+00
+53.25000E-06,+1.38539571501E+00,+1.34871229036E+00,+995.97985241E-03,+1.03128139116E+00
+53.30000E-06,+1.37722988594E+00,+1.34180274270E+00,+1.02173362095E+00,+1.00301505979E+00
+53.35000E-06,+1.35838566506E+00,+1.35876254151E+00,+1.00979894772E+00,+984.17083891E-03
+53.40000E-06,+1.34707913250E+00,+1.09934043363E+00,+985.92960127E-03,+930.77887967E-03
+53.45000E-06,+1.34519471042E+00,+1.02396355011E+00,+1.02361804303E+00,+1.00804018537E+00
+53.50000E-06,+1.34519471042E+00,+1.01202887688E+00,+1.00163311865E+00,+1.01118088886E+00
+53.55000E-06,+1.36529521272E+00,+1.02396355011E+00,+1.00979894772E+00,+1.01118088886E+00
+53.60000E-06,+1.34896355458E+00,+1.28527007997E+00,+1.05188437440E+00,+1.05138189346E+00
+53.65000E-06,+1.36529521272E+00,+1.38263188796E+00,+975.87935012E-03,+1.00804018537E+00
+53.70000E-06,+1.35336053949E+00,+1.35373741593E+00,+1.01796477679E+00,+987.31154241E-03
+53.75000E-06,+1.34519471042E+00,+1.35248113452E+00,+989.69844542E-03,+1.00427134121E+00
+53.80000E-06,+1.34707913250E+00,+1.13011932783E+00,+991.58286750E-03,+914.44722153E-03
+53.85000E-06,+1.34205400692E+00,+1.05788314771E+00,+1.00665824423E+00,+1.00804018537E+00
+53.90000E-06,+1.34519471042E+00,+1.00386304781E+00,+1.00979894772E+00,+982.91455749E-03
+53.95000E-06,+1.35210425807E+00,+1.03087309776E+00,+1.00979894772E+00,+997.98993422E-03
+54.00000E-06,+1.36529521272E+00,+1.33238063231E+00,+1.01545221396E+00,+1.05326631553E+00
+54.05000E-06,+1.36529521272E+00,+1.38263188796E+00,+1.00979894772E+00,+994.22109006E-03
+54.10000E-06,+1.33326003719E+00,+1.35750626009E+00,+1.02989945002E+00,+991.08038656E-03
+54.15000E-06,+1.33828516277E+00,+1.34557158686E+00,+1.02298990237E+00,+1.00427134121E+00
+54.20000E-06,+1.34519471042E+00,+1.12320978008E+00,+984.04517919E-03,+932.66330175E-03
+54.25000E-06,+1.34205400692E+00,+1.02082284661E+00,+989.69844542E-03,+1.00804018537E+00
+54.30000E-06,+1.36529521272E+00,+1.02396355011E+00,+1.02173362095E+00,+1.00301505979E+00
+54.35000E-06,+1.36529521272E+00,+1.02396355011E+00,+1.03680899767E+00,+1.01118088886E+00
+54.40000E-06,+1.38351129293E+00,+1.32170224041E+00,+1.05188437440E+00,+1.01683415510E+00
+54.45000E-06,+1.36215450922E+00,+1.38263188796E+00,+1.01293965122E+00,+1.00804018537E+00
+54.50000E-06,+1.33326003719E+00,+1.35373741593E+00,+989.69844542E-03,+1.01118088886E+00
+54.55000E-06,+1.33891330343E+00,+1.35248113452E+00,+1.00979894772E+00,+984.17083891E-03
+54.60000E-06,+1.36717963479E+00,+1.15587309636E+00,+987.81402335E-03,+912.56279945E-03
+54.65000E-06,+1.32509420812E+00,+1.00386304781E+00,+1.02989945002E+00,+1.00804018537E+00
+54.70000E-06,+1.35712938365E+00,+1.03212937918E+00,+1.02989945002E+00,+982.91455749E-03
+54.75000E-06,+1.35838566506E+00,+1.03087309776E+00,+1.00979894772E+00,+1.01809043651E+00
+54.80000E-06,+1.36529521272E+00,+1.29217962772E+00,+1.01733663604E+00,+1.05138189346E+00
+54.85000E-06,+1.36529521272E+00,+1.38577259146E+00,+989.69844542E-03,+994.22109006E-03
+54.90000E-06,+1.34519471042E+00,+1.34557158686E+00,+1.03806527909E+00,+987.31154241E-03
+54.95000E-06,+1.34519471042E+00,+1.34557158686E+00,+1.00979894772E+00,+977.88943192E-03
+55.00000E-06,+1.36341079064E+00,+1.16152636260E+00,+967.71352105E-03,+932.66330175E-03
+55.05000E-06,+1.34519471042E+00,+1.00072234431E+00,+1.02675874652E+00,+991.08038656E-03
+55.10000E-06,+1.34519471042E+00,+1.01579772104E+00,+1.00979894772E+00,+999.24621563E-03
+55.15000E-06,+1.37848616736E+00,+1.03715450475E+00,+1.02361804303E+00,+1.01809043651E+00
+55.20000E-06,+1.38162687086E+00,+1.26140073352E+00,+1.04999995232E+00,+1.07336681783E+00
+55.25000E-06,+1.34519471042E+00,+1.36567208916E+00,+1.01608035471E+00,+1.00489948187E+00
+55.30000E-06,+1.35336053949E+00,+1.35373741593E+00,+1.00979894772E+00,+999.24621563E-03
+55.35000E-06,+1.33200375577E+00,+1.34557158686E+00,+1.01670849537E+00,+1.01118088886E+00
+55.40000E-06,+1.34519471042E+00,+1.09368716739E+00,+1.00603010356E+00,+914.44722153E-03
+55.45000E-06,+1.35901380572E+00,+1.00700375130E+00,+1.02675874652E+00,+1.00489948187E+00
+55.50000E-06,+1.36089822780E+00,+1.00386304781E+00,+1.02989945002E+00,+1.00678390395E+00
+55.55000E-06,+1.34519471042E+00,+990.67209316E-03,+1.00979894772E+00,+1.01746229585E+00
+55.60000E-06,+1.36529521272E+00,+1.02207912803E+00,+997.23613374E-03,+1.00929646678E+00
+55.65000E-06,+1.38225501152E+00,+1.02710425360E+00,+1.02361804303E+00,+1.01118088886E+00
+55.70000E-06,+1.34519471042E+00,+1.03212937918E+00,+1.04183412325E+00,+1.02311556209E+00
+55.75000E-06,+1.35210425807E+00,+1.03715450475E+00,+1.01670849537E+00,+991.08038656E-03
+55.80000E-06,+1.34331028834E+00,+1.00763189197E+00,+1.00414568149E+00,+970.97988427E-03
+55.85000E-06,+1.34519471042E+00,+1.02396355011E+00,+1.00665824423E+00,+1.00804018537E+00
+55.90000E-06,+1.35712938365E+00,+1.01202887688E+00,+1.02173362095E+00,+999.24621563E-03
+55.95000E-06,+1.35838566506E+00,+1.02396355011E+00,+1.04309040466E+00,+1.01118088886E+00
+56.00000E-06,+1.38539571501E+00,+1.02396355011E+00,+1.01168336980E+00,+991.08038656E-03
+56.05000E-06,+1.34519471042E+00,+1.00700375130E+00,+1.02989945002E+00,+994.22109006E-03
+56.10000E-06,+1.34142586626E+00,+1.01202887688E+00,+1.01796477679E+00,+1.01118088886E+00
+56.15000E-06,+1.34519471042E+00,+1.03087309776E+00,+1.02989945002E+00,+997.98993422E-03
+56.20000E-06,+1.36341079064E+00,+1.04029520825E+00,+1.02989945002E+00,+1.00929646678E+00
+56.25000E-06,+1.31127511282E+00,+1.02710425360E+00,+1.02675874652E+00,+1.00804018537E+00
+56.30000E-06,+1.33326003719E+00,+1.01579772104E+00,+1.01796477679E+00,+1.00301505979E+00
+56.35000E-06,+1.37848616736E+00,+1.03087309776E+00,+1.01608035471E+00,+1.01118088886E+00
+56.40000E-06,+1.34707913250E+00,+1.02396355011E+00,+1.03178387210E+00,+1.03316581324E+00
+56.45000E-06,+1.36529521272E+00,+1.02396355011E+00,+995.97985242E-03,+997.36179356E-03
+56.50000E-06,+1.34142586626E+00,+1.02019470595E+00,+1.00979894772E+00,+1.01118088886E+00
+56.55000E-06,+1.34519471042E+00,+1.00386304781E+00,+1.00979894772E+00,+991.08038656E-03
+56.60000E-06,+1.32509420812E+00,+1.04217963032E+00,+987.81402335E-03,+930.77887967E-03
+56.65000E-06,+1.34833541391E+00,+1.02396355011E+00,+999.12055591E-03,+991.08038656E-03
+56.70000E-06,+1.37722988594E+00,+1.04406405240E+00,+1.01796477679E+00,+1.01494973302E+00
+56.75000E-06,+1.34519471042E+00,+1.03715450475E+00,+1.01670849537E+00,+1.01118088886E+00
+56.80000E-06,+1.34707913250E+00,+1.29594847188E+00,+1.03178387210E+00,+992.96480864E-03
+56.85000E-06,+1.36529521272E+00,+1.36881279266E+00,+1.00979894772E+00,+987.93968307E-03
+56.90000E-06,+1.35712938365E+00,+1.35750626009E+00,+997.86427449E-03,+1.00301505979E+00
+56.95000E-06,+1.35210425807E+00,+1.37886304380E+00,+996.60799308E-03,+1.01118088886E+00
+57.00000E-06,+1.36341079064E+00,+1.15775751844E+00,+1.00979894772E+00,+969.09546219E-03
+57.05000E-06,+1.33137561511E+00,+1.02082284661E+00,+1.02675874652E+00,+991.08038656E-03
+57.10000E-06,+1.35336053949E+00,+1.02396355011E+00,+1.03366829418E+00,+1.00301505979E+00
+57.15000E-06,+1.35147611741E+00,+1.03087309776E+00,+1.00979894772E+00,+1.01118088886E+00
+57.20000E-06,+1.36341079064E+00,+1.30160173811E+00,+1.01168336980E+00,+1.01118088886E+00
+57.25000E-06,+1.36215450922E+00,+1.36567208916E+00,+992.83914892E-03,+1.01118088886E+00
+57.30000E-06,+1.33326003719E+00,+1.35373741593E+00,+1.02173362095E+00,+1.00301505979E+00
+57.35000E-06,+1.36529521272E+00,+1.37886304380E+00,+1.00979894772E+00,+1.00489948187E+00
+57.40000E-06,+1.36529521272E+00,+1.14331028237E+00,+1.00603010357E+00,+954.64822613E-03
+57.45000E-06,+1.34519471042E+00,+1.00386304781E+00,+1.01293965122E+00,+1.00804018537E+00
+57.50000E-06,+1.35712938365E+00,+1.00386304781E+00,+1.00163311865E+00,+1.02311556209E+00
+57.55000E-06,+1.35838566506E+00,+1.02396355011E+00,+1.04309040466E+00,+1.01118088886E+00
+57.60000E-06,+1.36341079064E+00,+1.28527007997E+00,+1.01356779188E+00,+1.04949747138E+00
+57.65000E-06,+1.36529521272E+00,+1.36567208916E+00,+1.03304015352E+00,+994.22109006E-03
+57.70000E-06,+1.35712938365E+00,+1.34557158686E+00,+1.01796477679E+00,+991.08038656E-03
+57.75000E-06,+1.34519471042E+00,+1.35248113451E+00,+1.02298990237E+00,+977.88943192E-03
+57.80000E-06,+1.32886305228E+00,+1.07547108717E+00,+1.02613060586E+00,+969.09546219E-03
+57.85000E-06,+1.33137561511E+00,+1.02396355011E+00,+1.02675874652E+00,+991.08038656E-03
+57.90000E-06,+1.35336053949E+00,+1.02396355011E+00,+1.02989945002E+00,+1.00301505979E+00
+57.95000E-06,+1.37220476037E+00,+1.02396355011E+00,+1.03618085701E+00,+991.08038656E-03
+58.00000E-06,+1.36341079064E+00,+1.30662686379E+00,+975.25120936E-03,+1.02939696908E+00
+58.05000E-06,+1.36215450922E+00,+1.34871229036E+00,+1.01293965122E+00,+997.36179356E-03
+58.10000E-06,+1.34142586626E+00,+1.35373741593E+00,+1.02173362095E+00,+1.00301505979E+00
+58.15000E-06,+1.35210425807E+00,+1.35876254151E+00,+1.00979894772E+00,+1.00427134121E+00
+58.20000E-06,+1.34519471042E+00,+1.12132535799E+00,+989.69844542E-03,+970.97988427E-03
+58.25000E-06,+1.34205400692E+00,+1.02082284661E+00,+1.00665824423E+00,+1.00804018536E+00
+58.30000E-06,+1.35712938364E+00,+1.03589822333E+00,+1.02173362095E+00,+979.14571334E-03
+58.35000E-06,+1.35210425807E+00,+1.04343591174E+00,+1.04309040466E+00,+1.00489948187E+00
+58.40000E-06,+1.36152636856E+00,+1.31416455210E+00,+1.02801502794E+00,+1.01306531094E+00
+58.45000E-06,+1.38225501152E+00,+1.36253138566E+00,+1.01293965122E+00,+991.08038656E-03
+58.50000E-06,+1.36529521272E+00,+1.34557158686E+00,+1.02989945002E+00,+999.24621564E-03
+58.55000E-06,+1.35210425807E+00,+1.34557158686E+00,+989.69844542E-03,+1.01118088886E+00
+58.60000E-06,+1.36529521272E+00,+1.09934043362E+00,+1.00791452564E+00,+970.97988427E-03
+58.65000E-06,+1.34519471042E+00,+1.00386304781E+00,+1.01293965122E+00,+1.00804018536E+00
+58.70000E-06,+1.33326003719E+00,+1.02773239426E+00,+1.00979894772E+00,+1.02311556209E+00
+58.75000E-06,+1.36529521272E+00,+1.03715450475E+00,+1.02298990237E+00,+1.01118088886E+00
+58.80000E-06,+1.34519471042E+00,+1.30160173811E+00,+1.00979894772E+00,+1.01118088886E+00
+58.85000E-06,+1.36215450922E+00,+1.34871229036E+00,+1.04685924882E+00,+1.01118088886E+00
+58.90000E-06,+1.36529521272E+00,+1.35373741593E+00,+1.02989945002E+00,+1.00741204471E+00
+58.95000E-06,+1.35147611741E+00,+1.34557158686E+00,+1.00979894772E+00,+997.98993422E-03
+59.00000E-06,+1.34707913250E+00,+1.11190324760E+00,+1.00791452564E+00,+972.86430634E-03
+59.05000E-06,+1.34519471042E+00,+1.03778264541E+00,+1.00979894772E+00,+987.93968307E-03
+59.10000E-06,+1.34896355457E+00,+1.02396355011E+00,+1.01796477679E+00,+1.00301505979E+00
+59.15000E-06,+1.35838566506E+00,+1.01705400245E+00,+1.02989945002E+00,+1.01118088886E+00
+59.20000E-06,+1.34707913250E+00,+1.30160173811E+00,+1.01168336980E+00,+1.01118088886E+00
+59.25000E-06,+1.36529521272E+00,+1.34557158686E+00,+1.03304015352E+00,+1.01118088886E+00
+59.30000E-06,+1.32509420812E+00,+1.34557158686E+00,+997.86427450E-03,+999.24621564E-03
+59.35000E-06,+1.35210425807E+00,+1.34557158686E+00,+1.00351754073E+00,+997.36179356E-03
+59.40000E-06,+1.34707913250E+00,+1.11001882553E+00,+975.25120936E-03,+970.97988427E-03
+59.45000E-06,+1.34833541392E+00,+1.02082284661E+00,+1.04371854532E+00,+1.00804018536E+00
+59.50000E-06,+1.35712938364E+00,+1.04783289656E+00,+1.03806527909E+00,+1.01118088886E+00
+59.55000E-06,+1.34519471042E+00,+1.02396355011E+00,+1.02989945002E+00,+991.08038656E-03
+59.60000E-06,+1.36152636856E+00,+1.27773239166E+00,+1.02989945002E+00,+1.03128139116E+00
+59.65000E-06,+1.36529521272E+00,+1.36567208916E+00,+1.00665824422E+00,+980.40199476E-03
+59.70000E-06,+1.34519471042E+00,+1.36567208916E+00,+1.04183412324E+00,+1.01934671793E+00
+59.75000E-06,+1.36529521272E+00,+1.33929017987E+00,+1.01670849537E+00,+1.01118088886E+00
+59.80000E-06,+1.34519471042E+00,+1.09745601154E+00,+1.02424618379E+00,+972.86430634E-03
+59.85000E-06,+1.34833541392E+00,+1.04092334891E+00,+1.02989945002E+00,+1.01118088886E+00
+59.90000E-06,+1.36529521272E+00,+1.02773239426E+00,+1.00979894772E+00,+1.01118088886E+00
+59.95000E-06,+1.37848616736E+00,+1.02396355011E+00,+1.01670849537E+00,+1.01118088886E+00
+60.00000E-06,+1.38162687086E+00,+1.33614947648E+00,+1.01168336980E+00,+1.03128139116E+00
+60.05000E-06,+1.38539571501E+00,+1.36881279266E+00,+1.03304015352E+00,+1.01118088886E+00
+60.10000E-06,+1.34519471042E+00,+1.35373741593E+00,+1.01796477679E+00,+999.24621564E-03
+60.15000E-06,+1.34519471042E+00,+1.35248113451E+00,+1.00979894772E+00,+1.01118088886E+00
+60.20000E-06,+1.36717963479E+00,+1.08677761962E+00,+1.00791452564E+00,+970.97988427E-03
+60.25000E-06,+1.36843591621E+00,+1.00700375131E+00,+1.02989945002E+00,+1.01118088886E+00
+60.30000E-06,+1.35712938364E+00,+1.02396355011E+00,+1.02989945002E+00,+987.31154241E-03
+60.35000E-06,+1.35838566506E+00,+1.03715450475E+00,+1.02298990237E+00,+997.98993422E-03
+60.40000E-06,+1.34519471042E+00,+1.30348616019E+00,+1.00979894772E+00,+1.02939696908E+00
+60.45000E-06,+1.36215450922E+00,+1.38577259146E+00,+1.02675874652E+00,+1.01432159236E+00
+60.50000E-06,+1.36529521272E+00,+1.35750626009E+00,+1.01796477679E+00,+991.08038656E-03
+60.55000E-06,+1.32509420812E+00,+1.36567208916E+00,+1.02298990237E+00,+1.00427134121E+00
+60.60000E-06,+1.36341079064E+00,+1.12132535799E+00,+1.00414568149E+00,+969.09546219E-03
+60.65000E-06,+1.33137561512E+00,+1.02396355011E+00,+1.02675874652E+00,+994.22109006E-03
+60.70000E-06,+1.34079772550E+00,+1.03589822333E+00,+1.02173362095E+00,+999.24621564E-03
+60.75000E-06,+1.35838566506E+00,+1.03024495710E+00,+1.04999995232E+00,+997.98993422E-03
+60.80000E-06,+1.36341079064E+00,+1.33238063232E+00,+1.02989945002E+00,+994.84923072E-03
+60.85000E-06,+1.34519471042E+00,+1.34871229036E+00,+1.02989945002E+00,+994.22109006E-03
+60.90000E-06,+1.34519471042E+00,+1.34557158686E+00,+1.00979894772E+00,+1.00741204471E+00
+60.95000E-06,+1.34519471042E+00,+1.35248113451E+00,+1.01670849537E+00,+1.00427134121E+00
+61.00000E-06,+1.34707913250E+00,+1.08866204170E+00,+1.02801502794E+00,+972.86430634E-03
+61.05000E-06,+1.33137561512E+00,+1.02710425360E+00,+1.00979894772E+00,+1.00804018536E+00
+61.10000E-06,+1.35712938364E+00,+1.02396355011E+00,+1.00979894772E+00,+1.01118088886E+00
+61.15000E-06,+1.35838566506E+00,+1.01768214311E+00,+1.02298990237E+00,+1.00427134121E+00
+61.20000E-06,+1.36529521272E+00,+1.28338565789E+00,+1.01356779188E+00,+1.04949747138E+00
+61.25000E-06,+1.36215450922E+00,+1.36253138566E+00,+1.00979894772E+00,+1.01118088886E+00
+61.30000E-06,+1.35336053949E+00,+1.34557158686E+00,+1.04999995232E+00,+1.01118088886E+00
+61.35000E-06,+1.33828516277E+00,+1.35248113451E+00,+1.02298990237E+00,+977.88943192E-03
+61.40000E-06,+1.32886305227E+00,+1.07547108716E+00,+1.02801502794E+00,+992.96480864E-03
+61.45000E-06,+1.34519471042E+00,+1.01768214311E+00,+1.02675874652E+00,+1.00804018536E+00
+61.50000E-06,+1.33326003719E+00,+1.02396355011E+00,+1.01796477679E+00,+1.01118088886E+00
+61.55000E-06,+1.34519471042E+00,+1.01768214311E+00,+1.01670849537E+00,+1.00427134121E+00
+61.60000E-06,+1.36529521272E+00,+1.30537058227E+00,+1.01168336980E+00,+1.01306531094E+00
+61.65000E-06,+1.34833541392E+00,+1.36567208916E+00,+1.01293965122E+00,+994.22109006E-03
+61.70000E-06,+1.36529521272E+00,+1.35373741593E+00,+989.69844542E-03,+999.24621564E-03
+61.75000E-06,+1.34519471042E+00,+1.33866203921E+00,+1.00979894772E+00,+991.08038656E-03
+61.80000E-06,+1.36529521272E+00,+1.13388817198E+00,+1.00979894772E+00,+969.09546219E-03
+61.85000E-06,+1.36529521272E+00,+1.02396355011E+00,+1.02989945002E+00,+1.00804018536E+00
+61.90000E-06,+1.33702888135E+00,+1.01202887688E+00,+1.02173362095E+00,+1.01118088886E+00
+61.95000E-06,+1.35147611741E+00,+1.04406405240E+00,+1.00979894772E+00,+997.98993421E-03
+62.00000E-06,+1.36341079064E+00,+1.33238063233E+00,+1.01168336980E+00,+1.02939696908E+00
+62.05000E-06,+1.36215450922E+00,+1.34871229036E+00,+1.02989945002E+00,+994.22109006E-03
+62.10000E-06,+1.35336053949E+00,+1.32547108456E+00,+1.02989945002E+00,+999.24621564E-03
+62.15000E-06,+1.32509420812E+00,+1.35876254151E+00,+1.02298990237E+00,+997.98993421E-03
+62.20000E-06,+1.36529521272E+00,+1.08489319754E+00,+1.00791452565E+00,+989.19596449E-03
+62.25000E-06,+1.34519471042E+00,+1.02082284661E+00,+1.00665824422E+00,+970.97988427E-03
+62.30000E-06,+1.35712938364E+00,+1.02773239426E+00,+1.02173362095E+00,+1.01118088886E+00
+62.35000E-06,+1.35838566507E+00,+1.01705400246E+00,+1.02989945002E+00,+1.00427134121E+00
+62.40000E-06,+1.36529521272E+00,+1.29971731604E+00,+1.02989945002E+00,+1.03128139116E+00
+62.45000E-06,+1.36843591621E+00,+1.34871229036E+00,+1.02989945002E+00,+1.01118088886E+00
+62.50000E-06,+1.34519471042E+00,+1.35750626009E+00,+1.00979894772E+00,+987.31154241E-03
+62.55000E-06,+1.35901380572E+00,+1.36567208916E+00,+1.02989945002E+00,+1.01746229586E+00
+62.60000E-06,+1.34707913249E+00,+1.07358666508E+00,+1.01168336980E+00,+970.97988427E-03
+62.65000E-06,+1.34519471042E+00,+1.00700375131E+00,+1.00979894772E+00,+984.79897957E-03
+62.70000E-06,+1.36529521272E+00,+1.02773239426E+00,+1.02989945002E+00,+1.00301505979E+00
+62.75000E-06,+1.35210425807E+00,+1.05034545940E+00,+1.01608035472E+00,+1.01118088886E+00
+62.80000E-06,+1.36529521272E+00,+1.28338565789E+00,+1.03178387210E+00,+1.03128139116E+00
+62.85000E-06,+1.35901380572E+00,+1.36567208916E+00,+1.02675874652E+00,+1.02499998416E+00
+62.90000E-06,+1.35336053949E+00,+1.34557158686E+00,+1.02989945002E+00,+1.00301505979E+00
+62.95000E-06,+1.34519471042E+00,+1.34557158686E+00,+1.01608035472E+00,+991.08038656E-03
+63.00000E-06,+1.32697863020E+00,+1.06856153939E+00,+1.00791452565E+00,+991.08038656E-03
+63.05000E-06,+1.32823491162E+00,+1.00700375131E+00,+1.01293965122E+00,+994.22109006E-03
+63.10000E-06,+1.36529521272E+00,+1.02396355011E+00,+1.02989945002E+00,+1.01934671793E+00
+63.15000E-06,+1.36529521272E+00,+1.03715450475E+00,+1.01670849537E+00,+997.98993421E-03
+63.20000E-06,+1.34519471042E+00,+1.28150123582E+00,+1.02989945002E+00,+1.02939696908E+00
+63.25000E-06,+1.36215450922E+00,+1.36881279266E+00,+1.01293965122E+00,+997.36179356E-03
+63.30000E-06,+1.34519471042E+00,+1.34557158686E+00,+997.86427450E-03,+999.24621564E-03
+63.35000E-06,+1.36529521272E+00,+1.37258163681E+00,+1.01670849537E+00,+990.45224591E-03
+63.40000E-06,+1.32886305227E+00,+1.05348616278E+00,+1.01168336980E+00,+969.09546219E-03
+63.45000E-06,+1.33137561512E+00,+1.02396355011E+00,+1.02989945002E+00,+974.12058777E-03
+63.50000E-06,+1.35712938364E+00,+1.02396355011E+00,+1.02613060587E+00,+991.08038656E-03
+63.55000E-06,+1.36529521272E+00,+1.02396355011E+00,+1.01670849537E+00,+1.00489948186E+00
+63.60000E-06,+1.36341079064E+00,+1.27396354751E+00,+1.01168336980E+00,+1.02939696908E+00
+63.65000E-06,+1.36215450922E+00,+1.36253138566E+00,+1.00665824422E+00,+991.08038656E-03
+63.70000E-06,+1.35336053949E+00,+1.35373741593E+00,+1.02173362095E+00,+1.00301505979E+00
+63.75000E-06,+1.35210425807E+00,+1.35248113451E+00,+1.00351754073E+00,+1.00489948186E+00
+63.80000E-06,+1.34519471042E+00,+1.10687812191E+00,+1.02424618379E+00,+972.86430634E-03
+63.85000E-06,+1.32823491162E+00,+1.02082284661E+00,+1.02361804302E+00,+994.22109006E-03
+63.90000E-06,+1.35712938364E+00,+1.05599872563E+00,+1.01796477679E+00,+991.08038656E-03
+63.95000E-06,+1.35210425807E+00,+1.02396355011E+00,+1.01670849537E+00,+977.88943192E-03
+64.00000E-06,+1.38162687086E+00,+1.27773239167E+00,+1.01168336980E+00,+1.03128139116E+00
+64.05000E-06,+1.36215450922E+00,+1.35185299386E+00,+1.01608035472E+00,+1.02814068766E+00
+64.10000E-06,+1.34519471042E+00,+1.36190324501E+00,+997.86427450E-03,+999.24621564E-03
+64.15000E-06,+1.34519471042E+00,+1.33238063222E+00,+1.00979894772E+00,+977.26129126E-03
+64.20000E-06,+1.38351129294E+00,+1.12823490574E+00,+991.58286750E-03,+969.09546219E-03
+64.25000E-06,+1.38225501151E+00,+1.02396355011E+00,+1.01293965122E+00,+1.01118088886E+00
+64.30000E-06,+1.35336053949E+00,+1.00386304781E+00,+1.00603010357E+00,+1.00301505979E+00
+64.35000E-06,+1.35838566507E+00,+1.02396355011E+00,+1.02298990237E+00,+1.01118088886E+00
+64.40000E-06,+1.34519471042E+00,+1.31981781834E+00,+1.01356779187E+00,+1.01118088886E+00
+64.45000E-06,+1.34519471042E+00,+1.37949118446E+00,+1.02361804302E+00,+991.08038656E-03
+64.50000E-06,+1.34142586627E+00,+1.36567208916E+00,+1.02989945002E+00,+1.01118088886E+00
+64.55000E-06,+1.35838566507E+00,+1.36567208916E+00,+1.00979894772E+00,+1.01118088886E+00
+64.60000E-06,+1.34519471042E+00,+1.12132535798E+00,+987.81402335E-03,+970.97988427E-03
+64.65000E-06,+1.35901380572E+00,+1.00700375131E+00,+1.00979894772E+00,+1.00489948186E+00
+64.70000E-06,+1.34896355457E+00,+1.04406405240E+00,+1.01356779187E+00,+994.84923072E-03
+64.75000E-06,+1.33891330342E+00,+1.02396355011E+00,+1.02989945002E+00,+1.01118088886E+00
+64.80000E-06,+1.36529521272E+00,+1.30348616019E+00,+1.03178387209E+00,+1.04949747138E+00
+64.85000E-06,+1.35901380572E+00,+1.36567208916E+00,+1.03304015352E+00,+977.26129126E-03
+64.90000E-06,+1.32509420812E+00,+1.34557158686E+00,+1.00979894772E+00,+979.14571334E-03
+64.95000E-06,+1.35210425807E+00,+1.35248113451E+00,+1.02989945002E+00,+984.17083891E-03
+65.00000E-06,+1.36529521272E+00,+1.09557158945E+00,+1.00979894772E+00,+970.97988427E-03
+65.05000E-06,+1.34205400692E+00,+1.02396355011E+00,+1.02675874652E+00,+1.00804018536E+00
+65.10000E-06,+1.34519471042E+00,+1.01202887688E+00,+1.01796477679E+00,+1.01494973301E+00
+65.15000E-06,+1.35147611742E+00,+1.02396355011E+00,+1.02298990237E+00,+1.00427134121E+00
+65.20000E-06,+1.34519471042E+00,+1.28527007997E+00,+1.02801502794E+00,+1.04949747138E+00
+65.25000E-06,+1.34519471042E+00,+1.36253138566E+00,+1.01293965122E+00,+1.01118088886E+00
+65.30000E-06,+1.34519471042E+00,+1.35373741594E+00,+1.02989945002E+00,+1.01118088886E+00
+65.35000E-06,+1.32509420812E+00,+1.35876254151E+00,+1.03618085702E+00,+1.00427134121E+00
+65.40000E-06,+1.36717963479E+00,+1.14142586027E+00,+1.00791452565E+00,+952.76380405E-03
+65.45000E-06,+1.34519471042E+00,+1.00700375131E+00,+1.01293965122E+00,+1.00804018536E+00
+65.50000E-06,+1.34519471042E+00,+1.02396355011E+00,+1.00979894772E+00,+1.01118088886E+00
+65.55000E-06,+1.35838566507E+00,+1.02396355011E+00,+1.02989945002E+00,+1.00427134121E+00
+65.60000E-06,+1.34519471042E+00,+1.28150123582E+00,+1.03178387209E+00,+1.01494973301E+00
+65.65000E-06,+1.38225501151E+00,+1.36567208916E+00,+1.01293965122E+00,+987.93968307E-03
+65.70000E-06,+1.36529521272E+00,+1.37760676238E+00,+1.01796477679E+00,+1.01118088886E+00
+65.75000E-06,+1.34519471042E+00,+1.35876254151E+00,+1.01670849537E+00,+984.17083891E-03
+65.80000E-06,+1.36341079064E+00,+1.10122485568E+00,+1.02613060587E+00,+972.86430634E-03
+65.85000E-06,+1.33137561512E+00,+1.00386304781E+00,+1.02989945002E+00,+1.01118088886E+00
+65.90000E-06,+1.35712938364E+00,+1.01579772103E+00,+1.01796477680E+00,+1.02311556209E+00
+65.95000E-06,+1.36529521272E+00,+1.01705400246E+00,+1.02989945002E+00,+1.02437184351E+00
+66.00000E-06,+1.34519471042E+00,+1.33426505441E+00,+1.01168336980E+00,+1.03128139116E+00
+66.05000E-06,+1.34519471042E+00,+1.36567208916E+00,+1.02675874652E+00,+994.22109006E-03
+66.10000E-06,+1.35336053949E+00,+1.36567208916E+00,+1.02989945002E+00,+995.47737149E-03
+66.15000E-06,+1.36529521272E+00,+1.35876254151E+00,+1.01670849537E+00,+1.01118088886E+00
+66.20000E-06,+1.36529521272E+00,+1.10310927775E+00,+1.02613060587E+00,+989.19596449E-03
+66.25000E-06,+1.34833541392E+00,+1.02082284661E+00,+1.00979894772E+00,+991.08038656E-03
+66.30000E-06,+1.35336053949E+00,+1.02773239426E+00,+1.01796477680E+00,+991.08038656E-03
+66.35000E-06,+1.33828516277E+00,+1.01705400246E+00,+1.02989945002E+00,+1.01118088886E+00
+66.40000E-06,+1.36529521272E+00,+1.29594847189E+00,+1.01168336980E+00,+1.01306531094E+00
+66.45000E-06,+1.36529521272E+00,+1.34871229036E+00,+1.02989945002E+00,+1.01118088886E+00
+66.50000E-06,+1.36152636857E+00,+1.36567208916E+00,+1.01796477680E+00,+1.00301505979E+00
+66.55000E-06,+1.36529521272E+00,+1.34557158686E+00,+1.02989945002E+00,+1.01809043651E+00
+66.60000E-06,+1.36529521272E+00,+1.13577259404E+00,+1.00979894772E+00,+970.97988427E-03
+66.65000E-06,+1.35901380572E+00,+1.02082284661E+00,+1.04371854532E+00,+991.08038656E-03
+66.70000E-06,+1.36152636857E+00,+1.01202887688E+00,+1.00979894772E+00,+1.01118088886E+00
+66.75000E-06,+1.34519471042E+00,+1.02396355011E+00,+1.02298990237E+00,+1.01118088886E+00
+66.80000E-06,+1.34707913249E+00,+1.29594847189E+00,+1.01356779187E+00,+1.01306531094E+00
+66.85000E-06,+1.39607410681E+00,+1.33175249156E+00,+1.02989945002E+00,+994.22109006E-03
+66.90000E-06,+1.34142586627E+00,+1.34180274271E+00,+1.00979894772E+00,+1.01118088886E+00
+66.95000E-06,+1.35901380572E+00,+1.34557158686E+00,+1.00979894772E+00,+1.00427134121E+00
+67.00000E-06,+1.34707913249E+00,+1.10499369982E+00,+987.81402335E-03,+969.09546219E-03
+67.05000E-06,+1.34205400692E+00,+1.00386304781E+00,+1.01293965122E+00,+1.00804018536E+00
+67.10000E-06,+1.34519471042E+00,+1.02396355011E+00,+1.02173362095E+00,+962.81405519E-03
+67.15000E-06,+1.34519471042E+00,+1.05034545940E+00,+1.02361804302E+00,+997.98993421E-03
+67.20000E-06,+1.34331028834E+00,+1.33238063234E+00,+1.01168336980E+00,+1.02939696908E+00
+67.25000E-06,+1.36215450922E+00,+1.36881279266E+00,+1.02989945002E+00,+1.01432159236E+00
+67.30000E-06,+1.37346104179E+00,+1.34557158686E+00,+997.86427450E-03,+1.00301505979E+00
+67.35000E-06,+1.36529521272E+00,+1.35939068216E+00,+1.01670849537E+00,+1.01118088886E+00
+67.40000E-06,+1.38162687086E+00,+1.13388817197E+00,+991.58286750E-03,+952.76380404E-03
+67.45000E-06,+1.32823491162E+00,+1.02082284661E+00,+1.01293965122E+00,+1.01118088886E+00
+67.50000E-06,+1.33702888134E+00,+1.02396355011E+00,+1.02989945002E+00,+1.00301505979E+00
+67.55000E-06,+1.36529521272E+00,+1.01705400246E+00,+1.00979894772E+00,+1.01118088886E+00
+67.60000E-06,+1.32697863020E+00,+1.29971731604E+00,+991.58286750E-03,+1.01306531094E+00
+67.65000E-06,+1.37911430801E+00,+1.36253138566E+00,+1.02989945002E+00,+1.01118088886E+00
+67.70000E-06,+1.34142586627E+00,+1.33363691364E+00,+1.02173362095E+00,+1.00301505979E+00
+67.75000E-06,+1.33891330342E+00,+1.33929017986E+00,+1.01608035472E+00,+997.98993421E-03
+67.80000E-06,+1.34707913249E+00,+1.06856153937E+00,+1.02613060587E+00,+987.31154241E-03
+67.85000E-06,+1.34205400692E+00,+1.02396355011E+00,+992.83914892E-03,+1.00804018536E+00
+67.90000E-06,+1.35336053949E+00,+1.02396355011E+00,+1.01796477680E+00,+999.24621564E-03
+67.95000E-06,+1.35838566507E+00,+1.01768214311E+00,+1.02989945002E+00,+997.98993421E-03
+68.00000E-06,+1.36529521272E+00,+1.33614947649E+00,+1.02989945002E+00,+992.96480864E-03
+68.05000E-06,+1.34833541392E+00,+1.36881279266E+00,+1.02675874652E+00,+994.22109006E-03
+68.10000E-06,+1.34519471042E+00,+1.34557158686E+00,+1.01796477680E+00,+1.01118088886E+00
+68.15000E-06,+1.35210425807E+00,+1.32547108456E+00,+1.02989945002E+00,+1.01746229586E+00
+68.20000E-06,+1.34896355457E+00,+1.08677761960E+00,+1.00979894772E+00,+954.64822612E-03
+68.25000E-06,+1.36529521272E+00,+1.02710425361E+00,+1.04057784182E+00,+991.08038656E-03
+68.30000E-06,+1.34142586627E+00,+1.01202887688E+00,+1.00979894772E+00,+1.00301505979E+00
+68.35000E-06,+1.34519471042E+00,+1.02396355011E+00,+1.03680899767E+00,+1.01118088886E+00
+68.40000E-06,+1.34707913249E+00,+1.29029520567E+00,+1.01168336980E+00,+1.02939696908E+00
+68.45000E-06,+1.36215450922E+00,+1.36567208916E+00,+1.01293965122E+00,+1.01432159236E+00
+68.50000E-06,+1.34142586627E+00,+1.35750626009E+00,+1.02989945002E+00,+970.97988427E-03
+68.55000E-06,+1.33200375577E+00,+1.35248113451E+00,+1.03618085702E+00,+991.08038656E-03
+68.60000E-06,+1.34707913249E+00,+1.05537058485E+00,+1.00791452565E+00,+974.74872842E-03
+68.65000E-06,+1.34519471042E+00,+1.02396355011E+00,+1.01293965122E+00,+994.22109006E-03
+68.70000E-06,+1.35712938364E+00,+1.03212937918E+00,+993.46728957E-03,+991.08038656E-03
+68.75000E-06,+1.35901380572E+00,+1.02396355011E+00,+1.00288940007E+00,+1.01118088886E+00
+68.80000E-06,+1.36152636857E+00,+1.31228013004E+00,+1.02801502794E+00,+1.03128139116E+00
+68.85000E-06,+1.36529521272E+00,+1.34557158686E+00,+1.03304015352E+00,+1.00804018536E+00
+68.90000E-06,+1.33702888134E+00,+1.34557158686E+00,+1.00979894772E+00,+994.84923071E-03
+68.95000E-06,+1.35901380572E+00,+1.36567208916E+00,+1.00979894772E+00,+1.00427134121E+00
+69.00000E-06,+1.36529521272E+00,+1.10813440344E+00,+1.02989945002E+00,+970.97988427E-03
+69.05000E-06,+1.33137561512E+00,+1.02396355011E+00,+1.02989945002E+00,+1.01432159236E+00
+69.10000E-06,+1.33326003720E+00,+1.02396355011E+00,+1.01796477680E+00,+1.01934671794E+00
+69.15000E-06,+1.35838566507E+00,+1.01705400246E+00,+1.00288940007E+00,+1.00489948186E+00
+69.20000E-06,+1.36529521272E+00,+1.30160173812E+00,+991.58286750E-03,+1.03128139116E+00
+69.25000E-06,+1.34519471042E+00,+1.34871229036E+00,+1.04371854532E+00,+994.22109006E-03
+69.30000E-06,+1.35336053949E+00,+1.34557158686E+00,+1.03806527909E+00,+1.00301505979E+00
+69.35000E-06,+1.34582285107E+00,+1.36567208916E+00,+1.02927130937E+00,+991.08038656E-03
+69.40000E-06,+1.32886305227E+00,+1.06102385107E+00,+1.02424618380E+00,+972.86430634E-03
+69.45000E-06,+1.32823491162E+00,+1.02396355011E+00,+1.00665824422E+00,+1.01118088886E+00
+69.50000E-06,+1.35336053949E+00,+1.04406405240E+00,+1.02173362094E+00,+999.24621564E-03
+69.55000E-06,+1.35838566507E+00,+1.01077259546E+00,+1.03680899767E+00,+1.00489948186E+00
+69.60000E-06,+1.34707913249E+00,+1.28338565790E+00,+1.02989945002E+00,+1.01118088886E+00
+69.65000E-06,+1.35901380572E+00,+1.36253138566E+00,+1.03304015352E+00,+1.01118088886E+00
+69.70000E-06,+1.34519471042E+00,+1.34934043101E+00,+1.00979894772E+00,+999.24621564E-03
+69.75000E-06,+1.36529521272E+00,+1.34557158686E+00,+1.00979894772E+00,+1.01118088886E+00
+69.80000E-06,+1.36529521272E+00,+1.12509420211E+00,+1.02613060587E+00,+952.76380404E-03
+69.85000E-06,+1.36215450922E+00,+1.04092334890E+00,+1.02675874652E+00,+991.08038656E-03
+69.90000E-06,+1.35336053949E+00,+1.02396355011E+00,+1.01796477680E+00,+1.01118088886E+00
+69.95000E-06,+1.35838566507E+00,+1.03087309775E+00,+1.04309040467E+00,+1.01118088886E+00
+70.00000E-06,+1.32509420812E+00,+1.27961681375E+00,+1.01168336980E+00,+1.03128139116E+00
+70.05000E-06,+1.36215450922E+00,+1.34871229036E+00,+1.02675874652E+00,+1.01118088886E+00
+70.10000E-06,+1.34519471042E+00,+1.34180274271E+00,+1.02173362094E+00,+991.08038656E-03
+70.15000E-06,+1.35838566507E+00,+1.37195349616E+00,+1.02298990237E+00,+997.98993421E-03
+70.20000E-06,+1.36152636857E+00,+1.12132535796E+00,+1.02801502795E+00,+970.97988427E-03
+70.25000E-06,+1.32823491162E+00,+1.02082284661E+00,+1.00979894772E+00,+994.22109006E-03
+70.30000E-06,+1.35336053949E+00,+1.01579772103E+00,+1.01796477680E+00,+1.01118088886E+00
+70.35000E-06,+1.34519471042E+00,+1.02396355011E+00,+1.00979894772E+00,+991.08038656E-03
+70.40000E-06,+1.36341079064E+00,+1.31039570797E+00,+1.03555271624E+00,+1.06771355161E+00
+70.45000E-06,+1.36529521272E+00,+1.36253138566E+00,+1.03304015352E+00,+994.22109006E-03
+70.50000E-06,+1.34142586627E+00,+1.35373741594E+00,+1.00979894772E+00,+1.01118088886E+00
+70.55000E-06,+1.34519471042E+00,+1.36567208916E+00,+1.01670849537E+00,+977.88943192E-03
+70.60000E-06,+1.32697863020E+00,+1.08300877544E+00,+1.00414568150E+00,+914.44722152E-03
+70.65000E-06,+1.32823491162E+00,+1.00386304781E+00,+1.04371854532E+00,+1.00804018536E+00
+70.70000E-06,+1.35712938364E+00,+1.02396355011E+00,+1.02989945002E+00,+1.01934671794E+00
+70.75000E-06,+1.35838566507E+00,+1.02396355011E+00,+1.00979894772E+00,+1.01118088886E+00
+70.80000E-06,+1.36529521272E+00,+1.33614947649E+00,+1.01356779187E+00,+1.03316581323E+00
+70.85000E-06,+1.37597360451E+00,+1.39959168675E+00,+1.02989945002E+00,+994.22109006E-03
+70.90000E-06,+1.35336053949E+00,+1.36567208916E+00,+1.02989945002E+00,+991.08038656E-03
+70.95000E-06,+1.35838566507E+00,+1.36567208916E+00,+1.00288940007E+00,+1.00427134121E+00
+71.00000E-06,+1.36341079064E+00,+1.13954143818E+00,+965.82909898E-03,+932.66330175E-03
+71.05000E-06,+1.34519471042E+00,+1.00072234431E+00,+1.02675874652E+00,+1.02499998416E+00
+71.10000E-06,+1.36529521272E+00,+1.01579772103E+00,+1.04183412324E+00,+1.00741204471E+00
+71.15000E-06,+1.36529521272E+00,+1.02396355011E+00,+1.02989945002E+00,+997.98993421E-03
+71.20000E-06,+1.36717963479E+00,+1.34180274271E+00,+1.03178387209E+00,+1.01683415508E+00
+71.25000E-06,+1.36215450922E+00,+1.36567208916E+00,+1.02989945002E+00,+994.22109006E-03
+71.30000E-06,+1.33702888134E+00,+1.35373741594E+00,+1.00979894772E+00,+991.08038656E-03
+71.35000E-06,+1.34519471042E+00,+1.35248113451E+00,+1.00979894772E+00,+1.00427134121E+00
+71.40000E-06,+1.36529521272E+00,+1.11378766966E+00,+971.48236520E-03,+932.66330175E-03
+71.45000E-06,+1.37911430801E+00,+1.02082284661E+00,+1.02675874652E+00,+1.00175877836E+00
+71.50000E-06,+1.33326003720E+00,+1.02396355011E+00,+1.02613060587E+00,+999.24621564E-03
+71.55000E-06,+1.34519471042E+00,+1.03715450476E+00,+1.02989945002E+00,+1.01809043651E+00
+71.60000E-06,+1.36529521272E+00,+1.27773239168E+00,+1.05376879646E+00,+1.08781405390E+00
+71.65000E-06,+1.36529521272E+00,+1.38263188796E+00,+1.02675874652E+00,+1.01118088886E+00
+71.70000E-06,+1.34142586627E+00,+1.34180274272E+00,+1.03366829417E+00,+1.01934671794E+00
+71.75000E-06,+1.35210425807E+00,+1.33866203921E+00,+1.02298990237E+00,+977.88943191E-03
+71.80000E-06,+1.32886305227E+00,+1.09745601151E+00,+967.71352105E-03,+932.66330175E-03
+71.85000E-06,+1.32823491162E+00,+983.76254551E-03,+1.02675874652E+00,+991.08038656E-03
+71.90000E-06,+1.35712938364E+00,+1.02396355011E+00,+1.01356779187E+00,+1.01118088886E+00
+71.95000E-06,+1.35210425807E+00,+1.03778264540E+00,+1.02989945002E+00,+1.00427134121E+00
+72.00000E-06,+1.37974244879E+00,+1.33238063235E+00,+1.03178387209E+00,+1.03505023531E+00
+72.05000E-06,+1.34833541392E+00,+1.36881279266E+00,+995.97985243E-03,+991.08038656E-03
+72.10000E-06,+1.35712938364E+00,+1.36567208916E+00,+1.01796477680E+00,+991.08038656E-03
+72.15000E-06,+1.35901380571E+00,+1.34557158686E+00,+1.00979894772E+00,+1.00427134121E+00
+72.20000E-06,+1.36529521272E+00,+1.10687812188E+00,+985.92960128E-03,+914.44722152E-03
+72.25000E-06,+1.34519471042E+00,+986.90324901E-03,+1.02361804302E+00,+987.93968306E-03
+72.30000E-06,+1.34519471042E+00,+1.00386304781E+00,+1.02173362094E+00,+1.00301505979E+00
+72.35000E-06,+1.35210425807E+00,+1.03087309775E+00,+1.01670849537E+00,+1.01118088886E+00
+72.40000E-06,+1.36529521272E+00,+1.28338565790E+00,+1.05376879646E+00,+1.06959797368E+00
+72.45000E-06,+1.36529521272E+00,+1.38577259146E+00,+1.00979894772E+00,+994.22109007E-03
+72.50000E-06,+1.35336053949E+00,+1.35373741594E+00,+1.00163311865E+00,+1.00301505979E+00
+72.55000E-06,+1.37220476036E+00,+1.36567208916E+00,+1.00288940007E+00,+991.08038656E-03
+72.60000E-06,+1.32697863019E+00,+1.07735550921E+00,+1.00414568150E+00,+934.54772382E-03
+72.65000E-06,+1.34205400692E+00,+1.02396355011E+00,+1.02361804302E+00,+991.08038656E-03
+72.70000E-06,+1.33702888134E+00,+1.02396355011E+00,+989.69844542E-03,+1.00741204471E+00
+72.75000E-06,+1.32509420812E+00,+1.01077259546E+00,+1.02989945002E+00,+991.08038656E-03
+72.80000E-06,+1.36529521272E+00,+1.28715450204E+00,+1.05188437439E+00,+1.06959797368E+00
+72.85000E-06,+1.36529521272E+00,+1.36881279266E+00,+1.00979894772E+00,+994.22109007E-03
+72.90000E-06,+1.33326003720E+00,+1.35373741594E+00,+1.00603010358E+00,+1.00301505979E+00
+72.95000E-06,+1.36529521272E+00,+1.35876254151E+00,+1.02298990237E+00,+997.36179357E-03
+73.00000E-06,+1.34707913249E+00,+1.09745601151E+00,+987.81402335E-03,+950.87938197E-03
+73.05000E-06,+1.32823491162E+00,+1.02082284660E+00,+1.02989945002E+00,+987.93968306E-03
+73.10000E-06,+1.35712938364E+00,+1.00386304781E+00,+1.03806527909E+00,+970.97988427E-03
+73.15000E-06,+1.35147611742E+00,+1.02396355011E+00,+1.00979894772E+00,+1.01809043651E+00
+73.20000E-06,+1.36341079064E+00,+1.29217962776E+00,+1.05376879646E+00,+1.05138189346E+00
+73.25000E-06,+1.38225501151E+00,+1.37949118445E+00,+992.83914893E-03,+977.26129127E-03
+73.30000E-06,+1.33702888134E+00,+1.36567208916E+00,+1.00979894772E+00,+1.00301505979E+00
+73.35000E-06,+1.36529521272E+00,+1.35248113451E+00,+1.00979894772E+00,+1.02499998416E+00
+73.40000E-06,+1.34331028835E+00,+1.10122485566E+00,+967.71352105E-03,+912.56279945E-03
+73.45000E-06,+1.34519471042E+00,+1.02082284660E+00,+992.83914893E-03,+991.08038656E-03
+73.50000E-06,+1.35712938364E+00,+1.02396355011E+00,+1.02173362094E+00,+1.00301505979E+00
+73.55000E-06,+1.35838566507E+00,+1.04406405240E+00,+1.02298990237E+00,+1.01118088886E+00
+73.60000E-06,+1.36529521272E+00,+1.29217962776E+00,+1.03366829416E+00,+1.01306531093E+00
+73.65000E-06,+1.36529521272E+00,+1.34871229036E+00,+1.01293965122E+00,+1.01118088886E+00
+73.70000E-06,+1.34519471042E+00,+1.35373741594E+00,+1.03806527909E+00,+991.08038656E-03
+73.75000E-06,+1.36529521272E+00,+1.36567208916E+00,+976.50749077E-03,+1.01746229586E+00
+73.80000E-06,+1.34707913249E+00,+1.07044596142E+00,+1.02236176173E+00,+896.23114130E-03
+73.85000E-06,+1.34519471042E+00,+1.01768214310E+00,+1.04371854531E+00,+1.00489948186E+00
+73.90000E-06,+1.34519471042E+00,+1.01202887688E+00,+1.02989945002E+00,+994.84923071E-03
+73.95000E-06,+1.35838566507E+00,+1.02396355011E+00,+1.00979894772E+00,+1.00427134121E+00
+74.00000E-06,+1.36529521272E+00,+1.27961681375E+00,+1.01356779187E+00,+1.07148239575E+00
+74.05000E-06,+1.34519471042E+00,+1.38263188796E+00,+1.00979894772E+00,+997.36179357E-03
+74.10000E-06,+1.35336053949E+00,+1.35373741594E+00,+1.02989945002E+00,+1.00301505979E+00
+74.15000E-06,+1.36529521272E+00,+1.35248113451E+00,+1.02298990237E+00,+997.98993421E-03
+74.20000E-06,+1.32697863019E+00,+1.05537058484E+00,+969.59794313E-03,+950.87938197E-03
+74.25000E-06,+1.34205400692E+00,+1.00386304781E+00,+1.00979894772E+00,+991.08038656E-03
+74.30000E-06,+1.34896355456E+00,+1.02396355011E+00,+1.00163311865E+00,+1.03128139116E+00
+74.35000E-06,+1.34519471042E+00,+1.01077259546E+00,+1.02361804302E+00,+1.01118088886E+00
+74.40000E-06,+1.36341079064E+00,+1.33803389857E+00,+1.01356779187E+00,+1.03505023530E+00
+74.45000E-06,+1.36529521272E+00,+1.36567208916E+00,+999.12055593E-03,+1.01118088886E+00
+74.50000E-06,+1.35336053949E+00,+1.35373741594E+00,+1.00979894772E+00,+999.24621564E-03
+74.55000E-06,+1.35210425807E+00,+1.35248113451E+00,+1.00979894772E+00,+1.00427134121E+00
+74.60000E-06,+1.32886305227E+00,+1.05913942898E+00,+1.00603010358E+00,+914.44722152E-03
+74.65000E-06,+1.34833541392E+00,+1.00386304781E+00,+1.02675874652E+00,+1.00489948186E+00
+74.70000E-06,+1.34519471042E+00,+1.00386304781E+00,+1.01796477680E+00,+999.24621564E-03
+74.75000E-06,+1.34519471042E+00,+1.03087309775E+00,+1.00979894772E+00,+1.03128139116E+00
+74.80000E-06,+1.34896355456E+00,+1.27396354754E+00,+1.01733663601E+00,+1.03316581323E+00
+74.85000E-06,+1.36843591622E+00,+1.36881279266E+00,+1.00665824422E+00,+977.26129127E-03
+74.90000E-06,+1.35336053949E+00,+1.34557158686E+00,+1.03806527910E+00,+991.08038656E-03
+74.95000E-06,+1.33200375577E+00,+1.35248113451E+00,+1.02989945002E+00,+984.17083892E-03
+75.00000E-06,+1.32697863019E+00,+1.08300877543E+00,+1.02424618380E+00,+950.87938197E-03
+75.05000E-06,+1.32823491162E+00,+1.01768214310E+00,+1.00979894772E+00,+1.00804018536E+00
+75.10000E-06,+1.36906405686E+00,+1.03212937918E+00,+1.02173362094E+00,+1.01118088886E+00
+75.15000E-06,+1.33828516277E+00,+1.04406405240E+00,+1.01670849537E+00,+997.98993421E-03
+75.20000E-06,+1.34519471042E+00,+1.27207912546E+00,+1.03555271624E+00,+1.06959797368E+00
+75.25000E-06,+1.36529521272E+00,+1.37195349616E+00,+1.03304015352E+00,+1.01118088886E+00
+75.30000E-06,+1.33326003720E+00,+1.34557158686E+00,+993.46728957E-03,+1.01118088886E+00
+75.35000E-06,+1.35210425807E+00,+1.36567208916E+00,+1.00979894772E+00,+991.08038656E-03
+75.40000E-06,+1.32886305227E+00,+1.05537058484E+00,+989.69844542E-03,+948.99495990E-03
+75.45000E-06,+1.34519471042E+00,+1.01768214310E+00,+1.00979894772E+00,+1.00489948186E+00
+75.50000E-06,+1.34519471042E+00,+1.03212937918E+00,+1.01796477680E+00,+1.01118088886E+00
+75.55000E-06,+1.34519471042E+00,+1.00386304781E+00,+1.00979894772E+00,+1.02437184351E+00
+75.60000E-06,+1.38162687087E+00,+1.33426505443E+00,+1.03178387209E+00,+1.03505023530E+00
+75.65000E-06,+1.36529521272E+00,+1.36567208916E+00,+1.02989945002E+00,+1.01432159236E+00
+75.70000E-06,+1.34896355456E+00,+1.35373741594E+00,+1.00979894772E+00,+991.08038656E-03
+75.75000E-06,+1.34582285106E+00,+1.34557158686E+00,+1.02298990237E+00,+991.08038656E-03
+75.80000E-06,+1.34519471042E+00,+1.11001882551E+00,+967.71352105E-03,+948.99495990E-03
+75.85000E-06,+1.36215450921E+00,+1.00386304781E+00,+1.02675874652E+00,+1.00804018536E+00
+75.90000E-06,+1.35712938364E+00,+1.00763189195E+00,+1.03366829416E+00,+1.01934671794E+00
+75.95000E-06,+1.35838566507E+00,+1.01768214310E+00,+1.02989945002E+00,+1.01118088886E+00
+76.00000E-06,+1.36152636857E+00,+1.29594847191E+00,+1.01356779187E+00,+1.03316581323E+00
+76.05000E-06,+1.36529521272E+00,+1.36881279266E+00,+999.12055593E-03,+1.00804018536E+00
+76.10000E-06,+1.33326003720E+00,+1.35373741594E+00,+997.86427450E-03,+999.24621564E-03
+76.15000E-06,+1.35210425807E+00,+1.35248113451E+00,+1.00351754072E+00,+977.88943191E-03
+76.20000E-06,+1.32886305227E+00,+1.09180274529E+00,+1.02613060587E+00,+930.77887967E-03
+76.25000E-06,+1.34205400692E+00,+1.00386304781E+00,+1.02989945002E+00,+991.08038656E-03
+76.30000E-06,+1.34519471042E+00,+1.01579772103E+00,+1.02173362094E+00,+1.00301505979E+00
+76.35000E-06,+1.35838566507E+00,+1.02396355011E+00,+1.00979894772E+00,+1.01118088886E+00
+76.40000E-06,+1.36341079064E+00,+1.27396354754E+00,+1.01356779187E+00,+1.06959797368E+00
+76.45000E-06,+1.38539571501E+00,+1.38263188795E+00,+1.02989945002E+00,+994.22109007E-03
+76.50000E-06,+1.35336053950E+00,+1.35373741594E+00,+1.01356779187E+00,+1.01118088886E+00
+76.55000E-06,+1.34519471042E+00,+1.34557158686E+00,+1.00979894772E+00,+991.08038656E-03
+76.60000E-06,+1.34707913249E+00,+1.09745601150E+00,+967.71352106E-03,+932.66330174E-03
+76.65000E-06,+1.34833541392E+00,+986.90324901E-03,+1.00979894772E+00,+991.08038656E-03
+76.70000E-06,+1.35712938364E+00,+1.02773239425E+00,+1.02173362094E+00,+987.31154242E-03
+76.75000E-06,+1.35838566507E+00,+1.03715450476E+00,+1.02361804301E+00,+1.01118088886E+00
+76.80000E-06,+1.36341079064E+00,+1.29594847191E+00,+1.04999995232E+00,+1.06959797368E+00
+76.85000E-06,+1.36529521272E+00,+1.35185299387E+00,+1.01608035473E+00,+1.01118088886E+00
+76.90000E-06,+1.35336053950E+00,+1.35750626008E+00,+1.02613060588E+00,+999.24621564E-03
+76.95000E-06,+1.36529521272E+00,+1.37886304381E+00,+1.00979894772E+00,+984.17083892E-03
+77.00000E-06,+1.36529521272E+00,+1.14331028231E+00,+985.92960128E-03,+916.33164359E-03
+77.05000E-06,+1.32823491162E+00,+1.00386304781E+00,+1.00979894772E+00,+991.08038656E-03
+77.10000E-06,+1.33702888134E+00,+1.03589822333E+00,+1.00603010358E+00,+1.01118088886E+00
+77.15000E-06,+1.35838566507E+00,+1.02396355011E+00,+1.02298990237E+00,+1.01809043651E+00
+77.20000E-06,+1.36341079064E+00,+1.32170224042E+00,+1.05188437439E+00,+1.03505023530E+00
+77.25000E-06,+1.36529521272E+00,+1.38577259146E+00,+989.69844542E-03,+1.02499998415E+00
+77.30000E-06,+1.35336053950E+00,+1.35373741594E+00,+1.00979894772E+00,+1.00301505978E+00
+77.35000E-06,+1.33828516277E+00,+1.35248113451E+00,+1.02298990237E+00,+991.08038656E-03
+77.40000E-06,+1.36341079064E+00,+1.09180274528E+00,+987.81402335E-03,+912.56279945E-03
+77.45000E-06,+1.36215450921E+00,+1.00700375131E+00,+1.02361804301E+00,+1.00804018536E+00
+77.50000E-06,+1.35712938364E+00,+1.01579772103E+00,+1.02173362094E+00,+1.01118088886E+00
+77.55000E-06,+1.35147611742E+00,+1.01768214310E+00,+1.02989945002E+00,+1.01118088886E+00
+77.60000E-06,+1.36717963479E+00,+1.33991832065E+00,+1.03178387209E+00,+1.01683415508E+00
+77.65000E-06,+1.36843591622E+00,+1.38891329496E+00,+1.01293965122E+00,+1.02499998415E+00
+77.70000E-06,+1.33702888134E+00,+1.34557158686E+00,+989.69844542E-03,+1.00301505978E+00
+77.75000E-06,+1.36529521272E+00,+1.36567208916E+00,+989.69844542E-03,+997.36179357E-03
+77.80000E-06,+1.36529521272E+00,+1.08803390114E+00,+973.36678727E-03,+930.77887967E-03
+77.85000E-06,+1.34205400692E+00,+1.02082284660E+00,+1.02361804301E+00,+1.00489948186E+00
+77.90000E-06,+1.36152636857E+00,+1.03589822333E+00,+1.01419593266E+00,+991.08038656E-03
+77.95000E-06,+1.34519471042E+00,+1.01077259545E+00,+1.02989945002E+00,+1.01118088886E+00
+78.00000E-06,+1.34519471042E+00,+1.28150123583E+00,+993.46728957E-03,+1.02939696909E+00
+78.05000E-06,+1.34519471042E+00,+1.36253138566E+00,+1.02675874652E+00,+1.01118088886E+00
+78.10000E-06,+1.35336053950E+00,+1.35750626008E+00,+1.02989945002E+00,+999.24621564E-03
+78.15000E-06,+1.33891330341E+00,+1.36567208916E+00,+1.02989945002E+00,+1.00427134122E+00
+78.20000E-06,+1.34707913249E+00,+1.07358666506E+00,+991.58286750E-03,+989.19596449E-03
+78.25000E-06,+1.32509420812E+00,+1.00700375131E+00,+1.02989945002E+00,+994.22109007E-03
+78.30000E-06,+1.36529521272E+00,+1.01579772103E+00,+1.01796477680E+00,+982.91455749E-03
+78.35000E-06,+1.35210425806E+00,+1.03087309775E+00,+1.04309040467E+00,+977.88943191E-03
+78.40000E-06,+1.38162687087E+00,+1.31981781835E+00,+1.03366829416E+00,+1.07148239575E+00
+78.45000E-06,+1.38539571501E+00,+1.34557158686E+00,+1.04685924881E+00,+1.01118088886E+00
+78.50000E-06,+1.34519471042E+00,+1.35750626008E+00,+997.86427450E-03,+1.00301505978E+00
+78.55000E-06,+1.35210425806E+00,+1.35248113451E+00,+1.00288940008E+00,+1.00427134122E+00
+78.60000E-06,+1.32886305226E+00,+1.07170224299E+00,+1.00603010358E+00,+930.77887967E-03
+78.65000E-06,+1.32823491162E+00,+1.04092334890E+00,+1.04371854531E+00,+984.79897956E-03
+78.70000E-06,+1.33326003720E+00,+1.03589822333E+00,+1.02173362094E+00,+994.84923071E-03
+78.75000E-06,+1.35838566507E+00,+1.03087309775E+00,+1.00288940008E+00,+991.08038656E-03
+78.80000E-06,+1.36341079064E+00,+1.31981781835E+00,+993.46728957E-03,+1.01306531093E+00
+78.85000E-06,+1.36529521272E+00,+1.37949118445E+00,+1.02675874652E+00,+1.00804018536E+00
+78.90000E-06,+1.33326003720E+00,+1.34557158686E+00,+1.02989945002E+00,+982.91455749E-03
+78.95000E-06,+1.36529521272E+00,+1.36567208916E+00,+1.00979894772E+00,+1.00427134122E+00
+79.00000E-06,+1.34707913249E+00,+1.05913942897E+00,+1.00603010358E+00,+972.86430634E-03
+79.05000E-06,+1.33137561513E+00,+1.00700375131E+00,+1.00979894772E+00,+994.22109007E-03
+79.10000E-06,+1.35712938364E+00,+1.03212937918E+00,+1.01356779186E+00,+1.00301505978E+00
+79.15000E-06,+1.35838566507E+00,+1.01077259545E+00,+1.02989945002E+00,+997.98993421E-03
+79.20000E-06,+1.36529521272E+00,+1.32358666249E+00,+1.01168336979E+00,+1.03316581323E+00
+79.25000E-06,+1.36843591622E+00,+1.36567208916E+00,+1.01293965122E+00,+1.01118088886E+00
+79.30000E-06,+1.36529521272E+00,+1.35373741594E+00,+1.02173362094E+00,+1.02311556208E+00
+79.35000E-06,+1.36529521272E+00,+1.34557158686E+00,+1.01670849537E+00,+1.00427134122E+00
+79.40000E-06,+1.34707913249E+00,+1.08866204163E+00,+1.02424618381E+00,+930.77887967E-03
+79.45000E-06,+1.33137561513E+00,+1.02082284660E+00,+1.02675874652E+00,+1.00489948185E+00
+79.50000E-06,+1.35336053950E+00,+1.02396355011E+00,+1.01796477680E+00,+1.01118088886E+00
+79.55000E-06,+1.35838566507E+00,+1.04406405240E+00,+1.02298990237E+00,+997.98993421E-03
+79.60000E-06,+1.34707913249E+00,+1.32358666249E+00,+1.01168336979E+00,+1.01118088886E+00
+79.65000E-06,+1.36215450921E+00,+1.35185299387E+00,+1.01293965122E+00,+974.12058777E-03
+79.70000E-06,+1.37346104179E+00,+1.34180274272E+00,+997.86427450E-03,+991.08038656E-03
+79.75000E-06,+1.36529521272E+00,+1.35248113451E+00,+1.02989945002E+00,+1.00427134122E+00
+79.80000E-06,+1.32697863019E+00,+1.06479269518E+00,+1.00791452565E+00,+970.97988427E-03
+79.85000E-06,+1.34519471042E+00,+1.02396355011E+00,+1.00979894772E+00,+1.01118088886E+00
+79.90000E-06,+1.35712938364E+00,+1.01202887689E+00,+1.01356779186E+00,+1.00741204472E+00
+79.95000E-06,+1.35838566507E+00,+1.01077259545E+00,+1.03618085703E+00,+997.98993421E-03
+80.00000E-06,+1.36341079064E+00,+1.33803389858E+00,+1.03178387209E+00,+1.01306531093E+00
+80.05000E-06,+1.34519471042E+00,+1.36567208916E+00,+995.97985243E-03,+1.01118088886E+00
+80.10000E-06,+1.34519471042E+00,+1.33363691364E+00,+1.00979894772E+00,+1.01934671794E+00
+80.15000E-06,+1.33200375577E+00,+1.34557158686E+00,+1.01670849537E+00,+1.00427134122E+00
+80.20000E-06,+1.34331028835E+00,+1.13388817195E+00,+1.00979894772E+00,+1.00741204472E+00
+80.25000E-06,+1.34833541392E+00,+1.02710425361E+00,+1.02989945002E+00,+994.22109007E-03
+80.30000E-06,+1.36529521272E+00,+1.02396355011E+00,+1.02173362094E+00,+991.08038656E-03
+80.35000E-06,+1.36529521272E+00,+1.02396355011E+00,+1.02989945002E+00,+997.98993421E-03
+80.40000E-06,+1.36529521272E+00,+1.31604897421E+00,+997.23613371E-03,+1.03505023530E+00
+80.45000E-06,+1.33451631863E+00,+1.36567208916E+00,+995.97985243E-03,+1.01432159236E+00
+80.50000E-06,+1.36152636857E+00,+1.35373741594E+00,+1.02173362094E+00,+986.68340163E-03
+80.55000E-06,+1.35210425806E+00,+1.35185299387E+00,+1.02361804301E+00,+1.00427134122E+00
+80.60000E-06,+1.34707913249E+00,+1.09180274528E+00,+985.92960128E-03,+912.56279945E-03
+80.65000E-06,+1.34833541392E+00,+1.01768214310E+00,+1.00979894772E+00,+1.00804018536E+00
+80.70000E-06,+1.35336053950E+00,+1.01579772103E+00,+1.00979894772E+00,+987.31154242E-03
+80.75000E-06,+1.35147611743E+00,+1.02396355011E+00,+1.00288940008E+00,+1.01809043651E+00
+80.80000E-06,+1.36529521272E+00,+1.32170224042E+00,+1.01545221393E+00,+1.03505023530E+00
+80.85000E-06,+1.36215450921E+00,+1.38263188795E+00,+995.97985243E-03,+1.00804018536E+00
+80.90000E-06,+1.36152636857E+00,+1.36190324502E+00,+1.00979894772E+00,+1.03128139116E+00
+80.95000E-06,+1.37220476036E+00,+1.35248113451E+00,+1.00288940008E+00,+991.08038656E-03
+81.00000E-06,+1.32697863019E+00,+1.10122485563E+00,+989.69844542E-03,+912.56279945E-03
+81.05000E-06,+1.32509420812E+00,+1.02396355011E+00,+1.04371854531E+00,+974.12058777E-03
+81.10000E-06,+1.35336053950E+00,+1.02773239425E+00,+1.02173362094E+00,+1.02311556208E+00
+81.15000E-06,+1.37848616737E+00,+1.01768214310E+00,+1.02361804301E+00,+1.01118088886E+00
+81.20000E-06,+1.38351129294E+00,+1.30160173813E+00,+1.01733663600E+00,+1.03505023530E+00
+81.25000E-06,+1.38225501151E+00,+1.36567208916E+00,+1.04685924881E+00,+994.22109007E-03
+81.30000E-06,+1.35336053950E+00,+1.37383791824E+00,+1.02173362094E+00,+1.01118088886E+00
+81.35000E-06,+1.35210425806E+00,+1.33866203922E+00,+1.02989945002E+00,+977.88943191E-03
+81.40000E-06,+1.34519471042E+00,+1.07735550919E+00,+969.59794313E-03,+952.76380404E-03
+81.45000E-06,+1.34205400691E+00,+1.00386304781E+00,+1.00979894772E+00,+1.00804018536E+00
+81.50000E-06,+1.35712938364E+00,+1.03589822332E+00,+1.00979894772E+00,+1.03128139116E+00
+81.55000E-06,+1.35147611743E+00,+1.03087309775E+00,+1.02989945002E+00,+1.01118088886E+00
+81.60000E-06,+1.36341079065E+00,+1.33049621030E+00,+1.05188437439E+00,+1.01494973300E+00
+81.65000E-06,+1.36529521272E+00,+1.36567208916E+00,+1.01608035473E+00,+991.08038656E-03
+81.70000E-06,+1.34959169536E+00,+1.35373741594E+00,+1.00979894772E+00,+999.24621564E-03
+81.75000E-06,+1.35210425806E+00,+1.33866203922E+00,+1.01670849537E+00,+1.02437184351E+00
+81.80000E-06,+1.38162687087E+00,+1.09934043356E+00,+1.00791452565E+00,+948.99495990E-03
+81.85000E-06,+1.36215450921E+00,+1.02082284660E+00,+1.06381904761E+00,+1.01118088886E+00
+81.90000E-06,+1.35712938364E+00,+1.01579772103E+00,+1.04999995232E+00,+991.08038656E-03
+81.95000E-06,+1.33828516277E+00,+1.01077259545E+00,+1.02989945002E+00,+1.02437184351E+00
+82.00000E-06,+1.36341079065E+00,+1.30160173813E+00,+1.01545221393E+00,+1.05138189346E+00
+82.05000E-06,+1.37911430801E+00,+1.38263188795E+00,+1.00979894772E+00,+1.00804018536E+00
+82.10000E-06,+1.35336053950E+00,+1.35373741594E+00,+1.03806527910E+00,+991.08038656E-03
+82.15000E-06,+1.37157661972E+00,+1.35876254151E+00,+1.03618085703E+00,+997.36179357E-03
+82.20000E-06,+1.32697863019E+00,+1.07923993126E+00,+967.71352106E-03,+894.34671922E-03
+82.25000E-06,+1.34205400691E+00,+1.02082284660E+00,+1.00979894772E+00,+1.00804018536E+00
+82.30000E-06,+1.35712938364E+00,+1.01956656517E+00,+1.02173362094E+00,+1.01118088886E+00
+82.35000E-06,+1.36529521272E+00,+1.03715450476E+00,+1.02989945002E+00,+1.02499998415E+00
+82.40000E-06,+1.36717963479E+00,+1.32170224042E+00,+1.01356779186E+00,+1.07148239575E+00
+82.45000E-06,+1.36843591622E+00,+1.36881279266E+00,+992.83914893E-03,+994.22109007E-03
+82.50000E-06,+1.34519471042E+00,+1.35750626008E+00,+1.01796477680E+00,+1.01934671794E+00
+82.55000E-06,+1.34519471042E+00,+1.34557158686E+00,+1.02361804301E+00,+984.17083892E-03
+82.60000E-06,+1.34519471042E+00,+1.07170224298E+00,+1.00603010358E+00,+912.56279945E-03
+82.65000E-06,+1.34205400691E+00,+1.00386304781E+00,+1.02675874651E+00,+1.00175877835E+00
+82.70000E-06,+1.35336053950E+00,+1.03589822332E+00,+1.00979894772E+00,+1.01934671794E+00
+82.75000E-06,+1.36529521272E+00,+1.02396355011E+00,+1.02298990237E+00,+1.01118088886E+00
+82.80000E-06,+1.38162687087E+00,+1.28338565790E+00,+1.05188437439E+00,+1.06771355161E+00
+82.85000E-06,+1.36215450921E+00,+1.36567208916E+00,+1.03304015352E+00,+1.01432159237E+00
+82.90000E-06,+1.34142586628E+00,+1.35750626008E+00,+1.02173362094E+00,+999.24621564E-03
+82.95000E-06,+1.34519471042E+00,+1.36567208916E+00,+1.00979894772E+00,+991.08038656E-03
+83.00000E-06,+1.32697863019E+00,+1.03903892667E+00,+1.00226125944E+00,+930.77887967E-03
+83.05000E-06,+1.32509420812E+00,+1.00072234430E+00,+1.01293965123E+00,+1.01118088886E+00
+83.10000E-06,+1.33702888134E+00,+1.01579772103E+00,+997.86427450E-03,+1.01118088886E+00
+83.15000E-06,+1.35147611743E+00,+1.03087309775E+00,+1.02989945002E+00,+1.02437184351E+00
+83.20000E-06,+1.38162687087E+00,+1.35624997881E+00,+1.03366829416E+00,+1.03693465737E+00
+83.25000E-06,+1.37911430800E+00,+1.35185299387E+00,+979.02005364E-03,+1.01432159237E+00
+83.30000E-06,+1.35336053950E+00,+1.35750626008E+00,+1.01796477680E+00,+1.01118088886E+00
+83.35000E-06,+1.35210425806E+00,+1.36567208916E+00,+1.02989945002E+00,+1.00427134122E+00
+83.40000E-06,+1.32886305226E+00,+1.07170224298E+00,+1.00791452565E+00,+912.56279944E-03
+83.45000E-06,+1.30813440933E+00,+1.02082284660E+00,+1.04685924881E+00,+994.22109007E-03
+83.50000E-06,+1.37722988593E+00,+1.02396355011E+00,+1.02989945002E+00,+1.02311556208E+00
+83.55000E-06,+1.36529521272E+00,+1.02396355011E+00,+1.02298990237E+00,+1.00489948185E+00
+83.60000E-06,+1.38351129294E+00,+1.31793339629E+00,+1.01733663600E+00,+1.05326631553E+00
+83.65000E-06,+1.37911430800E+00,+1.38577259146E+00,+1.01293965123E+00,+1.01118088886E+00
+83.70000E-06,+1.34519471042E+00,+1.36567208916E+00,+1.00979894772E+00,+982.91455749E-03
+83.75000E-06,+1.35210425806E+00,+1.34557158686E+00,+1.03618085703E+00,+991.08038656E-03
+83.80000E-06,+1.34519471042E+00,+1.05913942896E+00,+1.00414568151E+00,+948.99495990E-03
+83.85000E-06,+1.34519471042E+00,+1.03778264539E+00,+1.00351754071E+00,+1.01118088886E+00
+83.90000E-06,+1.35712938364E+00,+1.03212937918E+00,+1.02173362094E+00,+1.01118088886E+00
+83.95000E-06,+1.37220476036E+00,+1.01077259545E+00,+1.03680899766E+00,+997.98993421E-03
+84.00000E-06,+1.36717963479E+00,+1.02584797218E+00,+1.03178387209E+00,+1.01306531093E+00
+84.05000E-06,+1.36215450921E+00,+1.04720475591E+00,+1.02989945002E+00,+1.01118088886E+00
+84.10000E-06,+1.35712938364E+00,+1.00763189195E+00,+997.86427450E-03,+999.24621564E-03
+84.15000E-06,+1.36529521272E+00,+1.04406405240E+00,+1.01670849537E+00,+1.00427134122E+00
+84.20000E-06,+1.38351129294E+00,+1.10059671516E+00,+951.38186290E-03,+952.76380404E-03
+84.25000E-06,+1.36843591622E+00,+1.04406405240E+00,+1.02047733950E+00,+1.02499998415E+00
+84.30000E-06,+1.35336053950E+00,+1.00386304781E+00,+1.00979894772E+00,+1.02311556208E+00
+84.35000E-06,+1.36529521272E+00,+1.02396355011E+00,+1.00979894772E+00,+1.01746229587E+00
+84.40000E-06,+1.32886305226E+00,+1.00574746988E+00,+1.03178387209E+00,+991.08038656E-03
+84.45000E-06,+1.36529521272E+00,+1.02082284660E+00,+1.00979894772E+00,+994.22109007E-03
+84.50000E-06,+1.36529521272E+00,+1.02396355011E+00,+1.02989945002E+00,+999.24621564E-03
+84.55000E-06,+1.35210425806E+00,+1.01768214310E+00,+1.02989945002E+00,+991.08038656E-03
+84.60000E-06,+1.38162687087E+00,+1.02396355011E+00,+1.00979894772E+00,+1.00929646679E+00
+84.65000E-06,+1.36215450921E+00,+1.04406405240E+00,+1.02675874651E+00,+991.08038656E-03
+84.70000E-06,+1.36529521272E+00,+1.00386304781E+00,+1.00979894772E+00,+1.00301505978E+00
+84.75000E-06,+1.35838566507E+00,+1.04406405240E+00,+1.00979894772E+00,+984.17083892E-03
+84.80000E-06,+1.36529521272E+00,+1.04406405240E+00,+1.03178387209E+00,+996.73365277E-03
+84.85000E-06,+1.34519471042E+00,+1.04092334890E+00,+1.02989945002E+00,+1.02814068765E+00
+84.90000E-06,+1.34519471042E+00,+1.03212937918E+00,+1.01796477680E+00,+1.01118088886E+00
+84.95000E-06,+1.36529521272E+00,+1.02396355011E+00,+1.01670849537E+00,+991.08038656E-03
+85.00000E-06,+1.36341079065E+00,+1.04594847447E+00,+991.58286749E-03,+950.87938197E-03
+85.05000E-06,+1.32823491163E+00,+1.02396355011E+00,+1.04371854531E+00,+1.00489948185E+00
+85.10000E-06,+1.36906405685E+00,+1.05222988148E+00,+989.69844542E-03,+1.00678390392E+00
+85.15000E-06,+1.37157661973E+00,+1.01077259545E+00,+1.02989945002E+00,+1.00427134122E+00
+85.20000E-06,+1.34519471042E+00,+1.31981781836E+00,+1.01168336979E+00,+1.01306531093E+00
+85.25000E-06,+1.36215450921E+00,+1.36567208916E+00,+995.97985243E-03,+994.22109007E-03
+85.30000E-06,+1.34142586628E+00,+1.34557158686E+00,+1.04183412324E+00,+982.91455748E-03
+85.35000E-06,+1.37848616737E+00,+1.33929017985E+00,+1.02298990238E+00,+991.08038656E-03
+85.40000E-06,+1.32886305226E+00,+1.09180274527E+00,+1.02801502795E+00,+970.97988427E-03
+85.45000E-06,+1.34519471042E+00,+973.08415373E-03,+1.04057784180E+00,+1.02499998415E+00
+85.50000E-06,+1.37346104180E+00,+1.04406405240E+00,+1.03366829416E+00,+1.00301505978E+00
+85.55000E-06,+1.36529521272E+00,+1.02396355011E+00,+1.00979894772E+00,+997.98993421E-03
+85.60000E-06,+1.36152636858E+00,+1.35248113467E+00,+1.01168336979E+00,+994.84923070E-03
+85.65000E-06,+1.37911430800E+00,+1.36567208916E+00,+1.01293965123E+00,+1.01118088886E+00
+85.70000E-06,+1.36152636858E+00,+1.35750626008E+00,+1.01796477680E+00,+1.01494973300E+00
+85.75000E-06,+1.33891330341E+00,+1.36567208916E+00,+1.00288940008E+00,+991.08038656E-03
+85.80000E-06,+1.34896355456E+00,+1.07044596137E+00,+1.02613060588E+00,+974.74872841E-03
+85.85000E-06,+1.34519471042E+00,+1.02082284660E+00,+1.00351754071E+00,+987.93968306E-03
+85.90000E-06,+1.36089822777E+00,+1.02396355011E+00,+1.02989945002E+00,+999.24621564E-03
+85.95000E-06,+1.34519471042E+00,+1.02396355011E+00,+1.03680899766E+00,+1.01746229587E+00
+86.00000E-06,+1.36152636858E+00,+1.30160173813E+00,+1.02989945002E+00,+1.04761304932E+00
+86.05000E-06,+1.36529521272E+00,+1.36253138565E+00,+995.97985243E-03,+977.26129128E-03
+86.10000E-06,+1.35336053950E+00,+1.35373741594E+00,+1.00979894772E+00,+987.31154243E-03
+86.15000E-06,+1.35210425806E+00,+1.34557158686E+00,+1.00979894772E+00,+1.01118088886E+00
+86.20000E-06,+1.36529521272E+00,+1.10499369976E+00,+1.00791452565E+00,+970.97988427E-03
+86.25000E-06,+1.34205400691E+00,+1.00386304781E+00,+1.04371854531E+00,+1.00804018536E+00
+86.30000E-06,+1.35712938364E+00,+1.01202887689E+00,+1.04183412324E+00,+1.00741204472E+00
+86.35000E-06,+1.33200375576E+00,+1.02396355011E+00,+1.02298990238E+00,+997.98993421E-03
+86.40000E-06,+1.36529521272E+00,+1.31228013008E+00,+1.01356779186E+00,+1.04761304932E+00
+86.45000E-06,+1.36529521272E+00,+1.38263188795E+00,+1.01293965123E+00,+991.08038656E-03
+86.50000E-06,+1.34519471042E+00,+1.33363691364E+00,+997.86427450E-03,+999.24621564E-03
+86.55000E-06,+1.33891330341E+00,+1.36567208916E+00,+1.02989945002E+00,+1.00427134122E+00
+86.60000E-06,+1.36717963478E+00,+1.10687812183E+00,+1.02801502795E+00,+970.97988427E-03
+86.65000E-06,+1.34205400691E+00,+1.04092334890E+00,+1.02989945002E+00,+977.26129128E-03
+86.70000E-06,+1.34896355456E+00,+1.02396355011E+00,+1.02989945002E+00,+994.84923070E-03
+86.75000E-06,+1.35838566507E+00,+1.03087309775E+00,+1.01670849537E+00,+1.01118088886E+00
+86.80000E-06,+1.34707913249E+00,+1.31604897422E+00,+993.46728956E-03,+1.03128139116E+00
+86.85000E-06,+1.38853641852E+00,+1.35185299387E+00,+1.01293965123E+00,+994.22109007E-03
+86.90000E-06,+1.35712938364E+00,+1.36567208916E+00,+1.00979894772E+00,+1.01118088886E+00
+86.95000E-06,+1.35210425806E+00,+1.36567208916E+00,+1.00288940008E+00,+1.00427134122E+00
+87.00000E-06,+1.36152636858E+00,+1.06479269516E+00,+1.02613060588E+00,+970.97988427E-03
+87.05000E-06,+1.33137561513E+00,+1.02082284660E+00,+979.02005364E-03,+991.08038656E-03
+87.10000E-06,+1.35712938364E+00,+1.03589822332E+00,+1.01356779186E+00,+999.24621564E-03
+87.15000E-06,+1.36529521272E+00,+1.02396355011E+00,+1.01670849536E+00,+1.02437184352E+00
+87.20000E-06,+1.36152636858E+00,+1.33049621031E+00,+1.02989945002E+00,+1.01118088886E+00
+87.25000E-06,+1.33451631864E+00,+1.34871229037E+00,+1.00979894772E+00,+994.22109007E-03
+87.30000E-06,+1.34142586628E+00,+1.36567208916E+00,+1.00163311864E+00,+991.08038656E-03
+87.35000E-06,+1.35210425806E+00,+1.35876254152E+00,+1.01670849536E+00,+1.00427134122E+00
+87.40000E-06,+1.32886305226E+00,+1.07735550918E+00,+1.00979894772E+00,+969.09546220E-03
+87.45000E-06,+1.33137561513E+00,+1.00386304781E+00,+1.04371854531E+00,+977.26129128E-03
+87.50000E-06,+1.33326003720E+00,+1.01579772103E+00,+1.01796477680E+00,+999.24621564E-03
+87.55000E-06,+1.35838566507E+00,+1.02396355011E+00,+1.02298990238E+00,+1.01809043650E+00
+87.60000E-06,+1.36341079065E+00,+1.32170224043E+00,+991.58286749E-03,+1.01306531093E+00
+87.65000E-06,+1.36215450921E+00,+1.34871229037E+00,+1.01293965123E+00,+994.22109007E-03
+87.70000E-06,+1.34519471042E+00,+1.35750626008E+00,+1.00979894772E+00,+979.14571335E-03
+87.75000E-06,+1.35147611743E+00,+1.35248113451E+00,+1.02298990238E+00,+1.00427134122E+00
+87.80000E-06,+1.36529521272E+00,+1.06479269516E+00,+1.04623110818E+00,+972.86430634E-03
+87.85000E-06,+1.34205400691E+00,+1.02082284660E+00,+1.01293965123E+00,+1.02499998415E+00
+87.90000E-06,+1.34519471042E+00,+1.01579772103E+00,+993.46728956E-03,+987.31154243E-03
+87.95000E-06,+1.35147611743E+00,+1.03024495712E+00,+1.01670849536E+00,+991.08038656E-03
+88.00000E-06,+1.36341079065E+00,+1.27396354756E+00,+1.01545221393E+00,+1.02939696909E+00
+88.05000E-06,+1.35901380570E+00,+1.36253138565E+00,+1.02989945002E+00,+1.02499998415E+00
+88.10000E-06,+1.35336053950E+00,+1.36567208916E+00,+1.00603010358E+00,+1.02311556208E+00
+88.15000E-06,+1.33891330341E+00,+1.35248113450E+00,+996.60799307E-03,+984.79897955E-03
+88.20000E-06,+1.38162687088E+00,+1.13577259400E+00,+1.00791452565E+00,+954.64822611E-03
+88.25000E-06,+1.34833541392E+00,+1.02082284660E+00,+1.02675874651E+00,+970.97988427E-03
+88.30000E-06,+1.35712938364E+00,+1.02396355011E+00,+1.01796477680E+00,+1.02311556208E+00
+88.35000E-06,+1.32509420812E+00,+1.02396355011E+00,+1.01670849536E+00,+1.03756279817E+00
+88.40000E-06,+1.36529521272E+00,+1.29783289399E+00,+993.46728956E-03,+1.01306531093E+00
+88.45000E-06,+1.35901380570E+00,+1.36881279267E+00,+1.02675874651E+00,+991.08038656E-03
+88.50000E-06,+1.34519471042E+00,+1.35373741594E+00,+1.00979894772E+00,+999.24621564E-03
+88.55000E-06,+1.33891330341E+00,+1.36567208916E+00,+1.02298990238E+00,+991.08038656E-03
+88.60000E-06,+1.32886305226E+00,+1.08112435332E+00,+987.81402336E-03,+989.19596450E-03
+88.65000E-06,+1.34519471042E+00,+1.00700375131E+00,+1.00979894772E+00,+1.01432159237E+00
+88.70000E-06,+1.32886305226E+00,+1.01579772103E+00,+1.02173362094E+00,+999.24621564E-03
+88.75000E-06,+1.35838566507E+00,+1.03024495712E+00,+1.02361804301E+00,+1.01118088886E+00
+88.80000E-06,+1.34331028835E+00,+1.28150123583E+00,+1.02801502795E+00,+1.03128139116E+00
+88.85000E-06,+1.37911430800E+00,+1.33175249158E+00,+1.03304015353E+00,+1.00804018536E+00
+88.90000E-06,+1.33326003720E+00,+1.33363691365E+00,+997.86427450E-03,+1.01118088886E+00
+88.95000E-06,+1.34519471042E+00,+1.35876254152E+00,+1.02298990238E+00,+991.08038656E-03
+89.00000E-06,+1.34707913249E+00,+1.06479269515E+00,+1.02801502795E+00,+974.74872840E-03
+89.05000E-06,+1.34519471042E+00,+1.02082284660E+00,+1.02675874651E+00,+1.00804018536E+00
+89.10000E-06,+1.34519471042E+00,+1.00386304781E+00,+1.00603010359E+00,+1.00301505978E+00
+89.15000E-06,+1.33200375576E+00,+1.01768214309E+00,+1.02298990238E+00,+997.98993421E-03
+89.20000E-06,+1.36529521272E+00,+1.31604897422E+00,+1.01168336979E+00,+1.01118088886E+00
+89.25000E-06,+1.36843591622E+00,+1.36253138565E+00,+1.03304015353E+00,+1.01118088886E+00
+89.30000E-06,+1.35336053950E+00,+1.34557158686E+00,+1.02989945002E+00,+991.08038656E-03
+89.35000E-06,+1.36529521272E+00,+1.36567208916E+00,+1.00979894772E+00,+997.98993421E-03
+89.40000E-06,+1.34519471042E+00,+1.07735550918E+00,+1.04246226404E+00,+991.08038656E-03
+89.45000E-06,+1.34205400691E+00,+1.02396355011E+00,+1.01293965123E+00,+1.00489948185E+00
+89.50000E-06,+1.34519471042E+00,+1.02396355011E+00,+1.01356779186E+00,+1.00741204473E+00
+89.55000E-06,+1.35210425806E+00,+1.03087309775E+00,+1.00979894772E+00,+991.08038656E-03
+89.60000E-06,+1.36341079065E+00,+1.27961681377E+00,+1.02801502795E+00,+1.03316581323E+00
+89.65000E-06,+1.36215450921E+00,+1.36881279267E+00,+1.02989945002E+00,+1.01118088886E+00
+89.70000E-06,+1.34142586628E+00,+1.36567208916E+00,+997.86427451E-03,+1.01118088886E+00
+89.75000E-06,+1.37220476036E+00,+1.35248113450E+00,+996.60799307E-03,+1.02437184352E+00
+89.80000E-06,+1.36529521272E+00,+1.12320977997E+00,+1.00791452565E+00,+970.97988427E-03
+89.85000E-06,+1.36529521272E+00,+1.02396355011E+00,+1.04371854530E+00,+1.00804018536E+00
+89.90000E-06,+1.35336053950E+00,+1.01202887689E+00,+1.01796477680E+00,+1.02311556208E+00
+89.95000E-06,+1.34519471042E+00,+1.05097360005E+00,+1.02298990238E+00,+1.01809043650E+00
+90.00000E-06,+1.34707913249E+00,+1.29217962779E+00,+1.03178387209E+00,+1.03128139116E+00
+90.05000E-06,+1.34519471042E+00,+1.36567208916E+00,+1.00979894772E+00,+994.22109007E-03
+90.10000E-06,+1.36152636858E+00,+1.35373741594E+00,+1.01356779186E+00,+1.00301505978E+00
+90.15000E-06,+1.33891330341E+00,+1.34557158686E+00,+1.03680899766E+00,+991.08038656E-03
+90.20000E-06,+1.34519471042E+00,+1.10122485561E+00,+989.69844542E-03,+991.08038656E-03
+90.25000E-06,+1.34205400691E+00,+1.02082284660E+00,+1.00979894772E+00,+1.00804018535E+00
+90.30000E-06,+1.35336053950E+00,+1.01579772102E+00,+1.00163311864E+00,+991.08038656E-03
+90.35000E-06,+1.35838566507E+00,+1.01705400246E+00,+1.02989945002E+00,+1.01118088886E+00
+90.40000E-06,+1.36529521272E+00,+1.27961681377E+00,+1.00979894772E+00,+1.03128139116E+00
+90.45000E-06,+1.38225501151E+00,+1.36881279267E+00,+1.00979894772E+00,+1.00804018535E+00
+90.50000E-06,+1.35336053950E+00,+1.33363691365E+00,+989.69844542E-03,+1.02311556208E+00
+90.55000E-06,+1.35210425806E+00,+1.35248113450E+00,+1.02989945002E+00,+1.01809043650E+00
+90.60000E-06,+1.34519471042E+00,+1.09934043354E+00,+1.02613060588E+00,+970.97988427E-03
+90.65000E-06,+1.33137561513E+00,+1.02396355011E+00,+1.02361804301E+00,+991.08038656E-03
+90.70000E-06,+1.34519471042E+00,+1.03212937919E+00,+1.02989945002E+00,+1.00301505978E+00
+90.75000E-06,+1.35147611743E+00,+1.04406405240E+00,+1.02989945002E+00,+997.98993421E-03
+90.80000E-06,+1.36529521272E+00,+1.28715450204E+00,+1.03178387209E+00,+1.01306531093E+00
+90.85000E-06,+1.37911430800E+00,+1.36567208916E+00,+1.00979894772E+00,+1.01118088886E+00
+90.90000E-06,+1.34519471042E+00,+1.36567208916E+00,+1.02989945002E+00,+1.00301505978E+00
+90.95000E-06,+1.34519471042E+00,+1.35876254152E+00,+1.00979894772E+00,+991.08038656E-03
+91.00000E-06,+1.34707913249E+00,+1.09180274527E+00,+1.00791452565E+00,+991.08038656E-03
+91.05000E-06,+1.34519471042E+00,+1.02396355011E+00,+1.00979894772E+00,+1.02499998415E+00
+91.10000E-06,+1.36529521272E+00,+1.01202887689E+00,+1.01356779186E+00,+999.24621565E-03
+91.15000E-06,+1.35901380570E+00,+1.01768214309E+00,+1.03680899766E+00,+991.08038656E-03
+91.20000E-06,+1.34331028835E+00,+1.33049621032E+00,+1.02989945002E+00,+1.01306531093E+00
+91.25000E-06,+1.36215450921E+00,+1.38263188795E+00,+1.02989945002E+00,+1.02814068765E+00
+91.30000E-06,+1.34519471042E+00,+1.34557158686E+00,+1.00603010359E+00,+979.14571335E-03
+91.35000E-06,+1.33200375576E+00,+1.35876254152E+00,+1.00979894772E+00,+1.00427134122E+00
+91.40000E-06,+1.34519471042E+00,+1.10499369974E+00,+1.02613060588E+00,+950.87938197E-03
+91.45000E-06,+1.36529521272E+00,+1.00700375132E+00,+1.01293965123E+00,+1.00804018535E+00
+91.50000E-06,+1.33702888134E+00,+1.02396355011E+00,+1.01796477680E+00,+1.00301505978E+00
+91.55000E-06,+1.34519471042E+00,+1.00386304781E+00,+1.01670849536E+00,+991.08038656E-03
+91.60000E-06,+1.38162687088E+00,+1.30537058227E+00,+1.01168336979E+00,+1.02751254702E+00
+91.65000E-06,+1.34519471042E+00,+1.36567208916E+00,+1.02989945002E+00,+994.22109007E-03
+91.70000E-06,+1.35712938363E+00,+1.35750626008E+00,+1.01796477680E+00,+982.91455748E-03
+91.75000E-06,+1.36529521272E+00,+1.35248113450E+00,+1.00979894772E+00,+991.08038656E-03
+91.80000E-06,+1.36341079065E+00,+1.11190324756E+00,+987.81402336E-03,+969.09546220E-03
+91.85000E-06,+1.32509420812E+00,+1.02396355011E+00,+1.01293965123E+00,+991.08038656E-03
+91.90000E-06,+1.35712938363E+00,+1.02396355011E+00,+1.00979894772E+00,+999.24621565E-03
+91.95000E-06,+1.36466707209E+00,+1.03024495712E+00,+1.01670849536E+00,+997.98993421E-03
+92.00000E-06,+1.34896355455E+00,+1.33803389859E+00,+1.01168336979E+00,+994.84923070E-03
+92.05000E-06,+1.39921481030E+00,+1.36253138565E+00,+1.04685924881E+00,+1.00804018535E+00
+92.10000E-06,+1.34519471042E+00,+1.35750626008E+00,+989.69844542E-03,+1.03505023529E+00
+92.15000E-06,+1.35838566507E+00,+1.35876254152E+00,+1.00979894772E+00,+984.17083892E-03
+92.20000E-06,+1.38162687088E+00,+1.13200374986E+00,+1.00791452565E+00,+972.86430633E-03
+92.25000E-06,+1.34833541393E+00,+1.00386304781E+00,+1.04371854530E+00,+987.93968306E-03
+92.30000E-06,+1.34519471042E+00,+1.03589822332E+00,+1.02989945002E+00,+999.24621565E-03
+92.35000E-06,+1.36529521272E+00,+1.03087309775E+00,+1.00288940008E+00,+1.02437184352E+00
+92.40000E-06,+1.36341079065E+00,+1.33803389859E+00,+1.02801502795E+00,+1.03128139116E+00
+92.45000E-06,+1.37911430800E+00,+1.36567208916E+00,+1.00979894772E+00,+994.22109007E-03
+92.50000E-06,+1.34142586628E+00,+1.34557158686E+00,+1.02173362094E+00,+999.24621565E-03
+92.55000E-06,+1.36529521272E+00,+1.34557158686E+00,+1.00979894772E+00,+997.98993421E-03
+92.60000E-06,+1.32886305226E+00,+1.07735550917E+00,+1.00791452565E+00,+954.64822610E-03
+92.65000E-06,+1.34519471042E+00,+1.04092334890E+00,+1.02989945002E+00,+991.08038656E-03
+92.70000E-06,+1.34519471042E+00,+1.02396355011E+00,+1.01796477680E+00,+999.24621565E-03
+92.75000E-06,+1.36529521272E+00,+1.01705400246E+00,+1.00351754071E+00,+1.01118088886E+00
+92.80000E-06,+1.36341079065E+00,+1.29971731607E+00,+1.01168336979E+00,+1.01306531093E+00
+92.85000E-06,+1.33451631864E+00,+1.34871229037E+00,+1.01293965123E+00,+1.01118088886E+00
+92.90000E-06,+1.35336053950E+00,+1.36190324503E+00,+997.86427451E-03,+999.24621565E-03
+92.95000E-06,+1.33891330340E+00,+1.36567208916E+00,+1.02298990238E+00,+991.08038656E-03
+93.00000E-06,+1.36152636858E+00,+1.12635048366E+00,+993.46728956E-03,+970.97988427E-03
+93.05000E-06,+1.35147611743E+00,+1.04092334890E+00,+1.02361804300E+00,+991.08038656E-03
+93.10000E-06,+1.35712938363E+00,+1.02396355011E+00,+1.02989945002E+00,+1.01494973300E+00
+93.15000E-06,+1.35838566507E+00,+1.01077259545E+00,+1.01608035474E+00,+1.01118088886E+00
+93.20000E-06,+1.36341079065E+00,+1.35813440089E+00,+1.01356779186E+00,+1.01118088886E+00
+93.25000E-06,+1.34205400691E+00,+1.34871229037E+00,+1.00979894772E+00,+1.02499998414E+00
+93.30000E-06,+1.33702888134E+00,+1.37383791824E+00,+1.02989945002E+00,+987.31154243E-03
+93.35000E-06,+1.34519471042E+00,+1.35876254152E+00,+1.01608035474E+00,+991.08038656E-03
+93.40000E-06,+1.34707913249E+00,+1.06981782090E+00,+1.04434668612E+00,+1.00741204473E+00
+93.45000E-06,+1.32509420812E+00,+1.02396355011E+00,+1.00665824421E+00,+991.08038656E-03
+93.50000E-06,+1.33326003720E+00,+1.02396355011E+00,+1.03366829415E+00,+1.01118088886E+00
+93.55000E-06,+1.35838566507E+00,+1.03087309775E+00,+1.01670849536E+00,+997.98993421E-03
