x-axis,1,2,3,4
second,Volt,Volt,Volt,Volt
+71.52000E-06,+1.05722353619E+00,+1.07129395369E+00,+163.88190538E-03,+15.45222470E-03
+71.54500E-06,+998.17831069E-03,+1.01853013516E+00,+190.89195534E-03,+20.47735028E-03
+71.57000E-06,+1.27958534285E+00,+1.33008792077E+00,+124.30904148E-03,-54.27139264E-03
+71.59500E-06,+1.35998735204E+00,+1.30244973011E+00,+178.32914140E-03,+59.42207348E-03
+71.62000E-06,+1.34114313114E+00,+1.35018842306E+00,+225.43969366E-03,+106.53262574E-03
+71.64500E-06,+1.40018835664E+00,+1.36275123700E+00,+148.17838796E-03,+44.97483745E-03
+71.67000E-06,+1.27832906146E+00,+1.33008792077E+00,+164.51004607E-03,-14.69852874E-03
+71.69500E-06,+1.40018835664E+00,+1.37154520676E+00,+178.32914140E-03,+59.42207348E-03
+71.72000E-06,+1.29842956376E+00,+1.28863063478E+00,+174.56029722E-03,+24.87433515E-03
+71.74500E-06,+1.35998735204E+00,+1.34013817192E+00,+175.18843792E-03,+9.17081774E-03
+71.77000E-06,+1.03963559668E+00,+1.04993717000E+00,+183.98240767E-03,+83.91956065E-03
+71.79500E-06,+1.02707278274E+00,+1.00973616540E+00,+138.12813681E-03,-35.42717174E-03
+71.82000E-06,+1.04089187807E+00,+1.03109294910E+00,+133.10301123E-03,-5.90455899E-03
+71.84500E-06,+926.57027126E-03,+1.00973616540E+00,+188.37939255E-03,+9.17081774E-03
+71.87000E-06,+1.07732403849E+00,+1.04993717000E+00,+182.72612628E-03,+64.44719905E-03
+71.89500E-06,+957.97730610E-03,+969.53516081E-03,+192.77637743E-03,+4.77383286E-03
+71.92000E-06,+1.05722353619E+00,+1.06878139090E+00,+163.88190538E-03,+3.51755146E-03
+71.94500E-06,+998.17831069E-03,+1.01853013516E+00,+168.27889025E-03,+4.77383286E-03
+71.97000E-06,+1.27958534285E+00,+1.33134420216E+00,+143.78140308E-03,-34.17089034E-03
+71.99500E-06,+1.37757529155E+00,+1.33134420216E+00,+189.63567395E-03,+65.07533975E-03
+72.02000E-06,+1.29842956376E+00,+1.37154520676E+00,+236.11808551E-03,+86.43212344E-03
+72.04500E-06,+1.40018835664E+00,+1.34013817192E+00,+121.16833799E-03,+24.87433515E-03
+72.07000E-06,+1.31978634745E+00,+1.33134420216E+00,+204.08290997E-03,+4.77383286E-03
+72.09500E-06,+1.41149488918E+00,+1.37154520676E+00,+163.88190538E-03,+39.32157118E-03
+72.12000E-06,+1.31978634745E+00,+1.29114319757E+00,+183.98240767E-03,+6.03011425E-03
+72.14500E-06,+1.32858031720E+00,+1.37154520676E+00,+152.57537283E-03,+24.87433515E-03
+72.17000E-06,+1.03837931529E+00,+1.08888189320E+00,+223.55527157E-03,+64.44719905E-03
+72.19500E-06,+1.00948484323E+00,+1.00973616540E+00,+143.78140308E-03,-55.52767403E-03
+72.22000E-06,+1.08109288267E+00,+1.04993717000E+00,+162.62562398E-03,-26.00506129E-03
+72.24500E-06,+935.36424101E-03,+1.00094219565E+00,+228.58039715E-03,+4.77383286E-03
+72.27000E-06,+1.07732403849E+00,+1.05244973279E+00,+203.45476927E-03,+63.19091766E-03
+72.29500E-06,+917.77630150E-03,+969.53516081E-03,+183.98240767E-03,-879.43341E-06
+72.32000E-06,+1.03837931529E+00,+1.03109294910E+00,+163.88190538E-03,+14.19594331E-03
+72.34500E-06,+975.56524561E-03,+1.01853013516E+00,+163.88190538E-03,+24.87433515E-03
+72.37000E-06,+1.27958534285E+00,+1.33134420216E+00,+143.78140308E-03,-34.79903104E-03
+72.39500E-06,+1.34868081950E+00,+1.32003766962E+00,+189.63567395E-03,+65.07533975E-03
+72.42000E-06,+1.29842956376E+00,+1.37154520676E+00,+213.50502042E-03,+94.59795250E-03
+72.44500E-06,+1.39139438688E+00,+1.34013817192E+00,+132.47487054E-03,+49.37182233E-03
+72.47000E-06,+1.28084162425E+00,+1.33008792077E+00,+163.88190538E-03,+5.40197355E-03
+72.49500E-06,+1.37129388459E+00,+1.37154520676E+00,+163.88190538E-03,+30.52760143E-03
+72.52000E-06,+1.33863056835E+00,+1.33134420216E+00,+185.23868907E-03,+24.87433515E-03
+72.54500E-06,+1.35119338229E+00,+1.34013817192E+00,+148.17838796E-03,+24.87433515E-03
+72.57000E-06,+1.07732403849E+00,+1.04868088860E+00,+183.98240767E-03,+85.17584205E-03
+72.59500E-06,+998.17831069E-03,+980.84169335E-03,+123.68090078E-03,-20.97993571E-03
+72.62000E-06,+1.04089187808E+00,+1.02858038631E+00,+123.68090078E-03,-24.74877989E-03
+72.64500E-06,+926.57027126E-03,+978.32913056E-03,+188.37939255E-03,+4.77383286E-03
+72.67000E-06,+1.03963559668E+00,+1.05119345139E+00,+183.35426698E-03,+64.44719905E-03
+72.69500E-06,+957.97730610E-03,+980.84169335E-03,+163.88190538E-03,+13.56780261E-03
+72.72000E-06,+1.05973609898E+00,+1.02858038631E+00,+153.20351353E-03,+15.45222470E-03
+72.74500E-06,+1.02958534553E+00,+1.01853013516E+00,+163.88190538E-03,+4.77383286E-03
+72.77000E-06,+1.27958534285E+00,+1.29239947896E+00,+143.78140308E-03,-34.79903104E-03
+72.79500E-06,+1.34868081950E+00,+1.30244973011E+00,+218.53014600E-03,+79.52257578E-03
+72.82000E-06,+1.35998735204E+00,+1.30998741847E+00,+224.18341227E-03,+105.27634434E-03
+72.84500E-06,+1.35998735204E+00,+1.39415827184E+00,+148.17838796E-03,+60.67835487E-03
+72.87000E-06,+1.27832906146E+00,+1.29239947896E+00,+163.88190538E-03,+4.14569216E-03
+72.89500E-06,+1.37129388459E+00,+1.36023867421E+00,+143.78140308E-03,+30.52760143E-03
+72.92000E-06,+1.27958534285E+00,+1.29114319757E+00,+154.45979493E-03,+44.97483745E-03
+72.94500E-06,+1.35998735204E+00,+1.36275123700E+00,+168.27889025E-03,+20.47735028E-03
+72.97000E-06,+1.03837931529E+00,+1.04993717000E+00,+202.82662858E-03,+64.44719905E-03
+72.99500E-06,+1.02707278274E+00,+1.03863063746E+00,+149.43466935E-03,-55.52767403E-03
+73.02000E-06,+856.21851322E-03,+926.82159343E-03,+202.82662858E-03,+44.97483745E-03
+73.04500E-06,+949.18333634E-03,+920.54018646E-03,+159.48492050E-03,+33.66830491E-03
+73.07000E-06,+877.57529691E-03,+890.38943302E-03,+145.03768447E-03,-73.74375424E-03
+73.09500E-06,+1.13008785702E+00,+1.10144470714E+00,+129.33416705E-03,+59.42207348E-03
+73.12000E-06,+936.62052241E-03,+950.69093991E-03,+173.30401583E-03,-4.64827759E-03
+73.14500E-06,+1.03837931529E+00,+1.04993717000E+00,+123.68090078E-03,+24.87433515E-03
+73.17000E-06,+1.31853006605E+00,+1.25094219297E+00,+104.20853918E-03,-15.32666944E-03
+73.19500E-06,+1.30219840794E+00,+1.37154520676E+00,+172.67587513E-03,+65.07533975E-03
+73.22000E-06,+1.35998735204E+00,+1.41174621135E+00,+284.48491916E-03,+154.89945939E-03
+73.24500E-06,+1.38260041713E+00,+1.38033917651E+00,+168.27889025E-03,-2.13571481E-03
+73.27000E-06,+1.27958534285E+00,+1.25219847437E+00,+202.82662858E-03,-15.32666944E-03
+73.29500E-06,+1.38888182409E+00,+1.38285173930E+00,+178.32914140E-03,+50.62810372E-03
+73.32000E-06,+1.27707278006E+00,+1.31249998126E+00,+183.98240767E-03,+24.87433515E-03
+73.34500E-06,+1.40018835664E+00,+1.37154520676E+00,+159.48492050E-03,+24.87433515E-03
+73.37000E-06,+1.07858031988E+00,+1.04868088860E+00,+222.29899018E-03,+84.54770135E-03
+73.39500E-06,+1.02707278274E+00,+1.02104269795E+00,+138.12813681E-03,-55.52767403E-03
+73.42000E-06,+1.01953509439E+00,+1.03109294910E+00,+133.10301123E-03,-46.10556358E-03
+73.44500E-06,+957.97730610E-03,+1.00094219565E+00,+199.68592509E-03,-19.72365432E-03
+73.47000E-06,+1.11878132448E+00,+1.13033917919E+00,+182.72612628E-03,+64.44719905E-03
+73.49500E-06,+900.18836200E-03,+958.22862827E-03,+212.87687972E-03,-64.32164379E-03
+73.52000E-06,+1.09742454078E+00,+1.04993717000E+00,+163.88190538E-03,+4.77383286E-03
+73.54500E-06,+998.17831069E-03,+969.53516081E-03,+199.68592509E-03,-10.92968456E-03
+73.57000E-06,+1.27958534285E+00,+1.33008792077E+00,+163.88190538E-03,-35.42717174E-03
+73.59500E-06,+1.35998735204E+00,+1.34265073471E+00,+232.97738202E-03,+44.97483745E-03
+73.62000E-06,+1.30094212655E+00,+1.39038942766E+00,+305.84170285E-03,+185.67835353E-03
+73.64500E-06,+1.44038936123E+00,+1.40295224160E+00,+143.78140308E-03,+60.67835487E-03
+73.67000E-06,+1.23938433826E+00,+1.25345475576E+00,+164.51004607E-03,-15.32666944E-03
+73.69500E-06,+1.45169589378E+00,+1.40043967881E+00,+143.78140308E-03,+59.42207348E-03
+73.72000E-06,+1.25571599637E+00,+1.29114319757E+00,+174.56029722E-03,+4.77383286E-03
+73.74500E-06,+1.40018835664E+00,+1.37154520676E+00,+148.17838796E-03,+44.97483745E-03
+73.77000E-06,+1.11501248029E+00,+1.00973616540E+00,+183.98240767E-03,+85.17584205E-03
+73.79500E-06,+1.00948484324E+00,+1.03863063745E+00,+129.33416705E-03,-29.77390546E-03
+73.82000E-06,+1.04089187808E+00,+1.04993717000E+00,+133.10301123E-03,-36.68345313E-03
+73.84500E-06,+926.57027126E-03,+1.03234923049E+00,+219.78642739E-03,-35.42717174E-03
+73.87000E-06,+1.11878132448E+00,+1.04993717000E+00,+203.45476927E-03,+85.17584205E-03
+73.89500E-06,+917.77630150E-03,+975.81656777E-03,+169.53517165E-03,-879.43341E-06
+73.92000E-06,+1.09742454078E+00,+1.04993717000E+00,+153.20351353E-03,+15.45222470E-03
+73.94500E-06,+998.17831069E-03,+1.00973616540E+00,+199.68592510E-03,-10.92968456E-03
+73.97000E-06,+1.28084162425E+00,+1.29239947896E+00,+124.93718218E-03,-54.27139264E-03
+73.99500E-06,+1.34868081950E+00,+1.33134420216E+00,+218.53014600E-03,+79.52257577E-03
+74.02000E-06,+1.31978634745E+00,+1.40923364856E+00,+304.58542146E-03,+168.09041403E-03
+74.04500E-06,+1.43159539148E+00,+1.38033917651E+00,+152.57537283E-03,+53.76880720E-03
+74.07000E-06,+1.27832906146E+00,+1.29114319757E+00,+184.61054837E-03,-36.05531244E-03
+74.09500E-06,+1.42280142173E+00,+1.42305274389E+00,+172.67587513E-03,+30.52760143E-03
+74.12000E-06,+1.27958534285E+00,+1.29114319757E+00,+183.98240767E-03,+15.45222470E-03
+74.14500E-06,+1.38260041713E+00,+1.34013817191E+00,+143.78140308E-03,+9.17081773E-03
+74.17000E-06,+999.43459209E-03,+1.08762561180E+00,+184.61054837E-03,+103.39192225E-03
+74.19500E-06,+1.00948484324E+00,+1.00973616540E+00,+114.88693103E-03,-35.42717174E-03
+74.22000E-06,+1.05973609898E+00,+1.02858038631E+00,+114.25879033E-03,-46.10556358E-03
+74.24500E-06,+966.77127585E-03,+1.01853013516E+00,+199.68592510E-03,-12.81410665E-03
+74.27000E-06,+1.11878132448E+00,+1.09013817459E+00,+183.98240767E-03,+104.02006295E-03
+74.29500E-06,+917.77630150E-03,+987.12310031E-03,+183.98240767E-03,-6.53269969E-03
+74.32000E-06,+1.07858031988E+00,+1.07129395369E+00,+193.40451812E-03,+14.19594331E-03
+74.34500E-06,+975.56524560E-03,+978.32913056E-03,+183.98240767E-03,+20.47735028E-03
+74.37000E-06,+1.27958534285E+00,+1.29239947896E+00,+123.68090078E-03,-34.79903104E-03
+74.39500E-06,+1.35998735204E+00,+1.30244973011E+00,+218.53014600E-03,+44.97483745E-03
+74.42000E-06,+1.30094212655E+00,+1.38787686486E+00,+293.90702961E-03,+157.41202218E-03
+74.44500E-06,+1.40018835664E+00,+1.37154520676E+00,+148.17838796E-03,+65.07533975E-03
+74.47000E-06,+1.23938433826E+00,+1.29114319757E+00,+204.08290997E-03,-15.32666944E-03
+74.49500E-06,+1.41149488918E+00,+1.38285173930E+00,+149.43466935E-03,+59.42207348E-03
+74.52000E-06,+1.27958534285E+00,+1.29114319757E+00,+173.30401583E-03,+15.45222470E-03
+74.54500E-06,+1.35119338229E+00,+1.34013817191E+00,+163.88190538E-03,+9.17081773E-03
+74.57000E-06,+1.07732403848E+00,+1.04993717000E+00,+183.98240767E-03,+64.44719905E-03
+74.59500E-06,+1.02707278274E+00,+1.00973616540E+00,+149.43466935E-03,-46.73370428E-03
+74.62000E-06,+1.05973609898E+00,+1.06878139090E+00,+133.10301123E-03,-36.68345313E-03
+74.64500E-06,+926.57027125E-03,+1.00973616540E+00,+215.38944252E-03,-39.82415661E-03
+74.67000E-06,+1.11878132448E+00,+1.04993717000E+00,+203.45476927E-03,+104.64820365E-03
+74.69500E-06,+917.77630150E-03,+958.22862826E-03,+155.08793563E-03,-15.32666944E-03
+74.72000E-06,+1.05722353619E+00,+1.03109294910E+00,+154.45979493E-03,+35.55272700E-03
+74.74500E-06,+989.38434094E-03,+978.32913056E-03,+168.27889025E-03,+40.57785258E-03
+74.77000E-06,+1.27958534285E+00,+1.33134420216E+00,+85.36431828E-03,-14.69852874E-03
+74.79500E-06,+1.33109287999E+00,+1.34265073471E+00,+198.42964370E-03,+73.86930950E-03
+74.82000E-06,+1.27958534285E+00,+1.39038942766E+00,+295.16331101E-03,+176.25624308E-03
+74.84500E-06,+1.43159539148E+00,+1.38033917651E+00,+132.47487053E-03,+53.76880720E-03
+74.87000E-06,+1.27832906146E+00,+1.25219847437E+00,+163.88190538E-03,-15.95481014E-03
+74.89500E-06,+1.38260041714E+00,+1.41174621135E+00,+163.88190538E-03,+65.07533975E-03
+74.92000E-06,+1.27958534285E+00,+1.29114319757E+00,+194.66079952E-03,+15.45222470E-03
+74.94500E-06,+1.35998735204E+00,+1.34013817191E+00,+139.38441820E-03,+44.97483745E-03
+74.97000E-06,+1.03963559668E+00,+1.04868088860E+00,+201.57034718E-03,+103.39192225E-03
+74.99500E-06,+1.05596725479E+00,+1.04993717000E+00,+109.23366476E-03,-49.87440776E-03
+75.02000E-06,+1.01702253159E+00,+1.02858038630E+00,+154.45979493E-03,+24.87433515E-03
+75.04500E-06,+949.18333635E-03,+969.53516081E-03,+83.47989619E-03,-135.92968322E-03
+75.07000E-06,+998.17831069E-03,+1.00973616540E+00,+243.02763317E-03,+46.23111885E-03
+75.09500E-06,+1.02707278274E+00,+1.04993717000E+00,+163.88190538E-03,-15.32666944E-03
+75.12000E-06,+1.01953509439E+00,+972.04772360E-03,+183.98240767E-03,-15.32666944E-03
+75.14500E-06,+1.03837931529E+00,+1.04993717000E+00,+183.98240767E-03,-10.92968456E-03
+75.17000E-06,+1.23938433826E+00,+1.29239947896E+00,+143.78140308E-03,-54.27139264E-03
+75.19500E-06,+1.35998735204E+00,+1.35395726725E+00,+218.53014600E-03,+59.42207348E-03
+75.22000E-06,+1.31978634745E+00,+1.39038942766E+00,+256.21858781E-03,+157.41202218E-03
+75.24500E-06,+1.39139438689E+00,+1.37154520676E+00,+159.48492050E-03,+89.57282692E-03
+75.27000E-06,+1.27958534285E+00,+1.25094219297E+00,+164.51004608E-03,+5.40197356E-03
+75.29500E-06,+1.38260041714E+00,+1.37154520676E+00,+143.78140308E-03,+44.97483745E-03
+75.32000E-06,+1.27958534285E+00,+1.29114319757E+00,+163.88190538E-03,+24.87433515E-03
+75.34500E-06,+1.32858031720E+00,+1.36275123700E+00,+159.48492050E-03,+44.97483745E-03
+75.37000E-06,+1.07606775709E+00,+1.08888189320E+00,+183.35426698E-03,+104.02006295E-03
+75.39500E-06,+1.00948484324E+00,+1.03863063745E+00,+109.23366476E-03,-44.22114149E-03
+75.42000E-06,+1.09993710358E+00,+1.03109294910E+00,+82.22361479E-03,-66.20606588E-03
+75.44500E-06,+966.77127585E-03,+1.04114320025E+00,+215.38944252E-03,+11.68338053E-03
+75.47000E-06,+1.11878132448E+00,+1.08888189320E+00,+203.45476927E-03,+83.91956065E-03
+75.49500E-06,+917.77630150E-03,+929.33415622E-03,+178.32914140E-03,-879.43342E-06
+75.52000E-06,+1.07858031988E+00,+1.04993717000E+00,+154.45979493E-03,+4.77383286E-03
+75.54500E-06,+1.02079137579E+00,+969.53516081E-03,+195.28894022E-03,+20.47735028E-03
+75.57000E-06,+1.31978634745E+00,+1.33134420216E+00,+124.93718218E-03,-34.79903104E-03
+75.59500E-06,+1.34868081950E+00,+1.33134420216E+00,+198.42964370E-03,+50.62810373E-03
+75.62000E-06,+1.29842956375E+00,+1.41174621135E+00,+275.06280871E-03,+166.83413263E-03
+75.64500E-06,+1.46300242633E+00,+1.37154520676E+00,+152.57537283E-03,+53.76880720E-03
+75.67000E-06,+1.27832906146E+00,+1.33008792076E+00,+183.98240767E-03,-34.79903104E-03
+75.69500E-06,+1.44038936123E+00,+1.41174621135E+00,+158.22863910E-03,+44.97483745E-03
+75.72000E-06,+1.29842956375E+00,+1.30998741847E+00,+204.08290997E-03,+14.19594331E-03
+75.74500E-06,+1.35119338229E+00,+1.33134420216E+00,+168.27889025E-03,+29.27132003E-03
+75.77000E-06,+999.43459209E-03,+1.00973616540E+00,+164.51004608E-03,+84.54770135E-03
+75.79500E-06,+1.02707278274E+00,+1.00973616540E+00,+123.68090078E-03,-41.08043801E-03
+75.82000E-06,+1.05973609898E+00,+1.00973616540E+00,+154.45979493E-03,+4.77383286E-03
+75.84500E-06,+935.36424100E-03,+960.74119106E-03,+83.47989619E-03,-140.32666810E-03
+75.87000E-06,+998.17831069E-03,+1.01099244680E+00,+223.55527157E-03,+65.70348045E-03
+75.89500E-06,+1.02707278274E+00,+1.07883164205E+00,+183.98240767E-03,-9.67340317E-03
+75.92000E-06,+1.01953509439E+00,+1.02858038630E+00,+153.20351353E-03,+6.03011426E-03
+75.94500E-06,+1.03837931529E+00,+1.09013817459E+00,+163.88190538E-03,+4.77383286E-03
+75.97000E-06,+1.24064061966E+00,+1.28988691617E+00,+183.35426697E-03,-54.27139264E-03
+75.99500E-06,+1.35998735204E+00,+1.34265073471E+00,+224.18341227E-03,+56.28137000E-03
+76.02000E-06,+1.31978634745E+00,+1.38787686486E+00,+276.31909011E-03,+157.41202219E-03
+76.04500E-06,+1.44038936123E+00,+1.40295224160E+00,+143.78140308E-03,+44.97483745E-03
+76.07000E-06,+1.23938433826E+00,+1.25219847437E+00,+165.13818678E-03,-34.17089034E-03
+76.09500E-06,+1.41149488919E+00,+1.38913314626E+00,+129.33416706E-03,+56.28137000E-03
+76.12000E-06,+1.27958534285E+00,+1.29114319757E+00,+173.30401583E-03,+23.61805376E-03
+76.14500E-06,+1.35998735204E+00,+1.34013817191E+00,+148.17838795E-03,+40.57785258E-03
+76.17000E-06,+1.03837931529E+00,+1.00973616540E+00,+203.45476927E-03,+85.17584205E-03
+76.19500E-06,+1.02707278274E+00,+1.02732410490E+00,+118.02763451E-03,-35.42717174E-03
+76.22000E-06,+1.09742454078E+00,+1.03109294910E+00,+113.00250893E-03,-44.84928219E-03
+76.24500E-06,+917.77630150E-03,+1.04114320025E+00,+224.18341227E-03,+376.84798E-06
+76.27000E-06,+1.11878132448E+00,+1.05119345140E+00,+165.13818678E-03,+83.91956065E-03
+76.29500E-06,+888.88182946E-03,+969.53516081E-03,+183.98240767E-03,-9.67340317E-03
+76.32000E-06,+1.09993710358E+00,+1.07380651649E+00,+183.98240767E-03,+44.97483745E-03
+76.34500E-06,+989.38434094E-03,+1.00973616540E+00,+179.58542280E-03,+20.47735028E-03
+76.37000E-06,+1.27958534285E+00,+1.33134420216E+00,+143.78140308E-03,-53.64325194E-03
+76.39500E-06,+1.33109288000E+00,+1.30244973011E+00,+204.08290997E-03,+79.52257577E-03
+76.42000E-06,+1.30094212655E+00,+1.39038942765E+00,+293.90702961E-03,+154.89945939E-03
+76.44500E-06,+1.44038936123E+00,+1.40295224160E+00,+139.38441820E-03,+60.67835487E-03
+76.47000E-06,+1.24064061966E+00,+1.29114319757E+00,+163.88190538E-03,-35.42717174E-03
+76.49500E-06,+1.42280142173E+00,+1.41174621135E+00,+158.22863910E-03,+44.97483745E-03
+76.52000E-06,+1.27707278006E+00,+1.29114319757E+00,+183.98240767E-03,+15.45222471E-03
+76.54500E-06,+1.39139438689E+00,+1.33134420216E+00,+148.17838795E-03,+4.77383286E-03
+76.57000E-06,+1.03712303389E+00,+1.08888189319E+00,+184.61054837E-03,+104.64820364E-03
+76.59500E-06,+1.00948484324E+00,+1.00973616540E+00,+138.12813681E-03,-49.87440776E-03
+76.62000E-06,+1.03837931529E+00,+1.03109294910E+00,+163.88190538E-03,+24.87433515E-03
+76.64500E-06,+975.56524560E-03,+960.74119106E-03,+83.47989619E-03,-140.32666810E-03
+76.67000E-06,+1.03712303389E+00,+1.00973616540E+00,+222.92713087E-03,+85.17584205E-03
+76.69500E-06,+1.05596725479E+00,+1.05621857695E+00,+178.32914140E-03,-879.43342E-06
+76.72000E-06,+1.00069087349E+00,+967.02259801E-03,+153.20351353E-03,-15.32666944E-03
+76.74500E-06,+1.03837931529E+00,+1.09013817459E+00,+163.88190538E-03,+4.77383286E-03
+76.77000E-06,+1.27832906145E+00,+1.25219847437E+00,+163.88190538E-03,-34.79903104E-03
+76.79500E-06,+1.35998735204E+00,+1.34265073471E+00,+204.08290997E-03,+50.62810373E-03
+76.82000E-06,+1.31978634745E+00,+1.37154520676E+00,+284.48491916E-03,+154.89945939E-03
+76.84500E-06,+1.43159539148E+00,+1.37154520676E+00,+163.88190538E-03,+69.47232462E-03
+76.87000E-06,+1.27958534285E+00,+1.29239947897E+00,+184.61054837E-03,-14.69852874E-03
+76.89500E-06,+1.44038936123E+00,+1.38285173930E+00,+149.43466935E-03,+50.62810373E-03
+76.92000E-06,+1.27958534285E+00,+1.29114319757E+00,+173.30401583E-03,+15.45222471E-03
+76.94500E-06,+1.35119338229E+00,+1.37154520676E+00,+163.88190538E-03,+20.47735028E-03
+76.97000E-06,+1.03712303389E+00,+1.04993717000E+00,+222.29899017E-03,+65.07533975E-03
+76.99500E-06,+1.02707278274E+00,+1.03863063745E+00,+143.78140308E-03,-41.08043801E-03
+77.02000E-06,+1.07858031988E+00,+1.07129395370E+00,+124.93718218E-03,-75.62817633E-03
+77.04500E-06,+966.77127585E-03,+1.04114320025E+00,+235.48994482E-03,-4.02013689E-03
+77.07000E-06,+1.11878132448E+00,+1.05244973280E+00,+184.61054837E-03,+83.91956065E-03
+77.09500E-06,+917.77630150E-03,+929.33415622E-03,+204.08290997E-03,-6.53269969E-03
+77.12000E-06,+1.05722353618E+00,+1.07129395370E+00,+163.88190538E-03,+23.61805375E-03
+77.14500E-06,+989.38434094E-03,+946.92209571E-03,+199.68592510E-03,+4.77383286E-03
+77.17000E-06,+1.31978634745E+00,+1.33134420216E+00,+144.40954378E-03,-35.42717174E-03
+77.19500E-06,+1.33737428695E+00,+1.32003766961E+00,+218.53014599E-03,+59.42207348E-03
+77.22000E-06,+1.27958534285E+00,+1.43059043225E+00,+284.48491916E-03,+146.73363034E-03
+77.24500E-06,+1.44918333098E+00,+1.41174621135E+00,+139.38441821E-03,+49.37182233E-03
+77.27000E-06,+1.31727378465E+00,+1.33008792076E+00,+164.51004608E-03,-15.32666944E-03
+77.29500E-06,+1.44038936123E+00,+1.38285173930E+00,+158.22863910E-03,+39.32157118E-03
+77.32000E-06,+1.31978634745E+00,+1.26978641387E+00,+163.88190538E-03,+4.77383286E-03
+77.34500E-06,+1.35119338230E+00,+1.34013817191E+00,+159.48492050E-03,+9.17081773E-03
+77.37000E-06,+1.07732403848E+00,+1.04868088860E+00,+203.45476927E-03,+104.02006294E-03
+77.39500E-06,+1.02707278274E+00,+1.03863063745E+00,+109.23366476E-03,-55.52767403E-03
+77.42000E-06,+1.03837931529E+00,+1.02858038630E+00,+143.78140308E-03,+23.61805375E-03
+77.44500E-06,+1.00697228044E+00,+938.12812596E-03,+72.17336364E-03,-111.43219605E-03
+77.47000E-06,+1.03712303389E+00,+1.01099244680E+00,+223.55527157E-03,+84.54770135E-03
+77.49500E-06,+1.02707278274E+00,+1.03863063745E+00,+172.67587513E-03,-4.02013689E-03
+77.52000E-06,+1.00069087349E+00,+990.89194451E-03,+163.88190538E-03,-24.74877989E-03
+77.54500E-06,+1.03837931529E+00,+1.08134420485E+00,+179.58542280E-03,+376.84798E-06
+77.57000E-06,+1.27958534285E+00,+1.29114319757E+00,+143.78140308E-03,-34.79903104E-03
+77.59500E-06,+1.35998735204E+00,+1.37154520676E+00,+189.63567395E-03,+73.86930950E-03
+77.62000E-06,+1.31978634745E+00,+1.36903264395E+00,+265.64069826E-03,+168.09041404E-03
+77.64500E-06,+1.40018835664E+00,+1.40295224160E+00,+128.07788566E-03,+69.47232462E-03
+77.67000E-06,+1.23938433826E+00,+1.28988691617E+00,+163.88190538E-03,-15.32666944E-03
+77.69500E-06,+1.37129388459E+00,+1.40043967880E+00,+114.88693103E-03,+65.07533975E-03
+77.72000E-06,+1.29842956375E+00,+1.29114319757E+00,+165.13818678E-03,+15.45222471E-03
+77.74500E-06,+1.35998735204E+00,+1.37154520676E+00,+143.78140308E-03,+44.97483745E-03
+77.77000E-06,+1.07858031988E+00,+1.08888189319E+00,+183.35426697E-03,+65.07533975E-03
+77.79500E-06,+1.06727378733E+00,+1.00973616540E+00,+123.68090078E-03,-55.52767403E-03
+77.82000E-06,+1.05973609899E+00,+1.03109294910E+00,+113.00250893E-03,-44.84928219E-03
+77.84500E-06,+926.57027125E-03,+1.04114320025E+00,+259.98743199E-03,+40.57785258E-03
+77.87000E-06,+1.11752504308E+00,+1.08888189319E+00,+204.08290997E-03,+45.60297815E-03
+77.89500E-06,+906.46976895E-03,+969.53516081E-03,+189.63567395E-03,-29.77390546E-03
+77.92000E-06,+1.09993710358E+00,+1.07129395370E+00,+163.88190538E-03,+34.29644560E-03
+77.94500E-06,+989.38434094E-03,+1.01853013515E+00,+179.58542280E-03,+20.47735028E-03
+77.97000E-06,+1.03837931529E+00,+1.33134420216E+00,+145.03768448E-03,-15.32666944E-03
+77.99500E-06,+998.17831069E-03,+1.33134420216E+00,+198.42964370E-03,+30.52760143E-03
+78.02000E-06,+1.01702253159E+00,+1.31249998126E+00,+174.56029723E-03,+35.55272700E-03
+78.04500E-06,+1.04717328503E+00,+1.39415827186E+00,+163.88190538E-03,+20.47735028E-03
+78.07000E-06,+999.43459209E-03,+1.37154520676E+00,+164.51004608E-03,+4.77383286E-03
+78.09500E-06,+1.00948484324E+00,+1.37154520676E+00,+158.22863910E-03,+19.22106888E-03
+78.12000E-06,+1.01702253159E+00,+1.29114319757E+00,+163.88190538E-03,+24.87433515E-03
+78.14500E-06,+1.02958534554E+00,+1.34013817191E+00,+175.18843793E-03,+4.77383286E-03
+78.17000E-06,+999.43459209E-03,+1.04993717000E+00,+183.98240767E-03,+43.71855605E-03
+78.19500E-06,+1.00948484324E+00,+1.02104269795E+00,+163.88190538E-03,-24.12063919E-03
+78.22000E-06,+1.04089187809E+00,+1.02858038630E+00,+154.45979493E-03,+44.97483745E-03
+78.24500E-06,+966.77127585E-03,+978.32913056E-03,+168.27889025E-03,+20.47735028E-03
+78.27000E-06,+998.17831069E-03,+1.00973616540E+00,+163.88190538E-03,+5.40197356E-03
+78.29500E-06,+1.02707278274E+00,+1.00973616540E+00,+169.53517165E-03,+39.32157118E-03
+78.32000E-06,+1.03837931529E+00,+1.00973616540E+00,+163.88190538E-03,+4.77383286E-03
+78.34500E-06,+1.02958534554E+00,+1.00973616540E+00,+215.38944252E-03,+4.77383286E-03
+78.37000E-06,+1.28084162426E+00,+1.29114319757E+00,+143.78140308E-03,-34.17089034E-03
+78.39500E-06,+1.34868081949E+00,+1.33134420216E+00,+218.53014599E-03,+44.97483745E-03
+78.42000E-06,+1.33863056834E+00,+1.40923364855E+00,+275.06280871E-03,+136.05523849E-03
+78.44500E-06,+1.43159539149E+00,+1.36275123701E+00,+148.17838795E-03,+33.66830490E-03
+78.47000E-06,+1.24064061966E+00,+1.25219847437E+00,+204.08290997E-03,-14.69852874E-03
+78.49500E-06,+1.41149488919E+00,+1.38285173931E+00,+143.78140308E-03,+24.87433515E-03
+78.52000E-06,+1.25822855916E+00,+1.29114319757E+00,+183.98240767E-03,+4.77383286E-03
+78.54500E-06,+1.35998735204E+00,+1.37154520676E+00,+132.47487053E-03,+29.27132003E-03
+78.57000E-06,+1.07732403848E+00,+1.01099244681E+00,+202.82662857E-03,+84.54770135E-03
+78.59500E-06,+1.03837931529E+00,+1.02104269795E+00,+134.98743333E-03,-55.52767403E-03
+78.62000E-06,+1.05973609899E+00,+1.03109294910E+00,+123.68090078E-03,-5.90455899E-03
+78.64500E-06,+935.36424100E-03,+1.00973616540E+00,+199.68592510E-03,-15.32666944E-03
+78.67000E-06,+1.11752504307E+00,+1.09139445600E+00,+163.88190538E-03,+104.64820364E-03
+78.69500E-06,+929.08283405E-03,+946.92209571E-03,+169.53517165E-03,-15.32666944E-03
+78.72000E-06,+1.09742454078E+00,+1.04993717000E+00,+173.30401582E-03,+34.29644560E-03
+78.74500E-06,+1.02958534554E+00,+1.00973616540E+00,+163.88190538E-03,+4.77383286E-03
+78.77000E-06,+999.43459209E-03,+1.33134420216E+00,+124.93718218E-03,+5.40197356E-03
+78.79500E-06,+998.17831069E-03,+1.30244973012E+00,+178.32914140E-03,+50.62810373E-03
+78.82000E-06,+976.82152699E-03,+1.30998741846E+00,+183.98240767E-03,+14.19594331E-03
+78.84500E-06,+1.04717328503E+00,+1.37154520676E+00,+168.27889025E-03,+9.17081773E-03
+78.87000E-06,+1.03837931529E+00,+1.37154520676E+00,+163.25376468E-03,+5.40197356E-03
+78.89500E-06,+1.00948484324E+00,+1.36023867420E+00,+163.88190538E-03,+16.08036541E-03
+78.92000E-06,+1.01702253159E+00,+1.31249998127E+00,+173.30401582E-03,+24.87433515E-03
+78.94500E-06,+998.17831069E-03,+1.34013817191E+00,+148.17838795E-03,+9.17081773E-03
+78.97000E-06,+999.43459209E-03,+1.04993717000E+00,+183.35426697E-03,+24.87433515E-03
+78.99500E-06,+1.02707278274E+00,+1.00973616540E+00,+172.67587512E-03,-9.67340316E-03
+79.02000E-06,+1.01953509439E+00,+1.02858038630E+00,+163.88190538E-03,-5.90455899E-03
+79.04500E-06,+1.00697228044E+00,+1.04114320025E+00,+152.57537283E-03,+20.47735028E-03
+79.07000E-06,+996.92202929E-03,+1.01099244681E+00,+183.35426697E-03,+24.24619445E-03
+79.09500E-06,+1.01576625018E+00,+1.00973616540E+00,+183.98240767E-03,-4.02013689E-03
+79.12000E-06,+1.03837931529E+00,+1.02858038630E+00,+163.88190538E-03,-4.64827759E-03
+79.14500E-06,+998.17831069E-03,+1.00973616540E+00,+204.08290997E-03,+4.77383286E-03
+79.17000E-06,+1.28084162426E+00,+1.29239947897E+00,+144.40954378E-03,-75.00003563E-03
+79.19500E-06,+1.31978634745E+00,+1.34265073471E+00,+204.08290997E-03,+50.62810373E-03
+79.22000E-06,+1.31978634745E+00,+1.39038942765E+00,+295.16331101E-03,+176.25624309E-03
+79.24500E-06,+1.43159539149E+00,+1.34013817191E+00,+128.07788566E-03,+49.37182233E-03
+79.27000E-06,+1.23938433826E+00,+1.25219847437E+00,+163.88190538E-03,-15.32666944E-03
+79.29500E-06,+1.37129388459E+00,+1.38285173931E+00,+158.22863910E-03,+53.76880720E-03
+79.32000E-06,+1.27707278005E+00,+1.30998741846E+00,+173.30401582E-03,+15.45222471E-03
+79.34500E-06,+1.39139438689E+00,+1.37154520676E+00,+148.17838795E-03,+40.57785258E-03
+79.37000E-06,+1.03963559669E+00,+1.04993717000E+00,+222.92713087E-03,+65.07533975E-03
+79.39500E-06,+1.00948484324E+00,+1.03863063745E+00,+129.33416706E-03,-55.52767403E-03
+79.42000E-06,+1.08109288269E+00,+1.02858038630E+00,+122.42461938E-03,-26.00506129E-03
+79.44500E-06,+935.36424099E-03,+1.04114320025E+00,+215.38944252E-03,-15.32666944E-03
+79.47000E-06,+1.11878132448E+00,+1.09013817459E+00,+203.45476927E-03,+103.39192224E-03
+79.49500E-06,+917.77630150E-03,+958.22862826E-03,+183.98240767E-03,-9.67340316E-03
+79.52000E-06,+1.07858031988E+00,+1.07129395370E+00,+174.56029723E-03,+24.87433515E-03
+79.54500E-06,+998.17831069E-03,+1.01853013515E+00,+148.17838795E-03,+4.77383286E-03
+79.57000E-06,+960.48986890E-03,+1.29239947897E+00,+144.40954378E-03,-14.69852874E-03
+79.59500E-06,+1.02707278274E+00,+1.31375626267E+00,+192.77637742E-03,+53.76880720E-03
+79.62000E-06,+976.82152699E-03,+1.31249998127E+00,+174.56029723E-03,+34.29644560E-03
+79.64500E-06,+1.02958534554E+00,+1.36275123701E+00,+179.58542280E-03,+4.77383286E-03
+79.67000E-06,+999.43459210E-03,+1.33134420216E+00,+183.98240767E-03,+4.14569216E-03
+79.69500E-06,+998.17831069E-03,+1.33134420216E+00,+169.53517165E-03,+4.77383286E-03
+79.72000E-06,+1.01702253159E+00,+1.33385676497E+00,+154.45979493E-03,+14.19594330E-03
+79.74500E-06,+998.17831069E-03,+1.33134420216E+00,+179.58542280E-03,+13.56780260E-03
+79.77000E-06,+998.17831069E-03,+1.04993717000E+00,+163.88190538E-03,+44.97483745E-03
+79.79500E-06,+998.17831069E-03,+1.02104269796E+00,+163.88190538E-03,-9.67340316E-03
+79.82000E-06,+1.01953509439E+00,+1.03109294910E+00,+145.03768448E-03,+24.87433515E-03
+79.84500E-06,+966.77127584E-03,+1.00973616540E+00,+152.57537282E-03,+24.87433515E-03
+79.87000E-06,+998.17831069E-03,+969.53516081E-03,+163.88190538E-03,+24.24619445E-03
+79.89500E-06,+1.00948484324E+00,+1.00973616540E+00,+192.77637742E-03,+24.87433515E-03
+79.92000E-06,+1.01953509439E+00,+1.00973616540E+00,+163.88190538E-03,+15.45222471E-03
+79.94500E-06,+1.02958534554E+00,+1.04114320025E+00,+179.58542280E-03,+36.18086771E-03
+79.97000E-06,+1.03712303388E+00,+1.29114319757E+00,+163.88190538E-03,+4.77383286E-03
+79.99500E-06,+1.04968584784E+00,+1.31375626267E+00,+169.53517165E-03,+30.52760143E-03
+80.02000E-06,+998.17831069E-03,+1.30998741846E+00,+183.98240767E-03,+34.29644560E-03
+80.04500E-06,+998.17831069E-03,+1.33134420216E+00,+155.08793563E-03,+24.87433515E-03
+80.07000E-06,+998.17831069E-03,+1.33260048356E+00,+164.51004608E-03,+24.24619445E-03
+80.09500E-06,+998.17831069E-03,+1.36023867420E+00,+134.98743333E-03,+39.32157118E-03
+80.12000E-06,+1.01702253159E+00,+1.33134420216E+00,+153.20351353E-03,+24.87433515E-03
+80.14500E-06,+998.17831069E-03,+1.32255023242E+00,+132.47487053E-03,+13.56780260E-03
+80.17000E-06,+1.03712303388E+00,+1.04993717000E+00,+144.40954378E-03,+44.34669675E-03
+80.19500E-06,+1.00948484324E+00,+1.03863063745E+00,+143.78140308E-03,+4.77383286E-03
+80.22000E-06,+998.17831069E-03,+1.04993717000E+00,+163.88190538E-03,+15.45222471E-03
+80.24500E-06,+1.00697228044E+00,+1.00094219566E+00,+168.27889025E-03,+4.77383286E-03
+80.27000E-06,+1.03586675248E+00,+1.05119345140E+00,+163.88190538E-03,+5.40197356E-03
+80.29500E-06,+1.00948484324E+00,+1.03863063745E+00,+149.43466936E-03,+10.42709913E-03
+80.32000E-06,+1.01702253159E+00,+1.04993717000E+00,+174.56029723E-03,+15.45222471E-03
+80.34500E-06,+998.17831069E-03,+1.00973616540E+00,+175.18843793E-03,+13.56780260E-03
+80.37000E-06,+1.28084162426E+00,+1.33260048356E+00,+104.83667989E-03,-34.17089033E-03
+80.39500E-06,+1.33109288000E+00,+1.30244973012E+00,+163.88190538E-03,+59.42207347E-03
+80.42000E-06,+1.31978634745E+00,+1.41174621135E+00,+293.90702961E-03,+136.05523849E-03
+80.44500E-06,+1.40898232638E+00,+1.37154520676E+00,+163.88190538E-03,+40.57785258E-03
+80.47000E-06,+1.24064061966E+00,+1.33008792076E+00,+184.61054838E-03,-54.27139263E-03
+80.49500E-06,+1.42280142174E+00,+1.37154520676E+00,+178.32914140E-03,+33.66830490E-03
+80.52000E-06,+1.29842956375E+00,+1.31249998127E+00,+202.82662857E-03,+4.77383286E-03
+80.54500E-06,+1.35998735204E+00,+1.37154520676E+00,+163.88190538E-03,+9.17081773E-03
+80.57000E-06,+1.03837931529E+00,+1.04868088859E+00,+204.08290997E-03,+44.97483745E-03
+80.59500E-06,+998.17831069E-03,+1.00973616540E+00,+143.78140308E-03,-55.52767403E-03
+80.62000E-06,+1.04089187810E+00,+1.04993717000E+00,+143.78140308E-03,-5.90455899E-03
+80.64500E-06,+957.97730610E-03,+1.00973616540E+00,+148.17838795E-03,-51.13068916E-03
+80.67000E-06,+1.07983660129E+00,+1.09139445600E+00,+204.08290997E-03,+104.64820364E-03
+80.69500E-06,+957.97730610E-03,+958.22862826E-03,+178.32914140E-03,-15.32666944E-03
+80.72000E-06,+1.05973609899E+00,+1.03109294911E+00,+134.35929263E-03,+4.77383286E-03
+80.74500E-06,+1.03837931529E+00,+1.01853013515E+00,+183.98240767E-03,+4.77383286E-03
+80.77000E-06,+1.28084162426E+00,+1.29239947897E+00,+143.15326238E-03,-34.79903103E-03
+80.79500E-06,+1.35998735204E+00,+1.33134420216E+00,+178.32914140E-03,+76.38187230E-03
+80.82000E-06,+1.31978634745E+00,+1.36903264395E+00,+295.16331101E-03,+176.25624309E-03
+80.84500E-06,+1.40898232638E+00,+1.40295224161E+00,+143.78140308E-03,+80.77885717E-03
+80.87000E-06,+1.23938433826E+00,+1.28988691616E+00,+164.51004608E-03,-15.32666944E-03
+80.89500E-06,+1.41149488919E+00,+1.37154520676E+00,+143.78140308E-03,+65.07533975E-03
+80.92000E-06,+1.27958534285E+00,+1.29365576038E+00,+163.88190538E-03,+24.87433515E-03
+80.94500E-06,+1.32858031719E+00,+1.40295224161E+00,+148.17838795E-03,+9.17081773E-03
+80.97000E-06,+1.03712303388E+00,+1.04868088859E+00,+183.35426697E-03,+44.34669675E-03
+80.99500E-06,+998.17831069E-03,+1.02732410489E+00,+114.88693104E-03,-41.08043801E-03
+81.02000E-06,+1.03837931529E+00,+1.04993717000E+00,+161.36934257E-03,+14.19594330E-03
+81.04500E-06,+966.77127584E-03,+938.12812596E-03,+87.87688106E-03,-151.63320065E-03
+81.07000E-06,+999.43459210E-03,+1.01099244681E+00,+243.65577386E-03,+84.54770134E-03
+81.09500E-06,+1.03837931529E+00,+1.04993717000E+00,+155.08793563E-03,-15.32666944E-03
+81.12000E-06,+998.17831069E-03,+990.89194451E-03,+163.88190538E-03,-24.74877989E-03
+81.14500E-06,+1.07858031988E+00,+1.04993717000E+00,+143.78140308E-03,+4.77383286E-03
+81.17000E-06,+1.20169589648E+00,+1.25219847438E+00,+124.93718219E-03,-34.79903103E-03
+81.19500E-06,+1.33109288000E+00,+1.33134420216E+00,+212.87687972E-03,+65.07533975E-03
+81.22000E-06,+1.30094212656E+00,+1.36903264395E+00,+276.31909012E-03,+176.25624309E-03
+81.24500E-06,+1.44038936123E+00,+1.41174621135E+00,+128.07788565E-03,+60.67835488E-03
+81.27000E-06,+1.23938433826E+00,+1.32883163935E+00,+184.61054838E-03,+4.77383286E-03
+81.29500E-06,+1.37129388460E+00,+1.38285173931E+00,+172.67587512E-03,+44.97483745E-03
+81.32000E-06,+1.29842956375E+00,+1.30998741846E+00,+185.23868908E-03,+24.87433515E-03
+81.34500E-06,+1.35998735204E+00,+1.33134420216E+00,+175.18843793E-03,+29.27132003E-03
+81.37000E-06,+1.07732403848E+00,+1.04868088859E+00,+164.51004608E-03,+85.17584205E-03
+81.39500E-06,+1.02707278273E+00,+1.02104269796E+00,+103.58039849E-03,-35.42717174E-03
+81.42000E-06,+1.07858031988E+00,+1.03109294911E+00,+83.47989619E-03,-64.94978448E-03
+81.44500E-06,+926.57027125E-03,+1.04993717000E+00,+244.28391457E-03,+16.08036541E-03
+81.47000E-06,+1.11626876167E+00,+1.09013817459E+00,+203.45476927E-03,+63.81905834E-03
+81.49500E-06,+917.77630150E-03,+958.22862826E-03,+189.63567395E-03,-35.42717174E-03
+81.52000E-06,+1.05722353618E+00,+1.09013817459E+00,+183.98240767E-03,+4.77383286E-03
+81.54500E-06,+998.17831069E-03,+1.04993717000E+00,+208.47989484E-03,-10.92968457E-03
+81.57000E-06,+1.27958534285E+00,+1.29365576038E+00,+163.25376467E-03,-73.74375422E-03
+81.59500E-06,+1.33109288000E+00,+1.34265073472E+00,+224.18341227E-03,+53.76880720E-03
+81.62000E-06,+1.31978634745E+00,+1.36903264394E+00,+315.26381331E-03,+156.15574079E-03
+81.64500E-06,+1.44038936123E+00,+1.37154520676E+00,+172.67587512E-03,+13.56780260E-03
+81.67000E-06,+1.23812805685E+00,+1.25345475578E+00,+204.08290997E-03,-54.89953333E-03
+81.69500E-06,+1.42280142175E+00,+1.41174621135E+00,+169.53517165E-03,+10.42709913E-03
+81.72000E-06,+1.27958534285E+00,+1.29114319757E+00,+202.82662857E-03,-4.64827759E-03
+81.74500E-06,+1.35998735204E+00,+1.36275123701E+00,+179.58542280E-03,+376.84799E-06
+81.77000E-06,+1.07858031988E+00,+1.08762561178E+00,+223.55527157E-03,+44.34669675E-03
+81.79500E-06,+998.17831069E-03,+1.04993717000E+00,+155.08793563E-03,-90.07541235E-03
+81.82000E-06,+1.03837931529E+00,+1.03109294911E+00,+183.98240767E-03,+14.19594330E-03
+81.84500E-06,+1.00697228044E+00,+992.14822592E-03,+114.88693104E-03,-131.53269835E-03
+81.87000E-06,+1.03837931529E+00,+970.79144222E-03,+223.55527157E-03,+105.27634434E-03
+81.89500E-06,+1.06727378733E+00,+1.03863063744E+00,+178.32914140E-03,+4.77383286E-03
+81.92000E-06,+1.01953509440E+00,+969.53516081E-03,+145.03768449E-03,-15.32666944E-03
+81.94500E-06,+1.07858031988E+00,+1.05873113974E+00,+143.78140308E-03,+20.47735028E-03
+81.97000E-06,+1.20043961507E+00,+1.25094219297E+00,+104.83667989E-03,-34.17089033E-03
+81.99500E-06,+1.35998735204E+00,+1.34265073472E+00,+178.32914140E-03,+73.86930949E-03
+82.02000E-06,+1.31978634745E+00,+1.39038942765E+00,+304.58542146E-03,+158.66830360E-03
+82.04500E-06,+1.44038936123E+00,+1.38033917650E+00,+163.88190538E-03,+65.07533975E-03
+82.07000E-06,+1.27958534285E+00,+1.29114319757E+00,+165.13818678E-03,-15.32666944E-03
+82.09500E-06,+1.41149488919E+00,+1.41174621135E+00,+183.98240767E-03,+30.52760143E-03
+82.12000E-06,+1.29842956375E+00,+1.29114319757E+00,+194.66079953E-03,-5.90455899E-03
+82.14500E-06,+1.40018835664E+00,+1.34013817190E+00,+159.48492051E-03,+44.97483745E-03
+82.17000E-06,+1.03837931529E+00,+1.08888189319E+00,+203.45476927E-03,+85.17584205E-03
+82.19500E-06,+998.17831069E-03,+1.00973616540E+00,+129.33416706E-03,-26.63320199E-03
+82.22000E-06,+1.08109288269E+00,+1.02858038630E+00,+72.80150434E-03,-55.52767403E-03
+82.24500E-06,+957.97730610E-03,+1.04993717000E+00,+199.68592510E-03,+36.18086771E-03
+82.27000E-06,+1.07983660129E+00,+1.09139445600E+00,+163.25376467E-03,+64.44719905E-03
+82.29500E-06,+917.77630150E-03,+946.92209570E-03,+198.42964369E-03,-6.53269970E-03
+82.32000E-06,+1.09742454077E+00,+1.06878139089E+00,+153.20351353E-03,+44.97483745E-03
+82.34500E-06,+998.17831069E-03,+1.00973616540E+00,+183.98240767E-03,+20.47735028E-03
+82.37000E-06,+1.28084162426E+00,+1.33260048357E+00,+163.25376467E-03,-34.17089033E-03
+82.39500E-06,+1.34868081949E+00,+1.33134420216E+00,+183.98240767E-03,+56.28137001E-03
+82.42000E-06,+1.30094212656E+00,+1.39290199046E+00,+304.58542146E-03,+154.89945938E-03
+82.44500E-06,+1.40018835664E+00,+1.38033917650E+00,+143.78140308E-03,+69.47232462E-03
+82.47000E-06,+1.23812805685E+00,+1.33008792075E+00,+183.35426697E-03,-15.95481014E-03
+82.49500E-06,+1.45169589379E+00,+1.41174621135E+00,+129.33416706E-03,+50.62810373E-03
+82.52000E-06,+1.27958534285E+00,+1.30998741846E+00,+173.30401582E-03,+34.29644560E-03
+82.54500E-06,+1.35998735204E+00,+1.37154520676E+00,+128.07788565E-03,+9.17081773E-03
+82.57000E-06,+1.03837931529E+00,+1.04993717000E+00,+203.45476927E-03,+84.54770134E-03
+82.59500E-06,+998.17831069E-03,+1.03863063744E+00,+123.68090078E-03,-35.42717174E-03
+82.62000E-06,+998.17831069E-03,+1.03109294911E+00,+173.30401582E-03,-15.32666944E-03
+82.64500E-06,+957.97730610E-03,+992.14822592E-03,+103.58039849E-03,-120.22616580E-03
+82.67000E-06,+1.03963559669E+00,+1.00973616540E+00,+263.12813546E-03,+84.54770134E-03
+82.69500E-06,+1.03837931529E+00,+1.07883164204E+00,+175.18843793E-03,-15.32666944E-03
+82.72000E-06,+998.17831069E-03,+1.01224872822E+00,+163.88190538E-03,-24.74877988E-03
+82.74500E-06,+1.06978635014E+00,+1.05873113974E+00,+155.08793564E-03,+376.84799E-06
+82.77000E-06,+1.20169589648E+00,+1.25219847438E+00,+164.51004608E-03,-54.27139263E-03
+82.79500E-06,+1.33109288000E+00,+1.37154520676E+00,+198.42964369E-03,+50.62810373E-03
+82.82000E-06,+1.30094212656E+00,+1.39038942765E+00,+275.06280872E-03,+145.47734894E-03
+82.84500E-06,+1.39139438690E+00,+1.41174621135E+00,+168.27889025E-03,+58.16579206E-03
+82.87000E-06,+1.27832906145E+00,+1.25219847438E+00,+164.51004608E-03,-34.17089033E-03
+82.89500E-06,+1.37129388460E+00,+1.38285173931E+00,+181.46984486E-03,+65.07533975E-03
+82.92000E-06,+1.27707278004E+00,+1.33134420216E+00,+174.56029723E-03,+24.87433515E-03
+82.94500E-06,+1.35998735204E+00,+1.37154520676E+00,+148.17838795E-03,+29.27132003E-03
+82.97000E-06,+1.07858031988E+00,+1.04993717000E+00,+183.98240767E-03,+84.54770134E-03
+82.99500E-06,+998.17831069E-03,+1.02104269796E+00,+118.02763450E-03,-35.42717174E-03
+83.02000E-06,+1.08109288270E+00,+1.02858038629E+00,+92.90200663E-03,-55.52767403E-03
+83.04500E-06,+935.36424099E-03,+1.01853013515E+00,+219.78642740E-03,+11.68338054E-03
+83.07000E-06,+1.11878132448E+00,+1.04993717000E+00,+182.72612627E-03,+65.07533975E-03
+83.09500E-06,+917.77630150E-03,+929.33415622E-03,+163.88190538E-03,-879.43342E-06
+83.12000E-06,+1.03837931529E+00,+1.07129395370E+00,+154.45979493E-03,+15.45222471E-03
+83.14500E-06,+998.17831069E-03,+978.32913055E-03,+179.58542280E-03,+4.77383286E-03
+83.17000E-06,+1.27958534285E+00,+1.33260048357E+00,+163.25376467E-03,-15.32666944E-03
+83.19500E-06,+1.33109288000E+00,+1.34265073472E+00,+218.53014599E-03,+44.97483745E-03
+83.22000E-06,+1.30094212656E+00,+1.37154520676E+00,+295.16331101E-03,+165.57785124E-03
+83.24500E-06,+1.40898232638E+00,+1.37154520676E+00,+159.48492051E-03,+49.37182232E-03
+83.27000E-06,+1.23938433826E+00,+1.25219847438E+00,+165.13818678E-03,+4.77383286E-03
+83.29500E-06,+1.41149488919E+00,+1.41174621135E+00,+163.88190538E-03,+44.97483745E-03
+83.32000E-06,+1.25822855915E+00,+1.31249998127E+00,+173.30401582E-03,-24.74877988E-03
+83.34500E-06,+1.36878132178E+00,+1.37154520676E+00,+134.98743334E-03,+9.17081773E-03
+83.37000E-06,+1.07732403847E+00,+1.04868088859E+00,+203.45476927E-03,+65.07533975E-03
+83.39500E-06,+1.02707278273E+00,+1.03863063744E+00,+120.54019732E-03,-69.97491005E-03
+83.42000E-06,+1.01702253158E+00,+1.03109294911E+00,+151.94723212E-03,-5.90455899E-03
+83.44500E-06,+966.77127584E-03,+960.74119107E-03,+79.08291132E-03,-147.23621578E-03
+83.47000E-06,+1.03837931529E+00,+970.79144222E-03,+204.08290997E-03,+66.33162116E-03
+83.49500E-06,+1.02707278273E+00,+1.03863063744E+00,+169.53517166E-03,+4.77383286E-03
+83.52000E-06,+1.01953509440E+00,+1.03109294911E+00,+153.20351352E-03,-14.07038803E-03
+83.54500E-06,+1.04717328503E+00,+1.04993717000E+00,+159.48492051E-03,+24.87433515E-03
+83.57000E-06,+1.27832906145E+00,+1.29114319757E+00,+124.30904149E-03,-34.17089033E-03
+83.59500E-06,+1.35998735204E+00,+1.36023867420E+00,+172.67587512E-03,+44.97483745E-03
+83.62000E-06,+1.27958534285E+00,+1.37154520676E+00,+284.48491916E-03,+166.83413264E-03
+83.64500E-06,+1.44918333097E+00,+1.36275123701E+00,+168.27889025E-03,+49.37182232E-03
+83.67000E-06,+1.23938433826E+00,+1.29114319757E+00,+184.61054838E-03,-34.17089033E-03
+83.69500E-06,+1.40018835664E+00,+1.38285173931E+00,+178.32914140E-03,+24.87433515E-03
+83.72000E-06,+1.29842956374E+00,+1.33385676498E+00,+173.30401582E-03,+15.45222471E-03
+83.74500E-06,+1.38260041716E+00,+1.34013817190E+00,+163.88190538E-03,+29.27132003E-03
+83.77000E-06,+1.07858031988E+00,+1.08762561178E+00,+203.45476927E-03,+83.91956064E-03
+83.79500E-06,+1.02707278273E+00,+1.02104269796E+00,+118.02763450E-03,-49.87440776E-03
+83.82000E-06,+1.12129388729E+00,+1.09013817459E+00,+95.41456945E-03,-46.10556359E-03
+83.84500E-06,+998.17831069E-03,+1.04993717000E+00,+159.48492051E-03,+20.47735028E-03
+83.87000E-06,+1.07606775706E+00,+1.04993717000E+00,+103.58039849E-03,+104.64820364E-03
+83.89500E-06,+946.67077354E-03,+958.22862825E-03,+103.58039849E-03,+65.07533975E-03
+83.92000E-06,+1.03837931529E+00,+1.04993717000E+00,+94.15828804E-03,+55.65322930E-03
+83.94500E-06,+1.03837931529E+00,+1.04993717000E+00,+132.47487052E-03,+65.07533975E-03
+83.97000E-06,+1.27958534285E+00,+1.04993717000E+00,+123.05276008E-03,+44.97483745E-03
+83.99500E-06,+1.30847981489E+00,+1.02104269796E+00,+143.78140308E-03,+110.92961062E-03
+84.02000E-06,+1.32229891027E+00,+1.02858038629E+00,+154.45979493E-03,+146.73363035E-03
+84.04500E-06,+1.40018835664E+00,+1.04114320026E+00,+112.37436823E-03,+105.27634434E-03
+84.07000E-06,+1.27958534285E+00,+970.79144222E-03,+104.83667989E-03,+65.07533975E-03
+84.09500E-06,+1.37129388460E+00,+980.84169337E-03,+109.23366476E-03,+105.27634434E-03
+84.12000E-06,+1.27958534285E+00,+990.89194452E-03,+122.42461937E-03,+65.07533975E-03
+84.14500E-06,+1.35998735204E+00,+1.04114320026E+00,+87.87688106E-03,+100.87935947E-03
+84.17000E-06,+998.17831069E-03,+929.33415622E-03,+123.68090078E-03,+163.69342912E-03
+84.19500E-06,+1.09616825936E+00,+980.84169337E-03,+89.13316247E-03,+44.97483745E-03
+84.22000E-06,+1.01953509440E+00,+1.00973616540E+00,+113.00250893E-03,+44.97483745E-03
+84.24500E-06,+975.56524558E-03,+978.32913055E-03,+87.87688106E-03,-15.32666944E-03
+84.27000E-06,+998.17831069E-03,+1.01224872822E+00,+144.40954378E-03,+85.17584205E-03
+84.29500E-06,+1.03837931529E+00,+1.00973616540E+00,+103.58039849E-03,+59.42207347E-03
+84.32000E-06,+976.82152699E-03,+990.89194452E-03,+92.90200663E-03,+65.07533975E-03
+84.34500E-06,+1.00697228043E+00,+1.04993717000E+00,+123.68090078E-03,+80.77885718E-03
+84.37000E-06,+998.17831069E-03,+1.01099244681E+00,+84.73617760E-03,+85.17584205E-03
+84.39500E-06,+986.87177813E-03,+998.42963285E-03,+123.68090078E-03,+79.52257577E-03
+84.42000E-06,+1.01702253158E+00,+1.00973616540E+00,+114.25879034E-03,+83.91956064E-03
+84.44500E-06,+1.03837931529E+00,+978.32913055E-03,+103.58039849E-03,+80.77885718E-03
+84.47000E-06,+1.03837931529E+00,+1.04868088859E+00,+143.15326238E-03,+85.80398275E-03
+84.49500E-06,+998.17831069E-03,+1.03863063744E+00,+118.02763450E-03,+73.86930949E-03
+84.52000E-06,+1.01953509440E+00,+1.03109294911E+00,+123.68090078E-03,+74.49745019E-03
+84.54500E-06,+1.02958534555E+00,+1.00973616540E+00,+119.28391591E-03,+69.47232462E-03
+84.57000E-06,+999.43459210E-03,+1.04868088859E+00,+102.95225778E-03,+104.64820364E-03
+84.59500E-06,+998.17831069E-03,+1.02104269796E+00,+118.02763450E-03,+85.17584205E-03
+84.62000E-06,+1.01702253158E+00,+1.04993717000E+00,+114.25879034E-03,+85.17584205E-03
+84.64500E-06,+998.17831069E-03,+1.04114320026E+00,+103.58039849E-03,+80.77885718E-03
+84.67000E-06,+1.03837931529E+00,+1.00973616540E+00,+142.52512167E-03,+85.17584205E-03
+84.69500E-06,+1.02707278273E+00,+1.03863063744E+00,+103.58039849E-03,+70.72860603E-03
+84.72000E-06,+979.33408980E-03,+1.00973616540E+00,+114.25879034E-03,+75.75373160E-03
+84.74500E-06,+1.02958534555E+00,+1.01853013514E+00,+107.97738335E-03,+69.47232462E-03
+84.77000E-06,+1.27958534285E+00,+1.00973616540E+00,+103.58039849E-03,+24.87433515E-03
+84.79500E-06,+1.30847981489E+00,+1.02104269796E+00,+109.23366476E-03,+79.52257577E-03
+84.82000E-06,+1.35998735204E+00,+1.02858038629E+00,+146.29396590E-03,+125.37684664E-03
+84.84500E-06,+1.39139438690E+00,+1.04993717000E+00,+103.58039849E-03,+89.57282692E-03
+84.87000E-06,+1.28084162426E+00,+969.53516081E-03,+141.89698097E-03,+84.54770134E-03
+84.89500E-06,+1.34239941257E+00,+1.04993717000E+00,+97.92713221E-03,+79.52257577E-03
+84.92000E-06,+1.27958534285E+00,+988.37938170E-03,+103.58039849E-03,+85.17584205E-03
+84.94500E-06,+1.35998735204E+00,+1.04993717000E+00,+103.58039849E-03,+69.47232462E-03
+84.97000E-06,+1.03837931529E+00,+1.04993717000E+00,+163.25376467E-03,+124.12056523E-03
+84.99500E-06,+1.02707278273E+00,+1.03863063744E+00,+94.78642875E-03,+44.97483745E-03
+85.02000E-06,+1.05973609899E+00,+1.03109294911E+00,+113.00250893E-03,+54.39694790E-03
+85.04500E-06,+998.17831069E-03,+1.00094219567E+00,+83.47989619E-03,+13.56780260E-03
+85.07000E-06,+1.03837931529E+00,+1.01224872822E+00,+124.30904149E-03,+105.90448505E-03
+85.09500E-06,+1.03837931529E+00,+1.03863063744E+00,+109.23366476E-03,+90.82910833E-03
+85.12000E-06,+998.17831069E-03,+1.02858038629E+00,+92.90200663E-03,+65.07533975E-03
+85.14500E-06,+1.00697228043E+00,+1.01853013514E+00,+103.58039849E-03,+69.47232462E-03
+85.17000E-06,+1.03712303388E+00,+1.29114319757E+00,+83.47989619E-03,+66.33162116E-03
+85.19500E-06,+1.02079137581E+00,+1.33134420216E+00,+118.02763450E-03,+65.07533975E-03
+85.22000E-06,+998.17831069E-03,+1.33134420216E+00,+103.58039849E-03,+83.91956064E-03
+85.24500E-06,+1.02958534555E+00,+1.36275123702E+00,+103.58039849E-03,+100.87935947E-03
+85.27000E-06,+1.03586675247E+00,+1.33260048357E+00,+124.30904149E-03,+65.07533975E-03
+85.29500E-06,+998.17831069E-03,+1.34265073472E+00,+97.92713221E-03,+56.28137001E-03
+85.32000E-06,+995.66574787E-03,+1.31249998127E+00,+114.25879034E-03,+85.17584205E-03
+85.34500E-06,+998.17831069E-03,+1.33134420216E+00,+119.28391591E-03,+85.17584205E-03
+85.37000E-06,+998.17831069E-03,+1.04993717000E+00,+103.58039849E-03,+104.64820364E-03
+85.39500E-06,+1.03837931529E+00,+1.02104269796E+00,+77.82662991E-03,+19.22106888E-03
+85.42000E-06,+955.46474328E-03,+988.37938170E-03,+114.25879034E-03,+44.97483745E-03
+85.44500E-06,+989.38434095E-03,+1.04993717000E+00,+177.07285998E-03,+169.97483611E-03
+85.47000E-06,+957.97730610E-03,+969.53516081E-03,+43.90703230E-03,+24.24619445E-03
+85.49500E-06,+1.02707278273E+00,+1.04993717000E+00,+152.57537282E-03,+76.38187231E-03
+85.52000E-06,+1.01702253158E+00,+1.02858038629E+00,+122.42461937E-03,+74.49745019E-03
+85.54500E-06,+998.17831069E-03,+1.00973616540E+00,+112.37436822E-03,+65.07533975E-03
+85.57000E-06,+1.03837931529E+00,+1.33134420216E+00,+143.15326237E-03,+65.70348045E-03
+85.59500E-06,+1.02707278273E+00,+1.33134420216E+00,+123.68090078E-03,+79.52257577E-03
+85.62000E-06,+1.01953509440E+00,+1.33134420216E+00,+104.83667990E-03,+54.39694790E-03
+85.64500E-06,+998.17831069E-03,+1.33134420216E+00,+119.28391591E-03,+60.67835488E-03
+85.67000E-06,+999.43459210E-03,+1.33134420216E+00,+104.20853919E-03,+44.97483745E-03
+85.69500E-06,+940.38936662E-03,+1.36023867420E+00,+109.23366476E-03,+65.07533975E-03
+85.72000E-06,+1.01450996876E+00,+1.29114319757E+00,+122.42461937E-03,+65.07533975E-03
+85.74500E-06,+998.17831069E-03,+1.30873113704E+00,+103.58039849E-03,+65.07533975E-03
+85.77000E-06,+1.03712303388E+00,+1.01099244681E+00,+143.78140308E-03,+65.07533975E-03
+85.79500E-06,+998.17831069E-03,+1.00973616540E+00,+123.68090078E-03,+30.52760143E-03
+85.82000E-06,+1.01702253158E+00,+1.05244973282E+00,+707.85174881E-03,-468.21611183E-03
+85.84500E-06,+998.17831069E-03,+1.00973616540E+00,+731.09295457E-03,-562.43721634E-03
+85.87000E-06,+1.03712303388E+00,+972.04772363E-03,+786.99747659E-03,-578.76887447E-03
+85.89500E-06,+1.00948484325E+00,+1.03863063744E+00,+761.24370802E-03,-598.24123606E-03
+85.92000E-06,+998.17831069E-03,+1.03109294911E+00,+765.64069288E-03,-599.49751747E-03
+85.94500E-06,+989.38434095E-03,+1.00973616540E+00,+778.20350685E-03,-578.14073376E-03
+85.97000E-06,+999.43459210E-03,+1.33134420216E+00,+748.05275341E-03,-578.76887447E-03
+85.99500E-06,+986.87177813E-03,+1.33134420216E+00,+792.65074287E-03,-589.44726632E-03
+86.02000E-06,+998.17831069E-03,+1.33134420216E+00,+736.11808014E-03,-578.14073376E-03
+86.04500E-06,+1.03837931529E+00,+1.36275123702E+00,+746.79647200E-03,-582.53771863E-03
+86.07000E-06,+1.03837931529E+00,+1.33008792075E+00,+727.32411041E-03,-596.98495465E-03
+86.09500E-06,+998.17831069E-03,+1.34893214164E+00,+726.69596970E-03,-598.24123606E-03
+86.12000E-06,+1.01702253158E+00,+1.33134420216E+00,+748.05275341E-03,-588.81912562E-03
+86.14500E-06,+1.00697228043E+00,+1.29114319757E+00,+758.10300456E-03,-593.84425119E-03
+86.17000E-06,+1.03712303388E+00,+1.04868088859E+00,+786.36933589E-03,-519.09550828E-03
+86.19500E-06,+998.17831069E-03,+1.00973616540E+00,+721.04270342E-03,-592.58796978E-03
+86.22000E-06,+1.00069087351E+00,+1.02858038629E+00,+746.79647200E-03,-578.14073376E-03
+86.24500E-06,+935.36424098E-03,+1.04114320026E+00,+751.19345687E-03,-598.24123606E-03
+86.27000E-06,+998.17831069E-03,+1.04993717000E+00,+746.79647200E-03,-617.71359765E-03
+86.29500E-06,+1.03837931529E+00,+1.04993717000E+00,+781.34421031E-03,-598.24123606E-03
+86.32000E-06,+1.01953509440E+00,+1.02858038629E+00,+736.11808014E-03,-567.46234191E-03
+86.34500E-06,+998.17831069E-03,+1.04114320026E+00,+786.99747659E-03,-582.53771863E-03
+86.37000E-06,+957.97730610E-03,+1.29239947898E+00,+766.26883359E-03,-617.71359765E-03
+86.39500E-06,+1.02707278273E+00,+1.34265073472E+00,+792.65074287E-03,-563.69349775E-03
+86.42000E-06,+1.00069087352E+00,+1.33134420216E+00,+757.47486385E-03,-588.81912562E-03
+86.44500E-06,+1.01576625017E+00,+1.36275123702E+00,+735.48993944E-03,-578.14073376E-03
+86.47000E-06,+998.17831069E-03,+1.33134420216E+00,+766.26883359E-03,-597.61309536E-03
+86.49500E-06,+998.17831069E-03,+1.33134420216E+00,+746.79647200E-03,-592.58796978E-03
+86.52000E-06,+976.82152698E-03,+1.33134420216E+00,+736.11808014E-03,-598.24123606E-03
+86.54500E-06,+1.00697228043E+00,+1.33134420216E+00,+739.88692431E-03,-613.94475349E-03
+86.57000E-06,+1.03837931529E+00,+1.01099244682E+00,+747.42461270E-03,-539.82415129E-03
+86.59500E-06,+1.00948484325E+00,+1.03863063744E+00,+732.34923598E-03,-618.34173836E-03
+86.62000E-06,+998.17831069E-03,+1.07129395371E+00,+746.79647200E-03,-598.24123606E-03
+86.64500E-06,+998.17831069E-03,+1.03234923053E+00,+751.19345687E-03,-598.24123606E-03
+86.67000E-06,+1.03712303388E+00,+1.00973616540E+00,+786.99747659E-03,-578.76887447E-03
+86.69500E-06,+1.00948484325E+00,+1.03863063744E+00,+752.44973828E-03,-578.14073376E-03
+86.72000E-06,+995.66574787E-03,+1.03109294911E+00,+757.47486385E-03,-587.56284421E-03
+86.74500E-06,+1.02958534555E+00,+1.00094219567E+00,+762.49998943E-03,-598.24123606E-03
+86.77000E-06,+998.17831069E-03,+1.33008792075E+00,+727.32411041E-03,-597.61309535E-03
+86.79500E-06,+998.17831069E-03,+1.33134420216E+00,+766.89697430E-03,-563.69349775E-03
+86.82000E-06,+1.03837931529E+00,+1.31249998128E+00,+746.79647200E-03,-558.04023147E-03
+86.84500E-06,+1.03837931529E+00,+1.37154520676E+00,+746.79647200E-03,-593.84425119E-03
+86.87000E-06,+998.17831069E-03,+1.37154520676E+00,+746.16833129E-03,-578.14073376E-03
+86.89500E-06,+998.17831069E-03,+1.33134420216E+00,+761.24370802E-03,-578.14073376E-03
+86.92000E-06,+1.01702253158E+00,+1.35270098587E+00,+766.89697430E-03,-578.14073376E-03
+86.94500E-06,+1.02958534555E+00,+1.33134420216E+00,+746.79647200E-03,-578.14073376E-03
+86.97000E-06,+959.23358751E-03,+1.04868088859E+00,+766.89697430E-03,-539.19601058E-03
+86.99500E-06,+1.02707278273E+00,+1.02104269797E+00,+746.79647200E-03,-618.34173836E-03
+87.02000E-06,+1.00069087352E+00,+1.00973616540E+00,+757.47486385E-03,-587.56284421E-03
+87.04500E-06,+966.77127583E-03,+1.00973616540E+00,+771.29395916E-03,-578.14073376E-03
+87.07000E-06,+959.23358751E-03,+1.00973616540E+00,+747.42461270E-03,-617.71359765E-03
+87.09500E-06,+1.02707278273E+00,+1.00973616540E+00,+761.24370801E-03,-569.34676403E-03
+87.12000E-06,+1.01953509440E+00,+1.00973616540E+00,+766.89697430E-03,-587.56284421E-03
+87.14500E-06,+998.17831069E-03,+1.00973616540E+00,+771.29395916E-03,-593.84425119E-03
+87.17000E-06,+998.17831069E-03,+1.29114319757E+00,+747.42461270E-03,-636.55781854E-03
+87.19500E-06,+998.17831069E-03,+1.31375626269E+00,+772.55024058E-03,-583.79400004E-03
+87.22000E-06,+1.01953509440E+00,+1.33134420216E+00,+766.89697430E-03,-578.14073376E-03
+87.24500E-06,+998.17831069E-03,+1.39415827188E+00,+726.69596970E-03,-562.43721633E-03
+87.27000E-06,+998.17831069E-03,+1.37028892534E+00,+766.26883359E-03,-578.14073376E-03
+87.29500E-06,+1.02707278273E+00,+1.33134420216E+00,+717.90199996E-03,-578.14073376E-03
+87.32000E-06,+976.82152698E-03,+1.33134420216E+00,+748.05275341E-03,-588.81912562E-03
+87.34500E-06,+998.17831069E-03,+1.30873113704E+00,+746.79647200E-03,-598.24123606E-03
+87.37000E-06,+998.17831069E-03,+1.04993717000E+00,+765.64069288E-03,-578.76887447E-03
+87.39500E-06,+998.17831069E-03,+1.03863063744E+00,+741.14320572E-03,-612.68847208E-03
+87.42000E-06,+1.03837931529E+00,+1.05244973282E+00,+746.79647200E-03,-587.56284421E-03
+87.44500E-06,+1.00697228043E+00,+1.04114320026E+00,+762.49998943E-03,-582.53771863E-03
+87.47000E-06,+1.03712303387E+00,+1.01099244682E+00,+766.89697430E-03,-559.29651288E-03
+87.49500E-06,+998.17831069E-03,+1.03863063744E+00,+746.79647200E-03,-558.04023147E-03
+87.52000E-06,+1.03586675246E+00,+1.00973616540E+00,+746.79647200E-03,-578.14073376E-03
+87.54500E-06,+1.00697228043E+00,+978.32913055E-03,+742.39948713E-03,-578.14073376E-03
+87.57000E-06,+960.48986892E-03,+1.25219847438E+00,+746.79647200E-03,-596.98495465E-03
+87.59500E-06,+1.00948484325E+00,+1.37154520676E+00,+741.14320572E-03,-572.48746748E-03
+87.62000E-06,+1.01702253158E+00,+1.33134420216E+00,+745.54019059E-03,-567.46234191E-03
+87.64500E-06,+1.02958534555E+00,+1.34013817190E+00,+731.09295457E-03,-578.14073376E-03
+87.67000E-06,+999.43459211E-03,+1.33134420216E+00,+746.79647200E-03,-578.76887447E-03
+87.69500E-06,+1.02707278273E+00,+1.33134420216E+00,+752.44973828E-03,-612.68847208E-03
+87.72000E-06,+1.01953509440E+00,+1.33134420216E+00,+756.21858244E-03,-587.56284421E-03
+87.74500E-06,+1.02958534555E+00,+1.33134420216E+00,+731.09295457E-03,-578.14073376E-03
+87.77000E-06,+960.48986892E-03,+1.04868088859E+00,+765.64069288E-03,-577.51259306E-03
+87.79500E-06,+986.87177813E-03,+1.00973616540E+00,+732.34923598E-03,-618.34173836E-03
+87.82000E-06,+998.17831069E-03,+1.00973616540E+00,+726.69596970E-03,-567.46234191E-03
+87.84500E-06,+966.77127583E-03,+1.00094219567E+00,+746.79647200E-03,-562.43721633E-03
+87.87000E-06,+998.17831069E-03,+1.04993717000E+00,+746.16833129E-03,-578.14073376E-03
+87.89500E-06,+1.02707278273E+00,+1.02104269797E+00,+755.59044173E-03,-583.79400004E-03
+87.92000E-06,+1.01702253158E+00,+1.00973616540E+00,+746.79647200E-03,-587.56284421E-03
+87.94500E-06,+1.02958534555E+00,+1.04114320026E+00,+782.60049173E-03,-562.43721633E-03
+87.97000E-06,+999.43459211E-03,+1.33008792075E+00,+746.79647200E-03,-597.61309535E-03
+87.99500E-06,+1.06727378732E+00,+1.34265073472E+00,+761.24370801E-03,-558.04023147E-03
+88.02000E-06,+998.17831069E-03,+1.33134420216E+00,+756.21858244E-03,-579.39701518E-03
+88.04500E-06,+998.17831069E-03,+1.35395726729E+00,+731.09295457E-03,-562.43721633E-03
+88.07000E-06,+999.43459211E-03,+1.33134420216E+00,+747.42461270E-03,-538.56786988E-03
+88.09500E-06,+998.17831069E-03,+1.30244973013E+00,+766.89697430E-03,-592.58796978E-03
+88.12000E-06,+998.17831069E-03,+1.31249998128E+00,+737.37436156E-03,-598.24123606E-03
+88.14500E-06,+1.00697228043E+00,+1.32255023243E+00,+746.79647200E-03,-573.74374890E-03
+88.17000E-06,+998.17831069E-03,+1.04993717000E+00,+766.89697430E-03,-558.04023147E-03
+88.19500E-06,+998.17831069E-03,+1.03863063744E+00,+732.34923598E-03,-583.79400004E-03
+88.22000E-06,+1.03837931529E+00,+1.03109294912E+00,+756.21858244E-03,-598.24123606E-03
+88.24500E-06,+1.00697228043E+00,+1.04993717000E+00,+782.60049173E-03,-593.84425119E-03
+88.27000E-06,+1.03712303387E+00,+1.00973616540E+00,+747.42461270E-03,-578.14073376E-03
+88.29500E-06,+1.00948484325E+00,+1.02104269797E+00,+738.00250226E-03,-578.14073376E-03
+88.32000E-06,+1.01953509440E+00,+1.02858038629E+00,+737.37436156E-03,-556.78395005E-03
+88.34500E-06,+998.17831069E-03,+1.00094219567E+00,+762.49998943E-03,-562.43721633E-03
+88.37000E-06,+960.48986893E-03,+1.29239947898E+00,+746.79647200E-03,-597.61309535E-03
+88.39500E-06,+1.03837931529E+00,+1.34265073472E+00,+755.59044173E-03,-578.14073376E-03
+88.42000E-06,+998.17831069E-03,+1.35018842304E+00,+777.57536615E-03,-608.91962792E-03
+88.44500E-06,+1.02958534555E+00,+1.36275123702E+00,+762.49998943E-03,-598.24123606E-03
+88.47000E-06,+999.43459211E-03,+1.33134420216E+00,+785.11305447E-03,-578.14073376E-03
+88.49500E-06,+998.17831069E-03,+1.33134420216E+00,+775.69094403E-03,-598.24123606E-03
+88.52000E-06,+1.05722353617E+00,+1.35270098587E+00,+766.89697430E-03,-608.91962792E-03
+88.54500E-06,+1.03837931529E+00,+1.33134420216E+00,+746.79647200E-03,-589.44726633E-03
+88.57000E-06,+999.43459211E-03,+1.08762561177E+00,+766.89697430E-03,-559.29651288E-03
+88.59500E-06,+969.28383866E-03,+1.00973616540E+00,+741.14320572E-03,-618.34173836E-03
+88.62000E-06,+1.01953509440E+00,+1.04993717000E+00,+757.47486385E-03,-587.56284421E-03
+88.64500E-06,+975.56524557E-03,+1.04114320026E+00,+766.89697430E-03,-578.14073376E-03
+88.67000E-06,+1.03586675246E+00,+969.53516081E-03,+727.32411041E-03,-578.14073376E-03
+88.69500E-06,+1.06727378732E+00,+1.03863063744E+00,+766.89697430E-03,-598.24123606E-03
+88.72000E-06,+998.17831069E-03,+990.89194452E-03,+757.47486385E-03,-598.24123606E-03
+88.74500E-06,+1.00697228043E+00,+1.00973616540E+00,+771.29395916E-03,-598.24123606E-03
+88.77000E-06,+998.17831069E-03,+1.29114319757E+00,+747.42461271E-03,-617.08545694E-03
+88.79500E-06,+1.02707278272E+00,+1.33134420216E+00,+786.99747659E-03,-598.24123606E-03
+88.82000E-06,+998.17831069E-03,+1.35018842304E+00,+766.89697430E-03,-568.71862332E-03
+88.84500E-06,+998.17831069E-03,+1.36275123702E+00,+746.79647200E-03,-598.24123606E-03
+88.87000E-06,+1.03837931529E+00,+1.33134420216E+00,+766.26883359E-03,-578.14073376E-03
+88.89500E-06,+969.28383866E-03,+1.34265073472E+00,+752.44973828E-03,-592.58796978E-03
+88.92000E-06,+995.66574786E-03,+1.33134420216E+00,+736.11808014E-03,-568.71862332E-03
+88.94500E-06,+998.17831069E-03,+1.34013817189E+00,+746.79647200E-03,-605.15078376E-03
+88.97000E-06,+1.03712303387E+00,+1.04993717000E+00,+785.74119518E-03,-558.66837217E-03
+88.99500E-06,+1.02707278272E+00,+1.03863063744E+00,+746.79647200E-03,-612.68847208E-03
+89.02000E-06,+1.03837931529E+00,+1.03109294912E+00,+756.21858244E-03,-586.30656279E-03
+89.04500E-06,+1.00697228043E+00,+1.04114320026E+00,+755.59044173E-03,-598.24123606E-03
+89.07000E-06,+998.17831069E-03,+1.00847988399E+00,+766.26883359E-03,-578.76887447E-03
+89.09500E-06,+1.00948484326E+00,+1.00973616540E+00,+752.44973828E-03,-578.14073376E-03
+89.12000E-06,+998.17831069E-03,+990.89194452E-03,+786.99747659E-03,-598.24123606E-03
+89.14500E-06,+998.17831069E-03,+1.01853013514E+00,+782.60049173E-03,-598.24123606E-03
+89.17000E-06,+999.43459211E-03,+1.29239947898E+00,+746.79647200E-03,-617.08545694E-03
+89.19500E-06,+1.02707278272E+00,+1.33134420216E+00,+775.69094403E-03,-563.69349775E-03
+89.22000E-06,+1.01702253157E+00,+1.31249998128E+00,+726.69596970E-03,-559.29651288E-03
+89.24500E-06,+1.03837931529E+00,+1.34013817189E+00,+742.39948713E-03,-571.23118607E-03
+89.27000E-06,+999.43459211E-03,+1.33008792075E+00,+765.64069288E-03,-576.88445235E-03
+89.29500E-06,+1.00948484326E+00,+1.33134420216E+00,+746.79647200E-03,-578.14073376E-03
+89.32000E-06,+1.01702253157E+00,+1.35270098587E+00,+766.89697430E-03,-599.49751748E-03
+89.34500E-06,+998.17831069E-03,+1.34013817189E+00,+746.79647200E-03,-578.14073376E-03
+89.37000E-06,+999.43459211E-03,+1.04993717000E+00,+746.16833129E-03,-539.19601058E-03
+89.39500E-06,+998.17831069E-03,+1.00973616540E+00,+732.34923598E-03,-592.58796978E-03
+89.42000E-06,+1.04089187812E+00,+1.02858038629E+00,+726.69596970E-03,-579.39701518E-03
+89.44500E-06,+966.77127583E-03,+1.00973616540E+00,+746.79647200E-03,-578.14073376E-03
+89.47000E-06,+1.03712303387E+00,+1.01099244682E+00,+766.26883359E-03,-558.66837217E-03
+89.49500E-06,+1.02707278272E+00,+992.14822594E-03,+746.79647200E-03,-572.48746748E-03
+89.52000E-06,+1.01953509440E+00,+1.03109294912E+00,+746.79647200E-03,-576.88445235E-03
+89.54500E-06,+1.02958534555E+00,+1.00973616540E+00,+755.59044173E-03,-562.43721633E-03
+89.57000E-06,+1.03837931529E+00,+1.29114319757E+00,+746.16833129E-03,-617.71359765E-03
+89.59500E-06,+1.03837931529E+00,+1.34265073472E+00,+766.89697430E-03,-563.69349775E-03
+89.62000E-06,+1.01702253157E+00,+1.30998741845E+00,+746.79647200E-03,-588.81912562E-03
+89.64500E-06,+1.00697228043E+00,+1.36275123702E+00,+746.79647200E-03,-562.43721633E-03
+89.67000E-06,+998.17831069E-03,+1.37028892534E+00,+766.26883359E-03,-577.51259306E-03
+89.69500E-06,+1.00948484326E+00,+1.33134420216E+00,+746.79647200E-03,-558.04023147E-03
+89.72000E-06,+976.82152698E-03,+1.33134420216E+00,+737.37436156E-03,-567.46234191E-03
+89.74500E-06,+998.17831069E-03,+1.36275123702E+00,+726.69596970E-03,-558.04023147E-03
+89.77000E-06,+996.92202928E-03,+1.04993717000E+00,+765.64069288E-03,-558.66837217E-03
+89.79500E-06,+998.17831069E-03,+1.04993717000E+00,+726.69596970E-03,-609.54776863E-03
+89.82000E-06,+1.01953509441E+00,+1.04993717000E+00,+736.11808014E-03,-578.14073376E-03
+89.84500E-06,+1.00697228043E+00,+1.00094219567E+00,+762.49998943E-03,-558.04023147E-03
+89.87000E-06,+1.03712303387E+00,+1.00973616540E+00,+766.89697430E-03,-578.76887447E-03
+89.89500E-06,+1.00948484326E+00,+1.00973616540E+00,+761.24370801E-03,-563.69349775E-03
+89.92000E-06,+998.17831069E-03,+1.00973616540E+00,+746.79647200E-03,-578.14073376E-03
+89.94500E-06,+1.03837931529E+00,+1.01853013514E+00,+738.00250227E-03,-578.14073376E-03
+89.97000E-06,+959.23358751E-03,+1.28988691615E+00,+707.22360811E-03,-596.98495465E-03
+89.99500E-06,+1.02079137582E+00,+1.30244973013E+00,+746.79647200E-03,-537.93972917E-03
+90.02000E-06,+1.01702253157E+00,+1.29114319757E+00,+737.37436156E-03,-559.29651288E-03
+90.04500E-06,+1.06978635015E+00,+1.36275123702E+00,+715.38943714E-03,-546.73369890E-03
+90.07000E-06,+998.17831069E-03,+1.33134420216E+00,+747.42461271E-03,-578.14073376E-03
+90.09500E-06,+1.02707278272E+00,+1.30244973013E+00,+741.14320572E-03,-558.04023147E-03
+90.12000E-06,+1.01702253157E+00,+1.31249998128E+00,+736.11808014E-03,-559.29651288E-03
+90.14500E-06,+1.03837931529E+00,+1.32255023243E+00,+731.09295457E-03,-569.34676403E-03
+90.17000E-06,+1.07732403847E+00,+1.04993717000E+00,+765.64069288E-03,-519.09550829E-03
+90.19500E-06,+998.17831069E-03,+1.06124370256E+00,+712.24873369E-03,-583.79400005E-03
+90.22000E-06,+1.00069087352E+00,+1.03109294912E+00,+736.11808014E-03,-587.56284420E-03
+90.24500E-06,+998.17831069E-03,+987.12310027E-03,+755.59044173E-03,-573.74374890E-03
+90.27000E-06,+1.03712303387E+00,+1.01099244682E+00,+746.16833129E-03,-578.14073376E-03
+90.29500E-06,+1.05596725475E+00,+1.02104269797E+00,+752.44973828E-03,-563.69349775E-03
+90.32000E-06,+998.17831069E-03,+1.02858038629E+00,+756.21858244E-03,-567.46234191E-03
+90.34500E-06,+998.17831069E-03,+1.04114320027E+00,+766.89697430E-03,-566.83420120E-03
+90.37000E-06,+1.03712303387E+00,+1.29114319757E+00,+746.79647200E-03,-597.61309535E-03
+90.39500E-06,+1.02707278272E+00,+1.34265073473E+00,+781.34421031E-03,-563.69349775E-03
+90.42000E-06,+1.01953509441E+00,+1.30998741845E+00,+786.99747659E-03,-578.14073376E-03
+90.44500E-06,+1.00697228042E+00,+1.37154520676E+00,+746.79647200E-03,-582.53771863E-03
+90.47000E-06,+998.17831069E-03,+1.33134420216E+00,+746.16833129E-03,-579.39701518E-03
+90.49500E-06,+1.02707278272E+00,+1.33134420216E+00,+746.79647200E-03,-592.58796978E-03
+90.52000E-06,+1.01953509441E+00,+1.30998741845E+00,+736.11808014E-03,-579.39701518E-03
+90.54500E-06,+966.77127583E-03,+1.34013817189E+00,+746.79647200E-03,-598.24123606E-03
+90.57000E-06,+998.17831069E-03,+1.04993717000E+00,+805.21355677E-03,-578.14073376E-03
+90.59500E-06,+1.01576625016E+00,+1.00973616540E+00,+732.34923598E-03,-603.89450234E-03
+90.62000E-06,+1.01953509441E+00,+1.04993717000E+00,+745.54019058E-03,-607.66334650E-03
+90.64500E-06,+1.00697228042E+00,+1.04114320027E+00,+762.49998943E-03,-598.24123606E-03
+90.67000E-06,+1.07606775705E+00,+1.04868088858E+00,+766.89697430E-03,-597.61309535E-03
+90.69500E-06,+1.00948484326E+00,+1.00973616540E+00,+766.89697430E-03,-572.48746748E-03
+90.72000E-06,+1.03837931529E+00,+1.03109294912E+00,+746.79647200E-03,-578.14073376E-03
+90.74500E-06,+998.17831069E-03,+1.01853013514E+00,+762.49998943E-03,-593.84425119E-03
+90.77000E-06,+998.17831069E-03,+1.29114319757E+00,+746.79647200E-03,-617.71359765E-03
+90.79500E-06,+998.17831069E-03,+1.36023867419E+00,+781.34421031E-03,-598.24123606E-03
+90.82000E-06,+1.03837931529E+00,+1.30998741845E+00,+777.57536615E-03,-588.81912562E-03
+90.84500E-06,+1.00697228042E+00,+1.34013817189E+00,+746.79647200E-03,-593.84425119E-03
+90.87000E-06,+999.43459211E-03,+1.33134420216E+00,+746.79647200E-03,-598.24123606E-03
+90.89500E-06,+998.17831069E-03,+1.36023867419E+00,+761.24370801E-03,-592.58796978E-03
+90.92000E-06,+1.01702253157E+00,+1.33385676499E+00,+757.47486386E-03,-598.24123606E-03
+90.94500E-06,+1.02958534556E+00,+1.33134420216E+00,+751.19345686E-03,-569.34676403E-03
+90.97000E-06,+998.17831069E-03,+1.04993717000E+00,+766.89697430E-03,-538.56786988E-03
+90.99500E-06,+998.17831069E-03,+1.02104269797E+00,+738.00250227E-03,-612.68847208E-03
+91.02000E-06,+1.01953509441E+00,+1.02858038628E+00,+706.59546740E-03,-558.04023147E-03
+91.04500E-06,+998.17831069E-03,+1.04993717000E+00,+731.09295457E-03,-573.74374890E-03
+91.07000E-06,+998.17831069E-03,+1.04993717000E+00,+746.16833129E-03,-538.56786988E-03
+91.09500E-06,+1.02707278272E+00,+1.03863063743E+00,+746.79647200E-03,-578.14073376E-03
+91.12000E-06,+1.03837931529E+00,+1.03109294912E+00,+756.21858244E-03,-588.81912562E-03
+91.14500E-06,+998.17831069E-03,+1.04993717000E+00,+758.10300456E-03,-573.74374890E-03
+91.17000E-06,+998.17831069E-03,+1.29239947898E+00,+746.16833129E-03,-597.61309535E-03
+91.19500E-06,+1.02707278272E+00,+1.34265073473E+00,+766.89697430E-03,-578.14073376E-03
+91.22000E-06,+1.01953509441E+00,+1.33134420216E+00,+766.89697430E-03,-559.29651288E-03
+91.24500E-06,+1.03837931529E+00,+1.34893214162E+00,+751.19345686E-03,-562.43721633E-03
+91.27000E-06,+998.17831069E-03,+1.33134420216E+00,+746.79647200E-03,-577.51259305E-03
+91.29500E-06,+980.59037123E-03,+1.33134420216E+00,+746.79647200E-03,-578.14073376E-03
+91.32000E-06,+1.01702253157E+00,+1.33134420216E+00,+725.43968828E-03,-568.71862332E-03
+91.34500E-06,+998.17831069E-03,+1.34013817189E+00,+746.79647200E-03,-589.44726633E-03
+91.37000E-06,+1.03586675245E+00,+1.04993717000E+00,+747.42461271E-03,-558.66837218E-03
+91.39500E-06,+986.87177813E-03,+1.07883164203E+00,+741.14320571E-03,-618.34173836E-03
+91.42000E-06,+1.01702253157E+00,+1.04993717000E+00,+726.69596970E-03,-578.14073376E-03
+91.44500E-06,+966.77127583E-03,+1.00973616540E+00,+766.89697430E-03,-573.74374890E-03
+91.47000E-06,+998.17831069E-03,+1.04868088858E+00,+746.79647200E-03,-558.04023147E-03
+91.49500E-06,+998.17831069E-03,+1.02732410487E+00,+723.55526625E-03,-543.59299545E-03
+91.52000E-06,+998.17831069E-03,+1.00973616540E+00,+737.37436156E-03,-568.71862332E-03
+91.54500E-06,+1.02958534556E+00,+1.00973616540E+00,+753.70601970E-03,-537.93972917E-03
+91.57000E-06,+999.43459211E-03,+1.25219847439E+00,+707.22360811E-03,-596.98495464E-03
+91.59500E-06,+1.02707278272E+00,+1.34265073473E+00,+775.69094403E-03,-549.24626174E-03
+91.62000E-06,+976.82152698E-03,+1.33134420216E+00,+768.15325571E-03,-567.46234191E-03
+91.64500E-06,+1.02958534556E+00,+1.33134420216E+00,+722.29898484E-03,-593.84425120E-03
+91.67000E-06,+998.17831069E-03,+1.37154520676E+00,+747.42461271E-03,-578.76887447E-03
+91.69500E-06,+969.28383866E-03,+1.36023867419E+00,+761.24370801E-03,-583.79400005E-03
+91.72000E-06,+1.01702253157E+00,+1.31249998128E+00,+746.79647200E-03,-588.81912562E-03
+91.74500E-06,+1.06099238042E+00,+1.33134420216E+00,+731.09295457E-03,-558.04023147E-03
+91.77000E-06,+999.43459211E-03,+1.04993717000E+00,+746.79647200E-03,-538.56786988E-03
+91.79500E-06,+998.17831069E-03,+1.02104269797E+00,+741.14320571E-03,-592.58796978E-03
+91.82000E-06,+1.03837931529E+00,+1.04993717000E+00,+727.95225112E-03,-578.14073376E-03
+91.84500E-06,+1.02958534556E+00,+1.01853013513E+00,+731.09295457E-03,-593.84425120E-03
+91.87000E-06,+996.92202927E-03,+1.00973616540E+00,+766.26883359E-03,-558.04023147E-03
+91.89500E-06,+998.17831069E-03,+1.00973616540E+00,+746.79647200E-03,-598.24123606E-03
+91.92000E-06,+1.01953509441E+00,+1.00973616540E+00,+757.47486386E-03,-598.24123606E-03
+91.94500E-06,+1.00697228042E+00,+1.00973616540E+00,+762.49998943E-03,-566.83420120E-03
+91.97000E-06,+998.17831069E-03,+1.29114319757E+00,+747.42461271E-03,-598.24123606E-03
+91.99500E-06,+1.03837931529E+00,+1.30244973013E+00,+786.99747659E-03,-592.58796978E-03
+92.02000E-06,+976.82152698E-03,+1.33134420216E+00,+737.37436156E-03,-579.39701518E-03
+92.04500E-06,+998.17831069E-03,+1.33134420216E+00,+742.39948713E-03,-553.64324660E-03
+92.07000E-06,+999.43459211E-03,+1.33134420216E+00,+746.79647200E-03,-558.04023147E-03
+92.09500E-06,+969.28383866E-03,+1.33134420216E+00,+712.24873369E-03,-572.48746748E-03
+92.12000E-06,+979.33408981E-03,+1.31249998128E+00,+717.27385926E-03,-576.88445235E-03
+92.14500E-06,+1.00697228042E+00,+1.33134420216E+00,+742.39948713E-03,-553.64324660E-03
+92.17000E-06,+998.17831069E-03,+1.04993717000E+00,+765.64069288E-03,-539.82415130E-03
+92.19500E-06,+1.02707278272E+00,+1.03863063743E+00,+712.24873369E-03,-598.24123606E-03
+92.22000E-06,+979.33408981E-03,+1.04993717000E+00,+746.79647200E-03,-558.04023147E-03
+92.24500E-06,+998.17831069E-03,+1.00973616540E+00,+751.19345686E-03,-562.43721633E-03
+92.27000E-06,+998.17831069E-03,+1.04993717000E+00,+747.42461271E-03,-558.04023147E-03
+92.29500E-06,+1.00948484326E+00,+1.00973616540E+00,+746.79647200E-03,-578.14073376E-03
+92.32000E-06,+998.17831069E-03,+1.03109294912E+00,+746.79647200E-03,-558.04023147E-03
+92.34500E-06,+998.17831069E-03,+1.01853013513E+00,+742.39948713E-03,-578.14073376E-03
+92.37000E-06,+1.03712303387E+00,+1.28988691615E+00,+707.22360811E-03,-596.35681393E-03
+92.39500E-06,+998.17831069E-03,+1.36023867419E+00,+755.59044173E-03,-572.48746748E-03
+92.42000E-06,+979.33408981E-03,+1.33134420216E+00,+756.21858244E-03,-558.04023147E-03
+92.44500E-06,+1.02958534556E+00,+1.36275123703E+00,+731.09295457E-03,-558.04023147E-03
+92.47000E-06,+999.43459211E-03,+1.37154520676E+00,+727.32411041E-03,-558.04023147E-03
+92.49500E-06,+1.00948484326E+00,+1.34265073473E+00,+752.44973828E-03,-586.93470349E-03
+92.52000E-06,+998.17831069E-03,+1.35018842304E+00,+746.79647200E-03,-568.71862332E-03
+92.54500E-06,+998.17831069E-03,+1.34013817189E+00,+726.69596970E-03,-558.04023147E-03
+92.57000E-06,+999.43459211E-03,+1.08888189317E+00,+785.11305446E-03,-519.09550829E-03
+92.59500E-06,+986.87177812E-03,+1.00973616540E+00,+726.69596970E-03,-578.14073376E-03
+92.62000E-06,+1.03837931529E+00,+1.02858038628E+00,+757.47486386E-03,-598.24123606E-03
+92.64500E-06,+966.77127583E-03,+969.53516081E-03,+755.59044173E-03,-573.74374890E-03
+92.67000E-06,+1.00069087353E+00,+1.04993717000E+00,+766.26883359E-03,-597.61309535E-03
+92.69500E-06,+1.02707278272E+00,+980.84169338E-03,+752.44973828E-03,-589.44726633E-03
+92.72000E-06,+1.01953509441E+00,+1.00973616540E+00,+746.79647200E-03,-587.56284420E-03
+92.74500E-06,+998.17831069E-03,+1.08134420486E+00,+755.59044173E-03,-578.14073376E-03
+92.77000E-06,+1.03712303387E+00,+1.29239947899E+00,+747.42461271E-03,-617.71359765E-03
+92.79500E-06,+1.02707278272E+00,+1.31375626270E+00,+792.65074288E-03,-563.69349775E-03
+92.82000E-06,+1.00069087353E+00,+1.33134420216E+00,+766.89697430E-03,-568.71862332E-03
+92.84500E-06,+998.17831069E-03,+1.33134420216E+00,+746.79647200E-03,-578.14073376E-03
+92.87000E-06,+996.92202927E-03,+1.33134420216E+00,+747.42461271E-03,-578.14073376E-03
+92.89500E-06,+980.59037123E-03,+1.33134420216E+00,+752.44973828E-03,-592.58796978E-03
+92.92000E-06,+976.82152698E-03,+1.30998741844E+00,+746.79647200E-03,-598.24123606E-03
+92.94500E-06,+966.77127583E-03,+1.33134420216E+00,+755.59044173E-03,-593.84425120E-03
+92.97000E-06,+1.07606775704E+00,+1.04993717000E+00,+766.89697430E-03,-559.92465360E-03
+92.99500E-06,+1.00948484326E+00,+1.07883164203E+00,+761.24370801E-03,-598.24123606E-03
+93.02000E-06,+1.03837931529E+00,+1.04993717000E+00,+756.21858244E-03,-598.24123606E-03
+93.04500E-06,+1.00697228042E+00,+1.04114320027E+00,+731.09295457E-03,-578.14073376E-03
+93.07000E-06,+1.03837931529E+00,+1.00973616540E+00,+746.79647200E-03,-578.14073376E-03
+93.09500E-06,+1.00948484326E+00,+1.00973616540E+00,+746.79647200E-03,-578.14073376E-03
+93.12000E-06,+1.01953509441E+00,+1.00973616540E+00,+746.79647200E-03,-558.04023147E-03
+93.14500E-06,+998.17831069E-03,+1.00973616540E+00,+762.49998943E-03,-546.73369890E-03
+93.17000E-06,+998.17831069E-03,+1.29114319757E+00,+727.95225112E-03,-597.61309535E-03
+93.19500E-06,+1.02707278272E+00,+1.33134420216E+00,+752.44973828E-03,-592.58796978E-03
+93.22000E-06,+998.17831069E-03,+1.35018842304E+00,+758.73114528E-03,-608.91962792E-03
+93.24500E-06,+1.02958534556E+00,+1.34013817189E+00,+746.79647200E-03,-582.53771863E-03
+93.27000E-06,+1.03837931529E+00,+1.41048992993E+00,+766.26883359E-03,-597.61309535E-03
+93.29500E-06,+998.17831069E-03,+1.36023867419E+00,+761.24370801E-03,-563.69349775E-03
+93.32000E-06,+1.03837931529E+00,+1.33134420216E+00,+777.57536615E-03,-588.81912562E-03
+93.34500E-06,+1.06978635015E+00,+1.33134420216E+00,+766.89697430E-03,-593.84425120E-03
+93.37000E-06,+1.03712303387E+00,+1.04868088858E+00,+766.26883359E-03,-539.82415130E-03
+93.39500E-06,+1.02707278272E+00,+1.02104269797E+00,+732.34923599E-03,-612.68847207E-03
+93.42000E-06,+1.04089187813E+00,+1.04993717000E+00,+746.79647200E-03,-556.78395005E-03
+93.44500E-06,+1.02958534556E+00,+1.04114320027E+00,+739.88692429E-03,-573.74374890E-03
+93.47000E-06,+959.23358752E-03,+1.04868088858E+00,+746.16833129E-03,-596.98495464E-03
+93.49500E-06,+1.02707278272E+00,+1.03863063743E+00,+761.24370801E-03,-603.89450235E-03
+93.52000E-06,+1.01702253157E+00,+1.00722360256E+00,+736.11808014E-03,-558.04023147E-03
+93.54500E-06,+1.03837931529E+00,+1.07255023514E+00,+731.09295457E-03,-573.74374890E-03
+93.57000E-06,+1.03837931529E+00,+1.33134420216E+00,+746.16833129E-03,-577.51259305E-03
+93.59500E-06,+1.06727378731E+00,+1.33134420216E+00,+766.89697430E-03,-578.14073376E-03
+93.62000E-06,+1.00069087353E+00,+1.33134420216E+00,+756.21858244E-03,-558.04023147E-03
+93.64500E-06,+1.01576625015E+00,+1.37154520676E+00,+742.39948713E-03,-542.33671403E-03
+93.67000E-06,+1.03712303387E+00,+1.33260048358E+00,+746.79647200E-03,-578.14073376E-03
+93.69500E-06,+998.17831069E-03,+1.31375626270E+00,+741.14320571E-03,-578.14073376E-03
+93.72000E-06,+998.17831069E-03,+1.33134420216E+00,+736.11808014E-03,-567.46234190E-03
+93.74500E-06,+1.00697228042E+00,+1.30873113702E+00,+726.69596970E-03,-593.84425120E-03
+93.77000E-06,+1.03712303387E+00,+1.08888189317E+00,+766.26883359E-03,-558.04023147E-03
+93.79500E-06,+1.03837931529E+00,+1.03863063743E+00,+726.69596970E-03,-586.93470349E-03
+93.82000E-06,+1.01953509441E+00,+1.04742460716E+00,+725.43968828E-03,-578.14073376E-03
+93.84500E-06,+1.00697228042E+00,+1.00973616540E+00,+726.69596970E-03,-553.64324660E-03
+93.87000E-06,+1.03712303387E+00,+970.79144223E-03,+727.32411041E-03,-558.04023147E-03
+93.89500E-06,+998.17831069E-03,+980.84169338E-03,+741.14320571E-03,-543.59299545E-03
+93.92000E-06,+998.17831069E-03,+1.03109294912E+00,+736.11808014E-03,-558.04023147E-03
+93.94500E-06,+998.17831069E-03,+1.00973616540E+00,+710.99245227E-03,-562.43721633E-03
+93.97000E-06,+961.74615036E-03,+1.33134420216E+00,+706.59546740E-03,-576.88445234E-03
+93.99500E-06,+1.03837931529E+00,+1.36023867419E+00,+741.14320571E-03,-523.49249316E-03
+94.02000E-06,+957.97730610E-03,+1.29114319757E+00,+757.47486386E-03,-567.46234190E-03
+94.04500E-06,+1.02958534556E+00,+1.34013817189E+00,+722.29898484E-03,-558.04023147E-03
+94.07000E-06,+998.17831069E-03,+1.33260048358E+00,+746.79647200E-03,-578.14073376E-03
+94.09500E-06,+998.17831069E-03,+1.38285173932E+00,+746.79647200E-03,-572.48746748E-03
+94.12000E-06,+1.01702253157E+00,+1.31249998128E+00,+757.47486386E-03,-558.04023147E-03
+94.14500E-06,+1.02958534556E+00,+1.34013817189E+00,+726.69596970E-03,-578.14073376E-03
+94.17000E-06,+998.17831069E-03,+1.01099244683E+00,+746.79647200E-03,-538.56786988E-03
+94.19500E-06,+998.17831069E-03,+992.14822595E-03,+746.79647200E-03,-578.14073376E-03
+94.22000E-06,+998.17831069E-03,+1.02858038628E+00,+716.01757784E-03,-568.71862333E-03
+94.24500E-06,+935.36424096E-03,+1.04114320027E+00,+746.79647200E-03,-578.14073376E-03
+94.27000E-06,+996.92202927E-03,+1.00973616540E+00,+746.79647200E-03,-577.51259305E-03
+94.29500E-06,+1.02707278272E+00,+1.03863063743E+00,+741.14320571E-03,-563.69349775E-03
+94.32000E-06,+1.01953509441E+00,+1.00973616540E+00,+726.69596970E-03,-556.78395005E-03
+94.34500E-06,+1.03837931529E+00,+1.04993717000E+00,+742.39948713E-03,-573.74374890E-03
+94.37000E-06,+998.17831069E-03,+1.33134420216E+00,+746.16833129E-03,-577.51259305E-03
+94.39500E-06,+1.02707278272E+00,+1.31375626271E+00,+752.44973828E-03,-552.38696518E-03
+94.42000E-06,+1.01702253157E+00,+1.30998741844E+00,+746.79647200E-03,-567.46234190E-03
+94.44500E-06,+1.01576625015E+00,+1.36275123703E+00,+731.09295456E-03,-573.74374890E-03
+94.47000E-06,+1.03837931529E+00,+1.37028892533E+00,+766.26883358E-03,-577.51259305E-03
+94.49500E-06,+998.17831069E-03,+1.33134420216E+00,+732.34923599E-03,-552.38696518E-03
+94.52000E-06,+1.01702253157E+00,+1.33134420216E+00,+746.79647200E-03,-568.71862333E-03
+94.54500E-06,+1.06978635015E+00,+1.34013817189E+00,+710.99245227E-03,-589.44726633E-03
+94.57000E-06,+998.17831069E-03,+1.08888189317E+00,+746.79647200E-03,-558.04023147E-03
+94.59500E-06,+1.00948484326E+00,+1.09641958148E+00,+735.48993943E-03,-563.69349775E-03
+94.62000E-06,+998.17831069E-03,+1.07129395372E+00,+726.69596970E-03,-567.46234190E-03
+94.64500E-06,+1.03837931529E+00,+1.00973616540E+00,+726.69596970E-03,-569.34676404E-03
+94.67000E-06,+1.03712303387E+00,+1.00847988398E+00,+727.32411041E-03,-558.04023147E-03
+94.69500E-06,+1.02079137583E+00,+1.03863063743E+00,+732.34923599E-03,-558.04023147E-03
+94.72000E-06,+998.17831069E-03,+1.00973616540E+00,+726.69596970E-03,-558.04023147E-03
+94.74500E-06,+1.01199740611E+00,+1.01853013513E+00,+738.00250227E-03,-553.64324660E-03
+94.77000E-06,+961.74615036E-03,+1.29114319757E+00,+687.12310582E-03,-578.14073376E-03
+94.79500E-06,+998.17831069E-03,+1.34265073473E+00,+746.79647200E-03,-552.38696518E-03
+94.82000E-06,+995.66574785E-03,+1.33134420216E+00,+737.37436156E-03,-558.04023147E-03
+94.84500E-06,+1.03837931529E+00,+1.33134420216E+00,+710.99245227E-03,-573.74374890E-03
+94.87000E-06,+999.43459211E-03,+1.33134420216E+00,+746.79647200E-03,-578.76887447E-03
+94.89500E-06,+1.00948484326E+00,+1.36023867418E+00,+741.14320571E-03,-578.14073376E-03
+94.92000E-06,+998.17831069E-03,+1.35270098588E+00,+737.37436156E-03,-579.39701519E-03
+94.94500E-06,+1.02958534556E+00,+1.32255023243E+00,+738.00250227E-03,-558.04023147E-03
+94.97000E-06,+999.43459211E-03,+1.01099244683E+00,+765.64069287E-03,-539.19601059E-03
+94.99500E-06,+998.17831069E-03,+1.02104269797E+00,+726.69596970E-03,-586.93470349E-03
+95.02000E-06,+1.01953509441E+00,+1.02858038628E+00,+766.89697430E-03,-576.88445234E-03
+95.04500E-06,+966.77127582E-03,+1.00973616540E+00,+771.29395916E-03,-582.53771863E-03
+95.07000E-06,+1.03712303386E+00,+1.00973616540E+00,+785.74119517E-03,-559.29651289E-03
+95.09500E-06,+1.02707278272E+00,+1.00973616540E+00,+758.10300457E-03,-592.58796978E-03
+95.12000E-06,+1.03837931529E+00,+1.02858038628E+00,+768.15325572E-03,-578.14073376E-03
+95.14500E-06,+1.03837931529E+00,+1.04993717000E+00,+766.89697430E-03,-586.93470349E-03
+95.17000E-06,+998.17831069E-03,+1.29114319757E+00,+746.79647200E-03,-598.24123606E-03
+95.19500E-06,+1.03837931529E+00,+1.31375626271E+00,+786.99747659E-03,-583.79400005E-03
+95.22000E-06,+998.17831069E-03,+1.33134420216E+00,+727.95225112E-03,-536.68344775E-03
+95.24500E-06,+998.17831069E-03,+1.36275123703E+00,+726.69596970E-03,-542.33671403E-03
+95.27000E-06,+1.03837931529E+00,+1.29365576041E+00,+726.06782899E-03,-537.93972917E-03
+95.29500E-06,+1.00948484326E+00,+1.30244973014E+00,+726.69596970E-03,-537.93972917E-03
+95.32000E-06,+998.17831069E-03,+1.35018842304E+00,+716.01757784E-03,-558.04023147E-03
+95.34500E-06,+966.77127582E-03,+1.34013817189E+00,+715.38943713E-03,-537.93972917E-03
+95.37000E-06,+998.17831069E-03,+1.04868088858E+00,+745.54019058E-03,-538.56786988E-03
+95.39500E-06,+1.01576625014E+00,+1.00973616540E+00,+697.80149768E-03,-592.58796978E-03
+95.42000E-06,+1.03837931529E+00,+1.04993717000E+00,+736.11808014E-03,-588.81912562E-03
+95.44500E-06,+998.17831069E-03,+1.04993717000E+00,+746.79647200E-03,-569.34676404E-03
+95.47000E-06,+1.03837931529E+00,+970.79144223E-03,+727.32411041E-03,-559.29651289E-03
+95.49500E-06,+1.00948484326E+00,+1.00973616540E+00,+732.34923599E-03,-558.04023147E-03
+95.52000E-06,+1.01702253157E+00,+1.03109294912E+00,+746.79647200E-03,-578.14073376E-03
+95.54500E-06,+998.17831069E-03,+1.01853013513E+00,+762.49998943E-03,-578.14073376E-03
+95.57000E-06,+998.17831069E-03,+1.29114319757E+00,+707.85174883E-03,-577.51259305E-03
+95.59500E-06,+1.00948484326E+00,+1.34265073473E+00,+772.55024058E-03,-572.48746748E-03
+95.62000E-06,+1.01702253157E+00,+1.30998741844E+00,+766.89697430E-03,-578.14073376E-03
+95.64500E-06,+1.02958534556E+00,+1.37154520676E+00,+762.49998943E-03,-562.43721633E-03
+95.67000E-06,+998.17831069E-03,+1.29365576041E+00,+727.32411041E-03,-578.76887447E-03
+95.69500E-06,+1.00948484326E+00,+1.36023867418E+00,+766.89697430E-03,-586.93470349E-03
+95.72000E-06,+1.03837931529E+00,+1.33134420216E+00,+757.47486386E-03,-568.71862333E-03
+95.74500E-06,+1.02958534556E+00,+1.33134420216E+00,+762.49998943E-03,-558.04023147E-03
+95.77000E-06,+999.43459212E-03,+1.04868088858E+00,+726.69596970E-03,-539.19601059E-03
+95.79500E-06,+998.17831069E-03,+1.02104269798E+00,+717.90199998E-03,-592.58796978E-03
+95.82000E-06,+1.03837931529E+00,+1.04993717000E+00,+748.05275342E-03,-578.14073376E-03
+95.84500E-06,+966.77127582E-03,+1.00973616540E+00,+746.79647200E-03,-598.24123606E-03
+95.87000E-06,+998.17831069E-03,+1.01099244683E+00,+785.74119517E-03,-578.14073376E-03
+95.89500E-06,+1.02707278272E+00,+1.02104269798E+00,+766.89697430E-03,-578.14073376E-03
+95.92000E-06,+998.17831069E-03,+990.89194453E-03,+757.47486386E-03,-578.14073376E-03
+95.94500E-06,+998.17831069E-03,+1.00973616540E+00,+782.60049173E-03,-598.24123606E-03
+95.97000E-06,+998.17831069E-03,+1.25345475582E+00,+766.89697430E-03,-598.24123606E-03
+95.99500E-06,+1.06727378731E+00,+1.33134420216E+00,+786.99747659E-03,-592.58796977E-03
+96.02000E-06,+1.01953509441E+00,+1.30998741844E+00,+758.73114528E-03,-558.04023147E-03
+96.04500E-06,+1.03837931529E+00,+1.33134420216E+00,+731.09295456E-03,-558.04023147E-03
+96.07000E-06,+998.17831069E-03,+1.33260048358E+00,+746.16833129E-03,-578.14073376E-03
+96.09500E-06,+980.59037124E-03,+1.34893214161E+00,+746.79647200E-03,-563.69349775E-03
+96.12000E-06,+976.82152697E-03,+1.33134420216E+00,+746.79647200E-03,-568.71862333E-03
+96.14500E-06,+1.00697228042E+00,+1.33134420216E+00,+746.79647200E-03,-593.84425120E-03
+96.17000E-06,+1.03712303386E+00,+1.04993717000E+00,+726.69596970E-03,-558.66837218E-03
+96.19500E-06,+1.00948484326E+00,+1.00973616540E+00,+746.79647200E-03,-598.24123606E-03
+96.22000E-06,+1.01702253157E+00,+1.05244973285E+00,+746.79647200E-03,-587.56284420E-03
+96.24500E-06,+1.01576625014E+00,+1.04114320027E+00,+755.59044172E-03,-578.14073376E-03
+96.27000E-06,+1.03837931529E+00,+1.00973616540E+00,+746.79647200E-03,-539.19601059E-03
+96.29500E-06,+1.03837931529E+00,+980.84169338E-03,+746.79647200E-03,-563.69349775E-03
+96.32000E-06,+998.17831069E-03,+990.89194453E-03,+737.37436156E-03,-559.29651289E-03
+96.34500E-06,+1.02958534556E+00,+1.01853013513E+00,+753.70601971E-03,-578.14073376E-03
+96.37000E-06,+1.03712303386E+00,+1.29239947899E+00,+727.32411041E-03,-578.14073376E-03
+96.39500E-06,+1.03837931529E+00,+1.30244973014E+00,+761.24370801E-03,-558.04023147E-03
+96.42000E-06,+998.17831069E-03,+1.33134420216E+00,+756.21858243E-03,-567.46234190E-03
+96.44500E-06,+1.06099238043E+00,+1.29114319757E+00,+710.99245227E-03,-551.13068376E-03
+96.47000E-06,+999.43459212E-03,+1.33134420216E+00,+746.16833129E-03,-578.14073376E-03
+96.49500E-06,+998.17831069E-03,+1.34265073473E+00,+732.34923599E-03,-563.69349775E-03
+96.52000E-06,+1.01702253157E+00,+1.33134420216E+00,+746.79647200E-03,-567.46234190E-03
+96.54500E-06,+998.17831069E-03,+1.29993716729E+00,+710.99245227E-03,-573.74374890E-03
+96.57000E-06,+998.17831069E-03,+1.04993717000E+00,+766.89697430E-03,-537.93972917E-03
+96.59500E-06,+998.17831069E-03,+1.00973616540E+00,+741.14320571E-03,-578.14073376E-03
+96.62000E-06,+998.17831069E-03,+1.02858038628E+00,+737.37436156E-03,-576.88445234E-03
+96.64500E-06,+966.77127582E-03,+1.01853013513E+00,+751.19345686E-03,-598.24123606E-03
+96.67000E-06,+1.03586675244E+00,+1.04868088857E+00,+746.79647200E-03,-597.61309535E-03
+96.69500E-06,+969.28383867E-03,+980.84169338E-03,+746.79647200E-03,-583.79400005E-03
+96.72000E-06,+1.01953509441E+00,+1.04993717000E+00,+768.15325572E-03,-587.56284420E-03
+96.74500E-06,+1.01576625014E+00,+1.04993717000E+00,+746.79647200E-03,-582.53771863E-03
+96.77000E-06,+999.43459212E-03,+1.29239947899E+00,+747.42461271E-03,-578.14073376E-03
+96.79500E-06,+1.03837931529E+00,+1.30244973014E+00,+766.89697430E-03,-563.69349775E-03
+96.82000E-06,+1.01953509441E+00,+1.33134420216E+00,+746.79647200E-03,-558.04023147E-03
+96.84500E-06,+1.00697228042E+00,+1.36275123703E+00,+735.48993943E-03,-562.43721633E-03
+96.87000E-06,+999.43459212E-03,+1.33260048359E+00,+746.79647200E-03,-577.51259305E-03
+96.89500E-06,+998.17831069E-03,+1.33134420216E+00,+726.69596970E-03,-586.93470349E-03
+96.92000E-06,+1.01702253157E+00,+1.35270098588E+00,+737.37436156E-03,-587.56284420E-03
+96.94500E-06,+1.00697228042E+00,+1.38033917648E+00,+726.69596970E-03,-582.53771863E-03
+96.97000E-06,+998.17831069E-03,+1.04993717000E+00,+746.79647200E-03,-558.66837218E-03
+96.99500E-06,+998.17831069E-03,+1.03863063743E+00,+726.69596970E-03,-598.24123606E-03
+97.02000E-06,+1.03837931529E+00,+1.05244973285E+00,+726.69596970E-03,-567.46234190E-03
+97.04500E-06,+1.00697228042E+00,+1.00973616540E+00,+746.79647200E-03,-558.04023147E-03
+97.07000E-06,+1.03712303386E+00,+972.04772366E-03,+708.47988954E-03,-538.56786988E-03
+97.09500E-06,+1.00948484327E+00,+1.02732410485E+00,+738.00250227E-03,-558.04023147E-03
+97.12000E-06,+1.01953509441E+00,+1.00973616540E+00,+736.11808014E-03,-578.14073376E-03
+97.14500E-06,+1.02958534556E+00,+1.00973616540E+00,+722.29898484E-03,-553.64324660E-03
+97.17000E-06,+999.43459212E-03,+1.29239947899E+00,+707.85174883E-03,-577.51259305E-03
+97.19500E-06,+1.02707278271E+00,+1.33134420216E+00,+755.59044172E-03,-552.38696518E-03
+97.22000E-06,+998.17831069E-03,+1.33134420216E+00,+726.69596970E-03,-558.04023147E-03
+97.24500E-06,+1.03837931529E+00,+1.35395726731E+00,+722.29898484E-03,-578.14073376E-03
+97.27000E-06,+998.17831069E-03,+1.37154520676E+00,+746.16833129E-03,-558.04023147E-03
+97.29500E-06,+998.17831069E-03,+1.36023867418E+00,+741.14320571E-03,-586.93470349E-03
+97.32000E-06,+1.01953509441E+00,+1.35270098588E+00,+727.95225113E-03,-568.71862333E-03
+97.34500E-06,+1.03837931529E+00,+1.29993716729E+00,+742.39948714E-03,-562.43721633E-03
+97.37000E-06,+998.17831069E-03,+1.04868088857E+00,+746.79647200E-03,-500.25128742E-03
+97.39500E-06,+1.02707278271E+00,+998.42963283E-03,+721.04270341E-03,-578.14073376E-03
+97.42000E-06,+1.03837931529E+00,+1.02858038628E+00,+748.05275342E-03,-578.14073376E-03
+97.44500E-06,+1.00697228042E+00,+1.01853013513E+00,+751.19345686E-03,-558.04023147E-03
+97.47000E-06,+999.43459212E-03,+1.01099244683E+00,+746.16833129E-03,-576.88445234E-03
+97.49500E-06,+1.02707278271E+00,+1.00973616540E+00,+761.24370801E-03,-569.34676404E-03
+97.52000E-06,+1.05722353616E+00,+1.04993717000E+00,+737.37436156E-03,-579.39701519E-03
+97.54500E-06,+998.17831069E-03,+1.01853013513E+00,+766.89697430E-03,-578.14073376E-03
+97.57000E-06,+998.17831069E-03,+1.29239947899E+00,+746.16833129E-03,-597.61309535E-03
+97.59500E-06,+1.02707278271E+00,+1.31375626271E+00,+772.55024058E-03,-558.04023147E-03
+97.62000E-06,+1.03837931529E+00,+1.30998741844E+00,+746.79647200E-03,-558.04023147E-03
+97.64500E-06,+1.02958534556E+00,+1.34013817188E+00,+731.09295456E-03,-566.83420119E-03
+97.67000E-06,+998.17831069E-03,+1.33260048359E+00,+746.16833129E-03,-596.35681392E-03
+97.69500E-06,+998.17831069E-03,+1.33134420216E+00,+717.90199998E-03,-558.04023147E-03
+97.72000E-06,+1.01702253156E+00,+1.35018842303E+00,+716.01757784E-03,-567.46234190E-03
+97.74500E-06,+1.03837931529E+00,+1.34013817188E+00,+742.39948714E-03,-573.74374890E-03
+97.77000E-06,+1.03712303386E+00,+1.01099244683E+00,+746.16833129E-03,-539.82415131E-03
+97.79500E-06,+998.17831069E-03,+1.00973616540E+00,+735.48993942E-03,-586.93470349E-03
+97.82000E-06,+1.05973609901E+00,+1.04993717000E+00,+736.11808014E-03,-578.14073376E-03
+97.84500E-06,+998.17831069E-03,+1.00973616540E+00,+771.29395916E-03,-573.74374890E-03
+97.87000E-06,+1.03837931529E+00,+1.00973616540E+00,+766.89697430E-03,-578.14073376E-03
+97.89500E-06,+998.17831069E-03,+1.00973616540E+00,+772.55024058E-03,-563.69349775E-03
+97.92000E-06,+1.03837931529E+00,+1.04993717000E+00,+766.89697430E-03,-587.56284420E-03
+97.94500E-06,+1.02958534556E+00,+987.12310026E-03,+746.79647200E-03,-566.83420119E-03
+97.97000E-06,+998.17831069E-03,+1.29114319757E+00,+726.69596970E-03,-577.51259305E-03
+97.99500E-06,+1.01576625014E+00,+1.32003766959E+00,+781.34421031E-03,-572.48746748E-03
+98.02000E-06,+1.03586675244E+00,+1.30998741844E+00,+737.37436156E-03,-547.36183960E-03
+98.04500E-06,+1.02958534556E+00,+1.34013817188E+00,+742.39948714E-03,-562.43721633E-03
+98.07000E-06,+1.07732403846E+00,+1.37028892533E+00,+746.16833129E-03,-577.51259305E-03
+98.09500E-06,+998.17831069E-03,+1.33134420216E+00,+746.79647200E-03,-572.48746748E-03
+98.12000E-06,+1.01702253156E+00,+1.33134420216E+00,+757.47486386E-03,-568.71862333E-03
+98.14500E-06,+1.02958534556E+00,+1.34013817188E+00,+726.69596970E-03,-553.64324660E-03
+98.17000E-06,+999.43459212E-03,+1.04868088857E+00,+785.74119517E-03,-537.93972917E-03
+98.19500E-06,+998.17831069E-03,+1.00973616540E+00,+726.69596970E-03,-592.58796977E-03
+98.22000E-06,+1.05973609901E+00,+1.02858038628E+00,+746.79647200E-03,-568.71862333E-03
+98.24500E-06,+975.56524554E-03,+1.00973616540E+00,+755.59044172E-03,-573.74374890E-03
+98.27000E-06,+996.92202927E-03,+1.04868088857E+00,+746.79647200E-03,-578.14073376E-03
+98.29500E-06,+1.04466072216E+00,+1.00973616540E+00,+752.44973829E-03,-578.14073376E-03
+98.32000E-06,+1.01953509442E+00,+1.02858038628E+00,+766.89697430E-03,-587.56284420E-03
+98.34500E-06,+1.04717328501E+00,+1.03234923055E+00,+771.29395916E-03,-593.84425120E-03
+98.37000E-06,+1.03712303386E+00,+1.29114319757E+00,+746.79647200E-03,-617.71359765E-03
+98.39500E-06,+998.17831069E-03,+1.34265073474E+00,+763.75627086E-03,-558.04023147E-03
+98.42000E-06,+1.01953509442E+00,+1.28863063471E+00,+726.69596970E-03,-579.39701519E-03
+98.44500E-06,+1.02958534556E+00,+1.29993716729E+00,+726.69596970E-03,-551.13068375E-03
+98.47000E-06,+998.17831069E-03,+1.33134420216E+00,+726.69596970E-03,-558.04023147E-03
+98.49500E-06,+998.17831069E-03,+1.33134420216E+00,+726.69596970E-03,-563.69349775E-03
+98.52000E-06,+998.17831069E-03,+1.37154520676E+00,+725.43968827E-03,-579.39701519E-03
+98.54500E-06,+1.00697228041E+00,+1.34013817188E+00,+726.69596970E-03,-578.14073376E-03
+98.57000E-06,+996.92202927E-03,+1.04993717000E+00,+766.26883358E-03,-558.66837218E-03
+98.59500E-06,+1.00948484327E+00,+1.03863063742E+00,+712.24873369E-03,-598.24123606E-03
+98.62000E-06,+1.03837931529E+00,+1.03109294913E+00,+726.69596970E-03,-587.56284420E-03
+98.64500E-06,+1.00697228041E+00,+1.04114320028E+00,+751.19345686E-03,-578.14073376E-03
+98.67000E-06,+1.07481147560E+00,+1.00973616540E+00,+767.52511501E-03,-558.66837218E-03
+98.69500E-06,+998.17831069E-03,+998.42963283E-03,+752.44973829E-03,-563.69349775E-03
+98.72000E-06,+998.17831069E-03,+1.03109294913E+00,+757.47486386E-03,-598.24123606E-03
+98.74500E-06,+998.17831069E-03,+978.32913053E-03,+746.79647200E-03,-578.14073376E-03
+98.77000E-06,+1.27958534285E+00,+1.33008792073E+00,+687.75124653E-03,-618.34173836E-03
+98.79500E-06,+1.34868081947E+00,+1.36023867418E+00,+781.34421031E-03,-537.93972917E-03
+98.82000E-06,+1.33863056832E+00,+1.39038942763E+00,+848.55526491E-03,-416.08043396E-03
+98.84500E-06,+1.39139438692E+00,+1.38033917648E+00,+699.68591969E-03,-493.34173971E-03
+98.87000E-06,+1.20043961509E+00,+1.33008792073E+00,+747.42461271E-03,-598.24123606E-03
+98.89500E-06,+1.37129388462E+00,+1.41174621135E+00,+732.34923599E-03,-532.28646288E-03
+98.92000E-06,+1.29842956372E+00,+1.29114319757E+00,+748.05275342E-03,-568.71862333E-03
+98.94500E-06,+1.35998735204E+00,+1.36275123703E+00,+746.79647200E-03,-537.93972917E-03
+98.97000E-06,+1.07732403845E+00,+1.01099244683E+00,+767.52511501E-03,-497.73872457E-03
+98.99500E-06,+998.17831069E-03,+1.03863063742E+00,+706.59546740E-03,-603.89450235E-03
+99.02000E-06,+1.20169589652E+00,+1.19189696751E+00,+624.93717679E-03,-688.06535569E-03
+99.04500E-06,+903.95720607E-03,+1.00094219568E+00,+717.90199998E-03,-631.53269294E-03
+99.07000E-06,+1.11878132448E+00,+1.09013817459E+00,+746.16833128E-03,-478.89450370E-03
+99.09500E-06,+888.88182948E-03,+929.33415622E-03,+775.69094402E-03,-603.89450235E-03
+99.12000E-06,+1.11878132448E+00,+1.07129395372E+00,+726.69596970E-03,-576.88445234E-03
+99.14500E-06,+1.00697228041E+00,+1.00973616540E+00,+766.89697430E-03,-562.43721633E-03
+99.17000E-06,+1.28084162428E+00,+1.29239947899E+00,+726.69596970E-03,-597.61309535E-03
+99.19500E-06,+1.35998735204E+00,+1.33134420216E+00,+801.44471260E-03,-517.83922687E-03
+99.22000E-06,+1.30094212658E+00,+1.33134420216E+00,+807.09797889E-03,-477.63822228E-03
+99.24500E-06,+1.40018835664E+00,+1.37154520676E+00,+746.79647200E-03,-542.33671403E-03
+99.27000E-06,+1.27832906143E+00,+1.29239947899E+00,+766.26883358E-03,-579.39701519E-03
+99.29500E-06,+1.37129388462E+00,+1.37154520676E+00,+741.14320571E-03,-566.83420119E-03
+99.32000E-06,+1.27958534285E+00,+1.31249998129E+00,+734.86179871E-03,-576.88445234E-03
+99.34500E-06,+1.32858031717E+00,+1.34013817188E+00,+731.09295456E-03,-578.14073376E-03
+99.37000E-06,+1.03963559671E+00,+1.04868088857E+00,+766.89697430E-03,-518.46736759E-03
+99.39500E-06,+1.03335418958E+00,+998.42963283E-03,+712.24873369E-03,-658.54274295E-03
+99.42000E-06,+1.07858031988E+00,+1.09265073745E+00,+705.33918598E-03,-608.91962792E-03
+99.44500E-06,+957.97730610E-03,+978.32913053E-03,+782.60049173E-03,-582.53771862E-03
+99.47000E-06,+1.11752504305E+00,+1.04993717000E+00,+766.26883358E-03,-538.56786988E-03
+99.49500E-06,+957.97730610E-03,+998.42963283E-03,+746.79647200E-03,-563.69349775E-03
+99.52000E-06,+1.05722353616E+00,+1.04993717000E+00,+745.54019057E-03,-556.78395004E-03
+99.54500E-06,+998.17831069E-03,+1.00973616540E+00,+746.79647200E-03,-569.34676404E-03
+99.57000E-06,+1.27958534285E+00,+1.33008792073E+00,+687.75124653E-03,-637.18595923E-03
+99.59500E-06,+1.35998735204E+00,+1.33134420216E+00,+755.59044172E-03,-532.28646288E-03
+99.62000E-06,+1.31978634745E+00,+1.33134420216E+00,+816.52008932E-03,-497.73872457E-03
+99.64500E-06,+1.40898232636E+00,+1.37154520676E+00,+710.99245226E-03,-578.14073376E-03
+99.67000E-06,+1.28084162428E+00,+1.29239947899E+00,+766.89697430E-03,-597.61309535E-03
+99.69500E-06,+1.35998735204E+00,+1.38285173933E+00,+738.00250228E-03,-546.73369889E-03
+99.72000E-06,+1.27958534285E+00,+1.29114319757E+00,+766.89697430E-03,-578.14073376E-03
+99.74500E-06,+1.35998735204E+00,+1.29993716729E+00,+731.09295456E-03,-573.74374890E-03
+99.77000E-06,+1.07858031988E+00,+1.04742460714E+00,+785.74119516E-03,-519.09550830E-03
+99.79500E-06,+1.01576625013E+00,+1.00973616540E+00,+692.14823139E-03,-638.44224066E-03
+99.82000E-06,+1.07858031988E+00,+1.04993717000E+00,+706.59546740E-03,-598.24123606E-03
+99.84500E-06,+926.57027122E-03,+1.01853013513E+00,+771.29395916E-03,-598.24123606E-03
+99.87000E-06,+1.07732403845E+00,+1.04993717000E+00,+766.89697430E-03,-538.56786988E-03
+99.89500E-06,+957.97730610E-03,+969.53516081E-03,+766.89697430E-03,-583.79400005E-03
+99.92000E-06,+1.03837931529E+00,+1.04993717000E+00,+757.47486386E-03,-568.71862333E-03
+99.94500E-06,+966.77127582E-03,+1.04993717000E+00,+766.89697430E-03,-573.74374890E-03
+99.97000E-06,+1.28084162428E+00,+1.29239947899E+00,+726.69596970E-03,-617.08545693E-03
+99.99500E-06,+1.33109288003E+00,+1.34265073474E+00,+807.09797889E-03,-523.49249316E-03
+100.02000E-06,+1.35998735204E+00,+1.35018842303E+00,+807.09797889E-03,-477.63822228E-03
+100.04500E-06,+1.35998735204E+00,+1.36275123703E+00,+722.29898484E-03,-558.04023147E-03
+100.07000E-06,+1.24064061969E+00,+1.33134420216E+00,+747.42461271E-03,-578.14073376E-03
+100.09500E-06,+1.41149488921E+00,+1.40043967877E+00,+706.59546740E-03,-552.38696518E-03
+100.12000E-06,+1.30094212658E+00,+1.33134420216E+00,+736.11808014E-03,-558.04023147E-03
+100.14500E-06,+1.35998735204E+00,+1.34013817188E+00,+726.69596970E-03,-558.04023147E-03
+100.17000E-06,+1.03837931529E+00,+1.01099244683E+00,+766.26883358E-03,-498.99500600E-03
+100.19500E-06,+998.17831069E-03,+1.02732410484E+00,+712.24873369E-03,-638.44224066E-03
+100.22000E-06,+1.05973609901E+00,+1.07129395372E+00,+716.01757784E-03,-598.24123606E-03
+100.24500E-06,+966.77127582E-03,+1.04114320028E+00,+782.60049173E-03,-578.14073376E-03
+100.27000E-06,+1.11752504305E+00,+1.01099244683E+00,+726.69596970E-03,-537.93972917E-03
+100.29500E-06,+986.87177812E-03,+958.22862823E-03,+732.34923599E-03,-563.69349775E-03
+100.32000E-06,+1.05722353616E+00,+1.04993717000E+00,+737.37436156E-03,-556.78395004E-03
+100.34500E-06,+998.17831069E-03,+1.00973616540E+00,+742.39948714E-03,-562.43721633E-03
+100.37000E-06,+1.27958534285E+00,+1.33008792073E+00,+706.59546740E-03,-597.61309535E-03
+100.39500E-06,+1.31978634745E+00,+1.36023867418E+00,+755.59044172E-03,-503.39199086E-03
+100.42000E-06,+1.30094212658E+00,+1.36903264390E+00,+816.52008932E-03,-487.06033271E-03
+100.44500E-06,+1.42280142179E+00,+1.36275123704E+00,+715.38943712E-03,-558.04023147E-03
+100.47000E-06,+1.27958534285E+00,+1.29114319757E+00,+747.42461271E-03,-578.14073376E-03
+100.49500E-06,+1.34239941260E+00,+1.37154520676E+00,+752.44973829E-03,-558.04023147E-03
+100.52000E-06,+1.31978634745E+00,+1.31249998129E+00,+756.21858243E-03,-568.71862333E-03
+100.54500E-06,+1.35119338232E+00,+1.33134420216E+00,+731.09295456E-03,-553.64324661E-03
+100.57000E-06,+1.03963559672E+00,+1.04868088857E+00,+766.26883358E-03,-498.99500600E-03
+100.59500E-06,+998.17831069E-03,+1.00973616540E+00,+700.94220111E-03,-638.44224066E-03
+100.62000E-06,+1.05973609901E+00,+1.04993717000E+00,+686.49496511E-03,-627.76384879E-03
+100.64500E-06,+966.77127582E-03,+1.04993717000E+00,+786.99747659E-03,-586.93470348E-03
+100.67000E-06,+1.03963559672E+00,+1.04993717000E+00,+765.64069287E-03,-537.93972917E-03
+100.69500E-06,+929.08283408E-03,+969.53516081E-03,+761.24370801E-03,-578.14073376E-03
+100.72000E-06,+1.01953509442E+00,+1.06878139087E+00,+757.47486386E-03,-579.39701519E-03
+100.74500E-06,+1.00697228041E+00,+1.04114320028E+00,+751.19345686E-03,-593.84425120E-03
+100.77000E-06,+1.27958534285E+00,+1.33260048359E+00,+726.69596970E-03,-598.24123606E-03
+100.79500E-06,+1.35998735204E+00,+1.32003766958E+00,+792.65074288E-03,-517.83922687E-03
+100.82000E-06,+1.31978634745E+00,+1.33134420216E+00,+797.67586846E-03,-448.11560955E-03
+100.84500E-06,+1.39139438692E+00,+1.36275123704E+00,+706.59546740E-03,-544.84927689E-03
+100.87000E-06,+1.24064061969E+00,+1.25345475583E+00,+746.16833128E-03,-597.61309535E-03
+100.89500E-06,+1.34239941260E+00,+1.37154520676E+00,+726.69596970E-03,-558.04023147E-03
+100.92000E-06,+1.25822855913E+00,+1.30998741843E+00,+746.79647200E-03,-567.46234190E-03
+100.94500E-06,+1.29717328229E+00,+1.33134420216E+00,+726.69596970E-03,-558.04023147E-03
+100.97000E-06,+1.03963559672E+00,+1.08762561173E+00,+785.11305445E-03,-518.46736759E-03
+100.99500E-06,+1.05596725473E+00,+1.00973616540E+00,+706.59546740E-03,-652.88947666E-03
+101.02000E-06,+1.14013810820E+00,+1.03109294913E+00,+675.81657324E-03,-649.12063252E-03
+101.04500E-06,+966.77127582E-03,+1.00094219568E+00,+751.19345686E-03,-578.14073376E-03
+101.07000E-06,+1.07732403845E+00,+1.01099244683E+00,+766.89697430E-03,-537.93972917E-03
+101.09500E-06,+986.87177811E-03,+998.42963283E-03,+746.79647200E-03,-563.69349776E-03
+101.12000E-06,+1.03837931529E+00,+1.03109294913E+00,+726.69596970E-03,-558.04023147E-03
+101.14500E-06,+989.38434097E-03,+1.01853013512E+00,+742.39948714E-03,-546.73369889E-03
+101.17000E-06,+1.28084162428E+00,+1.33134420216E+00,+706.59546740E-03,-598.24123606E-03
+101.19500E-06,+1.38888182406E+00,+1.33134420216E+00,+770.03767773E-03,-503.39199086E-03
+101.22000E-06,+1.31978634745E+00,+1.35018842303E+00,+828.45476262E-03,-477.63822228E-03
+101.24500E-06,+1.40018835664E+00,+1.37154520676E+00,+726.69596970E-03,-558.04023147E-03
+101.27000E-06,+1.31853006602E+00,+1.33134420216E+00,+786.36933588E-03,-597.61309535E-03
+101.29500E-06,+1.35998735204E+00,+1.37154520676E+00,+741.14320571E-03,-552.38696518E-03
+101.32000E-06,+1.33863056832E+00,+1.31249998129E+00,+748.05275343E-03,-576.88445233E-03
+101.34500E-06,+1.39139438692E+00,+1.33134420216E+00,+731.09295456E-03,-573.74374890E-03
+101.37000E-06,+1.03963559672E+00,+1.04868088857E+00,+766.89697430E-03,-499.62314672E-03
+101.39500E-06,+1.02707278271E+00,+1.03863063742E+00,+706.59546740E-03,-618.34173836E-03
+101.42000E-06,+839.88685517E-03,+889.13315162E-03,+736.11808013E-03,-536.68344774E-03
+101.44500E-06,+989.38434097E-03,+969.53516081E-03,+668.27888481E-03,-616.45731636E-03
+101.47000E-06,+915.26373864E-03,+929.33415622E-03,+727.32411042E-03,-618.34173836E-03
+101.49500E-06,+1.15898232907E+00,+1.10144470717E+00,+721.04270341E-03,-532.28646288E-03
+101.52000E-06,+917.77630150E-03,+948.17837708E-03,+736.11808013E-03,-588.81912563E-03
+101.54500E-06,+1.06978635016E+00,+1.09013817459E+00,+710.99245226E-03,-573.74374890E-03
+101.57000E-06,+1.27958534285E+00,+1.29114319757E+00,+707.85174883E-03,-578.14073376E-03
+101.59500E-06,+1.33737428689E+00,+1.30244973015E+00,+746.79647200E-03,-523.49249316E-03
+101.62000E-06,+1.31978634745E+00,+1.40923364849E+00,+837.87687305E-03,-416.08043396E-03
+101.64500E-06,+1.43159539151E+00,+1.36275123704E+00,+710.99245226E-03,-542.33671403E-03
+101.67000E-06,+1.23938433826E+00,+1.29114319757E+00,+766.89697430E-03,-596.98495463E-03
+101.69500E-06,+1.37129388462E+00,+1.38285173933E+00,+741.14320571E-03,-523.49249316E-03
+101.72000E-06,+1.27958534285E+00,+1.31249998129E+00,+765.64069287E-03,-567.46234190E-03
+101.74500E-06,+1.33737428689E+00,+1.37154520676E+00,+722.29898484E-03,-558.04023147E-03
+101.77000E-06,+1.03837931529E+00,+972.04772367E-03,+766.89697430E-03,-518.46736759E-03
+101.79500E-06,+1.03837931529E+00,+1.00973616540E+00,+706.59546740E-03,-632.78897437E-03
+101.82000E-06,+1.05973609901E+00,+1.00973616540E+00,+685.23868368E-03,-638.44224066E-03
+101.84500E-06,+957.97730610E-03,+1.00973616540E+00,+786.99747659E-03,-598.24123606E-03
+101.87000E-06,+1.11752504305E+00,+1.09013817459E+00,+767.52511501E-03,-499.62314672E-03
+101.89500E-06,+917.77630150E-03,+958.22862823E-03,+752.44973829E-03,-609.54776864E-03
+101.92000E-06,+1.04089187815E+00,+1.07129395373E+00,+748.05275343E-03,-547.36183960E-03
+101.94500E-06,+989.38434097E-03,+1.01853013512E+00,+766.89697430E-03,-566.83420118E-03
+101.97000E-06,+1.28084162428E+00,+1.29239947900E+00,+707.85174883E-03,-617.08545693E-03
+101.99500E-06,+1.30847981487E+00,+1.33134420216E+00,+801.44471260E-03,-509.04525715E-03
+102.02000E-06,+1.31978634745E+00,+1.40923364849E+00,+848.55526491E-03,-426.75882582E-03
+102.04500E-06,+1.44038936123E+00,+1.37154520676E+00,+679.58541739E-03,-533.54274431E-03
+102.07000E-06,+1.23812805683E+00,+1.29114319757E+00,+727.95225113E-03,-597.61309535E-03
+102.09500E-06,+1.42908282865E+00,+1.38285173933E+00,+726.69596970E-03,-546.73369889E-03
+102.12000E-06,+1.27707277999E+00,+1.27229897670E+00,+756.21858243E-03,-558.04023147E-03
+102.14500E-06,+1.39139438692E+00,+1.34013817188E+00,+710.99245226E-03,-578.14073376E-03
+102.17000E-06,+1.07858031988E+00,+1.00973616540E+00,+746.79647200E-03,-479.52264442E-03
+102.19500E-06,+998.17831069E-03,+1.00973616540E+00,+700.94220111E-03,-623.99500465E-03
+102.22000E-06,+1.05973609901E+00,+1.02858038627E+00,+695.91707554E-03,-627.76384879E-03
+102.24500E-06,+895.16323634E-03,+1.04114320028E+00,+782.60049173E-03,-586.93470348E-03
+102.27000E-06,+1.11752504304E+00,+1.05119345143E+00,+785.74119516E-03,-498.36686529E-03
+102.29500E-06,+935.36424094E-03,+929.33415622E-03,+752.44973829E-03,-618.34173836E-03
+102.32000E-06,+1.09742454075E+00,+1.07129395373E+00,+757.47486386E-03,-568.71862333E-03
+102.34500E-06,+1.00697228041E+00,+1.00094219569E+00,+786.99747659E-03,-582.53771862E-03
+102.37000E-06,+1.28084162429E+00,+1.29239947900E+00,+727.32411042E-03,-637.18595922E-03
+102.39500E-06,+1.35998735204E+00,+1.34265073474E+00,+812.75124518E-03,-532.28646288E-03
+102.42000E-06,+1.30094212658E+00,+1.36903264389E+00,+868.65576721E-03,-426.75882582E-03
+102.44500E-06,+1.44038936123E+00,+1.38033917647E+00,+695.28893482E-03,-533.54274431E-03
+102.47000E-06,+1.23938433826E+00,+1.25219847440E+00,+748.05275343E-03,-597.61309535E-03
+102.49500E-06,+1.45169589381E+00,+1.44064068336E+00,+732.34923599E-03,-543.59299546E-03
+102.52000E-06,+1.23687177540E+00,+1.29114319757E+00,+756.21858243E-03,-556.78395004E-03
+102.54500E-06,+1.35998735204E+00,+1.37154520676E+00,+726.69596970E-03,-578.14073376E-03
+102.57000E-06,+1.03963559672E+00,+1.04993717000E+00,+766.26883358E-03,-498.99500601E-03
+102.59500E-06,+1.03837931529E+00,+1.04993717000E+00,+700.94220111E-03,-632.78897437E-03
+102.62000E-06,+1.07858031988E+00,+1.03109294913E+00,+675.81657324E-03,-638.44224066E-03
+102.64500E-06,+966.77127582E-03,+978.32913053E-03,+818.40451147E-03,-566.83420118E-03
+102.67000E-06,+1.11752504304E+00,+1.01350500970E+00,+786.36933588E-03,-517.83922687E-03
+102.69500E-06,+917.77630150E-03,+958.22862823E-03,+738.00250228E-03,-598.24123606E-03
+102.72000E-06,+1.05722353615E+00,+1.04993717000E+00,+717.27385927E-03,-558.04023147E-03
+102.74500E-06,+989.38434098E-03,+946.92209565E-03,+782.60049173E-03,-582.53771862E-03
+102.77000E-06,+1.24189690112E+00,+1.29114319757E+00,+707.22360812E-03,-617.08545693E-03
+102.79500E-06,+1.34868081946E+00,+1.33134420216E+00,+775.69094401E-03,-517.83922687E-03
+102.82000E-06,+1.30094212658E+00,+1.39038942762E+00,+887.49998808E-03,-406.65832352E-03
+102.84500E-06,+1.44038936123E+00,+1.39415827192E+00,+738.00250228E-03,-573.74374891E-03
+102.87000E-06,+1.27832906142E+00,+1.29114319757E+00,+747.42461271E-03,-598.24123606E-03
+102.89500E-06,+1.42280142180E+00,+1.42305274393E+00,+741.14320571E-03,-558.04023147E-03
+102.92000E-06,+1.27707277999E+00,+1.31249998130E+00,+756.21858243E-03,-587.56284420E-03
+102.94500E-06,+1.35998735204E+00,+1.34013817188E+00,+726.69596970E-03,-578.14073376E-03
+102.97000E-06,+1.04089187815E+00,+1.04868088857E+00,+766.26883358E-03,-498.99500601E-03
+102.99500E-06,+998.17831069E-03,+1.00973616540E+00,+726.69596970E-03,-644.09550695E-03
+103.02000E-06,+1.07858031988E+00,+1.00973616540E+00,+656.97235238E-03,-638.44224066E-03
+103.04500E-06,+926.57027122E-03,+978.32913053E-03,+766.89697430E-03,-591.33168834E-03
+103.07000E-06,+1.11878132448E+00,+1.09139445603E+00,+745.54019057E-03,-478.89450371E-03
+103.09500E-06,+935.36424094E-03,+929.33415622E-03,+741.14320571E-03,-569.34676405E-03
+103.12000E-06,+1.07858031988E+00,+1.04993717000E+00,+716.01757784E-03,-547.36183960E-03
+103.14500E-06,+998.17831069E-03,+1.00973616540E+00,+731.09295456E-03,-562.43721632E-03
+103.17000E-06,+1.28084162429E+00,+1.29239947900E+00,+727.32411042E-03,-598.24123606E-03
+103.19500E-06,+1.37757529148E+00,+1.33134420216E+00,+786.99747659E-03,-509.04525715E-03
+103.22000E-06,+1.31978634745E+00,+1.36903264389E+00,+867.39948578E-03,-386.55782122E-03
+103.24500E-06,+1.44038936123E+00,+1.40295224163E+00,+675.18843253E-03,-513.44224201E-03
+103.27000E-06,+1.23938433826E+00,+1.25219847440E+00,+746.79647200E-03,-598.24123606E-03
+103.29500E-06,+1.41149488922E+00,+1.38285173934E+00,+726.69596970E-03,-532.28646288E-03
+103.32000E-06,+1.23687177540E+00,+1.29114319757E+00,+737.37436157E-03,-568.71862333E-03
+103.34500E-06,+1.35119338233E+00,+1.37154520676E+00,+710.99245226E-03,-558.04023147E-03
+103.37000E-06,+1.07732403845E+00,+1.04742460713E+00,+746.16833128E-03,-498.99500601E-03
+103.39500E-06,+1.00948484327E+00,+1.06752510943E+00,+706.59546740E-03,-603.89450235E-03
+103.42000E-06,+1.01702253156E+00,+1.03109294913E+00,+746.79647200E-03,-578.14073376E-03
+103.44500E-06,+1.00697228041E+00,+969.53516081E-03,+666.39446281E-03,-734.54776728E-03
+103.47000E-06,+998.17831069E-03,+1.04993717000E+00,+787.62561731E-03,-497.73872457E-03
+103.49500E-06,+1.03837931529E+00,+1.06752510943E+00,+732.34923599E-03,-578.14073376E-03
+103.52000E-06,+1.01702253156E+00,+990.89194454E-03,+716.01757784E-03,-598.24123606E-03
+103.54500E-06,+1.00697228041E+00,+1.04993717000E+00,+722.29898484E-03,-562.43721632E-03
+103.57000E-06,+1.23938433826E+00,+1.25219847440E+00,+687.75124654E-03,-597.61309534E-03
+103.59500E-06,+1.35998735204E+00,+1.30244973015E+00,+786.99747659E-03,-537.93972917E-03
+103.62000E-06,+1.31978634745E+00,+1.39038942762E+00,+828.45476262E-03,-406.65832352E-03
+103.64500E-06,+1.42280142180E+00,+1.41174621135E+00,+706.59546740E-03,-529.14575945E-03
+103.67000E-06,+1.23938433826E+00,+1.29114319757E+00,+746.16833128E-03,-578.76887448E-03
+103.69500E-06,+1.42280142180E+00,+1.38285173934E+00,+721.04270341E-03,-532.28646288E-03
+103.72000E-06,+1.30094212658E+00,+1.29114319757E+00,+757.47486386E-03,-558.04023147E-03
+103.74500E-06,+1.39139438692E+00,+1.33134420216E+00,+706.59546740E-03,-537.93972917E-03
+103.77000E-06,+1.03963559672E+00,+1.04993717000E+00,+766.26883358E-03,-478.26636299E-03
+103.79500E-06,+1.02707278271E+00,+1.00973616540E+00,+677.70099539E-03,-609.54776864E-03
+103.82000E-06,+1.09993710361E+00,+1.02858038627E+00,+666.39446281E-03,-659.79902439E-03
+103.84500E-06,+966.77127581E-03,+1.04993717000E+00,+771.29395915E-03,-555.52766860E-03
+103.87000E-06,+1.07983660131E+00,+1.13033917919E+00,+764.38441143E-03,-498.99500601E-03
+103.89500E-06,+888.88182949E-03,+929.33415622E-03,+772.55024059E-03,-612.68847207E-03
+103.92000E-06,+1.09742454075E+00,+1.07129395373E+00,+748.05275343E-03,-558.04023147E-03
+103.94500E-06,+957.97730610E-03,+969.53516081E-03,+771.29395915E-03,-578.14073376E-03
+103.97000E-06,+1.28209790572E+00,+1.33134420216E+00,+726.06782898E-03,-617.71359764E-03
+103.99500E-06,+1.33737428688E+00,+1.34265073474E+00,+792.65074288E-03,-537.93972917E-03
+104.02000E-06,+1.31978634745E+00,+1.38787686475E+00,+878.07787765E-03,-395.97993165E-03
+104.04500E-06,+1.44038936123E+00,+1.34013817188E+00,+710.99245226E-03,-529.14575945E-03
+104.07000E-06,+1.24064061969E+00,+1.29114319757E+00,+747.42461271E-03,-596.98495463E-03
+104.09500E-06,+1.41149488922E+00,+1.38285173934E+00,+726.69596970E-03,-532.28646288E-03
+104.12000E-06,+1.25822855912E+00,+1.27229897670E+00,+745.54019057E-03,-588.81912563E-03
+104.14500E-06,+1.35998735204E+00,+1.40295224163E+00,+726.69596970E-03,-562.43721632E-03
+104.17000E-06,+1.07732403845E+00,+1.04868088857E+00,+726.69596970E-03,-498.99500601E-03
+104.19500E-06,+1.06727378730E+00,+1.00973616540E+00,+706.59546740E-03,-647.23621037E-03
+104.22000E-06,+1.01702253156E+00,+1.00973616540E+00,+746.79647200E-03,-588.81912563E-03
+104.24500E-06,+998.17831069E-03,+969.53516081E-03,+677.70099539E-03,-738.94475214E-03
+104.27000E-06,+1.03712303385E+00,+972.04772368E-03,+787.62561731E-03,-517.83922687E-03
+104.29500E-06,+1.02707278270E+00,+1.03863063742E+00,+746.79647200E-03,-569.34676405E-03
+104.32000E-06,+1.01953509442E+00,+950.69093995E-03,+726.69596970E-03,-598.24123606E-03
+104.34500E-06,+1.00697228041E+00,+1.01853013512E+00,+742.39948714E-03,-582.53771862E-03
+104.37000E-06,+1.24064061969E+00,+1.25219847441E+00,+707.85174884E-03,-617.08545692E-03
+104.39500E-06,+1.34868081946E+00,+1.37154520676E+00,+781.34421030E-03,-517.83922687E-03
+104.42000E-06,+1.29842956372E+00,+1.35018842302E+00,+849.81154635E-03,-385.30153979E-03
+104.44500E-06,+1.44038936123E+00,+1.37154520676E+00,+710.99245226E-03,-549.24626175E-03
+104.47000E-06,+1.23938433826E+00,+1.25219847441E+00,+727.32411042E-03,-596.98495463E-03
+104.49500E-06,+1.38260041721E+00,+1.38285173934E+00,+726.69596970E-03,-537.93972917E-03
+104.52000E-06,+1.29842956372E+00,+1.29114319757E+00,+746.79647200E-03,-548.61812103E-03
+104.54500E-06,+1.35998735204E+00,+1.36275123704E+00,+722.29898484E-03,-553.64324661E-03
+104.57000E-06,+1.07858031988E+00,+1.04868088857E+00,+726.69596970E-03,-498.36686529E-03
+104.59500E-06,+1.02707278270E+00,+1.04993717000E+00,+686.49496511E-03,-598.24123606E-03
+104.62000E-06,+1.10244966648E+00,+1.04993717000E+00,+686.49496511E-03,-669.22113482E-03
+104.64500E-06,+895.16323634E-03,+1.04993717000E+00,+807.09797889E-03,-573.74374891E-03
+104.67000E-06,+1.11752504304E+00,+1.09013817459E+00,+746.16833128E-03,-537.31158845E-03
+104.69500E-06,+917.77630150E-03,+918.02762363E-03,+746.79647200E-03,-603.89450235E-03
+104.72000E-06,+1.09993710361E+00,+1.06878139086E+00,+757.47486386E-03,-547.36183960E-03
+104.74500E-06,+998.17831069E-03,+978.32913052E-03,+755.59044171E-03,-582.53771862E-03
+104.77000E-06,+1.28084162429E+00,+1.33134420216E+00,+727.32411042E-03,-617.71359764E-03
+104.79500E-06,+1.34868081946E+00,+1.32003766958E+00,+801.44471260E-03,-523.49249316E-03
+104.82000E-06,+1.31978634745E+00,+1.40923364848E+00,+848.55526492E-03,-417.33671539E-03
+104.84500E-06,+1.43159539152E+00,+1.39415827192E+00,+695.28893482E-03,-513.44224201E-03
+104.87000E-06,+1.20043961510E+00,+1.25094219297E+00,+747.42461272E-03,-596.98495463E-03
+104.89500E-06,+1.40018835664E+00,+1.41174621135E+00,+726.69596970E-03,-532.28646288E-03
+104.92000E-06,+1.25822855912E+00,+1.29114319757E+00,+766.89697430E-03,-568.71862333E-03
+104.94500E-06,+1.35119338233E+00,+1.38033917647E+00,+726.69596970E-03,-562.43721632E-03
+104.97000E-06,+1.03963559672E+00,+1.04868088856E+00,+747.42461272E-03,-498.36686529E-03
+104.99500E-06,+1.03837931529E+00,+1.04993717000E+00,+706.59546740E-03,-638.44224066E-03
+105.02000E-06,+1.03837931529E+00,+1.03109294914E+00,+756.21858243E-03,-579.39701520E-03
+105.04500E-06,+944.15821065E-03,+938.12812593E-03,+697.80149769E-03,-718.84424984E-03
+105.07000E-06,+1.07858031988E+00,+1.01099244684E+00,+786.99747659E-03,-477.63822228E-03
+105.09500E-06,+998.17831069E-03,+1.05621857684E+00,+738.00250228E-03,-583.79400006E-03
+105.12000E-06,+998.17831069E-03,+990.89194454E-03,+736.11808013E-03,-587.56284419E-03
+105.14500E-06,+1.03837931529E+00,+1.01853013512E+00,+733.60551743E-03,-582.53771862E-03
+105.17000E-06,+1.20169589653E+00,+1.25094219297E+00,+726.69596970E-03,-617.08545692E-03
+105.19500E-06,+1.35998735204E+00,+1.33134420216E+00,+775.69094401E-03,-537.93972917E-03
+105.22000E-06,+1.29842956372E+00,+1.36903264389E+00,+848.55526492E-03,-405.40204208E-03
+105.24500E-06,+1.40898232635E+00,+1.37154520676E+00,+738.00250228E-03,-537.93972917E-03
+105.27000E-06,+1.23938433826E+00,+1.28988691613E+00,+746.79647200E-03,-598.24123606E-03
+105.29500E-06,+1.41149488922E+00,+1.41174621135E+00,+741.14320571E-03,-546.73369888E-03
+105.32000E-06,+1.29842956372E+00,+1.31249998130E+00,+766.89697430E-03,-567.46234190E-03
+105.34500E-06,+1.35119338233E+00,+1.34013817187E+00,+726.69596970E-03,-558.04023147E-03
+105.37000E-06,+1.07858031988E+00,+1.04868088856E+00,+766.26883358E-03,-498.36686529E-03
+105.39500E-06,+998.17831069E-03,+1.00973616540E+00,+686.49496511E-03,-612.68847207E-03
+105.42000E-06,+1.12129388735E+00,+1.02858038627E+00,+666.39446281E-03,-659.79902439E-03
+105.44500E-06,+926.57027122E-03,+1.04114320029E+00,+780.08792887E-03,-598.24123606E-03
+105.47000E-06,+1.07858031988E+00,+1.08888189316E+00,+727.32411042E-03,-499.62314673E-03
+105.49500E-06,+877.57529691E-03,+918.02762363E-03,+781.34421030E-03,-598.24123606E-03
+105.52000E-06,+1.07858031988E+00,+1.09265073746E+00,+746.79647200E-03,-578.14073376E-03
+105.54500E-06,+989.38434098E-03,+978.32913052E-03,+786.99747659E-03,-582.53771862E-03
+105.57000E-06,+1.31853006601E+00,+1.29239947900E+00,+727.32411042E-03,-637.18595922E-03
+105.59500E-06,+1.38888182405E+00,+1.33134420216E+00,+801.44471260E-03,-537.93972917E-03
+105.62000E-06,+1.30094212659E+00,+1.40923364848E+00,+859.23365679E-03,-395.97993165E-03
+105.64500E-06,+1.46300242640E+00,+1.38033917647E+00,+690.89194996E-03,-529.14575946E-03
+105.67000E-06,+1.23812805682E+00,+1.28988691613E+00,+766.26883358E-03,-559.29651290E-03
+105.69500E-06,+1.44038936123E+00,+1.41174621135E+00,+692.14823140E-03,-523.49249316E-03
+105.72000E-06,+1.27958534285E+00,+1.29114319757E+00,+754.96230099E-03,-547.36183960E-03
+105.74500E-06,+1.35119338233E+00,+1.37154520676E+00,+726.69596970E-03,-562.43721632E-03
+105.77000E-06,+1.07732403845E+00,+1.04868088856E+00,+746.79647200E-03,-498.36686529E-03
+105.79500E-06,+1.05596725471E+00,+1.03863063742E+00,+697.80149769E-03,-629.64827094E-03
+105.82000E-06,+998.17831069E-03,+1.05244973287E+00,+726.69596970E-03,-578.14073376E-03
+105.84500E-06,+1.00697228041E+00,+960.74119110E-03,+697.80149769E-03,-734.54776729E-03
+105.87000E-06,+1.03837931529E+00,+1.04993717000E+00,+787.62561731E-03,-459.42214213E-03
+105.89500E-06,+1.03837931529E+00,+1.03863063741E+00,+732.34923599E-03,-583.79400006E-03
+105.92000E-06,+1.05973609902E+00,+1.01224872828E+00,+716.01757783E-03,-568.71862333E-03
+105.94500E-06,+1.03837931529E+00,+1.01853013512E+00,+738.00250228E-03,-566.83420118E-03
+105.97000E-06,+1.24064061970E+00,+1.28988691613E+00,+687.12310582E-03,-597.61309534E-03
+105.99500E-06,+1.38888182405E+00,+1.36023867417E+00,+761.24370800E-03,-537.93972917E-03
+106.02000E-06,+1.29842956372E+00,+1.37154520676E+00,+848.55526492E-03,-394.72365022E-03
+106.04500E-06,+1.41777629606E+00,+1.38033917647E+00,+722.29898484E-03,-533.54274431E-03
+106.07000E-06,+1.27832906142E+00,+1.29114319757E+00,+766.26883358E-03,-616.45731620E-03
+106.09500E-06,+1.38888182405E+00,+1.41174621135E+00,+715.38943712E-03,-523.49249316E-03
+106.12000E-06,+1.27707277998E+00,+1.31249998130E+00,+746.79647200E-03,-548.61812104E-03
+106.14500E-06,+1.39139438693E+00,+1.36275123704E+00,+710.99245226E-03,-549.24626175E-03
+106.17000E-06,+1.07858031988E+00,+1.04868088856E+00,+746.79647200E-03,-498.99500601E-03
+106.19500E-06,+998.17831069E-03,+1.00973616540E+00,+692.14823140E-03,-618.34173836E-03
+106.22000E-06,+1.09993710361E+00,+1.02858038627E+00,+656.97235238E-03,-649.12063252E-03
+106.24500E-06,+926.57027122E-03,+1.01853013512E+00,+802.70099403E-03,-551.13068374E-03
+106.27000E-06,+1.11752504304E+00,+1.09139445603E+00,+745.54019056E-03,-537.93972917E-03
+106.29500E-06,+888.88182949E-03,+958.22862823E-03,+772.55024059E-03,-612.68847207E-03
+106.32000E-06,+1.05722353615E+00,+1.06878139086E+00,+746.79647200E-03,-547.36183960E-03
+106.34500E-06,+989.38434098E-03,+978.32913052E-03,+771.29395915E-03,-598.24123606E-03
+106.37000E-06,+1.03837931529E+00,+1.29239947900E+00,+747.42461272E-03,-596.98495462E-03
+106.39500E-06,+1.05596725471E+00,+1.30244973015E+00,+778.20350688E-03,-543.59299546E-03
+106.42000E-06,+979.33408983E-03,+1.33134420216E+00,+746.79647200E-03,-537.93972917E-03
+106.44500E-06,+1.03837931529E+00,+1.33134420216E+00,+726.69596970E-03,-537.93972917E-03
+106.47000E-06,+998.17831069E-03,+1.29365576044E+00,+745.54019056E-03,-558.04023147E-03
+106.49500E-06,+1.02079137586E+00,+1.37154520676E+00,+723.55526628E-03,-558.04023147E-03
+106.52000E-06,+998.17831069E-03,+1.29114319757E+00,+726.69596970E-03,-567.46234190E-03
+106.54500E-06,+1.00697228040E+00,+1.33134420216E+00,+726.69596970E-03,-566.83420118E-03
+106.57000E-06,+1.03712303385E+00,+1.04868088856E+00,+746.16833128E-03,-537.93972917E-03
+106.59500E-06,+998.17831069E-03,+1.04993717000E+00,+726.69596970E-03,-583.79400006E-03
+106.62000E-06,+1.01953509443E+00,+1.04993717000E+00,+746.79647200E-03,-576.88445233E-03
+106.64500E-06,+1.00697228040E+00,+987.12310023E-03,+746.79647200E-03,-573.74374891E-03
+106.67000E-06,+1.03712303385E+00,+1.00973616540E+00,+766.89697430E-03,-558.04023147E-03
+106.69500E-06,+1.03837931529E+00,+1.04993717000E+00,+752.44973829E-03,-563.69349776E-03
+106.72000E-06,+1.01702253155E+00,+1.02858038627E+00,+736.11808013E-03,-547.36183960E-03
+106.74500E-06,+1.02958534557E+00,+1.04114320029E+00,+746.79647200E-03,-562.43721632E-03
+106.77000E-06,+1.27958534285E+00,+1.33134420216E+00,+687.12310582E-03,-617.08545692E-03
+106.79500E-06,+1.35998735204E+00,+1.34265073475E+00,+775.69094401E-03,-523.49249316E-03
+106.82000E-06,+1.31978634745E+00,+1.39038942762E+00,+868.65576722E-03,-406.65832352E-03
+106.84500E-06,+1.40898232635E+00,+1.36275123704E+00,+706.59546740E-03,-573.74374891E-03
+106.87000E-06,+1.24064061970E+00,+1.29114319757E+00,+746.79647200E-03,-598.24123606E-03
+106.89500E-06,+1.37129388463E+00,+1.38285173934E+00,+741.14320571E-03,-552.38696517E-03
+106.92000E-06,+1.25822855912E+00,+1.27229897671E+00,+777.57536616E-03,-578.14073376E-03
+106.94500E-06,+1.39139438693E+00,+1.34013817187E+00,+746.79647200E-03,-537.93972917E-03
+106.97000E-06,+1.00069087357E+00,+1.00847988397E+00,+786.36933587E-03,-498.99500601E-03
+106.99500E-06,+1.00948484328E+00,+998.42963282E-03,+706.59546740E-03,-632.78897436E-03
+107.02000E-06,+1.04089187816E+00,+1.02858038627E+00,+646.29396051E-03,-608.91962793E-03
+107.04500E-06,+895.16323633E-03,+1.00973616540E+00,+786.99747659E-03,-578.14073376E-03
+107.07000E-06,+1.11752504304E+00,+1.04993717000E+00,+746.79647200E-03,-497.73872457E-03
+107.09500E-06,+917.77630150E-03,+958.22862822E-03,+752.44973829E-03,-569.34676405E-03
+107.12000E-06,+1.07858031988E+00,+1.04993717000E+00,+726.69596970E-03,-548.61812104E-03
+107.14500E-06,+957.97730610E-03,+987.12310023E-03,+726.69596970E-03,-558.04023147E-03
+107.17000E-06,+1.03712303385E+00,+1.33134420216E+00,+726.69596970E-03,-577.51259305E-03
+107.19500E-06,+1.02707278270E+00,+1.33134420216E+00,+766.89697430E-03,-537.93972917E-03
+107.22000E-06,+979.33408983E-03,+1.30998741843E+00,+757.47486387E-03,-548.61812104E-03
+107.24500E-06,+998.17831069E-03,+1.37154520676E+00,+710.99245226E-03,-553.64324661E-03
+107.27000E-06,+1.03712303385E+00,+1.33134420216E+00,+765.64069286E-03,-558.66837218E-03
+107.29500E-06,+1.00948484328E+00,+1.33134420216E+00,+717.90199999E-03,-549.24626175E-03
+107.32000E-06,+998.17831069E-03,+1.33134420216E+00,+716.01757783E-03,-558.04023147E-03
+107.34500E-06,+1.00697228040E+00,+1.29993716728E+00,+715.38943712E-03,-578.14073376E-03
+107.37000E-06,+1.03712303385E+00,+1.04868088856E+00,+746.79647200E-03,-558.66837218E-03
+107.39500E-06,+998.17831069E-03,+1.00973616540E+00,+712.24873370E-03,-592.58796977E-03
+107.42000E-06,+998.17831069E-03,+1.00973616540E+00,+746.79647200E-03,-598.24123606E-03
+107.44500E-06,+1.03837931529E+00,+1.00094219569E+00,+746.79647200E-03,-589.44726635E-03
+107.47000E-06,+1.03837931529E+00,+1.00973616540E+00,+747.42461272E-03,-558.66837218E-03
+107.49500E-06,+1.03837931529E+00,+1.04993717000E+00,+746.79647200E-03,-578.14073376E-03
+107.52000E-06,+1.01953509443E+00,+1.03109294914E+00,+757.47486387E-03,-576.88445233E-03
+107.54500E-06,+1.05219841075E+00,+1.00973616540E+00,+746.79647200E-03,-593.84425121E-03
+107.57000E-06,+1.27958534285E+00,+1.29239947900E+00,+707.85174884E-03,-618.34173836E-03
+107.59500E-06,+1.34868081946E+00,+1.33134420216E+00,+781.34421030E-03,-523.49249316E-03
+107.62000E-06,+1.31978634745E+00,+1.41174621135E+00,+848.55526492E-03,-416.08043395E-03
+107.64500E-06,+1.40898232635E+00,+1.38033917647E+00,+706.59546740E-03,-553.64324661E-03
+107.67000E-06,+1.23938433826E+00,+1.28988691613E+00,+727.95225114E-03,-598.24123606E-03
+107.69500E-06,+1.38260041722E+00,+1.38285173934E+00,+761.24370800E-03,-523.49249316E-03
+107.72000E-06,+1.27707277998E+00,+1.29114319757E+00,+757.47486387E-03,-558.04023147E-03
+107.74500E-06,+1.35998735204E+00,+1.37154520676E+00,+726.69596970E-03,-558.04023147E-03
+107.77000E-06,+1.07858031988E+00,+1.04868088856E+00,+766.89697430E-03,-517.21108615E-03
+107.79500E-06,+1.01576625011E+00,+1.00973616540E+00,+706.59546740E-03,-612.68847207E-03
+107.82000E-06,+1.05973609902E+00,+1.02858038626E+00,+675.81657324E-03,-608.91962793E-03
+107.84500E-06,+989.38434098E-03,+1.04114320029E+00,+762.49998944E-03,-586.93470347E-03
+107.87000E-06,+1.11878132448E+00,+1.04993717000E+00,+765.01255214E-03,-498.36686529E-03
+107.89500E-06,+877.57529691E-03,+958.22862822E-03,+755.59044171E-03,-632.78897436E-03
+107.92000E-06,+1.09993710362E+00,+1.13033917919E+00,+737.37436157E-03,-567.46234190E-03
+107.94500E-06,+957.97730610E-03,+969.53516081E-03,+782.60049174E-03,-546.73369888E-03
+107.97000E-06,+998.17831069E-03,+1.29239947900E+00,+746.79647200E-03,-578.14073376E-03
+107.99500E-06,+1.06727378729E+00,+1.33134420216E+00,+758.10300458E-03,-537.93972917E-03
+108.02000E-06,+998.17831069E-03,+1.33134420216E+00,+757.47486387E-03,-558.04023147E-03
+108.04500E-06,+1.07858031988E+00,+1.34013817187E+00,+710.99245226E-03,-562.43721632E-03
+108.07000E-06,+998.17831069E-03,+1.29239947900E+00,+727.32411042E-03,-558.66837219E-03
+108.09500E-06,+1.04968584787E+00,+1.36023867417E+00,+717.90199999E-03,-558.04023147E-03
+108.12000E-06,+995.66574782E-03,+1.33134420216E+00,+737.37436157E-03,-588.81912563E-03
+108.14500E-06,+1.00697228040E+00,+1.37154520676E+00,+726.69596970E-03,-569.34676405E-03
+108.17000E-06,+1.03712303385E+00,+1.04993717000E+00,+746.79647200E-03,-539.19601061E-03
+108.19500E-06,+998.17831069E-03,+1.04993717000E+00,+726.69596970E-03,-578.14073376E-03
+108.22000E-06,+1.04089187816E+00,+1.04993717000E+00,+716.01757783E-03,-567.46234190E-03
+108.24500E-06,+998.17831069E-03,+1.00094219569E+00,+746.79647200E-03,-589.44726635E-03
+108.27000E-06,+1.03712303385E+00,+1.00973616540E+00,+766.26883358E-03,-539.19601061E-03
+108.29500E-06,+998.17831069E-03,+1.04993717000E+00,+746.79647200E-03,-543.59299546E-03
+108.32000E-06,+998.17831069E-03,+1.01224872828E+00,+737.37436157E-03,-547.36183960E-03
+108.34500E-06,+1.02958534558E+00,+1.01853013511E+00,+738.00250229E-03,-573.74374891E-03
+108.37000E-06,+999.43459213E-03,+1.29239947900E+00,+727.32411042E-03,-558.66837219E-03
+108.39500E-06,+1.03837931529E+00,+1.37154520676E+00,+746.79647200E-03,-558.04023147E-03
+108.42000E-06,+1.01702253155E+00,+1.29114319757E+00,+717.27385927E-03,-568.71862333E-03
+108.44500E-06,+1.02958534558E+00,+1.36275123705E+00,+722.29898485E-03,-562.43721632E-03
+108.47000E-06,+998.17831069E-03,+1.33134420216E+00,+746.79647200E-03,-577.51259304E-03
+108.49500E-06,+998.17831069E-03,+1.33134420216E+00,+732.34923599E-03,-563.69349776E-03
+108.52000E-06,+1.03837931529E+00,+1.33134420216E+00,+746.79647200E-03,-568.71862333E-03
+108.54500E-06,+998.17831069E-03,+1.34013817187E+00,+742.39948714E-03,-573.74374891E-03
+108.57000E-06,+998.17831069E-03,+1.04993717000E+00,+747.42461272E-03,-538.56786989E-03
+108.59500E-06,+998.17831069E-03,+1.03863063741E+00,+726.69596970E-03,-572.48746747E-03
+108.62000E-06,+1.00069087357E+00,+1.03109294914E+00,+746.79647200E-03,-578.14073376E-03
+108.64500E-06,+989.38434098E-03,+1.00973616540E+00,+735.48993941E-03,-573.74374891E-03
+108.67000E-06,+998.17831069E-03,+1.00973616540E+00,+727.32411042E-03,-558.66837219E-03
+108.69500E-06,+1.01576625011E+00,+992.14822598E-03,+732.34923599E-03,-558.04023147E-03
+108.72000E-06,+1.01953509443E+00,+1.03109294914E+00,+757.47486387E-03,-568.71862333E-03
+108.74500E-06,+1.00697228040E+00,+1.01853013511E+00,+746.79647200E-03,-582.53771862E-03
+108.77000E-06,+1.27958534285E+00,+1.33008792072E+00,+727.95225114E-03,-617.71359764E-03
+108.79500E-06,+1.35998735204E+00,+1.30244973015E+00,+786.99747659E-03,-517.83922687E-03
+108.82000E-06,+1.35998735204E+00,+1.39038942761E+00,+879.33415909E-03,-406.65832352E-03
+108.84500E-06,+1.40898232635E+00,+1.36275123705E+00,+726.69596970E-03,-537.93972917E-03
+108.87000E-06,+1.23938433826E+00,+1.29239947901E+00,+767.52511501E-03,-597.61309534E-03
+108.89500E-06,+1.41149488923E+00,+1.40043967876E+00,+738.00250229E-03,-543.59299546E-03
+108.92000E-06,+1.23687177538E+00,+1.26978641383E+00,+766.89697430E-03,-578.14073376E-03
+108.94500E-06,+1.39139438693E+00,+1.34013817187E+00,+726.69596970E-03,-578.14073376E-03
+108.97000E-06,+1.07732403844E+00,+1.04868088856E+00,+786.36933587E-03,-499.62314673E-03
+108.99500E-06,+1.03837931529E+00,+998.42963282E-03,+721.04270341E-03,-638.44224066E-03
+109.02000E-06,+1.07858031988E+00,+1.03109294914E+00,+697.17335697E-03,-598.24123606E-03
+109.04500E-06,+935.36424092E-03,+1.00094219569E+00,+746.79647200E-03,-642.83922551E-03
+109.07000E-06,+1.11878132448E+00,+1.05244973288E+00,+786.36933587E-03,-457.53771998E-03
+109.09500E-06,+906.46976892E-03,+946.92209563E-03,+732.34923599E-03,-558.04023147E-03
+109.12000E-06,+1.05722353614E+00,+1.03109294914E+00,+716.01757783E-03,-548.61812104E-03
+109.14500E-06,+998.17831069E-03,+1.01853013511E+00,+758.10300459E-03,-578.14073376E-03
+109.17000E-06,+1.27958534285E+00,+1.29239947901E+00,+687.12310583E-03,-597.61309534E-03
+109.19500E-06,+1.35998735204E+00,+1.33134420216E+00,+781.34421030E-03,-497.73872457E-03
+109.22000E-06,+1.29842956371E+00,+1.35018842302E+00,+868.65576722E-03,-397.23621309E-03
+109.24500E-06,+1.38636926117E+00,+1.41174621135E+00,+710.99245226E-03,-564.94977920E-03
+109.27000E-06,+1.27707277998E+00,+1.29114319757E+00,+727.95225114E-03,-598.24123606E-03
+109.29500E-06,+1.41149488923E+00,+1.38285173934E+00,+735.48993941E-03,-537.93972917E-03
+109.32000E-06,+1.29842956371E+00,+1.29114319757E+00,+757.47486387E-03,-567.46234190E-03
+109.34500E-06,+1.35119338233E+00,+1.37154520676E+00,+710.99245226E-03,-558.04023147E-03
+109.37000E-06,+1.03963559673E+00,+1.00973616540E+00,+766.89697430E-03,-498.99500601E-03
+109.39500E-06,+1.05596725471E+00,+1.00973616540E+00,+692.14823140E-03,-612.68847206E-03
+109.42000E-06,+1.00069087357E+00,+1.02858038626E+00,+745.54019056E-03,-578.14073376E-03
+109.44500E-06,+998.17831069E-03,+960.74119110E-03,+650.69094537E-03,-718.84424984E-03
+109.47000E-06,+999.43459213E-03,+1.01099244684E+00,+786.99747659E-03,-517.21108615E-03
+109.49500E-06,+1.05596725470E+00,+1.04993717000E+00,+726.69596970E-03,-598.24123606E-03
+109.52000E-06,+1.01953509443E+00,+990.89194455E-03,+717.27385927E-03,-608.91962793E-03
+109.54500E-06,+1.04717328500E+00,+1.08134420488E+00,+746.79647200E-03,-566.83420118E-03
+109.57000E-06,+1.23938433826E+00,+1.29114319757E+00,+746.16833128E-03,-636.55781850E-03
+109.59500E-06,+1.38888182405E+00,+1.34265073475E+00,+786.99747659E-03,-543.59299546E-03
+109.62000E-06,+1.29842956371E+00,+1.37154520676E+00,+868.65576722E-03,-386.55782122E-03
+109.64500E-06,+1.40898232635E+00,+1.36275123705E+00,+719.78642197E-03,-517.83922687E-03
+109.67000E-06,+1.23938433826E+00,+1.25219847441E+00,+726.69596970E-03,-596.98495462E-03
+109.69500E-06,+1.44038936123E+00,+1.38285173934E+00,+712.24873370E-03,-532.28646287E-03
+109.72000E-06,+1.27958534285E+00,+1.31249998130E+00,+745.54019056E-03,-536.68344773E-03
+109.74500E-06,+1.35998735204E+00,+1.34013817187E+00,+726.69596970E-03,-553.64324661E-03
+109.77000E-06,+1.07858031988E+00,+1.04868088856E+00,+747.42461272E-03,-498.36686529E-03
+109.79500E-06,+998.17831069E-03,+1.05621857683E+00,+712.24873370E-03,-632.78897436E-03
+109.82000E-06,+1.05722353614E+00,+1.02858038626E+00,+686.49496511E-03,-678.64324525E-03
+109.84500E-06,+957.97730610E-03,+1.00973616540E+00,+822.80149633E-03,-562.43721632E-03
+109.87000E-06,+1.15772604763E+00,+1.08888189315E+00,+746.79647200E-03,-519.72364903E-03
+109.89500E-06,+917.77630150E-03,+889.13315162E-03,+766.89697430E-03,-592.58796977E-03
+109.92000E-06,+1.07858031988E+00,+1.07129395374E+00,+756.21858243E-03,-558.04023147E-03
+109.94500E-06,+989.38434098E-03,+978.32913052E-03,+782.60049174E-03,-598.24123606E-03
+109.97000E-06,+1.27958534285E+00,+1.33134420216E+00,+727.32411042E-03,-656.03018007E-03
+109.99500E-06,+1.34868081945E+00,+1.30244973016E+00,+804.58541601E-03,-517.83922687E-03
+110.02000E-06,+1.31978634745E+00,+1.39038942761E+00,+899.43466139E-03,-416.08043394E-03
+110.04500E-06,+1.40898232635E+00,+1.40295224164E+00,+726.69596970E-03,-573.74374891E-03
+110.07000E-06,+1.27832906141E+00,+1.29114319757E+00,+786.99747659E-03,-656.65832079E-03
+110.09500E-06,+1.44038936123E+00,+1.41174621135E+00,+761.24370800E-03,-558.04023147E-03
+110.12000E-06,+1.27707277997E+00,+1.29114319757E+00,+777.57536616E-03,-598.24123606E-03
+110.14500E-06,+1.39139438693E+00,+1.37154520676E+00,+746.79647200E-03,-578.14073376E-03
+110.17000E-06,+1.03837931529E+00,+1.00847988396E+00,+785.74119515E-03,-519.72364903E-03
+110.19500E-06,+1.01576625011E+00,+1.00973616540E+00,+721.04270341E-03,-644.09550695E-03
+110.22000E-06,+1.05973609902E+00,+1.03109294914E+00,+716.01757783E-03,-568.71862334E-03
+110.24500E-06,+989.38434098E-03,+969.53516081E-03,+634.98742792E-03,-698.74374755E-03
+110.27000E-06,+999.43459213E-03,+1.01099244684E+00,+786.36933587E-03,-516.58294543E-03
+110.29500E-06,+998.17831069E-03,+1.03863063741E+00,+726.69596970E-03,-598.24123606E-03
+110.32000E-06,+1.01953509443E+00,+969.53516081E-03,+695.91707553E-03,-588.81912563E-03
+110.34500E-06,+1.02958534558E+00,+1.05873113971E+00,+742.39948714E-03,-546.73369888E-03
+110.37000E-06,+1.27958534285E+00,+1.29239947901E+00,+706.59546740E-03,-617.71359764E-03
+110.39500E-06,+1.35998735204E+00,+1.34265073475E+00,+786.99747659E-03,-497.73872457E-03
+110.42000E-06,+1.31978634745E+00,+1.40923364847E+00,+848.55526493E-03,-437.43721768E-03
+110.44500E-06,+1.44038936123E+00,+1.41174621135E+00,+722.29898485E-03,-517.83922687E-03
+110.47000E-06,+1.23938433826E+00,+1.33008792072E+00,+746.79647200E-03,-597.61309534E-03
+110.49500E-06,+1.44038936123E+00,+1.38285173935E+00,+712.24873370E-03,-517.83922687E-03
+110.52000E-06,+1.27958534285E+00,+1.30998741842E+00,+754.96230099E-03,-558.04023147E-03
+110.54500E-06,+1.35998735204E+00,+1.34013817187E+00,+731.09295455E-03,-578.14073376E-03
+110.57000E-06,+1.11626876159E+00,+1.04868088856E+00,+766.26883357E-03,-478.89450372E-03
+110.59500E-06,+1.02707278270E+00,+1.02104269799E+00,+692.14823140E-03,-618.34173836E-03
+110.62000E-06,+1.05973609903E+00,+1.04993717000E+00,+655.71607094E-03,-649.12063252E-03
+110.64500E-06,+944.15821063E-03,+1.00973616540E+00,+791.39446145E-03,-589.44726635E-03
+110.67000E-06,+1.11878132448E+00,+1.05119345144E+00,+727.32411042E-03,-498.99500602E-03
+110.69500E-06,+888.88182950E-03,+918.02762363E-03,+746.79647200E-03,-586.93470347E-03
+110.72000E-06,+1.09742454074E+00,+1.04993717000E+00,+726.69596970E-03,-537.93972917E-03
+110.74500E-06,+966.77127581E-03,+987.12310022E-03,+746.79647200E-03,-537.93972917E-03
+110.77000E-06,+1.27958534285E+00,+1.33134420216E+00,+689.00752799E-03,-577.51259304E-03
+110.79500E-06,+1.34868081945E+00,+1.36023867417E+00,+775.69094400E-03,-512.18596058E-03
+110.82000E-06,+1.29842956371E+00,+1.37154520676E+00,+857.97737535E-03,-397.23621309E-03
+110.84500E-06,+1.46300242641E+00,+1.40295224164E+00,+695.28893481E-03,-533.54274432E-03
+110.87000E-06,+1.27832906141E+00,+1.25094219297E+00,+746.79647200E-03,-597.61309534E-03
+110.89500E-06,+1.45169589382E+00,+1.37154520676E+00,+741.14320570E-03,-537.93972917E-03
+110.92000E-06,+1.29842956371E+00,+1.29114319757E+00,+766.89697430E-03,-558.04023147E-03
+110.94500E-06,+1.39139438693E+00,+1.37154520676E+00,+722.29898485E-03,-558.04023147E-03
+110.97000E-06,+1.07732403844E+00,+1.04868088856E+00,+746.79647200E-03,-497.73872457E-03
+110.99500E-06,+998.17831069E-03,+1.00973616540E+00,+706.59546740E-03,-632.78897436E-03
+111.02000E-06,+1.04089187817E+00,+1.04993717000E+00,+737.37436157E-03,-578.14073376E-03
+111.04500E-06,+957.97730610E-03,+969.53516081E-03,+650.69094537E-03,-734.54776729E-03
+111.07000E-06,+998.17831069E-03,+1.01099244685E+00,+786.99747659E-03,-536.68344773E-03
+111.09500E-06,+1.02707278270E+00,+1.03863063741E+00,+738.00250229E-03,-583.79400006E-03
+111.12000E-06,+1.01953509443E+00,+1.00973616540E+00,+726.69596970E-03,-608.91962793E-03
+111.14500E-06,+1.07858031988E+00,+1.08134420489E+00,+758.10300459E-03,-578.14073376E-03
+111.17000E-06,+1.27958534285E+00,+1.29114319757E+00,+726.69596970E-03,-617.71359764E-03
+111.19500E-06,+1.35998735204E+00,+1.33134420216E+00,+801.44471259E-03,-552.38696517E-03
+111.22000E-06,+1.31978634745E+00,+1.36903264387E+00,+828.45476263E-03,-406.65832352E-03
+111.24500E-06,+1.47179639612E+00,+1.37154520676E+00,+690.89194996E-03,-529.14575946E-03
+111.27000E-06,+1.23812805682E+00,+1.25219847441E+00,+727.32411042E-03,-578.14073376E-03
+111.29500E-06,+1.38260041722E+00,+1.37154520676E+00,+712.24873370E-03,-537.93972917E-03
+111.32000E-06,+1.25822855911E+00,+1.29114319757E+00,+726.69596970E-03,-558.04023147E-03
+111.34500E-06,+1.35119338234E+00,+1.37154520676E+00,+742.39948714E-03,-542.33671402E-03
+111.37000E-06,+1.07732403844E+00,+1.04868088856E+00,+765.64069285E-03,-498.99500602E-03
+111.39500E-06,+1.00948484328E+00,+1.00973616540E+00,+686.49496511E-03,-618.34173836E-03
+111.42000E-06,+1.12129388736E+00,+1.03109294914E+00,+665.13818137E-03,-669.22113482E-03
+111.44500E-06,+957.97730610E-03,+1.04993717000E+00,+814.00752663E-03,-546.73369888E-03
+111.47000E-06,+1.11878132448E+00,+1.05119345144E+00,+766.89697430E-03,-479.52264444E-03
+111.49500E-06,+917.77630150E-03,+946.92209563E-03,+752.44973829E-03,-592.58796977E-03
+111.52000E-06,+1.09742454074E+00,+1.07129395374E+00,+737.37436157E-03,-558.04023147E-03
+111.54500E-06,+989.38434099E-03,+1.00973616540E+00,+746.79647200E-03,-542.33671402E-03
+111.57000E-06,+1.31978634745E+00,+1.33134420216E+00,+707.22360812E-03,-617.08545692E-03
+111.59500E-06,+1.30847981486E+00,+1.34265073475E+00,+781.34421030E-03,-503.39199087E-03
+111.62000E-06,+1.34114313119E+00,+1.39038942761E+00,+867.39948578E-03,-406.65832352E-03
+111.64500E-06,+1.41777629605E+00,+1.38033917646E+00,+695.28893481E-03,-549.24626176E-03
+111.67000E-06,+1.20043961511E+00,+1.28988691612E+00,+746.79647200E-03,-618.34173836E-03
+111.69500E-06,+1.42908282864E+00,+1.42305274394E+00,+726.69596970E-03,-543.59299546E-03
+111.72000E-06,+1.29842956371E+00,+1.25094219297E+00,+777.57536617E-03,-558.04023147E-03
+111.74500E-06,+1.39139438693E+00,+1.33134420216E+00,+731.09295455E-03,-569.34676406E-03
+111.77000E-06,+1.03963559673E+00,+1.04868088856E+00,+746.79647200E-03,-498.99500602E-03
+111.79500E-06,+1.02707278270E+00,+1.00973616540E+00,+706.59546740E-03,-623.99500465E-03
+111.82000E-06,+1.01953509443E+00,+1.00973616540E+00,+736.11808013E-03,-558.04023147E-03
+111.84500E-06,+966.77127580E-03,+938.12812592E-03,+626.19345821E-03,-703.14073240E-03
+111.87000E-06,+998.17831069E-03,+1.00973616540E+00,+805.84169745E-03,-478.26636300E-03
+111.89500E-06,+1.05596725470E+00,+1.04993717000E+00,+721.04270341E-03,-598.24123606E-03
+111.92000E-06,+1.00069087358E+00,+990.89194455E-03,+736.11808013E-03,-588.81912563E-03
+111.94500E-06,+1.03837931529E+00,+1.04993717000E+00,+731.09295455E-03,-573.74374891E-03
+111.97000E-06,+1.27958534285E+00,+1.29114319757E+00,+726.69596970E-03,-598.24123606E-03
+111.99500E-06,+1.35998735204E+00,+1.34265073475E+00,+786.99747659E-03,-517.83922687E-03
+112.02000E-06,+1.27958534285E+00,+1.39038942761E+00,+849.81154637E-03,-425.50254437E-03
+112.04500E-06,+1.43159539153E+00,+1.37154520676E+00,+710.99245226E-03,-524.74877461E-03
+112.07000E-06,+1.23938433826E+00,+1.28988691612E+00,+766.89697430E-03,-598.24123606E-03
+112.09500E-06,+1.40018835664E+00,+1.37154520676E+00,+732.34923600E-03,-546.73369887E-03
+112.12000E-06,+1.27958534285E+00,+1.29114319757E+00,+736.11808013E-03,-548.61812104E-03
+112.14500E-06,+1.35119338234E+00,+1.32255023246E+00,+731.09295455E-03,-558.04023147E-03
+112.17000E-06,+1.07858031988E+00,+1.04868088856E+00,+765.64069285E-03,-498.99500602E-03
+112.19500E-06,+998.17831069E-03,+1.03863063741E+00,+712.24873370E-03,-632.78897436E-03
+112.22000E-06,+1.08109288277E+00,+1.07129395374E+00,+645.03767907E-03,-629.02013023E-03
+112.24500E-06,+1.00697228040E+00,+1.04993717000E+00,+585.99245362E-03,-135.92968322E-03
+112.27000E-06,+1.07858031988E+00,+1.04993717000E+00,+183.98240767E-03,+184.42207209E-03
+112.29500E-06,+940.38936669E-03,+987.12310022E-03,+89.13316248E-03,+119.72358035E-03
+112.32000E-06,+1.05722353614E+00,+1.00973616540E+00,+92.90200661E-03,+86.43212349E-03
+112.34500E-06,+989.38434099E-03,+1.00973616540E+00,+103.58039849E-03,+100.87935949E-03
+112.37000E-06,+1.23938433826E+00,+1.01099244685E+00,+83.47989619E-03,+65.70348047E-03
+112.39500E-06,+1.31978634745E+00,+1.00973616540E+00,+118.02763449E-03,+125.37684664E-03
+112.42000E-06,+1.31727378456E+00,+1.03109294914E+00,+154.45979495E-03,+157.41202225E-03
+112.44500E-06,+1.38260041723E+00,+1.01853013511E+00,+119.28391593E-03,+89.57282690E-03
+112.47000E-06,+1.31853006601E+00,+970.79144225E-03,+84.73617763E-03,+65.70348047E-03
+112.49500E-06,+1.35998735204E+00,+1.04993717000E+00,+97.92713219E-03,+90.82910834E-03
+112.52000E-06,+1.29842956371E+00,+1.00973616540E+00,+113.00250891E-03,+95.85423392E-03
+112.54500E-06,+1.35998735204E+00,+1.00973616540E+00,+87.87688104E-03,+85.17584205E-03
+112.57000E-06,+1.07983660132E+00,+1.04868088856E+00,+123.05276006E-03,+125.37684664E-03
+112.59500E-06,+1.02707278269E+00,+980.84169340E-03,+69.03266019E-03,+88.31654546E-03
+112.62000E-06,+998.17831069E-03,+1.02858038626E+00,+72.80150432E-03,+86.43212349E-03
+112.64500E-06,+998.17831069E-03,+1.00094219570E+00,+36.36934385E-03,+24.87433515E-03
+112.67000E-06,+960.48986898E-03,+1.01099244685E+00,+141.89698091E-03,+125.37684664E-03
+112.69500E-06,+998.17831069E-03,+1.07883164200E+00,+103.58039849E-03,+70.72860605E-03
+112.72000E-06,+998.17831069E-03,+990.89194455E-03,+103.58039849E-03,+65.07533975E-03
+112.74500E-06,+1.03837931529E+00,+1.04993717000E+00,+119.28391593E-03,+80.77885719E-03
+112.77000E-06,+959.23358754E-03,+1.04742460711E+00,+102.95225776E-03,+85.80398277E-03
+112.79500E-06,+1.03837931529E+00,+992.14822599E-03,+109.23366478E-03,+90.82910834E-03
+112.82000E-06,+1.01953509443E+00,+988.37938166E-03,+104.83667993E-03,+105.27634434E-03
+112.84500E-06,+998.17831069E-03,+1.04114320029E+00,+103.58039849E-03,+125.37684664E-03
+112.87000E-06,+998.17831069E-03,+1.04868088855E+00,+123.68090078E-03,+85.80398277E-03
+112.89500E-06,+998.17831069E-03,+1.03863063741E+00,+103.58039849E-03,+99.62307805E-03
+112.92000E-06,+998.17831069E-03,+1.04993717000E+00,+113.00250891E-03,+95.85423392E-03
+112.94500E-06,+1.00697228040E+00,+1.00973616540E+00,+99.18341363E-03,+100.87935949E-03
+112.97000E-06,+1.03837931529E+00,+1.01099244685E+00,+84.10803691E-03,+104.64820362E-03
+112.99500E-06,+1.02079137588E+00,+1.00973616540E+00,+132.47487049E-03,+90.82910834E-03
+113.02000E-06,+998.17831069E-03,+1.02858038626E+00,+103.58039849E-03,+75.75373162E-03
+113.04500E-06,+1.00697228040E+00,+1.00094219570E+00,+123.68090078E-03,+89.57282690E-03
+113.07000E-06,+1.03837931529E+00,+1.01099244685E+00,+104.20853921E-03,+104.02006290E-03
+113.09500E-06,+1.00948484329E+00,+1.04993717000E+00,+103.58039849E-03,+99.62307805E-03
+113.12000E-06,+1.01702253155E+00,+1.03109294915E+00,+103.58039849E-03,+114.69845477E-03
+113.14500E-06,+1.02958534558E+00,+1.01853013511E+00,+94.78642878E-03,+80.77885719E-03
+113.17000E-06,+1.27958534285E+00,+1.04868088855E+00,+45.16331376E-03,+65.70348047E-03
+113.19500E-06,+1.31978634745E+00,+1.00973616540E+00,+103.58039849E-03,+131.03011294E-03
+113.22000E-06,+1.29842956371E+00,+1.04993717000E+00,+153.20351351E-03,+154.89945936E-03
+113.24500E-06,+1.35998735204E+00,+1.04993717000E+00,+103.58039849E-03,+85.17584205E-03
+113.27000E-06,+1.27958534285E+00,+969.53516081E-03,+143.78140308E-03,+65.70348047E-03
+113.29500E-06,+1.38260041723E+00,+1.04993717000E+00,+118.02763449E-03,+105.27634434E-03
+113.32000E-06,+1.33863056830E+00,+988.37938166E-03,+114.25879036E-03,+85.17584205E-03
+113.34500E-06,+1.35998735204E+00,+978.32913051E-03,+114.88693108E-03,+85.17584205E-03
+113.37000E-06,+1.07858031988E+00,+1.00973616540E+00,+161.99748321E-03,+144.22106749E-03
+113.39500E-06,+998.17831069E-03,+980.84169340E-03,+77.82662989E-03,+50.62810375E-03
+113.42000E-06,+1.04089187818E+00,+1.04993717000E+00,+113.00250891E-03,+74.49745018E-03
+113.44500E-06,+926.57027121E-03,+938.12812592E-03,+83.47989619E-03,+40.57785260E-03
+113.47000E-06,+998.17831069E-03,+1.04993717000E+00,+123.68090078E-03,+105.27634434E-03
+113.49500E-06,+1.03837931529E+00,+1.00973616540E+00,+103.58039849E-03,+65.07533975E-03
+113.52000E-06,+979.33408984E-03,+1.04993717000E+00,+114.25879036E-03,+74.49745018E-03
+113.54500E-06,+1.00697228040E+00,+1.04993717000E+00,+123.68090078E-03,+96.48237464E-03
+113.57000E-06,+998.17831069E-03,+1.29114319757E+00,+84.10803691E-03,+45.60297817E-03
+113.59500E-06,+1.07858031988E+00,+1.34265073475E+00,+123.68090078E-03,+105.27634434E-03
+113.62000E-06,+998.17831069E-03,+1.30998741842E+00,+123.68090078E-03,+105.27634434E-03
+113.64500E-06,+998.17831069E-03,+1.36275123705E+00,+92.27386589E-03,+80.77885719E-03
+113.67000E-06,+1.03712303384E+00,+1.37028892531E+00,+123.05276006E-03,+85.80398277E-03
+113.69500E-06,+980.59037129E-03,+1.34265073475E+00,+89.13316248E-03,+85.17584205E-03
+113.72000E-06,+976.82152695E-03,+1.33134420216E+00,+92.90200661E-03,+85.17584205E-03
+113.74500E-06,+998.17831069E-03,+1.34013817186E+00,+103.58039849E-03,+100.87935949E-03
+113.77000E-06,+998.17831069E-03,+1.04993717000E+00,+142.52512163E-03,+84.54770132E-03
+113.79500E-06,+1.00948484329E+00,+1.03863063741E+00,+52.07286130E-03,+59.42207345E-03
+113.82000E-06,+917.77630150E-03,+988.37938166E-03,+153.20351351E-03,+65.07533975E-03
+113.84500E-06,+989.38434099E-03,+1.04993717000E+00,+172.67587508E-03,+165.57785124E-03
+113.87000E-06,+957.97730610E-03,+969.53516081E-03,+64.63567534E-03,+24.24619443E-03
+113.89500E-06,+1.04968584788E+00,+1.03863063741E+00,+109.23366478E-03,+90.82910834E-03
+113.92000E-06,+1.01702253154E+00,+988.37938166E-03,+122.42461934E-03,+65.07533975E-03
+113.94500E-06,+1.00697228040E+00,+978.32913051E-03,+123.68090078E-03,+105.27634434E-03
+113.97000E-06,+999.43459214E-03,+1.29114319757E+00,+123.68090078E-03,+65.70348047E-03
+113.99500E-06,+1.02707278269E+00,+1.33134420216E+00,+112.37436819E-03,+114.07031405E-03
+114.02000E-06,+1.01702253154E+00,+1.30998741842E+00,+113.00250891E-03,+74.49745018E-03
+114.04500E-06,+1.03837931529E+00,+1.33134420216E+00,+103.58039849E-03,+73.86930945E-03
+114.07000E-06,+999.43459214E-03,+1.33260048361E+00,+104.20853921E-03,+84.54770132E-03
+114.09500E-06,+986.87177810E-03,+1.34265073475E+00,+103.58039849E-03,+70.72860605E-03
+114.12000E-06,+1.01702253154E+00,+1.35270098590E+00,+122.42461934E-03,+83.91956060E-03
+114.14500E-06,+998.17831069E-03,+1.33134420216E+00,+103.58039849E-03,+85.17584205E-03
+114.17000E-06,+996.92202925E-03,+1.04868088855E+00,+103.58039849E-03,+104.64820362E-03
+114.19500E-06,+1.03837931529E+00,+1.02732410481E+00,+89.13316248E-03,+44.97483745E-03
+114.22000E-06,+1.03837931529E+00,+1.02858038626E+00,+123.68090078E-03,+75.75373162E-03
+114.24500E-06,+998.17831069E-03,+1.04993717000E+00,+123.68090078E-03,+76.38187234E-03
+114.27000E-06,+1.03712303384E+00,+1.01099244685E+00,+104.20853921E-03,+65.07533975E-03
+114.29500E-06,+1.03837931529E+00,+998.42963281E-03,+138.12813678E-03,+65.07533975E-03
+114.32000E-06,+1.01953509444E+00,+1.00973616540E+00,+142.52512163E-03,+54.39694788E-03
+114.34500E-06,+998.17831069E-03,+1.04993717000E+00,+132.47487049E-03,+60.67835490E-03
+114.37000E-06,+998.17831069E-03,+1.33008792072E+00,+123.68090078E-03,+25.50247588E-03
+114.39500E-06,+1.04968584788E+00,+1.33134420216E+00,+143.78140308E-03,+50.62810375E-03
+114.42000E-06,+998.17831069E-03,+1.32883163927E+00,+114.25879036E-03,+85.17584205E-03
+114.44500E-06,+1.00697228040E+00,+1.29993716727E+00,+107.97738334E-03,+85.17584205E-03
+114.47000E-06,+999.43459214E-03,+1.33260048361E+00,+122.42461934E-03,+83.91956060E-03
+114.49500E-06,+969.28383869E-03,+1.34265073476E+00,+94.78642878E-03,+65.07533975E-03
+114.52000E-06,+995.66574780E-03,+1.33134420216E+00,+113.00250891E-03,+74.49745018E-03
+114.54500E-06,+966.77127580E-03,+1.29993716727E+00,+128.07788563E-03,+65.07533975E-03
+114.57000E-06,+1.03712303384E+00,+1.04993717000E+00,+123.68090078E-03,+65.07533975E-03
+114.59500E-06,+1.02707278269E+00,+1.06752510940E+00,+103.58039849E-03,+44.97483745E-03
+114.62000E-06,+1.03837931529E+00,+1.04993717000E+00,+123.68090078E-03,+54.39694788E-03
+114.64500E-06,+1.02958534558E+00,+1.01853013511E+00,+128.07788563E-03,+65.07533975E-03
+114.67000E-06,+998.17831069E-03,+1.04868088855E+00,+124.93718223E-03,+65.70348047E-03
+114.69500E-06,+1.00948484329E+00,+1.03863063740E+00,+123.68090078E-03,+44.97483745E-03
+114.72000E-06,+1.03837931529E+00,+990.89194455E-03,+122.42461934E-03,+75.75373162E-03
+114.74500E-06,+1.02079137588E+00,+1.00973616540E+00,+119.28391593E-03,+40.57785260E-03
+114.77000E-06,+1.03712303384E+00,+1.33134420216E+00,+65.26381606E-03,+65.70348047E-03
+114.79500E-06,+1.02707278269E+00,+1.30244973016E+00,+143.78140308E-03,+59.42207345E-03
+114.82000E-06,+998.17831069E-03,+1.31249998131E+00,+123.68090078E-03,+85.17584205E-03
+114.84500E-06,+1.02958534558E+00,+1.36275123705E+00,+139.38441823E-03,+44.97483745E-03
+114.87000E-06,+999.43459214E-03,+1.36903264386E+00,+123.05276006E-03,+46.23111890E-03
+114.89500E-06,+998.17831069E-03,+1.33134420216E+00,+123.68090078E-03,+50.62810375E-03
+114.92000E-06,+1.01702253154E+00,+1.31249998131E+00,+123.68090078E-03,+65.07533975E-03
+114.94500E-06,+1.02958534558E+00,+1.33134420216E+00,+119.28391593E-03,+49.37182230E-03
+114.97000E-06,+999.43459214E-03,+1.04993717000E+00,+163.88190538E-03,+104.64820362E-03
+114.99500E-06,+986.87177810E-03,+1.02104269800E+00,+103.58039849E-03,+44.97483745E-03
+115.02000E-06,+998.17831069E-03,+1.02858038626E+00,+133.10301121E-03,+65.07533975E-03
+115.04500E-06,+998.17831069E-03,+1.04114320030E+00,+96.67085074E-03,+53.76880715E-03
+115.07000E-06,+995.66574780E-03,+1.00847988396E+00,+142.52512163E-03,+65.07533975E-03
+115.09500E-06,+1.03837931529E+00,+1.03863063740E+00,+143.78140308E-03,+59.42207345E-03
+115.12000E-06,+1.01953509444E+00,+1.00973616540E+00,+123.68090078E-03,+54.39694788E-03
+115.14500E-06,+1.02958534559E+00,+1.01853013511E+00,+128.07788563E-03,+44.97483745E-03
+115.17000E-06,+998.17831069E-03,+1.29114319757E+00,+123.68090078E-03,+64.44719903E-03
+115.19500E-06,+1.03837931529E+00,+1.33134420216E+00,+143.78140308E-03,+85.17584205E-03
+115.22000E-06,+1.01953509444E+00,+1.33134420216E+00,+123.68090078E-03,+75.75373162E-03
+115.24500E-06,+998.17831069E-03,+1.33134420216E+00,+123.68090078E-03,+80.77885720E-03
+115.27000E-06,+999.43459214E-03,+1.33134420216E+00,+143.15326236E-03,+65.07533975E-03
+115.29500E-06,+998.17831069E-03,+1.33134420216E+00,+94.78642878E-03,+56.28137005E-03
+115.32000E-06,+1.01702253154E+00,+1.35018842301E+00,+122.42461934E-03,+75.75373162E-03
+115.34500E-06,+1.04717328499E+00,+1.32255023246E+00,+123.68090078E-03,+65.07533975E-03
+115.37000E-06,+998.17831069E-03,+1.08762561170E+00,+143.15326236E-03,+65.70348047E-03
+115.39500E-06,+998.17831069E-03,+1.06752510940E+00,+103.58039849E-03,+44.97483745E-03
+115.42000E-06,+1.01953509444E+00,+1.04993717000E+00,+133.10301121E-03,+44.97483745E-03
+115.44500E-06,+998.17831069E-03,+1.00973616540E+00,+143.78140308E-03,+44.97483745E-03
+115.47000E-06,+1.03837931529E+00,+1.00973616540E+00,+144.40954380E-03,+65.07533975E-03
+115.49500E-06,+1.00948484329E+00,+1.00973616540E+00,+120.54019738E-03,+50.62810375E-03
+115.52000E-06,+1.03837931529E+00,+990.89194455E-03,+143.78140308E-03,+44.97483745E-03
+115.54500E-06,+1.02958534559E+00,+1.01853013511E+00,+159.48492053E-03,+40.57785260E-03
+115.57000E-06,+960.48986899E-03,+1.33008792071E+00,+85.36431836E-03,+65.07533975E-03
+115.59500E-06,+1.03837931529E+00,+1.37154520676E+00,+138.12813678E-03,+65.07533975E-03
+115.62000E-06,+998.17831069E-03,+1.33134420216E+00,+153.20351350E-03,+75.75373162E-03
+115.64500E-06,+1.03837931529E+00,+1.34013817186E+00,+92.27386589E-03,+60.67835490E-03
+115.67000E-06,+1.03586675239E+00,+1.33260048361E+00,+104.83667993E-03,+64.44719903E-03
+115.69500E-06,+1.00948484329E+00,+1.33134420216E+00,+138.12813678E-03,+59.42207345E-03
+115.72000E-06,+1.03837931529E+00,+1.30998741842E+00,+123.68090078E-03,+74.49745017E-03
+115.74500E-06,+1.02958534559E+00,+1.33134420216E+00,+134.98743338E-03,+69.47232460E-03
+115.77000E-06,+998.17831069E-03,+1.04868088855E+00,+104.20853921E-03,+104.64820362E-03
+115.79500E-06,+998.17831069E-03,+980.84169341E-03,+103.58039849E-03,+50.62810375E-03
+115.82000E-06,+998.17831069E-03,+1.00973616540E+00,+114.25879036E-03,+74.49745017E-03
+115.84500E-06,+1.02958534559E+00,+1.00973616540E+00,+119.28391593E-03,+69.47232460E-03
+115.87000E-06,+998.17831069E-03,+1.01099244685E+00,+123.05276006E-03,+65.07533975E-03
+115.89500E-06,+1.02707278269E+00,+1.00973616540E+00,+129.33416708E-03,+65.07533975E-03
+115.92000E-06,+1.01953509444E+00,+1.00973616540E+00,+124.93718223E-03,+65.07533975E-03
+115.94500E-06,+998.17831069E-03,+1.01853013511E+00,+112.37436819E-03,+49.37182230E-03
+115.97000E-06,+998.17831069E-03,+1.33134420216E+00,+123.68090078E-03,+45.60297818E-03
+115.99500E-06,+1.02707278269E+00,+1.36023867416E+00,+158.22863908E-03,+65.07533975E-03
+116.02000E-06,+1.01953509444E+00,+1.31249998131E+00,+123.68090078E-03,+75.75373162E-03
+116.04500E-06,+1.06099238048E+00,+1.33134420216E+00,+107.97738334E-03,+60.67835490E-03
+116.07000E-06,+998.17831069E-03,+1.33134420216E+00,+104.20853921E-03,+45.60297818E-03
+116.09500E-06,+969.28383869E-03,+1.36023867416E+00,+123.68090078E-03,+65.07533975E-03
+116.12000E-06,+979.33408984E-03,+1.30998741842E+00,+133.10301121E-03,+54.39694788E-03
+116.14500E-06,+998.17831069E-03,+1.33134420216E+00,+123.68090078E-03,+49.37182230E-03
+116.17000E-06,+1.03712303384E+00,+1.04993717000E+00,+143.15326236E-03,+85.17584205E-03
+116.19500E-06,+1.03837931529E+00,+1.00973616540E+00,+118.02763448E-03,+30.52760145E-03
+116.22000E-06,+1.05973609903E+00,+1.04993717000E+00,+113.00250891E-03,+44.97483745E-03
+116.24500E-06,+1.00697228039E+00,+1.00973616540E+00,+139.38441823E-03,+44.97483745E-03
+116.27000E-06,+1.03837931529E+00,+970.79144226E-03,+143.15326236E-03,+83.91956060E-03
+116.29500E-06,+1.00948484329E+00,+980.84169341E-03,+138.12813678E-03,+70.72860605E-03
+116.32000E-06,+1.01953509444E+00,+1.01224872830E+00,+123.68090078E-03,+75.75373162E-03
+116.34500E-06,+1.03837931529E+00,+987.12310021E-03,+134.98743338E-03,+49.37182230E-03
+116.37000E-06,+959.23358755E-03,+1.29239947901E+00,+123.68090078E-03,+26.75875733E-03
+116.39500E-06,+1.03837931529E+00,+1.33134420216E+00,+118.02763448E-03,+70.72860605E-03
+116.42000E-06,+1.01702253154E+00,+1.30998741842E+00,+123.68090078E-03,+74.49745017E-03
+116.44500E-06,+1.06978635018E+00,+1.38033917646E+00,+103.58039849E-03,+49.37182230E-03
+116.47000E-06,+1.03837931529E+00,+1.33260048361E+00,+163.25376465E-03,+65.07533975E-03
+116.49500E-06,+1.03837931529E+00,+1.34265073476E+00,+129.33416708E-03,+44.97483745E-03
+116.52000E-06,+1.03837931529E+00,+1.39290199050E+00,+124.93718223E-03,+65.07533975E-03
+116.54500E-06,+1.03837931529E+00,+1.32255023246E+00,+123.68090078E-03,+53.76880715E-03
+116.57000E-06,+999.43459214E-03,+1.04993717000E+00,+123.68090078E-03,+83.91956060E-03
+116.59500E-06,+1.02707278269E+00,+1.02104269800E+00,+103.58039849E-03,+50.62810375E-03
+116.62000E-06,+1.03837931529E+00,+1.04993717000E+00,+114.25879036E-03,+55.65322933E-03
+116.64500E-06,+998.17831069E-03,+1.04114320030E+00,+123.68090078E-03,+60.67835490E-03
+116.67000E-06,+998.17831069E-03,+1.04868088855E+00,+142.52512163E-03,+65.70348047E-03
+116.69500E-06,+1.02707278269E+00,+1.03863063740E+00,+143.78140308E-03,+59.42207345E-03
+116.72000E-06,+1.03837931529E+00,+1.00973616540E+00,+124.93718223E-03,+65.07533975E-03
+116.74500E-06,+1.02958534559E+00,+1.04114320030E+00,+143.78140308E-03,+65.07533975E-03
+116.77000E-06,+959.23358755E-03,+1.33134420216E+00,+123.68090078E-03,+44.97483745E-03
+116.79500E-06,+1.03837931529E+00,+1.33134420216E+00,+143.78140308E-03,+79.52257575E-03
+116.82000E-06,+1.00069087359E+00,+1.32883163926E+00,+135.61557410E-03,+65.07533975E-03
+116.84500E-06,+1.02958534559E+00,+1.33134420216E+00,+143.78140308E-03,+44.97483745E-03
+116.87000E-06,+998.17831069E-03,+1.33134420216E+00,+123.68090078E-03,+44.97483745E-03
+116.89500E-06,+1.02079137589E+00,+1.36023867416E+00,+134.98743338E-03,+59.42207345E-03
+116.92000E-06,+976.82152695E-03,+1.35018842301E+00,+145.03768453E-03,+55.65322933E-03
+116.94500E-06,+1.06099238048E+00,+1.37154520676E+00,+148.17838793E-03,+44.97483745E-03
+116.97000E-06,+996.92202924E-03,+1.04868088855E+00,+163.25376465E-03,+64.44719903E-03
+116.99500E-06,+998.17831069E-03,+1.06124370260E+00,+134.98743338E-03,+24.87433515E-03
+117.02000E-06,+1.01953509444E+00,+1.04993717000E+00,+143.78140308E-03,+54.39694788E-03
+117.04500E-06,+1.00697228039E+00,+1.00973616540E+00,+159.48492053E-03,+49.37182230E-03
+117.07000E-06,+1.03837931529E+00,+1.01099244685E+00,+124.30904151E-03,+44.97483745E-03
+117.09500E-06,+1.00948484329E+00,+1.00973616540E+00,+129.33416708E-03,+65.07533975E-03
+117.12000E-06,+998.17831069E-03,+1.03109294915E+00,+133.10301121E-03,+55.65322933E-03
+117.14500E-06,+1.03837931529E+00,+1.00973616540E+00,+159.48492053E-03,+65.07533975E-03
+117.17000E-06,+1.03712303384E+00,+1.29239947902E+00,+123.68090078E-03,+26.13061660E-03
+117.19500E-06,+1.02707278269E+00,+1.33134420216E+00,+138.12813678E-03,+65.07533975E-03
+117.22000E-06,+998.17831069E-03,+1.33134420216E+00,+143.78140308E-03,+55.65322933E-03
+117.24500E-06,+1.02958534559E+00,+1.36275123706E+00,+123.68090078E-03,+44.97483745E-03
+117.27000E-06,+999.43459214E-03,+1.33134420216E+00,+143.15326236E-03,+44.97483745E-03
+117.29500E-06,+998.17831069E-03,+1.34265073476E+00,+129.33416708E-03,+44.97483745E-03
+117.32000E-06,+998.17831069E-03,+1.31249998131E+00,+133.10301121E-03,+54.39694788E-03
+117.34500E-06,+1.02958534559E+00,+1.34013817186E+00,+134.98743338E-03,+69.47232460E-03
+117.37000E-06,+999.43459214E-03,+1.04868088855E+00,+143.78140308E-03,+83.91956060E-03
+117.39500E-06,+986.87177809E-03,+1.02104269800E+00,+109.23366478E-03,+39.32157115E-03
+117.42000E-06,+1.01953509444E+00,+1.03109294915E+00,+114.25879036E-03,+55.65322933E-03
+117.44500E-06,+966.77127580E-03,+978.32913051E-03,+123.68090078E-03,+29.27132000E-03
+117.47000E-06,+996.92202924E-03,+1.01099244685E+00,+124.30904151E-03,+83.91956060E-03
+117.49500E-06,+1.02707278269E+00,+1.00973616540E+00,+138.12813678E-03,+44.97483745E-03
+117.52000E-06,+1.03837931529E+00,+1.00973616540E+00,+134.35929266E-03,+44.97483745E-03
+117.54500E-06,+998.17831069E-03,+1.04114320030E+00,+143.78140308E-03,+44.97483745E-03
+117.57000E-06,+998.17831069E-03,+1.29114319757E+00,+124.30904151E-03,+65.07533975E-03
+117.59500E-06,+1.03837931529E+00,+1.34265073476E+00,+163.88190538E-03,+65.07533975E-03
+117.62000E-06,+998.17831069E-03,+1.30747485551E+00,+133.10301121E-03,+85.17584205E-03
+117.64500E-06,+1.02958534559E+00,+1.33134420216E+00,+99.18341364E-03,+76.38187235E-03
+117.67000E-06,+998.17831069E-03,+1.29239947902E+00,+104.20853921E-03,+84.54770132E-03
+117.69500E-06,+1.02707278269E+00,+1.37154520676E+00,+94.78642879E-03,+56.28137005E-03
+117.72000E-06,+1.01702253154E+00,+1.33134420216E+00,+122.42461933E-03,+63.81905830E-03
+117.74500E-06,+1.03837931529E+00,+1.33134420216E+00,+123.68090078E-03,+96.48237465E-03
+117.77000E-06,+1.03712303384E+00,+1.00973616540E+00,+123.05276006E-03,+104.02006289E-03
+117.79500E-06,+998.17831069E-03,+1.02104269800E+00,+100.43969509E-03,+39.32157115E-03
+117.82000E-06,+998.17831069E-03,+1.04993717000E+00,+133.10301121E-03,+44.97483745E-03
+117.84500E-06,+1.00697228039E+00,+1.00973616540E+00,+128.07788563E-03,+60.67835490E-03
+117.87000E-06,+998.17831069E-03,+1.00973616540E+00,+124.30904151E-03,+65.07533975E-03
+117.89500E-06,+1.00948484329E+00,+1.02104269800E+00,+100.43969509E-03,+65.07533975E-03
+117.92000E-06,+1.01702253154E+00,+1.00973616540E+00,+122.42461933E-03,+74.49745017E-03
+117.94500E-06,+998.17831069E-03,+1.00973616540E+00,+134.98743338E-03,+80.77885720E-03
+117.97000E-06,+999.43459214E-03,+1.29114319757E+00,+104.83667994E-03,+44.97483745E-03
+117.99500E-06,+1.01576625009E+00,+1.30244973017E+00,+103.58039849E-03,+85.17584205E-03
+118.02000E-06,+1.03837931529E+00,+1.32883163926E+00,+134.35929266E-03,+85.17584205E-03
+118.04500E-06,+1.02958534559E+00,+1.36275123706E+00,+123.68090078E-03,+65.07533975E-03
+118.07000E-06,+999.43459214E-03,+1.33260048361E+00,+124.30904151E-03,+83.91956060E-03
+118.09500E-06,+1.00948484329E+00,+1.36023867416E+00,+103.58039849E-03,+65.07533975E-03
+118.12000E-06,+1.01702253154E+00,+1.33134420216E+00,+113.00250891E-03,+74.49745017E-03
+118.14500E-06,+1.03837931529E+00,+1.33134420216E+00,+103.58039849E-03,+85.17584205E-03
+118.17000E-06,+1.03712303384E+00,+1.04868088855E+00,+104.20853921E-03,+124.12056519E-03
+118.19500E-06,+1.03837931529E+00,+1.00973616540E+00,+118.02763448E-03,+50.62810375E-03
+118.22000E-06,+1.03837931529E+00,+1.02858038625E+00,+95.41456951E-03,+65.07533975E-03
+118.24500E-06,+966.77127580E-03,+1.00973616540E+00,+123.68090078E-03,+65.07533975E-03
+118.27000E-06,+1.03712303384E+00,+1.04868088855E+00,+123.68090078E-03,+65.70348047E-03
+118.29500E-06,+1.02707278269E+00,+1.04993717000E+00,+138.12813678E-03,+59.42207345E-03
+118.32000E-06,+1.01702253154E+00,+1.00973616540E+00,+124.93718223E-03,+54.39694788E-03
+118.34500E-06,+998.17831069E-03,+1.00973616540E+00,+128.07788563E-03,+65.07533975E-03
+118.37000E-06,+999.43459214E-03,+1.33134420216E+00,+124.30904151E-03,+65.70348047E-03
+118.39500E-06,+1.02707278269E+00,+1.33134420216E+00,+138.12813678E-03,+90.82910835E-03
+118.42000E-06,+998.17831069E-03,+1.33134420216E+00,+103.58039849E-03,+85.17584205E-03
+118.44500E-06,+998.17831069E-03,+1.33134420216E+00,+103.58039849E-03,+80.77885720E-03
+118.47000E-06,+998.17831069E-03,+1.33134420216E+00,+103.58039849E-03,+65.07533975E-03
+118.49500E-06,+998.17831069E-03,+1.33134420216E+00,+89.13316249E-03,+90.82910835E-03
+118.52000E-06,+1.01953509444E+00,+1.32883163926E+00,+92.90200661E-03,+74.49745017E-03
+118.54500E-06,+998.17831069E-03,+1.34013817186E+00,+128.07788563E-03,+73.86930945E-03
+118.57000E-06,+1.03712303384E+00,+1.04993717000E+00,+143.15326235E-03,+84.54770132E-03
+118.59500E-06,+998.17831069E-03,+1.03863063740E+00,+123.68090078E-03,+73.86930945E-03
+118.62000E-06,+1.05973609904E+00,+1.04993717000E+00,+122.42461933E-03,+65.07533975E-03
+118.64500E-06,+1.00697228039E+00,+1.00973616540E+00,+143.78140308E-03,+65.07533975E-03
+118.67000E-06,+999.43459214E-03,+1.04868088855E+00,+143.78140308E-03,+85.17584205E-03
+118.69500E-06,+980.59037130E-03,+1.03863063740E+00,+129.33416708E-03,+59.42207345E-03
+118.72000E-06,+998.17831069E-03,+1.00973616540E+00,+123.68090078E-03,+65.07533975E-03
+118.74500E-06,+1.02958534559E+00,+1.01853013510E+00,+107.97738333E-03,+80.77885720E-03
+118.77000E-06,+998.17831069E-03,+1.29239947902E+00,+104.83667994E-03,+44.97483745E-03
+118.79500E-06,+1.03837931529E+00,+1.34265073476E+00,+138.12813678E-03,+99.62307804E-03
+118.82000E-06,+1.01702253154E+00,+1.33134420216E+00,+134.35929266E-03,+65.07533975E-03
+118.84500E-06,+1.03837931529E+00,+1.34013817186E+00,+107.97738333E-03,+65.07533975E-03
+118.87000E-06,+996.92202924E-03,+1.37154520676E+00,+143.78140308E-03,+25.50247588E-03
+118.89500E-06,+998.17831069E-03,+1.34265073476E+00,+138.12813678E-03,+65.07533975E-03
+118.92000E-06,+998.17831069E-03,+1.29114319757E+00,+143.78140308E-03,+55.65322933E-03
+118.94500E-06,+1.06978635018E+00,+1.33134420216E+00,+134.98743338E-03,+69.47232460E-03
+118.97000E-06,+999.43459214E-03,+1.04993717000E+00,+143.15326235E-03,+83.91956060E-03
+118.99500E-06,+1.02707278269E+00,+1.00973616540E+00,+138.12813678E-03,+44.97483745E-03
+119.02000E-06,+1.01953509444E+00,+1.04993717000E+00,+133.10301121E-03,+24.87433515E-03
+119.04500E-06,+998.17831069E-03,+1.00973616540E+00,+128.07788563E-03,+76.38187235E-03
+119.07000E-06,+998.17831069E-03,+1.01099244686E+00,+142.52512163E-03,+26.13061661E-03
+119.09500E-06,+1.02707278269E+00,+980.84169341E-03,+129.33416708E-03,+50.62810375E-03
+119.12000E-06,+1.03837931529E+00,+1.06878139084E+00,+143.78140308E-03,+65.07533975E-03
+119.14500E-06,+1.02958534559E+00,+1.07255023520E+00,+128.07788563E-03,+44.97483745E-03
+119.17000E-06,+998.17831069E-03,+1.29114319757E+00,+123.68090078E-03,+65.07533975E-03
+119.19500E-06,+1.02707278269E+00,+1.30244973017E+00,+134.98743338E-03,+79.52257575E-03
+119.22000E-06,+998.17831069E-03,+1.30998741841E+00,+133.10301121E-03,+94.59795247E-03
+119.24500E-06,+1.00697228039E+00,+1.33134420216E+00,+123.68090078E-03,+69.47232460E-03
+119.27000E-06,+999.43459214E-03,+1.33134420216E+00,+124.30904151E-03,+65.07533975E-03
+119.29500E-06,+1.03837931529E+00,+1.34265073476E+00,+109.23366479E-03,+65.07533975E-03
+119.32000E-06,+995.66574779E-03,+1.33134420216E+00,+134.35929266E-03,+65.07533975E-03
+119.34500E-06,+1.00697228039E+00,+1.33134420216E+00,+123.68090078E-03,+60.67835490E-03
+119.37000E-06,+998.17831069E-03,+1.04993717000E+00,+123.68090078E-03,+65.07533975E-03
+119.39500E-06,+986.87177809E-03,+1.00973616540E+00,+103.58039849E-03,+50.62810375E-03
+119.42000E-06,+1.03837931529E+00,+1.06878139084E+00,+143.78140308E-03,+54.39694787E-03
+119.44500E-06,+1.00697228039E+00,+1.01853013510E+00,+139.38441823E-03,+69.47232460E-03
+119.47000E-06,+1.03837931529E+00,+1.04868088855E+00,+123.68090078E-03,+84.54770132E-03
+119.49500E-06,+1.03837931529E+00,+1.00973616540E+00,+109.23366479E-03,+65.07533975E-03
+119.52000E-06,+1.01702253154E+00,+1.03109294915E+00,+92.90200661E-03,+74.49745017E-03
+119.54500E-06,+1.05219841079E+00,+1.00973616540E+00,+119.28391593E-03,+65.07533975E-03
+119.57000E-06,+1.03712303383E+00,+1.33008792071E+00,+84.10803691E-03,+84.54770132E-03
+119.59500E-06,+1.06727378728E+00,+1.37154520676E+00,+126.82160418E-03,+79.52257575E-03
+119.62000E-06,+1.01702253154E+00,+1.30998741841E+00,+134.35929266E-03,+85.17584205E-03
+119.64500E-06,+1.03837931529E+00,+1.36275123706E+00,+123.68090078E-03,+80.77885720E-03
+119.67000E-06,+1.03837931529E+00,+1.41048992990E+00,+143.78140308E-03,+44.97483745E-03
+119.69500E-06,+998.17831069E-03,+1.34265073476E+00,+118.02763448E-03,+50.62810375E-03
+119.72000E-06,+1.01953509444E+00,+1.33134420216E+00,+123.68090078E-03,+65.07533975E-03
+119.74500E-06,+1.02958534559E+00,+1.29993716726E+00,+112.37436818E-03,+80.77885720E-03
+119.77000E-06,+999.43459214E-03,+1.04868088855E+00,+123.68090078E-03,+104.64820362E-03
+119.79500E-06,+986.87177809E-03,+1.00973616540E+00,+103.58039849E-03,+50.62810375E-03
+119.82000E-06,+1.01953509444E+00,+1.03109294915E+00,+103.58039849E-03,+54.39694787E-03
+119.84500E-06,+1.00697228039E+00,+1.04114320030E+00,+92.27386588E-03,+53.76880715E-03
+119.87000E-06,+1.03586675238E+00,+1.00973616540E+00,+123.68090078E-03,+65.07533975E-03
+119.89500E-06,+986.87177809E-03,+1.04993717000E+00,+118.02763448E-03,+65.07533975E-03
+119.92000E-06,+998.17831069E-03,+1.00973616540E+00,+103.58039849E-03,+75.75373162E-03
+119.94500E-06,+998.17831069E-03,+1.04114320030E+00,+128.07788563E-03,+65.07533975E-03
+119.97000E-06,+998.17831069E-03,+1.29114319757E+00,+143.15326235E-03,+65.70348048E-03
+119.99500E-06,+1.03837931529E+00,+1.30244973017E+00,+123.68090078E-03,+105.27634434E-03
+120.02000E-06,+998.17831069E-03,+1.35018842301E+00,+124.93718224E-03,+74.49745017E-03
+120.04500E-06,+1.03837931529E+00,+1.33134420216E+00,+119.28391593E-03,+80.77885720E-03
+120.07000E-06,+998.17831069E-03,+1.33134420216E+00,+123.05276006E-03,+45.60297818E-03
+120.09500E-06,+998.17831069E-03,+1.33134420216E+00,+123.68090078E-03,+73.86930945E-03
+120.12000E-06,+1.01702253154E+00,+1.35270098591E+00,+113.00250891E-03,+74.49745017E-03
+120.14500E-06,+1.00697228039E+00,+1.33134420216E+00,+139.38441823E-03,+65.07533975E-03
+120.17000E-06,+999.43459214E-03,+1.01099244686E+00,+162.62562392E-03,+85.17584205E-03
+120.19500E-06,+1.02707278269E+00,+1.07883164199E+00,+118.02763448E-03,+36.18086776E-03
+120.22000E-06,+1.03837931529E+00,+1.04993717000E+00,+133.10301120E-03,+44.97483745E-03
+120.24500E-06,+998.17831069E-03,+1.00973616540E+00,+148.17838793E-03,+60.67835490E-03
+120.27000E-06,+1.03712303383E+00,+1.00973616540E+00,+124.93718224E-03,+44.97483745E-03
+120.29500E-06,+1.00948484329E+00,+998.42963280E-03,+129.33416708E-03,+44.97483745E-03
+120.32000E-06,+995.66574779E-03,+1.03109294915E+00,+123.68090078E-03,+54.39694787E-03
+120.34500E-06,+1.00697228039E+00,+1.01853013510E+00,+123.68090078E-03,+76.38187235E-03
+120.37000E-06,+959.23358755E-03,+1.33008792071E+00,+104.20853921E-03,+64.44719902E-03
+120.39500E-06,+1.02707278268E+00,+1.36023867415E+00,+143.78140308E-03,+79.52257575E-03
+120.42000E-06,+1.01702253154E+00,+1.32883163925E+00,+123.68090078E-03,+65.07533975E-03
+120.44500E-06,+998.17831069E-03,+1.33134420216E+00,+139.38441823E-03,+65.07533975E-03
+120.47000E-06,+999.43459215E-03,+1.29365576047E+00,+142.52512163E-03,+45.60297818E-03
+120.49500E-06,+1.00948484329E+00,+1.33134420216E+00,+118.02763448E-03,+56.28137005E-03
+120.52000E-06,+1.01702253154E+00,+1.31249998132E+00,+113.00250891E-03,+74.49745017E-03
+120.54500E-06,+1.03837931529E+00,+1.33134420216E+00,+103.58039849E-03,+85.17584205E-03
+120.57000E-06,+998.17831069E-03,+1.04993717000E+00,+104.20853921E-03,+85.17584205E-03
+120.59500E-06,+986.87177809E-03,+1.00973616540E+00,+118.02763448E-03,+50.62810375E-03
+120.62000E-06,+1.04089187819E+00,+1.02858038625E+00,+134.35929266E-03,+74.49745017E-03
+120.64500E-06,+966.77127579E-03,+1.04993717000E+00,+107.97738333E-03,+60.67835490E-03
+120.67000E-06,+996.92202924E-03,+1.01099244686E+00,+123.05276006E-03,+65.07533975E-03
+120.69500E-06,+1.06727378728E+00,+1.02104269801E+00,+138.12813678E-03,+59.42207345E-03
+120.72000E-06,+1.03837931529E+00,+1.02858038625E+00,+134.35929266E-03,+65.07533975E-03
+120.74500E-06,+966.77127579E-03,+1.01853013510E+00,+143.78140308E-03,+80.77885720E-03
+120.77000E-06,+998.17831069E-03,+1.29114319757E+00,+104.20853921E-03,+45.60297818E-03
+120.79500E-06,+1.06727378728E+00,+1.34265073476E+00,+129.33416708E-03,+85.17584205E-03
+120.82000E-06,+1.03837931529E+00,+1.27229897672E+00,+143.78140308E-03,+85.17584205E-03
+120.84500E-06,+1.02958534559E+00,+1.33134420216E+00,+107.97738333E-03,+85.17584205E-03
+120.87000E-06,+1.03712303383E+00,+1.33134420216E+00,+102.95225776E-03,+44.97483745E-03
+120.89500E-06,+969.28383870E-03,+1.32003766956E+00,+123.68090078E-03,+59.42207345E-03
+120.92000E-06,+998.17831069E-03,+1.33134420216E+00,+113.00250891E-03,+55.65322933E-03
+120.94500E-06,+1.00697228039E+00,+1.34013817186E+00,+119.28391593E-03,+65.07533975E-03
+120.97000E-06,+999.43459215E-03,+1.04868088855E+00,+143.78140308E-03,+65.07533975E-03
+120.99500E-06,+969.28383870E-03,+1.03863063740E+00,+112.37436818E-03,+50.62810375E-03
+121.02000E-06,+1.01953509444E+00,+1.05244973291E+00,+133.10301120E-03,+35.55272703E-03
+121.04500E-06,+998.17831069E-03,+1.03234923061E+00,+143.78140308E-03,+44.97483745E-03
+121.07000E-06,+1.03712303383E+00,+1.00973616540E+00,+144.40954381E-03,+44.97483745E-03
+121.09500E-06,+1.00948484329E+00,+1.03863063740E+00,+134.98743338E-03,+65.07533975E-03
+121.12000E-06,+1.01702253154E+00,+1.04993717000E+00,+133.10301120E-03,+65.07533975E-03
+121.14500E-06,+1.02958534559E+00,+1.00973616540E+00,+119.28391593E-03,+60.67835490E-03
+121.17000E-06,+999.43459215E-03,+1.33008792071E+00,+105.46482067E-03,+45.60297818E-03
+121.19500E-06,+1.01576625008E+00,+1.33134420216E+00,+158.22863908E-03,+79.52257575E-03
+121.22000E-06,+976.82152694E-03,+1.33134420216E+00,+143.78140308E-03,+44.97483745E-03
+121.24500E-06,+1.03837931529E+00,+1.33134420216E+00,+155.08793568E-03,+44.97483745E-03
+121.27000E-06,+1.03712303383E+00,+1.33134420216E+00,+124.93718224E-03,+65.07533975E-03
+121.29500E-06,+998.17831069E-03,+1.37154520676E+00,+149.43466938E-03,+24.87433515E-03
+121.32000E-06,+1.01702253154E+00,+1.33134420216E+00,+143.78140308E-03,+55.65322933E-03
+121.34500E-06,+1.02958534559E+00,+1.30873113695E+00,+163.88190538E-03,+24.87433515E-03
+121.37000E-06,+998.17831069E-03,+1.04868088854E+00,+143.78140308E-03,+84.54770132E-03
+121.39500E-06,+1.02707278268E+00,+1.02104269801E+00,+118.02763448E-03,+39.32157115E-03
+121.42000E-06,+998.17831069E-03,+1.04993717000E+00,+103.58039849E-03,+55.65322933E-03
+121.44500E-06,+989.38434100E-03,+1.01853013510E+00,+116.77135303E-03,+60.67835490E-03
+121.47000E-06,+996.92202924E-03,+1.00973616540E+00,+143.15326235E-03,+45.60297818E-03
+121.49500E-06,,,,
