x-axis,1,2,3,4
second,Volt,Volt,Volt,Volt
+30.40000E-06,+1.27107410820E+00,+1.28275751718E+00,+1.05565321859E+00,+52.62564035E-03
+30.42500E-06,+1.34519471042E+00,+1.34619972756E+00,+1.03052759072E+00,-10.69094188E-03
+30.45000E-06,+1.36529521272E+00,+1.39707912400E+00,+1.04120598256E+00,+13.93217343E-03
+30.47500E-06,+1.35587310226E+00,+1.35624997871E+00,+1.02989945002E+00,+15.43971110E-03
+30.50000E-06,+1.35964194644E+00,+1.33112435084E+00,+1.01545221399E+00,+5.01257554E-03
+30.52500E-06,+1.36466707202E+00,+1.36504394846E+00,+1.04874367092E+00,+866.84694E-06
+30.55000E-06,+1.34519471042E+00,+1.36127510428E+00,+1.01419593260E+00,-3.02762538E-03
+30.57500E-06,+1.36529521272E+00,+1.35624997871E+00,+1.02989945002E+00,+992.47508E-06
+30.60000E-06,+1.20700375713E+00,+1.16152636270E+00,+969.59794313E-03,-50.13817764E-03
+30.62500E-06,+1.06315953756E+00,+1.04469219310E+00,+1.03052759072E+00,+32.90202247E-03
+30.65000E-06,+1.02358667366E+00,+1.01956656523E+00,+1.04999995232E+00,-766.31887E-06
+30.67500E-06,+1.02107411087E+00,+1.01454143965E+00,+1.03932156047E+00,-1.14320329E-03
+30.70000E-06,+1.03803390969E+00,+1.02396355011E+00,+1.00979894772E+00,+11.29398250E-03
+30.72500E-06,+1.04305903526E+00,+1.02333540941E+00,+1.02989945002E+00,+9.03267600E-03
+30.75000E-06,+1.01918968878E+00,+1.02396355011E+00,+1.02989945002E+00,+20.21358040E-03
+30.77500E-06,+1.03426506551E+00,+1.03464194195E+00,+1.04183412326E+00,+13.05277646E-03
+30.80000E-06,+1.28238064074E+00,+1.29971731600E+00,+1.06130648486E+00,+46.34423339E-03
+30.82500E-06,+1.36592335341E+00,+1.34494344617E+00,+1.04999995232E+00,-18.73114280E-03
+30.85000E-06,+1.39670224756E+00,+1.38137560658E+00,+1.02989945002E+00,+10.79146995E-03
+30.87500E-06,+1.36529521272E+00,+1.36567208916E+00,+1.01922105817E+00,+13.05277646E-03
+30.90000E-06,+1.35964194644E+00,+1.34557158686E+00,+1.02424618375E+00,+7.90202274E-03
+30.92500E-06,+1.34456656972E+00,+1.34619972756E+00,+1.02927130932E+00,+4.88694740E-03
+30.95000E-06,+1.34519471042E+00,+1.36567208916E+00,+1.02550246514E+00,+992.47508E-06
+30.97500E-06,+1.34645099181E+00,+1.36692837055E+00,+1.02989945002E+00,+3.12815345E-03
+31.00000E-06,+1.21831028967E+00,+1.15838565922E+00,+972.73864661E-03,-50.13817764E-03
+31.02500E-06,+1.04305903526E+00,+1.04343591171E+00,+1.02927130932E+00,+36.54523852E-03
+31.05000E-06,+1.03929019108E+00,+999.46606293E-03,+1.06130648486E+00,-11.06782630E-03
+31.07500E-06,+1.02233039227E+00,+1.03338566056E+00,+1.03806527908E+00,+992.47508E-06
+31.10000E-06,+1.04368717596E+00,+1.00951631408E+00,+1.03555271629E+00,+13.05277646E-03
+31.12500E-06,+1.06315953756E+00,+1.00511932920E+00,+1.04937181162E+00,+5.26383182E-03
+31.15000E-06,+1.01918968878E+00,+1.00826003269E+00,+1.02550246514E+00,+17.95227389E-03
+31.17500E-06,+1.04368717596E+00,+1.03464194195E+00,+1.02989945002E+00,+15.18845482E-03
+31.20000E-06,+1.26228013844E+00,+1.27396354743E+00,+1.05565321859E+00,+50.36433385E-03
+31.22500E-06,+1.34582285112E+00,+1.34557158686E+00,+1.01042708842E+00,-18.60551466E-03
+31.25000E-06,+1.38099873014E+00,+1.35436555662E+00,+1.01419593260E+00,+17.95227389E-03
+31.27500E-06,+1.36655149411E+00,+1.35624997871E+00,+1.02047733957E+00,+13.30403273E-03
+31.30000E-06,+1.35084797669E+00,+1.35122485313E+00,+1.04999995232E+00,+6.14322879E-03
+31.32500E-06,+1.36466707202E+00,+1.34619972756E+00,+1.03052759072E+00,+5.01257554E-03
+31.35000E-06,+1.34519471042E+00,+1.35436555662E+00,+1.04560296744E+00,+1.87187205E-03
+31.37500E-06,+1.36655149411E+00,+1.36567208916E+00,+1.01922105817E+00,+3.12815345E-03
+31.40000E-06,+1.23275752569E+00,+1.17848616151E+00,+978.39191288E-03,-49.00752439E-03
+31.42500E-06,+1.04305903526E+00,+1.06290827331E+00,+1.02927130932E+00,+40.43971084E-03
+31.45000E-06,+1.01918968878E+00,+1.03966706753E+00,+1.03429643490E+00,-3.90702236E-03
+31.47500E-06,+1.03300878411E+00,+1.01454143965E+00,+1.02864316863E+00,+5.01257554E-03
+31.50000E-06,+1.02923993993E+00,+1.02961681638E+00,+1.03555271629E+00,+7.27388205E-03
+31.52500E-06,+1.02358667366E+00,+1.02396355011E+00,+1.01042708842E+00,+12.80152018E-03
+31.55000E-06,+1.01918968878E+00,+1.02396355011E+00,+1.01419593260E+00,+17.95227389E-03
+31.57500E-06,+1.02358667366E+00,+1.01328515826E+00,+1.04999995232E+00,+17.07287692E-03
+31.60000E-06,+1.27358667099E+00,+1.25951631140E+00,+1.07010045461E+00,+46.34423339E-03
+31.62500E-06,+1.34582285111E+00,+1.34557158686E+00,+1.02989945002E+00,-14.58541420E-03
+31.65000E-06,+1.36529521272E+00,+1.36127510428E+00,+1.03429643490E+00,+13.93217343E-03
+31.67500E-06,+1.36529521272E+00,+1.36567208916E+00,+1.01922105817E+00,+17.07287692E-03
+31.70000E-06,+1.33074747439E+00,+1.36567208916E+00,+1.03869341978E+00,+7.90202274E-03
+31.72500E-06,+1.34519471042E+00,+1.38451631006E+00,+1.00979894772E+00,+1.24373136E-03
+31.75000E-06,+1.34959169530E+00,+1.38137560658E+00,+1.02550246514E+00,+3.25378159E-03
+31.77500E-06,+1.34645099181E+00,+1.35499369731E+00,+1.00979894772E+00,+992.47508E-06
+31.80000E-06,+1.18376255134E+00,+1.14393842319E+00,+969.59794313E-03,-50.13817764E-03
+31.82500E-06,+1.06315953756E+00,+1.08426505700E+00,+1.04999995232E+00,+37.04775107E-03
+31.85000E-06,+1.01918968878E+00,+995.06907805E-03,+1.04999995232E+00,-9.68591677E-03
+31.87500E-06,+1.03300878411E+00,+1.04406405240E+00,+1.03932156047E+00,+2.87689717E-03
+31.90000E-06,+1.04368717596E+00,+1.02961681638E+00,+1.04434668605E+00,+32.02262550E-03
+31.92500E-06,+1.00348617136E+00,+1.02333540941E+00,+1.01042708842E+00,+9.03267600E-03
+31.95000E-06,+1.04368717596E+00,+1.02396355011E+00,+1.02989945002E+00,+16.19347994E-03
+31.97500E-06,+1.03300878411E+00,+1.04406405240E+00,+1.00979894772E+00,+13.05277646E-03
+32.00000E-06,+1.27358667099E+00,+1.28841078346E+00,+1.05565321859E+00,+50.36433385E-03
+32.02500E-06,+1.32635048951E+00,+1.34557158686E+00,+1.02989945002E+00,-3.02762538E-03
+32.05000E-06,+1.38099873013E+00,+1.36567208916E+00,+1.00540196284E+00,+18.45478645E-03
+32.07500E-06,+1.36529521272E+00,+1.35624997871E+00,+1.02047733957E+00,+10.91709809E-03
+32.10000E-06,+1.35398868018E+00,+1.35122485313E+00,+1.02110548026E+00,+3.88192228E-03
+32.12500E-06,+1.38413943362E+00,+1.36567208916E+00,+1.04999995232E+00,+4.88694740E-03
+32.15000E-06,+1.34519471042E+00,+1.38137560658E+00,+1.02989945002E+00,+113.07810E-06
+32.17500E-06,+1.36655149411E+00,+1.34557158686E+00,+1.02989945002E+00,+992.47508E-06
+32.20000E-06,+1.17245601880E+00,+1.12697862438E+00,+1.00414568145E+00,-41.46983603E-03
+32.22500E-06,+1.04368717596E+00,+1.04406405240E+00,+1.02989945002E+00,+40.69096712E-03
+32.25000E-06,+1.02358667366E+00,+999.46606293E-03,+1.02550246514E+00,-10.18842933E-03
+32.27500E-06,+1.01165200043E+00,+1.02396355011E+00,+1.03932156047E+00,+992.47508E-06
+32.30000E-06,+1.03489320620E+00,+1.02961681638E+00,+1.02989945002E+00,+14.18342971E-03
+32.32500E-06,+1.02358667366E+00,+1.00449118850E+00,+1.02989945002E+00,+12.92714832E-03
+32.35000E-06,+1.02798365854E+00,+1.00826003269E+00,+1.03869341978E+00,+20.21358040E-03
+32.37500E-06,+1.03300878411E+00,+1.02396355011E+00,+1.02989945002E+00,+10.91709809E-03
+32.40000E-06,+1.24217963615E+00,+1.25386304513E+00,+1.07010045461E+00,+59.53518802E-03
+32.42500E-06,+1.34582285111E+00,+1.34557158686E+00,+1.04937181162E+00,-14.71104234E-03
+32.45000E-06,+1.36529521272E+00,+1.36567208916E+00,+1.02989945002E+00,+16.19347994E-03
+32.47500E-06,+1.36529521272E+00,+1.35624997871E+00,+1.02989945002E+00,+17.07287692E-03
+32.50000E-06,+1.33640074066E+00,+1.34557158686E+00,+1.04434668605E+00,+6.14322879E-03
+32.52500E-06,+1.34519471042E+00,+1.36567208916E+00,+1.01105522911E+00,+1.24373136E-03
+32.55000E-06,+1.33388817788E+00,+1.34996857174E+00,+1.01419593260E+00,+992.47508E-06
+32.57500E-06,+1.35461682087E+00,+1.33489319502E+00,+1.00979894772E+00,+992.47508E-06
+32.60000E-06,+1.19569722458E+00,+1.15587309643E+00,+989.69844542E-03,-50.13817764E-03
+32.62500E-06,+1.04305903526E+00,+1.06353641400E+00,+1.04937181162E+00,+44.58543944E-03
+32.65000E-06,+1.03929019108E+00,+1.01956656523E+00,+1.06130648486E+00,-7.04772584E-03
+32.67500E-06,+1.03300878412E+00,+1.02270726871E+00,+1.04999995232E+00,+992.47508E-06
+32.70000E-06,+1.04368717596E+00,+1.05285802216E+00,+1.04434668605E+00,+7.27388204E-03
+32.72500E-06,+1.04305903526E+00,+1.02396355011E+00,+1.02989945002E+00,+9.03267600E-03
+32.75000E-06,+1.01228014112E+00,+1.02396355011E+00,+1.03429643490E+00,+15.31408296E-03
+32.77500E-06,+1.02358667366E+00,+1.02396355011E+00,+1.02989945002E+00,+10.91709809E-03
+32.80000E-06,+1.25913943496E+00,+1.28841078346E+00,+1.03555271629E+00,+50.36433384E-03
+32.82500E-06,+1.34645099181E+00,+1.34557158686E+00,+1.03052759071E+00,-10.94219816E-03
+32.85000E-06,+1.37660174526E+00,+1.34996857174E+00,+1.02550246514E+00,+22.47488691E-03
+32.87500E-06,+1.36529521272E+00,+1.36567208916E+00,+1.01922105817E+00,+11.41961064E-03
+32.90000E-06,+1.35084797669E+00,+1.38011932519E+00,+1.02110548026E+00,+3.88192228E-03
+32.92500E-06,+1.38413943362E+00,+1.34557158686E+00,+1.02989945002E+00,+5.01257554E-03
+32.95000E-06,+1.36089822784E+00,+1.36127510428E+00,+1.03429643490E+00,+992.47508E-06
+32.97500E-06,+1.37597360456E+00,+1.34431530547E+00,+1.03932156047E+00,+992.47508E-06
+33.00000E-06,+1.20700375712E+00,+1.16152636270E+00,+984.04517915E-03,-47.24873044E-03
+33.02500E-06,+1.06315953756E+00,+1.02396355011E+00,+1.02989945002E+00,+44.33418316E-03
+33.05000E-06,+1.03489320620E+00,+996.95350015E-03,+1.06130648486E+00,-6.16832887E-03
+33.07500E-06,+1.02358667366E+00,+1.04406405240E+00,+1.01922105818E+00,+5.01257554E-03
+33.10000E-06,+1.02923993993E+00,+1.01516958035E+00,+1.04999995232E+00,+11.92212320E-03
+33.12500E-06,+1.02358667366E+00,+1.04343591171E+00,+1.01042708842E+00,+16.82162064E-03
+33.15000E-06,+1.03929019108E+00,+1.02836053498E+00,+1.01419593260E+00,+17.95227389E-03
+33.17500E-06,+1.02358667366E+00,+1.01454143965E+00,+1.02989945002E+00,+15.18845482E-03
+33.20000E-06,+1.26793340472E+00,+1.27961681370E+00,+1.07010045461E+00,+46.34423339E-03
+33.22500E-06,+1.34582285111E+00,+1.32672736596E+00,+1.02989945002E+00,-10.81657002E-03
+33.25000E-06,+1.38099873013E+00,+1.35436555662E+00,+1.04560296744E+00,+17.07287692E-03
+33.27500E-06,+1.36529521272E+00,+1.35624997871E+00,+1.04057784186E+00,+15.18845482E-03
+33.30000E-06,+1.36843591620E+00,+1.34557158686E+00,+1.00979894772E+00,+9.03267600E-03
+33.32500E-06,+1.34582285111E+00,+1.36504394846E+00,+1.02927130932E+00,+9.03267600E-03
+33.35000E-06,+1.34519471042E+00,+1.34557158686E+00,+1.02550246514E+00,+992.47508E-06
+33.37500E-06,+1.35461682087E+00,+1.37635048100E+00,+1.02047733957E+00,+741.21880E-06
+33.40000E-06,+1.19506908387E+00,+1.16403892548E+00,+978.39191289E-03,-43.22862998E-03
+33.42500E-06,+1.04305903526E+00,+1.06353641401E+00,+1.03052759071E+00,+36.54523852E-03
+33.45000E-06,+1.02358667366E+00,+1.01956656523E+00,+1.04560296744E+00,-4.78641933E-03
+33.47500E-06,+1.02358667366E+00,+1.03338566056E+00,+1.04999995232E+00,-1.14320329E-03
+33.50000E-06,+1.02923993993E+00,+1.03841078613E+00,+1.03555271629E+00,+5.01257554E-03
+33.52500E-06,+1.00411431206E+00,+1.02396355011E+00,+990.95472681E-03,+12.92714832E-03
+33.55000E-06,+1.01918968878E+00,+1.02396355011E+00,+1.03429643490E+00,+21.09297737E-03
+33.57500E-06,+1.02358667366E+00,+1.02396355011E+00,+1.02864316863E+00,+17.32413319E-03
+33.60000E-06,+1.24217963615E+00,+1.26831028116E+00,+1.04999995232E+00,+53.25378105E-03
+33.62500E-06,+1.36466707202E+00,+1.32609922526E+00,+1.02927130932E+00,-14.96229862E-03
+33.65000E-06,+1.36089822784E+00,+1.37006907404E+00,+1.00979894772E+00,+13.05277646E-03
+33.67500E-06,+1.35461682087E+00,+1.35624997871E+00,+1.02047733957E+00,+7.14825391E-03
+33.70000E-06,+1.35398868018E+00,+1.34557158686E+00,+1.01545221399E+00,+9.03267600E-03
+33.72500E-06,+1.36403893133E+00,+1.36441580777E+00,+1.04999995232E+00,+1.11810322E-03
+33.75000E-06,+1.34519471042E+00,+1.34117460198E+00,+1.04560296744E+00,+113.07810E-06
+33.77500E-06,+1.35587310226E+00,+1.33614947641E+00,+1.02989945002E+00,+992.47508E-06
+33.80000E-06,+1.17245601879E+00,+1.12697862437E+00,+978.39191289E-03,-46.11807718E-03
+33.82500E-06,+1.06378767826E+00,+1.04343591171E+00,+1.03052759071E+00,+40.43971084E-03
+33.85000E-06,+1.00348617136E+00,+1.03527008264E+00,+1.04999995232E+00,-10.18842932E-03
+33.87500E-06,+1.03300878412E+00,+1.03338566056E+00,+1.00854266633E+00,+9.03267600E-03
+33.90000E-06,+1.03803390969E+00,+1.02961681637E+00,+1.02989945002E+00,+10.16332925E-03
+33.92500E-06,+1.02358667366E+00,+1.00449118850E+00,+1.02989945002E+00,+8.90704786E-03
+33.95000E-06,+1.05499370850E+00,+1.02396355011E+00,+1.02989945002E+00,+21.09297737E-03
+33.97500E-06,+1.03426506551E+00,+1.04406405240E+00,+1.05125623371E+00,+16.82162064E-03
+34.00000E-06,+1.27672737448E+00,+1.28275751719E+00,+1.06444718834E+00,+47.47488664E-03
+34.02500E-06,+1.32572234882E+00,+1.34557158686E+00,+1.04937181162E+00,-10.69094188E-03
+34.05000E-06,+1.38099873013E+00,+1.37006907404E+00,+1.01419593260E+00,+17.07287692E-03
+34.07500E-06,+1.36529521272E+00,+1.36567208916E+00,+1.03932156047E+00,+15.18845482E-03
+34.10000E-06,+1.35084797669E+00,+1.36001882289E+00,+1.02424618375E+00,+2.12312833E-03
+34.12500E-06,+1.34456656972E+00,+1.36630022985E+00,+1.02989945002E+00,+8.90704786E-03
+34.15000E-06,+1.36529521272E+00,+1.35436555662E+00,+1.02550246514E+00,+992.47508E-06
+34.17500E-06,+1.36655149411E+00,+1.34557158686E+00,+1.02989945002E+00,-2.77636910E-03
+34.20000E-06,+1.21579772688E+00,+1.16152636270E+00,+984.04517916E-03,-51.26883090E-03
+34.22500E-06,+1.02421481436E+00,+1.06416455470E+00,+1.03052759071E+00,+36.54523852E-03
+34.25000E-06,+1.00788315624E+00,+1.01956656523E+00,+1.04999995232E+00,-3.90702236E-03
+34.27500E-06,+1.03300878412E+00,+1.01328515826E+00,+1.02864316863E+00,-3.02762538E-03
+34.30000E-06,+1.01479270390E+00,+1.02396355011E+00,+1.03555271629E+00,+13.05277646E-03
+34.32500E-06,+1.04305903526E+00,+1.04280777101E+00,+1.02989945002E+00,+12.80152018E-03
+34.35000E-06,+1.02798365854E+00,+1.04406405240E+00,+1.04560296744E+00,+19.33418342E-03
+34.37500E-06,+1.03426506551E+00,+1.03338566056E+00,+1.03932156047E+00,+17.32413319E-03
+34.40000E-06,+1.22773240013E+00,+1.28275751719E+00,+1.04120598256E+00,+57.27388151E-03
+34.42500E-06,+1.34519471042E+00,+1.34557158686E+00,+1.02989945002E+00,-18.60551466E-03
+34.45000E-06,+1.34959169530E+00,+1.36567208916E+00,+1.02989945002E+00,+13.05277646E-03
+34.47500E-06,+1.36529521272E+00,+1.35499369732E+00,+1.01922105818E+00,+13.30403273E-03
+34.50000E-06,+1.35964194645E+00,+1.33112435083E+00,+1.02989945002E+00,+5.01257554E-03
+34.52500E-06,+1.34519471042E+00,+1.38451631007E+00,+1.03052759071E+00,+8.78141972E-03
+34.55000E-06,+1.34959169530E+00,+1.35687811940E+00,+1.03429643490E+00,-766.31887E-06
+34.57500E-06,+1.36655149410E+00,+1.34557158686E+00,+1.01922105818E+00,+992.47508E-06
+34.60000E-06,+1.16680275252E+00,+1.13263189064E+00,+998.49241518E-03,-47.24873044E-03
+34.62500E-06,+1.02421481436E+00,+1.06290827331E+00,+1.06947231392E+00,+40.94222339E-03
+34.65000E-06,+1.01479270390E+00,+1.01956656523E+00,+1.04999995232E+00,-7.92712282E-03
+34.67500E-06,+1.03300878412E+00,+1.02396355011E+00,+1.00979894772E+00,+992.47508E-06
+34.70000E-06,+1.01479270390E+00,+1.02961681637E+00,+1.04999995232E+00,+5.01257554E-03
+34.72500E-06,+1.02421481436E+00,+1.02333540941E+00,+1.01042708842E+00,+9.03267600E-03
+34.75000E-06,+1.01918968878E+00,+1.02396355011E+00,+1.02989945002E+00,+17.07287692E-03
+34.77500E-06,+1.05436556780E+00,+1.02396355011E+00,+1.04999995232E+00,+13.05277646E-03
+34.80000E-06,+1.24469219893E+00,+1.26516957767E+00,+1.07575372088E+00,+50.36433384E-03
+34.82500E-06,+1.32572234882E+00,+1.34494344617E+00,+1.04937181162E+00,-14.71104234E-03
+34.85000E-06,+1.37660174525E+00,+1.37006907404E+00,+1.01859291748E+00,+16.19347994E-03
+34.87500E-06,+1.36403893133E+00,+1.34557158686E+00,+1.03932156047E+00,+14.93719855E-03
+34.90000E-06,+1.34519471042E+00,+1.35122485313E+00,+1.05314065581E+00,+3.25378158E-03
+34.92500E-06,+1.34582285111E+00,+1.36567208916E+00,+990.32658612E-03,+4.88694740E-03
+34.95000E-06,+1.34959169530E+00,+1.36567208916E+00,+1.06130648485E+00,+992.47508E-06
+34.97500E-06,+1.36655149410E+00,+1.33614947641E+00,+1.02989945002E+00,+992.47508E-06
+35.00000E-06,+1.21831028965E+00,+1.16717962896E+00,+989.69844542E-03,-44.35928323E-03
+35.02500E-06,+1.04368717596E+00,+1.08238063492E+00,+1.02927130932E+00,+36.67086666E-03
+35.05000E-06,+1.03929019108E+00,+1.00386304781E+00,+1.06130648485E+00,-3.90702236E-03
+35.07500E-06,+1.02233039227E+00,+1.01328515826E+00,+1.03932156047E+00,+741.21880E-06
+35.10000E-06,+1.02923993993E+00,+1.02961681637E+00,+1.02989945002E+00,+11.29398250E-03
+35.12500E-06,+1.04305903527E+00,+1.02396355011E+00,+1.04937181162E+00,+16.82162064E-03
+35.15000E-06,+1.02358667366E+00,+1.01956656523E+00,+1.02989945002E+00,+24.23368086E-03
+35.17500E-06,+1.03300878412E+00,+1.02396355011E+00,+1.00979894772E+00,+13.05277646E-03
+35.20000E-06,+1.25662687218E+00,+1.27396354743E+00,+1.07010045461E+00,+50.36433384E-03
+35.22500E-06,+1.32635048951E+00,+1.32609922526E+00,+1.02989945002E+00,-6.92209770E-03
+35.25000E-06,+1.36969219760E+00,+1.38577259146E+00,+1.01419593260E+00,+13.93217343E-03
+35.27500E-06,+1.35461682087E+00,+1.33489319502E+00,+1.02989945002E+00,+15.43971110E-03
+35.30000E-06,+1.35964194645E+00,+1.34557158686E+00,+1.01545221399E+00,+7.27388204E-03
+35.32500E-06,+1.36403893133E+00,+1.32609922526E+00,+1.04937181162E+00,+8.90704786E-03
+35.35000E-06,+1.36529521272E+00,+1.34996857174E+00,+1.04999995232E+00,-3.02762538E-03
+35.37500E-06,+1.36655149410E+00,+1.34557158686E+00,+1.02989945002E+00,+992.47508E-06
+35.40000E-06,+1.18376255132E+00,+1.14393842317E+00,+978.39191289E-03,-46.11807718E-03
+35.42500E-06,+1.04368717596E+00,+1.04469219310E+00,+1.04937181162E+00,+37.04775107E-03
+35.45000E-06,+1.01918968878E+00,+1.00826003269E+00,+1.04560296744E+00,-9.30903235E-03
+35.47500E-06,+1.01290828182E+00,+1.01454143965E+00,+1.02989945002E+00,+992.47508E-06
+35.50000E-06,+1.00034546787E+00,+1.03841078613E+00,+1.04999995232E+00,+9.03267600E-03
+35.52500E-06,+1.04305903527E+00,+1.02396355011E+00,+1.06821603253E+00,+8.90704786E-03
+35.55000E-06,+1.01918968878E+00,+1.02836053499E+00,+1.02989945002E+00,+17.95227389E-03
+35.57500E-06,+1.02358667366E+00,+1.04406405240E+00,+1.04057784186E+00,+14.93719855E-03
+35.60000E-06,+1.25913943496E+00,+1.26516957767E+00,+1.04999995232E+00,+52.62564035E-03
+35.62500E-06,+1.34582285111E+00,+1.34494344617E+00,+1.02989945002E+00,-10.94219816E-03
+35.65000E-06,+1.36089822784E+00,+1.36567208916E+00,+998.49241519E-03,+16.19347994E-03
+35.67500E-06,+1.35587310226E+00,+1.34557158686E+00,+1.02989945002E+00,+17.32413319E-03
+35.70000E-06,+1.34519471042E+00,+1.34557158686E+00,+1.02989945002E+00,+6.14322879E-03
+35.72500E-06,+1.36466707202E+00,+1.36567208916E+00,+1.00979894772E+00,+1.36935949E-03
+35.75000E-06,+1.36089822784E+00,+1.36127510428E+00,+1.02110548026E+00,+4.13317856E-03
+35.77500E-06,+1.35587310226E+00,+1.35624997870E+00,+1.04057784186E+00,+992.47508E-06
+35.80000E-06,+1.17496858156E+00,+1.15838565920E+00,+984.04517916E-03,-44.35928323E-03
+35.82500E-06,+1.04368717596E+00,+1.06416455470E+00,+1.03052759071E+00,+36.67086666E-03
+35.85000E-06,+1.00348617136E+00,+999.46606293E-03,+1.04560296744E+00,-3.90702236E-03
+35.87500E-06,+1.02233039227E+00,+1.04406405240E+00,+1.02989945002E+00,-3.02762538E-03
+35.90000E-06,+1.02923993993E+00,+1.02396355011E+00,+1.07010045461E+00,+13.05277646E-03
+35.92500E-06,+1.02358667366E+00,+1.00386304781E+00,+1.03052759071E+00,+16.82162064E-03
+35.95000E-06,+1.05499370850E+00,+1.04406405240E+00,+1.01419593260E+00,+17.07287692E-03
+35.97500E-06,+1.03426506550E+00,+1.01328515826E+00,+999.12055588E-03,+23.47991202E-03
+36.00000E-06,+1.03803390969E+00,+1.27961681370E+00,+1.03555271629E+00,+25.11307783E-03
+36.02500E-06,+1.02358667366E+00,+1.32609922526E+00,+1.01105522911E+00,-10.81657002E-03
+36.05000E-06,+1.03929019108E+00,+1.34996857174E+00,+1.00979894772E+00,+16.19347994E-03
+36.07500E-06,+1.01416456321E+00,+1.35624997870E+00,+1.02047733956E+00,+11.16835436E-03
+36.10000E-06,+1.02923993993E+00,+1.36567208916E+00,+1.02110548026E+00,+3.88192228E-03
+36.12500E-06,+1.02358667366E+00,+1.34557158686E+00,+1.04937181162E+00,+5.01257554E-03
+36.15000E-06,+1.02798365854E+00,+1.36127510428E+00,+1.02989945002E+00,+992.47508E-06
+36.17500E-06,+1.01416456321E+00,+1.36567208916E+00,+1.02989945002E+00,+3.12815345E-03
+36.20000E-06,+1.04368717596E+00,+1.12383792087E+00,+1.02424618375E+00,-16.21858001E-03
+36.22500E-06,+1.04305903527E+00,+1.04406405240E+00,+1.02927130933E+00,+24.86182156E-03
+36.25000E-06,+1.02358667366E+00,+1.00826003269E+00,+1.02298990236E+00,-2.14822841E-03
+36.27500E-06,+1.03300878412E+00,+1.01328515826E+00,+1.02989945002E+00,+9.03267600E-03
+36.30000E-06,+1.00913943763E+00,+1.02396355011E+00,+1.02989945002E+00,+10.16332925E-03
+36.32500E-06,+1.00348617136E+00,+1.04343591171E+00,+1.02989945002E+00,+9.15830414E-03
+36.35000E-06,+1.05499370849E+00,+1.05976756982E+00,+1.04120598255E+00,+13.93217343E-03
+36.37500E-06,+1.04368717596E+00,+1.02521983149E+00,+1.02989945002E+00,+8.78141972E-03
+36.40000E-06,+1.25913943496E+00,+1.27961681370E+00,+1.04999995232E+00,+49.23368059E-03
+36.42500E-06,+1.34519471042E+00,+1.34557158686E+00,+1.04999995232E+00,-10.81657002E-03
+36.45000E-06,+1.37660174525E+00,+1.37006907404E+00,+1.01859291748E+00,+17.07287692E-03
+36.47500E-06,+1.36403893133E+00,+1.35750626009E+00,+1.02989945002E+00,+13.30403273E-03
+36.50000E-06,+1.35084797669E+00,+1.34557158686E+00,+1.02424618375E+00,+11.92212320E-03
+36.52500E-06,+1.36466707202E+00,+1.36504394847E+00,+1.02989945002E+00,+8.78141972E-03
+36.55000E-06,+1.34959169530E+00,+1.35687811940E+00,+1.02989945002E+00,+992.47508E-06
+36.57500E-06,+1.34645099181E+00,+1.34557158686E+00,+1.02989945002E+00,-4.66079120E-03
+36.60000E-06,+1.17496858156E+00,+1.14393842317E+00,+972.73864662E-03,-50.13817764E-03
+36.62500E-06,+1.06315953756E+00,+1.08300877561E+00,+1.03052759071E+00,+40.56533898E-03
+36.65000E-06,+1.03929019108E+00,+1.01956656522E+00,+1.04560296744E+00,-11.06782630E-03
+36.67500E-06,+1.02358667366E+00,+1.01328515826E+00,+1.04999995232E+00,-3.02762538E-03
+36.70000E-06,+1.04368717596E+00,+1.02396355011E+00,+1.01545221399E+00,+9.03267600E-03
+36.72500E-06,+1.04243089457E+00,+1.02459169080E+00,+1.04937181162E+00,+9.15830414E-03
+36.75000E-06,+1.00348617136E+00,+1.02836053499E+00,+1.03429643490E+00,+21.09297737E-03
+36.77500E-06,+1.03300878412E+00,+1.03338566056E+00,+1.04057784186E+00,+10.91709809E-03
+36.80000E-06,+1.03238064342E+00,+1.27396354744E+00,+1.02110548026E+00,+31.39448480E-03
+36.82500E-06,+1.02358667366E+00,+1.34494344617E+00,+1.01042708841E+00,-6.92209770E-03
+36.85000E-06,+1.02798365854E+00,+1.36567208916E+00,+1.00979894772E+00,+5.89197251E-03
+36.87500E-06,+1.02358667366E+00,+1.36567208916E+00,+1.03932156047E+00,+13.30403273E-03
+36.90000E-06,+1.00913943763E+00,+1.36001882289E+00,+1.01545221399E+00,+7.27388204E-03
+36.92500E-06,+1.00411431206E+00,+1.34619972756E+00,+1.02927130933E+00,+4.88694740E-03
+36.95000E-06,+1.02798365854E+00,+1.36567208916E+00,+1.03429643490E+00,+992.47508E-06
+36.97500E-06,+1.04368717596E+00,+1.35499369732E+00,+1.03932156047E+00,+9.28393227E-03
+37.00000E-06,+1.04368717596E+00,+1.15587309642E+00,+1.02424618375E+00,-17.97737397E-03
+37.02500E-06,+1.02421481435E+00,+1.06353641401E+00,+1.02989945002E+00,+24.61056528E-03
+37.05000E-06,+992.17963883E-03,+1.02396355011E+00,+1.02989945002E+00,+113.07810E-06
+37.07500E-06,+1.02358667366E+00,+1.03464194195E+00,+1.01922105818E+00,+5.01257554E-03
+37.10000E-06,+1.02358667366E+00,+1.01831028384E+00,+1.01545221399E+00,+11.92212320E-03
+37.12500E-06,+1.00411431206E+00,+1.04343591171E+00,+1.04874367093E+00,+5.13820368E-03
+37.15000E-06,+1.02358667366E+00,+1.00826003269E+00,+1.02989945002E+00,+17.07287692E-03
+37.17500E-06,+1.01416456321E+00,+1.01454143965E+00,+1.02989945002E+00,+11.16835436E-03
+37.20000E-06,+1.26542084195E+00,+1.29720475323E+00,+1.09020095691E+00,+50.36433384E-03
+37.22500E-06,+1.34519471042E+00,+1.32609922526E+00,+1.04937181162E+00,-3.02762538E-03
+37.25000E-06,+1.36529521272E+00,+1.37697862169E+00,+1.01859291748E+00,+15.31408296E-03
+37.27500E-06,+1.35587310226E+00,+1.32547108456E+00,+1.00037683727E+00,+13.05277646E-03
+37.30000E-06,+1.34519471042E+00,+1.38011932519E+00,+1.02424618375E+00,+11.92212320E-03
+37.32500E-06,+1.36466707202E+00,+1.36630022985E+00,+1.03052759071E+00,+5.13820368E-03
+37.35000E-06,+1.36089822783E+00,+1.36127510428E+00,+989.69844542E-03,+992.47508E-06
+37.37500E-06,+1.36529521272E+00,+1.33614947641E+00,+1.00854266634E+00,+2.87689717E-03
+37.40000E-06,+1.21831028964E+00,+1.17283289522E+00,+984.04517916E-03,-50.13817764E-03
+37.42500E-06,+1.06315953756E+00,+1.04343591171E+00,+1.03052759071E+00,+36.67086666E-03
+37.45000E-06,+1.00348617136E+00,+1.00826003269E+00,+1.04560296743E+00,-8.80651979E-03
+37.47500E-06,+1.00348617136E+00,+1.03338566056E+00,+1.03932156047E+00,+2.87689717E-03
+37.50000E-06,+1.02923993993E+00,+1.00951631408E+00,+1.04434668605E+00,+10.16332925E-03
+37.52500E-06,+1.04368717596E+00,+1.02459169080E+00,+1.02927130933E+00,+13.05277646E-03
+37.55000E-06,+1.00788315625E+00,+1.01265701757E+00,+1.04560296743E+00,+20.21358040E-03
+37.57500E-06,+1.02358667366E+00,+1.02521983149E+00,+1.03932156048E+00,+19.20855528E-03
+37.60000E-06,+1.01793340740E+00,+1.27396354744E+00,+1.03555271629E+00,+30.26383155E-03
+37.62500E-06,+1.06315953756E+00,+1.34557158686E+00,+1.01105522911E+00,-10.81657002E-03
+37.65000E-06,+1.01918968878E+00,+1.35436555663E+00,+1.01419593260E+00,+9.03267600E-03
+37.67500E-06,+1.01416456321E+00,+1.35624997870E+00,+1.00854266634E+00,+11.16835436E-03
+37.70000E-06,+1.02923993993E+00,+1.35122485313E+00,+1.04434668605E+00,+5.01257554E-03
+37.72500E-06,+1.04305903527E+00,+1.34557158686E+00,+1.02989945002E+00,+4.76131926E-03
+37.75000E-06,+1.02798365854E+00,+1.36567208916E+00,+1.02989945002E+00,+5.89197251E-03
+37.77500E-06,+1.03426506550E+00,+1.35624997870E+00,+1.03932156048E+00,+6.89699763E-03
+37.80000E-06,+1.02923993993E+00,+1.14142586039E+00,+1.00414568145E+00,-15.08792676E-03
+37.82500E-06,+1.02358667366E+00,+1.08300877561E+00,+1.02989945002E+00,+24.86182156E-03
+37.85000E-06,+1.01918968878E+00,+1.01265701757E+00,+1.03869341978E+00,+4.13317856E-03
+37.87500E-06,+1.01290828182E+00,+1.03464194195E+00,+1.01922105818E+00,+5.01257554E-03
+37.90000E-06,+1.00913943763E+00,+1.02396355011E+00,+1.04999995232E+00,+9.03267600E-03
+37.92500E-06,+1.02484295505E+00,+1.02396355011E+00,+1.02864316863E+00,+5.26383181E-03
+37.95000E-06,+1.03489320620E+00,+1.03966706752E+00,+1.02989945002E+00,+9.03267600E-03
+37.97500E-06,+1.05436556780E+00,+1.03464194195E+00,+1.04999995232E+00,+9.03267600E-03
+38.00000E-06,+1.03238064343E+00,+1.28275751720E+00,+1.04999995232E+00,+26.24373109E-03
+38.02500E-06,+1.02421481435E+00,+1.34494344617E+00,+1.02989945002E+00,-2.90199724E-03
+38.05000E-06,+1.02798365854E+00,+1.34557158686E+00,+1.02989945002E+00,+12.17337948E-03
+38.07500E-06,+1.04368717596E+00,+1.35499369732E+00,+1.01922105818E+00,+9.28393227E-03
+38.10000E-06,+1.02358667366E+00,+1.36567208916E+00,+1.00979894772E+00,+7.90202274E-03
+38.12500E-06,+1.04180275388E+00,+1.36567208916E+00,+1.03052759071E+00,+8.90704786E-03
+38.15000E-06,+1.04368717596E+00,+1.34557158686E+00,+1.01419593260E+00,+8.15327902E-03
+38.17500E-06,+1.03426506550E+00,+1.36567208916E+00,+1.03932156048E+00,+992.47508E-06
+38.20000E-06,+1.04368717596E+00,+1.13577259413E+00,+1.03869341978E+00,-17.34923327E-03
+38.22500E-06,+1.02421481435E+00,+1.06353641401E+00,+1.03052759071E+00,+24.86182156E-03
+38.25000E-06,+1.02358667366E+00,+1.03966706752E+00,+1.06130648485E+00,-2.14822841E-03
+38.27500E-06,+1.03300878412E+00,+1.02270726872E+00,+1.03932156048E+00,+6.89699763E-03
+38.30000E-06,+1.02923993993E+00,+1.02396355011E+00,+1.02989945002E+00,+7.27388204E-03
+38.32500E-06,+1.04305903527E+00,+1.04406405240E+00,+1.04937181162E+00,+5.26383181E-03
+38.35000E-06,+1.04368717596E+00,+1.02396355011E+00,+1.02989945002E+00,+13.05277646E-03
+38.37500E-06,+1.02358667366E+00,+1.02396355011E+00,+1.01922105818E+00,+15.18845482E-03
+38.40000E-06,+1.27986807799E+00,+1.28275751720E+00,+1.04999995232E+00,+51.49498710E-03
+38.42500E-06,+1.34582285111E+00,+1.34619972755E+00,+1.03052759071E+00,-3.02762538E-03
+38.45000E-06,+1.40109923243E+00,+1.38137560657E+00,+1.04120598255E+00,+17.95227389E-03
+38.47500E-06,+1.36529521272E+00,+1.34557158686E+00,+1.01922105818E+00,+13.30403273E-03
+38.50000E-06,+1.37094847898E+00,+1.36567208916E+00,+1.00100497796E+00,+13.05277646E-03
+38.52500E-06,+1.36403893133E+00,+1.36504394847E+00,+1.06884417323E+00,+5.01257554E-03
+38.55000E-06,+1.34959169530E+00,+1.36567208916E+00,+1.01419593260E+00,-1.26883143E-03
+38.57500E-06,+1.36529521272E+00,+1.34431530548E+00,+1.04057784186E+00,-1.14320329E-03
+38.60000E-06,+1.15800878275E+00,+1.12697862436E+00,+1.00414568146E+00,-50.13817764E-03
+38.62500E-06,+1.06441581895E+00,+1.06416455470E+00,+1.01105522911E+00,+44.71106758E-03
+38.65000E-06,+1.03489320619E+00,+999.46606293E-03,+1.02298990237E+00,-3.02762538E-03
+38.67500E-06,+1.02358667366E+00,+1.04406405240E+00,+1.01922105818E+00,-891.94701E-06
+38.70000E-06,+1.00913943763E+00,+1.03841078614E+00,+1.01545221399E+00,+9.03267600E-03
+38.72500E-06,+1.02358667366E+00,+1.04343591171E+00,+1.01042708841E+00,+9.03267600E-03
+38.75000E-06,+1.02798365854E+00,+1.04406405240E+00,+1.02989945002E+00,+17.07287692E-03
+38.77500E-06,+1.04368717596E+00,+1.02396355011E+00,+1.04057784186E+00,+15.18845482E-03
+38.80000E-06,+1.26542084196E+00,+1.31730525553E+00,+1.07010045461E+00,+51.49498710E-03
+38.82500E-06,+1.36529521272E+00,+1.34494344617E+00,+1.02989945002E+00,-14.71104235E-03
+38.85000E-06,+1.36529521272E+00,+1.36567208916E+00,+1.02989945002E+00,+17.07287692E-03
+38.87500E-06,+1.37471732317E+00,+1.36567208916E+00,+1.02864316864E+00,+17.07287692E-03
+38.90000E-06,+1.35084797668E+00,+1.36881279266E+00,+1.02989945002E+00,+5.01257554E-03
+38.92500E-06,+1.36529521272E+00,+1.34557158686E+00,+990.32658612E-03,+9.03267600E-03
+38.95000E-06,+1.34959169530E+00,+1.36567208916E+00,+1.04120598255E+00,-2.14822841E-03
+38.97500E-06,+1.37597360456E+00,+1.35499369732E+00,+1.02989945002E+00,+4.76131926E-03
+39.00000E-06,+1.18376255131E+00,+1.13828515689E+00,+984.04517916E-03,-43.22862998E-03
+39.02500E-06,+1.02484295505E+00,+1.04406405240E+00,+1.03052759071E+00,+36.92212294E-03
+39.05000E-06,+1.03929019108E+00,+1.00386304781E+00,+1.06130648485E+00,-10.18842932E-03
+39.07500E-06,+1.00348617136E+00,+1.02396355011E+00,+1.02989945002E+00,+992.47508E-06
+39.10000E-06,+1.02923993993E+00,+1.02396355011E+00,+1.03869341978E+00,+10.16332925E-03
+39.12500E-06,+1.02358667366E+00,+1.00449118850E+00,+1.02927130933E+00,+16.82162064E-03
+39.15000E-06,+1.02798365854E+00,+1.03966706752E+00,+1.02989945002E+00,+21.09297737E-03
+39.17500E-06,+1.03426506550E+00,+1.02396355011E+00,+1.04057784186E+00,+12.80152018E-03
+39.20000E-06,+1.22773240013E+00,+1.27396354744E+00,+1.05565321858E+00,+53.25378105E-03
+39.22500E-06,+1.36466707202E+00,+1.32609922526E+00,+1.03052759071E+00,-10.81657002E-03
+39.25000E-06,+1.38099873013E+00,+1.35436555663E+00,+1.02110548025E+00,+20.21358040E-03
+39.27500E-06,+1.35461682088E+00,+1.34557158686E+00,+1.02047733956E+00,+9.28393227E-03
+39.30000E-06,+1.36529521272E+00,+1.33112435083E+00,+1.07010045461E+00,+9.03267600E-03
+39.32500E-06,+1.38413943363E+00,+1.36504394847E+00,+1.04937181162E+00,+4.88694740E-03
+39.35000E-06,+1.34959169530E+00,+1.36567208916E+00,+1.04560296743E+00,-3.02762538E-03
+39.37500E-06,+1.38539571501E+00,+1.34557158686E+00,+1.03932156048E+00,+992.47508E-06
+39.40000E-06,+1.16680275251E+00,+1.12697862436E+00,+978.39191289E-03,-47.24873044E-03
+39.42500E-06,+1.06315953757E+00,+1.08300877561E+00,+1.00979894772E+00,+36.79649480E-03
+39.45000E-06,+1.00788315625E+00,+1.01956656522E+00,+1.03429643490E+00,-3.02762538E-03
+39.47500E-06,+1.04243089458E+00,+1.03464194195E+00,+1.00979894772E+00,+6.89699763E-03
+39.50000E-06,+1.02358667366E+00,+1.01516958034E+00,+1.02989945002E+00,+13.05277646E-03
+39.52500E-06,+1.04305903527E+00,+1.02333540941E+00,+1.04937181162E+00,+12.92714832E-03
+39.55000E-06,+1.04808416084E+00,+1.02396355011E+00,+1.04999995232E+00,+17.07287692E-03
+39.57500E-06,+1.04368717596E+00,+1.03338566056E+00,+1.04057784186E+00,+15.18845482E-03
+39.60000E-06,+1.28803390703E+00,+1.30851128577E+00,+1.07010045461E+00,+48.60553989E-03
+39.62500E-06,+1.32635048950E+00,+1.32609922526E+00,+1.04937181162E+00,-7.04772584E-03
+39.65000E-06,+1.37660174525E+00,+1.37697862169E+00,+1.03429643490E+00,+19.33418342E-03
+39.67500E-06,+1.37471732317E+00,+1.36567208916E+00,+1.01922105818E+00,+19.20855528E-03
+39.70000E-06,+1.34519471042E+00,+1.34557158686E+00,+1.02989945002E+00,+9.03267600E-03
+39.72500E-06,+1.38413943363E+00,+1.34557158686E+00,+1.02989945002E+00,+9.03267600E-03
+39.75000E-06,+1.34519471042E+00,+1.34996857175E+00,+1.02989945002E+00,+992.47508E-06
+39.77500E-06,+1.35712938364E+00,+1.35624997870E+00,+1.04183412324E+00,+4.76131926E-03
+39.80000E-06,+1.17496858154E+00,+1.14393842315E+00,+998.49241519E-03,-47.24873044E-03
+39.82500E-06,+1.02421481435E+00,+1.02459169080E+00,+1.03115573140E+00,+40.69096712E-03
+39.85000E-06,+1.00788315625E+00,+1.01956656522E+00,+1.02989945002E+00,-766.31888E-06
+39.87500E-06,+1.02358667366E+00,+1.03464194195E+00,+1.04874367093E+00,+4.76131926E-03
+39.90000E-06,+1.02923993993E+00,+1.00951631407E+00,+1.04434668605E+00,+9.03267600E-03
+39.92500E-06,+1.04368717596E+00,+1.02396355011E+00,+1.01042708841E+00,+5.26383181E-03
+39.95000E-06,+1.04368717596E+00,+1.01956656522E+00,+1.02989945002E+00,+16.19347994E-03
+39.97500E-06,+1.03426506550E+00,+1.05348616286E+00,+1.01922105818E+00,+21.09297737E-03
+40.00000E-06,+1.24469219893E+00,+1.27396354744E+00,+1.04120598255E+00,+52.12312780E-03
+40.02500E-06,+1.36466707202E+00,+1.34557158686E+00,+1.02989945002E+00,-14.96229862E-03
+40.05000E-06,+1.38099873013E+00,+1.36567208916E+00,+1.04999995232E+00,+10.79146995E-03
+40.07500E-06,+1.36529521272E+00,+1.36441580778E+00,+1.04999995232E+00,+17.32413319E-03
+40.10000E-06,+1.35084797668E+00,+1.34557158686E+00,+1.02424618375E+00,+3.88192228E-03
+40.12500E-06,+1.36466707202E+00,+1.36441580778E+00,+1.01042708841E+00,+4.88694740E-03
+40.15000E-06,+1.36969219760E+00,+1.36567208916E+00,+1.02989945002E+00,+992.47508E-06
+40.17500E-06,+1.37597360456E+00,+1.35624997870E+00,+1.02989945002E+00,-1.14320329E-03
+40.20000E-06,+1.20700375710E+00,+1.14707912665E+00,+984.04517916E-03,-48.37938369E-03
+40.22500E-06,+1.02421481435E+00,+1.04469219309E+00,+1.04999995232E+00,+36.92212294E-03
+40.25000E-06,+1.03929019108E+00,+1.01956656522E+00,+1.04120598255E+00,-6.16832886E-03
+40.27500E-06,+1.03300878412E+00,+1.03464194195E+00,+1.02989945002E+00,+992.47508E-06
+40.30000E-06,+1.00913943763E+00,+1.02961681637E+00,+1.02110548025E+00,+11.29398250E-03
+40.32500E-06,+1.02358667366E+00,+1.02333540941E+00,+1.04999995232E+00,+12.92714832E-03
+40.35000E-06,+1.04368717596E+00,+1.05537058493E+00,+1.02989945002E+00,+23.35428388E-03
+40.37500E-06,+1.02358667366E+00,+1.03464194195E+00,+1.02989945002E+00,+13.30403273E-03
+40.40000E-06,+1.26228013847E+00,+1.29720475324E+00,+1.04999995232E+00,+43.45478618E-03
+40.42500E-06,+1.34582285111E+00,+1.36441580778E+00,+1.04937181163E+00,-14.96229862E-03
+40.45000E-06,+1.37660174525E+00,+1.36567208916E+00,+1.02989945002E+00,+13.05277646E-03
+40.47500E-06,+1.35461682088E+00,+1.35624997870E+00,+1.02047733956E+00,+17.32413319E-03
+40.50000E-06,+1.35084797668E+00,+1.36001882289E+00,+1.03869341979E+00,+3.88192228E-03
+40.52500E-06,+1.38476757432E+00,+1.34619972755E+00,+1.03115573140E+00,+8.78141972E-03
+40.55000E-06,+1.36969219760E+00,+1.36567208916E+00,+1.00979894772E+00,-4.40953491E-03
+40.57500E-06,+1.36529521272E+00,+1.34557158686E+00,+1.02047733956E+00,+741.21880E-06
+40.60000E-06,+1.21831028963E+00,+1.15273239292E+00,+987.18588266E-03,-44.35928323E-03
+40.62500E-06,+1.04305903527E+00,+1.04406405240E+00,+1.01105522910E+00,+40.56533898E-03
+40.65000E-06,+992.17963883E-03,+1.00386304781E+00,+1.04560296743E+00,-7.04772584E-03
+40.67500E-06,+1.03300878412E+00,+1.02521983149E+00,+1.03932156048E+00,+992.47508E-06
+40.70000E-06,+1.02923993993E+00,+1.02396355011E+00,+1.03555271628E+00,+9.03267600E-03
+40.72500E-06,+1.02295853297E+00,+1.00449118850E+00,+1.00979894772E+00,+12.92714832E-03
+40.75000E-06,+1.02798365855E+00,+1.02396355011E+00,+1.02989945002E+00,+20.21358040E-03
+40.77500E-06,+1.03426506550E+00,+1.02270726872E+00,+1.01922105818E+00,+15.18845482E-03
+40.80000E-06,+1.22773240014E+00,+1.28275751721E+00,+1.04120598255E+00,+55.51508756E-03
+40.82500E-06,+1.36529521272E+00,+1.34557158686E+00,+1.02989945002E+00,-10.94219816E-03
+40.85000E-06,+1.38099873013E+00,+1.35436555663E+00,+1.00979894772E+00,+17.07287692E-03
+40.87500E-06,+1.35336053950E+00,+1.36441580778E+00,+1.03932156048E+00,+13.55528901E-03
+40.90000E-06,+1.34519471042E+00,+1.37446605893E+00,+1.02989945002E+00,+3.88192228E-03
+40.92500E-06,+1.32572234881E+00,+1.34557158686E+00,+1.04999995232E+00,+9.03267600E-03
+40.95000E-06,+1.36529521272E+00,+1.38137560657E+00,+1.03429643490E+00,-3.02762538E-03
+40.97500E-06,+1.36529521272E+00,+1.35499369732E+00,+1.02989945002E+00,-891.94701E-06
+41.00000E-06,+1.18941581756E+00,+1.12949118712E+00,+963.94467686E-03,-42.09797672E-03
+41.02500E-06,+1.06253139688E+00,+1.06290827332E+00,+1.02927130933E+00,+40.43971084E-03
+41.05000E-06,+1.03489320619E+00,+1.01077259545E+00,+1.06130648485E+00,-7.92712282E-03
+41.07500E-06,+1.00222988998E+00,+1.01328515827E+00,+1.03932156048E+00,+5.01257554E-03
+41.10000E-06,+1.02923993993E+00,+1.03841078614E+00,+1.01545221399E+00,+11.92212320E-03
+41.12500E-06,+1.06253139688E+00,+1.04280777102E+00,+1.01042708841E+00,+16.82162064E-03
+41.15000E-06,+1.02358667366E+00,+1.00826003269E+00,+1.03429643490E+00,+13.05277646E-03
+41.17500E-06,+1.03426506550E+00,+1.02396355011E+00,+1.05125623370E+00,+15.18845482E-03
+41.20000E-06,+1.25348616870E+00,+1.26516957767E+00,+1.05565321858E+00,+50.36433384E-03
+41.22500E-06,+1.34582285111E+00,+1.34557158686E+00,+1.04937181163E+00,-10.56531375E-03
+41.25000E-06,+1.38099873013E+00,+1.36567208916E+00,+1.01419593261E+00,+16.19347994E-03
+41.27500E-06,+1.36529521272E+00,+1.36567208916E+00,+1.02047733956E+00,+17.32413319E-03
+41.30000E-06,+1.35964194645E+00,+1.32547108456E+00,+1.02989945002E+00,+9.03267600E-03
+41.32500E-06,+1.36466707203E+00,+1.36567208916E+00,+1.04937181163E+00,+4.88694740E-03
+41.35000E-06,+1.33388817789E+00,+1.36127510428E+00,+1.06130648485E+00,-2.14822841E-03
+41.37500E-06,+1.36529521272E+00,+1.35499369732E+00,+1.01922105818E+00,+9.03267600E-03
+41.40000E-06,+1.18376255130E+00,+1.14393842315E+00,+972.73864663E-03,-46.11807718E-03
+41.42500E-06,+1.04368717596E+00,+1.06353641401E+00,+1.01105522910E+00,+40.56533898E-03
+41.45000E-06,+1.00788315625E+00,+1.00386304781E+00,+1.06570346973E+00,-3.02762538E-03
+41.47500E-06,+1.03300878412E+00,+1.04532033378E+00,+1.04874367094E+00,+3.12815345E-03
+41.50000E-06,+1.04934044222E+00,+1.02396355011E+00,+1.02989945002E+00,+10.16332925E-03
+41.52500E-06,+1.02295853297E+00,+1.00449118850E+00,+1.02989945002E+00,+5.13820368E-03
+41.55000E-06,+1.02358667366E+00,+1.03966706752E+00,+1.04999995232E+00,+18.83167087E-03
+41.57500E-06,+1.03300878412E+00,+1.02396355011E+00,+1.00979894772E+00,+17.07287692E-03
+41.60000E-06,+1.25097360594E+00,+1.28275751721E+00,+1.05565321858E+00,+45.71609268E-03
+41.62500E-06,+1.32635048950E+00,+1.34557158686E+00,+1.06884417323E+00,-7.04772584E-03
+41.65000E-06,+1.36529521272E+00,+1.38577259146E+00,+1.00979894772E+00,+17.95227389E-03
+41.67500E-06,+1.36529521272E+00,+1.35624997870E+00,+1.02989945002E+00,+15.18845482E-03
+41.70000E-06,+1.36529521272E+00,+1.34557158686E+00,+995.35171169E-03,+10.79146995E-03
+41.72500E-06,+1.34456656973E+00,+1.36504394847E+00,+1.03052759071E+00,+5.01257554E-03
+41.75000E-06,+1.36529521272E+00,+1.36127510428E+00,+1.02989945002E+00,+4.13317856E-03
+41.77500E-06,+1.36529521272E+00,+1.36441580778E+00,+1.02989945002E+00,-1.39445957E-03
+41.80000E-06,+1.18376255130E+00,+1.12949118711E+00,+972.73864663E-03,-46.11807718E-03
+41.82500E-06,+1.04368717596E+00,+1.04469219309E+00,+1.06884417323E+00,+33.02765062E-03
+41.85000E-06,+1.04368717596E+00,+1.01956656522E+00,+1.01419593261E+00,-3.90702236E-03
+41.87500E-06,+1.00222988998E+00,+1.04406405240E+00,+1.03115573140E+00,-1.14320329E-03
+41.90000E-06,+1.00913943763E+00,+1.01831028384E+00,+1.04999995232E+00,+13.05277646E-03
+41.92500E-06,+1.00411431205E+00,+1.02396355011E+00,+1.01042708841E+00,+13.05277646E-03
+41.95000E-06,+1.03929019107E+00,+1.05976756982E+00,+1.01419593261E+00,+20.21358040E-03
+41.97500E-06,+1.03300878412E+00,+1.03338566056E+00,+1.04999995232E+00,+13.05277646E-03
+42.00000E-06,+1.25913943497E+00,+1.00951631407E+00,+1.04999995232E+00,+23.35428388E-03
+42.02500E-06,+1.34519471042E+00,+1.02459169080E+00,+1.04937181163E+00,-6.67084143E-03
+42.05000E-06,+1.39670224754E+00,+1.02396355011E+00,+1.04999995232E+00,+13.05277646E-03
+42.07500E-06,+1.37471732317E+00,+1.02396355011E+00,+1.03115573140E+00,+13.05277646E-03
+42.10000E-06,+1.35964194645E+00,+1.01831028384E+00,+1.03555271628E+00,+10.16332925E-03
+42.12500E-06,+1.36403893134E+00,+1.00449118850E+00,+1.02989945002E+00,+9.03267600E-03
+42.15000E-06,+1.36529521272E+00,+1.01265701758E+00,+1.02989945002E+00,+5.89197251E-03
+42.17500E-06,+1.35587310226E+00,+1.03464194194E+00,+1.03115573140E+00,+6.89699763E-03
+42.20000E-06,+1.14921481296E+00,+1.03841078614E+00,+989.69844542E-03,-23.75626838E-03
+42.22500E-06,+1.04431531665E+00,+1.02396355011E+00,+1.04999995232E+00,+17.19850505E-03
+42.25000E-06,+1.02798365855E+00,+1.02396355011E+00,+1.04560296743E+00,-2.14822841E-03
+42.27500E-06,+1.01290828182E+00,+1.01328515827E+00,+1.03932156048E+00,+2.62564089E-03
+42.30000E-06,+1.02358667366E+00,+1.02961681637E+00,+1.02989945002E+00,+6.14322879E-03
+42.32500E-06,+1.04305903527E+00,+1.02459169080E+00,+1.04874367094E+00,+9.03267600E-03
+42.35000E-06,+1.02798365855E+00,+1.01956656522E+00,+1.02989945002E+00,+15.31408296E-03
+42.37500E-06,+1.02358667366E+00,+1.02396355011E+00,+1.02864316864E+00,+13.05277646E-03
+42.40000E-06,+1.02358667366E+00,+1.01831028384E+00,+1.00979894772E+00,+9.03267600E-03
+42.42500E-06,+1.02421481435E+00,+1.02459169080E+00,+1.01042708841E+00,+992.47508E-06
+42.45000E-06,+1.00348617136E+00,+1.05976756982E+00,+1.02550246513E+00,+1.87187205E-03
+42.47500E-06,+1.02358667366E+00,+1.01454143965E+00,+1.02989945002E+00,+5.01257554E-03
+42.50000E-06,+1.02358667366E+00,+1.02396355011E+00,+1.02989945002E+00,+2.12312833E-03
+42.52500E-06,+1.02358667366E+00,+1.02396355011E+00,+1.02989945002E+00,+9.03267600E-03
+42.55000E-06,+1.03929019107E+00,+1.05537058493E+00,+1.03429643490E+00,+9.03267600E-03
+42.57500E-06,+1.02484295504E+00,+1.02396355011E+00,+1.02989945002E+00,+4.76131926E-03
+42.60000E-06,+1.03803390970E+00,+1.02396355011E+00,+1.02989945002E+00,+3.88192228E-03
+42.62500E-06,+1.02358667366E+00,+1.00511932919E+00,+1.02864316864E+00,+12.80152018E-03
+42.65000E-06,+1.02358667366E+00,+1.03966706752E+00,+1.01419593261E+00,+9.03267600E-03
+42.67500E-06,+1.01290828182E+00,+1.04406405240E+00,+1.02047733956E+00,+10.91709809E-03
+42.70000E-06,+1.02358667366E+00,+1.02961681637E+00,+1.02424618376E+00,+11.92212320E-03
+42.72500E-06,+1.02358667366E+00,+1.04343591171E+00,+1.04937181163E+00,+5.13820367E-03
+42.75000E-06,+1.03929019107E+00,+1.05097360005E+00,+1.03429643490E+00,+12.17337948E-03
+42.77500E-06,+1.03300878412E+00,+1.02396355011E+00,+1.04057784186E+00,+6.89699763E-03
+42.80000E-06,+1.28803390703E+00,+1.03275751988E+00,+1.06444718835E+00,+30.89197225E-03
+42.82500E-06,+1.34582285111E+00,+1.02459169080E+00,+1.02989945002E+00,+1.24373135E-03
+42.85000E-06,+1.37660174524E+00,+1.05537058493E+00,+1.02550246513E+00,+15.31408296E-03
+42.87500E-06,+1.36529521272E+00,+1.02396355011E+00,+1.02047733956E+00,+9.28393227E-03
+42.90000E-06,+1.35084797668E+00,+1.04406405240E+00,+1.02424618376E+00,+7.90202274E-03
+42.92500E-06,+1.36529521272E+00,+1.00449118850E+00,+1.02989945002E+00,+8.90704786E-03
+42.95000E-06,+1.34959169530E+00,+1.01956656522E+00,+1.02550246513E+00,+1.87187205E-03
+42.97500E-06,+1.35587310226E+00,+1.05474244424E+00,+1.00979894772E+00,+992.47508E-06
+43.00000E-06,+1.17810928503E+00,+1.03841078614E+00,+1.00979894772E+00,-23.75626838E-03
+43.02500E-06,+1.06315953757E+00,+1.02459169079E+00,+1.02989945002E+00,+21.09297737E-03
+43.05000E-06,+1.03929019107E+00,+1.01956656522E+00,+1.04999995232E+00,+992.47508E-06
+43.07500E-06,+1.00348617136E+00,+1.01328515827E+00,+1.02864316864E+00,+992.47508E-06
+43.10000E-06,+1.02923993993E+00,+1.02396355011E+00,+1.29120597988E+00,+18.20353017E-03
+43.12500E-06,+1.02358667366E+00,+1.00449118850E+00,+1.33140698448E+00,+5.13820367E-03
+43.15000E-06,+1.04368717596E+00,+1.02396355011E+00,+1.37160798907E+00,+21.97237435E-03
+43.17500E-06,+1.02358667366E+00,+1.03464194194E+00,+1.32198487402E+00,+9.03267600E-03
+43.20000E-06,+1.01228014114E+00,+1.27961681371E+00,+1.36281401930E+00,+27.37438434E-03
+43.22500E-06,+1.00474245274E+00,+1.32609922525E+00,+1.39170849137E+00,-6.92209770E-03
+43.25000E-06,+1.03929019107E+00,+1.36567208916E+00,+1.36721100419E+00,+5.89197251E-03
+43.27500E-06,+1.03300878412E+00,+1.36567208916E+00,+1.36092959724E+00,+9.28393227E-03
+43.30000E-06,+1.02358667366E+00,+1.35122485313E+00,+1.37726125534E+00,+9.03267600E-03
+43.32500E-06,+1.06253139688E+00,+1.36504394847E+00,+1.35150748678E+00,+5.13820367E-03
+43.35000E-06,+1.02798365855E+00,+1.36567208916E+00,+1.36721100419E+00,+5.01257554E-03
+43.37500E-06,+1.04368717596E+00,+1.34431530548E+00,+1.35150748678E+00,+6.89699763E-03
+43.40000E-06,+1.05248114573E+00,+1.14142586038E+00,+1.33140698448E+00,-15.08792676E-03
+43.42500E-06,+1.02358667366E+00,+1.04469219309E+00,+1.35213562746E+00,+24.98744970E-03
+43.45000E-06,+999.08918648E-03,+1.02396355011E+00,+1.07010045461E+00,+39.43468572E-03
+43.47500E-06,+1.03300878412E+00,+1.02521983148E+00,+1.02047733956E+00,-3.27888166E-03
+43.50000E-06,+1.02358667366E+00,+1.02396355011E+00,+1.02989945002E+00,+14.18342971E-03
+43.52500E-06,+1.04305903527E+00,+1.04280777103E+00,+1.04937181163E+00,+1.11810322E-03
+43.55000E-06,+1.05499370849E+00,+1.00386304781E+00,+1.02989945002E+00,+9.03267600E-03
+43.57500E-06,+1.03426506550E+00,+1.02521983148E+00,+1.03932156048E+00,+7.14825390E-03
+43.60000E-06,+1.03803390970E+00,+1.29720475325E+00,+1.04999995232E+00,+22.22363063E-03
+43.62500E-06,+1.02421481435E+00,+1.32609922525E+00,+1.04937181163E+00,-2.90199724E-03
+43.65000E-06,+1.03929019107E+00,+1.38577259146E+00,+1.03429643490E+00,+20.21358040E-03
+43.67500E-06,+1.03300878412E+00,+1.32672736594E+00,+1.02989945002E+00,+13.05277646E-03
+43.70000E-06,+1.02358667366E+00,+1.34557158686E+00,+1.02989945002E+00,+5.01257554E-03
+43.72500E-06,+1.02295853297E+00,+1.34619972755E+00,+1.01042708841E+00,+8.78141972E-03
+43.75000E-06,+1.01228014114E+00,+1.36567208916E+00,+1.02550246513E+00,+3.63066601E-03
+43.77500E-06,+1.03300878412E+00,+1.34557158686E+00,+1.01922105818E+00,+9.03267600E-03
+43.80000E-06,+1.04368717596E+00,+1.15838565917E+00,+1.00414568146E+00,-15.08792676E-03
+43.82500E-06,+1.04243089458E+00,+1.06290827332E+00,+1.02989945002E+00,+24.73619342E-03
+43.85000E-06,+1.00788315625E+00,+1.00826003269E+00,+1.06130648484E+00,+5.89197251E-03
+43.87500E-06,+1.03300878412E+00,+1.05348616286E+00,+1.02989945002E+00,+5.01257554E-03
+43.90000E-06,+1.02923993993E+00,+1.01831028384E+00,+1.02424618376E+00,+6.14322879E-03
+43.92500E-06,+1.04243089458E+00,+1.02396355011E+00,+1.02989945002E+00,+16.69599250E-03
+43.95000E-06,+1.02358667366E+00,+1.03966706752E+00,+1.04999995232E+00,+17.07287692E-03
+43.97500E-06,+1.05310928642E+00,+1.03464194194E+00,+1.03932156048E+00,+9.03267600E-03
+44.00000E-06,+1.03238064343E+00,+1.29406404974E+00,+1.03555271628E+00,+29.13317829E-03
+44.02500E-06,+1.06315953757E+00,+1.32547108456E+00,+1.03052759071E+00,-2.90199724E-03
+44.05000E-06,+1.03929019107E+00,+1.36567208916E+00,+1.02989945002E+00,+12.17337948E-03
+44.07500E-06,+1.04368717596E+00,+1.36567208916E+00,+1.01922105818E+00,+9.28393227E-03
+44.10000E-06,+1.02358667366E+00,+1.35122485313E+00,+1.02989945002E+00,+7.90202274E-03
+44.12500E-06,+1.04305903527E+00,+1.36567208916E+00,+1.04999995232E+00,+8.78141972E-03
+44.15000E-06,+1.02358667366E+00,+1.34557158686E+00,+1.02989945002E+00,+5.89197251E-03
+44.17500E-06,+1.02358667366E+00,+1.34557158686E+00,+1.02989945002E+00,+7.39951018E-03
+44.20000E-06,+1.05813441199E+00,+1.12383792084E+00,+1.02424618376E+00,-15.08792676E-03
+44.22500E-06,+1.02358667366E+00,+1.06416455470E+00,+1.02927130933E+00,+24.86182156E-03
+44.25000E-06,+1.00788315625E+00,+1.02396355011E+00,+1.00979894772E+00,+992.47508E-06
+44.27500E-06,+1.01290828182E+00,+1.03464194194E+00,+1.02989945002E+00,+741.21880E-06
+44.30000E-06,+1.02358667366E+00,+1.04406405240E+00,+1.04434668605E+00,+11.92212320E-03
+44.32500E-06,+1.02421481435E+00,+1.02396355011E+00,+1.04874367094E+00,+9.03267600E-03
+44.35000E-06,+1.01918968878E+00,+1.02396355011E+00,+1.04120598254E+00,+13.93217343E-03
+44.37500E-06,+1.03426506550E+00,+1.04406405240E+00,+1.02989945002E+00,+8.78141972E-03
+44.40000E-06,+1.01228014114E+00,+1.28275751722E+00,+1.05879392209E+00,+23.98242458E-03
+44.42500E-06,+1.02358667366E+00,+1.30599872296E+00,+1.02989945002E+00,-2.77636911E-03
+44.45000E-06,+1.03929019107E+00,+1.33426505434E+00,+1.01859291749E+00,+13.93217343E-03
+44.47500E-06,+1.02233039229E+00,+1.34557158686E+00,+1.02989945002E+00,+11.16835436E-03
+44.50000E-06,+1.02923993992E+00,+1.35122485312E+00,+1.04999995232E+00,+6.77136949E-03
+44.52500E-06,+1.02295853297E+00,+1.36567208916E+00,+1.00979894772E+00,+8.90704786E-03
+44.55000E-06,+1.00788315625E+00,+1.35687811939E+00,+1.01419593261E+00,+8.15327902E-03
+44.57500E-06,+1.02484295504E+00,+1.35499369732E+00,+1.02989945002E+00,+3.12815344E-03
+44.60000E-06,+1.02923993992E+00,+1.13263189061E+00,+989.69844542E-03,-13.32913281E-03
+44.62500E-06,+1.04243089458E+00,+1.06353641401E+00,+1.01042708841E+00,+24.86182156E-03
+44.65000E-06,+1.02358667366E+00,+1.01956656522E+00,+1.02989945002E+00,+4.13317856E-03
+44.67500E-06,+1.03300878412E+00,+1.03338566057E+00,+1.04057784186E+00,+6.89699763E-03
+44.70000E-06,+1.02358667366E+00,+1.03841078614E+00,+1.06444718835E+00,+7.90202274E-03
+44.72500E-06,+1.06253139688E+00,+1.00449118850E+00,+1.02989945002E+00,+12.80152018E-03
+44.75000E-06,+1.02798365855E+00,+1.02396355011E+00,+1.04560296743E+00,+19.33418342E-03
+44.77500E-06,+1.02358667366E+00,+1.03464194194E+00,+1.01922105818E+00,+13.05277646E-03
+44.80000E-06,+1.02358667366E+00,+1.29406404974E+00,+1.02110548025E+00,+23.35428388E-03
+44.82500E-06,+1.02358667366E+00,+1.34619972755E+00,+1.02989945002E+00,-3.02762538E-03
+44.85000E-06,+1.01918968878E+00,+1.34557158686E+00,+1.04120598254E+00,+13.05277646E-03
+44.87500E-06,+1.02358667366E+00,+1.34557158686E+00,+1.01922105818E+00,+9.28393227E-03
+44.90000E-06,+1.04368717596E+00,+1.36567208916E+00,+1.03555271628E+00,+7.90202274E-03
+44.92500E-06,+1.02358667366E+00,+1.36567208916E+00,+1.02989945002E+00,+4.88694740E-03
+44.95000E-06,+1.01228014114E+00,+1.38137560657E+00,+1.01419593261E+00,+5.89197251E-03
+44.97500E-06,+1.03300878412E+00,+1.35499369732E+00,+1.02864316864E+00,+9.03267600E-03
+45.00000E-06,+1.03803390970E+00,+1.14707912664E+00,+1.00414568146E+00,-16.21858001E-03
+45.02500E-06,+1.02358667366E+00,+1.06416455470E+00,+1.02989945002E+00,+28.88192202E-03
+45.05000E-06,+1.02358667366E+00,+1.02396355011E+00,+1.01859291749E+00,+5.01257554E-03
+45.07500E-06,+1.03175250275E+00,+1.01328515827E+00,+1.02989945002E+00,+4.76131926E-03
+45.10000E-06,+1.00913943763E+00,+1.02961681637E+00,+1.02989945002E+00,+9.03267600E-03
+45.12500E-06,+1.04305903527E+00,+1.02396355011E+00,+1.04874367094E+00,+9.03267600E-03
+45.15000E-06,+1.04368717596E+00,+1.02396355011E+00,+1.03429643491E+00,+9.91207297E-03
+45.17500E-06,+1.03426506550E+00,+1.03338566057E+00,+1.02989945002E+00,+9.03267600E-03
+45.20000E-06,+1.03803390970E+00,+1.30851128578E+00,+1.04120598254E+00,+23.35428388E-03
+45.22500E-06,+1.02421481435E+00,+1.30725500433E+00,+1.02989945002E+00,-2.90199724E-03
+45.25000E-06,+1.05939069337E+00,+1.36567208916E+00,+1.01419593261E+00,+13.93217343E-03
+45.27500E-06,+1.02358667366E+00,+1.36567208916E+00,+1.04999995232E+00,+9.03267600E-03
+45.30000E-06,+1.04368717596E+00,+1.36001882290E+00,+1.01545221398E+00,+11.92212320E-03
+45.32500E-06,+1.04305903527E+00,+1.34557158686E+00,+990.95472680E-03,+16.82162064E-03
+45.35000E-06,+1.02798365855E+00,+1.34996857175E+00,+1.02989945002E+00,+1.87187205E-03
+45.37500E-06,+1.03300878412E+00,+1.35499369732E+00,+1.02047733956E+00,+6.89699763E-03
+45.40000E-06,+1.03489320619E+00,+1.10687812205E+00,+1.00414568146E+00,-21.36933372E-03
+45.42500E-06,+1.02358667366E+00,+1.04469219309E+00,+1.01042708841E+00,+20.96734924E-03
+45.45000E-06,+1.02358667366E+00,+1.00826003270E+00,+1.04560296743E+00,+5.01257554E-03
+45.47500E-06,+1.02358667366E+00,+1.02521983148E+00,+1.04999995232E+00,+5.01257554E-03
+45.50000E-06,+1.03489320619E+00,+1.02396355011E+00,+1.02989945002E+00,+14.81157041E-03
+45.52500E-06,+1.04305903527E+00,+1.02396355011E+00,+1.04937181163E+00,+9.15830413E-03
+45.55000E-06,+1.02358667366E+00,+1.00826003270E+00,+1.02989945002E+00,+10.79146995E-03
+45.57500E-06,+1.04368717596E+00,+1.03338566057E+00,+1.02989945002E+00,+13.05277646E-03
+45.60000E-06,+1.03238064344E+00,+1.29406404974E+00,+1.03555271628E+00,+29.13317829E-03
+45.62500E-06,+1.02421481435E+00,+1.32484294388E+00,+1.03052759071E+00,-2.90199724E-03
+45.65000E-06,+1.05499370848E+00,+1.37006907405E+00,+1.02989945002E+00,+9.03267600E-03
+45.67500E-06,+1.02358667366E+00,+1.34682786824E+00,+1.03115573139E+00,+9.28393227E-03
+45.70000E-06,+1.04368717596E+00,+1.37132535542E+00,+1.02675874651E+00,+9.66081670E-03
+45.72500E-06,+1.04243089458E+00,+1.34682786824E+00,+1.03052759071E+00,+12.80152018E-03
+45.75000E-06,+1.04368717596E+00,+1.34996857175E+00,+1.03869341979E+00,+992.47508E-06
+45.77500E-06,+1.02358667366E+00,+1.36567208916E+00,+1.03115573139E+00,+7.14825390E-03
+45.80000E-06,+1.05248114573E+00,+1.15273239290E+00,+1.00414568146E+00,-15.08792676E-03
+45.82500E-06,+1.04305903527E+00,+1.06416455470E+00,+1.01042708841E+00,+32.65076620E-03
+45.85000E-06,+1.01918968878E+00,+1.03966706752E+00,+1.04560296743E+00,+3.25378158E-03
+45.87500E-06,+1.02233039229E+00,+1.02396355011E+00,+1.02989945002E+00,+4.76131926E-03
+45.90000E-06,+1.00348617136E+00,+1.00951631407E+00,+1.02989945002E+00,+9.03267600E-03
+45.92500E-06,+1.04305903527E+00,+1.04280777103E+00,+1.01042708841E+00,+9.03267600E-03
+45.95000E-06,+1.03049622130E+00,+1.03527008263E+00,+1.02989945002E+00,+11.67086693E-03
+45.97500E-06,+1.04368717596E+00,+1.03212937919E+00,+1.05125623369E+00,+10.91709809E-03
+46.00000E-06,+1.03238064344E+00,+1.27082284393E+00,+1.04120598254E+00,+26.24373109E-03
+46.02500E-06,+1.00537059343E+00,+1.34494344617E+00,+1.02989945002E+00,-2.90199724E-03
+46.05000E-06,+1.02798365855E+00,+1.36567208916E+00,+1.04999995232E+00,+13.05277646E-03
+46.07500E-06,+1.02358667366E+00,+1.34682786824E+00,+1.04999995232E+00,+13.05277646E-03
+46.10000E-06,+1.03803390970E+00,+1.34557158686E+00,+1.02989945002E+00,+9.03267600E-03
+46.12500E-06,+1.02295853297E+00,+1.34557158686E+00,+1.00979894772E+00,+9.03267600E-03
+46.15000E-06,+1.02798365855E+00,+1.34996857175E+00,+1.02110548025E+00,+992.47508E-06
+46.17500E-06,+1.02484295504E+00,+1.34557158686E+00,+1.02047733956E+00,+6.64574135E-03
+46.20000E-06,+1.03489320619E+00,+1.12383792083E+00,+1.00414568146E+00,-16.21858001E-03
+46.22500E-06,+1.06315953757E+00,+1.06353641401E+00,+1.03052759071E+00,+24.98744970E-03
+46.25000E-06,+1.02358667366E+00,+1.02396355011E+00,+1.02550246513E+00,-3.02762538E-03
+46.27500E-06,+1.02358667366E+00,+1.03338566057E+00,+1.02989945002E+00,+2.87689717E-03
+46.30000E-06,+1.02923993992E+00,+1.02396355011E+00,+1.03555271628E+00,+10.16332925E-03
+46.32500E-06,+1.02358667366E+00,+1.02459169079E+00,+1.02989945002E+00,+16.94724878E-03
+46.35000E-06,+1.04368717596E+00,+1.00826003270E+00,+1.01859291750E+00,+13.93217343E-03
+46.37500E-06,+1.04368717596E+00,+1.02396355011E+00,+1.00979894772E+00,+14.93719855E-03
+46.40000E-06,+1.04682787947E+00,+1.29406404974E+00,+1.04120598254E+00,+23.35428388E-03
+46.42500E-06,+1.04368717596E+00,+1.32609922525E+00,+1.01105522910E+00,-6.79646957E-03
+46.45000E-06,+1.05059672360E+00,+1.37006907405E+00,+1.01859291750E+00,+12.17337948E-03
+46.47500E-06,+1.03300878412E+00,+1.34557158686E+00,+1.03932156048E+00,+11.41961064E-03
+46.50000E-06,+1.03803390970E+00,+1.35122485312E+00,+1.03555271628E+00,+11.92212320E-03
+46.52500E-06,+1.06315953757E+00,+1.36504394847E+00,+1.04937181163E+00,+8.78141972E-03
+46.55000E-06,+1.02798365855E+00,+1.36567208916E+00,+1.05439693720E+00,+5.01257554E-03
+46.57500E-06,+1.03426506550E+00,+1.34557158686E+00,+1.03932156048E+00,+5.01257554E-03
+46.60000E-06,+1.05813441200E+00,+1.11253138830E+00,+1.01545221398E+00,-9.30903235E-03
+46.62500E-06,+1.04368717596E+00,+1.06416455470E+00,+1.02989945002E+00,+29.00755016E-03
+46.65000E-06,+1.02358667366E+00,+1.02396355011E+00,+1.04560296743E+00,+992.47508E-06
+46.67500E-06,+1.02358667366E+00,+1.03464194194E+00,+1.02989945002E+00,+6.89699763E-03
+46.70000E-06,+1.02358667366E+00,+1.03841078614E+00,+1.02989945002E+00,+10.16332925E-03
+46.72500E-06,+1.06253139688E+00,+1.04343591172E+00,+1.06884417324E+00,+5.13820367E-03
+46.75000E-06,+1.03929019107E+00,+1.02396355011E+00,+1.02989945002E+00,+13.05277646E-03
+46.77500E-06,+1.03175250275E+00,+1.02396355011E+00,+1.02989945002E+00,+10.91709809E-03
+46.80000E-06,+1.01793340740E+00,+1.28841078348E+00,+1.04999995232E+00,+28.50503759E-03
+46.82500E-06,+1.02358667366E+00,+1.34494344618E+00,+1.03052759071E+00,-7.04772584E-03
+46.85000E-06,+1.01918968877E+00,+1.34996857175E+00,+1.04560296743E+00,+5.89197251E-03
+46.87500E-06,+1.02358667366E+00,+1.37509419962E+00,+1.02989945002E+00,+9.28393227E-03
+46.90000E-06,+1.03803390970E+00,+1.34557158686E+00,+1.02424618376E+00,+7.90202274E-03
+46.92500E-06,+1.02295853298E+00,+1.34557158686E+00,+1.01042708841E+00,+8.90704786E-03
+46.95000E-06,+1.02798365855E+00,+1.36127510427E+00,+1.01419593261E+00,+1.87187206E-03
+46.97500E-06,+1.02358667366E+00,+1.33614947640E+00,+1.01922105818E+00,+4.76131926E-03
+47.00000E-06,+1.02923993992E+00,+1.12132535808E+00,+1.02989945002E+00,-23.12812768E-03
+47.02500E-06,+1.02358667366E+00,+1.06290827333E+00,+1.03052759071E+00,+24.73619342E-03
+47.05000E-06,+1.00788315625E+00,+1.02396355011E+00,+1.04999995232E+00,+992.47508E-06
+47.07500E-06,+1.02233039229E+00,+1.06290827333E+00,+1.03932156048E+00,+7.14825390E-03
+47.10000E-06,+1.02358667366E+00,+1.02396355011E+00,+1.03555271628E+00,+9.03267600E-03
+47.12500E-06,+1.08263189918E+00,+1.02459169079E+00,+1.00979894772E+00,+16.82162064E-03
+47.15000E-06,+1.02798365855E+00,+1.02836053499E+00,+1.02989945002E+00,+12.17337948E-03
+47.17500E-06,+1.04368717596E+00,+1.02270726873E+00,+1.03115573139E+00,+6.89699763E-03
+47.20000E-06,+1.02923993992E+00,+1.29406404975E+00,+1.03555271628E+00,+26.24373109E-03
+47.22500E-06,+1.04305903527E+00,+1.34494344618E+00,+1.02989945002E+00,+992.47508E-06
+47.25000E-06,+1.03929019107E+00,+1.36567208916E+00,+1.02989945002E+00,+9.91207297E-03
+47.27500E-06,+1.02358667366E+00,+1.36692837053E+00,+1.02047733956E+00,+9.03267600E-03
+47.30000E-06,+1.02358667366E+00,+1.35687811938E+00,+1.01545221398E+00,+6.14322879E-03
+47.32500E-06,+1.02358667366E+00,+1.34557158686E+00,+1.03052759071E+00,+5.01257554E-03
+47.35000E-06,+1.02358667366E+00,+1.36567208916E+00,+1.04560296743E+00,+992.47508E-06
+47.37500E-06,+1.03426506550E+00,+1.34557158686E+00,+1.03932156048E+00,+8.78141972E-03
+47.40000E-06,+1.03803390970E+00,+1.11818465456E+00,+1.00414568146E+00,-15.08792676E-03
+47.42500E-06,+1.04305903527E+00,+1.04406405240E+00,+1.02989945002E+00,+24.98744970E-03
+47.45000E-06,+1.01228014114E+00,+1.02396355011E+00,+998.49241520E-03,+11.29398250E-03
+47.47500E-06,+1.03300878412E+00,+1.01328515827E+00,+1.02864316865E+00,+6.89699763E-03
+47.50000E-06,+1.02923993992E+00,+1.00386304781E+00,+1.02424618376E+00,+6.14322879E-03
+47.52500E-06,+1.02358667366E+00,+1.04280777103E+00,+1.02989945002E+00,+16.94724878E-03
+47.55000E-06,+1.02358667366E+00,+1.01956656522E+00,+1.01419593261E+00,+10.79146995E-03
+47.57500E-06,+1.04368717596E+00,+1.01454143964E+00,+1.05125623369E+00,+10.91709809E-03
+47.60000E-06,+1.03803390970E+00,+1.27396354745E+00,+1.04999995232E+00,+27.37438434E-03
+47.62500E-06,+1.06253139688E+00,+1.36504394847E+00,+1.02864316865E+00,-2.90199724E-03
+47.65000E-06,+1.02798365855E+00,+1.37006907405E+00,+1.01419593261E+00,+13.05277646E-03
+47.67500E-06,+1.02358667366E+00,+1.34557158686E+00,+1.02989945002E+00,+13.05277646E-03
+47.70000E-06,+1.00913943763E+00,+1.35122485312E+00,+1.02989945002E+00,+4.38443483E-03
+47.72500E-06,+1.02358667366E+00,+1.34619972755E+00,+1.01042708841E+00,+9.03267600E-03
+47.75000E-06,+1.02358667366E+00,+1.34996857175E+00,+1.02550246513E+00,+5.89197251E-03
+47.77500E-06,+1.02484295503E+00,+1.35499369732E+00,+1.02989945002E+00,+9.03267600E-03
+47.80000E-06,+1.02923993992E+00,+1.13577259411E+00,+1.01859291750E+00,-21.99747443E-03
+47.82500E-06,+1.02421481435E+00,+1.04406405240E+00,+1.02989945002E+00,+24.73619342E-03
+47.85000E-06,+1.02358667366E+00,+1.03966706751E+00,+1.04560296743E+00,-2.14822840E-03
+47.87500E-06,+1.01290828183E+00,+1.01328515827E+00,+1.03932156048E+00,+6.89699763E-03
+47.90000E-06,+1.02358667366E+00,+1.02396355011E+00,+1.02989945002E+00,+10.16332925E-03
+47.92500E-06,+1.02358667366E+00,+1.02396355011E+00,+1.02989945002E+00,+12.92714832E-03
+47.95000E-06,+1.01918968877E+00,+1.01956656522E+00,+1.04999995232E+00,+15.31408296E-03
+47.97500E-06,+1.02484295503E+00,+1.03464194194E+00,+1.00854266635E+00,+13.05277646E-03
+48.00000E-06,+1.01228014114E+00,+1.29406404975E+00,+1.01231151047E+00,+28.50503759E-03
+48.02500E-06,+1.02421481435E+00,+1.32547108456E+00,+1.02927130933E+00,-6.92209770E-03
+48.05000E-06,+1.00348617136E+00,+1.34996857175E+00,+1.01419593261E+00,+16.19347994E-03
+48.07500E-06,+1.02358667366E+00,+1.35499369732E+00,+1.04057784185E+00,+9.03267600E-03
+48.10000E-06,+1.01793340740E+00,+1.33112435083E+00,+1.02989945002E+00,+9.03267600E-03
+48.12500E-06,+1.00474245274E+00,+1.36504394847E+00,+1.02989945002E+00,+8.78141972E-03
+48.15000E-06,+1.02358667366E+00,+1.34117460197E+00,+1.01859291750E+00,+5.01257554E-03
+48.17500E-06,+1.03426506550E+00,+1.35624997870E+00,+1.00979894772E+00,+9.28393227E-03
+48.20000E-06,+1.04368717596E+00,+1.11253138830E+00,+1.00414568146E+00,-15.08792676E-03
+48.22500E-06,+1.04243089459E+00,+1.06353641401E+00,+1.02864316865E+00,+28.63066574E-03
+48.25000E-06,+1.03929019107E+00,+1.04406405240E+00,+1.01419593261E+00,+4.13317856E-03
+48.27500E-06,+1.04368717596E+00,+1.02396355011E+00,+1.04999995232E+00,+6.89699763E-03
+48.30000E-06,+1.02358667366E+00,+1.02961681637E+00,+1.02989945002E+00,+7.90202274E-03
+48.32500E-06,+1.02421481435E+00,+1.02521983148E+00,+1.04937181163E+00,+9.03267600E-03
+48.35000E-06,+1.01918968877E+00,+1.02396355011E+00,+1.04999995232E+00,+9.91207297E-03
+48.37500E-06,+1.02358667366E+00,+1.03338566057E+00,+1.00979894772E+00,+13.05277646E-03
+48.40000E-06,+1.03803390970E+00,+1.28527007997E+00,+1.03555271628E+00,+26.24373109E-03
+48.42500E-06,+1.04431531665E+00,+1.30599872295E+00,+1.04999995232E+00,-6.79646957E-03
+48.45000E-06,+1.03489320618E+00,+1.36567208916E+00,+1.02989945002E+00,+16.19347994E-03
+48.47500E-06,+1.03300878412E+00,+1.33614947640E+00,+1.02047733956E+00,+9.28393227E-03
+48.50000E-06,+1.02923993992E+00,+1.36001882290E+00,+1.04434668606E+00,+10.16332925E-03
+48.52500E-06,+1.04368717596E+00,+1.34557158686E+00,+1.00979894772E+00,+9.15830413E-03
+48.55000E-06,+1.02798365855E+00,+1.34996857175E+00,+1.02989945002E+00,+5.01257554E-03
+48.57500E-06,+1.02358667366E+00,+1.33614947640E+00,+1.04057784185E+00,+5.01257554E-03
+48.60000E-06,+1.03803390970E+00,+1.15021983015E+00,+1.00414568146E+00,-19.10802722E-03
+48.62500E-06,+1.04431531665E+00,+1.04469219309E+00,+1.04999995232E+00,+32.65076620E-03
+48.65000E-06,+1.02358667366E+00,+1.02396355011E+00,+1.02989945002E+00,+992.47508E-06
+48.67500E-06,+1.05310928642E+00,+1.02396355011E+00,+1.04057784185E+00,+9.03267600E-03
+48.70000E-06,+1.03803390970E+00,+1.01831028385E+00,+1.04434668606E+00,+10.16332925E-03
+48.72500E-06,+1.02295853298E+00,+1.02333540942E+00,+1.01042708841E+00,+16.94724878E-03
+48.75000E-06,+1.03929019107E+00,+1.02396355011E+00,+1.00979894772E+00,+13.93217343E-03
+48.77500E-06,+1.04368717596E+00,+1.03338566057E+00,+1.01922105818E+00,+13.05277646E-03
+48.80000E-06,+1.04368717596E+00,+1.29406404975E+00,+1.02110548024E+00,+28.50503759E-03
+48.82500E-06,+1.04305903527E+00,+1.32484294388E+00,+1.01042708841E+00,-6.92209770E-03
+48.85000E-06,+1.03929019107E+00,+1.36567208916E+00,+1.02550246513E+00,+9.03267600E-03
+48.87500E-06,+1.03426506550E+00,+1.34557158686E+00,+1.02989945002E+00,+13.05277646E-03
+48.90000E-06,+1.03803390970E+00,+1.35122485312E+00,+1.03555271628E+00,+9.03267600E-03
+48.92500E-06,+1.02358667366E+00,+1.36504394847E+00,+1.02989945002E+00,+5.13820367E-03
+48.95000E-06,+1.02798365855E+00,+1.38137560657E+00,+1.04999995232E+00,+4.13317856E-03
+48.97500E-06,+1.05436556779E+00,+1.37509419962E+00,+1.03932156048E+00,+3.12815344E-03
+49.00000E-06,+1.02358667366E+00,+1.15587309641E+00,+1.00979894772E+00,-20.23868047E-03
+49.02500E-06,+1.04305903527E+00,+1.06416455470E+00,+1.02989945002E+00,+28.63066575E-03
+49.05000E-06,+1.02798365855E+00,+1.02396355011E+00,+1.02550246513E+00,+5.01257554E-03
+49.07500E-06,+1.03300878413E+00,+1.02396355011E+00,+1.02864316865E+00,+9.03267600E-03
+49.10000E-06,+1.02358667366E+00,+1.02396355011E+00,+1.03555271628E+00,+11.92212320E-03
+49.12500E-06,+1.04431531664E+00,+1.02396355011E+00,+1.01042708841E+00,+5.13820367E-03
+49.15000E-06,+1.02358667366E+00,+1.02836053499E+00,+1.00979894772E+00,+13.05277646E-03
+49.17500E-06,+1.02358667366E+00,+1.02396355011E+00,+1.02989945002E+00,+9.03267600E-03
+49.20000E-06,+1.03803390970E+00,+1.30851128579E+00,+1.07010045461E+00,+20.46483667E-03
+49.22500E-06,+1.02421481435E+00,+1.34494344618E+00,+1.02989945002E+00,-6.79646957E-03
+49.25000E-06,+1.05499370848E+00,+1.36127510427E+00,+1.02989945002E+00,+4.13317856E-03
+49.27500E-06,+1.05310928642E+00,+1.35624997870E+00,+1.02047733956E+00,+15.18845482E-03
+49.30000E-06,+1.02923993992E+00,+1.34557158686E+00,+1.02424618376E+00,+6.14322879E-03
+49.32500E-06,+1.02358667366E+00,+1.36504394847E+00,+1.01042708841E+00,+9.03267600E-03
+49.35000E-06,+1.02358667366E+00,+1.36127510427E+00,+998.49241520E-03,+7.27388204E-03
+49.37500E-06,+1.01290828183E+00,+1.34557158686E+00,+1.00979894772E+00,+8.78141972E-03
+49.40000E-06,+1.04934044222E+00,+1.12132535807E+00,+995.35171168E-03,-16.21858001E-03
+49.42500E-06,+1.04305903527E+00,+1.04343591172E+00,+1.03052759070E+00,+28.63066575E-03
+49.45000E-06,+1.05939069337E+00,+1.02396355011E+00,+1.04560296743E+00,+5.01257554E-03
+49.47500E-06,+1.02233039229E+00,+1.03338566057E+00,+1.00979894772E+00,+6.89699763E-03
+49.50000E-06,+1.04368717596E+00,+1.02961681637E+00,+1.04434668606E+00,+6.14322879E-03
+49.52500E-06,+1.02421481435E+00,+1.00449118849E+00,+1.04937181163E+00,+12.92714832E-03
+49.55000E-06,+1.03929019107E+00,+1.02396355011E+00,+1.01419593261E+00,+16.19347994E-03
+49.57500E-06,+1.02358667366E+00,+1.00386304781E+00,+1.02989945002E+00,+13.05277646E-03
+49.60000E-06,+1.02358667366E+00,+1.28841078349E+00,+1.04120598254E+00,+29.13317829E-03
+49.62500E-06,+1.02358667366E+00,+1.34431530549E+00,+1.03052759070E+00,-3.02762538E-03
+49.65000E-06,+1.02798365855E+00,+1.34996857175E+00,+1.02989945002E+00,+13.05277646E-03
+49.67500E-06,+1.02358667366E+00,+1.34557158686E+00,+1.01922105819E+00,+5.01257554E-03
+49.70000E-06,+1.02923993992E+00,+1.36567208916E+00,+1.01545221398E+00,+2.75126903E-03
+49.72500E-06,+1.02358667366E+00,+1.36504394847E+00,+1.02927130933E+00,+8.90704786E-03
+49.75000E-06,+1.00788315625E+00,+1.34996857175E+00,+1.01419593261E+00,+4.13317856E-03
+49.77500E-06,+1.04368717596E+00,+1.36567208916E+00,+1.02864316865E+00,+7.14825390E-03
+49.80000E-06,+1.02923993992E+00,+1.10687812204E+00,+1.00414568146E+00,-13.32913280E-03
+49.82500E-06,+1.02295853298E+00,+1.06416455470E+00,+1.02927130933E+00,+24.86182156E-03
+49.85000E-06,+1.02358667366E+00,+1.03966706751E+00,+1.01419593261E+00,+2.75126903E-03
+49.87500E-06,+1.02233039229E+00,+1.03464194194E+00,+1.03932156048E+00,+6.89699763E-03
+49.90000E-06,+1.02358667366E+00,+1.02961681637E+00,+1.04434668606E+00,+6.14322879E-03
+49.92500E-06,+1.02421481435E+00,+1.02396355011E+00,+1.02989945002E+00,+8.90704786E-03
+49.95000E-06,+1.02798365855E+00,+1.02396355011E+00,+1.04120598254E+00,+14.81157041E-03
+49.97500E-06,+1.02358667366E+00,+1.02396355011E+00,+1.04057784185E+00,+13.05277646E-03
+50.00000E-06,+1.02358667366E+00,+1.28841078349E+00,+1.05565321858E+00,+32.02262550E-03
+50.02500E-06,+1.02421481435E+00,+1.30599872295E+00,+1.03052759070E+00,-18.73114281E-03
+50.05000E-06,+1.05939069337E+00,+1.33426505434E+00,+994.09543031E-03,+15.31408296E-03
+50.07500E-06,+1.04368717596E+00,+1.35499369733E+00,+1.02989945002E+00,+11.16835436E-03
+50.10000E-06,+1.02358667366E+00,+1.35122485312E+00,+1.03304015354E+00,+10.16332925E-03
+50.12500E-06,+1.04305903527E+00,+1.32672736593E+00,+1.02989945002E+00,+5.13820367E-03
+50.15000E-06,+1.02798365855E+00,+1.34996857175E+00,+1.02550246513E+00,+5.01257554E-03
+50.17500E-06,+1.03426506550E+00,+1.33614947640E+00,+1.01922105819E+00,+992.47508E-06
+50.20000E-06,+1.04368717596E+00,+1.14456656389E+00,+1.01859291750E+00,-16.21858001E-03
+50.22500E-06,+1.02421481435E+00,+1.04532033377E+00,+1.04999995232E+00,+20.96734924E-03
+50.25000E-06,+1.02798365855E+00,+1.02836053500E+00,+1.04560296743E+00,+5.01257554E-03
+50.27500E-06,+1.01290828183E+00,+1.02396355011E+00,+1.02864316865E+00,+2.87689717E-03
+50.30000E-06,+1.02923993992E+00,+1.02396355011E+00,+1.02989945002E+00,+4.38443483E-03
+50.32500E-06,+1.06190325620E+00,+1.02333540942E+00,+1.03052759070E+00,+16.94724878E-03
+50.35000E-06,+1.00788315625E+00,+1.03966706751E+00,+1.04120598254E+00,+11.29398250E-03
+50.37500E-06,+1.03300878413E+00,+1.02521983148E+00,+1.02989945002E+00,+13.05277646E-03
+50.40000E-06,+1.01793340740E+00,+1.28527007997E+00,+1.02675874650E+00,+29.13317829E-03
+50.42500E-06,+1.02358667366E+00,+1.32547108456E+00,+1.04937181163E+00,-3.02762538E-03
+50.45000E-06,+1.03929019107E+00,+1.38137560657E+00,+1.02550246513E+00,+9.03267600E-03
+50.47500E-06,+1.03300878413E+00,+1.34431530549E+00,+1.02864316865E+00,+7.14825390E-03
+50.50000E-06,+1.02923993992E+00,+1.33112435082E+00,+1.03555271628E+00,+9.03267600E-03
+50.52500E-06,+1.04368717596E+00,+1.36504394847E+00,+1.04999995232E+00,+8.90704786E-03
+50.55000E-06,+1.02358667366E+00,+1.34996857175E+00,+1.04999995232E+00,+5.01257554E-03
+50.57500E-06,+1.04368717596E+00,+1.36441580779E+00,+1.01922105819E+00,+5.01257554E-03
+50.60000E-06,+1.03803390970E+00,+1.14707912663E+00,+1.00979894772E+00,-12.19847955E-03
+50.62500E-06,+1.02421481435E+00,+1.06416455470E+00,+1.02927130933E+00,+28.75629388E-03
+50.65000E-06,+1.04368717596E+00,+1.03527008262E+00,+1.01419593261E+00,+992.47508E-06
+50.67500E-06,+1.02233039229E+00,+1.03338566057E+00,+1.02989945002E+00,+2.87689717E-03
+50.70000E-06,+1.01479270388E+00,+1.02396355011E+00,+1.02989945002E+00,+11.92212320E-03
+50.72500E-06,+1.04305903527E+00,+1.04406405240E+00,+1.02989945002E+00,+13.05277646E-03
+50.75000E-06,+1.02798365855E+00,+1.00826003270E+00,+1.05879392210E+00,+6.77136949E-03
+50.77500E-06,+1.03426506550E+00,+1.02396355011E+00,+1.03932156048E+00,+13.05277646E-03
+50.80000E-06,+1.04682787948E+00,+1.31730525557E+00,+1.06130648483E+00,+24.48493713E-03
+50.82500E-06,+1.04305903527E+00,+1.34557158686E+00,+1.04999995232E+00,-6.67084143E-03
+50.85000E-06,+1.02798365855E+00,+1.36567208916E+00,+1.02550246513E+00,+6.77136949E-03
+50.87500E-06,+1.04368717596E+00,+1.35624997870E+00,+1.04057784185E+00,+11.16835436E-03
+50.90000E-06,+1.02923993992E+00,+1.34557158686E+00,+1.02989945002E+00,+3.88192229E-03
+50.92500E-06,+1.04305903527E+00,+1.34494344618E+00,+1.01042708841E+00,+9.03267600E-03
+50.95000E-06,+1.02358667366E+00,+1.34996857175E+00,+1.00979894772E+00,+5.89197251E-03
+50.97500E-06,+1.02358667366E+00,+1.35499369733E+00,+1.03115573139E+00,+4.76131926E-03
+51.00000E-06,+1.02923993992E+00,+1.10373741851E+00,+1.00414568146E+00,-15.08792676E-03
+51.02500E-06,+1.04368717596E+00,+1.06416455470E+00,+1.01105522909E+00,+24.98744970E-03
+51.05000E-06,+1.03929019107E+00,+1.02396355011E+00,+1.04120598254E+00,-1.26883143E-03
+51.07500E-06,+1.01290828183E+00,+1.03338566057E+00,+1.04057784185E+00,+9.03267600E-03
+51.10000E-06,+1.02923993992E+00,+1.04406405240E+00,+1.03869341980E+00,+8.40453529E-03
+51.12500E-06,+1.04368717596E+00,+1.02459169079E+00,+1.02989945002E+00,+12.92714832E-03
+51.15000E-06,+1.02798365855E+00,+1.02836053500E+00,+1.04999995232E+00,+9.03267600E-03
+51.17500E-06,+1.03300878413E+00,+1.03464194194E+00,+1.03932156048E+00,+13.05277646E-03
+51.20000E-06,+1.03238064344E+00,+1.29406404975E+00,+1.02110548024E+00,+23.35428388E-03
+51.22500E-06,+1.00411431205E+00,+1.34557158686E+00,+1.02989945002E+00,-3.02762538E-03
+51.25000E-06,+1.02798365855E+00,+1.36567208916E+00,+1.02989945002E+00,+9.91207297E-03
+51.27500E-06,+1.03300878413E+00,+1.35624997870E+00,+1.03806527912E+00,+15.18845482E-03
+51.30000E-06,+1.04934044222E+00,+1.36567208916E+00,+1.02989945002E+00,+5.01257554E-03
+51.32500E-06,+1.04305903528E+00,+1.36567208916E+00,+1.02989945002E+00,+4.88694740E-03
+51.35000E-06,+1.03929019107E+00,+1.36567208916E+00,+1.03429643491E+00,+8.15327902E-03
+51.37500E-06,+1.03426506549E+00,+1.34557158686E+00,+1.04057784185E+00,+5.26383181E-03
+51.40000E-06,+1.04368717596E+00,+1.12132535807E+00,+1.00414568146E+00,-21.99747443E-03
+51.42500E-06,+984.64195044E-03,+1.06353641402E+00,+1.02989945002E+00,+8.90704786E-03
+51.45000E-06,+1.01918968877E+00,+1.04406405240E+00,+1.02298990239E+00,-4.78641934E-03
+51.47500E-06,+1.01165200046E+00,+1.02396355011E+00,+1.05942206278E+00,+9.03267600E-03
+51.50000E-06,+1.00913943762E+00,+1.02961681636E+00,+1.02424618376E+00,+13.05277646E-03
+51.52500E-06,+1.02295853298E+00,+1.02396355011E+00,+1.02989945002E+00,+9.03267600E-03
+51.55000E-06,+1.02358667366E+00,+1.02836053500E+00,+1.02550246513E+00,+9.03267600E-03
+51.57500E-06,+1.03426506549E+00,+1.01454143964E+00,+1.02047733955E+00,+15.18845482E-03
+51.60000E-06,+1.02923993992E+00,+1.29971731601E+00,+1.05565321857E+00,+29.13317829E-03
+51.62500E-06,+1.04368717596E+00,+1.32547108456E+00,+1.04999995232E+00,-6.79646957E-03
+51.65000E-06,+1.03929019107E+00,+1.36127510427E+00,+1.01859291750E+00,+8.15327902E-03
+51.67500E-06,+1.03300878413E+00,+1.35624997869E+00,+1.01922105819E+00,+9.03267600E-03
+51.70000E-06,+1.03238064344E+00,+1.37446605894E+00,+1.02989945002E+00,+10.79146995E-03
+51.72500E-06,+1.02295853298E+00,+1.34619972755E+00,+991.58286748E-03,+12.92714832E-03
+51.75000E-06,+1.02358667366E+00,+1.34557158686E+00,+1.00540196283E+00,+5.89197252E-03
+51.77500E-06,+1.02358667366E+00,+1.34557158686E+00,+1.00979894772E+00,+992.47508E-06
+51.80000E-06,+1.04368717596E+00,+1.15273239288E+00,+1.02424618376E+00,-17.97737397E-03
+51.82500E-06,+1.04305903528E+00,+1.06290827333E+00,+1.03052759070E+00,+24.73619342E-03
+51.85000E-06,+1.02798365855E+00,+1.00826003270E+00,+1.02989945002E+00,+113.07810E-06
+51.87500E-06,+1.00348617136E+00,+1.02396355011E+00,+1.03932156048E+00,-1.39445956E-03
+51.90000E-06,+1.01479270388E+00,+1.02396355011E+00,+1.04434668606E+00,+6.14322879E-03
+51.92500E-06,+1.06253139689E+00,+1.02333540942E+00,+1.04999995232E+00,+12.92714832E-03
+51.95000E-06,+1.02798365855E+00,+1.03966706751E+00,+1.02989945002E+00,+13.05277646E-03
+51.97500E-06,+1.01416456320E+00,+1.02396355011E+00,+1.01922105819E+00,+13.05277646E-03
+52.00000E-06,+1.01228014115E+00,+1.29406404975E+00,+1.02989945002E+00,+27.37438434E-03
+52.02500E-06,+1.02421481435E+00,+1.32609922525E+00,+1.02989945002E+00,-7.04772584E-03
+52.05000E-06,+1.03489320618E+00,+1.36567208916E+00,+1.02989945002E+00,+4.13317856E-03
+52.07500E-06,+1.02358667366E+00,+1.35624997869E+00,+1.04057784185E+00,+5.01257554E-03
+52.10000E-06,+1.01793340740E+00,+1.35122485312E+00,+1.02989945002E+00,+7.90202274E-03
+52.12500E-06,+1.04305903528E+00,+1.36504394848E+00,+1.04937181163E+00,+9.03267600E-03
+52.15000E-06,+1.03929019107E+00,+1.34996857175E+00,+1.02550246513E+00,+992.47508E-06
+52.17500E-06,+1.02358667366E+00,+1.34431530549E+00,+1.03932156048E+00,+10.91709809E-03
+52.20000E-06,+1.05813441200E+00,+1.12383792080E+00,+1.00979894772E+00,-14.45978606E-03
+52.22500E-06,+1.02358667366E+00,+1.04343591172E+00,+1.01042708841E+00,+24.86182156E-03
+52.25000E-06,+1.01918968877E+00,+1.01956656522E+00,+1.02989945002E+00,-6.16832886E-03
+52.27500E-06,+1.01290828183E+00,+1.02396355011E+00,+1.02047733955E+00,+7.14825390E-03
+52.30000E-06,+1.00913943762E+00,+1.01516958032E+00,+1.02989945002E+00,+13.05277646E-03
+52.32500E-06,+1.04431531664E+00,+1.04280777104E+00,+1.02989945002E+00,+5.26383181E-03
+52.35000E-06,+1.03929019107E+00,+1.02836053500E+00,+1.00979894772E+00,+8.15327902E-03
+52.37500E-06,+1.03300878413E+00,+1.04406405240E+00,+1.03115573139E+00,+9.28393227E-03
+52.40000E-06,+1.03238064344E+00,+1.29406404975E+00,+1.07010045461E+00,+22.22363063E-03
+52.42500E-06,+1.02421481435E+00,+1.30599872295E+00,+1.02989945002E+00,-6.92209770E-03
+52.45000E-06,+1.04368717596E+00,+1.36567208916E+00,+1.00979894772E+00,+18.45478644E-03
+52.47500E-06,+1.03426506549E+00,+1.35624997869E+00,+1.02989945002E+00,+11.16835436E-03
+52.50000E-06,+1.02923993992E+00,+1.35122485312E+00,+1.01545221398E+00,+12.55026391E-03
+52.52500E-06,+1.02358667366E+00,+1.34619972755E+00,+1.01042708841E+00,+992.47508E-06
+52.55000E-06,+1.02358667366E+00,+1.36127510427E+00,+1.02550246513E+00,+1.87187206E-03
+52.57500E-06,+1.03426506549E+00,+1.34557158686E+00,+1.02989945002E+00,+6.89699763E-03
+52.60000E-06,+1.04368717596E+00,+1.14393842310E+00,+1.01859291750E+00,-16.21858001E-03
+52.62500E-06,+1.02421481435E+00,+1.06353641402E+00,+1.03052759070E+00,+24.98744970E-03
+52.65000E-06,+1.00788315626E+00,+1.00826003270E+00,+1.04560296743E+00,-2.14822840E-03
+52.67500E-06,+1.03426506549E+00,+1.03464194194E+00,+1.02989945002E+00,+9.03267600E-03
+52.70000E-06,+1.03489320618E+00,+1.01831028385E+00,+1.02989945002E+00,+13.05277646E-03
+52.72500E-06,+1.06253139689E+00,+1.04343591172E+00,+1.03052759070E+00,+5.01257554E-03
+52.75000E-06,+1.02798365855E+00,+1.00826003270E+00,+1.02989945002E+00,+9.91207297E-03
+52.77500E-06,+1.03300878413E+00,+1.03464194194E+00,+1.02989945002E+00,+9.03267600E-03
+52.80000E-06,+1.05813441200E+00,+1.27961681371E+00,+1.02989945002E+00,+26.24373109E-03
+52.82500E-06,+1.04368717596E+00,+1.34494344618E+00,+1.04937181163E+00,-7.04772584E-03
+52.85000E-06,+1.02358667366E+00,+1.34996857175E+00,+1.04560296743E+00,+12.17337948E-03
+52.87500E-06,+1.03426506549E+00,+1.34557158686E+00,+1.01922105819E+00,+5.01257554E-03
+52.90000E-06,+1.01793340740E+00,+1.34557158686E+00,+1.02989945002E+00,+7.27388204E-03
+52.92500E-06,+1.04305903528E+00,+1.34557158686E+00,+1.04999995232E+00,+5.01257554E-03
+52.95000E-06,+1.03929019107E+00,+1.35436555664E+00,+1.05439693721E+00,+992.47508E-06
+52.97500E-06,+1.02358667366E+00,+1.36567208916E+00,+1.03932156048E+00,+7.14825390E-03
+53.00000E-06,+1.04368717596E+00,+1.13011932785E+00,+1.01859291750E+00,-17.97737397E-03
+53.02500E-06,+1.04368717596E+00,+1.06416455470E+00,+1.01105522909E+00,+24.98744970E-03
+53.05000E-06,+1.03929019107E+00,+1.00826003270E+00,+1.02550246513E+00,-1.26883143E-03
+53.07500E-06,+1.01290828183E+00,+1.02270726874E+00,+1.02989945002E+00,+10.91709809E-03
+53.10000E-06,+1.04368717596E+00,+1.02396355011E+00,+1.02110548024E+00,+11.92212320E-03
+53.12500E-06,+1.02358667366E+00,+1.04343591172E+00,+1.02864316865E+00,+5.26383181E-03
+53.15000E-06,+1.02798365855E+00,+1.03275751989E+00,+1.03869341980E+00,+9.91207297E-03
+53.17500E-06,+1.04368717596E+00,+1.01328515827E+00,+1.02989945002E+00,+6.89699763E-03
+53.20000E-06,+1.02358667366E+00,+1.31416455205E+00,+1.03555271628E+00,+28.00252504E-03
+53.22500E-06,+1.02421481435E+00,+1.34557158686E+00,+1.02989945002E+00,-2.77636911E-03
+53.25000E-06,+1.04368717596E+00,+1.36567208916E+00,+1.00979894772E+00,+12.17337948E-03
+53.27500E-06,+1.05436556779E+00,+1.36567208916E+00,+1.00037683726E+00,+9.28393227E-03
+53.30000E-06,+1.03803390970E+00,+1.38011932520E+00,+1.02989945002E+00,+7.90202274E-03
+53.32500E-06,+1.02295853298E+00,+1.32609922525E+00,+1.00979894772E+00,+1.24373135E-03
+53.35000E-06,+1.02798365855E+00,+1.34996857175E+00,+1.02550246513E+00,+9.03267600E-03
+53.37500E-06,+1.00348617136E+00,+1.35499369733E+00,+1.04999995232E+00,+5.01257554E-03
+53.40000E-06,+1.02923993992E+00,+1.10687812203E+00,+1.02424618376E+00,-16.21858001E-03
+53.42500E-06,+1.02358667366E+00,+1.04343591172E+00,+1.03052759070E+00,+24.86182156E-03
+53.45000E-06,+1.00788315626E+00,+1.01956656521E+00,+1.02989945002E+00,+4.13317856E-03
+53.47500E-06,+1.01290828183E+00,+1.02396355011E+00,+1.02989945002E+00,+9.03267600E-03
+53.50000E-06,+1.04368717596E+00,+1.00951631407E+00,+1.02989945002E+00,+10.79146995E-03
+53.52500E-06,+1.04368717596E+00,+1.02459169079E+00,+1.00979894772E+00,+9.03267600E-03
+53.55000E-06,+1.04368717596E+00,+999.46606292E-03,+1.03429643491E+00,+13.93217343E-03
+53.57500E-06,+1.03426506549E+00,+1.02396355011E+00,+1.02989945002E+00,+13.05277646E-03
+53.60000E-06,+1.04934044222E+00,+1.32861178809E+00,+1.02989945002E+00,+26.24373109E-03
+53.62500E-06,+1.02358667366E+00,+1.32547108456E+00,+1.04937181163E+00,+992.47508E-06
+53.65000E-06,+1.05499370847E+00,+1.34996857175E+00,+1.02989945002E+00,+12.17337948E-03
+53.67500E-06,+1.04368717596E+00,+1.34431530550E+00,+1.02989945002E+00,+9.28393227E-03
+53.70000E-06,+1.02358667366E+00,+1.36001882290E+00,+1.04999995232E+00,+9.03267600E-03
+53.72500E-06,+1.04305903528E+00,+1.36504394848E+00,+1.04874367095E+00,+9.03267600E-03
+53.75000E-06,+1.03489320618E+00,+1.36567208916E+00,+1.05439693721E+00,+9.03267600E-03
+53.77500E-06,+1.02484295503E+00,+1.34557158686E+00,+1.02047733955E+00,+13.05277646E-03
+53.80000E-06,+1.02358667366E+00,+1.14707912662E+00,+1.00979894772E+00,-16.21858001E-03
+53.82500E-06,+1.02358667366E+00,+1.06353641402E+00,+1.02927130934E+00,+24.98744970E-03
+53.85000E-06,+1.02358667366E+00,+1.02396355011E+00,+1.02989945002E+00,-3.02762538E-03
+53.87500E-06,+1.01290828183E+00,+1.02396355011E+00,+1.02047733955E+00,+6.89699763E-03
+53.90000E-06,+1.01479270388E+00,+1.01831028385E+00,+1.02989945002E+00,+9.03267600E-03
+53.92500E-06,+1.04368717596E+00,+1.02396355011E+00,+1.02989945002E+00,+5.13820367E-03
+53.95000E-06,+1.04368717596E+00,+1.02836053500E+00,+1.04560296742E+00,+16.19347994E-03
+53.97500E-06,+1.05310928643E+00,+1.03464194194E+00,+1.02989945002E+00,+13.05277646E-03
+54.00000E-06,+1.02358667366E+00,+1.27396354746E+00,+1.04999995232E+00,+26.24373109E-03
+54.02500E-06,+1.04368717596E+00,+1.34494344618E+00,+1.04999995232E+00,-2.90199725E-03
+54.05000E-06,+1.03929019107E+00,+1.36127510427E+00,+1.01419593261E+00,+16.19347994E-03
+54.07500E-06,+1.02358667366E+00,+1.35499369733E+00,+1.02989945002E+00,+9.03267600E-03
+54.10000E-06,+1.04368717596E+00,+1.36567208916E+00,+1.02424618376E+00,+6.14322879E-03
+54.12500E-06,+1.02358667366E+00,+1.34619972754E+00,+1.02927130934E+00,+12.80152018E-03
+54.15000E-06,+1.02798365855E+00,+1.36127510427E+00,+1.00979894772E+00,+992.47508E-06
+54.17500E-06,+1.02358667366E+00,+1.35624997869E+00,+1.00979894772E+00,+6.89699763E-03
+54.20000E-06,+1.01479270388E+00,+1.09243088598E+00,+1.00414568147E+00,-14.45978605E-03
+54.22500E-06,+1.02484295503E+00,+1.06416455470E+00,+1.02989945002E+00,+21.09297737E-03
+54.25000E-06,+1.02358667366E+00,+1.03966706751E+00,+1.04560296742E+00,+992.47508E-06
+54.27500E-06,+1.01290828183E+00,+1.03338566057E+00,+1.03932156049E+00,+2.87689717E-03
+54.30000E-06,+1.00913943762E+00,+1.02396355011E+00,+1.04434668606E+00,+7.90202275E-03
+54.32500E-06,+1.02358667366E+00,+1.04343591172E+00,+1.02927130934E+00,+9.15830413E-03
+54.35000E-06,+1.04368717596E+00,+1.02396355011E+00,+1.00979894772E+00,+9.91207297E-03
+54.37500E-06,+1.01416456320E+00,+1.04406405240E+00,+1.01796477682E+00,+14.93719855E-03
+54.40000E-06,+1.03238064345E+00,+1.30285801954E+00,+1.06130648483E+00,+26.24373109E-03
+54.42500E-06,+1.04305903528E+00,+1.34557158686E+00,+1.01042708840E+00,-3.02762538E-03
+54.45000E-06,+1.02358667366E+00,+1.36567208916E+00,+1.02550246513E+00,+9.91207297E-03
+54.47500E-06,+1.03300878413E+00,+1.33614947640E+00,+1.01922105819E+00,+9.03267600E-03
+54.50000E-06,+1.04368717596E+00,+1.35122485312E+00,+1.02110548023E+00,+2.12312833E-03
+54.52500E-06,+1.02358667366E+00,+1.36504394848E+00,+1.04999995232E+00,+5.13820367E-03
+54.55000E-06,+1.03929019107E+00,+1.37697862167E+00,+1.04560296742E+00,+5.01257554E-03
+54.57500E-06,+1.03426506549E+00,+1.35624997869E+00,+1.01922105819E+00,+3.12815344E-03
+54.60000E-06,+1.05499370847E+00,+1.12132535806E+00,+1.02424618376E+00,-13.32913280E-03
+54.62500E-06,+1.02421481434E+00,+1.06416455470E+00,+1.02927130934E+00,+24.86182156E-03
+54.65000E-06,+1.02358667366E+00,+1.02396355011E+00,+1.02989945002E+00,+5.01257554E-03
+54.67500E-06,+1.03300878413E+00,+1.02396355011E+00,+1.04057784185E+00,+2.87689717E-03
+54.70000E-06,+1.02358667366E+00,+1.02961681636E+00,+1.04434668606E+00,+9.03267600E-03
+54.72500E-06,+1.00474245273E+00,+1.04343591172E+00,+1.02989945002E+00,-10.69094189E-03
+54.75000E-06,+1.04368717596E+00,+1.01705400249E+00,+1.04999995232E+00,+26.49498736E-03
+54.77500E-06,+1.02358667366E+00,+1.02396355011E+00,+1.01105522909E+00,+9.28393227E-03
+54.80000E-06,+1.01793340741E+00,+1.28527007997E+00,+1.03869341980E+00,+26.24373109E-03
+54.82500E-06,+1.04494345732E+00,+1.32547108456E+00,+1.03052759070E+00,-6.79646957E-03
+54.85000E-06,+1.04368717596E+00,+1.34557158686E+00,+1.02989945002E+00,+11.29398250E-03
+54.87500E-06,+1.02233039230E+00,+1.34682786823E+00,+1.02047733955E+00,+17.07287692E-03
+54.90000E-06,+1.02923993992E+00,+1.34557158686E+00,+1.02424618376E+00,+9.03267600E-03
+54.92500E-06,+1.02358667366E+00,+1.34619972754E+00,+1.02927130934E+00,+5.13820367E-03
+54.95000E-06,+1.02798365855E+00,+1.36567208916E+00,+1.02110548023E+00,+1.87187206E-03
+54.97500E-06,+1.02484295503E+00,+1.34557158686E+00,+1.02047733955E+00,+9.03267600E-03
+55.00000E-06,+1.03803390970E+00,+1.14456656389E+00,+1.03869341980E+00,-17.34923326E-03
+55.02500E-06,+1.02421481434E+00,+1.06479269538E+00,+1.02989945002E+00,+21.09297737E-03
+55.05000E-06,+1.02358667366E+00,+1.02396355011E+00,+1.04560296742E+00,+4.13317856E-03
+55.07500E-06,+1.02358667366E+00,+1.01328515828E+00,+1.04874367095E+00,+4.76131926E-03
+55.10000E-06,+1.00913943762E+00,+1.02961681636E+00,+1.03555271628E+00,+11.92212320E-03
+55.12500E-06,+1.04368717596E+00,+1.02459169079E+00,+1.02989945002E+00,+13.05277646E-03
+55.15000E-06,+1.04368717596E+00,+1.03966706751E+00,+1.03680899764E+00,+16.19347994E-03
+55.17500E-06,+1.04368717596E+00,+1.05348616287E+00,+1.02989945002E+00,+15.18845482E-03
+55.20000E-06,+1.03238064345E+00,+1.28841078350E+00,+1.03555271628E+00,+30.26383154E-03
+55.22500E-06,+1.02421481434E+00,+1.32547108456E+00,+1.03052759070E+00,-2.90199725E-03
+55.25000E-06,+1.04808416085E+00,+1.37006907405E+00,+994.09543032E-03,+13.93217343E-03
+55.27500E-06,+1.04368717596E+00,+1.34557158686E+00,+1.03932156049E+00,+7.14825390E-03
+55.30000E-06,+1.03803390970E+00,+1.35122485312E+00,+1.03555271628E+00,+7.90202275E-03
+55.32500E-06,+1.02295853298E+00,+1.36504394848E+00,+1.04999995232E+00,+1.36935949E-03
+55.35000E-06,+1.02798365855E+00,+1.36567208916E+00,+1.01419593261E+00,+5.01257554E-03
+55.37500E-06,+1.04368717596E+00,+1.34557158686E+00,+1.02989945002E+00,+2.87689717E-03
+55.40000E-06,+1.04368717596E+00,+1.11253138828E+00,+1.01859291751E+00,-16.21858001E-03
+55.42500E-06,+1.04368717596E+00,+1.02396355011E+00,+1.00979894772E+00,+28.88192202E-03
+55.45000E-06,+1.04368717596E+00,+1.01956656521E+00,+1.02989945002E+00,+113.07810E-06
+55.47500E-06,+1.04368717596E+00,+1.03338566057E+00,+1.03115573138E+00,+6.89699763E-03
+55.50000E-06,+1.04934044222E+00,+1.02396355011E+00,+1.02110548023E+00,+9.03267600E-03
+55.52500E-06,+1.02421481434E+00,+1.02396355011E+00,+1.01042708840E+00,+9.15830413E-03
+55.55000E-06,+1.02798365855E+00,+1.05537058491E+00,+1.01859291751E+00,+15.31408296E-03
+55.57500E-06,+1.05310928643E+00,+1.02396355011E+00,+1.03932156049E+00,+9.03267600E-03
+55.60000E-06,+1.02358667366E+00,+1.27647611018E+00,+1.05879392210E+00,+27.37438434E-03
+55.62500E-06,+1.04431531664E+00,+1.34557158686E+00,+1.04999995232E+00,-7.04772584E-03
+55.65000E-06,+1.04368717596E+00,+1.37006907405E+00,+1.01859291751E+00,+12.17337948E-03
+55.67500E-06,+1.04368717596E+00,+1.34682786823E+00,+1.03932156049E+00,+15.18845482E-03
+55.70000E-06,+1.02923993992E+00,+1.33112435082E+00,+1.02424618376E+00,+9.03267600E-03
+55.72500E-06,+1.02295853298E+00,+1.34557158686E+00,+1.01042708840E+00,+8.78141972E-03
+55.75000E-06,+1.00788315626E+00,+1.36127510427E+00,+1.01419593261E+00,+8.15327902E-03
+55.77500E-06,+1.01416456319E+00,+1.36567208916E+00,+1.05125623368E+00,+2.87689717E-03
+55.80000E-06,+1.05813441200E+00,+1.12132535806E+00,+1.01859291751E+00,-16.21858001E-03
+55.82500E-06,+1.02358667366E+00,+1.06479269538E+00,+1.06947231393E+00,+24.86182156E-03
+55.85000E-06,+1.01228014115E+00,+1.02396355011E+00,+1.04999995232E+00,+3.25378158E-03
+55.87500E-06,+1.03426506549E+00,+1.01454143964E+00,+1.05942206278E+00,+2.87689717E-03
+55.90000E-06,+1.02923993992E+00,+1.02396355011E+00,+1.04434668606E+00,+6.14322879E-03
+55.92500E-06,+1.02295853298E+00,+1.04406405240E+00,+1.02989945002E+00,+8.90704786E-03
+55.95000E-06,+1.01918968877E+00,+1.03966706751E+00,+1.02989945002E+00,+13.93217343E-03
+55.97500E-06,+1.04368717596E+00,+1.02396355011E+00,+1.02047733955E+00,+13.05277646E-03
+56.00000E-06,+1.03803390970E+00,+1.29406404976E+00,+1.01545221398E+00,+33.15327875E-03
+56.02500E-06,+1.02358667366E+00,+1.32547108456E+00,+1.02989945002E+00,-7.04772584E-03
+56.05000E-06,+1.02798365856E+00,+1.34557158686E+00,+1.00979894772E+00,+9.03267600E-03
+56.07500E-06,+1.01290828183E+00,+1.34557158686E+00,+1.01922105819E+00,+9.03267600E-03
+56.10000E-06,+1.04368717596E+00,+1.35122485312E+00,+1.02989945002E+00,+6.14322879E-03
+56.12500E-06,+1.00474245273E+00,+1.36504394848E+00,+1.02989945002E+00,+8.78141972E-03
+56.15000E-06,+1.04368717596E+00,+1.34557158686E+00,+1.04560296742E+00,-3.02762538E-03
+56.17500E-06,+1.03426506549E+00,+1.34557158686E+00,+1.03115573138E+00,+6.89699763E-03
+56.20000E-06,+1.03803390970E+00,+1.15273239287E+00,+995.35171168E-03,-17.34923326E-03
+56.22500E-06,+1.00411431205E+00,+1.04469219308E+00,+1.06821603257E+00,+24.73619343E-03
+56.25000E-06,+1.00788315626E+00,+1.02396355011E+00,+1.02550246513E+00,+4.13317856E-03
+56.27500E-06,+1.03300878413E+00,+1.02396355011E+00,+1.04057784185E+00,+6.89699763E-03
+56.30000E-06,+1.02358667366E+00,+1.02396355011E+00,+1.02989945002E+00,+7.90202275E-03
+56.32500E-06,+1.02358667366E+00,+1.02521983147E+00,+1.04811553027E+00,+13.05277646E-03
+56.35000E-06,+1.02358667366E+00,+1.02836053500E+00,+1.03429643491E+00,+13.05277646E-03
+56.37500E-06,+1.04494345732E+00,+1.02396355011E+00,+1.02989945002E+00,+11.16835436E-03
+56.40000E-06,+1.02358667366E+00,+1.30537058227E+00,+1.07010045461E+00,+25.11307783E-03
+56.42500E-06,+1.04305903528E+00,+1.30599872295E+00,+1.04999995232E+00,-6.79646957E-03
+56.45000E-06,+1.03929019107E+00,+1.36567208916E+00,+1.02989945002E+00,+9.91207298E-03
+56.47500E-06,+1.04368717596E+00,+1.35499369733E+00,+1.01922105819E+00,+7.14825390E-03
+56.50000E-06,+1.02923993992E+00,+1.35122485312E+00,+1.02424618376E+00,+9.03267600E-03
+56.52500E-06,+1.02358667366E+00,+1.34619972754E+00,+1.02989945002E+00,+9.03267600E-03
+56.55000E-06,+1.01228014115E+00,+1.34996857176E+00,+1.02989945002E+00,+992.47508E-06
+56.57500E-06,+1.03426506549E+00,+1.34557158686E+00,+1.01922105819E+00,+6.89699763E-03
+56.60000E-06,+1.02358667366E+00,+1.13263189057E+00,+1.00414568147E+00,-9.30903234E-03
+56.62500E-06,+1.02358667366E+00,+1.08426505700E+00,+1.02989945002E+00,+28.75629389E-03
+56.65000E-06,+1.02358667366E+00,+1.03527008262E+00,+1.04999995232E+00,-2.14822840E-03
+56.67500E-06,+1.01290828183E+00,+1.03338566057E+00,+1.04057784185E+00,+4.76131926E-03
+56.70000E-06,+1.02358667366E+00,+1.02396355011E+00,+1.04434668606E+00,+9.03267600E-03
+56.72500E-06,+1.04368717596E+00,+1.02459169079E+00,+1.01042708840E+00,+5.13820367E-03
+56.75000E-06,+1.02798365856E+00,+1.02396355011E+00,+1.00979894772E+00,+8.15327902E-03
+56.77500E-06,+1.03426506549E+00,+1.03464194194E+00,+1.03932156049E+00,+10.91709809E-03
+56.80000E-06,+1.27107410829E+00,+1.30851128580E+00,+1.03555271627E+00,+45.71609268E-03
+56.82500E-06,+1.34582285110E+00,+1.32609922525E+00,+1.02927130934E+00,-10.81657003E-03
+56.85000E-06,+1.38099873012E+00,+1.37006907405E+00,+1.02550246513E+00,+13.93217343E-03
+56.87500E-06,+1.36529521272E+00,+1.33489319503E+00,+1.02989945002E+00,+13.05277646E-03
+56.90000E-06,+1.35398868021E+00,+1.35122485312E+00,+1.01545221398E+00,+14.81157041E-03
+56.92500E-06,+1.32572234880E+00,+1.36504394848E+00,+1.02989945002E+00,+4.88694740E-03
+56.95000E-06,+1.35398868021E+00,+1.38137560656E+00,+1.03429643491E+00,-7.04772584E-03
+56.97500E-06,+1.36655149408E+00,+1.35624997869E+00,+1.03932156049E+00,+992.47508E-06
+57.00000E-06,+1.15235551642E+00,+1.11253138827E+00,+1.01859291751E+00,-44.35928323E-03
+57.02500E-06,+1.08263189919E+00,+1.06416455470E+00,+990.95472679E-03,+44.83669572E-03
+57.05000E-06,+1.02798365856E+00,+1.01956656521E+00,+1.02989945002E+00,-766.31888E-06
+57.07500E-06,+1.02358667366E+00,+1.03338566057E+00,+1.00979894772E+00,+2.87689717E-03
+57.10000E-06,+1.03803390970E+00,+1.01516958032E+00,+1.05314065585E+00,+10.16332925E-03
+57.12500E-06,+1.02358667366E+00,+1.04406405240E+00,+1.01042708840E+00,+16.94724878E-03
+57.15000E-06,+1.02358667366E+00,+1.04406405240E+00,+1.02989945002E+00,+16.19347994E-03
+57.17500E-06,+1.03300878413E+00,+1.03464194193E+00,+1.02989945002E+00,+12.80152018E-03
+57.20000E-06,+1.28803390706E+00,+1.32861178810E+00,+1.06444718836E+00,+45.21358013E-03
+57.22500E-06,+1.34582285110E+00,+1.32609922525E+00,+1.04937181164E+00,-18.60551468E-03
+57.25000E-06,+1.38099873012E+00,+1.37006907405E+00,+1.03429643491E+00,+17.95227389E-03
+57.27500E-06,+1.36529521272E+00,+1.35499369733E+00,+1.02047733955E+00,+15.18845482E-03
+57.30000E-06,+1.36529521272E+00,+1.33991832061E+00,+1.02989945002E+00,+3.25378158E-03
+57.32500E-06,+1.36466707204E+00,+1.34619972754E+00,+1.02989945002E+00,+5.01257554E-03
+57.35000E-06,+1.34959169531E+00,+1.34996857176E+00,+1.02550246513E+00,-3.02762538E-03
+57.37500E-06,+1.36529521272E+00,+1.36692837052E+00,+1.03932156049E+00,+5.01257554E-03
+57.40000E-06,+1.15486807914E+00,+1.11818465453E+00,+992.83914896E-03,-41.46983602E-03
+57.42500E-06,+1.04431531664E+00,+1.04406405240E+00,+1.03052759070E+00,+36.92212294E-03
+57.45000E-06,+1.02358667366E+00,+1.01956656521E+00,+1.02989945002E+00,-8.80651980E-03
+57.47500E-06,+1.00348617136E+00,+1.01328515828E+00,+1.02989945002E+00,-1.14320329E-03
+57.50000E-06,+1.01479270387E+00,+1.00951631406E+00,+1.01545221398E+00,+6.14322879E-03
+57.52500E-06,+1.04305903528E+00,+1.04406405240E+00,+1.01042708840E+00,+9.28393227E-03
+57.55000E-06,+1.02358667366E+00,+1.02396355011E+00,+1.03429643491E+00,+20.21358040E-03
+57.57500E-06,+1.03426506549E+00,+1.01454143964E+00,+1.03932156049E+00,+12.80152018E-03
+57.60000E-06,+1.28803390706E+00,+1.30851128580E+00,+1.05565321857E+00,+51.49498709E-03
+57.62500E-06,+1.34582285110E+00,+1.34557158686E+00,+1.04999995232E+00,-10.81657003E-03
+57.65000E-06,+1.36969219761E+00,+1.37006907405E+00,+1.02989945002E+00,+9.91207298E-03
+57.67500E-06,+1.35587310225E+00,+1.34557158686E+00,+1.02989945002E+00,+13.05277646E-03
+57.70000E-06,+1.37974244876E+00,+1.36567208916E+00,+1.02110548023E+00,+7.90202275E-03
+57.72500E-06,+1.36529521272E+00,+1.36567208916E+00,+1.04937181164E+00,+1.24373135E-03
+57.75000E-06,+1.34959169531E+00,+1.38137560656E+00,+1.02989945002E+00,-2.14822840E-03
+57.77500E-06,+1.35587310225E+00,+1.34557158686E+00,+1.00979894772E+00,+992.47508E-06
+57.80000E-06,+1.18124998851E+00,+1.15021983014E+00,+998.49241521E-03,-45.48993648E-03
+57.82500E-06,+1.04431531664E+00,+1.04406405240E+00,+1.04874367096E+00,+36.67086667E-03
+57.85000E-06,+1.00788315626E+00,+1.02396355011E+00,+1.03429643491E+00,-7.04772584E-03
+57.87500E-06,+1.02358667366E+00,+1.02396355011E+00,+1.02989945002E+00,+4.76131926E-03
+57.90000E-06,+1.02923993992E+00,+1.02396355011E+00,+1.02675874649E+00,+14.18342971E-03
+57.92500E-06,+1.02295853298E+00,+1.02333540943E+00,+1.04874367096E+00,+12.92714832E-03
+57.95000E-06,+1.02798365856E+00,+1.02836053500E+00,+1.04999995232E+00,+17.07287692E-03
+57.97500E-06,+1.02233039230E+00,+1.03338566057E+00,+1.01105522908E+00,+12.80152018E-03
+58.00000E-06,+1.26479270123E+00,+1.27082284393E+00,+1.05565321857E+00,+45.21358013E-03
+58.02500E-06,+1.34582285110E+00,+1.32547108456E+00,+1.02927130934E+00,-18.73114281E-03
+58.05000E-06,+1.38539571501E+00,+1.37006907405E+00,+1.04999995232E+00,+23.35428388E-03
+58.07500E-06,+1.37471732318E+00,+1.35499369733E+00,+1.02047733955E+00,+19.20855528E-03
+58.10000E-06,+1.36529521272E+00,+1.34557158686E+00,+1.02424618376E+00,+9.03267600E-03
+58.12500E-06,+1.34582285110E+00,+1.36504394848E+00,+991.58286746E-03,+1.11810321E-03
+58.15000E-06,+1.36089822782E+00,+1.35687811937E+00,+1.00540196283E+00,+992.47508E-06
+58.17500E-06,+1.35461682089E+00,+1.36567208916E+00,+1.00037683725E+00,+2.87689717E-03
+58.20000E-06,+1.14921481289E+00,+1.13828515682E+00,+998.49241521E-03,-42.09797673E-03
+58.22500E-06,+1.06378767826E+00,+1.06416455470E+00,+1.03052759070E+00,+40.81659526E-03
+58.25000E-06,+1.03929019107E+00,+1.00826003270E+00,+1.04560296742E+00,-16.46983628E-03
+58.27500E-06,+1.03300878413E+00,+1.01328515828E+00,+1.01922105819E+00,+741.21881E-06
+58.30000E-06,+1.03803390971E+00,+1.02396355011E+00,+1.04434668606E+00,+6.14322879E-03
+58.32500E-06,+1.02295853298E+00,+1.00511932917E+00,+1.02989945002E+00,+12.92714832E-03
+58.35000E-06,+1.02358667366E+00,+1.03966706751E+00,+1.04120598253E+00,+17.07287692E-03
+58.37500E-06,+1.02358667366E+00,+1.04406405240E+00,+1.01922105819E+00,+12.80152018E-03
+58.40000E-06,+1.24783290247E+00,+1.27396354746E+00,+1.04120598253E+00,+49.23368059E-03
+58.42500E-06,+1.36529521272E+00,+1.34619972754E+00,+1.01042708840E+00,-10.81657003E-03
+58.45000E-06,+1.34959169531E+00,+1.36127510426E+00,+1.00979894772E+00,+13.93217343E-03
+58.47500E-06,+1.36655149408E+00,+1.33614947639E+00,+1.02989945002E+00,+11.41961063E-03
+58.50000E-06,+1.35964194646E+00,+1.33991832061E+00,+1.03869341981E+00,+10.79146995E-03
+58.52500E-06,+1.36466707204E+00,+1.34557158686E+00,+1.04999995232E+00,+992.47508E-06
+58.55000E-06,+1.36969219761E+00,+1.36567208916E+00,+1.02989945002E+00,+113.07810E-06
+58.57500E-06,+1.36655149408E+00,+1.36567208916E+00,+1.04057784185E+00,+3.12815344E-03
+58.60000E-06,+1.16114948621E+00,+1.12132535806E+00,+978.39191292E-03,-45.48993648E-03
+58.62500E-06,+1.06378767826E+00,+1.06353641402E+00,+1.02927130934E+00,+36.92212294E-03
+58.65000E-06,+1.02358667366E+00,+1.01956656521E+00,+1.03429643491E+00,-2.14822840E-03
+58.67500E-06,+1.01290828183E+00,+1.03464194193E+00,+1.01922105819E+00,+4.76131927E-03
+58.70000E-06,+1.04368717596E+00,+1.00951631406E+00,+1.01545221398E+00,+9.03267600E-03
+58.72500E-06,+1.02358667366E+00,+1.04280777104E+00,+1.02864316866E+00,+16.82162064E-03
+58.75000E-06,+1.02358667366E+00,+1.01956656521E+00,+1.04560296742E+00,+21.97237435E-03
+58.77500E-06,+1.02358667366E+00,+1.03464194193E+00,+1.04999995232E+00,+14.93719855E-03
+58.80000E-06,+1.25662687226E+00,+1.25951631142E+00,+1.07010045461E+00,+47.47488663E-03
+58.82500E-06,+1.34645099178E+00,+1.34557158686E+00,+1.04999995232E+00,-10.94219816E-03
+58.85000E-06,+1.38099873012E+00,+1.38137560656E+00,+1.04120598253E+00,+20.21358040E-03
+58.87500E-06,+1.34393842906E+00,+1.34557158686E+00,+1.02047733955E+00,+17.32413319E-03
+58.90000E-06,+1.33954144416E+00,+1.36567208916E+00,+1.03869341981E+00,+9.66081670E-03
+58.92500E-06,+1.36466707204E+00,+1.36504394848E+00,+1.02989945002E+00,+5.13820367E-03
+58.95000E-06,+1.36089822782E+00,+1.34557158686E+00,+1.01419593262E+00,+6.39448506E-03
+58.97500E-06,+1.37597360454E+00,+1.34557158686E+00,+1.02047733955E+00,+2.62564090E-03
+59.00000E-06,+1.13225501412E+00,+1.10687812201E+00,+995.35171168E-03,-46.62058973E-03
+59.02500E-06,+1.04431531664E+00,+1.06416455470E+00,+1.03052759070E+00,+40.56533899E-03
+59.05000E-06,+1.04368717596E+00,+1.02396355011E+00,+1.04999995232E+00,-7.04772584E-03
+59.07500E-06,+1.02233039230E+00,+1.03338566057E+00,+1.04999995232E+00,+741.21881E-06
+59.10000E-06,+1.04368717596E+00,+1.02396355011E+00,+1.03555271627E+00,+17.07287692E-03
+59.12500E-06,+1.00348617136E+00,+1.02333540943E+00,+1.03052759070E+00,+8.90704786E-03
+59.15000E-06,+1.02798365856E+00,+1.02396355011E+00,+1.02989945002E+00,+20.21358040E-03
+59.17500E-06,+1.01416456319E+00,+1.04406405240E+00,+1.03932156049E+00,+19.20855528E-03
+59.20000E-06,+1.27358667102E+00,+1.30851128580E+00,+1.04999995232E+00,+40.56533896E-03
+59.22500E-06,+1.34582285110E+00,+1.34494344618E+00,+1.01042708840E+00,-14.71104235E-03
+59.25000E-06,+1.38099873012E+00,+1.38137560656E+00,+1.00540196283E+00,+20.21358040E-03
+59.27500E-06,+1.36529521272E+00,+1.34557158686E+00,+1.02989945002E+00,+11.16835436E-03
+59.30000E-06,+1.36529521272E+00,+1.35122485312E+00,+1.02675874648E+00,+9.03267600E-03
+59.32500E-06,+1.36466707204E+00,+1.36504394848E+00,+1.02927130934E+00,+5.01257554E-03
+59.35000E-06,+1.36529521272E+00,+1.34557158686E+00,+1.04560296742E+00,+992.47508E-06
+59.37500E-06,+1.37471732319E+00,+1.35499369733E+00,+1.02989945002E+00,+992.47508E-06
+59.40000E-06,+1.20700375705E+00,+1.16717962890E+00,+984.04517917E-03,-46.11807719E-03
+59.42500E-06,+1.04431531664E+00,+1.10248113726E+00,+1.02989945002E+00,+44.71106759E-03
+59.45000E-06,+1.01918968877E+00,+1.00386304781E+00,+1.02989945002E+00,-10.18842932E-03
+59.47500E-06,+1.02358667366E+00,+1.03338566058E+00,+1.01105522908E+00,+3.12815344E-03
+59.50000E-06,+1.00913943762E+00,+1.04406405240E+00,+1.00979894772E+00,+10.16332925E-03
+59.52500E-06,+1.00411431204E+00,+1.04343591172E+00,+990.95472678E-03,+9.15830413E-03
+59.55000E-06,+1.04808416085E+00,+1.02396355011E+00,+1.03429643491E+00,+19.33418342E-03
+59.57500E-06,+1.02358667366E+00,+1.02396355011E+00,+1.02047733955E+00,+11.16835436E-03
+59.60000E-06,+1.27107410830E+00,+1.30285801955E+00,+1.07575372087E+00,+46.34423338E-03
+59.62500E-06,+1.34645099178E+00,+1.34557158686E+00,+1.04874367096E+00,-14.83667049E-03
+59.65000E-06,+1.36089822782E+00,+1.36567208916E+00,+1.01419593262E+00,+17.07287692E-03
+59.67500E-06,+1.35587310225E+00,+1.35499369733E+00,+1.02989945002E+00,+11.16835436E-03
+59.70000E-06,+1.36529521272E+00,+1.33991832061E+00,+1.04434668606E+00,+11.92212321E-03
+59.72500E-06,+1.36529521272E+00,+1.34557158686E+00,+1.02927130934E+00,+992.47508E-06
+59.75000E-06,+1.35398868021E+00,+1.34996857176E+00,+1.00540196283E+00,+992.47508E-06
+59.77500E-06,+1.36529521272E+00,+1.35624997869E+00,+1.05125623367E+00,-3.02762538E-03
+59.80000E-06,+1.15486807913E+00,+1.12383792077E+00,+992.83914896E-03,-40.33918277E-03
+59.82500E-06,+1.04368717596E+00,+1.04532033376E+00,+1.03052759070E+00,+40.94222340E-03
+59.85000E-06,+1.00788315626E+00,+1.01516958031E+00,+1.06570346972E+00,-4.78641934E-03
+59.87500E-06,+1.01416456319E+00,+1.03464194193E+00,+1.02989945002E+00,+992.47508E-06
+59.90000E-06,+1.03803390971E+00,+1.04406405240E+00,+1.02989945002E+00,+11.92212321E-03
+59.92500E-06,+1.04305903528E+00,+1.02333540943E+00,+1.04874367096E+00,+13.17840459E-03
+59.95000E-06,+1.02798365856E+00,+1.03527008261E+00,+1.03429643491E+00,+17.95227389E-03
+59.97500E-06,+1.03426506549E+00,+1.02270726875E+00,+1.04057784185E+00,+16.82162064E-03
+60.00000E-06,+1.27358667102E+00,+1.25951631142E+00,+1.02110548023E+00,+52.12312780E-03
+60.02500E-06,+1.36466707204E+00,+1.30537058227E+00,+1.04937181164E+00,-14.71104235E-03
+60.05000E-06,+1.36529521272E+00,+1.38137560656E+00,+1.00979894772E+00,+17.07287692E-03
+60.07500E-06,+1.37597360454E+00,+1.35624997869E+00,+1.00854266636E+00,+17.32413319E-03
+60.10000E-06,+1.36529521272E+00,+1.36001882291E+00,+1.02989945002E+00,+7.90202275E-03
+60.12500E-06,+1.36466707204E+00,+1.36504394848E+00,+1.04999995232E+00,+4.88694740E-03
+60.15000E-06,+1.34959169531E+00,+1.34996857176E+00,+1.03429643491E+00,+113.07810E-06
+60.17500E-06,+1.35587310225E+00,+1.33489319503E+00,+1.02047733955E+00,-891.94702E-06
+60.20000E-06,+1.17559672225E+00,+1.15021983014E+00,+984.04517917E-03,-48.37938369E-03
+60.22500E-06,+1.02421481434E+00,+1.06416455470E+00,+1.02989945002E+00,+36.92212294E-03
+60.25000E-06,+1.00788315626E+00,+1.02396355011E+00,+1.01419593262E+00,-7.92712282E-03
+60.27500E-06,+1.00348617136E+00,+1.03338566058E+00,+1.02047733955E+00,+4.76131927E-03
+60.30000E-06,+1.02923993992E+00,+1.02396355011E+00,+1.03555271627E+00,+10.16332925E-03
+60.32500E-06,+1.02358667366E+00,+1.02396355011E+00,+1.02989945002E+00,+8.90704786E-03
+60.35000E-06,+1.01228014116E+00,+1.01956656521E+00,+1.04560296742E+00,+16.19347994E-03
+60.37500E-06,+1.03426506549E+00,+1.03464194193E+00,+1.04057784185E+00,+9.28393227E-03
+60.40000E-06,+1.27923993727E+00,+1.28527007997E+00,+1.03555271627E+00,+48.60553988E-03
+60.42500E-06,+1.36403893136E+00,+1.34494344618E+00,+1.04999995232E+00,-10.94219817E-03
+60.45000E-06,+1.38099873012E+00,+1.36567208916E+00,+1.02989945002E+00,+16.19347994E-03
+60.47500E-06,+1.34519471042E+00,+1.33489319504E+00,+1.05125623367E+00,+15.18845482E-03
+60.50000E-06,+1.35084797667E+00,+1.36001882291E+00,+1.03304015356E+00,+6.77136950E-03
+60.52500E-06,+1.34519471042E+00,+1.34619972754E+00,+1.04937181164E+00,+5.13820367E-03
+60.55000E-06,+1.36529521272E+00,+1.34996857176E+00,+1.03429643491E+00,-2.14822840E-03
+60.57500E-06,+1.36529521272E+00,+1.34557158686E+00,+1.01922105819E+00,+4.76131927E-03
+60.60000E-06,+1.19820978726E+00,+1.14707912660E+00,+1.00414568147E+00,-51.26883090E-03
+60.62500E-06,+1.02421481434E+00,+1.04406405240E+00,+1.04999995232E+00,+40.69096713E-03
+60.65000E-06,+1.03929019106E+00,+1.01956656521E+00,+1.04560296742E+00,-10.18842932E-03
+60.67500E-06,+1.02233039231E+00,+1.02270726875E+00,+1.04999995232E+00,+2.87689717E-03
+60.70000E-06,+1.02923993991E+00,+1.00951631406E+00,+1.04999995232E+00,+5.51508808E-03
+60.72500E-06,+1.04243089460E+00,+1.02333540943E+00,+990.32658610E-03,+16.82162064E-03
+60.75000E-06,+1.01228014116E+00,+1.00826003270E+00,+1.02989945002E+00,+13.93217344E-03
+60.77500E-06,+1.03426506549E+00,+1.02396355011E+00,+1.03932156049E+00,+11.16835436E-03
+60.80000E-06,+1.24217963622E+00,+1.28275751726E+00,+1.03555271627E+00,+46.34423338E-03
+60.82500E-06,+1.36592335339E+00,+1.32609922524E+00,+1.03052759070E+00,-10.94219817E-03
+60.85000E-06,+1.38099873012E+00,+1.38137560656E+00,+1.02989945002E+00,+13.05277646E-03
+60.87500E-06,+1.36655149407E+00,+1.33489319504E+00,+1.03115573138E+00,+7.14825390E-03
+60.90000E-06,+1.33954144417E+00,+1.34557158686E+00,+1.02424618377E+00,+5.01257554E-03
+60.92500E-06,+1.36529521272E+00,+1.36567208916E+00,+1.02989945002E+00,+9.03267600E-03
+60.95000E-06,+1.36529521272E+00,+1.33426505436E+00,+1.03429643492E+00,+113.07810E-06
+60.97500E-06,+1.35461682089E+00,+1.35499369733E+00,+1.04057784185E+00,-1.39445956E-03
+61.00000E-06,+1.18376255121E+00,+1.14707912660E+00,+969.59794313E-03,-50.13817764E-03
+61.02500E-06,+1.04305903528E+00,+1.06353641402E+00,+1.04999995232E+00,+36.92212294E-03
+61.05000E-06,+1.02358667366E+00,+1.02396355011E+00,+1.03429643492E+00,-1.64571586E-03
+61.07500E-06,+1.01290828184E+00,+1.03338566058E+00,+1.02047733955E+00,+992.47508E-06
+61.10000E-06,+1.00913943762E+00,+1.02396355011E+00,+1.02989945002E+00,+15.31408296E-03
+61.12500E-06,+1.02358667366E+00,+1.02396355011E+00,+1.02989945002E+00,+9.03267600E-03
+61.15000E-06,+1.02358667366E+00,+1.01265701760E+00,+1.04999995232E+00,+16.19347994E-03
+61.17500E-06,+1.02358667366E+00,+1.04406405240E+00,+1.04057784185E+00,+11.16835436E-03
+61.20000E-06,+1.25913943498E+00,+1.30537058227E+00,+1.05565321857E+00,+45.21358013E-03
+61.22500E-06,+1.34645099177E+00,+1.34557158686E+00,+1.01042708840E+00,-18.85677095E-03
+61.25000E-06,+1.38539571501E+00,+1.36567208916E+00,+1.01859291751E+00,+17.95227389E-03
+61.27500E-06,+1.35336053953E+00,+1.33614947639E+00,+1.02989945002E+00,+17.32413319E-03
+61.30000E-06,+1.35084797667E+00,+1.34557158686E+00,+1.01859291751E+00,+9.03267600E-03
+61.32500E-06,+1.36466707204E+00,+1.36567208916E+00,+990.95472678E-03,+5.13820367E-03
+61.35000E-06,+1.33388817791E+00,+1.36127510426E+00,+1.02989945002E+00,-1.26883142E-03
+61.37500E-06,+1.37597360454E+00,+1.34557158686E+00,+1.03115573138E+00,-891.94702E-06
+61.40000E-06,+1.13790828037E+00,+1.12132535805E+00,+978.39191292E-03,-45.48993648E-03
+61.42500E-06,+1.04431531664E+00,+1.06416455470E+00,+1.01105522908E+00,+36.92212294E-03
+61.45000E-06,+987.78265396E-03,+1.00386304781E+00,+1.06130648482E+00,-8.80651980E-03
+61.47500E-06,+1.02233039231E+00,+1.03338566058E+00,+1.04999995232E+00,+10.91709809E-03
+61.50000E-06,+1.02923993991E+00,+1.01516958031E+00,+1.02989945002E+00,+6.14322879E-03
+61.52500E-06,+1.02358667366E+00,+1.02396355011E+00,+1.03052759070E+00,+8.65579159E-03
+61.55000E-06,+1.02798365856E+00,+1.03966706751E+00,+1.03429643492E+00,+14.81157041E-03
+61.57500E-06,+1.03426506549E+00,+1.03338566058E+00,+1.02047733955E+00,+9.28393227E-03
+61.60000E-06,+1.24217963622E+00,+1.27396354747E+00,+1.04120598252E+00,+50.36433384E-03
+61.62500E-06,+1.36466707204E+00,+1.32547108456E+00,+1.04999995232E+00,-14.96229862E-03
+61.65000E-06,+1.36529521272E+00,+1.36567208916E+00,+1.03680899763E+00,+13.05277646E-03
+61.67500E-06,+1.37471732319E+00,+1.34431530551E+00,+1.03932156049E+00,+17.32413319E-03
+61.70000E-06,+1.35084797667E+00,+1.36567208916E+00,+1.03555271627E+00,+9.66081670E-03
+61.72500E-06,+1.34582285110E+00,+1.36567208916E+00,+1.03052759070E+00,-2.90199725E-03
+61.75000E-06,+1.34959169532E+00,+1.36567208916E+00,+1.02989945002E+00,-2.14822840E-03
+61.77500E-06,+1.35587310225E+00,+1.35624997869E+00,+1.04057784185E+00,+3.12815344E-03
+61.80000E-06,+1.16680275245E+00,+1.12697862430E+00,+984.04517917E-03,-44.35928323E-03
+61.82500E-06,+1.02421481434E+00,+1.06290827334E+00,+1.00979894772E+00,+40.94222340E-03
+61.85000E-06,+1.01918968877E+00,+1.00386304781E+00,+1.04999995232E+00,-10.18842932E-03
+61.87500E-06,+1.02233039231E+00,+1.03338566058E+00,+1.02989945002E+00,+2.87689717E-03
+61.90000E-06,+1.01479270387E+00,+1.01831028385E+00,+1.02424618377E+00,+11.92212321E-03
+61.92500E-06,+1.04305903528E+00,+1.00449118849E+00,+1.02927130934E+00,+12.92714832E-03
+61.95000E-06,+1.02798365856E+00,+1.03966706751E+00,+1.04999995232E+00,+16.19347994E-03
+61.97500E-06,+1.04368717596E+00,+1.03464194193E+00,+1.04999995232E+00,+11.16835436E-03
+62.00000E-06,+1.26479270123E+00,+1.28527007997E+00,+1.06444718836E+00,+49.23368059E-03
+62.02500E-06,+1.32635048948E+00,+1.34494344618E+00,+1.01042708840E+00,-10.81657003E-03
+62.05000E-06,+1.38099873012E+00,+1.38577259146E+00,+1.01419593262E+00,+13.93217344E-03
+62.07500E-06,+1.37597360454E+00,+1.33489319504E+00,+1.02989945002E+00,+13.05277646E-03
+62.10000E-06,+1.36529521272E+00,+1.36001882291E+00,+1.00414568147E+00,+9.03267600E-03
+62.12500E-06,+1.34582285110E+00,+1.36567208916E+00,+991.58286746E-03,+8.90704786E-03
+62.15000E-06,+1.33388817791E+00,+1.36127510426E+00,+1.02989945002E+00,-2.14822840E-03
+62.17500E-06,+1.35587310224E+00,+1.37635048099E+00,+1.02989945002E+00,+1.24373135E-03
+62.20000E-06,+1.18376255121E+00,+1.15273239285E+00,+984.04517917E-03,-44.35928323E-03
+62.22500E-06,+1.04368717596E+00,+1.06479269538E+00,+1.03052759070E+00,+40.94222340E-03
+62.25000E-06,+1.02358667366E+00,+1.01956656521E+00,+1.04560296742E+00,-11.06782630E-03
+62.27500E-06,+1.02358667366E+00,+1.02396355011E+00,+1.02989945002E+00,+741.21881E-06
+62.30000E-06,+1.02923993991E+00,+1.02961681636E+00,+1.04434668606E+00,+11.29398250E-03
+62.32500E-06,+1.06253139690E+00,+1.02459169078E+00,+1.02989945002E+00,+9.15830413E-03
+62.35000E-06,+1.02798365856E+00,+1.02396355011E+00,+1.04999995232E+00,+17.07287692E-03
+62.37500E-06,+1.02484295502E+00,+1.03338566058E+00,+1.02864316866E+00,+18.95729901E-03
+62.40000E-06,+1.26793340477E+00,+1.28841078351E+00,+1.02110548023E+00,+49.23368059E-03
+62.42500E-06,+1.34519471042E+00,+1.32547108456E+00,+1.03052759070E+00,-10.94219817E-03
+62.45000E-06,+1.38979269991E+00,+1.37006907406E+00,+1.02989945002E+00,+17.07287692E-03
+62.47500E-06,+1.35712938360E+00,+1.34682786822E+00,+1.01922105819E+00,+9.03267600E-03
+62.50000E-06,+1.36529521272E+00,+1.34557158686E+00,+1.02989945002E+00,+6.77136950E-03
+62.52500E-06,+1.36466707204E+00,+1.36504394848E+00,+1.04937181164E+00,+4.76131927E-03
+62.55000E-06,+1.36529521272E+00,+1.36127510426E+00,+1.04120598252E+00,+1.87187206E-03
+62.57500E-06,+1.38665199637E+00,+1.33614947639E+00,+1.00979894772E+00,+2.87689717E-03
+62.60000E-06,+1.19569722454E+00,+1.13577259410E+00,+969.59794313E-03,-56.41958461E-03
+62.62500E-06,+1.04368717596E+00,+1.04406405240E+00,+1.03052759070E+00,+33.02765062E-03
+62.65000E-06,+1.02358667366E+00,+1.03527008261E+00,+1.01419593262E+00,-6.16832886E-03
+62.67500E-06,+1.00348617136E+00,+1.03338566058E+00,+1.00037683725E+00,+6.89699763E-03
+62.70000E-06,+1.02358667366E+00,+1.02961681636E+00,+1.03555271627E+00,+13.05277646E-03
+62.72500E-06,+1.04305903528E+00,+1.02333540943E+00,+1.02989945002E+00,+8.90704786E-03
+62.75000E-06,+1.02358667366E+00,+1.01956656521E+00,+1.03429643492E+00,+13.05277646E-03
+62.77500E-06,+1.04368717596E+00,+1.05348616287E+00,+1.02989945002E+00,+11.16835436E-03
+62.80000E-06,+1.27358667102E+00,+1.31981781831E+00,+1.06444718836E+00,+44.58543942E-03
+62.82500E-06,+1.34582285110E+00,+1.34494344619E+00,+1.03052759070E+00,-18.73114281E-03
+62.85000E-06,+1.38099873012E+00,+1.39016957635E+00,+1.01859291752E+00,+16.19347994E-03
+62.87500E-06,+1.35461682089E+00,+1.35624997869E+00,+1.02047733955E+00,+15.18845482E-03
+62.90000E-06,+1.35964194646E+00,+1.34557158686E+00,+1.02989945002E+00,+7.90202275E-03
+62.92500E-06,+1.36592335339E+00,+1.36504394848E+00,+1.02989945002E+00,+9.03267600E-03
+62.95000E-06,+1.34519471042E+00,+1.36127510426E+00,+1.00540196282E+00,+113.07810E-06
+62.97500E-06,+1.34519471042E+00,+1.36567208916E+00,+1.03115573137E+00,+5.01257554E-03
+63.00000E-06,+1.18376255121E+00,+1.15273239285E+00,+992.83914897E-03,-46.11807719E-03
+63.02500E-06,+1.06441581893E+00,+1.08426505700E+00,+1.04999995232E+00,+44.83669573E-03
+63.05000E-06,+1.02358667366E+00,+1.02396355011E+00,+1.04560296742E+00,-8.80651980E-03
+63.07500E-06,+1.01290828184E+00,+1.01328515828E+00,+1.03932156049E+00,-891.94702E-06
+63.10000E-06,+1.04934044221E+00,+1.02396355011E+00,+1.04434668607E+00,+8.40453529E-03
+63.12500E-06,+1.02358667366E+00,+1.02396355011E+00,+1.02989945002E+00,+9.15830413E-03
+63.15000E-06,+1.01228014116E+00,+1.04406405240E+00,+1.02989945002E+00,+17.07287692E-03
+63.17500E-06,+1.02358667366E+00,+1.03464194193E+00,+1.02989945002E+00,+15.18845482E-03
+63.20000E-06,+1.24783290248E+00,+1.28275751726E+00,+1.02675874648E+00,+49.23368059E-03
+63.22500E-06,+1.34519471042E+00,+1.32547108456E+00,+1.02989945002E+00,-15.08792676E-03
+63.25000E-06,+1.34959169532E+00,+1.35436555666E+00,+1.02989945002E+00,+19.33418342E-03
+63.27500E-06,+1.36529521272E+00,+1.35373741598E+00,+1.02989945002E+00,+7.14825390E-03
+63.30000E-06,+1.36529521272E+00,+1.36567208916E+00,+1.02110548022E+00,+9.66081671E-03
+63.32500E-06,+1.34582285110E+00,+1.36567208916E+00,+1.02989945002E+00,+1.11810321E-03
+63.35000E-06,+1.36529521272E+00,+1.36567208916E+00,+1.01419593262E+00,+113.07810E-06
+63.37500E-06,+1.36529521272E+00,+1.35624997869E+00,+1.04057784184E+00,+5.01257554E-03
+63.40000E-06,+1.20700375704E+00,+1.16717962889E+00,+984.04517917E-03,-40.33918277E-03
+63.42500E-06,+1.02484295502E+00,+1.06416455470E+00,+1.03052759070E+00,+44.58543945E-03
+63.45000E-06,+1.01228014116E+00,+1.01956656521E+00,+1.01419593262E+00,-3.90702236E-03
+63.47500E-06,+1.02233039231E+00,+1.03464194193E+00,+1.01922105819E+00,+6.89699763E-03
+63.50000E-06,+1.02358667366E+00,+1.03841078615E+00,+1.03555271627E+00,+10.16332925E-03
+63.52500E-06,+1.02358667366E+00,+1.00449118849E+00,+1.02989945002E+00,+12.92714832E-03
+63.55000E-06,+1.03929019106E+00,+1.01956656521E+00,+1.02989945002E+00,+16.19347994E-03
+63.57500E-06,+1.03426506549E+00,+1.02396355011E+00,+1.04057784184E+00,+15.18845482E-03
+63.60000E-06,+1.27358667102E+00,+1.29971731602E+00,+1.05565321857E+00,+55.51508755E-03
+63.62500E-06,+1.34582285110E+00,+1.32547108456E+00,+1.03052759070E+00,-10.94219817E-03
+63.65000E-06,+1.39670224752E+00,+1.37006907406E+00,+1.01419593262E+00,+17.07287692E-03
+63.67500E-06,+1.36529521272E+00,+1.36567208916E+00,+1.02989945002E+00,+13.05277646E-03
+63.70000E-06,+1.37408918251E+00,+1.36001882291E+00,+1.00979894772E+00,+3.88192229E-03
+63.72500E-06,+1.34582285110E+00,+1.36567208916E+00,+1.02927130934E+00,+5.01257554E-03
+63.75000E-06,+1.38099873012E+00,+1.34996857176E+00,+1.01419593262E+00,+992.47508E-06
+63.77500E-06,+1.33577259995E+00,+1.35624997869E+00,+1.02989945002E+00,-891.94702E-06
+63.80000E-06,+1.17245601870E+00,+1.16152636264E+00,+998.49241522E-03,-44.35928323E-03
+63.82500E-06,+1.04431531664E+00,+1.06416455470E+00,+1.03052759070E+00,+44.71106759E-03
+63.85000E-06,+1.02358667366E+00,+1.01956656521E+00,+1.06130648482E+00,-5.66581632E-03
+63.87500E-06,+1.02358667366E+00,+1.03338566058E+00,+1.07952256509E+00,+2.87689717E-03
+63.90000E-06,+1.04934044221E+00,+1.02961681636E+00,+1.04999995232E+00,+11.92212321E-03
+63.92500E-06,+1.04243089461E+00,+1.02459169078E+00,+1.03052759070E+00,+12.92714832E-03
+63.95000E-06,+1.00788315626E+00,+1.03966706751E+00,+1.03429643492E+00,+23.35428388E-03
+63.97500E-06,+1.05310928643E+00,+1.03338566058E+00,+1.02864316867E+00,+15.18845482E-03
+64.00000E-06,+1.29117461062E+00,+1.28841078352E+00,+1.04120598252E+00,+48.60553988E-03
+64.02500E-06,+1.32572234880E+00,+1.34494344619E+00,+1.04999995232E+00,-15.08792676E-03
+64.05000E-06,+1.36969219761E+00,+1.37006907406E+00,+1.01859291752E+00,+17.95227389E-03
+64.07500E-06,+1.36655149407E+00,+1.34431530551E+00,+1.02989945002E+00,+15.18845482E-03
+64.10000E-06,+1.35084797667E+00,+1.36567208916E+00,+1.03555271627E+00,+11.92212321E-03
+64.12500E-06,+1.32635048947E+00,+1.34557158686E+00,+1.03052759070E+00,+4.88694740E-03
+64.15000E-06,+1.36529521272E+00,+1.34996857176E+00,+1.02550246512E+00,+992.47508E-06
+64.17500E-06,+1.35587310224E+00,+1.35624997869E+00,+1.04057784184E+00,+6.89699763E-03
+64.20000E-06,+1.16680275245E+00,+1.09243088595E+00,+1.00979894772E+00,-36.31908231E-03
+64.22500E-06,+1.00411431204E+00,+1.04280777105E+00,+1.04999995232E+00,+40.81659527E-03
+64.25000E-06,+1.01918968876E+00,+1.02396355011E+00,+1.02989945002E+00,-7.04772584E-03
+64.27500E-06,+1.05310928643E+00,+1.06416455470E+00,+1.02989945002E+00,-9.43466048E-03
+64.30000E-06,+1.00913943762E+00,+1.03275751990E+00,+1.06444718836E+00,-1.89697213E-03
+64.32500E-06,+1.00348617136E+00,+1.00386304781E+00,+1.01042708840E+00,+12.92714832E-03
+64.35000E-06,+983.38566907E-03,+1.00386304781E+00,+1.02989945002E+00,+21.97237435E-03
+64.37500E-06,+1.04368717596E+00,+1.04406405240E+00,+1.02989945002E+00,+8.78141973E-03
+64.40000E-06,+1.05248114576E+00,+1.32295852186E+00,+1.04120598252E+00,+18.20353017E-03
+64.42500E-06,+1.02421481434E+00,+1.34494344619E+00,+1.02989945002E+00,-14.83667049E-03
+64.45000E-06,+1.05499370846E+00,+1.32986806946E+00,+1.01419593262E+00,+12.17337948E-03
+64.47500E-06,+1.03426506549E+00,+1.35499369733E+00,+1.04999995232E+00,+9.03267600E-03
+64.50000E-06,+1.02923993991E+00,+1.34557158686E+00,+1.05314065586E+00,+2.12312833E-03
+64.52500E-06,+1.04305903528E+00,+1.36567208916E+00,+1.02927130934E+00,-2.90199725E-03
+64.55000E-06,+1.02358667366E+00,+1.34557158686E+00,+1.04120598252E+00,+1.87187206E-03
+64.57500E-06,+1.01416456319E+00,+1.34557158686E+00,+1.04057784184E+00,-1.14320329E-03
+64.60000E-06,+1.02358667366E+00,+1.11818465450E+00,+1.00414568147E+00,-22.49998697E-03
+64.62500E-06,+1.02421481434E+00,+1.04532033376E+00,+1.03052759070E+00,+20.71609297E-03
+64.65000E-06,+1.02358667366E+00,+1.03527008261E+00,+1.06130648482E+00,-3.90702236E-03
+64.67500E-06,+1.03426506549E+00,+1.04406405240E+00,+1.04999995232E+00,+992.47508E-06
+64.70000E-06,+1.00913943762E+00,+1.02961681636E+00,+1.03869341982E+00,+5.01257554E-03
+64.72500E-06,+1.04305903528E+00,+1.02396355011E+00,+1.02927130934E+00,+4.88694740E-03
+64.75000E-06,+1.02798365856E+00,+1.00826003271E+00,+1.04120598252E+00,+6.77136950E-03
+64.77500E-06,+1.03426506549E+00,+1.01328515828E+00,+1.04999995232E+00,+5.01257554E-03
+64.80000E-06,+1.24783290248E+00,+1.28841078352E+00,+1.05565321857E+00,+46.34423338E-03
+64.82500E-06,+1.34519471042E+00,+1.34557158686E+00,+1.03052759069E+00,-11.06782630E-03
+64.85000E-06,+1.36089822782E+00,+1.36567208916E+00,+1.01419593262E+00,+9.91207298E-03
+64.87500E-06,+1.36529521272E+00,+1.35624997869E+00,+1.01922105819E+00,+9.28393227E-03
+64.90000E-06,+1.36529521272E+00,+1.33991832061E+00,+1.02424618377E+00,+6.77136950E-03
+64.92500E-06,+1.36466707204E+00,+1.36567208916E+00,+1.04937181164E+00,+8.78141973E-03
+64.95000E-06,+1.36529521272E+00,+1.34996857176E+00,+1.02989945002E+00,-7.04772584E-03
+64.97500E-06,+1.37597360454E+00,+1.35624997869E+00,+1.04057784184E+00,-5.16330375E-03
+65.00000E-06,+1.16114948620E+00,+1.12132535804E+00,+978.39191292E-03,-52.39948415E-03
+65.02500E-06,+1.08200375853E+00,+1.08300877565E+00,+1.01042708840E+00,+36.41961040E-03
+65.05000E-06,+1.02798365856E+00,+992.55651531E-03,+1.04560296742E+00,-11.06782630E-03
+65.07500E-06,+1.02358667366E+00,+1.02270726875E+00,+1.02989945002E+00,-1.14320329E-03
+65.10000E-06,+1.02358667366E+00,+1.01831028386E+00,+1.02424618377E+00,+5.01257554E-03
+65.12500E-06,+1.02358667366E+00,+1.00511932916E+00,+1.02989945002E+00,+8.90704786E-03
+65.15000E-06,+1.00788315626E+00,+1.00386304781E+00,+1.02989945002E+00,+9.03267600E-03
+65.17500E-06,+1.04368717596E+00,+1.03464194193E+00,+1.04057784184E+00,+5.01257554E-03
+65.20000E-06,+1.03803390971E+00,+1.33426505436E+00,+1.04434668607E+00,+15.31408296E-03
+65.22500E-06,+1.04368717596E+00,+1.30599872294E+00,+1.02989945002E+00,-18.85677095E-03
+65.25000E-06,+1.04808416086E+00,+1.37697862166E+00,+1.02989945002E+00,+5.89197252E-03
+65.27500E-06,+1.02358667366E+00,+1.33614947639E+00,+1.04057784184E+00,+5.01257554E-03
+65.30000E-06,+1.04368717596E+00,+1.36567208916E+00,+1.02424618377E+00,+992.47508E-06
+65.32500E-06,+1.04368717596E+00,+1.36504394848E+00,+1.02989945002E+00,+992.47508E-06
+65.35000E-06,+1.00788315626E+00,+1.34996857176E+00,+1.00979894772E+00,-6.16832886E-03
+65.37500E-06,+1.02358667366E+00,+1.37509419963E+00,+1.03115573137E+00,+4.76131927E-03
+65.40000E-06,+1.02923993991E+00,+1.10373741845E+00,+1.01859291752E+00,-26.01757489E-03
+65.42500E-06,+1.02421481434E+00,+1.04469219308E+00,+1.03052759069E+00,+16.82162065E-03
+65.45000E-06,+1.00788315626E+00,+1.02396355011E+00,+1.06130648482E+00,-8.80651980E-03
+65.47500E-06,+1.01416456319E+00,+1.02396355011E+00,+1.02989945002E+00,+992.47508E-06
+65.50000E-06,+1.02923993991E+00,+1.02396355011E+00,+1.02989945002E+00,-2.52511284E-03
+65.52500E-06,+1.04305903528E+00,+1.02333540943E+00,+1.02989945002E+00,+5.01257554E-03
+65.55000E-06,+1.04368717596E+00,+1.00826003271E+00,+1.02989945002E+00,+9.91207298E-03
+65.57500E-06,+1.02484295501E+00,+1.02270726875E+00,+1.03932156049E+00,+992.47508E-06
+65.60000E-06,+1.28238064082E+00,+1.29406404977E+00,+1.04120598252E+00,+43.45478617E-03
+65.62500E-06,+1.34519471042E+00,+1.36504394848E+00,+1.02989945002E+00,-14.96229863E-03
+65.65000E-06,+1.36969219761E+00,+1.38137560656E+00,+1.01859291752E+00,+9.91207298E-03
+65.67500E-06,+1.36529521272E+00,+1.35624997869E+00,+1.03932156049E+00,+11.41961063E-03
+65.70000E-06,+1.36529521272E+00,+1.36567208916E+00,+1.02989945002E+00,+2.75126904E-03
+65.72500E-06,+1.36403893137E+00,+1.36504394848E+00,+1.04999995232E+00,+8.65579159E-03
+65.75000E-06,+1.36969219761E+00,+1.37006907406E+00,+1.04999995232E+00,-3.90702236E-03
+65.77500E-06,+1.35461682089E+00,+1.37509419963E+00,+1.03932156049E+00,-5.16330375E-03
+65.80000E-06,+1.14670225015E+00,+1.10687812200E+00,+984.04517917E-03,-54.15827810E-03
+65.82500E-06,+1.06253139691E+00,+1.08363691632E+00,+1.02989945002E+00,+33.02765062E-03
+65.85000E-06,+1.00348617136E+00,+1.01956656521E+00,+1.02989945002E+00,-15.08792676E-03
+65.87500E-06,+1.02233039231E+00,+1.02396355011E+00,+1.00854266637E+00,-7.04772584E-03
+65.90000E-06,+1.02358667366E+00,+1.02961681636E+00,+1.02989945002E+00,-766.31888E-06
+65.92500E-06,+1.04243089461E+00,+1.02396355011E+00,+1.04874367097E+00,+992.47508E-06
+65.95000E-06,+1.02358667366E+00,+1.04406405240E+00,+1.04120598252E+00,+9.03267600E-03
+65.97500E-06,+1.02358667366E+00,+1.02396355011E+00,+1.03115573137E+00,+13.05277646E-03
+66.00000E-06,+1.04368717596E+00,+1.31981781832E+00,+1.03555271627E+00,+18.20353017E-03
+66.02500E-06,+1.04305903528E+00,+1.34557158686E+00,+1.02989945002E+00,-14.83667049E-03
+66.05000E-06,+1.05499370846E+00,+1.36127510426E+00,+1.00979894772E+00,+4.13317856E-03
+66.07500E-06,+1.03300878414E+00,+1.35499369734E+00,+1.02989945002E+00,+9.03267600E-03
+66.10000E-06,+1.03803390971E+00,+1.36001882291E+00,+1.00414568147E+00,+10.79146996E-03
+66.12500E-06,+1.02358667366E+00,+1.36567208916E+00,+990.95472677E-03,+866.84694E-06
+66.15000E-06,+1.03489320616E+00,+1.34557158686E+00,+1.04120598252E+00,-6.16832886E-03
+66.17500E-06,+1.03426506549E+00,+1.34557158686E+00,+1.03115573137E+00,-3.02762538E-03
+66.20000E-06,+1.03489320616E+00,+1.13263189054E+00,+1.00414568147E+00,-16.21858001E-03
+66.22500E-06,+1.02421481434E+00,+1.06353641403E+00,+1.03052759069E+00,+16.94724878E-03
+66.25000E-06,+1.00348617136E+00,+1.02396355011E+00,+1.04560296742E+00,-7.92712282E-03
+66.27500E-06,+1.00222989001E+00,+1.02396355011E+00,+1.01922105820E+00,-3.02762538E-03
+66.30000E-06,+1.02358667366E+00,+1.03841078615E+00,+1.01545221397E+00,-138.17817E-06
+66.32500E-06,+1.02295853299E+00,+1.02396355011E+00,+1.02989945002E+00,+8.78141973E-03
+66.35000E-06,+1.02798365856E+00,+1.02836053501E+00,+1.02550246512E+00,+5.01257554E-03
+66.37500E-06,+1.04368717596E+00,+1.03464194193E+00,+1.01922105820E+00,+9.03267600E-03
+66.40000E-06,+1.03803390971E+00,+1.28527007997E+00,+1.00979894772E+00,+21.09297737E-03
+66.42500E-06,+1.02484295501E+00,+1.32547108456E+00,+1.01042708840E+00,-6.92209771E-03
+66.45000E-06,+1.01918968876E+00,+1.34996857176E+00,+1.02550246512E+00,+5.89197252E-03
+66.47500E-06,+1.04368717596E+00,+1.35624997869E+00,+1.04057784184E+00,-1.14320329E-03
+66.50000E-06,+1.04934044221E+00,+1.36567208916E+00,+1.02989945002E+00,+992.47508E-06
+66.52500E-06,+1.02358667366E+00,+1.34557158686E+00,+1.04937181164E+00,+992.47508E-06
+66.55000E-06,+1.02358667366E+00,+1.36567208916E+00,+1.02989945002E+00,+3.25378158E-03
+66.57500E-06,+1.02358667366E+00,+1.35624997869E+00,+1.03932156049E+00,-3.02762538E-03
+66.60000E-06,+1.04934044221E+00,+1.10122485575E+00,+1.00414568147E+00,-23.12812768E-03
+66.62500E-06,+1.02295853299E+00,+1.04406405240E+00,+1.02864316867E+00,+13.05277646E-03
+66.65000E-06,+1.03489320616E+00,+1.02836053501E+00,+1.02550246512E+00,-9.30903234E-03
+66.67500E-06,+1.00222989002E+00,+1.02396355011E+00,+1.02989945002E+00,+992.47508E-06
+66.70000E-06,+1.02358667366E+00,+1.02396355011E+00,+1.03869341982E+00,+2.12312833E-03
+66.72500E-06,+1.02358667366E+00,+1.04343591173E+00,+1.02989945002E+00,+866.84694E-06
+66.75000E-06,+1.03929019106E+00,+1.00826003271E+00,+1.02989945002E+00,+5.01257554E-03
+66.77500E-06,+1.03426506549E+00,+1.03464194193E+00,+1.04057784184E+00,+2.87689717E-03
+66.80000E-06,+1.29682787688E+00,+1.28275751727E+00,+1.05565321857E+00,+35.41458525E-03
+66.82500E-06,+1.32635048947E+00,+1.36504394848E+00,+1.04999995232E+00,-14.83667049E-03
+66.85000E-06,+1.40109923241E+00,+1.35436555666E+00,+1.01419593262E+00,+9.91207298E-03
+66.87500E-06,+1.37346104184E+00,+1.35499369734E+00,+1.02989945002E+00,+9.03267600E-03
+66.90000E-06,+1.36529521272E+00,+1.36567208916E+00,+1.02424618377E+00,+7.90202275E-03
+66.92500E-06,+1.34582285109E+00,+1.36567208916E+00,+1.02989945002E+00,+4.76131927E-03
+66.95000E-06,+1.38099873011E+00,+1.36127510426E+00,+1.00979894772E+00,-3.90702236E-03
+66.97500E-06,+1.36655149406E+00,+1.35499369734E+00,+1.01922105820E+00,-7.04772584E-03
+67.00000E-06,+1.13225501410E+00,+1.10687812199E+00,+998.49241522E-03,-53.53013739E-03
+67.02500E-06,+1.04494345731E+00,+1.06353641403E+00,+1.04999995232E+00,+36.92212294E-03
+67.05000E-06,+1.02358667366E+00,+1.02396355011E+00,+1.04560296742E+00,-15.08792676E-03
+67.07500E-06,+1.03300878414E+00,+1.01328515828E+00,+1.04999995232E+00,-5.16330375E-03
+67.10000E-06,+1.04368717596E+00,+1.02396355011E+00,+1.03555271627E+00,+2.12312833E-03
+67.12500E-06,+1.02358667366E+00,+1.04343591173E+00,+1.04999995232E+00,+8.78141973E-03
+67.15000E-06,+1.03929019106E+00,+1.02396355011E+00,+1.02989945002E+00,+12.17337948E-03
+67.17500E-06,+1.01416456319E+00,+1.03338566058E+00,+1.03115573137E+00,+9.03267600E-03
+67.20000E-06,+1.26228013853E+00,+1.30285801957E+00,+1.04120598252E+00,+42.32413292E-03
+67.22500E-06,+1.30687812785E+00,+1.36504394849E+00,+1.03115573137E+00,-14.96229863E-03
+67.25000E-06,+1.36529521272E+00,+1.35436555666E+00,+1.00979894772E+00,+13.05277646E-03
+67.27500E-06,+1.36655149406E+00,+1.36567208916E+00,+1.03932156049E+00,+9.28393227E-03
+67.30000E-06,+1.34519471042E+00,+1.34557158686E+00,+1.02989945002E+00,+2.12312833E-03
+67.32500E-06,+1.36466707204E+00,+1.36567208916E+00,+1.04999995232E+00,-3.02762538E-03
+67.35000E-06,+1.36529521272E+00,+1.34557158686E+00,+1.02989945002E+00,-10.18842932E-03
+67.37500E-06,+1.36655149406E+00,+1.37635048098E+00,+1.02989945002E+00,+992.47508E-06
+67.40000E-06,+1.16114948619E+00,+1.15587309639E+00,+984.04517918E-03,-54.15827811E-03
+67.42500E-06,+1.06253139691E+00,+1.04343591173E+00,+1.02864316867E+00,+36.67086667E-03
+67.45000E-06,+1.01479270386E+00,+1.00386304781E+00,+1.05439693722E+00,-11.94722328E-03
+67.47500E-06,+1.02233039231E+00,+1.03338566058E+00,+1.02047733954E+00,-3.02762538E-03
+67.50000E-06,+1.02044597011E+00,+1.03527008260E+00,+1.02110548022E+00,+5.01257554E-03
+67.52500E-06,+1.02358667366E+00,+1.02396355011E+00,+1.00979894772E+00,+1.24373135E-03
+67.55000E-06,+1.03929019106E+00,+1.02396355011E+00,+1.02989945002E+00,+13.05277646E-03
+67.57500E-06,+1.02358667366E+00,+1.01454143963E+00,+1.03932156049E+00,+5.26383181E-03
+67.60000E-06,+1.27923993728E+00,+1.29092334622E+00,+1.04999995232E+00,+41.19347967E-03
+67.62500E-06,+1.32697863014E+00,+1.34619972754E+00,+1.04999995232E+00,-18.85677095E-03
+67.65000E-06,+1.38099873011E+00,+1.38577259146E+00,+1.02989945002E+00,+19.33418341E-03
+67.67500E-06,+1.36529521272E+00,+1.36567208916E+00,+1.01922105820E+00,+13.30403273E-03
+67.70000E-06,+1.35084797667E+00,+1.34557158686E+00,+1.02989945002E+00,+9.03267600E-03
+67.72500E-06,+1.36466707204E+00,+1.36504394849E+00,+1.02989945002E+00,-3.02762538E-03
+67.75000E-06,+1.36529521272E+00,+1.34996857176E+00,+1.00979894772E+00,-6.16832886E-03
+67.77500E-06,+1.36529521272E+00,+1.36567208916E+00,+1.03932156049E+00,-3.27888165E-03
+67.80000E-06,+1.17559672224E+00,+1.13011932784E+00,+1.00414568147E+00,-54.15827811E-03
+67.82500E-06,+1.04431531663E+00,+1.04406405240E+00,+1.01105522907E+00,+36.79649481E-03
+67.85000E-06,+1.01228014117E+00,+1.00386304781E+00,+1.04560296742E+00,-18.22863024E-03
+67.87500E-06,+1.03300878414E+00,+1.04406405240E+00,+1.02047733954E+00,-3.02762538E-03
+67.90000E-06,+1.02923993991E+00,+1.02961681635E+00,+1.04434668607E+00,+2.12312833E-03
+67.92500E-06,+1.04243089461E+00,+1.02333540943E+00,+1.01042708840E+00,+5.01257554E-03
+67.95000E-06,+1.02358667366E+00,+1.01956656521E+00,+1.01859291752E+00,+9.91207298E-03
+67.97500E-06,+1.03426506548E+00,+1.04280777106E+00,+1.01796477685E+00,+13.05277646E-03
+68.00000E-06,+1.30248114313E+00,+1.31416455207E+00,+1.02110548022E+00,+37.67589175E-03
+68.02500E-06,+1.34519471042E+00,+1.34557158686E+00,+1.04999995232E+00,-22.87687141E-03
+68.05000E-06,+1.37660174521E+00,+1.36567208916E+00,+1.00979894772E+00,+12.17337948E-03
+68.07500E-06,+1.34519471042E+00,+1.33489319504E+00,+1.01922105820E+00,+9.28393227E-03
+68.10000E-06,+1.35084797667E+00,+1.35122485311E+00,+1.02110548022E+00,+992.47508E-06
+68.12500E-06,+1.34519471042E+00,+1.36504394849E+00,+1.04874367097E+00,+992.47508E-06
+68.15000E-06,+1.35398868022E+00,+1.34996857176E+00,+1.04560296742E+00,-6.16832886E-03
+68.17500E-06,+1.34645099177E+00,+1.34557158686E+00,+1.00979894772E+00,-2.77636911E-03
+68.20000E-06,+1.18124998849E+00,+1.14707912658E+00,+984.04517918E-03,-55.28893135E-03
+68.22500E-06,+1.04431531663E+00,+1.06416455470E+00,+1.04937181164E+00,+37.04775108E-03
+68.25000E-06,+1.01918968876E+00,+1.02396355011E+00,+1.04999995232E+00,-11.94722328E-03
+68.27500E-06,+1.02233039231E+00,+1.02396355011E+00,+1.03932156049E+00,-3.27888165E-03
+68.30000E-06,+1.02923993991E+00,+1.02961681635E+00,+1.02110548022E+00,+5.01257554E-03
+68.32500E-06,+1.02295853299E+00,+1.04280777106E+00,+990.32658610E-03,+9.03267600E-03
+68.35000E-06,+1.06378767826E+00,+1.01265701761E+00,+1.03429643492E+00,+16.19347994E-03
+68.37500E-06,+1.03300878414E+00,+1.02396355011E+00,+1.04057784184E+00,+10.91709809E-03
+68.40000E-06,+1.25348616873E+00,+1.26831028123E+00,+1.06444718837E+00,+42.32413292E-03
+68.42500E-06,+1.32635048947E+00,+1.34557158686E+00,+1.04937181164E+00,-22.87687141E-03
+68.45000E-06,+1.39670224751E+00,+1.38577259146E+00,+1.02550246512E+00,+17.95227390E-03
+68.47500E-06,+1.37471732319E+00,+1.33614947639E+00,+1.01922105820E+00,+11.16835436E-03
+68.50000E-06,+1.35084797667E+00,+1.36001882291E+00,+1.02989945002E+00,+992.47508E-06
+68.52500E-06,+1.36403893137E+00,+1.36567208916E+00,+1.01042708840E+00,+992.47508E-06
+68.55000E-06,+1.34959169532E+00,+1.36567208916E+00,+1.00979894772E+00,-7.92712282E-03
+68.57500E-06,+1.34645099177E+00,+1.35499369734E+00,+1.02989945002E+00,-6.79646957E-03
+68.60000E-06,+1.15800878264E+00,+1.12697862429E+00,+1.00414568147E+00,-54.15827811E-03
+68.62500E-06,+1.06253139691E+00,+1.06416455470E+00,+1.03052759069E+00,+36.79649481E-03
+68.65000E-06,+1.00788315627E+00,+1.00826003271E+00,+1.02989945002E+00,-11.06782630E-03
+68.67500E-06,+1.02358667366E+00,+1.03338566058E+00,+1.04999995232E+00,-5.16330375E-03
+68.70000E-06,+1.03489320616E+00,+1.02396355011E+00,+1.03555271627E+00,+2.12312833E-03
+68.72500E-06,+1.04368717596E+00,+1.04280777106E+00,+1.01042708840E+00,+12.67589205E-03
+68.75000E-06,+1.04808416086E+00,+1.03966706750E+00,+1.01419593262E+00,+13.93217344E-03
+68.77500E-06,+1.02484295501E+00,+1.02270726876E+00,+1.01922105820E+00,+3.12815344E-03
+68.80000E-06,+1.28552134439E+00,+1.29406404977E+00,+1.04120598251E+00,+35.41458525E-03
+68.82500E-06,+1.36529521272E+00,+1.34557158686E+00,+1.04999995232E+00,-18.85677095E-03
+68.85000E-06,+1.38099873011E+00,+1.38137560656E+00,+1.00979894772E+00,+9.91207298E-03
+68.87500E-06,+1.36529521272E+00,+1.34557158686E+00,+1.02047733954E+00,+7.14825390E-03
+68.90000E-06,+1.33954144417E+00,+1.34557158686E+00,+1.02989945002E+00,+992.47508E-06
+68.92500E-06,+1.36529521272E+00,+1.34619972754E+00,+1.04937181164E+00,-2.90199725E-03
+68.95000E-06,+1.36529521272E+00,+1.34996857176E+00,+1.04999995232E+00,-11.06782630E-03
+68.97500E-06,+1.36529521272E+00,+1.36567208916E+00,+1.04057784184E+00,-3.02762538E-03
+69.00000E-06,+1.17559672224E+00,+1.10687812199E+00,+984.04517918E-03,-51.26883090E-03
+69.02500E-06,+1.04368717596E+00,+1.08300877565E+00,+1.06884417327E+00,+36.67086667E-03
+69.05000E-06,+1.02358667366E+00,+1.02396355011E+00,+1.05439693722E+00,-15.08792676E-03
+69.07500E-06,+1.01290828184E+00,+1.01202887694E+00,+1.04057784184E+00,+992.47508E-06
+69.10000E-06,+1.02358667366E+00,+1.02396355011E+00,+1.02424618377E+00,+2.12312833E-03
+69.12500E-06,+1.04305903529E+00,+1.02396355011E+00,+1.04874367097E+00,-2.90199725E-03
+69.15000E-06,+1.01918968876E+00,+1.02396355011E+00,+1.01419593262E+00,+17.07287692E-03
+69.17500E-06,+1.03300878414E+00,+1.03338566058E+00,+1.04057784184E+00,+9.03267600E-03
+69.20000E-06,+1.25348616873E+00,+1.29406404977E+00,+1.06130648481E+00,+46.34423338E-03
+69.22500E-06,+1.34582285109E+00,+1.34494344619E+00,+1.02989945002E+00,-23.00249954E-03
+69.25000E-06,+1.38099873011E+00,+1.36567208916E+00,+1.03429643492E+00,+13.05277646E-03
+69.27500E-06,+1.35461682089E+00,+1.34682786821E+00,+1.01922105820E+00,+3.12815344E-03
+69.30000E-06,+1.35084797667E+00,+1.33677761706E+00,+1.02424618377E+00,+2.12312833E-03
+69.32500E-06,+1.36403893137E+00,+1.36567208916E+00,+1.02989945002E+00,+992.47508E-06
+69.35000E-06,+1.34959169532E+00,+1.36127510426E+00,+1.00979894772E+00,-3.90702236E-03
+69.37500E-06,+1.36655149406E+00,+1.34557158686E+00,+1.02864316867E+00,-3.02762538E-03
+69.40000E-06,+1.13225501409E+00,+1.10687812199E+00,+984.04517918E-03,-45.48993648E-03
+69.42500E-06,+1.06315953758E+00,+1.02459169078E+00,+1.02989945002E+00,+36.67086667E-03
+69.45000E-06,+1.00348617136E+00,+1.01956656520E+00,+1.04560296742E+00,-18.22863024E-03
+69.47500E-06,+1.03300878414E+00,+1.02270726876E+00,+1.04999995232E+00,-7.04772584E-03
+69.50000E-06,+1.02923993991E+00,+1.02961681635E+00,+1.02989945002E+00,+2.12312833E-03
+69.52500E-06,+1.02358667366E+00,+1.04280777106E+00,+1.03052759069E+00,+1.24373135E-03
+69.55000E-06,+1.03929019106E+00,+1.01956656520E+00,+1.02989945002E+00,+12.17337948E-03
+69.57500E-06,+1.03426506548E+00,+1.02396355011E+00,+1.04057784184E+00,+8.78141973E-03
+69.60000E-06,+1.27358667103E+00,+1.29406404977E+00,+1.02675874646E+00,+49.23368059E-03
+69.62500E-06,+1.34519471042E+00,+1.34557158686E+00,+1.03178387204E+00,-18.85677095E-03
+69.65000E-06,+1.38539571501E+00,+1.36567208916E+00,+1.02989945002E+00,+9.91207298E-03
+69.67500E-06,+1.36655149406E+00,+1.33614947639E+00,+1.02989945002E+00,+2.87689717E-03
+69.70000E-06,+1.36529521272E+00,+1.35122485311E+00,+1.02110548022E+00,+3.88192229E-03
+69.72500E-06,+1.32572234879E+00,+1.34557158686E+00,+1.02927130935E+00,-3.02762538E-03
+69.75000E-06,+1.34959169532E+00,+1.36127510426E+00,+1.01419593262E+00,-7.92712282E-03
+69.77500E-06,+1.34519471042E+00,+1.35499369734E+00,+1.02989945002E+00,-3.02762538E-03
+69.80000E-06,+1.16114948619E+00,+1.13577259409E+00,+989.69844542E-03,-49.51003693E-03
+69.82500E-06,+1.02421481433E+00,+1.04406405240E+00,+1.02989945002E+00,+36.67086667E-03
+69.85000E-06,+1.01918968876E+00,+1.01956656520E+00,+1.03869341982E+00,-11.94722328E-03
+69.87500E-06,+1.01290828184E+00,+1.02396355011E+00,+1.02989945002E+00,-3.27888165E-03
+69.90000E-06,+1.02923993991E+00,+1.02961681635E+00,+1.02989945002E+00,+7.90202275E-03
+69.92500E-06,+1.02358667366E+00,+1.02333540943E+00,+1.02989945002E+00,+8.90704786E-03
+69.95000E-06,+1.04368717596E+00,+1.02396355011E+00,+1.02989945002E+00,+13.05277646E-03
+69.97500E-06,+1.02358667366E+00,+1.04406405240E+00,+1.04999995232E+00,+9.03267600E-03
+70.00000E-06,+1.27672737459E+00,+1.31730525563E+00,+1.06444718837E+00,+36.54523850E-03
+70.02500E-06,+1.34582285109E+00,+1.34494344619E+00,+1.04937181164E+00,-15.08792676E-03
+70.05000E-06,+1.38099873011E+00,+1.36567208916E+00,+1.02989945002E+00,+16.19347994E-03
+70.07500E-06,+1.37471732319E+00,+1.35624997868E+00,+1.02047733954E+00,+3.37940971E-03
+70.10000E-06,+1.33074747437E+00,+1.36001882291E+00,+1.02110548022E+00,+992.47508E-06
+70.12500E-06,+1.34519471042E+00,+1.36504394849E+00,+1.02927130935E+00,+866.84694E-06
+70.15000E-06,+1.34959169532E+00,+1.34557158686E+00,+1.00979894772E+00,-5.28893188E-03
+70.17500E-06,+1.33577259994E+00,+1.35499369734E+00,+1.00979894772E+00,-3.27888165E-03
+70.20000E-06,+1.14921481283E+00,+1.13263189053E+00,+984.04517918E-03,-46.62058972E-03
+70.22500E-06,+1.04368717596E+00,+1.04469219308E+00,+1.02989945002E+00,+33.02765062E-03
+70.25000E-06,+1.02358667366E+00,+1.00386304781E+00,+1.04560296741E+00,-19.98742420E-03
+70.27500E-06,+1.00348617136E+00,+1.03464194193E+00,+1.04874367097E+00,-7.29898211E-03
+70.30000E-06,+1.02923993991E+00,+1.04406405240E+00,+1.02989945002E+00,+7.90202275E-03
+70.32500E-06,+1.02358667366E+00,+1.00449118848E+00,+1.01042708839E+00,+5.01257554E-03
+70.35000E-06,+1.02358667366E+00,+1.02396355011E+00,+1.01859291753E+00,+19.33418341E-03
+70.37500E-06,+1.02484295501E+00,+1.04406405240E+00,+1.02989945002E+00,+9.03267600E-03
+70.40000E-06,+1.26479270123E+00,+1.02396355011E+00,+1.03555271627E+00,+26.87187179E-03
+70.42500E-06,+1.32572234879E+00,+1.04469219308E+00,+1.03052759069E+00,-10.94219817E-03
+70.45000E-06,+1.34959169532E+00,+1.04406405240E+00,+1.00979894772E+00,+2.75126904E-03
+70.47500E-06,+1.36529521272E+00,+1.02521983145E+00,+1.02989945002E+00,+5.01257554E-03
+70.50000E-06,+1.35084797667E+00,+1.03841078616E+00,+1.03555271627E+00,+3.88192229E-03
+70.52500E-06,+1.36466707204E+00,+1.04343591173E+00,+1.04937181164E+00,-2.77636911E-03
+70.55000E-06,+1.35398868022E+00,+1.01265701761E+00,+1.01859291753E+00,+3.25378158E-03
+70.57500E-06,+1.37597360454E+00,+1.04406405240E+00,+1.01922105820E+00,+992.47508E-06
+70.60000E-06,+1.16366204888E+00,+1.08426505700E+00,+975.25120937E-03,-28.27888139E-03
+70.62500E-06,+1.08514446190E+00,+1.06416455470E+00,+1.01042708839E+00,+16.82162065E-03
+70.65000E-06,+1.02798365856E+00,+1.00826003271E+00,+1.06130648481E+00,+113.07810E-06
+70.67500E-06,+983.38566907E-03,+1.00260676646E+00,+1.02989945002E+00,+7.14825390E-03
+70.70000E-06,+1.00913943761E+00,+1.03841078616E+00,+1.02424618377E+00,+14.18342971E-03
+70.72500E-06,+1.08263189921E+00,+1.06353641403E+00,+1.04937181164E+00,+1.11810321E-03
+70.75000E-06,+1.04368717596E+00,+1.04406405240E+00,+1.02989945002E+00,+5.01257554E-03
+70.77500E-06,+1.02358667366E+00,+1.00386304781E+00,+1.02989945002E+00,+9.03267600E-03
+70.80000E-06,+1.02358667366E+00,+1.02396355011E+00,+1.03555271627E+00,+6.77136950E-03
+70.82500E-06,+1.04368717596E+00,+1.04343591173E+00,+1.00979894772E+00,-6.92209771E-03
+70.85000E-06,+1.02798365856E+00,+1.03966706750E+00,+1.04560296741E+00,+3.25378158E-03
+70.87500E-06,+1.03300878414E+00,+1.02396355011E+00,+1.02989945002E+00,+2.87689717E-03
+70.90000E-06,+1.00913943761E+00,+1.01831028386E+00,+1.03869341982E+00,+9.03267600E-03
+70.92500E-06,+1.02295853299E+00,+1.02333540943E+00,+1.02989945002E+00,+9.03267600E-03
+70.95000E-06,+1.02358667366E+00,+1.04406405240E+00,+1.00979894772E+00,+5.01257554E-03
+70.97500E-06,+1.02358667366E+00,+1.02396355011E+00,+1.02989945002E+00,+9.03267600E-03
+71.00000E-06,+1.02358667366E+00,+1.02396355011E+00,+1.06758789193E+00,+6.14322879E-03
+71.02500E-06,+1.02358667366E+00,+1.02521983145E+00,+1.01105522907E+00,+12.80152019E-03
+71.05000E-06,+1.04368717596E+00,+1.01956656520E+00,+1.04560296741E+00,+5.01257554E-03
+71.07500E-06,+1.04368717596E+00,+1.03464194193E+00,+1.02989945002E+00,+7.14825390E-03
+71.10000E-06,+1.02923993991E+00,+1.02396355011E+00,+1.02989945002E+00,+5.01257554E-03
+71.12500E-06,+1.02233039232E+00,+1.00386304781E+00,+1.02989945002E+00,+5.01257554E-03
+71.15000E-06,+1.01228014117E+00,+1.01956656520E+00,+1.04999995232E+00,+9.03267600E-03
+71.17500E-06,+1.05436556778E+00,+1.03338566058E+00,+1.02989945002E+00,+5.26383181E-03
+71.20000E-06,+1.27923993728E+00,+1.02396355011E+00,+1.02424618377E+00,+37.17337921E-03
+71.22500E-06,+1.34519471042E+00,+1.02459169078E+00,+1.02989945002E+00,+5.13820367E-03
+71.25000E-06,+1.38099873011E+00,+1.02836053501E+00,+1.00979894772E+00,+13.05277646E-03
+71.27500E-06,+1.36529521272E+00,+1.05348616288E+00,+1.02989945002E+00,+11.16835436E-03
+71.30000E-06,+1.37094847896E+00,+1.02961681635E+00,+1.02989945002E+00,+9.03267600E-03
+71.32500E-06,+1.36529521272E+00,+1.02459169078E+00,+1.04937181164E+00,+12.80152019E-03
+71.35000E-06,+1.36089822781E+00,+1.04406405240E+00,+1.04560296741E+00,+1.87187206E-03
+71.37500E-06,+1.36655149406E+00,+1.02396355011E+00,+1.02989945002E+00,+2.87689717E-03
+71.40000E-06,+1.16680275243E+00,+1.04406405240E+00,+989.69844542E-03,-26.01757489E-03
+71.42500E-06,+1.06315953758E+00,+1.02333540943E+00,+1.04874367097E+00,+28.75629389E-03
+71.45000E-06,+1.02798365856E+00,+1.00826003271E+00,+1.03429643492E+00,+4.13317856E-03
+71.47500E-06,+1.01290828184E+00,+1.04532033375E+00,+1.04057784184E+00,+4.76131927E-03
+71.50000E-06,+1.02923993991E+00,+1.02961681635E+00,+1.32010045199E+00,+18.20353016E-03
+71.52500E-06,+1.04368717596E+00,+1.02333540943E+00,+1.37035170773E+00,+1.24373135E-03
+71.55000E-06,+1.03049622125E+00,+1.00826003271E+00,+1.35590447168E+00,+13.93217344E-03
+71.57500E-06,+1.02358667366E+00,+1.03338566058E+00,+1.36092959725E+00,+9.03267600E-03
+71.60000E-06,+1.03803390971E+00,+1.31981781832E+00,+1.38605522512E+00,+28.00252504E-03
+71.62500E-06,+1.02421481433E+00,+1.32547108456E+00,+1.39108035070E+00,-10.94219817E-03
+71.65000E-06,+1.03929019106E+00,+1.38137560655E+00,+1.37160798907E+00,+16.19347993E-03
+71.67500E-06,+1.02358667366E+00,+1.36567208916E+00,+1.35150748678E+00,+11.16835436E-03
+71.70000E-06,+1.02358667366E+00,+1.35122485311E+00,+1.36030145658E+00,+10.16332925E-03
+71.72500E-06,+1.02295853299E+00,+1.34619972753E+00,+1.33266326582E+00,+8.90704786E-03
+71.75000E-06,+1.03929019106E+00,+1.33426505437E+00,+1.34711050187E+00,+9.03267600E-03
+71.77500E-06,+1.04494345730E+00,+1.34557158686E+00,+1.35150748678E+00,+6.89699763E-03
+71.80000E-06,+1.02923993991E+00,+1.13011932784E+00,+1.36030145658E+00,-19.10802722E-03
+71.82500E-06,+1.04305903529E+00,+1.04406405240E+00,+1.35276376812E+00,+24.98744970E-03
+71.85000E-06,+1.02798365856E+00,+1.01265701761E+00,+1.07010045461E+00,+35.41458525E-03
+71.87500E-06,+1.02484295501E+00,+1.01328515829E+00,+1.03932156050E+00,-5.41456001E-03
+71.90000E-06,+1.02923993991E+00,+1.02396355011E+00,+1.03869341982E+00,+11.29398249E-03
+71.92500E-06,+1.04305903529E+00,+1.02396355011E+00,+1.02989945002E+00,+12.92714832E-03
+71.95000E-06,+1.01918968876E+00,+1.02836053501E+00,+1.04560296741E+00,+17.07287692E-03
+71.97500E-06,+1.02358667366E+00,+1.03338566058E+00,+1.02989945002E+00,+10.91709809E-03
+72.00000E-06,+1.01228014117E+00,+1.29406404978E+00,+1.03555271626E+00,+22.22363062E-03
+72.02500E-06,+1.04368717596E+00,+1.32547108456E+00,+1.01042708839E+00,-7.04772584E-03
+72.05000E-06,+1.04368717596E+00,+1.34996857177E+00,+1.04120598251E+00,+13.93217344E-03
+72.07500E-06,+1.03300878414E+00,+1.34557158686E+00,+1.01922105820E+00,+13.05277646E-03
+72.10000E-06,+1.05813441201E+00,+1.34557158686E+00,+1.01545221397E+00,+6.14322879E-03
+72.12500E-06,+1.04305903529E+00,+1.36567208916E+00,+1.02989945002E+00,+5.01257554E-03
+72.15000E-06,+1.03929019106E+00,+1.36567208916E+00,+1.01419593262E+00,+4.13317856E-03
+72.17500E-06,+1.04368717596E+00,+1.35624997868E+00,+1.02989945002E+00,+7.14825390E-03
+72.20000E-06,+1.03803390971E+00,+1.10687812198E+00,+1.01859291753E+00,-13.32913280E-03
+72.22500E-06,+1.00474245271E+00,+1.04469219307E+00,+1.02927130935E+00,+21.09297737E-03
+72.25000E-06,+1.00348617136E+00,+1.01956656520E+00,+1.01419593262E+00,+113.07810E-06
+72.27500E-06,+1.03300878414E+00,+1.04406405240E+00,+1.02047733954E+00,+4.76131927E-03
+72.30000E-06,+1.01479270386E+00,+1.02961681635E+00,+1.01545221397E+00,+9.03267600E-03
+72.32500E-06,+1.04305903529E+00,+1.04280777106E+00,+1.02864316868E+00,+5.13820367E-03
+72.35000E-06,+1.02358667366E+00,+1.01265701761E+00,+1.02989945002E+00,+9.91207298E-03
+72.37500E-06,+1.05436556778E+00,+1.02396355011E+00,+1.04057784184E+00,+6.89699763E-03
+72.40000E-06,+1.03803390971E+00,+1.28841078353E+00,+1.06444718837E+00,+29.13317829E-03
+72.42500E-06,+1.04368717596E+00,+1.32609922524E+00,+1.02989945002E+00,-6.67084144E-03
+72.45000E-06,+1.03929019106E+00,+1.36127510426E+00,+1.00979894772E+00,+9.03267600E-03
+72.47500E-06,+1.04368717596E+00,+1.34557158686E+00,+1.02989945002E+00,+13.05277646E-03
+72.50000E-06,+1.02358667366E+00,+1.35122485311E+00,+1.01859291753E+00,+7.90202275E-03
+72.52500E-06,+1.00411431204E+00,+1.36567208916E+00,+1.01105522906E+00,+9.15830413E-03
+72.55000E-06,+992.17963887E-03,+1.34996857177E+00,+1.02989945002E+00,+992.47508E-06
+72.57500E-06,+1.01416456318E+00,+1.36441580782E+00,+1.02989945002E+00,+4.76131927E-03
+72.60000E-06,+1.03489320615E+00,+1.08677761968E+00,+1.00979894772E+00,-18.47988651E-03
+72.62500E-06,+1.02358667366E+00,+1.04406405240E+00,+1.05062809299E+00,+24.86182157E-03
+72.65000E-06,+1.01228014117E+00,+1.02836053501E+00,+1.02989945002E+00,-3.02762538E-03
+72.67500E-06,+1.03300878414E+00,+1.03464194193E+00,+1.04999995232E+00,+3.12815344E-03
+72.70000E-06,+1.04368717596E+00,+1.01831028386E+00,+1.03555271626E+00,+13.05277646E-03
+72.72500E-06,+1.02421481433E+00,+1.02459169078E+00,+1.03052759069E+00,+5.26383181E-03
+72.75000E-06,+1.03929019106E+00,+1.02396355011E+00,+1.02989945002E+00,+12.17337948E-03
+72.77500E-06,+1.03300878414E+00,+1.04406405240E+00,+1.01922105820E+00,+14.93719855E-03
+72.80000E-06,+1.03803390971E+00,+1.29406404978E+00,+1.03555271626E+00,+23.35428387E-03
+72.82500E-06,+1.02421481433E+00,+1.36441580782E+00,+1.04874367097E+00,-6.79646957E-03
+72.85000E-06,+1.02798365857E+00,+1.37697862165E+00,+1.01419593262E+00,+13.05277646E-03
+72.87500E-06,+1.03426506548E+00,+1.34557158686E+00,+1.02989945002E+00,+7.14825390E-03
+72.90000E-06,+1.02358667366E+00,+1.36567208916E+00,+1.04120598251E+00,+9.03267600E-03
+72.92500E-06,+1.02358667366E+00,+1.36567208916E+00,+1.02989945002E+00,+9.03267600E-03
+72.95000E-06,+1.03929019106E+00,+1.38577259146E+00,+1.02989945002E+00,+4.13317856E-03
+72.97500E-06,+1.04368717596E+00,+1.35624997868E+00,+1.02989945002E+00,+7.39951017E-03
+73.00000E-06,+1.02358667366E+00,+1.14142586033E+00,+1.00414568148E+00,-20.23868047E-03
+73.02500E-06,+1.04305903529E+00,+1.06353641403E+00,+1.02927130935E+00,+28.75629389E-03
+73.05000E-06,+1.02358667366E+00,+1.03527008260E+00,+1.02989945002E+00,+7.27388203E-03
+73.07500E-06,+1.02233039232E+00,+1.02396355011E+00,+1.02989945002E+00,+5.01257554E-03
+73.10000E-06,+1.04934044220E+00,+1.02396355011E+00,+1.03304015358E+00,+13.05277646E-03
+73.12500E-06,+1.02358667366E+00,+1.02459169078E+00,+1.04937181165E+00,+5.01257554E-03
+73.15000E-06,+1.04368717596E+00,+1.02836053501E+00,+1.01419593263E+00,+14.43468597E-03
+73.17500E-06,+1.04368717596E+00,+1.02396355011E+00,+1.02989945002E+00,+14.93719855E-03
+73.20000E-06,+1.03238064347E+00,+1.33740575793E+00,+1.02989945002E+00,+22.22363062E-03
+73.22500E-06,+1.04368717596E+00,+1.32609922524E+00,+1.01042708839E+00,-2.90199725E-03
+73.25000E-06,+1.03929019106E+00,+1.36567208916E+00,+1.04560296741E+00,+13.93217344E-03
+73.27500E-06,+1.02484295500E+00,+1.37635048098E+00,+1.02047733954E+00,+13.05277646E-03
+73.30000E-06,+1.03803390971E+00,+1.35122485311E+00,+1.02110548021E+00,+9.03267600E-03
+73.32500E-06,+1.02295853299E+00,+1.36504394849E+00,+1.01042708839E+00,+12.80152019E-03
+73.35000E-06,+1.02358667366E+00,+1.36567208916E+00,+1.02550246512E+00,+9.03267600E-03
+73.37500E-06,+1.02358667366E+00,+1.36441580782E+00,+1.00979894772E+00,+6.89699763E-03
+73.40000E-06,+1.04368717596E+00,+1.10122485573E+00,+1.00979894772E+00,-19.10802722E-03
+73.42500E-06,+1.04305903529E+00,+1.08300877566E+00,+1.03115573136E+00,+20.84172111E-03
+73.45000E-06,+1.03929019106E+00,+1.01956656520E+00,+1.04999995232E+00,-3.02762538E-03
+73.47500E-06,+1.01290828184E+00,+1.03464194192E+00,+1.03932156050E+00,+741.21881E-06
+73.50000E-06,+1.01479270385E+00,+1.02396355011E+00,+1.04999995232E+00,+3.25378158E-03
+73.52500E-06,+1.04305903529E+00,+1.04280777106E+00,+1.03052759069E+00,+9.28393226E-03
+73.55000E-06,+1.03929019106E+00,+1.02396355011E+00,+1.02550246512E+00,+15.31408295E-03
+73.57500E-06,+1.03300878414E+00,+1.02396355011E+00,+1.01922105820E+00,+6.89699763E-03
+73.60000E-06,+1.03238064347E+00,+1.29971731602E+00,+1.02110548021E+00,+22.22363062E-03
+73.62500E-06,+1.04368717596E+00,+1.34557158686E+00,+1.06947231394E+00,-2.77636911E-03
+73.65000E-06,+1.03929019106E+00,+1.34996857177E+00,+1.01859291753E+00,+13.05277646E-03
+73.67500E-06,+1.03300878414E+00,+1.34557158686E+00,+1.04999995232E+00,+7.14825390E-03
+73.70000E-06,+1.04368717596E+00,+1.34557158686E+00,+1.01545221397E+00,+5.01257554E-03
+73.72500E-06,+1.06378767826E+00,+1.34682786820E+00,+1.02989945002E+00,+8.78141973E-03
+73.75000E-06,+1.04368717596E+00,+1.37697862165E+00,+1.02989945002E+00,+8.15327902E-03
+73.77500E-06,+1.04494345730E+00,+1.36567208916E+00,+1.02989945002E+00,+10.91709809E-03
+73.80000E-06,+1.03803390971E+00,+1.10373741841E+00,+1.02424618377E+00,-20.23868047E-03
+73.82500E-06,+1.02358667366E+00,+1.04532033374E+00,+1.04874367098E+00,+24.98744970E-03
+73.85000E-06,+1.02358667366E+00,+1.01956656520E+00,+1.00979894772E+00,+2.75126904E-03
+73.87500E-06,+1.03300878414E+00,+1.01328515829E+00,+1.02989945002E+00,+9.03267600E-03
+73.90000E-06,+1.02923993991E+00,+1.00951631405E+00,+1.04999995232E+00,+5.01257554E-03
+73.92500E-06,+1.04305903529E+00,+1.04343591173E+00,+1.02989945002E+00,+5.13820367E-03
+73.95000E-06,+1.02358667366E+00,+1.03966706750E+00,+1.02989945002E+00,+9.91207298E-03
+73.97500E-06,+1.02358667366E+00,+1.02521983145E+00,+1.02047733954E+00,+11.16835436E-03
+74.00000E-06,+1.04368717596E+00,+1.32295852188E+00,+1.04434668607E+00,+23.35428387E-03
+74.02500E-06,+1.00474245271E+00,+1.32547108456E+00,+1.04999995232E+00,-10.81657003E-03
+74.05000E-06,+1.02358667366E+00,+1.37006907406E+00,+1.02989945002E+00,+6.77136950E-03
+74.07500E-06,+1.03300878414E+00,+1.34431530552E+00,+1.04999995232E+00,+9.03267600E-03
+74.10000E-06,+1.00913943761E+00,+1.36567208916E+00,+1.01859291753E+00,+5.01257554E-03
+74.12500E-06,+1.00411431203E+00,+1.36567208916E+00,+1.02927130935E+00,+9.03267600E-03
+74.15000E-06,+1.02358667366E+00,+1.32986806947E+00,+1.00540196282E+00,+6.77136950E-03
+74.17500E-06,+1.01416456318E+00,+1.34557158686E+00,+1.00979894772E+00,+6.89699763E-03
+74.20000E-06,+1.02923993991E+00,+1.11253138822E+00,+1.00414568148E+00,-13.32913280E-03
+74.22500E-06,+1.02421481433E+00,+1.06353641403E+00,+1.03052759069E+00,+28.50503762E-03
+74.25000E-06,+1.01228014117E+00,+1.03966706750E+00,+1.02989945002E+00,+9.03267600E-03
+74.27500E-06,+1.03300878414E+00,+1.03338566058E+00,+1.04057784184E+00,-1.39445955E-03
+74.30000E-06,+1.04368717596E+00,+1.02396355011E+00,+1.02989945002E+00,+14.18342970E-03
+74.32500E-06,+1.02358667366E+00,+1.02396355011E+00,+1.02989945002E+00,+12.80152019E-03
+74.35000E-06,+1.02798365857E+00,+1.02396355011E+00,+1.02989945002E+00,+17.95227390E-03
+74.37500E-06,+1.01290828184E+00,+1.02396355011E+00,+1.02864316868E+00,+11.16835436E-03
+74.40000E-06,+1.03238064347E+00,+1.30851128583E+00,+1.03555271626E+00,+23.35428387E-03
+74.42500E-06,+1.04368717596E+00,+1.32609922523E+00,+1.03052759069E+00,-2.90199725E-03
+74.45000E-06,+1.02358667366E+00,+1.34996857177E+00,+1.01419593263E+00,+9.03267600E-03
+74.47500E-06,+1.03426506548E+00,+1.34557158686E+00,+1.03932156050E+00,+5.26383180E-03
+74.50000E-06,+1.02923993991E+00,+1.37132535540E+00,+1.03555271626E+00,+11.92212321E-03
+74.52500E-06,+1.02358667366E+00,+1.38514445079E+00,+1.03052759069E+00,+5.26383180E-03
+74.55000E-06,+1.03489320615E+00,+1.37006907406E+00,+1.03429643492E+00,+5.89197252E-03
+74.57500E-06,+1.04494345730E+00,+1.36567208916E+00,+1.03932156050E+00,+5.26383180E-03
+74.60000E-06,+1.04934044220E+00,+1.11567209178E+00,+1.02424618377E+00,-16.21858001E-03
+74.62500E-06,+1.02421481433E+00,+1.04469219307E+00,+1.01105522906E+00,+28.88192203E-03
+74.65000E-06,+1.00348617136E+00,+1.02396355011E+00,+1.03429643492E+00,+8.15327902E-03
+74.67500E-06,+1.01290828184E+00,+1.02396355011E+00,+1.02047733954E+00,+3.12815344E-03
+74.70000E-06,+1.00913943761E+00,+1.00951631405E+00,+1.04434668607E+00,+11.29398249E-03
+74.72500E-06,+1.00474245270E+00,+1.02396355011E+00,+1.02927130935E+00,+5.13820367E-03
+74.75000E-06,+1.05939069335E+00,+1.02396355011E+00,+1.02989945002E+00,+9.91207298E-03
+74.77500E-06,+1.01290828184E+00,+1.01454143963E+00,+1.02989945002E+00,+12.80152019E-03
+74.80000E-06,+1.02923993991E+00,+1.30537058227E+00,+1.04999995232E+00,+25.11307783E-03
+74.82500E-06,+1.00411431203E+00,+1.34494344619E+00,+1.02927130935E+00,-6.92209771E-03
+74.85000E-06,+1.04368717596E+00,+1.36127510425E+00,+1.02550246511E+00,+13.05277646E-03
+74.87500E-06,+1.04368717596E+00,+1.35624997868E+00,+1.01922105820E+00,+13.05277646E-03
+74.90000E-06,+1.02358667366E+00,+1.35122485311E+00,+1.02424618377E+00,+6.77136950E-03
+74.92500E-06,+1.04305903529E+00,+1.34619972753E+00,+1.01042708839E+00,+12.92714832E-03
+74.95000E-06,+1.00788315627E+00,+1.36127510425E+00,+1.02550246511E+00,+2.75126904E-03
+74.97500E-06,+1.02484295500E+00,+1.35624997868E+00,+1.02989945002E+00,+6.89699763E-03
+75.00000E-06,+1.03489320615E+00,+1.08112435343E+00,+1.00979894772E+00,-16.21858001E-03
+75.02500E-06,+1.02484295500E+00,+1.06353641403E+00,+1.02989945002E+00,+28.75629389E-03
+75.05000E-06,+1.00788315627E+00,+1.02396355011E+00,+1.04560296741E+00,-3.02762538E-03
+75.07500E-06,+1.04368717596E+00,+1.01328515829E+00,+1.04057784184E+00,+5.01257554E-03
+75.10000E-06,+1.02358667366E+00,+1.02396355011E+00,+1.02989945002E+00,+7.27388203E-03
+75.12500E-06,+1.04305903529E+00,+1.02396355011E+00,+1.04937181165E+00,+13.05277646E-03
+75.15000E-06,+1.02798365857E+00,+1.04406405240E+00,+1.02989945002E+00,+13.93217344E-03
+75.17500E-06,+1.02358667366E+00,+1.03338566058E+00,+1.02047733954E+00,+13.05277646E-03
+75.20000E-06,+1.02923993991E+00,+1.30537058227E+00,+1.02989945002E+00,+33.15327875E-03
+75.22500E-06,+1.04305903529E+00,+1.34494344619E+00,+1.04937181165E+00,-7.04772584E-03
+75.25000E-06,+1.03238064347E+00,+1.34557158686E+00,+1.01419593263E+00,+19.33418341E-03
+75.27500E-06,+1.03300878414E+00,+1.34557158686E+00,+1.01922105820E+00,+11.16835436E-03
+75.30000E-06,+1.02923993991E+00,+1.34557158686E+00,+1.02989945002E+00,+6.14322879E-03
+75.32500E-06,+1.02358667366E+00,+1.36567208916E+00,+1.04937181165E+00,+5.26383180E-03
+75.35000E-06,+1.02798365857E+00,+1.34996857177E+00,+1.03429643492E+00,+2.75126904E-03
+75.37500E-06,+1.03426506548E+00,+1.36567208916E+00,+1.03932156050E+00,+9.03267600E-03
+75.40000E-06,+1.03803390972E+00,+1.11818465446E+00,+1.00979894772E+00,-13.32913280E-03
+75.42500E-06,+1.02358667366E+00,+1.04406405240E+00,+1.02864316868E+00,+24.86182157E-03
+75.45000E-06,+1.02358667366E+00,+1.03966706750E+00,+1.00979894772E+00,+4.13317856E-03
+75.47500E-06,+1.04368717596E+00,+1.04532033374E+00,+1.02047733954E+00,+5.01257554E-03
+75.50000E-06,+1.00034546780E+00,+1.00951631405E+00,+1.01545221397E+00,+9.03267600E-03
+75.52500E-06,+1.02358667366E+00,+1.00449118848E+00,+1.01042708839E+00,+16.82162065E-03
+75.55000E-06,+1.02358667366E+00,+1.01265701762E+00,+1.01859291753E+00,+12.17337947E-03
+75.57500E-06,+1.04368717596E+00,+1.03338566059E+00,+1.04057784184E+00,+10.91709809E-03
+75.60000E-06,+1.04682787953E+00,+1.32861178813E+00,+1.04999995232E+00,+22.22363062E-03
+75.62500E-06,+1.04431531663E+00,+1.34494344619E+00,+1.04937181165E+00,-2.77636911E-03
+75.65000E-06,+1.03929019105E+00,+1.34996857177E+00,+1.02989945002E+00,+15.31408295E-03
+75.67500E-06,+1.02233039232E+00,+1.36567208916E+00,+1.00979894772E+00,+10.91709809E-03
+75.70000E-06,+1.00913943761E+00,+1.34557158686E+00,+1.03555271626E+00,+9.03267600E-03
+75.72500E-06,+1.02358667366E+00,+1.34557158686E+00,+1.01042708839E+00,+5.13820367E-03
+75.75000E-06,+1.02358667366E+00,+1.34557158686E+00,+1.02550246511E+00,+9.03267600E-03
+75.77500E-06,+1.00348617136E+00,+1.34557158686E+00,+1.02989945002E+00,+6.64574137E-03
+75.80000E-06,+1.04368717596E+00,+1.10122485573E+00,+1.02424618378E+00,-15.08792676E-03
+75.82500E-06,+1.02358667366E+00,+1.04469219307E+00,+1.02989945002E+00,+24.98744970E-03
+75.85000E-06,+1.00788315627E+00,+1.01956656520E+00,+1.04560296741E+00,+1.87187206E-03
+75.87500E-06,+1.01416456318E+00,+1.03338566059E+00,+1.03932156050E+00,+4.76131927E-03
+75.90000E-06,+1.03489320615E+00,+1.03527008259E+00,+1.03555271626E+00,+11.29398249E-03
+75.92500E-06,+1.06190325625E+00,+1.02459169077E+00,+1.04937181165E+00,+12.92714832E-03
+75.95000E-06,+1.04368717596E+00,+1.03966706750E+00,+1.01419593263E+00,+20.21358039E-03
+75.97500E-06,+1.04368717596E+00,+1.03338566059E+00,+1.01922105820E+00,+13.05277646E-03
+76.00000E-06,+1.02358667366E+00,+1.31416455208E+00,+1.02110548021E+00,+23.35428387E-03
+76.02500E-06,+1.02358667366E+00,+1.34557158686E+00,+1.03052759069E+00,-3.02762538E-03
+76.05000E-06,+1.02798365857E+00,+1.36567208916E+00,+994.09543033E-03,+9.03267600E-03
+76.07500E-06,+1.02358667366E+00,+1.35624997868E+00,+1.04057784184E+00,+5.01257554E-03
+76.10000E-06,+1.02923993991E+00,+1.35122485311E+00,+1.03555271626E+00,+11.92212321E-03
+76.12500E-06,+1.02358667366E+00,+1.36504394849E+00,+1.04937181165E+00,+8.90704786E-03
+76.15000E-06,+1.00788315627E+00,+1.36567208916E+00,+1.02550246511E+00,+2.75126904E-03
+76.17500E-06,+1.03426506548E+00,+1.36567208916E+00,+1.02989945002E+00,+5.01257554E-03
+76.20000E-06,+1.04368717596E+00,+1.11567209178E+00,+1.02424618378E+00,-16.21858001E-03
+76.22500E-06,+1.02421481433E+00,+1.06290827336E+00,+1.02927130935E+00,+24.98744970E-03
+76.25000E-06,+1.03489320615E+00,+1.02396355011E+00,+1.03429643492E+00,-2.14822840E-03
+76.27500E-06,+1.02233039232E+00,+1.03338566059E+00,+1.02864316868E+00,+8.78141973E-03
+76.30000E-06,+1.01479270385E+00,+1.02396355011E+00,+1.01545221396E+00,+7.90202275E-03
+76.32500E-06,+1.04305903529E+00,+1.04343591173E+00,+1.02927130935E+00,+9.15830413E-03
+76.35000E-06,+1.02798365857E+00,+1.01956656520E+00,+1.03429643492E+00,+9.03267600E-03
+76.37500E-06,+1.03426506548E+00,+1.01454143963E+00,+1.04057784184E+00,+14.93719855E-03
+76.40000E-06,+1.04368717596E+00,+1.31981781832E+00,+1.03555271626E+00,+22.22363062E-03
+76.42500E-06,+1.02484295500E+00,+1.32609922523E+00,+1.02989945002E+00,-6.67084144E-03
+76.45000E-06,+1.05059672354E+00,+1.36127510425E+00,+1.04560296741E+00,+16.19347993E-03
+76.47500E-06,+1.03300878414E+00,+1.33614947638E+00,+1.02047733954E+00,+17.32413318E-03
+76.50000E-06,+1.02358667366E+00,+1.35122485311E+00,+1.02989945002E+00,+6.14322879E-03
+76.52500E-06,+1.04305903529E+00,+1.38451631012E+00,+1.00979894772E+00,+9.03267600E-03
+76.55000E-06,+1.02358667366E+00,+1.36567208916E+00,+1.01419593263E+00,+8.15327902E-03
+76.57500E-06,+1.02358667366E+00,+1.34557158686E+00,+1.01922105820E+00,+9.03267600E-03
+76.60000E-06,+1.01479270385E+00,+1.11253138821E+00,+1.00979894772E+00,-13.32913280E-03
+76.62500E-06,+1.04305903529E+00,+1.06416455470E+00,+1.02989945002E+00,+24.61056530E-03
+76.65000E-06,+1.04368717596E+00,+1.01956656520E+00,+1.04560296741E+00,+5.01257554E-03
+76.67500E-06,+1.03300878414E+00,+1.02396355011E+00,+1.03932156050E+00,+7.14825390E-03
+76.70000E-06,+1.03803390972E+00,+1.04406405240E+00,+1.05565321856E+00,+7.27388203E-03
+76.72500E-06,+1.04243089462E+00,+1.04406405240E+00,+1.02989945002E+00,+12.92714832E-03
+76.75000E-06,+1.03238064347E+00,+1.01265701762E+00,+1.02989945002E+00,+13.05277646E-03
+76.77500E-06,+1.03426506548E+00,+1.02396355011E+00,+1.02989945002E+00,+13.05277646E-03
+76.80000E-06,+1.03803390972E+00,+1.29406404978E+00,+1.01545221396E+00,+23.35428387E-03
+76.82500E-06,+1.02421481433E+00,+1.32547108456E+00,+1.04874367098E+00,-3.02762538E-03
+76.85000E-06,+1.05499370844E+00,+1.34996857177E+00,+1.03429643492E+00,+13.05277646E-03
+76.87500E-06,+1.02358667366E+00,+1.35624997868E+00,+1.01922105820E+00,+9.28393226E-03
+76.90000E-06,+1.02923993990E+00,+1.34557158686E+00,+1.01545221396E+00,+7.90202275E-03
+76.92500E-06,+1.02421481433E+00,+1.34682786820E+00,+1.03052759069E+00,+8.90704786E-03
+76.95000E-06,+1.01918968876E+00,+1.36127510425E+00,+1.02989945002E+00,+2.75126904E-03
+76.97500E-06,+1.03426506548E+00,+1.35624997868E+00,+1.02989945002E+00,+7.14825390E-03
+77.00000E-06,+1.04934044220E+00,+1.12132535802E+00,+1.00414568148E+00,-12.19847955E-03
+77.02500E-06,+1.04305903529E+00,+1.06353641403E+00,+1.00979894772E+00,+28.88192203E-03
+77.05000E-06,+1.02358667366E+00,+1.01956656520E+00,+1.02550246511E+00,+4.13317856E-03
+77.07500E-06,+1.03300878414E+00,+1.00260676647E+00,+1.01922105820E+00,+6.89699763E-03
+77.10000E-06,+1.02358667366E+00,+1.04406405240E+00,+1.03555271626E+00,+9.03267600E-03
+77.12500E-06,+1.02421481433E+00,+1.04406405240E+00,+1.02989945002E+00,+9.03267600E-03
+77.15000E-06,+1.04368717596E+00,+1.00826003271E+00,+1.02989945002E+00,+13.05277646E-03
+77.17500E-06,+1.03426506548E+00,+1.02396355011E+00,+1.02989945002E+00,+7.14825390E-03
+77.20000E-06,+1.02923993990E+00,+1.26516957767E+00,+1.04999995232E+00,+28.00252505E-03
+77.22500E-06,+1.06315953759E+00,+1.32547108456E+00,+1.04937181165E+00,-10.81657003E-03
+77.25000E-06,+1.03929019105E+00,+1.34117460196E+00,+1.02989945002E+00,+9.03267600E-03
+77.27500E-06,+1.05310928644E+00,+1.34431530553E+00,+1.04057784184E+00,+9.28393226E-03
+77.30000E-06,+1.02044597009E+00,+1.35436555667E+00,+1.03869341983E+00,+10.16332924E-03
+77.32500E-06,+1.04243089462E+00,+1.36567208916E+00,+1.02989945002E+00,+16.69599251E-03
+77.35000E-06,+1.02798365857E+00,+1.38137560655E+00,+1.02989945002E+00,+992.47508E-06
+77.37500E-06,+1.02358667366E+00,+1.34431530553E+00,+1.01922105820E+00,+5.26383180E-03
+77.40000E-06,+1.04934044220E+00,+1.12132535802E+00,+1.01545221396E+00,-20.23868047E-03
+77.42500E-06,+1.04431531663E+00,+1.04532033374E+00,+1.01168336973E+00,+21.09297737E-03
+77.45000E-06,+1.05939069335E+00,+1.02836053501E+00,+1.04560296741E+00,-6.16832886E-03
+77.47500E-06,+1.02358667366E+00,+1.03464194192E+00,+1.04057784184E+00,+6.89699763E-03
+77.50000E-06,+1.02923993990E+00,+1.03841078616E+00,+1.02989945002E+00,+9.03267600E-03
+77.52500E-06,+1.04243089462E+00,+1.02459169077E+00,+1.05062809298E+00,+16.94724878E-03
+77.55000E-06,+1.02798365857E+00,+1.03966706750E+00,+1.01419593263E+00,+25.11307783E-03
+77.57500E-06,+1.02484295500E+00,+1.01328515829E+00,+999.12055590E-03,-891.94702E-06
+77.60000E-06,+1.02923993990E+00,+1.29971731603E+00,+1.01545221396E+00,+33.78141947E-03
+77.62500E-06,+1.02421481433E+00,+1.34494344619E+00,+1.07072859528E+00,-3.02762538E-03
+77.65000E-06,+1.03929019105E+00,+1.36127510425E+00,+1.04560296741E+00,+5.89197252E-03
+77.67500E-06,+1.04368717596E+00,+1.33614947638E+00,+1.01922105820E+00,+7.14825390E-03
+77.70000E-06,+1.06692838183E+00,+1.35122485310E+00,+1.01545221396E+00,+13.05277646E-03
+77.72500E-06,+1.02358667366E+00,+1.36567208916E+00,+1.06947231395E+00,+4.88694740E-03
+77.75000E-06,+1.00348617136E+00,+1.34117460196E+00,+1.01859291753E+00,+5.01257554E-03
+77.77500E-06,+1.03426506548E+00,+1.34557158686E+00,+1.01922105820E+00,+7.39951017E-03
+77.80000E-06,+1.04368717596E+00,+1.11253138821E+00,+1.02989945002E+00,-15.08792676E-03
+77.82500E-06,+1.02421481433E+00,+1.06416455470E+00,+1.02989945002E+00,+28.63066576E-03
+77.85000E-06,+1.00788315627E+00,+1.02396355011E+00,+1.05439693722E+00,+992.47508E-06
+77.87500E-06,+1.04368717596E+00,+1.02396355011E+00,+1.02047733954E+00,+10.91709809E-03
+77.90000E-06,+1.00913943761E+00,+1.03275751992E+00,+1.00979894772E+00,+7.90202275E-03
+77.92500E-06,+1.02358667366E+00,+1.02396355011E+00,+1.02927130935E+00,+9.03267600E-03
+77.95000E-06,+1.02358667366E+00,+1.02396355011E+00,+1.03429643493E+00,+9.91207298E-03
+77.97500E-06,+1.02358667366E+00,+1.02396355011E+00,+1.04057784184E+00,+13.05277646E-03
+78.00000E-06,+1.03803390972E+00,+1.31981781832E+00,+1.04999995232E+00,+27.37438433E-03
+78.02500E-06,+1.02358667366E+00,+1.34619972753E+00,+1.04999995232E+00,-2.90199725E-03
+78.05000E-06,+1.02798365857E+00,+1.36567208916E+00,+1.03429643493E+00,+5.89197252E-03
+78.07500E-06,+1.02233039233E+00,+1.33614947638E+00,+1.02989945002E+00,+9.03267600E-03
+78.10000E-06,+1.02923993990E+00,+1.35122485310E+00,+1.04434668607E+00,+11.92212321E-03
+78.12500E-06,+1.02421481433E+00,+1.36567208916E+00,+1.01042708839E+00,+9.15830413E-03
+78.15000E-06,+1.04368717596E+00,+1.36567208916E+00,+1.01419593263E+00,+8.15327902E-03
+78.17500E-06,+1.01542084452E+00,+1.35624997868E+00,+1.04057784184E+00,+4.76131927E-03
+78.20000E-06,+1.04368717596E+00,+1.10373741839E+00,+1.00414568148E+00,-6.41958513E-03
+78.22500E-06,+1.04431531663E+00,+1.04469219307E+00,+1.03052759069E+00,+24.86182157E-03
+78.25000E-06,+1.04368717596E+00,+996.95350023E-03,+1.04999995232E+00,+1.87187206E-03
+78.27500E-06,+1.02358667366E+00,+1.02396355011E+00,+1.04057784184E+00,+2.87689717E-03
+78.30000E-06,+1.02923993990E+00,+1.02961681635E+00,+1.03555271626E+00,+13.05277646E-03
+78.32500E-06,+1.04243089462E+00,+1.02459169077E+00,+1.02927130935E+00,+5.13820367E-03
+78.35000E-06,+1.02358667366E+00,+1.02396355011E+00,+1.03429643493E+00,+13.05277646E-03
+78.37500E-06,+1.04368717596E+00,+1.02396355011E+00,+1.02989945002E+00,+13.05277646E-03
+78.40000E-06,+1.05248114577E+00,+1.30851128584E+00,+1.02989945002E+00,+25.11307783E-03
+78.42500E-06,+1.02484295500E+00,+1.34557158686E+00,+1.03052759069E+00,-6.79646957E-03
+78.45000E-06,+1.02358667366E+00,+1.36567208916E+00,+1.02989945002E+00,+13.05277646E-03
+78.47500E-06,+1.02358667366E+00,+1.31604897408E+00,+1.04057784184E+00,+13.05277646E-03
+78.50000E-06,+1.00913943761E+00,+1.35122485310E+00,+1.03555271626E+00,+5.01257554E-03
+78.52500E-06,+1.04368717596E+00,+1.38451631012E+00,+1.02927130935E+00,+5.13820367E-03
+78.55000E-06,+1.02358667366E+00,+1.37006907407E+00,+1.01419593263E+00,+992.47508E-06
+78.57500E-06,+1.04368717596E+00,+1.35499369734E+00,+1.03932156050E+00,+5.26383180E-03
+78.60000E-06,+1.05813441201E+00,+1.10687812196E+00,+1.00414568148E+00,-12.19847955E-03
+78.62500E-06,+1.04368717596E+00,+1.06353641403E+00,+1.04874367098E+00,+24.73619343E-03
+78.65000E-06,+1.02358667366E+00,+999.46606290E-03,+1.02989945002E+00,+4.13317856E-03
+78.67500E-06,+1.01416456318E+00,+1.03338566059E+00,+1.00979894772E+00,+10.91709809E-03
+78.70000E-06,+1.01479270385E+00,+1.03841078616E+00,+1.01545221396E+00,+11.92212321E-03
+78.72500E-06,+1.02358667366E+00,+1.00449118848E+00,+1.00979894772E+00,+9.15830413E-03
+78.75000E-06,+1.02798365857E+00,+1.02836053501E+00,+1.02550246511E+00,+9.03267600E-03
+78.77500E-06,+1.02358667366E+00,+1.01454143962E+00,+1.04057784183E+00,+11.16835436E-03
+78.80000E-06,+1.03803390972E+00,+1.32861178814E+00,+1.04434668607E+00,+19.96232413E-03
+78.82500E-06,+1.04368717596E+00,+1.34494344619E+00,+1.04999995232E+00,-10.81657003E-03
+78.85000E-06,+1.03929019105E+00,+1.36127510425E+00,+1.03429643493E+00,+9.03267600E-03
+78.87500E-06,+1.03300878414E+00,+1.36567208916E+00,+1.01922105820E+00,+13.30403272E-03
+78.90000E-06,+1.00913943761E+00,+1.36567208916E+00,+1.02424618378E+00,+14.18342970E-03
+78.92500E-06,+1.04243089462E+00,+1.34557158686E+00,+1.04937181165E+00,+5.13820367E-03
+78.95000E-06,+1.03929019105E+00,+1.36127510425E+00,+998.49241524E-03,+113.07810E-06
+78.97500E-06,+1.01416456318E+00,+1.35624997868E+00,+1.00979894772E+00,+4.76131927E-03
+79.00000E-06,+1.02358667366E+00,+1.09808415215E+00,+1.00414568148E+00,-12.19847955E-03
+79.02500E-06,+1.02358667366E+00,+1.04469219307E+00,+1.02927130935E+00,+24.73619343E-03
+79.05000E-06,+1.04368717596E+00,+1.02396355011E+00,+1.02989945002E+00,+2.75126904E-03
+79.07500E-06,+1.03300878414E+00,+1.03338566059E+00,+1.03932156050E+00,+7.14825390E-03
+79.10000E-06,+1.04368717596E+00,+1.00951631405E+00,+1.02989945002E+00,+9.03267600E-03
+79.12500E-06,+1.04305903529E+00,+1.00449118848E+00,+1.02927130935E+00,+9.28393226E-03
+79.15000E-06,+1.02798365857E+00,+1.00826003272E+00,+1.02550246511E+00,+16.19347993E-03
+79.17500E-06,+1.04368717596E+00,+1.03464194192E+00,+1.01922105820E+00,+7.14825390E-03
+79.20000E-06,+1.02358667366E+00,+1.30851128584E+00,+1.02989945002E+00,+29.13317829E-03
+79.22500E-06,+1.02358667366E+00,+1.32484294390E+00,+1.03052759069E+00,-10.81657003E-03
+79.25000E-06,+1.02798365857E+00,+1.36127510425E+00,+1.03680899759E+00,+6.77136950E-03
+79.27500E-06,+1.02358667366E+00,+1.35624997868E+00,+1.02989945002E+00,+7.14825390E-03
+79.30000E-06,+1.01793340742E+00,+1.36567208916E+00,+1.03555271626E+00,+5.01257554E-03
+79.32500E-06,+1.02358667366E+00,+1.34557158686E+00,+1.02989945002E+00,+5.13820367E-03
+79.35000E-06,+1.04368717596E+00,+1.36567208916E+00,+1.03429643493E+00,+1.87187206E-03
+79.37500E-06,+1.02484295500E+00,+1.35624997868E+00,+1.03115573135E+00,+3.37940971E-03
+79.40000E-06,+1.04934044220E+00,+1.08112435342E+00,+1.00979894772E+00,-12.19847955E-03
+79.42500E-06,+1.02358667366E+00,+1.06416455470E+00,+1.02927130935E+00,+28.75629389E-03
+79.45000E-06,+1.03489320614E+00,+1.02836053501E+00,+1.02989945002E+00,-3.90702236E-03
+79.47500E-06,+1.03300878414E+00,+1.03464194192E+00,+1.02047733954E+00,+10.91709809E-03
+79.50000E-06,+1.00913943761E+00,+1.03841078616E+00,+1.05879392213E+00,+5.01257554E-03
+79.52500E-06,+1.02358667366E+00,+1.02396355011E+00,+1.01042708839E+00,+16.94724878E-03
+79.55000E-06,+1.03929019105E+00,+1.02396355011E+00,+1.02989945002E+00,+5.89197252E-03
+79.57500E-06,+1.04368717596E+00,+1.02396355011E+00,+1.04183412317E+00,+10.91709809E-03
+79.60000E-06,+1.04368717596E+00,+1.29971731603E+00,+1.04999995232E+00,+25.11307783E-03
+79.62500E-06,+1.04368717596E+00,+1.34557158686E+00,+1.03052759069E+00,-6.79646957E-03
+79.65000E-06,+1.05059672353E+00,+1.36127510425E+00,+1.03429643493E+00,+9.03267600E-03
+79.67500E-06,+1.02358667366E+00,+1.35499369734E+00,+1.02047733954E+00,+13.30403272E-03
+79.70000E-06,+1.02358667366E+00,+1.36001882292E+00,+1.01859291754E+00,+9.03267600E-03
+79.72500E-06,+1.04243089463E+00,+1.36504394849E+00,+1.01105522906E+00,+9.03267600E-03
+79.75000E-06,+1.00788315627E+00,+1.36567208916E+00,+1.00979894772E+00,+5.89197252E-03
+79.77500E-06,+1.01416456318E+00,+1.36567208916E+00,+1.03932156050E+00,+3.12815344E-03
+79.80000E-06,+1.02923993990E+00,+1.10373741839E+00,+1.02424618378E+00,-16.21858001E-03
+79.82500E-06,+1.02358667366E+00,+1.04406405240E+00,+1.01042708839E+00,+28.63066576E-03
+79.85000E-06,+1.00788315627E+00,+1.01956656520E+00,+1.02550246511E+00,+992.47508E-06
+79.87500E-06,+1.04368717596E+00,+1.03338566059E+00,+1.02989945002E+00,+6.89699763E-03
+79.90000E-06,+1.02358667366E+00,+1.02396355011E+00,+1.04434668608E+00,+7.90202275E-03
+79.92500E-06,+1.04431531663E+00,+1.02396355011E+00,+1.02989945002E+00,+9.15830413E-03
+79.95000E-06,+1.02358667366E+00,+1.02396355011E+00,+1.02989945002E+00,+15.31408295E-03
+79.97500E-06,+1.02484295500E+00,+1.06542083603E+00,+1.01922105820E+00,+14.93719855E-03
+80.00000E-06,+1.03238064348E+00,+1.29406404979E+00,+1.01545221396E+00,+30.26383154E-03
+80.02500E-06,+1.04368717596E+00,+1.30599872293E+00,+1.01042708839E+00,-3.02762538E-03
+80.05000E-06,+1.02798365857E+00,+1.35436555668E+00,+1.04999995232E+00,+10.79146996E-03
+80.07500E-06,+1.03300878414E+00,+1.36441580783E+00,+1.02989945002E+00,+15.43971109E-03
+80.10000E-06,+1.04368717596E+00,+1.35122485310E+00,+1.02424618378E+00,+9.03267600E-03
+80.12500E-06,+1.04305903529E+00,+1.36504394849E+00,+1.03052759069E+00,+5.13820367E-03
+80.15000E-06,+1.02798365857E+00,+1.38137560655E+00,+1.01859291754E+00,+7.27388203E-03
+80.17500E-06,+1.02358667366E+00,+1.35624997868E+00,+1.03932156050E+00,+3.12815344E-03
+80.20000E-06,+1.03803390972E+00,+1.12132535802E+00,+1.02424618378E+00,-19.10802722E-03
+80.22500E-06,+1.04305903529E+00,+1.06353641403E+00,+1.00979894772E+00,+20.84172111E-03
+80.25000E-06,+1.03929019105E+00,+1.02836053501E+00,+1.02989945002E+00,-6.16832886E-03
+80.27500E-06,+1.03300878414E+00,+1.03464194192E+00,+1.00979894772E+00,+7.14825390E-03
+80.30000E-06,+1.02923993990E+00,+1.02961681635E+00,+1.02110548020E+00,+9.03267600E-03
+80.32500E-06,+1.02358667366E+00,+1.00449118847E+00,+1.02989945002E+00,+9.15830413E-03
+80.35000E-06,+1.02358667366E+00,+1.01265701762E+00,+1.02989945002E+00,+10.79146996E-03
+80.37500E-06,+1.05310928644E+00,+1.02396355011E+00,+1.03115573135E+00,+16.82162065E-03
